avg_loss_pct,avg_win_pct,consistency_score,final_capital,hard_sl_pct,max_drawdown_pct,min_confidence,note,profitable_months,return_pct,risk_per_trade_pct,time_stop_minutes,total_months,trade_count,win_rate
7.169,9.331,0.0,13385.63,5.0,82.368,0.8,,3,-73.229,1,5,13,2491,0.4308
7.349,9.732,0.0,30750.44,5.0,65.284,0.85,,8,-38.499,1,5,13,1652,0.4298
7.316,9.92,0.0,38547.56,5.0,50.875,0.9,,6,-22.905,1,5,13,1270,0.4291
7.464,9.807,0.0,40033.31,5.0,51.968,0.95,,7,-19.933,1,5,13,955,0.4346
7.954,10.179,0.0,47133.94,5.0,45.878,1.0,,7,-5.732,1,5,13,677,0.4446
7.3,9.626,0.0,3558.94,5.0,96.199,0.8,,2,-92.882,2,5,9,1588,0.4219
7.349,9.732,0.0,5798.5,5.0,93.834,0.85,,6,-88.403,2,5,13,1652,0.4298
7.316,9.92,0.0,14024.38,5.0,86.403,0.9,,6,-71.951,2,5,13,1270,0.4291
7.464,9.807,0.0,18965.5,5.0,85.675,0.95,,6,-62.069,2,5,13,955,0.4346
7.954,10.179,0.0,24224.69,5.0,77.954,1.0,,5,-51.551,2,5,13,677,0.4446
6.576,8.106,0.0,2301.13,5.0,98.026,0.8,,1,-95.398,3,5,6,1069,0.421
7.385,9.898,0.0,2188.25,5.0,97.717,0.85,,3,-95.623,3,5,7,890,0.4191
7.597,10.462,0.0,2439.81,5.0,96.724,0.9,,2,-95.12,3,5,9,793,0.4136
7.464,9.807,0.0,3681.44,5.0,96.928,0.95,,5,-92.637,3,5,13,955,0.4346
7.954,10.179,0.0,7010.81,5.0,93.035,1.0,,5,-85.978,3,5,13,677,0.4446
6.576,8.111,0.0,1772.63,5.0,98.753,0.8,,1,-96.455,4,5,4,566,0.4064
7.196,9.903,0.0,1705.25,5.0,98.442,0.85,,2,-96.589,4,5,7,867,0.4198
6.979,10.105,0.0,1742.44,5.0,97.887,0.9,,2,-96.515,4,5,7,632,0.413
7.669,10.127,0.0,1786.63,5.0,98.601,0.95,,2,-96.427,4,5,8,591,0.4213
8.061,10.383,0.0,1597.19,5.0,98.311,1.0,,2,-96.806,4,5,8,413,0.4286
6.691,7.451,0.0,1115.94,5.0,99.34,0.8,,0,-97.768,5,5,3,424,0.4245
6.587,8.218,0.0,1478.63,5.0,98.788,0.85,,1,-97.043,5,5,4,406,0.4039
6.541,8.563,0.0,1483.88,5.0,98.358,0.9,,1,-97.032,5,5,6,535,0.4131
7.184,9.673,0.0,1181.13,5.0,99.216,0.95,,2,-97.638,5,5,7,491,0.4114
7.391,9.517,0.0,1275.19,5.0,98.816,1.0,,2,-97.45,5,5,7,344,0.4128
6.691,7.451,0.0,1115.94,5.0,99.34,0.8,,0,-97.768,6,5,3,424,0.4245
6.587,8.218,0.0,1478.63,5.0,98.788,0.85,,1,-97.043,6,5,4,406,0.4039
6.541,8.563,0.0,1483.88,5.0,98.358,0.9,,1,-97.032,6,5,6,535,0.4131
7.184,9.673,0.0,1181.13,5.0,99.216,0.95,,2,-97.638,6,5,7,491,0.4114
7.391,9.517,0.0,1275.19,5.0,98.816,1.0,,2,-97.45,6,5,7,344,0.4128
6.691,7.451,0.0,1115.94,5.0,99.34,0.8,,0,-97.768,7,5,3,424,0.4245
6.587,8.218,0.0,1478.63,5.0,98.788,0.85,,1,-97.043,7,5,4,406,0.4039
6.541,8.563,0.0,1483.88,5.0,98.358,0.9,,1,-97.032,7,5,6,535,0.4131
7.184,9.673,0.0,1181.13,5.0,99.216,0.95,,2,-97.638,7,5,7,491,0.4114
7.391,9.517,0.0,1275.19,5.0,98.816,1.0,,2,-97.45,7,5,7,344,0.4128
6.691,7.451,0.0,1115.94,5.0,99.34,0.8,,0,-97.768,8,5,3,424,0.4245
6.587,8.218,0.0,1478.63,5.0,98.788,0.85,,1,-97.043,8,5,4,406,0.4039
6.541,8.563,0.0,1483.88,5.0,98.358,0.9,,1,-97.032,8,5,6,535,0.4131
7.184,9.673,0.0,1181.13,5.0,99.216,0.95,,2,-97.638,8,5,7,491,0.4114
7.391,9.517,0.0,1275.19,5.0,98.816,1.0,,2,-97.45,8,5,7,344,0.4128
6.691,7.451,0.0,1115.94,5.0,99.34,0.8,,0,-97.768,9,5,3,424,0.4245
6.587,8.218,0.0,1478.63,5.0,98.788,0.85,,1,-97.043,9,5,4,406,0.4039
6.541,8.563,0.0,1483.88,5.0,98.358,0.9,,1,-97.032,9,5,6,535,0.4131
7.184,9.673,0.0,1181.13,5.0,99.216,0.95,,2,-97.638,9,5,7,491,0.4114
7.391,9.517,0.0,1275.19,5.0,98.816,1.0,,2,-97.45,9,5,7,344,0.4128
6.691,7.451,0.0,1115.94,5.0,99.34,0.8,,0,-97.768,10,5,3,424,0.4245
6.587,8.218,0.0,1478.63,5.0,98.788,0.85,,1,-97.043,10,5,4,406,0.4039
6.541,8.563,0.0,1483.88,5.0,98.358,0.9,,1,-97.032,10,5,6,535,0.4131
7.184,9.673,0.0,1181.13,5.0,99.216,0.95,,2,-97.638,10,5,7,491,0.4114
7.391,9.517,0.0,1275.19,5.0,98.816,1.0,,2,-97.45,10,5,7,344,0.4128
7.625,9.269,0.0,18766.44,5.0,74.759,0.8,,4,-62.467,1,10,13,2476,0.4467
7.809,9.608,0.0,25045.0,5.0,70.091,0.85,,6,-49.91,1,10,13,1647,0.4457
7.816,9.784,0.0,41996.81,5.0,51.246,0.9,,6,-16.006,1,10,13,1266,0.4487
7.987,9.666,0.0,45527.44,5.0,51.718,0.95,,6,-8.945,1,10,13,950,0.4558
8.329,9.981,0.0,48229.44,5.0,44.313,1.0,,7,-3.541,1,10,13,676,0.463
7.774,9.58,0.0,3735.25,5.0,95.609,0.8,,2,-92.53,2,10,9,1592,0.4397
7.809,9.608,0.0,6625.38,5.0,93.919,0.85,,6,-86.749,2,10,13,1647,0.4457
7.816,9.784,0.0,12721.06,5.0,86.784,0.9,,5,-74.558,2,10,13,1266,0.4487
7.987,9.666,0.0,20939.06,5.0,84.386,0.95,,4,-58.122,2,10,13,950,0.4558
8.329,9.981,0.0,31722.56,5.0,72.922,1.0,,6,-36.555,2,10,13,676,0.463
7.134,8.084,0.0,2279.69,5.0,97.807,0.8,,1,-95.441,3,10,6,1059,0.4438
7.893,9.734,0.0262,2445.06,5.0,97.257,0.85,,2,-95.11,3,10,7,899,0.4372
8.087,10.317,0.0,2444.63,5.0,96.802,0.9,,2,-95.111,3,10,9,812,0.4347
7.987,9.666,0.0,4040.63,5.0,97.017,0.95,,4,-91.919,3,10,13,950,0.4558
8.329,9.981,0.0,9841.88,5.0,92.875,1.0,,6,-80.316,3,10,13,676,0.463
7.115,8.294,0.0,1771.31,5.0,98.551,0.8,,0,-96.457,4,10,4,559,0.4275
7.721,9.757,0.004,1568.75,5.0,98.421,0.85,,1,-96.862,4,10,7,863,0.4403
7.778,10.024,0.0,1357.44,5.0,98.382,0.9,,2,-97.285,4,10,7,645,0.4372
8.274,9.983,0.0,1576.63,5.0,98.815,0.95,,2,-96.847,4,10,9,589,0.4465
8.542,10.086,0.0,1793.19,5.0,98.135,1.0,,2,-96.414,4,10,8,422,0.4502
7.347,7.729,0.0,1492.62,5.0,98.918,0.8,,0,-97.015,5,10,3,419,0.4487
7.118,8.29,0.0,1471.63,5.0,98.64,0.85,,0,-97.057,5,10,4,437,0.4256
7.516,9.923,0.0,201.13,5.0,99.782,0.9,,1,-99.598,5,10,7,628,0.4395
7.789,9.529,0.0,1370.56,5.0,99.136,0.95,,2,-97.259,5,10,7,486,0.4424
7.879,9.288,0.0,1360.06,5.0,98.769,1.0,,2,-97.28,5,10,7,343,0.4402
7.347,7.729,0.0,1492.62,5.0,98.918,0.8,,0,-97.015,6,10,3,419,0.4487
7.118,8.29,0.0,1471.63,5.0,98.64,0.85,,0,-97.057,6,10,4,437,0.4256
7.516,9.923,0.0,201.13,5.0,99.782,0.9,,1,-99.598,6,10,7,628,0.4395
7.789,9.529,0.0,1370.56,5.0,99.136,0.95,,2,-97.259,6,10,7,486,0.4424
7.879,9.288,0.0,1360.06,5.0,98.769,1.0,,2,-97.28,6,10,7,343,0.4402
7.347,7.729,0.0,1492.62,5.0,98.918,0.8,,0,-97.015,7,10,3,419,0.4487
7.118,8.29,0.0,1471.63,5.0,98.64,0.85,,0,-97.057,7,10,4,437,0.4256
7.516,9.923,0.0,201.13,5.0,99.782,0.9,,1,-99.598,7,10,7,628,0.4395
7.789,9.529,0.0,1370.56,5.0,99.136,0.95,,2,-97.259,7,10,7,486,0.4424
7.879,9.288,0.0,1360.06,5.0,98.769,1.0,,2,-97.28,7,10,7,343,0.4402
7.347,7.729,0.0,1492.62,5.0,98.918,0.8,,0,-97.015,8,10,3,419,0.4487
7.118,8.29,0.0,1471.63,5.0,98.64,0.85,,0,-97.057,8,10,4,437,0.4256
7.516,9.923,0.0,201.13,5.0,99.782,0.9,,1,-99.598,8,10,7,628,0.4395
7.789,9.529,0.0,1370.56,5.0,99.136,0.95,,2,-97.259,8,10,7,486,0.4424
7.879,9.288,0.0,1360.06,5.0,98.769,1.0,,2,-97.28,8,10,7,343,0.4402
7.347,7.729,0.0,1492.62,5.0,98.918,0.8,,0,-97.015,9,10,3,419,0.4487
7.118,8.29,0.0,1471.63,5.0,98.64,0.85,,0,-97.057,9,10,4,437,0.4256
7.516,9.923,0.0,201.13,5.0,99.782,0.9,,1,-99.598,9,10,7,628,0.4395
7.789,9.529,0.0,1370.56,5.0,99.136,0.95,,2,-97.259,9,10,7,486,0.4424
7.879,9.288,0.0,1360.06,5.0,98.769,1.0,,2,-97.28,9,10,7,343,0.4402
7.347,7.729,0.0,1492.62,5.0,98.918,0.8,,0,-97.015,10,10,3,419,0.4487
7.118,8.29,0.0,1471.63,5.0,98.64,0.85,,0,-97.057,10,10,4,437,0.4256
7.516,9.923,0.0,201.13,5.0,99.782,0.9,,1,-99.598,10,10,7,628,0.4395
7.789,9.529,0.0,1370.56,5.0,99.136,0.95,,2,-97.259,10,10,7,486,0.4424
7.879,9.288,0.0,1360.06,5.0,98.769,1.0,,2,-97.28,10,10,7,343,0.4402
7.763,9.322,0.0,12941.12,5.0,81.399,0.8,,3,-74.118,1,15,13,2476,0.4475
7.981,9.667,0.023,20561.5,5.0,71.187,0.85,,5,-58.877,1,15,13,1646,0.4459
7.986,9.784,0.0,34776.31,5.0,51.23,0.9,,6,-30.447,1,15,13,1266,0.4487
8.211,9.666,0.0,32801.88,5.0,57.186,0.95,,5,-34.396,1,15,13,950,0.4558
8.585,9.981,0.0,40718.44,5.0,45.094,1.0,,7,-18.563,1,15,13,676,0.463
7.848,9.733,0.0,3716.87,5.0,95.581,0.8,,2,-92.566,2,15,9,1776,0.4358
7.981,9.667,0.0,5077.06,5.0,94.857,0.85,,4,-89.846,2,15,13,1646,0.4459
7.986,9.784,0.006,7720.88,5.0,89.508,0.9,,4,-84.558,2,15,13,1266,0.4487
8.211,9.666,0.0,13830.13,5.0,86.565,0.95,,3,-72.34,2,15,13,950,0.4558
8.585,9.981,0.0,18853.06,5.0,75.613,1.0,,5,-62.294,2,15,13,676,0.463
7.163,8.083,0.0,2411.37,5.0,97.638,0.8,,1,-95.177,3,15,4,613,0.4225
7.778,9.757,0.0293,2336.13,5.0,97.31,0.85,,2,-95.328,3,15,7,864,0.4398
8.113,10.317,0.0043,2432.38,5.0,96.692,0.9,,2,-95.135,3,15,9,812,0.4347
8.261,9.748,0.0,2448.56,5.0,97.748,0.95,,3,-95.103,3,15,12,929,0.4553
8.585,9.981,0.0,5200.88,5.0,94.05,1.0,,6,-89.598,3,15,13,676,0.463
7.148,8.148,0.0,1853.56,5.0,98.419,0.8,,0,-96.293,4,15,4,551,0.4283
7.265,8.341,0.0,1747.25,5.0,98.195,0.85,,0,-96.505,4,15,6,703,0.4452
7.811,10.024,0.0,1761.25,5.0,97.815,0.9,,1,-96.477,4,15,7,646,0.4365
8.311,9.983,0.0,1622.13,5.0,98.731,0.95,,2,-96.756,4,15,9,589,0.4465
8.586,10.086,0.0,1651.88,5.0,98.256,1.0,,2,-96.696,4,15,8,422,0.4502
7.39,7.616,0.0,1009.19,5.0,99.231,0.8,,0,-97.982,5,15,3,418,0.4474
7.186,8.369,0.0,1454.56,5.0,98.588,0.85,,0,-97.091,5,15,4,429,0.4266
7.21,8.448,0.0,1282.63,5.0,98.547,0.9,,1,-97.435,5,15,6,535,0.4411
7.833,9.529,0.0,1238.0,5.0,99.182,0.95,,2,-97.524,5,15,7,486,0.4424
7.932,9.288,0.0,1200.38,5.0,98.887,1.0,,2,-97.599,5,15,7,343,0.4402
7.39,7.616,0.0,1009.19,5.0,99.231,0.8,,0,-97.982,6,15,3,418,0.4474
7.186,8.369,0.0,1454.56,5.0,98.588,0.85,,0,-97.091,6,15,4,429,0.4266
7.21,8.448,0.0,1282.63,5.0,98.547,0.9,,1,-97.435,6,15,6,535,0.4411
7.833,9.529,0.0,1238.0,5.0,99.182,0.95,,2,-97.524,6,15,7,486,0.4424
7.932,9.288,0.0,1200.38,5.0,98.887,1.0,,2,-97.599,6,15,7,343,0.4402
7.39,7.616,0.0,1009.19,5.0,99.231,0.8,,0,-97.982,7,15,3,418,0.4474
7.186,8.369,0.0,1454.56,5.0,98.588,0.85,,0,-97.091,7,15,4,429,0.4266
7.21,8.448,0.0,1282.63,5.0,98.547,0.9,,1,-97.435,7,15,6,535,0.4411
7.833,9.529,0.0,1238.0,5.0,99.182,0.95,,2,-97.524,7,15,7,486,0.4424
7.932,9.288,0.0,1200.38,5.0,98.887,1.0,,2,-97.599,7,15,7,343,0.4402
7.39,7.616,0.0,1009.19,5.0,99.231,0.8,,0,-97.982,8,15,3,418,0.4474
7.186,8.369,0.0,1454.56,5.0,98.588,0.85,,0,-97.091,8,15,4,429,0.4266
7.21,8.448,0.0,1282.63,5.0,98.547,0.9,,1,-97.435,8,15,6,535,0.4411
7.833,9.529,0.0,1238.0,5.0,99.182,0.95,,2,-97.524,8,15,7,486,0.4424
7.932,9.288,0.0,1200.38,5.0,98.887,1.0,,2,-97.599,8,15,7,343,0.4402
7.39,7.616,0.0,1009.19,5.0,99.231,0.8,,0,-97.982,9,15,3,418,0.4474
7.186,8.369,0.0,1454.56,5.0,98.588,0.85,,0,-97.091,9,15,4,429,0.4266
7.21,8.448,0.0,1282.63,5.0,98.547,0.9,,1,-97.435,9,15,6,535,0.4411
7.833,9.529,0.0,1238.0,5.0,99.182,0.95,,2,-97.524,9,15,7,486,0.4424
7.932,9.288,0.0,1200.38,5.0,98.887,1.0,,2,-97.599,9,15,7,343,0.4402
7.39,7.616,0.0,1009.19,5.0,99.231,0.8,,0,-97.982,10,15,3,418,0.4474
7.186,8.369,0.0,1454.56,5.0,98.588,0.85,,0,-97.091,10,15,4,429,0.4266
7.21,8.448,0.0,1282.63,5.0,98.547,0.9,,1,-97.435,10,15,6,535,0.4411
7.833,9.529,0.0,1238.0,5.0,99.182,0.95,,2,-97.524,10,15,7,486,0.4424
7.932,9.288,0.0,1200.38,5.0,98.887,1.0,,2,-97.599,10,15,7,343,0.4402
7.772,9.329,0.0,13169.5,5.0,81.049,0.8,,3,-73.661,1,20,13,2476,0.4479
7.989,9.667,0.0171,20463.5,5.0,71.205,0.85,,5,-59.073,1,20,13,1646,0.4459
7.997,9.784,0.0,34238.63,5.0,51.751,0.9,,6,-31.523,1,20,13,1266,0.4487
8.226,9.666,0.0,32756.81,5.0,56.628,0.95,,5,-34.486,1,20,13,950,0.4558
8.606,9.981,0.0,40541.25,5.0,45.3,1.0,,7,-18.917,1,20,13,676,0.463
7.848,9.733,0.0,3716.87,5.0,95.581,0.8,,2,-92.566,2,20,9,1776,0.4358
7.989,9.667,0.0,5600.31,5.0,94.821,0.85,,4,-88.799,2,20,13,1646,0.4459
7.997,9.784,0.017,7738.38,5.0,89.482,0.9,,5,-84.523,2,20,13,1266,0.4487
8.226,9.666,0.0,12717.56,5.0,87.533,0.95,,3,-74.565,2,20,13,950,0.4558
8.606,9.981,0.0,18748.06,5.0,75.468,1.0,,5,-62.504,2,20,13,676,0.463
7.163,8.083,0.0,2411.37,5.0,97.638,0.8,,1,-95.177,3,20,4,613,0.4225
7.79,9.757,0.0279,2388.19,5.0,97.25,0.85,,2,-95.224,3,20,7,864,0.4398
8.125,10.317,0.0037,2380.75,5.0,96.762,0.9,,2,-95.238,3,20,9,812,0.4347
8.286,9.773,0.0,2484.44,5.0,97.646,0.95,,3,-95.031,3,20,12,922,0.4555
8.606,9.981,0.0,5220.56,5.0,94.025,1.0,,4,-89.559,3,20,13,676,0.463
7.148,8.148,0.0,1853.56,5.0,98.419,0.8,,0,-96.293,4,20,4,551,0.4283
7.279,8.341,0.0,1699.56,5.0,98.244,0.85,,0,-96.601,4,20,6,703,0.4452
7.827,10.024,0.0,1600.25,5.0,98.015,0.9,,2,-96.799,4,20,7,645,0.4372
7.945,9.53,0.0,1700.0,5.0,98.67,0.95,,2,-96.6,4,20,7,491,0.4399
8.575,10.155,0.0,1721.0,5.0,98.183,1.0,,2,-96.558,4,20,8,412,0.4515
7.39,7.616,0.0,1009.19,5.0,99.231,0.8,,0,-97.982,5,20,3,418,0.4474
7.186,8.369,0.0,1454.56,5.0,98.588,0.85,,0,-97.091,5,20,4,429,0.4266
7.178,8.448,0.0,1475.56,5.0,98.329,0.9,,1,-97.049,5,20,6,531,0.4444
7.855,9.529,0.0,634.25,5.0,99.581,0.95,,2,-98.731,5,20,7,486,0.4424
7.962,9.288,0.0,1068.25,5.0,99.01,1.0,,2,-97.863,5,20,7,343,0.4402
7.39,7.616,0.0,1009.19,5.0,99.231,0.8,,0,-97.982,6,20,3,418,0.4474
7.186,8.369,0.0,1454.56,5.0,98.588,0.85,,0,-97.091,6,20,4,429,0.4266
7.178,8.448,0.0,1475.56,5.0,98.329,0.9,,1,-97.049,6,20,6,531,0.4444
7.855,9.529,0.0,634.25,5.0,99.581,0.95,,2,-98.731,6,20,7,486,0.4424
7.962,9.288,0.0,1068.25,5.0,99.01,1.0,,2,-97.863,6,20,7,343,0.4402
7.39,7.616,0.0,1009.19,5.0,99.231,0.8,,0,-97.982,7,20,3,418,0.4474
7.186,8.369,0.0,1454.56,5.0,98.588,0.85,,0,-97.091,7,20,4,429,0.4266
7.178,8.448,0.0,1475.56,5.0,98.329,0.9,,1,-97.049,7,20,6,531,0.4444
7.855,9.529,0.0,634.25,5.0,99.581,0.95,,2,-98.731,7,20,7,486,0.4424
7.962,9.288,0.0,1068.25,5.0,99.01,1.0,,2,-97.863,7,20,7,343,0.4402
7.39,7.616,0.0,1009.19,5.0,99.231,0.8,,0,-97.982,8,20,3,418,0.4474
7.186,8.369,0.0,1454.56,5.0,98.588,0.85,,0,-97.091,8,20,4,429,0.4266
7.178,8.448,0.0,1475.56,5.0,98.329,0.9,,1,-97.049,8,20,6,531,0.4444
7.855,9.529,0.0,634.25,5.0,99.581,0.95,,2,-98.731,8,20,7,486,0.4424
7.962,9.288,0.0,1068.25,5.0,99.01,1.0,,2,-97.863,8,20,7,343,0.4402
7.39,7.616,0.0,1009.19,5.0,99.231,0.8,,0,-97.982,9,20,3,418,0.4474
7.186,8.369,0.0,1454.56,5.0,98.588,0.85,,0,-97.091,9,20,4,429,0.4266
7.178,8.448,0.0,1475.56,5.0,98.329,0.9,,1,-97.049,9,20,6,531,0.4444
7.855,9.529,0.0,634.25,5.0,99.581,0.95,,2,-98.731,9,20,7,486,0.4424
7.962,9.288,0.0,1068.25,5.0,99.01,1.0,,2,-97.863,9,20,7,343,0.4402
7.39,7.616,0.0,1009.19,5.0,99.231,0.8,,0,-97.982,10,20,3,418,0.4474
7.186,8.369,0.0,1454.56,5.0,98.588,0.85,,0,-97.091,10,20,4,429,0.4266
7.178,8.448,0.0,1475.56,5.0,98.329,0.9,,1,-97.049,10,20,6,531,0.4444
7.855,9.529,0.0,634.25,5.0,99.581,0.95,,2,-98.731,10,20,7,486,0.4424
7.962,9.288,0.0,1068.25,5.0,99.01,1.0,,2,-97.863,10,20,7,343,0.4402
7.772,9.329,0.0,13169.5,5.0,81.049,0.8,,3,-73.661,1,25,13,2476,0.4479
7.989,9.667,0.0171,20463.5,5.0,71.205,0.85,,5,-59.073,1,25,13,1646,0.4459
7.997,9.784,0.0,34238.63,5.0,51.751,0.9,,6,-31.523,1,25,13,1266,0.4487
8.226,9.666,0.0,32756.81,5.0,56.628,0.95,,5,-34.486,1,25,13,950,0.4558
8.606,9.981,0.0,40541.25,5.0,45.3,1.0,,7,-18.917,1,25,13,676,0.463
7.848,9.733,0.0,3716.87,5.0,95.581,0.8,,2,-92.566,2,25,9,1776,0.4358
7.989,9.667,0.0,5600.31,5.0,94.821,0.85,,4,-88.799,2,25,13,1646,0.4459
7.997,9.784,0.017,7738.38,5.0,89.482,0.9,,5,-84.523,2,25,13,1266,0.4487
8.226,9.666,0.0,12717.56,5.0,87.533,0.95,,3,-74.565,2,25,13,950,0.4558
8.606,9.981,0.0,18748.06,5.0,75.468,1.0,,5,-62.504,2,25,13,676,0.463
7.163,8.083,0.0,2411.37,5.0,97.638,0.8,,1,-95.177,3,25,4,613,0.4225
7.79,9.757,0.0279,2388.19,5.0,97.25,0.85,,2,-95.224,3,25,7,864,0.4398
8.125,10.317,0.0037,2380.75,5.0,96.762,0.9,,2,-95.238,3,25,9,812,0.4347
8.286,9.773,0.0,2484.44,5.0,97.646,0.95,,3,-95.031,3,25,12,922,0.4555
8.606,9.981,0.0,5220.56,5.0,94.025,1.0,,4,-89.559,3,25,13,676,0.463
7.148,8.148,0.0,1853.56,5.0,98.419,0.8,,0,-96.293,4,25,4,551,0.4283
7.279,8.341,0.0,1699.56,5.0,98.244,0.85,,0,-96.601,4,25,6,703,0.4452
7.827,10.024,0.0,1600.25,5.0,98.015,0.9,,2,-96.799,4,25,7,645,0.4372
7.945,9.53,0.0,1700.0,5.0,98.67,0.95,,2,-96.6,4,25,7,491,0.4399
8.575,10.155,0.0,1721.0,5.0,98.183,1.0,,2,-96.558,4,25,8,412,0.4515
7.39,7.616,0.0,1009.19,5.0,99.231,0.8,,0,-97.982,5,25,3,418,0.4474
7.186,8.369,0.0,1454.56,5.0,98.588,0.85,,0,-97.091,5,25,4,429,0.4266
7.178,8.448,0.0,1475.56,5.0,98.329,0.9,,1,-97.049,5,25,6,531,0.4444
7.855,9.529,0.0,634.25,5.0,99.581,0.95,,2,-98.731,5,25,7,486,0.4424
7.962,9.288,0.0,1068.25,5.0,99.01,1.0,,2,-97.863,5,25,7,343,0.4402
7.39,7.616,0.0,1009.19,5.0,99.231,0.8,,0,-97.982,6,25,3,418,0.4474
7.186,8.369,0.0,1454.56,5.0,98.588,0.85,,0,-97.091,6,25,4,429,0.4266
7.178,8.448,0.0,1475.56,5.0,98.329,0.9,,1,-97.049,6,25,6,531,0.4444
7.855,9.529,0.0,634.25,5.0,99.581,0.95,,2,-98.731,6,25,7,486,0.4424
7.962,9.288,0.0,1068.25,5.0,99.01,1.0,,2,-97.863,6,25,7,343,0.4402
7.39,7.616,0.0,1009.19,5.0,99.231,0.8,,0,-97.982,7,25,3,418,0.4474
7.186,8.369,0.0,1454.56,5.0,98.588,0.85,,0,-97.091,7,25,4,429,0.4266
7.178,8.448,0.0,1475.56,5.0,98.329,0.9,,1,-97.049,7,25,6,531,0.4444
7.855,9.529,0.0,634.25,5.0,99.581,0.95,,2,-98.731,7,25,7,486,0.4424
7.962,9.288,0.0,1068.25,5.0,99.01,1.0,,2,-97.863,7,25,7,343,0.4402
7.39,7.616,0.0,1009.19,5.0,99.231,0.8,,0,-97.982,8,25,3,418,0.4474
7.186,8.369,0.0,1454.56,5.0,98.588,0.85,,0,-97.091,8,25,4,429,0.4266
7.178,8.448,0.0,1475.56,5.0,98.329,0.9,,1,-97.049,8,25,6,531,0.4444
7.855,9.529,0.0,634.25,5.0,99.581,0.95,,2,-98.731,8,25,7,486,0.4424
7.962,9.288,0.0,1068.25,5.0,99.01,1.0,,2,-97.863,8,25,7,343,0.4402
7.39,7.616,0.0,1009.19,5.0,99.231,0.8,,0,-97.982,9,25,3,418,0.4474
7.186,8.369,0.0,1454.56,5.0,98.588,0.85,,0,-97.091,9,25,4,429,0.4266
7.178,8.448,0.0,1475.56,5.0,98.329,0.9,,1,-97.049,9,25,6,531,0.4444
7.855,9.529,0.0,634.25,5.0,99.581,0.95,,2,-98.731,9,25,7,486,0.4424
7.962,9.288,0.0,1068.25,5.0,99.01,1.0,,2,-97.863,9,25,7,343,0.4402
7.39,7.616,0.0,1009.19,5.0,99.231,0.8,,0,-97.982,10,25,3,418,0.4474
7.186,8.369,0.0,1454.56,5.0,98.588,0.85,,0,-97.091,10,25,4,429,0.4266
7.178,8.448,0.0,1475.56,5.0,98.329,0.9,,1,-97.049,10,25,6,531,0.4444
7.855,9.529,0.0,634.25,5.0,99.581,0.95,,2,-98.731,10,25,7,486,0.4424
7.962,9.288,0.0,1068.25,5.0,99.01,1.0,,2,-97.863,10,25,7,343,0.4402
7.772,9.329,0.0,13169.5,5.0,81.049,0.8,,3,-73.661,1,30,13,2476,0.4479
7.989,9.667,0.0171,20463.5,5.0,71.205,0.85,,5,-59.073,1,30,13,1646,0.4459
7.997,9.784,0.0,34238.63,5.0,51.751,0.9,,6,-31.523,1,30,13,1266,0.4487
8.226,9.666,0.0,32756.81,5.0,56.628,0.95,,5,-34.486,1,30,13,950,0.4558
8.606,9.981,0.0,40541.25,5.0,45.3,1.0,,7,-18.917,1,30,13,676,0.463
7.848,9.733,0.0,3716.87,5.0,95.581,0.8,,2,-92.566,2,30,9,1776,0.4358
7.989,9.667,0.0,5600.31,5.0,94.821,0.85,,4,-88.799,2,30,13,1646,0.4459
7.997,9.784,0.017,7738.38,5.0,89.482,0.9,,5,-84.523,2,30,13,1266,0.4487
8.226,9.666,0.0,12717.56,5.0,87.533,0.95,,3,-74.565,2,30,13,950,0.4558
8.606,9.981,0.0,18748.06,5.0,75.468,1.0,,5,-62.504,2,30,13,676,0.463
7.163,8.083,0.0,2411.37,5.0,97.638,0.8,,1,-95.177,3,30,4,613,0.4225
7.79,9.757,0.0279,2388.19,5.0,97.25,0.85,,2,-95.224,3,30,7,864,0.4398
8.125,10.317,0.0037,2380.75,5.0,96.762,0.9,,2,-95.238,3,30,9,812,0.4347
8.286,9.773,0.0,2484.44,5.0,97.646,0.95,,3,-95.031,3,30,12,922,0.4555
8.606,9.981,0.0,5220.56,5.0,94.025,1.0,,4,-89.559,3,30,13,676,0.463
7.148,8.148,0.0,1853.56,5.0,98.419,0.8,,0,-96.293,4,30,4,551,0.4283
7.279,8.341,0.0,1699.56,5.0,98.244,0.85,,0,-96.601,4,30,6,703,0.4452
7.827,10.024,0.0,1600.25,5.0,98.015,0.9,,2,-96.799,4,30,7,645,0.4372
7.945,9.53,0.0,1700.0,5.0,98.67,0.95,,2,-96.6,4,30,7,491,0.4399
8.575,10.155,0.0,1721.0,5.0,98.183,1.0,,2,-96.558,4,30,8,412,0.4515
7.39,7.616,0.0,1009.19,5.0,99.231,0.8,,0,-97.982,5,30,3,418,0.4474
7.186,8.369,0.0,1454.56,5.0,98.588,0.85,,0,-97.091,5,30,4,429,0.4266
7.178,8.448,0.0,1475.56,5.0,98.329,0.9,,1,-97.049,5,30,6,531,0.4444
7.855,9.529,0.0,634.25,5.0,99.581,0.95,,2,-98.731,5,30,7,486,0.4424
7.962,9.288,0.0,1068.25,5.0,99.01,1.0,,2,-97.863,5,30,7,343,0.4402
7.39,7.616,0.0,1009.19,5.0,99.231,0.8,,0,-97.982,6,30,3,418,0.4474
7.186,8.369,0.0,1454.56,5.0,98.588,0.85,,0,-97.091,6,30,4,429,0.4266
7.178,8.448,0.0,1475.56,5.0,98.329,0.9,,1,-97.049,6,30,6,531,0.4444
7.855,9.529,0.0,634.25,5.0,99.581,0.95,,2,-98.731,6,30,7,486,0.4424
7.962,9.288,0.0,1068.25,5.0,99.01,1.0,,2,-97.863,6,30,7,343,0.4402
7.39,7.616,0.0,1009.19,5.0,99.231,0.8,,0,-97.982,7,30,3,418,0.4474
7.186,8.369,0.0,1454.56,5.0,98.588,0.85,,0,-97.091,7,30,4,429,0.4266
7.178,8.448,0.0,1475.56,5.0,98.329,0.9,,1,-97.049,7,30,6,531,0.4444
7.855,9.529,0.0,634.25,5.0,99.581,0.95,,2,-98.731,7,30,7,486,0.4424
7.962,9.288,0.0,1068.25,5.0,99.01,1.0,,2,-97.863,7,30,7,343,0.4402
7.39,7.616,0.0,1009.19,5.0,99.231,0.8,,0,-97.982,8,30,3,418,0.4474
7.186,8.369,0.0,1454.56,5.0,98.588,0.85,,0,-97.091,8,30,4,429,0.4266
7.178,8.448,0.0,1475.56,5.0,98.329,0.9,,1,-97.049,8,30,6,531,0.4444
7.855,9.529,0.0,634.25,5.0,99.581,0.95,,2,-98.731,8,30,7,486,0.4424
7.962,9.288,0.0,1068.25,5.0,99.01,1.0,,2,-97.863,8,30,7,343,0.4402
7.39,7.616,0.0,1009.19,5.0,99.231,0.8,,0,-97.982,9,30,3,418,0.4474
7.186,8.369,0.0,1454.56,5.0,98.588,0.85,,0,-97.091,9,30,4,429,0.4266
7.178,8.448,0.0,1475.56,5.0,98.329,0.9,,1,-97.049,9,30,6,531,0.4444
7.855,9.529,0.0,634.25,5.0,99.581,0.95,,2,-98.731,9,30,7,486,0.4424
7.962,9.288,0.0,1068.25,5.0,99.01,1.0,,2,-97.863,9,30,7,343,0.4402
7.39,7.616,0.0,1009.19,5.0,99.231,0.8,,0,-97.982,10,30,3,418,0.4474
7.186,8.369,0.0,1454.56,5.0,98.588,0.85,,0,-97.091,10,30,4,429,0.4266
7.178,8.448,0.0,1475.56,5.0,98.329,0.9,,1,-97.049,10,30,6,531,0.4444
7.855,9.529,0.0,634.25,5.0,99.581,0.95,,2,-98.731,10,30,7,486,0.4424
7.962,9.288,0.0,1068.25,5.0,99.01,1.0,,2,-97.863,10,30,7,343,0.4402
7.772,9.329,0.0,13169.5,5.0,81.049,0.8,,3,-73.661,1,35,13,2476,0.4479
7.989,9.667,0.0171,20463.5,5.0,71.205,0.85,,5,-59.073,1,35,13,1646,0.4459
7.997,9.784,0.0,34238.63,5.0,51.751,0.9,,6,-31.523,1,35,13,1266,0.4487
8.226,9.666,0.0,32756.81,5.0,56.628,0.95,,5,-34.486,1,35,13,950,0.4558
8.606,9.981,0.0,40541.25,5.0,45.3,1.0,,7,-18.917,1,35,13,676,0.463
7.848,9.733,0.0,3716.87,5.0,95.581,0.8,,2,-92.566,2,35,9,1776,0.4358
7.989,9.667,0.0,5600.31,5.0,94.821,0.85,,4,-88.799,2,35,13,1646,0.4459
7.997,9.784,0.017,7738.38,5.0,89.482,0.9,,5,-84.523,2,35,13,1266,0.4487
8.226,9.666,0.0,12717.56,5.0,87.533,0.95,,3,-74.565,2,35,13,950,0.4558
8.606,9.981,0.0,18748.06,5.0,75.468,1.0,,5,-62.504,2,35,13,676,0.463
7.163,8.083,0.0,2411.37,5.0,97.638,0.8,,1,-95.177,3,35,4,613,0.4225
7.79,9.757,0.0279,2388.19,5.0,97.25,0.85,,2,-95.224,3,35,7,864,0.4398
8.125,10.317,0.0037,2380.75,5.0,96.762,0.9,,2,-95.238,3,35,9,812,0.4347
8.286,9.773,0.0,2484.44,5.0,97.646,0.95,,3,-95.031,3,35,12,922,0.4555
8.606,9.981,0.0,5220.56,5.0,94.025,1.0,,4,-89.559,3,35,13,676,0.463
7.148,8.148,0.0,1853.56,5.0,98.419,0.8,,0,-96.293,4,35,4,551,0.4283
7.279,8.341,0.0,1699.56,5.0,98.244,0.85,,0,-96.601,4,35,6,703,0.4452
7.827,10.024,0.0,1600.25,5.0,98.015,0.9,,2,-96.799,4,35,7,645,0.4372
7.945,9.53,0.0,1700.0,5.0,98.67,0.95,,2,-96.6,4,35,7,491,0.4399
8.575,10.155,0.0,1721.0,5.0,98.183,1.0,,2,-96.558,4,35,8,412,0.4515
7.39,7.616,0.0,1009.19,5.0,99.231,0.8,,0,-97.982,5,35,3,418,0.4474
7.186,8.369,0.0,1454.56,5.0,98.588,0.85,,0,-97.091,5,35,4,429,0.4266
7.178,8.448,0.0,1475.56,5.0,98.329,0.9,,1,-97.049,5,35,6,531,0.4444
7.855,9.529,0.0,634.25,5.0,99.581,0.95,,2,-98.731,5,35,7,486,0.4424
7.962,9.288,0.0,1068.25,5.0,99.01,1.0,,2,-97.863,5,35,7,343,0.4402
7.39,7.616,0.0,1009.19,5.0,99.231,0.8,,0,-97.982,6,35,3,418,0.4474
7.186,8.369,0.0,1454.56,5.0,98.588,0.85,,0,-97.091,6,35,4,429,0.4266
7.178,8.448,0.0,1475.56,5.0,98.329,0.9,,1,-97.049,6,35,6,531,0.4444
7.855,9.529,0.0,634.25,5.0,99.581,0.95,,2,-98.731,6,35,7,486,0.4424
7.962,9.288,0.0,1068.25,5.0,99.01,1.0,,2,-97.863,6,35,7,343,0.4402
7.39,7.616,0.0,1009.19,5.0,99.231,0.8,,0,-97.982,7,35,3,418,0.4474
7.186,8.369,0.0,1454.56,5.0,98.588,0.85,,0,-97.091,7,35,4,429,0.4266
7.178,8.448,0.0,1475.56,5.0,98.329,0.9,,1,-97.049,7,35,6,531,0.4444
7.855,9.529,0.0,634.25,5.0,99.581,0.95,,2,-98.731,7,35,7,486,0.4424
7.962,9.288,0.0,1068.25,5.0,99.01,1.0,,2,-97.863,7,35,7,343,0.4402
7.39,7.616,0.0,1009.19,5.0,99.231,0.8,,0,-97.982,8,35,3,418,0.4474
7.186,8.369,0.0,1454.56,5.0,98.588,0.85,,0,-97.091,8,35,4,429,0.4266
7.178,8.448,0.0,1475.56,5.0,98.329,0.9,,1,-97.049,8,35,6,531,0.4444
7.855,9.529,0.0,634.25,5.0,99.581,0.95,,2,-98.731,8,35,7,486,0.4424
7.962,9.288,0.0,1068.25,5.0,99.01,1.0,,2,-97.863,8,35,7,343,0.4402
7.39,7.616,0.0,1009.19,5.0,99.231,0.8,,0,-97.982,9,35,3,418,0.4474
7.186,8.369,0.0,1454.56,5.0,98.588,0.85,,0,-97.091,9,35,4,429,0.4266
7.178,8.448,0.0,1475.56,5.0,98.329,0.9,,1,-97.049,9,35,6,531,0.4444
7.855,9.529,0.0,634.25,5.0,99.581,0.95,,2,-98.731,9,35,7,486,0.4424
7.962,9.288,0.0,1068.25,5.0,99.01,1.0,,2,-97.863,9,35,7,343,0.4402
7.39,7.616,0.0,1009.19,5.0,99.231,0.8,,0,-97.982,10,35,3,418,0.4474
7.186,8.369,0.0,1454.56,5.0,98.588,0.85,,0,-97.091,10,35,4,429,0.4266
7.178,8.448,0.0,1475.56,5.0,98.329,0.9,,1,-97.049,10,35,6,531,0.4444
7.855,9.529,0.0,634.25,5.0,99.581,0.95,,2,-98.731,10,35,7,486,0.4424
7.962,9.288,0.0,1068.25,5.0,99.01,1.0,,2,-97.863,10,35,7,343,0.4402
7.772,9.329,0.0,13169.5,5.0,81.049,0.8,,3,-73.661,1,40,13,2476,0.4479
7.989,9.667,0.0171,20463.5,5.0,71.205,0.85,,5,-59.073,1,40,13,1646,0.4459
7.997,9.784,0.0,34238.63,5.0,51.751,0.9,,6,-31.523,1,40,13,1266,0.4487
8.226,9.666,0.0,32756.81,5.0,56.628,0.95,,5,-34.486,1,40,13,950,0.4558
8.606,9.981,0.0,40541.25,5.0,45.3,1.0,,7,-18.917,1,40,13,676,0.463
7.848,9.733,0.0,3716.87,5.0,95.581,0.8,,2,-92.566,2,40,9,1776,0.4358
7.989,9.667,0.0,5600.31,5.0,94.821,0.85,,4,-88.799,2,40,13,1646,0.4459
7.997,9.784,0.017,7738.38,5.0,89.482,0.9,,5,-84.523,2,40,13,1266,0.4487
8.226,9.666,0.0,12717.56,5.0,87.533,0.95,,3,-74.565,2,40,13,950,0.4558
8.606,9.981,0.0,18748.06,5.0,75.468,1.0,,5,-62.504,2,40,13,676,0.463
7.163,8.083,0.0,2411.37,5.0,97.638,0.8,,1,-95.177,3,40,4,613,0.4225
7.79,9.757,0.0279,2388.19,5.0,97.25,0.85,,2,-95.224,3,40,7,864,0.4398
8.125,10.317,0.0037,2380.75,5.0,96.762,0.9,,2,-95.238,3,40,9,812,0.4347
8.286,9.773,0.0,2484.44,5.0,97.646,0.95,,3,-95.031,3,40,12,922,0.4555
8.606,9.981,0.0,5220.56,5.0,94.025,1.0,,4,-89.559,3,40,13,676,0.463
7.148,8.148,0.0,1853.56,5.0,98.419,0.8,,0,-96.293,4,40,4,551,0.4283
7.279,8.341,0.0,1699.56,5.0,98.244,0.85,,0,-96.601,4,40,6,703,0.4452
7.827,10.024,0.0,1600.25,5.0,98.015,0.9,,2,-96.799,4,40,7,645,0.4372
7.945,9.53,0.0,1700.0,5.0,98.67,0.95,,2,-96.6,4,40,7,491,0.4399
8.575,10.155,0.0,1721.0,5.0,98.183,1.0,,2,-96.558,4,40,8,412,0.4515
7.39,7.616,0.0,1009.19,5.0,99.231,0.8,,0,-97.982,5,40,3,418,0.4474
7.186,8.369,0.0,1454.56,5.0,98.588,0.85,,0,-97.091,5,40,4,429,0.4266
7.178,8.448,0.0,1475.56,5.0,98.329,0.9,,1,-97.049,5,40,6,531,0.4444
7.855,9.529,0.0,634.25,5.0,99.581,0.95,,2,-98.731,5,40,7,486,0.4424
7.962,9.288,0.0,1068.25,5.0,99.01,1.0,,2,-97.863,5,40,7,343,0.4402
7.39,7.616,0.0,1009.19,5.0,99.231,0.8,,0,-97.982,6,40,3,418,0.4474
7.186,8.369,0.0,1454.56,5.0,98.588,0.85,,0,-97.091,6,40,4,429,0.4266
7.178,8.448,0.0,1475.56,5.0,98.329,0.9,,1,-97.049,6,40,6,531,0.4444
7.855,9.529,0.0,634.25,5.0,99.581,0.95,,2,-98.731,6,40,7,486,0.4424
7.962,9.288,0.0,1068.25,5.0,99.01,1.0,,2,-97.863,6,40,7,343,0.4402
7.39,7.616,0.0,1009.19,5.0,99.231,0.8,,0,-97.982,7,40,3,418,0.4474
7.186,8.369,0.0,1454.56,5.0,98.588,0.85,,0,-97.091,7,40,4,429,0.4266
7.178,8.448,0.0,1475.56,5.0,98.329,0.9,,1,-97.049,7,40,6,531,0.4444
7.855,9.529,0.0,634.25,5.0,99.581,0.95,,2,-98.731,7,40,7,486,0.4424
7.962,9.288,0.0,1068.25,5.0,99.01,1.0,,2,-97.863,7,40,7,343,0.4402
7.39,7.616,0.0,1009.19,5.0,99.231,0.8,,0,-97.982,8,40,3,418,0.4474
7.186,8.369,0.0,1454.56,5.0,98.588,0.85,,0,-97.091,8,40,4,429,0.4266
7.178,8.448,0.0,1475.56,5.0,98.329,0.9,,1,-97.049,8,40,6,531,0.4444
7.855,9.529,0.0,634.25,5.0,99.581,0.95,,2,-98.731,8,40,7,486,0.4424
7.962,9.288,0.0,1068.25,5.0,99.01,1.0,,2,-97.863,8,40,7,343,0.4402
7.39,7.616,0.0,1009.19,5.0,99.231,0.8,,0,-97.982,9,40,3,418,0.4474
7.186,8.369,0.0,1454.56,5.0,98.588,0.85,,0,-97.091,9,40,4,429,0.4266
7.178,8.448,0.0,1475.56,5.0,98.329,0.9,,1,-97.049,9,40,6,531,0.4444
7.855,9.529,0.0,634.25,5.0,99.581,0.95,,2,-98.731,9,40,7,486,0.4424
7.962,9.288,0.0,1068.25,5.0,99.01,1.0,,2,-97.863,9,40,7,343,0.4402
7.39,7.616,0.0,1009.19,5.0,99.231,0.8,,0,-97.982,10,40,3,418,0.4474
7.186,8.369,0.0,1454.56,5.0,98.588,0.85,,0,-97.091,10,40,4,429,0.4266
7.178,8.448,0.0,1475.56,5.0,98.329,0.9,,1,-97.049,10,40,6,531,0.4444
7.855,9.529,0.0,634.25,5.0,99.581,0.95,,2,-98.731,10,40,7,486,0.4424
7.962,9.288,0.0,1068.25,5.0,99.01,1.0,,2,-97.863,10,40,7,343,0.4402
7.772,9.329,0.0,13169.5,5.0,81.049,0.8,,3,-73.661,1,45,13,2476,0.4479
7.989,9.667,0.0171,20463.5,5.0,71.205,0.85,,5,-59.073,1,45,13,1646,0.4459
7.997,9.784,0.0,34238.63,5.0,51.751,0.9,,6,-31.523,1,45,13,1266,0.4487
8.226,9.666,0.0,32756.81,5.0,56.628,0.95,,5,-34.486,1,45,13,950,0.4558
8.606,9.981,0.0,40541.25,5.0,45.3,1.0,,7,-18.917,1,45,13,676,0.463
7.848,9.733,0.0,3716.87,5.0,95.581,0.8,,2,-92.566,2,45,9,1776,0.4358
7.989,9.667,0.0,5600.31,5.0,94.821,0.85,,4,-88.799,2,45,13,1646,0.4459
7.997,9.784,0.017,7738.38,5.0,89.482,0.9,,5,-84.523,2,45,13,1266,0.4487
8.226,9.666,0.0,12717.56,5.0,87.533,0.95,,3,-74.565,2,45,13,950,0.4558
8.606,9.981,0.0,18748.06,5.0,75.468,1.0,,5,-62.504,2,45,13,676,0.463
7.163,8.083,0.0,2411.37,5.0,97.638,0.8,,1,-95.177,3,45,4,613,0.4225
7.79,9.757,0.0279,2388.19,5.0,97.25,0.85,,2,-95.224,3,45,7,864,0.4398
8.125,10.317,0.0037,2380.75,5.0,96.762,0.9,,2,-95.238,3,45,9,812,0.4347
8.286,9.773,0.0,2484.44,5.0,97.646,0.95,,3,-95.031,3,45,12,922,0.4555
8.606,9.981,0.0,5220.56,5.0,94.025,1.0,,4,-89.559,3,45,13,676,0.463
7.148,8.148,0.0,1853.56,5.0,98.419,0.8,,0,-96.293,4,45,4,551,0.4283
7.279,8.341,0.0,1699.56,5.0,98.244,0.85,,0,-96.601,4,45,6,703,0.4452
7.827,10.024,0.0,1600.25,5.0,98.015,0.9,,2,-96.799,4,45,7,645,0.4372
7.945,9.53,0.0,1700.0,5.0,98.67,0.95,,2,-96.6,4,45,7,491,0.4399
8.575,10.155,0.0,1721.0,5.0,98.183,1.0,,2,-96.558,4,45,8,412,0.4515
7.39,7.616,0.0,1009.19,5.0,99.231,0.8,,0,-97.982,5,45,3,418,0.4474
7.186,8.369,0.0,1454.56,5.0,98.588,0.85,,0,-97.091,5,45,4,429,0.4266
7.178,8.448,0.0,1475.56,5.0,98.329,0.9,,1,-97.049,5,45,6,531,0.4444
7.855,9.529,0.0,634.25,5.0,99.581,0.95,,2,-98.731,5,45,7,486,0.4424
7.962,9.288,0.0,1068.25,5.0,99.01,1.0,,2,-97.863,5,45,7,343,0.4402
7.39,7.616,0.0,1009.19,5.0,99.231,0.8,,0,-97.982,6,45,3,418,0.4474
7.186,8.369,0.0,1454.56,5.0,98.588,0.85,,0,-97.091,6,45,4,429,0.4266
7.178,8.448,0.0,1475.56,5.0,98.329,0.9,,1,-97.049,6,45,6,531,0.4444
7.855,9.529,0.0,634.25,5.0,99.581,0.95,,2,-98.731,6,45,7,486,0.4424
7.962,9.288,0.0,1068.25,5.0,99.01,1.0,,2,-97.863,6,45,7,343,0.4402
7.39,7.616,0.0,1009.19,5.0,99.231,0.8,,0,-97.982,7,45,3,418,0.4474
7.186,8.369,0.0,1454.56,5.0,98.588,0.85,,0,-97.091,7,45,4,429,0.4266
7.178,8.448,0.0,1475.56,5.0,98.329,0.9,,1,-97.049,7,45,6,531,0.4444
7.855,9.529,0.0,634.25,5.0,99.581,0.95,,2,-98.731,7,45,7,486,0.4424
7.962,9.288,0.0,1068.25,5.0,99.01,1.0,,2,-97.863,7,45,7,343,0.4402
7.39,7.616,0.0,1009.19,5.0,99.231,0.8,,0,-97.982,8,45,3,418,0.4474
7.186,8.369,0.0,1454.56,5.0,98.588,0.85,,0,-97.091,8,45,4,429,0.4266
7.178,8.448,0.0,1475.56,5.0,98.329,0.9,,1,-97.049,8,45,6,531,0.4444
7.855,9.529,0.0,634.25,5.0,99.581,0.95,,2,-98.731,8,45,7,486,0.4424
7.962,9.288,0.0,1068.25,5.0,99.01,1.0,,2,-97.863,8,45,7,343,0.4402
7.39,7.616,0.0,1009.19,5.0,99.231,0.8,,0,-97.982,9,45,3,418,0.4474
7.186,8.369,0.0,1454.56,5.0,98.588,0.85,,0,-97.091,9,45,4,429,0.4266
7.178,8.448,0.0,1475.56,5.0,98.329,0.9,,1,-97.049,9,45,6,531,0.4444
7.855,9.529,0.0,634.25,5.0,99.581,0.95,,2,-98.731,9,45,7,486,0.4424
7.962,9.288,0.0,1068.25,5.0,99.01,1.0,,2,-97.863,9,45,7,343,0.4402
7.39,7.616,0.0,1009.19,5.0,99.231,0.8,,0,-97.982,10,45,3,418,0.4474
7.186,8.369,0.0,1454.56,5.0,98.588,0.85,,0,-97.091,10,45,4,429,0.4266
7.178,8.448,0.0,1475.56,5.0,98.329,0.9,,1,-97.049,10,45,6,531,0.4444
7.855,9.529,0.0,634.25,5.0,99.581,0.95,,2,-98.731,10,45,7,486,0.4424
7.962,9.288,0.0,1068.25,5.0,99.01,1.0,,2,-97.863,10,45,7,343,0.4402
7.772,9.329,0.0,13169.5,5.0,81.049,0.8,,3,-73.661,1,50,13,2476,0.4479
7.989,9.667,0.0171,20463.5,5.0,71.205,0.85,,5,-59.073,1,50,13,1646,0.4459
7.997,9.784,0.0,34238.63,5.0,51.751,0.9,,6,-31.523,1,50,13,1266,0.4487
8.226,9.666,0.0,32756.81,5.0,56.628,0.95,,5,-34.486,1,50,13,950,0.4558
8.606,9.981,0.0,40541.25,5.0,45.3,1.0,,7,-18.917,1,50,13,676,0.463
7.848,9.733,0.0,3716.87,5.0,95.581,0.8,,2,-92.566,2,50,9,1776,0.4358
7.989,9.667,0.0,5600.31,5.0,94.821,0.85,,4,-88.799,2,50,13,1646,0.4459
7.997,9.784,0.017,7738.38,5.0,89.482,0.9,,5,-84.523,2,50,13,1266,0.4487
8.226,9.666,0.0,12717.56,5.0,87.533,0.95,,3,-74.565,2,50,13,950,0.4558
8.606,9.981,0.0,18748.06,5.0,75.468,1.0,,5,-62.504,2,50,13,676,0.463
7.163,8.083,0.0,2411.37,5.0,97.638,0.8,,1,-95.177,3,50,4,613,0.4225
7.79,9.757,0.0279,2388.19,5.0,97.25,0.85,,2,-95.224,3,50,7,864,0.4398
8.125,10.317,0.0037,2380.75,5.0,96.762,0.9,,2,-95.238,3,50,9,812,0.4347
8.286,9.773,0.0,2484.44,5.0,97.646,0.95,,3,-95.031,3,50,12,922,0.4555
8.606,9.981,0.0,5220.56,5.0,94.025,1.0,,4,-89.559,3,50,13,676,0.463
7.148,8.148,0.0,1853.56,5.0,98.419,0.8,,0,-96.293,4,50,4,551,0.4283
7.279,8.341,0.0,1699.56,5.0,98.244,0.85,,0,-96.601,4,50,6,703,0.4452
7.827,10.024,0.0,1600.25,5.0,98.015,0.9,,2,-96.799,4,50,7,645,0.4372
7.945,9.53,0.0,1700.0,5.0,98.67,0.95,,2,-96.6,4,50,7,491,0.4399
8.575,10.155,0.0,1721.0,5.0,98.183,1.0,,2,-96.558,4,50,8,412,0.4515
7.39,7.616,0.0,1009.19,5.0,99.231,0.8,,0,-97.982,5,50,3,418,0.4474
7.186,8.369,0.0,1454.56,5.0,98.588,0.85,,0,-97.091,5,50,4,429,0.4266
7.178,8.448,0.0,1475.56,5.0,98.329,0.9,,1,-97.049,5,50,6,531,0.4444
7.855,9.529,0.0,634.25,5.0,99.581,0.95,,2,-98.731,5,50,7,486,0.4424
7.962,9.288,0.0,1068.25,5.0,99.01,1.0,,2,-97.863,5,50,7,343,0.4402
7.39,7.616,0.0,1009.19,5.0,99.231,0.8,,0,-97.982,6,50,3,418,0.4474
7.186,8.369,0.0,1454.56,5.0,98.588,0.85,,0,-97.091,6,50,4,429,0.4266
7.178,8.448,0.0,1475.56,5.0,98.329,0.9,,1,-97.049,6,50,6,531,0.4444
7.855,9.529,0.0,634.25,5.0,99.581,0.95,,2,-98.731,6,50,7,486,0.4424
7.962,9.288,0.0,1068.25,5.0,99.01,1.0,,2,-97.863,6,50,7,343,0.4402
7.39,7.616,0.0,1009.19,5.0,99.231,0.8,,0,-97.982,7,50,3,418,0.4474
7.186,8.369,0.0,1454.56,5.0,98.588,0.85,,0,-97.091,7,50,4,429,0.4266
7.178,8.448,0.0,1475.56,5.0,98.329,0.9,,1,-97.049,7,50,6,531,0.4444
7.855,9.529,0.0,634.25,5.0,99.581,0.95,,2,-98.731,7,50,7,486,0.4424
7.962,9.288,0.0,1068.25,5.0,99.01,1.0,,2,-97.863,7,50,7,343,0.4402
7.39,7.616,0.0,1009.19,5.0,99.231,0.8,,0,-97.982,8,50,3,418,0.4474
7.186,8.369,0.0,1454.56,5.0,98.588,0.85,,0,-97.091,8,50,4,429,0.4266
7.178,8.448,0.0,1475.56,5.0,98.329,0.9,,1,-97.049,8,50,6,531,0.4444
7.855,9.529,0.0,634.25,5.0,99.581,0.95,,2,-98.731,8,50,7,486,0.4424
7.962,9.288,0.0,1068.25,5.0,99.01,1.0,,2,-97.863,8,50,7,343,0.4402
7.39,7.616,0.0,1009.19,5.0,99.231,0.8,,0,-97.982,9,50,3,418,0.4474
7.186,8.369,0.0,1454.56,5.0,98.588,0.85,,0,-97.091,9,50,4,429,0.4266
7.178,8.448,0.0,1475.56,5.0,98.329,0.9,,1,-97.049,9,50,6,531,0.4444
7.855,9.529,0.0,634.25,5.0,99.581,0.95,,2,-98.731,9,50,7,486,0.4424
7.962,9.288,0.0,1068.25,5.0,99.01,1.0,,2,-97.863,9,50,7,343,0.4402
7.39,7.616,0.0,1009.19,5.0,99.231,0.8,,0,-97.982,10,50,3,418,0.4474
7.186,8.369,0.0,1454.56,5.0,98.588,0.85,,0,-97.091,10,50,4,429,0.4266
7.178,8.448,0.0,1475.56,5.0,98.329,0.9,,1,-97.049,10,50,6,531,0.4444
7.855,9.529,0.0,634.25,5.0,99.581,0.95,,2,-98.731,10,50,7,486,0.4424
7.962,9.288,0.0,1068.25,5.0,99.01,1.0,,2,-97.863,10,50,7,343,0.4402
7.772,9.329,0.0,13169.5,5.0,81.049,0.8,,3,-73.661,1,55,13,2476,0.4479
7.989,9.667,0.0171,20463.5,5.0,71.205,0.85,,5,-59.073,1,55,13,1646,0.4459
7.997,9.784,0.0,34238.63,5.0,51.751,0.9,,6,-31.523,1,55,13,1266,0.4487
8.226,9.666,0.0,32756.81,5.0,56.628,0.95,,5,-34.486,1,55,13,950,0.4558
8.606,9.981,0.0,40541.25,5.0,45.3,1.0,,7,-18.917,1,55,13,676,0.463
7.848,9.733,0.0,3716.87,5.0,95.581,0.8,,2,-92.566,2,55,9,1776,0.4358
7.989,9.667,0.0,5600.31,5.0,94.821,0.85,,4,-88.799,2,55,13,1646,0.4459
7.997,9.784,0.017,7738.38,5.0,89.482,0.9,,5,-84.523,2,55,13,1266,0.4487
8.226,9.666,0.0,12717.56,5.0,87.533,0.95,,3,-74.565,2,55,13,950,0.4558
8.606,9.981,0.0,18748.06,5.0,75.468,1.0,,5,-62.504,2,55,13,676,0.463
7.163,8.083,0.0,2411.37,5.0,97.638,0.8,,1,-95.177,3,55,4,613,0.4225
7.79,9.757,0.0279,2388.19,5.0,97.25,0.85,,2,-95.224,3,55,7,864,0.4398
8.125,10.317,0.0037,2380.75,5.0,96.762,0.9,,2,-95.238,3,55,9,812,0.4347
8.286,9.773,0.0,2484.44,5.0,97.646,0.95,,3,-95.031,3,55,12,922,0.4555
8.606,9.981,0.0,5220.56,5.0,94.025,1.0,,4,-89.559,3,55,13,676,0.463
7.148,8.148,0.0,1853.56,5.0,98.419,0.8,,0,-96.293,4,55,4,551,0.4283
7.279,8.341,0.0,1699.56,5.0,98.244,0.85,,0,-96.601,4,55,6,703,0.4452
7.827,10.024,0.0,1600.25,5.0,98.015,0.9,,2,-96.799,4,55,7,645,0.4372
7.945,9.53,0.0,1700.0,5.0,98.67,0.95,,2,-96.6,4,55,7,491,0.4399
8.575,10.155,0.0,1721.0,5.0,98.183,1.0,,2,-96.558,4,55,8,412,0.4515
7.39,7.616,0.0,1009.19,5.0,99.231,0.8,,0,-97.982,5,55,3,418,0.4474
7.186,8.369,0.0,1454.56,5.0,98.588,0.85,,0,-97.091,5,55,4,429,0.4266
7.178,8.448,0.0,1475.56,5.0,98.329,0.9,,1,-97.049,5,55,6,531,0.4444
7.855,9.529,0.0,634.25,5.0,99.581,0.95,,2,-98.731,5,55,7,486,0.4424
7.962,9.288,0.0,1068.25,5.0,99.01,1.0,,2,-97.863,5,55,7,343,0.4402
7.39,7.616,0.0,1009.19,5.0,99.231,0.8,,0,-97.982,6,55,3,418,0.4474
7.186,8.369,0.0,1454.56,5.0,98.588,0.85,,0,-97.091,6,55,4,429,0.4266
7.178,8.448,0.0,1475.56,5.0,98.329,0.9,,1,-97.049,6,55,6,531,0.4444
7.855,9.529,0.0,634.25,5.0,99.581,0.95,,2,-98.731,6,55,7,486,0.4424
7.962,9.288,0.0,1068.25,5.0,99.01,1.0,,2,-97.863,6,55,7,343,0.4402
7.39,7.616,0.0,1009.19,5.0,99.231,0.8,,0,-97.982,7,55,3,418,0.4474
7.186,8.369,0.0,1454.56,5.0,98.588,0.85,,0,-97.091,7,55,4,429,0.4266
7.178,8.448,0.0,1475.56,5.0,98.329,0.9,,1,-97.049,7,55,6,531,0.4444
7.855,9.529,0.0,634.25,5.0,99.581,0.95,,2,-98.731,7,55,7,486,0.4424
7.962,9.288,0.0,1068.25,5.0,99.01,1.0,,2,-97.863,7,55,7,343,0.4402
7.39,7.616,0.0,1009.19,5.0,99.231,0.8,,0,-97.982,8,55,3,418,0.4474
7.186,8.369,0.0,1454.56,5.0,98.588,0.85,,0,-97.091,8,55,4,429,0.4266
7.178,8.448,0.0,1475.56,5.0,98.329,0.9,,1,-97.049,8,55,6,531,0.4444
7.855,9.529,0.0,634.25,5.0,99.581,0.95,,2,-98.731,8,55,7,486,0.4424
7.962,9.288,0.0,1068.25,5.0,99.01,1.0,,2,-97.863,8,55,7,343,0.4402
7.39,7.616,0.0,1009.19,5.0,99.231,0.8,,0,-97.982,9,55,3,418,0.4474
7.186,8.369,0.0,1454.56,5.0,98.588,0.85,,0,-97.091,9,55,4,429,0.4266
7.178,8.448,0.0,1475.56,5.0,98.329,0.9,,1,-97.049,9,55,6,531,0.4444
7.855,9.529,0.0,634.25,5.0,99.581,0.95,,2,-98.731,9,55,7,486,0.4424
7.962,9.288,0.0,1068.25,5.0,99.01,1.0,,2,-97.863,9,55,7,343,0.4402
7.39,7.616,0.0,1009.19,5.0,99.231,0.8,,0,-97.982,10,55,3,418,0.4474
7.186,8.369,0.0,1454.56,5.0,98.588,0.85,,0,-97.091,10,55,4,429,0.4266
7.178,8.448,0.0,1475.56,5.0,98.329,0.9,,1,-97.049,10,55,6,531,0.4444
7.855,9.529,0.0,634.25,5.0,99.581,0.95,,2,-98.731,10,55,7,486,0.4424
7.962,9.288,0.0,1068.25,5.0,99.01,1.0,,2,-97.863,10,55,7,343,0.4402
7.772,9.329,0.0,13169.5,5.0,81.049,0.8,,3,-73.661,1,60,13,2476,0.4479
7.989,9.667,0.0171,20463.5,5.0,71.205,0.85,,5,-59.073,1,60,13,1646,0.4459
7.997,9.784,0.0,34238.63,5.0,51.751,0.9,,6,-31.523,1,60,13,1266,0.4487
8.226,9.666,0.0,32756.81,5.0,56.628,0.95,,5,-34.486,1,60,13,950,0.4558
8.606,9.981,0.0,40541.25,5.0,45.3,1.0,,7,-18.917,1,60,13,676,0.463
7.848,9.733,0.0,3716.87,5.0,95.581,0.8,,2,-92.566,2,60,9,1776,0.4358
7.989,9.667,0.0,5600.31,5.0,94.821,0.85,,4,-88.799,2,60,13,1646,0.4459
7.997,9.784,0.017,7738.38,5.0,89.482,0.9,,5,-84.523,2,60,13,1266,0.4487
8.226,9.666,0.0,12717.56,5.0,87.533,0.95,,3,-74.565,2,60,13,950,0.4558
8.606,9.981,0.0,18748.06,5.0,75.468,1.0,,5,-62.504,2,60,13,676,0.463
7.163,8.083,0.0,2411.37,5.0,97.638,0.8,,1,-95.177,3,60,4,613,0.4225
7.79,9.757,0.0279,2388.19,5.0,97.25,0.85,,2,-95.224,3,60,7,864,0.4398
8.125,10.317,0.0037,2380.75,5.0,96.762,0.9,,2,-95.238,3,60,9,812,0.4347
8.286,9.773,0.0,2484.44,5.0,97.646,0.95,,3,-95.031,3,60,12,922,0.4555
8.606,9.981,0.0,5220.56,5.0,94.025,1.0,,4,-89.559,3,60,13,676,0.463
7.148,8.148,0.0,1853.56,5.0,98.419,0.8,,0,-96.293,4,60,4,551,0.4283
7.279,8.341,0.0,1699.56,5.0,98.244,0.85,,0,-96.601,4,60,6,703,0.4452
7.827,10.024,0.0,1600.25,5.0,98.015,0.9,,2,-96.799,4,60,7,645,0.4372
7.945,9.53,0.0,1700.0,5.0,98.67,0.95,,2,-96.6,4,60,7,491,0.4399
8.575,10.155,0.0,1721.0,5.0,98.183,1.0,,2,-96.558,4,60,8,412,0.4515
7.39,7.616,0.0,1009.19,5.0,99.231,0.8,,0,-97.982,5,60,3,418,0.4474
7.186,8.369,0.0,1454.56,5.0,98.588,0.85,,0,-97.091,5,60,4,429,0.4266
7.178,8.448,0.0,1475.56,5.0,98.329,0.9,,1,-97.049,5,60,6,531,0.4444
7.855,9.529,0.0,634.25,5.0,99.581,0.95,,2,-98.731,5,60,7,486,0.4424
7.962,9.288,0.0,1068.25,5.0,99.01,1.0,,2,-97.863,5,60,7,343,0.4402
7.39,7.616,0.0,1009.19,5.0,99.231,0.8,,0,-97.982,6,60,3,418,0.4474
7.186,8.369,0.0,1454.56,5.0,98.588,0.85,,0,-97.091,6,60,4,429,0.4266
7.178,8.448,0.0,1475.56,5.0,98.329,0.9,,1,-97.049,6,60,6,531,0.4444
7.855,9.529,0.0,634.25,5.0,99.581,0.95,,2,-98.731,6,60,7,486,0.4424
7.962,9.288,0.0,1068.25,5.0,99.01,1.0,,2,-97.863,6,60,7,343,0.4402
7.39,7.616,0.0,1009.19,5.0,99.231,0.8,,0,-97.982,7,60,3,418,0.4474
7.186,8.369,0.0,1454.56,5.0,98.588,0.85,,0,-97.091,7,60,4,429,0.4266
7.178,8.448,0.0,1475.56,5.0,98.329,0.9,,1,-97.049,7,60,6,531,0.4444
7.855,9.529,0.0,634.25,5.0,99.581,0.95,,2,-98.731,7,60,7,486,0.4424
7.962,9.288,0.0,1068.25,5.0,99.01,1.0,,2,-97.863,7,60,7,343,0.4402
7.39,7.616,0.0,1009.19,5.0,99.231,0.8,,0,-97.982,8,60,3,418,0.4474
7.186,8.369,0.0,1454.56,5.0,98.588,0.85,,0,-97.091,8,60,4,429,0.4266
7.178,8.448,0.0,1475.56,5.0,98.329,0.9,,1,-97.049,8,60,6,531,0.4444
7.855,9.529,0.0,634.25,5.0,99.581,0.95,,2,-98.731,8,60,7,486,0.4424
7.962,9.288,0.0,1068.25,5.0,99.01,1.0,,2,-97.863,8,60,7,343,0.4402
7.39,7.616,0.0,1009.19,5.0,99.231,0.8,,0,-97.982,9,60,3,418,0.4474
7.186,8.369,0.0,1454.56,5.0,98.588,0.85,,0,-97.091,9,60,4,429,0.4266
7.178,8.448,0.0,1475.56,5.0,98.329,0.9,,1,-97.049,9,60,6,531,0.4444
7.855,9.529,0.0,634.25,5.0,99.581,0.95,,2,-98.731,9,60,7,486,0.4424
7.962,9.288,0.0,1068.25,5.0,99.01,1.0,,2,-97.863,9,60,7,343,0.4402
7.39,7.616,0.0,1009.19,5.0,99.231,0.8,,0,-97.982,10,60,3,418,0.4474
7.186,8.369,0.0,1454.56,5.0,98.588,0.85,,0,-97.091,10,60,4,429,0.4266
7.178,8.448,0.0,1475.56,5.0,98.329,0.9,,1,-97.049,10,60,6,531,0.4444
7.855,9.529,0.0,634.25,5.0,99.581,0.95,,2,-98.731,10,60,7,486,0.4424
7.962,9.288,0.0,1068.25,5.0,99.01,1.0,,2,-97.863,10,60,7,343,0.4402
7.471,9.34,0.0,22621.25,5.5,69.284,0.8,,4,-54.757,1,5,13,2477,0.4413
7.629,9.718,0.0,36064.75,5.5,57.576,0.85,,8,-27.87,1,5,13,1651,0.4416
7.595,9.887,0.0,38073.31,5.5,48.857,0.9,,6,-23.853,1,5,13,1270,0.4394
7.728,9.773,0.0,37055.25,5.5,50.956,0.95,,7,-25.889,1,5,13,955,0.4408
8.192,10.135,0.0,45751.88,5.5,42.123,1.0,,7,-8.496,1,5,13,677,0.4505
7.633,9.599,0.0,4012.63,5.5,95.097,0.8,,2,-91.975,2,5,9,1593,0.4325
7.629,9.718,0.0,8322.88,5.5,90.819,0.85,,6,-83.354,2,5,13,1651,0.4416
7.595,9.887,0.0,18529.31,5.5,81.133,0.9,,6,-62.941,2,5,13,1270,0.4394
7.728,9.773,0.0,19680.38,5.5,81.284,0.95,,5,-60.639,2,5,13,955,0.4408
8.192,10.135,0.0,28073.81,5.5,73.032,1.0,,6,-43.852,2,5,13,677,0.4505
7.443,9.56,0.0,2704.06,5.5,97.324,0.8,,2,-94.592,3,5,7,1363,0.4314
7.674,9.813,0.0,2705.81,5.5,96.852,0.85,,3,-94.588,3,5,7,902,0.4268
7.595,9.887,0.0,4351.25,5.5,94.889,0.9,,4,-91.297,3,5,13,1270,0.4394
7.728,9.773,0.0,5774.0,5.5,94.653,0.95,,4,-88.452,3,5,13,955,0.4408
8.192,10.135,0.0,10737.0,5.5,91.076,1.0,,6,-78.526,3,5,13,677,0.4505
6.819,8.044,0.0,2007.56,5.5,98.322,0.8,,0,-95.985,4,5,4,587,0.4191
6.906,8.387,0.0,1949.38,5.5,98.003,0.85,,2,-96.101,4,5,6,706,0.4292
7.507,10.126,0.0,1541.63,5.5,98.044,0.9,,2,-96.917,4,5,7,649,0.4176
7.918,10.082,0.0,1933.63,5.5,98.373,0.95,,2,-96.133,4,5,9,595,0.4235
8.192,10.135,0.0,3184.88,5.5,97.632,1.0,,6,-93.63,4,5,13,677,0.4505
6.999,7.582,0.0,1629.13,5.5,98.778,0.8,,0,-96.742,5,5,3,424,0.434
6.793,8.298,0.0,1646.19,5.5,98.434,0.85,,0,-96.708,5,5,4,439,0.4077
6.739,8.528,0.0,1616.44,5.5,98.108,0.9,,0,-96.767,5,5,6,536,0.4179
7.419,9.62,0.0,1453.69,5.5,98.933,0.95,,2,-97.093,5,5,7,493,0.4138
7.69,9.448,0.0,1348.69,5.5,98.657,1.0,,2,-97.303,5,5,7,349,0.4155
7.0,7.582,0.0,1417.81,5.5,99.008,0.8,,0,-97.164,6,5,3,423,0.435
6.86,8.347,0.0,1479.5,5.5,98.649,0.85,,0,-97.041,6,5,4,427,0.4122
6.751,8.528,0.0,1376.25,5.5,98.46,0.9,,0,-97.247,6,5,6,537,0.4171
7.387,9.62,0.0,1196.0,5.5,99.191,0.95,,2,-97.608,6,5,7,491,0.4155
7.562,9.445,0.0,1170.19,5.5,98.913,1.0,,2,-97.66,6,5,7,344,0.4186
7.0,7.582,0.0,1417.81,5.5,99.008,0.8,,0,-97.164,7,5,3,423,0.435
6.86,8.347,0.0,1479.5,5.5,98.649,0.85,,0,-97.041,7,5,4,427,0.4122
6.751,8.528,0.0,1376.25,5.5,98.46,0.9,,0,-97.247,7,5,6,537,0.4171
7.387,9.62,0.0,1196.0,5.5,99.191,0.95,,2,-97.608,7,5,7,491,0.4155
7.562,9.445,0.0,1170.19,5.5,98.913,1.0,,2,-97.66,7,5,7,344,0.4186
7.0,7.582,0.0,1417.81,5.5,99.008,0.8,,0,-97.164,8,5,3,423,0.435
6.86,8.347,0.0,1479.5,5.5,98.649,0.85,,0,-97.041,8,5,4,427,0.4122
6.751,8.528,0.0,1376.25,5.5,98.46,0.9,,0,-97.247,8,5,6,537,0.4171
7.387,9.62,0.0,1196.0,5.5,99.191,0.95,,2,-97.608,8,5,7,491,0.4155
7.562,9.445,0.0,1170.19,5.5,98.913,1.0,,2,-97.66,8,5,7,344,0.4186
7.0,7.582,0.0,1417.81,5.5,99.008,0.8,,0,-97.164,9,5,3,423,0.435
6.86,8.347,0.0,1479.5,5.5,98.649,0.85,,0,-97.041,9,5,4,427,0.4122
6.751,8.528,0.0,1376.25,5.5,98.46,0.9,,0,-97.247,9,5,6,537,0.4171
7.387,9.62,0.0,1196.0,5.5,99.191,0.95,,2,-97.608,9,5,7,491,0.4155
7.562,9.445,0.0,1170.19,5.5,98.913,1.0,,2,-97.66,9,5,7,344,0.4186
7.0,7.582,0.0,1417.81,5.5,99.008,0.8,,0,-97.164,10,5,3,423,0.435
6.86,8.347,0.0,1479.5,5.5,98.649,0.85,,0,-97.041,10,5,4,427,0.4122
6.751,8.528,0.0,1376.25,5.5,98.46,0.9,,0,-97.247,10,5,6,537,0.4171
7.387,9.62,0.0,1196.0,5.5,99.191,0.95,,2,-97.608,10,5,7,491,0.4155
7.562,9.445,0.0,1170.19,5.5,98.913,1.0,,2,-97.66,10,5,7,344,0.4186
8.035,9.276,0.0,21913.38,5.5,69.017,0.8,,5,-56.173,1,10,13,2457,0.4611
8.205,9.58,0.0,36834.75,5.5,56.705,0.85,,7,-26.33,1,10,13,1641,0.4637
8.209,9.731,0.0,45545.38,5.5,45.453,0.9,,5,-8.909,1,10,13,1263,0.4648
8.362,9.634,0.0,42232.19,5.5,49.359,0.95,,8,-15.536,1,10,13,949,0.4668
8.681,9.891,0.0,48136.25,5.5,42.168,1.0,,9,-3.727,1,10,13,676,0.4734
8.233,9.747,0.0,4102.75,5.5,94.657,0.8,,2,-91.794,2,10,9,1755,0.4513
8.205,9.58,0.0,8659.31,5.5,89.884,0.85,,7,-82.681,2,10,13,1641,0.4637
8.209,9.731,0.0,19212.25,5.5,78.277,0.9,,5,-61.575,2,10,13,1263,0.4648
8.362,9.634,0.0,23893.94,5.5,80.032,0.95,,4,-52.212,2,10,13,949,0.4668
8.681,9.891,0.0,30409.63,5.5,69.554,1.0,,7,-39.181,2,10,13,676,0.4734
7.541,8.118,0.0,2635.81,5.5,97.083,0.8,,0,-94.728,3,10,6,1045,0.4603
8.456,9.828,0.0449,2743.44,5.5,96.577,0.85,,2,-94.513,3,10,8,1028,0.4601
8.209,9.731,0.0,3735.25,5.5,95.77,0.9,,4,-92.529,3,10,13,1263,0.4648
8.362,9.634,0.0,7164.81,5.5,94.833,0.95,,4,-85.67,3,10,13,949,0.4668
8.681,9.891,0.0,10701.13,5.5,89.425,1.0,,5,-78.598,3,10,13,676,0.4734
7.529,8.194,0.0,2044.31,5.5,97.993,0.8,,0,-95.911,4,10,4,585,0.4462
8.074,9.659,0.0548,1252.88,5.5,98.603,0.85,,2,-97.494,4,10,7,846,0.4586
8.204,9.946,0.0,1944.13,5.5,97.574,0.9,,1,-96.112,4,10,7,645,0.4496
8.607,9.894,0.0,2062.25,5.5,98.518,0.95,,2,-95.875,4,10,9,618,0.4579
8.681,9.891,0.0,2973.56,5.5,97.216,1.0,,4,-94.053,4,10,13,676,0.4734
7.569,8.271,0.0,1621.25,5.5,98.552,0.8,,0,-96.757,5,10,4,555,0.4505
7.571,8.308,0.0,1580.13,5.5,98.319,0.85,,0,-96.84,5,10,6,697,0.4634
7.889,9.828,0.0,1566.56,5.5,98.191,0.9,,1,-96.867,5,10,7,628,0.4538
8.132,9.513,0.0,827.63,5.5,99.421,0.95,,2,-98.345,5,10,7,485,0.4536
8.176,9.177,0.0,1362.25,5.5,98.679,1.0,,2,-97.275,5,10,7,343,0.4519
7.717,7.846,0.0,1437.06,5.5,98.756,0.8,,0,-97.126,6,10,3,417,0.4628
7.574,8.341,0.0,1496.56,5.5,98.447,0.85,,0,-97.007,6,10,6,691,0.4645
7.891,9.847,0.0,1399.44,5.5,98.465,0.9,,1,-97.201,6,10,7,625,0.4544
8.132,9.513,0.0,405.0,5.5,99.737,0.95,,2,-99.19,6,10,7,485,0.4536
8.176,9.177,0.0,1461.56,5.5,98.677,1.0,,2,-97.077,6,10,7,343,0.4519
7.717,7.846,0.0,1437.06,5.5,98.756,0.8,,0,-97.126,7,10,3,417,0.4628
7.574,8.341,0.0,1496.56,5.5,98.447,0.85,,0,-97.007,7,10,6,691,0.4645
7.891,9.847,0.0,1399.44,5.5,98.465,0.9,,1,-97.201,7,10,7,625,0.4544
8.132,9.513,0.0,405.0,5.5,99.737,0.95,,2,-99.19,7,10,7,485,0.4536
8.176,9.177,0.0,1461.56,5.5,98.677,1.0,,2,-97.077,7,10,7,343,0.4519
7.717,7.846,0.0,1437.06,5.5,98.756,0.8,,0,-97.126,8,10,3,417,0.4628
7.574,8.341,0.0,1496.56,5.5,98.447,0.85,,0,-97.007,8,10,6,691,0.4645
7.891,9.847,0.0,1399.44,5.5,98.465,0.9,,1,-97.201,8,10,7,625,0.4544
8.132,9.513,0.0,405.0,5.5,99.737,0.95,,2,-99.19,8,10,7,485,0.4536
8.176,9.177,0.0,1461.56,5.5,98.677,1.0,,2,-97.077,8,10,7,343,0.4519
7.717,7.846,0.0,1437.06,5.5,98.756,0.8,,0,-97.126,9,10,3,417,0.4628
7.574,8.341,0.0,1496.56,5.5,98.447,0.85,,0,-97.007,9,10,6,691,0.4645
7.891,9.847,0.0,1399.44,5.5,98.465,0.9,,1,-97.201,9,10,7,625,0.4544
8.132,9.513,0.0,405.0,5.5,99.737,0.95,,2,-99.19,9,10,7,485,0.4536
8.176,9.177,0.0,1461.56,5.5,98.677,1.0,,2,-97.077,9,10,7,343,0.4519
7.717,7.846,0.0,1437.06,5.5,98.756,0.8,,0,-97.126,10,10,3,417,0.4628
7.574,8.341,0.0,1496.56,5.5,98.447,0.85,,0,-97.007,10,10,6,691,0.4645
7.891,9.847,0.0,1399.44,5.5,98.465,0.9,,1,-97.201,10,10,7,625,0.4544
8.132,9.513,0.0,405.0,5.5,99.737,0.95,,2,-99.19,10,10,7,485,0.4536
8.176,9.177,0.0,1461.56,5.5,98.677,1.0,,2,-97.077,10,10,7,343,0.4519
8.193,9.339,0.0,20453.0,5.5,69.914,0.8,,4,-59.094,1,15,13,2456,0.4629
8.408,9.628,0.0,31503.81,5.5,56.865,0.85,,6,-36.992,1,15,13,1639,0.4649
8.403,9.72,0.0,38858.19,5.5,44.083,0.9,,5,-22.284,1,15,13,1262,0.4659
8.605,9.62,0.0,36330.75,5.5,51.132,0.95,,7,-27.338,1,15,13,948,0.4684
8.948,9.891,0.0,40946.81,5.5,41.818,1.0,,7,-18.106,1,15,13,676,0.4734
8.193,9.339,0.0,5899.56,5.5,93.482,0.8,,4,-88.201,2,15,13,2456,0.4629
8.408,9.628,0.0062,7204.19,5.5,90.381,0.85,,5,-85.592,2,15,13,1639,0.4649
8.403,9.72,0.0,15112.88,5.5,79.822,0.9,,5,-69.774,2,15,13,1262,0.4659
8.605,9.62,0.0,15557.81,5.5,84.857,0.95,,5,-68.884,2,15,13,948,0.4684
8.948,9.891,0.0,23251.25,5.5,69.031,1.0,,6,-53.497,2,15,13,676,0.4734
7.583,8.118,0.0,2738.63,5.5,96.872,0.8,,0,-94.523,3,15,6,1044,0.4607
8.477,9.828,0.0248,2690.06,5.5,96.563,0.85,,1,-94.62,3,15,8,1030,0.4592
8.445,9.79,0.0,2708.0,5.5,96.136,0.9,,3,-94.584,3,15,13,1238,0.4645
8.605,9.62,0.0,4056.38,5.5,96.832,0.95,,3,-91.887,3,15,13,948,0.4684
8.948,9.891,0.0,8055.13,5.5,90.331,1.0,,4,-83.89,3,15,13,676,0.4734
7.587,8.194,0.0,2022.44,5.5,97.96,0.8,,0,-95.955,4,15,4,585,0.4462
8.122,9.659,0.0598,1257.25,5.5,98.515,0.85,,2,-97.485,4,15,7,846,0.4586
8.238,9.946,0.0019,1855.75,5.5,97.559,0.9,,1,-96.288,4,15,7,645,0.4496
8.646,9.935,0.0,2034.25,5.5,98.349,0.95,,2,-95.931,4,15,9,589,0.4584
8.948,9.891,0.0,2407.44,5.5,97.64,1.0,,4,-95.185,4,15,13,676,0.4734
7.649,8.287,0.0,1590.63,5.5,98.494,0.8,,0,-96.819,5,15,4,551,0.4519
7.631,8.308,0.0278,1581.44,5.5,98.212,0.85,,1,-96.837,5,15,6,697,0.4634
7.924,9.828,0.0,1564.81,5.5,98.087,0.9,,0,-96.87,5,15,7,628,0.4538
8.206,9.513,0.0,1453.69,5.5,98.919,0.95,,2,-97.093,5,15,7,487,0.4517
8.364,9.182,0.0,1591.94,5.5,98.382,1.0,,2,-96.816,5,15,7,348,0.4483
7.768,7.846,0.0,1437.5,5.5,98.687,0.8,,0,-97.125,6,15,3,417,0.4628
7.603,8.171,0.0,1398.56,5.5,98.449,0.85,,0,-97.203,6,15,4,451,0.4501
7.926,9.847,0.0,1029.31,5.5,98.795,0.9,,0,-97.941,6,15,7,625,0.4544
8.177,9.513,0.0,1096.25,5.5,99.238,0.95,,2,-97.807,6,15,7,485,0.4536
8.242,9.177,0.0,1427.0,5.5,98.642,1.0,,2,-97.146,6,15,7,343,0.4519
7.768,7.846,0.0,1437.5,5.5,98.687,0.8,,0,-97.125,7,15,3,417,0.4628
7.603,8.171,0.0,1398.56,5.5,98.449,0.85,,0,-97.203,7,15,4,451,0.4501
7.926,9.847,0.0,1029.31,5.5,98.795,0.9,,0,-97.941,7,15,7,625,0.4544
8.177,9.513,0.0,1096.25,5.5,99.238,0.95,,2,-97.807,7,15,7,485,0.4536
8.242,9.177,0.0,1427.0,5.5,98.642,1.0,,2,-97.146,7,15,7,343,0.4519
7.768,7.846,0.0,1437.5,5.5,98.687,0.8,,0,-97.125,8,15,3,417,0.4628
7.603,8.171,0.0,1398.56,5.5,98.449,0.85,,0,-97.203,8,15,4,451,0.4501
7.926,9.847,0.0,1029.31,5.5,98.795,0.9,,0,-97.941,8,15,7,625,0.4544
8.177,9.513,0.0,1096.25,5.5,99.238,0.95,,2,-97.807,8,15,7,485,0.4536
8.242,9.177,0.0,1427.0,5.5,98.642,1.0,,2,-97.146,8,15,7,343,0.4519
7.768,7.846,0.0,1437.5,5.5,98.687,0.8,,0,-97.125,9,15,3,417,0.4628
7.603,8.171,0.0,1398.56,5.5,98.449,0.85,,0,-97.203,9,15,4,451,0.4501
7.926,9.847,0.0,1029.31,5.5,98.795,0.9,,0,-97.941,9,15,7,625,0.4544
8.177,9.513,0.0,1096.25,5.5,99.238,0.95,,2,-97.807,9,15,7,485,0.4536
8.242,9.177,0.0,1427.0,5.5,98.642,1.0,,2,-97.146,9,15,7,343,0.4519
7.768,7.846,0.0,1437.5,5.5,98.687,0.8,,0,-97.125,10,15,3,417,0.4628
7.603,8.171,0.0,1398.56,5.5,98.449,0.85,,0,-97.203,10,15,4,451,0.4501
7.926,9.847,0.0,1029.31,5.5,98.795,0.9,,0,-97.941,10,15,7,625,0.4544
8.177,9.513,0.0,1096.25,5.5,99.238,0.95,,2,-97.807,10,15,7,485,0.4536
8.242,9.177,0.0,1427.0,5.5,98.642,1.0,,2,-97.146,10,15,7,343,0.4519
8.198,9.347,0.0,21652.63,5.5,68.797,0.8,,4,-56.695,1,20,13,2456,0.4634
8.42,9.628,0.0,31324.0,5.5,56.88,0.85,,6,-37.352,1,20,13,1639,0.4649
8.42,9.72,0.0,37930.69,5.5,43.386,0.9,,5,-24.139,1,20,13,1262,0.4659
8.627,9.62,0.0,36187.69,5.5,50.593,0.95,,6,-27.625,1,20,13,948,0.4684
8.971,9.891,0.0,39681.56,5.5,41.754,1.0,,7,-20.637,1,20,13,676,0.4734
8.198,9.347,0.0,6261.38,5.5,93.476,0.8,,4,-87.477,2,20,13,2456,0.4634
8.42,9.628,0.0116,7063.31,5.5,90.585,0.85,,5,-85.873,2,20,13,1639,0.4649
8.42,9.72,0.0,13223.31,5.5,81.781,0.9,,5,-73.553,2,20,13,1262,0.4659
8.627,9.62,0.0,15479.94,5.5,84.483,0.95,,4,-69.04,2,20,13,948,0.4684
8.971,9.891,0.0,20231.63,5.5,71.748,1.0,,4,-59.537,2,20,13,676,0.4734
7.604,8.118,0.0,2487.06,5.5,97.159,0.8,,0,-95.026,3,20,6,1045,0.4603
8.493,9.828,0.0245,2704.06,5.5,96.545,0.85,,1,-94.592,3,20,8,1030,0.4592
8.465,9.79,0.0,2670.81,5.5,96.189,0.9,,2,-94.658,3,20,13,1237,0.4648
8.627,9.62,0.0,4415.56,5.5,96.372,0.95,,3,-91.169,3,20,13,948,0.4684
8.971,9.891,0.0,6791.63,5.5,91.986,1.0,,4,-86.417,3,20,13,676,0.4734
7.587,8.194,0.0,2022.44,5.5,97.96,0.8,,0,-95.955,4,20,4,585,0.4462
8.142,9.659,0.0603,1251.56,5.5,98.522,0.85,,2,-97.497,4,20,7,846,0.4586
8.23,9.946,0.0025,2019.38,5.5,97.344,0.9,,1,-95.961,4,20,7,643,0.451
8.648,9.935,0.0,1812.44,5.5,98.435,0.95,,2,-96.375,4,20,8,586,0.4608
9.01,10.029,0.0,1962.06,5.5,97.764,1.0,,4,-96.076,4,20,12,657,0.4703
7.649,8.287,0.0,1590.63,5.5,98.494,0.8,,0,-96.819,5,20,4,551,0.4519
7.647,8.308,0.0276,1605.06,5.5,98.185,0.85,,1,-96.79,5,20,6,696,0.4641
7.952,9.847,0.0,1561.75,5.5,98.091,0.9,,0,-96.876,5,20,7,625,0.4544
8.209,9.513,0.0,1634.38,5.5,98.784,0.95,,2,-96.731,5,20,7,486,0.4527
8.394,9.182,0.0,1479.5,5.5,98.496,1.0,,2,-97.041,5,20,7,348,0.4483
7.768,7.846,0.0,1437.5,5.5,98.687,0.8,,0,-97.125,6,20,3,417,0.4628
7.603,8.171,0.0,1398.56,5.5,98.449,0.85,,0,-97.203,6,20,4,451,0.4501
7.576,8.438,0.0,1479.94,5.5,98.267,0.9,,0,-97.04,6,20,6,532,0.4568
8.21,9.513,0.0,989.06,5.5,99.313,0.95,,2,-98.022,6,20,7,485,0.4536
8.273,9.177,0.0,451.38,5.5,99.57,1.0,,2,-99.097,6,20,7,343,0.4519
7.768,7.846,0.0,1437.5,5.5,98.687,0.8,,0,-97.125,7,20,3,417,0.4628
7.603,8.171,0.0,1398.56,5.5,98.449,0.85,,0,-97.203,7,20,4,451,0.4501
7.576,8.438,0.0,1479.94,5.5,98.267,0.9,,0,-97.04,7,20,6,532,0.4568
8.21,9.513,0.0,989.06,5.5,99.313,0.95,,2,-98.022,7,20,7,485,0.4536
8.273,9.177,0.0,451.38,5.5,99.57,1.0,,2,-99.097,7,20,7,343,0.4519
7.768,7.846,0.0,1437.5,5.5,98.687,0.8,,0,-97.125,8,20,3,417,0.4628
7.603,8.171,0.0,1398.56,5.5,98.449,0.85,,0,-97.203,8,20,4,451,0.4501
7.576,8.438,0.0,1479.94,5.5,98.267,0.9,,0,-97.04,8,20,6,532,0.4568
8.21,9.513,0.0,989.06,5.5,99.313,0.95,,2,-98.022,8,20,7,485,0.4536
8.273,9.177,0.0,451.38,5.5,99.57,1.0,,2,-99.097,8,20,7,343,0.4519
7.768,7.846,0.0,1437.5,5.5,98.687,0.8,,0,-97.125,9,20,3,417,0.4628
7.603,8.171,0.0,1398.56,5.5,98.449,0.85,,0,-97.203,9,20,4,451,0.4501
7.576,8.438,0.0,1479.94,5.5,98.267,0.9,,0,-97.04,9,20,6,532,0.4568
8.21,9.513,0.0,989.06,5.5,99.313,0.95,,2,-98.022,9,20,7,485,0.4536
8.273,9.177,0.0,451.38,5.5,99.57,1.0,,2,-99.097,9,20,7,343,0.4519
7.768,7.846,0.0,1437.5,5.5,98.687,0.8,,0,-97.125,10,20,3,417,0.4628
7.603,8.171,0.0,1398.56,5.5,98.449,0.85,,0,-97.203,10,20,4,451,0.4501
7.576,8.438,0.0,1479.94,5.5,98.267,0.9,,0,-97.04,10,20,6,532,0.4568
8.21,9.513,0.0,989.06,5.5,99.313,0.95,,2,-98.022,10,20,7,485,0.4536
8.273,9.177,0.0,451.38,5.5,99.57,1.0,,2,-99.097,10,20,7,343,0.4519
8.196,9.347,0.0,21105.75,5.5,68.871,0.8,,4,-57.788,1,25,13,2456,0.4634
8.42,9.628,0.0,31324.0,5.5,56.88,0.85,,6,-37.352,1,25,13,1639,0.4649
8.42,9.72,0.0,37930.69,5.5,43.386,0.9,,5,-24.139,1,25,13,1262,0.4659
8.627,9.62,0.0,36187.69,5.5,50.593,0.95,,6,-27.625,1,25,13,948,0.4684
8.971,9.891,0.0,39681.56,5.5,41.754,1.0,,7,-20.637,1,25,13,676,0.4734
8.196,9.347,0.0,6264.0,5.5,93.472,0.8,,4,-87.472,2,25,13,2456,0.4634
8.42,9.628,0.0116,7063.31,5.5,90.585,0.85,,5,-85.873,2,25,13,1639,0.4649
8.42,9.72,0.0,13223.31,5.5,81.781,0.9,,5,-73.553,2,25,13,1262,0.4659
8.627,9.62,0.0,15479.94,5.5,84.483,0.95,,4,-69.04,2,25,13,948,0.4684
8.971,9.891,0.0,20231.63,5.5,71.748,1.0,,4,-59.537,2,25,13,676,0.4734
7.58,8.118,0.0,2732.06,5.5,96.879,0.8,,0,-94.536,3,25,6,1044,0.4607
8.493,9.828,0.0245,2704.06,5.5,96.545,0.85,,1,-94.592,3,25,8,1030,0.4592
8.465,9.79,0.0,2670.81,5.5,96.189,0.9,,2,-94.658,3,25,13,1237,0.4648
8.627,9.62,0.0,4415.56,5.5,96.372,0.95,,3,-91.169,3,25,13,948,0.4684
8.971,9.891,0.0,6791.63,5.5,91.986,1.0,,4,-86.417,3,25,13,676,0.4734
7.587,8.194,0.0,2022.44,5.5,97.96,0.8,,0,-95.955,4,25,4,585,0.4462
8.142,9.659,0.0603,1251.56,5.5,98.522,0.85,,2,-97.497,4,25,7,846,0.4586
8.23,9.946,0.0025,2019.38,5.5,97.344,0.9,,1,-95.961,4,25,7,643,0.451
8.648,9.935,0.0,1812.44,5.5,98.435,0.95,,2,-96.375,4,25,8,586,0.4608
9.01,10.029,0.0,1962.06,5.5,97.764,1.0,,4,-96.076,4,25,12,657,0.4703
7.649,8.287,0.0,1590.63,5.5,98.494,0.8,,0,-96.819,5,25,4,551,0.4519
7.647,8.308,0.0276,1605.06,5.5,98.185,0.85,,1,-96.79,5,25,6,696,0.4641
7.952,9.847,0.0,1561.75,5.5,98.091,0.9,,0,-96.876,5,25,7,625,0.4544
8.209,9.513,0.0,1634.38,5.5,98.784,0.95,,2,-96.731,5,25,7,486,0.4527
8.394,9.182,0.0,1479.5,5.5,98.496,1.0,,2,-97.041,5,25,7,348,0.4483
7.768,7.846,0.0,1437.5,5.5,98.687,0.8,,0,-97.125,6,25,3,417,0.4628
7.603,8.171,0.0,1398.56,5.5,98.449,0.85,,0,-97.203,6,25,4,451,0.4501
7.576,8.438,0.0,1479.94,5.5,98.267,0.9,,0,-97.04,6,25,6,532,0.4568
8.21,9.513,0.0,989.06,5.5,99.313,0.95,,2,-98.022,6,25,7,485,0.4536
8.273,9.177,0.0,451.38,5.5,99.57,1.0,,2,-99.097,6,25,7,343,0.4519
7.768,7.846,0.0,1437.5,5.5,98.687,0.8,,0,-97.125,7,25,3,417,0.4628
7.603,8.171,0.0,1398.56,5.5,98.449,0.85,,0,-97.203,7,25,4,451,0.4501
7.576,8.438,0.0,1479.94,5.5,98.267,0.9,,0,-97.04,7,25,6,532,0.4568
8.21,9.513,0.0,989.06,5.5,99.313,0.95,,2,-98.022,7,25,7,485,0.4536
8.273,9.177,0.0,451.38,5.5,99.57,1.0,,2,-99.097,7,25,7,343,0.4519
7.768,7.846,0.0,1437.5,5.5,98.687,0.8,,0,-97.125,8,25,3,417,0.4628
7.603,8.171,0.0,1398.56,5.5,98.449,0.85,,0,-97.203,8,25,4,451,0.4501
7.576,8.438,0.0,1479.94,5.5,98.267,0.9,,0,-97.04,8,25,6,532,0.4568
8.21,9.513,0.0,989.06,5.5,99.313,0.95,,2,-98.022,8,25,7,485,0.4536
8.273,9.177,0.0,451.38,5.5,99.57,1.0,,2,-99.097,8,25,7,343,0.4519
7.768,7.846,0.0,1437.5,5.5,98.687,0.8,,0,-97.125,9,25,3,417,0.4628
7.603,8.171,0.0,1398.56,5.5,98.449,0.85,,0,-97.203,9,25,4,451,0.4501
7.576,8.438,0.0,1479.94,5.5,98.267,0.9,,0,-97.04,9,25,6,532,0.4568
8.21,9.513,0.0,989.06,5.5,99.313,0.95,,2,-98.022,9,25,7,485,0.4536
8.273,9.177,0.0,451.38,5.5,99.57,1.0,,2,-99.097,9,25,7,343,0.4519
7.768,7.846,0.0,1437.5,5.5,98.687,0.8,,0,-97.125,10,25,3,417,0.4628
7.603,8.171,0.0,1398.56,5.5,98.449,0.85,,0,-97.203,10,25,4,451,0.4501
7.576,8.438,0.0,1479.94,5.5,98.267,0.9,,0,-97.04,10,25,6,532,0.4568
8.21,9.513,0.0,989.06,5.5,99.313,0.95,,2,-98.022,10,25,7,485,0.4536
8.273,9.177,0.0,451.38,5.5,99.57,1.0,,2,-99.097,10,25,7,343,0.4519
8.2,9.345,0.0,21083.88,5.5,68.921,0.8,,4,-57.832,1,30,13,2456,0.4629
8.42,9.628,0.0,31324.0,5.5,56.88,0.85,,6,-37.352,1,30,13,1639,0.4649
8.42,9.72,0.0,37930.69,5.5,43.386,0.9,,5,-24.139,1,30,13,1262,0.4659
8.627,9.62,0.0,36187.69,5.5,50.593,0.95,,6,-27.625,1,30,13,948,0.4684
8.971,9.891,0.0,39681.56,5.5,41.754,1.0,,7,-20.637,1,30,13,676,0.4734
8.2,9.345,0.0,6254.38,5.5,93.485,0.8,,4,-87.491,2,30,13,2456,0.4629
8.42,9.628,0.0116,7063.31,5.5,90.585,0.85,,5,-85.873,2,30,13,1639,0.4649
8.42,9.72,0.0,13223.31,5.5,81.781,0.9,,5,-73.553,2,30,13,1262,0.4659
8.627,9.62,0.0,15479.94,5.5,84.483,0.95,,4,-69.04,2,30,13,948,0.4684
8.971,9.891,0.0,20231.63,5.5,71.748,1.0,,4,-59.537,2,30,13,676,0.4734
7.589,8.112,0.0,2719.38,5.5,96.894,0.8,,0,-94.561,3,30,6,1044,0.4598
8.493,9.828,0.0245,2704.06,5.5,96.545,0.85,,1,-94.592,3,30,8,1030,0.4592
8.465,9.79,0.0,2670.81,5.5,96.189,0.9,,2,-94.658,3,30,13,1237,0.4648
8.627,9.62,0.0,4415.56,5.5,96.372,0.95,,3,-91.169,3,30,13,948,0.4684
8.971,9.891,0.0,6791.63,5.5,91.986,1.0,,4,-86.417,3,30,13,676,0.4734
7.587,8.194,0.0,2022.44,5.5,97.96,0.8,,0,-95.955,4,30,4,585,0.4462
8.142,9.659,0.0603,1251.56,5.5,98.522,0.85,,2,-97.497,4,30,7,846,0.4586
8.23,9.946,0.0025,2019.38,5.5,97.344,0.9,,1,-95.961,4,30,7,643,0.451
8.648,9.935,0.0,1812.44,5.5,98.435,0.95,,2,-96.375,4,30,8,586,0.4608
9.01,10.029,0.0,1962.06,5.5,97.764,1.0,,4,-96.076,4,30,12,657,0.4703
7.649,8.287,0.0,1590.63,5.5,98.494,0.8,,0,-96.819,5,30,4,551,0.4519
7.647,8.308,0.0276,1605.06,5.5,98.185,0.85,,1,-96.79,5,30,6,696,0.4641
7.952,9.847,0.0,1561.75,5.5,98.091,0.9,,0,-96.876,5,30,7,625,0.4544
8.209,9.513,0.0,1634.38,5.5,98.784,0.95,,2,-96.731,5,30,7,486,0.4527
8.394,9.182,0.0,1479.5,5.5,98.496,1.0,,2,-97.041,5,30,7,348,0.4483
7.768,7.846,0.0,1437.5,5.5,98.687,0.8,,0,-97.125,6,30,3,417,0.4628
7.603,8.171,0.0,1398.56,5.5,98.449,0.85,,0,-97.203,6,30,4,451,0.4501
7.576,8.438,0.0,1479.94,5.5,98.267,0.9,,0,-97.04,6,30,6,532,0.4568
8.21,9.513,0.0,989.06,5.5,99.313,0.95,,2,-98.022,6,30,7,485,0.4536
8.273,9.177,0.0,451.38,5.5,99.57,1.0,,2,-99.097,6,30,7,343,0.4519
7.768,7.846,0.0,1437.5,5.5,98.687,0.8,,0,-97.125,7,30,3,417,0.4628
7.603,8.171,0.0,1398.56,5.5,98.449,0.85,,0,-97.203,7,30,4,451,0.4501
7.576,8.438,0.0,1479.94,5.5,98.267,0.9,,0,-97.04,7,30,6,532,0.4568
8.21,9.513,0.0,989.06,5.5,99.313,0.95,,2,-98.022,7,30,7,485,0.4536
8.273,9.177,0.0,451.38,5.5,99.57,1.0,,2,-99.097,7,30,7,343,0.4519
7.768,7.846,0.0,1437.5,5.5,98.687,0.8,,0,-97.125,8,30,3,417,0.4628
7.603,8.171,0.0,1398.56,5.5,98.449,0.85,,0,-97.203,8,30,4,451,0.4501
7.576,8.438,0.0,1479.94,5.5,98.267,0.9,,0,-97.04,8,30,6,532,0.4568
8.21,9.513,0.0,989.06,5.5,99.313,0.95,,2,-98.022,8,30,7,485,0.4536
8.273,9.177,0.0,451.38,5.5,99.57,1.0,,2,-99.097,8,30,7,343,0.4519
7.768,7.846,0.0,1437.5,5.5,98.687,0.8,,0,-97.125,9,30,3,417,0.4628
7.603,8.171,0.0,1398.56,5.5,98.449,0.85,,0,-97.203,9,30,4,451,0.4501
7.576,8.438,0.0,1479.94,5.5,98.267,0.9,,0,-97.04,9,30,6,532,0.4568
8.21,9.513,0.0,989.06,5.5,99.313,0.95,,2,-98.022,9,30,7,485,0.4536
8.273,9.177,0.0,451.38,5.5,99.57,1.0,,2,-99.097,9,30,7,343,0.4519
7.768,7.846,0.0,1437.5,5.5,98.687,0.8,,0,-97.125,10,30,3,417,0.4628
7.603,8.171,0.0,1398.56,5.5,98.449,0.85,,0,-97.203,10,30,4,451,0.4501
7.576,8.438,0.0,1479.94,5.5,98.267,0.9,,0,-97.04,10,30,6,532,0.4568
8.21,9.513,0.0,989.06,5.5,99.313,0.95,,2,-98.022,10,30,7,485,0.4536
8.273,9.177,0.0,451.38,5.5,99.57,1.0,,2,-99.097,10,30,7,343,0.4519
8.2,9.345,0.0,21083.88,5.5,68.921,0.8,,4,-57.832,1,35,13,2456,0.4629
8.42,9.628,0.0,31324.0,5.5,56.88,0.85,,6,-37.352,1,35,13,1639,0.4649
8.42,9.72,0.0,37930.69,5.5,43.386,0.9,,5,-24.139,1,35,13,1262,0.4659
8.627,9.62,0.0,36187.69,5.5,50.593,0.95,,6,-27.625,1,35,13,948,0.4684
8.971,9.891,0.0,39681.56,5.5,41.754,1.0,,7,-20.637,1,35,13,676,0.4734
8.2,9.345,0.0,6254.38,5.5,93.485,0.8,,4,-87.491,2,35,13,2456,0.4629
8.42,9.628,0.0116,7063.31,5.5,90.585,0.85,,5,-85.873,2,35,13,1639,0.4649
8.42,9.72,0.0,13223.31,5.5,81.781,0.9,,5,-73.553,2,35,13,1262,0.4659
8.627,9.62,0.0,15479.94,5.5,84.483,0.95,,4,-69.04,2,35,13,948,0.4684
8.971,9.891,0.0,20231.63,5.5,71.748,1.0,,4,-59.537,2,35,13,676,0.4734
7.589,8.112,0.0,2719.38,5.5,96.894,0.8,,0,-94.561,3,35,6,1044,0.4598
8.493,9.828,0.0245,2704.06,5.5,96.545,0.85,,1,-94.592,3,35,8,1030,0.4592
8.465,9.79,0.0,2670.81,5.5,96.189,0.9,,2,-94.658,3,35,13,1237,0.4648
8.627,9.62,0.0,4415.56,5.5,96.372,0.95,,3,-91.169,3,35,13,948,0.4684
8.971,9.891,0.0,6791.63,5.5,91.986,1.0,,4,-86.417,3,35,13,676,0.4734
7.587,8.194,0.0,2022.44,5.5,97.96,0.8,,0,-95.955,4,35,4,585,0.4462
8.142,9.659,0.0603,1251.56,5.5,98.522,0.85,,2,-97.497,4,35,7,846,0.4586
8.23,9.946,0.0025,2019.38,5.5,97.344,0.9,,1,-95.961,4,35,7,643,0.451
8.648,9.935,0.0,1812.44,5.5,98.435,0.95,,2,-96.375,4,35,8,586,0.4608
9.01,10.029,0.0,1962.06,5.5,97.764,1.0,,4,-96.076,4,35,12,657,0.4703
7.649,8.287,0.0,1590.63,5.5,98.494,0.8,,0,-96.819,5,35,4,551,0.4519
7.647,8.308,0.0276,1605.06,5.5,98.185,0.85,,1,-96.79,5,35,6,696,0.4641
7.952,9.847,0.0,1561.75,5.5,98.091,0.9,,0,-96.876,5,35,7,625,0.4544
8.209,9.513,0.0,1634.38,5.5,98.784,0.95,,2,-96.731,5,35,7,486,0.4527
8.394,9.182,0.0,1479.5,5.5,98.496,1.0,,2,-97.041,5,35,7,348,0.4483
7.768,7.846,0.0,1437.5,5.5,98.687,0.8,,0,-97.125,6,35,3,417,0.4628
7.603,8.171,0.0,1398.56,5.5,98.449,0.85,,0,-97.203,6,35,4,451,0.4501
7.576,8.438,0.0,1479.94,5.5,98.267,0.9,,0,-97.04,6,35,6,532,0.4568
8.21,9.513,0.0,989.06,5.5,99.313,0.95,,2,-98.022,6,35,7,485,0.4536
8.273,9.177,0.0,451.38,5.5,99.57,1.0,,2,-99.097,6,35,7,343,0.4519
7.768,7.846,0.0,1437.5,5.5,98.687,0.8,,0,-97.125,7,35,3,417,0.4628
7.603,8.171,0.0,1398.56,5.5,98.449,0.85,,0,-97.203,7,35,4,451,0.4501
7.576,8.438,0.0,1479.94,5.5,98.267,0.9,,0,-97.04,7,35,6,532,0.4568
8.21,9.513,0.0,989.06,5.5,99.313,0.95,,2,-98.022,7,35,7,485,0.4536
8.273,9.177,0.0,451.38,5.5,99.57,1.0,,2,-99.097,7,35,7,343,0.4519
7.768,7.846,0.0,1437.5,5.5,98.687,0.8,,0,-97.125,8,35,3,417,0.4628
7.603,8.171,0.0,1398.56,5.5,98.449,0.85,,0,-97.203,8,35,4,451,0.4501
7.576,8.438,0.0,1479.94,5.5,98.267,0.9,,0,-97.04,8,35,6,532,0.4568
8.21,9.513,0.0,989.06,5.5,99.313,0.95,,2,-98.022,8,35,7,485,0.4536
8.273,9.177,0.0,451.38,5.5,99.57,1.0,,2,-99.097,8,35,7,343,0.4519
7.768,7.846,0.0,1437.5,5.5,98.687,0.8,,0,-97.125,9,35,3,417,0.4628
7.603,8.171,0.0,1398.56,5.5,98.449,0.85,,0,-97.203,9,35,4,451,0.4501
7.576,8.438,0.0,1479.94,5.5,98.267,0.9,,0,-97.04,9,35,6,532,0.4568
8.21,9.513,0.0,989.06,5.5,99.313,0.95,,2,-98.022,9,35,7,485,0.4536
8.273,9.177,0.0,451.38,5.5,99.57,1.0,,2,-99.097,9,35,7,343,0.4519
7.768,7.846,0.0,1437.5,5.5,98.687,0.8,,0,-97.125,10,35,3,417,0.4628
7.603,8.171,0.0,1398.56,5.5,98.449,0.85,,0,-97.203,10,35,4,451,0.4501
7.576,8.438,0.0,1479.94,5.5,98.267,0.9,,0,-97.04,10,35,6,532,0.4568
8.21,9.513,0.0,989.06,5.5,99.313,0.95,,2,-98.022,10,35,7,485,0.4536
8.273,9.177,0.0,451.38,5.5,99.57,1.0,,2,-99.097,10,35,7,343,0.4519
8.2,9.345,0.0,21083.88,5.5,68.921,0.8,,4,-57.832,1,40,13,2456,0.4629
8.42,9.628,0.0,31324.0,5.5,56.88,0.85,,6,-37.352,1,40,13,1639,0.4649
8.42,9.72,0.0,37930.69,5.5,43.386,0.9,,5,-24.139,1,40,13,1262,0.4659
8.627,9.62,0.0,36187.69,5.5,50.593,0.95,,6,-27.625,1,40,13,948,0.4684
8.971,9.891,0.0,39681.56,5.5,41.754,1.0,,7,-20.637,1,40,13,676,0.4734
8.2,9.345,0.0,6254.38,5.5,93.485,0.8,,4,-87.491,2,40,13,2456,0.4629
8.42,9.628,0.0116,7063.31,5.5,90.585,0.85,,5,-85.873,2,40,13,1639,0.4649
8.42,9.72,0.0,13223.31,5.5,81.781,0.9,,5,-73.553,2,40,13,1262,0.4659
8.627,9.62,0.0,15479.94,5.5,84.483,0.95,,4,-69.04,2,40,13,948,0.4684
8.971,9.891,0.0,20231.63,5.5,71.748,1.0,,4,-59.537,2,40,13,676,0.4734
7.589,8.112,0.0,2719.38,5.5,96.894,0.8,,0,-94.561,3,40,6,1044,0.4598
8.493,9.828,0.0245,2704.06,5.5,96.545,0.85,,1,-94.592,3,40,8,1030,0.4592
8.465,9.79,0.0,2670.81,5.5,96.189,0.9,,2,-94.658,3,40,13,1237,0.4648
8.627,9.62,0.0,4415.56,5.5,96.372,0.95,,3,-91.169,3,40,13,948,0.4684
8.971,9.891,0.0,6791.63,5.5,91.986,1.0,,4,-86.417,3,40,13,676,0.4734
7.587,8.194,0.0,2022.44,5.5,97.96,0.8,,0,-95.955,4,40,4,585,0.4462
8.142,9.659,0.0603,1251.56,5.5,98.522,0.85,,2,-97.497,4,40,7,846,0.4586
8.23,9.946,0.0025,2019.38,5.5,97.344,0.9,,1,-95.961,4,40,7,643,0.451
8.648,9.935,0.0,1812.44,5.5,98.435,0.95,,2,-96.375,4,40,8,586,0.4608
9.01,10.029,0.0,1962.06,5.5,97.764,1.0,,4,-96.076,4,40,12,657,0.4703
7.649,8.287,0.0,1590.63,5.5,98.494,0.8,,0,-96.819,5,40,4,551,0.4519
7.647,8.308,0.0276,1605.06,5.5,98.185,0.85,,1,-96.79,5,40,6,696,0.4641
7.952,9.847,0.0,1561.75,5.5,98.091,0.9,,0,-96.876,5,40,7,625,0.4544
8.209,9.513,0.0,1634.38,5.5,98.784,0.95,,2,-96.731,5,40,7,486,0.4527
8.394,9.182,0.0,1479.5,5.5,98.496,1.0,,2,-97.041,5,40,7,348,0.4483
7.768,7.846,0.0,1437.5,5.5,98.687,0.8,,0,-97.125,6,40,3,417,0.4628
7.603,8.171,0.0,1398.56,5.5,98.449,0.85,,0,-97.203,6,40,4,451,0.4501
7.576,8.438,0.0,1479.94,5.5,98.267,0.9,,0,-97.04,6,40,6,532,0.4568
8.21,9.513,0.0,989.06,5.5,99.313,0.95,,2,-98.022,6,40,7,485,0.4536
8.273,9.177,0.0,451.38,5.5,99.57,1.0,,2,-99.097,6,40,7,343,0.4519
7.768,7.846,0.0,1437.5,5.5,98.687,0.8,,0,-97.125,7,40,3,417,0.4628
7.603,8.171,0.0,1398.56,5.5,98.449,0.85,,0,-97.203,7,40,4,451,0.4501
7.576,8.438,0.0,1479.94,5.5,98.267,0.9,,0,-97.04,7,40,6,532,0.4568
8.21,9.513,0.0,989.06,5.5,99.313,0.95,,2,-98.022,7,40,7,485,0.4536
8.273,9.177,0.0,451.38,5.5,99.57,1.0,,2,-99.097,7,40,7,343,0.4519
7.768,7.846,0.0,1437.5,5.5,98.687,0.8,,0,-97.125,8,40,3,417,0.4628
7.603,8.171,0.0,1398.56,5.5,98.449,0.85,,0,-97.203,8,40,4,451,0.4501
7.576,8.438,0.0,1479.94,5.5,98.267,0.9,,0,-97.04,8,40,6,532,0.4568
8.21,9.513,0.0,989.06,5.5,99.313,0.95,,2,-98.022,8,40,7,485,0.4536
8.273,9.177,0.0,451.38,5.5,99.57,1.0,,2,-99.097,8,40,7,343,0.4519
7.768,7.846,0.0,1437.5,5.5,98.687,0.8,,0,-97.125,9,40,3,417,0.4628
7.603,8.171,0.0,1398.56,5.5,98.449,0.85,,0,-97.203,9,40,4,451,0.4501
7.576,8.438,0.0,1479.94,5.5,98.267,0.9,,0,-97.04,9,40,6,532,0.4568
8.21,9.513,0.0,989.06,5.5,99.313,0.95,,2,-98.022,9,40,7,485,0.4536
8.273,9.177,0.0,451.38,5.5,99.57,1.0,,2,-99.097,9,40,7,343,0.4519
7.768,7.846,0.0,1437.5,5.5,98.687,0.8,,0,-97.125,10,40,3,417,0.4628
7.603,8.171,0.0,1398.56,5.5,98.449,0.85,,0,-97.203,10,40,4,451,0.4501
7.576,8.438,0.0,1479.94,5.5,98.267,0.9,,0,-97.04,10,40,6,532,0.4568
8.21,9.513,0.0,989.06,5.5,99.313,0.95,,2,-98.022,10,40,7,485,0.4536
8.273,9.177,0.0,451.38,5.5,99.57,1.0,,2,-99.097,10,40,7,343,0.4519
8.2,9.345,0.0,21083.88,5.5,68.921,0.8,,4,-57.832,1,45,13,2456,0.4629
8.42,9.628,0.0,31324.0,5.5,56.88,0.85,,6,-37.352,1,45,13,1639,0.4649
8.42,9.72,0.0,37930.69,5.5,43.386,0.9,,5,-24.139,1,45,13,1262,0.4659
8.627,9.62,0.0,36187.69,5.5,50.593,0.95,,6,-27.625,1,45,13,948,0.4684
8.971,9.891,0.0,39681.56,5.5,41.754,1.0,,7,-20.637,1,45,13,676,0.4734
8.2,9.345,0.0,6254.38,5.5,93.485,0.8,,4,-87.491,2,45,13,2456,0.4629
8.42,9.628,0.0116,7063.31,5.5,90.585,0.85,,5,-85.873,2,45,13,1639,0.4649
8.42,9.72,0.0,13223.31,5.5,81.781,0.9,,5,-73.553,2,45,13,1262,0.4659
8.627,9.62,0.0,15479.94,5.5,84.483,0.95,,4,-69.04,2,45,13,948,0.4684
8.971,9.891,0.0,20231.63,5.5,71.748,1.0,,4,-59.537,2,45,13,676,0.4734
7.589,8.112,0.0,2719.38,5.5,96.894,0.8,,0,-94.561,3,45,6,1044,0.4598
8.493,9.828,0.0245,2704.06,5.5,96.545,0.85,,1,-94.592,3,45,8,1030,0.4592
8.465,9.79,0.0,2670.81,5.5,96.189,0.9,,2,-94.658,3,45,13,1237,0.4648
8.627,9.62,0.0,4415.56,5.5,96.372,0.95,,3,-91.169,3,45,13,948,0.4684
8.971,9.891,0.0,6791.63,5.5,91.986,1.0,,4,-86.417,3,45,13,676,0.4734
7.587,8.194,0.0,2022.44,5.5,97.96,0.8,,0,-95.955,4,45,4,585,0.4462
8.142,9.659,0.0603,1251.56,5.5,98.522,0.85,,2,-97.497,4,45,7,846,0.4586
8.23,9.946,0.0025,2019.38,5.5,97.344,0.9,,1,-95.961,4,45,7,643,0.451
8.648,9.935,0.0,1812.44,5.5,98.435,0.95,,2,-96.375,4,45,8,586,0.4608
9.01,10.029,0.0,1962.06,5.5,97.764,1.0,,4,-96.076,4,45,12,657,0.4703
7.649,8.287,0.0,1590.63,5.5,98.494,0.8,,0,-96.819,5,45,4,551,0.4519
7.647,8.308,0.0276,1605.06,5.5,98.185,0.85,,1,-96.79,5,45,6,696,0.4641
7.952,9.847,0.0,1561.75,5.5,98.091,0.9,,0,-96.876,5,45,7,625,0.4544
8.209,9.513,0.0,1634.38,5.5,98.784,0.95,,2,-96.731,5,45,7,486,0.4527
8.394,9.182,0.0,1479.5,5.5,98.496,1.0,,2,-97.041,5,45,7,348,0.4483
7.768,7.846,0.0,1437.5,5.5,98.687,0.8,,0,-97.125,6,45,3,417,0.4628
7.603,8.171,0.0,1398.56,5.5,98.449,0.85,,0,-97.203,6,45,4,451,0.4501
7.576,8.438,0.0,1479.94,5.5,98.267,0.9,,0,-97.04,6,45,6,532,0.4568
8.21,9.513,0.0,989.06,5.5,99.313,0.95,,2,-98.022,6,45,7,485,0.4536
8.273,9.177,0.0,451.38,5.5,99.57,1.0,,2,-99.097,6,45,7,343,0.4519
7.768,7.846,0.0,1437.5,5.5,98.687,0.8,,0,-97.125,7,45,3,417,0.4628
7.603,8.171,0.0,1398.56,5.5,98.449,0.85,,0,-97.203,7,45,4,451,0.4501
7.576,8.438,0.0,1479.94,5.5,98.267,0.9,,0,-97.04,7,45,6,532,0.4568
8.21,9.513,0.0,989.06,5.5,99.313,0.95,,2,-98.022,7,45,7,485,0.4536
8.273,9.177,0.0,451.38,5.5,99.57,1.0,,2,-99.097,7,45,7,343,0.4519
7.768,7.846,0.0,1437.5,5.5,98.687,0.8,,0,-97.125,8,45,3,417,0.4628
7.603,8.171,0.0,1398.56,5.5,98.449,0.85,,0,-97.203,8,45,4,451,0.4501
7.576,8.438,0.0,1479.94,5.5,98.267,0.9,,0,-97.04,8,45,6,532,0.4568
8.21,9.513,0.0,989.06,5.5,99.313,0.95,,2,-98.022,8,45,7,485,0.4536
8.273,9.177,0.0,451.38,5.5,99.57,1.0,,2,-99.097,8,45,7,343,0.4519
7.768,7.846,0.0,1437.5,5.5,98.687,0.8,,0,-97.125,9,45,3,417,0.4628
7.603,8.171,0.0,1398.56,5.5,98.449,0.85,,0,-97.203,9,45,4,451,0.4501
7.576,8.438,0.0,1479.94,5.5,98.267,0.9,,0,-97.04,9,45,6,532,0.4568
8.21,9.513,0.0,989.06,5.5,99.313,0.95,,2,-98.022,9,45,7,485,0.4536
8.273,9.177,0.0,451.38,5.5,99.57,1.0,,2,-99.097,9,45,7,343,0.4519
7.768,7.846,0.0,1437.5,5.5,98.687,0.8,,0,-97.125,10,45,3,417,0.4628
7.603,8.171,0.0,1398.56,5.5,98.449,0.85,,0,-97.203,10,45,4,451,0.4501
7.576,8.438,0.0,1479.94,5.5,98.267,0.9,,0,-97.04,10,45,6,532,0.4568
8.21,9.513,0.0,989.06,5.5,99.313,0.95,,2,-98.022,10,45,7,485,0.4536
8.273,9.177,0.0,451.38,5.5,99.57,1.0,,2,-99.097,10,45,7,343,0.4519
8.2,9.345,0.0,21083.88,5.5,68.921,0.8,,4,-57.832,1,50,13,2456,0.4629
8.42,9.628,0.0,31324.0,5.5,56.88,0.85,,6,-37.352,1,50,13,1639,0.4649
8.42,9.72,0.0,37930.69,5.5,43.386,0.9,,5,-24.139,1,50,13,1262,0.4659
8.627,9.62,0.0,36187.69,5.5,50.593,0.95,,6,-27.625,1,50,13,948,0.4684
8.971,9.891,0.0,39681.56,5.5,41.754,1.0,,7,-20.637,1,50,13,676,0.4734
8.2,9.345,0.0,6254.38,5.5,93.485,0.8,,4,-87.491,2,50,13,2456,0.4629
8.42,9.628,0.0116,7063.31,5.5,90.585,0.85,,5,-85.873,2,50,13,1639,0.4649
8.42,9.72,0.0,13223.31,5.5,81.781,0.9,,5,-73.553,2,50,13,1262,0.4659
8.627,9.62,0.0,15479.94,5.5,84.483,0.95,,4,-69.04,2,50,13,948,0.4684
8.971,9.891,0.0,20231.63,5.5,71.748,1.0,,4,-59.537,2,50,13,676,0.4734
7.589,8.112,0.0,2719.38,5.5,96.894,0.8,,0,-94.561,3,50,6,1044,0.4598
8.493,9.828,0.0245,2704.06,5.5,96.545,0.85,,1,-94.592,3,50,8,1030,0.4592
8.465,9.79,0.0,2670.81,5.5,96.189,0.9,,2,-94.658,3,50,13,1237,0.4648
8.627,9.62,0.0,4415.56,5.5,96.372,0.95,,3,-91.169,3,50,13,948,0.4684
8.971,9.891,0.0,6791.63,5.5,91.986,1.0,,4,-86.417,3,50,13,676,0.4734
7.587,8.194,0.0,2022.44,5.5,97.96,0.8,,0,-95.955,4,50,4,585,0.4462
8.142,9.659,0.0603,1251.56,5.5,98.522,0.85,,2,-97.497,4,50,7,846,0.4586
8.23,9.946,0.0025,2019.38,5.5,97.344,0.9,,1,-95.961,4,50,7,643,0.451
8.648,9.935,0.0,1812.44,5.5,98.435,0.95,,2,-96.375,4,50,8,586,0.4608
9.01,10.029,0.0,1962.06,5.5,97.764,1.0,,4,-96.076,4,50,12,657,0.4703
7.649,8.287,0.0,1590.63,5.5,98.494,0.8,,0,-96.819,5,50,4,551,0.4519
7.647,8.308,0.0276,1605.06,5.5,98.185,0.85,,1,-96.79,5,50,6,696,0.4641
7.952,9.847,0.0,1561.75,5.5,98.091,0.9,,0,-96.876,5,50,7,625,0.4544
8.209,9.513,0.0,1634.38,5.5,98.784,0.95,,2,-96.731,5,50,7,486,0.4527
8.394,9.182,0.0,1479.5,5.5,98.496,1.0,,2,-97.041,5,50,7,348,0.4483
7.768,7.846,0.0,1437.5,5.5,98.687,0.8,,0,-97.125,6,50,3,417,0.4628
7.603,8.171,0.0,1398.56,5.5,98.449,0.85,,0,-97.203,6,50,4,451,0.4501
7.576,8.438,0.0,1479.94,5.5,98.267,0.9,,0,-97.04,6,50,6,532,0.4568
8.21,9.513,0.0,989.06,5.5,99.313,0.95,,2,-98.022,6,50,7,485,0.4536
8.273,9.177,0.0,451.38,5.5,99.57,1.0,,2,-99.097,6,50,7,343,0.4519
7.768,7.846,0.0,1437.5,5.5,98.687,0.8,,0,-97.125,7,50,3,417,0.4628
7.603,8.171,0.0,1398.56,5.5,98.449,0.85,,0,-97.203,7,50,4,451,0.4501
7.576,8.438,0.0,1479.94,5.5,98.267,0.9,,0,-97.04,7,50,6,532,0.4568
8.21,9.513,0.0,989.06,5.5,99.313,0.95,,2,-98.022,7,50,7,485,0.4536
8.273,9.177,0.0,451.38,5.5,99.57,1.0,,2,-99.097,7,50,7,343,0.4519
7.768,7.846,0.0,1437.5,5.5,98.687,0.8,,0,-97.125,8,50,3,417,0.4628
7.603,8.171,0.0,1398.56,5.5,98.449,0.85,,0,-97.203,8,50,4,451,0.4501
7.576,8.438,0.0,1479.94,5.5,98.267,0.9,,0,-97.04,8,50,6,532,0.4568
8.21,9.513,0.0,989.06,5.5,99.313,0.95,,2,-98.022,8,50,7,485,0.4536
8.273,9.177,0.0,451.38,5.5,99.57,1.0,,2,-99.097,8,50,7,343,0.4519
7.768,7.846,0.0,1437.5,5.5,98.687,0.8,,0,-97.125,9,50,3,417,0.4628
7.603,8.171,0.0,1398.56,5.5,98.449,0.85,,0,-97.203,9,50,4,451,0.4501
7.576,8.438,0.0,1479.94,5.5,98.267,0.9,,0,-97.04,9,50,6,532,0.4568
8.21,9.513,0.0,989.06,5.5,99.313,0.95,,2,-98.022,9,50,7,485,0.4536
8.273,9.177,0.0,451.38,5.5,99.57,1.0,,2,-99.097,9,50,7,343,0.4519
7.768,7.846,0.0,1437.5,5.5,98.687,0.8,,0,-97.125,10,50,3,417,0.4628
7.603,8.171,0.0,1398.56,5.5,98.449,0.85,,0,-97.203,10,50,4,451,0.4501
7.576,8.438,0.0,1479.94,5.5,98.267,0.9,,0,-97.04,10,50,6,532,0.4568
8.21,9.513,0.0,989.06,5.5,99.313,0.95,,2,-98.022,10,50,7,485,0.4536
8.273,9.177,0.0,451.38,5.5,99.57,1.0,,2,-99.097,10,50,7,343,0.4519
8.2,9.345,0.0,21083.88,5.5,68.921,0.8,,4,-57.832,1,55,13,2456,0.4629
8.42,9.628,0.0,31324.0,5.5,56.88,0.85,,6,-37.352,1,55,13,1639,0.4649
8.42,9.72,0.0,37930.69,5.5,43.386,0.9,,5,-24.139,1,55,13,1262,0.4659
8.627,9.62,0.0,36187.69,5.5,50.593,0.95,,6,-27.625,1,55,13,948,0.4684
8.971,9.891,0.0,39681.56,5.5,41.754,1.0,,7,-20.637,1,55,13,676,0.4734
8.2,9.345,0.0,6254.38,5.5,93.485,0.8,,4,-87.491,2,55,13,2456,0.4629
8.42,9.628,0.0116,7063.31,5.5,90.585,0.85,,5,-85.873,2,55,13,1639,0.4649
8.42,9.72,0.0,13223.31,5.5,81.781,0.9,,5,-73.553,2,55,13,1262,0.4659
8.627,9.62,0.0,15479.94,5.5,84.483,0.95,,4,-69.04,2,55,13,948,0.4684
8.971,9.891,0.0,20231.63,5.5,71.748,1.0,,4,-59.537,2,55,13,676,0.4734
7.589,8.112,0.0,2719.38,5.5,96.894,0.8,,0,-94.561,3,55,6,1044,0.4598
8.493,9.828,0.0245,2704.06,5.5,96.545,0.85,,1,-94.592,3,55,8,1030,0.4592
8.465,9.79,0.0,2670.81,5.5,96.189,0.9,,2,-94.658,3,55,13,1237,0.4648
8.627,9.62,0.0,4415.56,5.5,96.372,0.95,,3,-91.169,3,55,13,948,0.4684
8.971,9.891,0.0,6791.63,5.5,91.986,1.0,,4,-86.417,3,55,13,676,0.4734
7.587,8.194,0.0,2022.44,5.5,97.96,0.8,,0,-95.955,4,55,4,585,0.4462
8.142,9.659,0.0603,1251.56,5.5,98.522,0.85,,2,-97.497,4,55,7,846,0.4586
8.23,9.946,0.0025,2019.38,5.5,97.344,0.9,,1,-95.961,4,55,7,643,0.451
8.648,9.935,0.0,1812.44,5.5,98.435,0.95,,2,-96.375,4,55,8,586,0.4608
9.01,10.029,0.0,1962.06,5.5,97.764,1.0,,4,-96.076,4,55,12,657,0.4703
7.649,8.287,0.0,1590.63,5.5,98.494,0.8,,0,-96.819,5,55,4,551,0.4519
7.647,8.308,0.0276,1605.06,5.5,98.185,0.85,,1,-96.79,5,55,6,696,0.4641
7.952,9.847,0.0,1561.75,5.5,98.091,0.9,,0,-96.876,5,55,7,625,0.4544
8.209,9.513,0.0,1634.38,5.5,98.784,0.95,,2,-96.731,5,55,7,486,0.4527
8.394,9.182,0.0,1479.5,5.5,98.496,1.0,,2,-97.041,5,55,7,348,0.4483
7.768,7.846,0.0,1437.5,5.5,98.687,0.8,,0,-97.125,6,55,3,417,0.4628
7.603,8.171,0.0,1398.56,5.5,98.449,0.85,,0,-97.203,6,55,4,451,0.4501
7.576,8.438,0.0,1479.94,5.5,98.267,0.9,,0,-97.04,6,55,6,532,0.4568
8.21,9.513,0.0,989.06,5.5,99.313,0.95,,2,-98.022,6,55,7,485,0.4536
8.273,9.177,0.0,451.38,5.5,99.57,1.0,,2,-99.097,6,55,7,343,0.4519
7.768,7.846,0.0,1437.5,5.5,98.687,0.8,,0,-97.125,7,55,3,417,0.4628
7.603,8.171,0.0,1398.56,5.5,98.449,0.85,,0,-97.203,7,55,4,451,0.4501
7.576,8.438,0.0,1479.94,5.5,98.267,0.9,,0,-97.04,7,55,6,532,0.4568
8.21,9.513,0.0,989.06,5.5,99.313,0.95,,2,-98.022,7,55,7,485,0.4536
8.273,9.177,0.0,451.38,5.5,99.57,1.0,,2,-99.097,7,55,7,343,0.4519
7.768,7.846,0.0,1437.5,5.5,98.687,0.8,,0,-97.125,8,55,3,417,0.4628
7.603,8.171,0.0,1398.56,5.5,98.449,0.85,,0,-97.203,8,55,4,451,0.4501
7.576,8.438,0.0,1479.94,5.5,98.267,0.9,,0,-97.04,8,55,6,532,0.4568
8.21,9.513,0.0,989.06,5.5,99.313,0.95,,2,-98.022,8,55,7,485,0.4536
8.273,9.177,0.0,451.38,5.5,99.57,1.0,,2,-99.097,8,55,7,343,0.4519
7.768,7.846,0.0,1437.5,5.5,98.687,0.8,,0,-97.125,9,55,3,417,0.4628
7.603,8.171,0.0,1398.56,5.5,98.449,0.85,,0,-97.203,9,55,4,451,0.4501
7.576,8.438,0.0,1479.94,5.5,98.267,0.9,,0,-97.04,9,55,6,532,0.4568
8.21,9.513,0.0,989.06,5.5,99.313,0.95,,2,-98.022,9,55,7,485,0.4536
8.273,9.177,0.0,451.38,5.5,99.57,1.0,,2,-99.097,9,55,7,343,0.4519
7.768,7.846,0.0,1437.5,5.5,98.687,0.8,,0,-97.125,10,55,3,417,0.4628
7.603,8.171,0.0,1398.56,5.5,98.449,0.85,,0,-97.203,10,55,4,451,0.4501
7.576,8.438,0.0,1479.94,5.5,98.267,0.9,,0,-97.04,10,55,6,532,0.4568
8.21,9.513,0.0,989.06,5.5,99.313,0.95,,2,-98.022,10,55,7,485,0.4536
8.273,9.177,0.0,451.38,5.5,99.57,1.0,,2,-99.097,10,55,7,343,0.4519
8.2,9.345,0.0,21083.88,5.5,68.921,0.8,,4,-57.832,1,60,13,2456,0.4629
8.42,9.628,0.0,31324.0,5.5,56.88,0.85,,6,-37.352,1,60,13,1639,0.4649
8.42,9.72,0.0,37930.69,5.5,43.386,0.9,,5,-24.139,1,60,13,1262,0.4659
8.627,9.62,0.0,36187.69,5.5,50.593,0.95,,6,-27.625,1,60,13,948,0.4684
8.971,9.891,0.0,39681.56,5.5,41.754,1.0,,7,-20.637,1,60,13,676,0.4734
8.2,9.345,0.0,6254.38,5.5,93.485,0.8,,4,-87.491,2,60,13,2456,0.4629
8.42,9.628,0.0116,7063.31,5.5,90.585,0.85,,5,-85.873,2,60,13,1639,0.4649
8.42,9.72,0.0,13223.31,5.5,81.781,0.9,,5,-73.553,2,60,13,1262,0.4659
8.627,9.62,0.0,15479.94,5.5,84.483,0.95,,4,-69.04,2,60,13,948,0.4684
8.971,9.891,0.0,20231.63,5.5,71.748,1.0,,4,-59.537,2,60,13,676,0.4734
7.589,8.112,0.0,2719.38,5.5,96.894,0.8,,0,-94.561,3,60,6,1044,0.4598
8.493,9.828,0.0245,2704.06,5.5,96.545,0.85,,1,-94.592,3,60,8,1030,0.4592
8.465,9.79,0.0,2670.81,5.5,96.189,0.9,,2,-94.658,3,60,13,1237,0.4648
8.627,9.62,0.0,4415.56,5.5,96.372,0.95,,3,-91.169,3,60,13,948,0.4684
8.971,9.891,0.0,6791.63,5.5,91.986,1.0,,4,-86.417,3,60,13,676,0.4734
7.587,8.194,0.0,2022.44,5.5,97.96,0.8,,0,-95.955,4,60,4,585,0.4462
8.142,9.659,0.0603,1251.56,5.5,98.522,0.85,,2,-97.497,4,60,7,846,0.4586
8.23,9.946,0.0025,2019.38,5.5,97.344,0.9,,1,-95.961,4,60,7,643,0.451
8.648,9.935,0.0,1812.44,5.5,98.435,0.95,,2,-96.375,4,60,8,586,0.4608
9.01,10.029,0.0,1962.06,5.5,97.764,1.0,,4,-96.076,4,60,12,657,0.4703
7.649,8.287,0.0,1590.63,5.5,98.494,0.8,,0,-96.819,5,60,4,551,0.4519
7.647,8.308,0.0276,1605.06,5.5,98.185,0.85,,1,-96.79,5,60,6,696,0.4641
7.952,9.847,0.0,1561.75,5.5,98.091,0.9,,0,-96.876,5,60,7,625,0.4544
8.209,9.513,0.0,1634.38,5.5,98.784,0.95,,2,-96.731,5,60,7,486,0.4527
8.394,9.182,0.0,1479.5,5.5,98.496,1.0,,2,-97.041,5,60,7,348,0.4483
7.768,7.846,0.0,1437.5,5.5,98.687,0.8,,0,-97.125,6,60,3,417,0.4628
7.603,8.171,0.0,1398.56,5.5,98.449,0.85,,0,-97.203,6,60,4,451,0.4501
7.576,8.438,0.0,1479.94,5.5,98.267,0.9,,0,-97.04,6,60,6,532,0.4568
8.21,9.513,0.0,989.06,5.5,99.313,0.95,,2,-98.022,6,60,7,485,0.4536
8.273,9.177,0.0,451.38,5.5,99.57,1.0,,2,-99.097,6,60,7,343,0.4519
7.768,7.846,0.0,1437.5,5.5,98.687,0.8,,0,-97.125,7,60,3,417,0.4628
7.603,8.171,0.0,1398.56,5.5,98.449,0.85,,0,-97.203,7,60,4,451,0.4501
7.576,8.438,0.0,1479.94,5.5,98.267,0.9,,0,-97.04,7,60,6,532,0.4568
8.21,9.513,0.0,989.06,5.5,99.313,0.95,,2,-98.022,7,60,7,485,0.4536
8.273,9.177,0.0,451.38,5.5,99.57,1.0,,2,-99.097,7,60,7,343,0.4519
7.768,7.846,0.0,1437.5,5.5,98.687,0.8,,0,-97.125,8,60,3,417,0.4628
7.603,8.171,0.0,1398.56,5.5,98.449,0.85,,0,-97.203,8,60,4,451,0.4501
7.576,8.438,0.0,1479.94,5.5,98.267,0.9,,0,-97.04,8,60,6,532,0.4568
8.21,9.513,0.0,989.06,5.5,99.313,0.95,,2,-98.022,8,60,7,485,0.4536
8.273,9.177,0.0,451.38,5.5,99.57,1.0,,2,-99.097,8,60,7,343,0.4519
7.768,7.846,0.0,1437.5,5.5,98.687,0.8,,0,-97.125,9,60,3,417,0.4628
7.603,8.171,0.0,1398.56,5.5,98.449,0.85,,0,-97.203,9,60,4,451,0.4501
7.576,8.438,0.0,1479.94,5.5,98.267,0.9,,0,-97.04,9,60,6,532,0.4568
8.21,9.513,0.0,989.06,5.5,99.313,0.95,,2,-98.022,9,60,7,485,0.4536
8.273,9.177,0.0,451.38,5.5,99.57,1.0,,2,-99.097,9,60,7,343,0.4519
7.768,7.846,0.0,1437.5,5.5,98.687,0.8,,0,-97.125,10,60,3,417,0.4628
7.603,8.171,0.0,1398.56,5.5,98.449,0.85,,0,-97.203,10,60,4,451,0.4501
7.576,8.438,0.0,1479.94,5.5,98.267,0.9,,0,-97.04,10,60,6,532,0.4568
8.21,9.513,0.0,989.06,5.5,99.313,0.95,,2,-98.022,10,60,7,485,0.4536
8.273,9.177,0.0,451.38,5.5,99.57,1.0,,2,-99.097,10,60,7,343,0.4519
7.785,9.41,0.0,24243.06,6.0,64.022,0.8,,4,-51.514,1,5,13,2458,0.4508
8.004,9.751,0.0,37568.88,6.0,51.255,0.85,,7,-24.862,1,5,13,1639,0.4509
7.966,9.926,0.0,42339.38,6.0,48.841,0.9,,6,-15.321,1,5,13,1263,0.4481
8.033,9.856,0.0,39790.06,6.0,48.276,0.95,,6,-20.42,1,5,13,952,0.4475
8.542,10.253,0.0,42948.38,6.0,42.344,1.0,,8,-14.103,1,5,13,676,0.4556
7.785,9.41,0.0,7133.75,6.0,92.021,0.8,,4,-85.732,2,5,13,2458,0.4508
8.004,9.751,0.0,13379.06,6.0,86.758,0.85,,8,-73.242,2,5,13,1639,0.4509
7.966,9.926,0.0,16571.5,6.0,81.454,0.9,,6,-66.857,2,5,13,1263,0.4481
8.033,9.856,0.0,18803.63,6.0,78.624,0.95,,6,-62.393,2,5,13,952,0.4475
8.542,10.253,0.0,26998.0,6.0,73.095,1.0,,8,-46.004,2,5,13,676,0.4556
7.813,9.624,0.0,2858.94,6.0,96.69,0.8,,1,-94.282,3,5,8,1366,0.44
8.293,10.034,0.0,2930.25,6.0,96.134,0.85,,3,-94.139,3,5,9,1049,0.4414
7.966,9.926,0.0,4537.63,6.0,94.468,0.9,,4,-90.925,3,5,13,1263,0.4481
8.033,9.856,0.0,8252.0,6.0,92.965,0.95,,4,-83.496,3,5,13,952,0.4475
8.542,10.253,0.0,13649.0,6.0,88.678,1.0,,6,-72.702,3,5,13,676,0.4556
7.332,8.139,0.0,2192.63,6.0,97.772,0.8,,0,-95.615,4,5,4,580,0.4328
7.891,9.79,0.0,1700.88,6.0,97.979,0.85,,2,-96.598,4,5,7,846,0.4397
7.988,10.085,0.0,1749.0,6.0,97.669,0.9,,1,-96.502,4,5,7,646,0.4288
8.283,10.238,0.0,2210.13,6.0,97.819,0.95,,2,-95.58,4,5,9,593,0.4283
8.542,10.253,0.0,3559.38,6.0,97.169,1.0,,5,-92.881,4,5,13,676,0.4556
7.338,8.126,0.0,1768.25,6.0,98.352,0.8,,0,-96.463,5,5,4,558,0.4373
7.6,8.273,0.0,1789.69,6.0,98.046,0.85,,0,-96.421,5,5,4,394,0.434
7.256,8.479,0.0,1699.13,6.0,97.911,0.9,,0,-96.602,5,5,6,535,0.428
7.773,9.737,0.0,1679.0,6.0,98.539,0.95,,2,-96.642,5,5,7,490,0.4184
8.012,9.622,0.0,1668.5,6.0,98.253,1.0,,2,-96.663,5,5,7,344,0.4215
7.493,7.621,0.0,1381.5,6.0,98.761,0.8,,0,-97.237,6,5,2,332,0.4488
7.57,8.284,0.0,1374.94,6.0,98.523,0.85,,0,-97.25,6,5,4,388,0.4356
7.265,8.501,0.0,1086.63,6.0,98.762,0.9,,0,-97.827,6,5,6,524,0.4332
7.773,9.737,0.0,818.88,6.0,99.366,0.95,,2,-98.362,6,5,7,490,0.4184
8.012,9.622,0.0,623.75,6.0,99.421,1.0,,2,-98.752,6,5,7,344,0.4215
7.493,7.621,0.0,1381.5,6.0,98.761,0.8,,0,-97.237,7,5,2,332,0.4488
7.57,8.284,0.0,1374.94,6.0,98.523,0.85,,0,-97.25,7,5,4,388,0.4356
7.265,8.501,0.0,1086.63,6.0,98.762,0.9,,0,-97.827,7,5,6,524,0.4332
7.773,9.737,0.0,818.88,6.0,99.366,0.95,,2,-98.362,7,5,7,490,0.4184
8.012,9.622,0.0,623.75,6.0,99.421,1.0,,2,-98.752,7,5,7,344,0.4215
7.493,7.621,0.0,1381.5,6.0,98.761,0.8,,0,-97.237,8,5,2,332,0.4488
7.57,8.284,0.0,1374.94,6.0,98.523,0.85,,0,-97.25,8,5,4,388,0.4356
7.265,8.501,0.0,1086.63,6.0,98.762,0.9,,0,-97.827,8,5,6,524,0.4332
7.773,9.737,0.0,818.88,6.0,99.366,0.95,,2,-98.362,8,5,7,490,0.4184
8.012,9.622,0.0,623.75,6.0,99.421,1.0,,2,-98.752,8,5,7,344,0.4215
7.493,7.621,0.0,1381.5,6.0,98.761,0.8,,0,-97.237,9,5,2,332,0.4488
7.57,8.284,0.0,1374.94,6.0,98.523,0.85,,0,-97.25,9,5,4,388,0.4356
7.265,8.501,0.0,1086.63,6.0,98.762,0.9,,0,-97.827,9,5,6,524,0.4332
7.773,9.737,0.0,818.88,6.0,99.366,0.95,,2,-98.362,9,5,7,490,0.4184
8.012,9.622,0.0,623.75,6.0,99.421,1.0,,2,-98.752,9,5,7,344,0.4215
7.493,7.621,0.0,1381.5,6.0,98.761,0.8,,0,-97.237,10,5,2,332,0.4488
7.57,8.284,0.0,1374.94,6.0,98.523,0.85,,0,-97.25,10,5,4,388,0.4356
7.265,8.501,0.0,1086.63,6.0,98.762,0.9,,0,-97.827,10,5,6,524,0.4332
7.773,9.737,0.0,818.88,6.0,99.366,0.95,,2,-98.362,10,5,7,490,0.4184
8.012,9.622,0.0,623.75,6.0,99.421,1.0,,2,-98.752,10,5,7,344,0.4215
8.494,9.379,0.0,28531.0,6.0,57.261,0.8,,4,-42.938,1,10,13,2430,0.4733
8.74,9.62,0.0851,29853.12,6.0,57.095,0.85,,5,-40.294,1,10,13,1628,0.4754
8.78,9.802,0.0,40644.5,6.0,41.824,0.9,,7,-18.711,1,10,13,1255,0.4765
8.767,9.754,0.0,45160.38,6.0,47.4,0.95,,8,-9.679,1,10,13,946,0.4767
9.134,10.029,0.0,50820.75,6.0,39.618,1.0,,9,1.642,1,10,13,675,0.4844
8.494,9.379,0.0,6843.25,6.0,91.759,0.8,,4,-86.314,2,10,13,2430,0.4733
8.74,9.62,0.0149,8448.87,6.0,88.315,0.85,,4,-83.102,2,10,13,1628,0.4754
8.78,9.802,0.0,18661.87,6.0,74.05,0.9,,5,-62.676,2,10,13,1255,0.4765
8.767,9.754,0.0,26273.5,6.0,73.788,0.95,,7,-47.453,2,10,13,946,0.4767
9.134,10.029,0.0,34714.19,6.0,69.573,1.0,,8,-30.572,2,10,13,675,0.4844
8.555,9.592,0.0,2884.75,6.0,96.267,0.8,,1,-94.231,3,10,8,1350,0.4689
9.103,9.857,0.0425,2968.31,6.0,95.793,0.85,,2,-94.063,3,10,8,1020,0.4745
8.78,9.802,0.0,3772.88,6.0,95.394,0.9,,4,-92.454,3,10,13,1255,0.4765
8.767,9.754,0.0,10520.88,6.0,89.541,0.95,,6,-78.958,3,10,13,946,0.4767
9.134,10.029,0.0,16613.5,6.0,87.31,1.0,,6,-66.773,3,10,13,675,0.4844
8.188,8.282,0.0,2225.87,6.0,97.357,0.8,,0,-95.548,4,10,4,595,0.4639
8.715,9.642,0.0258,2167.25,6.0,97.179,0.85,,2,-95.666,4,10,7,855,0.4702
8.843,9.924,0.0,2106.44,6.0,97.244,0.9,,3,-95.787,4,10,7,646,0.4644
8.767,9.754,0.0,2690.06,6.0,97.816,0.95,,5,-94.62,4,10,13,946,0.4767
9.134,10.029,0.0,6278.0,6.0,95.659,1.0,,6,-87.444,4,10,13,675,0.4844
8.199,8.363,0.0,1773.94,6.0,97.999,0.8,,0,-96.452,5,10,4,568,0.4665
8.154,8.27,0.0,1731.5,6.0,97.952,0.85,,0,-96.537,5,10,6,690,0.4783
8.775,9.924,0.0,684.13,6.0,99.172,0.9,,0,-98.632,5,10,7,639,0.4679
8.719,9.617,0.0,1544.69,6.0,98.707,0.95,,3,-96.911,5,10,7,489,0.4581
8.885,9.34,0.0,1507.5,6.0,98.457,1.0,,3,-96.985,5,10,7,348,0.4569
8.323,7.875,0.0,1463.75,6.0,98.372,0.8,,0,-97.073,6,10,3,346,0.4711
8.325,8.378,0.0,1427.0,6.0,98.443,0.85,,0,-97.146,6,10,4,408,0.4681
8.109,8.428,0.0,1413.88,6.0,98.425,0.9,,0,-97.172,6,10,6,528,0.4754
8.637,9.616,0.0,918.19,6.0,99.319,0.95,,2,-98.164,6,10,7,484,0.4607
8.773,9.337,0.0,70.75,6.0,99.936,1.0,,3,-99.858,6,10,7,343,0.4606
8.323,7.875,0.0,1463.75,6.0,98.372,0.8,,0,-97.073,7,10,3,346,0.4711
8.325,8.378,0.0,1427.0,6.0,98.443,0.85,,0,-97.146,7,10,4,408,0.4681
8.109,8.428,0.0,1413.88,6.0,98.425,0.9,,0,-97.172,7,10,6,528,0.4754
8.637,9.616,0.0,918.19,6.0,99.319,0.95,,2,-98.164,7,10,7,484,0.4607
8.773,9.337,0.0,70.75,6.0,99.936,1.0,,3,-99.858,7,10,7,343,0.4606
8.323,7.875,0.0,1463.75,6.0,98.372,0.8,,0,-97.073,8,10,3,346,0.4711
8.325,8.378,0.0,1427.0,6.0,98.443,0.85,,0,-97.146,8,10,4,408,0.4681
8.109,8.428,0.0,1413.88,6.0,98.425,0.9,,0,-97.172,8,10,6,528,0.4754
8.637,9.616,0.0,918.19,6.0,99.319,0.95,,2,-98.164,8,10,7,484,0.4607
8.773,9.337,0.0,70.75,6.0,99.936,1.0,,3,-99.858,8,10,7,343,0.4606
8.323,7.875,0.0,1463.75,6.0,98.372,0.8,,0,-97.073,9,10,3,346,0.4711
8.325,8.378,0.0,1427.0,6.0,98.443,0.85,,0,-97.146,9,10,4,408,0.4681
8.109,8.428,0.0,1413.88,6.0,98.425,0.9,,0,-97.172,9,10,6,528,0.4754
8.637,9.616,0.0,918.19,6.0,99.319,0.95,,2,-98.164,9,10,7,484,0.4607
8.773,9.337,0.0,70.75,6.0,99.936,1.0,,3,-99.858,9,10,7,343,0.4606
8.323,7.875,0.0,1463.75,6.0,98.372,0.8,,0,-97.073,10,10,3,346,0.4711
8.325,8.378,0.0,1427.0,6.0,98.443,0.85,,0,-97.146,10,10,4,408,0.4681
8.109,8.428,0.0,1413.88,6.0,98.425,0.9,,0,-97.172,10,10,6,528,0.4754
8.637,9.616,0.0,918.19,6.0,99.319,0.95,,2,-98.164,10,10,7,484,0.4607
8.773,9.337,0.0,70.75,6.0,99.936,1.0,,3,-99.858,10,10,7,343,0.4606
8.686,9.439,0.0019,21863.5,6.0,67.084,0.8,,3,-56.273,1,15,13,2429,0.4759
8.971,9.664,0.0923,26096.31,6.0,57.027,0.85,,4,-47.807,1,15,13,1626,0.4772
8.985,9.786,0.0,34073.25,6.0,45.733,0.9,,7,-31.854,1,15,13,1254,0.4785
9.035,9.73,0.0,40871.13,6.0,47.245,0.95,,8,-18.258,1,15,13,945,0.4804
9.42,10.023,0.0,44444.19,6.0,39.453,1.0,,8,-11.112,1,15,13,675,0.4859
8.686,9.439,0.0,5627.0,6.0,92.928,0.8,,3,-88.746,2,15,13,2429,0.4759
8.971,9.664,0.0203,9131.81,6.0,86.711,0.85,,4,-81.736,2,15,13,1626,0.4772
8.985,9.786,0.0,13137.56,6.0,80.664,0.9,,4,-73.725,2,15,13,1254,0.4785
9.035,9.73,0.0,20737.38,6.0,75.858,0.95,,8,-58.525,2,15,13,945,0.4804
9.42,10.023,0.0,27740.44,6.0,69.76,1.0,,8,-44.519,2,15,13,675,0.4859
8.098,8.196,0.0,2849.31,6.0,96.099,0.8,,0,-94.301,3,15,6,1030,0.4757
9.192,9.857,0.0288,2898.31,6.0,95.829,0.85,,2,-94.203,3,15,9,1024,0.4727
9.044,9.855,0.0,2975.75,6.0,95.555,0.9,,2,-94.048,3,15,12,1226,0.4788
9.035,9.73,0.0,7965.0,6.0,91.886,0.95,,6,-84.07,3,15,13,945,0.4804
9.42,10.023,0.0,10998.63,6.0,86.548,1.0,,6,-78.003,3,15,13,675,0.4859
8.251,8.287,0.0,2239.44,6.0,97.148,0.8,,0,-95.521,4,15,4,595,0.4655
8.232,8.27,0.0,2209.69,6.0,97.031,0.85,,0,-95.581,4,15,6,693,0.4762
8.828,9.924,0.0,2114.75,6.0,97.095,0.9,,1,-95.77,4,15,7,642,0.4657
9.097,9.851,0.0,2190.88,6.0,97.807,0.95,,5,-95.618,4,15,12,909,0.4818
9.42,10.023,0.0,3716.44,6.0,95.89,1.0,,6,-92.567,4,15,13,675,0.4859
8.258,8.367,0.0,1784.87,6.0,97.77,0.8,,0,-96.43,5,15,4,569,0.4675
8.198,8.27,0.0211,1714.44,6.0,97.893,0.85,,1,-96.571,5,15,6,690,0.4783
8.8,9.924,0.0,668.81,6.0,99.14,0.9,,0,-98.662,5,15,7,639,0.4679
8.751,9.617,0.0,1546.44,6.0,98.637,0.95,,3,-96.907,5,15,7,489,0.4581
8.823,9.337,0.0,1731.06,6.0,98.157,1.0,,2,-96.538,5,15,7,343,0.4606
8.425,7.885,0.0,1350.0,6.0,98.411,0.8,,0,-97.3,6,15,3,348,0.4713
8.414,8.378,0.0,1480.37,6.0,98.309,0.85,,0,-97.039,6,15,4,407,0.4693
8.138,8.428,0.0,1399.44,6.0,98.331,0.9,,0,-97.201,6,15,6,527,0.4763
8.67,9.616,0.0,926.06,6.0,99.262,0.95,,2,-98.148,6,15,7,484,0.4607
8.823,9.337,0.0,1320.69,6.0,98.743,1.0,,2,-97.359,6,15,7,343,0.4606
8.425,7.885,0.0,1350.0,6.0,98.411,0.8,,0,-97.3,7,15,3,348,0.4713
8.414,8.378,0.0,1480.37,6.0,98.309,0.85,,0,-97.039,7,15,4,407,0.4693
8.138,8.428,0.0,1399.44,6.0,98.331,0.9,,0,-97.201,7,15,6,527,0.4763
8.67,9.616,0.0,926.06,6.0,99.262,0.95,,2,-98.148,7,15,7,484,0.4607
8.823,9.337,0.0,1320.69,6.0,98.743,1.0,,2,-97.359,7,15,7,343,0.4606
8.425,7.885,0.0,1350.0,6.0,98.411,0.8,,0,-97.3,8,15,3,348,0.4713
8.414,8.378,0.0,1480.37,6.0,98.309,0.85,,0,-97.039,8,15,4,407,0.4693
8.138,8.428,0.0,1399.44,6.0,98.331,0.9,,0,-97.201,8,15,6,527,0.4763
8.67,9.616,0.0,926.06,6.0,99.262,0.95,,2,-98.148,8,15,7,484,0.4607
8.823,9.337,0.0,1320.69,6.0,98.743,1.0,,2,-97.359,8,15,7,343,0.4606
8.425,7.885,0.0,1350.0,6.0,98.411,0.8,,0,-97.3,9,15,3,348,0.4713
8.414,8.378,0.0,1480.37,6.0,98.309,0.85,,0,-97.039,9,15,4,407,0.4693
8.138,8.428,0.0,1399.44,6.0,98.331,0.9,,0,-97.201,9,15,6,527,0.4763
8.67,9.616,0.0,926.06,6.0,99.262,0.95,,2,-98.148,9,15,7,484,0.4607
8.823,9.337,0.0,1320.69,6.0,98.743,1.0,,2,-97.359,9,15,7,343,0.4606
8.425,7.885,0.0,1350.0,6.0,98.411,0.8,,0,-97.3,10,15,3,348,0.4713
8.414,8.378,0.0,1480.37,6.0,98.309,0.85,,0,-97.039,10,15,4,407,0.4693
8.138,8.428,0.0,1399.44,6.0,98.331,0.9,,0,-97.201,10,15,6,527,0.4763
8.67,9.616,0.0,926.06,6.0,99.262,0.95,,2,-98.148,10,15,7,484,0.4607
8.823,9.337,0.0,1320.69,6.0,98.743,1.0,,2,-97.359,10,15,7,343,0.4606
8.707,9.446,0.0009,22347.37,6.0,64.785,0.8,,3,-55.305,1,20,13,2429,0.4763
9.008,9.664,0.0952,24417.62,6.0,58.354,0.85,,4,-51.165,1,20,13,1626,0.4772
9.034,9.786,0.0,33481.75,6.0,46.05,0.9,,6,-33.037,1,20,13,1254,0.4785
9.101,9.73,0.0,39996.56,6.0,45.119,0.95,,8,-20.007,1,20,13,945,0.4804
9.479,10.023,0.0,43540.75,6.0,40.667,1.0,,8,-12.918,1,20,13,675,0.4859
8.707,9.446,0.0,5917.94,6.0,92.356,0.8,,4,-88.164,2,20,13,2429,0.4763
9.008,9.664,0.0091,8896.87,6.0,86.795,0.85,,4,-82.206,2,20,13,1626,0.4772
9.034,9.786,0.0,12681.25,6.0,81.113,0.9,,5,-74.637,2,20,13,1254,0.4785
9.101,9.73,0.0,17710.75,6.0,77.28,0.95,,8,-64.578,2,20,13,945,0.4804
9.479,10.023,0.0,25520.13,6.0,70.131,1.0,,8,-48.96,2,20,13,675,0.4859
8.624,9.592,0.0,2897.0,6.0,96.034,0.8,,1,-94.206,3,20,8,1350,0.4696
9.216,9.857,0.0134,2724.62,6.0,96.079,0.85,,1,-94.551,3,20,9,1021,0.474
9.088,9.855,0.0,2923.69,6.0,95.633,0.9,,3,-94.153,3,20,12,1225,0.4792
9.101,9.73,0.0,5940.25,6.0,93.431,0.95,,5,-88.119,3,20,13,945,0.4804
9.479,10.023,0.0,10873.94,6.0,87.146,1.0,,5,-78.252,3,20,13,675,0.4859
8.27,8.322,0.0,2229.81,6.0,97.16,0.8,,0,-95.54,4,20,4,575,0.4661
8.285,8.27,0.0,2246.44,6.0,96.982,0.85,,0,-95.507,4,20,6,693,0.4762
8.879,9.924,0.0,2173.81,6.0,97.014,0.9,,2,-95.652,4,20,7,645,0.4651
9.153,9.851,0.0,2136.63,6.0,97.861,0.95,,4,-95.727,4,20,12,909,0.4818
9.479,10.023,0.0,3499.88,6.0,96.148,1.0,,5,-93.0,4,20,13,675,0.4859
8.277,8.367,0.0526,1700.0,6.0,97.876,0.8,,1,-96.6,5,20,4,570,0.4667
8.25,8.27,0.0175,1747.25,6.0,97.853,0.85,,1,-96.506,5,20,6,690,0.4783
8.587,9.828,0.0,1748.56,6.0,97.752,0.9,,0,-96.503,5,20,7,622,0.4711
8.768,9.616,0.0,1775.69,6.0,98.435,0.95,,2,-96.449,5,20,7,486,0.4588
9.003,9.34,0.0,1693.0,6.0,98.197,1.0,,2,-96.614,5,20,7,348,0.4569
8.401,7.891,0.0,1446.69,6.0,98.297,0.8,,0,-97.107,6,20,3,344,0.4709
8.408,8.344,0.0,1499.19,6.0,98.288,0.85,,0,-97.002,6,20,4,397,0.471
8.199,8.428,0.0,1486.94,6.0,98.227,0.9,,1,-97.026,6,20,6,526,0.4772
8.742,9.616,0.0,1089.25,6.0,99.132,0.95,,2,-97.821,6,20,7,484,0.4607
8.893,9.337,0.0,635.13,6.0,99.395,1.0,,2,-98.73,6,20,7,343,0.4606
8.401,7.891,0.0,1446.69,6.0,98.297,0.8,,0,-97.107,7,20,3,344,0.4709
8.408,8.344,0.0,1499.19,6.0,98.288,0.85,,0,-97.002,7,20,4,397,0.471
8.199,8.428,0.0,1486.94,6.0,98.227,0.9,,1,-97.026,7,20,6,526,0.4772
8.742,9.616,0.0,1089.25,6.0,99.132,0.95,,2,-97.821,7,20,7,484,0.4607
8.893,9.337,0.0,635.13,6.0,99.395,1.0,,2,-98.73,7,20,7,343,0.4606
8.401,7.891,0.0,1446.69,6.0,98.297,0.8,,0,-97.107,8,20,3,344,0.4709
8.408,8.344,0.0,1499.19,6.0,98.288,0.85,,0,-97.002,8,20,4,397,0.471
8.199,8.428,0.0,1486.94,6.0,98.227,0.9,,1,-97.026,8,20,6,526,0.4772
8.742,9.616,0.0,1089.25,6.0,99.132,0.95,,2,-97.821,8,20,7,484,0.4607
8.893,9.337,0.0,635.13,6.0,99.395,1.0,,2,-98.73,8,20,7,343,0.4606
8.401,7.891,0.0,1446.69,6.0,98.297,0.8,,0,-97.107,9,20,3,344,0.4709
8.408,8.344,0.0,1499.19,6.0,98.288,0.85,,0,-97.002,9,20,4,397,0.471
8.199,8.428,0.0,1486.94,6.0,98.227,0.9,,1,-97.026,9,20,6,526,0.4772
8.742,9.616,0.0,1089.25,6.0,99.132,0.95,,2,-97.821,9,20,7,484,0.4607
8.893,9.337,0.0,635.13,6.0,99.395,1.0,,2,-98.73,9,20,7,343,0.4606
8.401,7.891,0.0,1446.69,6.0,98.297,0.8,,0,-97.107,10,20,3,344,0.4709
8.408,8.344,0.0,1499.19,6.0,98.288,0.85,,0,-97.002,10,20,4,397,0.471
8.199,8.428,0.0,1486.94,6.0,98.227,0.9,,1,-97.026,10,20,6,526,0.4772
8.742,9.616,0.0,1089.25,6.0,99.132,0.95,,2,-97.821,10,20,7,484,0.4607
8.893,9.337,0.0,635.13,6.0,99.395,1.0,,2,-98.73,10,20,7,343,0.4606
8.716,9.446,0.0,21592.69,6.0,67.128,0.8,,2,-56.815,1,25,13,2429,0.4763
9.025,9.664,0.0954,24375.19,6.0,58.43,0.85,,4,-51.25,1,25,13,1626,0.4772
9.043,9.786,0.0,33262.12,6.0,46.422,0.9,,6,-33.476,1,25,13,1254,0.4785
9.113,9.73,0.0,39496.94,6.0,45.119,0.95,,8,-21.006,1,25,13,945,0.4804
9.496,10.023,0.0,43096.69,6.0,40.667,1.0,,8,-13.807,1,25,13,675,0.4859
8.716,9.446,0.0,5585.44,6.0,92.855,0.8,,4,-88.829,2,25,13,2429,0.4763
9.025,9.664,0.0096,8744.62,6.0,87.156,0.85,,4,-82.511,2,25,13,1626,0.4772
9.043,9.786,0.0,12749.06,6.0,81.002,0.9,,5,-74.502,2,25,13,1254,0.4785
9.113,9.73,0.0,17484.56,6.0,77.694,0.95,,8,-65.031,2,25,13,945,0.4804
9.496,10.023,0.0,25527.13,6.0,70.131,1.0,,8,-48.946,2,25,13,675,0.4859
8.62,9.592,0.0,2974.0,6.0,95.929,0.8,,1,-94.052,3,25,8,1350,0.4696
9.216,9.857,0.0134,2724.62,6.0,96.079,0.85,,1,-94.551,3,25,9,1021,0.474
9.097,9.855,0.0,2910.13,6.0,95.653,0.9,,3,-94.18,3,25,12,1225,0.4792
9.113,9.73,0.0,5867.63,6.0,93.606,0.95,,5,-88.265,3,25,13,945,0.4804
9.496,10.023,0.0,10634.63,6.0,87.146,1.0,,5,-78.731,3,25,13,675,0.4859
8.27,8.322,0.0,2229.81,6.0,97.16,0.8,,0,-95.54,4,25,4,575,0.4661
8.285,8.27,0.0,2246.44,6.0,96.982,0.85,,0,-95.507,4,25,6,693,0.4762
8.879,9.924,0.0,2173.81,6.0,97.014,0.9,,2,-95.652,4,25,7,645,0.4651
9.165,9.851,0.0,2159.81,6.0,97.838,0.95,,4,-95.68,4,25,12,909,0.4818
9.496,10.023,0.0,3430.75,6.0,96.231,1.0,,5,-93.138,4,25,13,675,0.4859
8.277,8.367,0.0526,1700.0,6.0,97.876,0.8,,1,-96.6,5,25,4,570,0.4667
8.25,8.27,0.0175,1747.25,6.0,97.853,0.85,,1,-96.506,5,25,6,690,0.4783
8.587,9.828,0.0,1748.56,6.0,97.752,0.9,,0,-96.503,5,25,7,622,0.4711
8.768,9.616,0.0,1775.69,6.0,98.435,0.95,,2,-96.449,5,25,7,486,0.4588
9.003,9.34,0.0,1693.0,6.0,98.197,1.0,,2,-96.614,5,25,7,348,0.4569
8.401,7.891,0.0,1446.69,6.0,98.297,0.8,,0,-97.107,6,25,3,344,0.4709
8.408,8.344,0.0,1499.19,6.0,98.288,0.85,,0,-97.002,6,25,4,397,0.471
8.199,8.428,0.0,1486.94,6.0,98.227,0.9,,1,-97.026,6,25,6,526,0.4772
8.742,9.616,0.0,1089.25,6.0,99.132,0.95,,2,-97.821,6,25,7,484,0.4607
8.893,9.337,0.0,635.13,6.0,99.395,1.0,,2,-98.73,6,25,7,343,0.4606
8.401,7.891,0.0,1446.69,6.0,98.297,0.8,,0,-97.107,7,25,3,344,0.4709
8.408,8.344,0.0,1499.19,6.0,98.288,0.85,,0,-97.002,7,25,4,397,0.471
8.199,8.428,0.0,1486.94,6.0,98.227,0.9,,1,-97.026,7,25,6,526,0.4772
8.742,9.616,0.0,1089.25,6.0,99.132,0.95,,2,-97.821,7,25,7,484,0.4607
8.893,9.337,0.0,635.13,6.0,99.395,1.0,,2,-98.73,7,25,7,343,0.4606
8.401,7.891,0.0,1446.69,6.0,98.297,0.8,,0,-97.107,8,25,3,344,0.4709
8.408,8.344,0.0,1499.19,6.0,98.288,0.85,,0,-97.002,8,25,4,397,0.471
8.199,8.428,0.0,1486.94,6.0,98.227,0.9,,1,-97.026,8,25,6,526,0.4772
8.742,9.616,0.0,1089.25,6.0,99.132,0.95,,2,-97.821,8,25,7,484,0.4607
8.893,9.337,0.0,635.13,6.0,99.395,1.0,,2,-98.73,8,25,7,343,0.4606
8.401,7.891,0.0,1446.69,6.0,98.297,0.8,,0,-97.107,9,25,3,344,0.4709
8.408,8.344,0.0,1499.19,6.0,98.288,0.85,,0,-97.002,9,25,4,397,0.471
8.199,8.428,0.0,1486.94,6.0,98.227,0.9,,1,-97.026,9,25,6,526,0.4772
8.742,9.616,0.0,1089.25,6.0,99.132,0.95,,2,-97.821,9,25,7,484,0.4607
8.893,9.337,0.0,635.13,6.0,99.395,1.0,,2,-98.73,9,25,7,343,0.4606
8.401,7.891,0.0,1446.69,6.0,98.297,0.8,,0,-97.107,10,25,3,344,0.4709
8.408,8.344,0.0,1499.19,6.0,98.288,0.85,,0,-97.002,10,25,4,397,0.471
8.199,8.428,0.0,1486.94,6.0,98.227,0.9,,1,-97.026,10,25,6,526,0.4772
8.742,9.616,0.0,1089.25,6.0,99.132,0.95,,2,-97.821,10,25,7,484,0.4607
8.893,9.337,0.0,635.13,6.0,99.395,1.0,,2,-98.73,10,25,7,343,0.4606
8.721,9.444,0.0003,21596.62,6.0,65.819,0.8,,3,-56.807,1,30,13,2429,0.4759
9.025,9.664,0.0954,24375.19,6.0,58.43,0.85,,4,-51.25,1,30,13,1626,0.4772
9.043,9.786,0.0,33262.12,6.0,46.422,0.9,,6,-33.476,1,30,13,1254,0.4785
9.113,9.73,0.0,39496.94,6.0,45.119,0.95,,8,-21.006,1,30,13,945,0.4804
9.496,10.023,0.0,43096.69,6.0,40.667,1.0,,8,-13.807,1,30,13,675,0.4859
8.721,9.444,0.0,5580.62,6.0,92.862,0.8,,4,-88.839,2,30,13,2429,0.4759
9.025,9.664,0.0096,8744.62,6.0,87.156,0.85,,4,-82.511,2,30,13,1626,0.4772
9.043,9.786,0.0,12749.06,6.0,81.002,0.9,,5,-74.502,2,30,13,1254,0.4785
9.113,9.73,0.0,17484.56,6.0,77.694,0.95,,8,-65.031,2,30,13,945,0.4804
9.496,10.023,0.0,25527.13,6.0,70.131,1.0,,8,-48.946,2,30,13,675,0.4859
8.628,9.589,0.0,2974.44,6.0,95.928,0.8,,1,-94.051,3,30,8,1350,0.4689
9.216,9.857,0.0134,2724.62,6.0,96.079,0.85,,1,-94.551,3,30,9,1021,0.474
9.097,9.855,0.0,2910.13,6.0,95.653,0.9,,3,-94.18,3,30,12,1225,0.4792
9.113,9.73,0.0,5867.63,6.0,93.606,0.95,,5,-88.265,3,30,13,945,0.4804
9.496,10.023,0.0,10634.63,6.0,87.146,1.0,,5,-78.731,3,30,13,675,0.4859
8.27,8.322,0.0,2229.81,6.0,97.16,0.8,,0,-95.54,4,30,4,575,0.4661
8.285,8.27,0.0,2246.44,6.0,96.982,0.85,,0,-95.507,4,30,6,693,0.4762
8.879,9.924,0.0,2173.81,6.0,97.014,0.9,,2,-95.652,4,30,7,645,0.4651
9.165,9.851,0.0,2159.81,6.0,97.838,0.95,,4,-95.68,4,30,12,909,0.4818
9.496,10.023,0.0,3430.75,6.0,96.231,1.0,,5,-93.138,4,30,13,675,0.4859
8.277,8.367,0.0526,1700.0,6.0,97.876,0.8,,1,-96.6,5,30,4,570,0.4667
8.25,8.27,0.0175,1747.25,6.0,97.853,0.85,,1,-96.506,5,30,6,690,0.4783
8.587,9.828,0.0,1748.56,6.0,97.752,0.9,,0,-96.503,5,30,7,622,0.4711
8.768,9.616,0.0,1775.69,6.0,98.435,0.95,,2,-96.449,5,30,7,486,0.4588
9.003,9.34,0.0,1693.0,6.0,98.197,1.0,,2,-96.614,5,30,7,348,0.4569
8.401,7.891,0.0,1446.69,6.0,98.297,0.8,,0,-97.107,6,30,3,344,0.4709
8.408,8.344,0.0,1499.19,6.0,98.288,0.85,,0,-97.002,6,30,4,397,0.471
8.199,8.428,0.0,1486.94,6.0,98.227,0.9,,1,-97.026,6,30,6,526,0.4772
8.742,9.616,0.0,1089.25,6.0,99.132,0.95,,2,-97.821,6,30,7,484,0.4607
8.893,9.337,0.0,635.13,6.0,99.395,1.0,,2,-98.73,6,30,7,343,0.4606
8.401,7.891,0.0,1446.69,6.0,98.297,0.8,,0,-97.107,7,30,3,344,0.4709
8.408,8.344,0.0,1499.19,6.0,98.288,0.85,,0,-97.002,7,30,4,397,0.471
8.199,8.428,0.0,1486.94,6.0,98.227,0.9,,1,-97.026,7,30,6,526,0.4772
8.742,9.616,0.0,1089.25,6.0,99.132,0.95,,2,-97.821,7,30,7,484,0.4607
8.893,9.337,0.0,635.13,6.0,99.395,1.0,,2,-98.73,7,30,7,343,0.4606
8.401,7.891,0.0,1446.69,6.0,98.297,0.8,,0,-97.107,8,30,3,344,0.4709
8.408,8.344,0.0,1499.19,6.0,98.288,0.85,,0,-97.002,8,30,4,397,0.471
8.199,8.428,0.0,1486.94,6.0,98.227,0.9,,1,-97.026,8,30,6,526,0.4772
8.742,9.616,0.0,1089.25,6.0,99.132,0.95,,2,-97.821,8,30,7,484,0.4607
8.893,9.337,0.0,635.13,6.0,99.395,1.0,,2,-98.73,8,30,7,343,0.4606
8.401,7.891,0.0,1446.69,6.0,98.297,0.8,,0,-97.107,9,30,3,344,0.4709
8.408,8.344,0.0,1499.19,6.0,98.288,0.85,,0,-97.002,9,30,4,397,0.471
8.199,8.428,0.0,1486.94,6.0,98.227,0.9,,1,-97.026,9,30,6,526,0.4772
8.742,9.616,0.0,1089.25,6.0,99.132,0.95,,2,-97.821,9,30,7,484,0.4607
8.893,9.337,0.0,635.13,6.0,99.395,1.0,,2,-98.73,9,30,7,343,0.4606
8.401,7.891,0.0,1446.69,6.0,98.297,0.8,,0,-97.107,10,30,3,344,0.4709
8.408,8.344,0.0,1499.19,6.0,98.288,0.85,,0,-97.002,10,30,4,397,0.471
8.199,8.428,0.0,1486.94,6.0,98.227,0.9,,1,-97.026,10,30,6,526,0.4772
8.742,9.616,0.0,1089.25,6.0,99.132,0.95,,2,-97.821,10,30,7,484,0.4607
8.893,9.337,0.0,635.13,6.0,99.395,1.0,,2,-98.73,10,30,7,343,0.4606
8.721,9.444,0.0003,21596.62,6.0,65.819,0.8,,3,-56.807,1,35,13,2429,0.4759
9.025,9.664,0.0954,24375.19,6.0,58.43,0.85,,4,-51.25,1,35,13,1626,0.4772
9.043,9.786,0.0,33262.12,6.0,46.422,0.9,,6,-33.476,1,35,13,1254,0.4785
9.113,9.73,0.0,39496.94,6.0,45.119,0.95,,8,-21.006,1,35,13,945,0.4804
9.496,10.023,0.0,43096.69,6.0,40.667,1.0,,8,-13.807,1,35,13,675,0.4859
8.721,9.444,0.0,5580.62,6.0,92.862,0.8,,4,-88.839,2,35,13,2429,0.4759
9.025,9.664,0.0096,8744.62,6.0,87.156,0.85,,4,-82.511,2,35,13,1626,0.4772
9.043,9.786,0.0,12749.06,6.0,81.002,0.9,,5,-74.502,2,35,13,1254,0.4785
9.113,9.73,0.0,17484.56,6.0,77.694,0.95,,8,-65.031,2,35,13,945,0.4804
9.496,10.023,0.0,25527.13,6.0,70.131,1.0,,8,-48.946,2,35,13,675,0.4859
8.628,9.589,0.0,2974.44,6.0,95.928,0.8,,1,-94.051,3,35,8,1350,0.4689
9.216,9.857,0.0134,2724.62,6.0,96.079,0.85,,1,-94.551,3,35,9,1021,0.474
9.097,9.855,0.0,2910.13,6.0,95.653,0.9,,3,-94.18,3,35,12,1225,0.4792
9.113,9.73,0.0,5867.63,6.0,93.606,0.95,,5,-88.265,3,35,13,945,0.4804
9.496,10.023,0.0,10634.63,6.0,87.146,1.0,,5,-78.731,3,35,13,675,0.4859
8.27,8.322,0.0,2229.81,6.0,97.16,0.8,,0,-95.54,4,35,4,575,0.4661
8.285,8.27,0.0,2246.44,6.0,96.982,0.85,,0,-95.507,4,35,6,693,0.4762
8.879,9.924,0.0,2173.81,6.0,97.014,0.9,,2,-95.652,4,35,7,645,0.4651
9.165,9.851,0.0,2159.81,6.0,97.838,0.95,,4,-95.68,4,35,12,909,0.4818
9.496,10.023,0.0,3430.75,6.0,96.231,1.0,,5,-93.138,4,35,13,675,0.4859
8.277,8.367,0.0526,1700.0,6.0,97.876,0.8,,1,-96.6,5,35,4,570,0.4667
8.25,8.27,0.0175,1747.25,6.0,97.853,0.85,,1,-96.506,5,35,6,690,0.4783
8.587,9.828,0.0,1748.56,6.0,97.752,0.9,,0,-96.503,5,35,7,622,0.4711
8.768,9.616,0.0,1775.69,6.0,98.435,0.95,,2,-96.449,5,35,7,486,0.4588
9.003,9.34,0.0,1693.0,6.0,98.197,1.0,,2,-96.614,5,35,7,348,0.4569
8.401,7.891,0.0,1446.69,6.0,98.297,0.8,,0,-97.107,6,35,3,344,0.4709
8.408,8.344,0.0,1499.19,6.0,98.288,0.85,,0,-97.002,6,35,4,397,0.471
8.199,8.428,0.0,1486.94,6.0,98.227,0.9,,1,-97.026,6,35,6,526,0.4772
8.742,9.616,0.0,1089.25,6.0,99.132,0.95,,2,-97.821,6,35,7,484,0.4607
8.893,9.337,0.0,635.13,6.0,99.395,1.0,,2,-98.73,6,35,7,343,0.4606
8.401,7.891,0.0,1446.69,6.0,98.297,0.8,,0,-97.107,7,35,3,344,0.4709
8.408,8.344,0.0,1499.19,6.0,98.288,0.85,,0,-97.002,7,35,4,397,0.471
8.199,8.428,0.0,1486.94,6.0,98.227,0.9,,1,-97.026,7,35,6,526,0.4772
8.742,9.616,0.0,1089.25,6.0,99.132,0.95,,2,-97.821,7,35,7,484,0.4607
8.893,9.337,0.0,635.13,6.0,99.395,1.0,,2,-98.73,7,35,7,343,0.4606
8.401,7.891,0.0,1446.69,6.0,98.297,0.8,,0,-97.107,8,35,3,344,0.4709
8.408,8.344,0.0,1499.19,6.0,98.288,0.85,,0,-97.002,8,35,4,397,0.471
8.199,8.428,0.0,1486.94,6.0,98.227,0.9,,1,-97.026,8,35,6,526,0.4772
8.742,9.616,0.0,1089.25,6.0,99.132,0.95,,2,-97.821,8,35,7,484,0.4607
8.893,9.337,0.0,635.13,6.0,99.395,1.0,,2,-98.73,8,35,7,343,0.4606
8.401,7.891,0.0,1446.69,6.0,98.297,0.8,,0,-97.107,9,35,3,344,0.4709
8.408,8.344,0.0,1499.19,6.0,98.288,0.85,,0,-97.002,9,35,4,397,0.471
8.199,8.428,0.0,1486.94,6.0,98.227,0.9,,1,-97.026,9,35,6,526,0.4772
8.742,9.616,0.0,1089.25,6.0,99.132,0.95,,2,-97.821,9,35,7,484,0.4607
8.893,9.337,0.0,635.13,6.0,99.395,1.0,,2,-98.73,9,35,7,343,0.4606
8.401,7.891,0.0,1446.69,6.0,98.297,0.8,,0,-97.107,10,35,3,344,0.4709
8.408,8.344,0.0,1499.19,6.0,98.288,0.85,,0,-97.002,10,35,4,397,0.471
8.199,8.428,0.0,1486.94,6.0,98.227,0.9,,1,-97.026,10,35,6,526,0.4772
8.742,9.616,0.0,1089.25,6.0,99.132,0.95,,2,-97.821,10,35,7,484,0.4607
8.893,9.337,0.0,635.13,6.0,99.395,1.0,,2,-98.73,10,35,7,343,0.4606
8.721,9.444,0.0003,21596.62,6.0,65.819,0.8,,3,-56.807,1,40,13,2429,0.4759
9.025,9.664,0.0954,24375.19,6.0,58.43,0.85,,4,-51.25,1,40,13,1626,0.4772
9.043,9.786,0.0,33262.12,6.0,46.422,0.9,,6,-33.476,1,40,13,1254,0.4785
9.113,9.73,0.0,39496.94,6.0,45.119,0.95,,8,-21.006,1,40,13,945,0.4804
9.496,10.023,0.0,43096.69,6.0,40.667,1.0,,8,-13.807,1,40,13,675,0.4859
8.721,9.444,0.0,5580.62,6.0,92.862,0.8,,4,-88.839,2,40,13,2429,0.4759
9.025,9.664,0.0096,8744.62,6.0,87.156,0.85,,4,-82.511,2,40,13,1626,0.4772
9.043,9.786,0.0,12749.06,6.0,81.002,0.9,,5,-74.502,2,40,13,1254,0.4785
9.113,9.73,0.0,17484.56,6.0,77.694,0.95,,8,-65.031,2,40,13,945,0.4804
9.496,10.023,0.0,25527.13,6.0,70.131,1.0,,8,-48.946,2,40,13,675,0.4859
8.628,9.589,0.0,2974.44,6.0,95.928,0.8,,1,-94.051,3,40,8,1350,0.4689
9.216,9.857,0.0134,2724.62,6.0,96.079,0.85,,1,-94.551,3,40,9,1021,0.474
9.097,9.855,0.0,2910.13,6.0,95.653,0.9,,3,-94.18,3,40,12,1225,0.4792
9.113,9.73,0.0,5867.63,6.0,93.606,0.95,,5,-88.265,3,40,13,945,0.4804
9.496,10.023,0.0,10634.63,6.0,87.146,1.0,,5,-78.731,3,40,13,675,0.4859
8.27,8.322,0.0,2229.81,6.0,97.16,0.8,,0,-95.54,4,40,4,575,0.4661
8.285,8.27,0.0,2246.44,6.0,96.982,0.85,,0,-95.507,4,40,6,693,0.4762
8.879,9.924,0.0,2173.81,6.0,97.014,0.9,,2,-95.652,4,40,7,645,0.4651
9.165,9.851,0.0,2159.81,6.0,97.838,0.95,,4,-95.68,4,40,12,909,0.4818
9.496,10.023,0.0,3430.75,6.0,96.231,1.0,,5,-93.138,4,40,13,675,0.4859
8.277,8.367,0.0526,1700.0,6.0,97.876,0.8,,1,-96.6,5,40,4,570,0.4667
8.25,8.27,0.0175,1747.25,6.0,97.853,0.85,,1,-96.506,5,40,6,690,0.4783
8.587,9.828,0.0,1748.56,6.0,97.752,0.9,,0,-96.503,5,40,7,622,0.4711
8.768,9.616,0.0,1775.69,6.0,98.435,0.95,,2,-96.449,5,40,7,486,0.4588
9.003,9.34,0.0,1693.0,6.0,98.197,1.0,,2,-96.614,5,40,7,348,0.4569
8.401,7.891,0.0,1446.69,6.0,98.297,0.8,,0,-97.107,6,40,3,344,0.4709
8.408,8.344,0.0,1499.19,6.0,98.288,0.85,,0,-97.002,6,40,4,397,0.471
8.199,8.428,0.0,1486.94,6.0,98.227,0.9,,1,-97.026,6,40,6,526,0.4772
8.742,9.616,0.0,1089.25,6.0,99.132,0.95,,2,-97.821,6,40,7,484,0.4607
8.893,9.337,0.0,635.13,6.0,99.395,1.0,,2,-98.73,6,40,7,343,0.4606
8.401,7.891,0.0,1446.69,6.0,98.297,0.8,,0,-97.107,7,40,3,344,0.4709
8.408,8.344,0.0,1499.19,6.0,98.288,0.85,,0,-97.002,7,40,4,397,0.471
8.199,8.428,0.0,1486.94,6.0,98.227,0.9,,1,-97.026,7,40,6,526,0.4772
8.742,9.616,0.0,1089.25,6.0,99.132,0.95,,2,-97.821,7,40,7,484,0.4607
8.893,9.337,0.0,635.13,6.0,99.395,1.0,,2,-98.73,7,40,7,343,0.4606
8.401,7.891,0.0,1446.69,6.0,98.297,0.8,,0,-97.107,8,40,3,344,0.4709
8.408,8.344,0.0,1499.19,6.0,98.288,0.85,,0,-97.002,8,40,4,397,0.471
8.199,8.428,0.0,1486.94,6.0,98.227,0.9,,1,-97.026,8,40,6,526,0.4772
8.742,9.616,0.0,1089.25,6.0,99.132,0.95,,2,-97.821,8,40,7,484,0.4607
8.893,9.337,0.0,635.13,6.0,99.395,1.0,,2,-98.73,8,40,7,343,0.4606
8.401,7.891,0.0,1446.69,6.0,98.297,0.8,,0,-97.107,9,40,3,344,0.4709
8.408,8.344,0.0,1499.19,6.0,98.288,0.85,,0,-97.002,9,40,4,397,0.471
8.199,8.428,0.0,1486.94,6.0,98.227,0.9,,1,-97.026,9,40,6,526,0.4772
8.742,9.616,0.0,1089.25,6.0,99.132,0.95,,2,-97.821,9,40,7,484,0.4607
8.893,9.337,0.0,635.13,6.0,99.395,1.0,,2,-98.73,9,40,7,343,0.4606
8.401,7.891,0.0,1446.69,6.0,98.297,0.8,,0,-97.107,10,40,3,344,0.4709
8.408,8.344,0.0,1499.19,6.0,98.288,0.85,,0,-97.002,10,40,4,397,0.471
8.199,8.428,0.0,1486.94,6.0,98.227,0.9,,1,-97.026,10,40,6,526,0.4772
8.742,9.616,0.0,1089.25,6.0,99.132,0.95,,2,-97.821,10,40,7,484,0.4607
8.893,9.337,0.0,635.13,6.0,99.395,1.0,,2,-98.73,10,40,7,343,0.4606
8.721,9.444,0.0003,21596.62,6.0,65.819,0.8,,3,-56.807,1,45,13,2429,0.4759
9.025,9.664,0.0954,24375.19,6.0,58.43,0.85,,4,-51.25,1,45,13,1626,0.4772
9.043,9.786,0.0,33262.12,6.0,46.422,0.9,,6,-33.476,1,45,13,1254,0.4785
9.113,9.73,0.0,39496.94,6.0,45.119,0.95,,8,-21.006,1,45,13,945,0.4804
9.496,10.023,0.0,43096.69,6.0,40.667,1.0,,8,-13.807,1,45,13,675,0.4859
8.721,9.444,0.0,5580.62,6.0,92.862,0.8,,4,-88.839,2,45,13,2429,0.4759
9.025,9.664,0.0096,8744.62,6.0,87.156,0.85,,4,-82.511,2,45,13,1626,0.4772
9.043,9.786,0.0,12749.06,6.0,81.002,0.9,,5,-74.502,2,45,13,1254,0.4785
9.113,9.73,0.0,17484.56,6.0,77.694,0.95,,8,-65.031,2,45,13,945,0.4804
9.496,10.023,0.0,25527.13,6.0,70.131,1.0,,8,-48.946,2,45,13,675,0.4859
8.628,9.589,0.0,2974.44,6.0,95.928,0.8,,1,-94.051,3,45,8,1350,0.4689
9.216,9.857,0.0134,2724.62,6.0,96.079,0.85,,1,-94.551,3,45,9,1021,0.474
9.097,9.855,0.0,2910.13,6.0,95.653,0.9,,3,-94.18,3,45,12,1225,0.4792
9.113,9.73,0.0,5867.63,6.0,93.606,0.95,,5,-88.265,3,45,13,945,0.4804
9.496,10.023,0.0,10634.63,6.0,87.146,1.0,,5,-78.731,3,45,13,675,0.4859
8.27,8.322,0.0,2229.81,6.0,97.16,0.8,,0,-95.54,4,45,4,575,0.4661
8.285,8.27,0.0,2246.44,6.0,96.982,0.85,,0,-95.507,4,45,6,693,0.4762
8.879,9.924,0.0,2173.81,6.0,97.014,0.9,,2,-95.652,4,45,7,645,0.4651
9.165,9.851,0.0,2159.81,6.0,97.838,0.95,,4,-95.68,4,45,12,909,0.4818
9.496,10.023,0.0,3430.75,6.0,96.231,1.0,,5,-93.138,4,45,13,675,0.4859
8.277,8.367,0.0526,1700.0,6.0,97.876,0.8,,1,-96.6,5,45,4,570,0.4667
8.25,8.27,0.0175,1747.25,6.0,97.853,0.85,,1,-96.506,5,45,6,690,0.4783
8.587,9.828,0.0,1748.56,6.0,97.752,0.9,,0,-96.503,5,45,7,622,0.4711
8.768,9.616,0.0,1775.69,6.0,98.435,0.95,,2,-96.449,5,45,7,486,0.4588
9.003,9.34,0.0,1693.0,6.0,98.197,1.0,,2,-96.614,5,45,7,348,0.4569
8.401,7.891,0.0,1446.69,6.0,98.297,0.8,,0,-97.107,6,45,3,344,0.4709
8.408,8.344,0.0,1499.19,6.0,98.288,0.85,,0,-97.002,6,45,4,397,0.471
8.199,8.428,0.0,1486.94,6.0,98.227,0.9,,1,-97.026,6,45,6,526,0.4772
8.742,9.616,0.0,1089.25,6.0,99.132,0.95,,2,-97.821,6,45,7,484,0.4607
8.893,9.337,0.0,635.13,6.0,99.395,1.0,,2,-98.73,6,45,7,343,0.4606
8.401,7.891,0.0,1446.69,6.0,98.297,0.8,,0,-97.107,7,45,3,344,0.4709
8.408,8.344,0.0,1499.19,6.0,98.288,0.85,,0,-97.002,7,45,4,397,0.471
8.199,8.428,0.0,1486.94,6.0,98.227,0.9,,1,-97.026,7,45,6,526,0.4772
8.742,9.616,0.0,1089.25,6.0,99.132,0.95,,2,-97.821,7,45,7,484,0.4607
8.893,9.337,0.0,635.13,6.0,99.395,1.0,,2,-98.73,7,45,7,343,0.4606
8.401,7.891,0.0,1446.69,6.0,98.297,0.8,,0,-97.107,8,45,3,344,0.4709
8.408,8.344,0.0,1499.19,6.0,98.288,0.85,,0,-97.002,8,45,4,397,0.471
8.199,8.428,0.0,1486.94,6.0,98.227,0.9,,1,-97.026,8,45,6,526,0.4772
8.742,9.616,0.0,1089.25,6.0,99.132,0.95,,2,-97.821,8,45,7,484,0.4607
8.893,9.337,0.0,635.13,6.0,99.395,1.0,,2,-98.73,8,45,7,343,0.4606
8.401,7.891,0.0,1446.69,6.0,98.297,0.8,,0,-97.107,9,45,3,344,0.4709
8.408,8.344,0.0,1499.19,6.0,98.288,0.85,,0,-97.002,9,45,4,397,0.471
8.199,8.428,0.0,1486.94,6.0,98.227,0.9,,1,-97.026,9,45,6,526,0.4772
8.742,9.616,0.0,1089.25,6.0,99.132,0.95,,2,-97.821,9,45,7,484,0.4607
8.893,9.337,0.0,635.13,6.0,99.395,1.0,,2,-98.73,9,45,7,343,0.4606
8.401,7.891,0.0,1446.69,6.0,98.297,0.8,,0,-97.107,10,45,3,344,0.4709
8.408,8.344,0.0,1499.19,6.0,98.288,0.85,,0,-97.002,10,45,4,397,0.471
8.199,8.428,0.0,1486.94,6.0,98.227,0.9,,1,-97.026,10,45,6,526,0.4772
8.742,9.616,0.0,1089.25,6.0,99.132,0.95,,2,-97.821,10,45,7,484,0.4607
8.893,9.337,0.0,635.13,6.0,99.395,1.0,,2,-98.73,10,45,7,343,0.4606
8.721,9.444,0.0003,21596.62,6.0,65.819,0.8,,3,-56.807,1,50,13,2429,0.4759
9.025,9.664,0.0954,24375.19,6.0,58.43,0.85,,4,-51.25,1,50,13,1626,0.4772
9.043,9.786,0.0,33262.12,6.0,46.422,0.9,,6,-33.476,1,50,13,1254,0.4785
9.113,9.73,0.0,39496.94,6.0,45.119,0.95,,8,-21.006,1,50,13,945,0.4804
9.496,10.023,0.0,43096.69,6.0,40.667,1.0,,8,-13.807,1,50,13,675,0.4859
8.721,9.444,0.0,5580.62,6.0,92.862,0.8,,4,-88.839,2,50,13,2429,0.4759
9.025,9.664,0.0096,8744.62,6.0,87.156,0.85,,4,-82.511,2,50,13,1626,0.4772
9.043,9.786,0.0,12749.06,6.0,81.002,0.9,,5,-74.502,2,50,13,1254,0.4785
9.113,9.73,0.0,17484.56,6.0,77.694,0.95,,8,-65.031,2,50,13,945,0.4804
9.496,10.023,0.0,25527.13,6.0,70.131,1.0,,8,-48.946,2,50,13,675,0.4859
8.628,9.589,0.0,2974.44,6.0,95.928,0.8,,1,-94.051,3,50,8,1350,0.4689
9.216,9.857,0.0134,2724.62,6.0,96.079,0.85,,1,-94.551,3,50,9,1021,0.474
9.097,9.855,0.0,2910.13,6.0,95.653,0.9,,3,-94.18,3,50,12,1225,0.4792
9.113,9.73,0.0,5867.63,6.0,93.606,0.95,,5,-88.265,3,50,13,945,0.4804
9.496,10.023,0.0,10634.63,6.0,87.146,1.0,,5,-78.731,3,50,13,675,0.4859
8.27,8.322,0.0,2229.81,6.0,97.16,0.8,,0,-95.54,4,50,4,575,0.4661
8.285,8.27,0.0,2246.44,6.0,96.982,0.85,,0,-95.507,4,50,6,693,0.4762
8.879,9.924,0.0,2173.81,6.0,97.014,0.9,,2,-95.652,4,50,7,645,0.4651
9.165,9.851,0.0,2159.81,6.0,97.838,0.95,,4,-95.68,4,50,12,909,0.4818
9.496,10.023,0.0,3430.75,6.0,96.231,1.0,,5,-93.138,4,50,13,675,0.4859
8.277,8.367,0.0526,1700.0,6.0,97.876,0.8,,1,-96.6,5,50,4,570,0.4667
8.25,8.27,0.0175,1747.25,6.0,97.853,0.85,,1,-96.506,5,50,6,690,0.4783
8.587,9.828,0.0,1748.56,6.0,97.752,0.9,,0,-96.503,5,50,7,622,0.4711
8.768,9.616,0.0,1775.69,6.0,98.435,0.95,,2,-96.449,5,50,7,486,0.4588
9.003,9.34,0.0,1693.0,6.0,98.197,1.0,,2,-96.614,5,50,7,348,0.4569
8.401,7.891,0.0,1446.69,6.0,98.297,0.8,,0,-97.107,6,50,3,344,0.4709
8.408,8.344,0.0,1499.19,6.0,98.288,0.85,,0,-97.002,6,50,4,397,0.471
8.199,8.428,0.0,1486.94,6.0,98.227,0.9,,1,-97.026,6,50,6,526,0.4772
8.742,9.616,0.0,1089.25,6.0,99.132,0.95,,2,-97.821,6,50,7,484,0.4607
8.893,9.337,0.0,635.13,6.0,99.395,1.0,,2,-98.73,6,50,7,343,0.4606
8.401,7.891,0.0,1446.69,6.0,98.297,0.8,,0,-97.107,7,50,3,344,0.4709
8.408,8.344,0.0,1499.19,6.0,98.288,0.85,,0,-97.002,7,50,4,397,0.471
8.199,8.428,0.0,1486.94,6.0,98.227,0.9,,1,-97.026,7,50,6,526,0.4772
8.742,9.616,0.0,1089.25,6.0,99.132,0.95,,2,-97.821,7,50,7,484,0.4607
8.893,9.337,0.0,635.13,6.0,99.395,1.0,,2,-98.73,7,50,7,343,0.4606
8.401,7.891,0.0,1446.69,6.0,98.297,0.8,,0,-97.107,8,50,3,344,0.4709
8.408,8.344,0.0,1499.19,6.0,98.288,0.85,,0,-97.002,8,50,4,397,0.471
8.199,8.428,0.0,1486.94,6.0,98.227,0.9,,1,-97.026,8,50,6,526,0.4772
8.742,9.616,0.0,1089.25,6.0,99.132,0.95,,2,-97.821,8,50,7,484,0.4607
8.893,9.337,0.0,635.13,6.0,99.395,1.0,,2,-98.73,8,50,7,343,0.4606
8.401,7.891,0.0,1446.69,6.0,98.297,0.8,,0,-97.107,9,50,3,344,0.4709
8.408,8.344,0.0,1499.19,6.0,98.288,0.85,,0,-97.002,9,50,4,397,0.471
8.199,8.428,0.0,1486.94,6.0,98.227,0.9,,1,-97.026,9,50,6,526,0.4772
8.742,9.616,0.0,1089.25,6.0,99.132,0.95,,2,-97.821,9,50,7,484,0.4607
8.893,9.337,0.0,635.13,6.0,99.395,1.0,,2,-98.73,9,50,7,343,0.4606
8.401,7.891,0.0,1446.69,6.0,98.297,0.8,,0,-97.107,10,50,3,344,0.4709
8.408,8.344,0.0,1499.19,6.0,98.288,0.85,,0,-97.002,10,50,4,397,0.471
8.199,8.428,0.0,1486.94,6.0,98.227,0.9,,1,-97.026,10,50,6,526,0.4772
8.742,9.616,0.0,1089.25,6.0,99.132,0.95,,2,-97.821,10,50,7,484,0.4607
8.893,9.337,0.0,635.13,6.0,99.395,1.0,,2,-98.73,10,50,7,343,0.4606
8.721,9.444,0.0003,21596.62,6.0,65.819,0.8,,3,-56.807,1,55,13,2429,0.4759
9.025,9.664,0.0954,24375.19,6.0,58.43,0.85,,4,-51.25,1,55,13,1626,0.4772
9.043,9.786,0.0,33262.12,6.0,46.422,0.9,,6,-33.476,1,55,13,1254,0.4785
9.113,9.73,0.0,39496.94,6.0,45.119,0.95,,8,-21.006,1,55,13,945,0.4804
9.496,10.023,0.0,43096.69,6.0,40.667,1.0,,8,-13.807,1,55,13,675,0.4859
8.721,9.444,0.0,5580.62,6.0,92.862,0.8,,4,-88.839,2,55,13,2429,0.4759
9.025,9.664,0.0096,8744.62,6.0,87.156,0.85,,4,-82.511,2,55,13,1626,0.4772
9.043,9.786,0.0,12749.06,6.0,81.002,0.9,,5,-74.502,2,55,13,1254,0.4785
9.113,9.73,0.0,17484.56,6.0,77.694,0.95,,8,-65.031,2,55,13,945,0.4804
9.496,10.023,0.0,25527.13,6.0,70.131,1.0,,8,-48.946,2,55,13,675,0.4859
8.628,9.589,0.0,2974.44,6.0,95.928,0.8,,1,-94.051,3,55,8,1350,0.4689
9.216,9.857,0.0134,2724.62,6.0,96.079,0.85,,1,-94.551,3,55,9,1021,0.474
9.097,9.855,0.0,2910.13,6.0,95.653,0.9,,3,-94.18,3,55,12,1225,0.4792
9.113,9.73,0.0,5867.63,6.0,93.606,0.95,,5,-88.265,3,55,13,945,0.4804
9.496,10.023,0.0,10634.63,6.0,87.146,1.0,,5,-78.731,3,55,13,675,0.4859
8.27,8.322,0.0,2229.81,6.0,97.16,0.8,,0,-95.54,4,55,4,575,0.4661
8.285,8.27,0.0,2246.44,6.0,96.982,0.85,,0,-95.507,4,55,6,693,0.4762
8.879,9.924,0.0,2173.81,6.0,97.014,0.9,,2,-95.652,4,55,7,645,0.4651
9.165,9.851,0.0,2159.81,6.0,97.838,0.95,,4,-95.68,4,55,12,909,0.4818
9.496,10.023,0.0,3430.75,6.0,96.231,1.0,,5,-93.138,4,55,13,675,0.4859
8.277,8.367,0.0526,1700.0,6.0,97.876,0.8,,1,-96.6,5,55,4,570,0.4667
8.25,8.27,0.0175,1747.25,6.0,97.853,0.85,,1,-96.506,5,55,6,690,0.4783
8.587,9.828,0.0,1748.56,6.0,97.752,0.9,,0,-96.503,5,55,7,622,0.4711
8.768,9.616,0.0,1775.69,6.0,98.435,0.95,,2,-96.449,5,55,7,486,0.4588
9.003,9.34,0.0,1693.0,6.0,98.197,1.0,,2,-96.614,5,55,7,348,0.4569
8.401,7.891,0.0,1446.69,6.0,98.297,0.8,,0,-97.107,6,55,3,344,0.4709
8.408,8.344,0.0,1499.19,6.0,98.288,0.85,,0,-97.002,6,55,4,397,0.471
8.199,8.428,0.0,1486.94,6.0,98.227,0.9,,1,-97.026,6,55,6,526,0.4772
8.742,9.616,0.0,1089.25,6.0,99.132,0.95,,2,-97.821,6,55,7,484,0.4607
8.893,9.337,0.0,635.13,6.0,99.395,1.0,,2,-98.73,6,55,7,343,0.4606
8.401,7.891,0.0,1446.69,6.0,98.297,0.8,,0,-97.107,7,55,3,344,0.4709
8.408,8.344,0.0,1499.19,6.0,98.288,0.85,,0,-97.002,7,55,4,397,0.471
8.199,8.428,0.0,1486.94,6.0,98.227,0.9,,1,-97.026,7,55,6,526,0.4772
8.742,9.616,0.0,1089.25,6.0,99.132,0.95,,2,-97.821,7,55,7,484,0.4607
8.893,9.337,0.0,635.13,6.0,99.395,1.0,,2,-98.73,7,55,7,343,0.4606
8.401,7.891,0.0,1446.69,6.0,98.297,0.8,,0,-97.107,8,55,3,344,0.4709
8.408,8.344,0.0,1499.19,6.0,98.288,0.85,,0,-97.002,8,55,4,397,0.471
8.199,8.428,0.0,1486.94,6.0,98.227,0.9,,1,-97.026,8,55,6,526,0.4772
8.742,9.616,0.0,1089.25,6.0,99.132,0.95,,2,-97.821,8,55,7,484,0.4607
8.893,9.337,0.0,635.13,6.0,99.395,1.0,,2,-98.73,8,55,7,343,0.4606
8.401,7.891,0.0,1446.69,6.0,98.297,0.8,,0,-97.107,9,55,3,344,0.4709
8.408,8.344,0.0,1499.19,6.0,98.288,0.85,,0,-97.002,9,55,4,397,0.471
8.199,8.428,0.0,1486.94,6.0,98.227,0.9,,1,-97.026,9,55,6,526,0.4772
8.742,9.616,0.0,1089.25,6.0,99.132,0.95,,2,-97.821,9,55,7,484,0.4607
8.893,9.337,0.0,635.13,6.0,99.395,1.0,,2,-98.73,9,55,7,343,0.4606
8.401,7.891,0.0,1446.69,6.0,98.297,0.8,,0,-97.107,10,55,3,344,0.4709
8.408,8.344,0.0,1499.19,6.0,98.288,0.85,,0,-97.002,10,55,4,397,0.471
8.199,8.428,0.0,1486.94,6.0,98.227,0.9,,1,-97.026,10,55,6,526,0.4772
8.742,9.616,0.0,1089.25,6.0,99.132,0.95,,2,-97.821,10,55,7,484,0.4607
8.893,9.337,0.0,635.13,6.0,99.395,1.0,,2,-98.73,10,55,7,343,0.4606
8.721,9.444,0.0003,21596.62,6.0,65.819,0.8,,3,-56.807,1,60,13,2429,0.4759
9.025,9.664,0.0954,24375.19,6.0,58.43,0.85,,4,-51.25,1,60,13,1626,0.4772
9.043,9.786,0.0,33262.12,6.0,46.422,0.9,,6,-33.476,1,60,13,1254,0.4785
9.113,9.73,0.0,39496.94,6.0,45.119,0.95,,8,-21.006,1,60,13,945,0.4804
9.496,10.023,0.0,43096.69,6.0,40.667,1.0,,8,-13.807,1,60,13,675,0.4859
8.721,9.444,0.0,5580.62,6.0,92.862,0.8,,4,-88.839,2,60,13,2429,0.4759
9.025,9.664,0.0096,8744.62,6.0,87.156,0.85,,4,-82.511,2,60,13,1626,0.4772
9.043,9.786,0.0,12749.06,6.0,81.002,0.9,,5,-74.502,2,60,13,1254,0.4785
9.113,9.73,0.0,17484.56,6.0,77.694,0.95,,8,-65.031,2,60,13,945,0.4804
9.496,10.023,0.0,25527.13,6.0,70.131,1.0,,8,-48.946,2,60,13,675,0.4859
8.628,9.589,0.0,2974.44,6.0,95.928,0.8,,1,-94.051,3,60,8,1350,0.4689
9.216,9.857,0.0134,2724.62,6.0,96.079,0.85,,1,-94.551,3,60,9,1021,0.474
9.097,9.855,0.0,2910.13,6.0,95.653,0.9,,3,-94.18,3,60,12,1225,0.4792
9.113,9.73,0.0,5867.63,6.0,93.606,0.95,,5,-88.265,3,60,13,945,0.4804
9.496,10.023,0.0,10634.63,6.0,87.146,1.0,,5,-78.731,3,60,13,675,0.4859
8.27,8.322,0.0,2229.81,6.0,97.16,0.8,,0,-95.54,4,60,4,575,0.4661
8.285,8.27,0.0,2246.44,6.0,96.982,0.85,,0,-95.507,4,60,6,693,0.4762
8.879,9.924,0.0,2173.81,6.0,97.014,0.9,,2,-95.652,4,60,7,645,0.4651
9.165,9.851,0.0,2159.81,6.0,97.838,0.95,,4,-95.68,4,60,12,909,0.4818
9.496,10.023,0.0,3430.75,6.0,96.231,1.0,,5,-93.138,4,60,13,675,0.4859
8.277,8.367,0.0526,1700.0,6.0,97.876,0.8,,1,-96.6,5,60,4,570,0.4667
8.25,8.27,0.0175,1747.25,6.0,97.853,0.85,,1,-96.506,5,60,6,690,0.4783
8.587,9.828,0.0,1748.56,6.0,97.752,0.9,,0,-96.503,5,60,7,622,0.4711
8.768,9.616,0.0,1775.69,6.0,98.435,0.95,,2,-96.449,5,60,7,486,0.4588
9.003,9.34,0.0,1693.0,6.0,98.197,1.0,,2,-96.614,5,60,7,348,0.4569
8.401,7.891,0.0,1446.69,6.0,98.297,0.8,,0,-97.107,6,60,3,344,0.4709
8.408,8.344,0.0,1499.19,6.0,98.288,0.85,,0,-97.002,6,60,4,397,0.471
8.199,8.428,0.0,1486.94,6.0,98.227,0.9,,1,-97.026,6,60,6,526,0.4772
8.742,9.616,0.0,1089.25,6.0,99.132,0.95,,2,-97.821,6,60,7,484,0.4607
8.893,9.337,0.0,635.13,6.0,99.395,1.0,,2,-98.73,6,60,7,343,0.4606
8.401,7.891,0.0,1446.69,6.0,98.297,0.8,,0,-97.107,7,60,3,344,0.4709
8.408,8.344,0.0,1499.19,6.0,98.288,0.85,,0,-97.002,7,60,4,397,0.471
8.199,8.428,0.0,1486.94,6.0,98.227,0.9,,1,-97.026,7,60,6,526,0.4772
8.742,9.616,0.0,1089.25,6.0,99.132,0.95,,2,-97.821,7,60,7,484,0.4607
8.893,9.337,0.0,635.13,6.0,99.395,1.0,,2,-98.73,7,60,7,343,0.4606
8.401,7.891,0.0,1446.69,6.0,98.297,0.8,,0,-97.107,8,60,3,344,0.4709
8.408,8.344,0.0,1499.19,6.0,98.288,0.85,,0,-97.002,8,60,4,397,0.471
8.199,8.428,0.0,1486.94,6.0,98.227,0.9,,1,-97.026,8,60,6,526,0.4772
8.742,9.616,0.0,1089.25,6.0,99.132,0.95,,2,-97.821,8,60,7,484,0.4607
8.893,9.337,0.0,635.13,6.0,99.395,1.0,,2,-98.73,8,60,7,343,0.4606
8.401,7.891,0.0,1446.69,6.0,98.297,0.8,,0,-97.107,9,60,3,344,0.4709
8.408,8.344,0.0,1499.19,6.0,98.288,0.85,,0,-97.002,9,60,4,397,0.471
8.199,8.428,0.0,1486.94,6.0,98.227,0.9,,1,-97.026,9,60,6,526,0.4772
8.742,9.616,0.0,1089.25,6.0,99.132,0.95,,2,-97.821,9,60,7,484,0.4607
8.893,9.337,0.0,635.13,6.0,99.395,1.0,,2,-98.73,9,60,7,343,0.4606
8.401,7.891,0.0,1446.69,6.0,98.297,0.8,,0,-97.107,10,60,3,344,0.4709
8.408,8.344,0.0,1499.19,6.0,98.288,0.85,,0,-97.002,10,60,4,397,0.471
8.199,8.428,0.0,1486.94,6.0,98.227,0.9,,1,-97.026,10,60,6,526,0.4772
8.742,9.616,0.0,1089.25,6.0,99.132,0.95,,2,-97.821,10,60,7,484,0.4607
8.893,9.337,0.0,635.13,6.0,99.395,1.0,,2,-98.73,10,60,7,343,0.4606
8.077,9.358,0.0,25863.13,6.5,62.223,0.8,,5,-48.274,1,5,13,2447,0.4606
8.278,9.761,0.0,40444.13,6.5,43.286,0.85,,8,-19.112,1,5,13,1636,0.4621
8.248,9.916,0.0,48144.56,6.5,37.048,0.9,,8,-3.711,1,5,13,1261,0.4607
8.326,9.902,0.0,45409.75,6.5,38.389,0.95,,8,-9.18,1,5,13,952,0.4601
8.8,10.293,0.0,47600.75,6.5,35.391,1.0,,8,-4.798,1,5,13,676,0.4645
8.077,9.358,0.0,7973.31,6.5,90.831,0.8,,4,-84.053,2,5,13,2447,0.4606
8.278,9.761,0.0,19722.81,6.5,77.261,0.85,,7,-60.554,2,5,13,1636,0.4621
8.248,9.916,0.0,26382.88,6.5,71.034,0.9,,8,-47.234,2,5,13,1261,0.4607
8.326,9.902,0.0,30528.63,6.5,67.869,0.95,,7,-38.943,2,5,13,952,0.4601
8.8,10.293,0.0,32081.75,6.5,67.568,1.0,,8,-35.836,2,5,13,676,0.4645
8.256,9.778,0.0,3246.13,6.5,96.061,0.8,,1,-93.508,3,5,9,1762,0.4512
8.278,9.761,0.0,4716.13,6.5,94.792,0.85,,5,-90.568,3,5,13,1636,0.4621
8.248,9.916,0.0,8485.19,6.5,89.837,0.9,,5,-83.03,3,5,13,1261,0.4607
8.326,9.902,0.0,13241.69,6.5,86.405,0.95,,6,-73.517,3,5,13,952,0.4601
8.8,10.293,0.0,14846.44,6.5,85.134,1.0,,7,-70.307,3,5,13,676,0.4645
7.508,8.083,0.0,2380.75,6.5,97.424,0.8,,0,-95.238,4,5,4,585,0.4376
8.191,9.906,0.0,2211.0,6.5,97.114,0.85,,1,-95.578,4,5,7,860,0.4488
8.261,10.229,0.0,2418.81,6.5,96.282,0.9,,1,-95.162,4,5,7,651,0.4378
8.326,9.902,0.0,3731.75,6.5,96.106,0.95,,5,-92.536,4,5,13,952,0.4601
8.8,10.293,0.0,5787.56,6.5,93.503,1.0,,6,-88.425,4,5,13,676,0.4645
7.561,8.096,0.0,1938.88,6.5,98.071,0.8,,0,-96.122,5,5,4,541,0.4418
7.563,8.566,0.0,1915.69,6.5,97.62,0.85,,0,-96.169,5,5,6,699,0.4464
7.98,10.115,0.0,1845.69,6.5,97.326,0.9,,2,-96.309,5,5,7,632,0.4415
8.165,10.017,0.0,1878.06,6.5,98.03,0.95,,4,-96.244,5,5,7,496,0.4274
8.8,10.293,0.0,2921.06,6.5,97.623,1.0,,6,-94.158,5,5,13,676,0.4645
7.683,7.608,0.0,1621.69,6.5,98.482,0.8,,0,-96.757,6,5,2,338,0.4497
7.683,8.604,0.0,1571.81,6.5,98.1,0.85,,0,-96.856,6,5,4,422,0.4336
7.526,8.735,0.0,1594.13,6.5,97.755,0.9,,1,-96.812,6,5,6,530,0.4396
8.085,10.017,0.0,1382.38,6.5,98.687,0.95,,4,-97.235,6,5,7,490,0.4306
8.281,9.828,0.0,421.63,6.5,99.563,1.0,,3,-99.157,6,5,7,344,0.4302
7.708,7.649,0.0,1494.38,6.5,98.616,0.8,,0,-97.011,7,5,2,330,0.4545
7.732,8.444,0.0,1486.94,6.5,98.181,0.85,,0,-97.026,7,5,4,392,0.4413
7.521,8.759,0.0,1247.63,6.5,98.279,0.9,,2,-97.505,7,5,6,523,0.4417
8.085,10.017,0.0,1124.25,6.5,98.994,0.95,,3,-97.751,7,5,7,490,0.4306
8.281,9.828,0.0,570.81,6.5,99.434,1.0,,2,-98.858,7,5,7,344,0.4302
7.708,7.649,0.0,1494.38,6.5,98.616,0.8,,0,-97.011,8,5,2,330,0.4545
7.732,8.444,0.0,1486.94,6.5,98.181,0.85,,0,-97.026,8,5,4,392,0.4413
7.521,8.759,0.0,1247.63,6.5,98.279,0.9,,2,-97.505,8,5,6,523,0.4417
8.085,10.017,0.0,1124.25,6.5,98.994,0.95,,3,-97.751,8,5,7,490,0.4306
8.281,9.828,0.0,570.81,6.5,99.434,1.0,,2,-98.858,8,5,7,344,0.4302
7.708,7.649,0.0,1494.38,6.5,98.616,0.8,,0,-97.011,9,5,2,330,0.4545
7.732,8.444,0.0,1486.94,6.5,98.181,0.85,,0,-97.026,9,5,4,392,0.4413
7.521,8.759,0.0,1247.63,6.5,98.279,0.9,,2,-97.505,9,5,6,523,0.4417
8.085,10.017,0.0,1124.25,6.5,98.994,0.95,,3,-97.751,9,5,7,490,0.4306
8.281,9.828,0.0,570.81,6.5,99.434,1.0,,2,-98.858,9,5,7,344,0.4302
7.708,7.649,0.0,1494.38,6.5,98.616,0.8,,0,-97.011,10,5,2,330,0.4545
7.732,8.444,0.0,1486.94,6.5,98.181,0.85,,0,-97.026,10,5,4,392,0.4413
7.521,8.759,0.0,1247.63,6.5,98.279,0.9,,2,-97.505,10,5,6,523,0.4417
8.085,10.017,0.0,1124.25,6.5,98.994,0.95,,3,-97.751,10,5,7,490,0.4306
8.281,9.828,0.0,570.81,6.5,99.434,1.0,,2,-98.858,10,5,7,344,0.4302
8.874,9.368,0.0,31856.87,6.5,55.712,0.8,,6,-36.286,1,10,13,2417,0.487
9.095,9.625,0.0605,41753.12,6.5,44.515,0.85,,7,-16.494,1,10,13,1623,0.4892
9.155,9.79,0.0,50025.81,6.5,38.89,0.9,,8,0.052,1,10,13,1253,0.4916
9.132,9.788,0.0,49581.75,6.5,43.221,0.95,,8,-0.836,1,10,13,946,0.4915
9.448,10.057,0.0,54322.5,6.5,35.777,1.0,,8,8.645,1,10,13,675,0.4948
8.874,9.368,0.0,9528.19,6.5,88.05,0.8,,3,-80.944,2,10,13,2417,0.487
9.095,9.625,0.0132,20768.0,6.5,75.523,0.85,,5,-58.464,2,10,13,1623,0.4892
9.155,9.79,0.0,26109.44,6.5,66.104,0.9,,6,-47.781,2,10,13,1253,0.4916
9.132,9.788,0.0,38233.0,6.5,71.613,0.95,,8,-23.534,2,10,13,946,0.4915
9.448,10.057,0.0,43933.19,6.5,63.644,1.0,,7,-12.134,2,10,13,675,0.4948
9.135,9.541,0.0,3224.25,6.5,95.828,0.8,,1,-93.552,3,10,9,1535,0.4853
9.095,9.625,0.0153,4508.75,6.5,94.885,0.85,,3,-90.982,3,10,13,1623,0.4892
9.155,9.79,0.0,10134.56,6.5,87.187,0.9,,4,-79.731,3,10,13,1253,0.4916
9.132,9.788,0.0,19770.06,6.5,86.339,0.95,,6,-60.46,3,10,13,946,0.4915
9.448,10.057,0.0,21884.06,6.5,81.987,1.0,,7,-56.232,3,10,13,675,0.4948
8.435,8.159,0.0,2403.94,6.5,97.22,0.8,,0,-95.192,4,10,6,1020,0.4882
9.236,9.76,0.0,2336.56,6.5,96.878,0.85,,0,-95.327,4,10,7,873,0.4834
9.333,10.067,0.0,2368.06,6.5,96.738,0.9,,4,-95.264,4,10,11,1093,0.4895
9.132,9.788,0.0,5844.44,6.5,96.011,0.95,,6,-88.311,4,10,13,946,0.4915
9.448,10.057,0.0,8403.38,6.5,92.491,1.0,,6,-83.193,4,10,13,675,0.4948
8.56,8.306,0.0,1917.87,6.5,97.866,0.8,,0,-96.164,5,10,4,572,0.4755
9.004,9.724,0.0,1040.69,6.5,98.665,0.85,,0,-97.919,5,10,7,837,0.4863
9.182,10.054,0.0,1872.81,6.5,97.617,0.9,,2,-96.254,5,10,7,639,0.482
9.163,9.868,0.0,1728.0,6.5,98.67,0.95,,6,-96.544,5,10,13,929,0.4898
9.699,10.276,0.0,1744.19,6.5,98.064,1.0,,3,-96.512,5,10,8,421,0.4822
8.79,7.894,0.0,1574.44,6.5,98.323,0.8,,0,-96.851,6,10,3,345,0.4812
8.4,8.43,0.0,1542.06,6.5,98.038,0.85,,0,-96.916,6,10,5,583,0.4871
8.915,9.944,0.0,1609.0,6.5,98.06,0.9,,2,-96.782,6,10,7,623,0.4864
9.08,9.857,0.0,1382.38,6.5,98.804,0.95,,3,-97.235,6,10,7,486,0.4733
9.174,9.506,0.0,1438.81,6.5,98.542,1.0,,3,-97.122,6,10,7,345,0.4696
8.686,7.841,0.0,1440.56,6.5,98.46,0.8,,0,-97.119,7,10,3,332,0.4849
8.672,8.569,0.0,1486.06,6.5,98.168,0.85,,0,-97.028,7,10,4,417,0.4796
8.92,9.963,0.0,8.63,6.5,99.99,0.9,,2,-99.983,7,10,7,621,0.4863
9.057,9.857,0.0,410.25,6.5,99.64,0.95,,3,-99.179,7,10,7,484,0.4752
9.141,9.506,0.0,790.0,6.5,99.239,1.0,,3,-98.42,7,10,7,343,0.4723
8.686,7.841,0.0,1440.56,6.5,98.46,0.8,,0,-97.119,8,10,3,332,0.4849
8.672,8.569,0.0,1486.06,6.5,98.168,0.85,,0,-97.028,8,10,4,417,0.4796
8.92,9.963,0.0,8.63,6.5,99.99,0.9,,2,-99.983,8,10,7,621,0.4863
9.057,9.857,0.0,410.25,6.5,99.64,0.95,,3,-99.179,8,10,7,484,0.4752
9.141,9.506,0.0,790.0,6.5,99.239,1.0,,3,-98.42,8,10,7,343,0.4723
8.686,7.841,0.0,1440.56,6.5,98.46,0.8,,0,-97.119,9,10,3,332,0.4849
8.672,8.569,0.0,1486.06,6.5,98.168,0.85,,0,-97.028,9,10,4,417,0.4796
8.92,9.963,0.0,8.63,6.5,99.99,0.9,,2,-99.983,9,10,7,621,0.4863
9.057,9.857,0.0,410.25,6.5,99.64,0.95,,3,-99.179,9,10,7,484,0.4752
9.141,9.506,0.0,790.0,6.5,99.239,1.0,,3,-98.42,9,10,7,343,0.4723
8.686,7.841,0.0,1440.56,6.5,98.46,0.8,,0,-97.119,10,10,3,332,0.4849
8.672,8.569,0.0,1486.06,6.5,98.168,0.85,,0,-97.028,10,10,4,417,0.4796
8.92,9.963,0.0,8.63,6.5,99.99,0.9,,2,-99.983,10,10,7,621,0.4863
9.057,9.857,0.0,410.25,6.5,99.64,0.95,,3,-99.179,10,10,7,484,0.4752
9.141,9.506,0.0,790.0,6.5,99.239,1.0,,3,-98.42,10,10,7,343,0.4723
9.106,9.429,0.0,29862.31,6.5,56.98,0.8,,5,-40.275,1,15,13,2414,0.4905
9.379,9.658,0.118,34683.56,6.5,44.8,0.85,,4,-30.633,1,15,13,1621,0.4917
9.418,9.763,0.0,38649.94,6.5,43.207,0.9,,6,-22.7,1,15,13,1252,0.4944
9.447,9.764,0.0,45030.0,6.5,42.002,0.95,,8,-9.94,1,15,13,945,0.4952
9.773,10.052,0.0,48171.69,6.5,35.809,1.0,,8,-3.657,1,15,13,675,0.4963
9.106,9.429,0.0,8787.94,6.5,88.155,0.8,,5,-82.424,2,15,13,2414,0.4905
9.379,9.658,0.072,11509.62,6.5,83.886,0.85,,4,-76.981,2,15,13,1621,0.4917
9.418,9.763,0.0,18681.56,6.5,75.68,0.9,,5,-62.637,2,15,13,1252,0.4944
9.447,9.764,0.0,28913.81,6.5,71.866,0.95,,8,-42.172,2,15,13,945,0.4952
9.773,10.052,0.0,31176.13,6.5,64.123,1.0,,8,-37.648,2,15,13,675,0.4963
9.226,9.546,0.0,3096.94,6.5,95.727,0.8,,1,-93.806,3,15,9,1533,0.4873
9.395,9.719,0.0202,3184.0,6.5,95.134,0.85,,3,-93.632,3,15,13,1593,0.4903
9.418,9.763,0.0,5649.75,6.5,92.526,0.9,,5,-88.7,3,15,13,1252,0.4944
9.447,9.764,0.0,12552.63,6.5,89.556,0.95,,7,-74.895,3,15,13,945,0.4952
9.773,10.052,0.0,17019.5,6.5,81.033,1.0,,6,-65.961,3,15,13,675,0.4963
8.541,8.193,0.0,2411.81,6.5,96.918,0.8,,0,-95.176,4,15,6,1014,0.4911
9.306,9.742,0.0,2337.88,6.5,96.641,0.85,,0,-95.324,4,15,7,873,0.4845
9.67,10.295,0.0,2416.63,6.5,96.529,0.9,,2,-95.167,4,15,9,778,0.4871
9.447,9.764,0.0,4124.63,6.5,96.874,0.95,,6,-91.751,4,15,13,945,0.4952
9.773,10.052,0.0,4593.19,6.5,94.475,1.0,,6,-90.814,4,15,13,675,0.4963
8.682,8.281,0.0,1857.5,6.5,97.705,0.8,,0,-96.285,5,15,4,586,0.4812
8.618,8.482,0.0,1931.0,6.5,97.298,0.85,,0,-96.138,5,15,6,678,0.4912
9.261,10.029,0.0,1844.81,6.5,97.511,0.9,,2,-96.31,5,15,7,640,0.4828
9.53,10.217,0.0,1741.13,6.5,98.548,0.95,,4,-96.518,5,15,9,586,0.4829
9.699,10.296,0.0,1739.38,6.5,97.997,1.0,,5,-96.521,5,15,11,586,0.4915
8.802,7.9,0.0,1546.0,6.5,98.075,0.8,,0,-96.908,6,15,3,341,0.4809
8.496,8.409,0.0,1623.88,6.5,97.844,0.85,,0,-96.752,6,15,5,582,0.4897
8.985,9.92,0.0,1550.81,6.5,98.004,0.9,,2,-96.898,6,15,7,624,0.4872
9.098,9.857,0.0,1611.19,6.5,98.43,0.95,,4,-96.778,6,15,7,485,0.4742
9.211,9.506,0.0,1506.19,6.5,98.403,1.0,,3,-96.988,6,15,7,343,0.4723
8.818,7.9,0.0,1429.19,6.5,98.221,0.8,,0,-97.142,7,15,3,339,0.4838
8.782,8.526,0.0,1401.19,6.5,98.192,0.85,,0,-97.198,7,15,4,406,0.4803
8.664,8.639,0.0,1430.06,6.5,98.216,0.9,,2,-97.14,7,15,6,528,0.4886
9.104,9.857,0.0,1284.81,6.5,98.79,0.95,,3,-97.43,7,15,7,484,0.4752
9.211,9.506,0.0,274.63,6.5,99.722,1.0,,2,-99.451,7,15,7,343,0.4723
8.818,7.9,0.0,1429.19,6.5,98.221,0.8,,0,-97.142,8,15,3,339,0.4838
8.782,8.526,0.0,1401.19,6.5,98.192,0.85,,0,-97.198,8,15,4,406,0.4803
8.664,8.639,0.0,1430.06,6.5,98.216,0.9,,2,-97.14,8,15,6,528,0.4886
9.104,9.857,0.0,1284.81,6.5,98.79,0.95,,3,-97.43,8,15,7,484,0.4752
9.211,9.506,0.0,274.63,6.5,99.722,1.0,,2,-99.451,8,15,7,343,0.4723
8.818,7.9,0.0,1429.19,6.5,98.221,0.8,,0,-97.142,9,15,3,339,0.4838
8.782,8.526,0.0,1401.19,6.5,98.192,0.85,,0,-97.198,9,15,4,406,0.4803
8.664,8.639,0.0,1430.06,6.5,98.216,0.9,,2,-97.14,9,15,6,528,0.4886
9.104,9.857,0.0,1284.81,6.5,98.79,0.95,,3,-97.43,9,15,7,484,0.4752
9.211,9.506,0.0,274.63,6.5,99.722,1.0,,2,-99.451,9,15,7,343,0.4723
8.818,7.9,0.0,1429.19,6.5,98.221,0.8,,0,-97.142,10,15,3,339,0.4838
8.782,8.526,0.0,1401.19,6.5,98.192,0.85,,0,-97.198,10,15,4,406,0.4803
8.664,8.639,0.0,1430.06,6.5,98.216,0.9,,2,-97.14,10,15,6,528,0.4886
9.104,9.857,0.0,1284.81,6.5,98.79,0.95,,3,-97.43,10,15,7,484,0.4752
9.211,9.506,0.0,274.63,6.5,99.722,1.0,,2,-99.451,10,15,7,343,0.4723
9.127,9.436,0.0,30691.81,6.5,55.515,0.8,,5,-38.616,1,20,13,2414,0.4909
9.418,9.658,0.1106,33551.75,6.5,45.608,0.85,,4,-32.897,1,20,13,1621,0.4917
9.473,9.763,0.0,37769.69,6.5,41.24,0.9,,7,-24.461,1,20,13,1252,0.4944
9.52,9.764,0.0,42602.75,6.5,41.532,0.95,,8,-14.794,1,20,13,945,0.4952
9.83,10.052,0.0,45951.38,6.5,36.041,1.0,,8,-8.097,1,20,13,675,0.4963
9.127,9.436,0.0,9095.06,6.5,87.622,0.8,,3,-81.81,2,20,13,2414,0.4909
9.418,9.658,0.0625,11189.37,6.5,83.955,0.85,,4,-77.621,2,20,13,1621,0.4917
9.473,9.763,0.0,17233.88,6.5,75.074,0.9,,6,-65.532,2,20,13,1252,0.4944
9.52,9.764,0.0,27886.13,6.5,70.378,0.95,,8,-44.228,2,20,13,945,0.4952
9.83,10.052,0.0,30178.63,6.5,64.427,1.0,,7,-39.643,2,20,13,675,0.4963
9.254,9.602,0.0,3236.94,6.5,95.613,0.8,,1,-93.526,3,20,8,1463,0.4874
9.425,9.719,0.0172,3177.0,6.5,95.145,0.85,,2,-93.646,3,20,13,1592,0.4906
9.473,9.763,0.0,4586.63,6.5,93.95,0.9,,3,-90.827,3,20,13,1252,0.4944
9.52,9.764,0.0,11454.5,6.5,89.612,0.95,,7,-77.091,3,20,13,945,0.4952
9.83,10.052,0.0,14678.44,6.5,83.26,1.0,,7,-70.643,3,20,13,675,0.4963
8.555,8.193,0.0,2401.31,6.5,97.01,0.8,,0,-95.197,4,20,6,1014,0.4911
9.185,9.716,0.0248,2400.0,6.5,96.551,0.85,,1,-95.2,4,20,7,851,0.4853
9.713,10.274,0.0,2357.13,6.5,96.615,0.9,,2,-95.286,4,20,9,780,0.4872
9.52,9.764,0.0,3034.38,6.5,97.359,0.95,,6,-93.931,4,20,13,945,0.4952
9.83,10.052,0.0,4804.94,6.5,93.933,1.0,,5,-90.39,4,20,13,675,0.4963
8.694,8.281,0.0,1850.94,6.5,97.74,0.8,,0,-96.298,5,20,4,586,0.4812
8.665,8.482,0.0,1848.31,6.5,97.414,0.85,,0,-96.303,5,20,6,679,0.4904
9.313,10.029,0.0,1522.38,6.5,97.946,0.9,,2,-96.955,5,20,7,638,0.4843
9.556,9.883,0.0,1472.5,6.5,98.571,0.95,,6,-97.055,5,20,12,909,0.4972
9.827,10.276,0.0,1931.0,6.5,97.777,1.0,,3,-96.138,5,20,9,423,0.4799
8.827,7.9,0.0,1563.94,6.5,98.078,0.8,,0,-96.872,6,20,3,341,0.4809
8.812,8.569,0.0,1581.88,6.5,97.9,0.85,,0,-96.836,6,20,4,418,0.4785
9.042,9.92,0.0,1556.5,6.5,97.997,0.9,,2,-96.887,6,20,7,624,0.4872
9.175,9.857,0.0,980.31,6.5,99.028,0.95,,4,-98.039,6,20,7,484,0.4752
9.278,9.506,0.0,1407.75,6.5,98.508,1.0,,3,-97.184,6,20,7,343,0.4723
8.788,7.841,0.0,1416.06,6.5,98.301,0.8,,0,-97.168,7,20,3,332,0.4849
8.752,8.495,0.0,1493.5,6.5,98.073,0.85,,0,-97.013,7,20,4,397,0.4811
8.696,8.639,0.0,1355.25,6.5,98.309,0.9,,1,-97.289,7,20,6,526,0.4905
9.175,9.857,0.0,1012.25,6.5,99.046,0.95,,3,-97.975,7,20,7,484,0.4752
9.278,9.506,0.0,756.31,6.5,99.234,1.0,,2,-98.487,7,20,7,343,0.4723
8.788,7.841,0.0,1416.06,6.5,98.301,0.8,,0,-97.168,8,20,3,332,0.4849
8.752,8.495,0.0,1493.5,6.5,98.073,0.85,,0,-97.013,8,20,4,397,0.4811
8.696,8.639,0.0,1355.25,6.5,98.309,0.9,,1,-97.289,8,20,6,526,0.4905
9.175,9.857,0.0,1012.25,6.5,99.046,0.95,,3,-97.975,8,20,7,484,0.4752
9.278,9.506,0.0,756.31,6.5,99.234,1.0,,2,-98.487,8,20,7,343,0.4723
8.788,7.841,0.0,1416.06,6.5,98.301,0.8,,0,-97.168,9,20,3,332,0.4849
8.752,8.495,0.0,1493.5,6.5,98.073,0.85,,0,-97.013,9,20,4,397,0.4811
8.696,8.639,0.0,1355.25,6.5,98.309,0.9,,1,-97.289,9,20,6,526,0.4905
9.175,9.857,0.0,1012.25,6.5,99.046,0.95,,3,-97.975,9,20,7,484,0.4752
9.278,9.506,0.0,756.31,6.5,99.234,1.0,,2,-98.487,9,20,7,343,0.4723
8.788,7.841,0.0,1416.06,6.5,98.301,0.8,,0,-97.168,10,20,3,332,0.4849
8.752,8.495,0.0,1493.5,6.5,98.073,0.85,,0,-97.013,10,20,4,397,0.4811
8.696,8.639,0.0,1355.25,6.5,98.309,0.9,,1,-97.289,10,20,6,526,0.4905
9.175,9.857,0.0,1012.25,6.5,99.046,0.95,,3,-97.975,10,20,7,484,0.4752
9.278,9.506,0.0,756.31,6.5,99.234,1.0,,2,-98.487,10,20,7,343,0.4723
9.184,9.436,0.024,22626.5,6.5,62.0,0.8,,4,-54.747,1,25,13,2414,0.4909
9.442,9.658,0.1093,32667.12,6.5,47.0,0.85,,4,-34.666,1,25,13,1621,0.4917
9.49,9.763,0.0,37457.75,6.5,41.768,0.9,,8,-25.084,1,25,13,1252,0.4944
9.542,9.764,0.0,42459.25,6.5,41.499,0.95,,8,-15.081,1,25,13,945,0.4952
9.863,10.052,0.0,45491.13,6.5,35.921,1.0,,8,-9.018,1,25,13,675,0.4963
9.184,9.436,0.0,6048.75,6.5,91.361,0.8,,3,-87.903,2,25,13,2414,0.4909
9.442,9.658,0.0728,9556.62,6.5,85.434,0.85,,4,-80.887,2,25,13,1621,0.4917
9.49,9.763,0.0,17327.5,6.5,74.989,0.9,,6,-65.345,2,25,13,1252,0.4944
9.542,9.764,0.0,27042.19,6.5,70.42,0.95,,8,-45.916,2,25,13,945,0.4952
9.863,10.052,0.0,29296.19,6.5,64.455,1.0,,7,-41.408,2,25,13,675,0.4963
8.668,8.172,0.0,3210.69,6.5,94.938,0.8,,0,-93.579,3,25,6,1023,0.4888
9.447,9.719,0.018,3229.5,6.5,95.065,0.85,,2,-93.541,3,25,13,1593,0.4903
9.49,9.763,0.0,4518.38,6.5,94.055,0.9,,4,-90.963,3,25,13,1252,0.4944
9.542,9.764,0.0,9447.69,6.5,90.94,0.95,,6,-81.105,3,25,13,945,0.4952
9.863,10.052,0.0,14315.31,6.5,82.701,1.0,,8,-71.369,3,25,13,675,0.4963
8.663,8.193,0.0,2385.13,6.5,96.509,0.8,,0,-95.23,4,25,6,1014,0.4911
9.197,9.716,0.0253,2279.69,6.5,96.724,0.85,,1,-95.441,4,25,7,851,0.4853
9.489,10.034,0.0,2362.38,6.5,96.607,0.9,,4,-95.275,4,25,11,1092,0.4927
9.542,9.764,0.0,2951.25,6.5,97.43,0.95,,6,-94.097,4,25,13,945,0.4952
9.863,10.052,0.0,4793.56,6.5,94.219,1.0,,5,-90.413,4,25,13,675,0.4963
9.189,7.894,0.0,1862.75,6.5,97.451,0.8,,0,-96.275,5,25,3,346,0.4798
8.685,8.482,0.0,1941.5,6.5,97.284,0.85,,0,-96.117,5,25,6,678,0.4912
9.328,10.029,0.0,1532.0,6.5,97.933,0.9,,2,-96.936,5,25,7,638,0.4843
9.606,10.217,0.0,1799.75,6.5,98.238,0.95,,4,-96.4,5,25,9,586,0.4829
9.85,10.276,0.0,1738.5,6.5,97.998,1.0,,3,-96.523,5,25,9,423,0.4799
9.242,7.746,0.0,1543.37,6.5,98.018,0.8,,0,-96.913,6,25,2,308,0.4968
8.575,8.409,0.0,1518.0,6.5,97.985,0.85,,0,-96.964,6,25,5,583,0.4889
9.058,9.92,0.0,1585.38,6.5,97.96,0.9,,2,-96.829,6,25,7,624,0.4872
9.195,9.857,0.0,773.38,6.5,99.233,0.95,,4,-98.453,6,25,7,484,0.4752
9.306,9.506,0.0,1416.06,6.5,98.499,1.0,,3,-97.168,6,25,7,343,0.4723
9.242,7.746,0.0,1428.31,6.5,98.222,0.8,,0,-97.143,7,25,2,308,0.4968
8.837,8.526,0.0,1442.75,6.5,98.138,0.85,,0,-97.114,7,25,4,406,0.4803
8.708,8.639,0.0,1497.88,6.5,98.131,0.9,,1,-97.004,7,25,6,525,0.4914
9.195,9.857,0.0,1054.25,6.5,99.007,0.95,,3,-97.891,7,25,7,484,0.4752
9.306,9.506,0.0,1325.5,6.5,98.657,1.0,,2,-97.349,7,25,7,343,0.4723
9.242,7.746,0.0,1428.31,6.5,98.222,0.8,,0,-97.143,8,25,2,308,0.4968
8.837,8.526,0.0,1442.75,6.5,98.138,0.85,,0,-97.114,8,25,4,406,0.4803
8.708,8.639,0.0,1497.88,6.5,98.131,0.9,,1,-97.004,8,25,6,525,0.4914
9.195,9.857,0.0,1054.25,6.5,99.007,0.95,,3,-97.891,8,25,7,484,0.4752
9.306,9.506,0.0,1325.5,6.5,98.657,1.0,,2,-97.349,8,25,7,343,0.4723
9.242,7.746,0.0,1428.31,6.5,98.222,0.8,,0,-97.143,9,25,2,308,0.4968
8.837,8.526,0.0,1442.75,6.5,98.138,0.85,,0,-97.114,9,25,4,406,0.4803
8.708,8.639,0.0,1497.88,6.5,98.131,0.9,,1,-97.004,9,25,6,525,0.4914
9.195,9.857,0.0,1054.25,6.5,99.007,0.95,,3,-97.891,9,25,7,484,0.4752
9.306,9.506,0.0,1325.5,6.5,98.657,1.0,,2,-97.349,9,25,7,343,0.4723
9.242,7.746,0.0,1428.31,6.5,98.222,0.8,,0,-97.143,10,25,2,308,0.4968
8.837,8.526,0.0,1442.75,6.5,98.138,0.85,,0,-97.114,10,25,4,406,0.4803
8.708,8.639,0.0,1497.88,6.5,98.131,0.9,,1,-97.004,10,25,6,525,0.4914
9.195,9.857,0.0,1054.25,6.5,99.007,0.95,,3,-97.891,10,25,7,484,0.4752
9.306,9.506,0.0,1325.5,6.5,98.657,1.0,,2,-97.349,10,25,7,343,0.4723
9.188,9.435,0.0197,22690.81,6.5,61.881,0.8,,4,-54.618,1,30,13,2414,0.4905
9.442,9.658,0.1093,32667.12,6.5,47.0,0.85,,4,-34.666,1,30,13,1621,0.4917
9.49,9.763,0.0,37457.75,6.5,41.768,0.9,,8,-25.084,1,30,13,1252,0.4944
9.542,9.764,0.0,42459.25,6.5,41.499,0.95,,8,-15.081,1,30,13,945,0.4952
9.863,10.052,0.0,45491.13,6.5,35.921,1.0,,8,-9.018,1,30,13,675,0.4963
9.188,9.435,0.0007,6706.31,6.5,90.237,0.8,,3,-86.587,2,30,13,2414,0.4905
9.442,9.658,0.0728,9556.62,6.5,85.434,0.85,,4,-80.887,2,30,13,1621,0.4917
9.49,9.763,0.0,17327.5,6.5,74.989,0.9,,6,-65.345,2,30,13,1252,0.4944
9.542,9.764,0.0,27042.19,6.5,70.42,0.95,,8,-45.916,2,30,13,945,0.4952
9.863,10.052,0.0,29296.19,6.5,64.455,1.0,,7,-41.408,2,30,13,675,0.4963
8.68,8.166,0.0,3236.06,6.5,94.898,0.8,,0,-93.528,3,30,6,1023,0.4878
9.447,9.719,0.018,3229.5,6.5,95.065,0.85,,2,-93.541,3,30,13,1593,0.4903
9.49,9.763,0.0,4518.38,6.5,94.055,0.9,,4,-90.963,3,30,13,1252,0.4944
9.542,9.764,0.0,9447.69,6.5,90.94,0.95,,6,-81.105,3,30,13,945,0.4952
9.863,10.052,0.0,14315.31,6.5,82.701,1.0,,8,-71.369,3,30,13,675,0.4963
8.645,8.026,0.0,2424.5,6.5,96.451,0.8,,0,-95.151,4,30,5,741,0.4872
9.197,9.716,0.0253,2279.69,6.5,96.724,0.85,,1,-95.441,4,30,7,851,0.4853
9.489,10.034,0.0,2362.38,6.5,96.607,0.9,,4,-95.275,4,30,11,1092,0.4927
9.542,9.764,0.0,2951.25,6.5,97.43,0.95,,6,-94.097,4,30,13,945,0.4952
9.863,10.052,0.0,4793.56,6.5,94.219,1.0,,5,-90.413,4,30,13,675,0.4963
9.189,7.894,0.0,1862.75,6.5,97.451,0.8,,0,-96.275,5,30,3,346,0.4798
8.685,8.482,0.0,1941.5,6.5,97.284,0.85,,0,-96.117,5,30,6,678,0.4912
9.328,10.029,0.0,1532.0,6.5,97.933,0.9,,2,-96.936,5,30,7,638,0.4843
9.606,10.217,0.0,1799.75,6.5,98.238,0.95,,4,-96.4,5,30,9,586,0.4829
9.85,10.276,0.0,1738.5,6.5,97.998,1.0,,3,-96.523,5,30,9,423,0.4799
9.242,7.746,0.0,1543.37,6.5,98.018,0.8,,0,-96.913,6,30,2,308,0.4968
8.575,8.409,0.0,1518.0,6.5,97.985,0.85,,0,-96.964,6,30,5,583,0.4889
9.058,9.92,0.0,1585.38,6.5,97.96,0.9,,2,-96.829,6,30,7,624,0.4872
9.195,9.857,0.0,773.38,6.5,99.233,0.95,,4,-98.453,6,30,7,484,0.4752
9.306,9.506,0.0,1416.06,6.5,98.499,1.0,,3,-97.168,6,30,7,343,0.4723
9.242,7.746,0.0,1428.31,6.5,98.222,0.8,,0,-97.143,7,30,2,308,0.4968
8.837,8.526,0.0,1442.75,6.5,98.138,0.85,,0,-97.114,7,30,4,406,0.4803
8.708,8.639,0.0,1497.88,6.5,98.131,0.9,,1,-97.004,7,30,6,525,0.4914
9.195,9.857,0.0,1054.25,6.5,99.007,0.95,,3,-97.891,7,30,7,484,0.4752
9.306,9.506,0.0,1325.5,6.5,98.657,1.0,,2,-97.349,7,30,7,343,0.4723
9.242,7.746,0.0,1428.31,6.5,98.222,0.8,,0,-97.143,8,30,2,308,0.4968
8.837,8.526,0.0,1442.75,6.5,98.138,0.85,,0,-97.114,8,30,4,406,0.4803
8.708,8.639,0.0,1497.88,6.5,98.131,0.9,,1,-97.004,8,30,6,525,0.4914
9.195,9.857,0.0,1054.25,6.5,99.007,0.95,,3,-97.891,8,30,7,484,0.4752
9.306,9.506,0.0,1325.5,6.5,98.657,1.0,,2,-97.349,8,30,7,343,0.4723
9.242,7.746,0.0,1428.31,6.5,98.222,0.8,,0,-97.143,9,30,2,308,0.4968
8.837,8.526,0.0,1442.75,6.5,98.138,0.85,,0,-97.114,9,30,4,406,0.4803
8.708,8.639,0.0,1497.88,6.5,98.131,0.9,,1,-97.004,9,30,6,525,0.4914
9.195,9.857,0.0,1054.25,6.5,99.007,0.95,,3,-97.891,9,30,7,484,0.4752
9.306,9.506,0.0,1325.5,6.5,98.657,1.0,,2,-97.349,9,30,7,343,0.4723
9.242,7.746,0.0,1428.31,6.5,98.222,0.8,,0,-97.143,10,30,2,308,0.4968
8.837,8.526,0.0,1442.75,6.5,98.138,0.85,,0,-97.114,10,30,4,406,0.4803
8.708,8.639,0.0,1497.88,6.5,98.131,0.9,,1,-97.004,10,30,6,525,0.4914
9.195,9.857,0.0,1054.25,6.5,99.007,0.95,,3,-97.891,10,30,7,484,0.4752
9.306,9.506,0.0,1325.5,6.5,98.657,1.0,,2,-97.349,10,30,7,343,0.4723
9.188,9.435,0.0197,22690.81,6.5,61.881,0.8,,4,-54.618,1,35,13,2414,0.4905
9.442,9.658,0.1093,32667.12,6.5,47.0,0.85,,4,-34.666,1,35,13,1621,0.4917
9.49,9.763,0.0,37457.75,6.5,41.768,0.9,,8,-25.084,1,35,13,1252,0.4944
9.542,9.764,0.0,42459.25,6.5,41.499,0.95,,8,-15.081,1,35,13,945,0.4952
9.863,10.052,0.0,45491.13,6.5,35.921,1.0,,8,-9.018,1,35,13,675,0.4963
9.188,9.435,0.0007,6706.31,6.5,90.237,0.8,,3,-86.587,2,35,13,2414,0.4905
9.442,9.658,0.0728,9556.62,6.5,85.434,0.85,,4,-80.887,2,35,13,1621,0.4917
9.49,9.763,0.0,17327.5,6.5,74.989,0.9,,6,-65.345,2,35,13,1252,0.4944
9.542,9.764,0.0,27042.19,6.5,70.42,0.95,,8,-45.916,2,35,13,945,0.4952
9.863,10.052,0.0,29296.19,6.5,64.455,1.0,,7,-41.408,2,35,13,675,0.4963
8.68,8.166,0.0,3236.06,6.5,94.898,0.8,,0,-93.528,3,35,6,1023,0.4878
9.447,9.719,0.018,3229.5,6.5,95.065,0.85,,2,-93.541,3,35,13,1593,0.4903
9.49,9.763,0.0,4518.38,6.5,94.055,0.9,,4,-90.963,3,35,13,1252,0.4944
9.542,9.764,0.0,9447.69,6.5,90.94,0.95,,6,-81.105,3,35,13,945,0.4952
9.863,10.052,0.0,14315.31,6.5,82.701,1.0,,8,-71.369,3,35,13,675,0.4963
8.645,8.026,0.0,2424.5,6.5,96.451,0.8,,0,-95.151,4,35,5,741,0.4872
9.197,9.716,0.0253,2279.69,6.5,96.724,0.85,,1,-95.441,4,35,7,851,0.4853
9.489,10.034,0.0,2362.38,6.5,96.607,0.9,,4,-95.275,4,35,11,1092,0.4927
9.542,9.764,0.0,2951.25,6.5,97.43,0.95,,6,-94.097,4,35,13,945,0.4952
9.863,10.052,0.0,4793.56,6.5,94.219,1.0,,5,-90.413,4,35,13,675,0.4963
9.189,7.894,0.0,1862.75,6.5,97.451,0.8,,0,-96.275,5,35,3,346,0.4798
8.685,8.482,0.0,1941.5,6.5,97.284,0.85,,0,-96.117,5,35,6,678,0.4912
9.328,10.029,0.0,1532.0,6.5,97.933,0.9,,2,-96.936,5,35,7,638,0.4843
9.606,10.217,0.0,1799.75,6.5,98.238,0.95,,4,-96.4,5,35,9,586,0.4829
9.85,10.276,0.0,1738.5,6.5,97.998,1.0,,3,-96.523,5,35,9,423,0.4799
9.242,7.746,0.0,1543.37,6.5,98.018,0.8,,0,-96.913,6,35,2,308,0.4968
8.575,8.409,0.0,1518.0,6.5,97.985,0.85,,0,-96.964,6,35,5,583,0.4889
9.058,9.92,0.0,1585.38,6.5,97.96,0.9,,2,-96.829,6,35,7,624,0.4872
9.195,9.857,0.0,773.38,6.5,99.233,0.95,,4,-98.453,6,35,7,484,0.4752
9.306,9.506,0.0,1416.06,6.5,98.499,1.0,,3,-97.168,6,35,7,343,0.4723
9.242,7.746,0.0,1428.31,6.5,98.222,0.8,,0,-97.143,7,35,2,308,0.4968
8.837,8.526,0.0,1442.75,6.5,98.138,0.85,,0,-97.114,7,35,4,406,0.4803
8.708,8.639,0.0,1497.88,6.5,98.131,0.9,,1,-97.004,7,35,6,525,0.4914
9.195,9.857,0.0,1054.25,6.5,99.007,0.95,,3,-97.891,7,35,7,484,0.4752
9.306,9.506,0.0,1325.5,6.5,98.657,1.0,,2,-97.349,7,35,7,343,0.4723
9.242,7.746,0.0,1428.31,6.5,98.222,0.8,,0,-97.143,8,35,2,308,0.4968
8.837,8.526,0.0,1442.75,6.5,98.138,0.85,,0,-97.114,8,35,4,406,0.4803
8.708,8.639,0.0,1497.88,6.5,98.131,0.9,,1,-97.004,8,35,6,525,0.4914
9.195,9.857,0.0,1054.25,6.5,99.007,0.95,,3,-97.891,8,35,7,484,0.4752
9.306,9.506,0.0,1325.5,6.5,98.657,1.0,,2,-97.349,8,35,7,343,0.4723
9.242,7.746,0.0,1428.31,6.5,98.222,0.8,,0,-97.143,9,35,2,308,0.4968
8.837,8.526,0.0,1442.75,6.5,98.138,0.85,,0,-97.114,9,35,4,406,0.4803
8.708,8.639,0.0,1497.88,6.5,98.131,0.9,,1,-97.004,9,35,6,525,0.4914
9.195,9.857,0.0,1054.25,6.5,99.007,0.95,,3,-97.891,9,35,7,484,0.4752
9.306,9.506,0.0,1325.5,6.5,98.657,1.0,,2,-97.349,9,35,7,343,0.4723
9.242,7.746,0.0,1428.31,6.5,98.222,0.8,,0,-97.143,10,35,2,308,0.4968
8.837,8.526,0.0,1442.75,6.5,98.138,0.85,,0,-97.114,10,35,4,406,0.4803
8.708,8.639,0.0,1497.88,6.5,98.131,0.9,,1,-97.004,10,35,6,525,0.4914
9.195,9.857,0.0,1054.25,6.5,99.007,0.95,,3,-97.891,10,35,7,484,0.4752
9.306,9.506,0.0,1325.5,6.5,98.657,1.0,,2,-97.349,10,35,7,343,0.4723
9.188,9.435,0.0197,22690.81,6.5,61.881,0.8,,4,-54.618,1,40,13,2414,0.4905
9.442,9.658,0.1093,32667.12,6.5,47.0,0.85,,4,-34.666,1,40,13,1621,0.4917
9.49,9.763,0.0,37457.75,6.5,41.768,0.9,,8,-25.084,1,40,13,1252,0.4944
9.542,9.764,0.0,42459.25,6.5,41.499,0.95,,8,-15.081,1,40,13,945,0.4952
9.863,10.052,0.0,45491.13,6.5,35.921,1.0,,8,-9.018,1,40,13,675,0.4963
9.188,9.435,0.0007,6706.31,6.5,90.237,0.8,,3,-86.587,2,40,13,2414,0.4905
9.442,9.658,0.0728,9556.62,6.5,85.434,0.85,,4,-80.887,2,40,13,1621,0.4917
9.49,9.763,0.0,17327.5,6.5,74.989,0.9,,6,-65.345,2,40,13,1252,0.4944
9.542,9.764,0.0,27042.19,6.5,70.42,0.95,,8,-45.916,2,40,13,945,0.4952
9.863,10.052,0.0,29296.19,6.5,64.455,1.0,,7,-41.408,2,40,13,675,0.4963
8.68,8.166,0.0,3236.06,6.5,94.898,0.8,,0,-93.528,3,40,6,1023,0.4878
9.447,9.719,0.018,3229.5,6.5,95.065,0.85,,2,-93.541,3,40,13,1593,0.4903
9.49,9.763,0.0,4518.38,6.5,94.055,0.9,,4,-90.963,3,40,13,1252,0.4944
9.542,9.764,0.0,9447.69,6.5,90.94,0.95,,6,-81.105,3,40,13,945,0.4952
9.863,10.052,0.0,14315.31,6.5,82.701,1.0,,8,-71.369,3,40,13,675,0.4963
8.645,8.026,0.0,2424.5,6.5,96.451,0.8,,0,-95.151,4,40,5,741,0.4872
9.197,9.716,0.0253,2279.69,6.5,96.724,0.85,,1,-95.441,4,40,7,851,0.4853
9.489,10.034,0.0,2362.38,6.5,96.607,0.9,,4,-95.275,4,40,11,1092,0.4927
9.542,9.764,0.0,2951.25,6.5,97.43,0.95,,6,-94.097,4,40,13,945,0.4952
9.863,10.052,0.0,4793.56,6.5,94.219,1.0,,5,-90.413,4,40,13,675,0.4963
9.189,7.894,0.0,1862.75,6.5,97.451,0.8,,0,-96.275,5,40,3,346,0.4798
8.685,8.482,0.0,1941.5,6.5,97.284,0.85,,0,-96.117,5,40,6,678,0.4912
9.328,10.029,0.0,1532.0,6.5,97.933,0.9,,2,-96.936,5,40,7,638,0.4843
9.606,10.217,0.0,1799.75,6.5,98.238,0.95,,4,-96.4,5,40,9,586,0.4829
9.85,10.276,0.0,1738.5,6.5,97.998,1.0,,3,-96.523,5,40,9,423,0.4799
9.242,7.746,0.0,1543.37,6.5,98.018,0.8,,0,-96.913,6,40,2,308,0.4968
8.575,8.409,0.0,1518.0,6.5,97.985,0.85,,0,-96.964,6,40,5,583,0.4889
9.058,9.92,0.0,1585.38,6.5,97.96,0.9,,2,-96.829,6,40,7,624,0.4872
9.195,9.857,0.0,773.38,6.5,99.233,0.95,,4,-98.453,6,40,7,484,0.4752
9.306,9.506,0.0,1416.06,6.5,98.499,1.0,,3,-97.168,6,40,7,343,0.4723
9.242,7.746,0.0,1428.31,6.5,98.222,0.8,,0,-97.143,7,40,2,308,0.4968
8.837,8.526,0.0,1442.75,6.5,98.138,0.85,,0,-97.114,7,40,4,406,0.4803
8.708,8.639,0.0,1497.88,6.5,98.131,0.9,,1,-97.004,7,40,6,525,0.4914
9.195,9.857,0.0,1054.25,6.5,99.007,0.95,,3,-97.891,7,40,7,484,0.4752
9.306,9.506,0.0,1325.5,6.5,98.657,1.0,,2,-97.349,7,40,7,343,0.4723
9.242,7.746,0.0,1428.31,6.5,98.222,0.8,,0,-97.143,8,40,2,308,0.4968
8.837,8.526,0.0,1442.75,6.5,98.138,0.85,,0,-97.114,8,40,4,406,0.4803
8.708,8.639,0.0,1497.88,6.5,98.131,0.9,,1,-97.004,8,40,6,525,0.4914
9.195,9.857,0.0,1054.25,6.5,99.007,0.95,,3,-97.891,8,40,7,484,0.4752
9.306,9.506,0.0,1325.5,6.5,98.657,1.0,,2,-97.349,8,40,7,343,0.4723
9.242,7.746,0.0,1428.31,6.5,98.222,0.8,,0,-97.143,9,40,2,308,0.4968
8.837,8.526,0.0,1442.75,6.5,98.138,0.85,,0,-97.114,9,40,4,406,0.4803
8.708,8.639,0.0,1497.88,6.5,98.131,0.9,,1,-97.004,9,40,6,525,0.4914
9.195,9.857,0.0,1054.25,6.5,99.007,0.95,,3,-97.891,9,40,7,484,0.4752
9.306,9.506,0.0,1325.5,6.5,98.657,1.0,,2,-97.349,9,40,7,343,0.4723
9.242,7.746,0.0,1428.31,6.5,98.222,0.8,,0,-97.143,10,40,2,308,0.4968
8.837,8.526,0.0,1442.75,6.5,98.138,0.85,,0,-97.114,10,40,4,406,0.4803
8.708,8.639,0.0,1497.88,6.5,98.131,0.9,,1,-97.004,10,40,6,525,0.4914
9.195,9.857,0.0,1054.25,6.5,99.007,0.95,,3,-97.891,10,40,7,484,0.4752
9.306,9.506,0.0,1325.5,6.5,98.657,1.0,,2,-97.349,10,40,7,343,0.4723
9.188,9.435,0.0197,22690.81,6.5,61.881,0.8,,4,-54.618,1,45,13,2414,0.4905
9.442,9.658,0.1093,32667.12,6.5,47.0,0.85,,4,-34.666,1,45,13,1621,0.4917
9.49,9.763,0.0,37457.75,6.5,41.768,0.9,,8,-25.084,1,45,13,1252,0.4944
9.542,9.764,0.0,42459.25,6.5,41.499,0.95,,8,-15.081,1,45,13,945,0.4952
9.863,10.052,0.0,45491.13,6.5,35.921,1.0,,8,-9.018,1,45,13,675,0.4963
9.188,9.435,0.0007,6706.31,6.5,90.237,0.8,,3,-86.587,2,45,13,2414,0.4905
9.442,9.658,0.0728,9556.62,6.5,85.434,0.85,,4,-80.887,2,45,13,1621,0.4917
9.49,9.763,0.0,17327.5,6.5,74.989,0.9,,6,-65.345,2,45,13,1252,0.4944
9.542,9.764,0.0,27042.19,6.5,70.42,0.95,,8,-45.916,2,45,13,945,0.4952
9.863,10.052,0.0,29296.19,6.5,64.455,1.0,,7,-41.408,2,45,13,675,0.4963
8.68,8.166,0.0,3236.06,6.5,94.898,0.8,,0,-93.528,3,45,6,1023,0.4878
9.447,9.719,0.018,3229.5,6.5,95.065,0.85,,2,-93.541,3,45,13,1593,0.4903
9.49,9.763,0.0,4518.38,6.5,94.055,0.9,,4,-90.963,3,45,13,1252,0.4944
9.542,9.764,0.0,9447.69,6.5,90.94,0.95,,6,-81.105,3,45,13,945,0.4952
9.863,10.052,0.0,14315.31,6.5,82.701,1.0,,8,-71.369,3,45,13,675,0.4963
8.645,8.026,0.0,2424.5,6.5,96.451,0.8,,0,-95.151,4,45,5,741,0.4872
9.197,9.716,0.0253,2279.69,6.5,96.724,0.85,,1,-95.441,4,45,7,851,0.4853
9.489,10.034,0.0,2362.38,6.5,96.607,0.9,,4,-95.275,4,45,11,1092,0.4927
9.542,9.764,0.0,2951.25,6.5,97.43,0.95,,6,-94.097,4,45,13,945,0.4952
9.863,10.052,0.0,4793.56,6.5,94.219,1.0,,5,-90.413,4,45,13,675,0.4963
9.189,7.894,0.0,1862.75,6.5,97.451,0.8,,0,-96.275,5,45,3,346,0.4798
8.685,8.482,0.0,1941.5,6.5,97.284,0.85,,0,-96.117,5,45,6,678,0.4912
9.328,10.029,0.0,1532.0,6.5,97.933,0.9,,2,-96.936,5,45,7,638,0.4843
9.606,10.217,0.0,1799.75,6.5,98.238,0.95,,4,-96.4,5,45,9,586,0.4829
9.85,10.276,0.0,1738.5,6.5,97.998,1.0,,3,-96.523,5,45,9,423,0.4799
9.242,7.746,0.0,1543.37,6.5,98.018,0.8,,0,-96.913,6,45,2,308,0.4968
8.575,8.409,0.0,1518.0,6.5,97.985,0.85,,0,-96.964,6,45,5,583,0.4889
9.058,9.92,0.0,1585.38,6.5,97.96,0.9,,2,-96.829,6,45,7,624,0.4872
9.195,9.857,0.0,773.38,6.5,99.233,0.95,,4,-98.453,6,45,7,484,0.4752
9.306,9.506,0.0,1416.06,6.5,98.499,1.0,,3,-97.168,6,45,7,343,0.4723
9.242,7.746,0.0,1428.31,6.5,98.222,0.8,,0,-97.143,7,45,2,308,0.4968
8.837,8.526,0.0,1442.75,6.5,98.138,0.85,,0,-97.114,7,45,4,406,0.4803
8.708,8.639,0.0,1497.88,6.5,98.131,0.9,,1,-97.004,7,45,6,525,0.4914
9.195,9.857,0.0,1054.25,6.5,99.007,0.95,,3,-97.891,7,45,7,484,0.4752
9.306,9.506,0.0,1325.5,6.5,98.657,1.0,,2,-97.349,7,45,7,343,0.4723
9.242,7.746,0.0,1428.31,6.5,98.222,0.8,,0,-97.143,8,45,2,308,0.4968
8.837,8.526,0.0,1442.75,6.5,98.138,0.85,,0,-97.114,8,45,4,406,0.4803
8.708,8.639,0.0,1497.88,6.5,98.131,0.9,,1,-97.004,8,45,6,525,0.4914
9.195,9.857,0.0,1054.25,6.5,99.007,0.95,,3,-97.891,8,45,7,484,0.4752
9.306,9.506,0.0,1325.5,6.5,98.657,1.0,,2,-97.349,8,45,7,343,0.4723
9.242,7.746,0.0,1428.31,6.5,98.222,0.8,,0,-97.143,9,45,2,308,0.4968
8.837,8.526,0.0,1442.75,6.5,98.138,0.85,,0,-97.114,9,45,4,406,0.4803
8.708,8.639,0.0,1497.88,6.5,98.131,0.9,,1,-97.004,9,45,6,525,0.4914
9.195,9.857,0.0,1054.25,6.5,99.007,0.95,,3,-97.891,9,45,7,484,0.4752
9.306,9.506,0.0,1325.5,6.5,98.657,1.0,,2,-97.349,9,45,7,343,0.4723
9.242,7.746,0.0,1428.31,6.5,98.222,0.8,,0,-97.143,10,45,2,308,0.4968
8.837,8.526,0.0,1442.75,6.5,98.138,0.85,,0,-97.114,10,45,4,406,0.4803
8.708,8.639,0.0,1497.88,6.5,98.131,0.9,,1,-97.004,10,45,6,525,0.4914
9.195,9.857,0.0,1054.25,6.5,99.007,0.95,,3,-97.891,10,45,7,484,0.4752
9.306,9.506,0.0,1325.5,6.5,98.657,1.0,,2,-97.349,10,45,7,343,0.4723
9.188,9.435,0.0197,22690.81,6.5,61.881,0.8,,4,-54.618,1,50,13,2414,0.4905
9.442,9.658,0.1093,32667.12,6.5,47.0,0.85,,4,-34.666,1,50,13,1621,0.4917
9.49,9.763,0.0,37457.75,6.5,41.768,0.9,,8,-25.084,1,50,13,1252,0.4944
9.542,9.764,0.0,42459.25,6.5,41.499,0.95,,8,-15.081,1,50,13,945,0.4952
9.863,10.052,0.0,45491.13,6.5,35.921,1.0,,8,-9.018,1,50,13,675,0.4963
9.188,9.435,0.0007,6706.31,6.5,90.237,0.8,,3,-86.587,2,50,13,2414,0.4905
9.442,9.658,0.0728,9556.62,6.5,85.434,0.85,,4,-80.887,2,50,13,1621,0.4917
9.49,9.763,0.0,17327.5,6.5,74.989,0.9,,6,-65.345,2,50,13,1252,0.4944
9.542,9.764,0.0,27042.19,6.5,70.42,0.95,,8,-45.916,2,50,13,945,0.4952
9.863,10.052,0.0,29296.19,6.5,64.455,1.0,,7,-41.408,2,50,13,675,0.4963
8.68,8.166,0.0,3236.06,6.5,94.898,0.8,,0,-93.528,3,50,6,1023,0.4878
9.447,9.719,0.018,3229.5,6.5,95.065,0.85,,2,-93.541,3,50,13,1593,0.4903
9.49,9.763,0.0,4518.38,6.5,94.055,0.9,,4,-90.963,3,50,13,1252,0.4944
9.542,9.764,0.0,9447.69,6.5,90.94,0.95,,6,-81.105,3,50,13,945,0.4952
9.863,10.052,0.0,14315.31,6.5,82.701,1.0,,8,-71.369,3,50,13,675,0.4963
8.645,8.026,0.0,2424.5,6.5,96.451,0.8,,0,-95.151,4,50,5,741,0.4872
9.197,9.716,0.0253,2279.69,6.5,96.724,0.85,,1,-95.441,4,50,7,851,0.4853
9.489,10.034,0.0,2362.38,6.5,96.607,0.9,,4,-95.275,4,50,11,1092,0.4927
9.542,9.764,0.0,2951.25,6.5,97.43,0.95,,6,-94.097,4,50,13,945,0.4952
9.863,10.052,0.0,4793.56,6.5,94.219,1.0,,5,-90.413,4,50,13,675,0.4963
9.189,7.894,0.0,1862.75,6.5,97.451,0.8,,0,-96.275,5,50,3,346,0.4798
8.685,8.482,0.0,1941.5,6.5,97.284,0.85,,0,-96.117,5,50,6,678,0.4912
9.328,10.029,0.0,1532.0,6.5,97.933,0.9,,2,-96.936,5,50,7,638,0.4843
9.606,10.217,0.0,1799.75,6.5,98.238,0.95,,4,-96.4,5,50,9,586,0.4829
9.85,10.276,0.0,1738.5,6.5,97.998,1.0,,3,-96.523,5,50,9,423,0.4799
9.242,7.746,0.0,1543.37,6.5,98.018,0.8,,0,-96.913,6,50,2,308,0.4968
8.575,8.409,0.0,1518.0,6.5,97.985,0.85,,0,-96.964,6,50,5,583,0.4889
9.058,9.92,0.0,1585.38,6.5,97.96,0.9,,2,-96.829,6,50,7,624,0.4872
9.195,9.857,0.0,773.38,6.5,99.233,0.95,,4,-98.453,6,50,7,484,0.4752
9.306,9.506,0.0,1416.06,6.5,98.499,1.0,,3,-97.168,6,50,7,343,0.4723
9.242,7.746,0.0,1428.31,6.5,98.222,0.8,,0,-97.143,7,50,2,308,0.4968
8.837,8.526,0.0,1442.75,6.5,98.138,0.85,,0,-97.114,7,50,4,406,0.4803
8.708,8.639,0.0,1497.88,6.5,98.131,0.9,,1,-97.004,7,50,6,525,0.4914
9.195,9.857,0.0,1054.25,6.5,99.007,0.95,,3,-97.891,7,50,7,484,0.4752
9.306,9.506,0.0,1325.5,6.5,98.657,1.0,,2,-97.349,7,50,7,343,0.4723
9.242,7.746,0.0,1428.31,6.5,98.222,0.8,,0,-97.143,8,50,2,308,0.4968
8.837,8.526,0.0,1442.75,6.5,98.138,0.85,,0,-97.114,8,50,4,406,0.4803
8.708,8.639,0.0,1497.88,6.5,98.131,0.9,,1,-97.004,8,50,6,525,0.4914
9.195,9.857,0.0,1054.25,6.5,99.007,0.95,,3,-97.891,8,50,7,484,0.4752
9.306,9.506,0.0,1325.5,6.5,98.657,1.0,,2,-97.349,8,50,7,343,0.4723
9.242,7.746,0.0,1428.31,6.5,98.222,0.8,,0,-97.143,9,50,2,308,0.4968
8.837,8.526,0.0,1442.75,6.5,98.138,0.85,,0,-97.114,9,50,4,406,0.4803
8.708,8.639,0.0,1497.88,6.5,98.131,0.9,,1,-97.004,9,50,6,525,0.4914
9.195,9.857,0.0,1054.25,6.5,99.007,0.95,,3,-97.891,9,50,7,484,0.4752
9.306,9.506,0.0,1325.5,6.5,98.657,1.0,,2,-97.349,9,50,7,343,0.4723
9.242,7.746,0.0,1428.31,6.5,98.222,0.8,,0,-97.143,10,50,2,308,0.4968
8.837,8.526,0.0,1442.75,6.5,98.138,0.85,,0,-97.114,10,50,4,406,0.4803
8.708,8.639,0.0,1497.88,6.5,98.131,0.9,,1,-97.004,10,50,6,525,0.4914
9.195,9.857,0.0,1054.25,6.5,99.007,0.95,,3,-97.891,10,50,7,484,0.4752
9.306,9.506,0.0,1325.5,6.5,98.657,1.0,,2,-97.349,10,50,7,343,0.4723
9.188,9.435,0.0197,22690.81,6.5,61.881,0.8,,4,-54.618,1,55,13,2414,0.4905
9.442,9.658,0.1093,32667.12,6.5,47.0,0.85,,4,-34.666,1,55,13,1621,0.4917
9.49,9.763,0.0,37457.75,6.5,41.768,0.9,,8,-25.084,1,55,13,1252,0.4944
9.542,9.764,0.0,42459.25,6.5,41.499,0.95,,8,-15.081,1,55,13,945,0.4952
9.863,10.052,0.0,45491.13,6.5,35.921,1.0,,8,-9.018,1,55,13,675,0.4963
9.188,9.435,0.0007,6706.31,6.5,90.237,0.8,,3,-86.587,2,55,13,2414,0.4905
9.442,9.658,0.0728,9556.62,6.5,85.434,0.85,,4,-80.887,2,55,13,1621,0.4917
9.49,9.763,0.0,17327.5,6.5,74.989,0.9,,6,-65.345,2,55,13,1252,0.4944
9.542,9.764,0.0,27042.19,6.5,70.42,0.95,,8,-45.916,2,55,13,945,0.4952
9.863,10.052,0.0,29296.19,6.5,64.455,1.0,,7,-41.408,2,55,13,675,0.4963
8.68,8.166,0.0,3236.06,6.5,94.898,0.8,,0,-93.528,3,55,6,1023,0.4878
9.447,9.719,0.018,3229.5,6.5,95.065,0.85,,2,-93.541,3,55,13,1593,0.4903
9.49,9.763,0.0,4518.38,6.5,94.055,0.9,,4,-90.963,3,55,13,1252,0.4944
9.542,9.764,0.0,9447.69,6.5,90.94,0.95,,6,-81.105,3,55,13,945,0.4952
9.863,10.052,0.0,14315.31,6.5,82.701,1.0,,8,-71.369,3,55,13,675,0.4963
8.645,8.026,0.0,2424.5,6.5,96.451,0.8,,0,-95.151,4,55,5,741,0.4872
9.197,9.716,0.0253,2279.69,6.5,96.724,0.85,,1,-95.441,4,55,7,851,0.4853
9.489,10.034,0.0,2362.38,6.5,96.607,0.9,,4,-95.275,4,55,11,1092,0.4927
9.542,9.764,0.0,2951.25,6.5,97.43,0.95,,6,-94.097,4,55,13,945,0.4952
9.863,10.052,0.0,4793.56,6.5,94.219,1.0,,5,-90.413,4,55,13,675,0.4963
9.189,7.894,0.0,1862.75,6.5,97.451,0.8,,0,-96.275,5,55,3,346,0.4798
8.685,8.482,0.0,1941.5,6.5,97.284,0.85,,0,-96.117,5,55,6,678,0.4912
9.328,10.029,0.0,1532.0,6.5,97.933,0.9,,2,-96.936,5,55,7,638,0.4843
9.606,10.217,0.0,1799.75,6.5,98.238,0.95,,4,-96.4,5,55,9,586,0.4829
9.85,10.276,0.0,1738.5,6.5,97.998,1.0,,3,-96.523,5,55,9,423,0.4799
9.242,7.746,0.0,1543.37,6.5,98.018,0.8,,0,-96.913,6,55,2,308,0.4968
8.575,8.409,0.0,1518.0,6.5,97.985,0.85,,0,-96.964,6,55,5,583,0.4889
9.058,9.92,0.0,1585.38,6.5,97.96,0.9,,2,-96.829,6,55,7,624,0.4872
9.195,9.857,0.0,773.38,6.5,99.233,0.95,,4,-98.453,6,55,7,484,0.4752
9.306,9.506,0.0,1416.06,6.5,98.499,1.0,,3,-97.168,6,55,7,343,0.4723
9.242,7.746,0.0,1428.31,6.5,98.222,0.8,,0,-97.143,7,55,2,308,0.4968
8.837,8.526,0.0,1442.75,6.5,98.138,0.85,,0,-97.114,7,55,4,406,0.4803
8.708,8.639,0.0,1497.88,6.5,98.131,0.9,,1,-97.004,7,55,6,525,0.4914
9.195,9.857,0.0,1054.25,6.5,99.007,0.95,,3,-97.891,7,55,7,484,0.4752
9.306,9.506,0.0,1325.5,6.5,98.657,1.0,,2,-97.349,7,55,7,343,0.4723
9.242,7.746,0.0,1428.31,6.5,98.222,0.8,,0,-97.143,8,55,2,308,0.4968
8.837,8.526,0.0,1442.75,6.5,98.138,0.85,,0,-97.114,8,55,4,406,0.4803
8.708,8.639,0.0,1497.88,6.5,98.131,0.9,,1,-97.004,8,55,6,525,0.4914
9.195,9.857,0.0,1054.25,6.5,99.007,0.95,,3,-97.891,8,55,7,484,0.4752
9.306,9.506,0.0,1325.5,6.5,98.657,1.0,,2,-97.349,8,55,7,343,0.4723
9.242,7.746,0.0,1428.31,6.5,98.222,0.8,,0,-97.143,9,55,2,308,0.4968
8.837,8.526,0.0,1442.75,6.5,98.138,0.85,,0,-97.114,9,55,4,406,0.4803
8.708,8.639,0.0,1497.88,6.5,98.131,0.9,,1,-97.004,9,55,6,525,0.4914
9.195,9.857,0.0,1054.25,6.5,99.007,0.95,,3,-97.891,9,55,7,484,0.4752
9.306,9.506,0.0,1325.5,6.5,98.657,1.0,,2,-97.349,9,55,7,343,0.4723
9.242,7.746,0.0,1428.31,6.5,98.222,0.8,,0,-97.143,10,55,2,308,0.4968
8.837,8.526,0.0,1442.75,6.5,98.138,0.85,,0,-97.114,10,55,4,406,0.4803
8.708,8.639,0.0,1497.88,6.5,98.131,0.9,,1,-97.004,10,55,6,525,0.4914
9.195,9.857,0.0,1054.25,6.5,99.007,0.95,,3,-97.891,10,55,7,484,0.4752
9.306,9.506,0.0,1325.5,6.5,98.657,1.0,,2,-97.349,10,55,7,343,0.4723
9.188,9.435,0.0197,22690.81,6.5,61.881,0.8,,4,-54.618,1,60,13,2414,0.4905
9.442,9.658,0.1093,32667.12,6.5,47.0,0.85,,4,-34.666,1,60,13,1621,0.4917
9.49,9.763,0.0,37457.75,6.5,41.768,0.9,,8,-25.084,1,60,13,1252,0.4944
9.542,9.764,0.0,42459.25,6.5,41.499,0.95,,8,-15.081,1,60,13,945,0.4952
9.863,10.052,0.0,45491.13,6.5,35.921,1.0,,8,-9.018,1,60,13,675,0.4963
9.188,9.435,0.0007,6706.31,6.5,90.237,0.8,,3,-86.587,2,60,13,2414,0.4905
9.442,9.658,0.0728,9556.62,6.5,85.434,0.85,,4,-80.887,2,60,13,1621,0.4917
9.49,9.763,0.0,17327.5,6.5,74.989,0.9,,6,-65.345,2,60,13,1252,0.4944
9.542,9.764,0.0,27042.19,6.5,70.42,0.95,,8,-45.916,2,60,13,945,0.4952
9.863,10.052,0.0,29296.19,6.5,64.455,1.0,,7,-41.408,2,60,13,675,0.4963
8.68,8.166,0.0,3236.06,6.5,94.898,0.8,,0,-93.528,3,60,6,1023,0.4878
9.447,9.719,0.018,3229.5,6.5,95.065,0.85,,2,-93.541,3,60,13,1593,0.4903
9.49,9.763,0.0,4518.38,6.5,94.055,0.9,,4,-90.963,3,60,13,1252,0.4944
9.542,9.764,0.0,9447.69,6.5,90.94,0.95,,6,-81.105,3,60,13,945,0.4952
9.863,10.052,0.0,14315.31,6.5,82.701,1.0,,8,-71.369,3,60,13,675,0.4963
8.645,8.026,0.0,2424.5,6.5,96.451,0.8,,0,-95.151,4,60,5,741,0.4872
9.197,9.716,0.0253,2279.69,6.5,96.724,0.85,,1,-95.441,4,60,7,851,0.4853
9.489,10.034,0.0,2362.38,6.5,96.607,0.9,,4,-95.275,4,60,11,1092,0.4927
9.542,9.764,0.0,2951.25,6.5,97.43,0.95,,6,-94.097,4,60,13,945,0.4952
9.863,10.052,0.0,4793.56,6.5,94.219,1.0,,5,-90.413,4,60,13,675,0.4963
9.189,7.894,0.0,1862.75,6.5,97.451,0.8,,0,-96.275,5,60,3,346,0.4798
8.685,8.482,0.0,1941.5,6.5,97.284,0.85,,0,-96.117,5,60,6,678,0.4912
9.328,10.029,0.0,1532.0,6.5,97.933,0.9,,2,-96.936,5,60,7,638,0.4843
9.606,10.217,0.0,1799.75,6.5,98.238,0.95,,4,-96.4,5,60,9,586,0.4829
9.85,10.276,0.0,1738.5,6.5,97.998,1.0,,3,-96.523,5,60,9,423,0.4799
9.242,7.746,0.0,1543.37,6.5,98.018,0.8,,0,-96.913,6,60,2,308,0.4968
8.575,8.409,0.0,1518.0,6.5,97.985,0.85,,0,-96.964,6,60,5,583,0.4889
9.058,9.92,0.0,1585.38,6.5,97.96,0.9,,2,-96.829,6,60,7,624,0.4872
9.195,9.857,0.0,773.38,6.5,99.233,0.95,,4,-98.453,6,60,7,484,0.4752
9.306,9.506,0.0,1416.06,6.5,98.499,1.0,,3,-97.168,6,60,7,343,0.4723
9.242,7.746,0.0,1428.31,6.5,98.222,0.8,,0,-97.143,7,60,2,308,0.4968
8.837,8.526,0.0,1442.75,6.5,98.138,0.85,,0,-97.114,7,60,4,406,0.4803
8.708,8.639,0.0,1497.88,6.5,98.131,0.9,,1,-97.004,7,60,6,525,0.4914
9.195,9.857,0.0,1054.25,6.5,99.007,0.95,,3,-97.891,7,60,7,484,0.4752
9.306,9.506,0.0,1325.5,6.5,98.657,1.0,,2,-97.349,7,60,7,343,0.4723
9.242,7.746,0.0,1428.31,6.5,98.222,0.8,,0,-97.143,8,60,2,308,0.4968
8.837,8.526,0.0,1442.75,6.5,98.138,0.85,,0,-97.114,8,60,4,406,0.4803
8.708,8.639,0.0,1497.88,6.5,98.131,0.9,,1,-97.004,8,60,6,525,0.4914
9.195,9.857,0.0,1054.25,6.5,99.007,0.95,,3,-97.891,8,60,7,484,0.4752
9.306,9.506,0.0,1325.5,6.5,98.657,1.0,,2,-97.349,8,60,7,343,0.4723
9.242,7.746,0.0,1428.31,6.5,98.222,0.8,,0,-97.143,9,60,2,308,0.4968
8.837,8.526,0.0,1442.75,6.5,98.138,0.85,,0,-97.114,9,60,4,406,0.4803
8.708,8.639,0.0,1497.88,6.5,98.131,0.9,,1,-97.004,9,60,6,525,0.4914
9.195,9.857,0.0,1054.25,6.5,99.007,0.95,,3,-97.891,9,60,7,484,0.4752
9.306,9.506,0.0,1325.5,6.5,98.657,1.0,,2,-97.349,9,60,7,343,0.4723
9.242,7.746,0.0,1428.31,6.5,98.222,0.8,,0,-97.143,10,60,2,308,0.4968
8.837,8.526,0.0,1442.75,6.5,98.138,0.85,,0,-97.114,10,60,4,406,0.4803
8.708,8.639,0.0,1497.88,6.5,98.131,0.9,,1,-97.004,10,60,6,525,0.4914
9.195,9.857,0.0,1054.25,6.5,99.007,0.95,,3,-97.891,10,60,7,484,0.4752
9.306,9.506,0.0,1325.5,6.5,98.657,1.0,,2,-97.349,10,60,7,343,0.4723
8.451,9.439,0.0,26585.88,7.0,61.507,0.8,,4,-46.828,1,5,13,2435,0.4653
8.627,9.875,0.0,44471.31,7.0,46.755,0.85,,5,-11.057,1,5,13,1629,0.4678
8.576,9.926,0.0,43505.75,7.0,42.107,0.9,,8,-12.988,1,5,13,1256,0.4674
8.699,9.907,0.0,41526.5,7.0,45.842,0.95,,8,-16.947,1,5,13,950,0.4674
9.227,10.303,0.0,40035.5,7.0,42.947,1.0,,8,-19.929,1,5,13,675,0.4681
8.451,9.439,0.0,8052.94,7.0,91.253,0.8,,5,-83.894,2,5,13,2435,0.4653
8.627,9.875,0.0,16838.38,7.0,80.959,0.85,,7,-66.323,2,5,13,1629,0.4678
8.576,9.926,0.0,22469.44,7.0,76.407,0.9,,4,-55.061,2,5,13,1256,0.4674
8.699,9.907,0.0,30544.38,7.0,74.672,0.95,,7,-38.911,2,5,13,950,0.4674
9.227,10.303,0.0,26238.5,7.0,71.514,1.0,,7,-47.523,2,5,13,675,0.4681
7.808,8.291,0.0,3278.5,7.0,95.806,0.8,,0,-93.443,3,5,6,1040,0.451
8.627,9.875,0.0,7654.81,7.0,94.05,0.85,,6,-84.69,3,5,13,1629,0.4678
8.576,9.926,0.0,5845.31,7.0,92.782,0.9,,3,-88.309,3,5,13,1256,0.4674
8.699,9.907,0.0,15459.81,7.0,89.253,0.95,,7,-69.08,3,5,13,950,0.4674
9.227,10.303,0.0,10347.63,7.0,87.648,1.0,,6,-79.305,3,5,13,675,0.4681
7.799,8.178,0.0,2606.5,7.0,96.969,0.8,,0,-94.787,4,5,4,576,0.441
7.989,8.667,0.0,2607.38,7.0,96.4,0.85,,0,-94.785,4,5,6,689,0.4485
8.661,10.261,0.0,2556.19,7.0,95.901,0.9,,0,-94.888,4,5,7,649,0.4376
8.699,9.907,0.0,4717.88,7.0,96.246,0.95,,5,-90.564,4,5,13,950,0.4674
9.227,10.303,0.0,5097.63,7.0,94.269,1.0,,5,-89.805,4,5,13,675,0.4681
7.838,8.148,0.0,1994.44,7.0,97.81,0.8,,0,-96.011,5,5,4,537,0.4451
7.958,8.707,0.0,2076.69,7.0,97.247,0.85,,0,-95.847,5,5,6,654,0.448
7.953,8.792,0.0,2070.56,7.0,96.801,0.9,,0,-95.859,5,5,6,521,0.4415
8.599,10.017,0.0,1894.69,7.0,97.872,0.95,,1,-96.211,5,5,7,491,0.4297
9.43,10.631,0.0,1998.38,7.0,97.57,1.0,,3,-96.003,5,5,8,421,0.4466
7.912,7.716,0.0,1678.56,7.0,98.285,0.8,,0,-96.643,6,5,3,353,0.4476
8.044,8.509,0.0,1740.69,7.0,97.732,0.85,,0,-96.519,6,5,4,397,0.4433
7.953,8.792,0.0,1273.44,7.0,98.088,0.9,,0,-97.453,6,5,6,521,0.4415
8.574,10.017,0.0,1210.44,7.0,98.775,0.95,,1,-97.579,6,5,7,489,0.4315
8.835,9.828,0.0,1476.44,7.0,98.366,1.0,,2,-97.047,6,5,7,343,0.4315
7.908,7.732,0.0,1456.75,7.0,98.565,0.8,,0,-97.086,7,5,2,325,0.4615
8.031,8.543,0.0,1289.63,7.0,98.324,0.85,,0,-97.421,7,5,4,387,0.4444
7.833,8.819,0.0,1449.31,7.0,97.877,0.9,,1,-97.101,7,5,6,519,0.4412
7.991,9.479,0.0,1480.38,7.0,98.631,0.95,,1,-97.039,7,5,6,408,0.4363
8.327,9.627,0.0,1467.25,7.0,98.494,1.0,,1,-97.065,7,5,7,330,0.4333
7.908,7.732,0.0,1456.75,7.0,98.565,0.8,,0,-97.086,8,5,2,325,0.4615
8.031,8.543,0.0,1289.63,7.0,98.324,0.85,,0,-97.421,8,5,4,387,0.4444
7.833,8.819,0.0,1449.31,7.0,97.877,0.9,,1,-97.101,8,5,6,519,0.4412
7.991,9.479,0.0,1480.38,7.0,98.631,0.95,,1,-97.039,8,5,6,408,0.4363
8.327,9.627,0.0,1467.25,7.0,98.494,1.0,,1,-97.065,8,5,7,330,0.4333
7.908,7.732,0.0,1456.75,7.0,98.565,0.8,,0,-97.086,9,5,2,325,0.4615
8.031,8.543,0.0,1289.63,7.0,98.324,0.85,,0,-97.421,9,5,4,387,0.4444
7.833,8.819,0.0,1449.31,7.0,97.877,0.9,,1,-97.101,9,5,6,519,0.4412
7.991,9.479,0.0,1480.38,7.0,98.631,0.95,,1,-97.039,9,5,6,408,0.4363
8.327,9.627,0.0,1467.25,7.0,98.494,1.0,,1,-97.065,9,5,7,330,0.4333
7.908,7.732,0.0,1456.75,7.0,98.565,0.8,,0,-97.086,10,5,2,325,0.4615
8.031,8.543,0.0,1289.63,7.0,98.324,0.85,,0,-97.421,10,5,4,387,0.4444
7.833,8.819,0.0,1449.31,7.0,97.877,0.9,,1,-97.101,10,5,6,519,0.4412
7.991,9.479,0.0,1480.38,7.0,98.631,0.95,,1,-97.039,10,5,6,408,0.4363
8.327,9.627,0.0,1467.25,7.0,98.494,1.0,,1,-97.065,10,5,7,330,0.4333
9.381,9.403,0.0,25124.19,7.0,63.167,0.8,,4,-49.752,1,10,13,2403,0.4927
9.601,9.713,0.1606,32324.56,7.0,48.018,0.85,,6,-35.351,1,10,13,1614,0.4957
9.657,9.773,0.0393,39066.44,7.0,41.609,0.9,,6,-21.867,1,10,13,1246,0.4992
9.667,9.758,0.0,43161.0,7.0,46.743,0.95,,7,-13.678,1,10,13,942,0.5
9.954,10.067,0.0,44968.75,7.0,39.619,1.0,,9,-10.062,1,10,13,674,0.4985
9.644,9.807,0.0091,5228.0,7.0,91.884,0.8,,1,-89.544,2,10,9,1714,0.4831
9.601,9.713,0.0531,15309.31,7.0,81.486,0.85,,5,-69.381,2,10,13,1614,0.4957
9.657,9.773,0.0,23945.13,7.0,71.841,0.9,,6,-52.11,2,10,13,1246,0.4992
9.667,9.758,0.0,30882.13,7.0,73.623,0.95,,6,-38.236,2,10,13,942,0.5
9.954,10.067,0.0,34472.25,7.0,68.579,1.0,,8,-31.055,2,10,13,674,0.4985
8.914,8.201,0.0,3439.06,7.0,95.191,0.8,,0,-93.122,3,10,6,1010,0.4901
10.013,10.032,0.0,3480.19,7.0,94.745,0.85,,0,-93.04,3,10,9,1031,0.4869
9.657,9.773,0.0,7264.56,7.0,90.114,0.9,,4,-85.471,3,10,13,1246,0.4992
9.667,9.758,0.0,12728.5,7.0,88.144,0.95,,5,-74.543,3,10,13,942,0.5
9.954,10.067,0.0,17325.75,7.0,85.448,1.0,,5,-65.348,3,10,13,674,0.4985
8.802,8.216,0.0,2513.75,7.0,96.776,0.8,,0,-94.972,4,10,5,851,0.4877
9.13,8.466,0.0,2536.5,7.0,96.397,0.85,,0,-94.927,4,10,6,687,0.4876
9.756,10.032,0.0093,2450.31,7.0,96.432,0.9,,2,-95.099,4,10,7,642,0.4798
9.667,9.758,0.0,6538.31,7.0,95.528,0.95,,6,-86.923,4,10,13,942,0.5
9.954,10.067,0.0,6910.63,7.0,94.167,1.0,,7,-86.179,4,10,13,674,0.4985
8.893,8.41,0.0,1929.25,7.0,97.585,0.8,,0,-96.141,5,10,4,563,0.4778
9.112,8.499,0.0,2018.5,7.0,97.207,0.85,,0,-95.963,5,10,6,680,0.4897
9.704,10.033,0.0,1048.13,7.0,98.554,0.9,,1,-97.904,5,10,7,635,0.4835
9.741,9.791,0.0,1952.88,7.0,97.83,0.95,,3,-96.094,5,10,7,487,0.4743
10.3,10.276,0.0,1983.06,7.0,97.64,1.0,,3,-96.034,5,10,8,420,0.4833
9.025,8.052,0.0,1717.06,7.0,97.931,0.8,,0,-96.566,6,10,3,407,0.4865
8.898,8.498,0.0,1729.75,7.0,97.715,0.85,,0,-96.54,6,10,5,570,0.4895
9.118,8.665,0.0,1667.19,7.0,97.822,0.9,,0,-96.666,6,10,6,514,0.4922
9.672,9.791,0.0,1505.31,7.0,98.497,0.95,,2,-96.989,6,10,7,482,0.4772
9.797,9.506,0.0,1073.06,7.0,98.842,1.0,,3,-97.854,6,10,7,342,0.4737
8.941,8.015,0.0,1492.62,7.0,98.207,0.8,,0,-97.015,7,10,3,336,0.4881
8.976,8.56,0.0,1380.19,7.0,98.254,0.85,,0,-97.24,7,10,4,394,0.4848
9.12,8.665,0.0,1068.25,7.0,98.668,0.9,,1,-97.863,7,10,6,513,0.4932
9.672,9.791,0.0,764.19,7.0,99.306,0.95,,1,-98.472,7,10,7,482,0.4772
9.797,9.506,0.0,870.94,7.0,99.132,1.0,,2,-98.258,7,10,7,342,0.4737
8.941,8.015,0.0,1492.62,7.0,98.207,0.8,,0,-97.015,8,10,3,336,0.4881
8.976,8.56,0.0,1380.19,7.0,98.254,0.85,,0,-97.24,8,10,4,394,0.4848
9.12,8.665,0.0,1068.25,7.0,98.668,0.9,,1,-97.863,8,10,6,513,0.4932
9.672,9.791,0.0,764.19,7.0,99.306,0.95,,1,-98.472,8,10,7,482,0.4772
9.797,9.506,0.0,870.94,7.0,99.132,1.0,,2,-98.258,8,10,7,342,0.4737
8.941,8.015,0.0,1492.62,7.0,98.207,0.8,,0,-97.015,9,10,3,336,0.4881
8.976,8.56,0.0,1380.19,7.0,98.254,0.85,,0,-97.24,9,10,4,394,0.4848
9.12,8.665,0.0,1068.25,7.0,98.668,0.9,,1,-97.863,9,10,6,513,0.4932
9.672,9.791,0.0,764.19,7.0,99.306,0.95,,1,-98.472,9,10,7,482,0.4772
9.797,9.506,0.0,870.94,7.0,99.132,1.0,,2,-98.258,9,10,7,342,0.4737
8.941,8.015,0.0,1492.62,7.0,98.207,0.8,,0,-97.015,10,10,3,336,0.4881
8.976,8.56,0.0,1380.19,7.0,98.254,0.85,,0,-97.24,10,10,4,394,0.4848
9.12,8.665,0.0,1068.25,7.0,98.668,0.9,,1,-97.863,10,10,6,513,0.4932
9.672,9.791,0.0,764.19,7.0,99.306,0.95,,1,-98.472,10,10,7,482,0.4772
9.797,9.506,0.0,870.94,7.0,99.132,1.0,,2,-98.258,10,10,7,342,0.4737
9.654,9.462,0.0274,22809.81,7.0,62.627,0.8,,4,-54.38,1,15,13,2399,0.4969
9.932,9.743,0.1354,28849.94,7.0,49.504,0.85,,4,-42.3,1,15,13,1611,0.4991
9.98,9.742,0.0355,33875.94,7.0,42.388,0.9,,6,-32.248,1,15,13,1244,0.5032
10.04,9.735,0.0,37750.44,7.0,44.985,0.95,,7,-24.499,1,15,13,941,0.5037
10.356,10.062,0.0,39117.19,7.0,39.408,1.0,,8,-21.766,1,15,13,674,0.5
9.773,9.804,0.0183,5230.19,7.0,91.548,0.8,,1,-89.54,2,15,9,1710,0.4865
9.932,9.743,0.0804,7156.06,7.0,89.477,0.85,,3,-85.688,2,15,13,1611,0.4991
9.98,9.742,0.019,15101.06,7.0,77.578,0.9,,5,-69.798,2,15,13,1244,0.5032
10.04,9.735,0.0,23913.19,7.0,73.573,0.95,,6,-52.174,2,15,13,941,0.5037
10.356,10.062,0.0,23970.5,7.0,69.757,1.0,,7,-52.059,2,15,13,674,0.5
9.483,9.508,0.0118,3458.75,7.0,94.784,0.8,,1,-93.082,3,15,7,1300,0.4908
10.099,10.017,0.0484,3360.75,7.0,94.618,0.85,,1,-93.278,3,15,8,1012,0.4921
9.98,9.742,0.0101,5620.44,7.0,92.625,0.9,,4,-88.759,3,15,13,1244,0.5032
10.04,9.735,0.0,8830.38,7.0,90.821,0.95,,6,-82.339,3,15,13,941,0.5037
10.356,10.062,0.0,10917.69,7.0,85.367,1.0,,5,-78.165,3,15,13,674,0.5
8.914,8.196,0.0,2593.81,7.0,96.221,0.8,,0,-94.812,4,15,5,844,0.4941
9.238,8.445,0.0,2594.25,7.0,96.043,0.85,,0,-94.811,4,15,6,686,0.4913
9.86,10.0,0.023,2457.75,7.0,96.257,0.9,,1,-95.084,4,15,7,641,0.4836
10.04,9.735,0.0,3819.69,7.0,96.015,0.95,,6,-92.361,4,15,13,941,0.5037
10.356,10.062,0.0,4117.63,7.0,94.857,1.0,,6,-91.765,4,15,13,674,0.5
9.056,8.45,0.0,2086.31,7.0,97.05,0.8,,0,-95.827,5,15,4,556,0.4874
8.99,8.421,0.0,2055.69,7.0,97.013,0.85,,0,-95.889,5,15,5,579,0.4922
9.802,10.0,0.0101,2085.88,7.0,96.956,0.9,,1,-95.828,5,15,7,635,0.4866
9.789,9.791,0.0,1780.06,7.0,97.914,0.95,,3,-96.44,5,15,7,487,0.4743
10.367,10.276,0.0,1865.38,7.0,97.694,1.0,,3,-96.269,5,15,9,422,0.481
9.136,7.91,0.0,1724.06,7.0,97.721,0.8,,0,-96.552,6,15,3,351,0.4872
9.021,8.472,0.0,1747.25,7.0,97.596,0.85,,0,-96.505,6,15,5,569,0.4938
9.239,8.636,0.0,1594.56,7.0,97.784,0.9,,0,-96.811,6,15,6,512,0.498
9.722,9.791,0.0,1523.25,7.0,98.381,0.95,,2,-96.953,6,15,7,482,0.4772
9.891,9.506,0.0,1506.63,7.0,98.304,1.0,,2,-96.987,6,15,7,344,0.4709
9.09,8.011,0.0,1465.5,7.0,98.176,0.8,,0,-97.069,7,15,3,335,0.4925
9.109,8.554,0.0,1491.31,7.0,98.041,0.85,,0,-97.017,7,15,4,394,0.4873
9.18,8.822,0.0,1471.63,7.0,98.02,0.9,,0,-97.057,7,15,6,485,0.4969
9.722,9.791,0.0,509.56,7.0,99.502,0.95,,1,-98.981,7,15,7,482,0.4772
9.867,9.506,0.0,820.19,7.0,99.14,1.0,,2,-98.36,7,15,7,342,0.4737
9.09,8.011,0.0,1465.5,7.0,98.176,0.8,,0,-97.069,8,15,3,335,0.4925
9.109,8.554,0.0,1491.31,7.0,98.041,0.85,,0,-97.017,8,15,4,394,0.4873
9.18,8.822,0.0,1471.63,7.0,98.02,0.9,,0,-97.057,8,15,6,485,0.4969
9.722,9.791,0.0,509.56,7.0,99.502,0.95,,1,-98.981,8,15,7,482,0.4772
9.867,9.506,0.0,820.19,7.0,99.14,1.0,,2,-98.36,8,15,7,342,0.4737
9.09,8.011,0.0,1465.5,7.0,98.176,0.8,,0,-97.069,9,15,3,335,0.4925
9.109,8.554,0.0,1491.31,7.0,98.041,0.85,,0,-97.017,9,15,4,394,0.4873
9.18,8.822,0.0,1471.63,7.0,98.02,0.9,,0,-97.057,9,15,6,485,0.4969
9.722,9.791,0.0,509.56,7.0,99.502,0.95,,1,-98.981,9,15,7,482,0.4772
9.867,9.506,0.0,820.19,7.0,99.14,1.0,,2,-98.36,9,15,7,342,0.4737
9.09,8.011,0.0,1465.5,7.0,98.176,0.8,,0,-97.069,10,15,3,335,0.4925
9.109,8.554,0.0,1491.31,7.0,98.041,0.85,,0,-97.017,10,15,4,394,0.4873
9.18,8.822,0.0,1471.63,7.0,98.02,0.9,,0,-97.057,10,15,6,485,0.4969
9.722,9.791,0.0,509.56,7.0,99.502,0.95,,1,-98.981,10,15,7,482,0.4772
9.867,9.506,0.0,820.19,7.0,99.14,1.0,,2,-98.36,10,15,7,342,0.4737
9.682,9.479,0.021,23554.44,7.0,62.692,0.8,,4,-52.891,1,20,13,2399,0.4977
9.973,9.743,0.1035,28461.88,7.0,49.71,0.85,,3,-43.076,1,20,13,1611,0.4991
10.036,9.742,0.0274,32144.75,7.0,43.592,0.9,,3,-35.71,1,20,13,1244,0.5032
10.114,9.735,0.0,37442.88,7.0,44.725,0.95,,7,-25.114,1,20,13,941,0.5037
10.414,10.062,0.0,38778.56,7.0,40.138,1.0,,8,-22.443,1,20,13,674,0.5
9.794,9.817,0.0165,5244.19,7.0,91.568,0.8,,1,-89.512,2,20,9,1710,0.4871
9.973,9.743,0.0778,7006.0,7.0,89.496,0.85,,3,-85.988,2,20,13,1611,0.4991
10.036,9.742,0.0227,12806.38,7.0,81.056,0.9,,4,-74.387,2,20,13,1244,0.5032
10.114,9.735,0.0,18516.19,7.0,75.58,0.95,,6,-62.968,2,20,13,941,0.5037
10.414,10.062,0.0,20606.13,7.0,69.935,1.0,,7,-58.788,2,20,13,674,0.5
9.091,8.247,0.0,3410.63,7.0,94.958,0.8,,0,-93.179,3,20,6,1002,0.496
10.161,10.017,0.0,3334.06,7.0,94.661,0.85,,0,-93.332,3,20,9,1014,0.4911
10.09,9.864,0.0158,3428.56,7.0,94.47,0.9,,2,-93.143,3,20,12,1201,0.5021
10.114,9.735,0.0,6813.06,7.0,91.263,0.95,,6,-86.374,3,20,13,941,0.5037
10.414,10.062,0.0,9233.31,7.0,87.293,1.0,,6,-81.533,3,20,13,674,0.5
8.976,8.259,0.0,2521.19,7.0,96.42,0.8,,0,-94.958,4,20,5,849,0.4935
9.294,8.445,0.0,2529.06,7.0,96.142,0.85,,0,-94.942,4,20,6,686,0.4913
9.914,10.0,0.0217,2399.13,7.0,96.347,0.9,,1,-95.202,4,20,7,641,0.4836
10.114,9.735,0.0,3450.0,7.0,96.308,0.95,,5,-93.1,4,20,13,941,0.5037
10.414,10.062,0.0,3979.38,7.0,95.042,1.0,,6,-92.041,4,20,13,674,0.5
9.073,8.45,0.0,2009.75,7.0,97.202,0.8,,0,-95.981,5,20,4,557,0.4865
9.057,8.421,0.0,2039.5,7.0,97.036,0.85,,0,-95.921,5,20,5,579,0.4922
9.6,9.89,0.0,2059.19,7.0,96.995,0.9,,0,-95.882,5,20,7,621,0.4895
9.811,9.791,0.0,2030.31,7.0,97.62,0.95,,2,-95.939,5,20,7,484,0.4752
10.427,10.276,0.0,1970.38,7.0,97.565,1.0,,3,-96.059,5,20,9,423,0.4799
9.161,7.91,0.0,1745.06,7.0,97.693,0.8,,0,-96.51,6,20,3,351,0.4872
9.089,8.472,0.0,1748.13,7.0,97.595,0.85,,0,-96.504,6,20,5,569,0.4938
9.31,8.636,0.0,1596.75,7.0,97.781,0.9,,0,-96.806,6,20,6,512,0.498
9.793,9.791,0.0,1450.19,7.0,98.458,0.95,,1,-97.1,6,20,7,482,0.4772
9.935,9.506,0.0,1358.75,7.0,98.47,1.0,,2,-97.282,6,20,7,342,0.4737
9.154,7.991,0.0,1447.12,7.0,98.198,0.8,,0,-97.106,7,20,2,325,0.4954
9.149,8.554,0.0,1414.31,7.0,98.142,0.85,,0,-97.171,7,20,4,394,0.4873
9.207,8.848,0.0,1495.25,7.0,97.988,0.9,,0,-97.009,7,20,5,469,0.4947
9.386,9.266,0.0,1371.88,7.0,98.661,0.95,,1,-97.256,7,20,6,406,0.4852
9.433,9.312,0.0,1383.25,7.0,98.55,1.0,,2,-97.233,7,20,7,329,0.4772
9.154,7.991,0.0,1447.12,7.0,98.198,0.8,,0,-97.106,8,20,2,325,0.4954
9.149,8.554,0.0,1414.31,7.0,98.142,0.85,,0,-97.171,8,20,4,394,0.4873
9.207,8.848,0.0,1495.25,7.0,97.988,0.9,,0,-97.009,8,20,5,469,0.4947
9.386,9.266,0.0,1371.88,7.0,98.661,0.95,,1,-97.256,8,20,6,406,0.4852
9.433,9.312,0.0,1383.25,7.0,98.55,1.0,,2,-97.233,8,20,7,329,0.4772
9.154,7.991,0.0,1447.12,7.0,98.198,0.8,,0,-97.106,9,20,2,325,0.4954
9.149,8.554,0.0,1414.31,7.0,98.142,0.85,,0,-97.171,9,20,4,394,0.4873
9.207,8.848,0.0,1495.25,7.0,97.988,0.9,,0,-97.009,9,20,5,469,0.4947
9.386,9.266,0.0,1371.88,7.0,98.661,0.95,,1,-97.256,9,20,6,406,0.4852
9.433,9.312,0.0,1383.25,7.0,98.55,1.0,,2,-97.233,9,20,7,329,0.4772
9.154,7.991,0.0,1447.12,7.0,98.198,0.8,,0,-97.106,10,20,2,325,0.4954
9.149,8.554,0.0,1414.31,7.0,98.142,0.85,,0,-97.171,10,20,4,394,0.4873
9.207,8.848,0.0,1495.25,7.0,97.988,0.9,,0,-97.009,10,20,5,469,0.4947
9.386,9.266,0.0,1371.88,7.0,98.661,0.95,,1,-97.256,10,20,6,406,0.4852
9.433,9.312,0.0,1383.25,7.0,98.55,1.0,,2,-97.233,10,20,7,329,0.4772
9.749,9.479,0.0322,22021.0,7.0,61.664,0.8,,3,-55.958,1,25,13,2399,0.4977
10.008,9.743,0.104,27774.56,7.0,50.986,0.85,,3,-44.451,1,25,13,1611,0.4991
10.063,9.742,0.0423,32139.06,7.0,43.602,0.9,,5,-35.722,1,25,13,1244,0.5032
10.15,9.735,0.0,37144.06,7.0,44.57,0.95,,7,-25.712,1,25,13,941,0.5037
10.464,10.062,0.0,36507.5,7.0,42.726,1.0,,8,-26.985,1,25,13,674,0.5
9.867,9.817,0.0274,5214.87,7.0,90.956,0.8,,1,-89.57,2,25,9,1710,0.4871
10.008,9.743,0.0797,6746.56,7.0,89.928,0.85,,3,-86.507,2,25,13,1611,0.4991
10.063,9.742,0.0328,12277.88,7.0,81.907,0.9,,4,-75.444,2,25,13,1244,0.5032
10.15,9.735,0.0,18152.19,7.0,75.908,0.95,,6,-63.696,2,25,13,941,0.5037
10.464,10.062,0.0,20469.63,7.0,70.684,1.0,,7,-59.061,2,25,13,674,0.5
9.215,8.247,0.0,3488.5,7.0,94.425,0.8,,0,-93.023,3,25,6,1001,0.4965
10.184,10.017,0.0,3333.63,7.0,94.662,0.85,,0,-93.333,3,25,9,1014,0.4911
10.115,9.851,0.0158,3467.94,7.0,94.407,0.9,,2,-93.064,3,25,12,1203,0.5021
10.15,9.735,0.0,7035.31,7.0,90.925,0.95,,6,-85.929,3,25,13,941,0.5037
10.464,10.062,0.0,8859.69,7.0,87.805,1.0,,6,-82.281,3,25,13,674,0.5
9.296,8.415,0.0,2597.75,7.0,96.108,0.8,,0,-94.805,4,25,4,565,0.485
9.328,8.445,0.0,2588.56,7.0,96.051,0.85,,0,-94.823,4,25,6,686,0.4913
9.942,10.0,0.0,2425.81,7.0,96.306,0.9,,0,-95.148,4,25,7,641,0.4836
10.15,9.735,0.0,3317.44,7.0,96.475,0.95,,6,-93.365,4,25,13,941,0.5037
10.464,10.062,0.0,4047.19,7.0,94.951,1.0,,6,-91.906,4,25,13,674,0.5
9.349,8.467,0.0,2094.62,7.0,97.038,0.8,,0,-95.811,5,25,4,520,0.4865
9.097,8.421,0.0,2006.25,7.0,97.085,0.85,,0,-95.987,5,25,5,579,0.4922
9.366,8.626,0.0,2078.0,7.0,96.968,0.9,,0,-95.844,5,25,6,527,0.4915
9.847,9.791,0.0,1891.19,7.0,97.783,0.95,,1,-96.218,5,25,7,484,0.4752
10.062,9.508,0.0,2055.25,7.0,97.46,1.0,,3,-95.889,5,25,7,348,0.4684
9.43,8.011,0.0,1719.69,7.0,97.727,0.8,,0,-96.561,6,25,3,335,0.4925
9.129,8.472,0.0,1657.13,7.0,97.72,0.85,,0,-96.686,6,25,5,569,0.4938
9.345,8.636,0.0,1594.13,7.0,97.784,0.9,,0,-96.812,6,25,6,512,0.498
9.829,9.791,0.0,936.13,7.0,99.005,0.95,,1,-98.128,6,25,7,482,0.4772
9.985,9.506,0.0,1445.81,7.0,98.372,1.0,,2,-97.108,6,25,7,342,0.4737
9.511,7.866,0.0,1454.56,7.0,98.189,0.8,,0,-97.091,7,25,2,305,0.5049
9.227,8.596,0.0,1449.75,7.0,98.096,0.85,,0,-97.1,7,25,4,386,0.4896
9.292,8.822,0.0,1465.94,7.0,98.028,0.9,,0,-97.068,7,25,6,485,0.4969
9.39,9.266,0.0,1499.63,7.0,98.536,0.95,,1,-97.001,7,25,6,402,0.49
9.486,9.312,0.0,1400.31,7.0,98.532,1.0,,2,-97.199,7,25,7,329,0.4772
9.511,7.866,0.0,1454.56,7.0,98.189,0.8,,0,-97.091,8,25,2,305,0.5049
9.227,8.596,0.0,1449.75,7.0,98.096,0.85,,0,-97.1,8,25,4,386,0.4896
9.292,8.822,0.0,1465.94,7.0,98.028,0.9,,0,-97.068,8,25,6,485,0.4969
9.39,9.266,0.0,1499.63,7.0,98.536,0.95,,1,-97.001,8,25,6,402,0.49
9.486,9.312,0.0,1400.31,7.0,98.532,1.0,,2,-97.199,8,25,7,329,0.4772
9.511,7.866,0.0,1454.56,7.0,98.189,0.8,,0,-97.091,9,25,2,305,0.5049
9.227,8.596,0.0,1449.75,7.0,98.096,0.85,,0,-97.1,9,25,4,386,0.4896
9.292,8.822,0.0,1465.94,7.0,98.028,0.9,,0,-97.068,9,25,6,485,0.4969
9.39,9.266,0.0,1499.63,7.0,98.536,0.95,,1,-97.001,9,25,6,402,0.49
9.486,9.312,0.0,1400.31,7.0,98.532,1.0,,2,-97.199,9,25,7,329,0.4772
9.511,7.866,0.0,1454.56,7.0,98.189,0.8,,0,-97.091,10,25,2,305,0.5049
9.227,8.596,0.0,1449.75,7.0,98.096,0.85,,0,-97.1,10,25,4,386,0.4896
9.292,8.822,0.0,1465.94,7.0,98.028,0.9,,0,-97.068,10,25,6,485,0.4969
9.39,9.266,0.0,1499.63,7.0,98.536,0.95,,1,-97.001,10,25,6,402,0.49
9.486,9.312,0.0,1400.31,7.0,98.532,1.0,,2,-97.199,10,25,7,329,0.4772
9.759,9.487,0.0287,22518.0,7.0,61.862,0.8,,3,-54.964,1,30,13,2397,0.4973
10.008,9.743,0.104,27774.56,7.0,50.986,0.85,,3,-44.451,1,30,13,1611,0.4991
10.063,9.742,0.0423,32139.06,7.0,43.602,0.9,,5,-35.722,1,30,13,1244,0.5032
10.15,9.735,0.0,37144.06,7.0,44.57,0.95,,7,-25.712,1,30,13,941,0.5037
10.464,10.062,0.0,36507.5,7.0,42.726,1.0,,8,-26.985,1,30,13,674,0.5
9.873,9.815,0.0267,5207.87,7.0,90.968,0.8,,1,-89.584,2,30,9,1710,0.4865
10.008,9.743,0.0797,6746.56,7.0,89.928,0.85,,3,-86.507,2,30,13,1611,0.4991
10.063,9.742,0.0328,12277.88,7.0,81.907,0.9,,4,-75.444,2,30,13,1244,0.5032
10.15,9.735,0.0,18152.19,7.0,75.908,0.95,,6,-63.696,2,30,13,941,0.5037
10.464,10.062,0.0,20469.63,7.0,70.684,1.0,,7,-59.061,2,30,13,674,0.5
9.226,8.241,0.0,3372.56,7.0,94.61,0.8,,0,-93.255,3,30,6,1002,0.495
10.184,10.017,0.0,3333.63,7.0,94.662,0.85,,0,-93.333,3,30,9,1014,0.4911
10.115,9.851,0.0158,3467.94,7.0,94.407,0.9,,2,-93.064,3,30,12,1203,0.5021
10.15,9.735,0.0,7035.31,7.0,90.925,0.95,,6,-85.929,3,30,13,941,0.5037
10.464,10.062,0.0,8859.69,7.0,87.805,1.0,,6,-82.281,3,30,13,674,0.5
9.296,8.415,0.0,2597.75,7.0,96.108,0.8,,0,-94.805,4,30,4,565,0.485
9.328,8.445,0.0,2588.56,7.0,96.051,0.85,,0,-94.823,4,30,6,686,0.4913
9.942,10.0,0.0,2425.81,7.0,96.306,0.9,,0,-95.148,4,30,7,641,0.4836
10.15,9.735,0.0,3317.44,7.0,96.475,0.95,,6,-93.365,4,30,13,941,0.5037
10.464,10.062,0.0,4047.19,7.0,94.951,1.0,,6,-91.906,4,30,13,674,0.5
9.349,8.467,0.0,2094.62,7.0,97.038,0.8,,0,-95.811,5,30,4,520,0.4865
9.097,8.421,0.0,2006.25,7.0,97.085,0.85,,0,-95.987,5,30,5,579,0.4922
9.366,8.626,0.0,2078.0,7.0,96.968,0.9,,0,-95.844,5,30,6,527,0.4915
9.847,9.791,0.0,1891.19,7.0,97.783,0.95,,1,-96.218,5,30,7,484,0.4752
10.062,9.508,0.0,2055.25,7.0,97.46,1.0,,3,-95.889,5,30,7,348,0.4684
9.43,8.011,0.0,1719.69,7.0,97.727,0.8,,0,-96.561,6,30,3,335,0.4925
9.129,8.472,0.0,1657.13,7.0,97.72,0.85,,0,-96.686,6,30,5,569,0.4938
9.345,8.636,0.0,1594.13,7.0,97.784,0.9,,0,-96.812,6,30,6,512,0.498
9.829,9.791,0.0,936.13,7.0,99.005,0.95,,1,-98.128,6,30,7,482,0.4772
9.985,9.506,0.0,1445.81,7.0,98.372,1.0,,2,-97.108,6,30,7,342,0.4737
9.511,7.866,0.0,1454.56,7.0,98.189,0.8,,0,-97.091,7,30,2,305,0.5049
9.227,8.596,0.0,1449.75,7.0,98.096,0.85,,0,-97.1,7,30,4,386,0.4896
9.292,8.822,0.0,1465.94,7.0,98.028,0.9,,0,-97.068,7,30,6,485,0.4969
9.39,9.266,0.0,1499.63,7.0,98.536,0.95,,1,-97.001,7,30,6,402,0.49
9.486,9.312,0.0,1400.31,7.0,98.532,1.0,,2,-97.199,7,30,7,329,0.4772
9.511,7.866,0.0,1454.56,7.0,98.189,0.8,,0,-97.091,8,30,2,305,0.5049
9.227,8.596,0.0,1449.75,7.0,98.096,0.85,,0,-97.1,8,30,4,386,0.4896
9.292,8.822,0.0,1465.94,7.0,98.028,0.9,,0,-97.068,8,30,6,485,0.4969
9.39,9.266,0.0,1499.63,7.0,98.536,0.95,,1,-97.001,8,30,6,402,0.49
9.486,9.312,0.0,1400.31,7.0,98.532,1.0,,2,-97.199,8,30,7,329,0.4772
9.511,7.866,0.0,1454.56,7.0,98.189,0.8,,0,-97.091,9,30,2,305,0.5049
9.227,8.596,0.0,1449.75,7.0,98.096,0.85,,0,-97.1,9,30,4,386,0.4896
9.292,8.822,0.0,1465.94,7.0,98.028,0.9,,0,-97.068,9,30,6,485,0.4969
9.39,9.266,0.0,1499.63,7.0,98.536,0.95,,1,-97.001,9,30,6,402,0.49
9.486,9.312,0.0,1400.31,7.0,98.532,1.0,,2,-97.199,9,30,7,329,0.4772
9.511,7.866,0.0,1454.56,7.0,98.189,0.8,,0,-97.091,10,30,2,305,0.5049
9.227,8.596,0.0,1449.75,7.0,98.096,0.85,,0,-97.1,10,30,4,386,0.4896
9.292,8.822,0.0,1465.94,7.0,98.028,0.9,,0,-97.068,10,30,6,485,0.4969
9.39,9.266,0.0,1499.63,7.0,98.536,0.95,,1,-97.001,10,30,6,402,0.49
9.486,9.312,0.0,1400.31,7.0,98.532,1.0,,2,-97.199,10,30,7,329,0.4772
9.759,9.487,0.0287,22518.0,7.0,61.862,0.8,,3,-54.964,1,35,13,2397,0.4973
10.008,9.743,0.104,27774.56,7.0,50.986,0.85,,3,-44.451,1,35,13,1611,0.4991
10.063,9.742,0.0423,32139.06,7.0,43.602,0.9,,5,-35.722,1,35,13,1244,0.5032
10.15,9.735,0.0,37144.06,7.0,44.57,0.95,,7,-25.712,1,35,13,941,0.5037
10.464,10.062,0.0,36507.5,7.0,42.726,1.0,,8,-26.985,1,35,13,674,0.5
9.873,9.815,0.0267,5207.87,7.0,90.968,0.8,,1,-89.584,2,35,9,1710,0.4865
10.008,9.743,0.0797,6746.56,7.0,89.928,0.85,,3,-86.507,2,35,13,1611,0.4991
10.063,9.742,0.0328,12277.88,7.0,81.907,0.9,,4,-75.444,2,35,13,1244,0.5032
10.15,9.735,0.0,18152.19,7.0,75.908,0.95,,6,-63.696,2,35,13,941,0.5037
10.464,10.062,0.0,20469.63,7.0,70.684,1.0,,7,-59.061,2,35,13,674,0.5
9.226,8.241,0.0,3372.56,7.0,94.61,0.8,,0,-93.255,3,35,6,1002,0.495
10.184,10.017,0.0,3333.63,7.0,94.662,0.85,,0,-93.333,3,35,9,1014,0.4911
10.115,9.851,0.0158,3467.94,7.0,94.407,0.9,,2,-93.064,3,35,12,1203,0.5021
10.15,9.735,0.0,7035.31,7.0,90.925,0.95,,6,-85.929,3,35,13,941,0.5037
10.464,10.062,0.0,8859.69,7.0,87.805,1.0,,6,-82.281,3,35,13,674,0.5
9.296,8.415,0.0,2597.75,7.0,96.108,0.8,,0,-94.805,4,35,4,565,0.485
9.328,8.445,0.0,2588.56,7.0,96.051,0.85,,0,-94.823,4,35,6,686,0.4913
9.942,10.0,0.0,2425.81,7.0,96.306,0.9,,0,-95.148,4,35,7,641,0.4836
10.15,9.735,0.0,3317.44,7.0,96.475,0.95,,6,-93.365,4,35,13,941,0.5037
10.464,10.062,0.0,4047.19,7.0,94.951,1.0,,6,-91.906,4,35,13,674,0.5
9.349,8.467,0.0,2094.62,7.0,97.038,0.8,,0,-95.811,5,35,4,520,0.4865
9.097,8.421,0.0,2006.25,7.0,97.085,0.85,,0,-95.987,5,35,5,579,0.4922
9.366,8.626,0.0,2078.0,7.0,96.968,0.9,,0,-95.844,5,35,6,527,0.4915
9.847,9.791,0.0,1891.19,7.0,97.783,0.95,,1,-96.218,5,35,7,484,0.4752
10.062,9.508,0.0,2055.25,7.0,97.46,1.0,,3,-95.889,5,35,7,348,0.4684
9.43,8.011,0.0,1719.69,7.0,97.727,0.8,,0,-96.561,6,35,3,335,0.4925
9.129,8.472,0.0,1657.13,7.0,97.72,0.85,,0,-96.686,6,35,5,569,0.4938
9.345,8.636,0.0,1594.13,7.0,97.784,0.9,,0,-96.812,6,35,6,512,0.498
9.829,9.791,0.0,936.13,7.0,99.005,0.95,,1,-98.128,6,35,7,482,0.4772
9.985,9.506,0.0,1445.81,7.0,98.372,1.0,,2,-97.108,6,35,7,342,0.4737
9.511,7.866,0.0,1454.56,7.0,98.189,0.8,,0,-97.091,7,35,2,305,0.5049
9.227,8.596,0.0,1449.75,7.0,98.096,0.85,,0,-97.1,7,35,4,386,0.4896
9.292,8.822,0.0,1465.94,7.0,98.028,0.9,,0,-97.068,7,35,6,485,0.4969
9.39,9.266,0.0,1499.63,7.0,98.536,0.95,,1,-97.001,7,35,6,402,0.49
9.486,9.312,0.0,1400.31,7.0,98.532,1.0,,2,-97.199,7,35,7,329,0.4772
9.511,7.866,0.0,1454.56,7.0,98.189,0.8,,0,-97.091,8,35,2,305,0.5049
9.227,8.596,0.0,1449.75,7.0,98.096,0.85,,0,-97.1,8,35,4,386,0.4896
9.292,8.822,0.0,1465.94,7.0,98.028,0.9,,0,-97.068,8,35,6,485,0.4969
9.39,9.266,0.0,1499.63,7.0,98.536,0.95,,1,-97.001,8,35,6,402,0.49
9.486,9.312,0.0,1400.31,7.0,98.532,1.0,,2,-97.199,8,35,7,329,0.4772
9.511,7.866,0.0,1454.56,7.0,98.189,0.8,,0,-97.091,9,35,2,305,0.5049
9.227,8.596,0.0,1449.75,7.0,98.096,0.85,,0,-97.1,9,35,4,386,0.4896
9.292,8.822,0.0,1465.94,7.0,98.028,0.9,,0,-97.068,9,35,6,485,0.4969
9.39,9.266,0.0,1499.63,7.0,98.536,0.95,,1,-97.001,9,35,6,402,0.49
9.486,9.312,0.0,1400.31,7.0,98.532,1.0,,2,-97.199,9,35,7,329,0.4772
9.511,7.866,0.0,1454.56,7.0,98.189,0.8,,0,-97.091,10,35,2,305,0.5049
9.227,8.596,0.0,1449.75,7.0,98.096,0.85,,0,-97.1,10,35,4,386,0.4896
9.292,8.822,0.0,1465.94,7.0,98.028,0.9,,0,-97.068,10,35,6,485,0.4969
9.39,9.266,0.0,1499.63,7.0,98.536,0.95,,1,-97.001,10,35,6,402,0.49
9.486,9.312,0.0,1400.31,7.0,98.532,1.0,,2,-97.199,10,35,7,329,0.4772
9.759,9.487,0.0287,22518.0,7.0,61.862,0.8,,3,-54.964,1,40,13,2397,0.4973
10.008,9.743,0.104,27774.56,7.0,50.986,0.85,,3,-44.451,1,40,13,1611,0.4991
10.063,9.742,0.0423,32139.06,7.0,43.602,0.9,,5,-35.722,1,40,13,1244,0.5032
10.15,9.735,0.0,37144.06,7.0,44.57,0.95,,7,-25.712,1,40,13,941,0.5037
10.464,10.062,0.0,36507.5,7.0,42.726,1.0,,8,-26.985,1,40,13,674,0.5
9.873,9.815,0.0267,5207.87,7.0,90.968,0.8,,1,-89.584,2,40,9,1710,0.4865
10.008,9.743,0.0797,6746.56,7.0,89.928,0.85,,3,-86.507,2,40,13,1611,0.4991
10.063,9.742,0.0328,12277.88,7.0,81.907,0.9,,4,-75.444,2,40,13,1244,0.5032
10.15,9.735,0.0,18152.19,7.0,75.908,0.95,,6,-63.696,2,40,13,941,0.5037
10.464,10.062,0.0,20469.63,7.0,70.684,1.0,,7,-59.061,2,40,13,674,0.5
9.226,8.241,0.0,3372.56,7.0,94.61,0.8,,0,-93.255,3,40,6,1002,0.495
10.184,10.017,0.0,3333.63,7.0,94.662,0.85,,0,-93.333,3,40,9,1014,0.4911
10.115,9.851,0.0158,3467.94,7.0,94.407,0.9,,2,-93.064,3,40,12,1203,0.5021
10.15,9.735,0.0,7035.31,7.0,90.925,0.95,,6,-85.929,3,40,13,941,0.5037
10.464,10.062,0.0,8859.69,7.0,87.805,1.0,,6,-82.281,3,40,13,674,0.5
9.296,8.415,0.0,2597.75,7.0,96.108,0.8,,0,-94.805,4,40,4,565,0.485
9.328,8.445,0.0,2588.56,7.0,96.051,0.85,,0,-94.823,4,40,6,686,0.4913
9.942,10.0,0.0,2425.81,7.0,96.306,0.9,,0,-95.148,4,40,7,641,0.4836
10.15,9.735,0.0,3317.44,7.0,96.475,0.95,,6,-93.365,4,40,13,941,0.5037
10.464,10.062,0.0,4047.19,7.0,94.951,1.0,,6,-91.906,4,40,13,674,0.5
9.349,8.467,0.0,2094.62,7.0,97.038,0.8,,0,-95.811,5,40,4,520,0.4865
9.097,8.421,0.0,2006.25,7.0,97.085,0.85,,0,-95.987,5,40,5,579,0.4922
9.366,8.626,0.0,2078.0,7.0,96.968,0.9,,0,-95.844,5,40,6,527,0.4915
9.847,9.791,0.0,1891.19,7.0,97.783,0.95,,1,-96.218,5,40,7,484,0.4752
10.062,9.508,0.0,2055.25,7.0,97.46,1.0,,3,-95.889,5,40,7,348,0.4684
9.43,8.011,0.0,1719.69,7.0,97.727,0.8,,0,-96.561,6,40,3,335,0.4925
9.129,8.472,0.0,1657.13,7.0,97.72,0.85,,0,-96.686,6,40,5,569,0.4938
9.345,8.636,0.0,1594.13,7.0,97.784,0.9,,0,-96.812,6,40,6,512,0.498
9.829,9.791,0.0,936.13,7.0,99.005,0.95,,1,-98.128,6,40,7,482,0.4772
9.985,9.506,0.0,1445.81,7.0,98.372,1.0,,2,-97.108,6,40,7,342,0.4737
9.511,7.866,0.0,1454.56,7.0,98.189,0.8,,0,-97.091,7,40,2,305,0.5049
9.227,8.596,0.0,1449.75,7.0,98.096,0.85,,0,-97.1,7,40,4,386,0.4896
9.292,8.822,0.0,1465.94,7.0,98.028,0.9,,0,-97.068,7,40,6,485,0.4969
9.39,9.266,0.0,1499.63,7.0,98.536,0.95,,1,-97.001,7,40,6,402,0.49
9.486,9.312,0.0,1400.31,7.0,98.532,1.0,,2,-97.199,7,40,7,329,0.4772
9.511,7.866,0.0,1454.56,7.0,98.189,0.8,,0,-97.091,8,40,2,305,0.5049
9.227,8.596,0.0,1449.75,7.0,98.096,0.85,,0,-97.1,8,40,4,386,0.4896
9.292,8.822,0.0,1465.94,7.0,98.028,0.9,,0,-97.068,8,40,6,485,0.4969
9.39,9.266,0.0,1499.63,7.0,98.536,0.95,,1,-97.001,8,40,6,402,0.49
9.486,9.312,0.0,1400.31,7.0,98.532,1.0,,2,-97.199,8,40,7,329,0.4772
9.511,7.866,0.0,1454.56,7.0,98.189,0.8,,0,-97.091,9,40,2,305,0.5049
9.227,8.596,0.0,1449.75,7.0,98.096,0.85,,0,-97.1,9,40,4,386,0.4896
9.292,8.822,0.0,1465.94,7.0,98.028,0.9,,0,-97.068,9,40,6,485,0.4969
9.39,9.266,0.0,1499.63,7.0,98.536,0.95,,1,-97.001,9,40,6,402,0.49
9.486,9.312,0.0,1400.31,7.0,98.532,1.0,,2,-97.199,9,40,7,329,0.4772
9.511,7.866,0.0,1454.56,7.0,98.189,0.8,,0,-97.091,10,40,2,305,0.5049
9.227,8.596,0.0,1449.75,7.0,98.096,0.85,,0,-97.1,10,40,4,386,0.4896
9.292,8.822,0.0,1465.94,7.0,98.028,0.9,,0,-97.068,10,40,6,485,0.4969
9.39,9.266,0.0,1499.63,7.0,98.536,0.95,,1,-97.001,10,40,6,402,0.49
9.486,9.312,0.0,1400.31,7.0,98.532,1.0,,2,-97.199,10,40,7,329,0.4772
9.759,9.487,0.0287,22518.0,7.0,61.862,0.8,,3,-54.964,1,45,13,2397,0.4973
10.008,9.743,0.104,27774.56,7.0,50.986,0.85,,3,-44.451,1,45,13,1611,0.4991
10.063,9.742,0.0423,32139.06,7.0,43.602,0.9,,5,-35.722,1,45,13,1244,0.5032
10.15,9.735,0.0,37144.06,7.0,44.57,0.95,,7,-25.712,1,45,13,941,0.5037
10.464,10.062,0.0,36507.5,7.0,42.726,1.0,,8,-26.985,1,45,13,674,0.5
9.873,9.815,0.0267,5207.87,7.0,90.968,0.8,,1,-89.584,2,45,9,1710,0.4865
10.008,9.743,0.0797,6746.56,7.0,89.928,0.85,,3,-86.507,2,45,13,1611,0.4991
10.063,9.742,0.0328,12277.88,7.0,81.907,0.9,,4,-75.444,2,45,13,1244,0.5032
10.15,9.735,0.0,18152.19,7.0,75.908,0.95,,6,-63.696,2,45,13,941,0.5037
10.464,10.062,0.0,20469.63,7.0,70.684,1.0,,7,-59.061,2,45,13,674,0.5
9.226,8.241,0.0,3372.56,7.0,94.61,0.8,,0,-93.255,3,45,6,1002,0.495
10.184,10.017,0.0,3333.63,7.0,94.662,0.85,,0,-93.333,3,45,9,1014,0.4911
10.115,9.851,0.0158,3467.94,7.0,94.407,0.9,,2,-93.064,3,45,12,1203,0.5021
10.15,9.735,0.0,7035.31,7.0,90.925,0.95,,6,-85.929,3,45,13,941,0.5037
10.464,10.062,0.0,8859.69,7.0,87.805,1.0,,6,-82.281,3,45,13,674,0.5
9.296,8.415,0.0,2597.75,7.0,96.108,0.8,,0,-94.805,4,45,4,565,0.485
9.328,8.445,0.0,2588.56,7.0,96.051,0.85,,0,-94.823,4,45,6,686,0.4913
9.942,10.0,0.0,2425.81,7.0,96.306,0.9,,0,-95.148,4,45,7,641,0.4836
10.15,9.735,0.0,3317.44,7.0,96.475,0.95,,6,-93.365,4,45,13,941,0.5037
10.464,10.062,0.0,4047.19,7.0,94.951,1.0,,6,-91.906,4,45,13,674,0.5
9.349,8.467,0.0,2094.62,7.0,97.038,0.8,,0,-95.811,5,45,4,520,0.4865
9.097,8.421,0.0,2006.25,7.0,97.085,0.85,,0,-95.987,5,45,5,579,0.4922
9.366,8.626,0.0,2078.0,7.0,96.968,0.9,,0,-95.844,5,45,6,527,0.4915
9.847,9.791,0.0,1891.19,7.0,97.783,0.95,,1,-96.218,5,45,7,484,0.4752
10.062,9.508,0.0,2055.25,7.0,97.46,1.0,,3,-95.889,5,45,7,348,0.4684
9.43,8.011,0.0,1719.69,7.0,97.727,0.8,,0,-96.561,6,45,3,335,0.4925
9.129,8.472,0.0,1657.13,7.0,97.72,0.85,,0,-96.686,6,45,5,569,0.4938
9.345,8.636,0.0,1594.13,7.0,97.784,0.9,,0,-96.812,6,45,6,512,0.498
9.829,9.791,0.0,936.13,7.0,99.005,0.95,,1,-98.128,6,45,7,482,0.4772
9.985,9.506,0.0,1445.81,7.0,98.372,1.0,,2,-97.108,6,45,7,342,0.4737
9.511,7.866,0.0,1454.56,7.0,98.189,0.8,,0,-97.091,7,45,2,305,0.5049
9.227,8.596,0.0,1449.75,7.0,98.096,0.85,,0,-97.1,7,45,4,386,0.4896
9.292,8.822,0.0,1465.94,7.0,98.028,0.9,,0,-97.068,7,45,6,485,0.4969
9.39,9.266,0.0,1499.63,7.0,98.536,0.95,,1,-97.001,7,45,6,402,0.49
9.486,9.312,0.0,1400.31,7.0,98.532,1.0,,2,-97.199,7,45,7,329,0.4772
9.511,7.866,0.0,1454.56,7.0,98.189,0.8,,0,-97.091,8,45,2,305,0.5049
9.227,8.596,0.0,1449.75,7.0,98.096,0.85,,0,-97.1,8,45,4,386,0.4896
9.292,8.822,0.0,1465.94,7.0,98.028,0.9,,0,-97.068,8,45,6,485,0.4969
9.39,9.266,0.0,1499.63,7.0,98.536,0.95,,1,-97.001,8,45,6,402,0.49
9.486,9.312,0.0,1400.31,7.0,98.532,1.0,,2,-97.199,8,45,7,329,0.4772
9.511,7.866,0.0,1454.56,7.0,98.189,0.8,,0,-97.091,9,45,2,305,0.5049
9.227,8.596,0.0,1449.75,7.0,98.096,0.85,,0,-97.1,9,45,4,386,0.4896
9.292,8.822,0.0,1465.94,7.0,98.028,0.9,,0,-97.068,9,45,6,485,0.4969
9.39,9.266,0.0,1499.63,7.0,98.536,0.95,,1,-97.001,9,45,6,402,0.49
9.486,9.312,0.0,1400.31,7.0,98.532,1.0,,2,-97.199,9,45,7,329,0.4772
9.511,7.866,0.0,1454.56,7.0,98.189,0.8,,0,-97.091,10,45,2,305,0.5049
9.227,8.596,0.0,1449.75,7.0,98.096,0.85,,0,-97.1,10,45,4,386,0.4896
9.292,8.822,0.0,1465.94,7.0,98.028,0.9,,0,-97.068,10,45,6,485,0.4969
9.39,9.266,0.0,1499.63,7.0,98.536,0.95,,1,-97.001,10,45,6,402,0.49
9.486,9.312,0.0,1400.31,7.0,98.532,1.0,,2,-97.199,10,45,7,329,0.4772
9.759,9.487,0.0287,22518.0,7.0,61.862,0.8,,3,-54.964,1,50,13,2397,0.4973
10.008,9.743,0.104,27774.56,7.0,50.986,0.85,,3,-44.451,1,50,13,1611,0.4991
10.063,9.742,0.0423,32139.06,7.0,43.602,0.9,,5,-35.722,1,50,13,1244,0.5032
10.15,9.735,0.0,37144.06,7.0,44.57,0.95,,7,-25.712,1,50,13,941,0.5037
10.464,10.062,0.0,36507.5,7.0,42.726,1.0,,8,-26.985,1,50,13,674,0.5
9.873,9.815,0.0267,5207.87,7.0,90.968,0.8,,1,-89.584,2,50,9,1710,0.4865
10.008,9.743,0.0797,6746.56,7.0,89.928,0.85,,3,-86.507,2,50,13,1611,0.4991
10.063,9.742,0.0328,12277.88,7.0,81.907,0.9,,4,-75.444,2,50,13,1244,0.5032
10.15,9.735,0.0,18152.19,7.0,75.908,0.95,,6,-63.696,2,50,13,941,0.5037
10.464,10.062,0.0,20469.63,7.0,70.684,1.0,,7,-59.061,2,50,13,674,0.5
9.226,8.241,0.0,3372.56,7.0,94.61,0.8,,0,-93.255,3,50,6,1002,0.495
10.184,10.017,0.0,3333.63,7.0,94.662,0.85,,0,-93.333,3,50,9,1014,0.4911
10.115,9.851,0.0158,3467.94,7.0,94.407,0.9,,2,-93.064,3,50,12,1203,0.5021
10.15,9.735,0.0,7035.31,7.0,90.925,0.95,,6,-85.929,3,50,13,941,0.5037
10.464,10.062,0.0,8859.69,7.0,87.805,1.0,,6,-82.281,3,50,13,674,0.5
9.296,8.415,0.0,2597.75,7.0,96.108,0.8,,0,-94.805,4,50,4,565,0.485
9.328,8.445,0.0,2588.56,7.0,96.051,0.85,,0,-94.823,4,50,6,686,0.4913
9.942,10.0,0.0,2425.81,7.0,96.306,0.9,,0,-95.148,4,50,7,641,0.4836
10.15,9.735,0.0,3317.44,7.0,96.475,0.95,,6,-93.365,4,50,13,941,0.5037
10.464,10.062,0.0,4047.19,7.0,94.951,1.0,,6,-91.906,4,50,13,674,0.5
9.349,8.467,0.0,2094.62,7.0,97.038,0.8,,0,-95.811,5,50,4,520,0.4865
9.097,8.421,0.0,2006.25,7.0,97.085,0.85,,0,-95.987,5,50,5,579,0.4922
9.366,8.626,0.0,2078.0,7.0,96.968,0.9,,0,-95.844,5,50,6,527,0.4915
9.847,9.791,0.0,1891.19,7.0,97.783,0.95,,1,-96.218,5,50,7,484,0.4752
10.062,9.508,0.0,2055.25,7.0,97.46,1.0,,3,-95.889,5,50,7,348,0.4684
9.43,8.011,0.0,1719.69,7.0,97.727,0.8,,0,-96.561,6,50,3,335,0.4925
9.129,8.472,0.0,1657.13,7.0,97.72,0.85,,0,-96.686,6,50,5,569,0.4938
9.345,8.636,0.0,1594.13,7.0,97.784,0.9,,0,-96.812,6,50,6,512,0.498
9.829,9.791,0.0,936.13,7.0,99.005,0.95,,1,-98.128,6,50,7,482,0.4772
9.985,9.506,0.0,1445.81,7.0,98.372,1.0,,2,-97.108,6,50,7,342,0.4737
9.511,7.866,0.0,1454.56,7.0,98.189,0.8,,0,-97.091,7,50,2,305,0.5049
9.227,8.596,0.0,1449.75,7.0,98.096,0.85,,0,-97.1,7,50,4,386,0.4896
9.292,8.822,0.0,1465.94,7.0,98.028,0.9,,0,-97.068,7,50,6,485,0.4969
9.39,9.266,0.0,1499.63,7.0,98.536,0.95,,1,-97.001,7,50,6,402,0.49
9.486,9.312,0.0,1400.31,7.0,98.532,1.0,,2,-97.199,7,50,7,329,0.4772
9.511,7.866,0.0,1454.56,7.0,98.189,0.8,,0,-97.091,8,50,2,305,0.5049
9.227,8.596,0.0,1449.75,7.0,98.096,0.85,,0,-97.1,8,50,4,386,0.4896
9.292,8.822,0.0,1465.94,7.0,98.028,0.9,,0,-97.068,8,50,6,485,0.4969
9.39,9.266,0.0,1499.63,7.0,98.536,0.95,,1,-97.001,8,50,6,402,0.49
9.486,9.312,0.0,1400.31,7.0,98.532,1.0,,2,-97.199,8,50,7,329,0.4772
9.511,7.866,0.0,1454.56,7.0,98.189,0.8,,0,-97.091,9,50,2,305,0.5049
9.227,8.596,0.0,1449.75,7.0,98.096,0.85,,0,-97.1,9,50,4,386,0.4896
9.292,8.822,0.0,1465.94,7.0,98.028,0.9,,0,-97.068,9,50,6,485,0.4969
9.39,9.266,0.0,1499.63,7.0,98.536,0.95,,1,-97.001,9,50,6,402,0.49
9.486,9.312,0.0,1400.31,7.0,98.532,1.0,,2,-97.199,9,50,7,329,0.4772
9.511,7.866,0.0,1454.56,7.0,98.189,0.8,,0,-97.091,10,50,2,305,0.5049
9.227,8.596,0.0,1449.75,7.0,98.096,0.85,,0,-97.1,10,50,4,386,0.4896
9.292,8.822,0.0,1465.94,7.0,98.028,0.9,,0,-97.068,10,50,6,485,0.4969
9.39,9.266,0.0,1499.63,7.0,98.536,0.95,,1,-97.001,10,50,6,402,0.49
9.486,9.312,0.0,1400.31,7.0,98.532,1.0,,2,-97.199,10,50,7,329,0.4772
9.759,9.487,0.0287,22518.0,7.0,61.862,0.8,,3,-54.964,1,55,13,2397,0.4973
10.008,9.743,0.104,27774.56,7.0,50.986,0.85,,3,-44.451,1,55,13,1611,0.4991
10.063,9.742,0.0423,32139.06,7.0,43.602,0.9,,5,-35.722,1,55,13,1244,0.5032
10.15,9.735,0.0,37144.06,7.0,44.57,0.95,,7,-25.712,1,55,13,941,0.5037
10.464,10.062,0.0,36507.5,7.0,42.726,1.0,,8,-26.985,1,55,13,674,0.5
9.873,9.815,0.0267,5207.87,7.0,90.968,0.8,,1,-89.584,2,55,9,1710,0.4865
10.008,9.743,0.0797,6746.56,7.0,89.928,0.85,,3,-86.507,2,55,13,1611,0.4991
10.063,9.742,0.0328,12277.88,7.0,81.907,0.9,,4,-75.444,2,55,13,1244,0.5032
10.15,9.735,0.0,18152.19,7.0,75.908,0.95,,6,-63.696,2,55,13,941,0.5037
10.464,10.062,0.0,20469.63,7.0,70.684,1.0,,7,-59.061,2,55,13,674,0.5
9.226,8.241,0.0,3372.56,7.0,94.61,0.8,,0,-93.255,3,55,6,1002,0.495
10.184,10.017,0.0,3333.63,7.0,94.662,0.85,,0,-93.333,3,55,9,1014,0.4911
10.115,9.851,0.0158,3467.94,7.0,94.407,0.9,,2,-93.064,3,55,12,1203,0.5021
10.15,9.735,0.0,7035.31,7.0,90.925,0.95,,6,-85.929,3,55,13,941,0.5037
10.464,10.062,0.0,8859.69,7.0,87.805,1.0,,6,-82.281,3,55,13,674,0.5
9.296,8.415,0.0,2597.75,7.0,96.108,0.8,,0,-94.805,4,55,4,565,0.485
9.328,8.445,0.0,2588.56,7.0,96.051,0.85,,0,-94.823,4,55,6,686,0.4913
9.942,10.0,0.0,2425.81,7.0,96.306,0.9,,0,-95.148,4,55,7,641,0.4836
10.15,9.735,0.0,3317.44,7.0,96.475,0.95,,6,-93.365,4,55,13,941,0.5037
10.464,10.062,0.0,4047.19,7.0,94.951,1.0,,6,-91.906,4,55,13,674,0.5
9.349,8.467,0.0,2094.62,7.0,97.038,0.8,,0,-95.811,5,55,4,520,0.4865
9.097,8.421,0.0,2006.25,7.0,97.085,0.85,,0,-95.987,5,55,5,579,0.4922
9.366,8.626,0.0,2078.0,7.0,96.968,0.9,,0,-95.844,5,55,6,527,0.4915
9.847,9.791,0.0,1891.19,7.0,97.783,0.95,,1,-96.218,5,55,7,484,0.4752
10.062,9.508,0.0,2055.25,7.0,97.46,1.0,,3,-95.889,5,55,7,348,0.4684
9.43,8.011,0.0,1719.69,7.0,97.727,0.8,,0,-96.561,6,55,3,335,0.4925
9.129,8.472,0.0,1657.13,7.0,97.72,0.85,,0,-96.686,6,55,5,569,0.4938
9.345,8.636,0.0,1594.13,7.0,97.784,0.9,,0,-96.812,6,55,6,512,0.498
9.829,9.791,0.0,936.13,7.0,99.005,0.95,,1,-98.128,6,55,7,482,0.4772
9.985,9.506,0.0,1445.81,7.0,98.372,1.0,,2,-97.108,6,55,7,342,0.4737
9.511,7.866,0.0,1454.56,7.0,98.189,0.8,,0,-97.091,7,55,2,305,0.5049
9.227,8.596,0.0,1449.75,7.0,98.096,0.85,,0,-97.1,7,55,4,386,0.4896
9.292,8.822,0.0,1465.94,7.0,98.028,0.9,,0,-97.068,7,55,6,485,0.4969
9.39,9.266,0.0,1499.63,7.0,98.536,0.95,,1,-97.001,7,55,6,402,0.49
9.486,9.312,0.0,1400.31,7.0,98.532,1.0,,2,-97.199,7,55,7,329,0.4772
9.511,7.866,0.0,1454.56,7.0,98.189,0.8,,0,-97.091,8,55,2,305,0.5049
9.227,8.596,0.0,1449.75,7.0,98.096,0.85,,0,-97.1,8,55,4,386,0.4896
9.292,8.822,0.0,1465.94,7.0,98.028,0.9,,0,-97.068,8,55,6,485,0.4969
9.39,9.266,0.0,1499.63,7.0,98.536,0.95,,1,-97.001,8,55,6,402,0.49
9.486,9.312,0.0,1400.31,7.0,98.532,1.0,,2,-97.199,8,55,7,329,0.4772
9.511,7.866,0.0,1454.56,7.0,98.189,0.8,,0,-97.091,9,55,2,305,0.5049
9.227,8.596,0.0,1449.75,7.0,98.096,0.85,,0,-97.1,9,55,4,386,0.4896
9.292,8.822,0.0,1465.94,7.0,98.028,0.9,,0,-97.068,9,55,6,485,0.4969
9.39,9.266,0.0,1499.63,7.0,98.536,0.95,,1,-97.001,9,55,6,402,0.49
9.486,9.312,0.0,1400.31,7.0,98.532,1.0,,2,-97.199,9,55,7,329,0.4772
9.511,7.866,0.0,1454.56,7.0,98.189,0.8,,0,-97.091,10,55,2,305,0.5049
9.227,8.596,0.0,1449.75,7.0,98.096,0.85,,0,-97.1,10,55,4,386,0.4896
9.292,8.822,0.0,1465.94,7.0,98.028,0.9,,0,-97.068,10,55,6,485,0.4969
9.39,9.266,0.0,1499.63,7.0,98.536,0.95,,1,-97.001,10,55,6,402,0.49
9.486,9.312,0.0,1400.31,7.0,98.532,1.0,,2,-97.199,10,55,7,329,0.4772
9.759,9.487,0.0287,22518.0,7.0,61.862,0.8,,3,-54.964,1,60,13,2397,0.4973
10.008,9.743,0.104,27774.56,7.0,50.986,0.85,,3,-44.451,1,60,13,1611,0.4991
10.063,9.742,0.0423,32139.06,7.0,43.602,0.9,,5,-35.722,1,60,13,1244,0.5032
10.15,9.735,0.0,37144.06,7.0,44.57,0.95,,7,-25.712,1,60,13,941,0.5037
10.464,10.062,0.0,36507.5,7.0,42.726,1.0,,8,-26.985,1,60,13,674,0.5
9.873,9.815,0.0267,5207.87,7.0,90.968,0.8,,1,-89.584,2,60,9,1710,0.4865
10.008,9.743,0.0797,6746.56,7.0,89.928,0.85,,3,-86.507,2,60,13,1611,0.4991
10.063,9.742,0.0328,12277.88,7.0,81.907,0.9,,4,-75.444,2,60,13,1244,0.5032
10.15,9.735,0.0,18152.19,7.0,75.908,0.95,,6,-63.696,2,60,13,941,0.5037
10.464,10.062,0.0,20469.63,7.0,70.684,1.0,,7,-59.061,2,60,13,674,0.5
9.226,8.241,0.0,3372.56,7.0,94.61,0.8,,0,-93.255,3,60,6,1002,0.495
10.184,10.017,0.0,3333.63,7.0,94.662,0.85,,0,-93.333,3,60,9,1014,0.4911
10.115,9.851,0.0158,3467.94,7.0,94.407,0.9,,2,-93.064,3,60,12,1203,0.5021
10.15,9.735,0.0,7035.31,7.0,90.925,0.95,,6,-85.929,3,60,13,941,0.5037
10.464,10.062,0.0,8859.69,7.0,87.805,1.0,,6,-82.281,3,60,13,674,0.5
9.296,8.415,0.0,2597.75,7.0,96.108,0.8,,0,-94.805,4,60,4,565,0.485
9.328,8.445,0.0,2588.56,7.0,96.051,0.85,,0,-94.823,4,60,6,686,0.4913
9.942,10.0,0.0,2425.81,7.0,96.306,0.9,,0,-95.148,4,60,7,641,0.4836
10.15,9.735,0.0,3317.44,7.0,96.475,0.95,,6,-93.365,4,60,13,941,0.5037
10.464,10.062,0.0,4047.19,7.0,94.951,1.0,,6,-91.906,4,60,13,674,0.5
9.349,8.467,0.0,2094.62,7.0,97.038,0.8,,0,-95.811,5,60,4,520,0.4865
9.097,8.421,0.0,2006.25,7.0,97.085,0.85,,0,-95.987,5,60,5,579,0.4922
9.366,8.626,0.0,2078.0,7.0,96.968,0.9,,0,-95.844,5,60,6,527,0.4915
9.847,9.791,0.0,1891.19,7.0,97.783,0.95,,1,-96.218,5,60,7,484,0.4752
10.062,9.508,0.0,2055.25,7.0,97.46,1.0,,3,-95.889,5,60,7,348,0.4684
9.43,8.011,0.0,1719.69,7.0,97.727,0.8,,0,-96.561,6,60,3,335,0.4925
9.129,8.472,0.0,1657.13,7.0,97.72,0.85,,0,-96.686,6,60,5,569,0.4938
9.345,8.636,0.0,1594.13,7.0,97.784,0.9,,0,-96.812,6,60,6,512,0.498
9.829,9.791,0.0,936.13,7.0,99.005,0.95,,1,-98.128,6,60,7,482,0.4772
9.985,9.506,0.0,1445.81,7.0,98.372,1.0,,2,-97.108,6,60,7,342,0.4737
9.511,7.866,0.0,1454.56,7.0,98.189,0.8,,0,-97.091,7,60,2,305,0.5049
9.227,8.596,0.0,1449.75,7.0,98.096,0.85,,0,-97.1,7,60,4,386,0.4896
9.292,8.822,0.0,1465.94,7.0,98.028,0.9,,0,-97.068,7,60,6,485,0.4969
9.39,9.266,0.0,1499.63,7.0,98.536,0.95,,1,-97.001,7,60,6,402,0.49
9.486,9.312,0.0,1400.31,7.0,98.532,1.0,,2,-97.199,7,60,7,329,0.4772
9.511,7.866,0.0,1454.56,7.0,98.189,0.8,,0,-97.091,8,60,2,305,0.5049
9.227,8.596,0.0,1449.75,7.0,98.096,0.85,,0,-97.1,8,60,4,386,0.4896
9.292,8.822,0.0,1465.94,7.0,98.028,0.9,,0,-97.068,8,60,6,485,0.4969
9.39,9.266,0.0,1499.63,7.0,98.536,0.95,,1,-97.001,8,60,6,402,0.49
9.486,9.312,0.0,1400.31,7.0,98.532,1.0,,2,-97.199,8,60,7,329,0.4772
9.511,7.866,0.0,1454.56,7.0,98.189,0.8,,0,-97.091,9,60,2,305,0.5049
9.227,8.596,0.0,1449.75,7.0,98.096,0.85,,0,-97.1,9,60,4,386,0.4896
9.292,8.822,0.0,1465.94,7.0,98.028,0.9,,0,-97.068,9,60,6,485,0.4969
9.39,9.266,0.0,1499.63,7.0,98.536,0.95,,1,-97.001,9,60,6,402,0.49
9.486,9.312,0.0,1400.31,7.0,98.532,1.0,,2,-97.199,9,60,7,329,0.4772
9.511,7.866,0.0,1454.56,7.0,98.189,0.8,,0,-97.091,10,60,2,305,0.5049
9.227,8.596,0.0,1449.75,7.0,98.096,0.85,,0,-97.1,10,60,4,386,0.4896
9.292,8.822,0.0,1465.94,7.0,98.028,0.9,,0,-97.068,10,60,6,485,0.4969
9.39,9.266,0.0,1499.63,7.0,98.536,0.95,,1,-97.001,10,60,6,402,0.49
9.486,9.312,0.0,1400.31,7.0,98.532,1.0,,2,-97.199,10,60,7,329,0.4772
8.742,9.411,0.0,27288.5,7.5,61.512,0.8,,5,-45.423,1,5,13,2414,0.4739
8.924,9.871,0.0,46363.06,7.5,44.044,0.85,,6,-7.274,1,5,13,1615,0.4768
8.783,9.904,0.0,47819.94,7.5,38.35,0.9,,8,-4.36,1,5,13,1249,0.4756
8.845,9.901,0.0,48480.13,7.5,40.681,0.95,,9,-3.04,1,5,13,945,0.4751
9.368,10.31,0.0,41718.13,7.5,37.801,1.0,,7,-16.564,1,5,13,672,0.4732
8.742,9.411,0.0,9352.31,7.5,89.783,0.8,,5,-81.295,2,5,13,2414,0.4739
8.924,9.871,0.0,18967.69,7.5,81.016,0.85,,5,-62.065,2,5,13,1615,0.4768
8.783,9.904,0.0,29626.06,7.5,72.595,0.9,,6,-40.748,2,5,13,1249,0.4756
8.845,9.901,0.0,38537.06,7.5,71.372,0.95,,9,-22.926,2,5,13,945,0.4751
9.368,10.31,0.0,31247.44,7.5,65.104,1.0,,7,-37.505,2,5,13,672,0.4732
8.637,9.581,0.0,3720.38,7.5,95.726,0.8,,2,-92.559,3,5,7,1318,0.4636
8.924,9.871,0.0,7416.81,7.5,93.958,0.85,,5,-85.166,3,5,13,1615,0.4768
8.783,9.904,0.0,7818.0,7.5,92.123,0.9,,5,-84.364,3,5,13,1249,0.4756
8.845,9.901,0.0,18090.94,7.5,89.101,0.95,,6,-63.818,3,5,13,945,0.4751
9.368,10.31,0.0,15442.75,7.5,81.912,1.0,,6,-69.114,3,5,13,672,0.4732
8.023,8.285,0.0,2807.75,7.5,97.124,0.8,,1,-94.384,4,5,6,1016,0.4665
8.86,9.943,0.0,2789.38,7.5,96.862,0.85,,1,-94.421,4,5,7,851,0.4595
9.065,10.402,0.0,2802.94,7.5,96.549,0.9,,2,-94.394,4,5,9,814,0.4582
8.845,9.901,0.0,10506.0,7.5,95.63,0.95,,6,-78.988,4,5,13,945,0.4751
9.368,10.31,0.0,6761.0,7.5,92.899,1.0,,6,-86.478,4,5,13,672,0.4732
7.979,8.169,0.0,2169.88,7.5,98.086,0.8,,1,-95.66,5,5,4,559,0.4562
8.237,8.618,0.0,2137.5,7.5,97.853,0.85,,1,-95.725,5,5,6,691,0.4602
8.783,10.181,0.0,1437.5,7.5,98.335,0.9,,1,-97.125,5,5,7,638,0.4514
9.139,10.354,0.0,2094.19,7.5,98.333,0.95,,1,-95.812,5,5,9,587,0.4514
9.368,10.31,0.0,3220.75,7.5,96.621,1.0,,6,-93.558,5,5,13,672,0.4732
7.994,8.138,0.0,1814.63,7.5,98.507,0.8,,1,-96.371,6,5,4,528,0.4602
8.177,8.692,0.0,1835.19,7.5,98.255,0.85,,1,-96.33,6,5,6,648,0.463
8.009,8.712,0.0,1725.38,7.5,98.151,0.9,,1,-96.549,6,5,6,527,0.4516
8.633,9.971,0.0,1673.31,7.5,98.85,0.95,,1,-96.653,6,5,7,486,0.4424
8.967,9.823,0.0,1730.19,7.5,98.026,1.0,,3,-96.54,6,5,7,347,0.4352
8.031,7.629,0.0,1499.19,7.5,98.888,0.8,,1,-97.002,7,5,3,359,0.4624
7.982,8.625,0.0,1567.0,7.5,98.585,0.85,,1,-96.866,7,5,5,583,0.458
7.886,8.785,0.0,1573.13,7.5,98.388,0.9,,1,-96.854,7,5,6,513,0.4561
8.633,9.971,0.0,1014.88,7.5,99.381,0.95,,1,-97.97,7,5,7,486,0.4424
8.861,9.822,0.0,1514.5,7.5,98.402,1.0,,3,-96.971,7,5,7,342,0.4386
8.005,7.758,0.0,1469.0,7.5,98.938,0.8,,0,-97.062,8,5,3,349,0.4613
8.183,8.52,0.0,1414.75,7.5,98.749,0.85,,1,-97.17,8,5,4,382,0.4607
7.87,8.944,0.0,1462.44,7.5,98.509,0.9,,1,-97.075,8,5,5,474,0.4515
8.633,9.971,0.0,727.88,7.5,99.582,0.95,,1,-98.544,8,5,7,486,0.4424
8.861,9.822,0.0,916.88,7.5,99.059,1.0,,3,-98.166,8,5,7,342,0.4386
8.005,7.758,0.0,1469.0,7.5,98.938,0.8,,0,-97.062,9,5,3,349,0.4613
8.183,8.52,0.0,1414.75,7.5,98.749,0.85,,1,-97.17,9,5,4,382,0.4607
7.87,8.944,0.0,1462.44,7.5,98.509,0.9,,1,-97.075,9,5,5,474,0.4515
8.633,9.971,0.0,727.88,7.5,99.582,0.95,,1,-98.544,9,5,7,486,0.4424
8.861,9.822,0.0,916.88,7.5,99.059,1.0,,3,-98.166,9,5,7,342,0.4386
8.005,7.758,0.0,1469.0,7.5,98.938,0.8,,0,-97.062,10,5,3,349,0.4613
8.183,8.52,0.0,1414.75,7.5,98.749,0.85,,1,-97.17,10,5,4,382,0.4607
7.87,8.944,0.0,1462.44,7.5,98.509,0.9,,1,-97.075,10,5,5,474,0.4515
8.633,9.971,0.0,727.88,7.5,99.582,0.95,,1,-98.544,10,5,7,486,0.4424
8.861,9.822,0.0,916.88,7.5,99.059,1.0,,3,-98.166,10,5,7,342,0.4386
9.825,9.501,0.0,28520.06,7.5,61.44,0.8,,6,-42.96,1,10,13,2379,0.5036
10.064,9.868,0.0703,36948.94,7.5,49.473,0.85,,6,-26.102,1,10,13,1595,0.5078
10.038,9.834,0.0,44060.06,7.5,36.135,0.9,,4,-11.88,1,10,13,1236,0.5113
10.001,9.86,0.0,48480.56,7.5,43.136,0.95,,8,-3.039,1,10,13,935,0.5123
10.295,10.206,0.0,50676.81,7.5,33.945,1.0,,9,1.354,1,10,13,670,0.509
9.825,9.501,0.0195,9107.31,7.5,89.073,0.8,,5,-81.785,2,10,13,2379,0.5036
10.064,9.868,0.0405,18777.37,7.5,81.283,0.85,,6,-62.445,2,10,13,1595,0.5078
10.038,9.834,0.0,29819.44,7.5,67.414,0.9,,7,-40.361,2,10,13,1236,0.5113
10.001,9.86,0.0,45040.06,7.5,69.721,0.95,,6,-9.92,2,10,13,935,0.5123
10.295,10.206,0.0,39060.75,7.5,63.303,1.0,,6,-21.878,2,10,13,670,0.509
10.146,9.832,0.0,3642.5,7.5,95.356,0.8,,2,-92.715,3,10,9,1642,0.4982
10.064,9.868,0.0,8434.44,7.5,93.776,0.85,,6,-83.131,3,10,13,1595,0.5078
10.038,9.834,0.0,10483.25,7.5,89.624,0.9,,4,-79.033,3,10,13,1236,0.5113
10.001,9.86,0.0,24726.06,7.5,84.691,0.95,,5,-50.548,3,10,13,935,0.5123
10.295,10.206,0.0,21822.81,7.5,81.144,1.0,,7,-56.354,3,10,13,670,0.509
9.263,8.345,0.0012,2794.63,7.5,96.793,0.8,,1,-94.411,4,10,5,868,0.5046
10.494,10.14,0.0191,2809.94,7.5,96.991,0.85,,1,-94.38,4,10,8,1002,0.505
10.47,10.208,0.0,2696.63,7.5,96.915,0.9,,2,-94.607,4,10,9,768,0.5026
10.001,9.86,0.0,9975.75,7.5,93.899,0.95,,4,-80.048,4,10,13,935,0.5123
10.295,10.206,0.0,12417.88,7.5,91.849,1.0,,7,-75.164,4,10,13,670,0.509
9.198,8.315,0.0,2212.75,7.5,97.656,0.8,,0,-95.575,5,10,5,838,0.5048
10.035,9.873,0.0087,1949.81,7.5,98.069,0.85,,1,-96.1,5,10,7,822,0.5036
10.062,9.958,0.0,2167.69,7.5,97.701,0.9,,2,-95.665,5,10,7,632,0.4984
10.404,10.106,0.0,2108.63,7.5,98.468,0.95,,2,-95.783,5,10,9,581,0.4991
10.65,10.257,0.0,2158.94,7.5,97.427,1.0,,3,-95.682,5,10,9,422,0.4929
9.342,8.632,0.0,1867.56,7.5,98.138,0.8,,0,-96.265,6,10,4,514,0.5
9.57,8.686,0.0,1866.69,7.5,98.258,0.85,,1,-96.267,6,10,6,666,0.509
10.044,9.958,0.0,1024.94,7.5,99.009,0.9,,2,-97.95,6,10,7,629,0.5008
10.055,9.75,0.0,1608.13,7.5,99.001,0.95,,2,-96.784,6,10,7,484,0.4917
10.131,9.505,0.0,1832.56,7.5,98.03,1.0,,3,-96.335,6,10,7,343,0.4869
9.295,8.629,0.0,1557.81,7.5,98.514,0.8,,0,-96.884,7,10,3,475,0.4989
9.372,8.693,0.0125,1476.88,7.5,98.662,0.85,,1,-97.046,7,10,5,562,0.5089
9.381,8.581,0.0,1537.25,7.5,98.602,0.9,,1,-96.925,7,10,6,518,0.5077
9.988,9.75,0.0,1273.44,7.5,99.3,0.95,,1,-97.453,7,10,7,479,0.4948
10.109,9.505,0.0,715.19,7.5,99.284,1.0,,3,-98.57,7,10,7,341,0.4897
9.295,8.629,0.0,1392.87,7.5,98.692,0.8,,0,-97.214,8,10,3,475,0.4989
9.372,8.693,0.0,1287.88,7.5,98.862,0.85,,0,-97.424,8,10,5,562,0.5089
9.4,8.612,0.0,1015.31,7.5,99.09,0.9,,1,-97.969,8,10,6,509,0.5108
9.988,9.75,0.0,1147.44,7.5,99.407,0.95,,1,-97.705,8,10,7,479,0.4948
10.109,9.505,0.0,1297.06,7.5,98.733,1.0,,3,-97.406,8,10,7,341,0.4897
9.295,8.629,0.0,1392.87,7.5,98.692,0.8,,0,-97.214,9,10,3,475,0.4989
9.372,8.693,0.0,1287.88,7.5,98.862,0.85,,0,-97.424,9,10,5,562,0.5089
9.4,8.612,0.0,1015.31,7.5,99.09,0.9,,1,-97.969,9,10,6,509,0.5108
9.988,9.75,0.0,1147.44,7.5,99.407,0.95,,1,-97.705,9,10,7,479,0.4948
10.109,9.505,0.0,1297.06,7.5,98.733,1.0,,3,-97.406,9,10,7,341,0.4897
9.295,8.629,0.0,1392.87,7.5,98.692,0.8,,0,-97.214,10,10,3,475,0.4989
9.372,8.693,0.0,1287.88,7.5,98.862,0.85,,0,-97.424,10,10,5,562,0.5089
9.4,8.612,0.0,1015.31,7.5,99.09,0.9,,1,-97.969,10,10,6,509,0.5108
9.988,9.75,0.0,1147.44,7.5,99.407,0.95,,1,-97.705,10,10,7,479,0.4948
10.109,9.505,0.0,1297.06,7.5,98.733,1.0,,3,-97.406,10,10,7,341,0.4897
10.123,9.522,0.0766,24991.19,7.5,60.63,0.8,,6,-50.018,1,15,13,2374,0.5072
10.434,9.848,0.1037,34156.37,7.5,46.507,0.85,,5,-31.687,1,15,13,1592,0.5107
10.425,9.803,0.0093,38471.0,7.5,41.099,0.9,,4,-23.058,1,15,13,1234,0.5154
10.429,9.836,0.0,42634.25,7.5,42.938,0.95,,7,-14.731,1,15,13,934,0.5161
10.705,10.2,0.0,42113.63,7.5,33.928,1.0,,7,-15.773,1,15,13,670,0.5104
10.123,9.522,0.0725,7875.75,7.5,89.762,0.8,,5,-84.249,2,15,13,2374,0.5072
10.434,9.848,0.0703,10900.19,7.5,86.078,0.85,,4,-78.2,2,15,13,1592,0.5107
10.425,9.803,0.0,19396.44,7.5,74.72,0.9,,4,-61.207,2,15,13,1234,0.5154
10.429,9.836,0.0,28311.38,7.5,69.619,0.95,,5,-43.377,2,15,13,934,0.5161
10.705,10.2,0.0,28850.38,7.5,65.523,1.0,,6,-42.299,2,15,13,670,0.5104
10.287,9.842,0.019,3625.44,7.5,94.89,0.8,,1,-92.749,3,15,9,1635,0.5015
10.434,9.848,0.044,4604.13,7.5,95.586,0.85,,4,-90.792,3,15,13,1592,0.5107
10.425,9.803,0.0,6594.31,7.5,92.468,0.9,,4,-86.811,3,15,13,1234,0.5154
10.429,9.836,0.0,12879.88,7.5,89.068,0.95,,4,-74.24,3,15,13,934,0.5161
10.705,10.2,0.0,14877.5,7.5,81.091,1.0,,5,-70.245,3,15,13,670,0.5104
9.461,8.331,0.0,2724.63,7.5,96.43,0.8,,0,-94.551,4,15,6,996,0.509
10.643,10.127,0.0277,2570.19,7.5,97.246,0.85,,1,-94.86,4,15,9,1001,0.5065
10.597,10.181,0.0,2792.44,7.5,96.534,0.9,,2,-94.415,4,15,9,767,0.5059
10.429,9.836,0.0,6296.38,7.5,95.294,0.95,,5,-87.407,4,15,13,934,0.5161
10.705,10.2,0.0,5065.69,7.5,93.68,1.0,,6,-89.869,4,15,13,670,0.5104
9.319,8.331,0.0,2169.87,7.5,97.386,0.8,,0,-95.66,5,15,5,833,0.5102
9.715,8.622,0.0606,2057.44,7.5,97.941,0.85,,1,-95.885,5,15,6,678,0.5074
10.211,9.926,0.0,2084.13,7.5,97.601,0.9,,2,-95.832,5,15,7,631,0.5024
10.475,10.106,0.0,2181.69,7.5,98.3,0.95,,2,-95.637,5,15,9,581,0.4991
10.703,10.257,0.0,2172.94,7.5,97.352,1.0,,3,-95.654,5,15,9,422,0.4929
9.401,8.642,0.0,1843.94,7.5,97.815,0.8,,0,-96.312,6,15,4,553,0.5009
9.709,8.671,0.0,1625.19,7.5,98.433,0.85,,0,-96.75,6,15,6,664,0.512
9.916,9.817,0.0,1858.38,7.5,98.017,0.9,,2,-96.283,6,15,7,615,0.5073
10.138,9.75,0.0,1569.63,7.5,98.956,0.95,,2,-96.861,6,15,7,484,0.4917
10.159,9.505,0.0,1832.56,7.5,97.957,1.0,,3,-96.335,6,15,7,342,0.4883
9.475,8.673,0.0,1562.62,7.5,98.14,0.8,,0,-96.875,7,15,4,512,0.5059
9.507,8.675,0.0,1462.87,7.5,98.559,0.85,,0,-97.074,7,15,5,560,0.5125
9.562,8.553,0.0,1556.06,7.5,98.378,0.9,,2,-96.888,7,15,6,516,0.5136
10.073,9.75,0.0,1286.13,7.5,99.235,0.95,,2,-97.428,7,15,7,479,0.4948
10.159,9.505,0.0,1505.75,7.5,98.422,1.0,,3,-96.988,7,15,7,342,0.4883
9.482,8.673,0.0,1412.56,7.5,98.283,0.8,,0,-97.175,8,15,4,511,0.5068
9.507,8.675,0.0,1251.12,7.5,98.712,0.85,,0,-97.498,8,15,5,560,0.5125
9.568,8.573,0.0,1467.69,7.5,98.491,0.9,,2,-97.065,8,15,6,511,0.5147
10.073,9.75,0.0,1112.44,7.5,99.373,0.95,,2,-97.775,8,15,7,479,0.4948
10.173,9.505,0.0,1044.19,7.5,98.925,1.0,,3,-97.912,8,15,7,341,0.4897
9.482,8.673,0.0,1412.56,7.5,98.283,0.8,,0,-97.175,9,15,4,511,0.5068
9.507,8.675,0.0,1251.12,7.5,98.712,0.85,,0,-97.498,9,15,5,560,0.5125
9.568,8.573,0.0,1467.69,7.5,98.491,0.9,,2,-97.065,9,15,6,511,0.5147
10.073,9.75,0.0,1112.44,7.5,99.373,0.95,,2,-97.775,9,15,7,479,0.4948
10.173,9.505,0.0,1044.19,7.5,98.925,1.0,,3,-97.912,9,15,7,341,0.4897
9.482,8.673,0.0,1412.56,7.5,98.283,0.8,,0,-97.175,10,15,4,511,0.5068
9.507,8.675,0.0,1251.12,7.5,98.712,0.85,,0,-97.498,10,15,5,560,0.5125
9.568,8.573,0.0,1467.69,7.5,98.491,0.9,,2,-97.065,10,15,6,511,0.5147
10.073,9.75,0.0,1112.44,7.5,99.373,0.95,,2,-97.775,10,15,7,479,0.4948
10.173,9.505,0.0,1044.19,7.5,98.925,1.0,,3,-97.912,10,15,7,341,0.4897
10.175,9.533,0.0135,25608.5,7.5,59.363,0.8,,6,-48.783,1,20,13,2374,0.5084
10.503,9.84,0.1136,33120.37,7.5,47.549,0.85,,5,-33.759,1,20,13,1592,0.5113
10.49,9.803,0.0115,37807.75,7.5,38.701,0.9,,6,-24.385,1,20,13,1234,0.5154
10.515,9.836,0.0,41918.94,7.5,41.451,0.95,,7,-16.162,1,20,13,934,0.5161
10.777,10.2,0.0,42105.75,7.5,36.722,1.0,,7,-15.788,1,20,13,670,0.5104
10.175,9.533,0.0637,7868.31,7.5,89.578,0.8,,5,-84.263,2,20,13,2374,0.5084
10.503,9.84,0.0761,10779.87,7.5,86.052,0.85,,4,-78.44,2,20,13,1592,0.5113
10.49,9.803,0.0,18693.38,7.5,75.025,0.9,,3,-62.613,2,20,13,1234,0.5154
10.515,9.836,0.0,27162.94,7.5,70.746,0.95,,6,-45.674,2,20,13,934,0.5161
10.777,10.2,0.0,28675.81,7.5,64.475,1.0,,5,-42.648,2,20,13,670,0.5104
10.339,9.847,0.0131,3723.87,7.5,94.813,0.8,,1,-92.552,3,20,9,1635,0.5028
10.503,9.84,0.036,4591.0,7.5,95.439,0.85,,3,-90.818,3,20,13,1592,0.5113
10.49,9.803,0.0,6967.5,7.5,91.773,0.9,,4,-86.065,3,20,13,1234,0.5154
10.515,9.836,0.0,12105.06,7.5,88.45,0.95,,4,-75.79,3,20,13,934,0.5161
10.777,10.2,0.0,14729.19,7.5,82.052,1.0,,6,-70.542,3,20,13,670,0.5104
9.545,8.346,0.0,2731.63,7.5,96.538,0.8,,0,-94.537,4,20,6,996,0.511
10.422,9.873,0.0898,2808.63,7.5,96.991,0.85,,2,-94.383,4,20,7,858,0.5035
10.69,10.137,0.0,2749.56,7.5,96.588,0.9,,1,-94.501,4,20,9,795,0.5069
10.515,9.836,0.0,5459.88,7.5,95.397,0.95,,4,-89.08,4,20,13,934,0.5161
10.777,10.2,0.0,5232.38,7.5,93.681,1.0,,6,-89.535,4,20,13,670,0.5104
9.419,8.348,0.0,2188.69,7.5,97.393,0.8,,0,-95.623,5,20,5,833,0.5126
9.806,8.606,0.0528,2129.63,7.5,97.869,0.85,,1,-95.741,5,20,6,676,0.5104
10.28,9.926,0.0,2086.75,7.5,97.598,0.9,,1,-95.826,5,20,7,628,0.5048
10.564,10.106,0.0,2174.25,7.5,98.306,0.95,,1,-95.651,5,20,9,580,0.5
10.795,10.336,0.0,2204.0,7.5,97.314,1.0,,5,-95.592,5,20,12,651,0.5084
9.443,8.642,0.0,1847.0,7.5,97.905,0.8,,0,-96.306,6,20,4,553,0.5009
9.824,8.654,0.0,1609.87,7.5,98.448,0.85,,0,-96.78,6,20,6,664,0.5136
10.018,9.853,0.0,1787.06,7.5,98.093,0.9,,1,-96.426,6,20,7,611,0.5074
10.199,9.75,0.0,1637.44,7.5,98.911,0.95,,1,-96.725,6,20,7,481,0.4927
10.364,9.507,0.0,1796.25,7.5,97.998,1.0,,3,-96.407,6,20,7,347,0.4841
9.495,8.673,0.0,1557.81,7.5,98.159,0.8,,0,-96.884,7,20,3,472,0.5064
9.644,8.655,0.0,1446.69,7.5,98.575,0.85,,0,-97.107,7,20,5,560,0.5143
9.685,8.584,0.0,1260.75,7.5,98.686,0.9,,1,-97.478,7,20,6,508,0.5157
10.183,9.75,0.0,1357.88,7.5,99.192,0.95,,1,-97.284,7,20,7,479,0.4948
10.292,9.505,0.0,1216.56,7.5,98.725,1.0,,3,-97.567,7,20,7,341,0.4897
9.527,8.673,0.0,1484.31,7.5,98.242,0.8,,0,-97.031,8,20,4,510,0.5078
9.644,8.655,0.0,1247.19,7.5,98.716,0.85,,0,-97.506,8,20,5,560,0.5143
9.685,8.584,0.0,1097.56,7.5,98.872,0.9,,1,-97.805,8,20,6,508,0.5157
10.183,9.75,0.0,951.44,7.5,99.463,0.95,,1,-98.097,8,20,7,479,0.4948
10.292,9.505,0.0,1166.69,7.5,98.799,1.0,,3,-97.667,8,20,7,341,0.4897
9.527,8.673,0.0,1484.31,7.5,98.242,0.8,,0,-97.031,9,20,4,510,0.5078
9.644,8.655,0.0,1247.19,7.5,98.716,0.85,,0,-97.506,9,20,5,560,0.5143
9.685,8.584,0.0,1097.56,7.5,98.872,0.9,,1,-97.805,9,20,6,508,0.5157
10.183,9.75,0.0,951.44,7.5,99.463,0.95,,1,-98.097,9,20,7,479,0.4948
10.292,9.505,0.0,1166.69,7.5,98.799,1.0,,3,-97.667,9,20,7,341,0.4897
9.527,8.673,0.0,1484.31,7.5,98.242,0.8,,0,-97.031,10,20,4,510,0.5078
9.644,8.655,0.0,1247.19,7.5,98.716,0.85,,0,-97.506,10,20,5,560,0.5143
9.685,8.584,0.0,1097.56,7.5,98.872,0.9,,1,-97.805,10,20,6,508,0.5157
10.183,9.75,0.0,951.44,7.5,99.463,0.95,,1,-98.097,10,20,7,479,0.4948
10.292,9.505,0.0,1166.69,7.5,98.799,1.0,,3,-97.667,10,20,7,341,0.4897
10.247,9.532,0.0905,22484.31,7.5,59.954,0.8,,4,-55.031,1,25,13,2373,0.5082
10.54,9.84,0.1205,32184.12,7.5,49.096,0.85,,5,-35.632,1,25,13,1592,0.5113
10.513,9.803,0.0083,37557.5,7.5,39.138,0.9,,6,-24.885,1,25,13,1234,0.5154
10.545,9.836,0.0,41777.63,7.5,41.495,0.95,,7,-16.445,1,25,13,934,0.5161
10.82,10.2,0.0,41670.88,7.5,37.383,1.0,,7,-16.658,1,25,13,670,0.5104
10.258,9.645,0.0729,5528.13,7.5,90.356,0.8,,3,-88.944,2,25,13,2335,0.5041
10.54,9.84,0.058,10870.87,7.5,85.926,0.85,,3,-78.258,2,25,13,1592,0.5113
10.513,9.803,0.0,18310.12,7.5,75.511,0.9,,3,-63.38,2,25,13,1234,0.5154
10.545,9.836,0.0,26531.19,7.5,70.581,0.95,,5,-46.938,2,25,13,934,0.5161
10.82,10.2,0.0,28116.69,7.5,66.196,1.0,,6,-43.767,2,25,13,670,0.5104
10.075,9.608,0.0397,3659.13,7.5,94.008,0.8,,1,-92.682,3,25,8,1351,0.5011
10.559,9.914,0.0379,3660.88,7.5,95.715,0.85,,3,-92.678,3,25,13,1567,0.5086
10.547,9.889,0.0,3711.19,7.5,94.961,0.9,,3,-92.578,3,25,13,1212,0.5116
10.545,9.836,0.0,11839.06,7.5,88.64,0.95,,4,-76.322,3,25,13,934,0.5161
10.82,10.2,0.0,14123.69,7.5,83.392,1.0,,6,-71.753,3,25,13,670,0.5104
9.67,8.4,0.0,2739.5,7.5,95.792,0.8,,0,-94.521,4,25,5,859,0.5111
10.743,10.144,0.0309,2779.75,7.5,97.022,0.85,,1,-94.44,4,25,8,959,0.5109
10.686,10.16,0.0,2758.31,7.5,96.577,0.9,,2,-94.483,4,25,9,769,0.5059
10.545,9.836,0.0,5028.94,7.5,96.001,0.95,,4,-89.942,4,25,13,934,0.5161
10.82,10.2,0.0,5165.88,7.5,93.71,1.0,,6,-89.668,4,25,13,670,0.5104
9.713,8.531,0.0,2232.87,7.5,96.806,0.8,,0,-95.534,5,25,4,574,0.5035
9.846,8.606,0.0483,2114.31,7.5,97.884,0.85,,1,-95.771,5,25,6,676,0.5104
10.309,9.926,0.0,2155.44,7.5,97.519,0.9,,1,-95.689,5,25,7,628,0.5048
10.572,9.967,0.0,2134.44,7.5,98.337,0.95,,3,-95.731,5,25,12,899,0.515
10.842,10.257,0.0,2189.13,7.5,97.332,1.0,,3,-95.622,5,25,9,422,0.4929
9.715,8.642,0.0,1798.87,7.5,97.567,0.8,,0,-96.402,6,25,4,549,0.5046
9.866,8.654,0.0,1602.44,7.5,98.455,0.85,,0,-96.795,6,25,6,664,0.5136
9.698,8.553,0.0,1810.25,7.5,98.069,0.9,,1,-96.379,6,25,6,519,0.5106
10.21,9.75,0.0,1795.81,7.5,98.806,0.95,,1,-96.408,6,25,7,480,0.4938
10.428,9.507,0.0,1691.25,7.5,98.115,1.0,,3,-96.617,6,25,7,346,0.4855
9.806,8.236,0.0,1552.56,7.5,98.012,0.8,,0,-96.895,7,25,3,348,0.5086
9.693,8.655,0.0,1574.0,7.5,98.45,0.85,,0,-96.852,7,25,5,560,0.5143
9.721,8.584,0.0,1264.69,7.5,98.682,0.9,,1,-97.471,7,25,6,508,0.5157
10.221,9.75,0.0,1150.5,7.5,99.316,0.95,,1,-97.699,7,25,7,479,0.4948
10.344,9.505,0.0,1229.25,7.5,98.711,1.0,,3,-97.541,7,25,7,341,0.4897
9.779,8.386,0.0,1421.31,7.5,98.231,0.8,,0,-97.157,8,25,3,333,0.5105
9.664,8.655,0.0,1497.87,7.5,98.458,0.85,,0,-97.004,8,25,5,559,0.5152
9.721,8.584,0.0,1015.75,7.5,98.956,0.9,,1,-97.968,8,25,6,508,0.5157
9.837,9.223,0.0,1480.81,7.5,99.165,0.95,,1,-97.038,8,25,6,405,0.4988
9.82,9.35,0.0,1486.94,7.5,98.469,1.0,,3,-97.026,8,25,7,327,0.4924
9.779,8.386,0.0,1421.31,7.5,98.231,0.8,,0,-97.157,9,25,3,333,0.5105
9.664,8.655,0.0,1497.87,7.5,98.458,0.85,,0,-97.004,9,25,5,559,0.5152
9.721,8.584,0.0,1015.75,7.5,98.956,0.9,,1,-97.968,9,25,6,508,0.5157
9.837,9.223,0.0,1480.81,7.5,99.165,0.95,,1,-97.038,9,25,6,405,0.4988
9.82,9.35,0.0,1486.94,7.5,98.469,1.0,,3,-97.026,9,25,7,327,0.4924
9.779,8.386,0.0,1421.31,7.5,98.231,0.8,,0,-97.157,10,25,3,333,0.5105
9.664,8.655,0.0,1497.87,7.5,98.458,0.85,,0,-97.004,10,25,5,559,0.5152
9.721,8.584,0.0,1015.75,7.5,98.956,0.9,,1,-97.968,10,25,6,508,0.5157
9.837,9.223,0.0,1480.81,7.5,99.165,0.95,,1,-97.038,10,25,6,405,0.4988
9.82,9.35,0.0,1486.94,7.5,98.469,1.0,,3,-97.026,10,25,7,327,0.4924
10.267,9.541,0.0805,22460.69,7.5,59.999,0.8,,4,-55.079,1,30,13,2371,0.5078
10.54,9.84,0.1205,32184.12,7.5,49.096,0.85,,5,-35.632,1,30,13,1592,0.5113
10.527,9.809,0.0072,37370.25,7.5,39.466,0.9,,6,-25.26,1,30,13,1233,0.515
10.564,9.844,0.0,41512.94,7.5,41.495,0.95,,7,-16.974,1,30,13,933,0.5155
10.845,10.212,0.0,40982.25,7.5,37.383,1.0,,7,-18.035,1,30,13,669,0.5097
10.278,9.653,0.0737,5512.81,7.5,90.383,0.8,,3,-88.974,2,30,13,2333,0.5036
10.54,9.84,0.058,10870.87,7.5,85.926,0.85,,3,-78.258,2,30,13,1592,0.5113
10.527,9.809,0.0,18474.19,7.5,75.192,0.9,,3,-63.052,2,30,13,1233,0.515
10.564,9.844,0.0,26372.81,7.5,70.581,0.95,,5,-47.254,2,30,13,933,0.5155
10.845,10.212,0.0,27003.25,7.5,66.196,1.0,,7,-45.993,2,30,13,669,0.5097
10.095,9.605,0.0394,3703.75,7.5,93.934,0.8,,1,-92.593,3,30,8,1351,0.5004
10.559,9.914,0.0379,3660.88,7.5,95.715,0.85,,3,-92.678,3,30,13,1567,0.5086
10.527,9.809,0.0,4860.5,7.5,94.634,0.9,,4,-90.279,3,30,13,1233,0.515
10.564,9.844,0.0,11013.94,7.5,89.18,0.95,,4,-77.972,3,30,13,933,0.5155
10.845,10.212,0.0,14216.44,7.5,83.392,1.0,,6,-71.567,3,30,13,669,0.5097
9.703,8.393,0.0,2664.69,7.5,95.907,0.8,,0,-94.671,4,30,5,859,0.5099
10.743,10.144,0.0309,2779.75,7.5,97.022,0.85,,1,-94.44,4,30,8,959,0.5109
10.686,10.16,0.0,2758.31,7.5,96.577,0.9,,2,-94.483,4,30,9,769,0.5059
10.564,9.844,0.0,3979.38,7.5,96.934,0.95,,4,-92.041,4,30,13,933,0.5155
10.845,10.212,0.0,4509.63,7.5,94.414,1.0,,6,-90.981,4,30,13,669,0.5097
9.713,8.531,0.0,2232.87,7.5,96.806,0.8,,0,-95.534,5,30,4,574,0.5035
9.846,8.606,0.0483,2114.31,7.5,97.884,0.85,,1,-95.771,5,30,6,676,0.5104
10.309,9.926,0.0,2155.44,7.5,97.519,0.9,,1,-95.689,5,30,7,628,0.5048
10.591,9.975,0.0,1813.31,7.5,98.587,0.95,,3,-96.373,5,30,12,898,0.5145
10.842,10.257,0.0,2189.13,7.5,97.332,1.0,,3,-95.622,5,30,9,422,0.4929
9.715,8.642,0.0,1798.87,7.5,97.567,0.8,,0,-96.402,6,30,4,549,0.5046
9.866,8.654,0.0,1602.44,7.5,98.455,0.85,,0,-96.795,6,30,6,664,0.5136
9.698,8.553,0.0,1810.25,7.5,98.069,0.9,,1,-96.379,6,30,6,519,0.5106
10.21,9.75,0.0,1795.81,7.5,98.806,0.95,,1,-96.408,6,30,7,480,0.4938
10.428,9.507,0.0,1691.25,7.5,98.115,1.0,,3,-96.617,6,30,7,346,0.4855
9.806,8.236,0.0,1552.56,7.5,98.012,0.8,,0,-96.895,7,30,3,348,0.5086
9.693,8.655,0.0,1574.0,7.5,98.45,0.85,,0,-96.852,7,30,5,560,0.5143
9.721,8.584,0.0,1264.69,7.5,98.682,0.9,,1,-97.471,7,30,6,508,0.5157
10.221,9.75,0.0,1150.5,7.5,99.316,0.95,,1,-97.699,7,30,7,479,0.4948
10.344,9.505,0.0,1229.25,7.5,98.711,1.0,,3,-97.541,7,30,7,341,0.4897
9.779,8.386,0.0,1421.31,7.5,98.231,0.8,,0,-97.157,8,30,3,333,0.5105
9.664,8.655,0.0,1497.87,7.5,98.458,0.85,,0,-97.004,8,30,5,559,0.5152
9.721,8.584,0.0,1015.75,7.5,98.956,0.9,,1,-97.968,8,30,6,508,0.5157
9.837,9.223,0.0,1480.81,7.5,99.165,0.95,,1,-97.038,8,30,6,405,0.4988
9.82,9.35,0.0,1486.94,7.5,98.469,1.0,,3,-97.026,8,30,7,327,0.4924
9.779,8.386,0.0,1421.31,7.5,98.231,0.8,,0,-97.157,9,30,3,333,0.5105
9.664,8.655,0.0,1497.87,7.5,98.458,0.85,,0,-97.004,9,30,5,559,0.5152
9.721,8.584,0.0,1015.75,7.5,98.956,0.9,,1,-97.968,9,30,6,508,0.5157
9.837,9.223,0.0,1480.81,7.5,99.165,0.95,,1,-97.038,9,30,6,405,0.4988
9.82,9.35,0.0,1486.94,7.5,98.469,1.0,,3,-97.026,9,30,7,327,0.4924
9.779,8.386,0.0,1421.31,7.5,98.231,0.8,,0,-97.157,10,30,3,333,0.5105
9.664,8.655,0.0,1497.87,7.5,98.458,0.85,,0,-97.004,10,30,5,559,0.5152
9.721,8.584,0.0,1015.75,7.5,98.956,0.9,,1,-97.968,10,30,6,508,0.5157
9.837,9.223,0.0,1480.81,7.5,99.165,0.95,,1,-97.038,10,30,6,405,0.4988
9.82,9.35,0.0,1486.94,7.5,98.469,1.0,,3,-97.026,10,30,7,327,0.4924
10.267,9.541,0.0805,22460.69,7.5,59.999,0.8,,4,-55.079,1,35,13,2371,0.5078
10.54,9.84,0.1205,32184.12,7.5,49.096,0.85,,5,-35.632,1,35,13,1592,0.5113
10.527,9.809,0.0072,37370.25,7.5,39.466,0.9,,6,-25.26,1,35,13,1233,0.515
10.564,9.844,0.0,41512.94,7.5,41.495,0.95,,7,-16.974,1,35,13,933,0.5155
10.845,10.212,0.0,40982.25,7.5,37.383,1.0,,7,-18.035,1,35,13,669,0.5097
10.278,9.653,0.0737,5512.81,7.5,90.383,0.8,,3,-88.974,2,35,13,2333,0.5036
10.54,9.84,0.058,10870.87,7.5,85.926,0.85,,3,-78.258,2,35,13,1592,0.5113
10.527,9.809,0.0,18474.19,7.5,75.192,0.9,,3,-63.052,2,35,13,1233,0.515
10.564,9.844,0.0,26372.81,7.5,70.581,0.95,,5,-47.254,2,35,13,933,0.5155
10.845,10.212,0.0,27003.25,7.5,66.196,1.0,,7,-45.993,2,35,13,669,0.5097
10.095,9.605,0.0394,3703.75,7.5,93.934,0.8,,1,-92.593,3,35,8,1351,0.5004
10.559,9.914,0.0379,3660.88,7.5,95.715,0.85,,3,-92.678,3,35,13,1567,0.5086
10.527,9.809,0.0,4860.5,7.5,94.634,0.9,,4,-90.279,3,35,13,1233,0.515
10.564,9.844,0.0,11013.94,7.5,89.18,0.95,,4,-77.972,3,35,13,933,0.5155
10.845,10.212,0.0,14216.44,7.5,83.392,1.0,,6,-71.567,3,35,13,669,0.5097
9.703,8.393,0.0,2664.69,7.5,95.907,0.8,,0,-94.671,4,35,5,859,0.5099
10.743,10.144,0.0309,2779.75,7.5,97.022,0.85,,1,-94.44,4,35,8,959,0.5109
10.686,10.16,0.0,2758.31,7.5,96.577,0.9,,2,-94.483,4,35,9,769,0.5059
10.564,9.844,0.0,3979.38,7.5,96.934,0.95,,4,-92.041,4,35,13,933,0.5155
10.845,10.212,0.0,4509.63,7.5,94.414,1.0,,6,-90.981,4,35,13,669,0.5097
9.713,8.531,0.0,2232.87,7.5,96.806,0.8,,0,-95.534,5,35,4,574,0.5035
9.846,8.606,0.0483,2114.31,7.5,97.884,0.85,,1,-95.771,5,35,6,676,0.5104
10.309,9.926,0.0,2155.44,7.5,97.519,0.9,,1,-95.689,5,35,7,628,0.5048
10.591,9.975,0.0,1813.31,7.5,98.587,0.95,,3,-96.373,5,35,12,898,0.5145
10.842,10.257,0.0,2189.13,7.5,97.332,1.0,,3,-95.622,5,35,9,422,0.4929
9.715,8.642,0.0,1798.87,7.5,97.567,0.8,,0,-96.402,6,35,4,549,0.5046
9.866,8.654,0.0,1602.44,7.5,98.455,0.85,,0,-96.795,6,35,6,664,0.5136
9.698,8.553,0.0,1810.25,7.5,98.069,0.9,,1,-96.379,6,35,6,519,0.5106
10.21,9.75,0.0,1795.81,7.5,98.806,0.95,,1,-96.408,6,35,7,480,0.4938
10.428,9.507,0.0,1691.25,7.5,98.115,1.0,,3,-96.617,6,35,7,346,0.4855
9.806,8.236,0.0,1552.56,7.5,98.012,0.8,,0,-96.895,7,35,3,348,0.5086
9.693,8.655,0.0,1574.0,7.5,98.45,0.85,,0,-96.852,7,35,5,560,0.5143
9.721,8.584,0.0,1264.69,7.5,98.682,0.9,,1,-97.471,7,35,6,508,0.5157
10.221,9.75,0.0,1150.5,7.5,99.316,0.95,,1,-97.699,7,35,7,479,0.4948
10.344,9.505,0.0,1229.25,7.5,98.711,1.0,,3,-97.541,7,35,7,341,0.4897
9.779,8.386,0.0,1421.31,7.5,98.231,0.8,,0,-97.157,8,35,3,333,0.5105
9.664,8.655,0.0,1497.87,7.5,98.458,0.85,,0,-97.004,8,35,5,559,0.5152
9.721,8.584,0.0,1015.75,7.5,98.956,0.9,,1,-97.968,8,35,6,508,0.5157
9.837,9.223,0.0,1480.81,7.5,99.165,0.95,,1,-97.038,8,35,6,405,0.4988
9.82,9.35,0.0,1486.94,7.5,98.469,1.0,,3,-97.026,8,35,7,327,0.4924
9.779,8.386,0.0,1421.31,7.5,98.231,0.8,,0,-97.157,9,35,3,333,0.5105
9.664,8.655,0.0,1497.87,7.5,98.458,0.85,,0,-97.004,9,35,5,559,0.5152
9.721,8.584,0.0,1015.75,7.5,98.956,0.9,,1,-97.968,9,35,6,508,0.5157
9.837,9.223,0.0,1480.81,7.5,99.165,0.95,,1,-97.038,9,35,6,405,0.4988
9.82,9.35,0.0,1486.94,7.5,98.469,1.0,,3,-97.026,9,35,7,327,0.4924
9.779,8.386,0.0,1421.31,7.5,98.231,0.8,,0,-97.157,10,35,3,333,0.5105
9.664,8.655,0.0,1497.87,7.5,98.458,0.85,,0,-97.004,10,35,5,559,0.5152
9.721,8.584,0.0,1015.75,7.5,98.956,0.9,,1,-97.968,10,35,6,508,0.5157
9.837,9.223,0.0,1480.81,7.5,99.165,0.95,,1,-97.038,10,35,6,405,0.4988
9.82,9.35,0.0,1486.94,7.5,98.469,1.0,,3,-97.026,10,35,7,327,0.4924
10.267,9.541,0.0805,22460.69,7.5,59.999,0.8,,4,-55.079,1,40,13,2371,0.5078
10.54,9.84,0.1205,32184.12,7.5,49.096,0.85,,5,-35.632,1,40,13,1592,0.5113
10.527,9.809,0.0072,37370.25,7.5,39.466,0.9,,6,-25.26,1,40,13,1233,0.515
10.564,9.844,0.0,41512.94,7.5,41.495,0.95,,7,-16.974,1,40,13,933,0.5155
10.845,10.212,0.0,40982.25,7.5,37.383,1.0,,7,-18.035,1,40,13,669,0.5097
10.278,9.653,0.0737,5512.81,7.5,90.383,0.8,,3,-88.974,2,40,13,2333,0.5036
10.54,9.84,0.058,10870.87,7.5,85.926,0.85,,3,-78.258,2,40,13,1592,0.5113
10.527,9.809,0.0,18474.19,7.5,75.192,0.9,,3,-63.052,2,40,13,1233,0.515
10.564,9.844,0.0,26372.81,7.5,70.581,0.95,,5,-47.254,2,40,13,933,0.5155
10.845,10.212,0.0,27003.25,7.5,66.196,1.0,,7,-45.993,2,40,13,669,0.5097
10.095,9.605,0.0394,3703.75,7.5,93.934,0.8,,1,-92.593,3,40,8,1351,0.5004
10.559,9.914,0.0379,3660.88,7.5,95.715,0.85,,3,-92.678,3,40,13,1567,0.5086
10.527,9.809,0.0,4860.5,7.5,94.634,0.9,,4,-90.279,3,40,13,1233,0.515
10.564,9.844,0.0,11013.94,7.5,89.18,0.95,,4,-77.972,3,40,13,933,0.5155
10.845,10.212,0.0,14216.44,7.5,83.392,1.0,,6,-71.567,3,40,13,669,0.5097
9.703,8.393,0.0,2664.69,7.5,95.907,0.8,,0,-94.671,4,40,5,859,0.5099
10.743,10.144,0.0309,2779.75,7.5,97.022,0.85,,1,-94.44,4,40,8,959,0.5109
10.686,10.16,0.0,2758.31,7.5,96.577,0.9,,2,-94.483,4,40,9,769,0.5059
10.564,9.844,0.0,3979.38,7.5,96.934,0.95,,4,-92.041,4,40,13,933,0.5155
10.845,10.212,0.0,4509.63,7.5,94.414,1.0,,6,-90.981,4,40,13,669,0.5097
9.713,8.531,0.0,2232.87,7.5,96.806,0.8,,0,-95.534,5,40,4,574,0.5035
9.846,8.606,0.0483,2114.31,7.5,97.884,0.85,,1,-95.771,5,40,6,676,0.5104
10.309,9.926,0.0,2155.44,7.5,97.519,0.9,,1,-95.689,5,40,7,628,0.5048
10.591,9.975,0.0,1813.31,7.5,98.587,0.95,,3,-96.373,5,40,12,898,0.5145
10.842,10.257,0.0,2189.13,7.5,97.332,1.0,,3,-95.622,5,40,9,422,0.4929
9.715,8.642,0.0,1798.87,7.5,97.567,0.8,,0,-96.402,6,40,4,549,0.5046
9.866,8.654,0.0,1602.44,7.5,98.455,0.85,,0,-96.795,6,40,6,664,0.5136
9.698,8.553,0.0,1810.25,7.5,98.069,0.9,,1,-96.379,6,40,6,519,0.5106
10.21,9.75,0.0,1795.81,7.5,98.806,0.95,,1,-96.408,6,40,7,480,0.4938
10.428,9.507,0.0,1691.25,7.5,98.115,1.0,,3,-96.617,6,40,7,346,0.4855
9.806,8.236,0.0,1552.56,7.5,98.012,0.8,,0,-96.895,7,40,3,348,0.5086
9.693,8.655,0.0,1574.0,7.5,98.45,0.85,,0,-96.852,7,40,5,560,0.5143
9.721,8.584,0.0,1264.69,7.5,98.682,0.9,,1,-97.471,7,40,6,508,0.5157
10.221,9.75,0.0,1150.5,7.5,99.316,0.95,,1,-97.699,7,40,7,479,0.4948
10.344,9.505,0.0,1229.25,7.5,98.711,1.0,,3,-97.541,7,40,7,341,0.4897
9.779,8.386,0.0,1421.31,7.5,98.231,0.8,,0,-97.157,8,40,3,333,0.5105
9.664,8.655,0.0,1497.87,7.5,98.458,0.85,,0,-97.004,8,40,5,559,0.5152
9.721,8.584,0.0,1015.75,7.5,98.956,0.9,,1,-97.968,8,40,6,508,0.5157
9.837,9.223,0.0,1480.81,7.5,99.165,0.95,,1,-97.038,8,40,6,405,0.4988
9.82,9.35,0.0,1486.94,7.5,98.469,1.0,,3,-97.026,8,40,7,327,0.4924
9.779,8.386,0.0,1421.31,7.5,98.231,0.8,,0,-97.157,9,40,3,333,0.5105
9.664,8.655,0.0,1497.87,7.5,98.458,0.85,,0,-97.004,9,40,5,559,0.5152
9.721,8.584,0.0,1015.75,7.5,98.956,0.9,,1,-97.968,9,40,6,508,0.5157
9.837,9.223,0.0,1480.81,7.5,99.165,0.95,,1,-97.038,9,40,6,405,0.4988
9.82,9.35,0.0,1486.94,7.5,98.469,1.0,,3,-97.026,9,40,7,327,0.4924
9.779,8.386,0.0,1421.31,7.5,98.231,0.8,,0,-97.157,10,40,3,333,0.5105
9.664,8.655,0.0,1497.87,7.5,98.458,0.85,,0,-97.004,10,40,5,559,0.5152
9.721,8.584,0.0,1015.75,7.5,98.956,0.9,,1,-97.968,10,40,6,508,0.5157
9.837,9.223,0.0,1480.81,7.5,99.165,0.95,,1,-97.038,10,40,6,405,0.4988
9.82,9.35,0.0,1486.94,7.5,98.469,1.0,,3,-97.026,10,40,7,327,0.4924
10.267,9.541,0.0805,22460.69,7.5,59.999,0.8,,4,-55.079,1,45,13,2371,0.5078
10.54,9.84,0.1205,32184.12,7.5,49.096,0.85,,5,-35.632,1,45,13,1592,0.5113
10.527,9.809,0.0072,37370.25,7.5,39.466,0.9,,6,-25.26,1,45,13,1233,0.515
10.564,9.844,0.0,41512.94,7.5,41.495,0.95,,7,-16.974,1,45,13,933,0.5155
10.845,10.212,0.0,40982.25,7.5,37.383,1.0,,7,-18.035,1,45,13,669,0.5097
10.278,9.653,0.0737,5512.81,7.5,90.383,0.8,,3,-88.974,2,45,13,2333,0.5036
10.54,9.84,0.058,10870.87,7.5,85.926,0.85,,3,-78.258,2,45,13,1592,0.5113
10.527,9.809,0.0,18474.19,7.5,75.192,0.9,,3,-63.052,2,45,13,1233,0.515
10.564,9.844,0.0,26372.81,7.5,70.581,0.95,,5,-47.254,2,45,13,933,0.5155
10.845,10.212,0.0,27003.25,7.5,66.196,1.0,,7,-45.993,2,45,13,669,0.5097
10.095,9.605,0.0394,3703.75,7.5,93.934,0.8,,1,-92.593,3,45,8,1351,0.5004
10.559,9.914,0.0379,3660.88,7.5,95.715,0.85,,3,-92.678,3,45,13,1567,0.5086
10.527,9.809,0.0,4860.5,7.5,94.634,0.9,,4,-90.279,3,45,13,1233,0.515
10.564,9.844,0.0,11013.94,7.5,89.18,0.95,,4,-77.972,3,45,13,933,0.5155
10.845,10.212,0.0,14216.44,7.5,83.392,1.0,,6,-71.567,3,45,13,669,0.5097
9.703,8.393,0.0,2664.69,7.5,95.907,0.8,,0,-94.671,4,45,5,859,0.5099
10.743,10.144,0.0309,2779.75,7.5,97.022,0.85,,1,-94.44,4,45,8,959,0.5109
10.686,10.16,0.0,2758.31,7.5,96.577,0.9,,2,-94.483,4,45,9,769,0.5059
10.564,9.844,0.0,3979.38,7.5,96.934,0.95,,4,-92.041,4,45,13,933,0.5155
10.845,10.212,0.0,4509.63,7.5,94.414,1.0,,6,-90.981,4,45,13,669,0.5097
9.713,8.531,0.0,2232.87,7.5,96.806,0.8,,0,-95.534,5,45,4,574,0.5035
9.846,8.606,0.0483,2114.31,7.5,97.884,0.85,,1,-95.771,5,45,6,676,0.5104
10.309,9.926,0.0,2155.44,7.5,97.519,0.9,,1,-95.689,5,45,7,628,0.5048
10.591,9.975,0.0,1813.31,7.5,98.587,0.95,,3,-96.373,5,45,12,898,0.5145
10.842,10.257,0.0,2189.13,7.5,97.332,1.0,,3,-95.622,5,45,9,422,0.4929
9.715,8.642,0.0,1798.87,7.5,97.567,0.8,,0,-96.402,6,45,4,549,0.5046
9.866,8.654,0.0,1602.44,7.5,98.455,0.85,,0,-96.795,6,45,6,664,0.5136
9.698,8.553,0.0,1810.25,7.5,98.069,0.9,,1,-96.379,6,45,6,519,0.5106
10.21,9.75,0.0,1795.81,7.5,98.806,0.95,,1,-96.408,6,45,7,480,0.4938
10.428,9.507,0.0,1691.25,7.5,98.115,1.0,,3,-96.617,6,45,7,346,0.4855
9.806,8.236,0.0,1552.56,7.5,98.012,0.8,,0,-96.895,7,45,3,348,0.5086
9.693,8.655,0.0,1574.0,7.5,98.45,0.85,,0,-96.852,7,45,5,560,0.5143
9.721,8.584,0.0,1264.69,7.5,98.682,0.9,,1,-97.471,7,45,6,508,0.5157
10.221,9.75,0.0,1150.5,7.5,99.316,0.95,,1,-97.699,7,45,7,479,0.4948
10.344,9.505,0.0,1229.25,7.5,98.711,1.0,,3,-97.541,7,45,7,341,0.4897
9.779,8.386,0.0,1421.31,7.5,98.231,0.8,,0,-97.157,8,45,3,333,0.5105
9.664,8.655,0.0,1497.87,7.5,98.458,0.85,,0,-97.004,8,45,5,559,0.5152
9.721,8.584,0.0,1015.75,7.5,98.956,0.9,,1,-97.968,8,45,6,508,0.5157
9.837,9.223,0.0,1480.81,7.5,99.165,0.95,,1,-97.038,8,45,6,405,0.4988
9.82,9.35,0.0,1486.94,7.5,98.469,1.0,,3,-97.026,8,45,7,327,0.4924
9.779,8.386,0.0,1421.31,7.5,98.231,0.8,,0,-97.157,9,45,3,333,0.5105
9.664,8.655,0.0,1497.87,7.5,98.458,0.85,,0,-97.004,9,45,5,559,0.5152
9.721,8.584,0.0,1015.75,7.5,98.956,0.9,,1,-97.968,9,45,6,508,0.5157
9.837,9.223,0.0,1480.81,7.5,99.165,0.95,,1,-97.038,9,45,6,405,0.4988
9.82,9.35,0.0,1486.94,7.5,98.469,1.0,,3,-97.026,9,45,7,327,0.4924
9.779,8.386,0.0,1421.31,7.5,98.231,0.8,,0,-97.157,10,45,3,333,0.5105
9.664,8.655,0.0,1497.87,7.5,98.458,0.85,,0,-97.004,10,45,5,559,0.5152
9.721,8.584,0.0,1015.75,7.5,98.956,0.9,,1,-97.968,10,45,6,508,0.5157
9.837,9.223,0.0,1480.81,7.5,99.165,0.95,,1,-97.038,10,45,6,405,0.4988
9.82,9.35,0.0,1486.94,7.5,98.469,1.0,,3,-97.026,10,45,7,327,0.4924
10.267,9.541,0.0805,22460.69,7.5,59.999,0.8,,4,-55.079,1,50,13,2371,0.5078
10.54,9.84,0.1205,32184.12,7.5,49.096,0.85,,5,-35.632,1,50,13,1592,0.5113
10.527,9.809,0.0072,37370.25,7.5,39.466,0.9,,6,-25.26,1,50,13,1233,0.515
10.564,9.844,0.0,41512.94,7.5,41.495,0.95,,7,-16.974,1,50,13,933,0.5155
10.845,10.212,0.0,40982.25,7.5,37.383,1.0,,7,-18.035,1,50,13,669,0.5097
10.278,9.653,0.0737,5512.81,7.5,90.383,0.8,,3,-88.974,2,50,13,2333,0.5036
10.54,9.84,0.058,10870.87,7.5,85.926,0.85,,3,-78.258,2,50,13,1592,0.5113
10.527,9.809,0.0,18474.19,7.5,75.192,0.9,,3,-63.052,2,50,13,1233,0.515
10.564,9.844,0.0,26372.81,7.5,70.581,0.95,,5,-47.254,2,50,13,933,0.5155
10.845,10.212,0.0,27003.25,7.5,66.196,1.0,,7,-45.993,2,50,13,669,0.5097
10.095,9.605,0.0394,3703.75,7.5,93.934,0.8,,1,-92.593,3,50,8,1351,0.5004
10.559,9.914,0.0379,3660.88,7.5,95.715,0.85,,3,-92.678,3,50,13,1567,0.5086
10.527,9.809,0.0,4860.5,7.5,94.634,0.9,,4,-90.279,3,50,13,1233,0.515
10.564,9.844,0.0,11013.94,7.5,89.18,0.95,,4,-77.972,3,50,13,933,0.5155
10.845,10.212,0.0,14216.44,7.5,83.392,1.0,,6,-71.567,3,50,13,669,0.5097
9.703,8.393,0.0,2664.69,7.5,95.907,0.8,,0,-94.671,4,50,5,859,0.5099
10.743,10.144,0.0309,2779.75,7.5,97.022,0.85,,1,-94.44,4,50,8,959,0.5109
10.686,10.16,0.0,2758.31,7.5,96.577,0.9,,2,-94.483,4,50,9,769,0.5059
10.564,9.844,0.0,3979.38,7.5,96.934,0.95,,4,-92.041,4,50,13,933,0.5155
10.845,10.212,0.0,4509.63,7.5,94.414,1.0,,6,-90.981,4,50,13,669,0.5097
9.713,8.531,0.0,2232.87,7.5,96.806,0.8,,0,-95.534,5,50,4,574,0.5035
9.846,8.606,0.0483,2114.31,7.5,97.884,0.85,,1,-95.771,5,50,6,676,0.5104
10.309,9.926,0.0,2155.44,7.5,97.519,0.9,,1,-95.689,5,50,7,628,0.5048
10.591,9.975,0.0,1813.31,7.5,98.587,0.95,,3,-96.373,5,50,12,898,0.5145
10.842,10.257,0.0,2189.13,7.5,97.332,1.0,,3,-95.622,5,50,9,422,0.4929
9.715,8.642,0.0,1798.87,7.5,97.567,0.8,,0,-96.402,6,50,4,549,0.5046
9.866,8.654,0.0,1602.44,7.5,98.455,0.85,,0,-96.795,6,50,6,664,0.5136
9.698,8.553,0.0,1810.25,7.5,98.069,0.9,,1,-96.379,6,50,6,519,0.5106
10.21,9.75,0.0,1795.81,7.5,98.806,0.95,,1,-96.408,6,50,7,480,0.4938
10.428,9.507,0.0,1691.25,7.5,98.115,1.0,,3,-96.617,6,50,7,346,0.4855
9.806,8.236,0.0,1552.56,7.5,98.012,0.8,,0,-96.895,7,50,3,348,0.5086
9.693,8.655,0.0,1574.0,7.5,98.45,0.85,,0,-96.852,7,50,5,560,0.5143
9.721,8.584,0.0,1264.69,7.5,98.682,0.9,,1,-97.471,7,50,6,508,0.5157
10.221,9.75,0.0,1150.5,7.5,99.316,0.95,,1,-97.699,7,50,7,479,0.4948
10.344,9.505,0.0,1229.25,7.5,98.711,1.0,,3,-97.541,7,50,7,341,0.4897
9.779,8.386,0.0,1421.31,7.5,98.231,0.8,,0,-97.157,8,50,3,333,0.5105
9.664,8.655,0.0,1497.87,7.5,98.458,0.85,,0,-97.004,8,50,5,559,0.5152
9.721,8.584,0.0,1015.75,7.5,98.956,0.9,,1,-97.968,8,50,6,508,0.5157
9.837,9.223,0.0,1480.81,7.5,99.165,0.95,,1,-97.038,8,50,6,405,0.4988
9.82,9.35,0.0,1486.94,7.5,98.469,1.0,,3,-97.026,8,50,7,327,0.4924
9.779,8.386,0.0,1421.31,7.5,98.231,0.8,,0,-97.157,9,50,3,333,0.5105
9.664,8.655,0.0,1497.87,7.5,98.458,0.85,,0,-97.004,9,50,5,559,0.5152
9.721,8.584,0.0,1015.75,7.5,98.956,0.9,,1,-97.968,9,50,6,508,0.5157
9.837,9.223,0.0,1480.81,7.5,99.165,0.95,,1,-97.038,9,50,6,405,0.4988
9.82,9.35,0.0,1486.94,7.5,98.469,1.0,,3,-97.026,9,50,7,327,0.4924
9.779,8.386,0.0,1421.31,7.5,98.231,0.8,,0,-97.157,10,50,3,333,0.5105
9.664,8.655,0.0,1497.87,7.5,98.458,0.85,,0,-97.004,10,50,5,559,0.5152
9.721,8.584,0.0,1015.75,7.5,98.956,0.9,,1,-97.968,10,50,6,508,0.5157
9.837,9.223,0.0,1480.81,7.5,99.165,0.95,,1,-97.038,10,50,6,405,0.4988
9.82,9.35,0.0,1486.94,7.5,98.469,1.0,,3,-97.026,10,50,7,327,0.4924
10.267,9.541,0.0805,22460.69,7.5,59.999,0.8,,4,-55.079,1,55,13,2371,0.5078
10.54,9.84,0.1205,32184.12,7.5,49.096,0.85,,5,-35.632,1,55,13,1592,0.5113
10.527,9.809,0.0072,37370.25,7.5,39.466,0.9,,6,-25.26,1,55,13,1233,0.515
10.564,9.844,0.0,41512.94,7.5,41.495,0.95,,7,-16.974,1,55,13,933,0.5155
10.845,10.212,0.0,40982.25,7.5,37.383,1.0,,7,-18.035,1,55,13,669,0.5097
10.278,9.653,0.0737,5512.81,7.5,90.383,0.8,,3,-88.974,2,55,13,2333,0.5036
10.54,9.84,0.058,10870.87,7.5,85.926,0.85,,3,-78.258,2,55,13,1592,0.5113
10.527,9.809,0.0,18474.19,7.5,75.192,0.9,,3,-63.052,2,55,13,1233,0.515
10.564,9.844,0.0,26372.81,7.5,70.581,0.95,,5,-47.254,2,55,13,933,0.5155
10.845,10.212,0.0,27003.25,7.5,66.196,1.0,,7,-45.993,2,55,13,669,0.5097
10.095,9.605,0.0394,3703.75,7.5,93.934,0.8,,1,-92.593,3,55,8,1351,0.5004
10.559,9.914,0.0379,3660.88,7.5,95.715,0.85,,3,-92.678,3,55,13,1567,0.5086
10.527,9.809,0.0,4860.5,7.5,94.634,0.9,,4,-90.279,3,55,13,1233,0.515
10.564,9.844,0.0,11013.94,7.5,89.18,0.95,,4,-77.972,3,55,13,933,0.5155
10.845,10.212,0.0,14216.44,7.5,83.392,1.0,,6,-71.567,3,55,13,669,0.5097
9.703,8.393,0.0,2664.69,7.5,95.907,0.8,,0,-94.671,4,55,5,859,0.5099
10.743,10.144,0.0309,2779.75,7.5,97.022,0.85,,1,-94.44,4,55,8,959,0.5109
10.686,10.16,0.0,2758.31,7.5,96.577,0.9,,2,-94.483,4,55,9,769,0.5059
10.564,9.844,0.0,3979.38,7.5,96.934,0.95,,4,-92.041,4,55,13,933,0.5155
10.845,10.212,0.0,4509.63,7.5,94.414,1.0,,6,-90.981,4,55,13,669,0.5097
9.713,8.531,0.0,2232.87,7.5,96.806,0.8,,0,-95.534,5,55,4,574,0.5035
9.846,8.606,0.0483,2114.31,7.5,97.884,0.85,,1,-95.771,5,55,6,676,0.5104
10.309,9.926,0.0,2155.44,7.5,97.519,0.9,,1,-95.689,5,55,7,628,0.5048
10.591,9.975,0.0,1813.31,7.5,98.587,0.95,,3,-96.373,5,55,12,898,0.5145
10.842,10.257,0.0,2189.13,7.5,97.332,1.0,,3,-95.622,5,55,9,422,0.4929
9.715,8.642,0.0,1798.87,7.5,97.567,0.8,,0,-96.402,6,55,4,549,0.5046
9.866,8.654,0.0,1602.44,7.5,98.455,0.85,,0,-96.795,6,55,6,664,0.5136
9.698,8.553,0.0,1810.25,7.5,98.069,0.9,,1,-96.379,6,55,6,519,0.5106
10.21,9.75,0.0,1795.81,7.5,98.806,0.95,,1,-96.408,6,55,7,480,0.4938
10.428,9.507,0.0,1691.25,7.5,98.115,1.0,,3,-96.617,6,55,7,346,0.4855
9.806,8.236,0.0,1552.56,7.5,98.012,0.8,,0,-96.895,7,55,3,348,0.5086
9.693,8.655,0.0,1574.0,7.5,98.45,0.85,,0,-96.852,7,55,5,560,0.5143
9.721,8.584,0.0,1264.69,7.5,98.682,0.9,,1,-97.471,7,55,6,508,0.5157
10.221,9.75,0.0,1150.5,7.5,99.316,0.95,,1,-97.699,7,55,7,479,0.4948
10.344,9.505,0.0,1229.25,7.5,98.711,1.0,,3,-97.541,7,55,7,341,0.4897
9.779,8.386,0.0,1421.31,7.5,98.231,0.8,,0,-97.157,8,55,3,333,0.5105
9.664,8.655,0.0,1497.87,7.5,98.458,0.85,,0,-97.004,8,55,5,559,0.5152
9.721,8.584,0.0,1015.75,7.5,98.956,0.9,,1,-97.968,8,55,6,508,0.5157
9.837,9.223,0.0,1480.81,7.5,99.165,0.95,,1,-97.038,8,55,6,405,0.4988
9.82,9.35,0.0,1486.94,7.5,98.469,1.0,,3,-97.026,8,55,7,327,0.4924
9.779,8.386,0.0,1421.31,7.5,98.231,0.8,,0,-97.157,9,55,3,333,0.5105
9.664,8.655,0.0,1497.87,7.5,98.458,0.85,,0,-97.004,9,55,5,559,0.5152
9.721,8.584,0.0,1015.75,7.5,98.956,0.9,,1,-97.968,9,55,6,508,0.5157
9.837,9.223,0.0,1480.81,7.5,99.165,0.95,,1,-97.038,9,55,6,405,0.4988
9.82,9.35,0.0,1486.94,7.5,98.469,1.0,,3,-97.026,9,55,7,327,0.4924
9.779,8.386,0.0,1421.31,7.5,98.231,0.8,,0,-97.157,10,55,3,333,0.5105
9.664,8.655,0.0,1497.87,7.5,98.458,0.85,,0,-97.004,10,55,5,559,0.5152
9.721,8.584,0.0,1015.75,7.5,98.956,0.9,,1,-97.968,10,55,6,508,0.5157
9.837,9.223,0.0,1480.81,7.5,99.165,0.95,,1,-97.038,10,55,6,405,0.4988
9.82,9.35,0.0,1486.94,7.5,98.469,1.0,,3,-97.026,10,55,7,327,0.4924
10.267,9.541,0.0805,22460.69,7.5,59.999,0.8,,4,-55.079,1,60,13,2371,0.5078
10.54,9.84,0.1205,32184.12,7.5,49.096,0.85,,5,-35.632,1,60,13,1592,0.5113
10.527,9.809,0.0072,37370.25,7.5,39.466,0.9,,6,-25.26,1,60,13,1233,0.515
10.564,9.844,0.0,41512.94,7.5,41.495,0.95,,7,-16.974,1,60,13,933,0.5155
10.845,10.212,0.0,40982.25,7.5,37.383,1.0,,7,-18.035,1,60,13,669,0.5097
10.278,9.653,0.0737,5512.81,7.5,90.383,0.8,,3,-88.974,2,60,13,2333,0.5036
10.54,9.84,0.058,10870.87,7.5,85.926,0.85,,3,-78.258,2,60,13,1592,0.5113
10.527,9.809,0.0,18474.19,7.5,75.192,0.9,,3,-63.052,2,60,13,1233,0.515
10.564,9.844,0.0,26372.81,7.5,70.581,0.95,,5,-47.254,2,60,13,933,0.5155
10.845,10.212,0.0,27003.25,7.5,66.196,1.0,,7,-45.993,2,60,13,669,0.5097
10.095,9.605,0.0394,3703.75,7.5,93.934,0.8,,1,-92.593,3,60,8,1351,0.5004
10.559,9.914,0.0379,3660.88,7.5,95.715,0.85,,3,-92.678,3,60,13,1567,0.5086
10.527,9.809,0.0,4860.5,7.5,94.634,0.9,,4,-90.279,3,60,13,1233,0.515
10.564,9.844,0.0,11013.94,7.5,89.18,0.95,,4,-77.972,3,60,13,933,0.5155
10.845,10.212,0.0,14216.44,7.5,83.392,1.0,,6,-71.567,3,60,13,669,0.5097
9.703,8.393,0.0,2664.69,7.5,95.907,0.8,,0,-94.671,4,60,5,859,0.5099
10.743,10.144,0.0309,2779.75,7.5,97.022,0.85,,1,-94.44,4,60,8,959,0.5109
10.686,10.16,0.0,2758.31,7.5,96.577,0.9,,2,-94.483,4,60,9,769,0.5059
10.564,9.844,0.0,3979.38,7.5,96.934,0.95,,4,-92.041,4,60,13,933,0.5155
10.845,10.212,0.0,4509.63,7.5,94.414,1.0,,6,-90.981,4,60,13,669,0.5097
9.713,8.531,0.0,2232.87,7.5,96.806,0.8,,0,-95.534,5,60,4,574,0.5035
9.846,8.606,0.0483,2114.31,7.5,97.884,0.85,,1,-95.771,5,60,6,676,0.5104
10.309,9.926,0.0,2155.44,7.5,97.519,0.9,,1,-95.689,5,60,7,628,0.5048
10.591,9.975,0.0,1813.31,7.5,98.587,0.95,,3,-96.373,5,60,12,898,0.5145
10.842,10.257,0.0,2189.13,7.5,97.332,1.0,,3,-95.622,5,60,9,422,0.4929
9.715,8.642,0.0,1798.87,7.5,97.567,0.8,,0,-96.402,6,60,4,549,0.5046
9.866,8.654,0.0,1602.44,7.5,98.455,0.85,,0,-96.795,6,60,6,664,0.5136
9.698,8.553,0.0,1810.25,7.5,98.069,0.9,,1,-96.379,6,60,6,519,0.5106
10.21,9.75,0.0,1795.81,7.5,98.806,0.95,,1,-96.408,6,60,7,480,0.4938
10.428,9.507,0.0,1691.25,7.5,98.115,1.0,,3,-96.617,6,60,7,346,0.4855
9.806,8.236,0.0,1552.56,7.5,98.012,0.8,,0,-96.895,7,60,3,348,0.5086
9.693,8.655,0.0,1574.0,7.5,98.45,0.85,,0,-96.852,7,60,5,560,0.5143
9.721,8.584,0.0,1264.69,7.5,98.682,0.9,,1,-97.471,7,60,6,508,0.5157
10.221,9.75,0.0,1150.5,7.5,99.316,0.95,,1,-97.699,7,60,7,479,0.4948
10.344,9.505,0.0,1229.25,7.5,98.711,1.0,,3,-97.541,7,60,7,341,0.4897
9.779,8.386,0.0,1421.31,7.5,98.231,0.8,,0,-97.157,8,60,3,333,0.5105
9.664,8.655,0.0,1497.87,7.5,98.458,0.85,,0,-97.004,8,60,5,559,0.5152
9.721,8.584,0.0,1015.75,7.5,98.956,0.9,,1,-97.968,8,60,6,508,0.5157
9.837,9.223,0.0,1480.81,7.5,99.165,0.95,,1,-97.038,8,60,6,405,0.4988
9.82,9.35,0.0,1486.94,7.5,98.469,1.0,,3,-97.026,8,60,7,327,0.4924
9.779,8.386,0.0,1421.31,7.5,98.231,0.8,,0,-97.157,9,60,3,333,0.5105
9.664,8.655,0.0,1497.87,7.5,98.458,0.85,,0,-97.004,9,60,5,559,0.5152
9.721,8.584,0.0,1015.75,7.5,98.956,0.9,,1,-97.968,9,60,6,508,0.5157
9.837,9.223,0.0,1480.81,7.5,99.165,0.95,,1,-97.038,9,60,6,405,0.4988
9.82,9.35,0.0,1486.94,7.5,98.469,1.0,,3,-97.026,9,60,7,327,0.4924
9.779,8.386,0.0,1421.31,7.5,98.231,0.8,,0,-97.157,10,60,3,333,0.5105
9.664,8.655,0.0,1497.87,7.5,98.458,0.85,,0,-97.004,10,60,5,559,0.5152
9.721,8.584,0.0,1015.75,7.5,98.956,0.9,,1,-97.968,10,60,6,508,0.5157
9.837,9.223,0.0,1480.81,7.5,99.165,0.95,,1,-97.038,10,60,6,405,0.4988
9.82,9.35,0.0,1486.94,7.5,98.469,1.0,,3,-97.026,10,60,7,327,0.4924
9.025,9.492,0.0,30914.06,8.0,56.428,0.8,,4,-38.172,1,5,13,2399,0.4806
9.246,9.934,0.0,40165.0,8.0,48.076,0.85,,6,-19.67,1,5,13,1606,0.4851
9.027,9.966,0.0,50072.19,8.0,39.395,0.9,,9,0.144,1,5,13,1242,0.4823
9.146,9.982,0.0,49567.75,8.0,42.826,0.95,,8,-0.864,1,5,13,941,0.4825
9.759,10.361,0.0,45110.06,8.0,39.463,1.0,,10,-9.78,1,5,13,669,0.4828
9.025,9.492,0.0,10010.75,8.0,88.457,0.8,,3,-79.978,2,5,13,2399,0.4806
9.246,9.934,0.0,21629.88,8.0,80.075,0.85,,6,-56.74,2,5,13,1606,0.4851
9.027,9.966,0.0,33982.69,8.0,75.057,0.9,,7,-32.035,2,5,13,1242,0.4823
9.146,9.982,0.0,35995.19,8.0,73.876,0.95,,8,-28.01,2,5,13,941,0.4825
9.759,10.361,0.0,31064.56,8.0,68.014,1.0,,8,-37.871,2,5,13,669,0.4828
9.03,9.565,0.0,3994.25,8.0,95.326,0.8,,1,-92.011,3,5,7,1329,0.471
9.246,9.934,0.0,8582.75,8.0,92.783,0.85,,6,-82.834,3,5,13,1606,0.4851
9.027,9.966,0.0,18076.94,8.0,89.173,0.9,,7,-63.846,3,5,13,1242,0.4823
9.146,9.982,0.0,20333.13,8.0,86.947,0.95,,7,-59.334,3,5,13,941,0.4825
9.759,10.361,0.0,17564.19,8.0,83.827,1.0,,10,-64.872,3,5,13,669,0.4828
8.232,8.305,0.0,2960.0,8.0,96.962,0.8,,1,-94.08,4,5,6,1017,0.473
9.509,9.923,0.0,1941.06,8.0,97.821,0.85,,1,-96.118,4,5,7,868,0.4689
9.027,9.966,0.0,6084.63,8.0,95.457,0.9,,5,-87.831,4,5,13,1242,0.4823
9.146,9.982,0.0,7622.88,8.0,95.109,0.95,,6,-84.754,4,5,13,941,0.4825
9.759,10.361,0.0,7751.94,8.0,92.422,1.0,,7,-84.496,4,5,13,669,0.4828
8.097,8.338,0.0,2379.44,8.0,97.875,0.8,,1,-95.241,5,5,5,884,0.4683
8.482,8.598,0.0,2198.75,8.0,97.741,0.85,,1,-95.602,5,5,6,689,0.4688
8.856,10.072,0.0,2316.44,8.0,97.386,0.9,,1,-95.367,5,5,7,623,0.4575
9.142,9.999,0.0,2217.13,8.0,97.917,0.95,,2,-95.566,5,5,7,490,0.4429
9.759,10.361,0.0,3616.25,8.0,96.106,1.0,,6,-92.767,5,5,13,669,0.4828
8.189,8.193,0.0,1766.94,8.0,98.556,0.8,,1,-96.466,6,5,4,566,0.4664
8.413,8.761,0.0,1964.25,8.0,98.168,0.85,,1,-96.071,6,5,5,612,0.469
8.321,8.719,0.0,1916.56,8.0,97.975,0.9,,1,-96.167,6,5,6,549,0.4572
9.066,9.999,0.0,1819.44,8.0,98.479,0.95,,2,-96.361,6,5,7,485,0.4454
9.464,9.822,0.0,1855.31,8.0,97.793,1.0,,3,-96.289,6,5,7,344,0.4419
8.2,8.247,0.0,1653.63,8.0,98.789,0.8,,1,-96.693,7,5,3,510,0.4706
8.295,8.67,0.0,1707.88,8.0,98.493,0.85,,1,-96.584,7,5,5,589,0.4686
8.254,8.724,0.0,1676.38,8.0,98.312,0.9,,1,-96.647,7,5,6,516,0.4651
8.67,9.853,0.0,1541.19,8.0,98.825,0.95,,2,-96.918,7,5,7,474,0.4451
9.433,9.822,0.0,906.81,8.0,98.997,1.0,,3,-98.186,7,5,7,342,0.4444
8.246,7.582,0.0,1416.06,8.0,99.02,0.8,,0,-97.168,8,5,3,357,0.4762
8.478,8.488,0.0,1424.81,8.0,98.81,0.85,,1,-97.15,8,5,4,402,0.4701
8.161,8.862,0.0,1447.13,8.0,98.598,0.9,,1,-97.106,8,5,6,494,0.4636
8.324,9.44,0.0,1297.06,8.0,99.094,0.95,,2,-97.406,8,5,6,410,0.4488
8.814,9.626,0.0,1399.44,8.0,98.564,1.0,,3,-97.201,8,5,7,327,0.4495
8.246,7.582,0.0,1416.06,8.0,99.02,0.8,,0,-97.168,9,5,3,357,0.4762
8.478,8.488,0.0,1424.81,8.0,98.81,0.85,,1,-97.15,9,5,4,402,0.4701
8.161,8.862,0.0,1447.13,8.0,98.598,0.9,,1,-97.106,9,5,6,494,0.4636
8.324,9.44,0.0,1297.06,8.0,99.094,0.95,,2,-97.406,9,5,6,410,0.4488
8.814,9.626,0.0,1399.44,8.0,98.564,1.0,,3,-97.201,9,5,7,327,0.4495
8.246,7.582,0.0,1416.06,8.0,99.02,0.8,,0,-97.168,10,5,3,357,0.4762
8.478,8.488,0.0,1424.81,8.0,98.81,0.85,,1,-97.15,10,5,4,402,0.4701
8.161,8.862,0.0,1447.13,8.0,98.598,0.9,,1,-97.106,10,5,6,494,0.4636
8.324,9.44,0.0,1297.06,8.0,99.094,0.95,,2,-97.406,10,5,6,410,0.4488
8.814,9.626,0.0,1399.44,8.0,98.564,1.0,,3,-97.201,10,5,7,327,0.4495
10.247,9.593,0.0254,33238.06,8.0,55.875,0.8,,5,-33.524,1,10,13,2357,0.5129
10.523,9.964,0.0,43481.25,8.0,46.271,0.85,,6,-13.037,1,10,13,1583,0.5199
10.44,9.883,0.0,50325.94,8.0,37.582,0.9,,7,0.652,1,10,13,1228,0.5212
10.483,9.917,0.0,54407.38,8.0,44.705,0.95,,8,8.815,1,10,13,930,0.5237
10.905,10.263,0.0,51043.0,8.0,37.27,1.0,,9,2.086,1,10,13,666,0.521
10.247,9.593,0.024,10237.38,8.0,87.512,0.8,,4,-79.525,2,10,13,2357,0.5129
10.523,9.964,0.0,25086.56,8.0,79.685,0.85,,6,-49.827,2,10,13,1583,0.5199
10.44,9.883,0.0,33583.69,8.0,69.655,0.9,,8,-32.833,2,10,13,1228,0.5212
10.483,9.917,0.0,39304.44,8.0,74.429,0.95,,8,-21.391,2,10,13,930,0.5237
10.905,10.263,0.0,39874.5,8.0,64.455,1.0,,9,-20.251,2,10,13,666,0.521
10.247,9.593,0.0,6237.31,8.0,94.809,0.8,,4,-87.525,3,10,13,2357,0.5129
10.523,9.964,0.0,9141.0,8.0,93.822,0.85,,5,-81.718,3,10,13,1583,0.5199
10.44,9.883,0.0,14358.63,8.0,87.562,0.9,,6,-71.283,3,10,13,1228,0.5212
10.483,9.917,0.0,31082.94,8.0,87.138,0.95,,8,-37.834,3,10,13,930,0.5237
10.905,10.263,0.0,26672.06,8.0,83.313,1.0,,9,-46.656,3,10,13,666,0.521
9.658,8.324,0.0,2954.31,8.0,96.772,0.8,,1,-94.091,4,10,6,982,0.5163
11.044,10.116,0.0,2948.63,8.0,96.87,0.85,,2,-94.103,4,10,9,1006,0.5129
10.44,9.883,0.0,5898.25,8.0,95.589,0.9,,6,-88.203,4,10,13,1228,0.5212
10.483,9.917,0.0,17021.25,8.0,93.994,0.95,,7,-65.957,4,10,13,930,0.5237
10.905,10.263,0.0,13463.5,8.0,92.092,1.0,,8,-73.073,4,10,13,666,0.521
9.532,8.305,0.0,2368.06,8.0,97.633,0.8,,1,-95.264,5,10,5,830,0.5157
10.633,9.84,0.0019,2312.5,8.0,97.727,0.85,,1,-95.375,5,10,7,819,0.5128
10.541,10.009,0.0,2202.69,8.0,97.679,0.9,,2,-95.595,5,10,7,629,0.5024
10.483,9.917,0.0,4714.38,8.0,97.713,0.95,,6,-90.571,5,10,13,930,0.5237
10.905,10.263,0.0,4068.63,8.0,96.252,1.0,,7,-91.863,5,10,13,666,0.521
9.686,8.503,0.0,1949.37,8.0,98.205,0.8,,0,-96.101,6,10,4,573,0.5113
9.881,8.619,0.0,1886.38,8.0,98.366,0.85,,1,-96.227,6,10,6,675,0.517
10.209,9.938,0.0,1776.56,8.0,98.272,0.9,,1,-96.447,6,10,7,609,0.5074
10.603,9.805,0.0,1892.94,8.0,98.518,0.95,,2,-96.214,6,10,7,478,0.4979
10.986,9.552,0.0,1670.69,8.0,98.096,1.0,,3,-96.659,6,10,7,345,0.4928
9.616,8.611,0.0,1693.0,8.0,98.552,0.8,,0,-96.614,7,10,4,549,0.5118
9.906,8.667,0.0,1596.31,8.0,98.69,0.85,,1,-96.807,7,10,6,663,0.5204
9.695,8.622,0.0,1665.44,8.0,98.509,0.9,,1,-96.669,7,10,6,518,0.5135
10.205,9.669,0.0,1529.81,8.0,98.921,0.95,,1,-96.94,7,10,7,466,0.5
10.91,9.55,0.0,1546.88,8.0,98.341,1.0,,3,-96.906,7,10,7,340,0.4971
9.645,8.654,0.0,1371.44,8.0,98.874,0.8,,0,-97.257,8,10,3,470,0.5149
9.696,8.671,0.0,1479.94,8.0,98.851,0.85,,1,-97.04,8,10,5,558,0.5233
9.724,8.653,0.0,1445.81,8.0,98.775,0.9,,1,-97.108,8,10,6,507,0.5187
10.06,9.533,0.0,1451.06,8.0,99.068,0.95,,1,-97.098,8,10,7,445,0.5034
10.291,9.398,0.0,1421.75,8.0,98.583,1.0,,2,-97.156,8,10,7,326,0.5
9.645,8.654,0.0,1371.44,8.0,98.874,0.8,,0,-97.257,9,10,3,470,0.5149
9.696,8.671,0.0,1479.94,8.0,98.851,0.85,,1,-97.04,9,10,5,558,0.5233
9.724,8.653,0.0,1445.81,8.0,98.775,0.9,,1,-97.108,9,10,6,507,0.5187
10.06,9.533,0.0,1451.06,8.0,99.068,0.95,,1,-97.098,9,10,7,445,0.5034
10.291,9.398,0.0,1421.75,8.0,98.583,1.0,,2,-97.156,9,10,7,326,0.5
9.645,8.654,0.0,1371.44,8.0,98.874,0.8,,0,-97.257,10,10,3,470,0.5149
9.696,8.671,0.0,1479.94,8.0,98.851,0.85,,1,-97.04,10,10,5,558,0.5233
9.724,8.653,0.0,1445.81,8.0,98.775,0.9,,1,-97.108,10,10,6,507,0.5187
10.06,9.533,0.0,1451.06,8.0,99.068,0.95,,1,-97.098,10,10,7,445,0.5034
10.291,9.398,0.0,1421.75,8.0,98.583,1.0,,2,-97.156,10,10,7,326,0.5
10.605,9.596,0.0549,29155.31,8.0,56.621,0.8,,5,-41.689,1,15,13,2350,0.5187
10.963,9.908,0.0392,35244.88,8.0,46.314,0.85,,5,-29.51,1,15,13,1579,0.525
10.899,9.819,0.0,42722.19,8.0,38.8,0.9,,7,-14.556,1,15,13,1225,0.5273
11.022,9.862,0.0,48751.38,8.0,44.962,0.95,,7,-2.497,1,15,13,928,0.5312
11.384,10.222,0.0,45469.25,8.0,37.566,1.0,,8,-9.061,1,15,13,665,0.5263
10.605,9.596,0.0707,8594.13,8.0,88.774,0.8,,4,-82.812,2,15,13,2350,0.5187
10.963,9.908,0.0155,16740.81,8.0,79.788,0.85,,4,-66.518,2,15,13,1579,0.525
10.899,9.819,0.0,24142.0,8.0,70.478,0.9,,7,-51.716,2,15,13,1225,0.5273
11.022,9.862,0.0,32349.06,8.0,73.438,0.95,,7,-35.302,2,15,13,928,0.5312
11.384,10.222,0.0,32691.63,8.0,67.102,1.0,,8,-34.617,2,15,13,665,0.5263
10.756,9.847,0.0214,3880.5,8.0,94.802,0.8,,1,-92.239,3,15,9,1687,0.5098
10.963,9.908,0.0215,5109.44,8.0,94.777,0.85,,3,-89.781,3,15,13,1579,0.525
10.899,9.819,0.0,8356.56,8.0,89.775,0.9,,4,-83.287,3,15,13,1225,0.5273
11.022,9.862,0.0,19678.19,8.0,88.189,0.95,,8,-60.644,3,15,13,928,0.5312
11.384,10.222,0.0,18833.38,8.0,83.342,1.0,,8,-62.333,3,15,13,665,0.5263
9.83,8.265,0.0,2876.44,8.0,96.487,0.8,,0,-94.247,4,15,6,993,0.5206
11.243,10.081,0.023,2939.0,8.0,96.86,0.85,,1,-94.122,4,15,8,956,0.5209
10.942,9.904,0.0,2890.44,8.0,96.442,0.9,,4,-94.219,4,15,13,1200,0.525
11.022,9.862,0.0,6680.06,8.0,94.849,0.95,,6,-86.64,4,15,13,928,0.5312
11.384,10.222,0.0,7025.69,8.0,92.694,1.0,,8,-85.949,4,15,13,665,0.5263
9.686,8.321,0.0,2331.75,8.0,97.356,0.8,,0,-95.336,5,15,5,826,0.5218
10.792,9.782,0.0333,2334.38,8.0,97.67,0.85,,1,-95.331,5,15,7,815,0.5178
10.712,9.944,0.0,2155.88,8.0,97.552,0.9,,2,-95.688,5,15,7,627,0.5072
11.068,10.216,0.0,2344.88,8.0,97.859,0.95,,3,-95.31,5,15,9,577,0.5078
11.384,10.222,0.0,2829.19,8.0,96.8,1.0,,5,-94.342,5,15,13,665,0.5263
9.692,8.339,0.0,1950.25,8.0,97.895,0.8,,0,-96.1,6,15,5,821,0.5238
10.06,8.557,0.0359,1984.38,8.0,98.125,0.85,,1,-96.031,6,15,6,670,0.5239
10.384,9.872,0.0,1761.25,8.0,98.117,0.9,,1,-96.477,6,15,7,607,0.5124
10.696,9.805,0.0,1938.0,8.0,98.397,0.95,,2,-96.124,6,15,7,478,0.4979
10.987,9.55,0.0,1441.44,8.0,98.325,1.0,,3,-97.117,6,15,7,340,0.4971
9.846,8.537,0.0,1535.06,8.0,98.442,0.8,,0,-96.93,7,15,4,568,0.5211
10.074,8.604,0.0329,1409.94,8.0,98.701,0.85,,1,-97.18,7,15,6,660,0.5258
9.9,8.555,0.0,1637.88,8.0,98.358,0.9,,1,-96.724,7,15,6,515,0.5204
10.247,9.665,0.0,1682.94,8.0,98.737,0.95,,1,-96.634,7,15,7,460,0.5
10.987,9.55,0.0,902.44,8.0,99.007,1.0,,3,-98.195,7,15,7,340,0.4971
9.827,8.695,0.0,1479.5,8.0,98.49,0.8,,0,-97.041,8,15,3,465,0.5269
9.837,8.653,0.0,1455.88,8.0,98.707,0.85,,0,-97.088,8,15,5,556,0.527
9.914,8.586,0.0,1232.75,8.0,98.798,0.9,,1,-97.534,8,15,6,505,0.5248
10.043,9.262,0.0,1463.75,8.0,98.987,0.95,,1,-97.072,8,15,6,403,0.5062
10.384,9.398,0.0,1452.81,8.0,98.501,1.0,,3,-97.094,8,15,7,328,0.497
9.827,8.695,0.0,1479.5,8.0,98.49,0.8,,0,-97.041,9,15,3,465,0.5269
9.837,8.653,0.0,1455.88,8.0,98.707,0.85,,0,-97.088,9,15,5,556,0.527
9.914,8.586,0.0,1232.75,8.0,98.798,0.9,,1,-97.534,9,15,6,505,0.5248
10.043,9.262,0.0,1463.75,8.0,98.987,0.95,,1,-97.072,9,15,6,403,0.5062
10.384,9.398,0.0,1452.81,8.0,98.501,1.0,,3,-97.094,9,15,7,328,0.497
9.827,8.695,0.0,1479.5,8.0,98.49,0.8,,0,-97.041,10,15,3,465,0.5269
9.837,8.653,0.0,1455.88,8.0,98.707,0.85,,0,-97.088,10,15,5,556,0.527
9.914,8.586,0.0,1232.75,8.0,98.798,0.9,,1,-97.534,10,15,6,505,0.5248
10.043,9.262,0.0,1463.75,8.0,98.987,0.95,,1,-97.072,10,15,6,403,0.5062
10.384,9.398,0.0,1452.81,8.0,98.501,1.0,,3,-97.094,10,15,7,328,0.497
10.662,9.62,0.0539,28942.25,8.0,57.261,0.8,,4,-42.115,1,20,13,2350,0.52
11.038,9.9,0.0474,34584.25,8.0,46.133,0.85,,5,-30.831,1,20,13,1579,0.5256
10.969,9.819,0.0,41107.38,8.0,39.665,0.9,,5,-17.785,1,20,13,1225,0.5273
11.115,9.862,0.0,47533.38,8.0,45.358,0.95,,7,-4.933,1,20,13,928,0.5312
11.486,10.222,0.0,42707.31,8.0,40.326,1.0,,8,-14.585,1,20,13,665,0.5263
10.662,9.62,0.0688,8798.44,8.0,88.21,0.8,,4,-82.403,2,20,13,2350,0.52
11.038,9.9,0.0312,15973.88,8.0,79.702,0.85,,4,-68.052,2,20,13,1579,0.5256
10.969,9.819,0.0,23277.5,8.0,70.969,0.9,,6,-53.445,2,20,13,1225,0.5273
11.115,9.862,0.0,31585.19,8.0,72.688,0.95,,7,-36.83,2,20,13,928,0.5312
11.486,10.222,0.0,26180.31,8.0,70.717,1.0,,8,-47.639,2,20,13,665,0.5263
10.506,9.554,0.0249,3973.69,8.0,94.74,0.8,,1,-92.053,3,20,8,1304,0.5138
11.27,10.055,0.0261,3921.19,8.0,95.292,0.85,,1,-92.158,3,20,9,1002,0.518
10.969,9.819,0.0,4961.56,8.0,94.299,0.9,,3,-90.077,3,20,13,1225,0.5273
11.115,9.862,0.0,14426.88,8.0,87.065,0.95,,6,-71.146,3,20,13,928,0.5312
11.486,10.222,0.0,13927.69,8.0,84.533,1.0,,8,-72.145,3,20,13,665,0.5263
9.884,8.312,0.0,2992.81,8.0,96.351,0.8,,0,-94.014,4,20,6,996,0.5211
11.106,9.792,0.0403,2396.5,8.0,97.398,0.85,,1,-95.207,4,20,7,851,0.517
11.144,10.244,0.0,2848.44,8.0,96.473,0.9,,2,-94.303,4,20,9,761,0.5138
11.115,9.862,0.0,6038.25,8.0,94.943,0.95,,5,-87.923,4,20,13,928,0.5312
11.486,10.222,0.0,7095.25,8.0,92.515,1.0,,8,-85.809,4,20,13,665,0.5263
9.847,8.429,0.0,2382.06,8.0,97.308,0.8,,0,-95.236,5,20,5,854,0.5222
10.88,9.767,0.0289,2147.13,8.0,97.857,0.85,,1,-95.706,5,20,7,815,0.519
10.792,9.944,0.0,1556.06,8.0,98.226,0.9,,1,-96.888,5,20,7,624,0.5096
10.839,9.805,0.0,2188.25,8.0,97.983,0.95,,2,-95.623,5,20,7,479,0.4969
11.605,10.376,0.0,2333.06,8.0,97.042,1.0,,3,-95.334,5,20,9,420,0.5048
9.783,8.395,0.0,1972.12,8.0,97.944,0.8,,0,-96.056,6,20,5,821,0.5262
10.166,8.541,0.0411,1944.13,8.0,98.142,0.85,,1,-96.112,6,20,6,670,0.5254
10.48,9.872,0.0,1671.13,8.0,98.206,0.9,,1,-96.658,6,20,7,607,0.5124
10.825,9.805,0.0,1505.75,8.0,98.744,0.95,,2,-96.988,6,20,7,477,0.499
11.173,9.55,0.0,1843.06,8.0,97.81,1.0,,3,-96.314,6,20,7,342,0.4942
9.858,8.595,0.0,1714.0,8.0,98.261,0.8,,0,-96.572,7,20,4,567,0.522
10.154,8.738,0.0537,1626.06,8.0,98.486,0.85,,1,-96.748,7,20,5,599,0.5242
10.014,8.555,0.0,1702.19,8.0,98.248,0.9,,1,-96.596,7,20,6,514,0.5214
10.371,9.665,0.0,1570.06,8.0,98.784,0.95,,1,-96.86,7,20,7,460,0.5
10.639,9.335,0.0,1626.06,8.0,98.177,1.0,,3,-96.748,7,20,7,332,0.497
9.853,8.706,0.0,1364.0,8.0,98.651,0.8,,0,-97.272,8,20,4,545,0.5211
9.964,8.634,0.0,1461.56,8.0,98.692,0.85,,0,-97.077,8,20,5,556,0.5288
9.956,8.716,0.0,1486.5,8.0,98.503,0.9,,1,-97.027,8,20,6,485,0.5237
10.177,9.262,0.0,1225.31,8.0,99.134,0.95,,1,-97.549,8,20,6,402,0.5075
10.528,9.398,0.0,1455.44,8.0,98.455,1.0,,3,-97.089,8,20,7,324,0.5031
9.853,8.706,0.0,1364.0,8.0,98.651,0.8,,0,-97.272,9,20,4,545,0.5211
9.964,8.634,0.0,1461.56,8.0,98.692,0.85,,0,-97.077,9,20,5,556,0.5288
9.956,8.716,0.0,1486.5,8.0,98.503,0.9,,1,-97.027,9,20,6,485,0.5237
10.177,9.262,0.0,1225.31,8.0,99.134,0.95,,1,-97.549,9,20,6,402,0.5075
10.528,9.398,0.0,1455.44,8.0,98.455,1.0,,3,-97.089,9,20,7,324,0.5031
9.853,8.706,0.0,1364.0,8.0,98.651,0.8,,0,-97.272,10,20,4,545,0.5211
9.964,8.634,0.0,1461.56,8.0,98.692,0.85,,0,-97.077,10,20,5,556,0.5288
9.956,8.716,0.0,1486.5,8.0,98.503,0.9,,1,-97.027,10,20,6,485,0.5237
10.177,9.262,0.0,1225.31,8.0,99.134,0.95,,1,-97.549,10,20,6,402,0.5075
10.528,9.398,0.0,1455.44,8.0,98.455,1.0,,3,-97.089,10,20,7,324,0.5031
10.752,9.606,0.0784,28670.56,8.0,53.852,0.8,,4,-42.659,1,25,13,2348,0.52
11.095,9.88,0.0698,34217.19,8.0,46.131,0.85,,5,-31.566,1,25,13,1578,0.526
11.016,9.792,0.0,41084.63,8.0,39.847,0.9,,5,-17.831,1,25,13,1224,0.5278
11.177,9.827,0.0,45333.19,8.0,44.422,0.95,,7,-9.334,1,25,13,927,0.5318
11.524,10.222,0.0,41813.06,8.0,41.324,1.0,,8,-16.374,1,25,13,665,0.5263
10.752,9.606,0.0814,8381.5,8.0,87.375,0.8,,3,-83.237,2,25,13,2348,0.52
11.095,9.88,0.0381,15476.44,8.0,80.29,0.85,,4,-69.047,2,25,13,1578,0.526
11.016,9.792,0.0,17584.31,8.0,75.064,0.9,,5,-64.831,2,25,13,1224,0.5278
11.177,9.827,0.0,29189.0,8.0,74.502,0.95,,6,-41.622,2,25,13,927,0.5318
11.524,10.222,0.0,26352.69,8.0,70.76,1.0,,8,-47.295,2,25,13,665,0.5263
10.634,9.539,0.0,3911.56,8.0,93.758,0.8,,0,-92.177,3,25,7,1277,0.5153
11.353,10.054,0.0267,3997.75,8.0,95.2,0.85,,1,-92.004,3,25,9,997,0.5186
11.051,9.877,0.0,3830.63,8.0,94.713,0.9,,3,-92.339,3,25,13,1201,0.5246
11.177,9.827,0.0,12755.63,8.0,88.098,0.95,,6,-74.489,3,25,13,927,0.5318
11.524,10.222,0.0,13892.69,8.0,84.83,1.0,,8,-72.215,3,25,13,665,0.5263
10.094,8.311,0.0,2919.75,8.0,95.592,0.8,,0,-94.16,4,25,6,979,0.524
11.175,9.754,0.0379,2458.19,8.0,97.331,0.85,,1,-95.084,4,25,7,850,0.5176
11.073,9.905,0.0,2862.0,8.0,96.456,0.9,,3,-94.276,4,25,12,1180,0.5271
11.177,9.827,0.0,4589.69,8.0,95.821,0.95,,5,-90.821,4,25,13,927,0.5318
11.524,10.222,0.0,7069.88,8.0,92.562,1.0,,8,-85.86,4,25,13,665,0.5263
9.995,8.334,0.0,2274.0,8.0,96.799,0.8,,0,-95.452,5,25,5,823,0.5249
10.267,8.493,0.0385,2295.88,8.0,97.709,0.85,,1,-95.408,5,25,6,673,0.523
10.87,9.891,0.0,2275.31,8.0,97.406,0.9,,1,-95.449,5,25,7,623,0.5104
10.98,9.734,0.0,2209.25,8.0,97.963,0.95,,1,-95.581,5,25,7,481,0.4969
11.524,10.222,0.0,2910.56,8.0,96.735,1.0,,7,-94.179,5,25,13,665,0.5263
10.169,8.537,0.0,1938.0,8.0,97.41,0.8,,0,-96.124,6,25,4,566,0.523
10.256,8.539,0.0322,1892.06,8.0,98.192,0.85,,1,-96.216,6,25,6,662,0.5257
10.154,8.563,0.0,1888.13,8.0,97.973,0.9,,1,-96.224,6,25,6,532,0.5169
10.525,9.596,0.0,1999.25,8.0,98.332,0.95,,1,-96.001,6,25,7,465,0.5011
11.225,9.55,0.0,1879.38,8.0,97.767,1.0,,3,-96.241,6,25,7,342,0.4942
10.249,8.695,0.0,1666.75,8.0,97.901,0.8,,0,-96.667,7,25,3,466,0.5258
10.251,8.684,0.0461,1637.0,8.0,98.476,0.85,,1,-96.726,7,25,5,598,0.5251
10.124,8.522,0.0,1609.44,8.0,98.343,0.9,,1,-96.781,7,25,6,505,0.5248
10.473,9.591,0.0,1594.13,8.0,98.765,0.95,,1,-96.812,7,25,7,459,0.5011
10.694,9.335,0.0,1494.81,8.0,98.325,1.0,,2,-97.01,7,25,7,332,0.497
10.249,8.695,0.0,1391.12,8.0,98.333,0.8,,0,-97.218,8,25,3,466,0.5258
10.097,8.576,0.0,1245.44,8.0,98.886,0.85,,0,-97.509,8,25,5,556,0.5288
10.107,8.721,0.0,1466.38,8.0,98.523,0.9,,1,-97.067,8,25,6,475,0.5263
10.262,9.179,0.0,1485.19,8.0,98.95,0.95,,1,-97.03,8,25,6,399,0.5113
10.48,9.36,0.0,1458.06,8.0,98.452,1.0,,3,-97.084,8,25,7,320,0.5031
10.249,8.695,0.0,1391.12,8.0,98.333,0.8,,0,-97.218,9,25,3,466,0.5258
10.097,8.576,0.0,1245.44,8.0,98.886,0.85,,0,-97.509,9,25,5,556,0.5288
10.107,8.721,0.0,1466.38,8.0,98.523,0.9,,1,-97.067,9,25,6,475,0.5263
10.262,9.179,0.0,1485.19,8.0,98.95,0.95,,1,-97.03,9,25,6,399,0.5113
10.48,9.36,0.0,1458.06,8.0,98.452,1.0,,3,-97.084,9,25,7,320,0.5031
10.249,8.695,0.0,1391.12,8.0,98.333,0.8,,0,-97.218,10,25,3,466,0.5258
10.097,8.576,0.0,1245.44,8.0,98.886,0.85,,0,-97.509,10,25,5,556,0.5288
10.107,8.721,0.0,1466.38,8.0,98.523,0.9,,1,-97.067,10,25,6,475,0.5263
10.262,9.179,0.0,1485.19,8.0,98.95,0.95,,1,-97.03,10,25,6,399,0.5113
10.48,9.36,0.0,1458.06,8.0,98.452,1.0,,3,-97.084,10,25,7,320,0.5031
10.771,9.615,0.1109,20652.06,8.0,64.192,0.8,,3,-58.696,1,30,13,2346,0.5196
11.099,9.88,0.0682,34222.88,8.0,46.392,0.85,,5,-31.554,1,30,13,1578,0.526
11.036,9.798,0.0,40067.44,8.0,39.847,0.9,,5,-19.865,1,30,13,1223,0.5274
11.204,9.834,0.0,44610.0,8.0,44.422,0.95,,7,-10.78,1,30,13,926,0.5313
11.561,10.233,0.0,41213.25,8.0,41.324,1.0,,8,-17.573,1,30,13,664,0.5256
10.771,9.615,0.076,8652.31,8.0,86.907,0.8,,3,-82.695,2,30,13,2346,0.5196
11.099,9.88,0.0379,15518.44,8.0,80.232,0.85,,4,-68.963,2,30,13,1578,0.526
11.036,9.798,0.0079,14580.44,8.0,79.948,0.9,,4,-70.839,2,30,13,1223,0.5274
11.204,9.834,0.0,27955.69,8.0,74.502,0.95,,6,-44.089,2,30,13,926,0.5313
11.561,10.233,0.0,25444.44,8.0,70.76,1.0,,8,-49.111,2,30,13,664,0.5256
10.654,9.537,0.0,3951.38,8.0,93.694,0.8,,0,-92.097,3,30,7,1277,0.5145
11.353,10.054,0.0267,3997.75,8.0,95.2,0.85,,1,-92.004,3,30,9,997,0.5186
11.072,9.883,0.0,3795.19,8.0,94.762,0.9,,3,-92.41,3,30,13,1200,0.5242
11.204,9.834,0.0,12058.69,8.0,88.098,0.95,,6,-75.883,3,30,13,926,0.5313
11.561,10.233,0.0,13456.5,8.0,84.83,1.0,,8,-73.087,3,30,13,664,0.5256
10.15,8.389,0.0,2900.94,8.0,95.621,0.8,,0,-94.198,4,30,5,892,0.5213
11.175,9.754,0.0379,2458.19,8.0,97.331,0.85,,1,-95.084,4,30,7,850,0.5176
11.096,9.912,0.0,2986.25,8.0,96.302,0.9,,3,-94.027,4,30,12,1178,0.5272
11.222,9.94,0.0,2901.38,8.0,96.961,0.95,,4,-94.197,4,30,13,909,0.527
11.561,10.233,0.0,7036.19,8.0,92.562,1.0,,8,-85.928,4,30,13,664,0.5256
10.035,8.346,0.0,2368.94,8.0,96.665,0.8,,0,-95.262,5,30,5,819,0.525
10.267,8.493,0.0385,2295.88,8.0,97.709,0.85,,1,-95.408,5,30,6,673,0.523
10.87,9.891,0.0,2275.31,8.0,97.406,0.9,,1,-95.449,5,30,7,623,0.5104
10.98,9.734,0.0,2209.25,8.0,97.963,0.95,,1,-95.581,5,30,7,481,0.4969
11.593,10.367,0.0,2393.0,8.0,96.966,1.0,,6,-95.214,5,30,12,646,0.5232
10.169,8.537,0.0,1938.0,8.0,97.41,0.8,,0,-96.124,6,30,4,566,0.523
10.256,8.539,0.0322,1892.06,8.0,98.192,0.85,,1,-96.216,6,30,6,662,0.5257
10.154,8.563,0.0,1888.13,8.0,97.973,0.9,,1,-96.224,6,30,6,532,0.5169
10.525,9.596,0.0,1999.25,8.0,98.332,0.95,,1,-96.001,6,30,7,465,0.5011
11.225,9.55,0.0,1879.38,8.0,97.767,1.0,,3,-96.241,6,30,7,342,0.4942
10.249,8.695,0.0,1666.75,8.0,97.901,0.8,,0,-96.667,7,30,3,466,0.5258
10.251,8.684,0.0461,1637.0,8.0,98.476,0.85,,1,-96.726,7,30,5,598,0.5251
10.124,8.522,0.0,1609.44,8.0,98.343,0.9,,1,-96.781,7,30,6,505,0.5248
10.473,9.591,0.0,1594.13,8.0,98.765,0.95,,1,-96.812,7,30,7,459,0.5011
10.694,9.335,0.0,1494.81,8.0,98.325,1.0,,2,-97.01,7,30,7,332,0.497
10.249,8.695,0.0,1391.12,8.0,98.333,0.8,,0,-97.218,8,30,3,466,0.5258
10.097,8.576,0.0,1245.44,8.0,98.886,0.85,,0,-97.509,8,30,5,556,0.5288
10.107,8.721,0.0,1466.38,8.0,98.523,0.9,,1,-97.067,8,30,6,475,0.5263
10.262,9.179,0.0,1485.19,8.0,98.95,0.95,,1,-97.03,8,30,6,399,0.5113
10.48,9.36,0.0,1458.06,8.0,98.452,1.0,,3,-97.084,8,30,7,320,0.5031
10.249,8.695,0.0,1391.12,8.0,98.333,0.8,,0,-97.218,9,30,3,466,0.5258
10.097,8.576,0.0,1245.44,8.0,98.886,0.85,,0,-97.509,9,30,5,556,0.5288
10.107,8.721,0.0,1466.38,8.0,98.523,0.9,,1,-97.067,9,30,6,475,0.5263
10.262,9.179,0.0,1485.19,8.0,98.95,0.95,,1,-97.03,9,30,6,399,0.5113
10.48,9.36,0.0,1458.06,8.0,98.452,1.0,,3,-97.084,9,30,7,320,0.5031
10.249,8.695,0.0,1391.12,8.0,98.333,0.8,,0,-97.218,10,30,3,466,0.5258
10.097,8.576,0.0,1245.44,8.0,98.886,0.85,,0,-97.509,10,30,5,556,0.5288
10.107,8.721,0.0,1466.38,8.0,98.523,0.9,,1,-97.067,10,30,6,475,0.5263
10.262,9.179,0.0,1485.19,8.0,98.95,0.95,,1,-97.03,10,30,6,399,0.5113
10.48,9.36,0.0,1458.06,8.0,98.452,1.0,,3,-97.084,10,30,7,320,0.5031
10.771,9.615,0.1109,20652.06,8.0,64.192,0.8,,3,-58.696,1,35,13,2346,0.5196
11.099,9.88,0.0682,34222.88,8.0,46.392,0.85,,5,-31.554,1,35,13,1578,0.526
11.036,9.798,0.0,40067.44,8.0,39.847,0.9,,5,-19.865,1,35,13,1223,0.5274
11.204,9.834,0.0,44610.0,8.0,44.422,0.95,,7,-10.78,1,35,13,926,0.5313
11.561,10.233,0.0,41213.25,8.0,41.324,1.0,,8,-17.573,1,35,13,664,0.5256
10.771,9.615,0.076,8652.31,8.0,86.907,0.8,,3,-82.695,2,35,13,2346,0.5196
11.099,9.88,0.0379,15518.44,8.0,80.232,0.85,,4,-68.963,2,35,13,1578,0.526
11.036,9.798,0.0079,14580.44,8.0,79.948,0.9,,4,-70.839,2,35,13,1223,0.5274
11.204,9.834,0.0,27955.69,8.0,74.502,0.95,,6,-44.089,2,35,13,926,0.5313
11.561,10.233,0.0,25444.44,8.0,70.76,1.0,,8,-49.111,2,35,13,664,0.5256
10.654,9.537,0.0,3951.38,8.0,93.694,0.8,,0,-92.097,3,35,7,1277,0.5145
11.353,10.054,0.0267,3997.75,8.0,95.2,0.85,,1,-92.004,3,35,9,997,0.5186
11.072,9.883,0.0,3795.19,8.0,94.762,0.9,,3,-92.41,3,35,13,1200,0.5242
11.204,9.834,0.0,12058.69,8.0,88.098,0.95,,6,-75.883,3,35,13,926,0.5313
11.561,10.233,0.0,13456.5,8.0,84.83,1.0,,8,-73.087,3,35,13,664,0.5256
10.15,8.389,0.0,2900.94,8.0,95.621,0.8,,0,-94.198,4,35,5,892,0.5213
11.175,9.754,0.0379,2458.19,8.0,97.331,0.85,,1,-95.084,4,35,7,850,0.5176
11.096,9.912,0.0,2986.25,8.0,96.302,0.9,,3,-94.027,4,35,12,1178,0.5272
11.222,9.94,0.0,2901.38,8.0,96.961,0.95,,4,-94.197,4,35,13,909,0.527
11.561,10.233,0.0,7036.19,8.0,92.562,1.0,,8,-85.928,4,35,13,664,0.5256
10.035,8.346,0.0,2368.94,8.0,96.665,0.8,,0,-95.262,5,35,5,819,0.525
10.267,8.493,0.0385,2295.88,8.0,97.709,0.85,,1,-95.408,5,35,6,673,0.523
10.87,9.891,0.0,2275.31,8.0,97.406,0.9,,1,-95.449,5,35,7,623,0.5104
10.98,9.734,0.0,2209.25,8.0,97.963,0.95,,1,-95.581,5,35,7,481,0.4969
11.593,10.367,0.0,2393.0,8.0,96.966,1.0,,6,-95.214,5,35,12,646,0.5232
10.169,8.537,0.0,1938.0,8.0,97.41,0.8,,0,-96.124,6,35,4,566,0.523
10.256,8.539,0.0322,1892.06,8.0,98.192,0.85,,1,-96.216,6,35,6,662,0.5257
10.154,8.563,0.0,1888.13,8.0,97.973,0.9,,1,-96.224,6,35,6,532,0.5169
10.525,9.596,0.0,1999.25,8.0,98.332,0.95,,1,-96.001,6,35,7,465,0.5011
11.225,9.55,0.0,1879.38,8.0,97.767,1.0,,3,-96.241,6,35,7,342,0.4942
10.249,8.695,0.0,1666.75,8.0,97.901,0.8,,0,-96.667,7,35,3,466,0.5258
10.251,8.684,0.0461,1637.0,8.0,98.476,0.85,,1,-96.726,7,35,5,598,0.5251
10.124,8.522,0.0,1609.44,8.0,98.343,0.9,,1,-96.781,7,35,6,505,0.5248
10.473,9.591,0.0,1594.13,8.0,98.765,0.95,,1,-96.812,7,35,7,459,0.5011
10.694,9.335,0.0,1494.81,8.0,98.325,1.0,,2,-97.01,7,35,7,332,0.497
10.249,8.695,0.0,1391.12,8.0,98.333,0.8,,0,-97.218,8,35,3,466,0.5258
10.097,8.576,0.0,1245.44,8.0,98.886,0.85,,0,-97.509,8,35,5,556,0.5288
10.107,8.721,0.0,1466.38,8.0,98.523,0.9,,1,-97.067,8,35,6,475,0.5263
10.262,9.179,0.0,1485.19,8.0,98.95,0.95,,1,-97.03,8,35,6,399,0.5113
10.48,9.36,0.0,1458.06,8.0,98.452,1.0,,3,-97.084,8,35,7,320,0.5031
10.249,8.695,0.0,1391.12,8.0,98.333,0.8,,0,-97.218,9,35,3,466,0.5258
10.097,8.576,0.0,1245.44,8.0,98.886,0.85,,0,-97.509,9,35,5,556,0.5288
10.107,8.721,0.0,1466.38,8.0,98.523,0.9,,1,-97.067,9,35,6,475,0.5263
10.262,9.179,0.0,1485.19,8.0,98.95,0.95,,1,-97.03,9,35,6,399,0.5113
10.48,9.36,0.0,1458.06,8.0,98.452,1.0,,3,-97.084,9,35,7,320,0.5031
10.249,8.695,0.0,1391.12,8.0,98.333,0.8,,0,-97.218,10,35,3,466,0.5258
10.097,8.576,0.0,1245.44,8.0,98.886,0.85,,0,-97.509,10,35,5,556,0.5288
10.107,8.721,0.0,1466.38,8.0,98.523,0.9,,1,-97.067,10,35,6,475,0.5263
10.262,9.179,0.0,1485.19,8.0,98.95,0.95,,1,-97.03,10,35,6,399,0.5113
10.48,9.36,0.0,1458.06,8.0,98.452,1.0,,3,-97.084,10,35,7,320,0.5031
10.771,9.615,0.1109,20652.06,8.0,64.192,0.8,,3,-58.696,1,40,13,2346,0.5196
11.099,9.88,0.0682,34222.88,8.0,46.392,0.85,,5,-31.554,1,40,13,1578,0.526
11.036,9.798,0.0,40067.44,8.0,39.847,0.9,,5,-19.865,1,40,13,1223,0.5274
11.204,9.834,0.0,44610.0,8.0,44.422,0.95,,7,-10.78,1,40,13,926,0.5313
11.561,10.233,0.0,41213.25,8.0,41.324,1.0,,8,-17.573,1,40,13,664,0.5256
10.771,9.615,0.076,8652.31,8.0,86.907,0.8,,3,-82.695,2,40,13,2346,0.5196
11.099,9.88,0.0379,15518.44,8.0,80.232,0.85,,4,-68.963,2,40,13,1578,0.526
11.036,9.798,0.0079,14580.44,8.0,79.948,0.9,,4,-70.839,2,40,13,1223,0.5274
11.204,9.834,0.0,27955.69,8.0,74.502,0.95,,6,-44.089,2,40,13,926,0.5313
11.561,10.233,0.0,25444.44,8.0,70.76,1.0,,8,-49.111,2,40,13,664,0.5256
10.654,9.537,0.0,3951.38,8.0,93.694,0.8,,0,-92.097,3,40,7,1277,0.5145
11.353,10.054,0.0267,3997.75,8.0,95.2,0.85,,1,-92.004,3,40,9,997,0.5186
11.072,9.883,0.0,3795.19,8.0,94.762,0.9,,3,-92.41,3,40,13,1200,0.5242
11.204,9.834,0.0,12058.69,8.0,88.098,0.95,,6,-75.883,3,40,13,926,0.5313
11.561,10.233,0.0,13456.5,8.0,84.83,1.0,,8,-73.087,3,40,13,664,0.5256
10.15,8.389,0.0,2900.94,8.0,95.621,0.8,,0,-94.198,4,40,5,892,0.5213
11.175,9.754,0.0379,2458.19,8.0,97.331,0.85,,1,-95.084,4,40,7,850,0.5176
11.096,9.912,0.0,2986.25,8.0,96.302,0.9,,3,-94.027,4,40,12,1178,0.5272
11.222,9.94,0.0,2901.38,8.0,96.961,0.95,,4,-94.197,4,40,13,909,0.527
11.561,10.233,0.0,7036.19,8.0,92.562,1.0,,8,-85.928,4,40,13,664,0.5256
10.035,8.346,0.0,2368.94,8.0,96.665,0.8,,0,-95.262,5,40,5,819,0.525
10.267,8.493,0.0385,2295.88,8.0,97.709,0.85,,1,-95.408,5,40,6,673,0.523
10.87,9.891,0.0,2275.31,8.0,97.406,0.9,,1,-95.449,5,40,7,623,0.5104
10.98,9.734,0.0,2209.25,8.0,97.963,0.95,,1,-95.581,5,40,7,481,0.4969
11.593,10.367,0.0,2393.0,8.0,96.966,1.0,,6,-95.214,5,40,12,646,0.5232
10.169,8.537,0.0,1938.0,8.0,97.41,0.8,,0,-96.124,6,40,4,566,0.523
10.256,8.539,0.0322,1892.06,8.0,98.192,0.85,,1,-96.216,6,40,6,662,0.5257
10.154,8.563,0.0,1888.13,8.0,97.973,0.9,,1,-96.224,6,40,6,532,0.5169
10.525,9.596,0.0,1999.25,8.0,98.332,0.95,,1,-96.001,6,40,7,465,0.5011
11.225,9.55,0.0,1879.38,8.0,97.767,1.0,,3,-96.241,6,40,7,342,0.4942
10.249,8.695,0.0,1666.75,8.0,97.901,0.8,,0,-96.667,7,40,3,466,0.5258
10.251,8.684,0.0461,1637.0,8.0,98.476,0.85,,1,-96.726,7,40,5,598,0.5251
10.124,8.522,0.0,1609.44,8.0,98.343,0.9,,1,-96.781,7,40,6,505,0.5248
10.473,9.591,0.0,1594.13,8.0,98.765,0.95,,1,-96.812,7,40,7,459,0.5011
10.694,9.335,0.0,1494.81,8.0,98.325,1.0,,2,-97.01,7,40,7,332,0.497
10.249,8.695,0.0,1391.12,8.0,98.333,0.8,,0,-97.218,8,40,3,466,0.5258
10.097,8.576,0.0,1245.44,8.0,98.886,0.85,,0,-97.509,8,40,5,556,0.5288
10.107,8.721,0.0,1466.38,8.0,98.523,0.9,,1,-97.067,8,40,6,475,0.5263
10.262,9.179,0.0,1485.19,8.0,98.95,0.95,,1,-97.03,8,40,6,399,0.5113
10.48,9.36,0.0,1458.06,8.0,98.452,1.0,,3,-97.084,8,40,7,320,0.5031
10.249,8.695,0.0,1391.12,8.0,98.333,0.8,,0,-97.218,9,40,3,466,0.5258
10.097,8.576,0.0,1245.44,8.0,98.886,0.85,,0,-97.509,9,40,5,556,0.5288
10.107,8.721,0.0,1466.38,8.0,98.523,0.9,,1,-97.067,9,40,6,475,0.5263
10.262,9.179,0.0,1485.19,8.0,98.95,0.95,,1,-97.03,9,40,6,399,0.5113
10.48,9.36,0.0,1458.06,8.0,98.452,1.0,,3,-97.084,9,40,7,320,0.5031
10.249,8.695,0.0,1391.12,8.0,98.333,0.8,,0,-97.218,10,40,3,466,0.5258
10.097,8.576,0.0,1245.44,8.0,98.886,0.85,,0,-97.509,10,40,5,556,0.5288
10.107,8.721,0.0,1466.38,8.0,98.523,0.9,,1,-97.067,10,40,6,475,0.5263
10.262,9.179,0.0,1485.19,8.0,98.95,0.95,,1,-97.03,10,40,6,399,0.5113
10.48,9.36,0.0,1458.06,8.0,98.452,1.0,,3,-97.084,10,40,7,320,0.5031
10.771,9.615,0.1109,20652.06,8.0,64.192,0.8,,3,-58.696,1,45,13,2346,0.5196
11.099,9.88,0.0682,34222.88,8.0,46.392,0.85,,5,-31.554,1,45,13,1578,0.526
11.036,9.798,0.0,40067.44,8.0,39.847,0.9,,5,-19.865,1,45,13,1223,0.5274
11.204,9.834,0.0,44610.0,8.0,44.422,0.95,,7,-10.78,1,45,13,926,0.5313
11.561,10.233,0.0,41213.25,8.0,41.324,1.0,,8,-17.573,1,45,13,664,0.5256
10.771,9.615,0.076,8652.31,8.0,86.907,0.8,,3,-82.695,2,45,13,2346,0.5196
11.099,9.88,0.0379,15518.44,8.0,80.232,0.85,,4,-68.963,2,45,13,1578,0.526
11.036,9.798,0.0079,14580.44,8.0,79.948,0.9,,4,-70.839,2,45,13,1223,0.5274
11.204,9.834,0.0,27955.69,8.0,74.502,0.95,,6,-44.089,2,45,13,926,0.5313
11.561,10.233,0.0,25444.44,8.0,70.76,1.0,,8,-49.111,2,45,13,664,0.5256
10.654,9.537,0.0,3951.38,8.0,93.694,0.8,,0,-92.097,3,45,7,1277,0.5145
11.353,10.054,0.0267,3997.75,8.0,95.2,0.85,,1,-92.004,3,45,9,997,0.5186
11.072,9.883,0.0,3795.19,8.0,94.762,0.9,,3,-92.41,3,45,13,1200,0.5242
11.204,9.834,0.0,12058.69,8.0,88.098,0.95,,6,-75.883,3,45,13,926,0.5313
11.561,10.233,0.0,13456.5,8.0,84.83,1.0,,8,-73.087,3,45,13,664,0.5256
10.15,8.389,0.0,2900.94,8.0,95.621,0.8,,0,-94.198,4,45,5,892,0.5213
11.175,9.754,0.0379,2458.19,8.0,97.331,0.85,,1,-95.084,4,45,7,850,0.5176
11.096,9.912,0.0,2986.25,8.0,96.302,0.9,,3,-94.027,4,45,12,1178,0.5272
11.222,9.94,0.0,2901.38,8.0,96.961,0.95,,4,-94.197,4,45,13,909,0.527
11.561,10.233,0.0,7036.19,8.0,92.562,1.0,,8,-85.928,4,45,13,664,0.5256
10.035,8.346,0.0,2368.94,8.0,96.665,0.8,,0,-95.262,5,45,5,819,0.525
10.267,8.493,0.0385,2295.88,8.0,97.709,0.85,,1,-95.408,5,45,6,673,0.523
10.87,9.891,0.0,2275.31,8.0,97.406,0.9,,1,-95.449,5,45,7,623,0.5104
10.98,9.734,0.0,2209.25,8.0,97.963,0.95,,1,-95.581,5,45,7,481,0.4969
11.593,10.367,0.0,2393.0,8.0,96.966,1.0,,6,-95.214,5,45,12,646,0.5232
10.169,8.537,0.0,1938.0,8.0,97.41,0.8,,0,-96.124,6,45,4,566,0.523
10.256,8.539,0.0322,1892.06,8.0,98.192,0.85,,1,-96.216,6,45,6,662,0.5257
10.154,8.563,0.0,1888.13,8.0,97.973,0.9,,1,-96.224,6,45,6,532,0.5169
10.525,9.596,0.0,1999.25,8.0,98.332,0.95,,1,-96.001,6,45,7,465,0.5011
11.225,9.55,0.0,1879.38,8.0,97.767,1.0,,3,-96.241,6,45,7,342,0.4942
10.249,8.695,0.0,1666.75,8.0,97.901,0.8,,0,-96.667,7,45,3,466,0.5258
10.251,8.684,0.0461,1637.0,8.0,98.476,0.85,,1,-96.726,7,45,5,598,0.5251
10.124,8.522,0.0,1609.44,8.0,98.343,0.9,,1,-96.781,7,45,6,505,0.5248
10.473,9.591,0.0,1594.13,8.0,98.765,0.95,,1,-96.812,7,45,7,459,0.5011
10.694,9.335,0.0,1494.81,8.0,98.325,1.0,,2,-97.01,7,45,7,332,0.497
10.249,8.695,0.0,1391.12,8.0,98.333,0.8,,0,-97.218,8,45,3,466,0.5258
10.097,8.576,0.0,1245.44,8.0,98.886,0.85,,0,-97.509,8,45,5,556,0.5288
10.107,8.721,0.0,1466.38,8.0,98.523,0.9,,1,-97.067,8,45,6,475,0.5263
10.262,9.179,0.0,1485.19,8.0,98.95,0.95,,1,-97.03,8,45,6,399,0.5113
10.48,9.36,0.0,1458.06,8.0,98.452,1.0,,3,-97.084,8,45,7,320,0.5031
10.249,8.695,0.0,1391.12,8.0,98.333,0.8,,0,-97.218,9,45,3,466,0.5258
10.097,8.576,0.0,1245.44,8.0,98.886,0.85,,0,-97.509,9,45,5,556,0.5288
10.107,8.721,0.0,1466.38,8.0,98.523,0.9,,1,-97.067,9,45,6,475,0.5263
10.262,9.179,0.0,1485.19,8.0,98.95,0.95,,1,-97.03,9,45,6,399,0.5113
10.48,9.36,0.0,1458.06,8.0,98.452,1.0,,3,-97.084,9,45,7,320,0.5031
10.249,8.695,0.0,1391.12,8.0,98.333,0.8,,0,-97.218,10,45,3,466,0.5258
10.097,8.576,0.0,1245.44,8.0,98.886,0.85,,0,-97.509,10,45,5,556,0.5288
10.107,8.721,0.0,1466.38,8.0,98.523,0.9,,1,-97.067,10,45,6,475,0.5263
10.262,9.179,0.0,1485.19,8.0,98.95,0.95,,1,-97.03,10,45,6,399,0.5113
10.48,9.36,0.0,1458.06,8.0,98.452,1.0,,3,-97.084,10,45,7,320,0.5031
10.771,9.615,0.1109,20652.06,8.0,64.192,0.8,,3,-58.696,1,50,13,2346,0.5196
11.099,9.88,0.0682,34222.88,8.0,46.392,0.85,,5,-31.554,1,50,13,1578,0.526
11.036,9.798,0.0,40067.44,8.0,39.847,0.9,,5,-19.865,1,50,13,1223,0.5274
11.204,9.834,0.0,44610.0,8.0,44.422,0.95,,7,-10.78,1,50,13,926,0.5313
11.561,10.233,0.0,41213.25,8.0,41.324,1.0,,8,-17.573,1,50,13,664,0.5256
10.771,9.615,0.076,8652.31,8.0,86.907,0.8,,3,-82.695,2,50,13,2346,0.5196
11.099,9.88,0.0379,15518.44,8.0,80.232,0.85,,4,-68.963,2,50,13,1578,0.526
11.036,9.798,0.0079,14580.44,8.0,79.948,0.9,,4,-70.839,2,50,13,1223,0.5274
11.204,9.834,0.0,27955.69,8.0,74.502,0.95,,6,-44.089,2,50,13,926,0.5313
11.561,10.233,0.0,25444.44,8.0,70.76,1.0,,8,-49.111,2,50,13,664,0.5256
10.654,9.537,0.0,3951.38,8.0,93.694,0.8,,0,-92.097,3,50,7,1277,0.5145
11.353,10.054,0.0267,3997.75,8.0,95.2,0.85,,1,-92.004,3,50,9,997,0.5186
11.072,9.883,0.0,3795.19,8.0,94.762,0.9,,3,-92.41,3,50,13,1200,0.5242
11.204,9.834,0.0,12058.69,8.0,88.098,0.95,,6,-75.883,3,50,13,926,0.5313
11.561,10.233,0.0,13456.5,8.0,84.83,1.0,,8,-73.087,3,50,13,664,0.5256
10.15,8.389,0.0,2900.94,8.0,95.621,0.8,,0,-94.198,4,50,5,892,0.5213
11.175,9.754,0.0379,2458.19,8.0,97.331,0.85,,1,-95.084,4,50,7,850,0.5176
11.096,9.912,0.0,2986.25,8.0,96.302,0.9,,3,-94.027,4,50,12,1178,0.5272
11.222,9.94,0.0,2901.38,8.0,96.961,0.95,,4,-94.197,4,50,13,909,0.527
11.561,10.233,0.0,7036.19,8.0,92.562,1.0,,8,-85.928,4,50,13,664,0.5256
10.035,8.346,0.0,2368.94,8.0,96.665,0.8,,0,-95.262,5,50,5,819,0.525
10.267,8.493,0.0385,2295.88,8.0,97.709,0.85,,1,-95.408,5,50,6,673,0.523
10.87,9.891,0.0,2275.31,8.0,97.406,0.9,,1,-95.449,5,50,7,623,0.5104
10.98,9.734,0.0,2209.25,8.0,97.963,0.95,,1,-95.581,5,50,7,481,0.4969
11.593,10.367,0.0,2393.0,8.0,96.966,1.0,,6,-95.214,5,50,12,646,0.5232
10.169,8.537,0.0,1938.0,8.0,97.41,0.8,,0,-96.124,6,50,4,566,0.523
10.256,8.539,0.0322,1892.06,8.0,98.192,0.85,,1,-96.216,6,50,6,662,0.5257
10.154,8.563,0.0,1888.13,8.0,97.973,0.9,,1,-96.224,6,50,6,532,0.5169
10.525,9.596,0.0,1999.25,8.0,98.332,0.95,,1,-96.001,6,50,7,465,0.5011
11.225,9.55,0.0,1879.38,8.0,97.767,1.0,,3,-96.241,6,50,7,342,0.4942
10.249,8.695,0.0,1666.75,8.0,97.901,0.8,,0,-96.667,7,50,3,466,0.5258
10.251,8.684,0.0461,1637.0,8.0,98.476,0.85,,1,-96.726,7,50,5,598,0.5251
10.124,8.522,0.0,1609.44,8.0,98.343,0.9,,1,-96.781,7,50,6,505,0.5248
10.473,9.591,0.0,1594.13,8.0,98.765,0.95,,1,-96.812,7,50,7,459,0.5011
10.694,9.335,0.0,1494.81,8.0,98.325,1.0,,2,-97.01,7,50,7,332,0.497
10.249,8.695,0.0,1391.12,8.0,98.333,0.8,,0,-97.218,8,50,3,466,0.5258
10.097,8.576,0.0,1245.44,8.0,98.886,0.85,,0,-97.509,8,50,5,556,0.5288
10.107,8.721,0.0,1466.38,8.0,98.523,0.9,,1,-97.067,8,50,6,475,0.5263
10.262,9.179,0.0,1485.19,8.0,98.95,0.95,,1,-97.03,8,50,6,399,0.5113
10.48,9.36,0.0,1458.06,8.0,98.452,1.0,,3,-97.084,8,50,7,320,0.5031
10.249,8.695,0.0,1391.12,8.0,98.333,0.8,,0,-97.218,9,50,3,466,0.5258
10.097,8.576,0.0,1245.44,8.0,98.886,0.85,,0,-97.509,9,50,5,556,0.5288
10.107,8.721,0.0,1466.38,8.0,98.523,0.9,,1,-97.067,9,50,6,475,0.5263
10.262,9.179,0.0,1485.19,8.0,98.95,0.95,,1,-97.03,9,50,6,399,0.5113
10.48,9.36,0.0,1458.06,8.0,98.452,1.0,,3,-97.084,9,50,7,320,0.5031
10.249,8.695,0.0,1391.12,8.0,98.333,0.8,,0,-97.218,10,50,3,466,0.5258
10.097,8.576,0.0,1245.44,8.0,98.886,0.85,,0,-97.509,10,50,5,556,0.5288
10.107,8.721,0.0,1466.38,8.0,98.523,0.9,,1,-97.067,10,50,6,475,0.5263
10.262,9.179,0.0,1485.19,8.0,98.95,0.95,,1,-97.03,10,50,6,399,0.5113
10.48,9.36,0.0,1458.06,8.0,98.452,1.0,,3,-97.084,10,50,7,320,0.5031
10.771,9.615,0.1109,20652.06,8.0,64.192,0.8,,3,-58.696,1,55,13,2346,0.5196
11.099,9.88,0.0682,34222.88,8.0,46.392,0.85,,5,-31.554,1,55,13,1578,0.526
11.036,9.798,0.0,40067.44,8.0,39.847,0.9,,5,-19.865,1,55,13,1223,0.5274
11.204,9.834,0.0,44610.0,8.0,44.422,0.95,,7,-10.78,1,55,13,926,0.5313
11.561,10.233,0.0,41213.25,8.0,41.324,1.0,,8,-17.573,1,55,13,664,0.5256
10.771,9.615,0.076,8652.31,8.0,86.907,0.8,,3,-82.695,2,55,13,2346,0.5196
11.099,9.88,0.0379,15518.44,8.0,80.232,0.85,,4,-68.963,2,55,13,1578,0.526
11.036,9.798,0.0079,14580.44,8.0,79.948,0.9,,4,-70.839,2,55,13,1223,0.5274
11.204,9.834,0.0,27955.69,8.0,74.502,0.95,,6,-44.089,2,55,13,926,0.5313
11.561,10.233,0.0,25444.44,8.0,70.76,1.0,,8,-49.111,2,55,13,664,0.5256
10.654,9.537,0.0,3951.38,8.0,93.694,0.8,,0,-92.097,3,55,7,1277,0.5145
11.353,10.054,0.0267,3997.75,8.0,95.2,0.85,,1,-92.004,3,55,9,997,0.5186
11.072,9.883,0.0,3795.19,8.0,94.762,0.9,,3,-92.41,3,55,13,1200,0.5242
11.204,9.834,0.0,12058.69,8.0,88.098,0.95,,6,-75.883,3,55,13,926,0.5313
11.561,10.233,0.0,13456.5,8.0,84.83,1.0,,8,-73.087,3,55,13,664,0.5256
10.15,8.389,0.0,2900.94,8.0,95.621,0.8,,0,-94.198,4,55,5,892,0.5213
11.175,9.754,0.0379,2458.19,8.0,97.331,0.85,,1,-95.084,4,55,7,850,0.5176
11.096,9.912,0.0,2986.25,8.0,96.302,0.9,,3,-94.027,4,55,12,1178,0.5272
11.222,9.94,0.0,2901.38,8.0,96.961,0.95,,4,-94.197,4,55,13,909,0.527
11.561,10.233,0.0,7036.19,8.0,92.562,1.0,,8,-85.928,4,55,13,664,0.5256
10.035,8.346,0.0,2368.94,8.0,96.665,0.8,,0,-95.262,5,55,5,819,0.525
10.267,8.493,0.0385,2295.88,8.0,97.709,0.85,,1,-95.408,5,55,6,673,0.523
10.87,9.891,0.0,2275.31,8.0,97.406,0.9,,1,-95.449,5,55,7,623,0.5104
10.98,9.734,0.0,2209.25,8.0,97.963,0.95,,1,-95.581,5,55,7,481,0.4969
11.593,10.367,0.0,2393.0,8.0,96.966,1.0,,6,-95.214,5,55,12,646,0.5232
10.169,8.537,0.0,1938.0,8.0,97.41,0.8,,0,-96.124,6,55,4,566,0.523
10.256,8.539,0.0322,1892.06,8.0,98.192,0.85,,1,-96.216,6,55,6,662,0.5257
10.154,8.563,0.0,1888.13,8.0,97.973,0.9,,1,-96.224,6,55,6,532,0.5169
10.525,9.596,0.0,1999.25,8.0,98.332,0.95,,1,-96.001,6,55,7,465,0.5011
11.225,9.55,0.0,1879.38,8.0,97.767,1.0,,3,-96.241,6,55,7,342,0.4942
10.249,8.695,0.0,1666.75,8.0,97.901,0.8,,0,-96.667,7,55,3,466,0.5258
10.251,8.684,0.0461,1637.0,8.0,98.476,0.85,,1,-96.726,7,55,5,598,0.5251
10.124,8.522,0.0,1609.44,8.0,98.343,0.9,,1,-96.781,7,55,6,505,0.5248
10.473,9.591,0.0,1594.13,8.0,98.765,0.95,,1,-96.812,7,55,7,459,0.5011
10.694,9.335,0.0,1494.81,8.0,98.325,1.0,,2,-97.01,7,55,7,332,0.497
10.249,8.695,0.0,1391.12,8.0,98.333,0.8,,0,-97.218,8,55,3,466,0.5258
10.097,8.576,0.0,1245.44,8.0,98.886,0.85,,0,-97.509,8,55,5,556,0.5288
10.107,8.721,0.0,1466.38,8.0,98.523,0.9,,1,-97.067,8,55,6,475,0.5263
10.262,9.179,0.0,1485.19,8.0,98.95,0.95,,1,-97.03,8,55,6,399,0.5113
10.48,9.36,0.0,1458.06,8.0,98.452,1.0,,3,-97.084,8,55,7,320,0.5031
10.249,8.695,0.0,1391.12,8.0,98.333,0.8,,0,-97.218,9,55,3,466,0.5258
10.097,8.576,0.0,1245.44,8.0,98.886,0.85,,0,-97.509,9,55,5,556,0.5288
10.107,8.721,0.0,1466.38,8.0,98.523,0.9,,1,-97.067,9,55,6,475,0.5263
10.262,9.179,0.0,1485.19,8.0,98.95,0.95,,1,-97.03,9,55,6,399,0.5113
10.48,9.36,0.0,1458.06,8.0,98.452,1.0,,3,-97.084,9,55,7,320,0.5031
10.249,8.695,0.0,1391.12,8.0,98.333,0.8,,0,-97.218,10,55,3,466,0.5258
10.097,8.576,0.0,1245.44,8.0,98.886,0.85,,0,-97.509,10,55,5,556,0.5288
10.107,8.721,0.0,1466.38,8.0,98.523,0.9,,1,-97.067,10,55,6,475,0.5263
10.262,9.179,0.0,1485.19,8.0,98.95,0.95,,1,-97.03,10,55,6,399,0.5113
10.48,9.36,0.0,1458.06,8.0,98.452,1.0,,3,-97.084,10,55,7,320,0.5031
10.771,9.615,0.1109,20652.06,8.0,64.192,0.8,,3,-58.696,1,60,13,2346,0.5196
11.099,9.88,0.0682,34222.88,8.0,46.392,0.85,,5,-31.554,1,60,13,1578,0.526
11.036,9.798,0.0,40067.44,8.0,39.847,0.9,,5,-19.865,1,60,13,1223,0.5274
11.204,9.834,0.0,44610.0,8.0,44.422,0.95,,7,-10.78,1,60,13,926,0.5313
11.561,10.233,0.0,41213.25,8.0,41.324,1.0,,8,-17.573,1,60,13,664,0.5256
10.771,9.615,0.076,8652.31,8.0,86.907,0.8,,3,-82.695,2,60,13,2346,0.5196
11.099,9.88,0.0379,15518.44,8.0,80.232,0.85,,4,-68.963,2,60,13,1578,0.526
11.036,9.798,0.0079,14580.44,8.0,79.948,0.9,,4,-70.839,2,60,13,1223,0.5274
11.204,9.834,0.0,27955.69,8.0,74.502,0.95,,6,-44.089,2,60,13,926,0.5313
11.561,10.233,0.0,25444.44,8.0,70.76,1.0,,8,-49.111,2,60,13,664,0.5256
10.654,9.537,0.0,3951.38,8.0,93.694,0.8,,0,-92.097,3,60,7,1277,0.5145
11.353,10.054,0.0267,3997.75,8.0,95.2,0.85,,1,-92.004,3,60,9,997,0.5186
11.072,9.883,0.0,3795.19,8.0,94.762,0.9,,3,-92.41,3,60,13,1200,0.5242
11.204,9.834,0.0,12058.69,8.0,88.098,0.95,,6,-75.883,3,60,13,926,0.5313
11.561,10.233,0.0,13456.5,8.0,84.83,1.0,,8,-73.087,3,60,13,664,0.5256
10.15,8.389,0.0,2900.94,8.0,95.621,0.8,,0,-94.198,4,60,5,892,0.5213
11.175,9.754,0.0379,2458.19,8.0,97.331,0.85,,1,-95.084,4,60,7,850,0.5176
11.096,9.912,0.0,2986.25,8.0,96.302,0.9,,3,-94.027,4,60,12,1178,0.5272
11.222,9.94,0.0,2901.38,8.0,96.961,0.95,,4,-94.197,4,60,13,909,0.527
11.561,10.233,0.0,7036.19,8.0,92.562,1.0,,8,-85.928,4,60,13,664,0.5256
10.035,8.346,0.0,2368.94,8.0,96.665,0.8,,0,-95.262,5,60,5,819,0.525
10.267,8.493,0.0385,2295.88,8.0,97.709,0.85,,1,-95.408,5,60,6,673,0.523
10.87,9.891,0.0,2275.31,8.0,97.406,0.9,,1,-95.449,5,60,7,623,0.5104
10.98,9.734,0.0,2209.25,8.0,97.963,0.95,,1,-95.581,5,60,7,481,0.4969
11.593,10.367,0.0,2393.0,8.0,96.966,1.0,,6,-95.214,5,60,12,646,0.5232
10.169,8.537,0.0,1938.0,8.0,97.41,0.8,,0,-96.124,6,60,4,566,0.523
10.256,8.539,0.0322,1892.06,8.0,98.192,0.85,,1,-96.216,6,60,6,662,0.5257
10.154,8.563,0.0,1888.13,8.0,97.973,0.9,,1,-96.224,6,60,6,532,0.5169
10.525,9.596,0.0,1999.25,8.0,98.332,0.95,,1,-96.001,6,60,7,465,0.5011
11.225,9.55,0.0,1879.38,8.0,97.767,1.0,,3,-96.241,6,60,7,342,0.4942
10.249,8.695,0.0,1666.75,8.0,97.901,0.8,,0,-96.667,7,60,3,466,0.5258
10.251,8.684,0.0461,1637.0,8.0,98.476,0.85,,1,-96.726,7,60,5,598,0.5251
10.124,8.522,0.0,1609.44,8.0,98.343,0.9,,1,-96.781,7,60,6,505,0.5248
10.473,9.591,0.0,1594.13,8.0,98.765,0.95,,1,-96.812,7,60,7,459,0.5011
10.694,9.335,0.0,1494.81,8.0,98.325,1.0,,2,-97.01,7,60,7,332,0.497
10.249,8.695,0.0,1391.12,8.0,98.333,0.8,,0,-97.218,8,60,3,466,0.5258
10.097,8.576,0.0,1245.44,8.0,98.886,0.85,,0,-97.509,8,60,5,556,0.5288
10.107,8.721,0.0,1466.38,8.0,98.523,0.9,,1,-97.067,8,60,6,475,0.5263
10.262,9.179,0.0,1485.19,8.0,98.95,0.95,,1,-97.03,8,60,6,399,0.5113
10.48,9.36,0.0,1458.06,8.0,98.452,1.0,,3,-97.084,8,60,7,320,0.5031
10.249,8.695,0.0,1391.12,8.0,98.333,0.8,,0,-97.218,9,60,3,466,0.5258
10.097,8.576,0.0,1245.44,8.0,98.886,0.85,,0,-97.509,9,60,5,556,0.5288
10.107,8.721,0.0,1466.38,8.0,98.523,0.9,,1,-97.067,9,60,6,475,0.5263
10.262,9.179,0.0,1485.19,8.0,98.95,0.95,,1,-97.03,9,60,6,399,0.5113
10.48,9.36,0.0,1458.06,8.0,98.452,1.0,,3,-97.084,9,60,7,320,0.5031
10.249,8.695,0.0,1391.12,8.0,98.333,0.8,,0,-97.218,10,60,3,466,0.5258
10.097,8.576,0.0,1245.44,8.0,98.886,0.85,,0,-97.509,10,60,5,556,0.5288
10.107,8.721,0.0,1466.38,8.0,98.523,0.9,,1,-97.067,10,60,6,475,0.5263
10.262,9.179,0.0,1485.19,8.0,98.95,0.95,,1,-97.03,10,60,6,399,0.5113
10.48,9.36,0.0,1458.06,8.0,98.452,1.0,,3,-97.084,10,60,7,320,0.5031
9.269,9.482,0.0,37642.81,8.5,43.894,0.8,,5,-24.714,1,5,13,2376,0.4924
9.561,9.962,0.0,48778.5,8.5,37.203,0.85,,7,-2.443,1,5,13,1596,0.4931
9.355,10.002,0.0,51181.69,8.5,31.778,0.9,,8,2.363,1,5,13,1235,0.4915
9.443,10.017,0.0,48328.75,8.5,40.729,0.95,,8,-3.342,1,5,13,937,0.492
10.075,10.389,0.0,47957.75,8.5,35.389,1.0,,9,-4.084,1,5,13,667,0.4948
9.269,9.482,0.0,16984.94,8.5,81.999,0.8,,4,-66.03,2,5,13,2376,0.4924
9.561,9.962,0.0,28691.13,8.5,72.02,0.85,,5,-42.618,2,5,13,1596,0.4931
9.355,10.002,0.0,35725.25,8.5,66.562,0.9,,7,-28.549,2,5,13,1235,0.4915
9.443,10.017,0.0,45523.94,8.5,68.889,0.95,,7,-8.952,2,5,13,937,0.492
10.075,10.389,0.0,36016.19,8.5,61.701,1.0,,8,-27.968,2,5,13,667,0.4948
9.269,9.482,0.0,6218.94,8.5,95.389,0.8,,4,-87.562,3,5,13,2376,0.4924
9.561,9.962,0.0,10642.94,8.5,90.405,0.85,,5,-78.714,3,5,13,1596,0.4931
9.355,10.002,0.0,19266.06,8.5,84.991,0.9,,6,-61.468,3,5,13,1235,0.4915
9.443,10.017,0.0,26113.38,8.5,85.357,0.95,,8,-47.773,3,5,13,937,0.492
10.075,10.389,0.0,24337.13,8.5,80.309,1.0,,8,-51.326,3,5,13,667,0.4948
9.158,9.55,0.0,3086.88,8.5,97.247,0.8,,2,-93.826,4,5,8,1323,0.4837
9.561,9.962,0.0,6247.38,8.5,95.744,0.85,,5,-87.505,4,5,13,1596,0.4931
9.355,10.002,0.0,8999.69,8.5,93.457,0.9,,7,-82.001,4,5,13,1235,0.4915
9.443,10.017,0.0,16971.81,8.5,92.768,0.95,,7,-66.056,4,5,13,937,0.492
10.075,10.389,0.0,13955.69,8.5,88.949,1.0,,8,-72.089,4,5,13,667,0.4948
8.306,8.276,0.0,2362.81,8.5,98.248,0.8,,2,-95.274,5,5,6,1012,0.4862
9.518,9.934,0.0,2380.75,8.5,97.444,0.85,,1,-95.238,5,5,7,838,0.4785
9.337,10.213,0.0,2369.81,8.5,97.186,0.9,,2,-95.26,5,5,7,637,0.4647
9.382,10.015,0.0,2470.0,8.5,97.632,0.95,,2,-95.06,5,5,7,488,0.4529
10.075,10.389,0.0,6243.44,8.5,94.466,1.0,,7,-87.513,5,5,13,667,0.4948
8.288,8.276,0.0,2077.13,8.5,98.659,0.8,,1,-95.846,6,5,6,1008,0.4881
8.611,8.631,0.0,1956.81,8.5,98.03,0.85,,1,-96.086,6,5,6,681,0.4787
9.003,10.103,0.0,2092.44,8.5,97.638,0.9,,2,-95.815,6,5,7,617,0.47
9.263,10.015,0.0,2039.06,8.5,98.213,0.95,,2,-95.922,6,5,7,483,0.4555
10.075,10.389,0.0,2795.94,8.5,97.261,1.0,,6,-94.408,6,5,13,667,0.4948
8.054,8.281,0.0,1735.0,8.5,99.02,0.8,,1,-96.53,7,5,5,838,0.4821
8.608,8.665,0.0,1767.81,8.5,98.365,0.85,,1,-96.464,7,5,6,675,0.48
8.472,8.815,0.0,1811.56,8.5,98.092,0.9,,2,-96.377,7,5,6,539,0.4675
9.263,10.015,0.0,807.5,8.5,99.356,0.95,,2,-98.385,7,5,7,483,0.4555
9.603,9.822,0.0,1802.38,8.5,97.96,1.0,,3,-96.395,7,5,7,342,0.4561
8.157,8.159,0.0,1443.63,8.5,99.266,0.8,,1,-97.113,8,5,4,555,0.4829
8.346,8.612,0.0,1546.88,8.5,98.624,0.85,,1,-96.906,8,5,5,574,0.4739
8.393,8.744,0.0,1458.06,8.5,98.521,0.9,,2,-97.084,8,5,6,518,0.473
8.859,9.873,0.0,1434.44,8.5,98.923,0.95,,2,-97.131,8,5,7,472,0.4555
9.581,9.822,0.0,889.75,8.5,99.063,1.0,,3,-98.22,8,5,7,341,0.4575
8.157,8.159,0.0,1400.75,8.5,99.336,0.8,,1,-97.198,9,5,4,555,0.4829
8.36,8.659,0.0,1413.0,8.5,98.765,0.85,,1,-97.174,9,5,5,564,0.4734
8.397,8.767,0.0,1247.19,8.5,98.745,0.9,,1,-97.506,9,5,6,511,0.4755
8.547,9.495,0.0,1402.06,8.5,98.988,0.95,,2,-97.196,9,5,6,410,0.4561
9.063,9.596,0.0,1306.69,8.5,98.659,1.0,,3,-97.387,9,5,7,333,0.4565
8.157,8.159,0.0,1400.75,8.5,99.336,0.8,,1,-97.198,10,5,4,555,0.4829
8.36,8.659,0.0,1413.0,8.5,98.765,0.85,,1,-97.174,10,5,5,564,0.4734
8.397,8.767,0.0,1247.19,8.5,98.745,0.9,,1,-97.506,10,5,6,511,0.4755
8.547,9.495,0.0,1402.06,8.5,98.988,0.95,,2,-97.196,10,5,6,410,0.4561
9.063,9.596,0.0,1306.69,8.5,98.659,1.0,,3,-97.387,10,5,7,333,0.4565
10.681,9.564,0.0504,36428.75,8.5,46.6,0.8,,5,-27.142,1,10,13,2334,0.5266
11.029,9.968,0.0214,44226.31,8.5,40.461,0.85,,5,-11.547,1,10,13,1573,0.5308
10.97,9.898,0.0031,51879.94,8.5,32.075,0.9,,9,3.76,1,10,13,1221,0.534
10.919,9.939,0.0,57780.06,8.5,39.84,0.95,,8,15.56,1,10,13,926,0.5356
11.378,10.272,0.0,54056.5,8.5,33.856,1.0,,9,8.113,1,10,13,664,0.5361
10.681,9.564,0.0,15884.19,8.5,83.234,0.8,,5,-68.232,2,10,13,2334,0.5266
11.029,9.968,0.0,31303.0,8.5,73.735,0.85,,6,-37.394,2,10,13,1573,0.5308
10.97,9.898,0.0,35116.25,8.5,62.965,0.9,,8,-29.768,2,10,13,1221,0.534
10.919,9.939,0.0,54056.5,8.5,68.146,0.95,,7,8.113,2,10,13,926,0.5356
11.378,10.272,0.0,50442.31,8.5,59.197,1.0,,9,0.885,2,10,13,664,0.5361
10.681,9.564,0.0,7390.56,8.5,94.114,0.8,,5,-85.219,3,10,13,2334,0.5266
11.029,9.968,0.0,14968.5,8.5,90.632,0.85,,4,-70.063,3,10,13,1573,0.5308
10.97,9.898,0.0,16682.19,8.5,83.327,0.9,,6,-66.636,3,10,13,1221,0.534
10.919,9.939,0.0,37104.25,8.5,83.729,0.95,,7,-25.791,3,10,13,926,0.5356
11.378,10.272,0.0,33620.44,8.5,78.412,1.0,,9,-32.759,3,10,13,664,0.5361
10.706,9.492,0.0,2445.94,8.5,97.566,0.8,,2,-95.108,4,10,7,1264,0.5277
11.514,10.136,0.0124,3164.31,8.5,96.763,0.85,,1,-93.671,4,10,9,992,0.5282
10.97,9.898,0.0,9275.75,8.5,91.732,0.9,,5,-81.448,4,10,13,1221,0.534
10.919,9.939,0.0,17815.75,8.5,92.598,0.95,,6,-64.368,4,10,13,926,0.5356
11.378,10.272,0.0,18978.63,8.5,88.091,1.0,,9,-62.043,4,10,13,664,0.5361
9.999,8.251,0.0,2456.44,8.5,97.823,0.8,,2,-95.087,5,10,6,985,0.533
11.185,9.848,0.0377,2342.25,8.5,97.778,0.85,,1,-95.315,5,10,7,824,0.5267
11.401,10.291,0.0,2490.13,8.5,96.835,0.9,,2,-95.02,5,10,9,757,0.5271
10.919,9.939,0.0,4799.69,8.5,96.909,0.95,,5,-90.401,5,10,13,926,0.5356
11.378,10.272,0.0,8081.38,8.5,94.15,1.0,,7,-83.837,5,10,13,664,0.5361
9.825,8.253,0.0,2033.38,8.5,98.393,0.8,,0,-95.933,6,10,5,813,0.5326
10.884,9.735,0.0,1878.06,8.5,98.328,0.85,,0,-96.244,6,10,7,787,0.5299
11.014,10.019,0.0,2024.19,8.5,97.587,0.9,,2,-95.952,6,10,7,622,0.5209
11.015,9.8,0.0,1943.25,8.5,98.427,0.95,,2,-96.114,6,10,7,477,0.5115
11.378,10.272,0.0,3006.38,8.5,97.017,1.0,,4,-93.987,6,10,13,664,0.5361
9.824,8.271,0.0,1747.69,8.5,98.752,0.8,,0,-96.505,7,10,5,810,0.5333
10.394,8.662,0.0,1806.75,8.5,98.424,0.85,,0,-96.386,7,10,6,662,0.5332
10.67,9.95,0.0,1788.38,8.5,98.0,0.9,,2,-96.423,7,10,7,604,0.5248
10.979,9.8,0.0,1647.06,8.5,98.788,0.95,,2,-96.706,7,10,7,475,0.5137
11.316,9.53,0.0,1748.13,8.5,98.094,1.0,,3,-96.504,7,10,7,343,0.5131
9.956,8.425,0.0,1564.38,8.5,98.953,0.8,,0,-96.871,8,10,4,555,0.5351
10.404,8.816,0.0,1571.38,8.5,98.681,0.85,,0,-96.857,8,10,6,609,0.5304
10.233,8.655,0.0,1486.94,8.5,98.442,0.9,,2,-97.026,8,10,6,514,0.5292
10.511,9.664,0.0,1539.44,8.5,98.959,0.95,,2,-96.921,8,10,7,458,0.5153
11.248,9.528,0.0,1473.81,8.5,98.486,1.0,,3,-97.052,8,10,7,339,0.5162
9.956,8.425,0.0,1405.56,8.5,99.088,0.8,,0,-97.189,9,10,4,555,0.5351
10.111,8.664,0.0,1288.31,8.5,98.957,0.85,,0,-97.423,9,10,5,551,0.5299
10.188,8.655,0.0,1438.81,8.5,98.53,0.9,,2,-97.122,9,10,6,511,0.5323
10.511,9.664,0.0,1455.87,8.5,99.045,0.95,,2,-97.088,9,10,7,458,0.5153
11.248,9.528,0.0,917.75,8.5,99.085,1.0,,3,-98.164,9,10,7,339,0.5162
9.956,8.425,0.0,1405.56,8.5,99.088,0.8,,0,-97.189,10,10,4,555,0.5351
10.111,8.664,0.0,1288.31,8.5,98.957,0.85,,0,-97.423,10,10,5,551,0.5299
10.188,8.655,0.0,1438.81,8.5,98.53,0.9,,2,-97.122,10,10,6,511,0.5323
10.511,9.664,0.0,1455.87,8.5,99.045,0.95,,2,-97.088,10,10,7,458,0.5153
11.248,9.528,0.0,917.75,8.5,99.085,1.0,,3,-98.164,10,10,7,339,0.5162
11.072,9.59,0.0394,32332.0,8.5,48.736,0.8,,6,-35.336,1,15,13,2328,0.5331
11.51,9.922,0.0948,35179.69,8.5,42.459,0.85,,3,-29.641,1,15,13,1569,0.536
11.472,9.846,0.0,45433.81,8.5,33.347,0.9,,8,-9.132,1,15,13,1219,0.5398
11.478,9.898,0.0,48299.0,8.5,41.019,0.95,,7,-3.402,1,15,13,924,0.5422
11.862,10.253,0.0,48257.0,8.5,34.401,1.0,,8,-3.486,1,15,13,663,0.54
11.072,9.59,0.0,10384.81,8.5,86.302,0.8,,4,-79.23,2,15,13,2328,0.5331
11.51,9.922,0.0217,19965.19,8.5,74.602,0.85,,4,-60.07,2,15,13,1569,0.536
11.472,9.846,0.0,26330.38,8.5,64.664,0.9,,6,-47.339,2,15,13,1219,0.5398
11.478,9.898,0.0,37934.19,8.5,69.598,0.95,,7,-24.132,2,15,13,924,0.5422
11.862,10.253,0.0,35216.0,8.5,62.769,1.0,,8,-29.568,2,15,13,663,0.54
11.099,9.694,0.0,4186.31,8.5,94.701,0.8,,4,-91.627,3,15,13,2291,0.5295
11.51,9.922,0.0261,6747.44,8.5,92.801,0.85,,4,-86.505,3,15,13,1569,0.536
11.472,9.846,0.0,8227.94,8.5,89.806,0.9,,5,-83.544,3,15,13,1219,0.5398
11.478,9.898,0.0,23258.69,8.5,84.674,0.95,,6,-53.483,3,15,13,924,0.5422
11.862,10.253,0.0,25028.38,8.5,77.848,1.0,,8,-49.943,3,15,13,663,0.54
10.866,9.494,0.0,2374.63,8.5,97.337,0.8,,1,-95.251,4,15,7,1261,0.5329
11.695,10.088,0.0167,3090.38,8.5,96.782,0.85,,1,-93.819,4,15,9,989,0.5319
11.525,9.93,0.0,3183.56,8.5,95.431,0.9,,4,-93.633,4,15,13,1196,0.5368
11.478,9.898,0.0,10523.94,8.5,92.964,0.95,,6,-78.952,4,15,13,924,0.5422
11.862,10.253,0.0,13301.19,8.5,87.753,1.0,,8,-73.398,4,15,13,663,0.54
10.178,8.248,0.0026,2543.06,8.5,97.442,0.8,,1,-94.914,5,15,6,982,0.5397
11.363,9.792,0.0,2290.63,8.5,97.806,0.85,,0,-95.419,5,15,7,821,0.5311
11.292,9.955,0.0096,2521.19,8.5,96.551,0.9,,2,-94.958,5,15,7,628,0.5207
11.478,9.898,0.0,4862.69,8.5,96.192,0.95,,5,-90.275,5,15,13,924,0.5422
11.862,10.253,0.0,4807.56,8.5,94.615,1.0,,7,-90.385,5,15,13,663,0.54
10.002,8.318,0.0287,2099.0,8.5,98.061,0.8,,1,-95.802,6,15,5,817,0.5361
11.293,9.782,0.0,2074.06,8.5,98.111,0.85,,0,-95.852,6,15,7,807,0.5328
11.194,9.956,0.0087,2085.44,8.5,97.319,0.9,,2,-95.829,6,15,7,620,0.5258
11.211,9.801,0.0,1886.81,8.5,98.344,0.95,,2,-96.226,6,15,7,480,0.5104
11.876,10.352,0.0,2096.38,8.5,97.484,1.0,,3,-95.807,6,15,9,418,0.5239
9.975,8.305,0.0371,1735.0,8.5,98.476,0.8,,1,-96.53,7,15,5,807,0.5403
10.6,8.615,0.0,1726.25,8.5,98.452,0.85,,0,-96.547,7,15,6,655,0.5389
10.863,9.886,0.0,1707.44,8.5,97.921,0.9,,1,-96.585,7,15,7,603,0.529
11.107,9.8,0.0,1659.75,8.5,98.673,0.95,,2,-96.68,7,15,7,475,0.5137
11.351,9.528,0.0,1186.38,8.5,98.668,1.0,,3,-97.627,7,15,7,339,0.5162
9.892,8.195,0.0316,1580.56,8.5,98.678,0.8,,1,-96.839,8,15,5,706,0.5425
10.62,8.747,0.0,1463.75,8.5,98.684,0.85,,0,-97.072,8,15,6,606,0.5363
10.414,8.589,0.0,1545.56,8.5,98.216,0.9,,0,-96.909,8,15,6,510,0.5373
10.644,9.664,0.0,1571.38,8.5,98.829,0.95,,2,-96.857,8,15,7,458,0.5153
11.351,9.528,0.0,1189.0,8.5,98.736,1.0,,3,-97.622,8,15,7,339,0.5162
10.167,8.486,0.0,1356.56,8.5,98.878,0.8,,0,-97.287,9,15,4,558,0.5394
10.25,8.646,0.0,1457.19,8.5,98.688,0.85,,0,-97.086,9,15,5,547,0.5356
10.445,8.62,0.0086,1219.19,8.5,98.617,0.9,,1,-97.562,9,15,6,501,0.5409
10.644,9.664,0.0,1429.19,8.5,98.963,0.95,,2,-97.142,9,15,7,458,0.5153
10.809,9.32,0.0,1340.38,8.5,98.617,1.0,,3,-97.319,9,15,7,331,0.5166
10.167,8.486,0.0,1356.56,8.5,98.878,0.8,,0,-97.287,10,15,4,558,0.5394
10.25,8.646,0.0,1457.19,8.5,98.688,0.85,,0,-97.086,10,15,5,547,0.5356
10.445,8.62,0.0086,1219.19,8.5,98.617,0.9,,1,-97.562,10,15,6,501,0.5409
10.644,9.664,0.0,1429.19,8.5,98.963,0.95,,2,-97.142,10,15,7,458,0.5153
10.809,9.32,0.0,1340.38,8.5,98.617,1.0,,3,-97.319,10,15,7,331,0.5166
11.154,9.609,0.0217,35320.12,8.5,45.277,0.8,,7,-29.36,1,20,13,2325,0.5359
11.592,9.922,0.0814,33955.56,8.5,46.434,0.85,,3,-32.089,1,20,13,1568,0.537
11.55,9.856,0.0,44746.94,8.5,33.38,0.9,,6,-10.506,1,20,13,1218,0.5402
11.582,9.912,0.0,50082.69,8.5,41.293,0.95,,7,0.165,1,20,13,923,0.5428
11.979,10.255,0.0,47700.06,8.5,34.474,1.0,,8,-4.6,1,20,13,663,0.5415
11.154,9.609,0.0,13575.06,8.5,82.858,0.8,,5,-72.85,2,20,13,2325,0.5359
11.592,9.922,0.0237,19317.25,8.5,74.666,0.85,,4,-61.365,2,20,13,1568,0.537
11.55,9.856,0.0,24684.94,8.5,65.869,0.9,,5,-50.63,2,20,13,1218,0.5402
11.582,9.912,0.0,37103.38,8.5,69.863,0.95,,6,-25.793,2,20,13,923,0.5428
11.979,10.255,0.0,35085.63,8.5,62.358,1.0,,8,-29.829,2,20,13,663,0.5415
11.174,9.842,0.0,4125.94,8.5,94.771,0.8,,2,-91.748,3,20,9,1664,0.5264
11.592,9.922,0.0388,5389.88,8.5,94.246,0.85,,4,-89.22,3,20,13,1568,0.537
11.55,9.856,0.0,10173.94,8.5,87.694,0.9,,3,-79.652,3,20,13,1218,0.5402
11.582,9.912,0.0,22250.69,8.5,84.209,0.95,,6,-55.499,3,20,13,923,0.5428
11.979,10.255,0.0,22828.63,8.5,77.779,1.0,,8,-54.343,3,20,13,663,0.5415
10.914,9.51,0.0,3047.5,8.5,96.566,0.8,,1,-93.905,4,20,8,1296,0.5316
11.785,10.088,0.0203,2963.06,8.5,96.905,0.85,,1,-94.074,4,20,9,986,0.5345
11.586,9.941,0.0,3099.13,8.5,95.421,0.9,,4,-93.802,4,20,13,1195,0.5372
11.582,9.912,0.0,9816.94,8.5,92.495,0.95,,6,-80.366,4,20,13,923,0.5428
11.979,10.255,0.0,9792.88,8.5,88.712,1.0,,7,-80.414,4,20,13,663,0.5415
10.74,9.47,0.0,2406.56,8.5,97.582,0.8,,1,-95.187,5,20,7,1208,0.5373
11.461,9.793,0.0,2293.25,8.5,97.799,0.85,,0,-95.413,5,20,7,820,0.5329
11.396,9.977,0.0239,2387.75,8.5,96.708,0.9,,2,-95.224,5,20,7,627,0.5215
11.582,9.912,0.0,3778.13,8.5,96.854,0.95,,4,-92.444,5,20,13,923,0.5428
11.979,10.255,0.0,4253.69,8.5,94.713,1.0,,7,-91.493,5,20,13,663,0.5415
10.291,8.307,0.0025,1985.69,8.5,98.134,0.8,,1,-96.029,6,20,6,978,0.544
11.393,9.783,0.0,2001.44,8.5,98.176,0.85,,0,-95.997,6,20,7,806,0.5347
11.025,9.872,0.0224,2045.63,8.5,97.313,0.9,,2,-95.909,6,20,7,606,0.5297
11.277,9.829,0.0,2113.88,8.5,98.143,0.95,,2,-95.772,6,20,7,476,0.5126
12.043,10.355,0.0,2123.06,8.5,97.439,1.0,,3,-95.754,6,20,9,418,0.5263
10.083,8.376,0.0352,1740.69,8.5,98.461,0.8,,1,-96.519,7,20,5,806,0.5434
10.72,8.619,0.0,1803.69,8.5,98.351,0.85,,0,-96.393,7,20,6,654,0.5413
10.591,8.681,0.0136,1773.06,8.5,97.794,0.9,,1,-96.454,7,20,6,528,0.5322
11.244,9.829,0.0,1361.38,8.5,98.891,0.95,,2,-97.277,7,20,7,474,0.5148
11.564,9.535,0.0,1729.31,8.5,98.013,1.0,,3,-96.541,7,20,7,340,0.5176
10.028,8.276,0.0305,1577.5,8.5,98.673,0.8,,1,-96.845,8,20,5,706,0.5453
10.749,8.751,0.0,1482.56,8.5,98.633,0.85,,0,-97.035,8,20,6,605,0.5388
10.543,8.614,0.0026,1527.63,8.5,98.191,0.9,,1,-96.945,8,20,6,509,0.5383
10.785,9.693,0.0,1511.44,8.5,98.836,0.95,,2,-96.977,8,20,7,457,0.5164
11.55,9.535,0.0,1426.56,8.5,98.453,1.0,,3,-97.147,8,20,7,339,0.5192
10.188,8.542,0.0698,1430.5,8.5,98.813,0.8,,1,-97.139,9,20,4,558,0.5394
10.422,8.651,0.0,1248.5,8.5,98.817,0.85,,0,-97.503,9,20,5,548,0.5365
10.569,8.645,0.0,1466.81,8.5,98.297,0.9,,0,-97.066,9,20,6,501,0.5409
10.785,9.693,0.0,1403.38,8.5,98.95,0.95,,2,-97.193,9,20,7,457,0.5164
11.01,9.329,0.0,1370.56,8.5,98.545,1.0,,3,-97.259,9,20,7,331,0.5196
10.188,8.542,0.0698,1430.5,8.5,98.813,0.8,,1,-97.139,10,20,4,558,0.5394
10.422,8.651,0.0,1248.5,8.5,98.817,0.85,,0,-97.503,10,20,5,548,0.5365
10.569,8.645,0.0,1466.81,8.5,98.297,0.9,,0,-97.066,10,20,6,501,0.5409
10.785,9.693,0.0,1403.38,8.5,98.95,0.95,,2,-97.193,10,20,7,457,0.5164
11.01,9.329,0.0,1370.56,8.5,98.545,1.0,,3,-97.259,10,20,7,331,0.5196
11.252,9.624,0.0489,34069.75,8.5,44.514,0.8,,5,-31.86,1,25,13,2323,0.5364
11.648,9.902,0.0812,32153.94,8.5,48.356,0.85,,3,-35.692,1,25,13,1567,0.5373
11.595,9.83,0.0,44683.5,8.5,32.909,0.9,,7,-10.633,1,25,13,1217,0.5407
11.647,9.878,0.0,46806.69,8.5,40.319,0.95,,6,-6.387,1,25,13,922,0.5434
12.018,10.255,0.0,46721.38,8.5,34.392,1.0,,8,-6.557,1,25,13,663,0.5415
11.252,9.624,0.052,12821.69,8.5,80.569,0.8,,4,-74.357,2,25,13,2323,0.5364
11.648,9.902,0.0577,14583.06,8.5,81.387,0.85,,4,-70.834,2,25,13,1567,0.5373
11.595,9.83,0.0313,19373.25,8.5,70.48,0.9,,5,-61.253,2,25,13,1217,0.5407
11.647,9.878,0.0,35334.56,8.5,68.937,0.95,,6,-29.331,2,25,13,922,0.5434
12.018,10.255,0.0,34743.06,8.5,61.543,1.0,,7,-30.514,2,25,13,663,0.5415
11.252,9.624,0.041,5447.19,8.5,93.398,0.8,,4,-89.106,3,25,13,2323,0.5364
11.648,9.902,0.0404,5938.94,8.5,93.592,0.85,,4,-88.122,3,25,13,1567,0.5373
11.595,9.83,0.0,11161.81,8.5,85.212,0.9,,5,-77.676,3,25,13,1217,0.5407
11.647,9.878,0.0,18417.31,8.5,85.193,0.95,,6,-63.165,3,25,13,922,0.5434
12.018,10.255,0.0,22858.38,8.5,78.649,1.0,,7,-54.283,3,25,13,663,0.5415
11.074,9.55,0.0314,3088.63,8.5,95.622,0.8,,1,-93.823,4,25,8,1284,0.5335
11.844,10.056,0.026,2999.38,8.5,96.867,0.85,,1,-94.001,4,25,9,985,0.535
11.632,9.914,0.0196,3149.0,8.5,95.347,0.9,,4,-93.702,4,25,13,1194,0.5377
11.647,9.878,0.0,9605.63,8.5,92.655,0.95,,6,-80.789,4,25,13,922,0.5434
12.018,10.255,0.0,9986.25,8.5,88.716,1.0,,7,-80.027,4,25,13,663,0.5415
10.468,8.341,0.0473,2388.19,8.5,96.88,0.8,,1,-95.224,5,25,6,980,0.5429
11.513,9.754,0.0,2524.69,8.5,97.576,0.85,,0,-94.951,5,25,7,818,0.5342
11.47,9.925,0.0293,2378.56,8.5,96.721,0.9,,1,-95.243,5,25,7,626,0.5224
11.671,10.006,0.0,2519.44,8.5,97.552,0.95,,3,-94.961,5,25,12,889,0.5411
12.018,10.255,0.0,4004.75,8.5,95.039,1.0,,6,-91.99,5,25,13,663,0.5415
10.316,8.399,0.0485,2106.44,8.5,97.432,0.8,,1,-95.787,6,25,5,811,0.5413
10.794,8.525,0.0,1963.38,8.5,98.21,0.85,,0,-96.073,6,25,6,663,0.54
11.102,9.819,0.0203,1976.5,8.5,97.404,0.9,,1,-96.047,6,25,7,605,0.5306
11.36,9.759,0.0,2106.0,8.5,98.15,0.95,,1,-95.788,6,25,7,474,0.5148
12.033,10.374,0.0,1979.56,8.5,97.612,1.0,,4,-96.041,6,25,12,645,0.5395
10.32,8.417,0.0237,1818.56,8.5,97.933,0.8,,1,-96.363,7,25,5,804,0.5448
10.805,8.571,0.0,1799.31,8.5,98.355,0.85,,0,-96.401,7,25,6,653,0.5421
10.675,8.553,0.0,1674.19,8.5,97.917,0.9,,0,-96.652,7,25,6,511,0.5362
11.35,9.759,0.0,769.44,8.5,99.373,0.95,,1,-98.461,7,25,7,473,0.5159
11.619,9.535,0.0,1697.38,8.5,98.05,1.0,,3,-96.605,7,25,7,340,0.5176
10.495,8.556,0.0203,1574.44,8.5,98.309,0.8,,1,-96.851,8,25,4,539,0.5417
10.523,8.593,0.0,1338.19,8.5,98.766,0.85,,0,-97.324,8,25,5,547,0.5375
10.662,8.583,0.0,1577.06,8.5,98.132,0.9,,0,-96.846,8,25,6,500,0.542
10.893,9.621,0.0,1592.81,8.5,98.773,0.95,,1,-96.814,8,25,7,456,0.5175
11.606,9.535,0.0,912.06,8.5,99.011,1.0,,3,-98.176,8,25,7,339,0.5192
10.616,8.149,0.0,1399.0,8.5,98.557,0.8,,0,-97.202,9,25,3,336,0.5417
10.495,8.593,0.0,1349.13,8.5,98.722,0.85,,0,-97.302,9,25,5,546,0.5385
10.671,8.583,0.0,1200.38,8.5,98.606,0.9,,0,-97.599,9,25,6,499,0.5431
10.765,9.245,0.0,1400.75,8.5,98.952,0.95,,1,-97.198,9,25,6,399,0.5238
11.067,9.329,0.0,1357.0,8.5,98.559,1.0,,3,-97.286,9,25,7,331,0.5196
10.616,8.149,0.0,1399.0,8.5,98.557,0.8,,0,-97.202,10,25,3,336,0.5417
10.495,8.593,0.0,1349.13,8.5,98.722,0.85,,0,-97.302,10,25,5,546,0.5385
10.671,8.583,0.0,1200.38,8.5,98.606,0.9,,0,-97.599,10,25,6,499,0.5431
10.765,9.245,0.0,1400.75,8.5,98.952,0.95,,1,-97.198,10,25,6,399,0.5238
11.067,9.329,0.0,1357.0,8.5,98.559,1.0,,3,-97.286,10,25,7,331,0.5196
11.281,9.631,0.0471,34517.31,8.5,43.605,0.8,,5,-30.965,1,30,13,2321,0.5364
11.66,9.902,0.0775,32225.69,8.5,47.533,0.85,,3,-35.549,1,30,13,1567,0.5373
11.627,9.836,0.0218,41352.37,8.5,33.457,0.9,,6,-17.295,1,30,13,1216,0.5403
11.678,9.885,0.0,45654.75,8.5,40.319,0.95,,6,-8.69,1,30,13,921,0.5429
12.061,10.266,0.0,45750.56,8.5,34.392,1.0,,8,-8.499,1,30,13,662,0.5408
11.281,9.631,0.0693,10852.94,8.5,83.832,0.8,,4,-78.294,2,30,13,2321,0.5364
11.66,9.902,0.0561,14607.56,8.5,81.354,0.85,,4,-70.785,2,30,13,1567,0.5373
11.627,9.836,0.0284,19343.94,8.5,70.587,0.9,,4,-61.312,2,30,13,1216,0.5403
11.678,9.885,0.0,33240.25,8.5,68.937,0.95,,6,-33.519,2,30,13,921,0.5429
12.061,10.266,0.0,33568.81,8.5,61.543,1.0,,7,-32.862,2,30,13,662,0.5408
11.291,9.74,0.0291,4190.69,8.5,93.518,0.8,,4,-91.619,3,30,13,2285,0.5322
11.66,9.902,0.0374,5963.0,8.5,93.563,0.85,,4,-88.074,3,30,13,1567,0.5373
11.627,9.836,0.0167,7820.63,8.5,89.162,0.9,,4,-84.359,3,30,13,1216,0.5403
11.678,9.885,0.0,17638.56,8.5,85.193,0.95,,6,-64.723,3,30,13,921,0.5429
12.061,10.266,0.0,20311.25,8.5,78.649,1.0,,7,-59.377,3,30,13,662,0.5408
11.111,9.545,0.025,3070.25,8.5,95.648,0.8,,1,-93.859,4,30,8,1284,0.5335
11.855,10.056,0.0261,2987.13,8.5,96.88,0.85,,1,-94.026,4,30,9,985,0.535
11.682,9.943,0.0171,3174.38,8.5,95.31,0.9,,2,-93.651,4,30,12,1174,0.5392
11.678,9.885,0.0,9093.75,8.5,92.655,0.95,,6,-81.812,4,30,13,921,0.5429
12.061,10.266,0.0,9246.44,8.5,88.716,1.0,,7,-81.507,4,30,13,662,0.5408
10.517,8.335,0.0469,2368.5,8.5,96.905,0.8,,1,-95.263,5,30,6,980,0.5429
11.526,9.754,0.0,2445.5,8.5,97.652,0.85,,0,-95.109,5,30,7,818,0.5342
11.419,9.925,0.0286,2484.88,8.5,96.574,0.9,,1,-95.03,5,30,7,621,0.525
11.691,10.001,0.0,2484.44,8.5,97.586,0.95,,3,-95.031,5,30,12,891,0.5398
12.061,10.266,0.0,3918.56,8.5,95.151,1.0,,7,-92.163,5,30,13,662,0.5408
10.375,8.411,0.0,2047.81,8.5,97.504,0.8,,0,-95.904,6,30,5,806,0.5434
10.804,8.525,0.0,2070.13,8.5,98.113,0.85,,0,-95.86,6,30,6,662,0.5408
11.111,9.819,0.0203,2067.5,8.5,97.285,0.9,,1,-95.865,6,30,7,604,0.5315
11.36,9.759,0.0,2106.0,8.5,98.15,0.95,,1,-95.788,6,30,7,474,0.5148
12.077,10.386,0.0,2031.63,8.5,97.549,1.0,,4,-95.937,6,30,12,644,0.5388
10.378,8.409,0.0239,1654.94,8.5,98.119,0.8,,1,-96.69,7,30,5,801,0.5456
10.83,8.571,0.0,1746.81,8.5,98.403,0.85,,0,-96.506,7,30,6,652,0.5429
10.696,8.553,0.0,1665.88,8.5,97.927,0.9,,0,-96.668,7,30,6,511,0.5362
11.35,9.759,0.0,769.44,8.5,99.373,0.95,,1,-98.461,7,30,7,473,0.5159
11.619,9.535,0.0,1697.38,8.5,98.05,1.0,,3,-96.605,7,30,7,340,0.5176
10.504,8.556,0.0,1577.06,8.5,98.307,0.8,,0,-96.846,8,30,4,539,0.5436
10.515,8.593,0.0,1540.31,8.5,98.58,0.85,,0,-96.919,8,30,5,546,0.5385
10.664,8.553,0.0,1515.38,8.5,98.205,0.9,,0,-96.969,8,30,6,507,0.5404
10.893,9.621,0.0,1592.81,8.5,98.773,0.95,,1,-96.814,8,30,7,456,0.5175
11.606,9.535,0.0,912.06,8.5,99.011,1.0,,3,-98.176,8,30,7,339,0.5192
10.486,8.547,0.0088,1471.63,8.5,98.482,0.8,,1,-97.057,9,30,4,537,0.5438
10.511,8.593,0.0,1448.0,8.5,98.628,0.85,,0,-97.104,9,30,5,545,0.5394
10.693,8.583,0.0,1181.56,8.5,98.628,0.9,,0,-97.637,9,30,6,499,0.5431
10.765,9.245,0.0,1400.75,8.5,98.952,0.95,,1,-97.198,9,30,6,399,0.5238
11.067,9.329,0.0,1357.0,8.5,98.559,1.0,,3,-97.286,9,30,7,331,0.5196
10.486,8.547,0.0088,1471.63,8.5,98.482,0.8,,1,-97.057,10,30,4,537,0.5438
10.511,8.593,0.0,1448.0,8.5,98.628,0.85,,0,-97.104,10,30,5,545,0.5394
10.693,8.583,0.0,1181.56,8.5,98.628,0.9,,0,-97.637,10,30,6,499,0.5431
10.765,9.245,0.0,1400.75,8.5,98.952,0.95,,1,-97.198,10,30,6,399,0.5238
11.067,9.329,0.0,1357.0,8.5,98.559,1.0,,3,-97.286,10,30,7,331,0.5196
11.281,9.631,0.0471,34517.31,8.5,43.605,0.8,,5,-30.965,1,35,13,2321,0.5364
11.66,9.902,0.0775,32225.69,8.5,47.533,0.85,,3,-35.549,1,35,13,1567,0.5373
11.627,9.836,0.0218,41352.37,8.5,33.457,0.9,,6,-17.295,1,35,13,1216,0.5403
11.678,9.885,0.0,45654.75,8.5,40.319,0.95,,6,-8.69,1,35,13,921,0.5429
12.061,10.266,0.0,45750.56,8.5,34.392,1.0,,8,-8.499,1,35,13,662,0.5408
11.281,9.631,0.0693,10852.94,8.5,83.832,0.8,,4,-78.294,2,35,13,2321,0.5364
11.66,9.902,0.0561,14607.56,8.5,81.354,0.85,,4,-70.785,2,35,13,1567,0.5373
11.627,9.836,0.0284,19343.94,8.5,70.587,0.9,,4,-61.312,2,35,13,1216,0.5403
11.678,9.885,0.0,33240.25,8.5,68.937,0.95,,6,-33.519,2,35,13,921,0.5429
12.061,10.266,0.0,33568.81,8.5,61.543,1.0,,7,-32.862,2,35,13,662,0.5408
11.291,9.74,0.0291,4190.69,8.5,93.518,0.8,,4,-91.619,3,35,13,2285,0.5322
11.66,9.902,0.0374,5963.0,8.5,93.563,0.85,,4,-88.074,3,35,13,1567,0.5373
11.627,9.836,0.0167,7820.63,8.5,89.162,0.9,,4,-84.359,3,35,13,1216,0.5403
11.678,9.885,0.0,17638.56,8.5,85.193,0.95,,6,-64.723,3,35,13,921,0.5429
12.061,10.266,0.0,20311.25,8.5,78.649,1.0,,7,-59.377,3,35,13,662,0.5408
11.111,9.545,0.025,3070.25,8.5,95.648,0.8,,1,-93.859,4,35,8,1284,0.5335
11.855,10.056,0.0261,2987.13,8.5,96.88,0.85,,1,-94.026,4,35,9,985,0.535
11.682,9.943,0.0171,3174.38,8.5,95.31,0.9,,2,-93.651,4,35,12,1174,0.5392
11.678,9.885,0.0,9093.75,8.5,92.655,0.95,,6,-81.812,4,35,13,921,0.5429
12.061,10.266,0.0,9246.44,8.5,88.716,1.0,,7,-81.507,4,35,13,662,0.5408
10.517,8.335,0.0469,2368.5,8.5,96.905,0.8,,1,-95.263,5,35,6,980,0.5429
11.526,9.754,0.0,2445.5,8.5,97.652,0.85,,0,-95.109,5,35,7,818,0.5342
11.419,9.925,0.0286,2484.88,8.5,96.574,0.9,,1,-95.03,5,35,7,621,0.525
11.691,10.001,0.0,2484.44,8.5,97.586,0.95,,3,-95.031,5,35,12,891,0.5398
12.061,10.266,0.0,3918.56,8.5,95.151,1.0,,7,-92.163,5,35,13,662,0.5408
10.375,8.411,0.0,2047.81,8.5,97.504,0.8,,0,-95.904,6,35,5,806,0.5434
10.804,8.525,0.0,2070.13,8.5,98.113,0.85,,0,-95.86,6,35,6,662,0.5408
11.111,9.819,0.0203,2067.5,8.5,97.285,0.9,,1,-95.865,6,35,7,604,0.5315
11.36,9.759,0.0,2106.0,8.5,98.15,0.95,,1,-95.788,6,35,7,474,0.5148
12.077,10.386,0.0,2031.63,8.5,97.549,1.0,,4,-95.937,6,35,12,644,0.5388
10.378,8.409,0.0239,1654.94,8.5,98.119,0.8,,1,-96.69,7,35,5,801,0.5456
10.83,8.571,0.0,1746.81,8.5,98.403,0.85,,0,-96.506,7,35,6,652,0.5429
10.696,8.553,0.0,1665.88,8.5,97.927,0.9,,0,-96.668,7,35,6,511,0.5362
11.35,9.759,0.0,769.44,8.5,99.373,0.95,,1,-98.461,7,35,7,473,0.5159
11.619,9.535,0.0,1697.38,8.5,98.05,1.0,,3,-96.605,7,35,7,340,0.5176
10.504,8.556,0.0,1577.06,8.5,98.307,0.8,,0,-96.846,8,35,4,539,0.5436
10.515,8.593,0.0,1540.31,8.5,98.58,0.85,,0,-96.919,8,35,5,546,0.5385
10.664,8.553,0.0,1515.38,8.5,98.205,0.9,,0,-96.969,8,35,6,507,0.5404
10.893,9.621,0.0,1592.81,8.5,98.773,0.95,,1,-96.814,8,35,7,456,0.5175
11.606,9.535,0.0,912.06,8.5,99.011,1.0,,3,-98.176,8,35,7,339,0.5192
10.486,8.547,0.0088,1471.63,8.5,98.482,0.8,,1,-97.057,9,35,4,537,0.5438
10.511,8.593,0.0,1448.0,8.5,98.628,0.85,,0,-97.104,9,35,5,545,0.5394
10.693,8.583,0.0,1181.56,8.5,98.628,0.9,,0,-97.637,9,35,6,499,0.5431
10.765,9.245,0.0,1400.75,8.5,98.952,0.95,,1,-97.198,9,35,6,399,0.5238
11.067,9.329,0.0,1357.0,8.5,98.559,1.0,,3,-97.286,9,35,7,331,0.5196
10.486,8.547,0.0088,1471.63,8.5,98.482,0.8,,1,-97.057,10,35,4,537,0.5438
10.511,8.593,0.0,1448.0,8.5,98.628,0.85,,0,-97.104,10,35,5,545,0.5394
10.693,8.583,0.0,1181.56,8.5,98.628,0.9,,0,-97.637,10,35,6,499,0.5431
10.765,9.245,0.0,1400.75,8.5,98.952,0.95,,1,-97.198,10,35,6,399,0.5238
11.067,9.329,0.0,1357.0,8.5,98.559,1.0,,3,-97.286,10,35,7,331,0.5196
11.281,9.631,0.0471,34517.31,8.5,43.605,0.8,,5,-30.965,1,40,13,2321,0.5364
11.66,9.902,0.0775,32225.69,8.5,47.533,0.85,,3,-35.549,1,40,13,1567,0.5373
11.627,9.836,0.0218,41352.37,8.5,33.457,0.9,,6,-17.295,1,40,13,1216,0.5403
11.678,9.885,0.0,45654.75,8.5,40.319,0.95,,6,-8.69,1,40,13,921,0.5429
12.061,10.266,0.0,45750.56,8.5,34.392,1.0,,8,-8.499,1,40,13,662,0.5408
11.281,9.631,0.0693,10852.94,8.5,83.832,0.8,,4,-78.294,2,40,13,2321,0.5364
11.66,9.902,0.0561,14607.56,8.5,81.354,0.85,,4,-70.785,2,40,13,1567,0.5373
11.627,9.836,0.0284,19343.94,8.5,70.587,0.9,,4,-61.312,2,40,13,1216,0.5403
11.678,9.885,0.0,33240.25,8.5,68.937,0.95,,6,-33.519,2,40,13,921,0.5429
12.061,10.266,0.0,33568.81,8.5,61.543,1.0,,7,-32.862,2,40,13,662,0.5408
11.291,9.74,0.0291,4190.69,8.5,93.518,0.8,,4,-91.619,3,40,13,2285,0.5322
11.66,9.902,0.0374,5963.0,8.5,93.563,0.85,,4,-88.074,3,40,13,1567,0.5373
11.627,9.836,0.0167,7820.63,8.5,89.162,0.9,,4,-84.359,3,40,13,1216,0.5403
11.678,9.885,0.0,17638.56,8.5,85.193,0.95,,6,-64.723,3,40,13,921,0.5429
12.061,10.266,0.0,20311.25,8.5,78.649,1.0,,7,-59.377,3,40,13,662,0.5408
11.111,9.545,0.025,3070.25,8.5,95.648,0.8,,1,-93.859,4,40,8,1284,0.5335
11.855,10.056,0.0261,2987.13,8.5,96.88,0.85,,1,-94.026,4,40,9,985,0.535
11.682,9.943,0.0171,3174.38,8.5,95.31,0.9,,2,-93.651,4,40,12,1174,0.5392
11.678,9.885,0.0,9093.75,8.5,92.655,0.95,,6,-81.812,4,40,13,921,0.5429
12.061,10.266,0.0,9246.44,8.5,88.716,1.0,,7,-81.507,4,40,13,662,0.5408
10.517,8.335,0.0469,2368.5,8.5,96.905,0.8,,1,-95.263,5,40,6,980,0.5429
11.526,9.754,0.0,2445.5,8.5,97.652,0.85,,0,-95.109,5,40,7,818,0.5342
11.419,9.925,0.0286,2484.88,8.5,96.574,0.9,,1,-95.03,5,40,7,621,0.525
11.691,10.001,0.0,2484.44,8.5,97.586,0.95,,3,-95.031,5,40,12,891,0.5398
12.061,10.266,0.0,3918.56,8.5,95.151,1.0,,7,-92.163,5,40,13,662,0.5408
10.375,8.411,0.0,2047.81,8.5,97.504,0.8,,0,-95.904,6,40,5,806,0.5434
10.804,8.525,0.0,2070.13,8.5,98.113,0.85,,0,-95.86,6,40,6,662,0.5408
11.111,9.819,0.0203,2067.5,8.5,97.285,0.9,,1,-95.865,6,40,7,604,0.5315
11.36,9.759,0.0,2106.0,8.5,98.15,0.95,,1,-95.788,6,40,7,474,0.5148
12.077,10.386,0.0,2031.63,8.5,97.549,1.0,,4,-95.937,6,40,12,644,0.5388
10.378,8.409,0.0239,1654.94,8.5,98.119,0.8,,1,-96.69,7,40,5,801,0.5456
10.83,8.571,0.0,1746.81,8.5,98.403,0.85,,0,-96.506,7,40,6,652,0.5429
10.696,8.553,0.0,1665.88,8.5,97.927,0.9,,0,-96.668,7,40,6,511,0.5362
11.35,9.759,0.0,769.44,8.5,99.373,0.95,,1,-98.461,7,40,7,473,0.5159
11.619,9.535,0.0,1697.38,8.5,98.05,1.0,,3,-96.605,7,40,7,340,0.5176
10.504,8.556,0.0,1577.06,8.5,98.307,0.8,,0,-96.846,8,40,4,539,0.5436
10.515,8.593,0.0,1540.31,8.5,98.58,0.85,,0,-96.919,8,40,5,546,0.5385
10.664,8.553,0.0,1515.38,8.5,98.205,0.9,,0,-96.969,8,40,6,507,0.5404
10.893,9.621,0.0,1592.81,8.5,98.773,0.95,,1,-96.814,8,40,7,456,0.5175
11.606,9.535,0.0,912.06,8.5,99.011,1.0,,3,-98.176,8,40,7,339,0.5192
10.486,8.547,0.0088,1471.63,8.5,98.482,0.8,,1,-97.057,9,40,4,537,0.5438
10.511,8.593,0.0,1448.0,8.5,98.628,0.85,,0,-97.104,9,40,5,545,0.5394
10.693,8.583,0.0,1181.56,8.5,98.628,0.9,,0,-97.637,9,40,6,499,0.5431
10.765,9.245,0.0,1400.75,8.5,98.952,0.95,,1,-97.198,9,40,6,399,0.5238
11.067,9.329,0.0,1357.0,8.5,98.559,1.0,,3,-97.286,9,40,7,331,0.5196
10.486,8.547,0.0088,1471.63,8.5,98.482,0.8,,1,-97.057,10,40,4,537,0.5438
10.511,8.593,0.0,1448.0,8.5,98.628,0.85,,0,-97.104,10,40,5,545,0.5394
10.693,8.583,0.0,1181.56,8.5,98.628,0.9,,0,-97.637,10,40,6,499,0.5431
10.765,9.245,0.0,1400.75,8.5,98.952,0.95,,1,-97.198,10,40,6,399,0.5238
11.067,9.329,0.0,1357.0,8.5,98.559,1.0,,3,-97.286,10,40,7,331,0.5196
11.281,9.631,0.0471,34517.31,8.5,43.605,0.8,,5,-30.965,1,45,13,2321,0.5364
11.66,9.902,0.0775,32225.69,8.5,47.533,0.85,,3,-35.549,1,45,13,1567,0.5373
11.627,9.836,0.0218,41352.37,8.5,33.457,0.9,,6,-17.295,1,45,13,1216,0.5403
11.678,9.885,0.0,45654.75,8.5,40.319,0.95,,6,-8.69,1,45,13,921,0.5429
12.061,10.266,0.0,45750.56,8.5,34.392,1.0,,8,-8.499,1,45,13,662,0.5408
11.281,9.631,0.0693,10852.94,8.5,83.832,0.8,,4,-78.294,2,45,13,2321,0.5364
11.66,9.902,0.0561,14607.56,8.5,81.354,0.85,,4,-70.785,2,45,13,1567,0.5373
11.627,9.836,0.0284,19343.94,8.5,70.587,0.9,,4,-61.312,2,45,13,1216,0.5403
11.678,9.885,0.0,33240.25,8.5,68.937,0.95,,6,-33.519,2,45,13,921,0.5429
12.061,10.266,0.0,33568.81,8.5,61.543,1.0,,7,-32.862,2,45,13,662,0.5408
11.291,9.74,0.0291,4190.69,8.5,93.518,0.8,,4,-91.619,3,45,13,2285,0.5322
11.66,9.902,0.0374,5963.0,8.5,93.563,0.85,,4,-88.074,3,45,13,1567,0.5373
11.627,9.836,0.0167,7820.63,8.5,89.162,0.9,,4,-84.359,3,45,13,1216,0.5403
11.678,9.885,0.0,17638.56,8.5,85.193,0.95,,6,-64.723,3,45,13,921,0.5429
12.061,10.266,0.0,20311.25,8.5,78.649,1.0,,7,-59.377,3,45,13,662,0.5408
11.111,9.545,0.025,3070.25,8.5,95.648,0.8,,1,-93.859,4,45,8,1284,0.5335
11.855,10.056,0.0261,2987.13,8.5,96.88,0.85,,1,-94.026,4,45,9,985,0.535
11.682,9.943,0.0171,3174.38,8.5,95.31,0.9,,2,-93.651,4,45,12,1174,0.5392
11.678,9.885,0.0,9093.75,8.5,92.655,0.95,,6,-81.812,4,45,13,921,0.5429
12.061,10.266,0.0,9246.44,8.5,88.716,1.0,,7,-81.507,4,45,13,662,0.5408
10.517,8.335,0.0469,2368.5,8.5,96.905,0.8,,1,-95.263,5,45,6,980,0.5429
11.526,9.754,0.0,2445.5,8.5,97.652,0.85,,0,-95.109,5,45,7,818,0.5342
11.419,9.925,0.0286,2484.88,8.5,96.574,0.9,,1,-95.03,5,45,7,621,0.525
11.691,10.001,0.0,2484.44,8.5,97.586,0.95,,3,-95.031,5,45,12,891,0.5398
12.061,10.266,0.0,3918.56,8.5,95.151,1.0,,7,-92.163,5,45,13,662,0.5408
10.375,8.411,0.0,2047.81,8.5,97.504,0.8,,0,-95.904,6,45,5,806,0.5434
10.804,8.525,0.0,2070.13,8.5,98.113,0.85,,0,-95.86,6,45,6,662,0.5408
11.111,9.819,0.0203,2067.5,8.5,97.285,0.9,,1,-95.865,6,45,7,604,0.5315
11.36,9.759,0.0,2106.0,8.5,98.15,0.95,,1,-95.788,6,45,7,474,0.5148
12.077,10.386,0.0,2031.63,8.5,97.549,1.0,,4,-95.937,6,45,12,644,0.5388
10.378,8.409,0.0239,1654.94,8.5,98.119,0.8,,1,-96.69,7,45,5,801,0.5456
10.83,8.571,0.0,1746.81,8.5,98.403,0.85,,0,-96.506,7,45,6,652,0.5429
10.696,8.553,0.0,1665.88,8.5,97.927,0.9,,0,-96.668,7,45,6,511,0.5362
11.35,9.759,0.0,769.44,8.5,99.373,0.95,,1,-98.461,7,45,7,473,0.5159
11.619,9.535,0.0,1697.38,8.5,98.05,1.0,,3,-96.605,7,45,7,340,0.5176
10.504,8.556,0.0,1577.06,8.5,98.307,0.8,,0,-96.846,8,45,4,539,0.5436
10.515,8.593,0.0,1540.31,8.5,98.58,0.85,,0,-96.919,8,45,5,546,0.5385
10.664,8.553,0.0,1515.38,8.5,98.205,0.9,,0,-96.969,8,45,6,507,0.5404
10.893,9.621,0.0,1592.81,8.5,98.773,0.95,,1,-96.814,8,45,7,456,0.5175
11.606,9.535,0.0,912.06,8.5,99.011,1.0,,3,-98.176,8,45,7,339,0.5192
10.486,8.547,0.0088,1471.63,8.5,98.482,0.8,,1,-97.057,9,45,4,537,0.5438
10.511,8.593,0.0,1448.0,8.5,98.628,0.85,,0,-97.104,9,45,5,545,0.5394
10.693,8.583,0.0,1181.56,8.5,98.628,0.9,,0,-97.637,9,45,6,499,0.5431
10.765,9.245,0.0,1400.75,8.5,98.952,0.95,,1,-97.198,9,45,6,399,0.5238
11.067,9.329,0.0,1357.0,8.5,98.559,1.0,,3,-97.286,9,45,7,331,0.5196
10.486,8.547,0.0088,1471.63,8.5,98.482,0.8,,1,-97.057,10,45,4,537,0.5438
10.511,8.593,0.0,1448.0,8.5,98.628,0.85,,0,-97.104,10,45,5,545,0.5394
10.693,8.583,0.0,1181.56,8.5,98.628,0.9,,0,-97.637,10,45,6,499,0.5431
10.765,9.245,0.0,1400.75,8.5,98.952,0.95,,1,-97.198,10,45,6,399,0.5238
11.067,9.329,0.0,1357.0,8.5,98.559,1.0,,3,-97.286,10,45,7,331,0.5196
11.281,9.631,0.0471,34517.31,8.5,43.605,0.8,,5,-30.965,1,50,13,2321,0.5364
11.66,9.902,0.0775,32225.69,8.5,47.533,0.85,,3,-35.549,1,50,13,1567,0.5373
11.627,9.836,0.0218,41352.37,8.5,33.457,0.9,,6,-17.295,1,50,13,1216,0.5403
11.678,9.885,0.0,45654.75,8.5,40.319,0.95,,6,-8.69,1,50,13,921,0.5429
12.061,10.266,0.0,45750.56,8.5,34.392,1.0,,8,-8.499,1,50,13,662,0.5408
11.281,9.631,0.0693,10852.94,8.5,83.832,0.8,,4,-78.294,2,50,13,2321,0.5364
11.66,9.902,0.0561,14607.56,8.5,81.354,0.85,,4,-70.785,2,50,13,1567,0.5373
11.627,9.836,0.0284,19343.94,8.5,70.587,0.9,,4,-61.312,2,50,13,1216,0.5403
11.678,9.885,0.0,33240.25,8.5,68.937,0.95,,6,-33.519,2,50,13,921,0.5429
12.061,10.266,0.0,33568.81,8.5,61.543,1.0,,7,-32.862,2,50,13,662,0.5408
11.291,9.74,0.0291,4190.69,8.5,93.518,0.8,,4,-91.619,3,50,13,2285,0.5322
11.66,9.902,0.0374,5963.0,8.5,93.563,0.85,,4,-88.074,3,50,13,1567,0.5373
11.627,9.836,0.0167,7820.63,8.5,89.162,0.9,,4,-84.359,3,50,13,1216,0.5403
11.678,9.885,0.0,17638.56,8.5,85.193,0.95,,6,-64.723,3,50,13,921,0.5429
12.061,10.266,0.0,20311.25,8.5,78.649,1.0,,7,-59.377,3,50,13,662,0.5408
11.111,9.545,0.025,3070.25,8.5,95.648,0.8,,1,-93.859,4,50,8,1284,0.5335
11.855,10.056,0.0261,2987.13,8.5,96.88,0.85,,1,-94.026,4,50,9,985,0.535
11.682,9.943,0.0171,3174.38,8.5,95.31,0.9,,2,-93.651,4,50,12,1174,0.5392
11.678,9.885,0.0,9093.75,8.5,92.655,0.95,,6,-81.812,4,50,13,921,0.5429
12.061,10.266,0.0,9246.44,8.5,88.716,1.0,,7,-81.507,4,50,13,662,0.5408
10.517,8.335,0.0469,2368.5,8.5,96.905,0.8,,1,-95.263,5,50,6,980,0.5429
11.526,9.754,0.0,2445.5,8.5,97.652,0.85,,0,-95.109,5,50,7,818,0.5342
11.419,9.925,0.0286,2484.88,8.5,96.574,0.9,,1,-95.03,5,50,7,621,0.525
11.691,10.001,0.0,2484.44,8.5,97.586,0.95,,3,-95.031,5,50,12,891,0.5398
12.061,10.266,0.0,3918.56,8.5,95.151,1.0,,7,-92.163,5,50,13,662,0.5408
10.375,8.411,0.0,2047.81,8.5,97.504,0.8,,0,-95.904,6,50,5,806,0.5434
10.804,8.525,0.0,2070.13,8.5,98.113,0.85,,0,-95.86,6,50,6,662,0.5408
11.111,9.819,0.0203,2067.5,8.5,97.285,0.9,,1,-95.865,6,50,7,604,0.5315
11.36,9.759,0.0,2106.0,8.5,98.15,0.95,,1,-95.788,6,50,7,474,0.5148
12.077,10.386,0.0,2031.63,8.5,97.549,1.0,,4,-95.937,6,50,12,644,0.5388
10.378,8.409,0.0239,1654.94,8.5,98.119,0.8,,1,-96.69,7,50,5,801,0.5456
10.83,8.571,0.0,1746.81,8.5,98.403,0.85,,0,-96.506,7,50,6,652,0.5429
10.696,8.553,0.0,1665.88,8.5,97.927,0.9,,0,-96.668,7,50,6,511,0.5362
11.35,9.759,0.0,769.44,8.5,99.373,0.95,,1,-98.461,7,50,7,473,0.5159
11.619,9.535,0.0,1697.38,8.5,98.05,1.0,,3,-96.605,7,50,7,340,0.5176
10.504,8.556,0.0,1577.06,8.5,98.307,0.8,,0,-96.846,8,50,4,539,0.5436
10.515,8.593,0.0,1540.31,8.5,98.58,0.85,,0,-96.919,8,50,5,546,0.5385
10.664,8.553,0.0,1515.38,8.5,98.205,0.9,,0,-96.969,8,50,6,507,0.5404
10.893,9.621,0.0,1592.81,8.5,98.773,0.95,,1,-96.814,8,50,7,456,0.5175
11.606,9.535,0.0,912.06,8.5,99.011,1.0,,3,-98.176,8,50,7,339,0.5192
10.486,8.547,0.0088,1471.63,8.5,98.482,0.8,,1,-97.057,9,50,4,537,0.5438
10.511,8.593,0.0,1448.0,8.5,98.628,0.85,,0,-97.104,9,50,5,545,0.5394
10.693,8.583,0.0,1181.56,8.5,98.628,0.9,,0,-97.637,9,50,6,499,0.5431
10.765,9.245,0.0,1400.75,8.5,98.952,0.95,,1,-97.198,9,50,6,399,0.5238
11.067,9.329,0.0,1357.0,8.5,98.559,1.0,,3,-97.286,9,50,7,331,0.5196
10.486,8.547,0.0088,1471.63,8.5,98.482,0.8,,1,-97.057,10,50,4,537,0.5438
10.511,8.593,0.0,1448.0,8.5,98.628,0.85,,0,-97.104,10,50,5,545,0.5394
10.693,8.583,0.0,1181.56,8.5,98.628,0.9,,0,-97.637,10,50,6,499,0.5431
10.765,9.245,0.0,1400.75,8.5,98.952,0.95,,1,-97.198,10,50,6,399,0.5238
11.067,9.329,0.0,1357.0,8.5,98.559,1.0,,3,-97.286,10,50,7,331,0.5196
11.281,9.631,0.0471,34517.31,8.5,43.605,0.8,,5,-30.965,1,55,13,2321,0.5364
11.66,9.902,0.0775,32225.69,8.5,47.533,0.85,,3,-35.549,1,55,13,1567,0.5373
11.627,9.836,0.0218,41352.37,8.5,33.457,0.9,,6,-17.295,1,55,13,1216,0.5403
11.678,9.885,0.0,45654.75,8.5,40.319,0.95,,6,-8.69,1,55,13,921,0.5429
12.061,10.266,0.0,45750.56,8.5,34.392,1.0,,8,-8.499,1,55,13,662,0.5408
11.281,9.631,0.0693,10852.94,8.5,83.832,0.8,,4,-78.294,2,55,13,2321,0.5364
11.66,9.902,0.0561,14607.56,8.5,81.354,0.85,,4,-70.785,2,55,13,1567,0.5373
11.627,9.836,0.0284,19343.94,8.5,70.587,0.9,,4,-61.312,2,55,13,1216,0.5403
11.678,9.885,0.0,33240.25,8.5,68.937,0.95,,6,-33.519,2,55,13,921,0.5429
12.061,10.266,0.0,33568.81,8.5,61.543,1.0,,7,-32.862,2,55,13,662,0.5408
11.291,9.74,0.0291,4190.69,8.5,93.518,0.8,,4,-91.619,3,55,13,2285,0.5322
11.66,9.902,0.0374,5963.0,8.5,93.563,0.85,,4,-88.074,3,55,13,1567,0.5373
11.627,9.836,0.0167,7820.63,8.5,89.162,0.9,,4,-84.359,3,55,13,1216,0.5403
11.678,9.885,0.0,17638.56,8.5,85.193,0.95,,6,-64.723,3,55,13,921,0.5429
12.061,10.266,0.0,20311.25,8.5,78.649,1.0,,7,-59.377,3,55,13,662,0.5408
11.111,9.545,0.025,3070.25,8.5,95.648,0.8,,1,-93.859,4,55,8,1284,0.5335
11.855,10.056,0.0261,2987.13,8.5,96.88,0.85,,1,-94.026,4,55,9,985,0.535
11.682,9.943,0.0171,3174.38,8.5,95.31,0.9,,2,-93.651,4,55,12,1174,0.5392
11.678,9.885,0.0,9093.75,8.5,92.655,0.95,,6,-81.812,4,55,13,921,0.5429
12.061,10.266,0.0,9246.44,8.5,88.716,1.0,,7,-81.507,4,55,13,662,0.5408
10.517,8.335,0.0469,2368.5,8.5,96.905,0.8,,1,-95.263,5,55,6,980,0.5429
11.526,9.754,0.0,2445.5,8.5,97.652,0.85,,0,-95.109,5,55,7,818,0.5342
11.419,9.925,0.0286,2484.88,8.5,96.574,0.9,,1,-95.03,5,55,7,621,0.525
11.691,10.001,0.0,2484.44,8.5,97.586,0.95,,3,-95.031,5,55,12,891,0.5398
12.061,10.266,0.0,3918.56,8.5,95.151,1.0,,7,-92.163,5,55,13,662,0.5408
10.375,8.411,0.0,2047.81,8.5,97.504,0.8,,0,-95.904,6,55,5,806,0.5434
10.804,8.525,0.0,2070.13,8.5,98.113,0.85,,0,-95.86,6,55,6,662,0.5408
11.111,9.819,0.0203,2067.5,8.5,97.285,0.9,,1,-95.865,6,55,7,604,0.5315
11.36,9.759,0.0,2106.0,8.5,98.15,0.95,,1,-95.788,6,55,7,474,0.5148
12.077,10.386,0.0,2031.63,8.5,97.549,1.0,,4,-95.937,6,55,12,644,0.5388
10.378,8.409,0.0239,1654.94,8.5,98.119,0.8,,1,-96.69,7,55,5,801,0.5456
10.83,8.571,0.0,1746.81,8.5,98.403,0.85,,0,-96.506,7,55,6,652,0.5429
10.696,8.553,0.0,1665.88,8.5,97.927,0.9,,0,-96.668,7,55,6,511,0.5362
11.35,9.759,0.0,769.44,8.5,99.373,0.95,,1,-98.461,7,55,7,473,0.5159
11.619,9.535,0.0,1697.38,8.5,98.05,1.0,,3,-96.605,7,55,7,340,0.5176
10.504,8.556,0.0,1577.06,8.5,98.307,0.8,,0,-96.846,8,55,4,539,0.5436
10.515,8.593,0.0,1540.31,8.5,98.58,0.85,,0,-96.919,8,55,5,546,0.5385
10.664,8.553,0.0,1515.38,8.5,98.205,0.9,,0,-96.969,8,55,6,507,0.5404
10.893,9.621,0.0,1592.81,8.5,98.773,0.95,,1,-96.814,8,55,7,456,0.5175
11.606,9.535,0.0,912.06,8.5,99.011,1.0,,3,-98.176,8,55,7,339,0.5192
10.486,8.547,0.0088,1471.63,8.5,98.482,0.8,,1,-97.057,9,55,4,537,0.5438
10.511,8.593,0.0,1448.0,8.5,98.628,0.85,,0,-97.104,9,55,5,545,0.5394
10.693,8.583,0.0,1181.56,8.5,98.628,0.9,,0,-97.637,9,55,6,499,0.5431
10.765,9.245,0.0,1400.75,8.5,98.952,0.95,,1,-97.198,9,55,6,399,0.5238
11.067,9.329,0.0,1357.0,8.5,98.559,1.0,,3,-97.286,9,55,7,331,0.5196
10.486,8.547,0.0088,1471.63,8.5,98.482,0.8,,1,-97.057,10,55,4,537,0.5438
10.511,8.593,0.0,1448.0,8.5,98.628,0.85,,0,-97.104,10,55,5,545,0.5394
10.693,8.583,0.0,1181.56,8.5,98.628,0.9,,0,-97.637,10,55,6,499,0.5431
10.765,9.245,0.0,1400.75,8.5,98.952,0.95,,1,-97.198,10,55,6,399,0.5238
11.067,9.329,0.0,1357.0,8.5,98.559,1.0,,3,-97.286,10,55,7,331,0.5196
11.281,9.631,0.0471,34517.31,8.5,43.605,0.8,,5,-30.965,1,60,13,2321,0.5364
11.66,9.902,0.0775,32225.69,8.5,47.533,0.85,,3,-35.549,1,60,13,1567,0.5373
11.627,9.836,0.0218,41352.37,8.5,33.457,0.9,,6,-17.295,1,60,13,1216,0.5403
11.678,9.885,0.0,45654.75,8.5,40.319,0.95,,6,-8.69,1,60,13,921,0.5429
12.061,10.266,0.0,45750.56,8.5,34.392,1.0,,8,-8.499,1,60,13,662,0.5408
11.281,9.631,0.0693,10852.94,8.5,83.832,0.8,,4,-78.294,2,60,13,2321,0.5364
11.66,9.902,0.0561,14607.56,8.5,81.354,0.85,,4,-70.785,2,60,13,1567,0.5373
11.627,9.836,0.0284,19343.94,8.5,70.587,0.9,,4,-61.312,2,60,13,1216,0.5403
11.678,9.885,0.0,33240.25,8.5,68.937,0.95,,6,-33.519,2,60,13,921,0.5429
12.061,10.266,0.0,33568.81,8.5,61.543,1.0,,7,-32.862,2,60,13,662,0.5408
11.291,9.74,0.0291,4190.69,8.5,93.518,0.8,,4,-91.619,3,60,13,2285,0.5322
11.66,9.902,0.0374,5963.0,8.5,93.563,0.85,,4,-88.074,3,60,13,1567,0.5373
11.627,9.836,0.0167,7820.63,8.5,89.162,0.9,,4,-84.359,3,60,13,1216,0.5403
11.678,9.885,0.0,17638.56,8.5,85.193,0.95,,6,-64.723,3,60,13,921,0.5429
12.061,10.266,0.0,20311.25,8.5,78.649,1.0,,7,-59.377,3,60,13,662,0.5408
11.111,9.545,0.025,3070.25,8.5,95.648,0.8,,1,-93.859,4,60,8,1284,0.5335
11.855,10.056,0.0261,2987.13,8.5,96.88,0.85,,1,-94.026,4,60,9,985,0.535
11.682,9.943,0.0171,3174.38,8.5,95.31,0.9,,2,-93.651,4,60,12,1174,0.5392
11.678,9.885,0.0,9093.75,8.5,92.655,0.95,,6,-81.812,4,60,13,921,0.5429
12.061,10.266,0.0,9246.44,8.5,88.716,1.0,,7,-81.507,4,60,13,662,0.5408
10.517,8.335,0.0469,2368.5,8.5,96.905,0.8,,1,-95.263,5,60,6,980,0.5429
11.526,9.754,0.0,2445.5,8.5,97.652,0.85,,0,-95.109,5,60,7,818,0.5342
11.419,9.925,0.0286,2484.88,8.5,96.574,0.9,,1,-95.03,5,60,7,621,0.525
11.691,10.001,0.0,2484.44,8.5,97.586,0.95,,3,-95.031,5,60,12,891,0.5398
12.061,10.266,0.0,3918.56,8.5,95.151,1.0,,7,-92.163,5,60,13,662,0.5408
10.375,8.411,0.0,2047.81,8.5,97.504,0.8,,0,-95.904,6,60,5,806,0.5434
10.804,8.525,0.0,2070.13,8.5,98.113,0.85,,0,-95.86,6,60,6,662,0.5408
11.111,9.819,0.0203,2067.5,8.5,97.285,0.9,,1,-95.865,6,60,7,604,0.5315
11.36,9.759,0.0,2106.0,8.5,98.15,0.95,,1,-95.788,6,60,7,474,0.5148
12.077,10.386,0.0,2031.63,8.5,97.549,1.0,,4,-95.937,6,60,12,644,0.5388
10.378,8.409,0.0239,1654.94,8.5,98.119,0.8,,1,-96.69,7,60,5,801,0.5456
10.83,8.571,0.0,1746.81,8.5,98.403,0.85,,0,-96.506,7,60,6,652,0.5429
10.696,8.553,0.0,1665.88,8.5,97.927,0.9,,0,-96.668,7,60,6,511,0.5362
11.35,9.759,0.0,769.44,8.5,99.373,0.95,,1,-98.461,7,60,7,473,0.5159
11.619,9.535,0.0,1697.38,8.5,98.05,1.0,,3,-96.605,7,60,7,340,0.5176
10.504,8.556,0.0,1577.06,8.5,98.307,0.8,,0,-96.846,8,60,4,539,0.5436
10.515,8.593,0.0,1540.31,8.5,98.58,0.85,,0,-96.919,8,60,5,546,0.5385
10.664,8.553,0.0,1515.38,8.5,98.205,0.9,,0,-96.969,8,60,6,507,0.5404
10.893,9.621,0.0,1592.81,8.5,98.773,0.95,,1,-96.814,8,60,7,456,0.5175
11.606,9.535,0.0,912.06,8.5,99.011,1.0,,3,-98.176,8,60,7,339,0.5192
10.486,8.547,0.0088,1471.63,8.5,98.482,0.8,,1,-97.057,9,60,4,537,0.5438
10.511,8.593,0.0,1448.0,8.5,98.628,0.85,,0,-97.104,9,60,5,545,0.5394
10.693,8.583,0.0,1181.56,8.5,98.628,0.9,,0,-97.637,9,60,6,499,0.5431
10.765,9.245,0.0,1400.75,8.5,98.952,0.95,,1,-97.198,9,60,6,399,0.5238
11.067,9.329,0.0,1357.0,8.5,98.559,1.0,,3,-97.286,9,60,7,331,0.5196
10.486,8.547,0.0088,1471.63,8.5,98.482,0.8,,1,-97.057,10,60,4,537,0.5438
10.511,8.593,0.0,1448.0,8.5,98.628,0.85,,0,-97.104,10,60,5,545,0.5394
10.693,8.583,0.0,1181.56,8.5,98.628,0.9,,0,-97.637,10,60,6,499,0.5431
10.765,9.245,0.0,1400.75,8.5,98.952,0.95,,1,-97.198,10,60,6,399,0.5238
11.067,9.329,0.0,1357.0,8.5,98.559,1.0,,3,-97.286,10,60,7,331,0.5196
9.467,9.43,0.0,35037.06,9.0,49.389,0.8,,7,-29.926,1,5,13,2362,0.4962
9.779,9.883,0.0,39736.25,9.0,42.912,0.85,,7,-20.527,1,5,13,1589,0.4972
9.57,9.918,0.0,50053.38,9.0,37.08,0.9,,8,0.107,1,5,13,1230,0.4967
9.68,9.999,0.0,49869.19,9.0,37.036,0.95,,8,-0.262,1,5,13,933,0.4973
10.38,10.368,0.0,46164.44,9.0,32.706,1.0,,9,-7.671,1,5,13,664,0.5
9.467,9.43,0.0,12089.75,9.0,85.809,0.8,,4,-75.82,2,5,13,2362,0.4962
9.779,9.883,0.0,22021.0,9.0,74.529,0.85,,5,-55.958,2,5,13,1589,0.4972
9.57,9.918,0.0,36749.0,9.0,65.788,0.9,,8,-26.502,2,5,13,1230,0.4967
9.68,9.999,0.0,40431.44,9.0,66.087,0.95,,8,-19.137,2,5,13,933,0.4973
10.38,10.368,0.0,36808.06,9.0,59.18,1.0,,7,-26.384,2,5,13,664,0.5
9.467,9.43,0.0,7242.69,9.0,94.099,0.8,,5,-85.515,3,5,13,2362,0.4962
9.779,9.883,0.0,8120.75,9.0,92.023,0.85,,4,-83.758,3,5,13,1589,0.4972
9.57,9.918,0.0,16673.0,9.0,84.978,0.9,,5,-66.654,3,5,13,1230,0.4967
9.68,9.999,0.0,29604.63,9.0,82.533,0.95,,7,-40.791,3,5,13,933,0.4973
10.38,10.368,0.0,24491.56,9.0,78.686,1.0,,7,-51.017,3,5,13,664,0.5
9.391,9.505,0.0,2964.81,9.0,97.203,0.8,,2,-94.07,4,5,7,1288,0.4868
9.932,9.832,0.0,3129.31,9.0,96.144,0.85,,1,-93.741,4,5,7,858,0.4814
9.57,9.918,0.0,9374.19,9.0,93.231,0.9,,6,-81.252,4,5,13,1230,0.4967
9.68,9.999,0.0,16131.38,9.0,91.655,0.95,,8,-67.737,4,5,13,933,0.4973
10.38,10.368,0.0,13137.13,9.0,87.966,1.0,,7,-73.726,4,5,13,664,0.5
8.492,8.203,0.0,2526.0,9.0,97.967,0.8,,2,-94.948,5,5,6,1006,0.4871
9.753,9.817,0.0,2521.63,9.0,97.131,0.85,,1,-94.957,5,5,7,836,0.4809
9.497,10.054,0.0,2032.94,9.0,97.375,0.9,,2,-95.934,5,5,7,629,0.4706
9.68,9.999,0.0,6145.44,9.0,95.812,0.95,,5,-87.709,5,5,13,933,0.4973
10.38,10.368,0.0,4734.06,9.0,94.272,1.0,,5,-90.532,5,5,13,664,0.5
8.256,8.173,0.0,2237.69,9.0,98.454,0.8,,1,-95.525,6,5,5,835,0.4826
8.649,8.462,0.0,2162.88,9.0,97.718,0.85,,1,-95.674,6,5,5,572,0.4755
9.497,10.054,0.0,1098.88,9.0,98.669,0.9,,2,-97.802,6,5,7,629,0.4706
9.519,9.986,0.0,2200.5,9.0,97.825,0.95,,2,-95.599,6,5,7,483,0.4576
10.504,10.668,0.0,2196.13,9.0,97.206,1.0,,4,-95.608,6,5,9,419,0.4773
8.257,8.173,0.0,1835.19,9.0,98.867,0.8,,1,-96.33,7,5,5,833,0.4838
8.651,8.462,0.0,1720.13,9.0,98.32,0.85,,1,-96.56,7,5,5,571,0.4764
8.641,8.578,0.0,1665.0,9.0,98.06,0.9,,2,-96.67,7,5,6,521,0.4702
9.476,9.986,0.0,1128.63,9.0,98.978,0.95,,2,-97.743,7,5,7,481,0.4595
9.861,9.782,0.0,1758.63,9.0,97.893,1.0,,3,-96.483,7,5,7,342,0.4591
8.39,8.159,0.0,1479.94,9.0,99.184,0.8,,1,-97.04,8,5,4,552,0.4855
8.517,8.421,0.0,1648.81,9.0,98.415,0.85,,1,-96.702,8,5,4,455,0.4725
8.554,8.707,0.0,1675.94,9.0,98.116,0.9,,1,-96.648,8,5,6,487,0.4743
9.476,9.986,0.0,706.88,9.0,99.407,0.95,,2,-98.586,8,5,7,481,0.4595
9.804,9.782,0.0,1416.5,9.0,98.414,1.0,,3,-97.167,8,5,7,340,0.4618
8.488,7.609,0.0,1492.19,9.0,99.253,0.8,,1,-97.016,9,5,3,348,0.4914
8.67,8.562,0.0,1475.56,9.0,98.653,0.85,,1,-97.049,9,5,4,414,0.4758
8.495,8.765,0.0,1345.63,9.0,98.513,0.9,,2,-97.309,9,5,5,465,0.4731
8.702,9.495,0.0,1449.31,9.0,98.852,0.95,,2,-97.101,9,5,6,403,0.464
9.285,9.557,0.0,1336.0,9.0,98.583,1.0,,3,-97.328,9,5,7,332,0.4608
8.488,7.609,0.0,1492.19,9.0,99.253,0.8,,1,-97.016,10,5,3,348,0.4914
8.67,8.562,0.0,1475.56,9.0,98.653,0.85,,1,-97.049,10,5,4,414,0.4758
8.495,8.765,0.0,1345.63,9.0,98.513,0.9,,2,-97.309,10,5,5,465,0.4731
8.702,9.495,0.0,1449.31,9.0,98.852,0.95,,2,-97.101,10,5,6,403,0.464
9.285,9.557,0.0,1336.0,9.0,98.583,1.0,,3,-97.328,10,5,7,332,0.4608
11.023,9.545,0.0223,35355.56,9.0,50.811,0.8,,4,-29.289,1,10,13,2320,0.5315
11.401,9.94,0.0,40889.06,9.0,46.461,0.85,,6,-18.222,1,10,13,1566,0.5364
11.356,9.88,0.0,51673.87,9.0,32.035,0.9,,10,3.348,1,10,13,1217,0.5407
11.309,9.927,0.0,51206.63,9.0,38.559,0.95,,8,2.413,1,10,13,923,0.5428
11.827,10.241,0.0,52029.13,9.0,33.951,1.0,,9,4.058,1,10,13,661,0.5446
11.023,9.545,0.014,12344.81,9.0,84.169,0.8,,3,-75.31,2,10,13,2320,0.5315
11.401,9.94,0.0,22355.25,9.0,77.7,0.85,,4,-55.289,2,10,13,1566,0.5364
11.356,9.88,0.0,34684.44,9.0,62.036,0.9,,9,-30.631,2,10,13,1217,0.5407
11.309,9.927,0.0,47765.69,9.0,66.119,0.95,,8,-4.469,2,10,13,923,0.5428
11.827,10.241,0.0,43092.31,9.0,60.013,1.0,,9,-13.815,2,10,13,661,0.5446
11.023,9.545,0.0,7297.81,9.0,94.139,0.8,,4,-85.404,3,10,13,2320,0.5315
11.401,9.94,0.0,9657.69,9.0,92.618,0.85,,4,-80.685,3,10,13,1566,0.5364
11.356,9.88,0.0,18465.0,9.0,80.521,0.9,,6,-63.07,3,10,13,1217,0.5407
11.309,9.927,0.0,33137.0,9.0,82.805,0.95,,8,-33.726,3,10,13,923,0.5428
11.827,10.241,0.0,30995.44,9.0,76.868,1.0,,8,-38.009,3,10,13,661,0.5446
10.896,9.442,0.0,3101.31,9.0,96.621,0.8,,2,-93.797,4,10,7,1230,0.5309
11.697,9.841,0.0333,3038.75,9.0,96.507,0.85,,1,-93.922,4,10,7,845,0.529
11.356,9.88,0.0,6108.69,9.0,93.572,0.9,,5,-87.783,4,10,13,1217,0.5407
11.309,9.927,0.0,18539.38,9.0,91.2,0.95,,6,-62.921,4,10,13,923,0.5428
11.827,10.241,0.0,22845.25,9.0,85.63,1.0,,7,-54.309,4,10,13,661,0.5446
10.304,8.254,0.0,2631.44,9.0,97.503,0.8,,1,-94.737,5,10,6,977,0.5363
11.508,9.827,0.031,2676.06,9.0,97.142,0.85,,1,-94.648,5,10,7,822,0.5304
11.777,10.172,0.0,2695.31,9.0,96.378,0.9,,2,-94.609,5,10,8,725,0.5352
11.309,9.927,0.0,4962.44,9.0,96.0,0.95,,4,-90.075,5,10,13,923,0.5428
11.827,10.241,0.0,8096.25,9.0,93.74,1.0,,7,-83.807,5,10,13,661,0.5446
10.078,8.239,0.0,2113.44,9.0,98.215,0.8,,1,-95.773,6,10,5,810,0.5346
10.733,8.625,0.0488,2133.56,9.0,97.907,0.85,,1,-95.733,6,10,6,666,0.5345
11.331,9.99,0.0,2194.81,9.0,97.243,0.9,,2,-95.61,6,10,7,621,0.525
11.803,10.188,0.0,2218.44,9.0,97.879,0.95,,2,-95.563,6,10,9,575,0.527
11.827,10.241,0.0,3296.0,9.0,96.642,1.0,,5,-93.408,6,10,13,661,0.5446
10.012,8.153,0.0,1850.5,9.0,98.548,0.8,,0,-96.299,7,10,5,705,0.5376
10.759,8.672,0.0,1804.13,9.0,98.328,0.85,,0,-96.392,7,10,6,657,0.5358
10.594,8.666,0.0,1855.31,9.0,97.808,0.9,,2,-96.289,7,10,6,532,0.5301
11.337,9.78,0.0,1851.81,9.0,98.351,0.95,,2,-96.296,7,10,7,475,0.5179
11.701,9.465,0.0,1746.81,9.0,97.953,1.0,,3,-96.506,7,10,7,340,0.5206
10.205,8.403,0.0,1615.13,9.0,98.796,0.8,,0,-96.77,8,10,4,555,0.5369
10.322,8.658,0.0,1644.44,9.0,98.574,0.85,,0,-96.711,8,10,5,549,0.5337
10.516,8.648,0.0,1553.44,9.0,98.277,0.9,,2,-96.893,8,10,6,511,0.5342
10.92,9.648,0.0,1650.13,9.0,98.672,0.95,,2,-96.7,8,10,7,463,0.5205
11.659,9.465,0.0,1510.56,9.0,98.354,1.0,,3,-96.979,8,10,7,338,0.5237
10.149,8.627,0.0,1435.31,9.0,99.006,0.8,,0,-97.129,9,10,3,454,0.5352
10.317,8.658,0.0,1455.44,9.0,98.766,0.85,,0,-97.089,9,10,5,548,0.5347
10.544,8.68,0.0,1417.38,9.0,98.503,0.9,,2,-97.165,9,10,6,501,0.5389
10.871,9.644,0.0,1495.25,9.0,98.855,0.95,,2,-97.009,9,10,7,457,0.5208
11.115,9.258,0.0,1350.44,9.0,98.608,1.0,,3,-97.299,9,10,7,330,0.5242
10.149,8.627,0.0,1435.31,9.0,99.006,0.8,,0,-97.129,10,10,3,454,0.5352
10.317,8.658,0.0,1455.44,9.0,98.766,0.85,,0,-97.089,10,10,5,548,0.5347
10.544,8.68,0.0,1417.38,9.0,98.503,0.9,,2,-97.165,10,10,6,501,0.5389
10.871,9.644,0.0,1495.25,9.0,98.855,0.95,,2,-97.009,10,10,7,457,0.5208
11.115,9.258,0.0,1350.44,9.0,98.608,1.0,,3,-97.299,10,10,7,330,0.5242
11.44,9.573,0.0287,32052.44,9.0,50.66,0.8,,4,-35.895,1,15,13,2313,0.5383
11.889,9.888,0.0537,34992.88,9.0,46.697,0.85,,5,-30.014,1,15,13,1562,0.5423
11.852,9.82,0.0,46077.37,9.0,33.375,0.9,,8,-7.845,1,15,13,1215,0.5473
11.863,9.875,0.0,46796.19,9.0,39.894,0.95,,7,-6.408,1,15,13,921,0.5505
12.311,10.222,0.0,47900.44,9.0,33.457,1.0,,8,-4.199,1,15,13,660,0.5485
11.44,9.573,0.0,13316.06,9.0,81.358,0.8,,3,-73.368,2,15,13,2313,0.5383
11.889,9.888,0.0436,16661.19,9.0,79.09,0.85,,3,-66.678,2,15,13,1562,0.5423
11.852,9.82,0.0,27708.94,9.0,62.971,0.9,,7,-44.582,2,15,13,1215,0.5473
11.863,9.875,0.0,39864.0,9.0,68.1,0.95,,7,-20.272,2,15,13,921,0.5505
12.311,10.222,0.0,37739.06,9.0,59.835,1.0,,8,-24.522,2,15,13,660,0.5485
11.47,9.585,0.0,4361.75,9.0,94.216,0.8,,2,-91.276,3,15,10,1882,0.534
11.889,9.888,0.0083,5846.63,9.0,93.571,0.85,,2,-88.307,3,15,13,1562,0.5423
11.852,9.82,0.0,9291.94,9.0,87.393,0.9,,4,-81.416,3,15,13,1215,0.5473
11.863,9.875,0.0,25101.44,9.0,83.334,0.95,,7,-49.797,3,15,13,921,0.5505
12.311,10.222,0.0,24598.31,9.0,75.954,1.0,,8,-50.803,3,15,13,660,0.5485
11.092,9.444,0.0,3094.31,9.0,96.299,0.8,,1,-93.811,4,15,7,1227,0.5363
11.934,9.869,0.0691,3271.5,9.0,96.123,0.85,,3,-93.457,4,15,10,1252,0.5375
11.91,9.903,0.0,3365.56,9.0,94.908,0.9,,3,-93.269,4,15,13,1192,0.5445
11.863,9.875,0.0,13056.19,9.0,91.132,0.95,,6,-73.888,4,15,13,921,0.5505
12.311,10.222,0.0,12235.88,9.0,87.659,1.0,,6,-75.528,4,15,13,660,0.5485
10.509,8.251,0.0033,2629.69,9.0,97.088,0.8,,1,-94.741,5,15,6,977,0.5415
11.701,9.771,0.0,2430.63,9.0,97.385,0.85,,0,-95.139,5,15,7,819,0.5348
11.948,10.118,0.0,2683.06,9.0,96.185,0.9,,2,-94.634,5,15,8,724,0.5387
11.863,9.875,0.0,6827.94,9.0,95.181,0.95,,5,-86.344,5,15,13,921,0.5505
12.311,10.222,0.0,5086.69,9.0,94.238,1.0,,6,-89.827,5,15,13,660,0.5485
10.259,8.274,0.0225,2118.69,9.0,97.855,0.8,,1,-95.763,6,15,5,808,0.5408
10.958,8.564,0.0,2202.69,9.0,97.7,0.85,,0,-95.595,6,15,6,663,0.54
11.243,9.822,0.0,2132.25,9.0,97.135,0.9,,2,-95.735,6,15,7,606,0.533
11.543,9.78,0.0,2057.44,9.0,97.907,0.95,,2,-95.885,6,15,7,479,0.5157
11.896,9.467,0.0,2167.69,9.0,97.246,1.0,,3,-95.665,6,15,7,343,0.519
10.265,8.292,0.0202,1917.44,9.0,98.134,0.8,,1,-96.165,7,15,5,803,0.543
10.944,8.742,0.0,1916.13,9.0,98.04,0.85,,0,-96.168,7,15,6,605,0.5388
10.798,8.651,0.0,1867.56,9.0,97.609,0.9,,2,-96.265,7,15,6,528,0.5341
11.454,9.78,0.0,1761.25,9.0,98.31,0.95,,2,-96.477,7,15,7,475,0.5179
11.805,9.465,0.0,1707.44,9.0,97.948,1.0,,3,-96.585,7,15,7,340,0.5206
10.182,8.205,0.0,1563.94,9.0,98.524,0.8,,0,-96.872,8,15,5,701,0.5449
10.535,8.64,0.0,1561.75,9.0,98.38,0.85,,0,-96.876,8,15,5,548,0.5365
10.74,8.583,0.0,1590.19,9.0,98.088,0.9,,1,-96.82,8,15,6,509,0.5403
11.044,9.656,0.0,1682.94,9.0,98.516,0.95,,2,-96.634,8,15,7,465,0.5204
11.764,9.465,0.0,1301.0,9.0,98.541,1.0,,3,-97.398,8,15,7,338,0.5237
10.423,8.463,0.0,1343.44,9.0,98.775,0.8,,0,-97.313,9,15,4,554,0.5451
10.505,8.64,0.0,1421.31,9.0,98.59,0.85,,0,-97.157,9,15,5,545,0.5394
10.756,8.613,0.0,1207.81,9.0,98.589,0.9,,1,-97.584,9,15,6,500,0.544
10.848,9.301,0.0,1486.5,9.0,98.734,0.95,,2,-97.027,9,15,6,400,0.525
11.223,9.258,0.0,1339.94,9.0,98.569,1.0,,3,-97.32,9,15,7,330,0.5242
10.423,8.463,0.0,1343.44,9.0,98.775,0.8,,0,-97.313,10,15,4,554,0.5451
10.505,8.64,0.0,1421.31,9.0,98.59,0.85,,0,-97.157,10,15,5,545,0.5394
10.756,8.613,0.0,1207.81,9.0,98.589,0.9,,1,-97.584,10,15,6,500,0.544
10.848,9.301,0.0,1486.5,9.0,98.734,0.95,,2,-97.027,10,15,6,400,0.525
11.223,9.258,0.0,1339.94,9.0,98.569,1.0,,3,-97.32,10,15,7,330,0.5242
11.547,9.606,0.0,33577.56,9.0,49.087,0.8,,5,-32.845,1,20,13,2308,0.5416
12.016,9.908,0.0651,36308.88,9.0,44.006,0.85,,6,-27.382,1,20,13,1560,0.5442
11.986,9.857,0.0,46006.94,9.0,33.366,0.9,,8,-7.986,1,20,13,1213,0.5491
12.045,9.923,0.0,46864.44,9.0,39.924,0.95,,6,-6.271,1,20,13,919,0.5528
12.479,10.224,0.0,47046.0,9.0,33.297,1.0,,8,-5.908,1,20,13,660,0.55
11.547,9.606,0.0,10926.44,9.0,85.406,0.8,,4,-78.147,2,20,13,2308,0.5416
12.016,9.908,0.043,16200.5,9.0,77.568,0.85,,3,-67.599,2,20,13,1560,0.5442
11.986,9.857,0.0,26744.25,9.0,64.025,0.9,,7,-46.511,2,20,13,1213,0.5491
12.045,9.923,0.0,39285.63,9.0,67.221,0.95,,7,-21.429,2,20,13,919,0.5528
12.479,10.224,0.0,36320.69,9.0,60.8,1.0,,8,-27.359,2,20,13,660,0.55
11.547,9.606,0.0,6280.63,9.0,93.72,0.8,,5,-87.439,3,20,13,2308,0.5416
12.016,9.908,0.0447,5708.38,9.0,93.276,0.85,,3,-88.583,3,20,13,1560,0.5442
11.986,9.857,0.0,12111.63,9.0,82.992,0.9,,5,-75.777,3,20,13,1213,0.5491
12.045,9.923,0.0,21316.63,9.0,83.797,0.95,,6,-57.367,3,20,13,919,0.5528
12.479,10.224,0.0,23875.13,9.0,76.816,1.0,,8,-52.25,3,20,13,660,0.55
11.178,9.488,0.0,3273.69,9.0,96.045,0.8,,1,-93.453,4,20,7,1226,0.5383
12.036,9.981,0.0389,3254.44,9.0,96.143,0.85,,4,-93.491,4,20,13,1532,0.5431
12.029,9.94,0.0,3170.0,9.0,95.16,0.9,,3,-93.66,4,20,13,1190,0.5462
12.045,9.923,0.0,13624.06,9.0,91.048,0.95,,6,-72.752,4,20,13,919,0.5528
12.479,10.224,0.0,10196.25,9.0,88.207,1.0,,7,-79.607,4,20,13,660,0.55
10.619,8.31,0.0,2698.81,9.0,97.007,0.8,,1,-94.602,5,20,6,977,0.5435
11.827,9.772,0.0,2484.88,9.0,97.212,0.85,,0,-95.03,5,20,7,819,0.536
11.64,9.948,0.0,2672.13,9.0,96.134,0.9,,2,-94.656,5,20,7,619,0.5299
12.045,9.923,0.0,4962.44,9.0,96.079,0.95,,5,-90.075,5,20,13,919,0.5528
12.479,10.224,0.0,4639.56,9.0,93.857,1.0,,7,-90.721,5,20,13,660,0.55
10.42,8.376,0.0162,2220.63,9.0,97.705,0.8,,1,-95.559,6,20,5,813,0.5412
11.108,8.614,0.0,2173.81,9.0,97.665,0.85,,0,-95.652,6,20,6,653,0.5436
11.633,9.948,0.0,1045.5,9.0,98.556,0.9,,2,-97.909,6,20,7,618,0.5307
11.597,9.808,0.0,2192.19,9.0,97.704,0.95,,2,-95.616,6,20,7,473,0.5201
12.509,10.297,0.0,2075.38,9.0,97.283,1.0,,3,-95.849,6,20,9,417,0.5324
10.407,8.363,0.0221,1824.25,9.0,98.203,0.8,,1,-96.351,7,20,5,803,0.5455
11.115,8.707,0.0,1689.06,9.0,98.197,0.85,,0,-96.622,7,20,6,609,0.5419
10.92,8.608,0.0,1832.56,9.0,97.576,0.9,,1,-96.335,7,20,6,511,0.5382
11.597,9.808,0.0,1223.13,9.0,98.792,0.95,,2,-97.554,7,20,7,473,0.5201
12.019,9.472,0.0,1714.0,9.0,97.875,1.0,,3,-96.572,7,20,7,340,0.5235
10.358,8.274,0.0195,1629.56,9.0,98.441,0.8,,1,-96.741,8,20,5,702,0.5484
10.661,8.645,0.0,1678.13,9.0,98.208,0.85,,0,-96.644,8,20,5,546,0.5403
10.889,8.608,0.0,1628.25,9.0,97.942,0.9,,1,-96.743,8,20,6,507,0.5424
11.597,9.808,0.0,625.5,9.0,99.416,0.95,,2,-98.749,8,20,7,473,0.5201
11.981,9.472,0.0,1344.75,9.0,98.424,1.0,,3,-97.31,8,20,7,338,0.5266
10.45,8.519,0.0,1421.75,9.0,98.658,0.8,,0,-97.156,9,20,4,554,0.5451
10.66,8.645,0.0,1427.44,9.0,98.462,0.85,,0,-97.145,9,20,5,544,0.5423
10.824,8.863,0.0,1271.69,9.0,98.448,0.9,,0,-97.457,9,20,6,468,0.5427
11.022,9.334,0.0,1353.5,9.0,98.798,0.95,,2,-97.293,9,20,6,398,0.5276
11.441,9.267,0.0,1359.63,9.0,98.476,1.0,,3,-97.281,9,20,7,330,0.5273
10.45,8.519,0.0,1421.75,9.0,98.658,0.8,,0,-97.156,10,20,4,554,0.5451
10.66,8.645,0.0,1427.44,9.0,98.462,0.85,,0,-97.145,10,20,5,544,0.5423
10.824,8.863,0.0,1271.69,9.0,98.448,0.9,,0,-97.457,10,20,6,468,0.5427
11.022,9.334,0.0,1353.5,9.0,98.798,0.95,,2,-97.293,10,20,6,398,0.5276
11.441,9.267,0.0,1359.63,9.0,98.476,1.0,,3,-97.281,10,20,7,330,0.5273
11.687,9.62,0.0734,33116.88,9.0,46.32,0.8,,4,-33.766,1,25,13,2306,0.5421
12.124,9.871,0.0896,36130.38,9.0,44.686,0.85,,5,-27.739,1,25,13,1558,0.5443
12.104,9.831,0.1233,35022.62,9.0,39.213,0.9,,6,-29.955,1,25,13,1212,0.5495
12.177,9.889,0.0,46356.06,9.0,39.434,0.95,,7,-7.288,1,25,13,918,0.5534
12.519,10.224,0.0,47745.56,9.0,32.707,1.0,,8,-4.509,1,25,13,660,0.55
11.687,9.62,0.0716,10989.44,9.0,83.584,0.8,,3,-78.021,2,25,13,2306,0.5421
12.124,9.871,0.088,13606.13,9.0,80.579,0.85,,4,-72.788,2,25,13,1558,0.5443
12.104,9.831,0.0312,19849.69,9.0,68.348,0.9,,6,-60.301,2,25,13,1212,0.5495
12.177,9.889,0.0,31936.5,9.0,66.936,0.95,,6,-36.127,2,25,13,918,0.5534
12.519,10.224,0.0,36138.69,9.0,59.429,1.0,,8,-27.723,2,25,13,660,0.55
11.673,9.675,0.0327,4357.38,9.0,93.207,0.8,,1,-91.285,3,25,9,1486,0.5343
12.124,9.871,0.0536,5652.38,9.0,93.41,0.85,,3,-88.695,3,25,13,1558,0.5443
12.104,9.831,0.0177,8720.13,9.0,87.052,0.9,,3,-82.56,3,25,13,1212,0.5495
12.177,9.889,0.0,19463.81,9.0,85.221,0.95,,5,-61.072,3,25,13,918,0.5534
12.519,10.224,0.0,22605.5,9.0,77.483,1.0,,7,-54.789,3,25,13,660,0.55
11.395,9.515,0.0436,3162.56,9.0,95.41,0.8,,1,-93.675,4,25,7,1224,0.5392
12.128,9.717,0.0615,2919.31,9.0,96.54,0.85,,1,-94.161,4,25,7,839,0.5352
12.139,9.914,0.0,3283.31,9.0,94.987,0.9,,4,-93.433,4,25,13,1188,0.5471
12.177,9.889,0.0,9365.88,9.0,92.138,0.95,,5,-81.268,4,25,13,918,0.5534
12.519,10.224,0.0,10205.0,9.0,87.589,1.0,,6,-79.59,4,25,13,660,0.55
10.906,8.432,0.0,2666.44,9.0,96.407,0.8,,0,-94.667,5,25,6,886,0.5463
11.26,8.476,0.0,2592.5,9.0,97.091,0.85,,0,-94.815,5,25,6,660,0.5424
11.807,9.896,0.0143,2675.63,9.0,96.129,0.9,,1,-94.649,5,25,7,619,0.5299
12.177,9.889,0.0,4018.75,9.0,96.504,0.95,,4,-91.962,5,25,13,918,0.5534
12.519,10.224,0.0,4607.63,9.0,94.536,1.0,,6,-90.785,5,25,13,660,0.55
10.722,8.404,0.0,2148.44,9.0,97.335,0.8,,0,-95.703,6,25,5,800,0.5475
11.274,8.546,0.0,2215.81,9.0,97.62,0.85,,0,-95.568,6,25,6,615,0.5431
11.535,9.791,0.0025,2175.13,9.0,96.996,0.9,,1,-95.65,6,25,7,604,0.5348
11.851,9.739,0.0,2141.44,9.0,97.757,0.95,,1,-95.717,6,25,7,474,0.519
12.163,9.475,0.0,2072.75,9.0,97.286,1.0,,3,-95.854,6,25,7,343,0.5219
10.901,8.463,0.0,1850.06,9.0,97.842,0.8,,0,-96.3,7,25,4,555,0.5441
10.866,8.534,0.0,1920.94,9.0,97.95,0.85,,0,-96.158,7,25,5,544,0.5404
11.086,8.547,0.0,1827.31,9.0,97.583,0.9,,0,-96.345,7,25,6,508,0.5413
11.822,9.739,0.0,812.31,9.0,99.197,0.95,,1,-98.375,7,25,7,472,0.5212
12.048,9.472,0.0,1920.06,9.0,97.62,1.0,,3,-96.16,7,25,7,339,0.5251
11.113,8.165,0.0,1660.19,9.0,98.169,0.8,,0,-96.68,8,25,3,333,0.5435
10.864,8.534,0.0,1570.06,9.0,98.324,0.85,,0,-96.86,8,25,5,543,0.5414
11.085,8.761,0.0,1461.56,9.0,98.152,0.9,,0,-97.077,8,25,6,471,0.5435
11.291,9.253,0.0,1610.31,9.0,98.496,0.95,,1,-96.779,8,25,6,397,0.529
12.037,9.472,0.0,1311.94,9.0,98.462,1.0,,3,-97.376,8,25,7,338,0.5266
11.053,8.289,0.0,1465.94,9.0,98.488,0.8,,0,-97.068,9,25,3,312,0.5449
11.054,8.661,0.0,1308.88,9.0,98.589,0.85,,0,-97.382,9,25,4,383,0.5431
10.902,8.825,0.0,1298.38,9.0,98.415,0.9,,0,-97.403,9,25,5,455,0.5429
11.282,9.303,0.0,1426.56,9.0,98.733,0.95,,1,-97.147,9,25,6,387,0.5349
11.419,9.326,0.0,1454.56,9.0,98.37,1.0,,3,-97.091,9,25,7,325,0.5292
11.053,8.289,0.0,1465.94,9.0,98.488,0.8,,0,-97.068,10,25,3,312,0.5449
11.054,8.661,0.0,1308.88,9.0,98.589,0.85,,0,-97.382,10,25,4,383,0.5431
10.902,8.825,0.0,1298.38,9.0,98.415,0.9,,0,-97.403,10,25,5,455,0.5429
11.282,9.303,0.0,1426.56,9.0,98.733,0.95,,1,-97.147,10,25,6,387,0.5349
11.419,9.326,0.0,1454.56,9.0,98.37,1.0,,3,-97.091,10,25,7,325,0.5292
11.733,9.621,0.0583,32537.19,9.0,47.349,0.8,,4,-34.926,1,30,13,2303,0.5423
12.141,9.878,0.0854,35995.19,9.0,44.543,0.85,,5,-28.01,1,30,13,1558,0.5449
12.12,9.831,0.1506,34967.94,9.0,39.066,0.9,,7,-30.064,1,30,13,1212,0.5495
12.209,9.897,0.0,45746.63,9.0,39.434,0.95,,7,-8.507,1,30,13,917,0.5529
12.563,10.235,0.0,46437.0,9.0,32.707,1.0,,8,-7.126,1,30,13,659,0.5493
11.733,9.621,0.082,10224.69,9.0,84.936,0.8,,4,-79.551,2,30,13,2303,0.5423
12.141,9.878,0.0867,13582.5,9.0,80.614,0.85,,4,-72.835,2,30,13,1558,0.5449
12.12,9.831,0.0246,19778.81,9.0,68.471,0.9,,4,-60.442,2,30,13,1212,0.5495
12.209,9.897,0.0,30603.0,9.0,66.936,0.95,,6,-38.794,2,30,13,917,0.5529
12.563,10.235,0.0,34867.75,9.0,59.429,1.0,,8,-30.264,2,30,13,659,0.5493
11.72,9.661,0.0386,4486.88,9.0,93.006,0.8,,1,-91.026,3,30,9,1484,0.535
12.141,9.878,0.056,5615.19,9.0,93.459,0.85,,3,-88.77,3,30,13,1558,0.5449
12.12,9.831,0.0212,8837.38,9.0,86.861,0.9,,3,-82.325,3,30,13,1212,0.5495
12.209,9.897,0.0,18604.13,9.0,85.221,0.95,,5,-62.792,3,30,13,917,0.5529
12.563,10.235,0.0,21496.44,9.0,77.483,1.0,,7,-57.007,3,30,13,659,0.5493
11.425,9.486,0.0,3297.31,9.0,95.215,0.8,,0,-93.405,4,30,7,1218,0.5402
12.15,9.731,0.0674,2926.31,9.0,96.532,0.85,,1,-94.147,4,30,7,839,0.5364
12.154,9.914,0.0,3310.0,9.0,94.946,0.9,,3,-93.38,4,30,13,1188,0.5471
12.209,9.897,0.0,9021.13,9.0,92.138,0.95,,5,-81.958,4,30,13,917,0.5529
12.563,10.235,0.0,9664.69,9.0,87.589,1.0,,6,-80.671,4,30,13,659,0.5493
10.837,8.372,0.0,2656.38,9.0,96.421,0.8,,0,-94.687,5,30,5,822,0.5438
11.314,8.497,0.0,2524.69,9.0,97.167,0.85,,0,-94.951,5,30,6,662,0.5423
11.839,9.896,0.0168,2697.5,9.0,96.097,0.9,,1,-94.605,5,30,7,620,0.529
12.228,10.001,0.0,2441.13,9.0,97.174,0.95,,4,-95.118,5,30,13,900,0.5489
12.563,10.235,0.0,4356.5,9.0,94.536,1.0,,6,-91.287,5,30,13,659,0.5493
10.797,8.422,0.0,2210.56,9.0,97.258,0.8,,0,-95.579,6,30,5,790,0.5481
11.314,8.543,0.0,2146.25,9.0,97.695,0.85,,0,-95.707,6,30,6,650,0.5462
11.159,8.567,0.0156,2202.69,9.0,96.958,0.9,,1,-95.595,6,30,6,529,0.5369
11.851,9.739,0.0,2141.44,9.0,97.757,0.95,,1,-95.717,6,30,7,474,0.519
12.163,9.475,0.0,2072.75,9.0,97.286,1.0,,3,-95.854,6,30,7,343,0.5219
10.943,8.435,0.0,1848.75,9.0,97.844,0.8,,0,-96.302,7,30,4,554,0.5469
10.928,8.559,0.0,1866.69,9.0,98.008,0.85,,0,-96.267,7,30,5,546,0.5403
11.108,8.547,0.0,1829.94,9.0,97.58,0.9,,0,-96.34,7,30,6,508,0.5413
11.822,9.739,0.0,812.31,9.0,99.197,0.95,,1,-98.375,7,30,7,472,0.5212
12.048,9.472,0.0,1920.06,9.0,97.62,1.0,,3,-96.16,7,30,7,339,0.5251
10.931,8.435,0.0,1638.75,9.0,98.193,0.8,,0,-96.722,8,30,4,552,0.5489
10.894,8.559,0.0,1579.25,9.0,98.314,0.85,,0,-96.841,8,30,5,543,0.5433
11.108,8.761,0.0,1659.31,9.0,97.902,0.9,,0,-96.681,8,30,6,471,0.5435
11.291,9.253,0.0,1610.31,9.0,98.496,0.95,,1,-96.779,8,30,6,397,0.529
12.037,9.472,0.0,1311.94,9.0,98.462,1.0,,3,-97.376,8,30,7,338,0.5266
11.107,8.337,0.0,1437.06,9.0,98.518,0.8,,0,-97.126,9,30,3,318,0.5472
10.905,8.587,0.0,1461.56,9.0,98.425,0.85,,0,-97.077,9,30,5,539,0.5455
11.072,8.797,0.0,1403.38,9.0,98.287,0.9,,0,-97.193,9,30,6,467,0.5439
11.282,9.303,0.0,1426.56,9.0,98.733,0.95,,1,-97.147,9,30,6,387,0.5349
11.419,9.326,0.0,1454.56,9.0,98.37,1.0,,3,-97.091,9,30,7,325,0.5292
11.107,8.337,0.0,1437.06,9.0,98.518,0.8,,0,-97.126,10,30,3,318,0.5472
10.905,8.587,0.0,1461.56,9.0,98.425,0.85,,0,-97.077,10,30,5,539,0.5455
11.072,8.797,0.0,1403.38,9.0,98.287,0.9,,0,-97.193,10,30,6,467,0.5439
11.282,9.303,0.0,1426.56,9.0,98.733,0.95,,1,-97.147,10,30,6,387,0.5349
11.419,9.326,0.0,1454.56,9.0,98.37,1.0,,3,-97.091,10,30,7,325,0.5292
11.733,9.621,0.0583,32537.19,9.0,47.349,0.8,,4,-34.926,1,35,13,2303,0.5423
12.141,9.878,0.0854,35995.19,9.0,44.543,0.85,,5,-28.01,1,35,13,1558,0.5449
12.12,9.831,0.1506,34967.94,9.0,39.066,0.9,,7,-30.064,1,35,13,1212,0.5495
12.209,9.897,0.0,45746.63,9.0,39.434,0.95,,7,-8.507,1,35,13,917,0.5529
12.563,10.235,0.0,46437.0,9.0,32.707,1.0,,8,-7.126,1,35,13,659,0.5493
11.733,9.621,0.082,10224.69,9.0,84.936,0.8,,4,-79.551,2,35,13,2303,0.5423
12.141,9.878,0.0867,13582.5,9.0,80.614,0.85,,4,-72.835,2,35,13,1558,0.5449
12.12,9.831,0.0246,19778.81,9.0,68.471,0.9,,4,-60.442,2,35,13,1212,0.5495
12.209,9.897,0.0,30603.0,9.0,66.936,0.95,,6,-38.794,2,35,13,917,0.5529
12.563,10.235,0.0,34867.75,9.0,59.429,1.0,,8,-30.264,2,35,13,659,0.5493
11.72,9.661,0.0386,4486.88,9.0,93.006,0.8,,1,-91.026,3,35,9,1484,0.535
12.141,9.878,0.056,5615.19,9.0,93.459,0.85,,3,-88.77,3,35,13,1558,0.5449
12.12,9.831,0.0212,8837.38,9.0,86.861,0.9,,3,-82.325,3,35,13,1212,0.5495
12.209,9.897,0.0,18604.13,9.0,85.221,0.95,,5,-62.792,3,35,13,917,0.5529
12.563,10.235,0.0,21496.44,9.0,77.483,1.0,,7,-57.007,3,35,13,659,0.5493
11.425,9.486,0.0,3297.31,9.0,95.215,0.8,,0,-93.405,4,35,7,1218,0.5402
12.15,9.731,0.0674,2926.31,9.0,96.532,0.85,,1,-94.147,4,35,7,839,0.5364
12.154,9.914,0.0,3310.0,9.0,94.946,0.9,,3,-93.38,4,35,13,1188,0.5471
12.209,9.897,0.0,9021.13,9.0,92.138,0.95,,5,-81.958,4,35,13,917,0.5529
12.563,10.235,0.0,9664.69,9.0,87.589,1.0,,6,-80.671,4,35,13,659,0.5493
10.837,8.372,0.0,2656.38,9.0,96.421,0.8,,0,-94.687,5,35,5,822,0.5438
11.314,8.497,0.0,2524.69,9.0,97.167,0.85,,0,-94.951,5,35,6,662,0.5423
11.839,9.896,0.0168,2697.5,9.0,96.097,0.9,,1,-94.605,5,35,7,620,0.529
12.228,10.001,0.0,2441.13,9.0,97.174,0.95,,4,-95.118,5,35,13,900,0.5489
12.563,10.235,0.0,4356.5,9.0,94.536,1.0,,6,-91.287,5,35,13,659,0.5493
10.797,8.422,0.0,2210.56,9.0,97.258,0.8,,0,-95.579,6,35,5,790,0.5481
11.314,8.543,0.0,2146.25,9.0,97.695,0.85,,0,-95.707,6,35,6,650,0.5462
11.159,8.567,0.0156,2202.69,9.0,96.958,0.9,,1,-95.595,6,35,6,529,0.5369
11.851,9.739,0.0,2141.44,9.0,97.757,0.95,,1,-95.717,6,35,7,474,0.519
12.163,9.475,0.0,2072.75,9.0,97.286,1.0,,3,-95.854,6,35,7,343,0.5219
10.943,8.435,0.0,1848.75,9.0,97.844,0.8,,0,-96.302,7,35,4,554,0.5469
10.928,8.559,0.0,1866.69,9.0,98.008,0.85,,0,-96.267,7,35,5,546,0.5403
11.108,8.547,0.0,1829.94,9.0,97.58,0.9,,0,-96.34,7,35,6,508,0.5413
11.822,9.739,0.0,812.31,9.0,99.197,0.95,,1,-98.375,7,35,7,472,0.5212
12.048,9.472,0.0,1920.06,9.0,97.62,1.0,,3,-96.16,7,35,7,339,0.5251
10.931,8.435,0.0,1638.75,9.0,98.193,0.8,,0,-96.722,8,35,4,552,0.5489
10.894,8.559,0.0,1579.25,9.0,98.314,0.85,,0,-96.841,8,35,5,543,0.5433
11.108,8.761,0.0,1659.31,9.0,97.902,0.9,,0,-96.681,8,35,6,471,0.5435
11.291,9.253,0.0,1610.31,9.0,98.496,0.95,,1,-96.779,8,35,6,397,0.529
12.037,9.472,0.0,1311.94,9.0,98.462,1.0,,3,-97.376,8,35,7,338,0.5266
11.107,8.337,0.0,1437.06,9.0,98.518,0.8,,0,-97.126,9,35,3,318,0.5472
10.905,8.587,0.0,1461.56,9.0,98.425,0.85,,0,-97.077,9,35,5,539,0.5455
11.072,8.797,0.0,1403.38,9.0,98.287,0.9,,0,-97.193,9,35,6,467,0.5439
11.282,9.303,0.0,1426.56,9.0,98.733,0.95,,1,-97.147,9,35,6,387,0.5349
11.419,9.326,0.0,1454.56,9.0,98.37,1.0,,3,-97.091,9,35,7,325,0.5292
11.107,8.337,0.0,1437.06,9.0,98.518,0.8,,0,-97.126,10,35,3,318,0.5472
10.905,8.587,0.0,1461.56,9.0,98.425,0.85,,0,-97.077,10,35,5,539,0.5455
11.072,8.797,0.0,1403.38,9.0,98.287,0.9,,0,-97.193,10,35,6,467,0.5439
11.282,9.303,0.0,1426.56,9.0,98.733,0.95,,1,-97.147,10,35,6,387,0.5349
11.419,9.326,0.0,1454.56,9.0,98.37,1.0,,3,-97.091,10,35,7,325,0.5292
11.733,9.621,0.0583,32537.19,9.0,47.349,0.8,,4,-34.926,1,40,13,2303,0.5423
12.141,9.878,0.0854,35995.19,9.0,44.543,0.85,,5,-28.01,1,40,13,1558,0.5449
12.12,9.831,0.1506,34967.94,9.0,39.066,0.9,,7,-30.064,1,40,13,1212,0.5495
12.209,9.897,0.0,45746.63,9.0,39.434,0.95,,7,-8.507,1,40,13,917,0.5529
12.563,10.235,0.0,46437.0,9.0,32.707,1.0,,8,-7.126,1,40,13,659,0.5493
11.733,9.621,0.082,10224.69,9.0,84.936,0.8,,4,-79.551,2,40,13,2303,0.5423
12.141,9.878,0.0867,13582.5,9.0,80.614,0.85,,4,-72.835,2,40,13,1558,0.5449
12.12,9.831,0.0246,19778.81,9.0,68.471,0.9,,4,-60.442,2,40,13,1212,0.5495
12.209,9.897,0.0,30603.0,9.0,66.936,0.95,,6,-38.794,2,40,13,917,0.5529
12.563,10.235,0.0,34867.75,9.0,59.429,1.0,,8,-30.264,2,40,13,659,0.5493
11.72,9.661,0.0386,4486.88,9.0,93.006,0.8,,1,-91.026,3,40,9,1484,0.535
12.141,9.878,0.056,5615.19,9.0,93.459,0.85,,3,-88.77,3,40,13,1558,0.5449
12.12,9.831,0.0212,8837.38,9.0,86.861,0.9,,3,-82.325,3,40,13,1212,0.5495
12.209,9.897,0.0,18604.13,9.0,85.221,0.95,,5,-62.792,3,40,13,917,0.5529
12.563,10.235,0.0,21496.44,9.0,77.483,1.0,,7,-57.007,3,40,13,659,0.5493
11.425,9.486,0.0,3297.31,9.0,95.215,0.8,,0,-93.405,4,40,7,1218,0.5402
12.15,9.731,0.0674,2926.31,9.0,96.532,0.85,,1,-94.147,4,40,7,839,0.5364
12.154,9.914,0.0,3310.0,9.0,94.946,0.9,,3,-93.38,4,40,13,1188,0.5471
12.209,9.897,0.0,9021.13,9.0,92.138,0.95,,5,-81.958,4,40,13,917,0.5529
12.563,10.235,0.0,9664.69,9.0,87.589,1.0,,6,-80.671,4,40,13,659,0.5493
10.837,8.372,0.0,2656.38,9.0,96.421,0.8,,0,-94.687,5,40,5,822,0.5438
11.314,8.497,0.0,2524.69,9.0,97.167,0.85,,0,-94.951,5,40,6,662,0.5423
11.839,9.896,0.0168,2697.5,9.0,96.097,0.9,,1,-94.605,5,40,7,620,0.529
12.228,10.001,0.0,2441.13,9.0,97.174,0.95,,4,-95.118,5,40,13,900,0.5489
12.563,10.235,0.0,4356.5,9.0,94.536,1.0,,6,-91.287,5,40,13,659,0.5493
10.797,8.422,0.0,2210.56,9.0,97.258,0.8,,0,-95.579,6,40,5,790,0.5481
11.314,8.543,0.0,2146.25,9.0,97.695,0.85,,0,-95.707,6,40,6,650,0.5462
11.159,8.567,0.0156,2202.69,9.0,96.958,0.9,,1,-95.595,6,40,6,529,0.5369
11.851,9.739,0.0,2141.44,9.0,97.757,0.95,,1,-95.717,6,40,7,474,0.519
12.163,9.475,0.0,2072.75,9.0,97.286,1.0,,3,-95.854,6,40,7,343,0.5219
10.943,8.435,0.0,1848.75,9.0,97.844,0.8,,0,-96.302,7,40,4,554,0.5469
10.928,8.559,0.0,1866.69,9.0,98.008,0.85,,0,-96.267,7,40,5,546,0.5403
11.108,8.547,0.0,1829.94,9.0,97.58,0.9,,0,-96.34,7,40,6,508,0.5413
11.822,9.739,0.0,812.31,9.0,99.197,0.95,,1,-98.375,7,40,7,472,0.5212
12.048,9.472,0.0,1920.06,9.0,97.62,1.0,,3,-96.16,7,40,7,339,0.5251
10.931,8.435,0.0,1638.75,9.0,98.193,0.8,,0,-96.722,8,40,4,552,0.5489
10.894,8.559,0.0,1579.25,9.0,98.314,0.85,,0,-96.841,8,40,5,543,0.5433
11.108,8.761,0.0,1659.31,9.0,97.902,0.9,,0,-96.681,8,40,6,471,0.5435
11.291,9.253,0.0,1610.31,9.0,98.496,0.95,,1,-96.779,8,40,6,397,0.529
12.037,9.472,0.0,1311.94,9.0,98.462,1.0,,3,-97.376,8,40,7,338,0.5266
11.107,8.337,0.0,1437.06,9.0,98.518,0.8,,0,-97.126,9,40,3,318,0.5472
10.905,8.587,0.0,1461.56,9.0,98.425,0.85,,0,-97.077,9,40,5,539,0.5455
11.072,8.797,0.0,1403.38,9.0,98.287,0.9,,0,-97.193,9,40,6,467,0.5439
11.282,9.303,0.0,1426.56,9.0,98.733,0.95,,1,-97.147,9,40,6,387,0.5349
11.419,9.326,0.0,1454.56,9.0,98.37,1.0,,3,-97.091,9,40,7,325,0.5292
11.107,8.337,0.0,1437.06,9.0,98.518,0.8,,0,-97.126,10,40,3,318,0.5472
10.905,8.587,0.0,1461.56,9.0,98.425,0.85,,0,-97.077,10,40,5,539,0.5455
11.072,8.797,0.0,1403.38,9.0,98.287,0.9,,0,-97.193,10,40,6,467,0.5439
11.282,9.303,0.0,1426.56,9.0,98.733,0.95,,1,-97.147,10,40,6,387,0.5349
11.419,9.326,0.0,1454.56,9.0,98.37,1.0,,3,-97.091,10,40,7,325,0.5292
11.733,9.621,0.0583,32537.19,9.0,47.349,0.8,,4,-34.926,1,45,13,2303,0.5423
12.141,9.878,0.0854,35995.19,9.0,44.543,0.85,,5,-28.01,1,45,13,1558,0.5449
12.12,9.831,0.1506,34967.94,9.0,39.066,0.9,,7,-30.064,1,45,13,1212,0.5495
12.209,9.897,0.0,45746.63,9.0,39.434,0.95,,7,-8.507,1,45,13,917,0.5529
12.563,10.235,0.0,46437.0,9.0,32.707,1.0,,8,-7.126,1,45,13,659,0.5493
11.733,9.621,0.082,10224.69,9.0,84.936,0.8,,4,-79.551,2,45,13,2303,0.5423
12.141,9.878,0.0867,13582.5,9.0,80.614,0.85,,4,-72.835,2,45,13,1558,0.5449
12.12,9.831,0.0246,19778.81,9.0,68.471,0.9,,4,-60.442,2,45,13,1212,0.5495
12.209,9.897,0.0,30603.0,9.0,66.936,0.95,,6,-38.794,2,45,13,917,0.5529
12.563,10.235,0.0,34867.75,9.0,59.429,1.0,,8,-30.264,2,45,13,659,0.5493
11.72,9.661,0.0386,4486.88,9.0,93.006,0.8,,1,-91.026,3,45,9,1484,0.535
12.141,9.878,0.056,5615.19,9.0,93.459,0.85,,3,-88.77,3,45,13,1558,0.5449
12.12,9.831,0.0212,8837.38,9.0,86.861,0.9,,3,-82.325,3,45,13,1212,0.5495
12.209,9.897,0.0,18604.13,9.0,85.221,0.95,,5,-62.792,3,45,13,917,0.5529
12.563,10.235,0.0,21496.44,9.0,77.483,1.0,,7,-57.007,3,45,13,659,0.5493
11.425,9.486,0.0,3297.31,9.0,95.215,0.8,,0,-93.405,4,45,7,1218,0.5402
12.15,9.731,0.0674,2926.31,9.0,96.532,0.85,,1,-94.147,4,45,7,839,0.5364
12.154,9.914,0.0,3310.0,9.0,94.946,0.9,,3,-93.38,4,45,13,1188,0.5471
12.209,9.897,0.0,9021.13,9.0,92.138,0.95,,5,-81.958,4,45,13,917,0.5529
12.563,10.235,0.0,9664.69,9.0,87.589,1.0,,6,-80.671,4,45,13,659,0.5493
10.837,8.372,0.0,2656.38,9.0,96.421,0.8,,0,-94.687,5,45,5,822,0.5438
11.314,8.497,0.0,2524.69,9.0,97.167,0.85,,0,-94.951,5,45,6,662,0.5423
11.839,9.896,0.0168,2697.5,9.0,96.097,0.9,,1,-94.605,5,45,7,620,0.529
12.228,10.001,0.0,2441.13,9.0,97.174,0.95,,4,-95.118,5,45,13,900,0.5489
12.563,10.235,0.0,4356.5,9.0,94.536,1.0,,6,-91.287,5,45,13,659,0.5493
10.797,8.422,0.0,2210.56,9.0,97.258,0.8,,0,-95.579,6,45,5,790,0.5481
11.314,8.543,0.0,2146.25,9.0,97.695,0.85,,0,-95.707,6,45,6,650,0.5462
11.159,8.567,0.0156,2202.69,9.0,96.958,0.9,,1,-95.595,6,45,6,529,0.5369
11.851,9.739,0.0,2141.44,9.0,97.757,0.95,,1,-95.717,6,45,7,474,0.519
12.163,9.475,0.0,2072.75,9.0,97.286,1.0,,3,-95.854,6,45,7,343,0.5219
10.943,8.435,0.0,1848.75,9.0,97.844,0.8,,0,-96.302,7,45,4,554,0.5469
10.928,8.559,0.0,1866.69,9.0,98.008,0.85,,0,-96.267,7,45,5,546,0.5403
11.108,8.547,0.0,1829.94,9.0,97.58,0.9,,0,-96.34,7,45,6,508,0.5413
11.822,9.739,0.0,812.31,9.0,99.197,0.95,,1,-98.375,7,45,7,472,0.5212
12.048,9.472,0.0,1920.06,9.0,97.62,1.0,,3,-96.16,7,45,7,339,0.5251
10.931,8.435,0.0,1638.75,9.0,98.193,0.8,,0,-96.722,8,45,4,552,0.5489
10.894,8.559,0.0,1579.25,9.0,98.314,0.85,,0,-96.841,8,45,5,543,0.5433
11.108,8.761,0.0,1659.31,9.0,97.902,0.9,,0,-96.681,8,45,6,471,0.5435
11.291,9.253,0.0,1610.31,9.0,98.496,0.95,,1,-96.779,8,45,6,397,0.529
12.037,9.472,0.0,1311.94,9.0,98.462,1.0,,3,-97.376,8,45,7,338,0.5266
11.107,8.337,0.0,1437.06,9.0,98.518,0.8,,0,-97.126,9,45,3,318,0.5472
10.905,8.587,0.0,1461.56,9.0,98.425,0.85,,0,-97.077,9,45,5,539,0.5455
11.072,8.797,0.0,1403.38,9.0,98.287,0.9,,0,-97.193,9,45,6,467,0.5439
11.282,9.303,0.0,1426.56,9.0,98.733,0.95,,1,-97.147,9,45,6,387,0.5349
11.419,9.326,0.0,1454.56,9.0,98.37,1.0,,3,-97.091,9,45,7,325,0.5292
11.107,8.337,0.0,1437.06,9.0,98.518,0.8,,0,-97.126,10,45,3,318,0.5472
10.905,8.587,0.0,1461.56,9.0,98.425,0.85,,0,-97.077,10,45,5,539,0.5455
11.072,8.797,0.0,1403.38,9.0,98.287,0.9,,0,-97.193,10,45,6,467,0.5439
11.282,9.303,0.0,1426.56,9.0,98.733,0.95,,1,-97.147,10,45,6,387,0.5349
11.419,9.326,0.0,1454.56,9.0,98.37,1.0,,3,-97.091,10,45,7,325,0.5292
11.733,9.621,0.0583,32537.19,9.0,47.349,0.8,,4,-34.926,1,50,13,2303,0.5423
12.141,9.878,0.0854,35995.19,9.0,44.543,0.85,,5,-28.01,1,50,13,1558,0.5449
12.12,9.831,0.1506,34967.94,9.0,39.066,0.9,,7,-30.064,1,50,13,1212,0.5495
12.209,9.897,0.0,45746.63,9.0,39.434,0.95,,7,-8.507,1,50,13,917,0.5529
12.563,10.235,0.0,46437.0,9.0,32.707,1.0,,8,-7.126,1,50,13,659,0.5493
11.733,9.621,0.082,10224.69,9.0,84.936,0.8,,4,-79.551,2,50,13,2303,0.5423
12.141,9.878,0.0867,13582.5,9.0,80.614,0.85,,4,-72.835,2,50,13,1558,0.5449
12.12,9.831,0.0246,19778.81,9.0,68.471,0.9,,4,-60.442,2,50,13,1212,0.5495
12.209,9.897,0.0,30603.0,9.0,66.936,0.95,,6,-38.794,2,50,13,917,0.5529
12.563,10.235,0.0,34867.75,9.0,59.429,1.0,,8,-30.264,2,50,13,659,0.5493
11.72,9.661,0.0386,4486.88,9.0,93.006,0.8,,1,-91.026,3,50,9,1484,0.535
12.141,9.878,0.056,5615.19,9.0,93.459,0.85,,3,-88.77,3,50,13,1558,0.5449
12.12,9.831,0.0212,8837.38,9.0,86.861,0.9,,3,-82.325,3,50,13,1212,0.5495
12.209,9.897,0.0,18604.13,9.0,85.221,0.95,,5,-62.792,3,50,13,917,0.5529
12.563,10.235,0.0,21496.44,9.0,77.483,1.0,,7,-57.007,3,50,13,659,0.5493
11.425,9.486,0.0,3297.31,9.0,95.215,0.8,,0,-93.405,4,50,7,1218,0.5402
12.15,9.731,0.0674,2926.31,9.0,96.532,0.85,,1,-94.147,4,50,7,839,0.5364
12.154,9.914,0.0,3310.0,9.0,94.946,0.9,,3,-93.38,4,50,13,1188,0.5471
12.209,9.897,0.0,9021.13,9.0,92.138,0.95,,5,-81.958,4,50,13,917,0.5529
12.563,10.235,0.0,9664.69,9.0,87.589,1.0,,6,-80.671,4,50,13,659,0.5493
10.837,8.372,0.0,2656.38,9.0,96.421,0.8,,0,-94.687,5,50,5,822,0.5438
11.314,8.497,0.0,2524.69,9.0,97.167,0.85,,0,-94.951,5,50,6,662,0.5423
11.839,9.896,0.0168,2697.5,9.0,96.097,0.9,,1,-94.605,5,50,7,620,0.529
12.228,10.001,0.0,2441.13,9.0,97.174,0.95,,4,-95.118,5,50,13,900,0.5489
12.563,10.235,0.0,4356.5,9.0,94.536,1.0,,6,-91.287,5,50,13,659,0.5493
10.797,8.422,0.0,2210.56,9.0,97.258,0.8,,0,-95.579,6,50,5,790,0.5481
11.314,8.543,0.0,2146.25,9.0,97.695,0.85,,0,-95.707,6,50,6,650,0.5462
11.159,8.567,0.0156,2202.69,9.0,96.958,0.9,,1,-95.595,6,50,6,529,0.5369
11.851,9.739,0.0,2141.44,9.0,97.757,0.95,,1,-95.717,6,50,7,474,0.519
12.163,9.475,0.0,2072.75,9.0,97.286,1.0,,3,-95.854,6,50,7,343,0.5219
10.943,8.435,0.0,1848.75,9.0,97.844,0.8,,0,-96.302,7,50,4,554,0.5469
10.928,8.559,0.0,1866.69,9.0,98.008,0.85,,0,-96.267,7,50,5,546,0.5403
11.108,8.547,0.0,1829.94,9.0,97.58,0.9,,0,-96.34,7,50,6,508,0.5413
11.822,9.739,0.0,812.31,9.0,99.197,0.95,,1,-98.375,7,50,7,472,0.5212
12.048,9.472,0.0,1920.06,9.0,97.62,1.0,,3,-96.16,7,50,7,339,0.5251
10.931,8.435,0.0,1638.75,9.0,98.193,0.8,,0,-96.722,8,50,4,552,0.5489
10.894,8.559,0.0,1579.25,9.0,98.314,0.85,,0,-96.841,8,50,5,543,0.5433
11.108,8.761,0.0,1659.31,9.0,97.902,0.9,,0,-96.681,8,50,6,471,0.5435
11.291,9.253,0.0,1610.31,9.0,98.496,0.95,,1,-96.779,8,50,6,397,0.529
12.037,9.472,0.0,1311.94,9.0,98.462,1.0,,3,-97.376,8,50,7,338,0.5266
11.107,8.337,0.0,1437.06,9.0,98.518,0.8,,0,-97.126,9,50,3,318,0.5472
10.905,8.587,0.0,1461.56,9.0,98.425,0.85,,0,-97.077,9,50,5,539,0.5455
11.072,8.797,0.0,1403.38,9.0,98.287,0.9,,0,-97.193,9,50,6,467,0.5439
11.282,9.303,0.0,1426.56,9.0,98.733,0.95,,1,-97.147,9,50,6,387,0.5349
11.419,9.326,0.0,1454.56,9.0,98.37,1.0,,3,-97.091,9,50,7,325,0.5292
11.107,8.337,0.0,1437.06,9.0,98.518,0.8,,0,-97.126,10,50,3,318,0.5472
10.905,8.587,0.0,1461.56,9.0,98.425,0.85,,0,-97.077,10,50,5,539,0.5455
11.072,8.797,0.0,1403.38,9.0,98.287,0.9,,0,-97.193,10,50,6,467,0.5439
11.282,9.303,0.0,1426.56,9.0,98.733,0.95,,1,-97.147,10,50,6,387,0.5349
11.419,9.326,0.0,1454.56,9.0,98.37,1.0,,3,-97.091,10,50,7,325,0.5292
11.733,9.621,0.0583,32537.19,9.0,47.349,0.8,,4,-34.926,1,55,13,2303,0.5423
12.141,9.878,0.0854,35995.19,9.0,44.543,0.85,,5,-28.01,1,55,13,1558,0.5449
12.12,9.831,0.1506,34967.94,9.0,39.066,0.9,,7,-30.064,1,55,13,1212,0.5495
12.209,9.897,0.0,45746.63,9.0,39.434,0.95,,7,-8.507,1,55,13,917,0.5529
12.563,10.235,0.0,46437.0,9.0,32.707,1.0,,8,-7.126,1,55,13,659,0.5493
11.733,9.621,0.082,10224.69,9.0,84.936,0.8,,4,-79.551,2,55,13,2303,0.5423
12.141,9.878,0.0867,13582.5,9.0,80.614,0.85,,4,-72.835,2,55,13,1558,0.5449
12.12,9.831,0.0246,19778.81,9.0,68.471,0.9,,4,-60.442,2,55,13,1212,0.5495
12.209,9.897,0.0,30603.0,9.0,66.936,0.95,,6,-38.794,2,55,13,917,0.5529
12.563,10.235,0.0,34867.75,9.0,59.429,1.0,,8,-30.264,2,55,13,659,0.5493
11.72,9.661,0.0386,4486.88,9.0,93.006,0.8,,1,-91.026,3,55,9,1484,0.535
12.141,9.878,0.056,5615.19,9.0,93.459,0.85,,3,-88.77,3,55,13,1558,0.5449
12.12,9.831,0.0212,8837.38,9.0,86.861,0.9,,3,-82.325,3,55,13,1212,0.5495
12.209,9.897,0.0,18604.13,9.0,85.221,0.95,,5,-62.792,3,55,13,917,0.5529
12.563,10.235,0.0,21496.44,9.0,77.483,1.0,,7,-57.007,3,55,13,659,0.5493
11.425,9.486,0.0,3297.31,9.0,95.215,0.8,,0,-93.405,4,55,7,1218,0.5402
12.15,9.731,0.0674,2926.31,9.0,96.532,0.85,,1,-94.147,4,55,7,839,0.5364
12.154,9.914,0.0,3310.0,9.0,94.946,0.9,,3,-93.38,4,55,13,1188,0.5471
12.209,9.897,0.0,9021.13,9.0,92.138,0.95,,5,-81.958,4,55,13,917,0.5529
12.563,10.235,0.0,9664.69,9.0,87.589,1.0,,6,-80.671,4,55,13,659,0.5493
10.837,8.372,0.0,2656.38,9.0,96.421,0.8,,0,-94.687,5,55,5,822,0.5438
11.314,8.497,0.0,2524.69,9.0,97.167,0.85,,0,-94.951,5,55,6,662,0.5423
11.839,9.896,0.0168,2697.5,9.0,96.097,0.9,,1,-94.605,5,55,7,620,0.529
12.228,10.001,0.0,2441.13,9.0,97.174,0.95,,4,-95.118,5,55,13,900,0.5489
12.563,10.235,0.0,4356.5,9.0,94.536,1.0,,6,-91.287,5,55,13,659,0.5493
10.797,8.422,0.0,2210.56,9.0,97.258,0.8,,0,-95.579,6,55,5,790,0.5481
11.314,8.543,0.0,2146.25,9.0,97.695,0.85,,0,-95.707,6,55,6,650,0.5462
11.159,8.567,0.0156,2202.69,9.0,96.958,0.9,,1,-95.595,6,55,6,529,0.5369
11.851,9.739,0.0,2141.44,9.0,97.757,0.95,,1,-95.717,6,55,7,474,0.519
12.163,9.475,0.0,2072.75,9.0,97.286,1.0,,3,-95.854,6,55,7,343,0.5219
10.943,8.435,0.0,1848.75,9.0,97.844,0.8,,0,-96.302,7,55,4,554,0.5469
10.928,8.559,0.0,1866.69,9.0,98.008,0.85,,0,-96.267,7,55,5,546,0.5403
11.108,8.547,0.0,1829.94,9.0,97.58,0.9,,0,-96.34,7,55,6,508,0.5413
11.822,9.739,0.0,812.31,9.0,99.197,0.95,,1,-98.375,7,55,7,472,0.5212
12.048,9.472,0.0,1920.06,9.0,97.62,1.0,,3,-96.16,7,55,7,339,0.5251
10.931,8.435,0.0,1638.75,9.0,98.193,0.8,,0,-96.722,8,55,4,552,0.5489
10.894,8.559,0.0,1579.25,9.0,98.314,0.85,,0,-96.841,8,55,5,543,0.5433
11.108,8.761,0.0,1659.31,9.0,97.902,0.9,,0,-96.681,8,55,6,471,0.5435
11.291,9.253,0.0,1610.31,9.0,98.496,0.95,,1,-96.779,8,55,6,397,0.529
12.037,9.472,0.0,1311.94,9.0,98.462,1.0,,3,-97.376,8,55,7,338,0.5266
11.107,8.337,0.0,1437.06,9.0,98.518,0.8,,0,-97.126,9,55,3,318,0.5472
10.905,8.587,0.0,1461.56,9.0,98.425,0.85,,0,-97.077,9,55,5,539,0.5455
11.072,8.797,0.0,1403.38,9.0,98.287,0.9,,0,-97.193,9,55,6,467,0.5439
11.282,9.303,0.0,1426.56,9.0,98.733,0.95,,1,-97.147,9,55,6,387,0.5349
11.419,9.326,0.0,1454.56,9.0,98.37,1.0,,3,-97.091,9,55,7,325,0.5292
11.107,8.337,0.0,1437.06,9.0,98.518,0.8,,0,-97.126,10,55,3,318,0.5472
10.905,8.587,0.0,1461.56,9.0,98.425,0.85,,0,-97.077,10,55,5,539,0.5455
11.072,8.797,0.0,1403.38,9.0,98.287,0.9,,0,-97.193,10,55,6,467,0.5439
11.282,9.303,0.0,1426.56,9.0,98.733,0.95,,1,-97.147,10,55,6,387,0.5349
11.419,9.326,0.0,1454.56,9.0,98.37,1.0,,3,-97.091,10,55,7,325,0.5292
11.733,9.621,0.0583,32537.19,9.0,47.349,0.8,,4,-34.926,1,60,13,2303,0.5423
12.141,9.878,0.0854,35995.19,9.0,44.543,0.85,,5,-28.01,1,60,13,1558,0.5449
12.12,9.831,0.1506,34967.94,9.0,39.066,0.9,,7,-30.064,1,60,13,1212,0.5495
12.209,9.897,0.0,45746.63,9.0,39.434,0.95,,7,-8.507,1,60,13,917,0.5529
12.563,10.235,0.0,46437.0,9.0,32.707,1.0,,8,-7.126,1,60,13,659,0.5493
11.733,9.621,0.082,10224.69,9.0,84.936,0.8,,4,-79.551,2,60,13,2303,0.5423
12.141,9.878,0.0867,13582.5,9.0,80.614,0.85,,4,-72.835,2,60,13,1558,0.5449
12.12,9.831,0.0246,19778.81,9.0,68.471,0.9,,4,-60.442,2,60,13,1212,0.5495
12.209,9.897,0.0,30603.0,9.0,66.936,0.95,,6,-38.794,2,60,13,917,0.5529
12.563,10.235,0.0,34867.75,9.0,59.429,1.0,,8,-30.264,2,60,13,659,0.5493
11.72,9.661,0.0386,4486.88,9.0,93.006,0.8,,1,-91.026,3,60,9,1484,0.535
12.141,9.878,0.056,5615.19,9.0,93.459,0.85,,3,-88.77,3,60,13,1558,0.5449
12.12,9.831,0.0212,8837.38,9.0,86.861,0.9,,3,-82.325,3,60,13,1212,0.5495
12.209,9.897,0.0,18604.13,9.0,85.221,0.95,,5,-62.792,3,60,13,917,0.5529
12.563,10.235,0.0,21496.44,9.0,77.483,1.0,,7,-57.007,3,60,13,659,0.5493
11.425,9.486,0.0,3297.31,9.0,95.215,0.8,,0,-93.405,4,60,7,1218,0.5402
12.15,9.731,0.0674,2926.31,9.0,96.532,0.85,,1,-94.147,4,60,7,839,0.5364
12.154,9.914,0.0,3310.0,9.0,94.946,0.9,,3,-93.38,4,60,13,1188,0.5471
12.209,9.897,0.0,9021.13,9.0,92.138,0.95,,5,-81.958,4,60,13,917,0.5529
12.563,10.235,0.0,9664.69,9.0,87.589,1.0,,6,-80.671,4,60,13,659,0.5493
10.837,8.372,0.0,2656.38,9.0,96.421,0.8,,0,-94.687,5,60,5,822,0.5438
11.314,8.497,0.0,2524.69,9.0,97.167,0.85,,0,-94.951,5,60,6,662,0.5423
11.839,9.896,0.0168,2697.5,9.0,96.097,0.9,,1,-94.605,5,60,7,620,0.529
12.228,10.001,0.0,2441.13,9.0,97.174,0.95,,4,-95.118,5,60,13,900,0.5489
12.563,10.235,0.0,4356.5,9.0,94.536,1.0,,6,-91.287,5,60,13,659,0.5493
10.797,8.422,0.0,2210.56,9.0,97.258,0.8,,0,-95.579,6,60,5,790,0.5481
11.314,8.543,0.0,2146.25,9.0,97.695,0.85,,0,-95.707,6,60,6,650,0.5462
11.159,8.567,0.0156,2202.69,9.0,96.958,0.9,,1,-95.595,6,60,6,529,0.5369
11.851,9.739,0.0,2141.44,9.0,97.757,0.95,,1,-95.717,6,60,7,474,0.519
12.163,9.475,0.0,2072.75,9.0,97.286,1.0,,3,-95.854,6,60,7,343,0.5219
10.943,8.435,0.0,1848.75,9.0,97.844,0.8,,0,-96.302,7,60,4,554,0.5469
10.928,8.559,0.0,1866.69,9.0,98.008,0.85,,0,-96.267,7,60,5,546,0.5403
11.108,8.547,0.0,1829.94,9.0,97.58,0.9,,0,-96.34,7,60,6,508,0.5413
11.822,9.739,0.0,812.31,9.0,99.197,0.95,,1,-98.375,7,60,7,472,0.5212
12.048,9.472,0.0,1920.06,9.0,97.62,1.0,,3,-96.16,7,60,7,339,0.5251
10.931,8.435,0.0,1638.75,9.0,98.193,0.8,,0,-96.722,8,60,4,552,0.5489
10.894,8.559,0.0,1579.25,9.0,98.314,0.85,,0,-96.841,8,60,5,543,0.5433
11.108,8.761,0.0,1659.31,9.0,97.902,0.9,,0,-96.681,8,60,6,471,0.5435
11.291,9.253,0.0,1610.31,9.0,98.496,0.95,,1,-96.779,8,60,6,397,0.529
12.037,9.472,0.0,1311.94,9.0,98.462,1.0,,3,-97.376,8,60,7,338,0.5266
11.107,8.337,0.0,1437.06,9.0,98.518,0.8,,0,-97.126,9,60,3,318,0.5472
10.905,8.587,0.0,1461.56,9.0,98.425,0.85,,0,-97.077,9,60,5,539,0.5455
11.072,8.797,0.0,1403.38,9.0,98.287,0.9,,0,-97.193,9,60,6,467,0.5439
11.282,9.303,0.0,1426.56,9.0,98.733,0.95,,1,-97.147,9,60,6,387,0.5349
11.419,9.326,0.0,1454.56,9.0,98.37,1.0,,3,-97.091,9,60,7,325,0.5292
11.107,8.337,0.0,1437.06,9.0,98.518,0.8,,0,-97.126,10,60,3,318,0.5472
10.905,8.587,0.0,1461.56,9.0,98.425,0.85,,0,-97.077,10,60,5,539,0.5455
11.072,8.797,0.0,1403.38,9.0,98.287,0.9,,0,-97.193,10,60,6,467,0.5439
11.282,9.303,0.0,1426.56,9.0,98.733,0.95,,1,-97.147,10,60,6,387,0.5349
11.419,9.326,0.0,1454.56,9.0,98.37,1.0,,3,-97.091,10,60,7,325,0.5292
9.67,9.43,0.0,37039.94,9.5,44.663,0.8,,5,-25.92,1,5,13,2348,0.5017
9.928,9.885,0.0191,41964.0,9.5,37.021,0.85,,7,-16.072,1,5,13,1584,0.5013
9.713,9.938,0.0188,41498.5,9.5,34.701,0.9,,5,-17.003,1,5,13,1228,0.5008
9.853,10.013,0.0,46943.63,9.5,33.849,0.95,,8,-6.113,1,5,13,933,0.4995
10.566,10.386,0.0,44265.25,9.5,31.363,1.0,,7,-11.469,1,5,13,664,0.503
9.67,9.43,0.0,12953.38,9.5,84.763,0.8,,5,-74.093,2,5,13,2348,0.5017
9.928,9.885,0.0,22014.88,9.5,72.948,0.85,,4,-55.97,2,5,13,1584,0.5013
9.713,9.938,0.0,39314.5,9.5,59.195,0.9,,8,-21.371,2,5,13,1228,0.5008
9.853,10.013,0.0,38191.88,9.5,63.109,0.95,,8,-23.616,2,5,13,933,0.4995
10.566,10.386,0.0,35772.94,9.5,55.76,1.0,,8,-28.454,2,5,13,664,0.503
9.67,9.43,0.0,7518.75,9.5,93.797,0.8,,5,-84.962,3,5,13,2348,0.5017
9.928,9.885,0.0,12519.38,9.5,87.817,0.85,,4,-74.961,3,5,13,1584,0.5013
9.713,9.938,0.0,20647.25,9.5,80.435,0.9,,6,-58.705,3,5,13,1228,0.5008
9.853,10.013,0.0,27068.88,9.5,79.502,0.95,,8,-45.862,3,5,13,933,0.4995
10.566,10.386,0.0,24145.5,9.5,75.196,1.0,,8,-51.709,3,5,13,664,0.503
9.664,9.51,0.0,3388.31,9.5,96.944,0.8,,2,-93.223,4,5,8,1351,0.4922
9.928,9.885,0.0,6150.25,9.5,95.114,0.85,,5,-87.699,4,5,13,1584,0.5013
9.713,9.938,0.0,7073.81,9.5,93.081,0.9,,6,-85.852,4,5,13,1228,0.5008
9.853,10.013,0.0,13064.5,9.5,91.413,0.95,,6,-73.871,4,5,13,933,0.4995
10.566,10.386,0.0,11719.19,9.5,87.133,1.0,,7,-76.562,4,5,13,664,0.503
9.584,9.49,0.0,2190.0,9.5,98.334,0.8,,3,-95.62,5,5,7,1278,0.4945
10.058,9.855,0.0,2223.25,9.5,97.41,0.85,,1,-95.553,5,5,7,855,0.4865
9.713,9.938,0.0,5267.81,9.5,95.539,0.9,,5,-89.464,5,5,13,1228,0.5008
9.853,10.013,0.0,5028.94,9.5,95.34,0.95,,4,-89.942,5,5,13,933,0.4995
10.566,10.386,0.0,4936.63,9.5,93.998,1.0,,6,-90.127,5,5,13,664,0.503
8.483,8.151,0.0,2298.06,9.5,98.472,0.8,,1,-95.404,6,5,5,847,0.4876
8.996,8.46,0.0,2259.56,9.5,97.51,0.85,,1,-95.481,6,5,6,678,0.4838
9.583,10.092,0.0,1822.94,9.5,97.704,0.9,,2,-96.354,6,5,7,628,0.4777
9.853,10.013,0.0,3866.94,9.5,97.472,0.95,,6,-92.266,6,5,13,933,0.4995
10.684,10.694,0.0,2289.75,9.5,97.017,1.0,,3,-95.42,6,5,9,420,0.481
8.39,8.134,0.0,1938.44,9.5,98.9,0.8,,1,-96.123,7,5,5,827,0.4897
8.742,8.428,0.0,1944.13,9.5,97.991,0.85,,1,-96.112,7,5,5,570,0.4807
8.752,8.539,0.0,1942.38,9.5,97.681,0.9,,2,-96.115,7,5,6,520,0.475
9.606,10.016,0.0,1943.69,9.5,98.132,0.95,,2,-96.113,7,5,7,482,0.4627
10.035,9.828,0.0,1997.94,9.5,97.551,1.0,,3,-96.004,7,5,7,344,0.4651
8.485,8.008,0.0,1630.88,9.5,99.168,0.8,,1,-96.738,8,5,4,572,0.493
8.672,8.471,0.0,1692.13,9.5,98.358,0.85,,1,-96.616,8,5,5,561,0.4795
8.732,8.539,0.0,1517.13,9.5,98.242,0.9,,2,-96.966,8,5,6,515,0.4796
9.59,10.016,0.0,912.94,9.5,99.199,0.95,,2,-98.174,8,5,7,481,0.4636
9.972,9.827,0.0,1661.5,9.5,98.09,1.0,,3,-96.677,8,5,7,341,0.4663
8.496,8.099,0.0,1343.0,9.5,99.4,0.8,,1,-97.314,9,5,4,547,0.4936
8.675,8.407,0.0,1525.44,9.5,98.576,0.85,,1,-96.949,9,5,4,432,0.4792
8.632,8.665,0.0,1485.63,9.5,98.304,0.9,,2,-97.029,9,5,6,486,0.4794
8.926,9.474,0.0,1316.75,9.5,98.909,0.95,,2,-97.366,9,5,6,406,0.4631
9.951,9.827,0.0,912.5,9.5,99.005,1.0,,3,-98.175,9,5,7,340,0.4676
8.49,8.099,0.0,1434.0,9.5,99.384,0.8,,1,-97.132,10,5,4,545,0.4954
8.683,8.514,0.0,1497.88,9.5,98.598,0.85,,1,-97.004,10,5,4,417,0.4772
8.632,8.665,0.0,1373.19,9.5,98.446,0.9,,2,-97.254,10,5,6,486,0.4794
8.858,9.474,0.0,1462.88,9.5,98.818,0.95,,2,-97.074,10,5,6,403,0.4665
9.951,9.827,0.0,629.0,9.5,99.333,1.0,,3,-98.742,10,5,7,340,0.4676
11.352,9.55,0.0255,36844.81,9.5,44.758,0.8,,5,-26.31,1,10,13,2303,0.5389
11.714,9.958,0.0481,42725.69,9.5,38.166,0.85,,7,-14.549,1,10,13,1559,0.5427
11.666,9.914,0.0,54768.31,9.5,30.041,0.9,,9,9.537,1,10,13,1215,0.5465
11.663,9.927,0.0,53692.5,9.5,34.852,0.95,,8,7.385,1,10,13,923,0.546
12.241,10.238,0.0,51861.56,9.5,28.756,1.0,,9,3.723,1,10,13,661,0.5492
11.352,9.55,0.0,14905.94,9.5,80.86,0.8,,5,-70.188,2,10,13,2303,0.5389
11.714,9.958,0.0,27620.56,9.5,71.282,0.85,,5,-44.759,2,10,13,1559,0.5427
11.666,9.914,0.0,33791.06,9.5,58.071,0.9,,7,-32.418,2,10,13,1215,0.5465
11.663,9.927,0.0,41910.63,9.5,63.34,0.95,,7,-16.179,2,10,13,923,0.546
12.241,10.238,0.0,39237.94,9.5,56.304,1.0,,9,-21.524,2,10,13,661,0.5492
11.352,9.55,0.0,7244.44,9.5,93.111,0.8,,5,-85.511,3,10,13,2303,0.5389
11.714,9.958,0.0348,8950.69,9.5,91.49,0.85,,4,-82.099,3,10,13,1559,0.5427
11.666,9.914,0.0,21112.31,9.5,77.145,0.9,,5,-57.775,3,10,13,1215,0.5465
11.663,9.927,0.0,28746.25,9.5,79.744,0.95,,7,-42.507,3,10,13,923,0.546
12.241,10.238,0.0,25989.56,9.5,72.785,1.0,,8,-48.021,3,10,13,661,0.5492
11.355,9.464,0.0,3037.0,9.5,96.7,0.8,,1,-93.926,4,10,7,1249,0.5388
11.714,9.958,0.0323,6545.75,9.5,95.587,0.85,,5,-86.908,4,10,13,1559,0.5427
11.666,9.914,0.0,9854.56,9.5,88.668,0.9,,5,-80.291,4,10,13,1215,0.5465
11.663,9.927,0.0,14033.13,9.5,88.915,0.95,,5,-71.934,4,10,13,923,0.546
12.241,10.238,0.0,15990.5,9.5,84.322,1.0,,6,-68.019,4,10,13,661,0.5492
11.226,9.428,0.0,2774.06,9.5,97.283,0.8,,2,-94.452,5,10,7,1226,0.54
11.971,9.845,0.057,1805.88,9.5,97.993,0.85,,1,-96.388,5,10,7,841,0.5375
11.666,9.914,0.0,4603.69,9.5,95.371,0.9,,5,-90.793,5,10,13,1215,0.5465
11.663,9.927,0.0,6367.25,9.5,95.244,0.95,,4,-87.265,5,10,13,923,0.546
12.241,10.238,0.0,9381.63,9.5,91.008,1.0,,5,-81.237,5,10,13,661,0.5492
10.399,8.217,0.0,2135.75,9.5,98.114,0.8,,1,-95.728,6,10,5,821,0.5396
11.507,9.687,0.0,2323.44,9.5,97.58,0.85,,0,-95.353,6,10,7,788,0.5406
11.521,10.004,0.0,2337.0,9.5,96.909,0.9,,3,-95.326,6,10,7,621,0.533
12.077,10.186,0.0,2199.63,9.5,97.793,0.95,,2,-95.601,6,10,9,574,0.5331
12.241,10.238,0.0,3422.0,9.5,96.199,1.0,,4,-93.156,6,10,13,661,0.5492
10.333,8.218,0.0,2003.19,9.5,98.396,0.8,,0,-95.994,7,10,5,795,0.5447
10.956,8.583,0.0,1916.56,9.5,98.018,0.85,,0,-96.167,7,10,6,662,0.5423
11.172,9.897,0.0,1981.31,9.5,97.51,0.9,,2,-96.037,7,10,7,602,0.5365
11.596,9.781,0.0,1801.5,9.5,98.331,0.95,,2,-96.397,7,10,7,476,0.5231
12.241,10.238,0.0,2855.88,9.5,97.475,1.0,,4,-94.288,7,10,13,661,0.5492
10.24,8.123,0.0,1780.06,9.5,98.669,0.8,,0,-96.44,8,10,5,696,0.546
10.511,8.626,0.0,1770.0,9.5,98.202,0.85,,0,-96.46,8,10,5,548,0.5383
10.706,8.613,0.0,1705.25,9.5,97.983,0.9,,2,-96.589,8,10,6,511,0.5382
11.565,9.781,0.0,1532.44,9.5,98.704,0.95,,2,-96.935,8,10,7,474,0.5253
11.962,9.472,0.0,1659.31,9.5,98.144,1.0,,3,-96.681,8,10,7,338,0.5325
10.457,8.347,0.0,1478.19,9.5,98.951,0.8,,0,-97.044,9,10,4,549,0.5464
10.507,8.626,0.0,1506.19,9.5,98.541,0.85,,0,-96.988,9,10,5,547,0.5393
10.694,8.644,0.0,1451.5,9.5,98.35,0.9,,2,-97.097,9,10,6,501,0.5429
10.957,9.283,0.0,1551.25,9.5,98.738,0.95,,2,-96.897,9,10,6,401,0.5262
11.962,9.472,0.0,1375.81,9.5,98.544,1.0,,3,-97.248,9,10,7,338,0.5325
10.429,8.47,0.0,1393.75,9.5,99.038,0.8,,0,-97.212,10,10,4,528,0.5436
10.509,8.626,0.0,1371.44,9.5,98.636,0.85,,0,-97.257,10,10,5,546,0.5403
10.691,8.644,0.0,1297.5,9.5,98.565,0.9,,2,-97.405,10,10,6,500,0.544
10.957,9.283,0.0,1417.38,9.5,98.891,0.95,,2,-97.165,10,10,6,401,0.5262
11.396,9.27,0.0,1427.0,9.5,98.529,1.0,,3,-97.146,10,10,7,330,0.5333
11.807,9.576,0.0309,34488.88,9.5,44.695,0.8,,5,-31.022,1,15,13,2294,0.5471
12.227,9.905,0.085,36680.31,9.5,39.888,0.85,,6,-26.639,1,15,13,1554,0.5495
12.186,9.863,0.0,49559.0,9.5,30.81,0.9,,9,-0.882,1,15,13,1213,0.554
12.234,9.876,0.0,45808.75,9.5,35.764,0.95,,7,-8.382,1,15,13,921,0.5537
12.724,10.219,0.0,45173.94,9.5,29.223,1.0,,8,-9.652,1,15,13,660,0.553
11.807,9.576,0.0,11869.69,9.5,83.741,0.8,,5,-76.261,2,15,13,2294,0.5471
12.227,9.905,0.0033,21376.13,9.5,70.911,0.85,,3,-57.248,2,15,13,1554,0.5495
12.186,9.863,0.0,26996.25,9.5,63.162,0.9,,8,-46.008,2,15,13,1213,0.554
12.234,9.876,0.0,35721.75,9.5,63.794,0.95,,7,-28.556,2,15,13,921,0.5537
12.724,10.219,0.0,34408.81,9.5,55.022,1.0,,8,-31.182,2,15,13,660,0.553
11.807,9.576,0.0,6198.81,9.5,93.011,0.8,,5,-87.602,3,15,13,2294,0.5471
12.227,9.905,0.0567,6121.81,9.5,92.941,0.85,,3,-87.756,3,15,13,1554,0.5495
12.186,9.863,0.0,13593.88,9.5,83.503,0.9,,6,-72.812,3,15,13,1213,0.554
12.234,9.876,0.0,22588.0,9.5,79.63,0.95,,7,-54.824,3,15,13,921,0.5537
12.724,10.219,0.0,21484.63,9.5,73.034,1.0,,8,-57.031,3,15,13,660,0.553
11.567,9.497,0.0045,3390.06,9.5,95.824,0.8,,2,-93.22,4,15,8,1311,0.5416
12.231,9.891,0.0624,3506.44,9.5,95.877,0.85,,2,-92.987,4,15,10,1248,0.5457
12.186,9.863,0.0,4532.81,9.5,94.972,0.9,,6,-90.934,4,15,13,1213,0.554
12.234,9.876,0.0,11527.56,9.5,88.945,0.95,,6,-76.945,4,15,13,921,0.5537
12.724,10.219,0.0,11853.5,9.5,85.146,1.0,,6,-76.293,4,15,13,660,0.553
11.573,9.474,0.0005,1687.31,9.5,98.117,0.8,,2,-96.625,5,15,7,1246,0.5457
12.185,9.804,0.0,2346.63,9.5,97.34,0.85,,0,-95.307,5,15,7,838,0.543
11.834,9.948,0.0,2748.69,9.5,96.022,0.9,,3,-94.503,5,15,7,628,0.535
12.234,9.876,0.0,4548.13,9.5,95.498,0.95,,4,-90.904,5,15,13,921,0.5537
12.724,10.219,0.0,6633.25,9.5,91.348,1.0,,6,-86.733,5,15,13,660,0.553
10.593,8.267,0.0354,2366.31,9.5,97.543,0.8,,1,-95.267,6,15,5,820,0.5476
11.226,8.543,0.0,2263.06,9.5,97.562,0.85,,0,-95.474,6,15,6,662,0.5468
11.754,9.959,0.0,2161.56,9.5,96.97,0.9,,3,-95.677,6,15,7,621,0.5378
12.174,10.186,0.0,2207.06,9.5,97.656,0.95,,2,-95.586,6,15,9,574,0.5331
12.724,10.219,0.0,2817.81,9.5,96.624,1.0,,6,-94.364,6,15,13,660,0.553
10.539,8.271,0.0319,1984.81,9.5,98.051,0.8,,1,-96.03,7,15,5,799,0.5507
11.197,8.543,0.0,1884.63,9.5,97.995,0.85,,0,-96.231,7,15,6,660,0.5485
11.453,9.818,0.0,1983.5,9.5,97.305,0.9,,2,-96.033,7,15,7,604,0.543
11.69,9.781,0.0,1996.19,9.5,98.003,0.95,,2,-96.008,7,15,7,475,0.5242
12.062,9.472,0.0,1835.19,9.5,97.739,1.0,,3,-96.33,7,15,7,339,0.531
10.438,8.17,0.0,1737.63,9.5,98.361,0.8,,0,-96.525,8,15,5,697,0.5538
11.116,8.733,0.0,1658.44,9.5,98.27,0.85,,0,-96.683,8,15,6,603,0.5456
10.977,8.575,0.0,1736.75,9.5,97.76,0.9,,2,-96.526,8,15,6,511,0.544
11.681,9.781,0.0,881.44,9.5,99.184,0.95,,2,-98.237,8,15,7,474,0.5253
12.062,9.472,0.0,1621.25,9.5,98.132,1.0,,3,-96.757,8,15,7,339,0.531
10.733,8.432,0.0,1500.06,9.5,98.628,0.8,,0,-97.0,9,15,4,549,0.5556
10.711,8.632,0.0,1524.13,9.5,98.282,0.85,,0,-96.952,9,15,5,544,0.546
10.922,8.605,0.0,1484.75,9.5,98.134,0.9,,1,-97.03,9,15,6,500,0.55
11.077,9.283,0.0,1410.81,9.5,98.743,0.95,,2,-97.178,9,15,6,401,0.5262
12.051,9.472,0.0,1029.75,9.5,98.873,1.0,,3,-97.94,9,15,7,338,0.5325
10.733,8.432,0.0,1444.5,9.5,98.682,0.8,,0,-97.111,10,15,4,549,0.5556
10.711,8.632,0.0,1336.88,9.5,98.45,0.85,,0,-97.326,10,15,5,544,0.546
10.847,8.758,0.0,1322.44,9.5,98.371,0.9,,2,-97.355,10,15,6,477,0.5472
11.024,9.283,0.0,1440.13,9.5,98.758,0.95,,2,-97.12,10,15,6,396,0.5328
11.406,9.327,0.0,1494.81,9.5,98.404,1.0,,3,-97.01,10,15,7,327,0.5321
11.957,9.596,0.0,36324.19,9.5,42.359,0.8,,6,-27.352,1,20,13,2288,0.5516
12.407,9.906,0.0502,36588.44,9.5,40.921,0.85,,6,-26.823,1,20,13,1551,0.5532
12.381,9.874,0.0,48565.0,9.5,30.116,0.9,,8,-2.87,1,20,13,1210,0.5579
12.444,9.923,0.0,46267.25,9.5,37.492,0.95,,7,-7.465,1,20,13,919,0.556
12.898,10.221,0.0,44011.5,9.5,29.588,1.0,,8,-11.977,1,20,13,660,0.5545
11.957,9.596,0.0,14039.69,9.5,80.401,0.8,,5,-71.921,2,20,13,2288,0.5516
12.407,9.906,0.0253,20522.13,9.5,70.923,0.85,,4,-58.956,2,20,13,1551,0.5532
12.381,9.874,0.0,30087.63,9.5,59.351,0.9,,7,-39.825,2,20,13,1210,0.5579
12.444,9.923,0.0,35387.94,9.5,63.41,0.95,,7,-29.224,2,20,13,919,0.556
12.898,10.221,0.0,33191.25,9.5,55.3,1.0,,8,-33.617,2,20,13,660,0.5545
11.957,9.596,0.0,6453.44,9.5,93.142,0.8,,6,-87.093,3,20,13,2288,0.5516
12.407,9.906,0.0546,8441.44,9.5,89.525,0.85,,3,-83.117,3,20,13,1551,0.5532
12.381,9.874,0.0,13302.06,9.5,82.453,0.9,,6,-73.396,3,20,13,1210,0.5579
12.444,9.923,0.0,22074.81,9.5,79.941,0.95,,6,-55.85,3,20,13,919,0.556
12.898,10.221,0.0,20227.69,9.5,72.689,1.0,,8,-59.545,3,20,13,660,0.5545
11.677,9.537,0.0,3446.94,9.5,95.762,0.8,,2,-93.106,4,20,8,1310,0.5435
12.526,10.116,0.0,3538.38,9.5,95.633,0.85,,0,-92.923,4,20,9,983,0.5463
12.381,9.874,0.0,5907.0,9.5,91.878,0.9,,6,-88.186,4,20,13,1210,0.5579
12.444,9.923,0.0,10703.75,9.5,89.118,0.95,,6,-78.592,4,20,13,919,0.556
12.898,10.221,0.0,10432.06,9.5,85.584,1.0,,7,-79.136,4,20,13,660,0.5545
11.546,9.472,0.0036,2674.31,9.5,96.944,0.8,,2,-94.651,5,20,7,1216,0.5493
12.334,9.805,0.0,1865.38,9.5,97.879,0.85,,0,-96.269,5,20,7,837,0.5448
11.998,9.98,0.0,2788.06,9.5,95.784,0.9,,3,-94.424,5,20,7,625,0.536
12.444,9.923,0.0,4652.69,9.5,95.127,0.95,,6,-90.695,5,20,13,919,0.556
12.898,10.221,0.0,6276.25,9.5,91.697,1.0,,6,-87.447,5,20,13,660,0.5545
10.964,8.263,0.0076,2261.75,9.5,97.649,0.8,,1,-95.476,6,20,6,967,0.5553
11.38,8.547,0.0,2155.44,9.5,97.576,0.85,,0,-95.689,6,20,6,661,0.5492
11.936,9.98,0.0,2251.25,9.5,96.738,0.9,,2,-95.497,6,20,7,623,0.5377
11.974,9.81,0.0,2316.0,9.5,97.448,0.95,,2,-95.368,6,20,7,478,0.523
12.919,10.337,0.0,2246.0,9.5,96.994,1.0,,5,-95.508,6,20,12,642,0.553
10.708,8.342,0.0307,1973.0,9.5,98.013,0.8,,1,-96.054,7,20,5,798,0.5539
11.356,8.547,0.0,1941.06,9.5,97.803,0.85,,0,-96.118,7,20,6,658,0.5517
11.599,9.839,0.0,1831.69,9.5,97.448,0.9,,2,-96.337,7,20,7,603,0.5439
11.881,9.809,0.0,2029.44,9.5,97.917,0.95,,2,-95.941,7,20,7,473,0.5264
12.402,9.482,0.0,2019.38,9.5,97.429,1.0,,3,-95.961,7,20,7,343,0.5306
10.645,8.264,0.0229,1763.44,9.5,98.34,0.8,,1,-96.473,8,20,5,694,0.5576
10.92,8.637,0.0,1687.31,9.5,98.106,0.85,,0,-96.625,8,20,5,546,0.5458
11.113,8.6,0.0024,1651.44,9.5,97.784,0.9,,1,-96.697,8,20,6,507,0.5483
11.881,9.809,0.0,825.44,9.5,99.206,0.95,,2,-98.349,8,20,7,473,0.5264
12.289,9.48,0.0,1663.25,9.5,98.007,1.0,,3,-96.673,8,20,7,339,0.5339
10.795,8.488,0.0,1479.94,9.5,98.642,0.8,,0,-97.04,9,20,4,550,0.5545
10.894,8.637,0.0,1499.63,9.5,98.252,0.85,,0,-97.001,9,20,5,543,0.5488
11.031,8.784,0.0,1576.63,9.5,97.949,0.9,,2,-96.847,9,20,6,476,0.5483
11.257,9.316,0.0,1326.38,9.5,98.768,0.95,,2,-97.347,9,20,6,398,0.5302
12.28,9.48,0.0,906.81,9.5,98.963,1.0,,3,-98.186,9,20,7,338,0.5355
10.782,8.488,0.0,1406.0,9.5,98.702,0.8,,0,-97.188,10,20,4,549,0.5556
10.894,8.637,0.0,1405.56,9.5,98.302,0.85,,0,-97.189,10,20,5,543,0.5488
11.097,8.63,0.0,1329.0,9.5,98.292,0.9,,0,-97.342,10,20,6,498,0.5522
11.211,9.316,0.0,1419.56,9.5,98.716,0.95,,2,-97.161,10,20,6,396,0.5328
11.638,9.336,0.0,1452.81,9.5,98.372,1.0,,3,-97.094,10,20,7,327,0.5352
12.109,9.61,0.0859,35202.88,9.5,41.485,0.8,,5,-29.594,1,25,13,2286,0.5521
12.532,9.869,0.0781,36577.5,9.5,42.07,0.85,,5,-26.845,1,25,13,1549,0.5533
12.522,9.849,0.1246,36759.5,9.5,37.424,0.9,,6,-26.481,1,25,13,1209,0.5583
12.602,9.89,0.0121,40057.38,9.5,36.917,0.95,,6,-19.885,1,25,13,918,0.5566
12.973,10.221,0.0,42186.25,9.5,31.434,1.0,,8,-15.627,1,25,13,660,0.5545
12.109,9.61,0.0696,11742.38,9.5,82.306,0.8,,3,-76.515,2,25,13,2286,0.5521
12.532,9.869,0.0961,15395.06,9.5,78.608,0.85,,4,-69.21,2,25,13,1549,0.5533
12.522,9.849,0.0,25706.5,9.5,59.3,0.9,,6,-48.587,2,25,13,1209,0.5583
12.602,9.89,0.0,31185.75,9.5,64.759,0.95,,7,-37.628,2,25,13,918,0.5566
12.973,10.221,0.0,32843.0,9.5,55.458,1.0,,7,-34.314,2,25,13,660,0.5545
12.109,9.61,0.058,6107.38,9.5,92.28,0.8,,4,-87.785,3,25,13,2286,0.5521
12.532,9.869,0.0472,6210.19,9.5,92.491,0.85,,2,-87.58,3,25,13,1549,0.5533
12.522,9.849,0.0098,9585.5,9.5,84.344,0.9,,5,-80.829,3,25,13,1209,0.5583
12.602,9.89,0.0,13393.94,9.5,84.131,0.95,,4,-73.212,3,25,13,918,0.5566
12.973,10.221,0.0,18731.88,9.5,75.539,1.0,,7,-62.536,3,25,13,660,0.5545
11.929,9.542,0.0594,2975.75,9.5,95.537,0.8,,1,-94.048,4,25,7,1243,0.5487
12.668,10.058,0.0,3513.88,9.5,95.664,0.85,,0,-92.972,4,25,9,981,0.5464
12.522,9.849,0.0,4353.44,9.5,94.284,0.9,,4,-91.293,4,25,13,1209,0.5583
12.602,9.89,0.0,6613.56,9.5,92.221,0.95,,5,-86.773,4,25,13,918,0.5566
12.973,10.221,0.0,10336.25,9.5,85.649,1.0,,7,-79.327,4,25,13,660,0.5545
11.3,8.342,0.0,2701.44,9.5,96.215,0.8,,0,-94.597,5,25,6,949,0.5585
12.315,9.711,0.0,2847.13,9.5,96.763,0.85,,0,-94.306,5,25,7,815,0.546
12.207,9.918,0.0397,2848.88,9.5,95.692,0.9,,2,-94.302,5,25,7,626,0.5367
12.63,10.016,0.0,2729.0,9.5,96.766,0.95,,4,-94.542,5,25,12,886,0.5542
12.973,10.221,0.0,4533.69,9.5,93.897,1.0,,6,-90.933,5,25,13,660,0.5545
11.058,8.382,0.0,2242.94,9.5,97.067,0.8,,0,-95.514,6,25,5,796,0.5553
11.578,8.486,0.0,2290.19,9.5,97.424,0.85,,0,-95.42,6,25,6,652,0.5521
12.114,9.929,0.0177,1740.25,9.5,97.478,0.9,,1,-96.519,6,25,7,616,0.5422
12.155,9.741,0.0,2118.25,9.5,97.665,0.95,,1,-95.763,6,25,7,472,0.5275
12.915,10.292,0.0,2232.44,9.5,97.012,1.0,,3,-95.535,6,25,9,417,0.5396
11.034,8.382,0.0,2023.75,9.5,97.494,0.8,,0,-95.952,7,25,5,794,0.5567
11.169,8.526,0.0,1955.06,9.5,97.787,0.85,,0,-96.09,7,25,5,544,0.546
11.367,8.539,0.0225,2014.56,9.5,97.193,0.9,,1,-95.971,7,25,6,506,0.5494
12.155,9.741,0.0,1051.63,9.5,98.921,0.95,,1,-97.897,7,25,7,472,0.5275
12.435,9.48,0.0,1801.94,9.5,97.706,1.0,,3,-96.396,7,25,7,340,0.5324
11.246,8.431,0.0,1688.63,9.5,98.026,0.8,,0,-96.623,8,25,4,550,0.5545
11.142,8.526,0.0,1659.31,9.5,98.138,0.85,,0,-96.681,8,25,5,542,0.548
11.332,8.75,0.0,1601.13,9.5,97.851,0.9,,0,-96.798,8,25,6,470,0.5511
11.585,9.236,0.0,1679.88,9.5,98.383,0.95,,1,-96.64,8,25,6,398,0.5302
12.401,9.48,0.0,1371.88,9.5,98.356,1.0,,3,-97.256,8,25,7,338,0.5355
11.413,8.12,0.0,1579.25,9.5,98.265,0.8,,0,-96.841,9,25,3,330,0.5545
11.149,8.554,0.0,1579.69,9.5,98.158,0.85,,0,-96.841,9,25,5,538,0.5502
11.297,8.785,0.0041,1512.31,9.5,98.032,0.9,,1,-96.975,9,25,6,466,0.5515
11.531,9.285,0.0,1444.06,9.5,98.658,0.95,,1,-97.112,9,25,6,387,0.5375
11.843,9.278,0.0,1579.25,9.5,98.195,1.0,,3,-96.841,9,25,7,330,0.5364
11.442,8.266,0.0,1497.88,9.5,98.391,0.8,,0,-97.004,10,25,3,320,0.5531
11.337,8.648,0.0,1497.0,9.5,98.192,0.85,,0,-97.006,10,25,4,384,0.5495
11.272,8.785,0.0,1416.5,9.5,98.179,0.9,,0,-97.167,10,25,6,465,0.5527
11.356,9.391,0.0,1441.44,9.5,98.696,0.95,,1,-97.117,10,25,6,382,0.5366
11.843,9.278,0.0,1374.06,9.5,98.46,1.0,,2,-97.252,10,25,7,330,0.5364
12.175,9.604,0.0888,33426.63,9.5,44.474,0.8,,5,-33.147,1,30,13,2283,0.5528
12.554,9.876,0.0751,36545.13,9.5,41.882,0.85,,5,-26.91,1,30,13,1549,0.5539
12.54,9.849,0.125,36748.56,9.5,37.14,0.9,,6,-26.503,1,30,13,1209,0.5583
12.634,9.897,0.0241,37071.0,9.5,37.012,0.95,,6,-25.858,1,30,13,917,0.5562
13.017,10.232,0.0,41641.56,9.5,31.434,1.0,,8,-16.717,1,30,13,659,0.5539
12.175,9.604,0.0899,10874.38,9.5,83.777,0.8,,5,-78.251,2,30,13,2283,0.5528
12.554,9.876,0.0947,14369.56,9.5,79.083,0.85,,4,-71.261,2,30,13,1549,0.5539
12.54,9.849,0.0,25122.0,9.5,60.318,0.9,,6,-49.756,2,30,13,1209,0.5583
12.634,9.897,0.0,29591.06,9.5,64.759,0.95,,7,-40.818,2,30,13,917,0.5562
13.017,10.232,0.0,32171.88,9.5,55.458,1.0,,7,-35.656,2,30,13,659,0.5539
12.175,9.604,0.0656,7144.25,9.5,90.615,0.8,,4,-85.711,3,30,13,2283,0.5528
12.554,9.876,0.0479,6196.63,9.5,92.509,0.85,,2,-87.607,3,30,13,1549,0.5539
12.54,9.849,0.0,11472.88,9.5,83.208,0.9,,6,-77.054,3,30,13,1209,0.5583
12.634,9.897,0.0,13151.13,9.5,84.131,0.95,,4,-73.698,3,30,13,917,0.5562
13.017,10.232,0.0,16527.75,9.5,75.539,1.0,,7,-66.944,3,30,13,659,0.5539
11.986,9.526,0.0641,2962.63,9.5,95.557,0.8,,1,-94.075,4,30,7,1242,0.5491
12.696,10.069,0.0,3552.81,9.5,95.616,0.85,,0,-92.894,4,30,9,979,0.5485
12.54,9.849,0.0,4360.88,9.5,94.272,0.9,,5,-91.278,4,30,13,1209,0.5583
12.634,9.897,0.0,5991.0,9.5,93.018,0.95,,5,-88.018,4,30,13,917,0.5562
13.017,10.232,0.0,9892.19,9.5,85.649,1.0,,7,-80.216,4,30,13,659,0.5539
11.324,8.389,0.0,2804.25,9.5,96.071,0.8,,0,-94.391,5,30,6,879,0.5552
12.526,9.749,0.0,1598.06,9.5,98.183,0.85,,0,-96.804,5,30,7,835,0.5461
12.583,9.952,0.0,2825.69,9.5,95.727,0.9,,4,-94.349,5,30,12,1178,0.5569
12.677,10.024,0.0,2700.56,9.5,96.799,0.95,,3,-94.599,5,30,12,883,0.5549
13.017,10.232,0.0,3189.69,9.5,95.775,1.0,,4,-93.621,5,30,13,659,0.5539
11.144,8.338,0.0,2298.06,9.5,96.995,0.8,,0,-95.404,6,30,5,797,0.5558
11.609,8.507,0.0,2331.31,9.5,97.378,0.85,,0,-95.337,6,30,6,652,0.5537
11.84,9.787,0.0198,2371.56,9.5,96.563,0.9,,1,-95.257,6,30,7,603,0.5439
12.155,9.741,0.0,2118.25,9.5,97.665,0.95,,1,-95.763,6,30,7,472,0.5275
12.915,10.292,0.0,2232.44,9.5,97.012,1.0,,3,-95.535,6,30,9,417,0.5396
11.095,8.285,0.0,2014.13,9.5,97.506,0.8,,0,-95.972,7,30,5,692,0.5607
11.383,8.566,0.0,2029.44,9.5,97.702,0.85,,0,-95.941,7,30,5,565,0.5487
11.39,8.539,0.0,1995.31,9.5,97.22,0.9,,0,-96.009,7,30,6,507,0.5483
12.155,9.741,0.0,1051.63,9.5,98.921,0.95,,1,-97.897,7,30,7,472,0.5275
12.435,9.48,0.0,1801.94,9.5,97.706,1.0,,3,-96.396,7,30,7,340,0.5324
11.292,8.404,0.0,1660.63,9.5,98.059,0.8,,0,-96.679,8,30,4,549,0.5574
11.205,8.552,0.0,1565.69,9.5,98.243,0.85,,0,-96.869,8,30,5,544,0.5478
11.33,8.719,0.0,1601.13,9.5,97.851,0.9,,0,-96.798,8,30,6,475,0.5495
11.585,9.236,0.0,1679.88,9.5,98.383,0.95,,1,-96.64,8,30,6,398,0.5302
12.401,9.48,0.0,1371.88,9.5,98.356,1.0,,3,-97.256,8,30,7,338,0.5355
11.362,8.593,0.0,1572.25,9.5,98.273,0.8,,0,-96.855,9,30,3,448,0.558
11.185,8.579,0.0,1519.75,9.5,98.228,0.85,,0,-96.96,9,30,5,538,0.552
11.326,8.785,0.0,1442.75,9.5,98.123,0.9,,0,-97.114,9,30,6,466,0.5515
11.531,9.285,0.0,1444.06,9.5,98.658,0.95,,1,-97.112,9,30,6,387,0.5375
11.843,9.278,0.0,1579.25,9.5,98.195,1.0,,3,-96.841,9,30,7,330,0.5364
11.454,8.267,0.0,1497.0,9.5,98.392,0.8,,0,-97.006,10,30,3,321,0.5545
11.183,8.552,0.0,1364.88,9.5,98.351,0.85,,0,-97.27,10,30,5,540,0.5519
11.301,8.785,0.0,1354.81,9.5,98.258,0.9,,0,-97.29,10,30,6,465,0.5527
11.356,9.391,0.0,1441.44,9.5,98.696,0.95,,1,-97.117,10,30,6,382,0.5366
11.843,9.278,0.0,1374.06,9.5,98.46,1.0,,2,-97.252,10,30,7,330,0.5364
12.175,9.604,0.0888,33426.63,9.5,44.474,0.8,,5,-33.147,1,35,13,2283,0.5528
12.554,9.876,0.0751,36545.13,9.5,41.882,0.85,,5,-26.91,1,35,13,1549,0.5539
12.54,9.849,0.125,36748.56,9.5,37.14,0.9,,6,-26.503,1,35,13,1209,0.5583
12.634,9.897,0.0241,37071.0,9.5,37.012,0.95,,6,-25.858,1,35,13,917,0.5562
13.017,10.232,0.0,41641.56,9.5,31.434,1.0,,8,-16.717,1,35,13,659,0.5539
12.175,9.604,0.0899,10874.38,9.5,83.777,0.8,,5,-78.251,2,35,13,2283,0.5528
12.554,9.876,0.0947,14369.56,9.5,79.083,0.85,,4,-71.261,2,35,13,1549,0.5539
12.54,9.849,0.0,25122.0,9.5,60.318,0.9,,6,-49.756,2,35,13,1209,0.5583
12.634,9.897,0.0,29591.06,9.5,64.759,0.95,,7,-40.818,2,35,13,917,0.5562
13.017,10.232,0.0,32171.88,9.5,55.458,1.0,,7,-35.656,2,35,13,659,0.5539
12.175,9.604,0.0656,7144.25,9.5,90.615,0.8,,4,-85.711,3,35,13,2283,0.5528
12.554,9.876,0.0479,6196.63,9.5,92.509,0.85,,2,-87.607,3,35,13,1549,0.5539
12.54,9.849,0.0,11472.88,9.5,83.208,0.9,,6,-77.054,3,35,13,1209,0.5583
12.634,9.897,0.0,13151.13,9.5,84.131,0.95,,4,-73.698,3,35,13,917,0.5562
13.017,10.232,0.0,16527.75,9.5,75.539,1.0,,7,-66.944,3,35,13,659,0.5539
11.986,9.526,0.0641,2962.63,9.5,95.557,0.8,,1,-94.075,4,35,7,1242,0.5491
12.696,10.069,0.0,3552.81,9.5,95.616,0.85,,0,-92.894,4,35,9,979,0.5485
12.54,9.849,0.0,4360.88,9.5,94.272,0.9,,5,-91.278,4,35,13,1209,0.5583
12.634,9.897,0.0,5991.0,9.5,93.018,0.95,,5,-88.018,4,35,13,917,0.5562
13.017,10.232,0.0,9892.19,9.5,85.649,1.0,,7,-80.216,4,35,13,659,0.5539
11.324,8.389,0.0,2804.25,9.5,96.071,0.8,,0,-94.391,5,35,6,879,0.5552
12.526,9.749,0.0,1598.06,9.5,98.183,0.85,,0,-96.804,5,35,7,835,0.5461
12.583,9.952,0.0,2825.69,9.5,95.727,0.9,,4,-94.349,5,35,12,1178,0.5569
12.677,10.024,0.0,2700.56,9.5,96.799,0.95,,3,-94.599,5,35,12,883,0.5549
13.017,10.232,0.0,3189.69,9.5,95.775,1.0,,4,-93.621,5,35,13,659,0.5539
11.144,8.338,0.0,2298.06,9.5,96.995,0.8,,0,-95.404,6,35,5,797,0.5558
11.609,8.507,0.0,2331.31,9.5,97.378,0.85,,0,-95.337,6,35,6,652,0.5537
11.84,9.787,0.0198,2371.56,9.5,96.563,0.9,,1,-95.257,6,35,7,603,0.5439
12.155,9.741,0.0,2118.25,9.5,97.665,0.95,,1,-95.763,6,35,7,472,0.5275
12.915,10.292,0.0,2232.44,9.5,97.012,1.0,,3,-95.535,6,35,9,417,0.5396
11.095,8.285,0.0,2014.13,9.5,97.506,0.8,,0,-95.972,7,35,5,692,0.5607
11.383,8.566,0.0,2029.44,9.5,97.702,0.85,,0,-95.941,7,35,5,565,0.5487
11.39,8.539,0.0,1995.31,9.5,97.22,0.9,,0,-96.009,7,35,6,507,0.5483
12.155,9.741,0.0,1051.63,9.5,98.921,0.95,,1,-97.897,7,35,7,472,0.5275
12.435,9.48,0.0,1801.94,9.5,97.706,1.0,,3,-96.396,7,35,7,340,0.5324
11.292,8.404,0.0,1660.63,9.5,98.059,0.8,,0,-96.679,8,35,4,549,0.5574
11.205,8.552,0.0,1565.69,9.5,98.243,0.85,,0,-96.869,8,35,5,544,0.5478
11.33,8.719,0.0,1601.13,9.5,97.851,0.9,,0,-96.798,8,35,6,475,0.5495
11.585,9.236,0.0,1679.88,9.5,98.383,0.95,,1,-96.64,8,35,6,398,0.5302
12.401,9.48,0.0,1371.88,9.5,98.356,1.0,,3,-97.256,8,35,7,338,0.5355
11.362,8.593,0.0,1572.25,9.5,98.273,0.8,,0,-96.855,9,35,3,448,0.558
11.185,8.579,0.0,1519.75,9.5,98.228,0.85,,0,-96.96,9,35,5,538,0.552
11.326,8.785,0.0,1442.75,9.5,98.123,0.9,,0,-97.114,9,35,6,466,0.5515
11.531,9.285,0.0,1444.06,9.5,98.658,0.95,,1,-97.112,9,35,6,387,0.5375
11.843,9.278,0.0,1579.25,9.5,98.195,1.0,,3,-96.841,9,35,7,330,0.5364
11.454,8.267,0.0,1497.0,9.5,98.392,0.8,,0,-97.006,10,35,3,321,0.5545
11.183,8.552,0.0,1364.88,9.5,98.351,0.85,,0,-97.27,10,35,5,540,0.5519
11.301,8.785,0.0,1354.81,9.5,98.258,0.9,,0,-97.29,10,35,6,465,0.5527
11.356,9.391,0.0,1441.44,9.5,98.696,0.95,,1,-97.117,10,35,6,382,0.5366
11.843,9.278,0.0,1374.06,9.5,98.46,1.0,,2,-97.252,10,35,7,330,0.5364
12.175,9.604,0.0888,33426.63,9.5,44.474,0.8,,5,-33.147,1,40,13,2283,0.5528
12.554,9.876,0.0751,36545.13,9.5,41.882,0.85,,5,-26.91,1,40,13,1549,0.5539
12.54,9.849,0.125,36748.56,9.5,37.14,0.9,,6,-26.503,1,40,13,1209,0.5583
12.634,9.897,0.0241,37071.0,9.5,37.012,0.95,,6,-25.858,1,40,13,917,0.5562
13.017,10.232,0.0,41641.56,9.5,31.434,1.0,,8,-16.717,1,40,13,659,0.5539
12.175,9.604,0.0899,10874.38,9.5,83.777,0.8,,5,-78.251,2,40,13,2283,0.5528
12.554,9.876,0.0947,14369.56,9.5,79.083,0.85,,4,-71.261,2,40,13,1549,0.5539
12.54,9.849,0.0,25122.0,9.5,60.318,0.9,,6,-49.756,2,40,13,1209,0.5583
12.634,9.897,0.0,29591.06,9.5,64.759,0.95,,7,-40.818,2,40,13,917,0.5562
13.017,10.232,0.0,32171.88,9.5,55.458,1.0,,7,-35.656,2,40,13,659,0.5539
12.175,9.604,0.0656,7144.25,9.5,90.615,0.8,,4,-85.711,3,40,13,2283,0.5528
12.554,9.876,0.0479,6196.63,9.5,92.509,0.85,,2,-87.607,3,40,13,1549,0.5539
12.54,9.849,0.0,11472.88,9.5,83.208,0.9,,6,-77.054,3,40,13,1209,0.5583
12.634,9.897,0.0,13151.13,9.5,84.131,0.95,,4,-73.698,3,40,13,917,0.5562
13.017,10.232,0.0,16527.75,9.5,75.539,1.0,,7,-66.944,3,40,13,659,0.5539
11.986,9.526,0.0641,2962.63,9.5,95.557,0.8,,1,-94.075,4,40,7,1242,0.5491
12.696,10.069,0.0,3552.81,9.5,95.616,0.85,,0,-92.894,4,40,9,979,0.5485
12.54,9.849,0.0,4360.88,9.5,94.272,0.9,,5,-91.278,4,40,13,1209,0.5583
12.634,9.897,0.0,5991.0,9.5,93.018,0.95,,5,-88.018,4,40,13,917,0.5562
13.017,10.232,0.0,9892.19,9.5,85.649,1.0,,7,-80.216,4,40,13,659,0.5539
11.324,8.389,0.0,2804.25,9.5,96.071,0.8,,0,-94.391,5,40,6,879,0.5552
12.526,9.749,0.0,1598.06,9.5,98.183,0.85,,0,-96.804,5,40,7,835,0.5461
12.583,9.952,0.0,2825.69,9.5,95.727,0.9,,4,-94.349,5,40,12,1178,0.5569
12.677,10.024,0.0,2700.56,9.5,96.799,0.95,,3,-94.599,5,40,12,883,0.5549
13.017,10.232,0.0,3189.69,9.5,95.775,1.0,,4,-93.621,5,40,13,659,0.5539
11.144,8.338,0.0,2298.06,9.5,96.995,0.8,,0,-95.404,6,40,5,797,0.5558
11.609,8.507,0.0,2331.31,9.5,97.378,0.85,,0,-95.337,6,40,6,652,0.5537
11.84,9.787,0.0198,2371.56,9.5,96.563,0.9,,1,-95.257,6,40,7,603,0.5439
12.155,9.741,0.0,2118.25,9.5,97.665,0.95,,1,-95.763,6,40,7,472,0.5275
12.915,10.292,0.0,2232.44,9.5,97.012,1.0,,3,-95.535,6,40,9,417,0.5396
11.095,8.285,0.0,2014.13,9.5,97.506,0.8,,0,-95.972,7,40,5,692,0.5607
11.383,8.566,0.0,2029.44,9.5,97.702,0.85,,0,-95.941,7,40,5,565,0.5487
11.39,8.539,0.0,1995.31,9.5,97.22,0.9,,0,-96.009,7,40,6,507,0.5483
12.155,9.741,0.0,1051.63,9.5,98.921,0.95,,1,-97.897,7,40,7,472,0.5275
12.435,9.48,0.0,1801.94,9.5,97.706,1.0,,3,-96.396,7,40,7,340,0.5324
11.292,8.404,0.0,1660.63,9.5,98.059,0.8,,0,-96.679,8,40,4,549,0.5574
11.205,8.552,0.0,1565.69,9.5,98.243,0.85,,0,-96.869,8,40,5,544,0.5478
11.33,8.719,0.0,1601.13,9.5,97.851,0.9,,0,-96.798,8,40,6,475,0.5495
11.585,9.236,0.0,1679.88,9.5,98.383,0.95,,1,-96.64,8,40,6,398,0.5302
12.401,9.48,0.0,1371.88,9.5,98.356,1.0,,3,-97.256,8,40,7,338,0.5355
11.362,8.593,0.0,1572.25,9.5,98.273,0.8,,0,-96.855,9,40,3,448,0.558
11.185,8.579,0.0,1519.75,9.5,98.228,0.85,,0,-96.96,9,40,5,538,0.552
11.326,8.785,0.0,1442.75,9.5,98.123,0.9,,0,-97.114,9,40,6,466,0.5515
11.531,9.285,0.0,1444.06,9.5,98.658,0.95,,1,-97.112,9,40,6,387,0.5375
11.843,9.278,0.0,1579.25,9.5,98.195,1.0,,3,-96.841,9,40,7,330,0.5364
11.454,8.267,0.0,1497.0,9.5,98.392,0.8,,0,-97.006,10,40,3,321,0.5545
11.183,8.552,0.0,1364.88,9.5,98.351,0.85,,0,-97.27,10,40,5,540,0.5519
11.301,8.785,0.0,1354.81,9.5,98.258,0.9,,0,-97.29,10,40,6,465,0.5527
11.356,9.391,0.0,1441.44,9.5,98.696,0.95,,1,-97.117,10,40,6,382,0.5366
11.843,9.278,0.0,1374.06,9.5,98.46,1.0,,2,-97.252,10,40,7,330,0.5364
12.175,9.604,0.0888,33426.63,9.5,44.474,0.8,,5,-33.147,1,45,13,2283,0.5528
12.554,9.876,0.0751,36545.13,9.5,41.882,0.85,,5,-26.91,1,45,13,1549,0.5539
12.54,9.849,0.125,36748.56,9.5,37.14,0.9,,6,-26.503,1,45,13,1209,0.5583
12.634,9.897,0.0241,37071.0,9.5,37.012,0.95,,6,-25.858,1,45,13,917,0.5562
13.017,10.232,0.0,41641.56,9.5,31.434,1.0,,8,-16.717,1,45,13,659,0.5539
12.175,9.604,0.0899,10874.38,9.5,83.777,0.8,,5,-78.251,2,45,13,2283,0.5528
12.554,9.876,0.0947,14369.56,9.5,79.083,0.85,,4,-71.261,2,45,13,1549,0.5539
12.54,9.849,0.0,25122.0,9.5,60.318,0.9,,6,-49.756,2,45,13,1209,0.5583
12.634,9.897,0.0,29591.06,9.5,64.759,0.95,,7,-40.818,2,45,13,917,0.5562
13.017,10.232,0.0,32171.88,9.5,55.458,1.0,,7,-35.656,2,45,13,659,0.5539
12.175,9.604,0.0656,7144.25,9.5,90.615,0.8,,4,-85.711,3,45,13,2283,0.5528
12.554,9.876,0.0479,6196.63,9.5,92.509,0.85,,2,-87.607,3,45,13,1549,0.5539
12.54,9.849,0.0,11472.88,9.5,83.208,0.9,,6,-77.054,3,45,13,1209,0.5583
12.634,9.897,0.0,13151.13,9.5,84.131,0.95,,4,-73.698,3,45,13,917,0.5562
13.017,10.232,0.0,16527.75,9.5,75.539,1.0,,7,-66.944,3,45,13,659,0.5539
11.986,9.526,0.0641,2962.63,9.5,95.557,0.8,,1,-94.075,4,45,7,1242,0.5491
12.696,10.069,0.0,3552.81,9.5,95.616,0.85,,0,-92.894,4,45,9,979,0.5485
12.54,9.849,0.0,4360.88,9.5,94.272,0.9,,5,-91.278,4,45,13,1209,0.5583
12.634,9.897,0.0,5991.0,9.5,93.018,0.95,,5,-88.018,4,45,13,917,0.5562
13.017,10.232,0.0,9892.19,9.5,85.649,1.0,,7,-80.216,4,45,13,659,0.5539
11.324,8.389,0.0,2804.25,9.5,96.071,0.8,,0,-94.391,5,45,6,879,0.5552
12.526,9.749,0.0,1598.06,9.5,98.183,0.85,,0,-96.804,5,45,7,835,0.5461
12.583,9.952,0.0,2825.69,9.5,95.727,0.9,,4,-94.349,5,45,12,1178,0.5569
12.677,10.024,0.0,2700.56,9.5,96.799,0.95,,3,-94.599,5,45,12,883,0.5549
13.017,10.232,0.0,3189.69,9.5,95.775,1.0,,4,-93.621,5,45,13,659,0.5539
11.144,8.338,0.0,2298.06,9.5,96.995,0.8,,0,-95.404,6,45,5,797,0.5558
11.609,8.507,0.0,2331.31,9.5,97.378,0.85,,0,-95.337,6,45,6,652,0.5537
11.84,9.787,0.0198,2371.56,9.5,96.563,0.9,,1,-95.257,6,45,7,603,0.5439
12.155,9.741,0.0,2118.25,9.5,97.665,0.95,,1,-95.763,6,45,7,472,0.5275
12.915,10.292,0.0,2232.44,9.5,97.012,1.0,,3,-95.535,6,45,9,417,0.5396
11.095,8.285,0.0,2014.13,9.5,97.506,0.8,,0,-95.972,7,45,5,692,0.5607
11.383,8.566,0.0,2029.44,9.5,97.702,0.85,,0,-95.941,7,45,5,565,0.5487
11.39,8.539,0.0,1995.31,9.5,97.22,0.9,,0,-96.009,7,45,6,507,0.5483
12.155,9.741,0.0,1051.63,9.5,98.921,0.95,,1,-97.897,7,45,7,472,0.5275
12.435,9.48,0.0,1801.94,9.5,97.706,1.0,,3,-96.396,7,45,7,340,0.5324
11.292,8.404,0.0,1660.63,9.5,98.059,0.8,,0,-96.679,8,45,4,549,0.5574
11.205,8.552,0.0,1565.69,9.5,98.243,0.85,,0,-96.869,8,45,5,544,0.5478
11.33,8.719,0.0,1601.13,9.5,97.851,0.9,,0,-96.798,8,45,6,475,0.5495
11.585,9.236,0.0,1679.88,9.5,98.383,0.95,,1,-96.64,8,45,6,398,0.5302
12.401,9.48,0.0,1371.88,9.5,98.356,1.0,,3,-97.256,8,45,7,338,0.5355
11.362,8.593,0.0,1572.25,9.5,98.273,0.8,,0,-96.855,9,45,3,448,0.558
11.185,8.579,0.0,1519.75,9.5,98.228,0.85,,0,-96.96,9,45,5,538,0.552
11.326,8.785,0.0,1442.75,9.5,98.123,0.9,,0,-97.114,9,45,6,466,0.5515
11.531,9.285,0.0,1444.06,9.5,98.658,0.95,,1,-97.112,9,45,6,387,0.5375
11.843,9.278,0.0,1579.25,9.5,98.195,1.0,,3,-96.841,9,45,7,330,0.5364
11.454,8.267,0.0,1497.0,9.5,98.392,0.8,,0,-97.006,10,45,3,321,0.5545
11.183,8.552,0.0,1364.88,9.5,98.351,0.85,,0,-97.27,10,45,5,540,0.5519
11.301,8.785,0.0,1354.81,9.5,98.258,0.9,,0,-97.29,10,45,6,465,0.5527
11.356,9.391,0.0,1441.44,9.5,98.696,0.95,,1,-97.117,10,45,6,382,0.5366
11.843,9.278,0.0,1374.06,9.5,98.46,1.0,,2,-97.252,10,45,7,330,0.5364
12.175,9.604,0.0888,33426.63,9.5,44.474,0.8,,5,-33.147,1,50,13,2283,0.5528
12.554,9.876,0.0751,36545.13,9.5,41.882,0.85,,5,-26.91,1,50,13,1549,0.5539
12.54,9.849,0.125,36748.56,9.5,37.14,0.9,,6,-26.503,1,50,13,1209,0.5583
12.634,9.897,0.0241,37071.0,9.5,37.012,0.95,,6,-25.858,1,50,13,917,0.5562
13.017,10.232,0.0,41641.56,9.5,31.434,1.0,,8,-16.717,1,50,13,659,0.5539
12.175,9.604,0.0899,10874.38,9.5,83.777,0.8,,5,-78.251,2,50,13,2283,0.5528
12.554,9.876,0.0947,14369.56,9.5,79.083,0.85,,4,-71.261,2,50,13,1549,0.5539
12.54,9.849,0.0,25122.0,9.5,60.318,0.9,,6,-49.756,2,50,13,1209,0.5583
12.634,9.897,0.0,29591.06,9.5,64.759,0.95,,7,-40.818,2,50,13,917,0.5562
13.017,10.232,0.0,32171.88,9.5,55.458,1.0,,7,-35.656,2,50,13,659,0.5539
12.175,9.604,0.0656,7144.25,9.5,90.615,0.8,,4,-85.711,3,50,13,2283,0.5528
12.554,9.876,0.0479,6196.63,9.5,92.509,0.85,,2,-87.607,3,50,13,1549,0.5539
12.54,9.849,0.0,11472.88,9.5,83.208,0.9,,6,-77.054,3,50,13,1209,0.5583
12.634,9.897,0.0,13151.13,9.5,84.131,0.95,,4,-73.698,3,50,13,917,0.5562
13.017,10.232,0.0,16527.75,9.5,75.539,1.0,,7,-66.944,3,50,13,659,0.5539
11.986,9.526,0.0641,2962.63,9.5,95.557,0.8,,1,-94.075,4,50,7,1242,0.5491
12.696,10.069,0.0,3552.81,9.5,95.616,0.85,,0,-92.894,4,50,9,979,0.5485
12.54,9.849,0.0,4360.88,9.5,94.272,0.9,,5,-91.278,4,50,13,1209,0.5583
12.634,9.897,0.0,5991.0,9.5,93.018,0.95,,5,-88.018,4,50,13,917,0.5562
13.017,10.232,0.0,9892.19,9.5,85.649,1.0,,7,-80.216,4,50,13,659,0.5539
11.324,8.389,0.0,2804.25,9.5,96.071,0.8,,0,-94.391,5,50,6,879,0.5552
12.526,9.749,0.0,1598.06,9.5,98.183,0.85,,0,-96.804,5,50,7,835,0.5461
12.583,9.952,0.0,2825.69,9.5,95.727,0.9,,4,-94.349,5,50,12,1178,0.5569
12.677,10.024,0.0,2700.56,9.5,96.799,0.95,,3,-94.599,5,50,12,883,0.5549
13.017,10.232,0.0,3189.69,9.5,95.775,1.0,,4,-93.621,5,50,13,659,0.5539
11.144,8.338,0.0,2298.06,9.5,96.995,0.8,,0,-95.404,6,50,5,797,0.5558
11.609,8.507,0.0,2331.31,9.5,97.378,0.85,,0,-95.337,6,50,6,652,0.5537
11.84,9.787,0.0198,2371.56,9.5,96.563,0.9,,1,-95.257,6,50,7,603,0.5439
12.155,9.741,0.0,2118.25,9.5,97.665,0.95,,1,-95.763,6,50,7,472,0.5275
12.915,10.292,0.0,2232.44,9.5,97.012,1.0,,3,-95.535,6,50,9,417,0.5396
11.095,8.285,0.0,2014.13,9.5,97.506,0.8,,0,-95.972,7,50,5,692,0.5607
11.383,8.566,0.0,2029.44,9.5,97.702,0.85,,0,-95.941,7,50,5,565,0.5487
11.39,8.539,0.0,1995.31,9.5,97.22,0.9,,0,-96.009,7,50,6,507,0.5483
12.155,9.741,0.0,1051.63,9.5,98.921,0.95,,1,-97.897,7,50,7,472,0.5275
12.435,9.48,0.0,1801.94,9.5,97.706,1.0,,3,-96.396,7,50,7,340,0.5324
11.292,8.404,0.0,1660.63,9.5,98.059,0.8,,0,-96.679,8,50,4,549,0.5574
11.205,8.552,0.0,1565.69,9.5,98.243,0.85,,0,-96.869,8,50,5,544,0.5478
11.33,8.719,0.0,1601.13,9.5,97.851,0.9,,0,-96.798,8,50,6,475,0.5495
11.585,9.236,0.0,1679.88,9.5,98.383,0.95,,1,-96.64,8,50,6,398,0.5302
12.401,9.48,0.0,1371.88,9.5,98.356,1.0,,3,-97.256,8,50,7,338,0.5355
11.362,8.593,0.0,1572.25,9.5,98.273,0.8,,0,-96.855,9,50,3,448,0.558
11.185,8.579,0.0,1519.75,9.5,98.228,0.85,,0,-96.96,9,50,5,538,0.552
11.326,8.785,0.0,1442.75,9.5,98.123,0.9,,0,-97.114,9,50,6,466,0.5515
11.531,9.285,0.0,1444.06,9.5,98.658,0.95,,1,-97.112,9,50,6,387,0.5375
11.843,9.278,0.0,1579.25,9.5,98.195,1.0,,3,-96.841,9,50,7,330,0.5364
11.454,8.267,0.0,1497.0,9.5,98.392,0.8,,0,-97.006,10,50,3,321,0.5545
11.183,8.552,0.0,1364.88,9.5,98.351,0.85,,0,-97.27,10,50,5,540,0.5519
11.301,8.785,0.0,1354.81,9.5,98.258,0.9,,0,-97.29,10,50,6,465,0.5527
11.356,9.391,0.0,1441.44,9.5,98.696,0.95,,1,-97.117,10,50,6,382,0.5366
11.843,9.278,0.0,1374.06,9.5,98.46,1.0,,2,-97.252,10,50,7,330,0.5364
12.175,9.604,0.0888,33426.63,9.5,44.474,0.8,,5,-33.147,1,55,13,2283,0.5528
12.554,9.876,0.0751,36545.13,9.5,41.882,0.85,,5,-26.91,1,55,13,1549,0.5539
12.54,9.849,0.125,36748.56,9.5,37.14,0.9,,6,-26.503,1,55,13,1209,0.5583
12.634,9.897,0.0241,37071.0,9.5,37.012,0.95,,6,-25.858,1,55,13,917,0.5562
13.017,10.232,0.0,41641.56,9.5,31.434,1.0,,8,-16.717,1,55,13,659,0.5539
12.175,9.604,0.0899,10874.38,9.5,83.777,0.8,,5,-78.251,2,55,13,2283,0.5528
12.554,9.876,0.0947,14369.56,9.5,79.083,0.85,,4,-71.261,2,55,13,1549,0.5539
12.54,9.849,0.0,25122.0,9.5,60.318,0.9,,6,-49.756,2,55,13,1209,0.5583
12.634,9.897,0.0,29591.06,9.5,64.759,0.95,,7,-40.818,2,55,13,917,0.5562
13.017,10.232,0.0,32171.88,9.5,55.458,1.0,,7,-35.656,2,55,13,659,0.5539
12.175,9.604,0.0656,7144.25,9.5,90.615,0.8,,4,-85.711,3,55,13,2283,0.5528
12.554,9.876,0.0479,6196.63,9.5,92.509,0.85,,2,-87.607,3,55,13,1549,0.5539
12.54,9.849,0.0,11472.88,9.5,83.208,0.9,,6,-77.054,3,55,13,1209,0.5583
12.634,9.897,0.0,13151.13,9.5,84.131,0.95,,4,-73.698,3,55,13,917,0.5562
13.017,10.232,0.0,16527.75,9.5,75.539,1.0,,7,-66.944,3,55,13,659,0.5539
11.986,9.526,0.0641,2962.63,9.5,95.557,0.8,,1,-94.075,4,55,7,1242,0.5491
12.696,10.069,0.0,3552.81,9.5,95.616,0.85,,0,-92.894,4,55,9,979,0.5485
12.54,9.849,0.0,4360.88,9.5,94.272,0.9,,5,-91.278,4,55,13,1209,0.5583
12.634,9.897,0.0,5991.0,9.5,93.018,0.95,,5,-88.018,4,55,13,917,0.5562
13.017,10.232,0.0,9892.19,9.5,85.649,1.0,,7,-80.216,4,55,13,659,0.5539
11.324,8.389,0.0,2804.25,9.5,96.071,0.8,,0,-94.391,5,55,6,879,0.5552
12.526,9.749,0.0,1598.06,9.5,98.183,0.85,,0,-96.804,5,55,7,835,0.5461
12.583,9.952,0.0,2825.69,9.5,95.727,0.9,,4,-94.349,5,55,12,1178,0.5569
12.677,10.024,0.0,2700.56,9.5,96.799,0.95,,3,-94.599,5,55,12,883,0.5549
13.017,10.232,0.0,3189.69,9.5,95.775,1.0,,4,-93.621,5,55,13,659,0.5539
11.144,8.338,0.0,2298.06,9.5,96.995,0.8,,0,-95.404,6,55,5,797,0.5558
11.609,8.507,0.0,2331.31,9.5,97.378,0.85,,0,-95.337,6,55,6,652,0.5537
11.84,9.787,0.0198,2371.56,9.5,96.563,0.9,,1,-95.257,6,55,7,603,0.5439
12.155,9.741,0.0,2118.25,9.5,97.665,0.95,,1,-95.763,6,55,7,472,0.5275
12.915,10.292,0.0,2232.44,9.5,97.012,1.0,,3,-95.535,6,55,9,417,0.5396
11.095,8.285,0.0,2014.13,9.5,97.506,0.8,,0,-95.972,7,55,5,692,0.5607
11.383,8.566,0.0,2029.44,9.5,97.702,0.85,,0,-95.941,7,55,5,565,0.5487
11.39,8.539,0.0,1995.31,9.5,97.22,0.9,,0,-96.009,7,55,6,507,0.5483
12.155,9.741,0.0,1051.63,9.5,98.921,0.95,,1,-97.897,7,55,7,472,0.5275
12.435,9.48,0.0,1801.94,9.5,97.706,1.0,,3,-96.396,7,55,7,340,0.5324
11.292,8.404,0.0,1660.63,9.5,98.059,0.8,,0,-96.679,8,55,4,549,0.5574
11.205,8.552,0.0,1565.69,9.5,98.243,0.85,,0,-96.869,8,55,5,544,0.5478
11.33,8.719,0.0,1601.13,9.5,97.851,0.9,,0,-96.798,8,55,6,475,0.5495
11.585,9.236,0.0,1679.88,9.5,98.383,0.95,,1,-96.64,8,55,6,398,0.5302
12.401,9.48,0.0,1371.88,9.5,98.356,1.0,,3,-97.256,8,55,7,338,0.5355
11.362,8.593,0.0,1572.25,9.5,98.273,0.8,,0,-96.855,9,55,3,448,0.558
11.185,8.579,0.0,1519.75,9.5,98.228,0.85,,0,-96.96,9,55,5,538,0.552
11.326,8.785,0.0,1442.75,9.5,98.123,0.9,,0,-97.114,9,55,6,466,0.5515
11.531,9.285,0.0,1444.06,9.5,98.658,0.95,,1,-97.112,9,55,6,387,0.5375
11.843,9.278,0.0,1579.25,9.5,98.195,1.0,,3,-96.841,9,55,7,330,0.5364
11.454,8.267,0.0,1497.0,9.5,98.392,0.8,,0,-97.006,10,55,3,321,0.5545
11.183,8.552,0.0,1364.88,9.5,98.351,0.85,,0,-97.27,10,55,5,540,0.5519
11.301,8.785,0.0,1354.81,9.5,98.258,0.9,,0,-97.29,10,55,6,465,0.5527
11.356,9.391,0.0,1441.44,9.5,98.696,0.95,,1,-97.117,10,55,6,382,0.5366
11.843,9.278,0.0,1374.06,9.5,98.46,1.0,,2,-97.252,10,55,7,330,0.5364
12.175,9.604,0.0888,33426.63,9.5,44.474,0.8,,5,-33.147,1,60,13,2283,0.5528
12.554,9.876,0.0751,36545.13,9.5,41.882,0.85,,5,-26.91,1,60,13,1549,0.5539
12.54,9.849,0.125,36748.56,9.5,37.14,0.9,,6,-26.503,1,60,13,1209,0.5583
12.634,9.897,0.0241,37071.0,9.5,37.012,0.95,,6,-25.858,1,60,13,917,0.5562
13.017,10.232,0.0,41641.56,9.5,31.434,1.0,,8,-16.717,1,60,13,659,0.5539
12.175,9.604,0.0899,10874.38,9.5,83.777,0.8,,5,-78.251,2,60,13,2283,0.5528
12.554,9.876,0.0947,14369.56,9.5,79.083,0.85,,4,-71.261,2,60,13,1549,0.5539
12.54,9.849,0.0,25122.0,9.5,60.318,0.9,,6,-49.756,2,60,13,1209,0.5583
12.634,9.897,0.0,29591.06,9.5,64.759,0.95,,7,-40.818,2,60,13,917,0.5562
13.017,10.232,0.0,32171.88,9.5,55.458,1.0,,7,-35.656,2,60,13,659,0.5539
12.175,9.604,0.0656,7144.25,9.5,90.615,0.8,,4,-85.711,3,60,13,2283,0.5528
12.554,9.876,0.0479,6196.63,9.5,92.509,0.85,,2,-87.607,3,60,13,1549,0.5539
12.54,9.849,0.0,11472.88,9.5,83.208,0.9,,6,-77.054,3,60,13,1209,0.5583
12.634,9.897,0.0,13151.13,9.5,84.131,0.95,,4,-73.698,3,60,13,917,0.5562
13.017,10.232,0.0,16527.75,9.5,75.539,1.0,,7,-66.944,3,60,13,659,0.5539
11.986,9.526,0.0641,2962.63,9.5,95.557,0.8,,1,-94.075,4,60,7,1242,0.5491
12.696,10.069,0.0,3552.81,9.5,95.616,0.85,,0,-92.894,4,60,9,979,0.5485
12.54,9.849,0.0,4360.88,9.5,94.272,0.9,,5,-91.278,4,60,13,1209,0.5583
12.634,9.897,0.0,5991.0,9.5,93.018,0.95,,5,-88.018,4,60,13,917,0.5562
13.017,10.232,0.0,9892.19,9.5,85.649,1.0,,7,-80.216,4,60,13,659,0.5539
11.324,8.389,0.0,2804.25,9.5,96.071,0.8,,0,-94.391,5,60,6,879,0.5552
12.526,9.749,0.0,1598.06,9.5,98.183,0.85,,0,-96.804,5,60,7,835,0.5461
12.583,9.952,0.0,2825.69,9.5,95.727,0.9,,4,-94.349,5,60,12,1178,0.5569
12.677,10.024,0.0,2700.56,9.5,96.799,0.95,,3,-94.599,5,60,12,883,0.5549
13.017,10.232,0.0,3189.69,9.5,95.775,1.0,,4,-93.621,5,60,13,659,0.5539
11.144,8.338,0.0,2298.06,9.5,96.995,0.8,,0,-95.404,6,60,5,797,0.5558
11.609,8.507,0.0,2331.31,9.5,97.378,0.85,,0,-95.337,6,60,6,652,0.5537
11.84,9.787,0.0198,2371.56,9.5,96.563,0.9,,1,-95.257,6,60,7,603,0.5439
12.155,9.741,0.0,2118.25,9.5,97.665,0.95,,1,-95.763,6,60,7,472,0.5275
12.915,10.292,0.0,2232.44,9.5,97.012,1.0,,3,-95.535,6,60,9,417,0.5396
11.095,8.285,0.0,2014.13,9.5,97.506,0.8,,0,-95.972,7,60,5,692,0.5607
11.383,8.566,0.0,2029.44,9.5,97.702,0.85,,0,-95.941,7,60,5,565,0.5487
11.39,8.539,0.0,1995.31,9.5,97.22,0.9,,0,-96.009,7,60,6,507,0.5483
12.155,9.741,0.0,1051.63,9.5,98.921,0.95,,1,-97.897,7,60,7,472,0.5275
12.435,9.48,0.0,1801.94,9.5,97.706,1.0,,3,-96.396,7,60,7,340,0.5324
11.292,8.404,0.0,1660.63,9.5,98.059,0.8,,0,-96.679,8,60,4,549,0.5574
11.205,8.552,0.0,1565.69,9.5,98.243,0.85,,0,-96.869,8,60,5,544,0.5478
11.33,8.719,0.0,1601.13,9.5,97.851,0.9,,0,-96.798,8,60,6,475,0.5495
11.585,9.236,0.0,1679.88,9.5,98.383,0.95,,1,-96.64,8,60,6,398,0.5302
12.401,9.48,0.0,1371.88,9.5,98.356,1.0,,3,-97.256,8,60,7,338,0.5355
11.362,8.593,0.0,1572.25,9.5,98.273,0.8,,0,-96.855,9,60,3,448,0.558
11.185,8.579,0.0,1519.75,9.5,98.228,0.85,,0,-96.96,9,60,5,538,0.552
11.326,8.785,0.0,1442.75,9.5,98.123,0.9,,0,-97.114,9,60,6,466,0.5515
11.531,9.285,0.0,1444.06,9.5,98.658,0.95,,1,-97.112,9,60,6,387,0.5375
11.843,9.278,0.0,1579.25,9.5,98.195,1.0,,3,-96.841,9,60,7,330,0.5364
11.454,8.267,0.0,1497.0,9.5,98.392,0.8,,0,-97.006,10,60,3,321,0.5545
11.183,8.552,0.0,1364.88,9.5,98.351,0.85,,0,-97.27,10,60,5,540,0.5519
11.301,8.785,0.0,1354.81,9.5,98.258,0.9,,0,-97.29,10,60,6,465,0.5527
11.356,9.391,0.0,1441.44,9.5,98.696,0.95,,1,-97.117,10,60,6,382,0.5366
11.843,9.278,0.0,1374.06,9.5,98.46,1.0,,2,-97.252,10,60,7,330,0.5364
9.836,9.451,0.0,39374.44,10.0,40.64,0.8,,7,-21.251,1,5,13,2332,0.5081
10.073,9.888,0.0495,43833.0,10.0,34.108,0.85,,7,-12.334,1,5,13,1572,0.5089
9.92,9.957,0.0612,44894.81,10.0,30.586,0.9,,7,-10.21,1,5,13,1224,0.5057
10.026,10.033,0.0,47056.06,10.0,31.224,0.95,,8,-5.888,1,5,13,931,0.5038
10.775,10.41,0.0,46350.38,10.0,27.522,1.0,,8,-7.299,1,5,13,662,0.5091
9.836,9.451,0.0,13976.25,10.0,83.244,0.8,,5,-72.047,2,5,13,2332,0.5081
10.073,9.888,0.0,33363.63,10.0,61.22,0.85,,6,-33.273,2,5,13,1572,0.5089
9.92,9.957,0.0,38385.69,10.0,55.022,0.9,,7,-23.229,2,5,13,1224,0.5057
10.026,10.033,0.0,42541.06,10.0,56.334,0.95,,8,-14.918,2,5,13,931,0.5038
10.775,10.41,0.0,39545.94,10.0,52.642,1.0,,8,-20.908,2,5,13,662,0.5091
9.836,9.451,0.0,8481.69,10.0,92.625,0.8,,4,-83.037,3,5,13,2332,0.5081
10.073,9.888,0.0,18184.56,10.0,84.934,0.85,,6,-63.631,3,5,13,1572,0.5089
9.92,9.957,0.0,25819.38,10.0,74.124,0.9,,6,-48.361,3,5,13,1224,0.5057
10.026,10.033,0.0,30327.38,10.0,74.913,0.95,,7,-39.345,3,5,13,931,0.5038
10.775,10.41,0.0,29135.63,10.0,69.537,1.0,,8,-41.729,3,5,13,662,0.5091
9.955,9.652,0.0,3734.81,10.0,96.492,0.8,,5,-92.53,4,5,11,1974,0.5041
10.073,9.888,0.0,8267.75,10.0,94.017,0.85,,4,-83.464,4,5,13,1572,0.5089
9.92,9.957,0.0,11728.81,10.0,89.367,0.9,,6,-76.542,4,5,13,1224,0.5057
10.026,10.033,0.0,15243.25,10.0,88.139,0.95,,5,-69.513,4,5,13,931,0.5038
10.775,10.41,0.0,16309.88,10.0,81.978,1.0,,6,-67.38,4,5,13,662,0.5091
9.706,9.509,0.0,2963.94,10.0,97.624,0.8,,3,-94.072,5,5,8,1293,0.5012
10.216,9.959,0.0,2900.06,10.0,96.646,0.85,,3,-94.2,5,5,10,1258,0.504
9.92,9.957,0.0,5977.0,10.0,94.863,0.9,,5,-88.046,5,5,13,1224,0.5057
10.026,10.033,0.0,11177.56,10.0,93.03,0.95,,7,-77.645,5,5,13,931,0.5038
10.775,10.41,0.0,8396.81,10.0,90.333,1.0,,5,-83.206,5,5,13,662,0.5091
8.973,8.475,0.0,2390.81,10.0,98.352,0.8,,2,-95.218,6,5,6,1075,0.507
9.815,9.867,0.0,2064.88,10.0,97.72,0.85,,1,-95.87,6,5,7,809,0.4969
9.787,10.121,0.0,2246.44,10.0,97.03,0.9,,2,-95.507,6,5,7,633,0.4803
10.026,10.033,0.0,4841.69,10.0,97.262,0.95,,6,-90.317,6,5,13,931,0.5038
10.775,10.41,0.0,4131.63,10.0,95.418,1.0,,5,-91.737,6,5,13,662,0.5091
8.541,8.224,0.0,2074.5,10.0,98.77,0.8,,1,-95.851,7,5,5,836,0.4964
9.235,8.795,0.0,2011.94,10.0,97.882,0.85,,1,-95.976,7,5,6,722,0.5
9.406,9.969,0.0,2043.44,10.0,97.437,0.9,,2,-95.913,7,5,7,612,0.4853
9.717,10.043,0.0,1924.0,10.0,98.044,0.95,,2,-96.152,7,5,7,482,0.4668
10.213,9.866,0.0,2089.38,10.0,97.388,1.0,,3,-95.821,7,5,7,344,0.4709
8.475,8.209,0.0,1838.69,10.0,99.022,0.8,,1,-96.323,8,5,5,818,0.4976
8.965,8.54,0.0,1615.56,10.0,98.381,0.85,,1,-96.769,8,5,6,669,0.4948
8.867,8.618,0.0,1821.19,10.0,97.8,0.9,,2,-96.358,8,5,6,521,0.4818
9.675,10.043,0.0,930.88,10.0,99.129,0.95,,2,-98.138,8,5,7,480,0.4688
10.139,9.866,0.0,1819.0,10.0,97.873,1.0,,3,-96.362,8,5,7,343,0.4723
8.469,8.209,0.0,1530.69,10.0,99.268,0.8,,1,-96.939,9,5,5,817,0.4982
8.693,8.524,0.0,1515.38,10.0,98.556,0.85,,1,-96.969,9,5,5,563,0.492
8.788,8.594,0.0,1633.06,10.0,98.023,0.9,,2,-96.734,9,5,6,515,0.4854
9.267,9.904,0.0,1646.63,10.0,98.546,0.95,,2,-96.707,9,5,7,469,0.4691
10.056,9.866,0.0,1554.31,10.0,98.27,1.0,,3,-96.891,9,5,7,339,0.4749
8.572,8.051,0.0,1431.81,10.0,99.383,0.8,,1,-97.136,10,5,4,567,0.5009
8.654,8.569,0.0,1426.56,10.0,98.685,0.85,,1,-97.147,10,5,5,554,0.491
8.824,8.616,0.0,1089.25,10.0,98.695,0.9,,2,-97.821,10,5,6,507,0.4892
9.005,9.511,0.0,1394.19,10.0,98.839,0.95,,2,-97.212,10,5,6,407,0.4668
10.056,9.866,0.0,830.69,10.0,99.128,1.0,,3,-98.339,10,5,7,339,0.4749
11.573,9.544,0.0448,38005.94,10.0,41.36,0.8,,5,-23.988,1,10,13,2287,0.5444
11.906,9.924,0.1031,43175.0,10.0,35.454,0.85,,7,-13.65,1,10,13,1551,0.5487
11.911,9.878,0.0,50860.56,10.0,28.742,0.9,,9,1.721,1,10,13,1212,0.5495
11.884,9.852,0.0,48813.06,10.0,35.138,0.95,,8,-2.374,1,10,13,922,0.5499
12.447,10.131,0.0,44830.06,10.0,27.953,1.0,,7,-10.34,1,10,13,660,0.5545
11.573,9.544,0.0498,13099.06,10.0,82.554,0.8,,4,-73.802,2,10,13,2287,0.5444
11.906,9.924,0.0536,28349.87,10.0,64.888,0.85,,5,-43.3,2,10,13,1551,0.5487
11.911,9.878,0.0,33302.81,10.0,58.684,0.9,,7,-33.394,2,10,13,1212,0.5495
11.884,9.852,0.0,38275.88,10.0,63.575,0.95,,7,-23.448,2,10,13,922,0.5499
12.447,10.131,0.0,42418.56,10.0,52.727,1.0,,7,-15.163,2,10,13,660,0.5545
11.573,9.544,0.0,7803.56,10.0,92.588,0.8,,5,-84.393,3,10,13,2287,0.5444
11.906,9.924,0.0798,14387.06,10.0,84.769,0.85,,5,-71.226,3,10,13,1551,0.5487
11.911,9.878,0.0,16680.44,10.0,81.634,0.9,,4,-66.639,3,10,13,1212,0.5495
11.884,9.852,0.0,24968.44,10.0,79.129,0.95,,6,-50.063,3,10,13,922,0.5499
12.447,10.131,0.0,29301.88,10.0,69.858,1.0,,7,-41.396,3,10,13,660,0.5545
11.609,9.541,0.0228,3537.06,10.0,95.846,0.8,,3,-92.926,4,10,8,1302,0.5407
11.906,9.924,0.0556,5915.75,10.0,94.573,0.85,,3,-88.168,4,10,13,1551,0.5487
11.911,9.878,0.0,7757.62,10.0,91.207,0.9,,3,-84.485,4,10,13,1212,0.5495
11.884,9.852,0.0,14390.56,10.0,89.505,0.95,,4,-71.219,4,10,13,922,0.5499
12.447,10.131,0.0,20509.88,10.0,81.283,1.0,,6,-58.98,4,10,13,660,0.5545
11.563,9.509,0.0,2029.88,10.0,97.872,0.8,,2,-95.94,5,10,7,1237,0.5441
12.147,9.891,0.0,2891.75,10.0,96.521,0.85,,0,-94.216,5,10,7,833,0.545
11.911,9.878,0.0,4348.63,10.0,95.622,0.9,,6,-91.303,5,10,13,1212,0.5495
11.884,9.852,0.0,6469.19,10.0,95.322,0.95,,4,-87.062,5,10,13,922,0.5499
12.447,10.131,0.0,9249.06,10.0,88.915,1.0,,5,-81.502,5,10,13,660,0.5545
10.813,8.275,0.0,2486.63,10.0,97.661,0.8,,0,-95.027,6,10,6,957,0.5507
11.942,9.879,0.0,2389.94,10.0,97.183,0.85,,0,-95.22,6,10,7,811,0.5462
11.739,10.062,0.0,2377.25,10.0,96.689,0.9,,3,-95.245,6,10,7,620,0.5355
12.117,9.989,0.0,2480.06,10.0,97.813,0.95,,3,-95.04,6,10,11,799,0.5469
12.447,10.131,0.0,4976.44,10.0,93.579,1.0,,5,-90.047,6,10,13,660,0.5545
10.6,8.296,0.0,1758.19,10.0,98.482,0.8,,0,-96.484,7,10,5,795,0.5472
11.626,9.755,0.0,2115.19,10.0,97.663,0.85,,0,-95.77,7,10,7,774,0.5478
11.739,10.062,0.0,1916.56,10.0,97.46,0.9,,3,-96.167,7,10,7,620,0.5355
11.857,9.801,0.0,2055.25,10.0,98.218,0.95,,2,-95.89,7,10,7,478,0.5272
12.742,10.217,0.0,2015.88,10.0,97.471,1.0,,4,-95.968,7,10,8,398,0.5477
10.554,8.314,0.0,1831.69,10.0,98.511,0.8,,0,-96.337,8,10,5,790,0.5494
11.038,8.853,0.0,1648.38,10.0,98.205,0.85,,0,-96.703,8,10,6,606,0.5446
11.378,9.957,0.0,1749.88,10.0,97.8,0.9,,3,-96.5,8,10,7,600,0.54
11.76,9.801,0.0,1801.5,10.0,98.376,0.95,,2,-96.397,8,10,7,473,0.5307
12.109,9.503,0.0,1781.81,10.0,97.903,1.0,,3,-96.436,8,10,7,337,0.5401
10.754,8.421,0.0,1650.13,10.0,98.72,0.8,,0,-96.7,9,10,4,546,0.5495
10.991,8.893,0.0,1463.31,10.0,98.481,0.85,,0,-97.073,9,10,6,601,0.5441
10.887,8.689,0.0,1514.06,10.0,98.166,0.9,,1,-96.972,9,10,6,507,0.5444
11.348,9.68,0.0,1656.69,10.0,98.567,0.95,,2,-96.687,9,10,7,464,0.5323
12.109,9.503,0.0,777.75,10.0,99.131,1.0,,3,-98.444,9,10,7,337,0.5401
10.753,8.611,0.0,1426.13,10.0,98.925,0.8,,0,-97.148,10,10,3,447,0.5481
10.649,8.752,0.0,1284.38,10.0,98.671,0.85,,0,-97.431,10,10,5,541,0.5471
10.917,8.709,0.0,1238.0,10.0,98.547,0.9,,1,-97.524,10,10,6,499,0.5491
11.131,9.311,0.0,1349.12,10.0,98.876,0.95,,2,-97.302,10,10,6,399,0.5338
12.109,9.503,0.0,1168.88,10.0,98.767,1.0,,3,-97.662,10,10,7,337,0.5401
12.107,9.615,0.0568,38335.81,10.0,38.214,0.8,,4,-23.328,1,15,13,2277,0.5556
12.513,9.93,0.0,49274.19,10.0,28.759,0.85,,6,-1.452,1,15,13,1545,0.5586
12.524,9.839,0.0,48432.0,10.0,29.478,0.9,,8,-3.136,1,15,13,1210,0.5603
12.563,9.828,0.0,45191.44,10.0,36.228,0.95,,7,-9.617,1,15,13,920,0.5598
13.016,10.087,0.0,43650.13,10.0,28.399,1.0,,7,-12.7,1,15,13,659,0.5599
12.107,9.615,0.0428,18851.75,10.0,73.462,0.8,,5,-62.296,2,15,13,2277,0.5556
12.513,9.93,0.033,27906.69,10.0,60.727,0.85,,5,-44.187,2,15,13,1545,0.5586
12.524,9.839,0.0,30866.37,10.0,62.141,0.9,,6,-38.267,2,15,13,1210,0.5603
12.563,9.828,0.0,33698.75,10.0,64.249,0.95,,7,-32.602,2,15,13,920,0.5598
13.016,10.087,0.0,34942.13,10.0,53.257,1.0,,7,-30.116,2,15,13,659,0.5599
12.107,9.615,0.0183,7855.63,10.0,90.327,0.8,,3,-84.289,3,15,13,2277,0.5556
12.513,9.93,0.0389,13922.44,10.0,83.164,0.85,,4,-72.155,3,15,13,1545,0.5586
12.524,9.839,0.0,13462.19,10.0,87.097,0.9,,4,-73.076,3,15,13,1210,0.5603
12.563,9.828,0.0,19257.75,10.0,81.905,0.95,,7,-61.484,3,15,13,920,0.5598
13.016,10.087,0.0,22477.75,10.0,69.396,1.0,,7,-55.044,3,15,13,659,0.5599
12.096,9.629,0.0129,3606.19,10.0,95.377,0.8,,1,-92.788,4,15,10,1851,0.5527
12.513,9.93,0.0256,4565.19,10.0,94.97,0.85,,1,-90.87,4,15,13,1545,0.5586
12.524,9.839,0.0,5956.0,10.0,94.861,0.9,,3,-88.088,4,15,13,1210,0.5603
12.563,9.828,0.0,10162.56,10.0,91.839,0.95,,6,-79.675,4,15,13,920,0.5598
13.016,10.087,0.0,14162.19,10.0,81.291,1.0,,7,-71.676,4,15,13,659,0.5599
11.813,9.545,0.0106,2936.38,10.0,96.463,0.8,,1,-94.127,5,15,8,1261,0.5519
12.654,10.185,0.0,2961.75,10.0,96.6,0.85,,0,-94.076,5,15,9,977,0.5537
12.578,9.92,0.0,2986.25,10.0,97.087,0.9,,4,-94.027,5,15,13,1185,0.5586
12.563,9.828,0.0,4701.69,10.0,96.55,0.95,,4,-90.597,5,15,13,920,0.5598
13.016,10.087,0.0,4946.69,10.0,93.341,1.0,,6,-90.107,5,15,13,659,0.5599
11.67,9.504,0.0214,2401.75,10.0,97.324,0.8,,1,-95.196,6,15,7,1205,0.5552
12.406,9.888,0.0,1959.44,10.0,97.733,0.85,,0,-96.081,6,15,7,830,0.5542
12.533,10.284,0.0,2161.56,10.0,97.894,0.9,,2,-95.677,6,15,8,721,0.5562
12.621,9.95,0.0,2304.62,10.0,98.129,0.95,,3,-95.391,6,15,12,886,0.5587
13.027,10.154,0.0,2399.56,10.0,96.75,1.0,,6,-95.201,6,15,13,651,0.5576
11.103,8.33,0.0267,2127.44,10.0,97.767,0.8,,1,-95.745,7,15,6,953,0.5635
12.187,9.876,0.0,1969.5,10.0,97.799,0.85,,0,-96.061,7,15,7,807,0.5564
12.02,10.067,0.0,2062.69,10.0,97.778,0.9,,2,-95.875,7,15,7,619,0.546
12.028,9.892,0.0,2066.19,10.0,98.323,0.95,,2,-95.868,7,15,7,478,0.5293
12.254,9.505,0.0,2124.38,10.0,97.277,1.0,,4,-95.751,7,15,7,341,0.5367
10.779,8.395,0.0,1832.13,10.0,98.178,0.8,,0,-96.336,8,15,5,793,0.5586
11.402,8.703,0.0,1803.25,10.0,97.973,0.85,,0,-96.393,8,15,6,655,0.5588
12.0,10.067,0.0,1692.56,10.0,97.863,0.9,,2,-96.615,8,15,7,616,0.5487
11.943,9.892,0.0,1799.75,10.0,98.491,0.95,,2,-96.401,8,15,7,474,0.5316
12.326,9.505,0.0,1570.94,10.0,98.105,1.0,,3,-96.858,8,15,7,342,0.5351
10.779,8.413,0.0324,1618.63,10.0,98.389,0.8,,1,-96.763,9,15,5,790,0.5595
11.307,8.803,0.0,1640.06,10.0,98.096,0.85,,0,-96.72,9,15,6,611,0.5581
11.678,9.964,0.0,1242.38,10.0,98.352,0.9,,2,-97.515,9,15,7,599,0.5509
11.538,9.765,0.0,1654.94,10.0,98.443,0.95,,2,-96.69,9,15,7,462,0.5346
12.2,9.503,0.0,690.25,10.0,99.206,1.0,,3,-98.619,9,15,7,337,0.5401
11.052,8.491,0.0,1445.38,10.0,98.596,0.8,,0,-97.109,10,15,4,546,0.5604
10.933,8.777,0.0,1396.38,10.0,98.285,0.85,,0,-97.207,10,15,5,551,0.5535
11.199,8.724,0.0283,1371.0,10.0,98.219,0.9,,2,-97.258,10,15,6,504,0.5595
11.313,9.42,0.0,1362.25,10.0,98.73,0.95,,2,-97.276,10,15,6,398,0.5377
12.2,9.503,0.0,1045.06,10.0,98.859,1.0,,3,-97.91,10,15,7,337,0.5401
12.303,9.639,0.0159,40936.75,10.0,35.933,0.8,,6,-18.126,1,20,13,2270,0.5617
12.757,9.93,0.0,51302.88,10.0,26.854,0.85,,6,2.606,1,20,13,1541,0.5646
12.747,9.838,0.0,47865.87,10.0,29.955,0.9,,9,-4.268,1,20,13,1206,0.5655
12.811,9.859,0.0,45656.94,10.0,36.956,0.95,,7,-8.686,1,20,13,917,0.5638
13.226,10.067,0.0,41919.38,10.0,29.882,1.0,,7,-16.161,1,20,13,659,0.563
12.303,9.639,0.0,24438.19,10.0,66.485,0.8,,6,-51.124,2,20,13,2270,0.5617
12.757,9.93,0.0039,27319.13,10.0,60.156,0.85,,5,-45.362,2,20,13,1541,0.5646
12.747,9.838,0.0,31961.44,10.0,60.767,0.9,,7,-36.077,2,20,13,1206,0.5655
12.811,9.859,0.0,33377.63,10.0,63.506,0.95,,7,-33.245,2,20,13,917,0.5638
13.226,10.067,0.0,34037.38,10.0,53.807,1.0,,8,-31.925,2,20,13,659,0.563
12.303,9.639,0.0,10942.63,10.0,87.713,0.8,,4,-78.115,3,20,13,2270,0.5617
12.757,9.93,0.0483,9880.38,10.0,87.45,0.85,,3,-80.239,3,20,13,1541,0.5646
12.747,9.838,0.0,15209.12,10.0,83.645,0.9,,7,-69.582,3,20,13,1206,0.5655
12.811,9.859,0.0,20402.25,10.0,80.78,0.95,,7,-59.195,3,20,13,917,0.5638
13.226,10.067,0.0,22215.25,10.0,70.09,1.0,,7,-55.569,3,20,13,659,0.563
12.303,9.639,0.0,5728.94,10.0,94.183,0.8,,4,-88.542,4,20,13,2270,0.5617
12.771,10.013,0.029,3521.75,10.0,95.532,0.85,,1,-92.956,4,20,13,1517,0.5616
12.747,9.838,0.0,6414.5,10.0,93.95,0.9,,7,-87.171,4,20,13,1206,0.5655
12.811,9.859,0.0,10042.69,10.0,91.233,0.95,,5,-79.915,4,20,13,917,0.5638
13.226,10.067,0.0,11948.88,10.0,82.571,1.0,,7,-76.102,4,20,13,659,0.563
11.964,9.589,0.0218,1889.88,10.0,97.789,0.8,,1,-96.22,5,20,7,1233,0.5556
12.791,10.154,0.0,2968.31,10.0,96.43,0.85,,0,-94.063,5,20,9,980,0.5551
12.792,9.957,0.0,2791.13,10.0,96.906,0.9,,4,-94.418,5,20,12,1162,0.5654
12.811,9.859,0.0,4535.88,10.0,96.425,0.95,,4,-90.928,5,20,13,917,0.5638
13.226,10.067,0.0,4674.13,10.0,93.402,1.0,,6,-90.652,5,20,13,659,0.563
11.265,8.388,0.0346,2400.0,10.0,97.32,0.8,,1,-95.2,6,20,6,958,0.5626
12.594,9.888,0.0,2165.94,10.0,97.458,0.85,,0,-95.668,6,20,7,829,0.5561
12.787,9.957,0.0,2452.94,10.0,96.934,0.9,,6,-95.094,6,20,12,1163,0.5649
12.657,10.294,0.0,2362.38,10.0,97.828,0.95,,2,-95.275,6,20,9,573,0.5393
13.248,10.177,0.0,1979.13,10.0,97.239,1.0,,5,-96.042,6,20,12,641,0.5616
11.271,8.388,0.0232,2063.56,10.0,97.8,0.8,,1,-95.873,7,20,6,954,0.565
12.334,9.884,0.0,2002.75,10.0,97.706,0.85,,0,-95.994,7,20,7,794,0.5579
12.191,10.087,0.0,2098.13,10.0,97.285,0.9,,2,-95.804,7,20,7,616,0.5487
12.155,9.919,0.0,2134.44,10.0,98.044,0.95,,2,-95.731,7,20,7,473,0.5328
13.03,10.22,0.0,2124.81,10.0,97.181,1.0,,4,-95.75,7,20,8,398,0.5503
10.996,8.465,0.0444,1766.5,10.0,98.183,0.8,,1,-96.467,8,20,5,792,0.5619
11.582,8.706,0.0,1857.06,10.0,97.747,0.85,,0,-96.286,8,20,6,653,0.562
12.186,10.087,0.0,1508.38,10.0,97.855,0.9,,2,-96.983,8,20,7,615,0.5496
12.148,9.919,0.0,1642.69,10.0,98.356,0.95,,2,-96.715,8,20,7,472,0.5339
12.475,9.51,0.0,1833.0,10.0,97.71,1.0,,3,-96.334,8,20,7,339,0.5398
11.132,8.517,0.0,1615.56,10.0,98.394,0.8,,0,-96.769,9,20,4,550,0.56
11.551,8.871,0.0,1402.94,10.0,98.267,0.85,,0,-97.194,9,20,6,602,0.5598
11.382,8.748,0.0319,1538.13,10.0,97.869,0.9,,2,-96.924,9,20,6,506,0.5573
11.714,9.793,0.0,1646.63,10.0,98.35,0.95,,2,-96.707,9,20,7,461,0.5358
12.441,9.51,0.0,1556.94,10.0,98.136,1.0,,3,-96.886,9,20,7,337,0.543
11.12,8.547,0.0,1405.56,10.0,98.585,0.8,,0,-97.189,10,20,4,545,0.5615
11.129,8.826,0.0,1124.69,10.0,98.593,0.85,,0,-97.751,10,20,5,538,0.5595
11.389,8.748,0.0384,1325.06,10.0,98.199,0.9,,2,-97.35,10,20,6,503,0.5606
11.518,9.453,0.0,1372.75,10.0,98.671,0.95,,2,-97.254,10,20,6,397,0.539
12.441,9.51,0.0,684.13,10.0,99.216,1.0,,3,-98.632,10,20,7,337,0.543
12.467,9.653,0.1147,40389.88,10.0,34.814,0.8,,6,-19.22,1,25,13,2268,0.5622
12.885,9.894,0.041,39216.94,10.0,36.313,0.85,,5,-21.566,1,25,13,1538,0.5644
12.883,9.814,0.0998,38561.56,10.0,37.909,0.9,,8,-22.877,1,25,13,1204,0.5656
12.973,9.828,0.0115,39265.06,10.0,36.598,0.95,,7,-21.47,1,25,13,915,0.5639
13.285,10.07,0.0,40579.75,10.0,29.977,1.0,,7,-18.84,1,25,13,658,0.5623
12.467,9.653,0.1206,18127.25,10.0,72.493,0.8,,6,-63.745,2,25,13,2268,0.5622
12.885,9.894,0.0569,21107.5,10.0,68.914,0.85,,4,-57.785,2,25,13,1538,0.5644
12.883,9.814,0.0,25931.37,10.0,63.927,0.9,,7,-48.137,2,25,13,1204,0.5656
12.973,9.828,0.0,29077.88,10.0,64.197,0.95,,7,-41.844,2,25,13,915,0.5639
13.285,10.07,0.0,29598.5,10.0,52.615,1.0,,7,-40.803,2,25,13,658,0.5623
12.467,9.653,0.1073,7887.13,10.0,89.316,0.8,,5,-84.226,3,25,13,2268,0.5622
12.885,9.894,0.0601,9562.75,10.0,87.88,0.85,,4,-80.874,3,25,13,1538,0.5644
12.883,9.814,0.0032,12245.06,10.0,84.29,0.9,,7,-75.51,3,25,13,1204,0.5656
12.973,9.828,0.0,17968.44,10.0,80.402,0.95,,4,-64.063,3,25,13,915,0.5639
13.285,10.07,0.0,19243.75,10.0,70.758,1.0,,7,-61.512,3,25,13,658,0.5623
12.26,9.628,0.0467,3697.19,10.0,94.289,0.8,,1,-92.606,4,25,8,1303,0.5526
12.893,9.977,0.0431,3737.88,10.0,95.258,0.85,,2,-92.524,4,25,13,1513,0.5618
12.925,9.932,0.0106,3630.69,10.0,94.974,0.9,,2,-92.739,4,25,12,1163,0.5641
12.973,9.828,0.0,6442.94,10.0,92.594,0.95,,3,-87.114,4,25,13,915,0.5639
13.285,10.07,0.0,11911.69,10.0,82.443,1.0,,6,-76.177,4,25,13,658,0.5623
12.222,9.615,0.0843,1897.75,10.0,97.252,0.8,,2,-96.204,5,25,7,1231,0.5565
12.773,9.821,0.0,2708.44,10.0,96.742,0.85,,0,-94.583,5,25,7,826,0.5557
12.925,9.932,0.0073,2984.06,10.0,95.538,0.9,,4,-94.032,5,25,12,1163,0.5641
12.973,9.828,0.0,4608.06,10.0,95.154,0.95,,3,-90.784,5,25,13,915,0.5639
13.285,10.07,0.0,5042.5,10.0,92.859,1.0,,4,-89.915,5,25,13,658,0.5623
11.451,8.535,0.0,2409.63,10.0,96.732,0.8,,0,-95.181,6,25,5,795,0.561
12.58,9.807,0.0,2494.94,10.0,97.072,0.85,,0,-95.01,6,25,7,804,0.5572
12.461,10.039,0.0309,2178.63,10.0,96.691,0.9,,1,-95.643,6,25,7,620,0.5452
12.512,9.855,0.0,2415.31,10.0,97.256,0.95,,1,-95.169,6,25,7,475,0.5305
13.308,10.18,0.0,2427.56,10.0,96.613,1.0,,4,-95.145,6,25,12,640,0.5609
11.43,8.505,0.0,1719.25,10.0,97.787,0.8,,0,-96.561,7,25,5,791,0.5626
11.808,8.615,0.0,2103.81,10.0,97.591,0.85,,0,-95.792,7,25,6,650,0.5615
12.099,9.901,0.0314,2037.31,10.0,97.019,0.9,,1,-95.925,7,25,7,599,0.5526
12.432,9.854,0.0,1969.5,10.0,97.926,0.95,,1,-96.061,7,25,7,471,0.5329
13.109,10.225,0.0,2035.56,10.0,97.3,1.0,,3,-95.929,7,25,8,397,0.5491
11.596,8.491,0.0,1759.94,10.0,97.845,0.8,,0,-96.48,8,25,4,545,0.5615
11.795,8.773,0.0,1700.88,10.0,97.937,0.85,,0,-96.598,8,25,6,599,0.5593
11.676,8.686,0.0464,1787.94,10.0,97.458,0.9,,1,-96.424,8,25,6,506,0.5553
11.998,9.727,0.0,1855.31,10.0,98.099,0.95,,1,-96.289,8,25,7,459,0.5359
12.533,9.512,0.0,1211.31,10.0,98.487,1.0,,3,-97.577,8,25,7,336,0.5417
11.672,8.662,0.0,1645.75,10.0,98.063,0.8,,0,-96.708,9,25,3,446,0.5605
11.401,8.715,0.0,1300.56,10.0,98.394,0.85,,0,-97.399,9,25,5,535,0.5589
11.652,8.686,0.0403,1441.88,10.0,98.002,0.9,,1,-97.116,9,25,6,501,0.5609
11.809,9.374,0.0,1516.25,10.0,98.48,0.95,,1,-96.967,9,25,6,393,0.542
12.533,9.512,0.0,1511.0,10.0,98.191,1.0,,3,-96.978,9,25,7,336,0.5417
11.828,8.41,0.0,1425.69,10.0,98.404,0.8,,0,-97.149,10,25,3,311,0.5595
11.401,8.715,0.0,1136.06,10.0,98.579,0.85,,0,-97.728,10,25,5,535,0.5589
11.663,8.893,0.0284,1309.31,10.0,98.22,0.9,,1,-97.381,10,25,6,468,0.562
11.816,9.374,0.0,1376.69,10.0,98.667,0.95,,1,-97.247,10,25,6,391,0.5448
11.887,9.37,0.0,1486.94,10.0,98.297,1.0,,2,-97.026,10,25,7,325,0.5415
12.555,9.643,0.1457,37820.0,10.0,38.372,0.8,,6,-24.36,1,30,13,2263,0.563
12.931,9.896,0.0933,39225.25,10.0,33.823,0.85,,5,-21.549,1,30,13,1537,0.5654
12.931,9.805,0.1058,38687.56,10.0,37.798,0.9,,8,-22.625,1,30,13,1204,0.5664
13.031,9.87,0.017,39277.75,10.0,37.021,0.95,,7,-21.444,1,30,13,913,0.5652
13.368,10.129,0.0,41129.69,10.0,28.756,1.0,,7,-17.741,1,30,13,656,0.564
12.555,9.643,0.1464,18482.06,10.0,71.948,0.8,,6,-63.036,2,30,13,2263,0.563
12.931,9.896,0.0651,22171.5,10.0,67.251,0.85,,4,-55.657,2,30,13,1537,0.5654
12.931,9.805,0.0,26018.88,10.0,64.016,0.9,,7,-47.962,2,30,13,1204,0.5664
13.031,9.87,0.0,30303.75,10.0,64.668,0.95,,7,-39.392,2,30,13,913,0.5652
13.368,10.129,0.0,31032.63,10.0,53.629,1.0,,7,-37.935,2,30,13,656,0.564
12.555,9.643,0.1137,7763.31,10.0,89.822,0.8,,5,-84.473,3,30,13,2263,0.563
12.931,9.896,0.0806,9837.5,10.0,87.508,0.85,,4,-80.325,3,30,13,1537,0.5654
12.931,9.805,0.0016,12411.75,10.0,84.192,0.9,,7,-75.176,3,30,13,1204,0.5664
13.031,9.87,0.0,18951.94,10.0,80.936,0.95,,5,-62.096,3,30,13,913,0.5652
13.368,10.129,0.0,19527.25,10.0,70.811,1.0,,6,-60.945,3,30,13,656,0.564
12.291,9.618,0.0,3733.94,10.0,94.233,0.8,,0,-92.532,4,30,8,1294,0.5533
12.931,9.896,0.0552,4587.94,10.0,94.951,0.85,,2,-90.824,4,30,13,1537,0.5654
12.961,9.9,0.0015,3740.06,10.0,94.838,0.9,,4,-92.52,4,30,13,1182,0.5626
13.031,9.87,0.0,10067.63,10.0,89.107,0.95,,6,-79.865,4,30,13,913,0.5652
13.368,10.129,0.0,12238.5,10.0,81.998,1.0,,6,-75.523,4,30,13,656,0.564
12.286,9.59,0.0494,1808.06,10.0,97.382,0.8,,1,-96.384,5,30,7,1229,0.5574
12.823,9.821,0.0,2669.94,10.0,96.789,0.85,,0,-94.66,5,30,7,826,0.5581
12.971,9.911,0.008,2889.13,10.0,95.654,0.9,,4,-94.222,5,30,12,1165,0.5648
13.031,9.87,0.0,4571.31,10.0,95.199,0.95,,3,-90.857,5,30,13,913,0.5652
13.368,10.129,0.0,4615.5,10.0,93.488,1.0,,5,-90.769,5,30,13,656,0.564
11.69,8.39,0.0,2419.69,10.0,96.718,0.8,,0,-95.161,6,30,6,950,0.5674
12.631,9.807,0.0,2491.88,10.0,97.076,0.85,,0,-95.016,6,30,7,804,0.5597
12.47,10.02,0.0334,2479.63,10.0,96.234,0.9,,1,-95.041,6,30,7,619,0.5477
13.051,9.994,0.0,2389.94,10.0,97.285,0.95,,4,-95.22,6,30,12,881,0.563
13.393,10.241,0.0,2199.63,10.0,96.931,1.0,,4,-95.601,6,30,12,638,0.5627
11.527,8.467,0.0,1742.88,10.0,97.757,0.8,,0,-96.514,7,30,5,789,0.564
11.866,8.621,0.0,1995.31,10.0,97.715,0.85,,0,-96.009,7,30,6,650,0.5646
12.149,9.881,0.0309,2106.44,10.0,96.918,0.9,,1,-95.787,7,30,7,599,0.5543
12.467,9.829,0.0,1964.25,10.0,97.932,0.95,,1,-96.071,7,30,7,471,0.535
12.701,9.481,0.0,1943.25,10.0,97.422,1.0,,3,-96.113,7,30,7,341,0.5396
11.646,8.463,0.0,1739.38,10.0,97.87,0.8,,0,-96.521,8,30,4,544,0.5643
11.869,8.621,0.0,1836.06,10.0,97.773,0.85,,0,-96.328,8,30,6,647,0.5672
11.734,8.667,0.0475,1808.94,10.0,97.428,0.9,,1,-96.382,8,30,6,506,0.5573
12.462,9.829,0.0,786.5,10.0,99.194,0.95,,1,-98.427,8,30,7,470,0.5362
12.616,9.478,0.0,1742.44,10.0,97.823,1.0,,3,-96.515,8,30,7,338,0.5414
11.734,8.628,0.0,1656.69,10.0,98.05,0.8,,0,-96.687,9,30,3,445,0.564
11.467,8.722,0.0,1292.25,10.0,98.404,0.85,,0,-97.415,9,30,5,535,0.5626
11.711,8.667,0.0375,1414.31,10.0,98.041,0.9,,1,-97.171,9,30,6,501,0.5629
11.848,9.346,0.0,1560.0,10.0,98.437,0.95,,1,-96.88,9,30,6,393,0.5445
12.583,9.478,0.0,1509.25,10.0,98.193,1.0,,3,-96.981,9,30,7,336,0.5446
11.88,8.207,0.0,1488.69,10.0,98.333,0.8,,0,-97.023,10,30,3,325,0.5662
11.382,8.722,0.0,1459.38,10.0,98.174,0.85,,0,-97.081,10,30,5,534,0.5637
11.726,8.872,0.0295,1300.13,10.0,98.232,0.9,,1,-97.4,10,30,6,468,0.5641
11.856,9.346,0.0,1450.63,10.0,98.596,0.95,,1,-97.099,10,30,6,391,0.5473
11.947,9.336,0.0,1314.13,10.0,98.495,1.0,,2,-97.372,10,30,7,324,0.5463
12.561,9.643,0.1357,38111.38,10.0,37.264,0.8,,6,-23.777,1,35,13,2263,0.563
12.924,9.896,0.0913,39196.81,10.0,33.872,0.85,,5,-21.606,1,35,13,1537,0.5654
12.922,9.805,0.1122,38576.0,10.0,37.986,0.9,,8,-22.848,1,35,13,1204,0.5664
13.02,9.87,0.018,39739.31,10.0,37.021,0.95,,7,-20.521,1,35,13,913,0.5652
13.352,10.129,0.0,42245.31,10.0,28.756,1.0,,7,-15.509,1,35,13,656,0.564
12.561,9.643,0.1345,18371.81,10.0,72.525,0.8,,6,-63.256,2,35,13,2263,0.563
12.924,9.896,0.0572,22272.56,10.0,67.093,0.85,,4,-55.455,2,35,13,1537,0.5654
12.922,9.805,0.0,25521.88,10.0,64.775,0.9,,7,-48.956,2,35,13,1204,0.5664
13.02,9.87,0.0,30531.25,10.0,64.668,0.95,,7,-38.937,2,35,13,913,0.5652
13.352,10.129,0.0,31044.88,10.0,53.629,1.0,,7,-37.91,2,35,13,656,0.564
12.561,9.643,0.1353,7702.94,10.0,89.893,0.8,,6,-84.594,3,35,13,2263,0.563
12.924,9.896,0.077,9847.13,10.0,87.495,0.85,,4,-80.306,3,35,13,1537,0.5654
12.922,9.805,0.0024,12233.25,10.0,84.454,0.9,,7,-75.533,3,35,13,1204,0.5664
13.02,9.87,0.0,18786.56,10.0,80.936,0.95,,5,-62.427,3,35,13,913,0.5652
13.352,10.129,0.0,19588.06,10.0,70.811,1.0,,6,-60.824,3,35,13,656,0.564
12.292,9.59,0.0,3523.5,10.0,94.558,0.8,,0,-92.953,4,35,7,1229,0.5574
12.924,9.896,0.0555,4599.75,10.0,94.936,0.85,,2,-90.8,4,35,13,1537,0.5654
12.943,9.9,0.0006,3746.63,10.0,94.828,0.9,,4,-92.507,4,35,13,1181,0.5631
13.02,9.87,0.0,10063.25,10.0,89.113,0.95,,6,-79.873,4,35,13,913,0.5652
13.352,10.129,0.0,12237.19,10.0,81.998,1.0,,6,-75.526,4,35,13,656,0.564
12.292,9.59,0.0495,1808.06,10.0,97.382,0.8,,1,-96.384,5,35,7,1229,0.5574
12.823,9.821,0.0,2669.94,10.0,96.789,0.85,,0,-94.66,5,35,7,826,0.5581
12.966,9.923,0.0077,2922.38,10.0,95.604,0.9,,4,-94.155,5,35,12,1163,0.5649
13.02,9.87,0.0,4656.19,10.0,95.096,0.95,,3,-90.688,5,35,13,913,0.5652
13.352,10.129,0.0,4628.19,10.0,93.47,1.0,,5,-90.744,5,35,13,656,0.564
11.697,8.39,0.0,2410.5,10.0,96.73,0.8,,0,-95.179,6,35,6,950,0.5674
12.631,9.807,0.0,2491.88,10.0,97.076,0.85,,0,-95.016,6,35,7,804,0.5597
12.47,10.02,0.0334,2479.63,10.0,96.234,0.9,,1,-95.041,6,35,7,619,0.5477
13.02,9.87,0.0,3391.38,10.0,97.129,0.95,,4,-93.217,6,35,13,913,0.5652
13.378,10.241,0.0,2164.63,10.0,96.98,1.0,,4,-95.671,6,35,12,638,0.5627
11.537,8.467,0.0,1694.31,10.0,97.819,0.8,,0,-96.611,7,35,5,789,0.564
11.866,8.621,0.0,1995.31,10.0,97.715,0.85,,0,-96.009,7,35,6,650,0.5646
12.149,9.881,0.0309,2106.44,10.0,96.918,0.9,,1,-95.787,7,35,7,599,0.5543
12.467,9.829,0.0,1964.25,10.0,97.932,0.95,,1,-96.071,7,35,7,471,0.535
12.701,9.481,0.0,1943.25,10.0,97.422,1.0,,3,-96.113,7,35,7,341,0.5396
11.646,8.463,0.0,1739.38,10.0,97.87,0.8,,0,-96.521,8,35,4,544,0.5643
11.869,8.621,0.0,1836.06,10.0,97.773,0.85,,0,-96.328,8,35,6,647,0.5672
11.734,8.667,0.0475,1808.94,10.0,97.428,0.9,,1,-96.382,8,35,6,506,0.5573
12.462,9.829,0.0,786.5,10.0,99.194,0.95,,1,-98.427,8,35,7,470,0.5362
12.616,9.478,0.0,1742.44,10.0,97.823,1.0,,3,-96.515,8,35,7,338,0.5414
11.734,8.628,0.0,1656.69,10.0,98.05,0.8,,0,-96.687,9,35,3,445,0.564
11.467,8.722,0.0,1292.25,10.0,98.404,0.85,,0,-97.415,9,35,5,535,0.5626
11.711,8.667,0.0375,1414.31,10.0,98.041,0.9,,1,-97.171,9,35,6,501,0.5629
11.848,9.346,0.0,1560.0,10.0,98.437,0.95,,1,-96.88,9,35,6,393,0.5445
12.583,9.478,0.0,1509.25,10.0,98.193,1.0,,3,-96.981,9,35,7,336,0.5446
11.88,8.207,0.0,1488.69,10.0,98.333,0.8,,0,-97.023,10,35,3,325,0.5662
11.382,8.722,0.0,1459.38,10.0,98.174,0.85,,0,-97.081,10,35,5,534,0.5637
11.726,8.872,0.0295,1300.13,10.0,98.232,0.9,,1,-97.4,10,35,6,468,0.5641
11.856,9.346,0.0,1450.63,10.0,98.596,0.95,,1,-97.099,10,35,6,391,0.5473
11.947,9.336,0.0,1314.13,10.0,98.495,1.0,,2,-97.372,10,35,7,324,0.5463
12.571,9.636,0.1336,38191.44,10.0,37.264,0.8,,6,-23.617,1,40,13,2263,0.5634
12.938,9.886,0.0903,39272.5,10.0,33.818,0.85,,5,-21.455,1,40,13,1537,0.566
12.94,9.791,0.1061,38673.12,10.0,37.822,0.9,,8,-22.654,1,40,13,1204,0.5673
13.044,9.852,0.0148,39286.94,10.0,37.021,0.95,,7,-21.426,1,40,13,913,0.5663
13.387,10.103,0.0,42221.69,10.0,28.756,1.0,,7,-15.557,1,40,13,656,0.5655
12.571,9.636,0.1349,18382.31,10.0,72.525,0.8,,6,-63.235,2,40,13,2263,0.5634
12.938,9.886,0.0565,22283.5,10.0,67.076,0.85,,4,-55.433,2,40,13,1537,0.566
12.94,9.791,0.0,25556.0,10.0,64.723,0.9,,6,-48.888,2,40,13,1204,0.5673
13.044,9.852,0.0,31990.75,10.0,64.668,0.95,,7,-36.018,2,40,13,913,0.5663
13.387,10.103,0.0,31822.75,10.0,53.629,1.0,,7,-36.354,2,40,13,656,0.5655
12.571,9.636,0.1338,7895.88,10.0,89.893,0.8,,6,-84.208,3,40,13,2263,0.5634
12.938,9.886,0.0778,9724.63,10.0,87.66,0.85,,4,-80.551,3,40,13,1537,0.566
12.94,9.791,0.0,12251.63,10.0,84.427,0.9,,7,-75.497,3,40,13,1204,0.5673
13.044,9.852,0.0,18784.81,10.0,80.936,0.95,,5,-62.43,3,40,13,913,0.5663
13.387,10.103,0.0,21524.44,10.0,70.811,1.0,,6,-56.951,3,40,13,656,0.5655
12.292,9.59,0.0,3523.5,10.0,94.558,0.8,,0,-92.953,4,40,7,1229,0.5574
12.938,9.886,0.0554,4608.5,10.0,94.925,0.85,,2,-90.783,4,40,13,1537,0.566
12.94,9.791,0.0,5976.56,10.0,92.885,0.9,,6,-88.047,4,40,13,1204,0.5673
13.044,9.852,0.0,10071.56,10.0,89.102,0.95,,6,-79.857,4,40,13,913,0.5663
13.387,10.103,0.0,12253.38,10.0,81.998,1.0,,6,-75.493,4,40,13,656,0.5655
12.292,9.59,0.0495,1808.06,10.0,97.382,0.8,,1,-96.384,5,40,7,1229,0.5574
12.823,9.821,0.0,2669.94,10.0,96.789,0.85,,0,-94.66,5,40,7,826,0.5581
12.984,9.908,0.0076,2984.06,10.0,95.511,0.9,,4,-94.032,5,40,12,1163,0.5658
13.044,9.852,0.0,4808.88,10.0,94.91,0.95,,3,-90.382,5,40,13,913,0.5663
13.387,10.103,0.0,4961.56,10.0,92.978,1.0,,5,-90.077,5,40,13,656,0.5655
11.697,8.39,0.0,2410.5,10.0,96.73,0.8,,0,-95.179,6,40,6,950,0.5674
12.631,9.807,0.0,2491.88,10.0,97.076,0.85,,0,-95.016,6,40,7,804,0.5597
12.47,10.02,0.0334,2479.63,10.0,96.234,0.9,,1,-95.041,6,40,7,619,0.5477
13.044,9.852,0.0,3362.5,10.0,97.129,0.95,,4,-93.275,6,40,13,913,0.5663
13.387,10.103,0.0,2778.44,10.0,96.403,1.0,,5,-94.443,6,40,13,656,0.5655
11.537,8.467,0.0,1694.31,10.0,97.819,0.8,,0,-96.611,7,40,5,789,0.564
11.866,8.621,0.0,1995.31,10.0,97.715,0.85,,0,-96.009,7,40,6,650,0.5646
12.149,9.881,0.0309,2106.44,10.0,96.918,0.9,,1,-95.787,7,40,7,599,0.5543
12.467,9.829,0.0,1964.25,10.0,97.932,0.95,,1,-96.071,7,40,7,471,0.535
12.701,9.481,0.0,1943.25,10.0,97.422,1.0,,3,-96.113,7,40,7,341,0.5396
11.646,8.463,0.0,1739.38,10.0,97.87,0.8,,0,-96.521,8,40,4,544,0.5643
11.869,8.621,0.0,1836.06,10.0,97.773,0.85,,0,-96.328,8,40,6,647,0.5672
11.734,8.667,0.0475,1808.94,10.0,97.428,0.9,,1,-96.382,8,40,6,506,0.5573
12.462,9.829,0.0,786.5,10.0,99.194,0.95,,1,-98.427,8,40,7,470,0.5362
12.616,9.478,0.0,1742.44,10.0,97.823,1.0,,3,-96.515,8,40,7,338,0.5414
11.734,8.628,0.0,1656.69,10.0,98.05,0.8,,0,-96.687,9,40,3,445,0.564
11.467,8.722,0.0,1292.25,10.0,98.404,0.85,,0,-97.415,9,40,5,535,0.5626
11.711,8.667,0.0375,1414.31,10.0,98.041,0.9,,1,-97.171,9,40,6,501,0.5629
11.848,9.346,0.0,1560.0,10.0,98.437,0.95,,1,-96.88,9,40,6,393,0.5445
12.583,9.478,0.0,1509.25,10.0,98.193,1.0,,3,-96.981,9,40,7,336,0.5446
11.88,8.207,0.0,1488.69,10.0,98.333,0.8,,0,-97.023,10,40,3,325,0.5662
11.382,8.722,0.0,1459.38,10.0,98.174,0.85,,0,-97.081,10,40,5,534,0.5637
11.726,8.872,0.0295,1300.13,10.0,98.232,0.9,,1,-97.4,10,40,6,468,0.5641
11.856,9.346,0.0,1450.63,10.0,98.596,0.95,,1,-97.099,10,40,6,391,0.5473
11.947,9.336,0.0,1314.13,10.0,98.495,1.0,,2,-97.372,10,40,7,324,0.5463
12.571,9.636,0.1336,38191.44,10.0,37.264,0.8,,6,-23.617,1,45,13,2263,0.5634
12.938,9.886,0.0903,39272.5,10.0,33.818,0.85,,5,-21.455,1,45,13,1537,0.566
12.94,9.791,0.1061,38673.12,10.0,37.822,0.9,,8,-22.654,1,45,13,1204,0.5673
13.044,9.852,0.0148,39286.94,10.0,37.021,0.95,,7,-21.426,1,45,13,913,0.5663
13.387,10.103,0.0,42221.69,10.0,28.756,1.0,,7,-15.557,1,45,13,656,0.5655
12.571,9.636,0.1349,18382.31,10.0,72.525,0.8,,6,-63.235,2,45,13,2263,0.5634
12.938,9.886,0.0565,22283.5,10.0,67.076,0.85,,4,-55.433,2,45,13,1537,0.566
12.94,9.791,0.0,25556.0,10.0,64.723,0.9,,6,-48.888,2,45,13,1204,0.5673
13.044,9.852,0.0,31990.75,10.0,64.668,0.95,,7,-36.018,2,45,13,913,0.5663
13.387,10.103,0.0,31822.75,10.0,53.629,1.0,,7,-36.354,2,45,13,656,0.5655
12.571,9.636,0.1338,7895.88,10.0,89.893,0.8,,6,-84.208,3,45,13,2263,0.5634
12.938,9.886,0.0778,9724.63,10.0,87.66,0.85,,4,-80.551,3,45,13,1537,0.566
12.94,9.791,0.0,12251.63,10.0,84.427,0.9,,7,-75.497,3,45,13,1204,0.5673
13.044,9.852,0.0,18784.81,10.0,80.936,0.95,,5,-62.43,3,45,13,913,0.5663
13.387,10.103,0.0,21524.44,10.0,70.811,1.0,,6,-56.951,3,45,13,656,0.5655
12.292,9.59,0.0,3523.5,10.0,94.558,0.8,,0,-92.953,4,45,7,1229,0.5574
12.938,9.886,0.0554,4608.5,10.0,94.925,0.85,,2,-90.783,4,45,13,1537,0.566
12.94,9.791,0.0,5976.56,10.0,92.885,0.9,,6,-88.047,4,45,13,1204,0.5673
13.044,9.852,0.0,10071.56,10.0,89.102,0.95,,6,-79.857,4,45,13,913,0.5663
13.387,10.103,0.0,12253.38,10.0,81.998,1.0,,6,-75.493,4,45,13,656,0.5655
12.292,9.59,0.0495,1808.06,10.0,97.382,0.8,,1,-96.384,5,45,7,1229,0.5574
12.823,9.821,0.0,2669.94,10.0,96.789,0.85,,0,-94.66,5,45,7,826,0.5581
12.984,9.908,0.0076,2984.06,10.0,95.511,0.9,,4,-94.032,5,45,12,1163,0.5658
13.044,9.852,0.0,4808.88,10.0,94.91,0.95,,3,-90.382,5,45,13,913,0.5663
13.387,10.103,0.0,4961.56,10.0,92.978,1.0,,5,-90.077,5,45,13,656,0.5655
11.697,8.39,0.0,2410.5,10.0,96.73,0.8,,0,-95.179,6,45,6,950,0.5674
12.631,9.807,0.0,2491.88,10.0,97.076,0.85,,0,-95.016,6,45,7,804,0.5597
12.47,10.02,0.0334,2479.63,10.0,96.234,0.9,,1,-95.041,6,45,7,619,0.5477
13.044,9.852,0.0,3362.5,10.0,97.129,0.95,,4,-93.275,6,45,13,913,0.5663
13.387,10.103,0.0,2778.44,10.0,96.403,1.0,,5,-94.443,6,45,13,656,0.5655
11.537,8.467,0.0,1694.31,10.0,97.819,0.8,,0,-96.611,7,45,5,789,0.564
11.866,8.621,0.0,1995.31,10.0,97.715,0.85,,0,-96.009,7,45,6,650,0.5646
12.149,9.881,0.0309,2106.44,10.0,96.918,0.9,,1,-95.787,7,45,7,599,0.5543
12.467,9.829,0.0,1964.25,10.0,97.932,0.95,,1,-96.071,7,45,7,471,0.535
12.701,9.481,0.0,1943.25,10.0,97.422,1.0,,3,-96.113,7,45,7,341,0.5396
11.646,8.463,0.0,1739.38,10.0,97.87,0.8,,0,-96.521,8,45,4,544,0.5643
11.869,8.621,0.0,1836.06,10.0,97.773,0.85,,0,-96.328,8,45,6,647,0.5672
11.734,8.667,0.0475,1808.94,10.0,97.428,0.9,,1,-96.382,8,45,6,506,0.5573
12.462,9.829,0.0,786.5,10.0,99.194,0.95,,1,-98.427,8,45,7,470,0.5362
12.616,9.478,0.0,1742.44,10.0,97.823,1.0,,3,-96.515,8,45,7,338,0.5414
11.734,8.628,0.0,1656.69,10.0,98.05,0.8,,0,-96.687,9,45,3,445,0.564
11.467,8.722,0.0,1292.25,10.0,98.404,0.85,,0,-97.415,9,45,5,535,0.5626
11.711,8.667,0.0375,1414.31,10.0,98.041,0.9,,1,-97.171,9,45,6,501,0.5629
11.848,9.346,0.0,1560.0,10.0,98.437,0.95,,1,-96.88,9,45,6,393,0.5445
12.583,9.478,0.0,1509.25,10.0,98.193,1.0,,3,-96.981,9,45,7,336,0.5446
11.88,8.207,0.0,1488.69,10.0,98.333,0.8,,0,-97.023,10,45,3,325,0.5662
11.382,8.722,0.0,1459.38,10.0,98.174,0.85,,0,-97.081,10,45,5,534,0.5637
11.726,8.872,0.0295,1300.13,10.0,98.232,0.9,,1,-97.4,10,45,6,468,0.5641
11.856,9.346,0.0,1450.63,10.0,98.596,0.95,,1,-97.099,10,45,6,391,0.5473
11.947,9.336,0.0,1314.13,10.0,98.495,1.0,,2,-97.372,10,45,7,324,0.5463
12.571,9.636,0.1336,38191.44,10.0,37.264,0.8,,6,-23.617,1,50,13,2263,0.5634
12.938,9.886,0.0903,39272.5,10.0,33.818,0.85,,5,-21.455,1,50,13,1537,0.566
12.94,9.791,0.1061,38673.12,10.0,37.822,0.9,,8,-22.654,1,50,13,1204,0.5673
13.044,9.852,0.0148,39286.94,10.0,37.021,0.95,,7,-21.426,1,50,13,913,0.5663
13.387,10.103,0.0,42221.69,10.0,28.756,1.0,,7,-15.557,1,50,13,656,0.5655
12.571,9.636,0.1349,18382.31,10.0,72.525,0.8,,6,-63.235,2,50,13,2263,0.5634
12.938,9.886,0.0565,22283.5,10.0,67.076,0.85,,4,-55.433,2,50,13,1537,0.566
12.94,9.791,0.0,25556.0,10.0,64.723,0.9,,6,-48.888,2,50,13,1204,0.5673
13.044,9.852,0.0,31990.75,10.0,64.668,0.95,,7,-36.018,2,50,13,913,0.5663
13.387,10.103,0.0,31822.75,10.0,53.629,1.0,,7,-36.354,2,50,13,656,0.5655
12.571,9.636,0.1338,7895.88,10.0,89.893,0.8,,6,-84.208,3,50,13,2263,0.5634
12.938,9.886,0.0778,9724.63,10.0,87.66,0.85,,4,-80.551,3,50,13,1537,0.566
12.94,9.791,0.0,12251.63,10.0,84.427,0.9,,7,-75.497,3,50,13,1204,0.5673
13.044,9.852,0.0,18784.81,10.0,80.936,0.95,,5,-62.43,3,50,13,913,0.5663
13.387,10.103,0.0,21524.44,10.0,70.811,1.0,,6,-56.951,3,50,13,656,0.5655
12.292,9.59,0.0,3523.5,10.0,94.558,0.8,,0,-92.953,4,50,7,1229,0.5574
12.938,9.886,0.0554,4608.5,10.0,94.925,0.85,,2,-90.783,4,50,13,1537,0.566
12.94,9.791,0.0,5976.56,10.0,92.885,0.9,,6,-88.047,4,50,13,1204,0.5673
13.044,9.852,0.0,10071.56,10.0,89.102,0.95,,6,-79.857,4,50,13,913,0.5663
13.387,10.103,0.0,12253.38,10.0,81.998,1.0,,6,-75.493,4,50,13,656,0.5655
12.292,9.59,0.0495,1808.06,10.0,97.382,0.8,,1,-96.384,5,50,7,1229,0.5574
12.823,9.821,0.0,2669.94,10.0,96.789,0.85,,0,-94.66,5,50,7,826,0.5581
12.984,9.908,0.0076,2984.06,10.0,95.511,0.9,,4,-94.032,5,50,12,1163,0.5658
13.044,9.852,0.0,4808.88,10.0,94.91,0.95,,3,-90.382,5,50,13,913,0.5663
13.387,10.103,0.0,4961.56,10.0,92.978,1.0,,5,-90.077,5,50,13,656,0.5655
11.697,8.39,0.0,2410.5,10.0,96.73,0.8,,0,-95.179,6,50,6,950,0.5674
12.631,9.807,0.0,2491.88,10.0,97.076,0.85,,0,-95.016,6,50,7,804,0.5597
12.47,10.02,0.0334,2479.63,10.0,96.234,0.9,,1,-95.041,6,50,7,619,0.5477
13.044,9.852,0.0,3362.5,10.0,97.129,0.95,,4,-93.275,6,50,13,913,0.5663
13.387,10.103,0.0,2778.44,10.0,96.403,1.0,,5,-94.443,6,50,13,656,0.5655
11.537,8.467,0.0,1694.31,10.0,97.819,0.8,,0,-96.611,7,50,5,789,0.564
11.866,8.621,0.0,1995.31,10.0,97.715,0.85,,0,-96.009,7,50,6,650,0.5646
12.149,9.881,0.0309,2106.44,10.0,96.918,0.9,,1,-95.787,7,50,7,599,0.5543
12.467,9.829,0.0,1964.25,10.0,97.932,0.95,,1,-96.071,7,50,7,471,0.535
12.701,9.481,0.0,1943.25,10.0,97.422,1.0,,3,-96.113,7,50,7,341,0.5396
11.646,8.463,0.0,1739.38,10.0,97.87,0.8,,0,-96.521,8,50,4,544,0.5643
11.869,8.621,0.0,1836.06,10.0,97.773,0.85,,0,-96.328,8,50,6,647,0.5672
11.734,8.667,0.0475,1808.94,10.0,97.428,0.9,,1,-96.382,8,50,6,506,0.5573
12.462,9.829,0.0,786.5,10.0,99.194,0.95,,1,-98.427,8,50,7,470,0.5362
12.616,9.478,0.0,1742.44,10.0,97.823,1.0,,3,-96.515,8,50,7,338,0.5414
11.734,8.628,0.0,1656.69,10.0,98.05,0.8,,0,-96.687,9,50,3,445,0.564
11.467,8.722,0.0,1292.25,10.0,98.404,0.85,,0,-97.415,9,50,5,535,0.5626
11.711,8.667,0.0375,1414.31,10.0,98.041,0.9,,1,-97.171,9,50,6,501,0.5629
11.848,9.346,0.0,1560.0,10.0,98.437,0.95,,1,-96.88,9,50,6,393,0.5445
12.583,9.478,0.0,1509.25,10.0,98.193,1.0,,3,-96.981,9,50,7,336,0.5446
11.88,8.207,0.0,1488.69,10.0,98.333,0.8,,0,-97.023,10,50,3,325,0.5662
11.382,8.722,0.0,1459.38,10.0,98.174,0.85,,0,-97.081,10,50,5,534,0.5637
11.726,8.872,0.0295,1300.13,10.0,98.232,0.9,,1,-97.4,10,50,6,468,0.5641
11.856,9.346,0.0,1450.63,10.0,98.596,0.95,,1,-97.099,10,50,6,391,0.5473
11.947,9.336,0.0,1314.13,10.0,98.495,1.0,,2,-97.372,10,50,7,324,0.5463
12.571,9.636,0.1336,38191.44,10.0,37.264,0.8,,6,-23.617,1,55,13,2263,0.5634
12.938,9.886,0.0903,39272.5,10.0,33.818,0.85,,5,-21.455,1,55,13,1537,0.566
12.94,9.791,0.1061,38673.12,10.0,37.822,0.9,,8,-22.654,1,55,13,1204,0.5673
13.044,9.852,0.0148,39286.94,10.0,37.021,0.95,,7,-21.426,1,55,13,913,0.5663
13.387,10.103,0.0,42221.69,10.0,28.756,1.0,,7,-15.557,1,55,13,656,0.5655
12.571,9.636,0.1349,18382.31,10.0,72.525,0.8,,6,-63.235,2,55,13,2263,0.5634
12.938,9.886,0.0565,22283.5,10.0,67.076,0.85,,4,-55.433,2,55,13,1537,0.566
12.94,9.791,0.0,25556.0,10.0,64.723,0.9,,6,-48.888,2,55,13,1204,0.5673
13.044,9.852,0.0,31990.75,10.0,64.668,0.95,,7,-36.018,2,55,13,913,0.5663
13.387,10.103,0.0,31822.75,10.0,53.629,1.0,,7,-36.354,2,55,13,656,0.5655
12.571,9.636,0.1338,7895.88,10.0,89.893,0.8,,6,-84.208,3,55,13,2263,0.5634
12.938,9.886,0.0778,9724.63,10.0,87.66,0.85,,4,-80.551,3,55,13,1537,0.566
12.94,9.791,0.0,12251.63,10.0,84.427,0.9,,7,-75.497,3,55,13,1204,0.5673
13.044,9.852,0.0,18784.81,10.0,80.936,0.95,,5,-62.43,3,55,13,913,0.5663
13.387,10.103,0.0,21524.44,10.0,70.811,1.0,,6,-56.951,3,55,13,656,0.5655
12.292,9.59,0.0,3523.5,10.0,94.558,0.8,,0,-92.953,4,55,7,1229,0.5574
12.938,9.886,0.0554,4608.5,10.0,94.925,0.85,,2,-90.783,4,55,13,1537,0.566
12.94,9.791,0.0,5976.56,10.0,92.885,0.9,,6,-88.047,4,55,13,1204,0.5673
13.044,9.852,0.0,10071.56,10.0,89.102,0.95,,6,-79.857,4,55,13,913,0.5663
13.387,10.103,0.0,12253.38,10.0,81.998,1.0,,6,-75.493,4,55,13,656,0.5655
12.292,9.59,0.0495,1808.06,10.0,97.382,0.8,,1,-96.384,5,55,7,1229,0.5574
12.823,9.821,0.0,2669.94,10.0,96.789,0.85,,0,-94.66,5,55,7,826,0.5581
12.984,9.908,0.0076,2984.06,10.0,95.511,0.9,,4,-94.032,5,55,12,1163,0.5658
13.044,9.852,0.0,4808.88,10.0,94.91,0.95,,3,-90.382,5,55,13,913,0.5663
13.387,10.103,0.0,4961.56,10.0,92.978,1.0,,5,-90.077,5,55,13,656,0.5655
11.697,8.39,0.0,2410.5,10.0,96.73,0.8,,0,-95.179,6,55,6,950,0.5674
12.631,9.807,0.0,2491.88,10.0,97.076,0.85,,0,-95.016,6,55,7,804,0.5597
12.47,10.02,0.0334,2479.63,10.0,96.234,0.9,,1,-95.041,6,55,7,619,0.5477
13.044,9.852,0.0,3362.5,10.0,97.129,0.95,,4,-93.275,6,55,13,913,0.5663
13.387,10.103,0.0,2778.44,10.0,96.403,1.0,,5,-94.443,6,55,13,656,0.5655
11.537,8.467,0.0,1694.31,10.0,97.819,0.8,,0,-96.611,7,55,5,789,0.564
11.866,8.621,0.0,1995.31,10.0,97.715,0.85,,0,-96.009,7,55,6,650,0.5646
12.149,9.881,0.0309,2106.44,10.0,96.918,0.9,,1,-95.787,7,55,7,599,0.5543
12.467,9.829,0.0,1964.25,10.0,97.932,0.95,,1,-96.071,7,55,7,471,0.535
12.701,9.481,0.0,1943.25,10.0,97.422,1.0,,3,-96.113,7,55,7,341,0.5396
11.646,8.463,0.0,1739.38,10.0,97.87,0.8,,0,-96.521,8,55,4,544,0.5643
11.869,8.621,0.0,1836.06,10.0,97.773,0.85,,0,-96.328,8,55,6,647,0.5672
11.734,8.667,0.0475,1808.94,10.0,97.428,0.9,,1,-96.382,8,55,6,506,0.5573
12.462,9.829,0.0,786.5,10.0,99.194,0.95,,1,-98.427,8,55,7,470,0.5362
12.616,9.478,0.0,1742.44,10.0,97.823,1.0,,3,-96.515,8,55,7,338,0.5414
11.734,8.628,0.0,1656.69,10.0,98.05,0.8,,0,-96.687,9,55,3,445,0.564
11.467,8.722,0.0,1292.25,10.0,98.404,0.85,,0,-97.415,9,55,5,535,0.5626
11.711,8.667,0.0375,1414.31,10.0,98.041,0.9,,1,-97.171,9,55,6,501,0.5629
11.848,9.346,0.0,1560.0,10.0,98.437,0.95,,1,-96.88,9,55,6,393,0.5445
12.583,9.478,0.0,1509.25,10.0,98.193,1.0,,3,-96.981,9,55,7,336,0.5446
11.88,8.207,0.0,1488.69,10.0,98.333,0.8,,0,-97.023,10,55,3,325,0.5662
11.382,8.722,0.0,1459.38,10.0,98.174,0.85,,0,-97.081,10,55,5,534,0.5637
11.726,8.872,0.0295,1300.13,10.0,98.232,0.9,,1,-97.4,10,55,6,468,0.5641
11.856,9.346,0.0,1450.63,10.0,98.596,0.95,,1,-97.099,10,55,6,391,0.5473
11.947,9.336,0.0,1314.13,10.0,98.495,1.0,,2,-97.372,10,55,7,324,0.5463
12.571,9.636,0.1336,38191.44,10.0,37.264,0.8,,6,-23.617,1,60,13,2263,0.5634
12.938,9.886,0.0903,39272.5,10.0,33.818,0.85,,5,-21.455,1,60,13,1537,0.566
12.94,9.791,0.1061,38673.12,10.0,37.822,0.9,,8,-22.654,1,60,13,1204,0.5673
13.044,9.852,0.0148,39286.94,10.0,37.021,0.95,,7,-21.426,1,60,13,913,0.5663
13.387,10.103,0.0,42221.69,10.0,28.756,1.0,,7,-15.557,1,60,13,656,0.5655
12.571,9.636,0.1349,18382.31,10.0,72.525,0.8,,6,-63.235,2,60,13,2263,0.5634
12.938,9.886,0.0565,22283.5,10.0,67.076,0.85,,4,-55.433,2,60,13,1537,0.566
12.94,9.791,0.0,25556.0,10.0,64.723,0.9,,6,-48.888,2,60,13,1204,0.5673
13.044,9.852,0.0,31990.75,10.0,64.668,0.95,,7,-36.018,2,60,13,913,0.5663
13.387,10.103,0.0,31822.75,10.0,53.629,1.0,,7,-36.354,2,60,13,656,0.5655
12.571,9.636,0.1338,7895.88,10.0,89.893,0.8,,6,-84.208,3,60,13,2263,0.5634
12.938,9.886,0.0778,9724.63,10.0,87.66,0.85,,4,-80.551,3,60,13,1537,0.566
12.94,9.791,0.0,12251.63,10.0,84.427,0.9,,7,-75.497,3,60,13,1204,0.5673
13.044,9.852,0.0,18784.81,10.0,80.936,0.95,,5,-62.43,3,60,13,913,0.5663
13.387,10.103,0.0,21524.44,10.0,70.811,1.0,,6,-56.951,3,60,13,656,0.5655
12.292,9.59,0.0,3523.5,10.0,94.558,0.8,,0,-92.953,4,60,7,1229,0.5574
12.938,9.886,0.0554,4608.5,10.0,94.925,0.85,,2,-90.783,4,60,13,1537,0.566
12.94,9.791,0.0,5976.56,10.0,92.885,0.9,,6,-88.047,4,60,13,1204,0.5673
13.044,9.852,0.0,10071.56,10.0,89.102,0.95,,6,-79.857,4,60,13,913,0.5663
13.387,10.103,0.0,12253.38,10.0,81.998,1.0,,6,-75.493,4,60,13,656,0.5655
12.292,9.59,0.0495,1808.06,10.0,97.382,0.8,,1,-96.384,5,60,7,1229,0.5574
12.823,9.821,0.0,2669.94,10.0,96.789,0.85,,0,-94.66,5,60,7,826,0.5581
12.984,9.908,0.0076,2984.06,10.0,95.511,0.9,,4,-94.032,5,60,12,1163,0.5658
13.044,9.852,0.0,4808.88,10.0,94.91,0.95,,3,-90.382,5,60,13,913,0.5663
13.387,10.103,0.0,4961.56,10.0,92.978,1.0,,5,-90.077,5,60,13,656,0.5655
11.697,8.39,0.0,2410.5,10.0,96.73,0.8,,0,-95.179,6,60,6,950,0.5674
12.631,9.807,0.0,2491.88,10.0,97.076,0.85,,0,-95.016,6,60,7,804,0.5597
12.47,10.02,0.0334,2479.63,10.0,96.234,0.9,,1,-95.041,6,60,7,619,0.5477
13.044,9.852,0.0,3362.5,10.0,97.129,0.95,,4,-93.275,6,60,13,913,0.5663
13.387,10.103,0.0,2778.44,10.0,96.403,1.0,,5,-94.443,6,60,13,656,0.5655
11.537,8.467,0.0,1694.31,10.0,97.819,0.8,,0,-96.611,7,60,5,789,0.564
11.866,8.621,0.0,1995.31,10.0,97.715,0.85,,0,-96.009,7,60,6,650,0.5646
12.149,9.881,0.0309,2106.44,10.0,96.918,0.9,,1,-95.787,7,60,7,599,0.5543
12.467,9.829,0.0,1964.25,10.0,97.932,0.95,,1,-96.071,7,60,7,471,0.535
12.701,9.481,0.0,1943.25,10.0,97.422,1.0,,3,-96.113,7,60,7,341,0.5396
11.646,8.463,0.0,1739.38,10.0,97.87,0.8,,0,-96.521,8,60,4,544,0.5643
11.869,8.621,0.0,1836.06,10.0,97.773,0.85,,0,-96.328,8,60,6,647,0.5672
11.734,8.667,0.0475,1808.94,10.0,97.428,0.9,,1,-96.382,8,60,6,506,0.5573
12.462,9.829,0.0,786.5,10.0,99.194,0.95,,1,-98.427,8,60,7,470,0.5362
12.616,9.478,0.0,1742.44,10.0,97.823,1.0,,3,-96.515,8,60,7,338,0.5414
11.734,8.628,0.0,1656.69,10.0,98.05,0.8,,0,-96.687,9,60,3,445,0.564
11.467,8.722,0.0,1292.25,10.0,98.404,0.85,,0,-97.415,9,60,5,535,0.5626
11.711,8.667,0.0375,1414.31,10.0,98.041,0.9,,1,-97.171,9,60,6,501,0.5629
11.848,9.346,0.0,1560.0,10.0,98.437,0.95,,1,-96.88,9,60,6,393,0.5445
12.583,9.478,0.0,1509.25,10.0,98.193,1.0,,3,-96.981,9,60,7,336,0.5446
11.88,8.207,0.0,1488.69,10.0,98.333,0.8,,0,-97.023,10,60,3,325,0.5662
11.382,8.722,0.0,1459.38,10.0,98.174,0.85,,0,-97.081,10,60,5,534,0.5637
11.726,8.872,0.0295,1300.13,10.0,98.232,0.9,,1,-97.4,10,60,6,468,0.5641
11.856,9.346,0.0,1450.63,10.0,98.596,0.95,,1,-97.099,10,60,6,391,0.5473
11.947,9.336,0.0,1314.13,10.0,98.495,1.0,,2,-97.372,10,60,7,324,0.5463
