avg_loss_pct,avg_win_pct,consistency_score,final_capital,hard_sl_pct,max_drawdown_pct,min_confidence,note,profitable_months,return_pct,risk_per_trade_pct,time_stop_minutes,total_months,trade_count,win_rate
7.367,9.905,0.0,18009.56,5.0,76.697,0.8,,3,-63.981,1,5,9,1736,0.4194
7.601,10.174,0.0,25402.0,5.0,62.62,0.85,,4,-49.196,1,5,9,1128,0.4184
7.584,10.529,0.024,31983.31,5.0,50.508,0.9,,3,-36.033,1,5,9,852,0.4143
7.72,10.216,0.0,35504.31,5.0,51.968,0.95,,4,-28.991,1,5,9,645,0.4217
8.142,10.472,0.0,38734.81,5.0,45.878,1.0,,4,-22.53,1,5,9,460,0.4304
7.3,9.626,0.0,3558.94,5.0,96.199,0.8,,2,-92.882,2,5,9,1588,0.4219
7.601,10.174,0.0,6592.13,5.0,92.344,0.85,,3,-86.816,2,5,9,1128,0.4184
7.584,10.529,0.0,11128.13,5.0,86.038,0.9,,3,-77.744,2,5,9,852,0.4143
7.72,10.216,0.0,14832.44,5.0,85.675,0.95,,2,-70.335,2,5,9,645,0.4217
8.142,10.472,0.0,19800.69,5.0,77.954,1.0,,3,-60.399,2,5,9,460,0.4304
6.576,8.106,0.0,2301.13,5.0,98.026,0.8,,1,-95.398,3,5,6,1069,0.421
7.385,9.898,0.0,2188.25,5.0,97.717,0.85,,3,-95.623,3,5,7,890,0.4191
7.597,10.462,0.0,2439.81,5.0,96.724,0.9,,2,-95.12,3,5,9,793,0.4136
7.72,10.216,0.0,4613.75,5.0,96.454,0.95,,3,-90.772,3,5,9,645,0.4217
8.142,10.472,0.0,7948.81,5.0,93.035,1.0,,3,-84.102,3,5,9,460,0.4304
6.576,8.111,0.0,1772.63,5.0,98.753,0.8,,1,-96.455,4,5,4,566,0.4064
7.196,9.903,0.0,1705.25,5.0,98.442,0.85,,2,-96.589,4,5,7,867,0.4198
6.979,10.105,0.0,1742.44,5.0,97.887,0.9,,2,-96.515,4,5,7,632,0.413
7.669,10.127,0.0,1786.63,5.0,98.601,0.95,,2,-96.427,4,5,8,591,0.4213
8.061,10.383,0.0,1597.19,5.0,98.311,1.0,,2,-96.806,4,5,8,413,0.4286
6.691,7.451,0.0,1115.94,5.0,99.34,0.8,,0,-97.768,5,5,3,424,0.4245
6.587,8.218,0.0,1478.63,5.0,98.788,0.85,,1,-97.043,5,5,4,406,0.4039
6.541,8.563,0.0,1483.88,5.0,98.358,0.9,,1,-97.032,5,5,6,535,0.4131
7.184,9.673,0.0,1181.13,5.0,99.216,0.95,,2,-97.638,5,5,7,491,0.4114
7.391,9.517,0.0,1275.19,5.0,98.816,1.0,,2,-97.45,5,5,7,344,0.4128
6.691,7.451,0.0,1115.94,5.0,99.34,0.8,,0,-97.768,6,5,3,424,0.4245
6.587,8.218,0.0,1478.63,5.0,98.788,0.85,,1,-97.043,6,5,4,406,0.4039
6.541,8.563,0.0,1483.88,5.0,98.358,0.9,,1,-97.032,6,5,6,535,0.4131
7.184,9.673,0.0,1181.13,5.0,99.216,0.95,,2,-97.638,6,5,7,491,0.4114
7.391,9.517,0.0,1275.19,5.0,98.816,1.0,,2,-97.45,6,5,7,344,0.4128
6.691,7.451,0.0,1115.94,5.0,99.34,0.8,,0,-97.768,7,5,3,424,0.4245
6.587,8.218,0.0,1478.63,5.0,98.788,0.85,,1,-97.043,7,5,4,406,0.4039
6.541,8.563,0.0,1483.88,5.0,98.358,0.9,,1,-97.032,7,5,6,535,0.4131
7.184,9.673,0.0,1181.13,5.0,99.216,0.95,,2,-97.638,7,5,7,491,0.4114
7.391,9.517,0.0,1275.19,5.0,98.816,1.0,,2,-97.45,7,5,7,344,0.4128
6.691,7.451,0.0,1115.94,5.0,99.34,0.8,,0,-97.768,8,5,3,424,0.4245
6.587,8.218,0.0,1478.63,5.0,98.788,0.85,,1,-97.043,8,5,4,406,0.4039
6.541,8.563,0.0,1483.88,5.0,98.358,0.9,,1,-97.032,8,5,6,535,0.4131
7.184,9.673,0.0,1181.13,5.0,99.216,0.95,,2,-97.638,8,5,7,491,0.4114
7.391,9.517,0.0,1275.19,5.0,98.816,1.0,,2,-97.45,8,5,7,344,0.4128
6.691,7.451,0.0,1115.94,5.0,99.34,0.8,,0,-97.768,9,5,3,424,0.4245
6.587,8.218,0.0,1478.63,5.0,98.788,0.85,,1,-97.043,9,5,4,406,0.4039
6.541,8.563,0.0,1483.88,5.0,98.358,0.9,,1,-97.032,9,5,6,535,0.4131
7.184,9.673,0.0,1181.13,5.0,99.216,0.95,,2,-97.638,9,5,7,491,0.4114
7.391,9.517,0.0,1275.19,5.0,98.816,1.0,,2,-97.45,9,5,7,344,0.4128
6.691,7.451,0.0,1115.94,5.0,99.34,0.8,,0,-97.768,10,5,3,424,0.4245
6.587,8.218,0.0,1478.63,5.0,98.788,0.85,,1,-97.043,10,5,4,406,0.4039
6.541,8.563,0.0,1483.88,5.0,98.358,0.9,,1,-97.032,10,5,6,535,0.4131
7.184,9.673,0.0,1181.13,5.0,99.216,0.95,,2,-97.638,10,5,7,491,0.4114
7.391,9.517,0.0,1275.19,5.0,98.816,1.0,,2,-97.45,10,5,7,344,0.4128
7.804,9.835,0.0,24455.69,5.0,66.627,0.8,,2,-51.089,1,10,9,1724,0.4368
8.084,10.034,0.0382,22647.06,5.0,65.369,0.85,,3,-54.706,1,10,9,1124,0.4359
8.088,10.351,0.0443,36137.37,5.0,47.374,0.9,,3,-27.725,1,10,9,848,0.4363
8.258,10.079,0.0,40652.38,5.0,51.718,0.95,,4,-18.695,1,10,9,640,0.4469
8.581,10.264,0.0,39322.81,5.0,44.313,1.0,,3,-21.354,1,10,9,459,0.451
7.774,9.58,0.0,3735.25,5.0,95.609,0.8,,2,-92.53,2,10,9,1592,0.4397
8.084,10.034,0.0114,6282.38,5.0,92.448,0.85,,3,-87.435,2,10,9,1124,0.4359
8.088,10.351,0.0188,12613.0,5.0,84.478,0.9,,3,-74.774,2,10,9,848,0.4363
8.258,10.079,0.0,20386.94,5.0,84.386,0.95,,3,-59.226,2,10,9,640,0.4469
8.581,10.264,0.0,24617.56,5.0,72.922,1.0,,3,-50.765,2,10,9,459,0.451
7.134,8.084,0.0,2279.69,5.0,97.807,0.8,,1,-95.441,3,10,6,1059,0.4438
7.893,9.734,0.0262,2445.06,5.0,97.257,0.85,,2,-95.11,3,10,7,899,0.4372
8.087,10.317,0.0,2444.63,5.0,96.802,0.9,,2,-95.111,3,10,9,812,0.4347
8.258,10.079,0.0,6260.5,5.0,95.975,0.95,,3,-87.479,3,10,9,640,0.4469
8.581,10.264,0.0,8175.0,5.0,92.875,1.0,,3,-83.65,3,10,9,459,0.451
7.115,8.294,0.0,1771.31,5.0,98.551,0.8,,0,-96.457,4,10,4,559,0.4275
7.721,9.757,0.004,1568.75,5.0,98.421,0.85,,1,-96.862,4,10,7,863,0.4403
7.778,10.024,0.0,1357.44,5.0,98.382,0.9,,2,-97.285,4,10,7,645,0.4372
8.274,9.983,0.0,1576.63,5.0,98.815,0.95,,2,-96.847,4,10,9,589,0.4465
8.542,10.086,0.0,1793.19,5.0,98.135,1.0,,2,-96.414,4,10,8,422,0.4502
7.347,7.729,0.0,1492.62,5.0,98.918,0.8,,0,-97.015,5,10,3,419,0.4487
7.118,8.29,0.0,1471.63,5.0,98.64,0.85,,0,-97.057,5,10,4,437,0.4256
7.516,9.923,0.0,201.13,5.0,99.782,0.9,,1,-99.598,5,10,7,628,0.4395
7.789,9.529,0.0,1370.56,5.0,99.136,0.95,,2,-97.259,5,10,7,486,0.4424
7.879,9.288,0.0,1360.06,5.0,98.769,1.0,,2,-97.28,5,10,7,343,0.4402
7.347,7.729,0.0,1492.62,5.0,98.918,0.8,,0,-97.015,6,10,3,419,0.4487
7.118,8.29,0.0,1471.63,5.0,98.64,0.85,,0,-97.057,6,10,4,437,0.4256
7.516,9.923,0.0,201.13,5.0,99.782,0.9,,1,-99.598,6,10,7,628,0.4395
7.789,9.529,0.0,1370.56,5.0,99.136,0.95,,2,-97.259,6,10,7,486,0.4424
7.879,9.288,0.0,1360.06,5.0,98.769,1.0,,2,-97.28,6,10,7,343,0.4402
7.347,7.729,0.0,1492.62,5.0,98.918,0.8,,0,-97.015,7,10,3,419,0.4487
7.118,8.29,0.0,1471.63,5.0,98.64,0.85,,0,-97.057,7,10,4,437,0.4256
7.516,9.923,0.0,201.13,5.0,99.782,0.9,,1,-99.598,7,10,7,628,0.4395
7.789,9.529,0.0,1370.56,5.0,99.136,0.95,,2,-97.259,7,10,7,486,0.4424
7.879,9.288,0.0,1360.06,5.0,98.769,1.0,,2,-97.28,7,10,7,343,0.4402
7.347,7.729,0.0,1492.62,5.0,98.918,0.8,,0,-97.015,8,10,3,419,0.4487
7.118,8.29,0.0,1471.63,5.0,98.64,0.85,,0,-97.057,8,10,4,437,0.4256
7.516,9.923,0.0,201.13,5.0,99.782,0.9,,1,-99.598,8,10,7,628,0.4395
7.789,9.529,0.0,1370.56,5.0,99.136,0.95,,2,-97.259,8,10,7,486,0.4424
7.879,9.288,0.0,1360.06,5.0,98.769,1.0,,2,-97.28,8,10,7,343,0.4402
7.347,7.729,0.0,1492.62,5.0,98.918,0.8,,0,-97.015,9,10,3,419,0.4487
7.118,8.29,0.0,1471.63,5.0,98.64,0.85,,0,-97.057,9,10,4,437,0.4256
7.516,9.923,0.0,201.13,5.0,99.782,0.9,,1,-99.598,9,10,7,628,0.4395
7.789,9.529,0.0,1370.56,5.0,99.136,0.95,,2,-97.259,9,10,7,486,0.4424
7.879,9.288,0.0,1360.06,5.0,98.769,1.0,,2,-97.28,9,10,7,343,0.4402
7.347,7.729,0.0,1492.62,5.0,98.918,0.8,,0,-97.015,10,10,3,419,0.4487
7.118,8.29,0.0,1471.63,5.0,98.64,0.85,,0,-97.057,10,10,4,437,0.4256
7.516,9.923,0.0,201.13,5.0,99.782,0.9,,1,-99.598,10,10,7,628,0.4395
7.789,9.529,0.0,1370.56,5.0,99.136,0.95,,2,-97.259,10,10,7,486,0.4424
7.879,9.288,0.0,1360.06,5.0,98.769,1.0,,2,-97.28,10,10,7,343,0.4402
7.84,9.81,0.0,18154.37,5.0,74.775,0.8,,3,-63.691,1,15,9,1724,0.4362
8.111,10.034,0.0446,21457.94,5.0,66.539,0.85,,3,-57.084,1,15,9,1124,0.4359
8.113,10.351,0.0502,35920.37,5.0,47.303,0.9,,3,-28.159,1,15,9,848,0.4363
8.292,10.079,0.0,37068.81,5.0,54.713,0.95,,3,-25.862,1,15,9,640,0.4469
8.621,10.264,0.0,39343.38,5.0,45.094,1.0,,4,-21.313,1,15,9,459,0.451
7.84,9.81,0.0,5010.56,5.0,95.056,0.8,,3,-89.979,2,15,9,1724,0.4362
8.111,10.034,0.0236,5505.81,5.0,93.289,0.85,,2,-88.988,2,15,9,1124,0.4359
8.113,10.351,0.024,10285.06,5.0,87.229,0.9,,2,-79.43,2,15,9,848,0.4363
8.292,10.079,0.0,20078.06,5.0,83.498,0.95,,3,-59.844,2,15,9,640,0.4469
8.621,10.264,0.0,21525.75,5.0,75.613,1.0,,3,-56.948,2,15,9,459,0.451
7.163,8.083,0.0,2411.37,5.0,97.638,0.8,,1,-95.177,3,15,4,613,0.4225
7.778,9.757,0.0293,2336.13,5.0,97.31,0.85,,2,-95.328,3,15,7,864,0.4398
8.113,10.317,0.0043,2432.38,5.0,96.692,0.9,,2,-95.135,3,15,9,812,0.4347
8.292,10.079,0.0,6167.31,5.0,95.606,0.95,,2,-87.665,3,15,9,640,0.4469
8.621,10.264,0.0,8106.75,5.0,92.846,1.0,,3,-83.786,3,15,9,459,0.451
7.148,8.148,0.0,1853.56,5.0,98.419,0.8,,0,-96.293,4,15,4,551,0.4283
7.265,8.341,0.0,1747.25,5.0,98.195,0.85,,0,-96.505,4,15,6,703,0.4452
7.811,10.024,0.0,1761.25,5.0,97.815,0.9,,1,-96.477,4,15,7,646,0.4365
8.311,9.983,0.0,1622.13,5.0,98.731,0.95,,2,-96.756,4,15,9,589,0.4465
8.586,10.086,0.0,1651.88,5.0,98.256,1.0,,2,-96.696,4,15,8,422,0.4502
7.39,7.616,0.0,1009.19,5.0,99.231,0.8,,0,-97.982,5,15,3,418,0.4474
7.186,8.369,0.0,1454.56,5.0,98.588,0.85,,0,-97.091,5,15,4,429,0.4266
7.21,8.448,0.0,1282.63,5.0,98.547,0.9,,1,-97.435,5,15,6,535,0.4411
7.833,9.529,0.0,1238.0,5.0,99.182,0.95,,2,-97.524,5,15,7,486,0.4424
7.932,9.288,0.0,1200.38,5.0,98.887,1.0,,2,-97.599,5,15,7,343,0.4402
7.39,7.616,0.0,1009.19,5.0,99.231,0.8,,0,-97.982,6,15,3,418,0.4474
7.186,8.369,0.0,1454.56,5.0,98.588,0.85,,0,-97.091,6,15,4,429,0.4266
7.21,8.448,0.0,1282.63,5.0,98.547,0.9,,1,-97.435,6,15,6,535,0.4411
7.833,9.529,0.0,1238.0,5.0,99.182,0.95,,2,-97.524,6,15,7,486,0.4424
7.932,9.288,0.0,1200.38,5.0,98.887,1.0,,2,-97.599,6,15,7,343,0.4402
7.39,7.616,0.0,1009.19,5.0,99.231,0.8,,0,-97.982,7,15,3,418,0.4474
7.186,8.369,0.0,1454.56,5.0,98.588,0.85,,0,-97.091,7,15,4,429,0.4266
7.21,8.448,0.0,1282.63,5.0,98.547,0.9,,1,-97.435,7,15,6,535,0.4411
7.833,9.529,0.0,1238.0,5.0,99.182,0.95,,2,-97.524,7,15,7,486,0.4424
7.932,9.288,0.0,1200.38,5.0,98.887,1.0,,2,-97.599,7,15,7,343,0.4402
7.39,7.616,0.0,1009.19,5.0,99.231,0.8,,0,-97.982,8,15,3,418,0.4474
7.186,8.369,0.0,1454.56,5.0,98.588,0.85,,0,-97.091,8,15,4,429,0.4266
7.21,8.448,0.0,1282.63,5.0,98.547,0.9,,1,-97.435,8,15,6,535,0.4411
7.833,9.529,0.0,1238.0,5.0,99.182,0.95,,2,-97.524,8,15,7,486,0.4424
7.932,9.288,0.0,1200.38,5.0,98.887,1.0,,2,-97.599,8,15,7,343,0.4402
7.39,7.616,0.0,1009.19,5.0,99.231,0.8,,0,-97.982,9,15,3,418,0.4474
7.186,8.369,0.0,1454.56,5.0,98.588,0.85,,0,-97.091,9,15,4,429,0.4266
7.21,8.448,0.0,1282.63,5.0,98.547,0.9,,1,-97.435,9,15,6,535,0.4411
7.833,9.529,0.0,1238.0,5.0,99.182,0.95,,2,-97.524,9,15,7,486,0.4424
7.932,9.288,0.0,1200.38,5.0,98.887,1.0,,2,-97.599,9,15,7,343,0.4402
7.39,7.616,0.0,1009.19,5.0,99.231,0.8,,0,-97.982,10,15,3,418,0.4474
7.186,8.369,0.0,1454.56,5.0,98.588,0.85,,0,-97.091,10,15,4,429,0.4266
7.21,8.448,0.0,1282.63,5.0,98.547,0.9,,1,-97.435,10,15,6,535,0.4411
7.833,9.529,0.0,1238.0,5.0,99.182,0.95,,2,-97.524,10,15,7,486,0.4424
7.932,9.288,0.0,1200.38,5.0,98.887,1.0,,2,-97.599,10,15,7,343,0.4402
7.84,9.81,0.0,18154.37,5.0,74.775,0.8,,3,-63.691,1,20,9,1724,0.4362
8.12,10.034,0.0384,21446.56,5.0,66.558,0.85,,3,-57.107,1,20,9,1124,0.4359
8.125,10.351,0.0656,35097.0,5.0,48.409,0.9,,3,-29.806,1,20,9,848,0.4363
8.308,10.079,0.0,37144.5,5.0,53.952,0.95,,3,-25.711,1,20,9,640,0.4469
8.644,10.264,0.0,39326.31,5.0,45.3,1.0,,4,-21.347,1,20,9,459,0.451
7.84,9.81,0.0,5010.56,5.0,95.056,0.8,,3,-89.979,2,20,9,1724,0.4362
8.12,10.034,0.0212,5532.5,5.0,93.253,0.85,,2,-88.935,2,20,9,1124,0.4359
8.125,10.351,0.0468,10354.63,5.0,86.726,0.9,,3,-79.291,2,20,9,848,0.4363
8.308,10.079,0.0,18518.81,5.0,84.082,0.95,,2,-62.962,2,20,9,640,0.4469
8.644,10.264,0.0,21447.88,5.0,75.468,1.0,,3,-57.104,2,20,9,459,0.451
7.163,8.083,0.0,2411.37,5.0,97.638,0.8,,1,-95.177,3,20,4,613,0.4225
7.79,9.757,0.0279,2388.19,5.0,97.25,0.85,,2,-95.224,3,20,7,864,0.4398
8.125,10.317,0.0037,2380.75,5.0,96.762,0.9,,2,-95.238,3,20,9,812,0.4347
8.308,10.079,0.0,6145.0,5.0,95.661,0.95,,3,-87.71,3,20,9,640,0.4469
8.644,10.264,0.0,7251.0,5.0,93.296,1.0,,3,-85.498,3,20,9,459,0.451
7.148,8.148,0.0,1853.56,5.0,98.419,0.8,,0,-96.293,4,20,4,551,0.4283
7.279,8.341,0.0,1699.56,5.0,98.244,0.85,,0,-96.601,4,20,6,703,0.4452
7.827,10.024,0.0,1600.25,5.0,98.015,0.9,,2,-96.799,4,20,7,645,0.4372
7.945,9.53,0.0,1700.0,5.0,98.67,0.95,,2,-96.6,4,20,7,491,0.4399
8.575,10.155,0.0,1721.0,5.0,98.183,1.0,,2,-96.558,4,20,8,412,0.4515
7.39,7.616,0.0,1009.19,5.0,99.231,0.8,,0,-97.982,5,20,3,418,0.4474
7.186,8.369,0.0,1454.56,5.0,98.588,0.85,,0,-97.091,5,20,4,429,0.4266
7.178,8.448,0.0,1475.56,5.0,98.329,0.9,,1,-97.049,5,20,6,531,0.4444
7.855,9.529,0.0,634.25,5.0,99.581,0.95,,2,-98.731,5,20,7,486,0.4424
7.962,9.288,0.0,1068.25,5.0,99.01,1.0,,2,-97.863,5,20,7,343,0.4402
7.39,7.616,0.0,1009.19,5.0,99.231,0.8,,0,-97.982,6,20,3,418,0.4474
7.186,8.369,0.0,1454.56,5.0,98.588,0.85,,0,-97.091,6,20,4,429,0.4266
7.178,8.448,0.0,1475.56,5.0,98.329,0.9,,1,-97.049,6,20,6,531,0.4444
7.855,9.529,0.0,634.25,5.0,99.581,0.95,,2,-98.731,6,20,7,486,0.4424
7.962,9.288,0.0,1068.25,5.0,99.01,1.0,,2,-97.863,6,20,7,343,0.4402
7.39,7.616,0.0,1009.19,5.0,99.231,0.8,,0,-97.982,7,20,3,418,0.4474
7.186,8.369,0.0,1454.56,5.0,98.588,0.85,,0,-97.091,7,20,4,429,0.4266
7.178,8.448,0.0,1475.56,5.0,98.329,0.9,,1,-97.049,7,20,6,531,0.4444
7.855,9.529,0.0,634.25,5.0,99.581,0.95,,2,-98.731,7,20,7,486,0.4424
7.962,9.288,0.0,1068.25,5.0,99.01,1.0,,2,-97.863,7,20,7,343,0.4402
7.39,7.616,0.0,1009.19,5.0,99.231,0.8,,0,-97.982,8,20,3,418,0.4474
7.186,8.369,0.0,1454.56,5.0,98.588,0.85,,0,-97.091,8,20,4,429,0.4266
7.178,8.448,0.0,1475.56,5.0,98.329,0.9,,1,-97.049,8,20,6,531,0.4444
7.855,9.529,0.0,634.25,5.0,99.581,0.95,,2,-98.731,8,20,7,486,0.4424
7.962,9.288,0.0,1068.25,5.0,99.01,1.0,,2,-97.863,8,20,7,343,0.4402
7.39,7.616,0.0,1009.19,5.0,99.231,0.8,,0,-97.982,9,20,3,418,0.4474
7.186,8.369,0.0,1454.56,5.0,98.588,0.85,,0,-97.091,9,20,4,429,0.4266
7.178,8.448,0.0,1475.56,5.0,98.329,0.9,,1,-97.049,9,20,6,531,0.4444
7.855,9.529,0.0,634.25,5.0,99.581,0.95,,2,-98.731,9,20,7,486,0.4424
7.962,9.288,0.0,1068.25,5.0,99.01,1.0,,2,-97.863,9,20,7,343,0.4402
7.39,7.616,0.0,1009.19,5.0,99.231,0.8,,0,-97.982,10,20,3,418,0.4474
7.186,8.369,0.0,1454.56,5.0,98.588,0.85,,0,-97.091,10,20,4,429,0.4266
7.178,8.448,0.0,1475.56,5.0,98.329,0.9,,1,-97.049,10,20,6,531,0.4444
7.855,9.529,0.0,634.25,5.0,99.581,0.95,,2,-98.731,10,20,7,486,0.4424
7.962,9.288,0.0,1068.25,5.0,99.01,1.0,,2,-97.863,10,20,7,343,0.4402
7.84,9.81,0.0,18154.37,5.0,74.775,0.8,,3,-63.691,1,25,9,1724,0.4362
8.12,10.034,0.0384,21446.56,5.0,66.558,0.85,,3,-57.107,1,25,9,1124,0.4359
8.125,10.351,0.0656,35097.0,5.0,48.409,0.9,,3,-29.806,1,25,9,848,0.4363
8.308,10.079,0.0,37144.5,5.0,53.952,0.95,,3,-25.711,1,25,9,640,0.4469
8.644,10.264,0.0,39326.31,5.0,45.3,1.0,,4,-21.347,1,25,9,459,0.451
7.84,9.81,0.0,5010.56,5.0,95.056,0.8,,3,-89.979,2,25,9,1724,0.4362
8.12,10.034,0.0212,5532.5,5.0,93.253,0.85,,2,-88.935,2,25,9,1124,0.4359
8.125,10.351,0.0468,10354.63,5.0,86.726,0.9,,3,-79.291,2,25,9,848,0.4363
8.308,10.079,0.0,18518.81,5.0,84.082,0.95,,2,-62.962,2,25,9,640,0.4469
8.644,10.264,0.0,21447.88,5.0,75.468,1.0,,3,-57.104,2,25,9,459,0.451
7.163,8.083,0.0,2411.37,5.0,97.638,0.8,,1,-95.177,3,25,4,613,0.4225
7.79,9.757,0.0279,2388.19,5.0,97.25,0.85,,2,-95.224,3,25,7,864,0.4398
8.125,10.317,0.0037,2380.75,5.0,96.762,0.9,,2,-95.238,3,25,9,812,0.4347
8.308,10.079,0.0,6145.0,5.0,95.661,0.95,,3,-87.71,3,25,9,640,0.4469
8.644,10.264,0.0,7251.0,5.0,93.296,1.0,,3,-85.498,3,25,9,459,0.451
7.148,8.148,0.0,1853.56,5.0,98.419,0.8,,0,-96.293,4,25,4,551,0.4283
7.279,8.341,0.0,1699.56,5.0,98.244,0.85,,0,-96.601,4,25,6,703,0.4452
7.827,10.024,0.0,1600.25,5.0,98.015,0.9,,2,-96.799,4,25,7,645,0.4372
7.945,9.53,0.0,1700.0,5.0,98.67,0.95,,2,-96.6,4,25,7,491,0.4399
8.575,10.155,0.0,1721.0,5.0,98.183,1.0,,2,-96.558,4,25,8,412,0.4515
7.39,7.616,0.0,1009.19,5.0,99.231,0.8,,0,-97.982,5,25,3,418,0.4474
7.186,8.369,0.0,1454.56,5.0,98.588,0.85,,0,-97.091,5,25,4,429,0.4266
7.178,8.448,0.0,1475.56,5.0,98.329,0.9,,1,-97.049,5,25,6,531,0.4444
7.855,9.529,0.0,634.25,5.0,99.581,0.95,,2,-98.731,5,25,7,486,0.4424
7.962,9.288,0.0,1068.25,5.0,99.01,1.0,,2,-97.863,5,25,7,343,0.4402
7.39,7.616,0.0,1009.19,5.0,99.231,0.8,,0,-97.982,6,25,3,418,0.4474
7.186,8.369,0.0,1454.56,5.0,98.588,0.85,,0,-97.091,6,25,4,429,0.4266
7.178,8.448,0.0,1475.56,5.0,98.329,0.9,,1,-97.049,6,25,6,531,0.4444
7.855,9.529,0.0,634.25,5.0,99.581,0.95,,2,-98.731,6,25,7,486,0.4424
7.962,9.288,0.0,1068.25,5.0,99.01,1.0,,2,-97.863,6,25,7,343,0.4402
7.39,7.616,0.0,1009.19,5.0,99.231,0.8,,0,-97.982,7,25,3,418,0.4474
7.186,8.369,0.0,1454.56,5.0,98.588,0.85,,0,-97.091,7,25,4,429,0.4266
7.178,8.448,0.0,1475.56,5.0,98.329,0.9,,1,-97.049,7,25,6,531,0.4444
7.855,9.529,0.0,634.25,5.0,99.581,0.95,,2,-98.731,7,25,7,486,0.4424
7.962,9.288,0.0,1068.25,5.0,99.01,1.0,,2,-97.863,7,25,7,343,0.4402
7.39,7.616,0.0,1009.19,5.0,99.231,0.8,,0,-97.982,8,25,3,418,0.4474
7.186,8.369,0.0,1454.56,5.0,98.588,0.85,,0,-97.091,8,25,4,429,0.4266
7.178,8.448,0.0,1475.56,5.0,98.329,0.9,,1,-97.049,8,25,6,531,0.4444
7.855,9.529,0.0,634.25,5.0,99.581,0.95,,2,-98.731,8,25,7,486,0.4424
7.962,9.288,0.0,1068.25,5.0,99.01,1.0,,2,-97.863,8,25,7,343,0.4402
7.39,7.616,0.0,1009.19,5.0,99.231,0.8,,0,-97.982,9,25,3,418,0.4474
7.186,8.369,0.0,1454.56,5.0,98.588,0.85,,0,-97.091,9,25,4,429,0.4266
7.178,8.448,0.0,1475.56,5.0,98.329,0.9,,1,-97.049,9,25,6,531,0.4444
7.855,9.529,0.0,634.25,5.0,99.581,0.95,,2,-98.731,9,25,7,486,0.4424
7.962,9.288,0.0,1068.25,5.0,99.01,1.0,,2,-97.863,9,25,7,343,0.4402
7.39,7.616,0.0,1009.19,5.0,99.231,0.8,,0,-97.982,10,25,3,418,0.4474
7.186,8.369,0.0,1454.56,5.0,98.588,0.85,,0,-97.091,10,25,4,429,0.4266
7.178,8.448,0.0,1475.56,5.0,98.329,0.9,,1,-97.049,10,25,6,531,0.4444
7.855,9.529,0.0,634.25,5.0,99.581,0.95,,2,-98.731,10,25,7,486,0.4424
7.962,9.288,0.0,1068.25,5.0,99.01,1.0,,2,-97.863,10,25,7,343,0.4402
7.84,9.81,0.0,18154.37,5.0,74.775,0.8,,3,-63.691,1,30,9,1724,0.4362
8.12,10.034,0.0384,21446.56,5.0,66.558,0.85,,3,-57.107,1,30,9,1124,0.4359
8.125,10.351,0.0656,35097.0,5.0,48.409,0.9,,3,-29.806,1,30,9,848,0.4363
8.308,10.079,0.0,37144.5,5.0,53.952,0.95,,3,-25.711,1,30,9,640,0.4469
8.644,10.264,0.0,39326.31,5.0,45.3,1.0,,4,-21.347,1,30,9,459,0.451
7.84,9.81,0.0,5010.56,5.0,95.056,0.8,,3,-89.979,2,30,9,1724,0.4362
8.12,10.034,0.0212,5532.5,5.0,93.253,0.85,,2,-88.935,2,30,9,1124,0.4359
8.125,10.351,0.0468,10354.63,5.0,86.726,0.9,,3,-79.291,2,30,9,848,0.4363
8.308,10.079,0.0,18518.81,5.0,84.082,0.95,,2,-62.962,2,30,9,640,0.4469
8.644,10.264,0.0,21447.88,5.0,75.468,1.0,,3,-57.104,2,30,9,459,0.451
7.163,8.083,0.0,2411.37,5.0,97.638,0.8,,1,-95.177,3,30,4,613,0.4225
7.79,9.757,0.0279,2388.19,5.0,97.25,0.85,,2,-95.224,3,30,7,864,0.4398
8.125,10.317,0.0037,2380.75,5.0,96.762,0.9,,2,-95.238,3,30,9,812,0.4347
8.308,10.079,0.0,6145.0,5.0,95.661,0.95,,3,-87.71,3,30,9,640,0.4469
8.644,10.264,0.0,7251.0,5.0,93.296,1.0,,3,-85.498,3,30,9,459,0.451
7.148,8.148,0.0,1853.56,5.0,98.419,0.8,,0,-96.293,4,30,4,551,0.4283
7.279,8.341,0.0,1699.56,5.0,98.244,0.85,,0,-96.601,4,30,6,703,0.4452
7.827,10.024,0.0,1600.25,5.0,98.015,0.9,,2,-96.799,4,30,7,645,0.4372
7.945,9.53,0.0,1700.0,5.0,98.67,0.95,,2,-96.6,4,30,7,491,0.4399
8.575,10.155,0.0,1721.0,5.0,98.183,1.0,,2,-96.558,4,30,8,412,0.4515
7.39,7.616,0.0,1009.19,5.0,99.231,0.8,,0,-97.982,5,30,3,418,0.4474
7.186,8.369,0.0,1454.56,5.0,98.588,0.85,,0,-97.091,5,30,4,429,0.4266
7.178,8.448,0.0,1475.56,5.0,98.329,0.9,,1,-97.049,5,30,6,531,0.4444
7.855,9.529,0.0,634.25,5.0,99.581,0.95,,2,-98.731,5,30,7,486,0.4424
7.962,9.288,0.0,1068.25,5.0,99.01,1.0,,2,-97.863,5,30,7,343,0.4402
7.39,7.616,0.0,1009.19,5.0,99.231,0.8,,0,-97.982,6,30,3,418,0.4474
7.186,8.369,0.0,1454.56,5.0,98.588,0.85,,0,-97.091,6,30,4,429,0.4266
7.178,8.448,0.0,1475.56,5.0,98.329,0.9,,1,-97.049,6,30,6,531,0.4444
7.855,9.529,0.0,634.25,5.0,99.581,0.95,,2,-98.731,6,30,7,486,0.4424
7.962,9.288,0.0,1068.25,5.0,99.01,1.0,,2,-97.863,6,30,7,343,0.4402
7.39,7.616,0.0,1009.19,5.0,99.231,0.8,,0,-97.982,7,30,3,418,0.4474
7.186,8.369,0.0,1454.56,5.0,98.588,0.85,,0,-97.091,7,30,4,429,0.4266
7.178,8.448,0.0,1475.56,5.0,98.329,0.9,,1,-97.049,7,30,6,531,0.4444
7.855,9.529,0.0,634.25,5.0,99.581,0.95,,2,-98.731,7,30,7,486,0.4424
7.962,9.288,0.0,1068.25,5.0,99.01,1.0,,2,-97.863,7,30,7,343,0.4402
7.39,7.616,0.0,1009.19,5.0,99.231,0.8,,0,-97.982,8,30,3,418,0.4474
7.186,8.369,0.0,1454.56,5.0,98.588,0.85,,0,-97.091,8,30,4,429,0.4266
7.178,8.448,0.0,1475.56,5.0,98.329,0.9,,1,-97.049,8,30,6,531,0.4444
7.855,9.529,0.0,634.25,5.0,99.581,0.95,,2,-98.731,8,30,7,486,0.4424
7.962,9.288,0.0,1068.25,5.0,99.01,1.0,,2,-97.863,8,30,7,343,0.4402
7.39,7.616,0.0,1009.19,5.0,99.231,0.8,,0,-97.982,9,30,3,418,0.4474
7.186,8.369,0.0,1454.56,5.0,98.588,0.85,,0,-97.091,9,30,4,429,0.4266
7.178,8.448,0.0,1475.56,5.0,98.329,0.9,,1,-97.049,9,30,6,531,0.4444
7.855,9.529,0.0,634.25,5.0,99.581,0.95,,2,-98.731,9,30,7,486,0.4424
7.962,9.288,0.0,1068.25,5.0,99.01,1.0,,2,-97.863,9,30,7,343,0.4402
7.39,7.616,0.0,1009.19,5.0,99.231,0.8,,0,-97.982,10,30,3,418,0.4474
7.186,8.369,0.0,1454.56,5.0,98.588,0.85,,0,-97.091,10,30,4,429,0.4266
7.178,8.448,0.0,1475.56,5.0,98.329,0.9,,1,-97.049,10,30,6,531,0.4444
7.855,9.529,0.0,634.25,5.0,99.581,0.95,,2,-98.731,10,30,7,486,0.4424
7.962,9.288,0.0,1068.25,5.0,99.01,1.0,,2,-97.863,10,30,7,343,0.4402
7.84,9.81,0.0,18154.37,5.0,74.775,0.8,,3,-63.691,1,35,9,1724,0.4362
8.12,10.034,0.0384,21446.56,5.0,66.558,0.85,,3,-57.107,1,35,9,1124,0.4359
8.125,10.351,0.0656,35097.0,5.0,48.409,0.9,,3,-29.806,1,35,9,848,0.4363
8.308,10.079,0.0,37144.5,5.0,53.952,0.95,,3,-25.711,1,35,9,640,0.4469
8.644,10.264,0.0,39326.31,5.0,45.3,1.0,,4,-21.347,1,35,9,459,0.451
7.84,9.81,0.0,5010.56,5.0,95.056,0.8,,3,-89.979,2,35,9,1724,0.4362
8.12,10.034,0.0212,5532.5,5.0,93.253,0.85,,2,-88.935,2,35,9,1124,0.4359
8.125,10.351,0.0468,10354.63,5.0,86.726,0.9,,3,-79.291,2,35,9,848,0.4363
8.308,10.079,0.0,18518.81,5.0,84.082,0.95,,2,-62.962,2,35,9,640,0.4469
8.644,10.264,0.0,21447.88,5.0,75.468,1.0,,3,-57.104,2,35,9,459,0.451
7.163,8.083,0.0,2411.37,5.0,97.638,0.8,,1,-95.177,3,35,4,613,0.4225
7.79,9.757,0.0279,2388.19,5.0,97.25,0.85,,2,-95.224,3,35,7,864,0.4398
8.125,10.317,0.0037,2380.75,5.0,96.762,0.9,,2,-95.238,3,35,9,812,0.4347
8.308,10.079,0.0,6145.0,5.0,95.661,0.95,,3,-87.71,3,35,9,640,0.4469
8.644,10.264,0.0,7251.0,5.0,93.296,1.0,,3,-85.498,3,35,9,459,0.451
7.148,8.148,0.0,1853.56,5.0,98.419,0.8,,0,-96.293,4,35,4,551,0.4283
7.279,8.341,0.0,1699.56,5.0,98.244,0.85,,0,-96.601,4,35,6,703,0.4452
7.827,10.024,0.0,1600.25,5.0,98.015,0.9,,2,-96.799,4,35,7,645,0.4372
7.945,9.53,0.0,1700.0,5.0,98.67,0.95,,2,-96.6,4,35,7,491,0.4399
8.575,10.155,0.0,1721.0,5.0,98.183,1.0,,2,-96.558,4,35,8,412,0.4515
7.39,7.616,0.0,1009.19,5.0,99.231,0.8,,0,-97.982,5,35,3,418,0.4474
7.186,8.369,0.0,1454.56,5.0,98.588,0.85,,0,-97.091,5,35,4,429,0.4266
7.178,8.448,0.0,1475.56,5.0,98.329,0.9,,1,-97.049,5,35,6,531,0.4444
7.855,9.529,0.0,634.25,5.0,99.581,0.95,,2,-98.731,5,35,7,486,0.4424
7.962,9.288,0.0,1068.25,5.0,99.01,1.0,,2,-97.863,5,35,7,343,0.4402
7.39,7.616,0.0,1009.19,5.0,99.231,0.8,,0,-97.982,6,35,3,418,0.4474
7.186,8.369,0.0,1454.56,5.0,98.588,0.85,,0,-97.091,6,35,4,429,0.4266
7.178,8.448,0.0,1475.56,5.0,98.329,0.9,,1,-97.049,6,35,6,531,0.4444
7.855,9.529,0.0,634.25,5.0,99.581,0.95,,2,-98.731,6,35,7,486,0.4424
7.962,9.288,0.0,1068.25,5.0,99.01,1.0,,2,-97.863,6,35,7,343,0.4402
7.39,7.616,0.0,1009.19,5.0,99.231,0.8,,0,-97.982,7,35,3,418,0.4474
7.186,8.369,0.0,1454.56,5.0,98.588,0.85,,0,-97.091,7,35,4,429,0.4266
7.178,8.448,0.0,1475.56,5.0,98.329,0.9,,1,-97.049,7,35,6,531,0.4444
7.855,9.529,0.0,634.25,5.0,99.581,0.95,,2,-98.731,7,35,7,486,0.4424
7.962,9.288,0.0,1068.25,5.0,99.01,1.0,,2,-97.863,7,35,7,343,0.4402
7.39,7.616,0.0,1009.19,5.0,99.231,0.8,,0,-97.982,8,35,3,418,0.4474
7.186,8.369,0.0,1454.56,5.0,98.588,0.85,,0,-97.091,8,35,4,429,0.4266
7.178,8.448,0.0,1475.56,5.0,98.329,0.9,,1,-97.049,8,35,6,531,0.4444
7.855,9.529,0.0,634.25,5.0,99.581,0.95,,2,-98.731,8,35,7,486,0.4424
7.962,9.288,0.0,1068.25,5.0,99.01,1.0,,2,-97.863,8,35,7,343,0.4402
7.39,7.616,0.0,1009.19,5.0,99.231,0.8,,0,-97.982,9,35,3,418,0.4474
7.186,8.369,0.0,1454.56,5.0,98.588,0.85,,0,-97.091,9,35,4,429,0.4266
7.178,8.448,0.0,1475.56,5.0,98.329,0.9,,1,-97.049,9,35,6,531,0.4444
7.855,9.529,0.0,634.25,5.0,99.581,0.95,,2,-98.731,9,35,7,486,0.4424
7.962,9.288,0.0,1068.25,5.0,99.01,1.0,,2,-97.863,9,35,7,343,0.4402
7.39,7.616,0.0,1009.19,5.0,99.231,0.8,,0,-97.982,10,35,3,418,0.4474
7.186,8.369,0.0,1454.56,5.0,98.588,0.85,,0,-97.091,10,35,4,429,0.4266
7.178,8.448,0.0,1475.56,5.0,98.329,0.9,,1,-97.049,10,35,6,531,0.4444
7.855,9.529,0.0,634.25,5.0,99.581,0.95,,2,-98.731,10,35,7,486,0.4424
7.962,9.288,0.0,1068.25,5.0,99.01,1.0,,2,-97.863,10,35,7,343,0.4402
7.84,9.81,0.0,18154.37,5.0,74.775,0.8,,3,-63.691,1,40,9,1724,0.4362
8.12,10.034,0.0384,21446.56,5.0,66.558,0.85,,3,-57.107,1,40,9,1124,0.4359
8.125,10.351,0.0656,35097.0,5.0,48.409,0.9,,3,-29.806,1,40,9,848,0.4363
8.308,10.079,0.0,37144.5,5.0,53.952,0.95,,3,-25.711,1,40,9,640,0.4469
8.644,10.264,0.0,39326.31,5.0,45.3,1.0,,4,-21.347,1,40,9,459,0.451
7.84,9.81,0.0,5010.56,5.0,95.056,0.8,,3,-89.979,2,40,9,1724,0.4362
8.12,10.034,0.0212,5532.5,5.0,93.253,0.85,,2,-88.935,2,40,9,1124,0.4359
8.125,10.351,0.0468,10354.63,5.0,86.726,0.9,,3,-79.291,2,40,9,848,0.4363
8.308,10.079,0.0,18518.81,5.0,84.082,0.95,,2,-62.962,2,40,9,640,0.4469
8.644,10.264,0.0,21447.88,5.0,75.468,1.0,,3,-57.104,2,40,9,459,0.451
7.163,8.083,0.0,2411.37,5.0,97.638,0.8,,1,-95.177,3,40,4,613,0.4225
7.79,9.757,0.0279,2388.19,5.0,97.25,0.85,,2,-95.224,3,40,7,864,0.4398
8.125,10.317,0.0037,2380.75,5.0,96.762,0.9,,2,-95.238,3,40,9,812,0.4347
8.308,10.079,0.0,6145.0,5.0,95.661,0.95,,3,-87.71,3,40,9,640,0.4469
8.644,10.264,0.0,7251.0,5.0,93.296,1.0,,3,-85.498,3,40,9,459,0.451
7.148,8.148,0.0,1853.56,5.0,98.419,0.8,,0,-96.293,4,40,4,551,0.4283
7.279,8.341,0.0,1699.56,5.0,98.244,0.85,,0,-96.601,4,40,6,703,0.4452
7.827,10.024,0.0,1600.25,5.0,98.015,0.9,,2,-96.799,4,40,7,645,0.4372
7.945,9.53,0.0,1700.0,5.0,98.67,0.95,,2,-96.6,4,40,7,491,0.4399
8.575,10.155,0.0,1721.0,5.0,98.183,1.0,,2,-96.558,4,40,8,412,0.4515
7.39,7.616,0.0,1009.19,5.0,99.231,0.8,,0,-97.982,5,40,3,418,0.4474
7.186,8.369,0.0,1454.56,5.0,98.588,0.85,,0,-97.091,5,40,4,429,0.4266
7.178,8.448,0.0,1475.56,5.0,98.329,0.9,,1,-97.049,5,40,6,531,0.4444
7.855,9.529,0.0,634.25,5.0,99.581,0.95,,2,-98.731,5,40,7,486,0.4424
7.962,9.288,0.0,1068.25,5.0,99.01,1.0,,2,-97.863,5,40,7,343,0.4402
7.39,7.616,0.0,1009.19,5.0,99.231,0.8,,0,-97.982,6,40,3,418,0.4474
7.186,8.369,0.0,1454.56,5.0,98.588,0.85,,0,-97.091,6,40,4,429,0.4266
7.178,8.448,0.0,1475.56,5.0,98.329,0.9,,1,-97.049,6,40,6,531,0.4444
7.855,9.529,0.0,634.25,5.0,99.581,0.95,,2,-98.731,6,40,7,486,0.4424
7.962,9.288,0.0,1068.25,5.0,99.01,1.0,,2,-97.863,6,40,7,343,0.4402
7.39,7.616,0.0,1009.19,5.0,99.231,0.8,,0,-97.982,7,40,3,418,0.4474
7.186,8.369,0.0,1454.56,5.0,98.588,0.85,,0,-97.091,7,40,4,429,0.4266
7.178,8.448,0.0,1475.56,5.0,98.329,0.9,,1,-97.049,7,40,6,531,0.4444
7.855,9.529,0.0,634.25,5.0,99.581,0.95,,2,-98.731,7,40,7,486,0.4424
7.962,9.288,0.0,1068.25,5.0,99.01,1.0,,2,-97.863,7,40,7,343,0.4402
7.39,7.616,0.0,1009.19,5.0,99.231,0.8,,0,-97.982,8,40,3,418,0.4474
7.186,8.369,0.0,1454.56,5.0,98.588,0.85,,0,-97.091,8,40,4,429,0.4266
7.178,8.448,0.0,1475.56,5.0,98.329,0.9,,1,-97.049,8,40,6,531,0.4444
7.855,9.529,0.0,634.25,5.0,99.581,0.95,,2,-98.731,8,40,7,486,0.4424
7.962,9.288,0.0,1068.25,5.0,99.01,1.0,,2,-97.863,8,40,7,343,0.4402
7.39,7.616,0.0,1009.19,5.0,99.231,0.8,,0,-97.982,9,40,3,418,0.4474
7.186,8.369,0.0,1454.56,5.0,98.588,0.85,,0,-97.091,9,40,4,429,0.4266
7.178,8.448,0.0,1475.56,5.0,98.329,0.9,,1,-97.049,9,40,6,531,0.4444
7.855,9.529,0.0,634.25,5.0,99.581,0.95,,2,-98.731,9,40,7,486,0.4424
7.962,9.288,0.0,1068.25,5.0,99.01,1.0,,2,-97.863,9,40,7,343,0.4402
7.39,7.616,0.0,1009.19,5.0,99.231,0.8,,0,-97.982,10,40,3,418,0.4474
7.186,8.369,0.0,1454.56,5.0,98.588,0.85,,0,-97.091,10,40,4,429,0.4266
7.178,8.448,0.0,1475.56,5.0,98.329,0.9,,1,-97.049,10,40,6,531,0.4444
7.855,9.529,0.0,634.25,5.0,99.581,0.95,,2,-98.731,10,40,7,486,0.4424
7.962,9.288,0.0,1068.25,5.0,99.01,1.0,,2,-97.863,10,40,7,343,0.4402
7.84,9.81,0.0,18154.37,5.0,74.775,0.8,,3,-63.691,1,45,9,1724,0.4362
8.12,10.034,0.0384,21446.56,5.0,66.558,0.85,,3,-57.107,1,45,9,1124,0.4359
8.125,10.351,0.0656,35097.0,5.0,48.409,0.9,,3,-29.806,1,45,9,848,0.4363
8.308,10.079,0.0,37144.5,5.0,53.952,0.95,,3,-25.711,1,45,9,640,0.4469
8.644,10.264,0.0,39326.31,5.0,45.3,1.0,,4,-21.347,1,45,9,459,0.451
7.84,9.81,0.0,5010.56,5.0,95.056,0.8,,3,-89.979,2,45,9,1724,0.4362
8.12,10.034,0.0212,5532.5,5.0,93.253,0.85,,2,-88.935,2,45,9,1124,0.4359
8.125,10.351,0.0468,10354.63,5.0,86.726,0.9,,3,-79.291,2,45,9,848,0.4363
8.308,10.079,0.0,18518.81,5.0,84.082,0.95,,2,-62.962,2,45,9,640,0.4469
8.644,10.264,0.0,21447.88,5.0,75.468,1.0,,3,-57.104,2,45,9,459,0.451
7.163,8.083,0.0,2411.37,5.0,97.638,0.8,,1,-95.177,3,45,4,613,0.4225
7.79,9.757,0.0279,2388.19,5.0,97.25,0.85,,2,-95.224,3,45,7,864,0.4398
8.125,10.317,0.0037,2380.75,5.0,96.762,0.9,,2,-95.238,3,45,9,812,0.4347
8.308,10.079,0.0,6145.0,5.0,95.661,0.95,,3,-87.71,3,45,9,640,0.4469
8.644,10.264,0.0,7251.0,5.0,93.296,1.0,,3,-85.498,3,45,9,459,0.451
7.148,8.148,0.0,1853.56,5.0,98.419,0.8,,0,-96.293,4,45,4,551,0.4283
7.279,8.341,0.0,1699.56,5.0,98.244,0.85,,0,-96.601,4,45,6,703,0.4452
7.827,10.024,0.0,1600.25,5.0,98.015,0.9,,2,-96.799,4,45,7,645,0.4372
7.945,9.53,0.0,1700.0,5.0,98.67,0.95,,2,-96.6,4,45,7,491,0.4399
8.575,10.155,0.0,1721.0,5.0,98.183,1.0,,2,-96.558,4,45,8,412,0.4515
7.39,7.616,0.0,1009.19,5.0,99.231,0.8,,0,-97.982,5,45,3,418,0.4474
7.186,8.369,0.0,1454.56,5.0,98.588,0.85,,0,-97.091,5,45,4,429,0.4266
7.178,8.448,0.0,1475.56,5.0,98.329,0.9,,1,-97.049,5,45,6,531,0.4444
7.855,9.529,0.0,634.25,5.0,99.581,0.95,,2,-98.731,5,45,7,486,0.4424
7.962,9.288,0.0,1068.25,5.0,99.01,1.0,,2,-97.863,5,45,7,343,0.4402
7.39,7.616,0.0,1009.19,5.0,99.231,0.8,,0,-97.982,6,45,3,418,0.4474
7.186,8.369,0.0,1454.56,5.0,98.588,0.85,,0,-97.091,6,45,4,429,0.4266
7.178,8.448,0.0,1475.56,5.0,98.329,0.9,,1,-97.049,6,45,6,531,0.4444
7.855,9.529,0.0,634.25,5.0,99.581,0.95,,2,-98.731,6,45,7,486,0.4424
7.962,9.288,0.0,1068.25,5.0,99.01,1.0,,2,-97.863,6,45,7,343,0.4402
7.39,7.616,0.0,1009.19,5.0,99.231,0.8,,0,-97.982,7,45,3,418,0.4474
7.186,8.369,0.0,1454.56,5.0,98.588,0.85,,0,-97.091,7,45,4,429,0.4266
7.178,8.448,0.0,1475.56,5.0,98.329,0.9,,1,-97.049,7,45,6,531,0.4444
7.855,9.529,0.0,634.25,5.0,99.581,0.95,,2,-98.731,7,45,7,486,0.4424
7.962,9.288,0.0,1068.25,5.0,99.01,1.0,,2,-97.863,7,45,7,343,0.4402
7.39,7.616,0.0,1009.19,5.0,99.231,0.8,,0,-97.982,8,45,3,418,0.4474
7.186,8.369,0.0,1454.56,5.0,98.588,0.85,,0,-97.091,8,45,4,429,0.4266
7.178,8.448,0.0,1475.56,5.0,98.329,0.9,,1,-97.049,8,45,6,531,0.4444
7.855,9.529,0.0,634.25,5.0,99.581,0.95,,2,-98.731,8,45,7,486,0.4424
7.962,9.288,0.0,1068.25,5.0,99.01,1.0,,2,-97.863,8,45,7,343,0.4402
7.39,7.616,0.0,1009.19,5.0,99.231,0.8,,0,-97.982,9,45,3,418,0.4474
7.186,8.369,0.0,1454.56,5.0,98.588,0.85,,0,-97.091,9,45,4,429,0.4266
7.178,8.448,0.0,1475.56,5.0,98.329,0.9,,1,-97.049,9,45,6,531,0.4444
7.855,9.529,0.0,634.25,5.0,99.581,0.95,,2,-98.731,9,45,7,486,0.4424
7.962,9.288,0.0,1068.25,5.0,99.01,1.0,,2,-97.863,9,45,7,343,0.4402
7.39,7.616,0.0,1009.19,5.0,99.231,0.8,,0,-97.982,10,45,3,418,0.4474
7.186,8.369,0.0,1454.56,5.0,98.588,0.85,,0,-97.091,10,45,4,429,0.4266
7.178,8.448,0.0,1475.56,5.0,98.329,0.9,,1,-97.049,10,45,6,531,0.4444
7.855,9.529,0.0,634.25,5.0,99.581,0.95,,2,-98.731,10,45,7,486,0.4424
7.962,9.288,0.0,1068.25,5.0,99.01,1.0,,2,-97.863,10,45,7,343,0.4402
7.84,9.81,0.0,18154.37,5.0,74.775,0.8,,3,-63.691,1,50,9,1724,0.4362
8.12,10.034,0.0384,21446.56,5.0,66.558,0.85,,3,-57.107,1,50,9,1124,0.4359
8.125,10.351,0.0656,35097.0,5.0,48.409,0.9,,3,-29.806,1,50,9,848,0.4363
8.308,10.079,0.0,37144.5,5.0,53.952,0.95,,3,-25.711,1,50,9,640,0.4469
8.644,10.264,0.0,39326.31,5.0,45.3,1.0,,4,-21.347,1,50,9,459,0.451
7.84,9.81,0.0,5010.56,5.0,95.056,0.8,,3,-89.979,2,50,9,1724,0.4362
8.12,10.034,0.0212,5532.5,5.0,93.253,0.85,,2,-88.935,2,50,9,1124,0.4359
8.125,10.351,0.0468,10354.63,5.0,86.726,0.9,,3,-79.291,2,50,9,848,0.4363
8.308,10.079,0.0,18518.81,5.0,84.082,0.95,,2,-62.962,2,50,9,640,0.4469
8.644,10.264,0.0,21447.88,5.0,75.468,1.0,,3,-57.104,2,50,9,459,0.451
7.163,8.083,0.0,2411.37,5.0,97.638,0.8,,1,-95.177,3,50,4,613,0.4225
7.79,9.757,0.0279,2388.19,5.0,97.25,0.85,,2,-95.224,3,50,7,864,0.4398
8.125,10.317,0.0037,2380.75,5.0,96.762,0.9,,2,-95.238,3,50,9,812,0.4347
8.308,10.079,0.0,6145.0,5.0,95.661,0.95,,3,-87.71,3,50,9,640,0.4469
8.644,10.264,0.0,7251.0,5.0,93.296,1.0,,3,-85.498,3,50,9,459,0.451
7.148,8.148,0.0,1853.56,5.0,98.419,0.8,,0,-96.293,4,50,4,551,0.4283
7.279,8.341,0.0,1699.56,5.0,98.244,0.85,,0,-96.601,4,50,6,703,0.4452
7.827,10.024,0.0,1600.25,5.0,98.015,0.9,,2,-96.799,4,50,7,645,0.4372
7.945,9.53,0.0,1700.0,5.0,98.67,0.95,,2,-96.6,4,50,7,491,0.4399
8.575,10.155,0.0,1721.0,5.0,98.183,1.0,,2,-96.558,4,50,8,412,0.4515
7.39,7.616,0.0,1009.19,5.0,99.231,0.8,,0,-97.982,5,50,3,418,0.4474
7.186,8.369,0.0,1454.56,5.0,98.588,0.85,,0,-97.091,5,50,4,429,0.4266
7.178,8.448,0.0,1475.56,5.0,98.329,0.9,,1,-97.049,5,50,6,531,0.4444
7.855,9.529,0.0,634.25,5.0,99.581,0.95,,2,-98.731,5,50,7,486,0.4424
7.962,9.288,0.0,1068.25,5.0,99.01,1.0,,2,-97.863,5,50,7,343,0.4402
7.39,7.616,0.0,1009.19,5.0,99.231,0.8,,0,-97.982,6,50,3,418,0.4474
7.186,8.369,0.0,1454.56,5.0,98.588,0.85,,0,-97.091,6,50,4,429,0.4266
7.178,8.448,0.0,1475.56,5.0,98.329,0.9,,1,-97.049,6,50,6,531,0.4444
7.855,9.529,0.0,634.25,5.0,99.581,0.95,,2,-98.731,6,50,7,486,0.4424
7.962,9.288,0.0,1068.25,5.0,99.01,1.0,,2,-97.863,6,50,7,343,0.4402
7.39,7.616,0.0,1009.19,5.0,99.231,0.8,,0,-97.982,7,50,3,418,0.4474
7.186,8.369,0.0,1454.56,5.0,98.588,0.85,,0,-97.091,7,50,4,429,0.4266
7.178,8.448,0.0,1475.56,5.0,98.329,0.9,,1,-97.049,7,50,6,531,0.4444
7.855,9.529,0.0,634.25,5.0,99.581,0.95,,2,-98.731,7,50,7,486,0.4424
7.962,9.288,0.0,1068.25,5.0,99.01,1.0,,2,-97.863,7,50,7,343,0.4402
7.39,7.616,0.0,1009.19,5.0,99.231,0.8,,0,-97.982,8,50,3,418,0.4474
7.186,8.369,0.0,1454.56,5.0,98.588,0.85,,0,-97.091,8,50,4,429,0.4266
7.178,8.448,0.0,1475.56,5.0,98.329,0.9,,1,-97.049,8,50,6,531,0.4444
7.855,9.529,0.0,634.25,5.0,99.581,0.95,,2,-98.731,8,50,7,486,0.4424
7.962,9.288,0.0,1068.25,5.0,99.01,1.0,,2,-97.863,8,50,7,343,0.4402
7.39,7.616,0.0,1009.19,5.0,99.231,0.8,,0,-97.982,9,50,3,418,0.4474
7.186,8.369,0.0,1454.56,5.0,98.588,0.85,,0,-97.091,9,50,4,429,0.4266
7.178,8.448,0.0,1475.56,5.0,98.329,0.9,,1,-97.049,9,50,6,531,0.4444
7.855,9.529,0.0,634.25,5.0,99.581,0.95,,2,-98.731,9,50,7,486,0.4424
7.962,9.288,0.0,1068.25,5.0,99.01,1.0,,2,-97.863,9,50,7,343,0.4402
7.39,7.616,0.0,1009.19,5.0,99.231,0.8,,0,-97.982,10,50,3,418,0.4474
7.186,8.369,0.0,1454.56,5.0,98.588,0.85,,0,-97.091,10,50,4,429,0.4266
7.178,8.448,0.0,1475.56,5.0,98.329,0.9,,1,-97.049,10,50,6,531,0.4444
7.855,9.529,0.0,634.25,5.0,99.581,0.95,,2,-98.731,10,50,7,486,0.4424
7.962,9.288,0.0,1068.25,5.0,99.01,1.0,,2,-97.863,10,50,7,343,0.4402
7.84,9.81,0.0,18154.37,5.0,74.775,0.8,,3,-63.691,1,55,9,1724,0.4362
8.12,10.034,0.0384,21446.56,5.0,66.558,0.85,,3,-57.107,1,55,9,1124,0.4359
8.125,10.351,0.0656,35097.0,5.0,48.409,0.9,,3,-29.806,1,55,9,848,0.4363
8.308,10.079,0.0,37144.5,5.0,53.952,0.95,,3,-25.711,1,55,9,640,0.4469
8.644,10.264,0.0,39326.31,5.0,45.3,1.0,,4,-21.347,1,55,9,459,0.451
7.84,9.81,0.0,5010.56,5.0,95.056,0.8,,3,-89.979,2,55,9,1724,0.4362
8.12,10.034,0.0212,5532.5,5.0,93.253,0.85,,2,-88.935,2,55,9,1124,0.4359
8.125,10.351,0.0468,10354.63,5.0,86.726,0.9,,3,-79.291,2,55,9,848,0.4363
8.308,10.079,0.0,18518.81,5.0,84.082,0.95,,2,-62.962,2,55,9,640,0.4469
8.644,10.264,0.0,21447.88,5.0,75.468,1.0,,3,-57.104,2,55,9,459,0.451
7.163,8.083,0.0,2411.37,5.0,97.638,0.8,,1,-95.177,3,55,4,613,0.4225
7.79,9.757,0.0279,2388.19,5.0,97.25,0.85,,2,-95.224,3,55,7,864,0.4398
8.125,10.317,0.0037,2380.75,5.0,96.762,0.9,,2,-95.238,3,55,9,812,0.4347
8.308,10.079,0.0,6145.0,5.0,95.661,0.95,,3,-87.71,3,55,9,640,0.4469
8.644,10.264,0.0,7251.0,5.0,93.296,1.0,,3,-85.498,3,55,9,459,0.451
7.148,8.148,0.0,1853.56,5.0,98.419,0.8,,0,-96.293,4,55,4,551,0.4283
7.279,8.341,0.0,1699.56,5.0,98.244,0.85,,0,-96.601,4,55,6,703,0.4452
7.827,10.024,0.0,1600.25,5.0,98.015,0.9,,2,-96.799,4,55,7,645,0.4372
7.945,9.53,0.0,1700.0,5.0,98.67,0.95,,2,-96.6,4,55,7,491,0.4399
8.575,10.155,0.0,1721.0,5.0,98.183,1.0,,2,-96.558,4,55,8,412,0.4515
7.39,7.616,0.0,1009.19,5.0,99.231,0.8,,0,-97.982,5,55,3,418,0.4474
7.186,8.369,0.0,1454.56,5.0,98.588,0.85,,0,-97.091,5,55,4,429,0.4266
7.178,8.448,0.0,1475.56,5.0,98.329,0.9,,1,-97.049,5,55,6,531,0.4444
7.855,9.529,0.0,634.25,5.0,99.581,0.95,,2,-98.731,5,55,7,486,0.4424
7.962,9.288,0.0,1068.25,5.0,99.01,1.0,,2,-97.863,5,55,7,343,0.4402
7.39,7.616,0.0,1009.19,5.0,99.231,0.8,,0,-97.982,6,55,3,418,0.4474
7.186,8.369,0.0,1454.56,5.0,98.588,0.85,,0,-97.091,6,55,4,429,0.4266
7.178,8.448,0.0,1475.56,5.0,98.329,0.9,,1,-97.049,6,55,6,531,0.4444
7.855,9.529,0.0,634.25,5.0,99.581,0.95,,2,-98.731,6,55,7,486,0.4424
7.962,9.288,0.0,1068.25,5.0,99.01,1.0,,2,-97.863,6,55,7,343,0.4402
7.39,7.616,0.0,1009.19,5.0,99.231,0.8,,0,-97.982,7,55,3,418,0.4474
7.186,8.369,0.0,1454.56,5.0,98.588,0.85,,0,-97.091,7,55,4,429,0.4266
7.178,8.448,0.0,1475.56,5.0,98.329,0.9,,1,-97.049,7,55,6,531,0.4444
7.855,9.529,0.0,634.25,5.0,99.581,0.95,,2,-98.731,7,55,7,486,0.4424
7.962,9.288,0.0,1068.25,5.0,99.01,1.0,,2,-97.863,7,55,7,343,0.4402
7.39,7.616,0.0,1009.19,5.0,99.231,0.8,,0,-97.982,8,55,3,418,0.4474
7.186,8.369,0.0,1454.56,5.0,98.588,0.85,,0,-97.091,8,55,4,429,0.4266
7.178,8.448,0.0,1475.56,5.0,98.329,0.9,,1,-97.049,8,55,6,531,0.4444
7.855,9.529,0.0,634.25,5.0,99.581,0.95,,2,-98.731,8,55,7,486,0.4424
7.962,9.288,0.0,1068.25,5.0,99.01,1.0,,2,-97.863,8,55,7,343,0.4402
7.39,7.616,0.0,1009.19,5.0,99.231,0.8,,0,-97.982,9,55,3,418,0.4474
7.186,8.369,0.0,1454.56,5.0,98.588,0.85,,0,-97.091,9,55,4,429,0.4266
7.178,8.448,0.0,1475.56,5.0,98.329,0.9,,1,-97.049,9,55,6,531,0.4444
7.855,9.529,0.0,634.25,5.0,99.581,0.95,,2,-98.731,9,55,7,486,0.4424
7.962,9.288,0.0,1068.25,5.0,99.01,1.0,,2,-97.863,9,55,7,343,0.4402
7.39,7.616,0.0,1009.19,5.0,99.231,0.8,,0,-97.982,10,55,3,418,0.4474
7.186,8.369,0.0,1454.56,5.0,98.588,0.85,,0,-97.091,10,55,4,429,0.4266
7.178,8.448,0.0,1475.56,5.0,98.329,0.9,,1,-97.049,10,55,6,531,0.4444
7.855,9.529,0.0,634.25,5.0,99.581,0.95,,2,-98.731,10,55,7,486,0.4424
7.962,9.288,0.0,1068.25,5.0,99.01,1.0,,2,-97.863,10,55,7,343,0.4402
7.84,9.81,0.0,18154.37,5.0,74.775,0.8,,3,-63.691,1,60,9,1724,0.4362
8.12,10.034,0.0384,21446.56,5.0,66.558,0.85,,3,-57.107,1,60,9,1124,0.4359
8.125,10.351,0.0656,35097.0,5.0,48.409,0.9,,3,-29.806,1,60,9,848,0.4363
8.308,10.079,0.0,37144.5,5.0,53.952,0.95,,3,-25.711,1,60,9,640,0.4469
8.644,10.264,0.0,39326.31,5.0,45.3,1.0,,4,-21.347,1,60,9,459,0.451
7.84,9.81,0.0,5010.56,5.0,95.056,0.8,,3,-89.979,2,60,9,1724,0.4362
8.12,10.034,0.0212,5532.5,5.0,93.253,0.85,,2,-88.935,2,60,9,1124,0.4359
8.125,10.351,0.0468,10354.63,5.0,86.726,0.9,,3,-79.291,2,60,9,848,0.4363
8.308,10.079,0.0,18518.81,5.0,84.082,0.95,,2,-62.962,2,60,9,640,0.4469
8.644,10.264,0.0,21447.88,5.0,75.468,1.0,,3,-57.104,2,60,9,459,0.451
7.163,8.083,0.0,2411.37,5.0,97.638,0.8,,1,-95.177,3,60,4,613,0.4225
7.79,9.757,0.0279,2388.19,5.0,97.25,0.85,,2,-95.224,3,60,7,864,0.4398
8.125,10.317,0.0037,2380.75,5.0,96.762,0.9,,2,-95.238,3,60,9,812,0.4347
8.308,10.079,0.0,6145.0,5.0,95.661,0.95,,3,-87.71,3,60,9,640,0.4469
8.644,10.264,0.0,7251.0,5.0,93.296,1.0,,3,-85.498,3,60,9,459,0.451
7.148,8.148,0.0,1853.56,5.0,98.419,0.8,,0,-96.293,4,60,4,551,0.4283
7.279,8.341,0.0,1699.56,5.0,98.244,0.85,,0,-96.601,4,60,6,703,0.4452
7.827,10.024,0.0,1600.25,5.0,98.015,0.9,,2,-96.799,4,60,7,645,0.4372
7.945,9.53,0.0,1700.0,5.0,98.67,0.95,,2,-96.6,4,60,7,491,0.4399
8.575,10.155,0.0,1721.0,5.0,98.183,1.0,,2,-96.558,4,60,8,412,0.4515
7.39,7.616,0.0,1009.19,5.0,99.231,0.8,,0,-97.982,5,60,3,418,0.4474
7.186,8.369,0.0,1454.56,5.0,98.588,0.85,,0,-97.091,5,60,4,429,0.4266
7.178,8.448,0.0,1475.56,5.0,98.329,0.9,,1,-97.049,5,60,6,531,0.4444
7.855,9.529,0.0,634.25,5.0,99.581,0.95,,2,-98.731,5,60,7,486,0.4424
7.962,9.288,0.0,1068.25,5.0,99.01,1.0,,2,-97.863,5,60,7,343,0.4402
7.39,7.616,0.0,1009.19,5.0,99.231,0.8,,0,-97.982,6,60,3,418,0.4474
7.186,8.369,0.0,1454.56,5.0,98.588,0.85,,0,-97.091,6,60,4,429,0.4266
7.178,8.448,0.0,1475.56,5.0,98.329,0.9,,1,-97.049,6,60,6,531,0.4444
7.855,9.529,0.0,634.25,5.0,99.581,0.95,,2,-98.731,6,60,7,486,0.4424
7.962,9.288,0.0,1068.25,5.0,99.01,1.0,,2,-97.863,6,60,7,343,0.4402
7.39,7.616,0.0,1009.19,5.0,99.231,0.8,,0,-97.982,7,60,3,418,0.4474
7.186,8.369,0.0,1454.56,5.0,98.588,0.85,,0,-97.091,7,60,4,429,0.4266
7.178,8.448,0.0,1475.56,5.0,98.329,0.9,,1,-97.049,7,60,6,531,0.4444
7.855,9.529,0.0,634.25,5.0,99.581,0.95,,2,-98.731,7,60,7,486,0.4424
7.962,9.288,0.0,1068.25,5.0,99.01,1.0,,2,-97.863,7,60,7,343,0.4402
7.39,7.616,0.0,1009.19,5.0,99.231,0.8,,0,-97.982,8,60,3,418,0.4474
7.186,8.369,0.0,1454.56,5.0,98.588,0.85,,0,-97.091,8,60,4,429,0.4266
7.178,8.448,0.0,1475.56,5.0,98.329,0.9,,1,-97.049,8,60,6,531,0.4444
7.855,9.529,0.0,634.25,5.0,99.581,0.95,,2,-98.731,8,60,7,486,0.4424
7.962,9.288,0.0,1068.25,5.0,99.01,1.0,,2,-97.863,8,60,7,343,0.4402
7.39,7.616,0.0,1009.19,5.0,99.231,0.8,,0,-97.982,9,60,3,418,0.4474
7.186,8.369,0.0,1454.56,5.0,98.588,0.85,,0,-97.091,9,60,4,429,0.4266
7.178,8.448,0.0,1475.56,5.0,98.329,0.9,,1,-97.049,9,60,6,531,0.4444
7.855,9.529,0.0,634.25,5.0,99.581,0.95,,2,-98.731,9,60,7,486,0.4424
7.962,9.288,0.0,1068.25,5.0,99.01,1.0,,2,-97.863,9,60,7,343,0.4402
7.39,7.616,0.0,1009.19,5.0,99.231,0.8,,0,-97.982,10,60,3,418,0.4474
7.186,8.369,0.0,1454.56,5.0,98.588,0.85,,0,-97.091,10,60,4,429,0.4266
7.178,8.448,0.0,1475.56,5.0,98.329,0.9,,1,-97.049,10,60,6,531,0.4444
7.855,9.529,0.0,634.25,5.0,99.581,0.95,,2,-98.731,10,60,7,486,0.4424
7.962,9.288,0.0,1068.25,5.0,99.01,1.0,,2,-97.863,10,60,7,343,0.4402
7.666,9.864,0.0,24125.81,5.5,63.854,0.8,,2,-51.748,1,5,9,1725,0.4301
7.864,10.103,0.0,27857.69,5.5,57.576,0.85,,4,-44.285,1,5,9,1127,0.4286
7.814,10.467,0.0011,33270.88,5.5,48.857,0.9,,3,-33.458,1,5,9,852,0.4237
7.888,10.162,0.0,34044.38,5.5,50.956,0.95,,4,-31.911,1,5,9,645,0.4279
8.26,10.411,0.0,39774.75,5.5,42.123,1.0,,3,-20.45,1,5,9,460,0.4348
7.633,9.599,0.0,4012.63,5.5,95.097,0.8,,2,-91.975,2,5,9,1593,0.4325
7.864,10.103,0.0,7470.19,5.5,90.302,0.85,,3,-85.06,2,5,9,1127,0.4286
7.814,10.467,0.0,15612.06,5.5,81.133,0.9,,3,-68.776,2,5,9,852,0.4237
7.888,10.162,0.0,18260.25,5.5,81.284,0.95,,3,-63.479,2,5,9,645,0.4279
8.26,10.411,0.0,23190.0,5.5,73.032,1.0,,3,-53.62,2,5,9,460,0.4348
7.443,9.56,0.0,2704.06,5.5,97.324,0.8,,2,-94.592,3,5,7,1363,0.4314
7.674,9.813,0.0,2705.81,5.5,96.852,0.85,,3,-94.588,3,5,7,902,0.4268
7.814,10.467,0.0,4840.81,5.5,94.481,0.9,,2,-90.318,3,5,9,852,0.4237
7.888,10.162,0.0,6722.5,5.5,94.653,0.95,,3,-86.555,3,5,9,645,0.4279
8.26,10.411,0.0,9392.13,5.5,91.076,1.0,,3,-81.216,3,5,9,460,0.4348
6.819,8.044,0.0,2007.56,5.5,98.322,0.8,,0,-95.985,4,5,4,587,0.4191
6.906,8.387,0.0,1949.38,5.5,98.003,0.85,,2,-96.101,4,5,6,706,0.4292
7.507,10.126,0.0,1541.63,5.5,98.044,0.9,,2,-96.917,4,5,7,649,0.4176
7.918,10.082,0.0,1933.63,5.5,98.373,0.95,,2,-96.133,4,5,9,595,0.4235
8.26,10.411,0.0,3528.31,5.5,97.348,1.0,,3,-92.943,4,5,9,460,0.4348
6.999,7.582,0.0,1629.13,5.5,98.778,0.8,,0,-96.742,5,5,3,424,0.434
6.793,8.298,0.0,1646.19,5.5,98.434,0.85,,0,-96.708,5,5,4,439,0.4077
6.739,8.528,0.0,1616.44,5.5,98.108,0.9,,0,-96.767,5,5,6,536,0.4179
7.419,9.62,0.0,1453.69,5.5,98.933,0.95,,2,-97.093,5,5,7,493,0.4138
7.69,9.448,0.0,1348.69,5.5,98.657,1.0,,2,-97.303,5,5,7,349,0.4155
7.0,7.582,0.0,1417.81,5.5,99.008,0.8,,0,-97.164,6,5,3,423,0.435
6.86,8.347,0.0,1479.5,5.5,98.649,0.85,,0,-97.041,6,5,4,427,0.4122
6.751,8.528,0.0,1376.25,5.5,98.46,0.9,,0,-97.247,6,5,6,537,0.4171
7.387,9.62,0.0,1196.0,5.5,99.191,0.95,,2,-97.608,6,5,7,491,0.4155
7.562,9.445,0.0,1170.19,5.5,98.913,1.0,,2,-97.66,6,5,7,344,0.4186
7.0,7.582,0.0,1417.81,5.5,99.008,0.8,,0,-97.164,7,5,3,423,0.435
6.86,8.347,0.0,1479.5,5.5,98.649,0.85,,0,-97.041,7,5,4,427,0.4122
6.751,8.528,0.0,1376.25,5.5,98.46,0.9,,0,-97.247,7,5,6,537,0.4171
7.387,9.62,0.0,1196.0,5.5,99.191,0.95,,2,-97.608,7,5,7,491,0.4155
7.562,9.445,0.0,1170.19,5.5,98.913,1.0,,2,-97.66,7,5,7,344,0.4186
7.0,7.582,0.0,1417.81,5.5,99.008,0.8,,0,-97.164,8,5,3,423,0.435
6.86,8.347,0.0,1479.5,5.5,98.649,0.85,,0,-97.041,8,5,4,427,0.4122
6.751,8.528,0.0,1376.25,5.5,98.46,0.9,,0,-97.247,8,5,6,537,0.4171
7.387,9.62,0.0,1196.0,5.5,99.191,0.95,,2,-97.608,8,5,7,491,0.4155
7.562,9.445,0.0,1170.19,5.5,98.913,1.0,,2,-97.66,8,5,7,344,0.4186
7.0,7.582,0.0,1417.81,5.5,99.008,0.8,,0,-97.164,9,5,3,423,0.435
6.86,8.347,0.0,1479.5,5.5,98.649,0.85,,0,-97.041,9,5,4,427,0.4122
6.751,8.528,0.0,1376.25,5.5,98.46,0.9,,0,-97.247,9,5,6,537,0.4171
7.387,9.62,0.0,1196.0,5.5,99.191,0.95,,2,-97.608,9,5,7,491,0.4155
7.562,9.445,0.0,1170.19,5.5,98.913,1.0,,2,-97.66,9,5,7,344,0.4186
7.0,7.582,0.0,1417.81,5.5,99.008,0.8,,0,-97.164,10,5,3,423,0.435
6.86,8.347,0.0,1479.5,5.5,98.649,0.85,,0,-97.041,10,5,4,427,0.4122
6.751,8.528,0.0,1376.25,5.5,98.46,0.9,,0,-97.247,10,5,6,537,0.4171
7.387,9.62,0.0,1196.0,5.5,99.191,0.95,,2,-97.608,10,5,7,491,0.4155
7.562,9.445,0.0,1170.19,5.5,98.913,1.0,,2,-97.66,10,5,7,344,0.4186
8.223,9.795,0.0,23957.81,5.5,63.13,0.8,,2,-52.084,1,10,9,1709,0.4523
8.468,9.95,0.0353,29041.56,5.5,54.699,0.85,,4,-41.917,1,10,9,1120,0.4536
8.453,10.268,0.0166,39650.06,5.5,45.453,0.9,,3,-20.7,1,10,9,845,0.4533
8.573,10.022,0.0,41309.06,5.5,49.359,0.95,,6,-17.382,1,10,9,639,0.4601
8.845,10.126,0.0,41961.38,5.5,42.168,1.0,,5,-16.077,1,10,9,459,0.4619
8.223,9.795,0.0,5357.06,5.5,94.065,0.8,,3,-89.286,2,10,9,1709,0.4523
8.468,9.95,0.0322,9465.63,5.5,88.016,0.85,,4,-81.069,2,10,9,1120,0.4536
8.453,10.268,0.0,17100.88,5.5,78.242,0.9,,3,-65.798,2,10,9,845,0.4533
8.573,10.022,0.0,24943.94,5.5,79.98,0.95,,4,-50.112,2,10,9,639,0.4601
8.845,10.126,0.0,26728.5,5.5,69.554,1.0,,3,-46.543,2,10,9,459,0.4619
7.541,8.118,0.0,2635.81,5.5,97.083,0.8,,0,-94.728,3,10,6,1045,0.4603
8.456,9.828,0.0449,2743.44,5.5,96.577,0.85,,2,-94.513,3,10,8,1028,0.4601
8.453,10.268,0.0,5011.44,5.5,94.204,0.9,,3,-89.977,3,10,9,845,0.4533
8.573,10.022,0.0,10008.56,5.5,93.78,0.95,,4,-79.983,3,10,9,639,0.4601
8.845,10.126,0.0,11639.56,5.5,89.425,1.0,,3,-76.721,3,10,9,459,0.4619
7.529,8.194,0.0,2044.31,5.5,97.993,0.8,,0,-95.911,4,10,4,585,0.4462
8.074,9.659,0.0548,1252.88,5.5,98.603,0.85,,2,-97.494,4,10,7,846,0.4586
8.204,9.946,0.0,1944.13,5.5,97.574,0.9,,1,-96.112,4,10,7,645,0.4496
8.607,9.894,0.0,2062.25,5.5,98.518,0.95,,2,-95.875,4,10,9,618,0.4579
8.845,10.126,0.0,3786.88,5.5,96.806,1.0,,3,-92.426,4,10,9,459,0.4619
7.569,8.271,0.0,1621.25,5.5,98.552,0.8,,0,-96.757,5,10,4,555,0.4505
7.571,8.308,0.0,1580.13,5.5,98.319,0.85,,0,-96.84,5,10,6,697,0.4634
7.889,9.828,0.0,1566.56,5.5,98.191,0.9,,1,-96.867,5,10,7,628,0.4538
8.132,9.513,0.0,827.63,5.5,99.421,0.95,,2,-98.345,5,10,7,485,0.4536
8.176,9.177,0.0,1362.25,5.5,98.679,1.0,,2,-97.275,5,10,7,343,0.4519
7.717,7.846,0.0,1437.06,5.5,98.756,0.8,,0,-97.126,6,10,3,417,0.4628
7.574,8.341,0.0,1496.56,5.5,98.447,0.85,,0,-97.007,6,10,6,691,0.4645
7.891,9.847,0.0,1399.44,5.5,98.465,0.9,,1,-97.201,6,10,7,625,0.4544
8.132,9.513,0.0,405.0,5.5,99.737,0.95,,2,-99.19,6,10,7,485,0.4536
8.176,9.177,0.0,1461.56,5.5,98.677,1.0,,2,-97.077,6,10,7,343,0.4519
7.717,7.846,0.0,1437.06,5.5,98.756,0.8,,0,-97.126,7,10,3,417,0.4628
7.574,8.341,0.0,1496.56,5.5,98.447,0.85,,0,-97.007,7,10,6,691,0.4645
7.891,9.847,0.0,1399.44,5.5,98.465,0.9,,1,-97.201,7,10,7,625,0.4544
8.132,9.513,0.0,405.0,5.5,99.737,0.95,,2,-99.19,7,10,7,485,0.4536
8.176,9.177,0.0,1461.56,5.5,98.677,1.0,,2,-97.077,7,10,7,343,0.4519
7.717,7.846,0.0,1437.06,5.5,98.756,0.8,,0,-97.126,8,10,3,417,0.4628
7.574,8.341,0.0,1496.56,5.5,98.447,0.85,,0,-97.007,8,10,6,691,0.4645
7.891,9.847,0.0,1399.44,5.5,98.465,0.9,,1,-97.201,8,10,7,625,0.4544
8.132,9.513,0.0,405.0,5.5,99.737,0.95,,2,-99.19,8,10,7,485,0.4536
8.176,9.177,0.0,1461.56,5.5,98.677,1.0,,2,-97.077,8,10,7,343,0.4519
7.717,7.846,0.0,1437.06,5.5,98.756,0.8,,0,-97.126,9,10,3,417,0.4628
7.574,8.341,0.0,1496.56,5.5,98.447,0.85,,0,-97.007,9,10,6,691,0.4645
7.891,9.847,0.0,1399.44,5.5,98.465,0.9,,1,-97.201,9,10,7,625,0.4544
8.132,9.513,0.0,405.0,5.5,99.737,0.95,,2,-99.19,9,10,7,485,0.4536
8.176,9.177,0.0,1461.56,5.5,98.677,1.0,,2,-97.077,9,10,7,343,0.4519
7.717,7.846,0.0,1437.06,5.5,98.756,0.8,,0,-97.126,10,10,3,417,0.4628
7.574,8.341,0.0,1496.56,5.5,98.447,0.85,,0,-97.007,10,10,6,691,0.4645
7.891,9.847,0.0,1399.44,5.5,98.465,0.9,,1,-97.201,10,10,7,625,0.4544
8.132,9.513,0.0,405.0,5.5,99.737,0.95,,2,-99.19,10,10,7,485,0.4536
8.176,9.177,0.0,1461.56,5.5,98.677,1.0,,2,-97.077,10,10,7,343,0.4519
8.266,9.795,0.0,23969.62,5.5,62.454,0.8,,2,-52.061,1,15,9,1709,0.4523
8.514,9.95,0.0535,28790.0,5.5,54.625,0.85,,4,-42.42,1,15,9,1120,0.4536
8.491,10.268,0.0108,40205.25,5.5,44.083,0.9,,3,-19.59,1,15,9,845,0.4533
8.608,10.022,0.0,41071.5,5.5,47.713,0.95,,5,-17.857,1,15,9,639,0.4601
8.895,10.126,0.0,41170.81,5.5,41.818,1.0,,4,-17.658,1,15,9,459,0.4619
8.266,9.795,0.0,6821.81,5.5,91.934,0.8,,2,-86.356,2,15,9,1709,0.4523
8.514,9.95,0.0327,8893.37,5.5,88.216,0.85,,3,-82.213,2,15,9,1120,0.4536
8.491,10.268,0.0,18069.94,5.5,76.753,0.9,,3,-63.86,2,15,9,845,0.4533
8.608,10.022,0.0,23799.44,5.5,79.535,0.95,,4,-52.401,2,15,9,639,0.4601
8.895,10.126,0.0,26701.81,5.5,69.031,1.0,,3,-46.596,2,15,9,459,0.4619
7.583,8.118,0.0,2738.63,5.5,96.872,0.8,,0,-94.523,3,15,6,1044,0.4607
8.477,9.828,0.0248,2690.06,5.5,96.563,0.85,,1,-94.62,3,15,8,1030,0.4592
8.491,10.268,0.0,4888.94,5.5,94.281,0.9,,2,-90.222,3,15,9,845,0.4533
8.608,10.022,0.0,10644.25,5.5,93.136,0.95,,3,-78.711,3,15,9,639,0.4601
8.895,10.126,0.0,10647.75,5.5,89.571,1.0,,3,-78.704,3,15,9,459,0.4619
7.587,8.194,0.0,2022.44,5.5,97.96,0.8,,0,-95.955,4,15,4,585,0.4462
8.122,9.659,0.0598,1257.25,5.5,98.515,0.85,,2,-97.485,4,15,7,846,0.4586
8.238,9.946,0.0019,1855.75,5.5,97.559,0.9,,1,-96.288,4,15,7,645,0.4496
8.646,9.935,0.0,2034.25,5.5,98.349,0.95,,2,-95.931,4,15,9,589,0.4584
8.895,10.126,0.0,3908.06,5.5,96.554,1.0,,3,-92.184,4,15,9,459,0.4619
7.649,8.287,0.0,1590.63,5.5,98.494,0.8,,0,-96.819,5,15,4,551,0.4519
7.631,8.308,0.0278,1581.44,5.5,98.212,0.85,,1,-96.837,5,15,6,697,0.4634
7.924,9.828,0.0,1564.81,5.5,98.087,0.9,,0,-96.87,5,15,7,628,0.4538
8.206,9.513,0.0,1453.69,5.5,98.919,0.95,,2,-97.093,5,15,7,487,0.4517
8.364,9.182,0.0,1591.94,5.5,98.382,1.0,,2,-96.816,5,15,7,348,0.4483
7.768,7.846,0.0,1437.5,5.5,98.687,0.8,,0,-97.125,6,15,3,417,0.4628
7.603,8.171,0.0,1398.56,5.5,98.449,0.85,,0,-97.203,6,15,4,451,0.4501
7.926,9.847,0.0,1029.31,5.5,98.795,0.9,,0,-97.941,6,15,7,625,0.4544
8.177,9.513,0.0,1096.25,5.5,99.238,0.95,,2,-97.807,6,15,7,485,0.4536
8.242,9.177,0.0,1427.0,5.5,98.642,1.0,,2,-97.146,6,15,7,343,0.4519
7.768,7.846,0.0,1437.5,5.5,98.687,0.8,,0,-97.125,7,15,3,417,0.4628
7.603,8.171,0.0,1398.56,5.5,98.449,0.85,,0,-97.203,7,15,4,451,0.4501
7.926,9.847,0.0,1029.31,5.5,98.795,0.9,,0,-97.941,7,15,7,625,0.4544
8.177,9.513,0.0,1096.25,5.5,99.238,0.95,,2,-97.807,7,15,7,485,0.4536
8.242,9.177,0.0,1427.0,5.5,98.642,1.0,,2,-97.146,7,15,7,343,0.4519
7.768,7.846,0.0,1437.5,5.5,98.687,0.8,,0,-97.125,8,15,3,417,0.4628
7.603,8.171,0.0,1398.56,5.5,98.449,0.85,,0,-97.203,8,15,4,451,0.4501
7.926,9.847,0.0,1029.31,5.5,98.795,0.9,,0,-97.941,8,15,7,625,0.4544
8.177,9.513,0.0,1096.25,5.5,99.238,0.95,,2,-97.807,8,15,7,485,0.4536
8.242,9.177,0.0,1427.0,5.5,98.642,1.0,,2,-97.146,8,15,7,343,0.4519
7.768,7.846,0.0,1437.5,5.5,98.687,0.8,,0,-97.125,9,15,3,417,0.4628
7.603,8.171,0.0,1398.56,5.5,98.449,0.85,,0,-97.203,9,15,4,451,0.4501
7.926,9.847,0.0,1029.31,5.5,98.795,0.9,,0,-97.941,9,15,7,625,0.4544
8.177,9.513,0.0,1096.25,5.5,99.238,0.95,,2,-97.807,9,15,7,485,0.4536
8.242,9.177,0.0,1427.0,5.5,98.642,1.0,,2,-97.146,9,15,7,343,0.4519
7.768,7.846,0.0,1437.5,5.5,98.687,0.8,,0,-97.125,10,15,3,417,0.4628
7.603,8.171,0.0,1398.56,5.5,98.449,0.85,,0,-97.203,10,15,4,451,0.4501
7.926,9.847,0.0,1029.31,5.5,98.795,0.9,,0,-97.941,10,15,7,625,0.4544
8.177,9.513,0.0,1096.25,5.5,99.238,0.95,,2,-97.807,10,15,7,485,0.4536
8.242,9.177,0.0,1427.0,5.5,98.642,1.0,,2,-97.146,10,15,7,343,0.4519
8.267,9.795,0.0,23303.31,5.5,62.986,0.8,,2,-53.393,1,20,9,1709,0.4523
8.528,9.95,0.0468,28780.81,5.5,54.641,0.85,,4,-42.438,1,20,9,1120,0.4536
8.51,10.268,0.0212,38698.5,5.5,43.386,0.9,,3,-22.603,1,20,9,845,0.4533
8.634,10.022,0.0,40960.81,5.5,47.662,0.95,,4,-18.078,1,20,9,639,0.4601
8.919,10.126,0.0,41056.19,5.5,41.754,1.0,,4,-17.888,1,20,9,459,0.4619
8.267,9.795,0.0,6826.63,5.5,91.928,0.8,,2,-86.347,2,20,9,1709,0.4523
8.528,9.95,0.0376,8798.44,5.5,88.354,0.85,,3,-82.403,2,20,9,1120,0.4536
8.51,10.268,0.0098,16774.94,5.5,78.233,0.9,,3,-66.45,2,20,9,845,0.4533
8.634,10.022,0.0,23809.06,5.5,78.905,0.95,,3,-52.382,2,20,9,639,0.4601
8.919,10.126,0.0,24363.81,5.5,70.177,1.0,,3,-51.272,2,20,9,459,0.4619
7.604,8.118,0.0,2487.06,5.5,97.159,0.8,,0,-95.026,3,20,6,1045,0.4603
8.493,9.828,0.0245,2704.06,5.5,96.545,0.85,,1,-94.592,3,20,8,1030,0.4592
8.51,10.268,0.0021,4863.13,5.5,94.17,0.9,,1,-90.274,3,20,9,845,0.4533
8.634,10.022,0.0,8945.0,5.5,93.985,0.95,,2,-82.11,3,20,9,639,0.4601
8.919,10.126,0.0,9886.5,5.5,90.098,1.0,,3,-80.227,3,20,9,459,0.4619
7.587,8.194,0.0,2022.44,5.5,97.96,0.8,,0,-95.955,4,20,4,585,0.4462
8.142,9.659,0.0603,1251.56,5.5,98.522,0.85,,2,-97.497,4,20,7,846,0.4586
8.23,9.946,0.0025,2019.38,5.5,97.344,0.9,,1,-95.961,4,20,7,643,0.451
8.648,9.935,0.0,1812.44,5.5,98.435,0.95,,2,-96.375,4,20,8,586,0.4608
8.919,10.126,0.0,3307.81,5.5,97.452,1.0,,3,-93.384,4,20,9,459,0.4619
7.649,8.287,0.0,1590.63,5.5,98.494,0.8,,0,-96.819,5,20,4,551,0.4519
7.647,8.308,0.0276,1605.06,5.5,98.185,0.85,,1,-96.79,5,20,6,696,0.4641
7.952,9.847,0.0,1561.75,5.5,98.091,0.9,,0,-96.876,5,20,7,625,0.4544
8.209,9.513,0.0,1634.38,5.5,98.784,0.95,,2,-96.731,5,20,7,486,0.4527
8.394,9.182,0.0,1479.5,5.5,98.496,1.0,,2,-97.041,5,20,7,348,0.4483
7.768,7.846,0.0,1437.5,5.5,98.687,0.8,,0,-97.125,6,20,3,417,0.4628
7.603,8.171,0.0,1398.56,5.5,98.449,0.85,,0,-97.203,6,20,4,451,0.4501
7.576,8.438,0.0,1479.94,5.5,98.267,0.9,,0,-97.04,6,20,6,532,0.4568
8.21,9.513,0.0,989.06,5.5,99.313,0.95,,2,-98.022,6,20,7,485,0.4536
8.273,9.177,0.0,451.38,5.5,99.57,1.0,,2,-99.097,6,20,7,343,0.4519
7.768,7.846,0.0,1437.5,5.5,98.687,0.8,,0,-97.125,7,20,3,417,0.4628
7.603,8.171,0.0,1398.56,5.5,98.449,0.85,,0,-97.203,7,20,4,451,0.4501
7.576,8.438,0.0,1479.94,5.5,98.267,0.9,,0,-97.04,7,20,6,532,0.4568
8.21,9.513,0.0,989.06,5.5,99.313,0.95,,2,-98.022,7,20,7,485,0.4536
8.273,9.177,0.0,451.38,5.5,99.57,1.0,,2,-99.097,7,20,7,343,0.4519
7.768,7.846,0.0,1437.5,5.5,98.687,0.8,,0,-97.125,8,20,3,417,0.4628
7.603,8.171,0.0,1398.56,5.5,98.449,0.85,,0,-97.203,8,20,4,451,0.4501
7.576,8.438,0.0,1479.94,5.5,98.267,0.9,,0,-97.04,8,20,6,532,0.4568
8.21,9.513,0.0,989.06,5.5,99.313,0.95,,2,-98.022,8,20,7,485,0.4536
8.273,9.177,0.0,451.38,5.5,99.57,1.0,,2,-99.097,8,20,7,343,0.4519
7.768,7.846,0.0,1437.5,5.5,98.687,0.8,,0,-97.125,9,20,3,417,0.4628
7.603,8.171,0.0,1398.56,5.5,98.449,0.85,,0,-97.203,9,20,4,451,0.4501
7.576,8.438,0.0,1479.94,5.5,98.267,0.9,,0,-97.04,9,20,6,532,0.4568
8.21,9.513,0.0,989.06,5.5,99.313,0.95,,2,-98.022,9,20,7,485,0.4536
8.273,9.177,0.0,451.38,5.5,99.57,1.0,,2,-99.097,9,20,7,343,0.4519
7.768,7.846,0.0,1437.5,5.5,98.687,0.8,,0,-97.125,10,20,3,417,0.4628
7.603,8.171,0.0,1398.56,5.5,98.449,0.85,,0,-97.203,10,20,4,451,0.4501
7.576,8.438,0.0,1479.94,5.5,98.267,0.9,,0,-97.04,10,20,6,532,0.4568
8.21,9.513,0.0,989.06,5.5,99.313,0.95,,2,-98.022,10,20,7,485,0.4536
8.273,9.177,0.0,451.38,5.5,99.57,1.0,,2,-99.097,10,20,7,343,0.4519
8.264,9.795,0.0,23957.37,5.5,62.473,0.8,,2,-52.085,1,25,9,1709,0.4523
8.528,9.95,0.0468,28780.81,5.5,54.641,0.85,,4,-42.438,1,25,9,1120,0.4536
8.51,10.268,0.0212,38698.5,5.5,43.386,0.9,,3,-22.603,1,25,9,845,0.4533
8.634,10.022,0.0,40960.81,5.5,47.662,0.95,,4,-18.078,1,25,9,639,0.4601
8.919,10.126,0.0,41056.19,5.5,41.754,1.0,,4,-17.888,1,25,9,459,0.4619
8.264,9.795,0.0,6829.25,5.5,91.924,0.8,,2,-86.341,2,25,9,1709,0.4523
8.528,9.95,0.0376,8798.44,5.5,88.354,0.85,,3,-82.403,2,25,9,1120,0.4536
8.51,10.268,0.0098,16774.94,5.5,78.233,0.9,,3,-66.45,2,25,9,845,0.4533
8.634,10.022,0.0,23809.06,5.5,78.905,0.95,,3,-52.382,2,25,9,639,0.4601
8.919,10.126,0.0,24363.81,5.5,70.177,1.0,,3,-51.272,2,25,9,459,0.4619
7.58,8.118,0.0,2732.06,5.5,96.879,0.8,,0,-94.536,3,25,6,1044,0.4607
8.493,9.828,0.0245,2704.06,5.5,96.545,0.85,,1,-94.592,3,25,8,1030,0.4592
8.51,10.268,0.0021,4863.13,5.5,94.17,0.9,,1,-90.274,3,25,9,845,0.4533
8.634,10.022,0.0,8945.0,5.5,93.985,0.95,,2,-82.11,3,25,9,639,0.4601
8.919,10.126,0.0,9886.5,5.5,90.098,1.0,,3,-80.227,3,25,9,459,0.4619
7.587,8.194,0.0,2022.44,5.5,97.96,0.8,,0,-95.955,4,25,4,585,0.4462
8.142,9.659,0.0603,1251.56,5.5,98.522,0.85,,2,-97.497,4,25,7,846,0.4586
8.23,9.946,0.0025,2019.38,5.5,97.344,0.9,,1,-95.961,4,25,7,643,0.451
8.648,9.935,0.0,1812.44,5.5,98.435,0.95,,2,-96.375,4,25,8,586,0.4608
8.919,10.126,0.0,3307.81,5.5,97.452,1.0,,3,-93.384,4,25,9,459,0.4619
7.649,8.287,0.0,1590.63,5.5,98.494,0.8,,0,-96.819,5,25,4,551,0.4519
7.647,8.308,0.0276,1605.06,5.5,98.185,0.85,,1,-96.79,5,25,6,696,0.4641
7.952,9.847,0.0,1561.75,5.5,98.091,0.9,,0,-96.876,5,25,7,625,0.4544
8.209,9.513,0.0,1634.38,5.5,98.784,0.95,,2,-96.731,5,25,7,486,0.4527
8.394,9.182,0.0,1479.5,5.5,98.496,1.0,,2,-97.041,5,25,7,348,0.4483
7.768,7.846,0.0,1437.5,5.5,98.687,0.8,,0,-97.125,6,25,3,417,0.4628
7.603,8.171,0.0,1398.56,5.5,98.449,0.85,,0,-97.203,6,25,4,451,0.4501
7.576,8.438,0.0,1479.94,5.5,98.267,0.9,,0,-97.04,6,25,6,532,0.4568
8.21,9.513,0.0,989.06,5.5,99.313,0.95,,2,-98.022,6,25,7,485,0.4536
8.273,9.177,0.0,451.38,5.5,99.57,1.0,,2,-99.097,6,25,7,343,0.4519
7.768,7.846,0.0,1437.5,5.5,98.687,0.8,,0,-97.125,7,25,3,417,0.4628
7.603,8.171,0.0,1398.56,5.5,98.449,0.85,,0,-97.203,7,25,4,451,0.4501
7.576,8.438,0.0,1479.94,5.5,98.267,0.9,,0,-97.04,7,25,6,532,0.4568
8.21,9.513,0.0,989.06,5.5,99.313,0.95,,2,-98.022,7,25,7,485,0.4536
8.273,9.177,0.0,451.38,5.5,99.57,1.0,,2,-99.097,7,25,7,343,0.4519
7.768,7.846,0.0,1437.5,5.5,98.687,0.8,,0,-97.125,8,25,3,417,0.4628
7.603,8.171,0.0,1398.56,5.5,98.449,0.85,,0,-97.203,8,25,4,451,0.4501
7.576,8.438,0.0,1479.94,5.5,98.267,0.9,,0,-97.04,8,25,6,532,0.4568
8.21,9.513,0.0,989.06,5.5,99.313,0.95,,2,-98.022,8,25,7,485,0.4536
8.273,9.177,0.0,451.38,5.5,99.57,1.0,,2,-99.097,8,25,7,343,0.4519
7.768,7.846,0.0,1437.5,5.5,98.687,0.8,,0,-97.125,9,25,3,417,0.4628
7.603,8.171,0.0,1398.56,5.5,98.449,0.85,,0,-97.203,9,25,4,451,0.4501
7.576,8.438,0.0,1479.94,5.5,98.267,0.9,,0,-97.04,9,25,6,532,0.4568
8.21,9.513,0.0,989.06,5.5,99.313,0.95,,2,-98.022,9,25,7,485,0.4536
8.273,9.177,0.0,451.38,5.5,99.57,1.0,,2,-99.097,9,25,7,343,0.4519
7.768,7.846,0.0,1437.5,5.5,98.687,0.8,,0,-97.125,10,25,3,417,0.4628
7.603,8.171,0.0,1398.56,5.5,98.449,0.85,,0,-97.203,10,25,4,451,0.4501
7.576,8.438,0.0,1479.94,5.5,98.267,0.9,,0,-97.04,10,25,6,532,0.4568
8.21,9.513,0.0,989.06,5.5,99.313,0.95,,2,-98.022,10,25,7,485,0.4536
8.273,9.177,0.0,451.38,5.5,99.57,1.0,,2,-99.097,10,25,7,343,0.4519
8.269,9.793,0.0059,23225.87,5.5,63.11,0.8,,2,-53.548,1,30,9,1709,0.4517
8.528,9.95,0.0468,28780.81,5.5,54.641,0.85,,4,-42.438,1,30,9,1120,0.4536
8.51,10.268,0.0212,38698.5,5.5,43.386,0.9,,3,-22.603,1,30,9,845,0.4533
8.634,10.022,0.0,40960.81,5.5,47.662,0.95,,4,-18.078,1,30,9,639,0.4601
8.919,10.126,0.0,41056.19,5.5,41.754,1.0,,4,-17.888,1,30,9,459,0.4619
8.269,9.793,0.0,6819.63,5.5,91.937,0.8,,2,-86.361,2,30,9,1709,0.4517
8.528,9.95,0.0376,8798.44,5.5,88.354,0.85,,3,-82.403,2,30,9,1120,0.4536
8.51,10.268,0.0098,16774.94,5.5,78.233,0.9,,3,-66.45,2,30,9,845,0.4533
8.634,10.022,0.0,23809.06,5.5,78.905,0.95,,3,-52.382,2,30,9,639,0.4601
8.919,10.126,0.0,24363.81,5.5,70.177,1.0,,3,-51.272,2,30,9,459,0.4619
7.589,8.112,0.0,2719.38,5.5,96.894,0.8,,0,-94.561,3,30,6,1044,0.4598
8.493,9.828,0.0245,2704.06,5.5,96.545,0.85,,1,-94.592,3,30,8,1030,0.4592
8.51,10.268,0.0021,4863.13,5.5,94.17,0.9,,1,-90.274,3,30,9,845,0.4533
8.634,10.022,0.0,8945.0,5.5,93.985,0.95,,2,-82.11,3,30,9,639,0.4601
8.919,10.126,0.0,9886.5,5.5,90.098,1.0,,3,-80.227,3,30,9,459,0.4619
7.587,8.194,0.0,2022.44,5.5,97.96,0.8,,0,-95.955,4,30,4,585,0.4462
8.142,9.659,0.0603,1251.56,5.5,98.522,0.85,,2,-97.497,4,30,7,846,0.4586
8.23,9.946,0.0025,2019.38,5.5,97.344,0.9,,1,-95.961,4,30,7,643,0.451
8.648,9.935,0.0,1812.44,5.5,98.435,0.95,,2,-96.375,4,30,8,586,0.4608
8.919,10.126,0.0,3307.81,5.5,97.452,1.0,,3,-93.384,4,30,9,459,0.4619
7.649,8.287,0.0,1590.63,5.5,98.494,0.8,,0,-96.819,5,30,4,551,0.4519
7.647,8.308,0.0276,1605.06,5.5,98.185,0.85,,1,-96.79,5,30,6,696,0.4641
7.952,9.847,0.0,1561.75,5.5,98.091,0.9,,0,-96.876,5,30,7,625,0.4544
8.209,9.513,0.0,1634.38,5.5,98.784,0.95,,2,-96.731,5,30,7,486,0.4527
8.394,9.182,0.0,1479.5,5.5,98.496,1.0,,2,-97.041,5,30,7,348,0.4483
7.768,7.846,0.0,1437.5,5.5,98.687,0.8,,0,-97.125,6,30,3,417,0.4628
7.603,8.171,0.0,1398.56,5.5,98.449,0.85,,0,-97.203,6,30,4,451,0.4501
7.576,8.438,0.0,1479.94,5.5,98.267,0.9,,0,-97.04,6,30,6,532,0.4568
8.21,9.513,0.0,989.06,5.5,99.313,0.95,,2,-98.022,6,30,7,485,0.4536
8.273,9.177,0.0,451.38,5.5,99.57,1.0,,2,-99.097,6,30,7,343,0.4519
7.768,7.846,0.0,1437.5,5.5,98.687,0.8,,0,-97.125,7,30,3,417,0.4628
7.603,8.171,0.0,1398.56,5.5,98.449,0.85,,0,-97.203,7,30,4,451,0.4501
7.576,8.438,0.0,1479.94,5.5,98.267,0.9,,0,-97.04,7,30,6,532,0.4568
8.21,9.513,0.0,989.06,5.5,99.313,0.95,,2,-98.022,7,30,7,485,0.4536
8.273,9.177,0.0,451.38,5.5,99.57,1.0,,2,-99.097,7,30,7,343,0.4519
7.768,7.846,0.0,1437.5,5.5,98.687,0.8,,0,-97.125,8,30,3,417,0.4628
7.603,8.171,0.0,1398.56,5.5,98.449,0.85,,0,-97.203,8,30,4,451,0.4501
7.576,8.438,0.0,1479.94,5.5,98.267,0.9,,0,-97.04,8,30,6,532,0.4568
8.21,9.513,0.0,989.06,5.5,99.313,0.95,,2,-98.022,8,30,7,485,0.4536
8.273,9.177,0.0,451.38,5.5,99.57,1.0,,2,-99.097,8,30,7,343,0.4519
7.768,7.846,0.0,1437.5,5.5,98.687,0.8,,0,-97.125,9,30,3,417,0.4628
7.603,8.171,0.0,1398.56,5.5,98.449,0.85,,0,-97.203,9,30,4,451,0.4501
7.576,8.438,0.0,1479.94,5.5,98.267,0.9,,0,-97.04,9,30,6,532,0.4568
8.21,9.513,0.0,989.06,5.5,99.313,0.95,,2,-98.022,9,30,7,485,0.4536
8.273,9.177,0.0,451.38,5.5,99.57,1.0,,2,-99.097,9,30,7,343,0.4519
7.768,7.846,0.0,1437.5,5.5,98.687,0.8,,0,-97.125,10,30,3,417,0.4628
7.603,8.171,0.0,1398.56,5.5,98.449,0.85,,0,-97.203,10,30,4,451,0.4501
7.576,8.438,0.0,1479.94,5.5,98.267,0.9,,0,-97.04,10,30,6,532,0.4568
8.21,9.513,0.0,989.06,5.5,99.313,0.95,,2,-98.022,10,30,7,485,0.4536
8.273,9.177,0.0,451.38,5.5,99.57,1.0,,2,-99.097,10,30,7,343,0.4519
8.269,9.793,0.0059,23225.87,5.5,63.11,0.8,,2,-53.548,1,35,9,1709,0.4517
8.528,9.95,0.0468,28780.81,5.5,54.641,0.85,,4,-42.438,1,35,9,1120,0.4536
8.51,10.268,0.0212,38698.5,5.5,43.386,0.9,,3,-22.603,1,35,9,845,0.4533
8.634,10.022,0.0,40960.81,5.5,47.662,0.95,,4,-18.078,1,35,9,639,0.4601
8.919,10.126,0.0,41056.19,5.5,41.754,1.0,,4,-17.888,1,35,9,459,0.4619
8.269,9.793,0.0,6819.63,5.5,91.937,0.8,,2,-86.361,2,35,9,1709,0.4517
8.528,9.95,0.0376,8798.44,5.5,88.354,0.85,,3,-82.403,2,35,9,1120,0.4536
8.51,10.268,0.0098,16774.94,5.5,78.233,0.9,,3,-66.45,2,35,9,845,0.4533
8.634,10.022,0.0,23809.06,5.5,78.905,0.95,,3,-52.382,2,35,9,639,0.4601
8.919,10.126,0.0,24363.81,5.5,70.177,1.0,,3,-51.272,2,35,9,459,0.4619
7.589,8.112,0.0,2719.38,5.5,96.894,0.8,,0,-94.561,3,35,6,1044,0.4598
8.493,9.828,0.0245,2704.06,5.5,96.545,0.85,,1,-94.592,3,35,8,1030,0.4592
8.51,10.268,0.0021,4863.13,5.5,94.17,0.9,,1,-90.274,3,35,9,845,0.4533
8.634,10.022,0.0,8945.0,5.5,93.985,0.95,,2,-82.11,3,35,9,639,0.4601
8.919,10.126,0.0,9886.5,5.5,90.098,1.0,,3,-80.227,3,35,9,459,0.4619
7.587,8.194,0.0,2022.44,5.5,97.96,0.8,,0,-95.955,4,35,4,585,0.4462
8.142,9.659,0.0603,1251.56,5.5,98.522,0.85,,2,-97.497,4,35,7,846,0.4586
8.23,9.946,0.0025,2019.38,5.5,97.344,0.9,,1,-95.961,4,35,7,643,0.451
8.648,9.935,0.0,1812.44,5.5,98.435,0.95,,2,-96.375,4,35,8,586,0.4608
8.919,10.126,0.0,3307.81,5.5,97.452,1.0,,3,-93.384,4,35,9,459,0.4619
7.649,8.287,0.0,1590.63,5.5,98.494,0.8,,0,-96.819,5,35,4,551,0.4519
7.647,8.308,0.0276,1605.06,5.5,98.185,0.85,,1,-96.79,5,35,6,696,0.4641
7.952,9.847,0.0,1561.75,5.5,98.091,0.9,,0,-96.876,5,35,7,625,0.4544
8.209,9.513,0.0,1634.38,5.5,98.784,0.95,,2,-96.731,5,35,7,486,0.4527
8.394,9.182,0.0,1479.5,5.5,98.496,1.0,,2,-97.041,5,35,7,348,0.4483
7.768,7.846,0.0,1437.5,5.5,98.687,0.8,,0,-97.125,6,35,3,417,0.4628
7.603,8.171,0.0,1398.56,5.5,98.449,0.85,,0,-97.203,6,35,4,451,0.4501
7.576,8.438,0.0,1479.94,5.5,98.267,0.9,,0,-97.04,6,35,6,532,0.4568
8.21,9.513,0.0,989.06,5.5,99.313,0.95,,2,-98.022,6,35,7,485,0.4536
8.273,9.177,0.0,451.38,5.5,99.57,1.0,,2,-99.097,6,35,7,343,0.4519
7.768,7.846,0.0,1437.5,5.5,98.687,0.8,,0,-97.125,7,35,3,417,0.4628
7.603,8.171,0.0,1398.56,5.5,98.449,0.85,,0,-97.203,7,35,4,451,0.4501
7.576,8.438,0.0,1479.94,5.5,98.267,0.9,,0,-97.04,7,35,6,532,0.4568
8.21,9.513,0.0,989.06,5.5,99.313,0.95,,2,-98.022,7,35,7,485,0.4536
8.273,9.177,0.0,451.38,5.5,99.57,1.0,,2,-99.097,7,35,7,343,0.4519
7.768,7.846,0.0,1437.5,5.5,98.687,0.8,,0,-97.125,8,35,3,417,0.4628
7.603,8.171,0.0,1398.56,5.5,98.449,0.85,,0,-97.203,8,35,4,451,0.4501
7.576,8.438,0.0,1479.94,5.5,98.267,0.9,,0,-97.04,8,35,6,532,0.4568
8.21,9.513,0.0,989.06,5.5,99.313,0.95,,2,-98.022,8,35,7,485,0.4536
8.273,9.177,0.0,451.38,5.5,99.57,1.0,,2,-99.097,8,35,7,343,0.4519
7.768,7.846,0.0,1437.5,5.5,98.687,0.8,,0,-97.125,9,35,3,417,0.4628
7.603,8.171,0.0,1398.56,5.5,98.449,0.85,,0,-97.203,9,35,4,451,0.4501
7.576,8.438,0.0,1479.94,5.5,98.267,0.9,,0,-97.04,9,35,6,532,0.4568
8.21,9.513,0.0,989.06,5.5,99.313,0.95,,2,-98.022,9,35,7,485,0.4536
8.273,9.177,0.0,451.38,5.5,99.57,1.0,,2,-99.097,9,35,7,343,0.4519
7.768,7.846,0.0,1437.5,5.5,98.687,0.8,,0,-97.125,10,35,3,417,0.4628
7.603,8.171,0.0,1398.56,5.5,98.449,0.85,,0,-97.203,10,35,4,451,0.4501
7.576,8.438,0.0,1479.94,5.5,98.267,0.9,,0,-97.04,10,35,6,532,0.4568
8.21,9.513,0.0,989.06,5.5,99.313,0.95,,2,-98.022,10,35,7,485,0.4536
8.273,9.177,0.0,451.38,5.5,99.57,1.0,,2,-99.097,10,35,7,343,0.4519
8.269,9.793,0.0059,23225.87,5.5,63.11,0.8,,2,-53.548,1,40,9,1709,0.4517
8.528,9.95,0.0468,28780.81,5.5,54.641,0.85,,4,-42.438,1,40,9,1120,0.4536
8.51,10.268,0.0212,38698.5,5.5,43.386,0.9,,3,-22.603,1,40,9,845,0.4533
8.634,10.022,0.0,40960.81,5.5,47.662,0.95,,4,-18.078,1,40,9,639,0.4601
8.919,10.126,0.0,41056.19,5.5,41.754,1.0,,4,-17.888,1,40,9,459,0.4619
8.269,9.793,0.0,6819.63,5.5,91.937,0.8,,2,-86.361,2,40,9,1709,0.4517
8.528,9.95,0.0376,8798.44,5.5,88.354,0.85,,3,-82.403,2,40,9,1120,0.4536
8.51,10.268,0.0098,16774.94,5.5,78.233,0.9,,3,-66.45,2,40,9,845,0.4533
8.634,10.022,0.0,23809.06,5.5,78.905,0.95,,3,-52.382,2,40,9,639,0.4601
8.919,10.126,0.0,24363.81,5.5,70.177,1.0,,3,-51.272,2,40,9,459,0.4619
7.589,8.112,0.0,2719.38,5.5,96.894,0.8,,0,-94.561,3,40,6,1044,0.4598
8.493,9.828,0.0245,2704.06,5.5,96.545,0.85,,1,-94.592,3,40,8,1030,0.4592
8.51,10.268,0.0021,4863.13,5.5,94.17,0.9,,1,-90.274,3,40,9,845,0.4533
8.634,10.022,0.0,8945.0,5.5,93.985,0.95,,2,-82.11,3,40,9,639,0.4601
8.919,10.126,0.0,9886.5,5.5,90.098,1.0,,3,-80.227,3,40,9,459,0.4619
7.587,8.194,0.0,2022.44,5.5,97.96,0.8,,0,-95.955,4,40,4,585,0.4462
8.142,9.659,0.0603,1251.56,5.5,98.522,0.85,,2,-97.497,4,40,7,846,0.4586
8.23,9.946,0.0025,2019.38,5.5,97.344,0.9,,1,-95.961,4,40,7,643,0.451
8.648,9.935,0.0,1812.44,5.5,98.435,0.95,,2,-96.375,4,40,8,586,0.4608
8.919,10.126,0.0,3307.81,5.5,97.452,1.0,,3,-93.384,4,40,9,459,0.4619
7.649,8.287,0.0,1590.63,5.5,98.494,0.8,,0,-96.819,5,40,4,551,0.4519
7.647,8.308,0.0276,1605.06,5.5,98.185,0.85,,1,-96.79,5,40,6,696,0.4641
7.952,9.847,0.0,1561.75,5.5,98.091,0.9,,0,-96.876,5,40,7,625,0.4544
8.209,9.513,0.0,1634.38,5.5,98.784,0.95,,2,-96.731,5,40,7,486,0.4527
8.394,9.182,0.0,1479.5,5.5,98.496,1.0,,2,-97.041,5,40,7,348,0.4483
7.768,7.846,0.0,1437.5,5.5,98.687,0.8,,0,-97.125,6,40,3,417,0.4628
7.603,8.171,0.0,1398.56,5.5,98.449,0.85,,0,-97.203,6,40,4,451,0.4501
7.576,8.438,0.0,1479.94,5.5,98.267,0.9,,0,-97.04,6,40,6,532,0.4568
8.21,9.513,0.0,989.06,5.5,99.313,0.95,,2,-98.022,6,40,7,485,0.4536
8.273,9.177,0.0,451.38,5.5,99.57,1.0,,2,-99.097,6,40,7,343,0.4519
7.768,7.846,0.0,1437.5,5.5,98.687,0.8,,0,-97.125,7,40,3,417,0.4628
7.603,8.171,0.0,1398.56,5.5,98.449,0.85,,0,-97.203,7,40,4,451,0.4501
7.576,8.438,0.0,1479.94,5.5,98.267,0.9,,0,-97.04,7,40,6,532,0.4568
8.21,9.513,0.0,989.06,5.5,99.313,0.95,,2,-98.022,7,40,7,485,0.4536
8.273,9.177,0.0,451.38,5.5,99.57,1.0,,2,-99.097,7,40,7,343,0.4519
7.768,7.846,0.0,1437.5,5.5,98.687,0.8,,0,-97.125,8,40,3,417,0.4628
7.603,8.171,0.0,1398.56,5.5,98.449,0.85,,0,-97.203,8,40,4,451,0.4501
7.576,8.438,0.0,1479.94,5.5,98.267,0.9,,0,-97.04,8,40,6,532,0.4568
8.21,9.513,0.0,989.06,5.5,99.313,0.95,,2,-98.022,8,40,7,485,0.4536
8.273,9.177,0.0,451.38,5.5,99.57,1.0,,2,-99.097,8,40,7,343,0.4519
7.768,7.846,0.0,1437.5,5.5,98.687,0.8,,0,-97.125,9,40,3,417,0.4628
7.603,8.171,0.0,1398.56,5.5,98.449,0.85,,0,-97.203,9,40,4,451,0.4501
7.576,8.438,0.0,1479.94,5.5,98.267,0.9,,0,-97.04,9,40,6,532,0.4568
8.21,9.513,0.0,989.06,5.5,99.313,0.95,,2,-98.022,9,40,7,485,0.4536
8.273,9.177,0.0,451.38,5.5,99.57,1.0,,2,-99.097,9,40,7,343,0.4519
7.768,7.846,0.0,1437.5,5.5,98.687,0.8,,0,-97.125,10,40,3,417,0.4628
7.603,8.171,0.0,1398.56,5.5,98.449,0.85,,0,-97.203,10,40,4,451,0.4501
7.576,8.438,0.0,1479.94,5.5,98.267,0.9,,0,-97.04,10,40,6,532,0.4568
8.21,9.513,0.0,989.06,5.5,99.313,0.95,,2,-98.022,10,40,7,485,0.4536
8.273,9.177,0.0,451.38,5.5,99.57,1.0,,2,-99.097,10,40,7,343,0.4519
8.269,9.793,0.0059,23225.87,5.5,63.11,0.8,,2,-53.548,1,45,9,1709,0.4517
8.528,9.95,0.0468,28780.81,5.5,54.641,0.85,,4,-42.438,1,45,9,1120,0.4536
8.51,10.268,0.0212,38698.5,5.5,43.386,0.9,,3,-22.603,1,45,9,845,0.4533
8.634,10.022,0.0,40960.81,5.5,47.662,0.95,,4,-18.078,1,45,9,639,0.4601
8.919,10.126,0.0,41056.19,5.5,41.754,1.0,,4,-17.888,1,45,9,459,0.4619
8.269,9.793,0.0,6819.63,5.5,91.937,0.8,,2,-86.361,2,45,9,1709,0.4517
8.528,9.95,0.0376,8798.44,5.5,88.354,0.85,,3,-82.403,2,45,9,1120,0.4536
8.51,10.268,0.0098,16774.94,5.5,78.233,0.9,,3,-66.45,2,45,9,845,0.4533
8.634,10.022,0.0,23809.06,5.5,78.905,0.95,,3,-52.382,2,45,9,639,0.4601
8.919,10.126,0.0,24363.81,5.5,70.177,1.0,,3,-51.272,2,45,9,459,0.4619
7.589,8.112,0.0,2719.38,5.5,96.894,0.8,,0,-94.561,3,45,6,1044,0.4598
8.493,9.828,0.0245,2704.06,5.5,96.545,0.85,,1,-94.592,3,45,8,1030,0.4592
8.51,10.268,0.0021,4863.13,5.5,94.17,0.9,,1,-90.274,3,45,9,845,0.4533
8.634,10.022,0.0,8945.0,5.5,93.985,0.95,,2,-82.11,3,45,9,639,0.4601
8.919,10.126,0.0,9886.5,5.5,90.098,1.0,,3,-80.227,3,45,9,459,0.4619
7.587,8.194,0.0,2022.44,5.5,97.96,0.8,,0,-95.955,4,45,4,585,0.4462
8.142,9.659,0.0603,1251.56,5.5,98.522,0.85,,2,-97.497,4,45,7,846,0.4586
8.23,9.946,0.0025,2019.38,5.5,97.344,0.9,,1,-95.961,4,45,7,643,0.451
8.648,9.935,0.0,1812.44,5.5,98.435,0.95,,2,-96.375,4,45,8,586,0.4608
8.919,10.126,0.0,3307.81,5.5,97.452,1.0,,3,-93.384,4,45,9,459,0.4619
7.649,8.287,0.0,1590.63,5.5,98.494,0.8,,0,-96.819,5,45,4,551,0.4519
7.647,8.308,0.0276,1605.06,5.5,98.185,0.85,,1,-96.79,5,45,6,696,0.4641
7.952,9.847,0.0,1561.75,5.5,98.091,0.9,,0,-96.876,5,45,7,625,0.4544
8.209,9.513,0.0,1634.38,5.5,98.784,0.95,,2,-96.731,5,45,7,486,0.4527
8.394,9.182,0.0,1479.5,5.5,98.496,1.0,,2,-97.041,5,45,7,348,0.4483
7.768,7.846,0.0,1437.5,5.5,98.687,0.8,,0,-97.125,6,45,3,417,0.4628
7.603,8.171,0.0,1398.56,5.5,98.449,0.85,,0,-97.203,6,45,4,451,0.4501
7.576,8.438,0.0,1479.94,5.5,98.267,0.9,,0,-97.04,6,45,6,532,0.4568
8.21,9.513,0.0,989.06,5.5,99.313,0.95,,2,-98.022,6,45,7,485,0.4536
8.273,9.177,0.0,451.38,5.5,99.57,1.0,,2,-99.097,6,45,7,343,0.4519
7.768,7.846,0.0,1437.5,5.5,98.687,0.8,,0,-97.125,7,45,3,417,0.4628
7.603,8.171,0.0,1398.56,5.5,98.449,0.85,,0,-97.203,7,45,4,451,0.4501
7.576,8.438,0.0,1479.94,5.5,98.267,0.9,,0,-97.04,7,45,6,532,0.4568
8.21,9.513,0.0,989.06,5.5,99.313,0.95,,2,-98.022,7,45,7,485,0.4536
8.273,9.177,0.0,451.38,5.5,99.57,1.0,,2,-99.097,7,45,7,343,0.4519
7.768,7.846,0.0,1437.5,5.5,98.687,0.8,,0,-97.125,8,45,3,417,0.4628
7.603,8.171,0.0,1398.56,5.5,98.449,0.85,,0,-97.203,8,45,4,451,0.4501
7.576,8.438,0.0,1479.94,5.5,98.267,0.9,,0,-97.04,8,45,6,532,0.4568
8.21,9.513,0.0,989.06,5.5,99.313,0.95,,2,-98.022,8,45,7,485,0.4536
8.273,9.177,0.0,451.38,5.5,99.57,1.0,,2,-99.097,8,45,7,343,0.4519
7.768,7.846,0.0,1437.5,5.5,98.687,0.8,,0,-97.125,9,45,3,417,0.4628
7.603,8.171,0.0,1398.56,5.5,98.449,0.85,,0,-97.203,9,45,4,451,0.4501
7.576,8.438,0.0,1479.94,5.5,98.267,0.9,,0,-97.04,9,45,6,532,0.4568
8.21,9.513,0.0,989.06,5.5,99.313,0.95,,2,-98.022,9,45,7,485,0.4536
8.273,9.177,0.0,451.38,5.5,99.57,1.0,,2,-99.097,9,45,7,343,0.4519
7.768,7.846,0.0,1437.5,5.5,98.687,0.8,,0,-97.125,10,45,3,417,0.4628
7.603,8.171,0.0,1398.56,5.5,98.449,0.85,,0,-97.203,10,45,4,451,0.4501
7.576,8.438,0.0,1479.94,5.5,98.267,0.9,,0,-97.04,10,45,6,532,0.4568
8.21,9.513,0.0,989.06,5.5,99.313,0.95,,2,-98.022,10,45,7,485,0.4536
8.273,9.177,0.0,451.38,5.5,99.57,1.0,,2,-99.097,10,45,7,343,0.4519
8.269,9.793,0.0059,23225.87,5.5,63.11,0.8,,2,-53.548,1,50,9,1709,0.4517
8.528,9.95,0.0468,28780.81,5.5,54.641,0.85,,4,-42.438,1,50,9,1120,0.4536
8.51,10.268,0.0212,38698.5,5.5,43.386,0.9,,3,-22.603,1,50,9,845,0.4533
8.634,10.022,0.0,40960.81,5.5,47.662,0.95,,4,-18.078,1,50,9,639,0.4601
8.919,10.126,0.0,41056.19,5.5,41.754,1.0,,4,-17.888,1,50,9,459,0.4619
8.269,9.793,0.0,6819.63,5.5,91.937,0.8,,2,-86.361,2,50,9,1709,0.4517
8.528,9.95,0.0376,8798.44,5.5,88.354,0.85,,3,-82.403,2,50,9,1120,0.4536
8.51,10.268,0.0098,16774.94,5.5,78.233,0.9,,3,-66.45,2,50,9,845,0.4533
8.634,10.022,0.0,23809.06,5.5,78.905,0.95,,3,-52.382,2,50,9,639,0.4601
8.919,10.126,0.0,24363.81,5.5,70.177,1.0,,3,-51.272,2,50,9,459,0.4619
7.589,8.112,0.0,2719.38,5.5,96.894,0.8,,0,-94.561,3,50,6,1044,0.4598
8.493,9.828,0.0245,2704.06,5.5,96.545,0.85,,1,-94.592,3,50,8,1030,0.4592
8.51,10.268,0.0021,4863.13,5.5,94.17,0.9,,1,-90.274,3,50,9,845,0.4533
8.634,10.022,0.0,8945.0,5.5,93.985,0.95,,2,-82.11,3,50,9,639,0.4601
8.919,10.126,0.0,9886.5,5.5,90.098,1.0,,3,-80.227,3,50,9,459,0.4619
7.587,8.194,0.0,2022.44,5.5,97.96,0.8,,0,-95.955,4,50,4,585,0.4462
8.142,9.659,0.0603,1251.56,5.5,98.522,0.85,,2,-97.497,4,50,7,846,0.4586
8.23,9.946,0.0025,2019.38,5.5,97.344,0.9,,1,-95.961,4,50,7,643,0.451
8.648,9.935,0.0,1812.44,5.5,98.435,0.95,,2,-96.375,4,50,8,586,0.4608
8.919,10.126,0.0,3307.81,5.5,97.452,1.0,,3,-93.384,4,50,9,459,0.4619
7.649,8.287,0.0,1590.63,5.5,98.494,0.8,,0,-96.819,5,50,4,551,0.4519
7.647,8.308,0.0276,1605.06,5.5,98.185,0.85,,1,-96.79,5,50,6,696,0.4641
7.952,9.847,0.0,1561.75,5.5,98.091,0.9,,0,-96.876,5,50,7,625,0.4544
8.209,9.513,0.0,1634.38,5.5,98.784,0.95,,2,-96.731,5,50,7,486,0.4527
8.394,9.182,0.0,1479.5,5.5,98.496,1.0,,2,-97.041,5,50,7,348,0.4483
7.768,7.846,0.0,1437.5,5.5,98.687,0.8,,0,-97.125,6,50,3,417,0.4628
7.603,8.171,0.0,1398.56,5.5,98.449,0.85,,0,-97.203,6,50,4,451,0.4501
7.576,8.438,0.0,1479.94,5.5,98.267,0.9,,0,-97.04,6,50,6,532,0.4568
8.21,9.513,0.0,989.06,5.5,99.313,0.95,,2,-98.022,6,50,7,485,0.4536
8.273,9.177,0.0,451.38,5.5,99.57,1.0,,2,-99.097,6,50,7,343,0.4519
7.768,7.846,0.0,1437.5,5.5,98.687,0.8,,0,-97.125,7,50,3,417,0.4628
7.603,8.171,0.0,1398.56,5.5,98.449,0.85,,0,-97.203,7,50,4,451,0.4501
7.576,8.438,0.0,1479.94,5.5,98.267,0.9,,0,-97.04,7,50,6,532,0.4568
8.21,9.513,0.0,989.06,5.5,99.313,0.95,,2,-98.022,7,50,7,485,0.4536
8.273,9.177,0.0,451.38,5.5,99.57,1.0,,2,-99.097,7,50,7,343,0.4519
7.768,7.846,0.0,1437.5,5.5,98.687,0.8,,0,-97.125,8,50,3,417,0.4628
7.603,8.171,0.0,1398.56,5.5,98.449,0.85,,0,-97.203,8,50,4,451,0.4501
7.576,8.438,0.0,1479.94,5.5,98.267,0.9,,0,-97.04,8,50,6,532,0.4568
8.21,9.513,0.0,989.06,5.5,99.313,0.95,,2,-98.022,8,50,7,485,0.4536
8.273,9.177,0.0,451.38,5.5,99.57,1.0,,2,-99.097,8,50,7,343,0.4519
7.768,7.846,0.0,1437.5,5.5,98.687,0.8,,0,-97.125,9,50,3,417,0.4628
7.603,8.171,0.0,1398.56,5.5,98.449,0.85,,0,-97.203,9,50,4,451,0.4501
7.576,8.438,0.0,1479.94,5.5,98.267,0.9,,0,-97.04,9,50,6,532,0.4568
8.21,9.513,0.0,989.06,5.5,99.313,0.95,,2,-98.022,9,50,7,485,0.4536
8.273,9.177,0.0,451.38,5.5,99.57,1.0,,2,-99.097,9,50,7,343,0.4519
7.768,7.846,0.0,1437.5,5.5,98.687,0.8,,0,-97.125,10,50,3,417,0.4628
7.603,8.171,0.0,1398.56,5.5,98.449,0.85,,0,-97.203,10,50,4,451,0.4501
7.576,8.438,0.0,1479.94,5.5,98.267,0.9,,0,-97.04,10,50,6,532,0.4568
8.21,9.513,0.0,989.06,5.5,99.313,0.95,,2,-98.022,10,50,7,485,0.4536
8.273,9.177,0.0,451.38,5.5,99.57,1.0,,2,-99.097,10,50,7,343,0.4519
8.269,9.793,0.0059,23225.87,5.5,63.11,0.8,,2,-53.548,1,55,9,1709,0.4517
8.528,9.95,0.0468,28780.81,5.5,54.641,0.85,,4,-42.438,1,55,9,1120,0.4536
8.51,10.268,0.0212,38698.5,5.5,43.386,0.9,,3,-22.603,1,55,9,845,0.4533
8.634,10.022,0.0,40960.81,5.5,47.662,0.95,,4,-18.078,1,55,9,639,0.4601
8.919,10.126,0.0,41056.19,5.5,41.754,1.0,,4,-17.888,1,55,9,459,0.4619
8.269,9.793,0.0,6819.63,5.5,91.937,0.8,,2,-86.361,2,55,9,1709,0.4517
8.528,9.95,0.0376,8798.44,5.5,88.354,0.85,,3,-82.403,2,55,9,1120,0.4536
8.51,10.268,0.0098,16774.94,5.5,78.233,0.9,,3,-66.45,2,55,9,845,0.4533
8.634,10.022,0.0,23809.06,5.5,78.905,0.95,,3,-52.382,2,55,9,639,0.4601
8.919,10.126,0.0,24363.81,5.5,70.177,1.0,,3,-51.272,2,55,9,459,0.4619
7.589,8.112,0.0,2719.38,5.5,96.894,0.8,,0,-94.561,3,55,6,1044,0.4598
8.493,9.828,0.0245,2704.06,5.5,96.545,0.85,,1,-94.592,3,55,8,1030,0.4592
8.51,10.268,0.0021,4863.13,5.5,94.17,0.9,,1,-90.274,3,55,9,845,0.4533
8.634,10.022,0.0,8945.0,5.5,93.985,0.95,,2,-82.11,3,55,9,639,0.4601
8.919,10.126,0.0,9886.5,5.5,90.098,1.0,,3,-80.227,3,55,9,459,0.4619
7.587,8.194,0.0,2022.44,5.5,97.96,0.8,,0,-95.955,4,55,4,585,0.4462
8.142,9.659,0.0603,1251.56,5.5,98.522,0.85,,2,-97.497,4,55,7,846,0.4586
8.23,9.946,0.0025,2019.38,5.5,97.344,0.9,,1,-95.961,4,55,7,643,0.451
8.648,9.935,0.0,1812.44,5.5,98.435,0.95,,2,-96.375,4,55,8,586,0.4608
8.919,10.126,0.0,3307.81,5.5,97.452,1.0,,3,-93.384,4,55,9,459,0.4619
7.649,8.287,0.0,1590.63,5.5,98.494,0.8,,0,-96.819,5,55,4,551,0.4519
7.647,8.308,0.0276,1605.06,5.5,98.185,0.85,,1,-96.79,5,55,6,696,0.4641
7.952,9.847,0.0,1561.75,5.5,98.091,0.9,,0,-96.876,5,55,7,625,0.4544
8.209,9.513,0.0,1634.38,5.5,98.784,0.95,,2,-96.731,5,55,7,486,0.4527
8.394,9.182,0.0,1479.5,5.5,98.496,1.0,,2,-97.041,5,55,7,348,0.4483
7.768,7.846,0.0,1437.5,5.5,98.687,0.8,,0,-97.125,6,55,3,417,0.4628
7.603,8.171,0.0,1398.56,5.5,98.449,0.85,,0,-97.203,6,55,4,451,0.4501
7.576,8.438,0.0,1479.94,5.5,98.267,0.9,,0,-97.04,6,55,6,532,0.4568
8.21,9.513,0.0,989.06,5.5,99.313,0.95,,2,-98.022,6,55,7,485,0.4536
8.273,9.177,0.0,451.38,5.5,99.57,1.0,,2,-99.097,6,55,7,343,0.4519
7.768,7.846,0.0,1437.5,5.5,98.687,0.8,,0,-97.125,7,55,3,417,0.4628
7.603,8.171,0.0,1398.56,5.5,98.449,0.85,,0,-97.203,7,55,4,451,0.4501
7.576,8.438,0.0,1479.94,5.5,98.267,0.9,,0,-97.04,7,55,6,532,0.4568
8.21,9.513,0.0,989.06,5.5,99.313,0.95,,2,-98.022,7,55,7,485,0.4536
8.273,9.177,0.0,451.38,5.5,99.57,1.0,,2,-99.097,7,55,7,343,0.4519
7.768,7.846,0.0,1437.5,5.5,98.687,0.8,,0,-97.125,8,55,3,417,0.4628
7.603,8.171,0.0,1398.56,5.5,98.449,0.85,,0,-97.203,8,55,4,451,0.4501
7.576,8.438,0.0,1479.94,5.5,98.267,0.9,,0,-97.04,8,55,6,532,0.4568
8.21,9.513,0.0,989.06,5.5,99.313,0.95,,2,-98.022,8,55,7,485,0.4536
8.273,9.177,0.0,451.38,5.5,99.57,1.0,,2,-99.097,8,55,7,343,0.4519
7.768,7.846,0.0,1437.5,5.5,98.687,0.8,,0,-97.125,9,55,3,417,0.4628
7.603,8.171,0.0,1398.56,5.5,98.449,0.85,,0,-97.203,9,55,4,451,0.4501
7.576,8.438,0.0,1479.94,5.5,98.267,0.9,,0,-97.04,9,55,6,532,0.4568
8.21,9.513,0.0,989.06,5.5,99.313,0.95,,2,-98.022,9,55,7,485,0.4536
8.273,9.177,0.0,451.38,5.5,99.57,1.0,,2,-99.097,9,55,7,343,0.4519
7.768,7.846,0.0,1437.5,5.5,98.687,0.8,,0,-97.125,10,55,3,417,0.4628
7.603,8.171,0.0,1398.56,5.5,98.449,0.85,,0,-97.203,10,55,4,451,0.4501
7.576,8.438,0.0,1479.94,5.5,98.267,0.9,,0,-97.04,10,55,6,532,0.4568
8.21,9.513,0.0,989.06,5.5,99.313,0.95,,2,-98.022,10,55,7,485,0.4536
8.273,9.177,0.0,451.38,5.5,99.57,1.0,,2,-99.097,10,55,7,343,0.4519
8.269,9.793,0.0059,23225.87,5.5,63.11,0.8,,2,-53.548,1,60,9,1709,0.4517
8.528,9.95,0.0468,28780.81,5.5,54.641,0.85,,4,-42.438,1,60,9,1120,0.4536
8.51,10.268,0.0212,38698.5,5.5,43.386,0.9,,3,-22.603,1,60,9,845,0.4533
8.634,10.022,0.0,40960.81,5.5,47.662,0.95,,4,-18.078,1,60,9,639,0.4601
8.919,10.126,0.0,41056.19,5.5,41.754,1.0,,4,-17.888,1,60,9,459,0.4619
8.269,9.793,0.0,6819.63,5.5,91.937,0.8,,2,-86.361,2,60,9,1709,0.4517
8.528,9.95,0.0376,8798.44,5.5,88.354,0.85,,3,-82.403,2,60,9,1120,0.4536
8.51,10.268,0.0098,16774.94,5.5,78.233,0.9,,3,-66.45,2,60,9,845,0.4533
8.634,10.022,0.0,23809.06,5.5,78.905,0.95,,3,-52.382,2,60,9,639,0.4601
8.919,10.126,0.0,24363.81,5.5,70.177,1.0,,3,-51.272,2,60,9,459,0.4619
7.589,8.112,0.0,2719.38,5.5,96.894,0.8,,0,-94.561,3,60,6,1044,0.4598
8.493,9.828,0.0245,2704.06,5.5,96.545,0.85,,1,-94.592,3,60,8,1030,0.4592
8.51,10.268,0.0021,4863.13,5.5,94.17,0.9,,1,-90.274,3,60,9,845,0.4533
8.634,10.022,0.0,8945.0,5.5,93.985,0.95,,2,-82.11,3,60,9,639,0.4601
8.919,10.126,0.0,9886.5,5.5,90.098,1.0,,3,-80.227,3,60,9,459,0.4619
7.587,8.194,0.0,2022.44,5.5,97.96,0.8,,0,-95.955,4,60,4,585,0.4462
8.142,9.659,0.0603,1251.56,5.5,98.522,0.85,,2,-97.497,4,60,7,846,0.4586
8.23,9.946,0.0025,2019.38,5.5,97.344,0.9,,1,-95.961,4,60,7,643,0.451
8.648,9.935,0.0,1812.44,5.5,98.435,0.95,,2,-96.375,4,60,8,586,0.4608
8.919,10.126,0.0,3307.81,5.5,97.452,1.0,,3,-93.384,4,60,9,459,0.4619
7.649,8.287,0.0,1590.63,5.5,98.494,0.8,,0,-96.819,5,60,4,551,0.4519
7.647,8.308,0.0276,1605.06,5.5,98.185,0.85,,1,-96.79,5,60,6,696,0.4641
7.952,9.847,0.0,1561.75,5.5,98.091,0.9,,0,-96.876,5,60,7,625,0.4544
8.209,9.513,0.0,1634.38,5.5,98.784,0.95,,2,-96.731,5,60,7,486,0.4527
8.394,9.182,0.0,1479.5,5.5,98.496,1.0,,2,-97.041,5,60,7,348,0.4483
7.768,7.846,0.0,1437.5,5.5,98.687,0.8,,0,-97.125,6,60,3,417,0.4628
7.603,8.171,0.0,1398.56,5.5,98.449,0.85,,0,-97.203,6,60,4,451,0.4501
7.576,8.438,0.0,1479.94,5.5,98.267,0.9,,0,-97.04,6,60,6,532,0.4568
8.21,9.513,0.0,989.06,5.5,99.313,0.95,,2,-98.022,6,60,7,485,0.4536
8.273,9.177,0.0,451.38,5.5,99.57,1.0,,2,-99.097,6,60,7,343,0.4519
7.768,7.846,0.0,1437.5,5.5,98.687,0.8,,0,-97.125,7,60,3,417,0.4628
7.603,8.171,0.0,1398.56,5.5,98.449,0.85,,0,-97.203,7,60,4,451,0.4501
7.576,8.438,0.0,1479.94,5.5,98.267,0.9,,0,-97.04,7,60,6,532,0.4568
8.21,9.513,0.0,989.06,5.5,99.313,0.95,,2,-98.022,7,60,7,485,0.4536
8.273,9.177,0.0,451.38,5.5,99.57,1.0,,2,-99.097,7,60,7,343,0.4519
7.768,7.846,0.0,1437.5,5.5,98.687,0.8,,0,-97.125,8,60,3,417,0.4628
7.603,8.171,0.0,1398.56,5.5,98.449,0.85,,0,-97.203,8,60,4,451,0.4501
7.576,8.438,0.0,1479.94,5.5,98.267,0.9,,0,-97.04,8,60,6,532,0.4568
8.21,9.513,0.0,989.06,5.5,99.313,0.95,,2,-98.022,8,60,7,485,0.4536
8.273,9.177,0.0,451.38,5.5,99.57,1.0,,2,-99.097,8,60,7,343,0.4519
7.768,7.846,0.0,1437.5,5.5,98.687,0.8,,0,-97.125,9,60,3,417,0.4628
7.603,8.171,0.0,1398.56,5.5,98.449,0.85,,0,-97.203,9,60,4,451,0.4501
7.576,8.438,0.0,1479.94,5.5,98.267,0.9,,0,-97.04,9,60,6,532,0.4568
8.21,9.513,0.0,989.06,5.5,99.313,0.95,,2,-98.022,9,60,7,485,0.4536
8.273,9.177,0.0,451.38,5.5,99.57,1.0,,2,-99.097,9,60,7,343,0.4519
7.768,7.846,0.0,1437.5,5.5,98.687,0.8,,0,-97.125,10,60,3,417,0.4628
7.603,8.171,0.0,1398.56,5.5,98.449,0.85,,0,-97.203,10,60,4,451,0.4501
7.576,8.438,0.0,1479.94,5.5,98.267,0.9,,0,-97.04,10,60,6,532,0.4568
8.21,9.513,0.0,989.06,5.5,99.313,0.95,,2,-98.022,10,60,7,485,0.4536
8.273,9.177,0.0,451.38,5.5,99.57,1.0,,2,-99.097,10,60,7,343,0.4519
7.984,9.938,0.0,30232.0,6.0,58.217,0.8,,3,-39.536,1,5,9,1713,0.4413
8.266,10.14,0.0,31315.69,6.0,51.255,0.85,,4,-37.369,1,5,9,1119,0.4406
8.215,10.509,0.0,36670.25,6.0,48.841,0.9,,3,-26.659,1,5,9,848,0.4351
8.2,10.304,0.0,37152.38,6.0,48.276,0.95,,4,-25.695,1,5,9,643,0.4323
8.624,10.654,0.0,38778.56,6.0,42.344,1.0,,4,-22.443,1,5,9,459,0.4379
7.984,9.938,0.0,8141.75,6.0,89.119,0.8,,1,-83.716,2,5,9,1713,0.4413
8.266,10.14,0.0,10497.25,6.0,86.758,0.85,,4,-79.005,2,5,9,1119,0.4406
8.215,10.509,0.0,14985.13,6.0,81.454,0.9,,3,-70.03,2,5,9,848,0.4351
8.2,10.304,0.0,19566.19,6.0,78.624,0.95,,4,-60.868,2,5,9,643,0.4323
8.624,10.654,0.0,25127.25,6.0,73.095,1.0,,4,-49.745,2,5,9,459,0.4379
7.813,9.624,0.0,2858.94,6.0,96.69,0.8,,1,-94.282,3,5,8,1366,0.44
8.293,10.034,0.0,2930.25,6.0,96.134,0.85,,3,-94.139,3,5,9,1049,0.4414
8.215,10.509,0.0,6096.0,6.0,92.897,0.9,,3,-87.808,3,5,9,848,0.4351
8.2,10.304,0.0,8397.25,6.0,92.965,0.95,,3,-83.205,3,5,9,643,0.4323
8.624,10.654,0.0,11944.5,6.0,88.678,1.0,,3,-76.111,3,5,9,459,0.4379
7.332,8.139,0.0,2192.63,6.0,97.772,0.8,,0,-95.615,4,5,4,580,0.4328
7.891,9.79,0.0,1700.88,6.0,97.979,0.85,,2,-96.598,4,5,7,846,0.4397
7.988,10.085,0.0,1749.0,6.0,97.669,0.9,,1,-96.502,4,5,7,646,0.4288
8.283,10.238,0.0,2210.13,6.0,97.819,0.95,,2,-95.58,4,5,9,593,0.4283
8.624,10.654,0.0,3648.63,6.0,97.169,1.0,,3,-92.703,4,5,9,459,0.4379
7.338,8.126,0.0,1768.25,6.0,98.352,0.8,,0,-96.463,5,5,4,558,0.4373
7.6,8.273,0.0,1789.69,6.0,98.046,0.85,,0,-96.421,5,5,4,394,0.434
7.256,8.479,0.0,1699.13,6.0,97.911,0.9,,0,-96.602,5,5,6,535,0.428
7.773,9.737,0.0,1679.0,6.0,98.539,0.95,,2,-96.642,5,5,7,490,0.4184
8.012,9.622,0.0,1668.5,6.0,98.253,1.0,,2,-96.663,5,5,7,344,0.4215
7.493,7.621,0.0,1381.5,6.0,98.761,0.8,,0,-97.237,6,5,2,332,0.4488
7.57,8.284,0.0,1374.94,6.0,98.523,0.85,,0,-97.25,6,5,4,388,0.4356
7.265,8.501,0.0,1086.63,6.0,98.762,0.9,,0,-97.827,6,5,6,524,0.4332
7.773,9.737,0.0,818.88,6.0,99.366,0.95,,2,-98.362,6,5,7,490,0.4184
8.012,9.622,0.0,623.75,6.0,99.421,1.0,,2,-98.752,6,5,7,344,0.4215
7.493,7.621,0.0,1381.5,6.0,98.761,0.8,,0,-97.237,7,5,2,332,0.4488
7.57,8.284,0.0,1374.94,6.0,98.523,0.85,,0,-97.25,7,5,4,388,0.4356
7.265,8.501,0.0,1086.63,6.0,98.762,0.9,,0,-97.827,7,5,6,524,0.4332
7.773,9.737,0.0,818.88,6.0,99.366,0.95,,2,-98.362,7,5,7,490,0.4184
8.012,9.622,0.0,623.75,6.0,99.421,1.0,,2,-98.752,7,5,7,344,0.4215
7.493,7.621,0.0,1381.5,6.0,98.761,0.8,,0,-97.237,8,5,2,332,0.4488
7.57,8.284,0.0,1374.94,6.0,98.523,0.85,,0,-97.25,8,5,4,388,0.4356
7.265,8.501,0.0,1086.63,6.0,98.762,0.9,,0,-97.827,8,5,6,524,0.4332
7.773,9.737,0.0,818.88,6.0,99.366,0.95,,2,-98.362,8,5,7,490,0.4184
8.012,9.622,0.0,623.75,6.0,99.421,1.0,,2,-98.752,8,5,7,344,0.4215
7.493,7.621,0.0,1381.5,6.0,98.761,0.8,,0,-97.237,9,5,2,332,0.4488
7.57,8.284,0.0,1374.94,6.0,98.523,0.85,,0,-97.25,9,5,4,388,0.4356
7.265,8.501,0.0,1086.63,6.0,98.762,0.9,,0,-97.827,9,5,6,524,0.4332
7.773,9.737,0.0,818.88,6.0,99.366,0.95,,2,-98.362,9,5,7,490,0.4184
8.012,9.622,0.0,623.75,6.0,99.421,1.0,,2,-98.752,9,5,7,344,0.4215
7.493,7.621,0.0,1381.5,6.0,98.761,0.8,,0,-97.237,10,5,2,332,0.4488
7.57,8.284,0.0,1374.94,6.0,98.523,0.85,,0,-97.25,10,5,4,388,0.4356
7.265,8.501,0.0,1086.63,6.0,98.762,0.9,,0,-97.827,10,5,6,524,0.4332
7.773,9.737,0.0,818.88,6.0,99.366,0.95,,2,-98.362,10,5,7,490,0.4184
8.012,9.622,0.0,623.75,6.0,99.421,1.0,,2,-98.752,10,5,7,344,0.4215
8.743,9.898,0.0,32979.06,6.0,53.815,0.8,,2,-34.042,1,10,9,1689,0.4683
9.096,9.984,0.0894,27414.06,6.0,54.121,0.85,,2,-45.172,1,10,9,1110,0.4703
9.125,10.337,0.0,39063.81,6.0,41.824,0.9,,6,-21.872,1,10,9,840,0.4702
9.019,10.181,0.0,44695.75,6.0,47.4,0.95,,6,-10.608,1,10,9,637,0.471
9.378,10.387,0.0,45808.31,6.0,39.618,1.0,,5,-8.383,1,10,9,458,0.4738
8.743,9.898,0.0,8643.12,6.0,88.247,0.8,,1,-82.714,2,10,9,1689,0.4683
9.096,9.984,0.033,9159.81,6.0,87.035,0.85,,2,-81.68,2,10,9,1110,0.4703
9.125,10.337,0.0,20475.75,6.0,74.05,0.9,,3,-59.049,2,10,9,840,0.4702
9.019,10.181,0.0,30417.94,6.0,73.788,0.95,,6,-39.164,2,10,9,637,0.471
9.378,10.387,0.0,30908.81,6.0,69.573,1.0,,5,-38.182,2,10,9,458,0.4738
8.555,9.592,0.0,2884.75,6.0,96.267,0.8,,1,-94.231,3,10,8,1350,0.4689
9.103,9.857,0.0425,2968.31,6.0,95.793,0.85,,2,-94.063,3,10,8,1020,0.4745
9.125,10.337,0.0,6364.19,6.0,92.911,0.9,,4,-87.272,3,10,9,840,0.4702
9.019,10.181,0.0,14308.31,6.0,89.101,0.95,,5,-71.383,3,10,9,637,0.471
9.378,10.387,0.0,15666.75,6.0,87.31,1.0,,4,-68.666,3,10,9,458,0.4738
8.188,8.282,0.0,2225.87,6.0,97.357,0.8,,0,-95.548,4,10,4,595,0.4639
8.715,9.642,0.0258,2167.25,6.0,97.179,0.85,,2,-95.666,4,10,7,855,0.4702
8.843,9.924,0.0,2106.44,6.0,97.244,0.9,,3,-95.787,4,10,7,646,0.4644
9.019,10.181,0.0,4291.31,6.0,97.207,0.95,,4,-91.417,4,10,9,637,0.471
9.378,10.387,0.0,5900.88,6.0,95.659,1.0,,4,-88.198,4,10,9,458,0.4738
8.199,8.363,0.0,1773.94,6.0,97.999,0.8,,0,-96.452,5,10,4,568,0.4665
8.154,8.27,0.0,1731.5,6.0,97.952,0.85,,0,-96.537,5,10,6,690,0.4783
8.775,9.924,0.0,684.13,6.0,99.172,0.9,,0,-98.632,5,10,7,639,0.4679
8.719,9.617,0.0,1544.69,6.0,98.707,0.95,,3,-96.911,5,10,7,489,0.4581
8.885,9.34,0.0,1507.5,6.0,98.457,1.0,,3,-96.985,5,10,7,348,0.4569
8.323,7.875,0.0,1463.75,6.0,98.372,0.8,,0,-97.073,6,10,3,346,0.4711
8.325,8.378,0.0,1427.0,6.0,98.443,0.85,,0,-97.146,6,10,4,408,0.4681
8.109,8.428,0.0,1413.88,6.0,98.425,0.9,,0,-97.172,6,10,6,528,0.4754
8.637,9.616,0.0,918.19,6.0,99.319,0.95,,2,-98.164,6,10,7,484,0.4607
8.773,9.337,0.0,70.75,6.0,99.936,1.0,,3,-99.858,6,10,7,343,0.4606
8.323,7.875,0.0,1463.75,6.0,98.372,0.8,,0,-97.073,7,10,3,346,0.4711
8.325,8.378,0.0,1427.0,6.0,98.443,0.85,,0,-97.146,7,10,4,408,0.4681
8.109,8.428,0.0,1413.88,6.0,98.425,0.9,,0,-97.172,7,10,6,528,0.4754
8.637,9.616,0.0,918.19,6.0,99.319,0.95,,2,-98.164,7,10,7,484,0.4607
8.773,9.337,0.0,70.75,6.0,99.936,1.0,,3,-99.858,7,10,7,343,0.4606
8.323,7.875,0.0,1463.75,6.0,98.372,0.8,,0,-97.073,8,10,3,346,0.4711
8.325,8.378,0.0,1427.0,6.0,98.443,0.85,,0,-97.146,8,10,4,408,0.4681
8.109,8.428,0.0,1413.88,6.0,98.425,0.9,,0,-97.172,8,10,6,528,0.4754
8.637,9.616,0.0,918.19,6.0,99.319,0.95,,2,-98.164,8,10,7,484,0.4607
8.773,9.337,0.0,70.75,6.0,99.936,1.0,,3,-99.858,8,10,7,343,0.4606
8.323,7.875,0.0,1463.75,6.0,98.372,0.8,,0,-97.073,9,10,3,346,0.4711
8.325,8.378,0.0,1427.0,6.0,98.443,0.85,,0,-97.146,9,10,4,408,0.4681
8.109,8.428,0.0,1413.88,6.0,98.425,0.9,,0,-97.172,9,10,6,528,0.4754
8.637,9.616,0.0,918.19,6.0,99.319,0.95,,2,-98.164,9,10,7,484,0.4607
8.773,9.337,0.0,70.75,6.0,99.936,1.0,,3,-99.858,9,10,7,343,0.4606
8.323,7.875,0.0,1463.75,6.0,98.372,0.8,,0,-97.073,10,10,3,346,0.4711
8.325,8.378,0.0,1427.0,6.0,98.443,0.85,,0,-97.146,10,10,4,408,0.4681
8.109,8.428,0.0,1413.88,6.0,98.425,0.9,,0,-97.172,10,10,6,528,0.4754
8.637,9.616,0.0,918.19,6.0,99.319,0.95,,2,-98.164,10,10,7,484,0.4607
8.773,9.337,0.0,70.75,6.0,99.936,1.0,,3,-99.858,10,10,7,343,0.4606
8.817,9.894,0.0,32371.81,6.0,54.211,0.8,,3,-35.256,1,15,9,1689,0.4695
9.171,9.978,0.0956,27008.06,6.0,54.334,0.85,,2,-45.984,1,15,9,1110,0.4712
9.177,10.328,0.0,39036.25,6.0,41.955,0.9,,6,-21.928,1,15,9,840,0.4714
9.07,10.169,0.0,44998.06,6.0,47.245,0.95,,6,-10.004,1,15,9,637,0.4725
9.416,10.387,0.0,44723.75,6.0,39.453,1.0,,5,-10.552,1,15,9,458,0.4738
8.817,9.894,0.0,8655.37,6.0,87.77,0.8,,1,-82.689,2,15,9,1689,0.4695
9.171,9.978,0.0318,11153.94,6.0,85.701,0.85,,2,-77.692,2,15,9,1110,0.4712
9.177,10.328,0.0,20921.56,6.0,72.803,0.9,,4,-58.157,2,15,9,840,0.4714
9.07,10.169,0.0,31111.38,6.0,73.646,0.95,,6,-37.777,2,15,9,637,0.4725
9.416,10.387,0.0,30035.56,6.0,69.76,1.0,,5,-39.929,2,15,9,458,0.4738
8.098,8.196,0.0,2849.31,6.0,96.099,0.8,,0,-94.301,3,15,6,1030,0.4757
9.192,9.857,0.0288,2898.31,6.0,95.829,0.85,,2,-94.203,3,15,9,1024,0.4727
9.177,10.328,0.0,6663.88,6.0,92.557,0.9,,3,-86.672,3,15,9,840,0.4714
9.07,10.169,0.0,14817.56,6.0,88.427,0.95,,4,-70.365,3,15,9,637,0.4725
9.416,10.387,0.0,15011.38,6.0,86.548,1.0,,4,-69.977,3,15,9,458,0.4738
8.251,8.287,0.0,2239.44,6.0,97.148,0.8,,0,-95.521,4,15,4,595,0.4655
8.232,8.27,0.0,2209.69,6.0,97.031,0.85,,0,-95.581,4,15,6,693,0.4762
8.828,9.924,0.0,2114.75,6.0,97.095,0.9,,1,-95.77,4,15,7,642,0.4657
9.07,10.169,0.0,5613.88,6.0,96.25,0.95,,4,-88.772,4,15,9,637,0.4725
9.416,10.387,0.0,5937.63,6.0,95.461,1.0,,4,-88.125,4,15,9,458,0.4738
8.258,8.367,0.0,1784.87,6.0,97.77,0.8,,0,-96.43,5,15,4,569,0.4675
8.198,8.27,0.0211,1714.44,6.0,97.893,0.85,,1,-96.571,5,15,6,690,0.4783
8.8,9.924,0.0,668.81,6.0,99.14,0.9,,0,-98.662,5,15,7,639,0.4679
8.751,9.617,0.0,1546.44,6.0,98.637,0.95,,3,-96.907,5,15,7,489,0.4581
8.823,9.337,0.0,1731.06,6.0,98.157,1.0,,2,-96.538,5,15,7,343,0.4606
8.425,7.885,0.0,1350.0,6.0,98.411,0.8,,0,-97.3,6,15,3,348,0.4713
8.414,8.378,0.0,1480.37,6.0,98.309,0.85,,0,-97.039,6,15,4,407,0.4693
8.138,8.428,0.0,1399.44,6.0,98.331,0.9,,0,-97.201,6,15,6,527,0.4763
8.67,9.616,0.0,926.06,6.0,99.262,0.95,,2,-98.148,6,15,7,484,0.4607
8.823,9.337,0.0,1320.69,6.0,98.743,1.0,,2,-97.359,6,15,7,343,0.4606
8.425,7.885,0.0,1350.0,6.0,98.411,0.8,,0,-97.3,7,15,3,348,0.4713
8.414,8.378,0.0,1480.37,6.0,98.309,0.85,,0,-97.039,7,15,4,407,0.4693
8.138,8.428,0.0,1399.44,6.0,98.331,0.9,,0,-97.201,7,15,6,527,0.4763
8.67,9.616,0.0,926.06,6.0,99.262,0.95,,2,-98.148,7,15,7,484,0.4607
8.823,9.337,0.0,1320.69,6.0,98.743,1.0,,2,-97.359,7,15,7,343,0.4606
8.425,7.885,0.0,1350.0,6.0,98.411,0.8,,0,-97.3,8,15,3,348,0.4713
8.414,8.378,0.0,1480.37,6.0,98.309,0.85,,0,-97.039,8,15,4,407,0.4693
8.138,8.428,0.0,1399.44,6.0,98.331,0.9,,0,-97.201,8,15,6,527,0.4763
8.67,9.616,0.0,926.06,6.0,99.262,0.95,,2,-98.148,8,15,7,484,0.4607
8.823,9.337,0.0,1320.69,6.0,98.743,1.0,,2,-97.359,8,15,7,343,0.4606
8.425,7.885,0.0,1350.0,6.0,98.411,0.8,,0,-97.3,9,15,3,348,0.4713
8.414,8.378,0.0,1480.37,6.0,98.309,0.85,,0,-97.039,9,15,4,407,0.4693
8.138,8.428,0.0,1399.44,6.0,98.331,0.9,,0,-97.201,9,15,6,527,0.4763
8.67,9.616,0.0,926.06,6.0,99.262,0.95,,2,-98.148,9,15,7,484,0.4607
8.823,9.337,0.0,1320.69,6.0,98.743,1.0,,2,-97.359,9,15,7,343,0.4606
8.425,7.885,0.0,1350.0,6.0,98.411,0.8,,0,-97.3,10,15,3,348,0.4713
8.414,8.378,0.0,1480.37,6.0,98.309,0.85,,0,-97.039,10,15,4,407,0.4693
8.138,8.428,0.0,1399.44,6.0,98.331,0.9,,0,-97.201,10,15,6,527,0.4763
8.67,9.616,0.0,926.06,6.0,99.262,0.95,,2,-98.148,10,15,7,484,0.4607
8.823,9.337,0.0,1320.69,6.0,98.743,1.0,,2,-97.359,10,15,7,343,0.4606
8.829,9.894,0.0,32365.69,6.0,54.699,0.8,,3,-35.269,1,20,9,1689,0.4695
9.203,9.978,0.0865,26198.25,6.0,55.374,0.85,,2,-47.604,1,20,9,1110,0.4712
9.22,10.328,0.0035,38499.0,6.0,42.301,0.9,,5,-23.002,1,20,9,840,0.4714
9.126,10.169,0.0,45096.94,6.0,45.119,0.95,,6,-9.806,1,20,9,637,0.4725
9.47,10.387,0.0,43532.44,6.0,40.667,1.0,,5,-12.935,1,20,9,458,0.4738
8.829,9.894,0.0,8574.0,6.0,87.947,0.8,,2,-82.852,2,20,9,1689,0.4695
9.203,9.978,0.0218,11119.81,6.0,85.754,0.85,,2,-77.76,2,20,9,1110,0.4712
9.22,10.328,0.0,18284.31,6.0,76.795,0.9,,4,-63.431,2,20,9,840,0.4714
9.126,10.169,0.0,26417.88,6.0,73.521,0.95,,6,-47.164,2,20,9,637,0.4725
9.47,10.387,0.0,29214.38,6.0,70.131,1.0,,5,-41.571,2,20,9,458,0.4738
8.624,9.592,0.0,2897.0,6.0,96.034,0.8,,1,-94.206,3,20,8,1350,0.4696
9.216,9.857,0.0134,2724.62,6.0,96.079,0.85,,1,-94.551,3,20,9,1021,0.474
9.22,10.328,0.0,5497.5,6.0,93.654,0.9,,3,-89.005,3,20,9,840,0.4714
9.126,10.169,0.0,11440.06,6.0,90.664,0.95,,3,-77.12,3,20,9,637,0.4725
9.47,10.387,0.0,15130.38,6.0,87.146,1.0,,3,-69.739,3,20,9,458,0.4738
8.27,8.322,0.0,2229.81,6.0,97.16,0.8,,0,-95.54,4,20,4,575,0.4661
8.285,8.27,0.0,2246.44,6.0,96.982,0.85,,0,-95.507,4,20,6,693,0.4762
8.879,9.924,0.0,2173.81,6.0,97.014,0.9,,2,-95.652,4,20,7,645,0.4651
9.126,10.169,0.0,4160.5,6.0,96.923,0.95,,3,-91.679,4,20,9,637,0.4725
9.47,10.387,0.0,5914.88,6.0,95.488,1.0,,3,-88.17,4,20,9,458,0.4738
8.277,8.367,0.0526,1700.0,6.0,97.876,0.8,,1,-96.6,5,20,4,570,0.4667
8.25,8.27,0.0175,1747.25,6.0,97.853,0.85,,1,-96.506,5,20,6,690,0.4783
8.587,9.828,0.0,1748.56,6.0,97.752,0.9,,0,-96.503,5,20,7,622,0.4711
8.768,9.616,0.0,1775.69,6.0,98.435,0.95,,2,-96.449,5,20,7,486,0.4588
9.003,9.34,0.0,1693.0,6.0,98.197,1.0,,2,-96.614,5,20,7,348,0.4569
8.401,7.891,0.0,1446.69,6.0,98.297,0.8,,0,-97.107,6,20,3,344,0.4709
8.408,8.344,0.0,1499.19,6.0,98.288,0.85,,0,-97.002,6,20,4,397,0.471
8.199,8.428,0.0,1486.94,6.0,98.227,0.9,,1,-97.026,6,20,6,526,0.4772
8.742,9.616,0.0,1089.25,6.0,99.132,0.95,,2,-97.821,6,20,7,484,0.4607
8.893,9.337,0.0,635.13,6.0,99.395,1.0,,2,-98.73,6,20,7,343,0.4606
8.401,7.891,0.0,1446.69,6.0,98.297,0.8,,0,-97.107,7,20,3,344,0.4709
8.408,8.344,0.0,1499.19,6.0,98.288,0.85,,0,-97.002,7,20,4,397,0.471
8.199,8.428,0.0,1486.94,6.0,98.227,0.9,,1,-97.026,7,20,6,526,0.4772
8.742,9.616,0.0,1089.25,6.0,99.132,0.95,,2,-97.821,7,20,7,484,0.4607
8.893,9.337,0.0,635.13,6.0,99.395,1.0,,2,-98.73,7,20,7,343,0.4606
8.401,7.891,0.0,1446.69,6.0,98.297,0.8,,0,-97.107,8,20,3,344,0.4709
8.408,8.344,0.0,1499.19,6.0,98.288,0.85,,0,-97.002,8,20,4,397,0.471
8.199,8.428,0.0,1486.94,6.0,98.227,0.9,,1,-97.026,8,20,6,526,0.4772
8.742,9.616,0.0,1089.25,6.0,99.132,0.95,,2,-97.821,8,20,7,484,0.4607
8.893,9.337,0.0,635.13,6.0,99.395,1.0,,2,-98.73,8,20,7,343,0.4606
8.401,7.891,0.0,1446.69,6.0,98.297,0.8,,0,-97.107,9,20,3,344,0.4709
8.408,8.344,0.0,1499.19,6.0,98.288,0.85,,0,-97.002,9,20,4,397,0.471
8.199,8.428,0.0,1486.94,6.0,98.227,0.9,,1,-97.026,9,20,6,526,0.4772
8.742,9.616,0.0,1089.25,6.0,99.132,0.95,,2,-97.821,9,20,7,484,0.4607
8.893,9.337,0.0,635.13,6.0,99.395,1.0,,2,-98.73,9,20,7,343,0.4606
8.401,7.891,0.0,1446.69,6.0,98.297,0.8,,0,-97.107,10,20,3,344,0.4709
8.408,8.344,0.0,1499.19,6.0,98.288,0.85,,0,-97.002,10,20,4,397,0.471
8.199,8.428,0.0,1486.94,6.0,98.227,0.9,,1,-97.026,10,20,6,526,0.4772
8.742,9.616,0.0,1089.25,6.0,99.132,0.95,,2,-97.821,10,20,7,484,0.4607
8.893,9.337,0.0,635.13,6.0,99.395,1.0,,2,-98.73,10,20,7,343,0.4606
8.826,9.894,0.0,32580.5,6.0,54.412,0.8,,3,-34.839,1,25,9,1689,0.4695
9.203,9.978,0.0865,26198.25,6.0,55.374,0.85,,2,-47.604,1,25,9,1110,0.4712
9.22,10.328,0.0035,38499.0,6.0,42.301,0.9,,5,-23.002,1,25,9,840,0.4714
9.126,10.169,0.0,45096.94,6.0,45.119,0.95,,6,-9.806,1,25,9,637,0.4725
9.47,10.387,0.0,43532.44,6.0,40.667,1.0,,5,-12.935,1,25,9,458,0.4738
8.826,9.894,0.0,8651.44,6.0,87.776,0.8,,2,-82.697,2,25,9,1689,0.4695
9.203,9.978,0.0218,11119.81,6.0,85.754,0.85,,2,-77.76,2,25,9,1110,0.4712
9.22,10.328,0.0,18284.31,6.0,76.795,0.9,,4,-63.431,2,25,9,840,0.4714
9.126,10.169,0.0,26417.88,6.0,73.521,0.95,,6,-47.164,2,25,9,637,0.4725
9.47,10.387,0.0,29214.38,6.0,70.131,1.0,,5,-41.571,2,25,9,458,0.4738
8.62,9.592,0.0,2974.0,6.0,95.929,0.8,,1,-94.052,3,25,8,1350,0.4696
9.216,9.857,0.0134,2724.62,6.0,96.079,0.85,,1,-94.551,3,25,9,1021,0.474
9.22,10.328,0.0,5497.5,6.0,93.654,0.9,,3,-89.005,3,25,9,840,0.4714
9.126,10.169,0.0,11440.06,6.0,90.664,0.95,,3,-77.12,3,25,9,637,0.4725
9.47,10.387,0.0,15130.38,6.0,87.146,1.0,,3,-69.739,3,25,9,458,0.4738
8.27,8.322,0.0,2229.81,6.0,97.16,0.8,,0,-95.54,4,25,4,575,0.4661
8.285,8.27,0.0,2246.44,6.0,96.982,0.85,,0,-95.507,4,25,6,693,0.4762
8.879,9.924,0.0,2173.81,6.0,97.014,0.9,,2,-95.652,4,25,7,645,0.4651
9.126,10.169,0.0,4160.5,6.0,96.923,0.95,,3,-91.679,4,25,9,637,0.4725
9.47,10.387,0.0,5914.88,6.0,95.488,1.0,,3,-88.17,4,25,9,458,0.4738
8.277,8.367,0.0526,1700.0,6.0,97.876,0.8,,1,-96.6,5,25,4,570,0.4667
8.25,8.27,0.0175,1747.25,6.0,97.853,0.85,,1,-96.506,5,25,6,690,0.4783
8.587,9.828,0.0,1748.56,6.0,97.752,0.9,,0,-96.503,5,25,7,622,0.4711
8.768,9.616,0.0,1775.69,6.0,98.435,0.95,,2,-96.449,5,25,7,486,0.4588
9.003,9.34,0.0,1693.0,6.0,98.197,1.0,,2,-96.614,5,25,7,348,0.4569
8.401,7.891,0.0,1446.69,6.0,98.297,0.8,,0,-97.107,6,25,3,344,0.4709
8.408,8.344,0.0,1499.19,6.0,98.288,0.85,,0,-97.002,6,25,4,397,0.471
8.199,8.428,0.0,1486.94,6.0,98.227,0.9,,1,-97.026,6,25,6,526,0.4772
8.742,9.616,0.0,1089.25,6.0,99.132,0.95,,2,-97.821,6,25,7,484,0.4607
8.893,9.337,0.0,635.13,6.0,99.395,1.0,,2,-98.73,6,25,7,343,0.4606
8.401,7.891,0.0,1446.69,6.0,98.297,0.8,,0,-97.107,7,25,3,344,0.4709
8.408,8.344,0.0,1499.19,6.0,98.288,0.85,,0,-97.002,7,25,4,397,0.471
8.199,8.428,0.0,1486.94,6.0,98.227,0.9,,1,-97.026,7,25,6,526,0.4772
8.742,9.616,0.0,1089.25,6.0,99.132,0.95,,2,-97.821,7,25,7,484,0.4607
8.893,9.337,0.0,635.13,6.0,99.395,1.0,,2,-98.73,7,25,7,343,0.4606
8.401,7.891,0.0,1446.69,6.0,98.297,0.8,,0,-97.107,8,25,3,344,0.4709
8.408,8.344,0.0,1499.19,6.0,98.288,0.85,,0,-97.002,8,25,4,397,0.471
8.199,8.428,0.0,1486.94,6.0,98.227,0.9,,1,-97.026,8,25,6,526,0.4772
8.742,9.616,0.0,1089.25,6.0,99.132,0.95,,2,-97.821,8,25,7,484,0.4607
8.893,9.337,0.0,635.13,6.0,99.395,1.0,,2,-98.73,8,25,7,343,0.4606
8.401,7.891,0.0,1446.69,6.0,98.297,0.8,,0,-97.107,9,25,3,344,0.4709
8.408,8.344,0.0,1499.19,6.0,98.288,0.85,,0,-97.002,9,25,4,397,0.471
8.199,8.428,0.0,1486.94,6.0,98.227,0.9,,1,-97.026,9,25,6,526,0.4772
8.742,9.616,0.0,1089.25,6.0,99.132,0.95,,2,-97.821,9,25,7,484,0.4607
8.893,9.337,0.0,635.13,6.0,99.395,1.0,,2,-98.73,9,25,7,343,0.4606
8.401,7.891,0.0,1446.69,6.0,98.297,0.8,,0,-97.107,10,25,3,344,0.4709
8.408,8.344,0.0,1499.19,6.0,98.288,0.85,,0,-97.002,10,25,4,397,0.471
8.199,8.428,0.0,1486.94,6.0,98.227,0.9,,1,-97.026,10,25,6,526,0.4772
8.742,9.616,0.0,1089.25,6.0,99.132,0.95,,2,-97.821,10,25,7,484,0.4607
8.893,9.337,0.0,635.13,6.0,99.395,1.0,,2,-98.73,10,25,7,343,0.4606
8.833,9.892,0.0,32089.19,6.0,55.084,0.8,,3,-35.822,1,30,9,1689,0.4689
9.203,9.978,0.0865,26198.25,6.0,55.374,0.85,,2,-47.604,1,30,9,1110,0.4712
9.22,10.328,0.0035,38499.0,6.0,42.301,0.9,,5,-23.002,1,30,9,840,0.4714
9.126,10.169,0.0,45096.94,6.0,45.119,0.95,,6,-9.806,1,30,9,637,0.4725
9.47,10.387,0.0,43532.44,6.0,40.667,1.0,,5,-12.935,1,30,9,458,0.4738
8.833,9.892,0.0,8108.06,6.0,89.075,0.8,,3,-83.784,2,30,9,1689,0.4689
9.203,9.978,0.0218,11119.81,6.0,85.754,0.85,,2,-77.76,2,30,9,1110,0.4712
9.22,10.328,0.0,18284.31,6.0,76.795,0.9,,4,-63.431,2,30,9,840,0.4714
9.126,10.169,0.0,26417.88,6.0,73.521,0.95,,6,-47.164,2,30,9,637,0.4725
9.47,10.387,0.0,29214.38,6.0,70.131,1.0,,5,-41.571,2,30,9,458,0.4738
8.628,9.589,0.0,2974.44,6.0,95.928,0.8,,1,-94.051,3,30,8,1350,0.4689
9.216,9.857,0.0134,2724.62,6.0,96.079,0.85,,1,-94.551,3,30,9,1021,0.474
9.22,10.328,0.0,5497.5,6.0,93.654,0.9,,3,-89.005,3,30,9,840,0.4714
9.126,10.169,0.0,11440.06,6.0,90.664,0.95,,3,-77.12,3,30,9,637,0.4725
9.47,10.387,0.0,15130.38,6.0,87.146,1.0,,3,-69.739,3,30,9,458,0.4738
8.27,8.322,0.0,2229.81,6.0,97.16,0.8,,0,-95.54,4,30,4,575,0.4661
8.285,8.27,0.0,2246.44,6.0,96.982,0.85,,0,-95.507,4,30,6,693,0.4762
8.879,9.924,0.0,2173.81,6.0,97.014,0.9,,2,-95.652,4,30,7,645,0.4651
9.126,10.169,0.0,4160.5,6.0,96.923,0.95,,3,-91.679,4,30,9,637,0.4725
9.47,10.387,0.0,5914.88,6.0,95.488,1.0,,3,-88.17,4,30,9,458,0.4738
8.277,8.367,0.0526,1700.0,6.0,97.876,0.8,,1,-96.6,5,30,4,570,0.4667
8.25,8.27,0.0175,1747.25,6.0,97.853,0.85,,1,-96.506,5,30,6,690,0.4783
8.587,9.828,0.0,1748.56,6.0,97.752,0.9,,0,-96.503,5,30,7,622,0.4711
8.768,9.616,0.0,1775.69,6.0,98.435,0.95,,2,-96.449,5,30,7,486,0.4588
9.003,9.34,0.0,1693.0,6.0,98.197,1.0,,2,-96.614,5,30,7,348,0.4569
8.401,7.891,0.0,1446.69,6.0,98.297,0.8,,0,-97.107,6,30,3,344,0.4709
8.408,8.344,0.0,1499.19,6.0,98.288,0.85,,0,-97.002,6,30,4,397,0.471
8.199,8.428,0.0,1486.94,6.0,98.227,0.9,,1,-97.026,6,30,6,526,0.4772
8.742,9.616,0.0,1089.25,6.0,99.132,0.95,,2,-97.821,6,30,7,484,0.4607
8.893,9.337,0.0,635.13,6.0,99.395,1.0,,2,-98.73,6,30,7,343,0.4606
8.401,7.891,0.0,1446.69,6.0,98.297,0.8,,0,-97.107,7,30,3,344,0.4709
8.408,8.344,0.0,1499.19,6.0,98.288,0.85,,0,-97.002,7,30,4,397,0.471
8.199,8.428,0.0,1486.94,6.0,98.227,0.9,,1,-97.026,7,30,6,526,0.4772
8.742,9.616,0.0,1089.25,6.0,99.132,0.95,,2,-97.821,7,30,7,484,0.4607
8.893,9.337,0.0,635.13,6.0,99.395,1.0,,2,-98.73,7,30,7,343,0.4606
8.401,7.891,0.0,1446.69,6.0,98.297,0.8,,0,-97.107,8,30,3,344,0.4709
8.408,8.344,0.0,1499.19,6.0,98.288,0.85,,0,-97.002,8,30,4,397,0.471
8.199,8.428,0.0,1486.94,6.0,98.227,0.9,,1,-97.026,8,30,6,526,0.4772
8.742,9.616,0.0,1089.25,6.0,99.132,0.95,,2,-97.821,8,30,7,484,0.4607
8.893,9.337,0.0,635.13,6.0,99.395,1.0,,2,-98.73,8,30,7,343,0.4606
8.401,7.891,0.0,1446.69,6.0,98.297,0.8,,0,-97.107,9,30,3,344,0.4709
8.408,8.344,0.0,1499.19,6.0,98.288,0.85,,0,-97.002,9,30,4,397,0.471
8.199,8.428,0.0,1486.94,6.0,98.227,0.9,,1,-97.026,9,30,6,526,0.4772
8.742,9.616,0.0,1089.25,6.0,99.132,0.95,,2,-97.821,9,30,7,484,0.4607
8.893,9.337,0.0,635.13,6.0,99.395,1.0,,2,-98.73,9,30,7,343,0.4606
8.401,7.891,0.0,1446.69,6.0,98.297,0.8,,0,-97.107,10,30,3,344,0.4709
8.408,8.344,0.0,1499.19,6.0,98.288,0.85,,0,-97.002,10,30,4,397,0.471
8.199,8.428,0.0,1486.94,6.0,98.227,0.9,,1,-97.026,10,30,6,526,0.4772
8.742,9.616,0.0,1089.25,6.0,99.132,0.95,,2,-97.821,10,30,7,484,0.4607
8.893,9.337,0.0,635.13,6.0,99.395,1.0,,2,-98.73,10,30,7,343,0.4606
8.833,9.892,0.0,32089.19,6.0,55.084,0.8,,3,-35.822,1,35,9,1689,0.4689
9.203,9.978,0.0865,26198.25,6.0,55.374,0.85,,2,-47.604,1,35,9,1110,0.4712
9.22,10.328,0.0035,38499.0,6.0,42.301,0.9,,5,-23.002,1,35,9,840,0.4714
9.126,10.169,0.0,45096.94,6.0,45.119,0.95,,6,-9.806,1,35,9,637,0.4725
9.47,10.387,0.0,43532.44,6.0,40.667,1.0,,5,-12.935,1,35,9,458,0.4738
8.833,9.892,0.0,8108.06,6.0,89.075,0.8,,3,-83.784,2,35,9,1689,0.4689
9.203,9.978,0.0218,11119.81,6.0,85.754,0.85,,2,-77.76,2,35,9,1110,0.4712
9.22,10.328,0.0,18284.31,6.0,76.795,0.9,,4,-63.431,2,35,9,840,0.4714
9.126,10.169,0.0,26417.88,6.0,73.521,0.95,,6,-47.164,2,35,9,637,0.4725
9.47,10.387,0.0,29214.38,6.0,70.131,1.0,,5,-41.571,2,35,9,458,0.4738
8.628,9.589,0.0,2974.44,6.0,95.928,0.8,,1,-94.051,3,35,8,1350,0.4689
9.216,9.857,0.0134,2724.62,6.0,96.079,0.85,,1,-94.551,3,35,9,1021,0.474
9.22,10.328,0.0,5497.5,6.0,93.654,0.9,,3,-89.005,3,35,9,840,0.4714
9.126,10.169,0.0,11440.06,6.0,90.664,0.95,,3,-77.12,3,35,9,637,0.4725
9.47,10.387,0.0,15130.38,6.0,87.146,1.0,,3,-69.739,3,35,9,458,0.4738
8.27,8.322,0.0,2229.81,6.0,97.16,0.8,,0,-95.54,4,35,4,575,0.4661
8.285,8.27,0.0,2246.44,6.0,96.982,0.85,,0,-95.507,4,35,6,693,0.4762
8.879,9.924,0.0,2173.81,6.0,97.014,0.9,,2,-95.652,4,35,7,645,0.4651
9.126,10.169,0.0,4160.5,6.0,96.923,0.95,,3,-91.679,4,35,9,637,0.4725
9.47,10.387,0.0,5914.88,6.0,95.488,1.0,,3,-88.17,4,35,9,458,0.4738
8.277,8.367,0.0526,1700.0,6.0,97.876,0.8,,1,-96.6,5,35,4,570,0.4667
8.25,8.27,0.0175,1747.25,6.0,97.853,0.85,,1,-96.506,5,35,6,690,0.4783
8.587,9.828,0.0,1748.56,6.0,97.752,0.9,,0,-96.503,5,35,7,622,0.4711
8.768,9.616,0.0,1775.69,6.0,98.435,0.95,,2,-96.449,5,35,7,486,0.4588
9.003,9.34,0.0,1693.0,6.0,98.197,1.0,,2,-96.614,5,35,7,348,0.4569
8.401,7.891,0.0,1446.69,6.0,98.297,0.8,,0,-97.107,6,35,3,344,0.4709
8.408,8.344,0.0,1499.19,6.0,98.288,0.85,,0,-97.002,6,35,4,397,0.471
8.199,8.428,0.0,1486.94,6.0,98.227,0.9,,1,-97.026,6,35,6,526,0.4772
8.742,9.616,0.0,1089.25,6.0,99.132,0.95,,2,-97.821,6,35,7,484,0.4607
8.893,9.337,0.0,635.13,6.0,99.395,1.0,,2,-98.73,6,35,7,343,0.4606
8.401,7.891,0.0,1446.69,6.0,98.297,0.8,,0,-97.107,7,35,3,344,0.4709
8.408,8.344,0.0,1499.19,6.0,98.288,0.85,,0,-97.002,7,35,4,397,0.471
8.199,8.428,0.0,1486.94,6.0,98.227,0.9,,1,-97.026,7,35,6,526,0.4772
8.742,9.616,0.0,1089.25,6.0,99.132,0.95,,2,-97.821,7,35,7,484,0.4607
8.893,9.337,0.0,635.13,6.0,99.395,1.0,,2,-98.73,7,35,7,343,0.4606
8.401,7.891,0.0,1446.69,6.0,98.297,0.8,,0,-97.107,8,35,3,344,0.4709
8.408,8.344,0.0,1499.19,6.0,98.288,0.85,,0,-97.002,8,35,4,397,0.471
8.199,8.428,0.0,1486.94,6.0,98.227,0.9,,1,-97.026,8,35,6,526,0.4772
8.742,9.616,0.0,1089.25,6.0,99.132,0.95,,2,-97.821,8,35,7,484,0.4607
8.893,9.337,0.0,635.13,6.0,99.395,1.0,,2,-98.73,8,35,7,343,0.4606
8.401,7.891,0.0,1446.69,6.0,98.297,0.8,,0,-97.107,9,35,3,344,0.4709
8.408,8.344,0.0,1499.19,6.0,98.288,0.85,,0,-97.002,9,35,4,397,0.471
8.199,8.428,0.0,1486.94,6.0,98.227,0.9,,1,-97.026,9,35,6,526,0.4772
8.742,9.616,0.0,1089.25,6.0,99.132,0.95,,2,-97.821,9,35,7,484,0.4607
8.893,9.337,0.0,635.13,6.0,99.395,1.0,,2,-98.73,9,35,7,343,0.4606
8.401,7.891,0.0,1446.69,6.0,98.297,0.8,,0,-97.107,10,35,3,344,0.4709
8.408,8.344,0.0,1499.19,6.0,98.288,0.85,,0,-97.002,10,35,4,397,0.471
8.199,8.428,0.0,1486.94,6.0,98.227,0.9,,1,-97.026,10,35,6,526,0.4772
8.742,9.616,0.0,1089.25,6.0,99.132,0.95,,2,-97.821,10,35,7,484,0.4607
8.893,9.337,0.0,635.13,6.0,99.395,1.0,,2,-98.73,10,35,7,343,0.4606
8.833,9.892,0.0,32089.19,6.0,55.084,0.8,,3,-35.822,1,40,9,1689,0.4689
9.203,9.978,0.0865,26198.25,6.0,55.374,0.85,,2,-47.604,1,40,9,1110,0.4712
9.22,10.328,0.0035,38499.0,6.0,42.301,0.9,,5,-23.002,1,40,9,840,0.4714
9.126,10.169,0.0,45096.94,6.0,45.119,0.95,,6,-9.806,1,40,9,637,0.4725
9.47,10.387,0.0,43532.44,6.0,40.667,1.0,,5,-12.935,1,40,9,458,0.4738
8.833,9.892,0.0,8108.06,6.0,89.075,0.8,,3,-83.784,2,40,9,1689,0.4689
9.203,9.978,0.0218,11119.81,6.0,85.754,0.85,,2,-77.76,2,40,9,1110,0.4712
9.22,10.328,0.0,18284.31,6.0,76.795,0.9,,4,-63.431,2,40,9,840,0.4714
9.126,10.169,0.0,26417.88,6.0,73.521,0.95,,6,-47.164,2,40,9,637,0.4725
9.47,10.387,0.0,29214.38,6.0,70.131,1.0,,5,-41.571,2,40,9,458,0.4738
8.628,9.589,0.0,2974.44,6.0,95.928,0.8,,1,-94.051,3,40,8,1350,0.4689
9.216,9.857,0.0134,2724.62,6.0,96.079,0.85,,1,-94.551,3,40,9,1021,0.474
9.22,10.328,0.0,5497.5,6.0,93.654,0.9,,3,-89.005,3,40,9,840,0.4714
9.126,10.169,0.0,11440.06,6.0,90.664,0.95,,3,-77.12,3,40,9,637,0.4725
9.47,10.387,0.0,15130.38,6.0,87.146,1.0,,3,-69.739,3,40,9,458,0.4738
8.27,8.322,0.0,2229.81,6.0,97.16,0.8,,0,-95.54,4,40,4,575,0.4661
8.285,8.27,0.0,2246.44,6.0,96.982,0.85,,0,-95.507,4,40,6,693,0.4762
8.879,9.924,0.0,2173.81,6.0,97.014,0.9,,2,-95.652,4,40,7,645,0.4651
9.126,10.169,0.0,4160.5,6.0,96.923,0.95,,3,-91.679,4,40,9,637,0.4725
9.47,10.387,0.0,5914.88,6.0,95.488,1.0,,3,-88.17,4,40,9,458,0.4738
8.277,8.367,0.0526,1700.0,6.0,97.876,0.8,,1,-96.6,5,40,4,570,0.4667
8.25,8.27,0.0175,1747.25,6.0,97.853,0.85,,1,-96.506,5,40,6,690,0.4783
8.587,9.828,0.0,1748.56,6.0,97.752,0.9,,0,-96.503,5,40,7,622,0.4711
8.768,9.616,0.0,1775.69,6.0,98.435,0.95,,2,-96.449,5,40,7,486,0.4588
9.003,9.34,0.0,1693.0,6.0,98.197,1.0,,2,-96.614,5,40,7,348,0.4569
8.401,7.891,0.0,1446.69,6.0,98.297,0.8,,0,-97.107,6,40,3,344,0.4709
8.408,8.344,0.0,1499.19,6.0,98.288,0.85,,0,-97.002,6,40,4,397,0.471
8.199,8.428,0.0,1486.94,6.0,98.227,0.9,,1,-97.026,6,40,6,526,0.4772
8.742,9.616,0.0,1089.25,6.0,99.132,0.95,,2,-97.821,6,40,7,484,0.4607
8.893,9.337,0.0,635.13,6.0,99.395,1.0,,2,-98.73,6,40,7,343,0.4606
8.401,7.891,0.0,1446.69,6.0,98.297,0.8,,0,-97.107,7,40,3,344,0.4709
8.408,8.344,0.0,1499.19,6.0,98.288,0.85,,0,-97.002,7,40,4,397,0.471
8.199,8.428,0.0,1486.94,6.0,98.227,0.9,,1,-97.026,7,40,6,526,0.4772
8.742,9.616,0.0,1089.25,6.0,99.132,0.95,,2,-97.821,7,40,7,484,0.4607
8.893,9.337,0.0,635.13,6.0,99.395,1.0,,2,-98.73,7,40,7,343,0.4606
8.401,7.891,0.0,1446.69,6.0,98.297,0.8,,0,-97.107,8,40,3,344,0.4709
8.408,8.344,0.0,1499.19,6.0,98.288,0.85,,0,-97.002,8,40,4,397,0.471
8.199,8.428,0.0,1486.94,6.0,98.227,0.9,,1,-97.026,8,40,6,526,0.4772
8.742,9.616,0.0,1089.25,6.0,99.132,0.95,,2,-97.821,8,40,7,484,0.4607
8.893,9.337,0.0,635.13,6.0,99.395,1.0,,2,-98.73,8,40,7,343,0.4606
8.401,7.891,0.0,1446.69,6.0,98.297,0.8,,0,-97.107,9,40,3,344,0.4709
8.408,8.344,0.0,1499.19,6.0,98.288,0.85,,0,-97.002,9,40,4,397,0.471
8.199,8.428,0.0,1486.94,6.0,98.227,0.9,,1,-97.026,9,40,6,526,0.4772
8.742,9.616,0.0,1089.25,6.0,99.132,0.95,,2,-97.821,9,40,7,484,0.4607
8.893,9.337,0.0,635.13,6.0,99.395,1.0,,2,-98.73,9,40,7,343,0.4606
8.401,7.891,0.0,1446.69,6.0,98.297,0.8,,0,-97.107,10,40,3,344,0.4709
8.408,8.344,0.0,1499.19,6.0,98.288,0.85,,0,-97.002,10,40,4,397,0.471
8.199,8.428,0.0,1486.94,6.0,98.227,0.9,,1,-97.026,10,40,6,526,0.4772
8.742,9.616,0.0,1089.25,6.0,99.132,0.95,,2,-97.821,10,40,7,484,0.4607
8.893,9.337,0.0,635.13,6.0,99.395,1.0,,2,-98.73,10,40,7,343,0.4606
8.833,9.892,0.0,32089.19,6.0,55.084,0.8,,3,-35.822,1,45,9,1689,0.4689
9.203,9.978,0.0865,26198.25,6.0,55.374,0.85,,2,-47.604,1,45,9,1110,0.4712
9.22,10.328,0.0035,38499.0,6.0,42.301,0.9,,5,-23.002,1,45,9,840,0.4714
9.126,10.169,0.0,45096.94,6.0,45.119,0.95,,6,-9.806,1,45,9,637,0.4725
9.47,10.387,0.0,43532.44,6.0,40.667,1.0,,5,-12.935,1,45,9,458,0.4738
8.833,9.892,0.0,8108.06,6.0,89.075,0.8,,3,-83.784,2,45,9,1689,0.4689
9.203,9.978,0.0218,11119.81,6.0,85.754,0.85,,2,-77.76,2,45,9,1110,0.4712
9.22,10.328,0.0,18284.31,6.0,76.795,0.9,,4,-63.431,2,45,9,840,0.4714
9.126,10.169,0.0,26417.88,6.0,73.521,0.95,,6,-47.164,2,45,9,637,0.4725
9.47,10.387,0.0,29214.38,6.0,70.131,1.0,,5,-41.571,2,45,9,458,0.4738
8.628,9.589,0.0,2974.44,6.0,95.928,0.8,,1,-94.051,3,45,8,1350,0.4689
9.216,9.857,0.0134,2724.62,6.0,96.079,0.85,,1,-94.551,3,45,9,1021,0.474
9.22,10.328,0.0,5497.5,6.0,93.654,0.9,,3,-89.005,3,45,9,840,0.4714
9.126,10.169,0.0,11440.06,6.0,90.664,0.95,,3,-77.12,3,45,9,637,0.4725
9.47,10.387,0.0,15130.38,6.0,87.146,1.0,,3,-69.739,3,45,9,458,0.4738
8.27,8.322,0.0,2229.81,6.0,97.16,0.8,,0,-95.54,4,45,4,575,0.4661
8.285,8.27,0.0,2246.44,6.0,96.982,0.85,,0,-95.507,4,45,6,693,0.4762
8.879,9.924,0.0,2173.81,6.0,97.014,0.9,,2,-95.652,4,45,7,645,0.4651
9.126,10.169,0.0,4160.5,6.0,96.923,0.95,,3,-91.679,4,45,9,637,0.4725
9.47,10.387,0.0,5914.88,6.0,95.488,1.0,,3,-88.17,4,45,9,458,0.4738
8.277,8.367,0.0526,1700.0,6.0,97.876,0.8,,1,-96.6,5,45,4,570,0.4667
8.25,8.27,0.0175,1747.25,6.0,97.853,0.85,,1,-96.506,5,45,6,690,0.4783
8.587,9.828,0.0,1748.56,6.0,97.752,0.9,,0,-96.503,5,45,7,622,0.4711
8.768,9.616,0.0,1775.69,6.0,98.435,0.95,,2,-96.449,5,45,7,486,0.4588
9.003,9.34,0.0,1693.0,6.0,98.197,1.0,,2,-96.614,5,45,7,348,0.4569
8.401,7.891,0.0,1446.69,6.0,98.297,0.8,,0,-97.107,6,45,3,344,0.4709
8.408,8.344,0.0,1499.19,6.0,98.288,0.85,,0,-97.002,6,45,4,397,0.471
8.199,8.428,0.0,1486.94,6.0,98.227,0.9,,1,-97.026,6,45,6,526,0.4772
8.742,9.616,0.0,1089.25,6.0,99.132,0.95,,2,-97.821,6,45,7,484,0.4607
8.893,9.337,0.0,635.13,6.0,99.395,1.0,,2,-98.73,6,45,7,343,0.4606
8.401,7.891,0.0,1446.69,6.0,98.297,0.8,,0,-97.107,7,45,3,344,0.4709
8.408,8.344,0.0,1499.19,6.0,98.288,0.85,,0,-97.002,7,45,4,397,0.471
8.199,8.428,0.0,1486.94,6.0,98.227,0.9,,1,-97.026,7,45,6,526,0.4772
8.742,9.616,0.0,1089.25,6.0,99.132,0.95,,2,-97.821,7,45,7,484,0.4607
8.893,9.337,0.0,635.13,6.0,99.395,1.0,,2,-98.73,7,45,7,343,0.4606
8.401,7.891,0.0,1446.69,6.0,98.297,0.8,,0,-97.107,8,45,3,344,0.4709
8.408,8.344,0.0,1499.19,6.0,98.288,0.85,,0,-97.002,8,45,4,397,0.471
8.199,8.428,0.0,1486.94,6.0,98.227,0.9,,1,-97.026,8,45,6,526,0.4772
8.742,9.616,0.0,1089.25,6.0,99.132,0.95,,2,-97.821,8,45,7,484,0.4607
8.893,9.337,0.0,635.13,6.0,99.395,1.0,,2,-98.73,8,45,7,343,0.4606
8.401,7.891,0.0,1446.69,6.0,98.297,0.8,,0,-97.107,9,45,3,344,0.4709
8.408,8.344,0.0,1499.19,6.0,98.288,0.85,,0,-97.002,9,45,4,397,0.471
8.199,8.428,0.0,1486.94,6.0,98.227,0.9,,1,-97.026,9,45,6,526,0.4772
8.742,9.616,0.0,1089.25,6.0,99.132,0.95,,2,-97.821,9,45,7,484,0.4607
8.893,9.337,0.0,635.13,6.0,99.395,1.0,,2,-98.73,9,45,7,343,0.4606
8.401,7.891,0.0,1446.69,6.0,98.297,0.8,,0,-97.107,10,45,3,344,0.4709
8.408,8.344,0.0,1499.19,6.0,98.288,0.85,,0,-97.002,10,45,4,397,0.471
8.199,8.428,0.0,1486.94,6.0,98.227,0.9,,1,-97.026,10,45,6,526,0.4772
8.742,9.616,0.0,1089.25,6.0,99.132,0.95,,2,-97.821,10,45,7,484,0.4607
8.893,9.337,0.0,635.13,6.0,99.395,1.0,,2,-98.73,10,45,7,343,0.4606
8.833,9.892,0.0,32089.19,6.0,55.084,0.8,,3,-35.822,1,50,9,1689,0.4689
9.203,9.978,0.0865,26198.25,6.0,55.374,0.85,,2,-47.604,1,50,9,1110,0.4712
9.22,10.328,0.0035,38499.0,6.0,42.301,0.9,,5,-23.002,1,50,9,840,0.4714
9.126,10.169,0.0,45096.94,6.0,45.119,0.95,,6,-9.806,1,50,9,637,0.4725
9.47,10.387,0.0,43532.44,6.0,40.667,1.0,,5,-12.935,1,50,9,458,0.4738
8.833,9.892,0.0,8108.06,6.0,89.075,0.8,,3,-83.784,2,50,9,1689,0.4689
9.203,9.978,0.0218,11119.81,6.0,85.754,0.85,,2,-77.76,2,50,9,1110,0.4712
9.22,10.328,0.0,18284.31,6.0,76.795,0.9,,4,-63.431,2,50,9,840,0.4714
9.126,10.169,0.0,26417.88,6.0,73.521,0.95,,6,-47.164,2,50,9,637,0.4725
9.47,10.387,0.0,29214.38,6.0,70.131,1.0,,5,-41.571,2,50,9,458,0.4738
8.628,9.589,0.0,2974.44,6.0,95.928,0.8,,1,-94.051,3,50,8,1350,0.4689
9.216,9.857,0.0134,2724.62,6.0,96.079,0.85,,1,-94.551,3,50,9,1021,0.474
9.22,10.328,0.0,5497.5,6.0,93.654,0.9,,3,-89.005,3,50,9,840,0.4714
9.126,10.169,0.0,11440.06,6.0,90.664,0.95,,3,-77.12,3,50,9,637,0.4725
9.47,10.387,0.0,15130.38,6.0,87.146,1.0,,3,-69.739,3,50,9,458,0.4738
8.27,8.322,0.0,2229.81,6.0,97.16,0.8,,0,-95.54,4,50,4,575,0.4661
8.285,8.27,0.0,2246.44,6.0,96.982,0.85,,0,-95.507,4,50,6,693,0.4762
8.879,9.924,0.0,2173.81,6.0,97.014,0.9,,2,-95.652,4,50,7,645,0.4651
9.126,10.169,0.0,4160.5,6.0,96.923,0.95,,3,-91.679,4,50,9,637,0.4725
9.47,10.387,0.0,5914.88,6.0,95.488,1.0,,3,-88.17,4,50,9,458,0.4738
8.277,8.367,0.0526,1700.0,6.0,97.876,0.8,,1,-96.6,5,50,4,570,0.4667
8.25,8.27,0.0175,1747.25,6.0,97.853,0.85,,1,-96.506,5,50,6,690,0.4783
8.587,9.828,0.0,1748.56,6.0,97.752,0.9,,0,-96.503,5,50,7,622,0.4711
8.768,9.616,0.0,1775.69,6.0,98.435,0.95,,2,-96.449,5,50,7,486,0.4588
9.003,9.34,0.0,1693.0,6.0,98.197,1.0,,2,-96.614,5,50,7,348,0.4569
8.401,7.891,0.0,1446.69,6.0,98.297,0.8,,0,-97.107,6,50,3,344,0.4709
8.408,8.344,0.0,1499.19,6.0,98.288,0.85,,0,-97.002,6,50,4,397,0.471
8.199,8.428,0.0,1486.94,6.0,98.227,0.9,,1,-97.026,6,50,6,526,0.4772
8.742,9.616,0.0,1089.25,6.0,99.132,0.95,,2,-97.821,6,50,7,484,0.4607
8.893,9.337,0.0,635.13,6.0,99.395,1.0,,2,-98.73,6,50,7,343,0.4606
8.401,7.891,0.0,1446.69,6.0,98.297,0.8,,0,-97.107,7,50,3,344,0.4709
8.408,8.344,0.0,1499.19,6.0,98.288,0.85,,0,-97.002,7,50,4,397,0.471
8.199,8.428,0.0,1486.94,6.0,98.227,0.9,,1,-97.026,7,50,6,526,0.4772
8.742,9.616,0.0,1089.25,6.0,99.132,0.95,,2,-97.821,7,50,7,484,0.4607
8.893,9.337,0.0,635.13,6.0,99.395,1.0,,2,-98.73,7,50,7,343,0.4606
8.401,7.891,0.0,1446.69,6.0,98.297,0.8,,0,-97.107,8,50,3,344,0.4709
8.408,8.344,0.0,1499.19,6.0,98.288,0.85,,0,-97.002,8,50,4,397,0.471
8.199,8.428,0.0,1486.94,6.0,98.227,0.9,,1,-97.026,8,50,6,526,0.4772
8.742,9.616,0.0,1089.25,6.0,99.132,0.95,,2,-97.821,8,50,7,484,0.4607
8.893,9.337,0.0,635.13,6.0,99.395,1.0,,2,-98.73,8,50,7,343,0.4606
8.401,7.891,0.0,1446.69,6.0,98.297,0.8,,0,-97.107,9,50,3,344,0.4709
8.408,8.344,0.0,1499.19,6.0,98.288,0.85,,0,-97.002,9,50,4,397,0.471
8.199,8.428,0.0,1486.94,6.0,98.227,0.9,,1,-97.026,9,50,6,526,0.4772
8.742,9.616,0.0,1089.25,6.0,99.132,0.95,,2,-97.821,9,50,7,484,0.4607
8.893,9.337,0.0,635.13,6.0,99.395,1.0,,2,-98.73,9,50,7,343,0.4606
8.401,7.891,0.0,1446.69,6.0,98.297,0.8,,0,-97.107,10,50,3,344,0.4709
8.408,8.344,0.0,1499.19,6.0,98.288,0.85,,0,-97.002,10,50,4,397,0.471
8.199,8.428,0.0,1486.94,6.0,98.227,0.9,,1,-97.026,10,50,6,526,0.4772
8.742,9.616,0.0,1089.25,6.0,99.132,0.95,,2,-97.821,10,50,7,484,0.4607
8.893,9.337,0.0,635.13,6.0,99.395,1.0,,2,-98.73,10,50,7,343,0.4606
8.833,9.892,0.0,32089.19,6.0,55.084,0.8,,3,-35.822,1,55,9,1689,0.4689
9.203,9.978,0.0865,26198.25,6.0,55.374,0.85,,2,-47.604,1,55,9,1110,0.4712
9.22,10.328,0.0035,38499.0,6.0,42.301,0.9,,5,-23.002,1,55,9,840,0.4714
9.126,10.169,0.0,45096.94,6.0,45.119,0.95,,6,-9.806,1,55,9,637,0.4725
9.47,10.387,0.0,43532.44,6.0,40.667,1.0,,5,-12.935,1,55,9,458,0.4738
8.833,9.892,0.0,8108.06,6.0,89.075,0.8,,3,-83.784,2,55,9,1689,0.4689
9.203,9.978,0.0218,11119.81,6.0,85.754,0.85,,2,-77.76,2,55,9,1110,0.4712
9.22,10.328,0.0,18284.31,6.0,76.795,0.9,,4,-63.431,2,55,9,840,0.4714
9.126,10.169,0.0,26417.88,6.0,73.521,0.95,,6,-47.164,2,55,9,637,0.4725
9.47,10.387,0.0,29214.38,6.0,70.131,1.0,,5,-41.571,2,55,9,458,0.4738
8.628,9.589,0.0,2974.44,6.0,95.928,0.8,,1,-94.051,3,55,8,1350,0.4689
9.216,9.857,0.0134,2724.62,6.0,96.079,0.85,,1,-94.551,3,55,9,1021,0.474
9.22,10.328,0.0,5497.5,6.0,93.654,0.9,,3,-89.005,3,55,9,840,0.4714
9.126,10.169,0.0,11440.06,6.0,90.664,0.95,,3,-77.12,3,55,9,637,0.4725
9.47,10.387,0.0,15130.38,6.0,87.146,1.0,,3,-69.739,3,55,9,458,0.4738
8.27,8.322,0.0,2229.81,6.0,97.16,0.8,,0,-95.54,4,55,4,575,0.4661
8.285,8.27,0.0,2246.44,6.0,96.982,0.85,,0,-95.507,4,55,6,693,0.4762
8.879,9.924,0.0,2173.81,6.0,97.014,0.9,,2,-95.652,4,55,7,645,0.4651
9.126,10.169,0.0,4160.5,6.0,96.923,0.95,,3,-91.679,4,55,9,637,0.4725
9.47,10.387,0.0,5914.88,6.0,95.488,1.0,,3,-88.17,4,55,9,458,0.4738
8.277,8.367,0.0526,1700.0,6.0,97.876,0.8,,1,-96.6,5,55,4,570,0.4667
8.25,8.27,0.0175,1747.25,6.0,97.853,0.85,,1,-96.506,5,55,6,690,0.4783
8.587,9.828,0.0,1748.56,6.0,97.752,0.9,,0,-96.503,5,55,7,622,0.4711
8.768,9.616,0.0,1775.69,6.0,98.435,0.95,,2,-96.449,5,55,7,486,0.4588
9.003,9.34,0.0,1693.0,6.0,98.197,1.0,,2,-96.614,5,55,7,348,0.4569
8.401,7.891,0.0,1446.69,6.0,98.297,0.8,,0,-97.107,6,55,3,344,0.4709
8.408,8.344,0.0,1499.19,6.0,98.288,0.85,,0,-97.002,6,55,4,397,0.471
8.199,8.428,0.0,1486.94,6.0,98.227,0.9,,1,-97.026,6,55,6,526,0.4772
8.742,9.616,0.0,1089.25,6.0,99.132,0.95,,2,-97.821,6,55,7,484,0.4607
8.893,9.337,0.0,635.13,6.0,99.395,1.0,,2,-98.73,6,55,7,343,0.4606
8.401,7.891,0.0,1446.69,6.0,98.297,0.8,,0,-97.107,7,55,3,344,0.4709
8.408,8.344,0.0,1499.19,6.0,98.288,0.85,,0,-97.002,7,55,4,397,0.471
8.199,8.428,0.0,1486.94,6.0,98.227,0.9,,1,-97.026,7,55,6,526,0.4772
8.742,9.616,0.0,1089.25,6.0,99.132,0.95,,2,-97.821,7,55,7,484,0.4607
8.893,9.337,0.0,635.13,6.0,99.395,1.0,,2,-98.73,7,55,7,343,0.4606
8.401,7.891,0.0,1446.69,6.0,98.297,0.8,,0,-97.107,8,55,3,344,0.4709
8.408,8.344,0.0,1499.19,6.0,98.288,0.85,,0,-97.002,8,55,4,397,0.471
8.199,8.428,0.0,1486.94,6.0,98.227,0.9,,1,-97.026,8,55,6,526,0.4772
8.742,9.616,0.0,1089.25,6.0,99.132,0.95,,2,-97.821,8,55,7,484,0.4607
8.893,9.337,0.0,635.13,6.0,99.395,1.0,,2,-98.73,8,55,7,343,0.4606
8.401,7.891,0.0,1446.69,6.0,98.297,0.8,,0,-97.107,9,55,3,344,0.4709
8.408,8.344,0.0,1499.19,6.0,98.288,0.85,,0,-97.002,9,55,4,397,0.471
8.199,8.428,0.0,1486.94,6.0,98.227,0.9,,1,-97.026,9,55,6,526,0.4772
8.742,9.616,0.0,1089.25,6.0,99.132,0.95,,2,-97.821,9,55,7,484,0.4607
8.893,9.337,0.0,635.13,6.0,99.395,1.0,,2,-98.73,9,55,7,343,0.4606
8.401,7.891,0.0,1446.69,6.0,98.297,0.8,,0,-97.107,10,55,3,344,0.4709
8.408,8.344,0.0,1499.19,6.0,98.288,0.85,,0,-97.002,10,55,4,397,0.471
8.199,8.428,0.0,1486.94,6.0,98.227,0.9,,1,-97.026,10,55,6,526,0.4772
8.742,9.616,0.0,1089.25,6.0,99.132,0.95,,2,-97.821,10,55,7,484,0.4607
8.893,9.337,0.0,635.13,6.0,99.395,1.0,,2,-98.73,10,55,7,343,0.4606
8.833,9.892,0.0,32089.19,6.0,55.084,0.8,,3,-35.822,1,60,9,1689,0.4689
9.203,9.978,0.0865,26198.25,6.0,55.374,0.85,,2,-47.604,1,60,9,1110,0.4712
9.22,10.328,0.0035,38499.0,6.0,42.301,0.9,,5,-23.002,1,60,9,840,0.4714
9.126,10.169,0.0,45096.94,6.0,45.119,0.95,,6,-9.806,1,60,9,637,0.4725
9.47,10.387,0.0,43532.44,6.0,40.667,1.0,,5,-12.935,1,60,9,458,0.4738
8.833,9.892,0.0,8108.06,6.0,89.075,0.8,,3,-83.784,2,60,9,1689,0.4689
9.203,9.978,0.0218,11119.81,6.0,85.754,0.85,,2,-77.76,2,60,9,1110,0.4712
9.22,10.328,0.0,18284.31,6.0,76.795,0.9,,4,-63.431,2,60,9,840,0.4714
9.126,10.169,0.0,26417.88,6.0,73.521,0.95,,6,-47.164,2,60,9,637,0.4725
9.47,10.387,0.0,29214.38,6.0,70.131,1.0,,5,-41.571,2,60,9,458,0.4738
8.628,9.589,0.0,2974.44,6.0,95.928,0.8,,1,-94.051,3,60,8,1350,0.4689
9.216,9.857,0.0134,2724.62,6.0,96.079,0.85,,1,-94.551,3,60,9,1021,0.474
9.22,10.328,0.0,5497.5,6.0,93.654,0.9,,3,-89.005,3,60,9,840,0.4714
9.126,10.169,0.0,11440.06,6.0,90.664,0.95,,3,-77.12,3,60,9,637,0.4725
9.47,10.387,0.0,15130.38,6.0,87.146,1.0,,3,-69.739,3,60,9,458,0.4738
8.27,8.322,0.0,2229.81,6.0,97.16,0.8,,0,-95.54,4,60,4,575,0.4661
8.285,8.27,0.0,2246.44,6.0,96.982,0.85,,0,-95.507,4,60,6,693,0.4762
8.879,9.924,0.0,2173.81,6.0,97.014,0.9,,2,-95.652,4,60,7,645,0.4651
9.126,10.169,0.0,4160.5,6.0,96.923,0.95,,3,-91.679,4,60,9,637,0.4725
9.47,10.387,0.0,5914.88,6.0,95.488,1.0,,3,-88.17,4,60,9,458,0.4738
8.277,8.367,0.0526,1700.0,6.0,97.876,0.8,,1,-96.6,5,60,4,570,0.4667
8.25,8.27,0.0175,1747.25,6.0,97.853,0.85,,1,-96.506,5,60,6,690,0.4783
8.587,9.828,0.0,1748.56,6.0,97.752,0.9,,0,-96.503,5,60,7,622,0.4711
8.768,9.616,0.0,1775.69,6.0,98.435,0.95,,2,-96.449,5,60,7,486,0.4588
9.003,9.34,0.0,1693.0,6.0,98.197,1.0,,2,-96.614,5,60,7,348,0.4569
8.401,7.891,0.0,1446.69,6.0,98.297,0.8,,0,-97.107,6,60,3,344,0.4709
8.408,8.344,0.0,1499.19,6.0,98.288,0.85,,0,-97.002,6,60,4,397,0.471
8.199,8.428,0.0,1486.94,6.0,98.227,0.9,,1,-97.026,6,60,6,526,0.4772
8.742,9.616,0.0,1089.25,6.0,99.132,0.95,,2,-97.821,6,60,7,484,0.4607
8.893,9.337,0.0,635.13,6.0,99.395,1.0,,2,-98.73,6,60,7,343,0.4606
8.401,7.891,0.0,1446.69,6.0,98.297,0.8,,0,-97.107,7,60,3,344,0.4709
8.408,8.344,0.0,1499.19,6.0,98.288,0.85,,0,-97.002,7,60,4,397,0.471
8.199,8.428,0.0,1486.94,6.0,98.227,0.9,,1,-97.026,7,60,6,526,0.4772
8.742,9.616,0.0,1089.25,6.0,99.132,0.95,,2,-97.821,7,60,7,484,0.4607
8.893,9.337,0.0,635.13,6.0,99.395,1.0,,2,-98.73,7,60,7,343,0.4606
8.401,7.891,0.0,1446.69,6.0,98.297,0.8,,0,-97.107,8,60,3,344,0.4709
8.408,8.344,0.0,1499.19,6.0,98.288,0.85,,0,-97.002,8,60,4,397,0.471
8.199,8.428,0.0,1486.94,6.0,98.227,0.9,,1,-97.026,8,60,6,526,0.4772
8.742,9.616,0.0,1089.25,6.0,99.132,0.95,,2,-97.821,8,60,7,484,0.4607
8.893,9.337,0.0,635.13,6.0,99.395,1.0,,2,-98.73,8,60,7,343,0.4606
8.401,7.891,0.0,1446.69,6.0,98.297,0.8,,0,-97.107,9,60,3,344,0.4709
8.408,8.344,0.0,1499.19,6.0,98.288,0.85,,0,-97.002,9,60,4,397,0.471
8.199,8.428,0.0,1486.94,6.0,98.227,0.9,,1,-97.026,9,60,6,526,0.4772
8.742,9.616,0.0,1089.25,6.0,99.132,0.95,,2,-97.821,9,60,7,484,0.4607
8.893,9.337,0.0,635.13,6.0,99.395,1.0,,2,-98.73,9,60,7,343,0.4606
8.401,7.891,0.0,1446.69,6.0,98.297,0.8,,0,-97.107,10,60,3,344,0.4709
8.408,8.344,0.0,1499.19,6.0,98.288,0.85,,0,-97.002,10,60,4,397,0.471
8.199,8.428,0.0,1486.94,6.0,98.227,0.9,,1,-97.026,10,60,6,526,0.4772
8.742,9.616,0.0,1089.25,6.0,99.132,0.95,,2,-97.821,10,60,7,484,0.4607
8.893,9.337,0.0,635.13,6.0,99.395,1.0,,2,-98.73,10,60,7,343,0.4606
8.261,9.853,0.0,29118.56,6.5,60.478,0.8,,3,-41.763,1,5,9,1708,0.4526
8.51,10.164,0.0123,36598.94,6.5,43.286,0.85,,4,-26.802,1,5,9,1119,0.4531
8.49,10.513,0.0,47110.31,6.5,37.048,0.9,,6,-5.779,1,5,9,847,0.4498
8.513,10.398,0.0,42574.31,6.5,38.389,0.95,,6,-14.851,1,5,9,643,0.4479
8.859,10.724,0.0,44606.5,6.5,35.391,1.0,,5,-10.787,1,5,9,459,0.4488
8.261,9.853,0.0,9181.69,6.5,87.588,0.8,,1,-81.637,2,5,9,1708,0.4526
8.51,10.164,0.0,17462.25,6.5,75.85,0.85,,3,-65.076,2,5,9,1119,0.4531
8.49,10.513,0.0,25076.5,6.5,71.034,0.9,,5,-49.847,2,5,9,847,0.4498
8.513,10.398,0.0,28519.19,6.5,67.869,0.95,,5,-42.962,2,5,9,643,0.4479
8.859,10.724,0.0,29005.25,6.5,67.568,1.0,,5,-41.989,2,5,9,459,0.4488
8.261,9.853,0.0,4790.06,6.5,96.052,0.8,,2,-90.42,3,5,9,1708,0.4526
8.51,10.164,0.0,5884.69,6.5,92.027,0.85,,3,-88.231,3,5,9,1119,0.4531
8.49,10.513,0.0,8873.25,6.5,89.837,0.9,,4,-82.253,3,5,9,847,0.4498
8.513,10.398,0.0,14607.13,6.5,86.405,0.95,,5,-70.786,3,5,9,643,0.4479
8.859,10.724,0.0,15347.81,6.5,85.134,1.0,,4,-69.304,3,5,9,459,0.4488
7.508,8.083,0.0,2380.75,6.5,97.424,0.8,,0,-95.238,4,5,4,585,0.4376
8.191,9.906,0.0,2211.0,6.5,97.114,0.85,,1,-95.578,4,5,7,860,0.4488
8.261,10.229,0.0,2418.81,6.5,96.282,0.9,,1,-95.162,4,5,7,651,0.4378
8.513,10.398,0.0,5594.63,6.5,95.415,0.95,,5,-88.811,4,5,9,643,0.4479
8.859,10.724,0.0,8373.63,6.5,93.503,1.0,,4,-83.253,4,5,9,459,0.4488
7.561,8.096,0.0,1938.88,6.5,98.071,0.8,,0,-96.122,5,5,4,541,0.4418
7.563,8.566,0.0,1915.69,6.5,97.62,0.85,,0,-96.169,5,5,6,699,0.4464
7.98,10.115,0.0,1845.69,6.5,97.326,0.9,,2,-96.309,5,5,7,632,0.4415
8.165,10.017,0.0,1878.06,6.5,98.03,0.95,,4,-96.244,5,5,7,496,0.4274
8.859,10.724,0.0,3457.0,6.5,97.623,1.0,,4,-93.086,5,5,9,459,0.4488
7.683,7.608,0.0,1621.69,6.5,98.482,0.8,,0,-96.757,6,5,2,338,0.4497
7.683,8.604,0.0,1571.81,6.5,98.1,0.85,,0,-96.856,6,5,4,422,0.4336
7.526,8.735,0.0,1594.13,6.5,97.755,0.9,,1,-96.812,6,5,6,530,0.4396
8.085,10.017,0.0,1382.38,6.5,98.687,0.95,,4,-97.235,6,5,7,490,0.4306
8.281,9.828,0.0,421.63,6.5,99.563,1.0,,3,-99.157,6,5,7,344,0.4302
7.708,7.649,0.0,1494.38,6.5,98.616,0.8,,0,-97.011,7,5,2,330,0.4545
7.732,8.444,0.0,1486.94,6.5,98.181,0.85,,0,-97.026,7,5,4,392,0.4413
7.521,8.759,0.0,1247.63,6.5,98.279,0.9,,2,-97.505,7,5,6,523,0.4417
8.085,10.017,0.0,1124.25,6.5,98.994,0.95,,3,-97.751,7,5,7,490,0.4306
8.281,9.828,0.0,570.81,6.5,99.434,1.0,,2,-98.858,7,5,7,344,0.4302
7.708,7.649,0.0,1494.38,6.5,98.616,0.8,,0,-97.011,8,5,2,330,0.4545
7.732,8.444,0.0,1486.94,6.5,98.181,0.85,,0,-97.026,8,5,4,392,0.4413
7.521,8.759,0.0,1247.63,6.5,98.279,0.9,,2,-97.505,8,5,6,523,0.4417
8.085,10.017,0.0,1124.25,6.5,98.994,0.95,,3,-97.751,8,5,7,490,0.4306
8.281,9.828,0.0,570.81,6.5,99.434,1.0,,2,-98.858,8,5,7,344,0.4302
7.708,7.649,0.0,1494.38,6.5,98.616,0.8,,0,-97.011,9,5,2,330,0.4545
7.732,8.444,0.0,1486.94,6.5,98.181,0.85,,0,-97.026,9,5,4,392,0.4413
7.521,8.759,0.0,1247.63,6.5,98.279,0.9,,2,-97.505,9,5,6,523,0.4417
8.085,10.017,0.0,1124.25,6.5,98.994,0.95,,3,-97.751,9,5,7,490,0.4306
8.281,9.828,0.0,570.81,6.5,99.434,1.0,,2,-98.858,9,5,7,344,0.4302
7.708,7.649,0.0,1494.38,6.5,98.616,0.8,,0,-97.011,10,5,2,330,0.4545
7.732,8.444,0.0,1486.94,6.5,98.181,0.85,,0,-97.026,10,5,4,392,0.4413
7.521,8.759,0.0,1247.63,6.5,98.279,0.9,,2,-97.505,10,5,6,523,0.4417
8.085,10.017,0.0,1124.25,6.5,98.994,0.95,,3,-97.751,10,5,7,490,0.4306
8.281,9.828,0.0,570.81,6.5,99.434,1.0,,2,-98.858,10,5,7,344,0.4302
9.123,9.776,0.0,36535.94,6.5,51.91,0.8,,4,-26.928,1,10,9,1683,0.4825
9.456,10.001,0.1149,38689.31,6.5,43.786,0.85,,4,-22.621,1,10,9,1108,0.4856
9.54,10.334,0.0,49261.06,6.5,38.89,0.9,,6,-1.478,1,10,9,839,0.4887
9.443,10.252,0.0,51555.75,6.5,43.221,0.95,,6,3.112,1,10,9,637,0.4898
9.694,10.435,0.0,50536.38,6.5,35.777,1.0,,5,1.073,1,10,9,458,0.4869
9.123,9.776,0.0,14610.19,6.5,83.412,0.8,,2,-70.78,2,10,9,1683,0.4825
9.456,10.001,0.0392,19127.37,6.5,75.321,0.85,,2,-61.745,2,10,9,1108,0.4856
9.54,10.334,0.0,29747.25,6.5,66.104,0.9,,5,-40.505,2,10,9,839,0.4887
9.443,10.252,0.0,41417.13,6.5,71.613,0.95,,6,-17.166,2,10,9,637,0.4898
9.694,10.435,0.0,39265.94,6.5,63.644,1.0,,5,-21.468,2,10,9,458,0.4869
9.135,9.541,0.0,3224.25,6.5,95.828,0.8,,1,-93.552,3,10,9,1535,0.4853
9.456,10.001,0.0554,5570.13,6.5,93.853,0.85,,3,-88.86,3,10,9,1108,0.4856
9.54,10.334,0.0,14050.63,6.5,85.703,0.9,,4,-71.899,3,10,9,839,0.4887
9.443,10.252,0.0,26938.94,6.5,86.339,0.95,,5,-46.122,3,10,9,637,0.4898
9.694,10.435,0.0,21510.88,6.5,81.987,1.0,,4,-56.978,3,10,9,458,0.4869
8.435,8.159,0.0,2403.94,6.5,97.22,0.8,,0,-95.192,4,10,6,1020,0.4882
9.236,9.76,0.0,2336.56,6.5,96.878,0.85,,0,-95.327,4,10,7,873,0.4834
9.54,10.334,0.0,4065.13,6.5,96.548,0.9,,3,-91.87,4,10,9,839,0.4887
9.443,10.252,0.0,11280.81,6.5,94.84,0.95,,5,-77.438,4,10,9,637,0.4898
9.694,10.435,0.0,10282.0,6.5,92.491,1.0,,4,-79.436,4,10,9,458,0.4869
8.56,8.306,0.0,1917.87,6.5,97.866,0.8,,0,-96.164,5,10,4,572,0.4755
9.004,9.724,0.0,1040.69,6.5,98.665,0.85,,0,-97.919,5,10,7,837,0.4863
9.182,10.054,0.0,1872.81,6.5,97.617,0.9,,2,-96.254,5,10,7,639,0.482
9.443,10.252,0.0,3635.06,6.5,98.415,0.95,,5,-92.73,5,10,9,637,0.4898
9.699,10.276,0.0,1744.19,6.5,98.064,1.0,,3,-96.512,5,10,8,421,0.4822
8.79,7.894,0.0,1574.44,6.5,98.323,0.8,,0,-96.851,6,10,3,345,0.4812
8.4,8.43,0.0,1542.06,6.5,98.038,0.85,,0,-96.916,6,10,5,583,0.4871
8.915,9.944,0.0,1609.0,6.5,98.06,0.9,,2,-96.782,6,10,7,623,0.4864
9.08,9.857,0.0,1382.38,6.5,98.804,0.95,,3,-97.235,6,10,7,486,0.4733
9.174,9.506,0.0,1438.81,6.5,98.542,1.0,,3,-97.122,6,10,7,345,0.4696
8.686,7.841,0.0,1440.56,6.5,98.46,0.8,,0,-97.119,7,10,3,332,0.4849
8.672,8.569,0.0,1486.06,6.5,98.168,0.85,,0,-97.028,7,10,4,417,0.4796
8.92,9.963,0.0,8.63,6.5,99.99,0.9,,2,-99.983,7,10,7,621,0.4863
9.057,9.857,0.0,410.25,6.5,99.64,0.95,,3,-99.179,7,10,7,484,0.4752
9.141,9.506,0.0,790.0,6.5,99.239,1.0,,3,-98.42,7,10,7,343,0.4723
8.686,7.841,0.0,1440.56,6.5,98.46,0.8,,0,-97.119,8,10,3,332,0.4849
8.672,8.569,0.0,1486.06,6.5,98.168,0.85,,0,-97.028,8,10,4,417,0.4796
8.92,9.963,0.0,8.63,6.5,99.99,0.9,,2,-99.983,8,10,7,621,0.4863
9.057,9.857,0.0,410.25,6.5,99.64,0.95,,3,-99.179,8,10,7,484,0.4752
9.141,9.506,0.0,790.0,6.5,99.239,1.0,,3,-98.42,8,10,7,343,0.4723
8.686,7.841,0.0,1440.56,6.5,98.46,0.8,,0,-97.119,9,10,3,332,0.4849
8.672,8.569,0.0,1486.06,6.5,98.168,0.85,,0,-97.028,9,10,4,417,0.4796
8.92,9.963,0.0,8.63,6.5,99.99,0.9,,2,-99.983,9,10,7,621,0.4863
9.057,9.857,0.0,410.25,6.5,99.64,0.95,,3,-99.179,9,10,7,484,0.4752
9.141,9.506,0.0,790.0,6.5,99.239,1.0,,3,-98.42,9,10,7,343,0.4723
8.686,7.841,0.0,1440.56,6.5,98.46,0.8,,0,-97.119,10,10,3,332,0.4849
8.672,8.569,0.0,1486.06,6.5,98.168,0.85,,0,-97.028,10,10,4,417,0.4796
8.92,9.963,0.0,8.63,6.5,99.99,0.9,,2,-99.983,10,10,7,621,0.4863
9.057,9.857,0.0,410.25,6.5,99.64,0.95,,3,-99.179,10,10,7,484,0.4752
9.141,9.506,0.0,790.0,6.5,99.239,1.0,,3,-98.42,10,10,7,343,0.4723
9.227,9.776,0.0,35986.87,6.5,52.431,0.8,,4,-28.026,1,15,9,1681,0.4848
9.569,9.98,0.1537,36739.81,6.5,44.191,0.85,,3,-26.52,1,15,9,1108,0.4874
9.642,10.306,0.0,47980.5,6.5,39.294,0.9,,6,-4.039,1,15,9,839,0.4911
9.522,10.24,0.0,50980.0,6.5,42.002,0.95,,6,1.96,1,15,9,637,0.4914
9.767,10.435,0.0,49891.5,6.5,35.809,1.0,,5,-0.217,1,15,9,458,0.4869
9.227,9.776,0.0,14654.81,6.5,81.785,0.8,,3,-70.69,2,15,9,1681,0.4848
9.569,9.98,0.0651,14434.31,6.5,80.144,0.85,,2,-71.131,2,15,9,1108,0.4874
9.642,10.306,0.0,28772.5,6.5,66.908,0.9,,4,-42.455,2,15,9,839,0.4911
9.522,10.24,0.0,41995.5,6.5,71.866,0.95,,6,-16.009,2,15,9,637,0.4914
9.767,10.435,0.0,35069.88,6.5,64.123,1.0,,5,-29.86,2,15,9,458,0.4869
9.226,9.546,0.0,3096.94,6.5,95.727,0.8,,1,-93.806,3,15,9,1533,0.4873
9.569,9.98,0.0545,5544.75,6.5,93.546,0.85,,3,-88.91,3,15,9,1108,0.4874
9.642,10.306,0.0,11373.56,6.5,87.027,0.9,,3,-77.253,3,15,9,839,0.4911
9.522,10.24,0.0,24047.06,6.5,87.012,0.95,,5,-51.906,3,15,9,637,0.4914
9.767,10.435,0.0,23620.94,6.5,81.033,1.0,,4,-52.758,3,15,9,458,0.4869
8.541,8.193,0.0,2411.81,6.5,96.918,0.8,,0,-95.176,4,15,6,1014,0.4911
9.306,9.742,0.0,2337.88,6.5,96.641,0.85,,0,-95.324,4,15,7,873,0.4845
9.67,10.295,0.0,2416.63,6.5,96.529,0.9,,2,-95.167,4,15,9,778,0.4871
9.522,10.24,0.0,11403.75,6.5,94.344,0.95,,5,-77.192,4,15,9,637,0.4914
9.767,10.435,0.0,9113.0,6.5,93.475,1.0,,4,-81.774,4,15,9,458,0.4869
8.682,8.281,0.0,1857.5,6.5,97.705,0.8,,0,-96.285,5,15,4,586,0.4812
8.618,8.482,0.0,1931.0,6.5,97.298,0.85,,0,-96.138,5,15,6,678,0.4912
9.261,10.029,0.0,1844.81,6.5,97.511,0.9,,2,-96.31,5,15,7,640,0.4828
9.53,10.217,0.0,1741.13,6.5,98.548,0.95,,4,-96.518,5,15,9,586,0.4829
9.767,10.435,0.0,3567.69,6.5,97.37,1.0,,4,-92.865,5,15,9,458,0.4869
8.802,7.9,0.0,1546.0,6.5,98.075,0.8,,0,-96.908,6,15,3,341,0.4809
8.496,8.409,0.0,1623.88,6.5,97.844,0.85,,0,-96.752,6,15,5,582,0.4897
8.985,9.92,0.0,1550.81,6.5,98.004,0.9,,2,-96.898,6,15,7,624,0.4872
9.098,9.857,0.0,1611.19,6.5,98.43,0.95,,4,-96.778,6,15,7,485,0.4742
9.211,9.506,0.0,1506.19,6.5,98.403,1.0,,3,-96.988,6,15,7,343,0.4723
8.818,7.9,0.0,1429.19,6.5,98.221,0.8,,0,-97.142,7,15,3,339,0.4838
8.782,8.526,0.0,1401.19,6.5,98.192,0.85,,0,-97.198,7,15,4,406,0.4803
8.664,8.639,0.0,1430.06,6.5,98.216,0.9,,2,-97.14,7,15,6,528,0.4886
9.104,9.857,0.0,1284.81,6.5,98.79,0.95,,3,-97.43,7,15,7,484,0.4752
9.211,9.506,0.0,274.63,6.5,99.722,1.0,,2,-99.451,7,15,7,343,0.4723
8.818,7.9,0.0,1429.19,6.5,98.221,0.8,,0,-97.142,8,15,3,339,0.4838
8.782,8.526,0.0,1401.19,6.5,98.192,0.85,,0,-97.198,8,15,4,406,0.4803
8.664,8.639,0.0,1430.06,6.5,98.216,0.9,,2,-97.14,8,15,6,528,0.4886
9.104,9.857,0.0,1284.81,6.5,98.79,0.95,,3,-97.43,8,15,7,484,0.4752
9.211,9.506,0.0,274.63,6.5,99.722,1.0,,2,-99.451,8,15,7,343,0.4723
8.818,7.9,0.0,1429.19,6.5,98.221,0.8,,0,-97.142,9,15,3,339,0.4838
8.782,8.526,0.0,1401.19,6.5,98.192,0.85,,0,-97.198,9,15,4,406,0.4803
8.664,8.639,0.0,1430.06,6.5,98.216,0.9,,2,-97.14,9,15,6,528,0.4886
9.104,9.857,0.0,1284.81,6.5,98.79,0.95,,3,-97.43,9,15,7,484,0.4752
9.211,9.506,0.0,274.63,6.5,99.722,1.0,,2,-99.451,9,15,7,343,0.4723
8.818,7.9,0.0,1429.19,6.5,98.221,0.8,,0,-97.142,10,15,3,339,0.4838
8.782,8.526,0.0,1401.19,6.5,98.192,0.85,,0,-97.198,10,15,4,406,0.4803
8.664,8.639,0.0,1430.06,6.5,98.216,0.9,,2,-97.14,10,15,6,528,0.4886
9.104,9.857,0.0,1284.81,6.5,98.79,0.95,,3,-97.43,10,15,7,484,0.4752
9.211,9.506,0.0,274.63,6.5,99.722,1.0,,2,-99.451,10,15,7,343,0.4723
9.236,9.776,0.0,35901.12,6.5,52.501,0.8,,4,-28.198,1,20,9,1681,0.4848
9.601,9.98,0.1402,36520.62,6.5,44.322,0.85,,3,-26.959,1,20,9,1108,0.4874
9.684,10.306,0.0,45724.31,6.5,38.363,0.9,,5,-8.551,1,20,9,839,0.4911
9.578,10.24,0.0,50070.44,6.5,41.532,0.95,,6,0.141,1,20,9,637,0.4914
9.819,10.435,0.0,47895.63,6.5,36.041,1.0,,5,-4.209,1,20,9,458,0.4869
9.236,9.776,0.0,14638.62,6.5,82.007,0.8,,2,-70.723,2,20,9,1681,0.4848
9.601,9.98,0.0554,14426.87,6.5,80.887,0.85,,2,-71.146,2,20,9,1108,0.4874
9.684,10.306,0.0,28688.06,6.5,66.411,0.9,,5,-42.624,2,20,9,839,0.4911
9.578,10.24,0.0,41979.31,6.5,70.378,0.95,,6,-16.041,2,20,9,637,0.4914
9.819,10.435,0.0,34319.13,6.5,64.427,1.0,,5,-31.362,2,20,9,458,0.4869
9.254,9.602,0.0,3236.94,6.5,95.613,0.8,,1,-93.526,3,20,8,1463,0.4874
9.601,9.98,0.0422,5515.44,6.5,93.59,0.85,,2,-88.969,3,20,9,1108,0.4874
9.684,10.306,0.0,11396.31,6.5,86.925,0.9,,3,-77.207,3,20,9,839,0.4911
9.578,10.24,0.0,24061.06,6.5,86.229,0.95,,5,-51.878,3,20,9,637,0.4914
9.819,10.435,0.0,20708.06,6.5,83.26,1.0,,4,-58.584,3,20,9,458,0.4869
8.555,8.193,0.0,2401.31,6.5,97.01,0.8,,0,-95.197,4,20,6,1014,0.4911
9.185,9.716,0.0248,2400.0,6.5,96.551,0.85,,1,-95.2,4,20,7,851,0.4853
9.713,10.274,0.0,2357.13,6.5,96.615,0.9,,2,-95.286,4,20,9,780,0.4872
9.578,10.24,0.0,9547.0,6.5,94.533,0.95,,5,-80.906,4,20,9,637,0.4914
9.819,10.435,0.0,9505.44,6.5,92.553,1.0,,4,-80.989,4,20,9,458,0.4869
8.694,8.281,0.0,1850.94,6.5,97.74,0.8,,0,-96.298,5,20,4,586,0.4812
8.665,8.482,0.0,1848.31,6.5,97.414,0.85,,0,-96.303,5,20,6,679,0.4904
9.313,10.029,0.0,1522.38,6.5,97.946,0.9,,2,-96.955,5,20,7,638,0.4843
9.578,10.24,0.0,3628.5,6.5,98.044,0.95,,5,-92.743,5,20,9,637,0.4914
9.827,10.276,0.0,1931.0,6.5,97.777,1.0,,3,-96.138,5,20,9,423,0.4799
8.827,7.9,0.0,1563.94,6.5,98.078,0.8,,0,-96.872,6,20,3,341,0.4809
8.812,8.569,0.0,1581.88,6.5,97.9,0.85,,0,-96.836,6,20,4,418,0.4785
9.042,9.92,0.0,1556.5,6.5,97.997,0.9,,2,-96.887,6,20,7,624,0.4872
9.175,9.857,0.0,980.31,6.5,99.028,0.95,,4,-98.039,6,20,7,484,0.4752
9.278,9.506,0.0,1407.75,6.5,98.508,1.0,,3,-97.184,6,20,7,343,0.4723
8.788,7.841,0.0,1416.06,6.5,98.301,0.8,,0,-97.168,7,20,3,332,0.4849
8.752,8.495,0.0,1493.5,6.5,98.073,0.85,,0,-97.013,7,20,4,397,0.4811
8.696,8.639,0.0,1355.25,6.5,98.309,0.9,,1,-97.289,7,20,6,526,0.4905
9.175,9.857,0.0,1012.25,6.5,99.046,0.95,,3,-97.975,7,20,7,484,0.4752
9.278,9.506,0.0,756.31,6.5,99.234,1.0,,2,-98.487,7,20,7,343,0.4723
8.788,7.841,0.0,1416.06,6.5,98.301,0.8,,0,-97.168,8,20,3,332,0.4849
8.752,8.495,0.0,1493.5,6.5,98.073,0.85,,0,-97.013,8,20,4,397,0.4811
8.696,8.639,0.0,1355.25,6.5,98.309,0.9,,1,-97.289,8,20,6,526,0.4905
9.175,9.857,0.0,1012.25,6.5,99.046,0.95,,3,-97.975,8,20,7,484,0.4752
9.278,9.506,0.0,756.31,6.5,99.234,1.0,,2,-98.487,8,20,7,343,0.4723
8.788,7.841,0.0,1416.06,6.5,98.301,0.8,,0,-97.168,9,20,3,332,0.4849
8.752,8.495,0.0,1493.5,6.5,98.073,0.85,,0,-97.013,9,20,4,397,0.4811
8.696,8.639,0.0,1355.25,6.5,98.309,0.9,,1,-97.289,9,20,6,526,0.4905
9.175,9.857,0.0,1012.25,6.5,99.046,0.95,,3,-97.975,9,20,7,484,0.4752
9.278,9.506,0.0,756.31,6.5,99.234,1.0,,2,-98.487,9,20,7,343,0.4723
8.788,7.841,0.0,1416.06,6.5,98.301,0.8,,0,-97.168,10,20,3,332,0.4849
8.752,8.495,0.0,1493.5,6.5,98.073,0.85,,0,-97.013,10,20,4,397,0.4811
8.696,8.639,0.0,1355.25,6.5,98.309,0.9,,1,-97.289,10,20,6,526,0.4905
9.175,9.857,0.0,1012.25,6.5,99.046,0.95,,3,-97.975,10,20,7,484,0.4752
9.278,9.506,0.0,756.31,6.5,99.234,1.0,,2,-98.487,10,20,7,343,0.4723
9.3,9.776,0.003,29242.37,6.5,55.468,0.8,,4,-41.515,1,25,9,1681,0.4848
9.609,9.98,0.1434,36403.81,6.5,44.394,0.85,,3,-27.192,1,25,9,1108,0.4874
9.696,10.306,0.0,45741.37,6.5,38.352,0.9,,6,-8.517,1,25,9,839,0.4911
9.593,10.24,0.0,49982.06,6.5,41.499,0.95,,6,-0.036,1,25,9,637,0.4914
9.84,10.435,0.0,47879.44,6.5,35.921,1.0,,5,-4.241,1,25,9,458,0.4869
9.3,9.776,0.0075,9670.37,6.5,85.146,0.8,,2,-80.659,2,25,9,1681,0.4848
9.609,9.98,0.0887,14115.37,6.5,81.553,0.85,,3,-71.769,2,25,9,1108,0.4874
9.696,10.306,0.0,28735.75,6.5,66.424,0.9,,5,-42.528,2,25,9,839,0.4911
9.593,10.24,0.0,40804.63,6.5,70.42,0.95,,6,-18.391,2,25,9,637,0.4914
9.84,10.435,0.0,34301.63,6.5,64.455,1.0,,5,-31.397,2,25,9,458,0.4869
8.668,8.172,0.0,3210.69,6.5,94.938,0.8,,0,-93.579,3,25,6,1023,0.4888
9.609,9.98,0.0438,5558.75,6.5,93.524,0.85,,2,-88.882,3,25,9,1108,0.4874
9.696,10.306,0.0,10826.25,6.5,88.077,0.9,,4,-78.347,3,25,9,839,0.4911
9.593,10.24,0.0,22391.56,6.5,86.401,0.95,,5,-55.217,3,25,9,637,0.4914
9.84,10.435,0.0,20804.31,6.5,82.701,1.0,,5,-58.391,3,25,9,458,0.4869
8.663,8.193,0.0,2385.13,6.5,96.509,0.8,,0,-95.23,4,25,6,1014,0.4911
9.197,9.716,0.0253,2279.69,6.5,96.724,0.85,,1,-95.441,4,25,7,851,0.4853
9.696,10.306,0.0,4013.06,6.5,96.379,0.9,,3,-91.974,4,25,9,839,0.4911
9.593,10.24,0.0,9590.31,6.5,94.47,0.95,,5,-80.819,4,25,9,637,0.4914
9.84,10.435,0.0,9497.13,6.5,92.564,1.0,,4,-81.006,4,25,9,458,0.4869
9.189,7.894,0.0,1862.75,6.5,97.451,0.8,,0,-96.275,5,25,3,346,0.4798
8.685,8.482,0.0,1941.5,6.5,97.284,0.85,,0,-96.117,5,25,6,678,0.4912
9.328,10.029,0.0,1532.0,6.5,97.933,0.9,,2,-96.936,5,25,7,638,0.4843
9.606,10.217,0.0,1799.75,6.5,98.238,0.95,,4,-96.4,5,25,9,586,0.4829
9.85,10.276,0.0,1738.5,6.5,97.998,1.0,,3,-96.523,5,25,9,423,0.4799
9.242,7.746,0.0,1543.37,6.5,98.018,0.8,,0,-96.913,6,25,2,308,0.4968
8.575,8.409,0.0,1518.0,6.5,97.985,0.85,,0,-96.964,6,25,5,583,0.4889
9.058,9.92,0.0,1585.38,6.5,97.96,0.9,,2,-96.829,6,25,7,624,0.4872
9.195,9.857,0.0,773.38,6.5,99.233,0.95,,4,-98.453,6,25,7,484,0.4752
9.306,9.506,0.0,1416.06,6.5,98.499,1.0,,3,-97.168,6,25,7,343,0.4723
9.242,7.746,0.0,1428.31,6.5,98.222,0.8,,0,-97.143,7,25,2,308,0.4968
8.837,8.526,0.0,1442.75,6.5,98.138,0.85,,0,-97.114,7,25,4,406,0.4803
8.708,8.639,0.0,1497.88,6.5,98.131,0.9,,1,-97.004,7,25,6,525,0.4914
9.195,9.857,0.0,1054.25,6.5,99.007,0.95,,3,-97.891,7,25,7,484,0.4752
9.306,9.506,0.0,1325.5,6.5,98.657,1.0,,2,-97.349,7,25,7,343,0.4723
9.242,7.746,0.0,1428.31,6.5,98.222,0.8,,0,-97.143,8,25,2,308,0.4968
8.837,8.526,0.0,1442.75,6.5,98.138,0.85,,0,-97.114,8,25,4,406,0.4803
8.708,8.639,0.0,1497.88,6.5,98.131,0.9,,1,-97.004,8,25,6,525,0.4914
9.195,9.857,0.0,1054.25,6.5,99.007,0.95,,3,-97.891,8,25,7,484,0.4752
9.306,9.506,0.0,1325.5,6.5,98.657,1.0,,2,-97.349,8,25,7,343,0.4723
9.242,7.746,0.0,1428.31,6.5,98.222,0.8,,0,-97.143,9,25,2,308,0.4968
8.837,8.526,0.0,1442.75,6.5,98.138,0.85,,0,-97.114,9,25,4,406,0.4803
8.708,8.639,0.0,1497.88,6.5,98.131,0.9,,1,-97.004,9,25,6,525,0.4914
9.195,9.857,0.0,1054.25,6.5,99.007,0.95,,3,-97.891,9,25,7,484,0.4752
9.306,9.506,0.0,1325.5,6.5,98.657,1.0,,2,-97.349,9,25,7,343,0.4723
9.242,7.746,0.0,1428.31,6.5,98.222,0.8,,0,-97.143,10,25,2,308,0.4968
8.837,8.526,0.0,1442.75,6.5,98.138,0.85,,0,-97.114,10,25,4,406,0.4803
8.708,8.639,0.0,1497.88,6.5,98.131,0.9,,1,-97.004,10,25,6,525,0.4914
9.195,9.857,0.0,1054.25,6.5,99.007,0.95,,3,-97.891,10,25,7,484,0.4752
9.306,9.506,0.0,1325.5,6.5,98.657,1.0,,2,-97.349,10,25,7,343,0.4723
9.307,9.774,0.0,29619.06,6.5,56.445,0.8,,4,-40.762,1,30,9,1681,0.4842
9.609,9.98,0.1434,36403.81,6.5,44.394,0.85,,3,-27.192,1,30,9,1108,0.4874
9.696,10.306,0.0,45741.37,6.5,38.352,0.9,,6,-8.517,1,30,9,839,0.4911
9.593,10.24,0.0,49982.06,6.5,41.499,0.95,,6,-0.036,1,30,9,637,0.4914
9.84,10.435,0.0,47879.44,6.5,35.921,1.0,,5,-4.241,1,30,9,458,0.4869
9.307,9.774,0.0133,9512.87,6.5,85.229,0.8,,2,-80.974,2,30,9,1681,0.4842
9.609,9.98,0.0887,14115.37,6.5,81.553,0.85,,3,-71.769,2,30,9,1108,0.4874
9.696,10.306,0.0,28735.75,6.5,66.424,0.9,,5,-42.528,2,30,9,839,0.4911
9.593,10.24,0.0,40804.63,6.5,70.42,0.95,,6,-18.391,2,30,9,637,0.4914
9.84,10.435,0.0,34301.63,6.5,64.455,1.0,,5,-31.397,2,30,9,458,0.4869
8.68,8.166,0.0,3236.06,6.5,94.898,0.8,,0,-93.528,3,30,6,1023,0.4878
9.609,9.98,0.0438,5558.75,6.5,93.524,0.85,,2,-88.882,3,30,9,1108,0.4874
9.696,10.306,0.0,10826.25,6.5,88.077,0.9,,4,-78.347,3,30,9,839,0.4911
9.593,10.24,0.0,22391.56,6.5,86.401,0.95,,5,-55.217,3,30,9,637,0.4914
9.84,10.435,0.0,20804.31,6.5,82.701,1.0,,5,-58.391,3,30,9,458,0.4869
8.645,8.026,0.0,2424.5,6.5,96.451,0.8,,0,-95.151,4,30,5,741,0.4872
9.197,9.716,0.0253,2279.69,6.5,96.724,0.85,,1,-95.441,4,30,7,851,0.4853
9.696,10.306,0.0,4013.06,6.5,96.379,0.9,,3,-91.974,4,30,9,839,0.4911
9.593,10.24,0.0,9590.31,6.5,94.47,0.95,,5,-80.819,4,30,9,637,0.4914
9.84,10.435,0.0,9497.13,6.5,92.564,1.0,,4,-81.006,4,30,9,458,0.4869
9.189,7.894,0.0,1862.75,6.5,97.451,0.8,,0,-96.275,5,30,3,346,0.4798
8.685,8.482,0.0,1941.5,6.5,97.284,0.85,,0,-96.117,5,30,6,678,0.4912
9.328,10.029,0.0,1532.0,6.5,97.933,0.9,,2,-96.936,5,30,7,638,0.4843
9.606,10.217,0.0,1799.75,6.5,98.238,0.95,,4,-96.4,5,30,9,586,0.4829
9.85,10.276,0.0,1738.5,6.5,97.998,1.0,,3,-96.523,5,30,9,423,0.4799
9.242,7.746,0.0,1543.37,6.5,98.018,0.8,,0,-96.913,6,30,2,308,0.4968
8.575,8.409,0.0,1518.0,6.5,97.985,0.85,,0,-96.964,6,30,5,583,0.4889
9.058,9.92,0.0,1585.38,6.5,97.96,0.9,,2,-96.829,6,30,7,624,0.4872
9.195,9.857,0.0,773.38,6.5,99.233,0.95,,4,-98.453,6,30,7,484,0.4752
9.306,9.506,0.0,1416.06,6.5,98.499,1.0,,3,-97.168,6,30,7,343,0.4723
9.242,7.746,0.0,1428.31,6.5,98.222,0.8,,0,-97.143,7,30,2,308,0.4968
8.837,8.526,0.0,1442.75,6.5,98.138,0.85,,0,-97.114,7,30,4,406,0.4803
8.708,8.639,0.0,1497.88,6.5,98.131,0.9,,1,-97.004,7,30,6,525,0.4914
9.195,9.857,0.0,1054.25,6.5,99.007,0.95,,3,-97.891,7,30,7,484,0.4752
9.306,9.506,0.0,1325.5,6.5,98.657,1.0,,2,-97.349,7,30,7,343,0.4723
9.242,7.746,0.0,1428.31,6.5,98.222,0.8,,0,-97.143,8,30,2,308,0.4968
8.837,8.526,0.0,1442.75,6.5,98.138,0.85,,0,-97.114,8,30,4,406,0.4803
8.708,8.639,0.0,1497.88,6.5,98.131,0.9,,1,-97.004,8,30,6,525,0.4914
9.195,9.857,0.0,1054.25,6.5,99.007,0.95,,3,-97.891,8,30,7,484,0.4752
9.306,9.506,0.0,1325.5,6.5,98.657,1.0,,2,-97.349,8,30,7,343,0.4723
9.242,7.746,0.0,1428.31,6.5,98.222,0.8,,0,-97.143,9,30,2,308,0.4968
8.837,8.526,0.0,1442.75,6.5,98.138,0.85,,0,-97.114,9,30,4,406,0.4803
8.708,8.639,0.0,1497.88,6.5,98.131,0.9,,1,-97.004,9,30,6,525,0.4914
9.195,9.857,0.0,1054.25,6.5,99.007,0.95,,3,-97.891,9,30,7,484,0.4752
9.306,9.506,0.0,1325.5,6.5,98.657,1.0,,2,-97.349,9,30,7,343,0.4723
9.242,7.746,0.0,1428.31,6.5,98.222,0.8,,0,-97.143,10,30,2,308,0.4968
8.837,8.526,0.0,1442.75,6.5,98.138,0.85,,0,-97.114,10,30,4,406,0.4803
8.708,8.639,0.0,1497.88,6.5,98.131,0.9,,1,-97.004,10,30,6,525,0.4914
9.195,9.857,0.0,1054.25,6.5,99.007,0.95,,3,-97.891,10,30,7,484,0.4752
9.306,9.506,0.0,1325.5,6.5,98.657,1.0,,2,-97.349,10,30,7,343,0.4723
9.307,9.774,0.0,29619.06,6.5,56.445,0.8,,4,-40.762,1,35,9,1681,0.4842
9.609,9.98,0.1434,36403.81,6.5,44.394,0.85,,3,-27.192,1,35,9,1108,0.4874
9.696,10.306,0.0,45741.37,6.5,38.352,0.9,,6,-8.517,1,35,9,839,0.4911
9.593,10.24,0.0,49982.06,6.5,41.499,0.95,,6,-0.036,1,35,9,637,0.4914
9.84,10.435,0.0,47879.44,6.5,35.921,1.0,,5,-4.241,1,35,9,458,0.4869
9.307,9.774,0.0133,9512.87,6.5,85.229,0.8,,2,-80.974,2,35,9,1681,0.4842
9.609,9.98,0.0887,14115.37,6.5,81.553,0.85,,3,-71.769,2,35,9,1108,0.4874
9.696,10.306,0.0,28735.75,6.5,66.424,0.9,,5,-42.528,2,35,9,839,0.4911
9.593,10.24,0.0,40804.63,6.5,70.42,0.95,,6,-18.391,2,35,9,637,0.4914
9.84,10.435,0.0,34301.63,6.5,64.455,1.0,,5,-31.397,2,35,9,458,0.4869
8.68,8.166,0.0,3236.06,6.5,94.898,0.8,,0,-93.528,3,35,6,1023,0.4878
9.609,9.98,0.0438,5558.75,6.5,93.524,0.85,,2,-88.882,3,35,9,1108,0.4874
9.696,10.306,0.0,10826.25,6.5,88.077,0.9,,4,-78.347,3,35,9,839,0.4911
9.593,10.24,0.0,22391.56,6.5,86.401,0.95,,5,-55.217,3,35,9,637,0.4914
9.84,10.435,0.0,20804.31,6.5,82.701,1.0,,5,-58.391,3,35,9,458,0.4869
8.645,8.026,0.0,2424.5,6.5,96.451,0.8,,0,-95.151,4,35,5,741,0.4872
9.197,9.716,0.0253,2279.69,6.5,96.724,0.85,,1,-95.441,4,35,7,851,0.4853
9.696,10.306,0.0,4013.06,6.5,96.379,0.9,,3,-91.974,4,35,9,839,0.4911
9.593,10.24,0.0,9590.31,6.5,94.47,0.95,,5,-80.819,4,35,9,637,0.4914
9.84,10.435,0.0,9497.13,6.5,92.564,1.0,,4,-81.006,4,35,9,458,0.4869
9.189,7.894,0.0,1862.75,6.5,97.451,0.8,,0,-96.275,5,35,3,346,0.4798
8.685,8.482,0.0,1941.5,6.5,97.284,0.85,,0,-96.117,5,35,6,678,0.4912
9.328,10.029,0.0,1532.0,6.5,97.933,0.9,,2,-96.936,5,35,7,638,0.4843
9.606,10.217,0.0,1799.75,6.5,98.238,0.95,,4,-96.4,5,35,9,586,0.4829
9.85,10.276,0.0,1738.5,6.5,97.998,1.0,,3,-96.523,5,35,9,423,0.4799
9.242,7.746,0.0,1543.37,6.5,98.018,0.8,,0,-96.913,6,35,2,308,0.4968
8.575,8.409,0.0,1518.0,6.5,97.985,0.85,,0,-96.964,6,35,5,583,0.4889
9.058,9.92,0.0,1585.38,6.5,97.96,0.9,,2,-96.829,6,35,7,624,0.4872
9.195,9.857,0.0,773.38,6.5,99.233,0.95,,4,-98.453,6,35,7,484,0.4752
9.306,9.506,0.0,1416.06,6.5,98.499,1.0,,3,-97.168,6,35,7,343,0.4723
9.242,7.746,0.0,1428.31,6.5,98.222,0.8,,0,-97.143,7,35,2,308,0.4968
8.837,8.526,0.0,1442.75,6.5,98.138,0.85,,0,-97.114,7,35,4,406,0.4803
8.708,8.639,0.0,1497.88,6.5,98.131,0.9,,1,-97.004,7,35,6,525,0.4914
9.195,9.857,0.0,1054.25,6.5,99.007,0.95,,3,-97.891,7,35,7,484,0.4752
9.306,9.506,0.0,1325.5,6.5,98.657,1.0,,2,-97.349,7,35,7,343,0.4723
9.242,7.746,0.0,1428.31,6.5,98.222,0.8,,0,-97.143,8,35,2,308,0.4968
8.837,8.526,0.0,1442.75,6.5,98.138,0.85,,0,-97.114,8,35,4,406,0.4803
8.708,8.639,0.0,1497.88,6.5,98.131,0.9,,1,-97.004,8,35,6,525,0.4914
9.195,9.857,0.0,1054.25,6.5,99.007,0.95,,3,-97.891,8,35,7,484,0.4752
9.306,9.506,0.0,1325.5,6.5,98.657,1.0,,2,-97.349,8,35,7,343,0.4723
9.242,7.746,0.0,1428.31,6.5,98.222,0.8,,0,-97.143,9,35,2,308,0.4968
8.837,8.526,0.0,1442.75,6.5,98.138,0.85,,0,-97.114,9,35,4,406,0.4803
8.708,8.639,0.0,1497.88,6.5,98.131,0.9,,1,-97.004,9,35,6,525,0.4914
9.195,9.857,0.0,1054.25,6.5,99.007,0.95,,3,-97.891,9,35,7,484,0.4752
9.306,9.506,0.0,1325.5,6.5,98.657,1.0,,2,-97.349,9,35,7,343,0.4723
9.242,7.746,0.0,1428.31,6.5,98.222,0.8,,0,-97.143,10,35,2,308,0.4968
8.837,8.526,0.0,1442.75,6.5,98.138,0.85,,0,-97.114,10,35,4,406,0.4803
8.708,8.639,0.0,1497.88,6.5,98.131,0.9,,1,-97.004,10,35,6,525,0.4914
9.195,9.857,0.0,1054.25,6.5,99.007,0.95,,3,-97.891,10,35,7,484,0.4752
9.306,9.506,0.0,1325.5,6.5,98.657,1.0,,2,-97.349,10,35,7,343,0.4723
9.307,9.774,0.0,29619.06,6.5,56.445,0.8,,4,-40.762,1,40,9,1681,0.4842
9.609,9.98,0.1434,36403.81,6.5,44.394,0.85,,3,-27.192,1,40,9,1108,0.4874
9.696,10.306,0.0,45741.37,6.5,38.352,0.9,,6,-8.517,1,40,9,839,0.4911
9.593,10.24,0.0,49982.06,6.5,41.499,0.95,,6,-0.036,1,40,9,637,0.4914
9.84,10.435,0.0,47879.44,6.5,35.921,1.0,,5,-4.241,1,40,9,458,0.4869
9.307,9.774,0.0133,9512.87,6.5,85.229,0.8,,2,-80.974,2,40,9,1681,0.4842
9.609,9.98,0.0887,14115.37,6.5,81.553,0.85,,3,-71.769,2,40,9,1108,0.4874
9.696,10.306,0.0,28735.75,6.5,66.424,0.9,,5,-42.528,2,40,9,839,0.4911
9.593,10.24,0.0,40804.63,6.5,70.42,0.95,,6,-18.391,2,40,9,637,0.4914
9.84,10.435,0.0,34301.63,6.5,64.455,1.0,,5,-31.397,2,40,9,458,0.4869
8.68,8.166,0.0,3236.06,6.5,94.898,0.8,,0,-93.528,3,40,6,1023,0.4878
9.609,9.98,0.0438,5558.75,6.5,93.524,0.85,,2,-88.882,3,40,9,1108,0.4874
9.696,10.306,0.0,10826.25,6.5,88.077,0.9,,4,-78.347,3,40,9,839,0.4911
9.593,10.24,0.0,22391.56,6.5,86.401,0.95,,5,-55.217,3,40,9,637,0.4914
9.84,10.435,0.0,20804.31,6.5,82.701,1.0,,5,-58.391,3,40,9,458,0.4869
8.645,8.026,0.0,2424.5,6.5,96.451,0.8,,0,-95.151,4,40,5,741,0.4872
9.197,9.716,0.0253,2279.69,6.5,96.724,0.85,,1,-95.441,4,40,7,851,0.4853
9.696,10.306,0.0,4013.06,6.5,96.379,0.9,,3,-91.974,4,40,9,839,0.4911
9.593,10.24,0.0,9590.31,6.5,94.47,0.95,,5,-80.819,4,40,9,637,0.4914
9.84,10.435,0.0,9497.13,6.5,92.564,1.0,,4,-81.006,4,40,9,458,0.4869
9.189,7.894,0.0,1862.75,6.5,97.451,0.8,,0,-96.275,5,40,3,346,0.4798
8.685,8.482,0.0,1941.5,6.5,97.284,0.85,,0,-96.117,5,40,6,678,0.4912
9.328,10.029,0.0,1532.0,6.5,97.933,0.9,,2,-96.936,5,40,7,638,0.4843
9.606,10.217,0.0,1799.75,6.5,98.238,0.95,,4,-96.4,5,40,9,586,0.4829
9.85,10.276,0.0,1738.5,6.5,97.998,1.0,,3,-96.523,5,40,9,423,0.4799
9.242,7.746,0.0,1543.37,6.5,98.018,0.8,,0,-96.913,6,40,2,308,0.4968
8.575,8.409,0.0,1518.0,6.5,97.985,0.85,,0,-96.964,6,40,5,583,0.4889
9.058,9.92,0.0,1585.38,6.5,97.96,0.9,,2,-96.829,6,40,7,624,0.4872
9.195,9.857,0.0,773.38,6.5,99.233,0.95,,4,-98.453,6,40,7,484,0.4752
9.306,9.506,0.0,1416.06,6.5,98.499,1.0,,3,-97.168,6,40,7,343,0.4723
9.242,7.746,0.0,1428.31,6.5,98.222,0.8,,0,-97.143,7,40,2,308,0.4968
8.837,8.526,0.0,1442.75,6.5,98.138,0.85,,0,-97.114,7,40,4,406,0.4803
8.708,8.639,0.0,1497.88,6.5,98.131,0.9,,1,-97.004,7,40,6,525,0.4914
9.195,9.857,0.0,1054.25,6.5,99.007,0.95,,3,-97.891,7,40,7,484,0.4752
9.306,9.506,0.0,1325.5,6.5,98.657,1.0,,2,-97.349,7,40,7,343,0.4723
9.242,7.746,0.0,1428.31,6.5,98.222,0.8,,0,-97.143,8,40,2,308,0.4968
8.837,8.526,0.0,1442.75,6.5,98.138,0.85,,0,-97.114,8,40,4,406,0.4803
8.708,8.639,0.0,1497.88,6.5,98.131,0.9,,1,-97.004,8,40,6,525,0.4914
9.195,9.857,0.0,1054.25,6.5,99.007,0.95,,3,-97.891,8,40,7,484,0.4752
9.306,9.506,0.0,1325.5,6.5,98.657,1.0,,2,-97.349,8,40,7,343,0.4723
9.242,7.746,0.0,1428.31,6.5,98.222,0.8,,0,-97.143,9,40,2,308,0.4968
8.837,8.526,0.0,1442.75,6.5,98.138,0.85,,0,-97.114,9,40,4,406,0.4803
8.708,8.639,0.0,1497.88,6.5,98.131,0.9,,1,-97.004,9,40,6,525,0.4914
9.195,9.857,0.0,1054.25,6.5,99.007,0.95,,3,-97.891,9,40,7,484,0.4752
9.306,9.506,0.0,1325.5,6.5,98.657,1.0,,2,-97.349,9,40,7,343,0.4723
9.242,7.746,0.0,1428.31,6.5,98.222,0.8,,0,-97.143,10,40,2,308,0.4968
8.837,8.526,0.0,1442.75,6.5,98.138,0.85,,0,-97.114,10,40,4,406,0.4803
8.708,8.639,0.0,1497.88,6.5,98.131,0.9,,1,-97.004,10,40,6,525,0.4914
9.195,9.857,0.0,1054.25,6.5,99.007,0.95,,3,-97.891,10,40,7,484,0.4752
9.306,9.506,0.0,1325.5,6.5,98.657,1.0,,2,-97.349,10,40,7,343,0.4723
9.307,9.774,0.0,29619.06,6.5,56.445,0.8,,4,-40.762,1,45,9,1681,0.4842
9.609,9.98,0.1434,36403.81,6.5,44.394,0.85,,3,-27.192,1,45,9,1108,0.4874
9.696,10.306,0.0,45741.37,6.5,38.352,0.9,,6,-8.517,1,45,9,839,0.4911
9.593,10.24,0.0,49982.06,6.5,41.499,0.95,,6,-0.036,1,45,9,637,0.4914
9.84,10.435,0.0,47879.44,6.5,35.921,1.0,,5,-4.241,1,45,9,458,0.4869
9.307,9.774,0.0133,9512.87,6.5,85.229,0.8,,2,-80.974,2,45,9,1681,0.4842
9.609,9.98,0.0887,14115.37,6.5,81.553,0.85,,3,-71.769,2,45,9,1108,0.4874
9.696,10.306,0.0,28735.75,6.5,66.424,0.9,,5,-42.528,2,45,9,839,0.4911
9.593,10.24,0.0,40804.63,6.5,70.42,0.95,,6,-18.391,2,45,9,637,0.4914
9.84,10.435,0.0,34301.63,6.5,64.455,1.0,,5,-31.397,2,45,9,458,0.4869
8.68,8.166,0.0,3236.06,6.5,94.898,0.8,,0,-93.528,3,45,6,1023,0.4878
9.609,9.98,0.0438,5558.75,6.5,93.524,0.85,,2,-88.882,3,45,9,1108,0.4874
9.696,10.306,0.0,10826.25,6.5,88.077,0.9,,4,-78.347,3,45,9,839,0.4911
9.593,10.24,0.0,22391.56,6.5,86.401,0.95,,5,-55.217,3,45,9,637,0.4914
9.84,10.435,0.0,20804.31,6.5,82.701,1.0,,5,-58.391,3,45,9,458,0.4869
8.645,8.026,0.0,2424.5,6.5,96.451,0.8,,0,-95.151,4,45,5,741,0.4872
9.197,9.716,0.0253,2279.69,6.5,96.724,0.85,,1,-95.441,4,45,7,851,0.4853
9.696,10.306,0.0,4013.06,6.5,96.379,0.9,,3,-91.974,4,45,9,839,0.4911
9.593,10.24,0.0,9590.31,6.5,94.47,0.95,,5,-80.819,4,45,9,637,0.4914
9.84,10.435,0.0,9497.13,6.5,92.564,1.0,,4,-81.006,4,45,9,458,0.4869
9.189,7.894,0.0,1862.75,6.5,97.451,0.8,,0,-96.275,5,45,3,346,0.4798
8.685,8.482,0.0,1941.5,6.5,97.284,0.85,,0,-96.117,5,45,6,678,0.4912
9.328,10.029,0.0,1532.0,6.5,97.933,0.9,,2,-96.936,5,45,7,638,0.4843
9.606,10.217,0.0,1799.75,6.5,98.238,0.95,,4,-96.4,5,45,9,586,0.4829
9.85,10.276,0.0,1738.5,6.5,97.998,1.0,,3,-96.523,5,45,9,423,0.4799
9.242,7.746,0.0,1543.37,6.5,98.018,0.8,,0,-96.913,6,45,2,308,0.4968
8.575,8.409,0.0,1518.0,6.5,97.985,0.85,,0,-96.964,6,45,5,583,0.4889
9.058,9.92,0.0,1585.38,6.5,97.96,0.9,,2,-96.829,6,45,7,624,0.4872
9.195,9.857,0.0,773.38,6.5,99.233,0.95,,4,-98.453,6,45,7,484,0.4752
9.306,9.506,0.0,1416.06,6.5,98.499,1.0,,3,-97.168,6,45,7,343,0.4723
9.242,7.746,0.0,1428.31,6.5,98.222,0.8,,0,-97.143,7,45,2,308,0.4968
8.837,8.526,0.0,1442.75,6.5,98.138,0.85,,0,-97.114,7,45,4,406,0.4803
8.708,8.639,0.0,1497.88,6.5,98.131,0.9,,1,-97.004,7,45,6,525,0.4914
9.195,9.857,0.0,1054.25,6.5,99.007,0.95,,3,-97.891,7,45,7,484,0.4752
9.306,9.506,0.0,1325.5,6.5,98.657,1.0,,2,-97.349,7,45,7,343,0.4723
9.242,7.746,0.0,1428.31,6.5,98.222,0.8,,0,-97.143,8,45,2,308,0.4968
8.837,8.526,0.0,1442.75,6.5,98.138,0.85,,0,-97.114,8,45,4,406,0.4803
8.708,8.639,0.0,1497.88,6.5,98.131,0.9,,1,-97.004,8,45,6,525,0.4914
9.195,9.857,0.0,1054.25,6.5,99.007,0.95,,3,-97.891,8,45,7,484,0.4752
9.306,9.506,0.0,1325.5,6.5,98.657,1.0,,2,-97.349,8,45,7,343,0.4723
9.242,7.746,0.0,1428.31,6.5,98.222,0.8,,0,-97.143,9,45,2,308,0.4968
8.837,8.526,0.0,1442.75,6.5,98.138,0.85,,0,-97.114,9,45,4,406,0.4803
8.708,8.639,0.0,1497.88,6.5,98.131,0.9,,1,-97.004,9,45,6,525,0.4914
9.195,9.857,0.0,1054.25,6.5,99.007,0.95,,3,-97.891,9,45,7,484,0.4752
9.306,9.506,0.0,1325.5,6.5,98.657,1.0,,2,-97.349,9,45,7,343,0.4723
9.242,7.746,0.0,1428.31,6.5,98.222,0.8,,0,-97.143,10,45,2,308,0.4968
8.837,8.526,0.0,1442.75,6.5,98.138,0.85,,0,-97.114,10,45,4,406,0.4803
8.708,8.639,0.0,1497.88,6.5,98.131,0.9,,1,-97.004,10,45,6,525,0.4914
9.195,9.857,0.0,1054.25,6.5,99.007,0.95,,3,-97.891,10,45,7,484,0.4752
9.306,9.506,0.0,1325.5,6.5,98.657,1.0,,2,-97.349,10,45,7,343,0.4723
9.307,9.774,0.0,29619.06,6.5,56.445,0.8,,4,-40.762,1,50,9,1681,0.4842
9.609,9.98,0.1434,36403.81,6.5,44.394,0.85,,3,-27.192,1,50,9,1108,0.4874
9.696,10.306,0.0,45741.37,6.5,38.352,0.9,,6,-8.517,1,50,9,839,0.4911
9.593,10.24,0.0,49982.06,6.5,41.499,0.95,,6,-0.036,1,50,9,637,0.4914
9.84,10.435,0.0,47879.44,6.5,35.921,1.0,,5,-4.241,1,50,9,458,0.4869
9.307,9.774,0.0133,9512.87,6.5,85.229,0.8,,2,-80.974,2,50,9,1681,0.4842
9.609,9.98,0.0887,14115.37,6.5,81.553,0.85,,3,-71.769,2,50,9,1108,0.4874
9.696,10.306,0.0,28735.75,6.5,66.424,0.9,,5,-42.528,2,50,9,839,0.4911
9.593,10.24,0.0,40804.63,6.5,70.42,0.95,,6,-18.391,2,50,9,637,0.4914
9.84,10.435,0.0,34301.63,6.5,64.455,1.0,,5,-31.397,2,50,9,458,0.4869
8.68,8.166,0.0,3236.06,6.5,94.898,0.8,,0,-93.528,3,50,6,1023,0.4878
9.609,9.98,0.0438,5558.75,6.5,93.524,0.85,,2,-88.882,3,50,9,1108,0.4874
9.696,10.306,0.0,10826.25,6.5,88.077,0.9,,4,-78.347,3,50,9,839,0.4911
9.593,10.24,0.0,22391.56,6.5,86.401,0.95,,5,-55.217,3,50,9,637,0.4914
9.84,10.435,0.0,20804.31,6.5,82.701,1.0,,5,-58.391,3,50,9,458,0.4869
8.645,8.026,0.0,2424.5,6.5,96.451,0.8,,0,-95.151,4,50,5,741,0.4872
9.197,9.716,0.0253,2279.69,6.5,96.724,0.85,,1,-95.441,4,50,7,851,0.4853
9.696,10.306,0.0,4013.06,6.5,96.379,0.9,,3,-91.974,4,50,9,839,0.4911
9.593,10.24,0.0,9590.31,6.5,94.47,0.95,,5,-80.819,4,50,9,637,0.4914
9.84,10.435,0.0,9497.13,6.5,92.564,1.0,,4,-81.006,4,50,9,458,0.4869
9.189,7.894,0.0,1862.75,6.5,97.451,0.8,,0,-96.275,5,50,3,346,0.4798
8.685,8.482,0.0,1941.5,6.5,97.284,0.85,,0,-96.117,5,50,6,678,0.4912
9.328,10.029,0.0,1532.0,6.5,97.933,0.9,,2,-96.936,5,50,7,638,0.4843
9.606,10.217,0.0,1799.75,6.5,98.238,0.95,,4,-96.4,5,50,9,586,0.4829
9.85,10.276,0.0,1738.5,6.5,97.998,1.0,,3,-96.523,5,50,9,423,0.4799
9.242,7.746,0.0,1543.37,6.5,98.018,0.8,,0,-96.913,6,50,2,308,0.4968
8.575,8.409,0.0,1518.0,6.5,97.985,0.85,,0,-96.964,6,50,5,583,0.4889
9.058,9.92,0.0,1585.38,6.5,97.96,0.9,,2,-96.829,6,50,7,624,0.4872
9.195,9.857,0.0,773.38,6.5,99.233,0.95,,4,-98.453,6,50,7,484,0.4752
9.306,9.506,0.0,1416.06,6.5,98.499,1.0,,3,-97.168,6,50,7,343,0.4723
9.242,7.746,0.0,1428.31,6.5,98.222,0.8,,0,-97.143,7,50,2,308,0.4968
8.837,8.526,0.0,1442.75,6.5,98.138,0.85,,0,-97.114,7,50,4,406,0.4803
8.708,8.639,0.0,1497.88,6.5,98.131,0.9,,1,-97.004,7,50,6,525,0.4914
9.195,9.857,0.0,1054.25,6.5,99.007,0.95,,3,-97.891,7,50,7,484,0.4752
9.306,9.506,0.0,1325.5,6.5,98.657,1.0,,2,-97.349,7,50,7,343,0.4723
9.242,7.746,0.0,1428.31,6.5,98.222,0.8,,0,-97.143,8,50,2,308,0.4968
8.837,8.526,0.0,1442.75,6.5,98.138,0.85,,0,-97.114,8,50,4,406,0.4803
8.708,8.639,0.0,1497.88,6.5,98.131,0.9,,1,-97.004,8,50,6,525,0.4914
9.195,9.857,0.0,1054.25,6.5,99.007,0.95,,3,-97.891,8,50,7,484,0.4752
9.306,9.506,0.0,1325.5,6.5,98.657,1.0,,2,-97.349,8,50,7,343,0.4723
9.242,7.746,0.0,1428.31,6.5,98.222,0.8,,0,-97.143,9,50,2,308,0.4968
8.837,8.526,0.0,1442.75,6.5,98.138,0.85,,0,-97.114,9,50,4,406,0.4803
8.708,8.639,0.0,1497.88,6.5,98.131,0.9,,1,-97.004,9,50,6,525,0.4914
9.195,9.857,0.0,1054.25,6.5,99.007,0.95,,3,-97.891,9,50,7,484,0.4752
9.306,9.506,0.0,1325.5,6.5,98.657,1.0,,2,-97.349,9,50,7,343,0.4723
9.242,7.746,0.0,1428.31,6.5,98.222,0.8,,0,-97.143,10,50,2,308,0.4968
8.837,8.526,0.0,1442.75,6.5,98.138,0.85,,0,-97.114,10,50,4,406,0.4803
8.708,8.639,0.0,1497.88,6.5,98.131,0.9,,1,-97.004,10,50,6,525,0.4914
9.195,9.857,0.0,1054.25,6.5,99.007,0.95,,3,-97.891,10,50,7,484,0.4752
9.306,9.506,0.0,1325.5,6.5,98.657,1.0,,2,-97.349,10,50,7,343,0.4723
9.307,9.774,0.0,29619.06,6.5,56.445,0.8,,4,-40.762,1,55,9,1681,0.4842
9.609,9.98,0.1434,36403.81,6.5,44.394,0.85,,3,-27.192,1,55,9,1108,0.4874
9.696,10.306,0.0,45741.37,6.5,38.352,0.9,,6,-8.517,1,55,9,839,0.4911
9.593,10.24,0.0,49982.06,6.5,41.499,0.95,,6,-0.036,1,55,9,637,0.4914
9.84,10.435,0.0,47879.44,6.5,35.921,1.0,,5,-4.241,1,55,9,458,0.4869
9.307,9.774,0.0133,9512.87,6.5,85.229,0.8,,2,-80.974,2,55,9,1681,0.4842
9.609,9.98,0.0887,14115.37,6.5,81.553,0.85,,3,-71.769,2,55,9,1108,0.4874
9.696,10.306,0.0,28735.75,6.5,66.424,0.9,,5,-42.528,2,55,9,839,0.4911
9.593,10.24,0.0,40804.63,6.5,70.42,0.95,,6,-18.391,2,55,9,637,0.4914
9.84,10.435,0.0,34301.63,6.5,64.455,1.0,,5,-31.397,2,55,9,458,0.4869
8.68,8.166,0.0,3236.06,6.5,94.898,0.8,,0,-93.528,3,55,6,1023,0.4878
9.609,9.98,0.0438,5558.75,6.5,93.524,0.85,,2,-88.882,3,55,9,1108,0.4874
9.696,10.306,0.0,10826.25,6.5,88.077,0.9,,4,-78.347,3,55,9,839,0.4911
9.593,10.24,0.0,22391.56,6.5,86.401,0.95,,5,-55.217,3,55,9,637,0.4914
9.84,10.435,0.0,20804.31,6.5,82.701,1.0,,5,-58.391,3,55,9,458,0.4869
8.645,8.026,0.0,2424.5,6.5,96.451,0.8,,0,-95.151,4,55,5,741,0.4872
9.197,9.716,0.0253,2279.69,6.5,96.724,0.85,,1,-95.441,4,55,7,851,0.4853
9.696,10.306,0.0,4013.06,6.5,96.379,0.9,,3,-91.974,4,55,9,839,0.4911
9.593,10.24,0.0,9590.31,6.5,94.47,0.95,,5,-80.819,4,55,9,637,0.4914
9.84,10.435,0.0,9497.13,6.5,92.564,1.0,,4,-81.006,4,55,9,458,0.4869
9.189,7.894,0.0,1862.75,6.5,97.451,0.8,,0,-96.275,5,55,3,346,0.4798
8.685,8.482,0.0,1941.5,6.5,97.284,0.85,,0,-96.117,5,55,6,678,0.4912
9.328,10.029,0.0,1532.0,6.5,97.933,0.9,,2,-96.936,5,55,7,638,0.4843
9.606,10.217,0.0,1799.75,6.5,98.238,0.95,,4,-96.4,5,55,9,586,0.4829
9.85,10.276,0.0,1738.5,6.5,97.998,1.0,,3,-96.523,5,55,9,423,0.4799
9.242,7.746,0.0,1543.37,6.5,98.018,0.8,,0,-96.913,6,55,2,308,0.4968
8.575,8.409,0.0,1518.0,6.5,97.985,0.85,,0,-96.964,6,55,5,583,0.4889
9.058,9.92,0.0,1585.38,6.5,97.96,0.9,,2,-96.829,6,55,7,624,0.4872
9.195,9.857,0.0,773.38,6.5,99.233,0.95,,4,-98.453,6,55,7,484,0.4752
9.306,9.506,0.0,1416.06,6.5,98.499,1.0,,3,-97.168,6,55,7,343,0.4723
9.242,7.746,0.0,1428.31,6.5,98.222,0.8,,0,-97.143,7,55,2,308,0.4968
8.837,8.526,0.0,1442.75,6.5,98.138,0.85,,0,-97.114,7,55,4,406,0.4803
8.708,8.639,0.0,1497.88,6.5,98.131,0.9,,1,-97.004,7,55,6,525,0.4914
9.195,9.857,0.0,1054.25,6.5,99.007,0.95,,3,-97.891,7,55,7,484,0.4752
9.306,9.506,0.0,1325.5,6.5,98.657,1.0,,2,-97.349,7,55,7,343,0.4723
9.242,7.746,0.0,1428.31,6.5,98.222,0.8,,0,-97.143,8,55,2,308,0.4968
8.837,8.526,0.0,1442.75,6.5,98.138,0.85,,0,-97.114,8,55,4,406,0.4803
8.708,8.639,0.0,1497.88,6.5,98.131,0.9,,1,-97.004,8,55,6,525,0.4914
9.195,9.857,0.0,1054.25,6.5,99.007,0.95,,3,-97.891,8,55,7,484,0.4752
9.306,9.506,0.0,1325.5,6.5,98.657,1.0,,2,-97.349,8,55,7,343,0.4723
9.242,7.746,0.0,1428.31,6.5,98.222,0.8,,0,-97.143,9,55,2,308,0.4968
8.837,8.526,0.0,1442.75,6.5,98.138,0.85,,0,-97.114,9,55,4,406,0.4803
8.708,8.639,0.0,1497.88,6.5,98.131,0.9,,1,-97.004,9,55,6,525,0.4914
9.195,9.857,0.0,1054.25,6.5,99.007,0.95,,3,-97.891,9,55,7,484,0.4752
9.306,9.506,0.0,1325.5,6.5,98.657,1.0,,2,-97.349,9,55,7,343,0.4723
9.242,7.746,0.0,1428.31,6.5,98.222,0.8,,0,-97.143,10,55,2,308,0.4968
8.837,8.526,0.0,1442.75,6.5,98.138,0.85,,0,-97.114,10,55,4,406,0.4803
8.708,8.639,0.0,1497.88,6.5,98.131,0.9,,1,-97.004,10,55,6,525,0.4914
9.195,9.857,0.0,1054.25,6.5,99.007,0.95,,3,-97.891,10,55,7,484,0.4752
9.306,9.506,0.0,1325.5,6.5,98.657,1.0,,2,-97.349,10,55,7,343,0.4723
9.307,9.774,0.0,29619.06,6.5,56.445,0.8,,4,-40.762,1,60,9,1681,0.4842
9.609,9.98,0.1434,36403.81,6.5,44.394,0.85,,3,-27.192,1,60,9,1108,0.4874
9.696,10.306,0.0,45741.37,6.5,38.352,0.9,,6,-8.517,1,60,9,839,0.4911
9.593,10.24,0.0,49982.06,6.5,41.499,0.95,,6,-0.036,1,60,9,637,0.4914
9.84,10.435,0.0,47879.44,6.5,35.921,1.0,,5,-4.241,1,60,9,458,0.4869
9.307,9.774,0.0133,9512.87,6.5,85.229,0.8,,2,-80.974,2,60,9,1681,0.4842
9.609,9.98,0.0887,14115.37,6.5,81.553,0.85,,3,-71.769,2,60,9,1108,0.4874
9.696,10.306,0.0,28735.75,6.5,66.424,0.9,,5,-42.528,2,60,9,839,0.4911
9.593,10.24,0.0,40804.63,6.5,70.42,0.95,,6,-18.391,2,60,9,637,0.4914
9.84,10.435,0.0,34301.63,6.5,64.455,1.0,,5,-31.397,2,60,9,458,0.4869
8.68,8.166,0.0,3236.06,6.5,94.898,0.8,,0,-93.528,3,60,6,1023,0.4878
9.609,9.98,0.0438,5558.75,6.5,93.524,0.85,,2,-88.882,3,60,9,1108,0.4874
9.696,10.306,0.0,10826.25,6.5,88.077,0.9,,4,-78.347,3,60,9,839,0.4911
9.593,10.24,0.0,22391.56,6.5,86.401,0.95,,5,-55.217,3,60,9,637,0.4914
9.84,10.435,0.0,20804.31,6.5,82.701,1.0,,5,-58.391,3,60,9,458,0.4869
8.645,8.026,0.0,2424.5,6.5,96.451,0.8,,0,-95.151,4,60,5,741,0.4872
9.197,9.716,0.0253,2279.69,6.5,96.724,0.85,,1,-95.441,4,60,7,851,0.4853
9.696,10.306,0.0,4013.06,6.5,96.379,0.9,,3,-91.974,4,60,9,839,0.4911
9.593,10.24,0.0,9590.31,6.5,94.47,0.95,,5,-80.819,4,60,9,637,0.4914
9.84,10.435,0.0,9497.13,6.5,92.564,1.0,,4,-81.006,4,60,9,458,0.4869
9.189,7.894,0.0,1862.75,6.5,97.451,0.8,,0,-96.275,5,60,3,346,0.4798
8.685,8.482,0.0,1941.5,6.5,97.284,0.85,,0,-96.117,5,60,6,678,0.4912
9.328,10.029,0.0,1532.0,6.5,97.933,0.9,,2,-96.936,5,60,7,638,0.4843
9.606,10.217,0.0,1799.75,6.5,98.238,0.95,,4,-96.4,5,60,9,586,0.4829
9.85,10.276,0.0,1738.5,6.5,97.998,1.0,,3,-96.523,5,60,9,423,0.4799
9.242,7.746,0.0,1543.37,6.5,98.018,0.8,,0,-96.913,6,60,2,308,0.4968
8.575,8.409,0.0,1518.0,6.5,97.985,0.85,,0,-96.964,6,60,5,583,0.4889
9.058,9.92,0.0,1585.38,6.5,97.96,0.9,,2,-96.829,6,60,7,624,0.4872
9.195,9.857,0.0,773.38,6.5,99.233,0.95,,4,-98.453,6,60,7,484,0.4752
9.306,9.506,0.0,1416.06,6.5,98.499,1.0,,3,-97.168,6,60,7,343,0.4723
9.242,7.746,0.0,1428.31,6.5,98.222,0.8,,0,-97.143,7,60,2,308,0.4968
8.837,8.526,0.0,1442.75,6.5,98.138,0.85,,0,-97.114,7,60,4,406,0.4803
8.708,8.639,0.0,1497.88,6.5,98.131,0.9,,1,-97.004,7,60,6,525,0.4914
9.195,9.857,0.0,1054.25,6.5,99.007,0.95,,3,-97.891,7,60,7,484,0.4752
9.306,9.506,0.0,1325.5,6.5,98.657,1.0,,2,-97.349,7,60,7,343,0.4723
9.242,7.746,0.0,1428.31,6.5,98.222,0.8,,0,-97.143,8,60,2,308,0.4968
8.837,8.526,0.0,1442.75,6.5,98.138,0.85,,0,-97.114,8,60,4,406,0.4803
8.708,8.639,0.0,1497.88,6.5,98.131,0.9,,1,-97.004,8,60,6,525,0.4914
9.195,9.857,0.0,1054.25,6.5,99.007,0.95,,3,-97.891,8,60,7,484,0.4752
9.306,9.506,0.0,1325.5,6.5,98.657,1.0,,2,-97.349,8,60,7,343,0.4723
9.242,7.746,0.0,1428.31,6.5,98.222,0.8,,0,-97.143,9,60,2,308,0.4968
8.837,8.526,0.0,1442.75,6.5,98.138,0.85,,0,-97.114,9,60,4,406,0.4803
8.708,8.639,0.0,1497.88,6.5,98.131,0.9,,1,-97.004,9,60,6,525,0.4914
9.195,9.857,0.0,1054.25,6.5,99.007,0.95,,3,-97.891,9,60,7,484,0.4752
9.306,9.506,0.0,1325.5,6.5,98.657,1.0,,2,-97.349,9,60,7,343,0.4723
9.242,7.746,0.0,1428.31,6.5,98.222,0.8,,0,-97.143,10,60,2,308,0.4968
8.837,8.526,0.0,1442.75,6.5,98.138,0.85,,0,-97.114,10,60,4,406,0.4803
8.708,8.639,0.0,1497.88,6.5,98.131,0.9,,1,-97.004,10,60,6,525,0.4914
9.195,9.857,0.0,1054.25,6.5,99.007,0.95,,3,-97.891,10,60,7,484,0.4752
9.306,9.506,0.0,1325.5,6.5,98.657,1.0,,2,-97.349,10,60,7,343,0.4723
8.713,9.973,0.0029,25353.0,7.0,59.211,0.8,,1,-49.294,1,5,9,1700,0.4553
8.916,10.322,0.0152,34132.75,7.0,46.755,0.85,,1,-31.734,1,5,9,1115,0.4547
8.865,10.516,0.0,37260.0,7.0,42.107,0.9,,5,-25.48,1,5,9,844,0.4502
8.929,10.389,0.0159,35861.31,7.0,45.842,0.95,,5,-28.277,1,5,9,641,0.4477
9.33,10.724,0.0,37995.0,7.0,42.947,1.0,,5,-24.01,1,5,9,458,0.4498
8.713,9.973,0.0,7550.25,7.0,89.417,0.8,,2,-84.899,2,5,9,1700,0.4553
8.916,10.322,0.0004,14265.44,7.0,80.959,0.85,,3,-71.469,2,5,9,1115,0.4547
8.865,10.516,0.0,16565.38,7.0,76.407,0.9,,1,-66.869,2,5,9,844,0.4502
8.929,10.389,0.0,22149.19,7.0,74.672,0.95,,4,-55.702,2,5,9,641,0.4477
9.33,10.724,0.0,23523.38,7.0,71.514,1.0,,4,-52.953,2,5,9,458,0.4498
7.808,8.291,0.0,3278.5,7.0,95.806,0.8,,0,-93.443,3,5,6,1040,0.451
8.916,10.322,0.0,4669.75,7.0,94.05,0.85,,2,-90.66,3,5,9,1115,0.4547
8.865,10.516,0.0,6629.31,7.0,91.498,0.9,,1,-86.741,3,5,9,844,0.4502
8.929,10.389,0.0,10225.13,7.0,89.253,0.95,,4,-79.55,3,5,9,641,0.4477
9.33,10.724,0.0,11787.44,7.0,87.648,1.0,,4,-76.425,3,5,9,458,0.4498
7.799,8.178,0.0,2606.5,7.0,96.969,0.8,,0,-94.787,4,5,4,576,0.441
7.989,8.667,0.0,2607.38,7.0,96.4,0.85,,0,-94.785,4,5,6,689,0.4485
8.661,10.261,0.0,2556.19,7.0,95.901,0.9,,0,-94.888,4,5,7,649,0.4376
8.929,10.389,0.0,4391.94,7.0,96.246,0.95,,3,-91.216,4,5,9,641,0.4477
9.33,10.724,0.0,6341.0,7.0,94.048,1.0,,4,-87.318,4,5,9,458,0.4498
7.838,8.148,0.0,1994.44,7.0,97.81,0.8,,0,-96.011,5,5,4,537,0.4451
7.958,8.707,0.0,2076.69,7.0,97.247,0.85,,0,-95.847,5,5,6,654,0.448
7.953,8.792,0.0,2070.56,7.0,96.801,0.9,,0,-95.859,5,5,6,521,0.4415
8.599,10.017,0.0,1894.69,7.0,97.872,0.95,,1,-96.211,5,5,7,491,0.4297
9.43,10.631,0.0,1998.38,7.0,97.57,1.0,,3,-96.003,5,5,8,421,0.4466
7.912,7.716,0.0,1678.56,7.0,98.285,0.8,,0,-96.643,6,5,3,353,0.4476
8.044,8.509,0.0,1740.69,7.0,97.732,0.85,,0,-96.519,6,5,4,397,0.4433
7.953,8.792,0.0,1273.44,7.0,98.088,0.9,,0,-97.453,6,5,6,521,0.4415
8.574,10.017,0.0,1210.44,7.0,98.775,0.95,,1,-97.579,6,5,7,489,0.4315
8.835,9.828,0.0,1476.44,7.0,98.366,1.0,,2,-97.047,6,5,7,343,0.4315
7.908,7.732,0.0,1456.75,7.0,98.565,0.8,,0,-97.086,7,5,2,325,0.4615
8.031,8.543,0.0,1289.63,7.0,98.324,0.85,,0,-97.421,7,5,4,387,0.4444
7.833,8.819,0.0,1449.31,7.0,97.877,0.9,,1,-97.101,7,5,6,519,0.4412
7.991,9.479,0.0,1480.38,7.0,98.631,0.95,,1,-97.039,7,5,6,408,0.4363
8.327,9.627,0.0,1467.25,7.0,98.494,1.0,,1,-97.065,7,5,7,330,0.4333
7.908,7.732,0.0,1456.75,7.0,98.565,0.8,,0,-97.086,8,5,2,325,0.4615
8.031,8.543,0.0,1289.63,7.0,98.324,0.85,,0,-97.421,8,5,4,387,0.4444
7.833,8.819,0.0,1449.31,7.0,97.877,0.9,,1,-97.101,8,5,6,519,0.4412
7.991,9.479,0.0,1480.38,7.0,98.631,0.95,,1,-97.039,8,5,6,408,0.4363
8.327,9.627,0.0,1467.25,7.0,98.494,1.0,,1,-97.065,8,5,7,330,0.4333
7.908,7.732,0.0,1456.75,7.0,98.565,0.8,,0,-97.086,9,5,2,325,0.4615
8.031,8.543,0.0,1289.63,7.0,98.324,0.85,,0,-97.421,9,5,4,387,0.4444
7.833,8.819,0.0,1449.31,7.0,97.877,0.9,,1,-97.101,9,5,6,519,0.4412
7.991,9.479,0.0,1480.38,7.0,98.631,0.95,,1,-97.039,9,5,6,408,0.4363
8.327,9.627,0.0,1467.25,7.0,98.494,1.0,,1,-97.065,9,5,7,330,0.4333
7.908,7.732,0.0,1456.75,7.0,98.565,0.8,,0,-97.086,10,5,2,325,0.4615
8.031,8.543,0.0,1289.63,7.0,98.324,0.85,,0,-97.421,10,5,4,387,0.4444
7.833,8.819,0.0,1449.31,7.0,97.877,0.9,,1,-97.101,10,5,6,519,0.4412
7.991,9.479,0.0,1480.38,7.0,98.631,0.95,,1,-97.039,10,5,6,408,0.4363
8.327,9.627,0.0,1467.25,7.0,98.494,1.0,,1,-97.065,10,5,7,330,0.4333
9.687,9.835,0.0217,24477.12,7.0,60.078,0.8,,1,-51.046,1,10,9,1675,0.4854
10.006,10.121,0.1106,30405.69,7.0,46.97,0.85,,2,-39.189,1,10,9,1103,0.4878
10.059,10.299,0.1324,36280.44,7.0,41.609,0.9,,4,-27.439,1,10,9,835,0.4898
9.971,10.194,0.0,41575.94,7.0,46.743,0.95,,5,-16.848,1,10,9,634,0.4905
10.26,10.435,0.0,41841.06,7.0,39.619,1.0,,5,-16.318,1,10,9,457,0.488
9.687,9.835,0.0066,6270.13,7.0,90.681,0.8,,1,-87.46,2,10,9,1675,0.4854
10.006,10.121,0.0335,13294.63,7.0,81.486,0.85,,1,-73.411,2,10,9,1103,0.4878
10.059,10.299,0.0,21168.31,7.0,71.841,0.9,,4,-57.663,2,10,9,835,0.4898
9.971,10.194,0.0,29491.75,7.0,73.623,0.95,,4,-41.016,2,10,9,634,0.4905
10.26,10.435,0.0,30404.81,7.0,68.579,1.0,,5,-39.19,2,10,9,457,0.488
8.914,8.201,0.0,3439.06,7.0,95.191,0.8,,0,-93.122,3,10,6,1010,0.4901
10.013,10.032,0.0,3480.19,7.0,94.745,0.85,,0,-93.04,3,10,9,1031,0.4869
10.059,10.299,0.0,8830.38,7.0,89.75,0.9,,2,-82.339,3,10,9,835,0.4898
9.971,10.194,0.0,13964.88,7.0,88.144,0.95,,4,-72.07,3,10,9,634,0.4905
10.26,10.435,0.0,16658.13,7.0,85.448,1.0,,4,-66.684,3,10,9,457,0.488
8.802,8.216,0.0,2513.75,7.0,96.776,0.8,,0,-94.972,4,10,5,851,0.4877
9.13,8.466,0.0,2536.5,7.0,96.397,0.85,,0,-94.927,4,10,6,687,0.4876
9.756,10.032,0.0093,2450.31,7.0,96.432,0.9,,2,-95.099,4,10,7,642,0.4798
9.971,10.194,0.0,5891.25,7.0,95.528,0.95,,4,-88.217,4,10,9,634,0.4905
10.26,10.435,0.0,6950.44,7.0,94.167,1.0,,4,-86.099,4,10,9,457,0.488
8.893,8.41,0.0,1929.25,7.0,97.585,0.8,,0,-96.141,5,10,4,563,0.4778
9.112,8.499,0.0,2018.5,7.0,97.207,0.85,,0,-95.963,5,10,6,680,0.4897
9.704,10.033,0.0,1048.13,7.0,98.554,0.9,,1,-97.904,5,10,7,635,0.4835
9.741,9.791,0.0,1952.88,7.0,97.83,0.95,,3,-96.094,5,10,7,487,0.4743
10.3,10.276,0.0,1983.06,7.0,97.64,1.0,,3,-96.034,5,10,8,420,0.4833
9.025,8.052,0.0,1717.06,7.0,97.931,0.8,,0,-96.566,6,10,3,407,0.4865
8.898,8.498,0.0,1729.75,7.0,97.715,0.85,,0,-96.54,6,10,5,570,0.4895
9.118,8.665,0.0,1667.19,7.0,97.822,0.9,,0,-96.666,6,10,6,514,0.4922
9.672,9.791,0.0,1505.31,7.0,98.497,0.95,,2,-96.989,6,10,7,482,0.4772
9.797,9.506,0.0,1073.06,7.0,98.842,1.0,,3,-97.854,6,10,7,342,0.4737
8.941,8.015,0.0,1492.62,7.0,98.207,0.8,,0,-97.015,7,10,3,336,0.4881
8.976,8.56,0.0,1380.19,7.0,98.254,0.85,,0,-97.24,7,10,4,394,0.4848
9.12,8.665,0.0,1068.25,7.0,98.668,0.9,,1,-97.863,7,10,6,513,0.4932
9.672,9.791,0.0,764.19,7.0,99.306,0.95,,1,-98.472,7,10,7,482,0.4772
9.797,9.506,0.0,870.94,7.0,99.132,1.0,,2,-98.258,7,10,7,342,0.4737
8.941,8.015,0.0,1492.62,7.0,98.207,0.8,,0,-97.015,8,10,3,336,0.4881
8.976,8.56,0.0,1380.19,7.0,98.254,0.85,,0,-97.24,8,10,4,394,0.4848
9.12,8.665,0.0,1068.25,7.0,98.668,0.9,,1,-97.863,8,10,6,513,0.4932
9.672,9.791,0.0,764.19,7.0,99.306,0.95,,1,-98.472,8,10,7,482,0.4772
9.797,9.506,0.0,870.94,7.0,99.132,1.0,,2,-98.258,8,10,7,342,0.4737
8.941,8.015,0.0,1492.62,7.0,98.207,0.8,,0,-97.015,9,10,3,336,0.4881
8.976,8.56,0.0,1380.19,7.0,98.254,0.85,,0,-97.24,9,10,4,394,0.4848
9.12,8.665,0.0,1068.25,7.0,98.668,0.9,,1,-97.863,9,10,6,513,0.4932
9.672,9.791,0.0,764.19,7.0,99.306,0.95,,1,-98.472,9,10,7,482,0.4772
9.797,9.506,0.0,870.94,7.0,99.132,1.0,,2,-98.258,9,10,7,342,0.4737
8.941,8.015,0.0,1492.62,7.0,98.207,0.8,,0,-97.015,10,10,3,336,0.4881
8.976,8.56,0.0,1380.19,7.0,98.254,0.85,,0,-97.24,10,10,4,394,0.4848
9.12,8.665,0.0,1068.25,7.0,98.668,0.9,,1,-97.863,10,10,6,513,0.4932
9.672,9.791,0.0,764.19,7.0,99.306,0.95,,1,-98.472,10,10,7,482,0.4772
9.797,9.506,0.0,870.94,7.0,99.132,1.0,,2,-98.258,10,10,7,342,0.4737
9.817,9.832,0.0311,23946.0,7.0,59.086,0.8,,1,-52.108,1,15,9,1672,0.4886
10.137,10.095,0.1238,30309.87,7.0,46.442,0.85,,2,-39.38,1,15,9,1102,0.4909
10.189,10.264,0.1627,36880.25,7.0,39.539,0.9,,4,-26.24,1,15,9,834,0.494
10.054,10.182,0.0,41588.63,7.0,44.985,0.95,,5,-16.823,1,15,9,634,0.4921
10.333,10.435,0.0,41540.5,7.0,39.408,1.0,,5,-16.919,1,15,9,457,0.488
9.817,9.832,0.0161,6176.5,7.0,90.451,0.8,,1,-87.647,2,15,9,1672,0.4886
10.137,10.095,0.0483,10194.06,7.0,83.907,0.85,,1,-79.612,2,15,9,1102,0.4909
10.189,10.264,0.0455,18555.56,7.0,74.182,0.9,,2,-62.889,2,15,9,834,0.494
10.054,10.182,0.0,29106.75,7.0,73.573,0.95,,4,-41.786,2,15,9,634,0.4921
10.333,10.435,0.0,27922.88,7.0,69.757,1.0,,5,-44.154,2,15,9,457,0.488
9.483,9.508,0.0118,3458.75,7.0,94.784,0.8,,1,-93.082,3,15,7,1300,0.4908
10.099,10.017,0.0484,3360.75,7.0,94.618,0.85,,1,-93.278,3,15,8,1012,0.4921
10.189,10.264,0.0274,8504.0,7.0,89.552,0.9,,2,-82.992,3,15,9,834,0.494
10.054,10.182,0.0,13937.31,7.0,87.925,0.95,,4,-72.125,3,15,9,634,0.4921
10.333,10.435,0.0,16379.88,7.0,85.367,1.0,,4,-67.24,3,15,9,457,0.488
8.914,8.196,0.0,2593.81,7.0,96.221,0.8,,0,-94.812,4,15,5,844,0.4941
9.238,8.445,0.0,2594.25,7.0,96.043,0.85,,0,-94.811,4,15,6,686,0.4913
9.86,10.0,0.023,2457.75,7.0,96.257,0.9,,1,-95.084,4,15,7,641,0.4836
10.054,10.182,0.0,5965.63,7.0,95.213,0.95,,4,-88.069,4,15,9,634,0.4921
10.333,10.435,0.0,6818.31,7.0,94.088,1.0,,4,-86.363,4,15,9,457,0.488
9.056,8.45,0.0,2086.31,7.0,97.05,0.8,,0,-95.827,5,15,4,556,0.4874
8.99,8.421,0.0,2055.69,7.0,97.013,0.85,,0,-95.889,5,15,5,579,0.4922
9.802,10.0,0.0101,2085.88,7.0,96.956,0.9,,1,-95.828,5,15,7,635,0.4866
9.789,9.791,0.0,1780.06,7.0,97.914,0.95,,3,-96.44,5,15,7,487,0.4743
10.367,10.276,0.0,1865.38,7.0,97.694,1.0,,3,-96.269,5,15,9,422,0.481
9.136,7.91,0.0,1724.06,7.0,97.721,0.8,,0,-96.552,6,15,3,351,0.4872
9.021,8.472,0.0,1747.25,7.0,97.596,0.85,,0,-96.505,6,15,5,569,0.4938
9.239,8.636,0.0,1594.56,7.0,97.784,0.9,,0,-96.811,6,15,6,512,0.498
9.722,9.791,0.0,1523.25,7.0,98.381,0.95,,2,-96.953,6,15,7,482,0.4772
9.891,9.506,0.0,1506.63,7.0,98.304,1.0,,2,-96.987,6,15,7,344,0.4709
9.09,8.011,0.0,1465.5,7.0,98.176,0.8,,0,-97.069,7,15,3,335,0.4925
9.109,8.554,0.0,1491.31,7.0,98.041,0.85,,0,-97.017,7,15,4,394,0.4873
9.18,8.822,0.0,1471.63,7.0,98.02,0.9,,0,-97.057,7,15,6,485,0.4969
9.722,9.791,0.0,509.56,7.0,99.502,0.95,,1,-98.981,7,15,7,482,0.4772
9.867,9.506,0.0,820.19,7.0,99.14,1.0,,2,-98.36,7,15,7,342,0.4737
9.09,8.011,0.0,1465.5,7.0,98.176,0.8,,0,-97.069,8,15,3,335,0.4925
9.109,8.554,0.0,1491.31,7.0,98.041,0.85,,0,-97.017,8,15,4,394,0.4873
9.18,8.822,0.0,1471.63,7.0,98.02,0.9,,0,-97.057,8,15,6,485,0.4969
9.722,9.791,0.0,509.56,7.0,99.502,0.95,,1,-98.981,8,15,7,482,0.4772
9.867,9.506,0.0,820.19,7.0,99.14,1.0,,2,-98.36,8,15,7,342,0.4737
9.09,8.011,0.0,1465.5,7.0,98.176,0.8,,0,-97.069,9,15,3,335,0.4925
9.109,8.554,0.0,1491.31,7.0,98.041,0.85,,0,-97.017,9,15,4,394,0.4873
9.18,8.822,0.0,1471.63,7.0,98.02,0.9,,0,-97.057,9,15,6,485,0.4969
9.722,9.791,0.0,509.56,7.0,99.502,0.95,,1,-98.981,9,15,7,482,0.4772
9.867,9.506,0.0,820.19,7.0,99.14,1.0,,2,-98.36,9,15,7,342,0.4737
9.09,8.011,0.0,1465.5,7.0,98.176,0.8,,0,-97.069,10,15,3,335,0.4925
9.109,8.554,0.0,1491.31,7.0,98.041,0.85,,0,-97.017,10,15,4,394,0.4873
9.18,8.822,0.0,1471.63,7.0,98.02,0.9,,0,-97.057,10,15,6,485,0.4969
9.722,9.791,0.0,509.56,7.0,99.502,0.95,,1,-98.981,10,15,7,482,0.4772
9.867,9.506,0.0,820.19,7.0,99.14,1.0,,2,-98.36,10,15,7,342,0.4737
9.839,9.845,0.029,23967.87,7.0,59.767,0.8,,1,-52.064,1,20,9,1672,0.4892
10.172,10.095,0.0649,30148.0,7.0,46.395,0.85,,1,-39.704,1,20,9,1102,0.4909
10.232,10.264,0.0909,35656.12,7.0,41.594,0.9,,2,-28.688,1,20,9,834,0.494
10.11,10.182,0.0,41072.38,7.0,44.725,0.95,,5,-17.855,1,20,9,634,0.4921
10.385,10.435,0.0,41318.25,7.0,40.138,1.0,,5,-17.363,1,20,9,457,0.488
9.839,9.845,0.0143,6188.75,7.0,90.479,0.8,,1,-87.623,2,20,9,1672,0.4892
10.172,10.095,0.0465,10198.88,7.0,83.899,0.85,,1,-79.602,2,20,9,1102,0.4909
10.232,10.264,0.0238,16533.44,7.0,76.283,0.9,,1,-66.933,2,20,9,834,0.494
10.11,10.182,0.0,25220.88,7.0,72.959,0.95,,4,-49.558,2,20,9,634,0.4921
10.385,10.435,0.0,25633.44,7.0,69.935,1.0,,5,-48.733,2,20,9,457,0.488
9.091,8.247,0.0,3410.63,7.0,94.958,0.8,,0,-93.179,3,20,6,1002,0.496
10.161,10.017,0.0,3334.06,7.0,94.661,0.85,,0,-93.332,3,20,9,1014,0.4911
10.232,10.264,0.0142,6754.88,7.0,91.146,0.9,,1,-86.49,3,20,9,834,0.494
10.11,10.182,0.0,12844.88,7.0,88.094,0.95,,4,-74.31,3,20,9,634,0.4921
10.385,10.435,0.0,12488.31,7.0,87.293,1.0,,4,-75.023,3,20,9,457,0.488
8.976,8.259,0.0,2521.19,7.0,96.42,0.8,,0,-94.958,4,20,5,849,0.4935
9.294,8.445,0.0,2529.06,7.0,96.142,0.85,,0,-94.942,4,20,6,686,0.4913
9.914,10.0,0.0217,2399.13,7.0,96.347,0.9,,1,-95.202,4,20,7,641,0.4836
10.11,10.182,0.0,5710.56,7.0,95.393,0.95,,3,-88.579,4,20,9,634,0.4921
10.385,10.435,0.0,6316.94,7.0,94.656,1.0,,4,-87.366,4,20,9,457,0.488
9.073,8.45,0.0,2009.75,7.0,97.202,0.8,,0,-95.981,5,20,4,557,0.4865
9.057,8.421,0.0,2039.5,7.0,97.036,0.85,,0,-95.921,5,20,5,579,0.4922
9.6,9.89,0.0,2059.19,7.0,96.995,0.9,,0,-95.882,5,20,7,621,0.4895
9.811,9.791,0.0,2030.31,7.0,97.62,0.95,,2,-95.939,5,20,7,484,0.4752
10.427,10.276,0.0,1970.38,7.0,97.565,1.0,,3,-96.059,5,20,9,423,0.4799
9.161,7.91,0.0,1745.06,7.0,97.693,0.8,,0,-96.51,6,20,3,351,0.4872
9.089,8.472,0.0,1748.13,7.0,97.595,0.85,,0,-96.504,6,20,5,569,0.4938
9.31,8.636,0.0,1596.75,7.0,97.781,0.9,,0,-96.806,6,20,6,512,0.498
9.793,9.791,0.0,1450.19,7.0,98.458,0.95,,1,-97.1,6,20,7,482,0.4772
9.935,9.506,0.0,1358.75,7.0,98.47,1.0,,2,-97.282,6,20,7,342,0.4737
9.154,7.991,0.0,1447.12,7.0,98.198,0.8,,0,-97.106,7,20,2,325,0.4954
9.149,8.554,0.0,1414.31,7.0,98.142,0.85,,0,-97.171,7,20,4,394,0.4873
9.207,8.848,0.0,1495.25,7.0,97.988,0.9,,0,-97.009,7,20,5,469,0.4947
9.386,9.266,0.0,1371.88,7.0,98.661,0.95,,1,-97.256,7,20,6,406,0.4852
9.433,9.312,0.0,1383.25,7.0,98.55,1.0,,2,-97.233,7,20,7,329,0.4772
9.154,7.991,0.0,1447.12,7.0,98.198,0.8,,0,-97.106,8,20,2,325,0.4954
9.149,8.554,0.0,1414.31,7.0,98.142,0.85,,0,-97.171,8,20,4,394,0.4873
9.207,8.848,0.0,1495.25,7.0,97.988,0.9,,0,-97.009,8,20,5,469,0.4947
9.386,9.266,0.0,1371.88,7.0,98.661,0.95,,1,-97.256,8,20,6,406,0.4852
9.433,9.312,0.0,1383.25,7.0,98.55,1.0,,2,-97.233,8,20,7,329,0.4772
9.154,7.991,0.0,1447.12,7.0,98.198,0.8,,0,-97.106,9,20,2,325,0.4954
9.149,8.554,0.0,1414.31,7.0,98.142,0.85,,0,-97.171,9,20,4,394,0.4873
9.207,8.848,0.0,1495.25,7.0,97.988,0.9,,0,-97.009,9,20,5,469,0.4947
9.386,9.266,0.0,1371.88,7.0,98.661,0.95,,1,-97.256,9,20,6,406,0.4852
9.433,9.312,0.0,1383.25,7.0,98.55,1.0,,2,-97.233,9,20,7,329,0.4772
9.154,7.991,0.0,1447.12,7.0,98.198,0.8,,0,-97.106,10,20,2,325,0.4954
9.149,8.554,0.0,1414.31,7.0,98.142,0.85,,0,-97.171,10,20,4,394,0.4873
9.207,8.848,0.0,1495.25,7.0,97.988,0.9,,0,-97.009,10,20,5,469,0.4947
9.386,9.266,0.0,1371.88,7.0,98.661,0.95,,1,-97.256,10,20,6,406,0.4852
9.433,9.312,0.0,1383.25,7.0,98.55,1.0,,2,-97.233,10,20,7,329,0.4772
9.912,9.845,0.0358,23951.69,7.0,58.803,0.8,,1,-52.097,1,25,9,1672,0.4892
10.192,10.095,0.0642,30262.62,7.0,46.529,0.85,,1,-39.475,1,25,9,1102,0.4909
10.254,10.264,0.1375,35649.56,7.0,41.607,0.9,,3,-28.701,1,25,9,834,0.494
10.138,10.182,0.0,41143.69,7.0,44.57,0.95,,5,-17.713,1,25,9,634,0.4921
10.424,10.435,0.0,39696.0,7.0,42.726,1.0,,5,-20.608,1,25,9,457,0.488
9.912,9.845,0.0252,6186.12,7.0,89.735,0.8,,1,-87.628,2,25,9,1672,0.4892
10.192,10.095,0.0469,10182.69,7.0,83.926,0.85,,1,-79.635,2,25,9,1102,0.4909
10.254,10.264,0.0282,16542.19,7.0,76.268,0.9,,1,-66.916,2,25,9,834,0.494
10.138,10.182,0.0,25224.81,7.0,72.73,0.95,,4,-49.55,2,25,9,634,0.4921
10.424,10.435,0.0,25605.44,7.0,70.684,1.0,,5,-48.789,2,25,9,457,0.488
9.215,8.247,0.0,3488.5,7.0,94.425,0.8,,0,-93.023,3,25,6,1001,0.4965
10.184,10.017,0.0,3333.63,7.0,94.662,0.85,,0,-93.333,3,25,9,1014,0.4911
10.254,10.264,0.0312,6324.81,7.0,91.862,0.9,,2,-87.35,3,25,9,834,0.494
10.138,10.182,0.0,12776.63,7.0,88.304,0.95,,4,-74.447,3,25,9,634,0.4921
10.424,10.435,0.0,12905.25,7.0,86.987,1.0,,4,-74.189,3,25,9,457,0.488
9.296,8.415,0.0,2597.75,7.0,96.108,0.8,,0,-94.805,4,25,4,565,0.485
9.328,8.445,0.0,2588.56,7.0,96.051,0.85,,0,-94.823,4,25,6,686,0.4913
9.942,10.0,0.0,2425.81,7.0,96.306,0.9,,0,-95.148,4,25,7,641,0.4836
10.138,10.182,0.0,5714.94,7.0,95.388,0.95,,4,-88.57,4,25,9,634,0.4921
10.424,10.435,0.0,5973.5,7.0,94.652,1.0,,4,-88.053,4,25,9,457,0.488
9.349,8.467,0.0,2094.62,7.0,97.038,0.8,,0,-95.811,5,25,4,520,0.4865
9.097,8.421,0.0,2006.25,7.0,97.085,0.85,,0,-95.987,5,25,5,579,0.4922
9.366,8.626,0.0,2078.0,7.0,96.968,0.9,,0,-95.844,5,25,6,527,0.4915
9.847,9.791,0.0,1891.19,7.0,97.783,0.95,,1,-96.218,5,25,7,484,0.4752
10.062,9.508,0.0,2055.25,7.0,97.46,1.0,,3,-95.889,5,25,7,348,0.4684
9.43,8.011,0.0,1719.69,7.0,97.727,0.8,,0,-96.561,6,25,3,335,0.4925
9.129,8.472,0.0,1657.13,7.0,97.72,0.85,,0,-96.686,6,25,5,569,0.4938
9.345,8.636,0.0,1594.13,7.0,97.784,0.9,,0,-96.812,6,25,6,512,0.498
9.829,9.791,0.0,936.13,7.0,99.005,0.95,,1,-98.128,6,25,7,482,0.4772
9.985,9.506,0.0,1445.81,7.0,98.372,1.0,,2,-97.108,6,25,7,342,0.4737
9.511,7.866,0.0,1454.56,7.0,98.189,0.8,,0,-97.091,7,25,2,305,0.5049
9.227,8.596,0.0,1449.75,7.0,98.096,0.85,,0,-97.1,7,25,4,386,0.4896
9.292,8.822,0.0,1465.94,7.0,98.028,0.9,,0,-97.068,7,25,6,485,0.4969
9.39,9.266,0.0,1499.63,7.0,98.536,0.95,,1,-97.001,7,25,6,402,0.49
9.486,9.312,0.0,1400.31,7.0,98.532,1.0,,2,-97.199,7,25,7,329,0.4772
9.511,7.866,0.0,1454.56,7.0,98.189,0.8,,0,-97.091,8,25,2,305,0.5049
9.227,8.596,0.0,1449.75,7.0,98.096,0.85,,0,-97.1,8,25,4,386,0.4896
9.292,8.822,0.0,1465.94,7.0,98.028,0.9,,0,-97.068,8,25,6,485,0.4969
9.39,9.266,0.0,1499.63,7.0,98.536,0.95,,1,-97.001,8,25,6,402,0.49
9.486,9.312,0.0,1400.31,7.0,98.532,1.0,,2,-97.199,8,25,7,329,0.4772
9.511,7.866,0.0,1454.56,7.0,98.189,0.8,,0,-97.091,9,25,2,305,0.5049
9.227,8.596,0.0,1449.75,7.0,98.096,0.85,,0,-97.1,9,25,4,386,0.4896
9.292,8.822,0.0,1465.94,7.0,98.028,0.9,,0,-97.068,9,25,6,485,0.4969
9.39,9.266,0.0,1499.63,7.0,98.536,0.95,,1,-97.001,9,25,6,402,0.49
9.486,9.312,0.0,1400.31,7.0,98.532,1.0,,2,-97.199,9,25,7,329,0.4772
9.511,7.866,0.0,1454.56,7.0,98.189,0.8,,0,-97.091,10,25,2,305,0.5049
9.227,8.596,0.0,1449.75,7.0,98.096,0.85,,0,-97.1,10,25,4,386,0.4896
9.292,8.822,0.0,1465.94,7.0,98.028,0.9,,0,-97.068,10,25,6,485,0.4969
9.39,9.266,0.0,1499.63,7.0,98.536,0.95,,1,-97.001,10,25,6,402,0.49
9.486,9.312,0.0,1400.31,7.0,98.532,1.0,,2,-97.199,10,25,7,329,0.4772
9.917,9.843,0.035,23613.06,7.0,60.274,0.8,,1,-52.774,1,30,9,1672,0.4886
10.192,10.095,0.0642,30262.62,7.0,46.529,0.85,,1,-39.475,1,30,9,1102,0.4909
10.254,10.264,0.1375,35649.56,7.0,41.607,0.9,,3,-28.701,1,30,9,834,0.494
10.138,10.182,0.0,41143.69,7.0,44.57,0.95,,5,-17.713,1,30,9,634,0.4921
10.424,10.435,0.0,39696.0,7.0,42.726,1.0,,5,-20.608,1,30,9,457,0.488
9.917,9.843,0.0245,6179.12,7.0,89.748,0.8,,1,-87.642,2,30,9,1672,0.4886
10.192,10.095,0.0469,10182.69,7.0,83.926,0.85,,1,-79.635,2,30,9,1102,0.4909
10.254,10.264,0.0282,16542.19,7.0,76.268,0.9,,1,-66.916,2,30,9,834,0.494
10.138,10.182,0.0,25224.81,7.0,72.73,0.95,,4,-49.55,2,30,9,634,0.4921
10.424,10.435,0.0,25605.44,7.0,70.684,1.0,,5,-48.789,2,30,9,457,0.488
9.226,8.241,0.0,3372.56,7.0,94.61,0.8,,0,-93.255,3,30,6,1002,0.495
10.184,10.017,0.0,3333.63,7.0,94.662,0.85,,0,-93.333,3,30,9,1014,0.4911
10.254,10.264,0.0312,6324.81,7.0,91.862,0.9,,2,-87.35,3,30,9,834,0.494
10.138,10.182,0.0,12776.63,7.0,88.304,0.95,,4,-74.447,3,30,9,634,0.4921
10.424,10.435,0.0,12905.25,7.0,86.987,1.0,,4,-74.189,3,30,9,457,0.488
9.296,8.415,0.0,2597.75,7.0,96.108,0.8,,0,-94.805,4,30,4,565,0.485
9.328,8.445,0.0,2588.56,7.0,96.051,0.85,,0,-94.823,4,30,6,686,0.4913
9.942,10.0,0.0,2425.81,7.0,96.306,0.9,,0,-95.148,4,30,7,641,0.4836
10.138,10.182,0.0,5714.94,7.0,95.388,0.95,,4,-88.57,4,30,9,634,0.4921
10.424,10.435,0.0,5973.5,7.0,94.652,1.0,,4,-88.053,4,30,9,457,0.488
9.349,8.467,0.0,2094.62,7.0,97.038,0.8,,0,-95.811,5,30,4,520,0.4865
9.097,8.421,0.0,2006.25,7.0,97.085,0.85,,0,-95.987,5,30,5,579,0.4922
9.366,8.626,0.0,2078.0,7.0,96.968,0.9,,0,-95.844,5,30,6,527,0.4915
9.847,9.791,0.0,1891.19,7.0,97.783,0.95,,1,-96.218,5,30,7,484,0.4752
10.062,9.508,0.0,2055.25,7.0,97.46,1.0,,3,-95.889,5,30,7,348,0.4684
9.43,8.011,0.0,1719.69,7.0,97.727,0.8,,0,-96.561,6,30,3,335,0.4925
9.129,8.472,0.0,1657.13,7.0,97.72,0.85,,0,-96.686,6,30,5,569,0.4938
9.345,8.636,0.0,1594.13,7.0,97.784,0.9,,0,-96.812,6,30,6,512,0.498
9.829,9.791,0.0,936.13,7.0,99.005,0.95,,1,-98.128,6,30,7,482,0.4772
9.985,9.506,0.0,1445.81,7.0,98.372,1.0,,2,-97.108,6,30,7,342,0.4737
9.511,7.866,0.0,1454.56,7.0,98.189,0.8,,0,-97.091,7,30,2,305,0.5049
9.227,8.596,0.0,1449.75,7.0,98.096,0.85,,0,-97.1,7,30,4,386,0.4896
9.292,8.822,0.0,1465.94,7.0,98.028,0.9,,0,-97.068,7,30,6,485,0.4969
9.39,9.266,0.0,1499.63,7.0,98.536,0.95,,1,-97.001,7,30,6,402,0.49
9.486,9.312,0.0,1400.31,7.0,98.532,1.0,,2,-97.199,7,30,7,329,0.4772
9.511,7.866,0.0,1454.56,7.0,98.189,0.8,,0,-97.091,8,30,2,305,0.5049
9.227,8.596,0.0,1449.75,7.0,98.096,0.85,,0,-97.1,8,30,4,386,0.4896
9.292,8.822,0.0,1465.94,7.0,98.028,0.9,,0,-97.068,8,30,6,485,0.4969
9.39,9.266,0.0,1499.63,7.0,98.536,0.95,,1,-97.001,8,30,6,402,0.49
9.486,9.312,0.0,1400.31,7.0,98.532,1.0,,2,-97.199,8,30,7,329,0.4772
9.511,7.866,0.0,1454.56,7.0,98.189,0.8,,0,-97.091,9,30,2,305,0.5049
9.227,8.596,0.0,1449.75,7.0,98.096,0.85,,0,-97.1,9,30,4,386,0.4896
9.292,8.822,0.0,1465.94,7.0,98.028,0.9,,0,-97.068,9,30,6,485,0.4969
9.39,9.266,0.0,1499.63,7.0,98.536,0.95,,1,-97.001,9,30,6,402,0.49
9.486,9.312,0.0,1400.31,7.0,98.532,1.0,,2,-97.199,9,30,7,329,0.4772
9.511,7.866,0.0,1454.56,7.0,98.189,0.8,,0,-97.091,10,30,2,305,0.5049
9.227,8.596,0.0,1449.75,7.0,98.096,0.85,,0,-97.1,10,30,4,386,0.4896
9.292,8.822,0.0,1465.94,7.0,98.028,0.9,,0,-97.068,10,30,6,485,0.4969
9.39,9.266,0.0,1499.63,7.0,98.536,0.95,,1,-97.001,10,30,6,402,0.49
9.486,9.312,0.0,1400.31,7.0,98.532,1.0,,2,-97.199,10,30,7,329,0.4772
9.917,9.843,0.035,23613.06,7.0,60.274,0.8,,1,-52.774,1,35,9,1672,0.4886
10.192,10.095,0.0642,30262.62,7.0,46.529,0.85,,1,-39.475,1,35,9,1102,0.4909
10.254,10.264,0.1375,35649.56,7.0,41.607,0.9,,3,-28.701,1,35,9,834,0.494
10.138,10.182,0.0,41143.69,7.0,44.57,0.95,,5,-17.713,1,35,9,634,0.4921
10.424,10.435,0.0,39696.0,7.0,42.726,1.0,,5,-20.608,1,35,9,457,0.488
9.917,9.843,0.0245,6179.12,7.0,89.748,0.8,,1,-87.642,2,35,9,1672,0.4886
10.192,10.095,0.0469,10182.69,7.0,83.926,0.85,,1,-79.635,2,35,9,1102,0.4909
10.254,10.264,0.0282,16542.19,7.0,76.268,0.9,,1,-66.916,2,35,9,834,0.494
10.138,10.182,0.0,25224.81,7.0,72.73,0.95,,4,-49.55,2,35,9,634,0.4921
10.424,10.435,0.0,25605.44,7.0,70.684,1.0,,5,-48.789,2,35,9,457,0.488
9.226,8.241,0.0,3372.56,7.0,94.61,0.8,,0,-93.255,3,35,6,1002,0.495
10.184,10.017,0.0,3333.63,7.0,94.662,0.85,,0,-93.333,3,35,9,1014,0.4911
10.254,10.264,0.0312,6324.81,7.0,91.862,0.9,,2,-87.35,3,35,9,834,0.494
10.138,10.182,0.0,12776.63,7.0,88.304,0.95,,4,-74.447,3,35,9,634,0.4921
10.424,10.435,0.0,12905.25,7.0,86.987,1.0,,4,-74.189,3,35,9,457,0.488
9.296,8.415,0.0,2597.75,7.0,96.108,0.8,,0,-94.805,4,35,4,565,0.485
9.328,8.445,0.0,2588.56,7.0,96.051,0.85,,0,-94.823,4,35,6,686,0.4913
9.942,10.0,0.0,2425.81,7.0,96.306,0.9,,0,-95.148,4,35,7,641,0.4836
10.138,10.182,0.0,5714.94,7.0,95.388,0.95,,4,-88.57,4,35,9,634,0.4921
10.424,10.435,0.0,5973.5,7.0,94.652,1.0,,4,-88.053,4,35,9,457,0.488
9.349,8.467,0.0,2094.62,7.0,97.038,0.8,,0,-95.811,5,35,4,520,0.4865
9.097,8.421,0.0,2006.25,7.0,97.085,0.85,,0,-95.987,5,35,5,579,0.4922
9.366,8.626,0.0,2078.0,7.0,96.968,0.9,,0,-95.844,5,35,6,527,0.4915
9.847,9.791,0.0,1891.19,7.0,97.783,0.95,,1,-96.218,5,35,7,484,0.4752
10.062,9.508,0.0,2055.25,7.0,97.46,1.0,,3,-95.889,5,35,7,348,0.4684
9.43,8.011,0.0,1719.69,7.0,97.727,0.8,,0,-96.561,6,35,3,335,0.4925
9.129,8.472,0.0,1657.13,7.0,97.72,0.85,,0,-96.686,6,35,5,569,0.4938
9.345,8.636,0.0,1594.13,7.0,97.784,0.9,,0,-96.812,6,35,6,512,0.498
9.829,9.791,0.0,936.13,7.0,99.005,0.95,,1,-98.128,6,35,7,482,0.4772
9.985,9.506,0.0,1445.81,7.0,98.372,1.0,,2,-97.108,6,35,7,342,0.4737
9.511,7.866,0.0,1454.56,7.0,98.189,0.8,,0,-97.091,7,35,2,305,0.5049
9.227,8.596,0.0,1449.75,7.0,98.096,0.85,,0,-97.1,7,35,4,386,0.4896
9.292,8.822,0.0,1465.94,7.0,98.028,0.9,,0,-97.068,7,35,6,485,0.4969
9.39,9.266,0.0,1499.63,7.0,98.536,0.95,,1,-97.001,7,35,6,402,0.49
9.486,9.312,0.0,1400.31,7.0,98.532,1.0,,2,-97.199,7,35,7,329,0.4772
9.511,7.866,0.0,1454.56,7.0,98.189,0.8,,0,-97.091,8,35,2,305,0.5049
9.227,8.596,0.0,1449.75,7.0,98.096,0.85,,0,-97.1,8,35,4,386,0.4896
9.292,8.822,0.0,1465.94,7.0,98.028,0.9,,0,-97.068,8,35,6,485,0.4969
9.39,9.266,0.0,1499.63,7.0,98.536,0.95,,1,-97.001,8,35,6,402,0.49
9.486,9.312,0.0,1400.31,7.0,98.532,1.0,,2,-97.199,8,35,7,329,0.4772
9.511,7.866,0.0,1454.56,7.0,98.189,0.8,,0,-97.091,9,35,2,305,0.5049
9.227,8.596,0.0,1449.75,7.0,98.096,0.85,,0,-97.1,9,35,4,386,0.4896
9.292,8.822,0.0,1465.94,7.0,98.028,0.9,,0,-97.068,9,35,6,485,0.4969
9.39,9.266,0.0,1499.63,7.0,98.536,0.95,,1,-97.001,9,35,6,402,0.49
9.486,9.312,0.0,1400.31,7.0,98.532,1.0,,2,-97.199,9,35,7,329,0.4772
9.511,7.866,0.0,1454.56,7.0,98.189,0.8,,0,-97.091,10,35,2,305,0.5049
9.227,8.596,0.0,1449.75,7.0,98.096,0.85,,0,-97.1,10,35,4,386,0.4896
9.292,8.822,0.0,1465.94,7.0,98.028,0.9,,0,-97.068,10,35,6,485,0.4969
9.39,9.266,0.0,1499.63,7.0,98.536,0.95,,1,-97.001,10,35,6,402,0.49
9.486,9.312,0.0,1400.31,7.0,98.532,1.0,,2,-97.199,10,35,7,329,0.4772
9.917,9.843,0.035,23613.06,7.0,60.274,0.8,,1,-52.774,1,40,9,1672,0.4886
10.192,10.095,0.0642,30262.62,7.0,46.529,0.85,,1,-39.475,1,40,9,1102,0.4909
10.254,10.264,0.1375,35649.56,7.0,41.607,0.9,,3,-28.701,1,40,9,834,0.494
10.138,10.182,0.0,41143.69,7.0,44.57,0.95,,5,-17.713,1,40,9,634,0.4921
10.424,10.435,0.0,39696.0,7.0,42.726,1.0,,5,-20.608,1,40,9,457,0.488
9.917,9.843,0.0245,6179.12,7.0,89.748,0.8,,1,-87.642,2,40,9,1672,0.4886
10.192,10.095,0.0469,10182.69,7.0,83.926,0.85,,1,-79.635,2,40,9,1102,0.4909
10.254,10.264,0.0282,16542.19,7.0,76.268,0.9,,1,-66.916,2,40,9,834,0.494
10.138,10.182,0.0,25224.81,7.0,72.73,0.95,,4,-49.55,2,40,9,634,0.4921
10.424,10.435,0.0,25605.44,7.0,70.684,1.0,,5,-48.789,2,40,9,457,0.488
9.226,8.241,0.0,3372.56,7.0,94.61,0.8,,0,-93.255,3,40,6,1002,0.495
10.184,10.017,0.0,3333.63,7.0,94.662,0.85,,0,-93.333,3,40,9,1014,0.4911
10.254,10.264,0.0312,6324.81,7.0,91.862,0.9,,2,-87.35,3,40,9,834,0.494
10.138,10.182,0.0,12776.63,7.0,88.304,0.95,,4,-74.447,3,40,9,634,0.4921
10.424,10.435,0.0,12905.25,7.0,86.987,1.0,,4,-74.189,3,40,9,457,0.488
9.296,8.415,0.0,2597.75,7.0,96.108,0.8,,0,-94.805,4,40,4,565,0.485
9.328,8.445,0.0,2588.56,7.0,96.051,0.85,,0,-94.823,4,40,6,686,0.4913
9.942,10.0,0.0,2425.81,7.0,96.306,0.9,,0,-95.148,4,40,7,641,0.4836
10.138,10.182,0.0,5714.94,7.0,95.388,0.95,,4,-88.57,4,40,9,634,0.4921
10.424,10.435,0.0,5973.5,7.0,94.652,1.0,,4,-88.053,4,40,9,457,0.488
9.349,8.467,0.0,2094.62,7.0,97.038,0.8,,0,-95.811,5,40,4,520,0.4865
9.097,8.421,0.0,2006.25,7.0,97.085,0.85,,0,-95.987,5,40,5,579,0.4922
9.366,8.626,0.0,2078.0,7.0,96.968,0.9,,0,-95.844,5,40,6,527,0.4915
9.847,9.791,0.0,1891.19,7.0,97.783,0.95,,1,-96.218,5,40,7,484,0.4752
10.062,9.508,0.0,2055.25,7.0,97.46,1.0,,3,-95.889,5,40,7,348,0.4684
9.43,8.011,0.0,1719.69,7.0,97.727,0.8,,0,-96.561,6,40,3,335,0.4925
9.129,8.472,0.0,1657.13,7.0,97.72,0.85,,0,-96.686,6,40,5,569,0.4938
9.345,8.636,0.0,1594.13,7.0,97.784,0.9,,0,-96.812,6,40,6,512,0.498
9.829,9.791,0.0,936.13,7.0,99.005,0.95,,1,-98.128,6,40,7,482,0.4772
9.985,9.506,0.0,1445.81,7.0,98.372,1.0,,2,-97.108,6,40,7,342,0.4737
9.511,7.866,0.0,1454.56,7.0,98.189,0.8,,0,-97.091,7,40,2,305,0.5049
9.227,8.596,0.0,1449.75,7.0,98.096,0.85,,0,-97.1,7,40,4,386,0.4896
9.292,8.822,0.0,1465.94,7.0,98.028,0.9,,0,-97.068,7,40,6,485,0.4969
9.39,9.266,0.0,1499.63,7.0,98.536,0.95,,1,-97.001,7,40,6,402,0.49
9.486,9.312,0.0,1400.31,7.0,98.532,1.0,,2,-97.199,7,40,7,329,0.4772
9.511,7.866,0.0,1454.56,7.0,98.189,0.8,,0,-97.091,8,40,2,305,0.5049
9.227,8.596,0.0,1449.75,7.0,98.096,0.85,,0,-97.1,8,40,4,386,0.4896
9.292,8.822,0.0,1465.94,7.0,98.028,0.9,,0,-97.068,8,40,6,485,0.4969
9.39,9.266,0.0,1499.63,7.0,98.536,0.95,,1,-97.001,8,40,6,402,0.49
9.486,9.312,0.0,1400.31,7.0,98.532,1.0,,2,-97.199,8,40,7,329,0.4772
9.511,7.866,0.0,1454.56,7.0,98.189,0.8,,0,-97.091,9,40,2,305,0.5049
9.227,8.596,0.0,1449.75,7.0,98.096,0.85,,0,-97.1,9,40,4,386,0.4896
9.292,8.822,0.0,1465.94,7.0,98.028,0.9,,0,-97.068,9,40,6,485,0.4969
9.39,9.266,0.0,1499.63,7.0,98.536,0.95,,1,-97.001,9,40,6,402,0.49
9.486,9.312,0.0,1400.31,7.0,98.532,1.0,,2,-97.199,9,40,7,329,0.4772
9.511,7.866,0.0,1454.56,7.0,98.189,0.8,,0,-97.091,10,40,2,305,0.5049
9.227,8.596,0.0,1449.75,7.0,98.096,0.85,,0,-97.1,10,40,4,386,0.4896
9.292,8.822,0.0,1465.94,7.0,98.028,0.9,,0,-97.068,10,40,6,485,0.4969
9.39,9.266,0.0,1499.63,7.0,98.536,0.95,,1,-97.001,10,40,6,402,0.49
9.486,9.312,0.0,1400.31,7.0,98.532,1.0,,2,-97.199,10,40,7,329,0.4772
9.917,9.843,0.035,23613.06,7.0,60.274,0.8,,1,-52.774,1,45,9,1672,0.4886
10.192,10.095,0.0642,30262.62,7.0,46.529,0.85,,1,-39.475,1,45,9,1102,0.4909
10.254,10.264,0.1375,35649.56,7.0,41.607,0.9,,3,-28.701,1,45,9,834,0.494
10.138,10.182,0.0,41143.69,7.0,44.57,0.95,,5,-17.713,1,45,9,634,0.4921
10.424,10.435,0.0,39696.0,7.0,42.726,1.0,,5,-20.608,1,45,9,457,0.488
9.917,9.843,0.0245,6179.12,7.0,89.748,0.8,,1,-87.642,2,45,9,1672,0.4886
10.192,10.095,0.0469,10182.69,7.0,83.926,0.85,,1,-79.635,2,45,9,1102,0.4909
10.254,10.264,0.0282,16542.19,7.0,76.268,0.9,,1,-66.916,2,45,9,834,0.494
10.138,10.182,0.0,25224.81,7.0,72.73,0.95,,4,-49.55,2,45,9,634,0.4921
10.424,10.435,0.0,25605.44,7.0,70.684,1.0,,5,-48.789,2,45,9,457,0.488
9.226,8.241,0.0,3372.56,7.0,94.61,0.8,,0,-93.255,3,45,6,1002,0.495
10.184,10.017,0.0,3333.63,7.0,94.662,0.85,,0,-93.333,3,45,9,1014,0.4911
10.254,10.264,0.0312,6324.81,7.0,91.862,0.9,,2,-87.35,3,45,9,834,0.494
10.138,10.182,0.0,12776.63,7.0,88.304,0.95,,4,-74.447,3,45,9,634,0.4921
10.424,10.435,0.0,12905.25,7.0,86.987,1.0,,4,-74.189,3,45,9,457,0.488
9.296,8.415,0.0,2597.75,7.0,96.108,0.8,,0,-94.805,4,45,4,565,0.485
9.328,8.445,0.0,2588.56,7.0,96.051,0.85,,0,-94.823,4,45,6,686,0.4913
9.942,10.0,0.0,2425.81,7.0,96.306,0.9,,0,-95.148,4,45,7,641,0.4836
10.138,10.182,0.0,5714.94,7.0,95.388,0.95,,4,-88.57,4,45,9,634,0.4921
10.424,10.435,0.0,5973.5,7.0,94.652,1.0,,4,-88.053,4,45,9,457,0.488
9.349,8.467,0.0,2094.62,7.0,97.038,0.8,,0,-95.811,5,45,4,520,0.4865
9.097,8.421,0.0,2006.25,7.0,97.085,0.85,,0,-95.987,5,45,5,579,0.4922
9.366,8.626,0.0,2078.0,7.0,96.968,0.9,,0,-95.844,5,45,6,527,0.4915
9.847,9.791,0.0,1891.19,7.0,97.783,0.95,,1,-96.218,5,45,7,484,0.4752
10.062,9.508,0.0,2055.25,7.0,97.46,1.0,,3,-95.889,5,45,7,348,0.4684
9.43,8.011,0.0,1719.69,7.0,97.727,0.8,,0,-96.561,6,45,3,335,0.4925
9.129,8.472,0.0,1657.13,7.0,97.72,0.85,,0,-96.686,6,45,5,569,0.4938
9.345,8.636,0.0,1594.13,7.0,97.784,0.9,,0,-96.812,6,45,6,512,0.498
9.829,9.791,0.0,936.13,7.0,99.005,0.95,,1,-98.128,6,45,7,482,0.4772
9.985,9.506,0.0,1445.81,7.0,98.372,1.0,,2,-97.108,6,45,7,342,0.4737
9.511,7.866,0.0,1454.56,7.0,98.189,0.8,,0,-97.091,7,45,2,305,0.5049
9.227,8.596,0.0,1449.75,7.0,98.096,0.85,,0,-97.1,7,45,4,386,0.4896
9.292,8.822,0.0,1465.94,7.0,98.028,0.9,,0,-97.068,7,45,6,485,0.4969
9.39,9.266,0.0,1499.63,7.0,98.536,0.95,,1,-97.001,7,45,6,402,0.49
9.486,9.312,0.0,1400.31,7.0,98.532,1.0,,2,-97.199,7,45,7,329,0.4772
9.511,7.866,0.0,1454.56,7.0,98.189,0.8,,0,-97.091,8,45,2,305,0.5049
9.227,8.596,0.0,1449.75,7.0,98.096,0.85,,0,-97.1,8,45,4,386,0.4896
9.292,8.822,0.0,1465.94,7.0,98.028,0.9,,0,-97.068,8,45,6,485,0.4969
9.39,9.266,0.0,1499.63,7.0,98.536,0.95,,1,-97.001,8,45,6,402,0.49
9.486,9.312,0.0,1400.31,7.0,98.532,1.0,,2,-97.199,8,45,7,329,0.4772
9.511,7.866,0.0,1454.56,7.0,98.189,0.8,,0,-97.091,9,45,2,305,0.5049
9.227,8.596,0.0,1449.75,7.0,98.096,0.85,,0,-97.1,9,45,4,386,0.4896
9.292,8.822,0.0,1465.94,7.0,98.028,0.9,,0,-97.068,9,45,6,485,0.4969
9.39,9.266,0.0,1499.63,7.0,98.536,0.95,,1,-97.001,9,45,6,402,0.49
9.486,9.312,0.0,1400.31,7.0,98.532,1.0,,2,-97.199,9,45,7,329,0.4772
9.511,7.866,0.0,1454.56,7.0,98.189,0.8,,0,-97.091,10,45,2,305,0.5049
9.227,8.596,0.0,1449.75,7.0,98.096,0.85,,0,-97.1,10,45,4,386,0.4896
9.292,8.822,0.0,1465.94,7.0,98.028,0.9,,0,-97.068,10,45,6,485,0.4969
9.39,9.266,0.0,1499.63,7.0,98.536,0.95,,1,-97.001,10,45,6,402,0.49
9.486,9.312,0.0,1400.31,7.0,98.532,1.0,,2,-97.199,10,45,7,329,0.4772
9.917,9.843,0.035,23613.06,7.0,60.274,0.8,,1,-52.774,1,50,9,1672,0.4886
10.192,10.095,0.0642,30262.62,7.0,46.529,0.85,,1,-39.475,1,50,9,1102,0.4909
10.254,10.264,0.1375,35649.56,7.0,41.607,0.9,,3,-28.701,1,50,9,834,0.494
10.138,10.182,0.0,41143.69,7.0,44.57,0.95,,5,-17.713,1,50,9,634,0.4921
10.424,10.435,0.0,39696.0,7.0,42.726,1.0,,5,-20.608,1,50,9,457,0.488
9.917,9.843,0.0245,6179.12,7.0,89.748,0.8,,1,-87.642,2,50,9,1672,0.4886
10.192,10.095,0.0469,10182.69,7.0,83.926,0.85,,1,-79.635,2,50,9,1102,0.4909
10.254,10.264,0.0282,16542.19,7.0,76.268,0.9,,1,-66.916,2,50,9,834,0.494
10.138,10.182,0.0,25224.81,7.0,72.73,0.95,,4,-49.55,2,50,9,634,0.4921
10.424,10.435,0.0,25605.44,7.0,70.684,1.0,,5,-48.789,2,50,9,457,0.488
9.226,8.241,0.0,3372.56,7.0,94.61,0.8,,0,-93.255,3,50,6,1002,0.495
10.184,10.017,0.0,3333.63,7.0,94.662,0.85,,0,-93.333,3,50,9,1014,0.4911
10.254,10.264,0.0312,6324.81,7.0,91.862,0.9,,2,-87.35,3,50,9,834,0.494
10.138,10.182,0.0,12776.63,7.0,88.304,0.95,,4,-74.447,3,50,9,634,0.4921
10.424,10.435,0.0,12905.25,7.0,86.987,1.0,,4,-74.189,3,50,9,457,0.488
9.296,8.415,0.0,2597.75,7.0,96.108,0.8,,0,-94.805,4,50,4,565,0.485
9.328,8.445,0.0,2588.56,7.0,96.051,0.85,,0,-94.823,4,50,6,686,0.4913
9.942,10.0,0.0,2425.81,7.0,96.306,0.9,,0,-95.148,4,50,7,641,0.4836
10.138,10.182,0.0,5714.94,7.0,95.388,0.95,,4,-88.57,4,50,9,634,0.4921
10.424,10.435,0.0,5973.5,7.0,94.652,1.0,,4,-88.053,4,50,9,457,0.488
9.349,8.467,0.0,2094.62,7.0,97.038,0.8,,0,-95.811,5,50,4,520,0.4865
9.097,8.421,0.0,2006.25,7.0,97.085,0.85,,0,-95.987,5,50,5,579,0.4922
9.366,8.626,0.0,2078.0,7.0,96.968,0.9,,0,-95.844,5,50,6,527,0.4915
9.847,9.791,0.0,1891.19,7.0,97.783,0.95,,1,-96.218,5,50,7,484,0.4752
10.062,9.508,0.0,2055.25,7.0,97.46,1.0,,3,-95.889,5,50,7,348,0.4684
9.43,8.011,0.0,1719.69,7.0,97.727,0.8,,0,-96.561,6,50,3,335,0.4925
9.129,8.472,0.0,1657.13,7.0,97.72,0.85,,0,-96.686,6,50,5,569,0.4938
9.345,8.636,0.0,1594.13,7.0,97.784,0.9,,0,-96.812,6,50,6,512,0.498
9.829,9.791,0.0,936.13,7.0,99.005,0.95,,1,-98.128,6,50,7,482,0.4772
9.985,9.506,0.0,1445.81,7.0,98.372,1.0,,2,-97.108,6,50,7,342,0.4737
9.511,7.866,0.0,1454.56,7.0,98.189,0.8,,0,-97.091,7,50,2,305,0.5049
9.227,8.596,0.0,1449.75,7.0,98.096,0.85,,0,-97.1,7,50,4,386,0.4896
9.292,8.822,0.0,1465.94,7.0,98.028,0.9,,0,-97.068,7,50,6,485,0.4969
9.39,9.266,0.0,1499.63,7.0,98.536,0.95,,1,-97.001,7,50,6,402,0.49
9.486,9.312,0.0,1400.31,7.0,98.532,1.0,,2,-97.199,7,50,7,329,0.4772
9.511,7.866,0.0,1454.56,7.0,98.189,0.8,,0,-97.091,8,50,2,305,0.5049
9.227,8.596,0.0,1449.75,7.0,98.096,0.85,,0,-97.1,8,50,4,386,0.4896
9.292,8.822,0.0,1465.94,7.0,98.028,0.9,,0,-97.068,8,50,6,485,0.4969
9.39,9.266,0.0,1499.63,7.0,98.536,0.95,,1,-97.001,8,50,6,402,0.49
9.486,9.312,0.0,1400.31,7.0,98.532,1.0,,2,-97.199,8,50,7,329,0.4772
9.511,7.866,0.0,1454.56,7.0,98.189,0.8,,0,-97.091,9,50,2,305,0.5049
9.227,8.596,0.0,1449.75,7.0,98.096,0.85,,0,-97.1,9,50,4,386,0.4896
9.292,8.822,0.0,1465.94,7.0,98.028,0.9,,0,-97.068,9,50,6,485,0.4969
9.39,9.266,0.0,1499.63,7.0,98.536,0.95,,1,-97.001,9,50,6,402,0.49
9.486,9.312,0.0,1400.31,7.0,98.532,1.0,,2,-97.199,9,50,7,329,0.4772
9.511,7.866,0.0,1454.56,7.0,98.189,0.8,,0,-97.091,10,50,2,305,0.5049
9.227,8.596,0.0,1449.75,7.0,98.096,0.85,,0,-97.1,10,50,4,386,0.4896
9.292,8.822,0.0,1465.94,7.0,98.028,0.9,,0,-97.068,10,50,6,485,0.4969
9.39,9.266,0.0,1499.63,7.0,98.536,0.95,,1,-97.001,10,50,6,402,0.49
9.486,9.312,0.0,1400.31,7.0,98.532,1.0,,2,-97.199,10,50,7,329,0.4772
9.917,9.843,0.035,23613.06,7.0,60.274,0.8,,1,-52.774,1,55,9,1672,0.4886
10.192,10.095,0.0642,30262.62,7.0,46.529,0.85,,1,-39.475,1,55,9,1102,0.4909
10.254,10.264,0.1375,35649.56,7.0,41.607,0.9,,3,-28.701,1,55,9,834,0.494
10.138,10.182,0.0,41143.69,7.0,44.57,0.95,,5,-17.713,1,55,9,634,0.4921
10.424,10.435,0.0,39696.0,7.0,42.726,1.0,,5,-20.608,1,55,9,457,0.488
9.917,9.843,0.0245,6179.12,7.0,89.748,0.8,,1,-87.642,2,55,9,1672,0.4886
10.192,10.095,0.0469,10182.69,7.0,83.926,0.85,,1,-79.635,2,55,9,1102,0.4909
10.254,10.264,0.0282,16542.19,7.0,76.268,0.9,,1,-66.916,2,55,9,834,0.494
10.138,10.182,0.0,25224.81,7.0,72.73,0.95,,4,-49.55,2,55,9,634,0.4921
10.424,10.435,0.0,25605.44,7.0,70.684,1.0,,5,-48.789,2,55,9,457,0.488
9.226,8.241,0.0,3372.56,7.0,94.61,0.8,,0,-93.255,3,55,6,1002,0.495
10.184,10.017,0.0,3333.63,7.0,94.662,0.85,,0,-93.333,3,55,9,1014,0.4911
10.254,10.264,0.0312,6324.81,7.0,91.862,0.9,,2,-87.35,3,55,9,834,0.494
10.138,10.182,0.0,12776.63,7.0,88.304,0.95,,4,-74.447,3,55,9,634,0.4921
10.424,10.435,0.0,12905.25,7.0,86.987,1.0,,4,-74.189,3,55,9,457,0.488
9.296,8.415,0.0,2597.75,7.0,96.108,0.8,,0,-94.805,4,55,4,565,0.485
9.328,8.445,0.0,2588.56,7.0,96.051,0.85,,0,-94.823,4,55,6,686,0.4913
9.942,10.0,0.0,2425.81,7.0,96.306,0.9,,0,-95.148,4,55,7,641,0.4836
10.138,10.182,0.0,5714.94,7.0,95.388,0.95,,4,-88.57,4,55,9,634,0.4921
10.424,10.435,0.0,5973.5,7.0,94.652,1.0,,4,-88.053,4,55,9,457,0.488
9.349,8.467,0.0,2094.62,7.0,97.038,0.8,,0,-95.811,5,55,4,520,0.4865
9.097,8.421,0.0,2006.25,7.0,97.085,0.85,,0,-95.987,5,55,5,579,0.4922
9.366,8.626,0.0,2078.0,7.0,96.968,0.9,,0,-95.844,5,55,6,527,0.4915
9.847,9.791,0.0,1891.19,7.0,97.783,0.95,,1,-96.218,5,55,7,484,0.4752
10.062,9.508,0.0,2055.25,7.0,97.46,1.0,,3,-95.889,5,55,7,348,0.4684
9.43,8.011,0.0,1719.69,7.0,97.727,0.8,,0,-96.561,6,55,3,335,0.4925
9.129,8.472,0.0,1657.13,7.0,97.72,0.85,,0,-96.686,6,55,5,569,0.4938
9.345,8.636,0.0,1594.13,7.0,97.784,0.9,,0,-96.812,6,55,6,512,0.498
9.829,9.791,0.0,936.13,7.0,99.005,0.95,,1,-98.128,6,55,7,482,0.4772
9.985,9.506,0.0,1445.81,7.0,98.372,1.0,,2,-97.108,6,55,7,342,0.4737
9.511,7.866,0.0,1454.56,7.0,98.189,0.8,,0,-97.091,7,55,2,305,0.5049
9.227,8.596,0.0,1449.75,7.0,98.096,0.85,,0,-97.1,7,55,4,386,0.4896
9.292,8.822,0.0,1465.94,7.0,98.028,0.9,,0,-97.068,7,55,6,485,0.4969
9.39,9.266,0.0,1499.63,7.0,98.536,0.95,,1,-97.001,7,55,6,402,0.49
9.486,9.312,0.0,1400.31,7.0,98.532,1.0,,2,-97.199,7,55,7,329,0.4772
9.511,7.866,0.0,1454.56,7.0,98.189,0.8,,0,-97.091,8,55,2,305,0.5049
9.227,8.596,0.0,1449.75,7.0,98.096,0.85,,0,-97.1,8,55,4,386,0.4896
9.292,8.822,0.0,1465.94,7.0,98.028,0.9,,0,-97.068,8,55,6,485,0.4969
9.39,9.266,0.0,1499.63,7.0,98.536,0.95,,1,-97.001,8,55,6,402,0.49
9.486,9.312,0.0,1400.31,7.0,98.532,1.0,,2,-97.199,8,55,7,329,0.4772
9.511,7.866,0.0,1454.56,7.0,98.189,0.8,,0,-97.091,9,55,2,305,0.5049
9.227,8.596,0.0,1449.75,7.0,98.096,0.85,,0,-97.1,9,55,4,386,0.4896
9.292,8.822,0.0,1465.94,7.0,98.028,0.9,,0,-97.068,9,55,6,485,0.4969
9.39,9.266,0.0,1499.63,7.0,98.536,0.95,,1,-97.001,9,55,6,402,0.49
9.486,9.312,0.0,1400.31,7.0,98.532,1.0,,2,-97.199,9,55,7,329,0.4772
9.511,7.866,0.0,1454.56,7.0,98.189,0.8,,0,-97.091,10,55,2,305,0.5049
9.227,8.596,0.0,1449.75,7.0,98.096,0.85,,0,-97.1,10,55,4,386,0.4896
9.292,8.822,0.0,1465.94,7.0,98.028,0.9,,0,-97.068,10,55,6,485,0.4969
9.39,9.266,0.0,1499.63,7.0,98.536,0.95,,1,-97.001,10,55,6,402,0.49
9.486,9.312,0.0,1400.31,7.0,98.532,1.0,,2,-97.199,10,55,7,329,0.4772
9.917,9.843,0.035,23613.06,7.0,60.274,0.8,,1,-52.774,1,60,9,1672,0.4886
10.192,10.095,0.0642,30262.62,7.0,46.529,0.85,,1,-39.475,1,60,9,1102,0.4909
10.254,10.264,0.1375,35649.56,7.0,41.607,0.9,,3,-28.701,1,60,9,834,0.494
10.138,10.182,0.0,41143.69,7.0,44.57,0.95,,5,-17.713,1,60,9,634,0.4921
10.424,10.435,0.0,39696.0,7.0,42.726,1.0,,5,-20.608,1,60,9,457,0.488
9.917,9.843,0.0245,6179.12,7.0,89.748,0.8,,1,-87.642,2,60,9,1672,0.4886
10.192,10.095,0.0469,10182.69,7.0,83.926,0.85,,1,-79.635,2,60,9,1102,0.4909
10.254,10.264,0.0282,16542.19,7.0,76.268,0.9,,1,-66.916,2,60,9,834,0.494
10.138,10.182,0.0,25224.81,7.0,72.73,0.95,,4,-49.55,2,60,9,634,0.4921
10.424,10.435,0.0,25605.44,7.0,70.684,1.0,,5,-48.789,2,60,9,457,0.488
9.226,8.241,0.0,3372.56,7.0,94.61,0.8,,0,-93.255,3,60,6,1002,0.495
10.184,10.017,0.0,3333.63,7.0,94.662,0.85,,0,-93.333,3,60,9,1014,0.4911
10.254,10.264,0.0312,6324.81,7.0,91.862,0.9,,2,-87.35,3,60,9,834,0.494
10.138,10.182,0.0,12776.63,7.0,88.304,0.95,,4,-74.447,3,60,9,634,0.4921
10.424,10.435,0.0,12905.25,7.0,86.987,1.0,,4,-74.189,3,60,9,457,0.488
9.296,8.415,0.0,2597.75,7.0,96.108,0.8,,0,-94.805,4,60,4,565,0.485
9.328,8.445,0.0,2588.56,7.0,96.051,0.85,,0,-94.823,4,60,6,686,0.4913
9.942,10.0,0.0,2425.81,7.0,96.306,0.9,,0,-95.148,4,60,7,641,0.4836
10.138,10.182,0.0,5714.94,7.0,95.388,0.95,,4,-88.57,4,60,9,634,0.4921
10.424,10.435,0.0,5973.5,7.0,94.652,1.0,,4,-88.053,4,60,9,457,0.488
9.349,8.467,0.0,2094.62,7.0,97.038,0.8,,0,-95.811,5,60,4,520,0.4865
9.097,8.421,0.0,2006.25,7.0,97.085,0.85,,0,-95.987,5,60,5,579,0.4922
9.366,8.626,0.0,2078.0,7.0,96.968,0.9,,0,-95.844,5,60,6,527,0.4915
9.847,9.791,0.0,1891.19,7.0,97.783,0.95,,1,-96.218,5,60,7,484,0.4752
10.062,9.508,0.0,2055.25,7.0,97.46,1.0,,3,-95.889,5,60,7,348,0.4684
9.43,8.011,0.0,1719.69,7.0,97.727,0.8,,0,-96.561,6,60,3,335,0.4925
9.129,8.472,0.0,1657.13,7.0,97.72,0.85,,0,-96.686,6,60,5,569,0.4938
9.345,8.636,0.0,1594.13,7.0,97.784,0.9,,0,-96.812,6,60,6,512,0.498
9.829,9.791,0.0,936.13,7.0,99.005,0.95,,1,-98.128,6,60,7,482,0.4772
9.985,9.506,0.0,1445.81,7.0,98.372,1.0,,2,-97.108,6,60,7,342,0.4737
9.511,7.866,0.0,1454.56,7.0,98.189,0.8,,0,-97.091,7,60,2,305,0.5049
9.227,8.596,0.0,1449.75,7.0,98.096,0.85,,0,-97.1,7,60,4,386,0.4896
9.292,8.822,0.0,1465.94,7.0,98.028,0.9,,0,-97.068,7,60,6,485,0.4969
9.39,9.266,0.0,1499.63,7.0,98.536,0.95,,1,-97.001,7,60,6,402,0.49
9.486,9.312,0.0,1400.31,7.0,98.532,1.0,,2,-97.199,7,60,7,329,0.4772
9.511,7.866,0.0,1454.56,7.0,98.189,0.8,,0,-97.091,8,60,2,305,0.5049
9.227,8.596,0.0,1449.75,7.0,98.096,0.85,,0,-97.1,8,60,4,386,0.4896
9.292,8.822,0.0,1465.94,7.0,98.028,0.9,,0,-97.068,8,60,6,485,0.4969
9.39,9.266,0.0,1499.63,7.0,98.536,0.95,,1,-97.001,8,60,6,402,0.49
9.486,9.312,0.0,1400.31,7.0,98.532,1.0,,2,-97.199,8,60,7,329,0.4772
9.511,7.866,0.0,1454.56,7.0,98.189,0.8,,0,-97.091,9,60,2,305,0.5049
9.227,8.596,0.0,1449.75,7.0,98.096,0.85,,0,-97.1,9,60,4,386,0.4896
9.292,8.822,0.0,1465.94,7.0,98.028,0.9,,0,-97.068,9,60,6,485,0.4969
9.39,9.266,0.0,1499.63,7.0,98.536,0.95,,1,-97.001,9,60,6,402,0.49
9.486,9.312,0.0,1400.31,7.0,98.532,1.0,,2,-97.199,9,60,7,329,0.4772
9.511,7.866,0.0,1454.56,7.0,98.189,0.8,,0,-97.091,10,60,2,305,0.5049
9.227,8.596,0.0,1449.75,7.0,98.096,0.85,,0,-97.1,10,60,4,386,0.4896
9.292,8.822,0.0,1465.94,7.0,98.028,0.9,,0,-97.068,10,60,6,485,0.4969
9.39,9.266,0.0,1499.63,7.0,98.536,0.95,,1,-97.001,10,60,6,402,0.49
9.486,9.312,0.0,1400.31,7.0,98.532,1.0,,2,-97.199,10,60,7,329,0.4772
9.001,9.921,0.0056,26312.0,7.5,57.62,0.8,,2,-47.376,1,5,9,1687,0.4641
9.193,10.306,0.0125,37394.31,7.5,44.044,0.85,,2,-25.211,1,5,9,1106,0.4647
9.012,10.455,0.0,43165.38,7.5,38.35,0.9,,6,-13.669,1,5,9,839,0.4601
9.046,10.35,0.0,41265.31,7.5,40.681,0.95,,5,-17.469,1,5,9,638,0.4561
9.418,10.711,0.0,39822.44,7.5,37.801,1.0,,4,-20.355,1,5,9,457,0.4551
9.001,9.921,0.0,8897.75,7.5,88.158,0.8,,2,-82.204,2,5,9,1687,0.4641
9.193,10.306,0.0,14902.88,7.5,80.951,0.85,,2,-70.194,2,5,9,1106,0.4647
9.012,10.455,0.0,23456.0,7.5,72.595,0.9,,4,-53.088,2,5,9,839,0.4601
9.046,10.35,0.0,27091.63,7.5,71.372,0.95,,5,-45.817,2,5,9,638,0.4561
9.418,10.711,0.0,29651.0,7.5,65.104,1.0,,5,-40.698,2,5,9,457,0.4551
8.637,9.581,0.0,3720.38,7.5,95.726,0.8,,2,-92.559,3,5,7,1318,0.4636
9.193,10.306,0.0,5446.75,7.5,93.958,0.85,,1,-89.106,3,5,9,1106,0.4647
9.012,10.455,0.0,7604.5,7.5,91.074,0.9,,2,-84.791,3,5,9,839,0.4601
9.046,10.35,0.0,13114.81,7.5,89.101,0.95,,3,-73.77,3,5,9,638,0.4561
9.418,10.711,0.0,16633.19,7.5,81.912,1.0,,4,-66.734,3,5,9,457,0.4551
8.023,8.285,0.0,2807.75,7.5,97.124,0.8,,1,-94.384,4,5,6,1016,0.4665
8.86,9.943,0.0,2789.38,7.5,96.862,0.85,,1,-94.421,4,5,7,851,0.4595
9.065,10.402,0.0,2802.94,7.5,96.549,0.9,,2,-94.394,4,5,9,814,0.4582
9.046,10.35,0.0,6331.38,7.5,95.63,0.95,,2,-87.337,4,5,9,638,0.4561
9.418,10.711,0.0,7318.81,7.5,92.899,1.0,,4,-85.362,4,5,9,457,0.4551
7.979,8.169,0.0,2169.88,7.5,98.086,0.8,,1,-95.66,5,5,4,559,0.4562
8.237,8.618,0.0,2137.5,7.5,97.853,0.85,,1,-95.725,5,5,6,691,0.4602
8.783,10.181,0.0,1437.5,7.5,98.335,0.9,,1,-97.125,5,5,7,638,0.4514
9.139,10.354,0.0,2094.19,7.5,98.333,0.95,,1,-95.812,5,5,9,587,0.4514
9.418,10.711,0.0,4031.0,7.5,96.621,1.0,,4,-91.938,5,5,9,457,0.4551
7.994,8.138,0.0,1814.63,7.5,98.507,0.8,,1,-96.371,6,5,4,528,0.4602
8.177,8.692,0.0,1835.19,7.5,98.255,0.85,,1,-96.33,6,5,6,648,0.463
8.009,8.712,0.0,1725.38,7.5,98.151,0.9,,1,-96.549,6,5,6,527,0.4516
8.633,9.971,0.0,1673.31,7.5,98.85,0.95,,1,-96.653,6,5,7,486,0.4424
8.967,9.823,0.0,1730.19,7.5,98.026,1.0,,3,-96.54,6,5,7,347,0.4352
8.031,7.629,0.0,1499.19,7.5,98.888,0.8,,1,-97.002,7,5,3,359,0.4624
7.982,8.625,0.0,1567.0,7.5,98.585,0.85,,1,-96.866,7,5,5,583,0.458
7.886,8.785,0.0,1573.13,7.5,98.388,0.9,,1,-96.854,7,5,6,513,0.4561
8.633,9.971,0.0,1014.88,7.5,99.381,0.95,,1,-97.97,7,5,7,486,0.4424
8.861,9.822,0.0,1514.5,7.5,98.402,1.0,,3,-96.971,7,5,7,342,0.4386
8.005,7.758,0.0,1469.0,7.5,98.938,0.8,,0,-97.062,8,5,3,349,0.4613
8.183,8.52,0.0,1414.75,7.5,98.749,0.85,,1,-97.17,8,5,4,382,0.4607
7.87,8.944,0.0,1462.44,7.5,98.509,0.9,,1,-97.075,8,5,5,474,0.4515
8.633,9.971,0.0,727.88,7.5,99.582,0.95,,1,-98.544,8,5,7,486,0.4424
8.861,9.822,0.0,916.88,7.5,99.059,1.0,,3,-98.166,8,5,7,342,0.4386
8.005,7.758,0.0,1469.0,7.5,98.938,0.8,,0,-97.062,9,5,3,349,0.4613
8.183,8.52,0.0,1414.75,7.5,98.749,0.85,,1,-97.17,9,5,4,382,0.4607
7.87,8.944,0.0,1462.44,7.5,98.509,0.9,,1,-97.075,9,5,5,474,0.4515
8.633,9.971,0.0,727.88,7.5,99.582,0.95,,1,-98.544,9,5,7,486,0.4424
8.861,9.822,0.0,916.88,7.5,99.059,1.0,,3,-98.166,9,5,7,342,0.4386
8.005,7.758,0.0,1469.0,7.5,98.938,0.8,,0,-97.062,10,5,3,349,0.4613
8.183,8.52,0.0,1414.75,7.5,98.749,0.85,,1,-97.17,10,5,4,382,0.4607
7.87,8.944,0.0,1462.44,7.5,98.509,0.9,,1,-97.075,10,5,5,474,0.4515
8.633,9.971,0.0,727.88,7.5,99.582,0.95,,1,-98.544,10,5,7,486,0.4424
8.861,9.822,0.0,916.88,7.5,99.059,1.0,,3,-98.166,10,5,7,342,0.4386
10.138,9.873,0.0651,26132.19,7.5,56.728,0.8,,3,-47.736,1,10,9,1662,0.4976
10.502,10.217,0.0856,33567.5,7.5,46.063,0.85,,2,-32.865,1,10,9,1092,0.5027
10.437,10.237,0.0037,42123.25,7.5,36.135,0.9,,3,-15.754,1,10,9,829,0.5054
10.326,10.15,0.0,44334.38,7.5,43.136,0.95,,5,-11.331,1,10,9,631,0.5055
10.605,10.414,0.0,44344.88,7.5,33.945,1.0,,5,-11.31,1,10,9,456,0.5
10.138,9.873,0.0411,9128.75,7.5,87.034,0.8,,2,-81.743,2,10,9,1662,0.4976
10.502,10.217,0.0598,16410.06,7.5,79.006,0.85,,2,-67.18,2,10,9,1092,0.5027
10.437,10.237,0.0,26180.75,7.5,67.414,0.9,,4,-47.639,2,10,9,829,0.5054
10.326,10.15,0.0,37386.0,7.5,69.721,0.95,,4,-25.228,2,10,9,631,0.5055
10.605,10.414,0.0,32132.06,7.5,63.303,1.0,,4,-35.736,2,10,9,456,0.5
10.146,9.832,0.0,3642.5,7.5,95.356,0.8,,2,-92.715,3,10,9,1642,0.4982
10.502,10.217,0.0346,6339.25,7.5,93.397,0.85,,2,-87.322,3,10,9,1092,0.5027
10.437,10.237,0.0,10371.69,7.5,89.624,0.9,,3,-79.257,3,10,9,829,0.5054
10.326,10.15,0.0,22395.5,7.5,84.691,0.95,,3,-55.209,3,10,9,631,0.5055
10.605,10.414,0.0,19939.38,7.5,81.144,1.0,,4,-60.121,3,10,9,456,0.5
9.263,8.345,0.0012,2794.63,7.5,96.793,0.8,,1,-94.411,4,10,5,868,0.5046
10.494,10.14,0.0191,2809.94,7.5,96.991,0.85,,1,-94.38,4,10,8,1002,0.505
10.47,10.208,0.0,2696.63,7.5,96.915,0.9,,2,-94.607,4,10,9,768,0.5026
10.326,10.15,0.0,10737.88,7.5,93.899,0.95,,3,-78.524,4,10,9,631,0.5055
10.605,10.414,0.0,10188.38,7.5,91.849,1.0,,4,-79.623,4,10,9,456,0.5
9.198,8.315,0.0,2212.75,7.5,97.656,0.8,,0,-95.575,5,10,5,838,0.5048
10.035,9.873,0.0087,1949.81,7.5,98.069,0.85,,1,-96.1,5,10,7,822,0.5036
10.062,9.958,0.0,2167.69,7.5,97.701,0.9,,2,-95.665,5,10,7,632,0.4984
10.404,10.106,0.0,2108.63,7.5,98.468,0.95,,2,-95.783,5,10,9,581,0.4991
10.65,10.257,0.0,2158.94,7.5,97.427,1.0,,3,-95.682,5,10,9,422,0.4929
9.342,8.632,0.0,1867.56,7.5,98.138,0.8,,0,-96.265,6,10,4,514,0.5
9.57,8.686,0.0,1866.69,7.5,98.258,0.85,,1,-96.267,6,10,6,666,0.509
10.044,9.958,0.0,1024.94,7.5,99.009,0.9,,2,-97.95,6,10,7,629,0.5008
10.055,9.75,0.0,1608.13,7.5,99.001,0.95,,2,-96.784,6,10,7,484,0.4917
10.131,9.505,0.0,1832.56,7.5,98.03,1.0,,3,-96.335,6,10,7,343,0.4869
9.295,8.629,0.0,1557.81,7.5,98.514,0.8,,0,-96.884,7,10,3,475,0.4989
9.372,8.693,0.0125,1476.88,7.5,98.662,0.85,,1,-97.046,7,10,5,562,0.5089
9.381,8.581,0.0,1537.25,7.5,98.602,0.9,,1,-96.925,7,10,6,518,0.5077
9.988,9.75,0.0,1273.44,7.5,99.3,0.95,,1,-97.453,7,10,7,479,0.4948
10.109,9.505,0.0,715.19,7.5,99.284,1.0,,3,-98.57,7,10,7,341,0.4897
9.295,8.629,0.0,1392.87,7.5,98.692,0.8,,0,-97.214,8,10,3,475,0.4989
9.372,8.693,0.0,1287.88,7.5,98.862,0.85,,0,-97.424,8,10,5,562,0.5089
9.4,8.612,0.0,1015.31,7.5,99.09,0.9,,1,-97.969,8,10,6,509,0.5108
9.988,9.75,0.0,1147.44,7.5,99.407,0.95,,1,-97.705,8,10,7,479,0.4948
10.109,9.505,0.0,1297.06,7.5,98.733,1.0,,3,-97.406,8,10,7,341,0.4897
9.295,8.629,0.0,1392.87,7.5,98.692,0.8,,0,-97.214,9,10,3,475,0.4989
9.372,8.693,0.0,1287.88,7.5,98.862,0.85,,0,-97.424,9,10,5,562,0.5089
9.4,8.612,0.0,1015.31,7.5,99.09,0.9,,1,-97.969,9,10,6,509,0.5108
9.988,9.75,0.0,1147.44,7.5,99.407,0.95,,1,-97.705,9,10,7,479,0.4948
10.109,9.505,0.0,1297.06,7.5,98.733,1.0,,3,-97.406,9,10,7,341,0.4897
9.295,8.629,0.0,1392.87,7.5,98.692,0.8,,0,-97.214,10,10,3,475,0.4989
9.372,8.693,0.0,1287.88,7.5,98.862,0.85,,0,-97.424,10,10,5,562,0.5089
9.4,8.612,0.0,1015.31,7.5,99.09,0.9,,1,-97.969,10,10,6,509,0.5108
9.988,9.75,0.0,1147.44,7.5,99.407,0.95,,1,-97.705,10,10,7,479,0.4948
10.109,9.505,0.0,1297.06,7.5,98.733,1.0,,3,-97.406,10,10,7,341,0.4897
10.278,9.873,0.123,26905.69,7.5,53.86,0.8,,3,-46.189,1,15,9,1658,0.5006
10.656,10.198,0.1165,36172.37,7.5,45.53,0.85,,3,-27.655,1,15,9,1090,0.5055
10.605,10.203,0.0226,42588.75,7.5,36.327,0.9,,3,-14.823,1,15,9,828,0.5097
10.438,10.139,0.0,44428.88,7.5,42.938,0.95,,5,-11.142,1,15,9,631,0.5071
10.674,10.414,0.0,43966.0,7.5,33.928,1.0,,5,-12.068,1,15,9,456,0.5
10.278,9.873,0.0709,9183.44,7.5,86.234,0.8,,2,-81.633,2,15,9,1658,0.5006
10.656,10.198,0.0624,15146.56,7.5,81.037,0.85,,2,-69.707,2,15,9,1090,0.5055
10.605,10.203,0.0,25880.19,7.5,66.687,0.9,,2,-48.24,2,15,9,828,0.5097
10.438,10.139,0.0,32747.19,7.5,69.619,0.95,,3,-34.506,2,15,9,631,0.5071
10.674,10.414,0.0,30318.19,7.5,65.523,1.0,,5,-39.364,2,15,9,456,0.5
10.287,9.842,0.019,3625.44,7.5,94.89,0.8,,1,-92.749,3,15,9,1635,0.5015
10.656,10.198,0.0588,5176.37,7.5,94.781,0.85,,2,-89.647,3,15,9,1090,0.5055
10.605,10.203,0.0,12062.63,7.5,87.356,0.9,,2,-75.875,3,15,9,828,0.5097
10.438,10.139,0.0,18412.94,7.5,86.721,0.95,,3,-63.174,3,15,9,631,0.5071
10.674,10.414,0.0,18748.06,7.5,81.091,1.0,,4,-62.504,3,15,9,456,0.5
9.461,8.331,0.0,2724.63,7.5,96.43,0.8,,0,-94.551,4,15,6,996,0.509
10.643,10.127,0.0277,2570.19,7.5,97.246,0.85,,1,-94.86,4,15,9,1001,0.5065
10.597,10.181,0.0,2792.44,7.5,96.534,0.9,,2,-94.415,4,15,9,767,0.5059
10.438,10.139,0.0,8994.44,7.5,95.122,0.95,,3,-82.011,4,15,9,631,0.5071
10.674,10.414,0.0,8233.19,7.5,92.792,1.0,,4,-83.534,4,15,9,456,0.5
9.319,8.331,0.0,2169.87,7.5,97.386,0.8,,0,-95.66,5,15,5,833,0.5102
9.715,8.622,0.0606,2057.44,7.5,97.941,0.85,,1,-95.885,5,15,6,678,0.5074
10.211,9.926,0.0,2084.13,7.5,97.601,0.9,,2,-95.832,5,15,7,631,0.5024
10.475,10.106,0.0,2181.69,7.5,98.3,0.95,,2,-95.637,5,15,9,581,0.4991
10.703,10.257,0.0,2172.94,7.5,97.352,1.0,,3,-95.654,5,15,9,422,0.4929
9.401,8.642,0.0,1843.94,7.5,97.815,0.8,,0,-96.312,6,15,4,553,0.5009
9.709,8.671,0.0,1625.19,7.5,98.433,0.85,,0,-96.75,6,15,6,664,0.512
9.916,9.817,0.0,1858.38,7.5,98.017,0.9,,2,-96.283,6,15,7,615,0.5073
10.138,9.75,0.0,1569.63,7.5,98.956,0.95,,2,-96.861,6,15,7,484,0.4917
10.159,9.505,0.0,1832.56,7.5,97.957,1.0,,3,-96.335,6,15,7,342,0.4883
9.475,8.673,0.0,1562.62,7.5,98.14,0.8,,0,-96.875,7,15,4,512,0.5059
9.507,8.675,0.0,1462.87,7.5,98.559,0.85,,0,-97.074,7,15,5,560,0.5125
9.562,8.553,0.0,1556.06,7.5,98.378,0.9,,2,-96.888,7,15,6,516,0.5136
10.073,9.75,0.0,1286.13,7.5,99.235,0.95,,2,-97.428,7,15,7,479,0.4948
10.159,9.505,0.0,1505.75,7.5,98.422,1.0,,3,-96.988,7,15,7,342,0.4883
9.482,8.673,0.0,1412.56,7.5,98.283,0.8,,0,-97.175,8,15,4,511,0.5068
9.507,8.675,0.0,1251.12,7.5,98.712,0.85,,0,-97.498,8,15,5,560,0.5125
9.568,8.573,0.0,1467.69,7.5,98.491,0.9,,2,-97.065,8,15,6,511,0.5147
10.073,9.75,0.0,1112.44,7.5,99.373,0.95,,2,-97.775,8,15,7,479,0.4948
10.173,9.505,0.0,1044.19,7.5,98.925,1.0,,3,-97.912,8,15,7,341,0.4897
9.482,8.673,0.0,1412.56,7.5,98.283,0.8,,0,-97.175,9,15,4,511,0.5068
9.507,8.675,0.0,1251.12,7.5,98.712,0.85,,0,-97.498,9,15,5,560,0.5125
9.568,8.573,0.0,1467.69,7.5,98.491,0.9,,2,-97.065,9,15,6,511,0.5147
10.073,9.75,0.0,1112.44,7.5,99.373,0.95,,2,-97.775,9,15,7,479,0.4948
10.173,9.505,0.0,1044.19,7.5,98.925,1.0,,3,-97.912,9,15,7,341,0.4897
9.482,8.673,0.0,1412.56,7.5,98.283,0.8,,0,-97.175,10,15,4,511,0.5068
9.507,8.675,0.0,1251.12,7.5,98.712,0.85,,0,-97.498,10,15,5,560,0.5125
9.568,8.573,0.0,1467.69,7.5,98.491,0.9,,2,-97.065,10,15,6,511,0.5147
10.073,9.75,0.0,1112.44,7.5,99.373,0.95,,2,-97.775,10,15,7,479,0.4948
10.173,9.505,0.0,1044.19,7.5,98.925,1.0,,3,-97.912,10,15,7,341,0.4897
10.33,9.878,0.0585,27250.0,7.5,53.598,0.8,,3,-45.5,1,20,9,1658,0.5018
10.727,10.185,0.1136,35982.5,7.5,45.746,0.85,,3,-28.035,1,20,9,1090,0.5064
10.67,10.203,0.0761,39865.75,7.5,37.105,0.9,,4,-20.269,1,20,9,828,0.5097
10.524,10.139,0.0,44437.19,7.5,41.451,0.95,,5,-11.126,1,20,9,631,0.5071
10.765,10.414,0.0,42572.13,7.5,36.722,1.0,,5,-14.856,1,20,9,456,0.5
10.33,9.878,0.0644,9195.69,7.5,86.24,0.8,,2,-81.609,2,20,9,1658,0.5018
10.727,10.185,0.0687,15532.87,7.5,79.837,0.85,,2,-68.934,2,20,9,1090,0.5064
10.67,10.203,0.0,25881.06,7.5,66.686,0.9,,2,-48.238,2,20,9,828,0.5097
10.524,10.139,0.0,31806.56,7.5,70.746,0.95,,4,-36.387,2,20,9,631,0.5071
10.765,10.414,0.0,30801.63,7.5,64.475,1.0,,4,-38.397,2,20,9,456,0.5
10.339,9.847,0.0131,3723.87,7.5,94.813,0.8,,1,-92.552,3,20,9,1635,0.5028
10.727,10.185,0.0297,5703.56,7.5,94.164,0.85,,1,-88.593,3,20,9,1090,0.5064
10.67,10.203,0.0,9951.69,7.5,89.507,0.9,,3,-80.097,3,20,9,828,0.5097
10.524,10.139,0.0,17269.31,7.5,87.287,0.95,,3,-65.461,3,20,9,631,0.5071
10.765,10.414,0.0,18010.44,7.5,82.052,1.0,,4,-63.979,3,20,9,456,0.5
9.545,8.346,0.0,2731.63,7.5,96.538,0.8,,0,-94.537,4,20,6,996,0.511
10.422,9.873,0.0898,2808.63,7.5,96.991,0.85,,2,-94.383,4,20,7,858,0.5035
10.69,10.137,0.0,2749.56,7.5,96.588,0.9,,1,-94.501,4,20,9,795,0.5069
10.524,10.139,0.0,8996.63,7.5,95.12,0.95,,2,-82.007,4,20,9,631,0.5071
10.765,10.414,0.0,7191.5,7.5,93.681,1.0,,4,-85.617,4,20,9,456,0.5
9.419,8.348,0.0,2188.69,7.5,97.393,0.8,,0,-95.623,5,20,5,833,0.5126
9.806,8.606,0.0528,2129.63,7.5,97.869,0.85,,1,-95.741,5,20,6,676,0.5104
10.28,9.926,0.0,2086.75,7.5,97.598,0.9,,1,-95.826,5,20,7,628,0.5048
10.564,10.106,0.0,2174.25,7.5,98.306,0.95,,1,-95.651,5,20,9,580,0.5
10.765,10.414,0.0,4270.31,7.5,96.577,1.0,,4,-91.459,5,20,9,456,0.5
9.443,8.642,0.0,1847.0,7.5,97.905,0.8,,0,-96.306,6,20,4,553,0.5009
9.824,8.654,0.0,1609.87,7.5,98.448,0.85,,0,-96.78,6,20,6,664,0.5136
10.018,9.853,0.0,1787.06,7.5,98.093,0.9,,1,-96.426,6,20,7,611,0.5074
10.199,9.75,0.0,1637.44,7.5,98.911,0.95,,1,-96.725,6,20,7,481,0.4927
10.364,9.507,0.0,1796.25,7.5,97.998,1.0,,3,-96.407,6,20,7,347,0.4841
9.495,8.673,0.0,1557.81,7.5,98.159,0.8,,0,-96.884,7,20,3,472,0.5064
9.644,8.655,0.0,1446.69,7.5,98.575,0.85,,0,-97.107,7,20,5,560,0.5143
9.685,8.584,0.0,1260.75,7.5,98.686,0.9,,1,-97.478,7,20,6,508,0.5157
10.183,9.75,0.0,1357.88,7.5,99.192,0.95,,1,-97.284,7,20,7,479,0.4948
10.292,9.505,0.0,1216.56,7.5,98.725,1.0,,3,-97.567,7,20,7,341,0.4897
9.527,8.673,0.0,1484.31,7.5,98.242,0.8,,0,-97.031,8,20,4,510,0.5078
9.644,8.655,0.0,1247.19,7.5,98.716,0.85,,0,-97.506,8,20,5,560,0.5143
9.685,8.584,0.0,1097.56,7.5,98.872,0.9,,1,-97.805,8,20,6,508,0.5157
10.183,9.75,0.0,951.44,7.5,99.463,0.95,,1,-98.097,8,20,7,479,0.4948
10.292,9.505,0.0,1166.69,7.5,98.799,1.0,,3,-97.667,8,20,7,341,0.4897
9.527,8.673,0.0,1484.31,7.5,98.242,0.8,,0,-97.031,9,20,4,510,0.5078
9.644,8.655,0.0,1247.19,7.5,98.716,0.85,,0,-97.506,9,20,5,560,0.5143
9.685,8.584,0.0,1097.56,7.5,98.872,0.9,,1,-97.805,9,20,6,508,0.5157
10.183,9.75,0.0,951.44,7.5,99.463,0.95,,1,-98.097,9,20,7,479,0.4948
10.292,9.505,0.0,1166.69,7.5,98.799,1.0,,3,-97.667,9,20,7,341,0.4897
9.527,8.673,0.0,1484.31,7.5,98.242,0.8,,0,-97.031,10,20,4,510,0.5078
9.644,8.655,0.0,1247.19,7.5,98.716,0.85,,0,-97.506,10,20,5,560,0.5143
9.685,8.584,0.0,1097.56,7.5,98.872,0.9,,1,-97.805,10,20,6,508,0.5157
10.183,9.75,0.0,951.44,7.5,99.463,0.95,,1,-98.097,10,20,7,479,0.4948
10.292,9.505,0.0,1166.69,7.5,98.799,1.0,,3,-97.667,10,20,7,341,0.4897
10.411,9.879,0.0563,25434.37,7.5,53.425,0.8,,1,-49.131,1,25,9,1657,0.5015
10.751,10.185,0.1203,35972.0,7.5,45.763,0.85,,3,-28.056,1,25,9,1090,0.5064
10.693,10.203,0.0725,39932.25,7.5,36.989,0.9,,4,-20.136,1,25,9,828,0.5097
10.553,10.139,0.0,44168.13,7.5,41.495,0.95,,5,-11.664,1,25,9,631,0.5071
10.805,10.414,0.0,42062.0,7.5,37.383,1.0,,5,-15.876,1,25,9,456,0.5
10.411,9.879,0.049,7590.5,7.5,87.226,0.8,,1,-84.819,2,25,9,1657,0.5015
10.751,10.185,0.0343,15448.87,7.5,79.953,0.85,,1,-69.102,2,25,9,1090,0.5064
10.693,10.203,0.0,25798.37,7.5,67.352,0.9,,3,-48.403,2,25,9,828,0.5097
10.553,10.139,0.0,31262.31,7.5,70.581,0.95,,3,-37.475,2,25,9,631,0.5071
10.805,10.414,0.0,30148.44,7.5,66.196,1.0,,5,-39.703,2,25,9,456,0.5
10.075,9.608,0.0397,3659.13,7.5,94.008,0.8,,1,-92.682,3,25,8,1351,0.5011
10.751,10.185,0.0277,6127.94,7.5,93.667,0.85,,1,-87.744,3,25,9,1090,0.5064
10.693,10.203,0.0,7931.75,7.5,91.047,0.9,,2,-84.136,3,25,9,828,0.5097
10.553,10.139,0.0,17280.69,7.5,87.406,0.95,,3,-65.439,3,25,9,631,0.5071
10.805,10.414,0.0,17124.94,7.5,83.392,1.0,,4,-65.75,3,25,9,456,0.5
9.67,8.4,0.0,2739.5,7.5,95.792,0.8,,0,-94.521,4,25,5,859,0.5111
10.743,10.144,0.0309,2779.75,7.5,97.022,0.85,,1,-94.44,4,25,8,959,0.5109
10.686,10.16,0.0,2758.31,7.5,96.577,0.9,,2,-94.483,4,25,9,769,0.5059
10.553,10.139,0.0,7342.88,7.5,95.357,0.95,,2,-85.314,4,25,9,631,0.5071
10.805,10.414,0.0,7169.19,7.5,93.71,1.0,,4,-85.662,4,25,9,456,0.5
9.713,8.531,0.0,2232.87,7.5,96.806,0.8,,0,-95.534,5,25,4,574,0.5035
9.846,8.606,0.0483,2114.31,7.5,97.884,0.85,,1,-95.771,5,25,6,676,0.5104
10.309,9.926,0.0,2155.44,7.5,97.519,0.9,,1,-95.689,5,25,7,628,0.5048
10.553,10.139,0.0,4190.69,7.5,97.714,0.95,,2,-91.619,5,25,9,631,0.5071
10.842,10.257,0.0,2189.13,7.5,97.332,1.0,,3,-95.622,5,25,9,422,0.4929
9.715,8.642,0.0,1798.87,7.5,97.567,0.8,,0,-96.402,6,25,4,549,0.5046
9.866,8.654,0.0,1602.44,7.5,98.455,0.85,,0,-96.795,6,25,6,664,0.5136
9.698,8.553,0.0,1810.25,7.5,98.069,0.9,,1,-96.379,6,25,6,519,0.5106
10.21,9.75,0.0,1795.81,7.5,98.806,0.95,,1,-96.408,6,25,7,480,0.4938
10.428,9.507,0.0,1691.25,7.5,98.115,1.0,,3,-96.617,6,25,7,346,0.4855
9.806,8.236,0.0,1552.56,7.5,98.012,0.8,,0,-96.895,7,25,3,348,0.5086
9.693,8.655,0.0,1574.0,7.5,98.45,0.85,,0,-96.852,7,25,5,560,0.5143
9.721,8.584,0.0,1264.69,7.5,98.682,0.9,,1,-97.471,7,25,6,508,0.5157
10.221,9.75,0.0,1150.5,7.5,99.316,0.95,,1,-97.699,7,25,7,479,0.4948
10.344,9.505,0.0,1229.25,7.5,98.711,1.0,,3,-97.541,7,25,7,341,0.4897
9.779,8.386,0.0,1421.31,7.5,98.231,0.8,,0,-97.157,8,25,3,333,0.5105
9.664,8.655,0.0,1497.87,7.5,98.458,0.85,,0,-97.004,8,25,5,559,0.5152
9.721,8.584,0.0,1015.75,7.5,98.956,0.9,,1,-97.968,8,25,6,508,0.5157
9.837,9.223,0.0,1480.81,7.5,99.165,0.95,,1,-97.038,8,25,6,405,0.4988
9.82,9.35,0.0,1486.94,7.5,98.469,1.0,,3,-97.026,8,25,7,327,0.4924
9.779,8.386,0.0,1421.31,7.5,98.231,0.8,,0,-97.157,9,25,3,333,0.5105
9.664,8.655,0.0,1497.87,7.5,98.458,0.85,,0,-97.004,9,25,5,559,0.5152
9.721,8.584,0.0,1015.75,7.5,98.956,0.9,,1,-97.968,9,25,6,508,0.5157
9.837,9.223,0.0,1480.81,7.5,99.165,0.95,,1,-97.038,9,25,6,405,0.4988
9.82,9.35,0.0,1486.94,7.5,98.469,1.0,,3,-97.026,9,25,7,327,0.4924
9.779,8.386,0.0,1421.31,7.5,98.231,0.8,,0,-97.157,10,25,3,333,0.5105
9.664,8.655,0.0,1497.87,7.5,98.458,0.85,,0,-97.004,10,25,5,559,0.5152
9.721,8.584,0.0,1015.75,7.5,98.956,0.9,,1,-97.968,10,25,6,508,0.5157
9.837,9.223,0.0,1480.81,7.5,99.165,0.95,,1,-97.038,10,25,6,405,0.4988
9.82,9.35,0.0,1486.94,7.5,98.469,1.0,,3,-97.026,10,25,7,327,0.4924
10.427,9.877,0.0505,25289.56,7.5,53.959,0.8,,1,-49.421,1,30,9,1657,0.5009
10.751,10.185,0.1203,35972.0,7.5,45.763,0.85,,3,-28.056,1,30,9,1090,0.5064
10.693,10.203,0.0725,39932.25,7.5,36.989,0.9,,4,-20.136,1,30,9,828,0.5097
10.553,10.139,0.0,44168.13,7.5,41.495,0.95,,5,-11.664,1,30,9,631,0.5071
10.805,10.414,0.0,42062.0,7.5,37.383,1.0,,5,-15.876,1,30,9,456,0.5
10.427,9.877,0.0495,7531.87,7.5,87.328,0.8,,1,-84.936,2,30,9,1657,0.5009
10.751,10.185,0.0343,15448.87,7.5,79.953,0.85,,1,-69.102,2,30,9,1090,0.5064
10.693,10.203,0.0,25798.37,7.5,67.352,0.9,,3,-48.403,2,30,9,828,0.5097
10.553,10.139,0.0,31262.31,7.5,70.581,0.95,,3,-37.475,2,30,9,631,0.5071
10.805,10.414,0.0,30148.44,7.5,66.196,1.0,,5,-39.703,2,30,9,456,0.5
10.095,9.605,0.0394,3703.75,7.5,93.934,0.8,,1,-92.593,3,30,8,1351,0.5004
10.751,10.185,0.0277,6127.94,7.5,93.667,0.85,,1,-87.744,3,30,9,1090,0.5064
10.693,10.203,0.0,7931.75,7.5,91.047,0.9,,2,-84.136,3,30,9,828,0.5097
10.553,10.139,0.0,17280.69,7.5,87.406,0.95,,3,-65.439,3,30,9,631,0.5071
10.805,10.414,0.0,17124.94,7.5,83.392,1.0,,4,-65.75,3,30,9,456,0.5
9.703,8.393,0.0,2664.69,7.5,95.907,0.8,,0,-94.671,4,30,5,859,0.5099
10.743,10.144,0.0309,2779.75,7.5,97.022,0.85,,1,-94.44,4,30,8,959,0.5109
10.686,10.16,0.0,2758.31,7.5,96.577,0.9,,2,-94.483,4,30,9,769,0.5059
10.553,10.139,0.0,7342.88,7.5,95.357,0.95,,2,-85.314,4,30,9,631,0.5071
10.805,10.414,0.0,7169.19,7.5,93.71,1.0,,4,-85.662,4,30,9,456,0.5
9.713,8.531,0.0,2232.87,7.5,96.806,0.8,,0,-95.534,5,30,4,574,0.5035
9.846,8.606,0.0483,2114.31,7.5,97.884,0.85,,1,-95.771,5,30,6,676,0.5104
10.309,9.926,0.0,2155.44,7.5,97.519,0.9,,1,-95.689,5,30,7,628,0.5048
10.553,10.139,0.0,4190.69,7.5,97.714,0.95,,2,-91.619,5,30,9,631,0.5071
10.842,10.257,0.0,2189.13,7.5,97.332,1.0,,3,-95.622,5,30,9,422,0.4929
9.715,8.642,0.0,1798.87,7.5,97.567,0.8,,0,-96.402,6,30,4,549,0.5046
9.866,8.654,0.0,1602.44,7.5,98.455,0.85,,0,-96.795,6,30,6,664,0.5136
9.698,8.553,0.0,1810.25,7.5,98.069,0.9,,1,-96.379,6,30,6,519,0.5106
10.21,9.75,0.0,1795.81,7.5,98.806,0.95,,1,-96.408,6,30,7,480,0.4938
10.428,9.507,0.0,1691.25,7.5,98.115,1.0,,3,-96.617,6,30,7,346,0.4855
9.806,8.236,0.0,1552.56,7.5,98.012,0.8,,0,-96.895,7,30,3,348,0.5086
9.693,8.655,0.0,1574.0,7.5,98.45,0.85,,0,-96.852,7,30,5,560,0.5143
9.721,8.584,0.0,1264.69,7.5,98.682,0.9,,1,-97.471,7,30,6,508,0.5157
10.221,9.75,0.0,1150.5,7.5,99.316,0.95,,1,-97.699,7,30,7,479,0.4948
10.344,9.505,0.0,1229.25,7.5,98.711,1.0,,3,-97.541,7,30,7,341,0.4897
9.779,8.386,0.0,1421.31,7.5,98.231,0.8,,0,-97.157,8,30,3,333,0.5105
9.664,8.655,0.0,1497.87,7.5,98.458,0.85,,0,-97.004,8,30,5,559,0.5152
9.721,8.584,0.0,1015.75,7.5,98.956,0.9,,1,-97.968,8,30,6,508,0.5157
9.837,9.223,0.0,1480.81,7.5,99.165,0.95,,1,-97.038,8,30,6,405,0.4988
9.82,9.35,0.0,1486.94,7.5,98.469,1.0,,3,-97.026,8,30,7,327,0.4924
9.779,8.386,0.0,1421.31,7.5,98.231,0.8,,0,-97.157,9,30,3,333,0.5105
9.664,8.655,0.0,1497.87,7.5,98.458,0.85,,0,-97.004,9,30,5,559,0.5152
9.721,8.584,0.0,1015.75,7.5,98.956,0.9,,1,-97.968,9,30,6,508,0.5157
9.837,9.223,0.0,1480.81,7.5,99.165,0.95,,1,-97.038,9,30,6,405,0.4988
9.82,9.35,0.0,1486.94,7.5,98.469,1.0,,3,-97.026,9,30,7,327,0.4924
9.779,8.386,0.0,1421.31,7.5,98.231,0.8,,0,-97.157,10,30,3,333,0.5105
9.664,8.655,0.0,1497.87,7.5,98.458,0.85,,0,-97.004,10,30,5,559,0.5152
9.721,8.584,0.0,1015.75,7.5,98.956,0.9,,1,-97.968,10,30,6,508,0.5157
9.837,9.223,0.0,1480.81,7.5,99.165,0.95,,1,-97.038,10,30,6,405,0.4988
9.82,9.35,0.0,1486.94,7.5,98.469,1.0,,3,-97.026,10,30,7,327,0.4924
10.427,9.877,0.0505,25289.56,7.5,53.959,0.8,,1,-49.421,1,35,9,1657,0.5009
10.751,10.185,0.1203,35972.0,7.5,45.763,0.85,,3,-28.056,1,35,9,1090,0.5064
10.693,10.203,0.0725,39932.25,7.5,36.989,0.9,,4,-20.136,1,35,9,828,0.5097
10.553,10.139,0.0,44168.13,7.5,41.495,0.95,,5,-11.664,1,35,9,631,0.5071
10.805,10.414,0.0,42062.0,7.5,37.383,1.0,,5,-15.876,1,35,9,456,0.5
10.427,9.877,0.0495,7531.87,7.5,87.328,0.8,,1,-84.936,2,35,9,1657,0.5009
10.751,10.185,0.0343,15448.87,7.5,79.953,0.85,,1,-69.102,2,35,9,1090,0.5064
10.693,10.203,0.0,25798.37,7.5,67.352,0.9,,3,-48.403,2,35,9,828,0.5097
10.553,10.139,0.0,31262.31,7.5,70.581,0.95,,3,-37.475,2,35,9,631,0.5071
10.805,10.414,0.0,30148.44,7.5,66.196,1.0,,5,-39.703,2,35,9,456,0.5
10.095,9.605,0.0394,3703.75,7.5,93.934,0.8,,1,-92.593,3,35,8,1351,0.5004
10.751,10.185,0.0277,6127.94,7.5,93.667,0.85,,1,-87.744,3,35,9,1090,0.5064
10.693,10.203,0.0,7931.75,7.5,91.047,0.9,,2,-84.136,3,35,9,828,0.5097
10.553,10.139,0.0,17280.69,7.5,87.406,0.95,,3,-65.439,3,35,9,631,0.5071
10.805,10.414,0.0,17124.94,7.5,83.392,1.0,,4,-65.75,3,35,9,456,0.5
9.703,8.393,0.0,2664.69,7.5,95.907,0.8,,0,-94.671,4,35,5,859,0.5099
10.743,10.144,0.0309,2779.75,7.5,97.022,0.85,,1,-94.44,4,35,8,959,0.5109
10.686,10.16,0.0,2758.31,7.5,96.577,0.9,,2,-94.483,4,35,9,769,0.5059
10.553,10.139,0.0,7342.88,7.5,95.357,0.95,,2,-85.314,4,35,9,631,0.5071
10.805,10.414,0.0,7169.19,7.5,93.71,1.0,,4,-85.662,4,35,9,456,0.5
9.713,8.531,0.0,2232.87,7.5,96.806,0.8,,0,-95.534,5,35,4,574,0.5035
9.846,8.606,0.0483,2114.31,7.5,97.884,0.85,,1,-95.771,5,35,6,676,0.5104
10.309,9.926,0.0,2155.44,7.5,97.519,0.9,,1,-95.689,5,35,7,628,0.5048
10.553,10.139,0.0,4190.69,7.5,97.714,0.95,,2,-91.619,5,35,9,631,0.5071
10.842,10.257,0.0,2189.13,7.5,97.332,1.0,,3,-95.622,5,35,9,422,0.4929
9.715,8.642,0.0,1798.87,7.5,97.567,0.8,,0,-96.402,6,35,4,549,0.5046
9.866,8.654,0.0,1602.44,7.5,98.455,0.85,,0,-96.795,6,35,6,664,0.5136
9.698,8.553,0.0,1810.25,7.5,98.069,0.9,,1,-96.379,6,35,6,519,0.5106
10.21,9.75,0.0,1795.81,7.5,98.806,0.95,,1,-96.408,6,35,7,480,0.4938
10.428,9.507,0.0,1691.25,7.5,98.115,1.0,,3,-96.617,6,35,7,346,0.4855
9.806,8.236,0.0,1552.56,7.5,98.012,0.8,,0,-96.895,7,35,3,348,0.5086
9.693,8.655,0.0,1574.0,7.5,98.45,0.85,,0,-96.852,7,35,5,560,0.5143
9.721,8.584,0.0,1264.69,7.5,98.682,0.9,,1,-97.471,7,35,6,508,0.5157
10.221,9.75,0.0,1150.5,7.5,99.316,0.95,,1,-97.699,7,35,7,479,0.4948
10.344,9.505,0.0,1229.25,7.5,98.711,1.0,,3,-97.541,7,35,7,341,0.4897
9.779,8.386,0.0,1421.31,7.5,98.231,0.8,,0,-97.157,8,35,3,333,0.5105
9.664,8.655,0.0,1497.87,7.5,98.458,0.85,,0,-97.004,8,35,5,559,0.5152
9.721,8.584,0.0,1015.75,7.5,98.956,0.9,,1,-97.968,8,35,6,508,0.5157
9.837,9.223,0.0,1480.81,7.5,99.165,0.95,,1,-97.038,8,35,6,405,0.4988
9.82,9.35,0.0,1486.94,7.5,98.469,1.0,,3,-97.026,8,35,7,327,0.4924
9.779,8.386,0.0,1421.31,7.5,98.231,0.8,,0,-97.157,9,35,3,333,0.5105
9.664,8.655,0.0,1497.87,7.5,98.458,0.85,,0,-97.004,9,35,5,559,0.5152
9.721,8.584,0.0,1015.75,7.5,98.956,0.9,,1,-97.968,9,35,6,508,0.5157
9.837,9.223,0.0,1480.81,7.5,99.165,0.95,,1,-97.038,9,35,6,405,0.4988
9.82,9.35,0.0,1486.94,7.5,98.469,1.0,,3,-97.026,9,35,7,327,0.4924
9.779,8.386,0.0,1421.31,7.5,98.231,0.8,,0,-97.157,10,35,3,333,0.5105
9.664,8.655,0.0,1497.87,7.5,98.458,0.85,,0,-97.004,10,35,5,559,0.5152
9.721,8.584,0.0,1015.75,7.5,98.956,0.9,,1,-97.968,10,35,6,508,0.5157
9.837,9.223,0.0,1480.81,7.5,99.165,0.95,,1,-97.038,10,35,6,405,0.4988
9.82,9.35,0.0,1486.94,7.5,98.469,1.0,,3,-97.026,10,35,7,327,0.4924
10.427,9.877,0.0505,25289.56,7.5,53.959,0.8,,1,-49.421,1,40,9,1657,0.5009
10.751,10.185,0.1203,35972.0,7.5,45.763,0.85,,3,-28.056,1,40,9,1090,0.5064
10.693,10.203,0.0725,39932.25,7.5,36.989,0.9,,4,-20.136,1,40,9,828,0.5097
10.553,10.139,0.0,44168.13,7.5,41.495,0.95,,5,-11.664,1,40,9,631,0.5071
10.805,10.414,0.0,42062.0,7.5,37.383,1.0,,5,-15.876,1,40,9,456,0.5
10.427,9.877,0.0495,7531.87,7.5,87.328,0.8,,1,-84.936,2,40,9,1657,0.5009
10.751,10.185,0.0343,15448.87,7.5,79.953,0.85,,1,-69.102,2,40,9,1090,0.5064
10.693,10.203,0.0,25798.37,7.5,67.352,0.9,,3,-48.403,2,40,9,828,0.5097
10.553,10.139,0.0,31262.31,7.5,70.581,0.95,,3,-37.475,2,40,9,631,0.5071
10.805,10.414,0.0,30148.44,7.5,66.196,1.0,,5,-39.703,2,40,9,456,0.5
10.095,9.605,0.0394,3703.75,7.5,93.934,0.8,,1,-92.593,3,40,8,1351,0.5004
10.751,10.185,0.0277,6127.94,7.5,93.667,0.85,,1,-87.744,3,40,9,1090,0.5064
10.693,10.203,0.0,7931.75,7.5,91.047,0.9,,2,-84.136,3,40,9,828,0.5097
10.553,10.139,0.0,17280.69,7.5,87.406,0.95,,3,-65.439,3,40,9,631,0.5071
10.805,10.414,0.0,17124.94,7.5,83.392,1.0,,4,-65.75,3,40,9,456,0.5
9.703,8.393,0.0,2664.69,7.5,95.907,0.8,,0,-94.671,4,40,5,859,0.5099
10.743,10.144,0.0309,2779.75,7.5,97.022,0.85,,1,-94.44,4,40,8,959,0.5109
10.686,10.16,0.0,2758.31,7.5,96.577,0.9,,2,-94.483,4,40,9,769,0.5059
10.553,10.139,0.0,7342.88,7.5,95.357,0.95,,2,-85.314,4,40,9,631,0.5071
10.805,10.414,0.0,7169.19,7.5,93.71,1.0,,4,-85.662,4,40,9,456,0.5
9.713,8.531,0.0,2232.87,7.5,96.806,0.8,,0,-95.534,5,40,4,574,0.5035
9.846,8.606,0.0483,2114.31,7.5,97.884,0.85,,1,-95.771,5,40,6,676,0.5104
10.309,9.926,0.0,2155.44,7.5,97.519,0.9,,1,-95.689,5,40,7,628,0.5048
10.553,10.139,0.0,4190.69,7.5,97.714,0.95,,2,-91.619,5,40,9,631,0.5071
10.842,10.257,0.0,2189.13,7.5,97.332,1.0,,3,-95.622,5,40,9,422,0.4929
9.715,8.642,0.0,1798.87,7.5,97.567,0.8,,0,-96.402,6,40,4,549,0.5046
9.866,8.654,0.0,1602.44,7.5,98.455,0.85,,0,-96.795,6,40,6,664,0.5136
9.698,8.553,0.0,1810.25,7.5,98.069,0.9,,1,-96.379,6,40,6,519,0.5106
10.21,9.75,0.0,1795.81,7.5,98.806,0.95,,1,-96.408,6,40,7,480,0.4938
10.428,9.507,0.0,1691.25,7.5,98.115,1.0,,3,-96.617,6,40,7,346,0.4855
9.806,8.236,0.0,1552.56,7.5,98.012,0.8,,0,-96.895,7,40,3,348,0.5086
9.693,8.655,0.0,1574.0,7.5,98.45,0.85,,0,-96.852,7,40,5,560,0.5143
9.721,8.584,0.0,1264.69,7.5,98.682,0.9,,1,-97.471,7,40,6,508,0.5157
10.221,9.75,0.0,1150.5,7.5,99.316,0.95,,1,-97.699,7,40,7,479,0.4948
10.344,9.505,0.0,1229.25,7.5,98.711,1.0,,3,-97.541,7,40,7,341,0.4897
9.779,8.386,0.0,1421.31,7.5,98.231,0.8,,0,-97.157,8,40,3,333,0.5105
9.664,8.655,0.0,1497.87,7.5,98.458,0.85,,0,-97.004,8,40,5,559,0.5152
9.721,8.584,0.0,1015.75,7.5,98.956,0.9,,1,-97.968,8,40,6,508,0.5157
9.837,9.223,0.0,1480.81,7.5,99.165,0.95,,1,-97.038,8,40,6,405,0.4988
9.82,9.35,0.0,1486.94,7.5,98.469,1.0,,3,-97.026,8,40,7,327,0.4924
9.779,8.386,0.0,1421.31,7.5,98.231,0.8,,0,-97.157,9,40,3,333,0.5105
9.664,8.655,0.0,1497.87,7.5,98.458,0.85,,0,-97.004,9,40,5,559,0.5152
9.721,8.584,0.0,1015.75,7.5,98.956,0.9,,1,-97.968,9,40,6,508,0.5157
9.837,9.223,0.0,1480.81,7.5,99.165,0.95,,1,-97.038,9,40,6,405,0.4988
9.82,9.35,0.0,1486.94,7.5,98.469,1.0,,3,-97.026,9,40,7,327,0.4924
9.779,8.386,0.0,1421.31,7.5,98.231,0.8,,0,-97.157,10,40,3,333,0.5105
9.664,8.655,0.0,1497.87,7.5,98.458,0.85,,0,-97.004,10,40,5,559,0.5152
9.721,8.584,0.0,1015.75,7.5,98.956,0.9,,1,-97.968,10,40,6,508,0.5157
9.837,9.223,0.0,1480.81,7.5,99.165,0.95,,1,-97.038,10,40,6,405,0.4988
9.82,9.35,0.0,1486.94,7.5,98.469,1.0,,3,-97.026,10,40,7,327,0.4924
10.427,9.877,0.0505,25289.56,7.5,53.959,0.8,,1,-49.421,1,45,9,1657,0.5009
10.751,10.185,0.1203,35972.0,7.5,45.763,0.85,,3,-28.056,1,45,9,1090,0.5064
10.693,10.203,0.0725,39932.25,7.5,36.989,0.9,,4,-20.136,1,45,9,828,0.5097
10.553,10.139,0.0,44168.13,7.5,41.495,0.95,,5,-11.664,1,45,9,631,0.5071
10.805,10.414,0.0,42062.0,7.5,37.383,1.0,,5,-15.876,1,45,9,456,0.5
10.427,9.877,0.0495,7531.87,7.5,87.328,0.8,,1,-84.936,2,45,9,1657,0.5009
10.751,10.185,0.0343,15448.87,7.5,79.953,0.85,,1,-69.102,2,45,9,1090,0.5064
10.693,10.203,0.0,25798.37,7.5,67.352,0.9,,3,-48.403,2,45,9,828,0.5097
10.553,10.139,0.0,31262.31,7.5,70.581,0.95,,3,-37.475,2,45,9,631,0.5071
10.805,10.414,0.0,30148.44,7.5,66.196,1.0,,5,-39.703,2,45,9,456,0.5
10.095,9.605,0.0394,3703.75,7.5,93.934,0.8,,1,-92.593,3,45,8,1351,0.5004
10.751,10.185,0.0277,6127.94,7.5,93.667,0.85,,1,-87.744,3,45,9,1090,0.5064
10.693,10.203,0.0,7931.75,7.5,91.047,0.9,,2,-84.136,3,45,9,828,0.5097
10.553,10.139,0.0,17280.69,7.5,87.406,0.95,,3,-65.439,3,45,9,631,0.5071
10.805,10.414,0.0,17124.94,7.5,83.392,1.0,,4,-65.75,3,45,9,456,0.5
9.703,8.393,0.0,2664.69,7.5,95.907,0.8,,0,-94.671,4,45,5,859,0.5099
10.743,10.144,0.0309,2779.75,7.5,97.022,0.85,,1,-94.44,4,45,8,959,0.5109
10.686,10.16,0.0,2758.31,7.5,96.577,0.9,,2,-94.483,4,45,9,769,0.5059
10.553,10.139,0.0,7342.88,7.5,95.357,0.95,,2,-85.314,4,45,9,631,0.5071
10.805,10.414,0.0,7169.19,7.5,93.71,1.0,,4,-85.662,4,45,9,456,0.5
9.713,8.531,0.0,2232.87,7.5,96.806,0.8,,0,-95.534,5,45,4,574,0.5035
9.846,8.606,0.0483,2114.31,7.5,97.884,0.85,,1,-95.771,5,45,6,676,0.5104
10.309,9.926,0.0,2155.44,7.5,97.519,0.9,,1,-95.689,5,45,7,628,0.5048
10.553,10.139,0.0,4190.69,7.5,97.714,0.95,,2,-91.619,5,45,9,631,0.5071
10.842,10.257,0.0,2189.13,7.5,97.332,1.0,,3,-95.622,5,45,9,422,0.4929
9.715,8.642,0.0,1798.87,7.5,97.567,0.8,,0,-96.402,6,45,4,549,0.5046
9.866,8.654,0.0,1602.44,7.5,98.455,0.85,,0,-96.795,6,45,6,664,0.5136
9.698,8.553,0.0,1810.25,7.5,98.069,0.9,,1,-96.379,6,45,6,519,0.5106
10.21,9.75,0.0,1795.81,7.5,98.806,0.95,,1,-96.408,6,45,7,480,0.4938
10.428,9.507,0.0,1691.25,7.5,98.115,1.0,,3,-96.617,6,45,7,346,0.4855
9.806,8.236,0.0,1552.56,7.5,98.012,0.8,,0,-96.895,7,45,3,348,0.5086
9.693,8.655,0.0,1574.0,7.5,98.45,0.85,,0,-96.852,7,45,5,560,0.5143
9.721,8.584,0.0,1264.69,7.5,98.682,0.9,,1,-97.471,7,45,6,508,0.5157
10.221,9.75,0.0,1150.5,7.5,99.316,0.95,,1,-97.699,7,45,7,479,0.4948
10.344,9.505,0.0,1229.25,7.5,98.711,1.0,,3,-97.541,7,45,7,341,0.4897
9.779,8.386,0.0,1421.31,7.5,98.231,0.8,,0,-97.157,8,45,3,333,0.5105
9.664,8.655,0.0,1497.87,7.5,98.458,0.85,,0,-97.004,8,45,5,559,0.5152
9.721,8.584,0.0,1015.75,7.5,98.956,0.9,,1,-97.968,8,45,6,508,0.5157
9.837,9.223,0.0,1480.81,7.5,99.165,0.95,,1,-97.038,8,45,6,405,0.4988
9.82,9.35,0.0,1486.94,7.5,98.469,1.0,,3,-97.026,8,45,7,327,0.4924
9.779,8.386,0.0,1421.31,7.5,98.231,0.8,,0,-97.157,9,45,3,333,0.5105
9.664,8.655,0.0,1497.87,7.5,98.458,0.85,,0,-97.004,9,45,5,559,0.5152
9.721,8.584,0.0,1015.75,7.5,98.956,0.9,,1,-97.968,9,45,6,508,0.5157
9.837,9.223,0.0,1480.81,7.5,99.165,0.95,,1,-97.038,9,45,6,405,0.4988
9.82,9.35,0.0,1486.94,7.5,98.469,1.0,,3,-97.026,9,45,7,327,0.4924
9.779,8.386,0.0,1421.31,7.5,98.231,0.8,,0,-97.157,10,45,3,333,0.5105
9.664,8.655,0.0,1497.87,7.5,98.458,0.85,,0,-97.004,10,45,5,559,0.5152
9.721,8.584,0.0,1015.75,7.5,98.956,0.9,,1,-97.968,10,45,6,508,0.5157
9.837,9.223,0.0,1480.81,7.5,99.165,0.95,,1,-97.038,10,45,6,405,0.4988
9.82,9.35,0.0,1486.94,7.5,98.469,1.0,,3,-97.026,10,45,7,327,0.4924
10.427,9.877,0.0505,25289.56,7.5,53.959,0.8,,1,-49.421,1,50,9,1657,0.5009
10.751,10.185,0.1203,35972.0,7.5,45.763,0.85,,3,-28.056,1,50,9,1090,0.5064
10.693,10.203,0.0725,39932.25,7.5,36.989,0.9,,4,-20.136,1,50,9,828,0.5097
10.553,10.139,0.0,44168.13,7.5,41.495,0.95,,5,-11.664,1,50,9,631,0.5071
10.805,10.414,0.0,42062.0,7.5,37.383,1.0,,5,-15.876,1,50,9,456,0.5
10.427,9.877,0.0495,7531.87,7.5,87.328,0.8,,1,-84.936,2,50,9,1657,0.5009
10.751,10.185,0.0343,15448.87,7.5,79.953,0.85,,1,-69.102,2,50,9,1090,0.5064
10.693,10.203,0.0,25798.37,7.5,67.352,0.9,,3,-48.403,2,50,9,828,0.5097
10.553,10.139,0.0,31262.31,7.5,70.581,0.95,,3,-37.475,2,50,9,631,0.5071
10.805,10.414,0.0,30148.44,7.5,66.196,1.0,,5,-39.703,2,50,9,456,0.5
10.095,9.605,0.0394,3703.75,7.5,93.934,0.8,,1,-92.593,3,50,8,1351,0.5004
10.751,10.185,0.0277,6127.94,7.5,93.667,0.85,,1,-87.744,3,50,9,1090,0.5064
10.693,10.203,0.0,7931.75,7.5,91.047,0.9,,2,-84.136,3,50,9,828,0.5097
10.553,10.139,0.0,17280.69,7.5,87.406,0.95,,3,-65.439,3,50,9,631,0.5071
10.805,10.414,0.0,17124.94,7.5,83.392,1.0,,4,-65.75,3,50,9,456,0.5
9.703,8.393,0.0,2664.69,7.5,95.907,0.8,,0,-94.671,4,50,5,859,0.5099
10.743,10.144,0.0309,2779.75,7.5,97.022,0.85,,1,-94.44,4,50,8,959,0.5109
10.686,10.16,0.0,2758.31,7.5,96.577,0.9,,2,-94.483,4,50,9,769,0.5059
10.553,10.139,0.0,7342.88,7.5,95.357,0.95,,2,-85.314,4,50,9,631,0.5071
10.805,10.414,0.0,7169.19,7.5,93.71,1.0,,4,-85.662,4,50,9,456,0.5
9.713,8.531,0.0,2232.87,7.5,96.806,0.8,,0,-95.534,5,50,4,574,0.5035
9.846,8.606,0.0483,2114.31,7.5,97.884,0.85,,1,-95.771,5,50,6,676,0.5104
10.309,9.926,0.0,2155.44,7.5,97.519,0.9,,1,-95.689,5,50,7,628,0.5048
10.553,10.139,0.0,4190.69,7.5,97.714,0.95,,2,-91.619,5,50,9,631,0.5071
10.842,10.257,0.0,2189.13,7.5,97.332,1.0,,3,-95.622,5,50,9,422,0.4929
9.715,8.642,0.0,1798.87,7.5,97.567,0.8,,0,-96.402,6,50,4,549,0.5046
9.866,8.654,0.0,1602.44,7.5,98.455,0.85,,0,-96.795,6,50,6,664,0.5136
9.698,8.553,0.0,1810.25,7.5,98.069,0.9,,1,-96.379,6,50,6,519,0.5106
10.21,9.75,0.0,1795.81,7.5,98.806,0.95,,1,-96.408,6,50,7,480,0.4938
10.428,9.507,0.0,1691.25,7.5,98.115,1.0,,3,-96.617,6,50,7,346,0.4855
9.806,8.236,0.0,1552.56,7.5,98.012,0.8,,0,-96.895,7,50,3,348,0.5086
9.693,8.655,0.0,1574.0,7.5,98.45,0.85,,0,-96.852,7,50,5,560,0.5143
9.721,8.584,0.0,1264.69,7.5,98.682,0.9,,1,-97.471,7,50,6,508,0.5157
10.221,9.75,0.0,1150.5,7.5,99.316,0.95,,1,-97.699,7,50,7,479,0.4948
10.344,9.505,0.0,1229.25,7.5,98.711,1.0,,3,-97.541,7,50,7,341,0.4897
9.779,8.386,0.0,1421.31,7.5,98.231,0.8,,0,-97.157,8,50,3,333,0.5105
9.664,8.655,0.0,1497.87,7.5,98.458,0.85,,0,-97.004,8,50,5,559,0.5152
9.721,8.584,0.0,1015.75,7.5,98.956,0.9,,1,-97.968,8,50,6,508,0.5157
9.837,9.223,0.0,1480.81,7.5,99.165,0.95,,1,-97.038,8,50,6,405,0.4988
9.82,9.35,0.0,1486.94,7.5,98.469,1.0,,3,-97.026,8,50,7,327,0.4924
9.779,8.386,0.0,1421.31,7.5,98.231,0.8,,0,-97.157,9,50,3,333,0.5105
9.664,8.655,0.0,1497.87,7.5,98.458,0.85,,0,-97.004,9,50,5,559,0.5152
9.721,8.584,0.0,1015.75,7.5,98.956,0.9,,1,-97.968,9,50,6,508,0.5157
9.837,9.223,0.0,1480.81,7.5,99.165,0.95,,1,-97.038,9,50,6,405,0.4988
9.82,9.35,0.0,1486.94,7.5,98.469,1.0,,3,-97.026,9,50,7,327,0.4924
9.779,8.386,0.0,1421.31,7.5,98.231,0.8,,0,-97.157,10,50,3,333,0.5105
9.664,8.655,0.0,1497.87,7.5,98.458,0.85,,0,-97.004,10,50,5,559,0.5152
9.721,8.584,0.0,1015.75,7.5,98.956,0.9,,1,-97.968,10,50,6,508,0.5157
9.837,9.223,0.0,1480.81,7.5,99.165,0.95,,1,-97.038,10,50,6,405,0.4988
9.82,9.35,0.0,1486.94,7.5,98.469,1.0,,3,-97.026,10,50,7,327,0.4924
10.427,9.877,0.0505,25289.56,7.5,53.959,0.8,,1,-49.421,1,55,9,1657,0.5009
10.751,10.185,0.1203,35972.0,7.5,45.763,0.85,,3,-28.056,1,55,9,1090,0.5064
10.693,10.203,0.0725,39932.25,7.5,36.989,0.9,,4,-20.136,1,55,9,828,0.5097
10.553,10.139,0.0,44168.13,7.5,41.495,0.95,,5,-11.664,1,55,9,631,0.5071
10.805,10.414,0.0,42062.0,7.5,37.383,1.0,,5,-15.876,1,55,9,456,0.5
10.427,9.877,0.0495,7531.87,7.5,87.328,0.8,,1,-84.936,2,55,9,1657,0.5009
10.751,10.185,0.0343,15448.87,7.5,79.953,0.85,,1,-69.102,2,55,9,1090,0.5064
10.693,10.203,0.0,25798.37,7.5,67.352,0.9,,3,-48.403,2,55,9,828,0.5097
10.553,10.139,0.0,31262.31,7.5,70.581,0.95,,3,-37.475,2,55,9,631,0.5071
10.805,10.414,0.0,30148.44,7.5,66.196,1.0,,5,-39.703,2,55,9,456,0.5
10.095,9.605,0.0394,3703.75,7.5,93.934,0.8,,1,-92.593,3,55,8,1351,0.5004
10.751,10.185,0.0277,6127.94,7.5,93.667,0.85,,1,-87.744,3,55,9,1090,0.5064
10.693,10.203,0.0,7931.75,7.5,91.047,0.9,,2,-84.136,3,55,9,828,0.5097
10.553,10.139,0.0,17280.69,7.5,87.406,0.95,,3,-65.439,3,55,9,631,0.5071
10.805,10.414,0.0,17124.94,7.5,83.392,1.0,,4,-65.75,3,55,9,456,0.5
9.703,8.393,0.0,2664.69,7.5,95.907,0.8,,0,-94.671,4,55,5,859,0.5099
10.743,10.144,0.0309,2779.75,7.5,97.022,0.85,,1,-94.44,4,55,8,959,0.5109
10.686,10.16,0.0,2758.31,7.5,96.577,0.9,,2,-94.483,4,55,9,769,0.5059
10.553,10.139,0.0,7342.88,7.5,95.357,0.95,,2,-85.314,4,55,9,631,0.5071
10.805,10.414,0.0,7169.19,7.5,93.71,1.0,,4,-85.662,4,55,9,456,0.5
9.713,8.531,0.0,2232.87,7.5,96.806,0.8,,0,-95.534,5,55,4,574,0.5035
9.846,8.606,0.0483,2114.31,7.5,97.884,0.85,,1,-95.771,5,55,6,676,0.5104
10.309,9.926,0.0,2155.44,7.5,97.519,0.9,,1,-95.689,5,55,7,628,0.5048
10.553,10.139,0.0,4190.69,7.5,97.714,0.95,,2,-91.619,5,55,9,631,0.5071
10.842,10.257,0.0,2189.13,7.5,97.332,1.0,,3,-95.622,5,55,9,422,0.4929
9.715,8.642,0.0,1798.87,7.5,97.567,0.8,,0,-96.402,6,55,4,549,0.5046
9.866,8.654,0.0,1602.44,7.5,98.455,0.85,,0,-96.795,6,55,6,664,0.5136
9.698,8.553,0.0,1810.25,7.5,98.069,0.9,,1,-96.379,6,55,6,519,0.5106
10.21,9.75,0.0,1795.81,7.5,98.806,0.95,,1,-96.408,6,55,7,480,0.4938
10.428,9.507,0.0,1691.25,7.5,98.115,1.0,,3,-96.617,6,55,7,346,0.4855
9.806,8.236,0.0,1552.56,7.5,98.012,0.8,,0,-96.895,7,55,3,348,0.5086
9.693,8.655,0.0,1574.0,7.5,98.45,0.85,,0,-96.852,7,55,5,560,0.5143
9.721,8.584,0.0,1264.69,7.5,98.682,0.9,,1,-97.471,7,55,6,508,0.5157
10.221,9.75,0.0,1150.5,7.5,99.316,0.95,,1,-97.699,7,55,7,479,0.4948
10.344,9.505,0.0,1229.25,7.5,98.711,1.0,,3,-97.541,7,55,7,341,0.4897
9.779,8.386,0.0,1421.31,7.5,98.231,0.8,,0,-97.157,8,55,3,333,0.5105
9.664,8.655,0.0,1497.87,7.5,98.458,0.85,,0,-97.004,8,55,5,559,0.5152
9.721,8.584,0.0,1015.75,7.5,98.956,0.9,,1,-97.968,8,55,6,508,0.5157
9.837,9.223,0.0,1480.81,7.5,99.165,0.95,,1,-97.038,8,55,6,405,0.4988
9.82,9.35,0.0,1486.94,7.5,98.469,1.0,,3,-97.026,8,55,7,327,0.4924
9.779,8.386,0.0,1421.31,7.5,98.231,0.8,,0,-97.157,9,55,3,333,0.5105
9.664,8.655,0.0,1497.87,7.5,98.458,0.85,,0,-97.004,9,55,5,559,0.5152
9.721,8.584,0.0,1015.75,7.5,98.956,0.9,,1,-97.968,9,55,6,508,0.5157
9.837,9.223,0.0,1480.81,7.5,99.165,0.95,,1,-97.038,9,55,6,405,0.4988
9.82,9.35,0.0,1486.94,7.5,98.469,1.0,,3,-97.026,9,55,7,327,0.4924
9.779,8.386,0.0,1421.31,7.5,98.231,0.8,,0,-97.157,10,55,3,333,0.5105
9.664,8.655,0.0,1497.87,7.5,98.458,0.85,,0,-97.004,10,55,5,559,0.5152
9.721,8.584,0.0,1015.75,7.5,98.956,0.9,,1,-97.968,10,55,6,508,0.5157
9.837,9.223,0.0,1480.81,7.5,99.165,0.95,,1,-97.038,10,55,6,405,0.4988
9.82,9.35,0.0,1486.94,7.5,98.469,1.0,,3,-97.026,10,55,7,327,0.4924
10.427,9.877,0.0505,25289.56,7.5,53.959,0.8,,1,-49.421,1,60,9,1657,0.5009
10.751,10.185,0.1203,35972.0,7.5,45.763,0.85,,3,-28.056,1,60,9,1090,0.5064
10.693,10.203,0.0725,39932.25,7.5,36.989,0.9,,4,-20.136,1,60,9,828,0.5097
10.553,10.139,0.0,44168.13,7.5,41.495,0.95,,5,-11.664,1,60,9,631,0.5071
10.805,10.414,0.0,42062.0,7.5,37.383,1.0,,5,-15.876,1,60,9,456,0.5
10.427,9.877,0.0495,7531.87,7.5,87.328,0.8,,1,-84.936,2,60,9,1657,0.5009
10.751,10.185,0.0343,15448.87,7.5,79.953,0.85,,1,-69.102,2,60,9,1090,0.5064
10.693,10.203,0.0,25798.37,7.5,67.352,0.9,,3,-48.403,2,60,9,828,0.5097
10.553,10.139,0.0,31262.31,7.5,70.581,0.95,,3,-37.475,2,60,9,631,0.5071
10.805,10.414,0.0,30148.44,7.5,66.196,1.0,,5,-39.703,2,60,9,456,0.5
10.095,9.605,0.0394,3703.75,7.5,93.934,0.8,,1,-92.593,3,60,8,1351,0.5004
10.751,10.185,0.0277,6127.94,7.5,93.667,0.85,,1,-87.744,3,60,9,1090,0.5064
10.693,10.203,0.0,7931.75,7.5,91.047,0.9,,2,-84.136,3,60,9,828,0.5097
10.553,10.139,0.0,17280.69,7.5,87.406,0.95,,3,-65.439,3,60,9,631,0.5071
10.805,10.414,0.0,17124.94,7.5,83.392,1.0,,4,-65.75,3,60,9,456,0.5
9.703,8.393,0.0,2664.69,7.5,95.907,0.8,,0,-94.671,4,60,5,859,0.5099
10.743,10.144,0.0309,2779.75,7.5,97.022,0.85,,1,-94.44,4,60,8,959,0.5109
10.686,10.16,0.0,2758.31,7.5,96.577,0.9,,2,-94.483,4,60,9,769,0.5059
10.553,10.139,0.0,7342.88,7.5,95.357,0.95,,2,-85.314,4,60,9,631,0.5071
10.805,10.414,0.0,7169.19,7.5,93.71,1.0,,4,-85.662,4,60,9,456,0.5
9.713,8.531,0.0,2232.87,7.5,96.806,0.8,,0,-95.534,5,60,4,574,0.5035
9.846,8.606,0.0483,2114.31,7.5,97.884,0.85,,1,-95.771,5,60,6,676,0.5104
10.309,9.926,0.0,2155.44,7.5,97.519,0.9,,1,-95.689,5,60,7,628,0.5048
10.553,10.139,0.0,4190.69,7.5,97.714,0.95,,2,-91.619,5,60,9,631,0.5071
10.842,10.257,0.0,2189.13,7.5,97.332,1.0,,3,-95.622,5,60,9,422,0.4929
9.715,8.642,0.0,1798.87,7.5,97.567,0.8,,0,-96.402,6,60,4,549,0.5046
9.866,8.654,0.0,1602.44,7.5,98.455,0.85,,0,-96.795,6,60,6,664,0.5136
9.698,8.553,0.0,1810.25,7.5,98.069,0.9,,1,-96.379,6,60,6,519,0.5106
10.21,9.75,0.0,1795.81,7.5,98.806,0.95,,1,-96.408,6,60,7,480,0.4938
10.428,9.507,0.0,1691.25,7.5,98.115,1.0,,3,-96.617,6,60,7,346,0.4855
9.806,8.236,0.0,1552.56,7.5,98.012,0.8,,0,-96.895,7,60,3,348,0.5086
9.693,8.655,0.0,1574.0,7.5,98.45,0.85,,0,-96.852,7,60,5,560,0.5143
9.721,8.584,0.0,1264.69,7.5,98.682,0.9,,1,-97.471,7,60,6,508,0.5157
10.221,9.75,0.0,1150.5,7.5,99.316,0.95,,1,-97.699,7,60,7,479,0.4948
10.344,9.505,0.0,1229.25,7.5,98.711,1.0,,3,-97.541,7,60,7,341,0.4897
9.779,8.386,0.0,1421.31,7.5,98.231,0.8,,0,-97.157,8,60,3,333,0.5105
9.664,8.655,0.0,1497.87,7.5,98.458,0.85,,0,-97.004,8,60,5,559,0.5152
9.721,8.584,0.0,1015.75,7.5,98.956,0.9,,1,-97.968,8,60,6,508,0.5157
9.837,9.223,0.0,1480.81,7.5,99.165,0.95,,1,-97.038,8,60,6,405,0.4988
9.82,9.35,0.0,1486.94,7.5,98.469,1.0,,3,-97.026,8,60,7,327,0.4924
9.779,8.386,0.0,1421.31,7.5,98.231,0.8,,0,-97.157,9,60,3,333,0.5105
9.664,8.655,0.0,1497.87,7.5,98.458,0.85,,0,-97.004,9,60,5,559,0.5152
9.721,8.584,0.0,1015.75,7.5,98.956,0.9,,1,-97.968,9,60,6,508,0.5157
9.837,9.223,0.0,1480.81,7.5,99.165,0.95,,1,-97.038,9,60,6,405,0.4988
9.82,9.35,0.0,1486.94,7.5,98.469,1.0,,3,-97.026,9,60,7,327,0.4924
9.779,8.386,0.0,1421.31,7.5,98.231,0.8,,0,-97.157,10,60,3,333,0.5105
9.664,8.655,0.0,1497.87,7.5,98.458,0.85,,0,-97.004,10,60,5,559,0.5152
9.721,8.584,0.0,1015.75,7.5,98.956,0.9,,1,-97.968,10,60,6,508,0.5157
9.837,9.223,0.0,1480.81,7.5,99.165,0.95,,1,-97.038,10,60,6,405,0.4988
9.82,9.35,0.0,1486.94,7.5,98.469,1.0,,3,-97.026,10,60,7,327,0.4924
9.314,9.977,0.0084,28590.94,8.0,56.428,0.8,,2,-42.818,1,5,9,1681,0.4711
9.573,10.319,0.0106,34994.19,8.0,48.076,0.85,,2,-30.012,1,5,9,1102,0.4737
9.28,10.505,0.0,44109.06,8.0,39.395,0.9,,6,-11.782,1,5,9,836,0.4665
9.392,10.434,0.0,39983.88,8.0,42.826,0.95,,4,-20.032,1,5,9,636,0.4623
9.877,10.789,0.0,41375.56,8.0,39.463,1.0,,6,-17.249,1,5,9,456,0.4649
9.314,9.977,0.0,9034.25,8.0,88.137,0.8,,1,-81.931,2,5,9,1681,0.4711
9.573,10.319,0.0,16885.63,8.0,80.075,0.85,,2,-66.229,2,5,9,1102,0.4737
9.28,10.505,0.0,24960.13,8.0,75.057,0.9,,5,-50.08,2,5,9,836,0.4665
9.392,10.434,0.0,23754.81,8.0,73.876,0.95,,4,-52.49,2,5,9,636,0.4623
9.877,10.789,0.0,29182.44,8.0,68.014,1.0,,6,-41.635,2,5,9,456,0.4649
9.03,9.565,0.0,3994.25,8.0,95.326,0.8,,1,-92.011,3,5,7,1329,0.471
9.573,10.319,0.0,6881.31,8.0,92.783,0.85,,2,-86.237,3,5,9,1102,0.4737
9.28,10.505,0.0,12647.56,8.0,89.173,0.9,,4,-74.705,3,5,9,836,0.4665
9.392,10.434,0.0,13705.0,8.0,86.947,0.95,,4,-72.59,3,5,9,636,0.4623
9.877,10.789,0.0,16592.94,8.0,83.827,1.0,,6,-66.814,3,5,9,456,0.4649
8.232,8.305,0.0,2960.0,8.0,96.962,0.8,,1,-94.08,4,5,6,1017,0.473
9.509,9.923,0.0,1941.06,8.0,97.821,0.85,,1,-96.118,4,5,7,868,0.4689
9.28,10.505,0.0,5308.06,8.0,95.457,0.9,,3,-89.384,4,5,9,836,0.4665
9.392,10.434,0.0,5680.38,8.0,95.109,0.95,,3,-88.639,4,5,9,636,0.4623
9.877,10.789,0.0,8591.06,8.0,92.422,1.0,,5,-82.818,4,5,9,456,0.4649
8.097,8.338,0.0,2379.44,8.0,97.875,0.8,,1,-95.241,5,5,5,884,0.4683
8.482,8.598,0.0,2198.75,8.0,97.741,0.85,,1,-95.602,5,5,6,689,0.4688
8.856,10.072,0.0,2316.44,8.0,97.386,0.9,,1,-95.367,5,5,7,623,0.4575
9.142,9.999,0.0,2217.13,8.0,97.917,0.95,,2,-95.566,5,5,7,490,0.4429
9.877,10.789,0.0,4365.69,8.0,96.106,1.0,,4,-91.269,5,5,9,456,0.4649
8.189,8.193,0.0,1766.94,8.0,98.556,0.8,,1,-96.466,6,5,4,566,0.4664
8.413,8.761,0.0,1964.25,8.0,98.168,0.85,,1,-96.071,6,5,5,612,0.469
8.321,8.719,0.0,1916.56,8.0,97.975,0.9,,1,-96.167,6,5,6,549,0.4572
9.066,9.999,0.0,1819.44,8.0,98.479,0.95,,2,-96.361,6,5,7,485,0.4454
9.464,9.822,0.0,1855.31,8.0,97.793,1.0,,3,-96.289,6,5,7,344,0.4419
8.2,8.247,0.0,1653.63,8.0,98.789,0.8,,1,-96.693,7,5,3,510,0.4706
8.295,8.67,0.0,1707.88,8.0,98.493,0.85,,1,-96.584,7,5,5,589,0.4686
8.254,8.724,0.0,1676.38,8.0,98.312,0.9,,1,-96.647,7,5,6,516,0.4651
8.67,9.853,0.0,1541.19,8.0,98.825,0.95,,2,-96.918,7,5,7,474,0.4451
9.433,9.822,0.0,906.81,8.0,98.997,1.0,,3,-98.186,7,5,7,342,0.4444
8.246,7.582,0.0,1416.06,8.0,99.02,0.8,,0,-97.168,8,5,3,357,0.4762
8.478,8.488,0.0,1424.81,8.0,98.81,0.85,,1,-97.15,8,5,4,402,0.4701
8.161,8.862,0.0,1447.13,8.0,98.598,0.9,,1,-97.106,8,5,6,494,0.4636
8.324,9.44,0.0,1297.06,8.0,99.094,0.95,,2,-97.406,8,5,6,410,0.4488
8.814,9.626,0.0,1399.44,8.0,98.564,1.0,,3,-97.201,8,5,7,327,0.4495
8.246,7.582,0.0,1416.06,8.0,99.02,0.8,,0,-97.168,9,5,3,357,0.4762
8.478,8.488,0.0,1424.81,8.0,98.81,0.85,,1,-97.15,9,5,4,402,0.4701
8.161,8.862,0.0,1447.13,8.0,98.598,0.9,,1,-97.106,9,5,6,494,0.4636
8.324,9.44,0.0,1297.06,8.0,99.094,0.95,,2,-97.406,9,5,6,410,0.4488
8.814,9.626,0.0,1399.44,8.0,98.564,1.0,,3,-97.201,9,5,7,327,0.4495
8.246,7.582,0.0,1416.06,8.0,99.02,0.8,,0,-97.168,10,5,3,357,0.4762
8.478,8.488,0.0,1424.81,8.0,98.81,0.85,,1,-97.15,10,5,4,402,0.4701
8.161,8.862,0.0,1447.13,8.0,98.598,0.9,,1,-97.106,10,5,6,494,0.4636
8.324,9.44,0.0,1297.06,8.0,99.094,0.95,,2,-97.406,10,5,6,410,0.4488
8.814,9.626,0.0,1399.44,8.0,98.564,1.0,,3,-97.201,10,5,7,327,0.4495
10.581,9.905,0.0783,28436.94,8.0,53.913,0.8,,2,-43.126,1,10,9,1652,0.5061
11.02,10.228,0.0388,35404.12,8.0,45.876,0.85,,2,-29.192,1,10,9,1087,0.5133
10.86,10.32,0.0,43618.62,8.0,37.582,0.9,,5,-12.763,1,10,9,825,0.5115
10.868,10.25,0.0,45649.94,8.0,44.705,0.95,,5,-8.7,1,10,9,628,0.5127
11.318,10.52,0.0,44691.81,8.0,37.27,1.0,,5,-10.616,1,10,9,454,0.511
10.581,9.905,0.0229,9826.13,8.0,86.434,0.8,,1,-80.348,2,10,9,1652,0.5061
11.02,10.228,0.0395,16692.69,8.0,78.593,0.85,,2,-66.615,2,10,9,1087,0.5133
10.86,10.32,0.0,25456.69,8.0,69.655,0.9,,4,-49.087,2,10,9,825,0.5115
10.868,10.25,0.0,29795.38,8.0,74.429,0.95,,5,-40.409,2,10,9,628,0.5127
11.318,10.52,0.0,32016.56,8.0,64.455,1.0,,5,-35.967,2,10,9,454,0.511
10.581,9.905,0.0,5394.25,8.0,94.103,0.8,,1,-89.211,3,10,9,1652,0.5061
11.02,10.228,0.008,6250.0,8.0,93.822,0.85,,1,-87.5,3,10,9,1087,0.5133
10.86,10.32,0.0,12147.5,8.0,87.562,0.9,,4,-75.705,3,10,9,825,0.5115
10.868,10.25,0.0,20825.31,8.0,87.138,0.95,,5,-58.349,3,10,9,628,0.5127
11.318,10.52,0.0,19279.19,8.0,83.313,1.0,,5,-61.442,3,10,9,454,0.511
9.658,8.324,0.0,2954.31,8.0,96.772,0.8,,1,-94.091,4,10,6,982,0.5163
11.044,10.116,0.0,2948.63,8.0,96.87,0.85,,2,-94.103,4,10,9,1006,0.5129
10.86,10.32,0.0,5172.88,8.0,95.589,0.9,,4,-89.654,4,10,9,825,0.5115
10.868,10.25,0.0,10780.31,8.0,93.994,0.95,,4,-78.439,4,10,9,628,0.5127
11.318,10.52,0.0,11451.0,8.0,92.092,1.0,,5,-77.098,4,10,9,454,0.511
9.532,8.305,0.0,2368.06,8.0,97.633,0.8,,1,-95.264,5,10,5,830,0.5157
10.633,9.84,0.0019,2312.5,8.0,97.727,0.85,,1,-95.375,5,10,7,819,0.5128
10.541,10.009,0.0,2202.69,8.0,97.679,0.9,,2,-95.595,5,10,7,629,0.5024
10.868,10.25,0.0,4321.06,8.0,97.713,0.95,,4,-91.358,5,10,9,628,0.5127
11.318,10.52,0.0,4553.38,8.0,96.252,1.0,,4,-90.893,5,10,9,454,0.511
9.686,8.503,0.0,1949.37,8.0,98.205,0.8,,0,-96.101,6,10,4,573,0.5113
9.881,8.619,0.0,1886.38,8.0,98.366,0.85,,1,-96.227,6,10,6,675,0.517
10.209,9.938,0.0,1776.56,8.0,98.272,0.9,,1,-96.447,6,10,7,609,0.5074
10.603,9.805,0.0,1892.94,8.0,98.518,0.95,,2,-96.214,6,10,7,478,0.4979
10.986,9.552,0.0,1670.69,8.0,98.096,1.0,,3,-96.659,6,10,7,345,0.4928
9.616,8.611,0.0,1693.0,8.0,98.552,0.8,,0,-96.614,7,10,4,549,0.5118
9.906,8.667,0.0,1596.31,8.0,98.69,0.85,,1,-96.807,7,10,6,663,0.5204
9.695,8.622,0.0,1665.44,8.0,98.509,0.9,,1,-96.669,7,10,6,518,0.5135
10.205,9.669,0.0,1529.81,8.0,98.921,0.95,,1,-96.94,7,10,7,466,0.5
10.91,9.55,0.0,1546.88,8.0,98.341,1.0,,3,-96.906,7,10,7,340,0.4971
9.645,8.654,0.0,1371.44,8.0,98.874,0.8,,0,-97.257,8,10,3,470,0.5149
9.696,8.671,0.0,1479.94,8.0,98.851,0.85,,1,-97.04,8,10,5,558,0.5233
9.724,8.653,0.0,1445.81,8.0,98.775,0.9,,1,-97.108,8,10,6,507,0.5187
10.06,9.533,0.0,1451.06,8.0,99.068,0.95,,1,-97.098,8,10,7,445,0.5034
10.291,9.398,0.0,1421.75,8.0,98.583,1.0,,2,-97.156,8,10,7,326,0.5
9.645,8.654,0.0,1371.44,8.0,98.874,0.8,,0,-97.257,9,10,3,470,0.5149
9.696,8.671,0.0,1479.94,8.0,98.851,0.85,,1,-97.04,9,10,5,558,0.5233
9.724,8.653,0.0,1445.81,8.0,98.775,0.9,,1,-97.108,9,10,6,507,0.5187
10.06,9.533,0.0,1451.06,8.0,99.068,0.95,,1,-97.098,9,10,7,445,0.5034
10.291,9.398,0.0,1421.75,8.0,98.583,1.0,,2,-97.156,9,10,7,326,0.5
9.645,8.654,0.0,1371.44,8.0,98.874,0.8,,0,-97.257,10,10,3,470,0.5149
9.696,8.671,0.0,1479.94,8.0,98.851,0.85,,1,-97.04,10,10,5,558,0.5233
9.724,8.653,0.0,1445.81,8.0,98.775,0.9,,1,-97.108,10,10,6,507,0.5187
10.06,9.533,0.0,1451.06,8.0,99.068,0.95,,1,-97.098,10,10,7,445,0.5034
10.291,9.398,0.0,1421.75,8.0,98.583,1.0,,2,-97.156,10,10,7,326,0.5
10.766,9.892,0.0901,27777.19,8.0,53.921,0.8,,2,-44.446,1,15,9,1646,0.5109
11.212,10.177,0.055,35558.12,8.0,44.282,0.85,,3,-28.884,1,15,9,1084,0.5175
11.059,10.262,0.0,42355.12,8.0,38.8,0.9,,5,-15.29,1,15,9,823,0.5164
11.005,10.239,0.0,45520.0,8.0,44.962,0.95,,5,-8.96,1,15,9,628,0.5143
11.397,10.52,0.0,43155.31,8.0,37.566,1.0,,5,-13.689,1,15,9,454,0.511
10.766,9.892,0.0391,9579.38,8.0,86.052,0.8,,1,-80.841,2,15,9,1646,0.5109
11.212,10.177,0.04,16513.31,8.0,78.528,0.85,,2,-66.973,2,15,9,1084,0.5175
11.059,10.262,0.0,24947.0,8.0,70.478,0.9,,5,-50.106,2,15,9,823,0.5164
11.005,10.239,0.0,29931.0,8.0,73.438,0.95,,5,-40.138,2,15,9,628,0.5143
11.397,10.52,0.0,30820.0,8.0,67.102,1.0,,5,-38.36,2,15,9,454,0.511
10.766,9.892,0.0185,5078.81,8.0,93.744,0.8,,1,-89.842,3,15,9,1646,0.5109
11.212,10.177,0.0237,5479.56,8.0,94.54,0.85,,1,-89.041,3,15,9,1084,0.5175
11.059,10.262,0.0,11839.94,8.0,87.188,0.9,,4,-76.32,3,15,9,823,0.5164
11.005,10.239,0.0,18280.38,8.0,88.189,0.95,,5,-63.439,3,15,9,628,0.5143
11.397,10.52,0.0,19068.31,8.0,83.342,1.0,,5,-61.863,3,15,9,454,0.511
9.83,8.265,0.0,2876.44,8.0,96.487,0.8,,0,-94.247,4,15,6,993,0.5206
11.243,10.081,0.023,2939.0,8.0,96.86,0.85,,1,-94.122,4,15,8,956,0.5209
11.059,10.262,0.0,4810.63,8.0,95.598,0.9,,4,-90.379,4,15,9,823,0.5164
11.005,10.239,0.0,7082.56,8.0,94.849,0.95,,5,-85.835,4,15,9,628,0.5143
11.397,10.52,0.0,7698.13,8.0,92.694,1.0,,5,-84.604,4,15,9,454,0.511
9.686,8.321,0.0,2331.75,8.0,97.356,0.8,,0,-95.336,5,15,5,826,0.5218
10.792,9.782,0.0333,2334.38,8.0,97.67,0.85,,1,-95.331,5,15,7,815,0.5178
10.712,9.944,0.0,2155.88,8.0,97.552,0.9,,2,-95.688,5,15,7,627,0.5072
11.068,10.216,0.0,2344.88,8.0,97.859,0.95,,3,-95.31,5,15,9,577,0.5078
11.397,10.52,0.0,5179.44,8.0,95.788,1.0,,4,-89.641,5,15,9,454,0.511
9.692,8.339,0.0,1950.25,8.0,97.895,0.8,,0,-96.1,6,15,5,821,0.5238
10.06,8.557,0.0359,1984.38,8.0,98.125,0.85,,1,-96.031,6,15,6,670,0.5239
10.384,9.872,0.0,1761.25,8.0,98.117,0.9,,1,-96.477,6,15,7,607,0.5124
10.696,9.805,0.0,1938.0,8.0,98.397,0.95,,2,-96.124,6,15,7,478,0.4979
10.987,9.55,0.0,1441.44,8.0,98.325,1.0,,3,-97.117,6,15,7,340,0.4971
9.846,8.537,0.0,1535.06,8.0,98.442,0.8,,0,-96.93,7,15,4,568,0.5211
10.074,8.604,0.0329,1409.94,8.0,98.701,0.85,,1,-97.18,7,15,6,660,0.5258
9.9,8.555,0.0,1637.88,8.0,98.358,0.9,,1,-96.724,7,15,6,515,0.5204
10.247,9.665,0.0,1682.94,8.0,98.737,0.95,,1,-96.634,7,15,7,460,0.5
10.987,9.55,0.0,902.44,8.0,99.007,1.0,,3,-98.195,7,15,7,340,0.4971
9.827,8.695,0.0,1479.5,8.0,98.49,0.8,,0,-97.041,8,15,3,465,0.5269
9.837,8.653,0.0,1455.88,8.0,98.707,0.85,,0,-97.088,8,15,5,556,0.527
9.914,8.586,0.0,1232.75,8.0,98.798,0.9,,1,-97.534,8,15,6,505,0.5248
10.043,9.262,0.0,1463.75,8.0,98.987,0.95,,1,-97.072,8,15,6,403,0.5062
10.384,9.398,0.0,1452.81,8.0,98.501,1.0,,3,-97.094,8,15,7,328,0.497
9.827,8.695,0.0,1479.5,8.0,98.49,0.8,,0,-97.041,9,15,3,465,0.5269
9.837,8.653,0.0,1455.88,8.0,98.707,0.85,,0,-97.088,9,15,5,556,0.527
9.914,8.586,0.0,1232.75,8.0,98.798,0.9,,1,-97.534,9,15,6,505,0.5248
10.043,9.262,0.0,1463.75,8.0,98.987,0.95,,1,-97.072,9,15,6,403,0.5062
10.384,9.398,0.0,1452.81,8.0,98.501,1.0,,3,-97.094,9,15,7,328,0.497
9.827,8.695,0.0,1479.5,8.0,98.49,0.8,,0,-97.041,10,15,3,465,0.5269
9.837,8.653,0.0,1455.88,8.0,98.707,0.85,,0,-97.088,10,15,5,556,0.527
9.914,8.586,0.0,1232.75,8.0,98.798,0.9,,1,-97.534,10,15,6,505,0.5248
10.043,9.262,0.0,1463.75,8.0,98.987,0.95,,1,-97.072,10,15,6,403,0.5062
10.384,9.398,0.0,1452.81,8.0,98.501,1.0,,3,-97.094,10,15,7,328,0.497
10.812,9.917,0.0473,27404.87,8.0,54.569,0.8,,1,-45.19,1,20,9,1646,0.5122
11.279,10.164,0.0592,35556.81,8.0,44.148,0.85,,3,-28.886,1,20,9,1084,0.5185
11.131,10.262,0.0428,39286.06,8.0,39.665,0.9,,4,-21.428,1,20,9,823,0.5164
11.099,10.239,0.0,44478.75,8.0,45.358,0.95,,5,-11.042,1,20,9,628,0.5143
11.53,10.52,0.0,41257.44,8.0,40.326,1.0,,5,-17.485,1,20,9,454,0.511
10.812,9.917,0.0602,12575.81,8.0,81.715,0.8,,2,-74.848,2,20,9,1646,0.5122
11.279,10.164,0.0495,16621.81,8.0,78.426,0.85,,2,-66.756,2,20,9,1084,0.5185
11.131,10.262,0.0,24365.56,8.0,70.969,0.9,,5,-51.269,2,20,9,823,0.5164
11.099,10.239,0.0,29738.06,8.0,72.688,0.95,,5,-40.524,2,20,9,628,0.5143
11.53,10.52,0.0,25287.81,8.0,70.717,1.0,,5,-49.424,2,20,9,454,0.511
10.506,9.554,0.0249,3973.69,8.0,94.74,0.8,,1,-92.053,3,20,8,1304,0.5138
11.27,10.055,0.0261,3921.19,8.0,95.292,0.85,,1,-92.158,3,20,9,1002,0.518
11.131,10.262,0.0,8854.44,8.0,89.565,0.9,,2,-82.291,3,20,9,823,0.5164
11.099,10.239,0.0,14726.13,8.0,87.065,0.95,,4,-70.548,3,20,9,628,0.5143
11.53,10.52,0.0,14894.56,8.0,84.533,1.0,,5,-70.211,3,20,9,454,0.511
9.884,8.312,0.0,2992.81,8.0,96.351,0.8,,0,-94.014,4,20,6,996,0.5211
11.106,9.792,0.0403,2396.5,8.0,97.398,0.85,,1,-95.207,4,20,7,851,0.517
11.144,10.244,0.0,2848.44,8.0,96.473,0.9,,2,-94.303,4,20,9,761,0.5138
11.099,10.239,0.0,7014.31,8.0,94.943,0.95,,3,-85.971,4,20,9,628,0.5143
11.53,10.52,0.0,9481.81,8.0,92.515,1.0,,5,-81.036,4,20,9,454,0.511
9.847,8.429,0.0,2382.06,8.0,97.308,0.8,,0,-95.236,5,20,5,854,0.5222
10.88,9.767,0.0289,2147.13,8.0,97.857,0.85,,1,-95.706,5,20,7,815,0.519
10.792,9.944,0.0,1556.06,8.0,98.226,0.9,,1,-96.888,5,20,7,624,0.5096
10.839,9.805,0.0,2188.25,8.0,97.983,0.95,,2,-95.623,5,20,7,479,0.4969
11.605,10.376,0.0,2333.06,8.0,97.042,1.0,,3,-95.334,5,20,9,420,0.5048
9.783,8.395,0.0,1972.12,8.0,97.944,0.8,,0,-96.056,6,20,5,821,0.5262
10.166,8.541,0.0411,1944.13,8.0,98.142,0.85,,1,-96.112,6,20,6,670,0.5254
10.48,9.872,0.0,1671.13,8.0,98.206,0.9,,1,-96.658,6,20,7,607,0.5124
10.825,9.805,0.0,1505.75,8.0,98.744,0.95,,2,-96.988,6,20,7,477,0.499
11.173,9.55,0.0,1843.06,8.0,97.81,1.0,,3,-96.314,6,20,7,342,0.4942
9.858,8.595,0.0,1714.0,8.0,98.261,0.8,,0,-96.572,7,20,4,567,0.522
10.154,8.738,0.0537,1626.06,8.0,98.486,0.85,,1,-96.748,7,20,5,599,0.5242
10.014,8.555,0.0,1702.19,8.0,98.248,0.9,,1,-96.596,7,20,6,514,0.5214
10.371,9.665,0.0,1570.06,8.0,98.784,0.95,,1,-96.86,7,20,7,460,0.5
10.639,9.335,0.0,1626.06,8.0,98.177,1.0,,3,-96.748,7,20,7,332,0.497
9.853,8.706,0.0,1364.0,8.0,98.651,0.8,,0,-97.272,8,20,4,545,0.5211
9.964,8.634,0.0,1461.56,8.0,98.692,0.85,,0,-97.077,8,20,5,556,0.5288
9.956,8.716,0.0,1486.5,8.0,98.503,0.9,,1,-97.027,8,20,6,485,0.5237
10.177,9.262,0.0,1225.31,8.0,99.134,0.95,,1,-97.549,8,20,6,402,0.5075
10.528,9.398,0.0,1455.44,8.0,98.455,1.0,,3,-97.089,8,20,7,324,0.5031
9.853,8.706,0.0,1364.0,8.0,98.651,0.8,,0,-97.272,9,20,4,545,0.5211
9.964,8.634,0.0,1461.56,8.0,98.692,0.85,,0,-97.077,9,20,5,556,0.5288
9.956,8.716,0.0,1486.5,8.0,98.503,0.9,,1,-97.027,9,20,6,485,0.5237
10.177,9.262,0.0,1225.31,8.0,99.134,0.95,,1,-97.549,9,20,6,402,0.5075
10.528,9.398,0.0,1455.44,8.0,98.455,1.0,,3,-97.089,9,20,7,324,0.5031
9.853,8.706,0.0,1364.0,8.0,98.651,0.8,,0,-97.272,10,20,4,545,0.5211
9.964,8.634,0.0,1461.56,8.0,98.692,0.85,,0,-97.077,10,20,5,556,0.5288
9.956,8.716,0.0,1486.5,8.0,98.503,0.9,,1,-97.027,10,20,6,485,0.5237
10.177,9.262,0.0,1225.31,8.0,99.134,0.95,,1,-97.549,10,20,6,402,0.5075
10.528,9.398,0.0,1455.44,8.0,98.455,1.0,,3,-97.089,10,20,7,324,0.5031
10.919,9.898,0.0607,27616.19,8.0,50.984,0.8,,1,-44.768,1,25,9,1644,0.5122
11.333,10.134,0.0827,35546.31,8.0,44.165,0.85,,3,-28.907,1,25,9,1083,0.5189
11.192,10.222,0.0451,39348.19,8.0,39.847,0.9,,4,-21.304,1,25,9,822,0.517
11.178,10.186,0.0,42299.56,8.0,44.422,0.95,,5,-15.401,1,25,9,627,0.5152
11.57,10.52,0.0,40432.31,8.0,41.324,1.0,,5,-19.135,1,25,9,454,0.511
10.919,9.898,0.0,9558.38,8.0,83.937,0.8,,0,-80.883,2,25,9,1644,0.5122
11.333,10.134,0.0539,16568.0,8.0,78.491,0.85,,2,-66.864,2,25,9,1083,0.5189
11.192,10.222,0.0065,18705.63,8.0,74.798,0.9,,3,-62.589,2,25,9,822,0.517
11.178,10.186,0.0,25454.5,8.0,74.502,0.95,,4,-49.091,2,25,9,627,0.5152
11.57,10.52,0.0,25261.56,8.0,70.76,1.0,,5,-49.477,2,25,9,454,0.511
10.634,9.539,0.0,3911.56,8.0,93.758,0.8,,0,-92.177,3,25,7,1277,0.5153
11.353,10.054,0.0267,3997.75,8.0,95.2,0.85,,1,-92.004,3,25,9,997,0.5186
11.192,10.222,0.0,8388.06,8.0,90.331,0.9,,2,-83.224,3,25,9,822,0.517
11.178,10.186,0.0,14248.38,8.0,88.098,0.95,,4,-71.503,3,25,9,627,0.5152
11.57,10.52,0.0,14853.88,8.0,84.83,1.0,,5,-70.292,3,25,9,454,0.511
10.094,8.311,0.0,2919.75,8.0,95.592,0.8,,0,-94.16,4,25,6,979,0.524
11.175,9.754,0.0379,2458.19,8.0,97.331,0.85,,1,-95.084,4,25,7,850,0.5176
11.192,10.222,0.0,5070.94,8.0,95.29,0.9,,3,-89.858,4,25,9,822,0.517
11.178,10.186,0.0,5781.0,8.0,95.821,0.95,,3,-88.438,4,25,9,627,0.5152
11.57,10.52,0.0,9447.25,8.0,92.562,1.0,,5,-81.105,4,25,9,454,0.511
9.995,8.334,0.0,2274.0,8.0,96.799,0.8,,0,-95.452,5,25,5,823,0.5249
10.267,8.493,0.0385,2295.88,8.0,97.709,0.85,,1,-95.408,5,25,6,673,0.523
10.87,9.891,0.0,2275.31,8.0,97.406,0.9,,1,-95.449,5,25,7,623,0.5104
10.98,9.734,0.0,2209.25,8.0,97.963,0.95,,1,-95.581,5,25,7,481,0.4969
11.57,10.52,0.0,4208.19,8.0,96.735,1.0,,4,-91.584,5,25,9,454,0.511
10.169,8.537,0.0,1938.0,8.0,97.41,0.8,,0,-96.124,6,25,4,566,0.523
10.256,8.539,0.0322,1892.06,8.0,98.192,0.85,,1,-96.216,6,25,6,662,0.5257
10.154,8.563,0.0,1888.13,8.0,97.973,0.9,,1,-96.224,6,25,6,532,0.5169
10.525,9.596,0.0,1999.25,8.0,98.332,0.95,,1,-96.001,6,25,7,465,0.5011
11.225,9.55,0.0,1879.38,8.0,97.767,1.0,,3,-96.241,6,25,7,342,0.4942
10.249,8.695,0.0,1666.75,8.0,97.901,0.8,,0,-96.667,7,25,3,466,0.5258
10.251,8.684,0.0461,1637.0,8.0,98.476,0.85,,1,-96.726,7,25,5,598,0.5251
10.124,8.522,0.0,1609.44,8.0,98.343,0.9,,1,-96.781,7,25,6,505,0.5248
10.473,9.591,0.0,1594.13,8.0,98.765,0.95,,1,-96.812,7,25,7,459,0.5011
10.694,9.335,0.0,1494.81,8.0,98.325,1.0,,2,-97.01,7,25,7,332,0.497
10.249,8.695,0.0,1391.12,8.0,98.333,0.8,,0,-97.218,8,25,3,466,0.5258
10.097,8.576,0.0,1245.44,8.0,98.886,0.85,,0,-97.509,8,25,5,556,0.5288
10.107,8.721,0.0,1466.38,8.0,98.523,0.9,,1,-97.067,8,25,6,475,0.5263
10.262,9.179,0.0,1485.19,8.0,98.95,0.95,,1,-97.03,8,25,6,399,0.5113
10.48,9.36,0.0,1458.06,8.0,98.452,1.0,,3,-97.084,8,25,7,320,0.5031
10.249,8.695,0.0,1391.12,8.0,98.333,0.8,,0,-97.218,9,25,3,466,0.5258
10.097,8.576,0.0,1245.44,8.0,98.886,0.85,,0,-97.509,9,25,5,556,0.5288
10.107,8.721,0.0,1466.38,8.0,98.523,0.9,,1,-97.067,9,25,6,475,0.5263
10.262,9.179,0.0,1485.19,8.0,98.95,0.95,,1,-97.03,9,25,6,399,0.5113
10.48,9.36,0.0,1458.06,8.0,98.452,1.0,,3,-97.084,9,25,7,320,0.5031
10.249,8.695,0.0,1391.12,8.0,98.333,0.8,,0,-97.218,10,25,3,466,0.5258
10.097,8.576,0.0,1245.44,8.0,98.886,0.85,,0,-97.509,10,25,5,556,0.5288
10.107,8.721,0.0,1466.38,8.0,98.523,0.9,,1,-97.067,10,25,6,475,0.5263
10.262,9.179,0.0,1485.19,8.0,98.95,0.95,,1,-97.03,10,25,6,399,0.5113
10.48,9.36,0.0,1458.06,8.0,98.452,1.0,,3,-97.084,10,25,7,320,0.5031
10.934,9.896,0.0554,25864.44,8.0,54.188,0.8,,1,-48.271,1,30,9,1644,0.5116
11.333,10.134,0.0827,35546.31,8.0,44.165,0.85,,3,-28.907,1,30,9,1083,0.5189
11.192,10.222,0.0451,39348.19,8.0,39.847,0.9,,4,-21.304,1,30,9,822,0.517
11.178,10.186,0.0,42299.56,8.0,44.422,0.95,,5,-15.401,1,30,9,627,0.5152
11.57,10.52,0.0,40432.31,8.0,41.324,1.0,,5,-19.135,1,30,9,454,0.511
10.934,9.896,0.0,9583.75,8.0,84.147,0.8,,0,-80.832,2,30,9,1644,0.5116
11.333,10.134,0.0539,16568.0,8.0,78.491,0.85,,2,-66.864,2,30,9,1083,0.5189
11.192,10.222,0.0065,18705.63,8.0,74.798,0.9,,3,-62.589,2,30,9,822,0.517
11.178,10.186,0.0,25454.5,8.0,74.502,0.95,,4,-49.091,2,30,9,627,0.5152
11.57,10.52,0.0,25261.56,8.0,70.76,1.0,,5,-49.477,2,30,9,454,0.511
10.654,9.537,0.0,3951.38,8.0,93.694,0.8,,0,-92.097,3,30,7,1277,0.5145
11.353,10.054,0.0267,3997.75,8.0,95.2,0.85,,1,-92.004,3,30,9,997,0.5186
11.192,10.222,0.0,8388.06,8.0,90.331,0.9,,2,-83.224,3,30,9,822,0.517
11.178,10.186,0.0,14248.38,8.0,88.098,0.95,,4,-71.503,3,30,9,627,0.5152
11.57,10.52,0.0,14853.88,8.0,84.83,1.0,,5,-70.292,3,30,9,454,0.511
10.15,8.389,0.0,2900.94,8.0,95.621,0.8,,0,-94.198,4,30,5,892,0.5213
11.175,9.754,0.0379,2458.19,8.0,97.331,0.85,,1,-95.084,4,30,7,850,0.5176
11.192,10.222,0.0,5070.94,8.0,95.29,0.9,,3,-89.858,4,30,9,822,0.517
11.178,10.186,0.0,5781.0,8.0,95.821,0.95,,3,-88.438,4,30,9,627,0.5152
11.57,10.52,0.0,9447.25,8.0,92.562,1.0,,5,-81.105,4,30,9,454,0.511
10.035,8.346,0.0,2368.94,8.0,96.665,0.8,,0,-95.262,5,30,5,819,0.525
10.267,8.493,0.0385,2295.88,8.0,97.709,0.85,,1,-95.408,5,30,6,673,0.523
10.87,9.891,0.0,2275.31,8.0,97.406,0.9,,1,-95.449,5,30,7,623,0.5104
10.98,9.734,0.0,2209.25,8.0,97.963,0.95,,1,-95.581,5,30,7,481,0.4969
11.57,10.52,0.0,4208.19,8.0,96.735,1.0,,4,-91.584,5,30,9,454,0.511
10.169,8.537,0.0,1938.0,8.0,97.41,0.8,,0,-96.124,6,30,4,566,0.523
10.256,8.539,0.0322,1892.06,8.0,98.192,0.85,,1,-96.216,6,30,6,662,0.5257
10.154,8.563,0.0,1888.13,8.0,97.973,0.9,,1,-96.224,6,30,6,532,0.5169
10.525,9.596,0.0,1999.25,8.0,98.332,0.95,,1,-96.001,6,30,7,465,0.5011
11.225,9.55,0.0,1879.38,8.0,97.767,1.0,,3,-96.241,6,30,7,342,0.4942
10.249,8.695,0.0,1666.75,8.0,97.901,0.8,,0,-96.667,7,30,3,466,0.5258
10.251,8.684,0.0461,1637.0,8.0,98.476,0.85,,1,-96.726,7,30,5,598,0.5251
10.124,8.522,0.0,1609.44,8.0,98.343,0.9,,1,-96.781,7,30,6,505,0.5248
10.473,9.591,0.0,1594.13,8.0,98.765,0.95,,1,-96.812,7,30,7,459,0.5011
10.694,9.335,0.0,1494.81,8.0,98.325,1.0,,2,-97.01,7,30,7,332,0.497
10.249,8.695,0.0,1391.12,8.0,98.333,0.8,,0,-97.218,8,30,3,466,0.5258
10.097,8.576,0.0,1245.44,8.0,98.886,0.85,,0,-97.509,8,30,5,556,0.5288
10.107,8.721,0.0,1466.38,8.0,98.523,0.9,,1,-97.067,8,30,6,475,0.5263
10.262,9.179,0.0,1485.19,8.0,98.95,0.95,,1,-97.03,8,30,6,399,0.5113
10.48,9.36,0.0,1458.06,8.0,98.452,1.0,,3,-97.084,8,30,7,320,0.5031
10.249,8.695,0.0,1391.12,8.0,98.333,0.8,,0,-97.218,9,30,3,466,0.5258
10.097,8.576,0.0,1245.44,8.0,98.886,0.85,,0,-97.509,9,30,5,556,0.5288
10.107,8.721,0.0,1466.38,8.0,98.523,0.9,,1,-97.067,9,30,6,475,0.5263
10.262,9.179,0.0,1485.19,8.0,98.95,0.95,,1,-97.03,9,30,6,399,0.5113
10.48,9.36,0.0,1458.06,8.0,98.452,1.0,,3,-97.084,9,30,7,320,0.5031
10.249,8.695,0.0,1391.12,8.0,98.333,0.8,,0,-97.218,10,30,3,466,0.5258
10.097,8.576,0.0,1245.44,8.0,98.886,0.85,,0,-97.509,10,30,5,556,0.5288
10.107,8.721,0.0,1466.38,8.0,98.523,0.9,,1,-97.067,10,30,6,475,0.5263
10.262,9.179,0.0,1485.19,8.0,98.95,0.95,,1,-97.03,10,30,6,399,0.5113
10.48,9.36,0.0,1458.06,8.0,98.452,1.0,,3,-97.084,10,30,7,320,0.5031
10.934,9.896,0.0554,25864.44,8.0,54.188,0.8,,1,-48.271,1,35,9,1644,0.5116
11.333,10.134,0.0827,35546.31,8.0,44.165,0.85,,3,-28.907,1,35,9,1083,0.5189
11.192,10.222,0.0451,39348.19,8.0,39.847,0.9,,4,-21.304,1,35,9,822,0.517
11.178,10.186,0.0,42299.56,8.0,44.422,0.95,,5,-15.401,1,35,9,627,0.5152
11.57,10.52,0.0,40432.31,8.0,41.324,1.0,,5,-19.135,1,35,9,454,0.511
10.934,9.896,0.0,9583.75,8.0,84.147,0.8,,0,-80.832,2,35,9,1644,0.5116
11.333,10.134,0.0539,16568.0,8.0,78.491,0.85,,2,-66.864,2,35,9,1083,0.5189
11.192,10.222,0.0065,18705.63,8.0,74.798,0.9,,3,-62.589,2,35,9,822,0.517
11.178,10.186,0.0,25454.5,8.0,74.502,0.95,,4,-49.091,2,35,9,627,0.5152
11.57,10.52,0.0,25261.56,8.0,70.76,1.0,,5,-49.477,2,35,9,454,0.511
10.654,9.537,0.0,3951.38,8.0,93.694,0.8,,0,-92.097,3,35,7,1277,0.5145
11.353,10.054,0.0267,3997.75,8.0,95.2,0.85,,1,-92.004,3,35,9,997,0.5186
11.192,10.222,0.0,8388.06,8.0,90.331,0.9,,2,-83.224,3,35,9,822,0.517
11.178,10.186,0.0,14248.38,8.0,88.098,0.95,,4,-71.503,3,35,9,627,0.5152
11.57,10.52,0.0,14853.88,8.0,84.83,1.0,,5,-70.292,3,35,9,454,0.511
10.15,8.389,0.0,2900.94,8.0,95.621,0.8,,0,-94.198,4,35,5,892,0.5213
11.175,9.754,0.0379,2458.19,8.0,97.331,0.85,,1,-95.084,4,35,7,850,0.5176
11.192,10.222,0.0,5070.94,8.0,95.29,0.9,,3,-89.858,4,35,9,822,0.517
11.178,10.186,0.0,5781.0,8.0,95.821,0.95,,3,-88.438,4,35,9,627,0.5152
11.57,10.52,0.0,9447.25,8.0,92.562,1.0,,5,-81.105,4,35,9,454,0.511
10.035,8.346,0.0,2368.94,8.0,96.665,0.8,,0,-95.262,5,35,5,819,0.525
10.267,8.493,0.0385,2295.88,8.0,97.709,0.85,,1,-95.408,5,35,6,673,0.523
10.87,9.891,0.0,2275.31,8.0,97.406,0.9,,1,-95.449,5,35,7,623,0.5104
10.98,9.734,0.0,2209.25,8.0,97.963,0.95,,1,-95.581,5,35,7,481,0.4969
11.57,10.52,0.0,4208.19,8.0,96.735,1.0,,4,-91.584,5,35,9,454,0.511
10.169,8.537,0.0,1938.0,8.0,97.41,0.8,,0,-96.124,6,35,4,566,0.523
10.256,8.539,0.0322,1892.06,8.0,98.192,0.85,,1,-96.216,6,35,6,662,0.5257
10.154,8.563,0.0,1888.13,8.0,97.973,0.9,,1,-96.224,6,35,6,532,0.5169
10.525,9.596,0.0,1999.25,8.0,98.332,0.95,,1,-96.001,6,35,7,465,0.5011
11.225,9.55,0.0,1879.38,8.0,97.767,1.0,,3,-96.241,6,35,7,342,0.4942
10.249,8.695,0.0,1666.75,8.0,97.901,0.8,,0,-96.667,7,35,3,466,0.5258
10.251,8.684,0.0461,1637.0,8.0,98.476,0.85,,1,-96.726,7,35,5,598,0.5251
10.124,8.522,0.0,1609.44,8.0,98.343,0.9,,1,-96.781,7,35,6,505,0.5248
10.473,9.591,0.0,1594.13,8.0,98.765,0.95,,1,-96.812,7,35,7,459,0.5011
10.694,9.335,0.0,1494.81,8.0,98.325,1.0,,2,-97.01,7,35,7,332,0.497
10.249,8.695,0.0,1391.12,8.0,98.333,0.8,,0,-97.218,8,35,3,466,0.5258
10.097,8.576,0.0,1245.44,8.0,98.886,0.85,,0,-97.509,8,35,5,556,0.5288
10.107,8.721,0.0,1466.38,8.0,98.523,0.9,,1,-97.067,8,35,6,475,0.5263
10.262,9.179,0.0,1485.19,8.0,98.95,0.95,,1,-97.03,8,35,6,399,0.5113
10.48,9.36,0.0,1458.06,8.0,98.452,1.0,,3,-97.084,8,35,7,320,0.5031
10.249,8.695,0.0,1391.12,8.0,98.333,0.8,,0,-97.218,9,35,3,466,0.5258
10.097,8.576,0.0,1245.44,8.0,98.886,0.85,,0,-97.509,9,35,5,556,0.5288
10.107,8.721,0.0,1466.38,8.0,98.523,0.9,,1,-97.067,9,35,6,475,0.5263
10.262,9.179,0.0,1485.19,8.0,98.95,0.95,,1,-97.03,9,35,6,399,0.5113
10.48,9.36,0.0,1458.06,8.0,98.452,1.0,,3,-97.084,9,35,7,320,0.5031
10.249,8.695,0.0,1391.12,8.0,98.333,0.8,,0,-97.218,10,35,3,466,0.5258
10.097,8.576,0.0,1245.44,8.0,98.886,0.85,,0,-97.509,10,35,5,556,0.5288
10.107,8.721,0.0,1466.38,8.0,98.523,0.9,,1,-97.067,10,35,6,475,0.5263
10.262,9.179,0.0,1485.19,8.0,98.95,0.95,,1,-97.03,10,35,6,399,0.5113
10.48,9.36,0.0,1458.06,8.0,98.452,1.0,,3,-97.084,10,35,7,320,0.5031
10.934,9.896,0.0554,25864.44,8.0,54.188,0.8,,1,-48.271,1,40,9,1644,0.5116
11.333,10.134,0.0827,35546.31,8.0,44.165,0.85,,3,-28.907,1,40,9,1083,0.5189
11.192,10.222,0.0451,39348.19,8.0,39.847,0.9,,4,-21.304,1,40,9,822,0.517
11.178,10.186,0.0,42299.56,8.0,44.422,0.95,,5,-15.401,1,40,9,627,0.5152
11.57,10.52,0.0,40432.31,8.0,41.324,1.0,,5,-19.135,1,40,9,454,0.511
10.934,9.896,0.0,9583.75,8.0,84.147,0.8,,0,-80.832,2,40,9,1644,0.5116
11.333,10.134,0.0539,16568.0,8.0,78.491,0.85,,2,-66.864,2,40,9,1083,0.5189
11.192,10.222,0.0065,18705.63,8.0,74.798,0.9,,3,-62.589,2,40,9,822,0.517
11.178,10.186,0.0,25454.5,8.0,74.502,0.95,,4,-49.091,2,40,9,627,0.5152
11.57,10.52,0.0,25261.56,8.0,70.76,1.0,,5,-49.477,2,40,9,454,0.511
10.654,9.537,0.0,3951.38,8.0,93.694,0.8,,0,-92.097,3,40,7,1277,0.5145
11.353,10.054,0.0267,3997.75,8.0,95.2,0.85,,1,-92.004,3,40,9,997,0.5186
11.192,10.222,0.0,8388.06,8.0,90.331,0.9,,2,-83.224,3,40,9,822,0.517
11.178,10.186,0.0,14248.38,8.0,88.098,0.95,,4,-71.503,3,40,9,627,0.5152
11.57,10.52,0.0,14853.88,8.0,84.83,1.0,,5,-70.292,3,40,9,454,0.511
10.15,8.389,0.0,2900.94,8.0,95.621,0.8,,0,-94.198,4,40,5,892,0.5213
11.175,9.754,0.0379,2458.19,8.0,97.331,0.85,,1,-95.084,4,40,7,850,0.5176
11.192,10.222,0.0,5070.94,8.0,95.29,0.9,,3,-89.858,4,40,9,822,0.517
11.178,10.186,0.0,5781.0,8.0,95.821,0.95,,3,-88.438,4,40,9,627,0.5152
11.57,10.52,0.0,9447.25,8.0,92.562,1.0,,5,-81.105,4,40,9,454,0.511
10.035,8.346,0.0,2368.94,8.0,96.665,0.8,,0,-95.262,5,40,5,819,0.525
10.267,8.493,0.0385,2295.88,8.0,97.709,0.85,,1,-95.408,5,40,6,673,0.523
10.87,9.891,0.0,2275.31,8.0,97.406,0.9,,1,-95.449,5,40,7,623,0.5104
10.98,9.734,0.0,2209.25,8.0,97.963,0.95,,1,-95.581,5,40,7,481,0.4969
11.57,10.52,0.0,4208.19,8.0,96.735,1.0,,4,-91.584,5,40,9,454,0.511
10.169,8.537,0.0,1938.0,8.0,97.41,0.8,,0,-96.124,6,40,4,566,0.523
10.256,8.539,0.0322,1892.06,8.0,98.192,0.85,,1,-96.216,6,40,6,662,0.5257
10.154,8.563,0.0,1888.13,8.0,97.973,0.9,,1,-96.224,6,40,6,532,0.5169
10.525,9.596,0.0,1999.25,8.0,98.332,0.95,,1,-96.001,6,40,7,465,0.5011
11.225,9.55,0.0,1879.38,8.0,97.767,1.0,,3,-96.241,6,40,7,342,0.4942
10.249,8.695,0.0,1666.75,8.0,97.901,0.8,,0,-96.667,7,40,3,466,0.5258
10.251,8.684,0.0461,1637.0,8.0,98.476,0.85,,1,-96.726,7,40,5,598,0.5251
10.124,8.522,0.0,1609.44,8.0,98.343,0.9,,1,-96.781,7,40,6,505,0.5248
10.473,9.591,0.0,1594.13,8.0,98.765,0.95,,1,-96.812,7,40,7,459,0.5011
10.694,9.335,0.0,1494.81,8.0,98.325,1.0,,2,-97.01,7,40,7,332,0.497
10.249,8.695,0.0,1391.12,8.0,98.333,0.8,,0,-97.218,8,40,3,466,0.5258
10.097,8.576,0.0,1245.44,8.0,98.886,0.85,,0,-97.509,8,40,5,556,0.5288
10.107,8.721,0.0,1466.38,8.0,98.523,0.9,,1,-97.067,8,40,6,475,0.5263
10.262,9.179,0.0,1485.19,8.0,98.95,0.95,,1,-97.03,8,40,6,399,0.5113
10.48,9.36,0.0,1458.06,8.0,98.452,1.0,,3,-97.084,8,40,7,320,0.5031
10.249,8.695,0.0,1391.12,8.0,98.333,0.8,,0,-97.218,9,40,3,466,0.5258
10.097,8.576,0.0,1245.44,8.0,98.886,0.85,,0,-97.509,9,40,5,556,0.5288
10.107,8.721,0.0,1466.38,8.0,98.523,0.9,,1,-97.067,9,40,6,475,0.5263
10.262,9.179,0.0,1485.19,8.0,98.95,0.95,,1,-97.03,9,40,6,399,0.5113
10.48,9.36,0.0,1458.06,8.0,98.452,1.0,,3,-97.084,9,40,7,320,0.5031
10.249,8.695,0.0,1391.12,8.0,98.333,0.8,,0,-97.218,10,40,3,466,0.5258
10.097,8.576,0.0,1245.44,8.0,98.886,0.85,,0,-97.509,10,40,5,556,0.5288
10.107,8.721,0.0,1466.38,8.0,98.523,0.9,,1,-97.067,10,40,6,475,0.5263
10.262,9.179,0.0,1485.19,8.0,98.95,0.95,,1,-97.03,10,40,6,399,0.5113
10.48,9.36,0.0,1458.06,8.0,98.452,1.0,,3,-97.084,10,40,7,320,0.5031
10.934,9.896,0.0554,25864.44,8.0,54.188,0.8,,1,-48.271,1,45,9,1644,0.5116
11.333,10.134,0.0827,35546.31,8.0,44.165,0.85,,3,-28.907,1,45,9,1083,0.5189
11.192,10.222,0.0451,39348.19,8.0,39.847,0.9,,4,-21.304,1,45,9,822,0.517
11.178,10.186,0.0,42299.56,8.0,44.422,0.95,,5,-15.401,1,45,9,627,0.5152
11.57,10.52,0.0,40432.31,8.0,41.324,1.0,,5,-19.135,1,45,9,454,0.511
10.934,9.896,0.0,9583.75,8.0,84.147,0.8,,0,-80.832,2,45,9,1644,0.5116
11.333,10.134,0.0539,16568.0,8.0,78.491,0.85,,2,-66.864,2,45,9,1083,0.5189
11.192,10.222,0.0065,18705.63,8.0,74.798,0.9,,3,-62.589,2,45,9,822,0.517
11.178,10.186,0.0,25454.5,8.0,74.502,0.95,,4,-49.091,2,45,9,627,0.5152
11.57,10.52,0.0,25261.56,8.0,70.76,1.0,,5,-49.477,2,45,9,454,0.511
10.654,9.537,0.0,3951.38,8.0,93.694,0.8,,0,-92.097,3,45,7,1277,0.5145
11.353,10.054,0.0267,3997.75,8.0,95.2,0.85,,1,-92.004,3,45,9,997,0.5186
11.192,10.222,0.0,8388.06,8.0,90.331,0.9,,2,-83.224,3,45,9,822,0.517
11.178,10.186,0.0,14248.38,8.0,88.098,0.95,,4,-71.503,3,45,9,627,0.5152
11.57,10.52,0.0,14853.88,8.0,84.83,1.0,,5,-70.292,3,45,9,454,0.511
10.15,8.389,0.0,2900.94,8.0,95.621,0.8,,0,-94.198,4,45,5,892,0.5213
11.175,9.754,0.0379,2458.19,8.0,97.331,0.85,,1,-95.084,4,45,7,850,0.5176
11.192,10.222,0.0,5070.94,8.0,95.29,0.9,,3,-89.858,4,45,9,822,0.517
11.178,10.186,0.0,5781.0,8.0,95.821,0.95,,3,-88.438,4,45,9,627,0.5152
11.57,10.52,0.0,9447.25,8.0,92.562,1.0,,5,-81.105,4,45,9,454,0.511
10.035,8.346,0.0,2368.94,8.0,96.665,0.8,,0,-95.262,5,45,5,819,0.525
10.267,8.493,0.0385,2295.88,8.0,97.709,0.85,,1,-95.408,5,45,6,673,0.523
10.87,9.891,0.0,2275.31,8.0,97.406,0.9,,1,-95.449,5,45,7,623,0.5104
10.98,9.734,0.0,2209.25,8.0,97.963,0.95,,1,-95.581,5,45,7,481,0.4969
11.57,10.52,0.0,4208.19,8.0,96.735,1.0,,4,-91.584,5,45,9,454,0.511
10.169,8.537,0.0,1938.0,8.0,97.41,0.8,,0,-96.124,6,45,4,566,0.523
10.256,8.539,0.0322,1892.06,8.0,98.192,0.85,,1,-96.216,6,45,6,662,0.5257
10.154,8.563,0.0,1888.13,8.0,97.973,0.9,,1,-96.224,6,45,6,532,0.5169
10.525,9.596,0.0,1999.25,8.0,98.332,0.95,,1,-96.001,6,45,7,465,0.5011
11.225,9.55,0.0,1879.38,8.0,97.767,1.0,,3,-96.241,6,45,7,342,0.4942
10.249,8.695,0.0,1666.75,8.0,97.901,0.8,,0,-96.667,7,45,3,466,0.5258
10.251,8.684,0.0461,1637.0,8.0,98.476,0.85,,1,-96.726,7,45,5,598,0.5251
10.124,8.522,0.0,1609.44,8.0,98.343,0.9,,1,-96.781,7,45,6,505,0.5248
10.473,9.591,0.0,1594.13,8.0,98.765,0.95,,1,-96.812,7,45,7,459,0.5011
10.694,9.335,0.0,1494.81,8.0,98.325,1.0,,2,-97.01,7,45,7,332,0.497
10.249,8.695,0.0,1391.12,8.0,98.333,0.8,,0,-97.218,8,45,3,466,0.5258
10.097,8.576,0.0,1245.44,8.0,98.886,0.85,,0,-97.509,8,45,5,556,0.5288
10.107,8.721,0.0,1466.38,8.0,98.523,0.9,,1,-97.067,8,45,6,475,0.5263
10.262,9.179,0.0,1485.19,8.0,98.95,0.95,,1,-97.03,8,45,6,399,0.5113
10.48,9.36,0.0,1458.06,8.0,98.452,1.0,,3,-97.084,8,45,7,320,0.5031
10.249,8.695,0.0,1391.12,8.0,98.333,0.8,,0,-97.218,9,45,3,466,0.5258
10.097,8.576,0.0,1245.44,8.0,98.886,0.85,,0,-97.509,9,45,5,556,0.5288
10.107,8.721,0.0,1466.38,8.0,98.523,0.9,,1,-97.067,9,45,6,475,0.5263
10.262,9.179,0.0,1485.19,8.0,98.95,0.95,,1,-97.03,9,45,6,399,0.5113
10.48,9.36,0.0,1458.06,8.0,98.452,1.0,,3,-97.084,9,45,7,320,0.5031
10.249,8.695,0.0,1391.12,8.0,98.333,0.8,,0,-97.218,10,45,3,466,0.5258
10.097,8.576,0.0,1245.44,8.0,98.886,0.85,,0,-97.509,10,45,5,556,0.5288
10.107,8.721,0.0,1466.38,8.0,98.523,0.9,,1,-97.067,10,45,6,475,0.5263
10.262,9.179,0.0,1485.19,8.0,98.95,0.95,,1,-97.03,10,45,6,399,0.5113
10.48,9.36,0.0,1458.06,8.0,98.452,1.0,,3,-97.084,10,45,7,320,0.5031
10.934,9.896,0.0554,25864.44,8.0,54.188,0.8,,1,-48.271,1,50,9,1644,0.5116
11.333,10.134,0.0827,35546.31,8.0,44.165,0.85,,3,-28.907,1,50,9,1083,0.5189
11.192,10.222,0.0451,39348.19,8.0,39.847,0.9,,4,-21.304,1,50,9,822,0.517
11.178,10.186,0.0,42299.56,8.0,44.422,0.95,,5,-15.401,1,50,9,627,0.5152
11.57,10.52,0.0,40432.31,8.0,41.324,1.0,,5,-19.135,1,50,9,454,0.511
10.934,9.896,0.0,9583.75,8.0,84.147,0.8,,0,-80.832,2,50,9,1644,0.5116
11.333,10.134,0.0539,16568.0,8.0,78.491,0.85,,2,-66.864,2,50,9,1083,0.5189
11.192,10.222,0.0065,18705.63,8.0,74.798,0.9,,3,-62.589,2,50,9,822,0.517
11.178,10.186,0.0,25454.5,8.0,74.502,0.95,,4,-49.091,2,50,9,627,0.5152
11.57,10.52,0.0,25261.56,8.0,70.76,1.0,,5,-49.477,2,50,9,454,0.511
10.654,9.537,0.0,3951.38,8.0,93.694,0.8,,0,-92.097,3,50,7,1277,0.5145
11.353,10.054,0.0267,3997.75,8.0,95.2,0.85,,1,-92.004,3,50,9,997,0.5186
11.192,10.222,0.0,8388.06,8.0,90.331,0.9,,2,-83.224,3,50,9,822,0.517
11.178,10.186,0.0,14248.38,8.0,88.098,0.95,,4,-71.503,3,50,9,627,0.5152
11.57,10.52,0.0,14853.88,8.0,84.83,1.0,,5,-70.292,3,50,9,454,0.511
10.15,8.389,0.0,2900.94,8.0,95.621,0.8,,0,-94.198,4,50,5,892,0.5213
11.175,9.754,0.0379,2458.19,8.0,97.331,0.85,,1,-95.084,4,50,7,850,0.5176
11.192,10.222,0.0,5070.94,8.0,95.29,0.9,,3,-89.858,4,50,9,822,0.517
11.178,10.186,0.0,5781.0,8.0,95.821,0.95,,3,-88.438,4,50,9,627,0.5152
11.57,10.52,0.0,9447.25,8.0,92.562,1.0,,5,-81.105,4,50,9,454,0.511
10.035,8.346,0.0,2368.94,8.0,96.665,0.8,,0,-95.262,5,50,5,819,0.525
10.267,8.493,0.0385,2295.88,8.0,97.709,0.85,,1,-95.408,5,50,6,673,0.523
10.87,9.891,0.0,2275.31,8.0,97.406,0.9,,1,-95.449,5,50,7,623,0.5104
10.98,9.734,0.0,2209.25,8.0,97.963,0.95,,1,-95.581,5,50,7,481,0.4969
11.57,10.52,0.0,4208.19,8.0,96.735,1.0,,4,-91.584,5,50,9,454,0.511
10.169,8.537,0.0,1938.0,8.0,97.41,0.8,,0,-96.124,6,50,4,566,0.523
10.256,8.539,0.0322,1892.06,8.0,98.192,0.85,,1,-96.216,6,50,6,662,0.5257
10.154,8.563,0.0,1888.13,8.0,97.973,0.9,,1,-96.224,6,50,6,532,0.5169
10.525,9.596,0.0,1999.25,8.0,98.332,0.95,,1,-96.001,6,50,7,465,0.5011
11.225,9.55,0.0,1879.38,8.0,97.767,1.0,,3,-96.241,6,50,7,342,0.4942
10.249,8.695,0.0,1666.75,8.0,97.901,0.8,,0,-96.667,7,50,3,466,0.5258
10.251,8.684,0.0461,1637.0,8.0,98.476,0.85,,1,-96.726,7,50,5,598,0.5251
10.124,8.522,0.0,1609.44,8.0,98.343,0.9,,1,-96.781,7,50,6,505,0.5248
10.473,9.591,0.0,1594.13,8.0,98.765,0.95,,1,-96.812,7,50,7,459,0.5011
10.694,9.335,0.0,1494.81,8.0,98.325,1.0,,2,-97.01,7,50,7,332,0.497
10.249,8.695,0.0,1391.12,8.0,98.333,0.8,,0,-97.218,8,50,3,466,0.5258
10.097,8.576,0.0,1245.44,8.0,98.886,0.85,,0,-97.509,8,50,5,556,0.5288
10.107,8.721,0.0,1466.38,8.0,98.523,0.9,,1,-97.067,8,50,6,475,0.5263
10.262,9.179,0.0,1485.19,8.0,98.95,0.95,,1,-97.03,8,50,6,399,0.5113
10.48,9.36,0.0,1458.06,8.0,98.452,1.0,,3,-97.084,8,50,7,320,0.5031
10.249,8.695,0.0,1391.12,8.0,98.333,0.8,,0,-97.218,9,50,3,466,0.5258
10.097,8.576,0.0,1245.44,8.0,98.886,0.85,,0,-97.509,9,50,5,556,0.5288
10.107,8.721,0.0,1466.38,8.0,98.523,0.9,,1,-97.067,9,50,6,475,0.5263
10.262,9.179,0.0,1485.19,8.0,98.95,0.95,,1,-97.03,9,50,6,399,0.5113
10.48,9.36,0.0,1458.06,8.0,98.452,1.0,,3,-97.084,9,50,7,320,0.5031
10.249,8.695,0.0,1391.12,8.0,98.333,0.8,,0,-97.218,10,50,3,466,0.5258
10.097,8.576,0.0,1245.44,8.0,98.886,0.85,,0,-97.509,10,50,5,556,0.5288
10.107,8.721,0.0,1466.38,8.0,98.523,0.9,,1,-97.067,10,50,6,475,0.5263
10.262,9.179,0.0,1485.19,8.0,98.95,0.95,,1,-97.03,10,50,6,399,0.5113
10.48,9.36,0.0,1458.06,8.0,98.452,1.0,,3,-97.084,10,50,7,320,0.5031
10.934,9.896,0.0554,25864.44,8.0,54.188,0.8,,1,-48.271,1,55,9,1644,0.5116
11.333,10.134,0.0827,35546.31,8.0,44.165,0.85,,3,-28.907,1,55,9,1083,0.5189
11.192,10.222,0.0451,39348.19,8.0,39.847,0.9,,4,-21.304,1,55,9,822,0.517
11.178,10.186,0.0,42299.56,8.0,44.422,0.95,,5,-15.401,1,55,9,627,0.5152
11.57,10.52,0.0,40432.31,8.0,41.324,1.0,,5,-19.135,1,55,9,454,0.511
10.934,9.896,0.0,9583.75,8.0,84.147,0.8,,0,-80.832,2,55,9,1644,0.5116
11.333,10.134,0.0539,16568.0,8.0,78.491,0.85,,2,-66.864,2,55,9,1083,0.5189
11.192,10.222,0.0065,18705.63,8.0,74.798,0.9,,3,-62.589,2,55,9,822,0.517
11.178,10.186,0.0,25454.5,8.0,74.502,0.95,,4,-49.091,2,55,9,627,0.5152
11.57,10.52,0.0,25261.56,8.0,70.76,1.0,,5,-49.477,2,55,9,454,0.511
10.654,9.537,0.0,3951.38,8.0,93.694,0.8,,0,-92.097,3,55,7,1277,0.5145
11.353,10.054,0.0267,3997.75,8.0,95.2,0.85,,1,-92.004,3,55,9,997,0.5186
11.192,10.222,0.0,8388.06,8.0,90.331,0.9,,2,-83.224,3,55,9,822,0.517
11.178,10.186,0.0,14248.38,8.0,88.098,0.95,,4,-71.503,3,55,9,627,0.5152
11.57,10.52,0.0,14853.88,8.0,84.83,1.0,,5,-70.292,3,55,9,454,0.511
10.15,8.389,0.0,2900.94,8.0,95.621,0.8,,0,-94.198,4,55,5,892,0.5213
11.175,9.754,0.0379,2458.19,8.0,97.331,0.85,,1,-95.084,4,55,7,850,0.5176
11.192,10.222,0.0,5070.94,8.0,95.29,0.9,,3,-89.858,4,55,9,822,0.517
11.178,10.186,0.0,5781.0,8.0,95.821,0.95,,3,-88.438,4,55,9,627,0.5152
11.57,10.52,0.0,9447.25,8.0,92.562,1.0,,5,-81.105,4,55,9,454,0.511
10.035,8.346,0.0,2368.94,8.0,96.665,0.8,,0,-95.262,5,55,5,819,0.525
10.267,8.493,0.0385,2295.88,8.0,97.709,0.85,,1,-95.408,5,55,6,673,0.523
10.87,9.891,0.0,2275.31,8.0,97.406,0.9,,1,-95.449,5,55,7,623,0.5104
10.98,9.734,0.0,2209.25,8.0,97.963,0.95,,1,-95.581,5,55,7,481,0.4969
11.57,10.52,0.0,4208.19,8.0,96.735,1.0,,4,-91.584,5,55,9,454,0.511
10.169,8.537,0.0,1938.0,8.0,97.41,0.8,,0,-96.124,6,55,4,566,0.523
10.256,8.539,0.0322,1892.06,8.0,98.192,0.85,,1,-96.216,6,55,6,662,0.5257
10.154,8.563,0.0,1888.13,8.0,97.973,0.9,,1,-96.224,6,55,6,532,0.5169
10.525,9.596,0.0,1999.25,8.0,98.332,0.95,,1,-96.001,6,55,7,465,0.5011
11.225,9.55,0.0,1879.38,8.0,97.767,1.0,,3,-96.241,6,55,7,342,0.4942
10.249,8.695,0.0,1666.75,8.0,97.901,0.8,,0,-96.667,7,55,3,466,0.5258
10.251,8.684,0.0461,1637.0,8.0,98.476,0.85,,1,-96.726,7,55,5,598,0.5251
10.124,8.522,0.0,1609.44,8.0,98.343,0.9,,1,-96.781,7,55,6,505,0.5248
10.473,9.591,0.0,1594.13,8.0,98.765,0.95,,1,-96.812,7,55,7,459,0.5011
10.694,9.335,0.0,1494.81,8.0,98.325,1.0,,2,-97.01,7,55,7,332,0.497
10.249,8.695,0.0,1391.12,8.0,98.333,0.8,,0,-97.218,8,55,3,466,0.5258
10.097,8.576,0.0,1245.44,8.0,98.886,0.85,,0,-97.509,8,55,5,556,0.5288
10.107,8.721,0.0,1466.38,8.0,98.523,0.9,,1,-97.067,8,55,6,475,0.5263
10.262,9.179,0.0,1485.19,8.0,98.95,0.95,,1,-97.03,8,55,6,399,0.5113
10.48,9.36,0.0,1458.06,8.0,98.452,1.0,,3,-97.084,8,55,7,320,0.5031
10.249,8.695,0.0,1391.12,8.0,98.333,0.8,,0,-97.218,9,55,3,466,0.5258
10.097,8.576,0.0,1245.44,8.0,98.886,0.85,,0,-97.509,9,55,5,556,0.5288
10.107,8.721,0.0,1466.38,8.0,98.523,0.9,,1,-97.067,9,55,6,475,0.5263
10.262,9.179,0.0,1485.19,8.0,98.95,0.95,,1,-97.03,9,55,6,399,0.5113
10.48,9.36,0.0,1458.06,8.0,98.452,1.0,,3,-97.084,9,55,7,320,0.5031
10.249,8.695,0.0,1391.12,8.0,98.333,0.8,,0,-97.218,10,55,3,466,0.5258
10.097,8.576,0.0,1245.44,8.0,98.886,0.85,,0,-97.509,10,55,5,556,0.5288
10.107,8.721,0.0,1466.38,8.0,98.523,0.9,,1,-97.067,10,55,6,475,0.5263
10.262,9.179,0.0,1485.19,8.0,98.95,0.95,,1,-97.03,10,55,6,399,0.5113
10.48,9.36,0.0,1458.06,8.0,98.452,1.0,,3,-97.084,10,55,7,320,0.5031
10.934,9.896,0.0554,25864.44,8.0,54.188,0.8,,1,-48.271,1,60,9,1644,0.5116
11.333,10.134,0.0827,35546.31,8.0,44.165,0.85,,3,-28.907,1,60,9,1083,0.5189
11.192,10.222,0.0451,39348.19,8.0,39.847,0.9,,4,-21.304,1,60,9,822,0.517
11.178,10.186,0.0,42299.56,8.0,44.422,0.95,,5,-15.401,1,60,9,627,0.5152
11.57,10.52,0.0,40432.31,8.0,41.324,1.0,,5,-19.135,1,60,9,454,0.511
10.934,9.896,0.0,9583.75,8.0,84.147,0.8,,0,-80.832,2,60,9,1644,0.5116
11.333,10.134,0.0539,16568.0,8.0,78.491,0.85,,2,-66.864,2,60,9,1083,0.5189
11.192,10.222,0.0065,18705.63,8.0,74.798,0.9,,3,-62.589,2,60,9,822,0.517
11.178,10.186,0.0,25454.5,8.0,74.502,0.95,,4,-49.091,2,60,9,627,0.5152
11.57,10.52,0.0,25261.56,8.0,70.76,1.0,,5,-49.477,2,60,9,454,0.511
10.654,9.537,0.0,3951.38,8.0,93.694,0.8,,0,-92.097,3,60,7,1277,0.5145
11.353,10.054,0.0267,3997.75,8.0,95.2,0.85,,1,-92.004,3,60,9,997,0.5186
11.192,10.222,0.0,8388.06,8.0,90.331,0.9,,2,-83.224,3,60,9,822,0.517
11.178,10.186,0.0,14248.38,8.0,88.098,0.95,,4,-71.503,3,60,9,627,0.5152
11.57,10.52,0.0,14853.88,8.0,84.83,1.0,,5,-70.292,3,60,9,454,0.511
10.15,8.389,0.0,2900.94,8.0,95.621,0.8,,0,-94.198,4,60,5,892,0.5213
11.175,9.754,0.0379,2458.19,8.0,97.331,0.85,,1,-95.084,4,60,7,850,0.5176
11.192,10.222,0.0,5070.94,8.0,95.29,0.9,,3,-89.858,4,60,9,822,0.517
11.178,10.186,0.0,5781.0,8.0,95.821,0.95,,3,-88.438,4,60,9,627,0.5152
11.57,10.52,0.0,9447.25,8.0,92.562,1.0,,5,-81.105,4,60,9,454,0.511
10.035,8.346,0.0,2368.94,8.0,96.665,0.8,,0,-95.262,5,60,5,819,0.525
10.267,8.493,0.0385,2295.88,8.0,97.709,0.85,,1,-95.408,5,60,6,673,0.523
10.87,9.891,0.0,2275.31,8.0,97.406,0.9,,1,-95.449,5,60,7,623,0.5104
10.98,9.734,0.0,2209.25,8.0,97.963,0.95,,1,-95.581,5,60,7,481,0.4969
11.57,10.52,0.0,4208.19,8.0,96.735,1.0,,4,-91.584,5,60,9,454,0.511
10.169,8.537,0.0,1938.0,8.0,97.41,0.8,,0,-96.124,6,60,4,566,0.523
10.256,8.539,0.0322,1892.06,8.0,98.192,0.85,,1,-96.216,6,60,6,662,0.5257
10.154,8.563,0.0,1888.13,8.0,97.973,0.9,,1,-96.224,6,60,6,532,0.5169
10.525,9.596,0.0,1999.25,8.0,98.332,0.95,,1,-96.001,6,60,7,465,0.5011
11.225,9.55,0.0,1879.38,8.0,97.767,1.0,,3,-96.241,6,60,7,342,0.4942
10.249,8.695,0.0,1666.75,8.0,97.901,0.8,,0,-96.667,7,60,3,466,0.5258
10.251,8.684,0.0461,1637.0,8.0,98.476,0.85,,1,-96.726,7,60,5,598,0.5251
10.124,8.522,0.0,1609.44,8.0,98.343,0.9,,1,-96.781,7,60,6,505,0.5248
10.473,9.591,0.0,1594.13,8.0,98.765,0.95,,1,-96.812,7,60,7,459,0.5011
10.694,9.335,0.0,1494.81,8.0,98.325,1.0,,2,-97.01,7,60,7,332,0.497
10.249,8.695,0.0,1391.12,8.0,98.333,0.8,,0,-97.218,8,60,3,466,0.5258
10.097,8.576,0.0,1245.44,8.0,98.886,0.85,,0,-97.509,8,60,5,556,0.5288
10.107,8.721,0.0,1466.38,8.0,98.523,0.9,,1,-97.067,8,60,6,475,0.5263
10.262,9.179,0.0,1485.19,8.0,98.95,0.95,,1,-97.03,8,60,6,399,0.5113
10.48,9.36,0.0,1458.06,8.0,98.452,1.0,,3,-97.084,8,60,7,320,0.5031
10.249,8.695,0.0,1391.12,8.0,98.333,0.8,,0,-97.218,9,60,3,466,0.5258
10.097,8.576,0.0,1245.44,8.0,98.886,0.85,,0,-97.509,9,60,5,556,0.5288
10.107,8.721,0.0,1466.38,8.0,98.523,0.9,,1,-97.067,9,60,6,475,0.5263
10.262,9.179,0.0,1485.19,8.0,98.95,0.95,,1,-97.03,9,60,6,399,0.5113
10.48,9.36,0.0,1458.06,8.0,98.452,1.0,,3,-97.084,9,60,7,320,0.5031
10.249,8.695,0.0,1391.12,8.0,98.333,0.8,,0,-97.218,10,60,3,466,0.5258
10.097,8.576,0.0,1245.44,8.0,98.886,0.85,,0,-97.509,10,60,5,556,0.5288
10.107,8.721,0.0,1466.38,8.0,98.523,0.9,,1,-97.067,10,60,6,475,0.5263
10.262,9.179,0.0,1485.19,8.0,98.95,0.95,,1,-97.03,10,60,6,399,0.5113
10.48,9.36,0.0,1458.06,8.0,98.452,1.0,,3,-97.084,10,60,7,320,0.5031
9.458,9.944,0.0,38664.37,8.5,40.255,0.8,,3,-22.671,1,5,9,1664,0.4832
9.75,10.34,0.0,42211.19,8.5,37.203,0.85,,3,-15.578,1,5,9,1094,0.4826
9.453,10.531,0.0,47981.38,8.5,31.778,0.9,,5,-4.037,1,5,9,831,0.4765
9.608,10.452,0.0006,39113.69,8.5,40.729,0.95,,4,-21.773,1,5,9,634,0.4716
10.074,10.786,0.0,44262.63,8.5,35.389,1.0,,6,-11.475,1,5,9,455,0.4769
9.458,9.944,0.0,18915.19,8.5,76.855,0.8,,2,-62.17,2,5,9,1664,0.4832
9.75,10.34,0.0,24866.94,8.5,72.02,0.85,,2,-50.266,2,5,9,1094,0.4826
9.453,10.531,0.0,32848.69,8.5,66.562,0.9,,4,-34.303,2,5,9,831,0.4765
9.608,10.452,0.0,30969.63,8.5,68.889,0.95,,4,-38.061,2,5,9,634,0.4716
10.074,10.786,0.0,34028.63,8.5,61.701,1.0,,6,-31.943,2,5,9,455,0.4769
9.458,9.944,0.0,5401.25,8.5,94.743,0.8,,2,-89.197,3,5,9,1664,0.4832
9.75,10.34,0.0,10502.06,8.5,89.298,0.85,,2,-78.996,3,5,9,1094,0.4826
9.453,10.531,0.0,17713.38,8.5,84.991,0.9,,4,-64.573,3,5,9,831,0.4765
9.608,10.452,0.0,16430.19,8.5,85.357,0.95,,4,-67.14,3,5,9,634,0.4716
10.074,10.786,0.0,22812.44,8.5,80.309,1.0,,6,-54.375,3,5,9,455,0.4769
9.158,9.55,0.0,3086.88,8.5,97.247,0.8,,2,-93.826,4,5,8,1323,0.4837
9.75,10.34,0.0,5389.0,8.5,95.282,0.85,,2,-89.222,4,5,9,1094,0.4826
9.453,10.531,0.0,7790.0,8.5,93.457,0.9,,3,-84.42,4,5,9,831,0.4765
9.608,10.452,0.0,10682.31,8.5,92.768,0.95,,4,-78.635,4,5,9,634,0.4716
10.074,10.786,0.0,13444.25,8.5,88.949,1.0,,6,-73.111,4,5,9,455,0.4769
8.306,8.276,0.0,2362.81,8.5,98.248,0.8,,2,-95.274,5,5,6,1012,0.4862
9.518,9.934,0.0,2380.75,8.5,97.444,0.85,,1,-95.238,5,5,7,838,0.4785
9.337,10.213,0.0,2369.81,8.5,97.186,0.9,,2,-95.26,5,5,7,637,0.4647
9.382,10.015,0.0,2470.0,8.5,97.632,0.95,,2,-95.06,5,5,7,488,0.4529
10.074,10.786,0.0,7532.75,8.5,94.466,1.0,,6,-84.934,5,5,9,455,0.4769
8.288,8.276,0.0,2077.13,8.5,98.659,0.8,,1,-95.846,6,5,6,1008,0.4881
8.611,8.631,0.0,1956.81,8.5,98.03,0.85,,1,-96.086,6,5,6,681,0.4787
9.003,10.103,0.0,2092.44,8.5,97.638,0.9,,2,-95.815,6,5,7,617,0.47
9.263,10.015,0.0,2039.06,8.5,98.213,0.95,,2,-95.922,6,5,7,483,0.4555
10.074,10.786,0.0,4000.81,8.5,97.261,1.0,,5,-91.998,6,5,9,455,0.4769
8.054,8.281,0.0,1735.0,8.5,99.02,0.8,,1,-96.53,7,5,5,838,0.4821
8.608,8.665,0.0,1767.81,8.5,98.365,0.85,,1,-96.464,7,5,6,675,0.48
8.472,8.815,0.0,1811.56,8.5,98.092,0.9,,2,-96.377,7,5,6,539,0.4675
9.263,10.015,0.0,807.5,8.5,99.356,0.95,,2,-98.385,7,5,7,483,0.4555
9.603,9.822,0.0,1802.38,8.5,97.96,1.0,,3,-96.395,7,5,7,342,0.4561
8.157,8.159,0.0,1443.63,8.5,99.266,0.8,,1,-97.113,8,5,4,555,0.4829
8.346,8.612,0.0,1546.88,8.5,98.624,0.85,,1,-96.906,8,5,5,574,0.4739
8.393,8.744,0.0,1458.06,8.5,98.521,0.9,,2,-97.084,8,5,6,518,0.473
8.859,9.873,0.0,1434.44,8.5,98.923,0.95,,2,-97.131,8,5,7,472,0.4555
9.581,9.822,0.0,889.75,8.5,99.063,1.0,,3,-98.22,8,5,7,341,0.4575
8.157,8.159,0.0,1400.75,8.5,99.336,0.8,,1,-97.198,9,5,4,555,0.4829
8.36,8.659,0.0,1413.0,8.5,98.765,0.85,,1,-97.174,9,5,5,564,0.4734
8.397,8.767,0.0,1247.19,8.5,98.745,0.9,,1,-97.506,9,5,6,511,0.4755
8.547,9.495,0.0,1402.06,8.5,98.988,0.95,,2,-97.196,9,5,6,410,0.4561
9.063,9.596,0.0,1306.69,8.5,98.659,1.0,,3,-97.387,9,5,7,333,0.4565
8.157,8.159,0.0,1400.75,8.5,99.336,0.8,,1,-97.198,10,5,4,555,0.4829
8.36,8.659,0.0,1413.0,8.5,98.765,0.85,,1,-97.174,10,5,5,564,0.4734
8.397,8.767,0.0,1247.19,8.5,98.745,0.9,,1,-97.506,10,5,6,511,0.4755
8.547,9.495,0.0,1402.06,8.5,98.988,0.95,,2,-97.196,10,5,6,410,0.4561
9.063,9.596,0.0,1306.69,8.5,98.659,1.0,,3,-97.387,10,5,7,333,0.4565
10.979,9.84,0.068,34152.0,8.5,44.133,0.8,,2,-31.696,1,10,9,1634,0.522
11.453,10.215,0.0852,37773.62,8.5,39.146,0.85,,2,-24.453,1,10,9,1079,0.5264
11.306,10.313,0.0,46971.62,8.5,32.075,0.9,,5,-6.057,1,10,9,820,0.5268
11.229,10.25,0.0,49786.06,8.5,39.84,0.95,,5,-0.428,1,10,9,626,0.5256
11.677,10.494,0.0,48106.5,8.5,33.856,1.0,,6,-3.787,1,10,9,453,0.5276
10.979,9.84,0.0008,14905.5,8.5,80.838,0.8,,2,-70.189,2,10,9,1634,0.522
11.453,10.215,0.0338,23769.25,8.5,71.18,0.85,,3,-52.462,2,10,9,1079,0.5264
11.306,10.313,0.0,33749.5,8.5,62.965,0.9,,5,-32.501,2,10,9,820,0.5268
11.229,10.25,0.0,39710.44,8.5,68.146,0.95,,4,-20.579,2,10,9,626,0.5256
11.677,10.494,0.0,41836.25,8.5,59.197,1.0,,6,-16.327,2,10,9,453,0.5276
10.979,9.84,0.0,6277.13,8.5,93.227,0.8,,2,-87.446,3,10,9,1634,0.522
11.453,10.215,0.0151,10912.0,8.5,89.193,0.85,,2,-78.176,3,10,9,1079,0.5264
11.306,10.313,0.0,18125.94,8.5,82.92,0.9,,4,-63.748,3,10,9,820,0.5268
11.229,10.25,0.0,26502.75,8.5,83.729,0.95,,4,-46.995,3,10,9,626,0.5256
11.677,10.494,0.0,27473.13,8.5,78.412,1.0,,6,-45.054,3,10,9,453,0.5276
10.706,9.492,0.0,2445.94,8.5,97.566,0.8,,2,-95.108,4,10,7,1264,0.5277
11.514,10.136,0.0124,3164.31,8.5,96.763,0.85,,1,-93.671,4,10,9,992,0.5282
11.306,10.313,0.0,10314.37,8.5,91.391,0.9,,4,-79.371,4,10,9,820,0.5268
11.229,10.25,0.0,14443.06,8.5,92.598,0.95,,4,-71.114,4,10,9,626,0.5256
11.677,10.494,0.0,16035.56,8.5,88.091,1.0,,6,-67.929,4,10,9,453,0.5276
9.999,8.251,0.0,2456.44,8.5,97.823,0.8,,2,-95.087,5,10,6,985,0.533
11.185,9.848,0.0377,2342.25,8.5,97.778,0.85,,1,-95.315,5,10,7,824,0.5267
11.401,10.291,0.0,2490.13,8.5,96.835,0.9,,2,-95.02,5,10,9,757,0.5271
11.229,10.25,0.0,6286.31,8.5,96.512,0.95,,3,-87.427,5,10,9,626,0.5256
11.677,10.494,0.0,8297.94,8.5,94.15,1.0,,5,-83.404,5,10,9,453,0.5276
9.825,8.253,0.0,2033.38,8.5,98.393,0.8,,0,-95.933,6,10,5,813,0.5326
10.884,9.735,0.0,1878.06,8.5,98.328,0.85,,0,-96.244,6,10,7,787,0.5299
11.014,10.019,0.0,2024.19,8.5,97.587,0.9,,2,-95.952,6,10,7,622,0.5209
11.015,9.8,0.0,1943.25,8.5,98.427,0.95,,2,-96.114,6,10,7,477,0.5115
11.677,10.494,0.0,4562.56,8.5,96.788,1.0,,4,-90.875,6,10,9,453,0.5276
9.824,8.271,0.0,1747.69,8.5,98.752,0.8,,0,-96.505,7,10,5,810,0.5333
10.394,8.662,0.0,1806.75,8.5,98.424,0.85,,0,-96.386,7,10,6,662,0.5332
10.67,9.95,0.0,1788.38,8.5,98.0,0.9,,2,-96.423,7,10,7,604,0.5248
10.979,9.8,0.0,1647.06,8.5,98.788,0.95,,2,-96.706,7,10,7,475,0.5137
11.316,9.53,0.0,1748.13,8.5,98.094,1.0,,3,-96.504,7,10,7,343,0.5131
9.956,8.425,0.0,1564.38,8.5,98.953,0.8,,0,-96.871,8,10,4,555,0.5351
10.404,8.816,0.0,1571.38,8.5,98.681,0.85,,0,-96.857,8,10,6,609,0.5304
10.233,8.655,0.0,1486.94,8.5,98.442,0.9,,2,-97.026,8,10,6,514,0.5292
10.511,9.664,0.0,1539.44,8.5,98.959,0.95,,2,-96.921,8,10,7,458,0.5153
11.248,9.528,0.0,1473.81,8.5,98.486,1.0,,3,-97.052,8,10,7,339,0.5162
9.956,8.425,0.0,1405.56,8.5,99.088,0.8,,0,-97.189,9,10,4,555,0.5351
10.111,8.664,0.0,1288.31,8.5,98.957,0.85,,0,-97.423,9,10,5,551,0.5299
10.188,8.655,0.0,1438.81,8.5,98.53,0.9,,2,-97.122,9,10,6,511,0.5323
10.511,9.664,0.0,1455.87,8.5,99.045,0.95,,2,-97.088,9,10,7,458,0.5153
11.248,9.528,0.0,917.75,8.5,99.085,1.0,,3,-98.164,9,10,7,339,0.5162
9.956,8.425,0.0,1405.56,8.5,99.088,0.8,,0,-97.189,10,10,4,555,0.5351
10.111,8.664,0.0,1288.31,8.5,98.957,0.85,,0,-97.423,10,10,5,551,0.5299
10.188,8.655,0.0,1438.81,8.5,98.53,0.9,,2,-97.122,10,10,6,511,0.5323
10.511,9.664,0.0,1455.87,8.5,99.045,0.95,,2,-97.088,10,10,7,458,0.5153
11.248,9.528,0.0,917.75,8.5,99.085,1.0,,3,-98.164,10,10,7,339,0.5162
11.153,9.835,0.0746,32805.37,8.5,45.374,0.8,,3,-34.389,1,15,9,1631,0.5267
11.669,10.165,0.1092,36660.19,8.5,39.42,0.85,,2,-26.68,1,15,9,1076,0.5307
11.519,10.255,0.0,47098.5,8.5,33.347,0.9,,6,-5.803,1,15,9,819,0.5311
11.395,10.239,0.0,47582.38,8.5,41.019,0.95,,5,-4.835,1,15,9,626,0.5272
11.777,10.494,0.0,46335.94,8.5,34.401,1.0,,6,-7.328,1,15,9,453,0.5276
11.153,9.835,0.0,14864.81,8.5,79.348,0.8,,2,-70.27,2,15,9,1631,0.5267
11.669,10.165,0.0503,22791.44,8.5,72.603,0.85,,3,-54.417,2,15,9,1076,0.5307
11.519,10.255,0.0,31585.62,8.5,63.181,0.9,,5,-36.829,2,15,9,819,0.5311
11.395,10.239,0.0,36346.06,8.5,69.598,0.95,,5,-27.308,2,15,9,626,0.5272
11.777,10.494,0.0,34106.06,8.5,62.769,1.0,,6,-31.788,2,15,9,453,0.5276
11.153,9.835,0.0,6096.44,8.5,92.723,0.8,,2,-87.807,3,15,9,1631,0.5267
11.669,10.165,0.0417,10527.88,8.5,89.357,0.85,,3,-78.944,3,15,9,1076,0.5307
11.519,10.255,0.0,13353.69,8.5,85.011,0.9,,3,-73.293,3,15,9,819,0.5311
11.395,10.239,0.0,24086.88,8.5,84.674,0.95,,4,-51.826,3,15,9,626,0.5272
11.777,10.494,0.0,27408.81,8.5,77.848,1.0,,6,-45.182,3,15,9,453,0.5276
10.866,9.494,0.0,2374.63,8.5,97.337,0.8,,1,-95.251,4,15,7,1261,0.5329
11.695,10.088,0.0167,3090.38,8.5,96.782,0.85,,1,-93.819,4,15,9,989,0.5319
11.519,10.255,0.0,6700.19,8.5,92.355,0.9,,3,-86.6,4,15,9,819,0.5311
11.395,10.239,0.0,11641.75,8.5,92.964,0.95,,4,-76.716,4,15,9,626,0.5272
11.777,10.494,0.0,16793.75,8.5,87.753,1.0,,6,-66.412,4,15,9,453,0.5276
10.178,8.248,0.0026,2543.06,8.5,97.442,0.8,,1,-94.914,5,15,6,982,0.5397
11.363,9.792,0.0,2290.63,8.5,97.806,0.85,,0,-95.419,5,15,7,821,0.5311
11.292,9.955,0.0096,2521.19,8.5,96.551,0.9,,2,-94.958,5,15,7,628,0.5207
11.395,10.239,0.0,6229.88,8.5,96.192,0.95,,3,-87.54,5,15,9,626,0.5272
11.777,10.494,0.0,6340.13,8.5,94.615,1.0,,5,-87.32,5,15,9,453,0.5276
10.002,8.318,0.0287,2099.0,8.5,98.061,0.8,,1,-95.802,6,15,5,817,0.5361
11.293,9.782,0.0,2074.06,8.5,98.111,0.85,,0,-95.852,6,15,7,807,0.5328
11.194,9.956,0.0087,2085.44,8.5,97.319,0.9,,2,-95.829,6,15,7,620,0.5258
11.211,9.801,0.0,1886.81,8.5,98.344,0.95,,2,-96.226,6,15,7,480,0.5104
11.876,10.352,0.0,2096.38,8.5,97.484,1.0,,3,-95.807,6,15,9,418,0.5239
9.975,8.305,0.0371,1735.0,8.5,98.476,0.8,,1,-96.53,7,15,5,807,0.5403
10.6,8.615,0.0,1726.25,8.5,98.452,0.85,,0,-96.547,7,15,6,655,0.5389
10.863,9.886,0.0,1707.44,8.5,97.921,0.9,,1,-96.585,7,15,7,603,0.529
11.107,9.8,0.0,1659.75,8.5,98.673,0.95,,2,-96.68,7,15,7,475,0.5137
11.351,9.528,0.0,1186.38,8.5,98.668,1.0,,3,-97.627,7,15,7,339,0.5162
9.892,8.195,0.0316,1580.56,8.5,98.678,0.8,,1,-96.839,8,15,5,706,0.5425
10.62,8.747,0.0,1463.75,8.5,98.684,0.85,,0,-97.072,8,15,6,606,0.5363
10.414,8.589,0.0,1545.56,8.5,98.216,0.9,,0,-96.909,8,15,6,510,0.5373
10.644,9.664,0.0,1571.38,8.5,98.829,0.95,,2,-96.857,8,15,7,458,0.5153
11.351,9.528,0.0,1189.0,8.5,98.736,1.0,,3,-97.622,8,15,7,339,0.5162
10.167,8.486,0.0,1356.56,8.5,98.878,0.8,,0,-97.287,9,15,4,558,0.5394
10.25,8.646,0.0,1457.19,8.5,98.688,0.85,,0,-97.086,9,15,5,547,0.5356
10.445,8.62,0.0086,1219.19,8.5,98.617,0.9,,1,-97.562,9,15,6,501,0.5409
10.644,9.664,0.0,1429.19,8.5,98.963,0.95,,2,-97.142,9,15,7,458,0.5153
10.809,9.32,0.0,1340.38,8.5,98.617,1.0,,3,-97.319,9,15,7,331,0.5166
10.167,8.486,0.0,1356.56,8.5,98.878,0.8,,0,-97.287,10,15,4,558,0.5394
10.25,8.646,0.0,1457.19,8.5,98.688,0.85,,0,-97.086,10,15,5,547,0.5356
10.445,8.62,0.0086,1219.19,8.5,98.617,0.9,,1,-97.562,10,15,6,501,0.5409
10.644,9.664,0.0,1429.19,8.5,98.963,0.95,,2,-97.142,10,15,7,458,0.5153
10.809,9.32,0.0,1340.38,8.5,98.617,1.0,,3,-97.319,10,15,7,331,0.5166
11.209,9.868,0.0876,34928.12,8.5,41.123,0.8,,4,-30.144,1,20,9,1630,0.5282
11.745,10.164,0.1204,34029.5,8.5,44.158,0.85,,2,-31.941,1,20,9,1075,0.5321
11.601,10.271,0.0,46627.75,8.5,33.38,0.9,,5,-6.745,1,20,9,818,0.5318
11.503,10.26,0.0,48201.0,8.5,41.293,0.95,,5,-3.598,1,20,9,625,0.528
11.932,10.496,0.0,46198.56,8.5,34.474,1.0,,6,-7.603,1,20,9,453,0.5298
11.209,9.868,0.0,15249.38,8.5,78.448,0.8,,2,-69.501,2,20,9,1630,0.5282
11.745,10.164,0.0518,22858.81,8.5,72.704,0.85,,3,-54.282,2,20,9,1075,0.5321
11.601,10.271,0.0,30225.0,8.5,63.396,0.9,,4,-39.55,2,20,9,818,0.5318
11.503,10.26,0.0,34855.94,8.5,69.863,0.95,,4,-30.288,2,20,9,625,0.528
11.932,10.496,0.0,34219.38,8.5,62.358,1.0,,6,-31.561,2,20,9,453,0.5298
11.209,9.868,0.0,5033.75,8.5,94.246,0.8,,2,-89.932,3,20,9,1630,0.5282
11.745,10.164,0.0466,10408.44,8.5,89.489,0.85,,3,-79.183,3,20,9,1075,0.5321
11.601,10.271,0.0,17666.56,8.5,82.446,0.9,,4,-64.667,3,20,9,818,0.5318
11.503,10.26,0.0,23872.5,8.5,84.209,0.95,,4,-52.255,3,20,9,625,0.528
11.932,10.496,0.0,24916.38,8.5,77.779,1.0,,6,-50.167,3,20,9,453,0.5298
10.914,9.51,0.0,3047.5,8.5,96.566,0.8,,1,-93.905,4,20,8,1296,0.5316
11.785,10.088,0.0203,2963.06,8.5,96.905,0.85,,1,-94.074,4,20,9,986,0.5345
11.601,10.271,0.0,6698.0,8.5,91.936,0.9,,3,-86.604,4,20,9,818,0.5318
11.503,10.26,0.0,11640.0,8.5,92.495,0.95,,4,-76.72,4,20,9,625,0.528
11.932,10.496,0.0,12713.19,8.5,88.712,1.0,,5,-74.574,4,20,9,453,0.5298
10.74,9.47,0.0,2406.56,8.5,97.582,0.8,,1,-95.187,5,20,7,1208,0.5373
11.461,9.793,0.0,2293.25,8.5,97.799,0.85,,0,-95.413,5,20,7,820,0.5329
11.396,9.977,0.0239,2387.75,8.5,96.708,0.9,,2,-95.224,5,20,7,627,0.5215
11.503,10.26,0.0,6212.38,8.5,96.078,0.95,,3,-87.575,5,20,9,625,0.528
11.932,10.496,0.0,6297.69,8.5,94.558,1.0,,5,-87.405,5,20,9,453,0.5298
10.291,8.307,0.0025,1985.69,8.5,98.134,0.8,,1,-96.029,6,20,6,978,0.544
11.393,9.783,0.0,2001.44,8.5,98.176,0.85,,0,-95.997,6,20,7,806,0.5347
11.025,9.872,0.0224,2045.63,8.5,97.313,0.9,,2,-95.909,6,20,7,606,0.5297
11.277,9.829,0.0,2113.88,8.5,98.143,0.95,,2,-95.772,6,20,7,476,0.5126
12.043,10.355,0.0,2123.06,8.5,97.439,1.0,,3,-95.754,6,20,9,418,0.5263
10.083,8.376,0.0352,1740.69,8.5,98.461,0.8,,1,-96.519,7,20,5,806,0.5434
10.72,8.619,0.0,1803.69,8.5,98.351,0.85,,0,-96.393,7,20,6,654,0.5413
10.591,8.681,0.0136,1773.06,8.5,97.794,0.9,,1,-96.454,7,20,6,528,0.5322
11.244,9.829,0.0,1361.38,8.5,98.891,0.95,,2,-97.277,7,20,7,474,0.5148
11.564,9.535,0.0,1729.31,8.5,98.013,1.0,,3,-96.541,7,20,7,340,0.5176
10.028,8.276,0.0305,1577.5,8.5,98.673,0.8,,1,-96.845,8,20,5,706,0.5453
10.749,8.751,0.0,1482.56,8.5,98.633,0.85,,0,-97.035,8,20,6,605,0.5388
10.543,8.614,0.0026,1527.63,8.5,98.191,0.9,,1,-96.945,8,20,6,509,0.5383
10.785,9.693,0.0,1511.44,8.5,98.836,0.95,,2,-96.977,8,20,7,457,0.5164
11.55,9.535,0.0,1426.56,8.5,98.453,1.0,,3,-97.147,8,20,7,339,0.5192
10.188,8.542,0.0698,1430.5,8.5,98.813,0.8,,1,-97.139,9,20,4,558,0.5394
10.422,8.651,0.0,1248.5,8.5,98.817,0.85,,0,-97.503,9,20,5,548,0.5365
10.569,8.645,0.0,1466.81,8.5,98.297,0.9,,0,-97.066,9,20,6,501,0.5409
10.785,9.693,0.0,1403.38,8.5,98.95,0.95,,2,-97.193,9,20,7,457,0.5164
11.01,9.329,0.0,1370.56,8.5,98.545,1.0,,3,-97.259,9,20,7,331,0.5196
10.188,8.542,0.0698,1430.5,8.5,98.813,0.8,,1,-97.139,10,20,4,558,0.5394
10.422,8.651,0.0,1248.5,8.5,98.817,0.85,,0,-97.503,10,20,5,548,0.5365
10.569,8.645,0.0,1466.81,8.5,98.297,0.9,,0,-97.066,10,20,6,501,0.5409
10.785,9.693,0.0,1403.38,8.5,98.95,0.95,,2,-97.193,10,20,7,457,0.5164
11.01,9.329,0.0,1370.56,8.5,98.545,1.0,,3,-97.259,10,20,7,331,0.5196
11.326,9.889,0.0631,34045.69,8.5,41.002,0.8,,2,-31.909,1,25,9,1628,0.5289
11.798,10.135,0.1197,32904.69,8.5,46.094,0.85,,2,-34.191,1,25,9,1074,0.5326
11.66,10.232,0.0,46640.44,8.5,32.909,0.9,,6,-6.719,1,25,9,817,0.5324
11.586,10.209,0.0,45222.06,8.5,40.319,0.95,,4,-9.556,1,25,9,624,0.5288
11.975,10.496,0.0,46267.25,8.5,34.392,1.0,,6,-7.465,1,25,9,453,0.5298
11.326,9.889,0.0336,14647.38,8.5,77.107,0.8,,1,-70.705,2,25,9,1628,0.5289
11.798,10.135,0.079,18367.44,8.5,75.891,0.85,,3,-63.265,2,25,9,1074,0.5326
11.66,10.232,0.0,27652.06,8.5,65.504,0.9,,4,-44.696,2,25,9,817,0.5324
11.586,10.209,0.0,33673.81,8.5,68.937,0.95,,4,-32.652,2,25,9,624,0.5288
11.975,10.496,0.0,34153.31,8.5,61.543,1.0,,5,-31.693,2,25,9,453,0.5298
11.326,9.889,0.0298,5814.25,8.5,91.771,0.8,,1,-88.371,3,25,9,1628,0.5289
11.798,10.135,0.0753,7627.69,8.5,91.389,0.85,,3,-84.745,3,25,9,1074,0.5326
11.66,10.232,0.0,17733.94,8.5,81.081,0.9,,4,-64.532,3,25,9,817,0.5324
11.586,10.209,0.0,19451.56,8.5,85.193,0.95,,4,-61.097,3,25,9,624,0.5288
11.975,10.496,0.0,23443.31,8.5,78.649,1.0,,5,-53.113,3,25,9,453,0.5298
11.074,9.55,0.0314,3088.63,8.5,95.622,0.8,,1,-93.823,4,25,8,1284,0.5335
11.844,10.056,0.026,2999.38,8.5,96.867,0.85,,1,-94.001,4,25,9,985,0.535
11.66,10.232,0.0249,6771.06,8.5,92.585,0.9,,2,-86.458,4,25,9,817,0.5324
11.586,10.209,0.0,11732.31,8.5,92.655,0.95,,4,-76.535,4,25,9,624,0.5288
11.975,10.496,0.0,12710.56,8.5,88.716,1.0,,5,-74.579,4,25,9,453,0.5298
10.468,8.341,0.0473,2388.19,8.5,96.88,0.8,,1,-95.224,5,25,6,980,0.5429
11.513,9.754,0.0,2524.69,8.5,97.576,0.85,,0,-94.951,5,25,7,818,0.5342
11.47,9.925,0.0293,2378.56,8.5,96.721,0.9,,1,-95.243,5,25,7,626,0.5224
11.586,10.209,0.0,4589.69,8.5,96.981,0.95,,2,-90.821,5,25,9,624,0.5288
11.975,10.496,0.0,6847.63,8.5,94.67,1.0,,5,-86.305,5,25,9,453,0.5298
10.316,8.399,0.0485,2106.44,8.5,97.432,0.8,,1,-95.787,6,25,5,811,0.5413
10.794,8.525,0.0,1963.38,8.5,98.21,0.85,,0,-96.073,6,25,6,663,0.54
11.102,9.819,0.0203,1976.5,8.5,97.404,0.9,,1,-96.047,6,25,7,605,0.5306
11.36,9.759,0.0,2106.0,8.5,98.15,0.95,,1,-95.788,6,25,7,474,0.5148
11.975,10.496,0.0,3981.56,8.5,97.047,1.0,,4,-92.037,6,25,9,453,0.5298
10.32,8.417,0.0237,1818.56,8.5,97.933,0.8,,1,-96.363,7,25,5,804,0.5448
10.805,8.571,0.0,1799.31,8.5,98.355,0.85,,0,-96.401,7,25,6,653,0.5421
10.675,8.553,0.0,1674.19,8.5,97.917,0.9,,0,-96.652,7,25,6,511,0.5362
11.35,9.759,0.0,769.44,8.5,99.373,0.95,,1,-98.461,7,25,7,473,0.5159
11.619,9.535,0.0,1697.38,8.5,98.05,1.0,,3,-96.605,7,25,7,340,0.5176
10.495,8.556,0.0203,1574.44,8.5,98.309,0.8,,1,-96.851,8,25,4,539,0.5417
10.523,8.593,0.0,1338.19,8.5,98.766,0.85,,0,-97.324,8,25,5,547,0.5375
10.662,8.583,0.0,1577.06,8.5,98.132,0.9,,0,-96.846,8,25,6,500,0.542
10.893,9.621,0.0,1592.81,8.5,98.773,0.95,,1,-96.814,8,25,7,456,0.5175
11.606,9.535,0.0,912.06,8.5,99.011,1.0,,3,-98.176,8,25,7,339,0.5192
10.616,8.149,0.0,1399.0,8.5,98.557,0.8,,0,-97.202,9,25,3,336,0.5417
10.495,8.593,0.0,1349.13,8.5,98.722,0.85,,0,-97.302,9,25,5,546,0.5385
10.671,8.583,0.0,1200.38,8.5,98.606,0.9,,0,-97.599,9,25,6,499,0.5431
10.765,9.245,0.0,1400.75,8.5,98.952,0.95,,1,-97.198,9,25,6,399,0.5238
11.067,9.329,0.0,1357.0,8.5,98.559,1.0,,3,-97.286,9,25,7,331,0.5196
10.616,8.149,0.0,1399.0,8.5,98.557,0.8,,0,-97.202,10,25,3,336,0.5417
10.495,8.593,0.0,1349.13,8.5,98.722,0.85,,0,-97.302,10,25,5,546,0.5385
10.671,8.583,0.0,1200.38,8.5,98.606,0.9,,0,-97.599,10,25,6,499,0.5431
10.765,9.245,0.0,1400.75,8.5,98.952,0.95,,1,-97.198,10,25,6,399,0.5238
11.067,9.329,0.0,1357.0,8.5,98.559,1.0,,3,-97.286,10,25,7,331,0.5196
11.355,9.886,0.0692,33725.0,8.5,39.497,0.8,,2,-32.55,1,30,9,1628,0.5289
11.808,10.135,0.1145,33490.94,8.5,45.594,0.85,,2,-33.018,1,30,9,1074,0.5326
11.673,10.232,0.0688,43273.0,8.5,33.457,0.9,,5,-13.454,1,30,9,817,0.5324
11.586,10.209,0.0,45222.06,8.5,40.319,0.95,,4,-9.556,1,30,9,624,0.5288
11.975,10.496,0.0,46267.25,8.5,34.392,1.0,,6,-7.465,1,30,9,453,0.5298
11.355,9.886,0.062,14328.44,8.5,77.705,0.8,,2,-71.343,2,30,9,1628,0.5289
11.808,10.135,0.0762,18496.5,8.5,75.898,0.85,,3,-63.007,2,30,9,1074,0.5326
11.673,10.232,0.0036,27576.81,8.5,65.384,0.9,,3,-44.846,2,30,9,817,0.5324
11.586,10.209,0.0,33673.81,8.5,68.937,0.95,,4,-32.652,2,30,9,624,0.5288
11.975,10.496,0.0,34153.31,8.5,61.543,1.0,,5,-31.693,2,30,9,453,0.5298
11.355,9.886,0.043,6211.5,8.5,91.097,0.8,,2,-87.577,3,30,9,1628,0.5289
11.808,10.135,0.073,7648.69,8.5,91.364,0.85,,3,-84.703,3,30,9,1074,0.5326
11.673,10.232,0.0161,13358.5,8.5,83.622,0.9,,3,-73.283,3,30,9,817,0.5324
11.586,10.209,0.0,19451.56,8.5,85.193,0.95,,4,-61.097,3,30,9,624,0.5288
11.975,10.496,0.0,23443.31,8.5,78.649,1.0,,5,-53.113,3,30,9,453,0.5298
11.111,9.545,0.025,3070.25,8.5,95.648,0.8,,1,-93.859,4,30,8,1284,0.5335
11.855,10.056,0.0261,2987.13,8.5,96.88,0.85,,1,-94.026,4,30,9,985,0.535
11.673,10.232,0.0287,6690.13,8.5,92.428,0.9,,2,-86.62,4,30,9,817,0.5324
11.586,10.209,0.0,11732.31,8.5,92.655,0.95,,4,-76.535,4,30,9,624,0.5288
11.975,10.496,0.0,12710.56,8.5,88.716,1.0,,5,-74.579,4,30,9,453,0.5298
10.517,8.335,0.0469,2368.5,8.5,96.905,0.8,,1,-95.263,5,30,6,980,0.5429
11.526,9.754,0.0,2445.5,8.5,97.652,0.85,,0,-95.109,5,30,7,818,0.5342
11.419,9.925,0.0286,2484.88,8.5,96.574,0.9,,1,-95.03,5,30,7,621,0.525
11.586,10.209,0.0,4589.69,8.5,96.981,0.95,,2,-90.821,5,30,9,624,0.5288
11.975,10.496,0.0,6847.63,8.5,94.67,1.0,,5,-86.305,5,30,9,453,0.5298
10.375,8.411,0.0,2047.81,8.5,97.504,0.8,,0,-95.904,6,30,5,806,0.5434
10.804,8.525,0.0,2070.13,8.5,98.113,0.85,,0,-95.86,6,30,6,662,0.5408
11.111,9.819,0.0203,2067.5,8.5,97.285,0.9,,1,-95.865,6,30,7,604,0.5315
11.36,9.759,0.0,2106.0,8.5,98.15,0.95,,1,-95.788,6,30,7,474,0.5148
11.975,10.496,0.0,3981.56,8.5,97.047,1.0,,4,-92.037,6,30,9,453,0.5298
10.378,8.409,0.0239,1654.94,8.5,98.119,0.8,,1,-96.69,7,30,5,801,0.5456
10.83,8.571,0.0,1746.81,8.5,98.403,0.85,,0,-96.506,7,30,6,652,0.5429
10.696,8.553,0.0,1665.88,8.5,97.927,0.9,,0,-96.668,7,30,6,511,0.5362
11.35,9.759,0.0,769.44,8.5,99.373,0.95,,1,-98.461,7,30,7,473,0.5159
11.619,9.535,0.0,1697.38,8.5,98.05,1.0,,3,-96.605,7,30,7,340,0.5176
10.504,8.556,0.0,1577.06,8.5,98.307,0.8,,0,-96.846,8,30,4,539,0.5436
10.515,8.593,0.0,1540.31,8.5,98.58,0.85,,0,-96.919,8,30,5,546,0.5385
10.664,8.553,0.0,1515.38,8.5,98.205,0.9,,0,-96.969,8,30,6,507,0.5404
10.893,9.621,0.0,1592.81,8.5,98.773,0.95,,1,-96.814,8,30,7,456,0.5175
11.606,9.535,0.0,912.06,8.5,99.011,1.0,,3,-98.176,8,30,7,339,0.5192
10.486,8.547,0.0088,1471.63,8.5,98.482,0.8,,1,-97.057,9,30,4,537,0.5438
10.511,8.593,0.0,1448.0,8.5,98.628,0.85,,0,-97.104,9,30,5,545,0.5394
10.693,8.583,0.0,1181.56,8.5,98.628,0.9,,0,-97.637,9,30,6,499,0.5431
10.765,9.245,0.0,1400.75,8.5,98.952,0.95,,1,-97.198,9,30,6,399,0.5238
11.067,9.329,0.0,1357.0,8.5,98.559,1.0,,3,-97.286,9,30,7,331,0.5196
10.486,8.547,0.0088,1471.63,8.5,98.482,0.8,,1,-97.057,10,30,4,537,0.5438
10.511,8.593,0.0,1448.0,8.5,98.628,0.85,,0,-97.104,10,30,5,545,0.5394
10.693,8.583,0.0,1181.56,8.5,98.628,0.9,,0,-97.637,10,30,6,499,0.5431
10.765,9.245,0.0,1400.75,8.5,98.952,0.95,,1,-97.198,10,30,6,399,0.5238
11.067,9.329,0.0,1357.0,8.5,98.559,1.0,,3,-97.286,10,30,7,331,0.5196
11.355,9.886,0.0692,33725.0,8.5,39.497,0.8,,2,-32.55,1,35,9,1628,0.5289
11.808,10.135,0.1145,33490.94,8.5,45.594,0.85,,2,-33.018,1,35,9,1074,0.5326
11.673,10.232,0.0688,43273.0,8.5,33.457,0.9,,5,-13.454,1,35,9,817,0.5324
11.586,10.209,0.0,45222.06,8.5,40.319,0.95,,4,-9.556,1,35,9,624,0.5288
11.975,10.496,0.0,46267.25,8.5,34.392,1.0,,6,-7.465,1,35,9,453,0.5298
11.355,9.886,0.062,14328.44,8.5,77.705,0.8,,2,-71.343,2,35,9,1628,0.5289
11.808,10.135,0.0762,18496.5,8.5,75.898,0.85,,3,-63.007,2,35,9,1074,0.5326
11.673,10.232,0.0036,27576.81,8.5,65.384,0.9,,3,-44.846,2,35,9,817,0.5324
11.586,10.209,0.0,33673.81,8.5,68.937,0.95,,4,-32.652,2,35,9,624,0.5288
11.975,10.496,0.0,34153.31,8.5,61.543,1.0,,5,-31.693,2,35,9,453,0.5298
11.355,9.886,0.043,6211.5,8.5,91.097,0.8,,2,-87.577,3,35,9,1628,0.5289
11.808,10.135,0.073,7648.69,8.5,91.364,0.85,,3,-84.703,3,35,9,1074,0.5326
11.673,10.232,0.0161,13358.5,8.5,83.622,0.9,,3,-73.283,3,35,9,817,0.5324
11.586,10.209,0.0,19451.56,8.5,85.193,0.95,,4,-61.097,3,35,9,624,0.5288
11.975,10.496,0.0,23443.31,8.5,78.649,1.0,,5,-53.113,3,35,9,453,0.5298
11.111,9.545,0.025,3070.25,8.5,95.648,0.8,,1,-93.859,4,35,8,1284,0.5335
11.855,10.056,0.0261,2987.13,8.5,96.88,0.85,,1,-94.026,4,35,9,985,0.535
11.673,10.232,0.0287,6690.13,8.5,92.428,0.9,,2,-86.62,4,35,9,817,0.5324
11.586,10.209,0.0,11732.31,8.5,92.655,0.95,,4,-76.535,4,35,9,624,0.5288
11.975,10.496,0.0,12710.56,8.5,88.716,1.0,,5,-74.579,4,35,9,453,0.5298
10.517,8.335,0.0469,2368.5,8.5,96.905,0.8,,1,-95.263,5,35,6,980,0.5429
11.526,9.754,0.0,2445.5,8.5,97.652,0.85,,0,-95.109,5,35,7,818,0.5342
11.419,9.925,0.0286,2484.88,8.5,96.574,0.9,,1,-95.03,5,35,7,621,0.525
11.586,10.209,0.0,4589.69,8.5,96.981,0.95,,2,-90.821,5,35,9,624,0.5288
11.975,10.496,0.0,6847.63,8.5,94.67,1.0,,5,-86.305,5,35,9,453,0.5298
10.375,8.411,0.0,2047.81,8.5,97.504,0.8,,0,-95.904,6,35,5,806,0.5434
10.804,8.525,0.0,2070.13,8.5,98.113,0.85,,0,-95.86,6,35,6,662,0.5408
11.111,9.819,0.0203,2067.5,8.5,97.285,0.9,,1,-95.865,6,35,7,604,0.5315
11.36,9.759,0.0,2106.0,8.5,98.15,0.95,,1,-95.788,6,35,7,474,0.5148
11.975,10.496,0.0,3981.56,8.5,97.047,1.0,,4,-92.037,6,35,9,453,0.5298
10.378,8.409,0.0239,1654.94,8.5,98.119,0.8,,1,-96.69,7,35,5,801,0.5456
10.83,8.571,0.0,1746.81,8.5,98.403,0.85,,0,-96.506,7,35,6,652,0.5429
10.696,8.553,0.0,1665.88,8.5,97.927,0.9,,0,-96.668,7,35,6,511,0.5362
11.35,9.759,0.0,769.44,8.5,99.373,0.95,,1,-98.461,7,35,7,473,0.5159
11.619,9.535,0.0,1697.38,8.5,98.05,1.0,,3,-96.605,7,35,7,340,0.5176
10.504,8.556,0.0,1577.06,8.5,98.307,0.8,,0,-96.846,8,35,4,539,0.5436
10.515,8.593,0.0,1540.31,8.5,98.58,0.85,,0,-96.919,8,35,5,546,0.5385
10.664,8.553,0.0,1515.38,8.5,98.205,0.9,,0,-96.969,8,35,6,507,0.5404
10.893,9.621,0.0,1592.81,8.5,98.773,0.95,,1,-96.814,8,35,7,456,0.5175
11.606,9.535,0.0,912.06,8.5,99.011,1.0,,3,-98.176,8,35,7,339,0.5192
10.486,8.547,0.0088,1471.63,8.5,98.482,0.8,,1,-97.057,9,35,4,537,0.5438
10.511,8.593,0.0,1448.0,8.5,98.628,0.85,,0,-97.104,9,35,5,545,0.5394
10.693,8.583,0.0,1181.56,8.5,98.628,0.9,,0,-97.637,9,35,6,499,0.5431
10.765,9.245,0.0,1400.75,8.5,98.952,0.95,,1,-97.198,9,35,6,399,0.5238
11.067,9.329,0.0,1357.0,8.5,98.559,1.0,,3,-97.286,9,35,7,331,0.5196
10.486,8.547,0.0088,1471.63,8.5,98.482,0.8,,1,-97.057,10,35,4,537,0.5438
10.511,8.593,0.0,1448.0,8.5,98.628,0.85,,0,-97.104,10,35,5,545,0.5394
10.693,8.583,0.0,1181.56,8.5,98.628,0.9,,0,-97.637,10,35,6,499,0.5431
10.765,9.245,0.0,1400.75,8.5,98.952,0.95,,1,-97.198,10,35,6,399,0.5238
11.067,9.329,0.0,1357.0,8.5,98.559,1.0,,3,-97.286,10,35,7,331,0.5196
11.355,9.886,0.0692,33725.0,8.5,39.497,0.8,,2,-32.55,1,40,9,1628,0.5289
11.808,10.135,0.1145,33490.94,8.5,45.594,0.85,,2,-33.018,1,40,9,1074,0.5326
11.673,10.232,0.0688,43273.0,8.5,33.457,0.9,,5,-13.454,1,40,9,817,0.5324
11.586,10.209,0.0,45222.06,8.5,40.319,0.95,,4,-9.556,1,40,9,624,0.5288
11.975,10.496,0.0,46267.25,8.5,34.392,1.0,,6,-7.465,1,40,9,453,0.5298
11.355,9.886,0.062,14328.44,8.5,77.705,0.8,,2,-71.343,2,40,9,1628,0.5289
11.808,10.135,0.0762,18496.5,8.5,75.898,0.85,,3,-63.007,2,40,9,1074,0.5326
11.673,10.232,0.0036,27576.81,8.5,65.384,0.9,,3,-44.846,2,40,9,817,0.5324
11.586,10.209,0.0,33673.81,8.5,68.937,0.95,,4,-32.652,2,40,9,624,0.5288
11.975,10.496,0.0,34153.31,8.5,61.543,1.0,,5,-31.693,2,40,9,453,0.5298
11.355,9.886,0.043,6211.5,8.5,91.097,0.8,,2,-87.577,3,40,9,1628,0.5289
11.808,10.135,0.073,7648.69,8.5,91.364,0.85,,3,-84.703,3,40,9,1074,0.5326
11.673,10.232,0.0161,13358.5,8.5,83.622,0.9,,3,-73.283,3,40,9,817,0.5324
11.586,10.209,0.0,19451.56,8.5,85.193,0.95,,4,-61.097,3,40,9,624,0.5288
11.975,10.496,0.0,23443.31,8.5,78.649,1.0,,5,-53.113,3,40,9,453,0.5298
11.111,9.545,0.025,3070.25,8.5,95.648,0.8,,1,-93.859,4,40,8,1284,0.5335
11.855,10.056,0.0261,2987.13,8.5,96.88,0.85,,1,-94.026,4,40,9,985,0.535
11.673,10.232,0.0287,6690.13,8.5,92.428,0.9,,2,-86.62,4,40,9,817,0.5324
11.586,10.209,0.0,11732.31,8.5,92.655,0.95,,4,-76.535,4,40,9,624,0.5288
11.975,10.496,0.0,12710.56,8.5,88.716,1.0,,5,-74.579,4,40,9,453,0.5298
10.517,8.335,0.0469,2368.5,8.5,96.905,0.8,,1,-95.263,5,40,6,980,0.5429
11.526,9.754,0.0,2445.5,8.5,97.652,0.85,,0,-95.109,5,40,7,818,0.5342
11.419,9.925,0.0286,2484.88,8.5,96.574,0.9,,1,-95.03,5,40,7,621,0.525
11.586,10.209,0.0,4589.69,8.5,96.981,0.95,,2,-90.821,5,40,9,624,0.5288
11.975,10.496,0.0,6847.63,8.5,94.67,1.0,,5,-86.305,5,40,9,453,0.5298
10.375,8.411,0.0,2047.81,8.5,97.504,0.8,,0,-95.904,6,40,5,806,0.5434
10.804,8.525,0.0,2070.13,8.5,98.113,0.85,,0,-95.86,6,40,6,662,0.5408
11.111,9.819,0.0203,2067.5,8.5,97.285,0.9,,1,-95.865,6,40,7,604,0.5315
11.36,9.759,0.0,2106.0,8.5,98.15,0.95,,1,-95.788,6,40,7,474,0.5148
11.975,10.496,0.0,3981.56,8.5,97.047,1.0,,4,-92.037,6,40,9,453,0.5298
10.378,8.409,0.0239,1654.94,8.5,98.119,0.8,,1,-96.69,7,40,5,801,0.5456
10.83,8.571,0.0,1746.81,8.5,98.403,0.85,,0,-96.506,7,40,6,652,0.5429
10.696,8.553,0.0,1665.88,8.5,97.927,0.9,,0,-96.668,7,40,6,511,0.5362
11.35,9.759,0.0,769.44,8.5,99.373,0.95,,1,-98.461,7,40,7,473,0.5159
11.619,9.535,0.0,1697.38,8.5,98.05,1.0,,3,-96.605,7,40,7,340,0.5176
10.504,8.556,0.0,1577.06,8.5,98.307,0.8,,0,-96.846,8,40,4,539,0.5436
10.515,8.593,0.0,1540.31,8.5,98.58,0.85,,0,-96.919,8,40,5,546,0.5385
10.664,8.553,0.0,1515.38,8.5,98.205,0.9,,0,-96.969,8,40,6,507,0.5404
10.893,9.621,0.0,1592.81,8.5,98.773,0.95,,1,-96.814,8,40,7,456,0.5175
11.606,9.535,0.0,912.06,8.5,99.011,1.0,,3,-98.176,8,40,7,339,0.5192
10.486,8.547,0.0088,1471.63,8.5,98.482,0.8,,1,-97.057,9,40,4,537,0.5438
10.511,8.593,0.0,1448.0,8.5,98.628,0.85,,0,-97.104,9,40,5,545,0.5394
10.693,8.583,0.0,1181.56,8.5,98.628,0.9,,0,-97.637,9,40,6,499,0.5431
10.765,9.245,0.0,1400.75,8.5,98.952,0.95,,1,-97.198,9,40,6,399,0.5238
11.067,9.329,0.0,1357.0,8.5,98.559,1.0,,3,-97.286,9,40,7,331,0.5196
10.486,8.547,0.0088,1471.63,8.5,98.482,0.8,,1,-97.057,10,40,4,537,0.5438
10.511,8.593,0.0,1448.0,8.5,98.628,0.85,,0,-97.104,10,40,5,545,0.5394
10.693,8.583,0.0,1181.56,8.5,98.628,0.9,,0,-97.637,10,40,6,499,0.5431
10.765,9.245,0.0,1400.75,8.5,98.952,0.95,,1,-97.198,10,40,6,399,0.5238
11.067,9.329,0.0,1357.0,8.5,98.559,1.0,,3,-97.286,10,40,7,331,0.5196
11.355,9.886,0.0692,33725.0,8.5,39.497,0.8,,2,-32.55,1,45,9,1628,0.5289
11.808,10.135,0.1145,33490.94,8.5,45.594,0.85,,2,-33.018,1,45,9,1074,0.5326
11.673,10.232,0.0688,43273.0,8.5,33.457,0.9,,5,-13.454,1,45,9,817,0.5324
11.586,10.209,0.0,45222.06,8.5,40.319,0.95,,4,-9.556,1,45,9,624,0.5288
11.975,10.496,0.0,46267.25,8.5,34.392,1.0,,6,-7.465,1,45,9,453,0.5298
11.355,9.886,0.062,14328.44,8.5,77.705,0.8,,2,-71.343,2,45,9,1628,0.5289
11.808,10.135,0.0762,18496.5,8.5,75.898,0.85,,3,-63.007,2,45,9,1074,0.5326
11.673,10.232,0.0036,27576.81,8.5,65.384,0.9,,3,-44.846,2,45,9,817,0.5324
11.586,10.209,0.0,33673.81,8.5,68.937,0.95,,4,-32.652,2,45,9,624,0.5288
11.975,10.496,0.0,34153.31,8.5,61.543,1.0,,5,-31.693,2,45,9,453,0.5298
11.355,9.886,0.043,6211.5,8.5,91.097,0.8,,2,-87.577,3,45,9,1628,0.5289
11.808,10.135,0.073,7648.69,8.5,91.364,0.85,,3,-84.703,3,45,9,1074,0.5326
11.673,10.232,0.0161,13358.5,8.5,83.622,0.9,,3,-73.283,3,45,9,817,0.5324
11.586,10.209,0.0,19451.56,8.5,85.193,0.95,,4,-61.097,3,45,9,624,0.5288
11.975,10.496,0.0,23443.31,8.5,78.649,1.0,,5,-53.113,3,45,9,453,0.5298
11.111,9.545,0.025,3070.25,8.5,95.648,0.8,,1,-93.859,4,45,8,1284,0.5335
11.855,10.056,0.0261,2987.13,8.5,96.88,0.85,,1,-94.026,4,45,9,985,0.535
11.673,10.232,0.0287,6690.13,8.5,92.428,0.9,,2,-86.62,4,45,9,817,0.5324
11.586,10.209,0.0,11732.31,8.5,92.655,0.95,,4,-76.535,4,45,9,624,0.5288
11.975,10.496,0.0,12710.56,8.5,88.716,1.0,,5,-74.579,4,45,9,453,0.5298
10.517,8.335,0.0469,2368.5,8.5,96.905,0.8,,1,-95.263,5,45,6,980,0.5429
11.526,9.754,0.0,2445.5,8.5,97.652,0.85,,0,-95.109,5,45,7,818,0.5342
11.419,9.925,0.0286,2484.88,8.5,96.574,0.9,,1,-95.03,5,45,7,621,0.525
11.586,10.209,0.0,4589.69,8.5,96.981,0.95,,2,-90.821,5,45,9,624,0.5288
11.975,10.496,0.0,6847.63,8.5,94.67,1.0,,5,-86.305,5,45,9,453,0.5298
10.375,8.411,0.0,2047.81,8.5,97.504,0.8,,0,-95.904,6,45,5,806,0.5434
10.804,8.525,0.0,2070.13,8.5,98.113,0.85,,0,-95.86,6,45,6,662,0.5408
11.111,9.819,0.0203,2067.5,8.5,97.285,0.9,,1,-95.865,6,45,7,604,0.5315
11.36,9.759,0.0,2106.0,8.5,98.15,0.95,,1,-95.788,6,45,7,474,0.5148
11.975,10.496,0.0,3981.56,8.5,97.047,1.0,,4,-92.037,6,45,9,453,0.5298
10.378,8.409,0.0239,1654.94,8.5,98.119,0.8,,1,-96.69,7,45,5,801,0.5456
10.83,8.571,0.0,1746.81,8.5,98.403,0.85,,0,-96.506,7,45,6,652,0.5429
10.696,8.553,0.0,1665.88,8.5,97.927,0.9,,0,-96.668,7,45,6,511,0.5362
11.35,9.759,0.0,769.44,8.5,99.373,0.95,,1,-98.461,7,45,7,473,0.5159
11.619,9.535,0.0,1697.38,8.5,98.05,1.0,,3,-96.605,7,45,7,340,0.5176
10.504,8.556,0.0,1577.06,8.5,98.307,0.8,,0,-96.846,8,45,4,539,0.5436
10.515,8.593,0.0,1540.31,8.5,98.58,0.85,,0,-96.919,8,45,5,546,0.5385
10.664,8.553,0.0,1515.38,8.5,98.205,0.9,,0,-96.969,8,45,6,507,0.5404
10.893,9.621,0.0,1592.81,8.5,98.773,0.95,,1,-96.814,8,45,7,456,0.5175
11.606,9.535,0.0,912.06,8.5,99.011,1.0,,3,-98.176,8,45,7,339,0.5192
10.486,8.547,0.0088,1471.63,8.5,98.482,0.8,,1,-97.057,9,45,4,537,0.5438
10.511,8.593,0.0,1448.0,8.5,98.628,0.85,,0,-97.104,9,45,5,545,0.5394
10.693,8.583,0.0,1181.56,8.5,98.628,0.9,,0,-97.637,9,45,6,499,0.5431
10.765,9.245,0.0,1400.75,8.5,98.952,0.95,,1,-97.198,9,45,6,399,0.5238
11.067,9.329,0.0,1357.0,8.5,98.559,1.0,,3,-97.286,9,45,7,331,0.5196
10.486,8.547,0.0088,1471.63,8.5,98.482,0.8,,1,-97.057,10,45,4,537,0.5438
10.511,8.593,0.0,1448.0,8.5,98.628,0.85,,0,-97.104,10,45,5,545,0.5394
10.693,8.583,0.0,1181.56,8.5,98.628,0.9,,0,-97.637,10,45,6,499,0.5431
10.765,9.245,0.0,1400.75,8.5,98.952,0.95,,1,-97.198,10,45,6,399,0.5238
11.067,9.329,0.0,1357.0,8.5,98.559,1.0,,3,-97.286,10,45,7,331,0.5196
11.355,9.886,0.0692,33725.0,8.5,39.497,0.8,,2,-32.55,1,50,9,1628,0.5289
11.808,10.135,0.1145,33490.94,8.5,45.594,0.85,,2,-33.018,1,50,9,1074,0.5326
11.673,10.232,0.0688,43273.0,8.5,33.457,0.9,,5,-13.454,1,50,9,817,0.5324
11.586,10.209,0.0,45222.06,8.5,40.319,0.95,,4,-9.556,1,50,9,624,0.5288
11.975,10.496,0.0,46267.25,8.5,34.392,1.0,,6,-7.465,1,50,9,453,0.5298
11.355,9.886,0.062,14328.44,8.5,77.705,0.8,,2,-71.343,2,50,9,1628,0.5289
11.808,10.135,0.0762,18496.5,8.5,75.898,0.85,,3,-63.007,2,50,9,1074,0.5326
11.673,10.232,0.0036,27576.81,8.5,65.384,0.9,,3,-44.846,2,50,9,817,0.5324
11.586,10.209,0.0,33673.81,8.5,68.937,0.95,,4,-32.652,2,50,9,624,0.5288
11.975,10.496,0.0,34153.31,8.5,61.543,1.0,,5,-31.693,2,50,9,453,0.5298
11.355,9.886,0.043,6211.5,8.5,91.097,0.8,,2,-87.577,3,50,9,1628,0.5289
11.808,10.135,0.073,7648.69,8.5,91.364,0.85,,3,-84.703,3,50,9,1074,0.5326
11.673,10.232,0.0161,13358.5,8.5,83.622,0.9,,3,-73.283,3,50,9,817,0.5324
11.586,10.209,0.0,19451.56,8.5,85.193,0.95,,4,-61.097,3,50,9,624,0.5288
11.975,10.496,0.0,23443.31,8.5,78.649,1.0,,5,-53.113,3,50,9,453,0.5298
11.111,9.545,0.025,3070.25,8.5,95.648,0.8,,1,-93.859,4,50,8,1284,0.5335
11.855,10.056,0.0261,2987.13,8.5,96.88,0.85,,1,-94.026,4,50,9,985,0.535
11.673,10.232,0.0287,6690.13,8.5,92.428,0.9,,2,-86.62,4,50,9,817,0.5324
11.586,10.209,0.0,11732.31,8.5,92.655,0.95,,4,-76.535,4,50,9,624,0.5288
11.975,10.496,0.0,12710.56,8.5,88.716,1.0,,5,-74.579,4,50,9,453,0.5298
10.517,8.335,0.0469,2368.5,8.5,96.905,0.8,,1,-95.263,5,50,6,980,0.5429
11.526,9.754,0.0,2445.5,8.5,97.652,0.85,,0,-95.109,5,50,7,818,0.5342
11.419,9.925,0.0286,2484.88,8.5,96.574,0.9,,1,-95.03,5,50,7,621,0.525
11.586,10.209,0.0,4589.69,8.5,96.981,0.95,,2,-90.821,5,50,9,624,0.5288
11.975,10.496,0.0,6847.63,8.5,94.67,1.0,,5,-86.305,5,50,9,453,0.5298
10.375,8.411,0.0,2047.81,8.5,97.504,0.8,,0,-95.904,6,50,5,806,0.5434
10.804,8.525,0.0,2070.13,8.5,98.113,0.85,,0,-95.86,6,50,6,662,0.5408
11.111,9.819,0.0203,2067.5,8.5,97.285,0.9,,1,-95.865,6,50,7,604,0.5315
11.36,9.759,0.0,2106.0,8.5,98.15,0.95,,1,-95.788,6,50,7,474,0.5148
11.975,10.496,0.0,3981.56,8.5,97.047,1.0,,4,-92.037,6,50,9,453,0.5298
10.378,8.409,0.0239,1654.94,8.5,98.119,0.8,,1,-96.69,7,50,5,801,0.5456
10.83,8.571,0.0,1746.81,8.5,98.403,0.85,,0,-96.506,7,50,6,652,0.5429
10.696,8.553,0.0,1665.88,8.5,97.927,0.9,,0,-96.668,7,50,6,511,0.5362
11.35,9.759,0.0,769.44,8.5,99.373,0.95,,1,-98.461,7,50,7,473,0.5159
11.619,9.535,0.0,1697.38,8.5,98.05,1.0,,3,-96.605,7,50,7,340,0.5176
10.504,8.556,0.0,1577.06,8.5,98.307,0.8,,0,-96.846,8,50,4,539,0.5436
10.515,8.593,0.0,1540.31,8.5,98.58,0.85,,0,-96.919,8,50,5,546,0.5385
10.664,8.553,0.0,1515.38,8.5,98.205,0.9,,0,-96.969,8,50,6,507,0.5404
10.893,9.621,0.0,1592.81,8.5,98.773,0.95,,1,-96.814,8,50,7,456,0.5175
11.606,9.535,0.0,912.06,8.5,99.011,1.0,,3,-98.176,8,50,7,339,0.5192
10.486,8.547,0.0088,1471.63,8.5,98.482,0.8,,1,-97.057,9,50,4,537,0.5438
10.511,8.593,0.0,1448.0,8.5,98.628,0.85,,0,-97.104,9,50,5,545,0.5394
10.693,8.583,0.0,1181.56,8.5,98.628,0.9,,0,-97.637,9,50,6,499,0.5431
10.765,9.245,0.0,1400.75,8.5,98.952,0.95,,1,-97.198,9,50,6,399,0.5238
11.067,9.329,0.0,1357.0,8.5,98.559,1.0,,3,-97.286,9,50,7,331,0.5196
10.486,8.547,0.0088,1471.63,8.5,98.482,0.8,,1,-97.057,10,50,4,537,0.5438
10.511,8.593,0.0,1448.0,8.5,98.628,0.85,,0,-97.104,10,50,5,545,0.5394
10.693,8.583,0.0,1181.56,8.5,98.628,0.9,,0,-97.637,10,50,6,499,0.5431
10.765,9.245,0.0,1400.75,8.5,98.952,0.95,,1,-97.198,10,50,6,399,0.5238
11.067,9.329,0.0,1357.0,8.5,98.559,1.0,,3,-97.286,10,50,7,331,0.5196
11.355,9.886,0.0692,33725.0,8.5,39.497,0.8,,2,-32.55,1,55,9,1628,0.5289
11.808,10.135,0.1145,33490.94,8.5,45.594,0.85,,2,-33.018,1,55,9,1074,0.5326
11.673,10.232,0.0688,43273.0,8.5,33.457,0.9,,5,-13.454,1,55,9,817,0.5324
11.586,10.209,0.0,45222.06,8.5,40.319,0.95,,4,-9.556,1,55,9,624,0.5288
11.975,10.496,0.0,46267.25,8.5,34.392,1.0,,6,-7.465,1,55,9,453,0.5298
11.355,9.886,0.062,14328.44,8.5,77.705,0.8,,2,-71.343,2,55,9,1628,0.5289
11.808,10.135,0.0762,18496.5,8.5,75.898,0.85,,3,-63.007,2,55,9,1074,0.5326
11.673,10.232,0.0036,27576.81,8.5,65.384,0.9,,3,-44.846,2,55,9,817,0.5324
11.586,10.209,0.0,33673.81,8.5,68.937,0.95,,4,-32.652,2,55,9,624,0.5288
11.975,10.496,0.0,34153.31,8.5,61.543,1.0,,5,-31.693,2,55,9,453,0.5298
11.355,9.886,0.043,6211.5,8.5,91.097,0.8,,2,-87.577,3,55,9,1628,0.5289
11.808,10.135,0.073,7648.69,8.5,91.364,0.85,,3,-84.703,3,55,9,1074,0.5326
11.673,10.232,0.0161,13358.5,8.5,83.622,0.9,,3,-73.283,3,55,9,817,0.5324
11.586,10.209,0.0,19451.56,8.5,85.193,0.95,,4,-61.097,3,55,9,624,0.5288
11.975,10.496,0.0,23443.31,8.5,78.649,1.0,,5,-53.113,3,55,9,453,0.5298
11.111,9.545,0.025,3070.25,8.5,95.648,0.8,,1,-93.859,4,55,8,1284,0.5335
11.855,10.056,0.0261,2987.13,8.5,96.88,0.85,,1,-94.026,4,55,9,985,0.535
11.673,10.232,0.0287,6690.13,8.5,92.428,0.9,,2,-86.62,4,55,9,817,0.5324
11.586,10.209,0.0,11732.31,8.5,92.655,0.95,,4,-76.535,4,55,9,624,0.5288
11.975,10.496,0.0,12710.56,8.5,88.716,1.0,,5,-74.579,4,55,9,453,0.5298
10.517,8.335,0.0469,2368.5,8.5,96.905,0.8,,1,-95.263,5,55,6,980,0.5429
11.526,9.754,0.0,2445.5,8.5,97.652,0.85,,0,-95.109,5,55,7,818,0.5342
11.419,9.925,0.0286,2484.88,8.5,96.574,0.9,,1,-95.03,5,55,7,621,0.525
11.586,10.209,0.0,4589.69,8.5,96.981,0.95,,2,-90.821,5,55,9,624,0.5288
11.975,10.496,0.0,6847.63,8.5,94.67,1.0,,5,-86.305,5,55,9,453,0.5298
10.375,8.411,0.0,2047.81,8.5,97.504,0.8,,0,-95.904,6,55,5,806,0.5434
10.804,8.525,0.0,2070.13,8.5,98.113,0.85,,0,-95.86,6,55,6,662,0.5408
11.111,9.819,0.0203,2067.5,8.5,97.285,0.9,,1,-95.865,6,55,7,604,0.5315
11.36,9.759,0.0,2106.0,8.5,98.15,0.95,,1,-95.788,6,55,7,474,0.5148
11.975,10.496,0.0,3981.56,8.5,97.047,1.0,,4,-92.037,6,55,9,453,0.5298
10.378,8.409,0.0239,1654.94,8.5,98.119,0.8,,1,-96.69,7,55,5,801,0.5456
10.83,8.571,0.0,1746.81,8.5,98.403,0.85,,0,-96.506,7,55,6,652,0.5429
10.696,8.553,0.0,1665.88,8.5,97.927,0.9,,0,-96.668,7,55,6,511,0.5362
11.35,9.759,0.0,769.44,8.5,99.373,0.95,,1,-98.461,7,55,7,473,0.5159
11.619,9.535,0.0,1697.38,8.5,98.05,1.0,,3,-96.605,7,55,7,340,0.5176
10.504,8.556,0.0,1577.06,8.5,98.307,0.8,,0,-96.846,8,55,4,539,0.5436
10.515,8.593,0.0,1540.31,8.5,98.58,0.85,,0,-96.919,8,55,5,546,0.5385
10.664,8.553,0.0,1515.38,8.5,98.205,0.9,,0,-96.969,8,55,6,507,0.5404
10.893,9.621,0.0,1592.81,8.5,98.773,0.95,,1,-96.814,8,55,7,456,0.5175
11.606,9.535,0.0,912.06,8.5,99.011,1.0,,3,-98.176,8,55,7,339,0.5192
10.486,8.547,0.0088,1471.63,8.5,98.482,0.8,,1,-97.057,9,55,4,537,0.5438
10.511,8.593,0.0,1448.0,8.5,98.628,0.85,,0,-97.104,9,55,5,545,0.5394
10.693,8.583,0.0,1181.56,8.5,98.628,0.9,,0,-97.637,9,55,6,499,0.5431
10.765,9.245,0.0,1400.75,8.5,98.952,0.95,,1,-97.198,9,55,6,399,0.5238
11.067,9.329,0.0,1357.0,8.5,98.559,1.0,,3,-97.286,9,55,7,331,0.5196
10.486,8.547,0.0088,1471.63,8.5,98.482,0.8,,1,-97.057,10,55,4,537,0.5438
10.511,8.593,0.0,1448.0,8.5,98.628,0.85,,0,-97.104,10,55,5,545,0.5394
10.693,8.583,0.0,1181.56,8.5,98.628,0.9,,0,-97.637,10,55,6,499,0.5431
10.765,9.245,0.0,1400.75,8.5,98.952,0.95,,1,-97.198,10,55,6,399,0.5238
11.067,9.329,0.0,1357.0,8.5,98.559,1.0,,3,-97.286,10,55,7,331,0.5196
11.355,9.886,0.0692,33725.0,8.5,39.497,0.8,,2,-32.55,1,60,9,1628,0.5289
11.808,10.135,0.1145,33490.94,8.5,45.594,0.85,,2,-33.018,1,60,9,1074,0.5326
11.673,10.232,0.0688,43273.0,8.5,33.457,0.9,,5,-13.454,1,60,9,817,0.5324
11.586,10.209,0.0,45222.06,8.5,40.319,0.95,,4,-9.556,1,60,9,624,0.5288
11.975,10.496,0.0,46267.25,8.5,34.392,1.0,,6,-7.465,1,60,9,453,0.5298
11.355,9.886,0.062,14328.44,8.5,77.705,0.8,,2,-71.343,2,60,9,1628,0.5289
11.808,10.135,0.0762,18496.5,8.5,75.898,0.85,,3,-63.007,2,60,9,1074,0.5326
11.673,10.232,0.0036,27576.81,8.5,65.384,0.9,,3,-44.846,2,60,9,817,0.5324
11.586,10.209,0.0,33673.81,8.5,68.937,0.95,,4,-32.652,2,60,9,624,0.5288
11.975,10.496,0.0,34153.31,8.5,61.543,1.0,,5,-31.693,2,60,9,453,0.5298
11.355,9.886,0.043,6211.5,8.5,91.097,0.8,,2,-87.577,3,60,9,1628,0.5289
11.808,10.135,0.073,7648.69,8.5,91.364,0.85,,3,-84.703,3,60,9,1074,0.5326
11.673,10.232,0.0161,13358.5,8.5,83.622,0.9,,3,-73.283,3,60,9,817,0.5324
11.586,10.209,0.0,19451.56,8.5,85.193,0.95,,4,-61.097,3,60,9,624,0.5288
11.975,10.496,0.0,23443.31,8.5,78.649,1.0,,5,-53.113,3,60,9,453,0.5298
11.111,9.545,0.025,3070.25,8.5,95.648,0.8,,1,-93.859,4,60,8,1284,0.5335
11.855,10.056,0.0261,2987.13,8.5,96.88,0.85,,1,-94.026,4,60,9,985,0.535
11.673,10.232,0.0287,6690.13,8.5,92.428,0.9,,2,-86.62,4,60,9,817,0.5324
11.586,10.209,0.0,11732.31,8.5,92.655,0.95,,4,-76.535,4,60,9,624,0.5288
11.975,10.496,0.0,12710.56,8.5,88.716,1.0,,5,-74.579,4,60,9,453,0.5298
10.517,8.335,0.0469,2368.5,8.5,96.905,0.8,,1,-95.263,5,60,6,980,0.5429
11.526,9.754,0.0,2445.5,8.5,97.652,0.85,,0,-95.109,5,60,7,818,0.5342
11.419,9.925,0.0286,2484.88,8.5,96.574,0.9,,1,-95.03,5,60,7,621,0.525
11.586,10.209,0.0,4589.69,8.5,96.981,0.95,,2,-90.821,5,60,9,624,0.5288
11.975,10.496,0.0,6847.63,8.5,94.67,1.0,,5,-86.305,5,60,9,453,0.5298
10.375,8.411,0.0,2047.81,8.5,97.504,0.8,,0,-95.904,6,60,5,806,0.5434
10.804,8.525,0.0,2070.13,8.5,98.113,0.85,,0,-95.86,6,60,6,662,0.5408
11.111,9.819,0.0203,2067.5,8.5,97.285,0.9,,1,-95.865,6,60,7,604,0.5315
11.36,9.759,0.0,2106.0,8.5,98.15,0.95,,1,-95.788,6,60,7,474,0.5148
11.975,10.496,0.0,3981.56,8.5,97.047,1.0,,4,-92.037,6,60,9,453,0.5298
10.378,8.409,0.0239,1654.94,8.5,98.119,0.8,,1,-96.69,7,60,5,801,0.5456
10.83,8.571,0.0,1746.81,8.5,98.403,0.85,,0,-96.506,7,60,6,652,0.5429
10.696,8.553,0.0,1665.88,8.5,97.927,0.9,,0,-96.668,7,60,6,511,0.5362
11.35,9.759,0.0,769.44,8.5,99.373,0.95,,1,-98.461,7,60,7,473,0.5159
11.619,9.535,0.0,1697.38,8.5,98.05,1.0,,3,-96.605,7,60,7,340,0.5176
10.504,8.556,0.0,1577.06,8.5,98.307,0.8,,0,-96.846,8,60,4,539,0.5436
10.515,8.593,0.0,1540.31,8.5,98.58,0.85,,0,-96.919,8,60,5,546,0.5385
10.664,8.553,0.0,1515.38,8.5,98.205,0.9,,0,-96.969,8,60,6,507,0.5404
10.893,9.621,0.0,1592.81,8.5,98.773,0.95,,1,-96.814,8,60,7,456,0.5175
11.606,9.535,0.0,912.06,8.5,99.011,1.0,,3,-98.176,8,60,7,339,0.5192
10.486,8.547,0.0088,1471.63,8.5,98.482,0.8,,1,-97.057,9,60,4,537,0.5438
10.511,8.593,0.0,1448.0,8.5,98.628,0.85,,0,-97.104,9,60,5,545,0.5394
10.693,8.583,0.0,1181.56,8.5,98.628,0.9,,0,-97.637,9,60,6,499,0.5431
10.765,9.245,0.0,1400.75,8.5,98.952,0.95,,1,-97.198,9,60,6,399,0.5238
11.067,9.329,0.0,1357.0,8.5,98.559,1.0,,3,-97.286,9,60,7,331,0.5196
10.486,8.547,0.0088,1471.63,8.5,98.482,0.8,,1,-97.057,10,60,4,537,0.5438
10.511,8.593,0.0,1448.0,8.5,98.628,0.85,,0,-97.104,10,60,5,545,0.5394
10.693,8.583,0.0,1181.56,8.5,98.628,0.9,,0,-97.637,10,60,6,499,0.5431
10.765,9.245,0.0,1400.75,8.5,98.952,0.95,,1,-97.198,10,60,6,399,0.5238
11.067,9.329,0.0,1357.0,8.5,98.559,1.0,,3,-97.286,10,60,7,331,0.5196
9.661,9.884,0.0,34363.31,9.0,49.389,0.8,,5,-31.273,1,5,9,1655,0.487
9.951,10.245,0.0066,38099.56,9.0,42.912,0.85,,4,-23.801,1,5,9,1091,0.4867
9.615,10.403,0.0,44837.94,9.0,37.08,0.9,,4,-10.324,1,5,9,829,0.4813
9.816,10.419,0.0,41210.63,9.0,37.036,0.95,,4,-17.579,1,5,9,632,0.4778
10.335,10.751,0.0,43068.25,9.0,32.706,1.0,,6,-13.863,1,5,9,454,0.4824
9.661,9.884,0.0,15340.81,9.0,80.183,0.8,,2,-69.318,2,5,9,1655,0.487
9.951,10.245,0.0,23009.31,9.0,74.529,0.85,,3,-53.981,2,5,9,1091,0.4867
9.615,10.403,0.0,34161.19,9.0,65.788,0.9,,5,-31.678,2,5,9,829,0.4813
9.816,10.419,0.0,32022.69,9.0,66.087,0.95,,4,-35.955,2,5,9,632,0.4778
10.335,10.751,0.0,35726.56,9.0,59.18,1.0,,6,-28.547,2,5,9,454,0.4824
9.661,9.884,0.0,6905.81,9.0,92.676,0.8,,2,-86.188,3,5,9,1655,0.487
9.951,10.245,0.0,8133.88,9.0,90.788,0.85,,2,-83.732,3,5,9,1091,0.4867
9.615,10.403,0.0,18152.63,9.0,84.978,0.9,,4,-63.695,3,5,9,829,0.4813
9.816,10.419,0.0,20391.31,9.0,82.533,0.95,,4,-59.217,3,5,9,632,0.4778
10.335,10.751,0.0,24091.69,9.0,78.686,1.0,,6,-51.817,3,5,9,454,0.4824
9.391,9.505,0.0,2964.81,9.0,97.203,0.8,,2,-94.07,4,5,7,1288,0.4868
9.932,9.832,0.0,3129.31,9.0,96.144,0.85,,1,-93.741,4,5,7,858,0.4814
9.615,10.403,0.0,9274.0,9.0,93.231,0.9,,4,-81.452,4,5,9,829,0.4813
9.816,10.419,0.0,11382.75,9.0,91.655,0.95,,4,-77.234,4,5,9,632,0.4778
10.335,10.751,0.0,14841.63,9.0,87.966,1.0,,6,-70.317,4,5,9,454,0.4824
8.492,8.203,0.0,2526.0,9.0,97.967,0.8,,2,-94.948,5,5,6,1006,0.4871
9.753,9.817,0.0,2521.63,9.0,97.131,0.85,,1,-94.957,5,5,7,836,0.4809
9.497,10.054,0.0,2032.94,9.0,97.375,0.9,,2,-95.934,5,5,7,629,0.4706
9.816,10.419,0.0,5146.19,9.0,95.812,0.95,,3,-89.708,5,5,9,632,0.4778
10.335,10.751,0.0,6153.31,9.0,93.95,1.0,,4,-87.693,5,5,9,454,0.4824
8.256,8.173,0.0,2237.69,9.0,98.454,0.8,,1,-95.525,6,5,5,835,0.4826
8.649,8.462,0.0,2162.88,9.0,97.718,0.85,,1,-95.674,6,5,5,572,0.4755
9.497,10.054,0.0,1098.88,9.0,98.669,0.9,,2,-97.802,6,5,7,629,0.4706
9.519,9.986,0.0,2200.5,9.0,97.825,0.95,,2,-95.599,6,5,7,483,0.4576
10.504,10.668,0.0,2196.13,9.0,97.206,1.0,,4,-95.608,6,5,9,419,0.4773
8.257,8.173,0.0,1835.19,9.0,98.867,0.8,,1,-96.33,7,5,5,833,0.4838
8.651,8.462,0.0,1720.13,9.0,98.32,0.85,,1,-96.56,7,5,5,571,0.4764
8.641,8.578,0.0,1665.0,9.0,98.06,0.9,,2,-96.67,7,5,6,521,0.4702
9.476,9.986,0.0,1128.63,9.0,98.978,0.95,,2,-97.743,7,5,7,481,0.4595
9.861,9.782,0.0,1758.63,9.0,97.893,1.0,,3,-96.483,7,5,7,342,0.4591
8.39,8.159,0.0,1479.94,9.0,99.184,0.8,,1,-97.04,8,5,4,552,0.4855
8.517,8.421,0.0,1648.81,9.0,98.415,0.85,,1,-96.702,8,5,4,455,0.4725
8.554,8.707,0.0,1675.94,9.0,98.116,0.9,,1,-96.648,8,5,6,487,0.4743
9.476,9.986,0.0,706.88,9.0,99.407,0.95,,2,-98.586,8,5,7,481,0.4595
9.804,9.782,0.0,1416.5,9.0,98.414,1.0,,3,-97.167,8,5,7,340,0.4618
8.488,7.609,0.0,1492.19,9.0,99.253,0.8,,1,-97.016,9,5,3,348,0.4914
8.67,8.562,0.0,1475.56,9.0,98.653,0.85,,1,-97.049,9,5,4,414,0.4758
8.495,8.765,0.0,1345.63,9.0,98.513,0.9,,2,-97.309,9,5,5,465,0.4731
8.702,9.495,0.0,1449.31,9.0,98.852,0.95,,2,-97.101,9,5,6,403,0.464
9.285,9.557,0.0,1336.0,9.0,98.583,1.0,,3,-97.328,9,5,7,332,0.4608
8.488,7.609,0.0,1492.19,9.0,99.253,0.8,,1,-97.016,10,5,3,348,0.4914
8.67,8.562,0.0,1475.56,9.0,98.653,0.85,,1,-97.049,10,5,4,414,0.4758
8.495,8.765,0.0,1345.63,9.0,98.513,0.9,,2,-97.309,10,5,5,465,0.4731
8.702,9.495,0.0,1449.31,9.0,98.852,0.95,,2,-97.101,10,5,6,403,0.464
9.285,9.557,0.0,1336.0,9.0,98.583,1.0,,3,-97.328,10,5,7,332,0.4608
11.35,9.827,0.0774,32879.31,9.0,48.277,0.8,,3,-34.241,1,10,9,1625,0.5274
11.823,10.195,0.1056,36252.87,9.0,46.461,0.85,,4,-27.494,1,10,9,1077,0.532
11.678,10.286,0.0,46658.81,9.0,32.035,0.9,,6,-6.682,1,10,9,819,0.5336
11.642,10.228,0.0,44626.19,9.0,38.559,0.95,,5,-10.748,1,10,9,625,0.5344
12.134,10.444,0.0,47393.38,9.0,33.951,1.0,,6,-5.213,1,10,9,452,0.5376
11.35,9.827,0.0179,16491.88,9.0,79.187,0.8,,3,-67.016,2,10,9,1625,0.5274
11.823,10.195,0.0425,19910.06,9.0,75.214,0.85,,3,-60.18,2,10,9,1077,0.532
11.678,10.286,0.0,32965.94,9.0,62.036,0.9,,5,-34.068,2,10,9,819,0.5336
11.642,10.228,0.0,37918.88,9.0,66.119,0.95,,5,-24.162,2,10,9,625,0.5344
12.134,10.444,0.0,38242.19,9.0,60.013,1.0,,6,-23.516,2,10,9,452,0.5376
11.35,9.827,0.0,6700.19,9.0,93.126,0.8,,3,-86.6,3,10,9,1625,0.5274
11.823,10.195,0.0231,8204.31,9.0,90.284,0.85,,2,-83.591,3,10,9,1077,0.532
11.678,10.286,0.0,20355.44,9.0,79.353,0.9,,5,-59.289,3,10,9,819,0.5336
11.642,10.228,0.0,26757.38,9.0,82.805,0.95,,5,-46.485,3,10,9,625,0.5344
12.134,10.444,0.0,26078.81,9.0,76.868,1.0,,5,-47.842,3,10,9,452,0.5376
10.896,9.442,0.0,3101.31,9.0,96.621,0.8,,2,-93.797,4,10,7,1230,0.5309
11.697,9.841,0.0333,3038.75,9.0,96.507,0.85,,1,-93.922,4,10,7,845,0.529
11.678,10.286,0.0,7797.0,9.0,91.758,0.9,,4,-84.406,4,10,9,819,0.5336
11.642,10.228,0.0,15801.5,9.0,91.2,0.95,,4,-68.397,4,10,9,625,0.5344
12.134,10.444,0.0,21110.56,9.0,85.63,1.0,,5,-57.779,4,10,9,452,0.5376
10.304,8.254,0.0,2631.44,9.0,97.503,0.8,,1,-94.737,5,10,6,977,0.5363
11.508,9.827,0.031,2676.06,9.0,97.142,0.85,,1,-94.648,5,10,7,822,0.5304
11.777,10.172,0.0,2695.31,9.0,96.378,0.9,,2,-94.609,5,10,8,725,0.5352
11.642,10.228,0.0,7524.88,9.0,95.627,0.95,,3,-84.95,5,10,9,625,0.5344
12.134,10.444,0.0,7221.69,9.0,93.74,1.0,,4,-85.557,5,10,9,452,0.5376
10.078,8.239,0.0,2113.44,9.0,98.215,0.8,,1,-95.773,6,10,5,810,0.5346
10.733,8.625,0.0488,2133.56,9.0,97.907,0.85,,1,-95.733,6,10,6,666,0.5345
11.331,9.99,0.0,2194.81,9.0,97.243,0.9,,2,-95.61,6,10,7,621,0.525
11.803,10.188,0.0,2218.44,9.0,97.879,0.95,,2,-95.563,6,10,9,575,0.527
12.134,10.444,0.0,6009.38,9.0,95.941,1.0,,4,-87.981,6,10,9,452,0.5376
10.012,8.153,0.0,1850.5,9.0,98.548,0.8,,0,-96.299,7,10,5,705,0.5376
10.759,8.672,0.0,1804.13,9.0,98.328,0.85,,0,-96.392,7,10,6,657,0.5358
10.594,8.666,0.0,1855.31,9.0,97.808,0.9,,2,-96.289,7,10,6,532,0.5301
11.337,9.78,0.0,1851.81,9.0,98.351,0.95,,2,-96.296,7,10,7,475,0.5179
11.701,9.465,0.0,1746.81,9.0,97.953,1.0,,3,-96.506,7,10,7,340,0.5206
10.205,8.403,0.0,1615.13,9.0,98.796,0.8,,0,-96.77,8,10,4,555,0.5369
10.322,8.658,0.0,1644.44,9.0,98.574,0.85,,0,-96.711,8,10,5,549,0.5337
10.516,8.648,0.0,1553.44,9.0,98.277,0.9,,2,-96.893,8,10,6,511,0.5342
10.92,9.648,0.0,1650.13,9.0,98.672,0.95,,2,-96.7,8,10,7,463,0.5205
11.659,9.465,0.0,1510.56,9.0,98.354,1.0,,3,-96.979,8,10,7,338,0.5237
10.149,8.627,0.0,1435.31,9.0,99.006,0.8,,0,-97.129,9,10,3,454,0.5352
10.317,8.658,0.0,1455.44,9.0,98.766,0.85,,0,-97.089,9,10,5,548,0.5347
10.544,8.68,0.0,1417.38,9.0,98.503,0.9,,2,-97.165,9,10,6,501,0.5389
10.871,9.644,0.0,1495.25,9.0,98.855,0.95,,2,-97.009,9,10,7,457,0.5208
11.115,9.258,0.0,1350.44,9.0,98.608,1.0,,3,-97.299,9,10,7,330,0.5242
10.149,8.627,0.0,1435.31,9.0,99.006,0.8,,0,-97.129,10,10,3,454,0.5352
10.317,8.658,0.0,1455.44,9.0,98.766,0.85,,0,-97.089,10,10,5,548,0.5347
10.544,8.68,0.0,1417.38,9.0,98.503,0.9,,2,-97.165,10,10,6,501,0.5389
10.871,9.644,0.0,1495.25,9.0,98.855,0.95,,2,-97.009,10,10,7,457,0.5208
11.115,9.258,0.0,1350.44,9.0,98.608,1.0,,3,-97.299,10,10,7,330,0.5242
11.559,9.816,0.0673,32644.81,9.0,47.271,0.8,,3,-34.71,1,15,9,1622,0.5327
12.063,10.135,0.1137,35861.75,9.0,46.697,0.85,,4,-28.276,1,15,9,1074,0.5372
11.909,10.216,0.0,46340.75,9.0,33.375,0.9,,6,-7.319,1,15,9,818,0.5391
11.819,10.199,0.0,43657.56,9.0,39.894,0.95,,5,-12.685,1,15,9,625,0.5376
12.236,10.444,0.0,47377.19,9.0,33.457,1.0,,6,-5.246,1,15,9,452,0.5376
11.559,9.816,0.0,16393.0,9.0,78.998,0.8,,3,-67.214,2,15,9,1622,0.5327
12.063,10.135,0.0916,18636.06,9.0,76.485,0.85,,3,-62.728,2,15,9,1074,0.5372
11.909,10.216,0.0,31215.94,9.0,62.971,0.9,,5,-37.568,2,15,9,818,0.5391
11.819,10.199,0.0,38536.19,9.0,68.1,0.95,,5,-22.928,2,15,9,625,0.5376
12.236,10.444,0.0,37637.13,9.0,59.835,1.0,,6,-24.726,2,15,9,452,0.5376
11.559,9.816,0.0,6553.19,9.0,92.929,0.8,,3,-86.894,3,15,9,1622,0.5327
12.063,10.135,0.0157,8128.63,9.0,90.455,0.85,,1,-83.743,3,15,9,1074,0.5372
11.909,10.216,0.0,15786.63,9.0,82.042,0.9,,4,-68.427,3,15,9,818,0.5391
11.819,10.199,0.0,26984.88,9.0,83.334,0.95,,5,-46.03,3,15,9,625,0.5376
12.236,10.444,0.0,26347.44,9.0,75.954,1.0,,6,-47.305,3,15,9,452,0.5376
11.092,9.444,0.0,3094.31,9.0,96.299,0.8,,1,-93.811,4,15,7,1227,0.5363
12.063,10.135,0.0778,5074.88,9.0,95.759,0.85,,3,-89.85,4,15,9,1074,0.5372
11.909,10.216,0.0,7912.5,9.0,90.997,0.9,,4,-84.175,4,15,9,818,0.5391
11.819,10.199,0.0,16176.88,9.0,91.132,0.95,,4,-67.646,4,15,9,625,0.5376
12.236,10.444,0.0,15534.63,9.0,87.659,1.0,,5,-68.931,4,15,9,452,0.5376
10.509,8.251,0.0033,2629.69,9.0,97.088,0.8,,1,-94.741,5,15,6,977,0.5415
11.701,9.771,0.0,2430.63,9.0,97.385,0.85,,0,-95.139,5,15,7,819,0.5348
11.948,10.118,0.0,2683.06,9.0,96.185,0.9,,2,-94.634,5,15,8,724,0.5387
11.819,10.199,0.0,8790.56,9.0,95.181,0.95,,3,-82.419,5,15,9,625,0.5376
12.236,10.444,0.0,6613.56,9.0,94.238,1.0,,4,-86.773,5,15,9,452,0.5376
10.259,8.274,0.0225,2118.69,9.0,97.855,0.8,,1,-95.763,6,15,5,808,0.5408
10.958,8.564,0.0,2202.69,9.0,97.7,0.85,,0,-95.595,6,15,6,663,0.54
11.243,9.822,0.0,2132.25,9.0,97.135,0.9,,2,-95.735,6,15,7,606,0.533
11.543,9.78,0.0,2057.44,9.0,97.907,0.95,,2,-95.885,6,15,7,479,0.5157
11.896,9.467,0.0,2167.69,9.0,97.246,1.0,,3,-95.665,6,15,7,343,0.519
10.265,8.292,0.0202,1917.44,9.0,98.134,0.8,,1,-96.165,7,15,5,803,0.543
10.944,8.742,0.0,1916.13,9.0,98.04,0.85,,0,-96.168,7,15,6,605,0.5388
10.798,8.651,0.0,1867.56,9.0,97.609,0.9,,2,-96.265,7,15,6,528,0.5341
11.454,9.78,0.0,1761.25,9.0,98.31,0.95,,2,-96.477,7,15,7,475,0.5179
11.805,9.465,0.0,1707.44,9.0,97.948,1.0,,3,-96.585,7,15,7,340,0.5206
10.182,8.205,0.0,1563.94,9.0,98.524,0.8,,0,-96.872,8,15,5,701,0.5449
10.535,8.64,0.0,1561.75,9.0,98.38,0.85,,0,-96.876,8,15,5,548,0.5365
10.74,8.583,0.0,1590.19,9.0,98.088,0.9,,1,-96.82,8,15,6,509,0.5403
11.044,9.656,0.0,1682.94,9.0,98.516,0.95,,2,-96.634,8,15,7,465,0.5204
11.764,9.465,0.0,1301.0,9.0,98.541,1.0,,3,-97.398,8,15,7,338,0.5237
10.423,8.463,0.0,1343.44,9.0,98.775,0.8,,0,-97.313,9,15,4,554,0.5451
10.505,8.64,0.0,1421.31,9.0,98.59,0.85,,0,-97.157,9,15,5,545,0.5394
10.756,8.613,0.0,1207.81,9.0,98.589,0.9,,1,-97.584,9,15,6,500,0.544
10.848,9.301,0.0,1486.5,9.0,98.734,0.95,,2,-97.027,9,15,6,400,0.525
11.223,9.258,0.0,1339.94,9.0,98.569,1.0,,3,-97.32,9,15,7,330,0.5242
10.423,8.463,0.0,1343.44,9.0,98.775,0.8,,0,-97.313,10,15,4,554,0.5451
10.505,8.64,0.0,1421.31,9.0,98.59,0.85,,0,-97.157,10,15,5,545,0.5394
10.756,8.613,0.0,1207.81,9.0,98.589,0.9,,1,-97.584,10,15,6,500,0.544
10.848,9.301,0.0,1486.5,9.0,98.734,0.95,,2,-97.027,10,15,6,400,0.525
11.223,9.258,0.0,1339.94,9.0,98.569,1.0,,3,-97.32,10,15,7,330,0.5242
11.625,9.849,0.0448,32740.63,9.0,47.041,0.8,,3,-34.519,1,20,9,1621,0.5342
12.147,10.135,0.1474,37330.0,9.0,44.006,0.85,,5,-25.34,1,20,9,1073,0.5387
12.001,10.231,0.0,46356.5,9.0,33.366,0.9,,6,-7.287,1,20,9,817,0.5398
11.941,10.22,0.0,43262.5,9.0,39.924,0.95,,4,-13.475,1,20,9,624,0.5385
12.405,10.445,0.0,47105.5,9.0,33.297,1.0,,6,-5.789,1,20,9,452,0.5398
11.625,9.849,0.0,16081.5,9.0,79.047,0.8,,3,-67.837,2,20,9,1621,0.5342
12.147,10.135,0.0815,18730.13,9.0,76.357,0.85,,3,-62.54,2,20,9,1073,0.5387
12.001,10.231,0.0,30147.13,9.0,64.025,0.9,,5,-39.706,2,20,9,817,0.5398
11.941,10.22,0.0,38595.25,9.0,67.221,0.95,,5,-22.809,2,20,9,624,0.5385
12.405,10.445,0.0,37013.69,9.0,60.8,1.0,,6,-25.973,2,20,9,452,0.5398
11.625,9.849,0.0,6495.44,9.0,92.936,0.8,,3,-87.009,3,20,9,1621,0.5342
12.147,10.135,0.0561,8803.69,9.0,89.908,0.85,,2,-82.393,3,20,9,1073,0.5387
12.001,10.231,0.0,15761.69,9.0,81.008,0.9,,4,-68.477,3,20,9,817,0.5398
11.941,10.22,0.0,21924.31,9.0,83.797,0.95,,4,-56.151,3,20,9,624,0.5385
12.405,10.445,0.0,26425.31,9.0,76.816,1.0,,6,-47.149,3,20,9,452,0.5398
11.178,9.488,0.0,3273.69,9.0,96.045,0.8,,1,-93.453,4,20,7,1226,0.5383
12.147,10.135,0.0783,5088.0,9.0,95.744,0.85,,3,-89.824,4,20,9,1073,0.5387
12.001,10.231,0.0,7520.06,9.0,91.345,0.9,,3,-84.96,4,20,9,817,0.5398
11.941,10.22,0.0,16175.56,9.0,91.048,0.95,,4,-67.649,4,20,9,624,0.5385
12.405,10.445,0.0,13391.31,9.0,88.207,1.0,,5,-73.217,4,20,9,452,0.5398
10.619,8.31,0.0,2698.81,9.0,97.007,0.8,,1,-94.602,5,20,6,977,0.5435
11.827,9.772,0.0,2484.88,9.0,97.212,0.85,,0,-95.03,5,20,7,819,0.536
11.64,9.948,0.0,2672.13,9.0,96.134,0.9,,2,-94.656,5,20,7,619,0.5299
11.941,10.22,0.0,6107.38,9.0,96.079,0.95,,3,-87.785,5,20,9,624,0.5385
12.405,10.445,0.0,7284.69,9.0,93.8,1.0,,5,-85.431,5,20,9,452,0.5398
10.42,8.376,0.0162,2220.63,9.0,97.705,0.8,,1,-95.559,6,20,5,813,0.5412
11.108,8.614,0.0,2173.81,9.0,97.665,0.85,,0,-95.652,6,20,6,653,0.5436
11.633,9.948,0.0,1045.5,9.0,98.556,0.9,,2,-97.909,6,20,7,618,0.5307
11.597,9.808,0.0,2192.19,9.0,97.704,0.95,,2,-95.616,6,20,7,473,0.5201
12.509,10.297,0.0,2075.38,9.0,97.283,1.0,,3,-95.849,6,20,9,417,0.5324
10.407,8.363,0.0221,1824.25,9.0,98.203,0.8,,1,-96.351,7,20,5,803,0.5455
11.115,8.707,0.0,1689.06,9.0,98.197,0.85,,0,-96.622,7,20,6,609,0.5419
10.92,8.608,0.0,1832.56,9.0,97.576,0.9,,1,-96.335,7,20,6,511,0.5382
11.597,9.808,0.0,1223.13,9.0,98.792,0.95,,2,-97.554,7,20,7,473,0.5201
12.019,9.472,0.0,1714.0,9.0,97.875,1.0,,3,-96.572,7,20,7,340,0.5235
10.358,8.274,0.0195,1629.56,9.0,98.441,0.8,,1,-96.741,8,20,5,702,0.5484
10.661,8.645,0.0,1678.13,9.0,98.208,0.85,,0,-96.644,8,20,5,546,0.5403
10.889,8.608,0.0,1628.25,9.0,97.942,0.9,,1,-96.743,8,20,6,507,0.5424
11.597,9.808,0.0,625.5,9.0,99.416,0.95,,2,-98.749,8,20,7,473,0.5201
11.981,9.472,0.0,1344.75,9.0,98.424,1.0,,3,-97.31,8,20,7,338,0.5266
10.45,8.519,0.0,1421.75,9.0,98.658,0.8,,0,-97.156,9,20,4,554,0.5451
10.66,8.645,0.0,1427.44,9.0,98.462,0.85,,0,-97.145,9,20,5,544,0.5423
10.824,8.863,0.0,1271.69,9.0,98.448,0.9,,0,-97.457,9,20,6,468,0.5427
11.022,9.334,0.0,1353.5,9.0,98.798,0.95,,2,-97.293,9,20,6,398,0.5276
11.441,9.267,0.0,1359.63,9.0,98.476,1.0,,3,-97.281,9,20,7,330,0.5273
10.45,8.519,0.0,1421.75,9.0,98.658,0.8,,0,-97.156,10,20,4,554,0.5451
10.66,8.645,0.0,1427.44,9.0,98.462,0.85,,0,-97.145,10,20,5,544,0.5423
10.824,8.863,0.0,1271.69,9.0,98.448,0.9,,0,-97.457,10,20,6,468,0.5427
11.022,9.334,0.0,1353.5,9.0,98.798,0.95,,2,-97.293,10,20,6,398,0.5276
11.441,9.267,0.0,1359.63,9.0,98.476,1.0,,3,-97.281,10,20,7,330,0.5273
11.788,9.87,0.0984,32706.5,9.0,44.175,0.8,,2,-34.587,1,25,9,1619,0.5349
12.254,10.081,0.1599,36931.88,9.0,44.686,0.85,,4,-26.136,1,25,9,1071,0.5387
12.132,10.193,0.1312,38746.62,9.0,37.919,0.9,,5,-22.507,1,25,9,816,0.5404
12.12,10.169,0.0,43259.0,9.0,39.434,0.95,,5,-13.482,1,25,9,623,0.5393
12.449,10.445,0.0,46730.56,9.0,32.707,1.0,,6,-6.539,1,25,9,452,0.5398
11.788,9.87,0.0713,16127.44,9.0,76.508,0.8,,2,-67.745,2,25,9,1619,0.5349
12.254,10.081,0.1164,17983.31,9.0,77.703,0.85,,3,-64.033,2,25,9,1071,0.5387
12.132,10.193,0.0632,22537.69,9.0,68.033,0.9,,4,-54.925,2,25,9,816,0.5404
12.12,10.169,0.0,31037.88,9.0,66.936,0.95,,4,-37.924,2,25,9,623,0.5393
12.449,10.445,0.0,37035.56,9.0,59.429,1.0,,6,-25.929,2,25,9,452,0.5398
11.673,9.675,0.0327,4357.38,9.0,93.207,0.8,,1,-91.285,3,25,9,1486,0.5343
12.254,10.081,0.0794,6649.44,9.0,93.271,0.85,,2,-86.701,3,25,9,1071,0.5387
12.132,10.193,0.0222,13023.38,9.0,84.41,0.9,,2,-73.953,3,25,9,816,0.5404
12.12,10.169,0.0,19601.63,9.0,85.221,0.95,,3,-60.797,3,25,9,623,0.5393
12.449,10.445,0.0,26501.0,9.0,77.483,1.0,,5,-46.998,3,25,9,452,0.5398
11.395,9.515,0.0436,3162.56,9.0,95.41,0.8,,1,-93.675,4,25,7,1224,0.5392
12.128,9.717,0.0615,2919.31,9.0,96.54,0.85,,1,-94.161,4,25,7,839,0.5352
12.132,10.193,0.0,7758.06,9.0,91.593,0.9,,4,-84.484,4,25,9,816,0.5404
12.12,10.169,0.0,10737.44,9.0,92.138,0.95,,3,-78.525,4,25,9,623,0.5393
12.449,10.445,0.0,14124.56,9.0,87.589,1.0,,5,-71.751,4,25,9,452,0.5398
10.906,8.432,0.0,2666.44,9.0,96.407,0.8,,0,-94.667,5,25,6,886,0.5463
11.26,8.476,0.0,2592.5,9.0,97.091,0.85,,0,-94.815,5,25,6,660,0.5424
11.807,9.896,0.0143,2675.63,9.0,96.129,0.9,,1,-94.649,5,25,7,619,0.5299
12.12,10.169,0.0,5114.69,9.0,96.504,0.95,,2,-89.771,5,25,9,623,0.5393
12.449,10.445,0.0,6612.25,9.0,94.536,1.0,,4,-86.775,5,25,9,452,0.5398
10.722,8.404,0.0,2148.44,9.0,97.335,0.8,,0,-95.703,6,25,5,800,0.5475
11.274,8.546,0.0,2215.81,9.0,97.62,0.85,,0,-95.568,6,25,6,615,0.5431
11.535,9.791,0.0025,2175.13,9.0,96.996,0.9,,1,-95.65,6,25,7,604,0.5348
11.851,9.739,0.0,2141.44,9.0,97.757,0.95,,1,-95.717,6,25,7,474,0.519
12.163,9.475,0.0,2072.75,9.0,97.286,1.0,,3,-95.854,6,25,7,343,0.5219
10.901,8.463,0.0,1850.06,9.0,97.842,0.8,,0,-96.3,7,25,4,555,0.5441
10.866,8.534,0.0,1920.94,9.0,97.95,0.85,,0,-96.158,7,25,5,544,0.5404
11.086,8.547,0.0,1827.31,9.0,97.583,0.9,,0,-96.345,7,25,6,508,0.5413
11.822,9.739,0.0,812.31,9.0,99.197,0.95,,1,-98.375,7,25,7,472,0.5212
12.048,9.472,0.0,1920.06,9.0,97.62,1.0,,3,-96.16,7,25,7,339,0.5251
11.113,8.165,0.0,1660.19,9.0,98.169,0.8,,0,-96.68,8,25,3,333,0.5435
10.864,8.534,0.0,1570.06,9.0,98.324,0.85,,0,-96.86,8,25,5,543,0.5414
11.085,8.761,0.0,1461.56,9.0,98.152,0.9,,0,-97.077,8,25,6,471,0.5435
11.291,9.253,0.0,1610.31,9.0,98.496,0.95,,1,-96.779,8,25,6,397,0.529
12.037,9.472,0.0,1311.94,9.0,98.462,1.0,,3,-97.376,8,25,7,338,0.5266
11.053,8.289,0.0,1465.94,9.0,98.488,0.8,,0,-97.068,9,25,3,312,0.5449
11.054,8.661,0.0,1308.88,9.0,98.589,0.85,,0,-97.382,9,25,4,383,0.5431
10.902,8.825,0.0,1298.38,9.0,98.415,0.9,,0,-97.403,9,25,5,455,0.5429
11.282,9.303,0.0,1426.56,9.0,98.733,0.95,,1,-97.147,9,25,6,387,0.5349
11.419,9.326,0.0,1454.56,9.0,98.37,1.0,,3,-97.091,9,25,7,325,0.5292
11.053,8.289,0.0,1465.94,9.0,98.488,0.8,,0,-97.068,10,25,3,312,0.5449
11.054,8.661,0.0,1308.88,9.0,98.589,0.85,,0,-97.382,10,25,4,383,0.5431
10.902,8.825,0.0,1298.38,9.0,98.415,0.9,,0,-97.403,10,25,5,455,0.5429
11.282,9.303,0.0,1426.56,9.0,98.733,0.95,,1,-97.147,10,25,6,387,0.5349
11.419,9.326,0.0,1454.56,9.0,98.37,1.0,,3,-97.091,10,25,7,325,0.5292
11.829,9.857,0.0824,32256.31,9.0,45.006,0.8,,2,-35.487,1,30,9,1618,0.5352
12.272,10.091,0.1513,37015.44,9.0,44.543,0.85,,4,-25.969,1,30,9,1071,0.5397
12.145,10.193,0.1475,37813.0,9.0,38.423,0.9,,5,-24.374,1,30,9,816,0.5404
12.12,10.169,0.0,43259.0,9.0,39.434,0.95,,5,-13.482,1,30,9,623,0.5393
12.449,10.445,0.0,46730.56,9.0,32.707,1.0,,6,-6.539,1,30,9,452,0.5398
11.829,9.857,0.0886,10747.5,9.0,83.859,0.8,,2,-78.505,2,30,9,1618,0.5352
12.272,10.091,0.1128,18051.56,9.0,77.602,0.85,,3,-63.897,2,30,9,1071,0.5397
12.145,10.193,0.0525,22493.06,9.0,67.935,0.9,,3,-55.014,2,30,9,816,0.5404
12.12,10.169,0.0,31037.88,9.0,66.936,0.95,,4,-37.924,2,30,9,623,0.5393
12.449,10.445,0.0,37035.56,9.0,59.429,1.0,,6,-25.929,2,30,9,452,0.5398
11.72,9.661,0.0386,4486.88,9.0,93.006,0.8,,1,-91.026,3,30,9,1484,0.535
12.272,10.091,0.0816,6666.06,9.0,93.249,0.85,,2,-86.668,3,30,9,1071,0.5397
12.145,10.193,0.0264,13017.69,9.0,84.419,0.9,,2,-73.965,3,30,9,816,0.5404
12.12,10.169,0.0,19601.63,9.0,85.221,0.95,,3,-60.797,3,30,9,623,0.5393
12.449,10.445,0.0,26501.0,9.0,77.483,1.0,,5,-46.998,3,30,9,452,0.5398
11.425,9.486,0.0,3297.31,9.0,95.215,0.8,,0,-93.405,4,30,7,1218,0.5402
12.15,9.731,0.0674,2926.31,9.0,96.532,0.85,,1,-94.147,4,30,7,839,0.5364
12.145,10.193,0.0,7534.94,9.0,92.61,0.9,,3,-84.93,4,30,9,816,0.5404
12.12,10.169,0.0,10737.44,9.0,92.138,0.95,,3,-78.525,4,30,9,623,0.5393
12.449,10.445,0.0,14124.56,9.0,87.589,1.0,,5,-71.751,4,30,9,452,0.5398
10.837,8.372,0.0,2656.38,9.0,96.421,0.8,,0,-94.687,5,30,5,822,0.5438
11.314,8.497,0.0,2524.69,9.0,97.167,0.85,,0,-94.951,5,30,6,662,0.5423
11.839,9.896,0.0168,2697.5,9.0,96.097,0.9,,1,-94.605,5,30,7,620,0.529
12.12,10.169,0.0,5114.69,9.0,96.504,0.95,,2,-89.771,5,30,9,623,0.5393
12.449,10.445,0.0,6612.25,9.0,94.536,1.0,,4,-86.775,5,30,9,452,0.5398
10.797,8.422,0.0,2210.56,9.0,97.258,0.8,,0,-95.579,6,30,5,790,0.5481
11.314,8.543,0.0,2146.25,9.0,97.695,0.85,,0,-95.707,6,30,6,650,0.5462
11.159,8.567,0.0156,2202.69,9.0,96.958,0.9,,1,-95.595,6,30,6,529,0.5369
11.851,9.739,0.0,2141.44,9.0,97.757,0.95,,1,-95.717,6,30,7,474,0.519
12.163,9.475,0.0,2072.75,9.0,97.286,1.0,,3,-95.854,6,30,7,343,0.5219
10.943,8.435,0.0,1848.75,9.0,97.844,0.8,,0,-96.302,7,30,4,554,0.5469
10.928,8.559,0.0,1866.69,9.0,98.008,0.85,,0,-96.267,7,30,5,546,0.5403
11.108,8.547,0.0,1829.94,9.0,97.58,0.9,,0,-96.34,7,30,6,508,0.5413
11.822,9.739,0.0,812.31,9.0,99.197,0.95,,1,-98.375,7,30,7,472,0.5212
12.048,9.472,0.0,1920.06,9.0,97.62,1.0,,3,-96.16,7,30,7,339,0.5251
10.931,8.435,0.0,1638.75,9.0,98.193,0.8,,0,-96.722,8,30,4,552,0.5489
10.894,8.559,0.0,1579.25,9.0,98.314,0.85,,0,-96.841,8,30,5,543,0.5433
11.108,8.761,0.0,1659.31,9.0,97.902,0.9,,0,-96.681,8,30,6,471,0.5435
11.291,9.253,0.0,1610.31,9.0,98.496,0.95,,1,-96.779,8,30,6,397,0.529
12.037,9.472,0.0,1311.94,9.0,98.462,1.0,,3,-97.376,8,30,7,338,0.5266
11.107,8.337,0.0,1437.06,9.0,98.518,0.8,,0,-97.126,9,30,3,318,0.5472
10.905,8.587,0.0,1461.56,9.0,98.425,0.85,,0,-97.077,9,30,5,539,0.5455
11.072,8.797,0.0,1403.38,9.0,98.287,0.9,,0,-97.193,9,30,6,467,0.5439
11.282,9.303,0.0,1426.56,9.0,98.733,0.95,,1,-97.147,9,30,6,387,0.5349
11.419,9.326,0.0,1454.56,9.0,98.37,1.0,,3,-97.091,9,30,7,325,0.5292
11.107,8.337,0.0,1437.06,9.0,98.518,0.8,,0,-97.126,10,30,3,318,0.5472
10.905,8.587,0.0,1461.56,9.0,98.425,0.85,,0,-97.077,10,30,5,539,0.5455
11.072,8.797,0.0,1403.38,9.0,98.287,0.9,,0,-97.193,10,30,6,467,0.5439
11.282,9.303,0.0,1426.56,9.0,98.733,0.95,,1,-97.147,10,30,6,387,0.5349
11.419,9.326,0.0,1454.56,9.0,98.37,1.0,,3,-97.091,10,30,7,325,0.5292
11.829,9.857,0.0824,32256.31,9.0,45.006,0.8,,2,-35.487,1,35,9,1618,0.5352
12.272,10.091,0.1513,37015.44,9.0,44.543,0.85,,4,-25.969,1,35,9,1071,0.5397
12.145,10.193,0.1475,37813.0,9.0,38.423,0.9,,5,-24.374,1,35,9,816,0.5404
12.12,10.169,0.0,43259.0,9.0,39.434,0.95,,5,-13.482,1,35,9,623,0.5393
12.449,10.445,0.0,46730.56,9.0,32.707,1.0,,6,-6.539,1,35,9,452,0.5398
11.829,9.857,0.0886,10747.5,9.0,83.859,0.8,,2,-78.505,2,35,9,1618,0.5352
12.272,10.091,0.1128,18051.56,9.0,77.602,0.85,,3,-63.897,2,35,9,1071,0.5397
12.145,10.193,0.0525,22493.06,9.0,67.935,0.9,,3,-55.014,2,35,9,816,0.5404
12.12,10.169,0.0,31037.88,9.0,66.936,0.95,,4,-37.924,2,35,9,623,0.5393
12.449,10.445,0.0,37035.56,9.0,59.429,1.0,,6,-25.929,2,35,9,452,0.5398
11.72,9.661,0.0386,4486.88,9.0,93.006,0.8,,1,-91.026,3,35,9,1484,0.535
12.272,10.091,0.0816,6666.06,9.0,93.249,0.85,,2,-86.668,3,35,9,1071,0.5397
12.145,10.193,0.0264,13017.69,9.0,84.419,0.9,,2,-73.965,3,35,9,816,0.5404
12.12,10.169,0.0,19601.63,9.0,85.221,0.95,,3,-60.797,3,35,9,623,0.5393
12.449,10.445,0.0,26501.0,9.0,77.483,1.0,,5,-46.998,3,35,9,452,0.5398
11.425,9.486,0.0,3297.31,9.0,95.215,0.8,,0,-93.405,4,35,7,1218,0.5402
12.15,9.731,0.0674,2926.31,9.0,96.532,0.85,,1,-94.147,4,35,7,839,0.5364
12.145,10.193,0.0,7534.94,9.0,92.61,0.9,,3,-84.93,4,35,9,816,0.5404
12.12,10.169,0.0,10737.44,9.0,92.138,0.95,,3,-78.525,4,35,9,623,0.5393
12.449,10.445,0.0,14124.56,9.0,87.589,1.0,,5,-71.751,4,35,9,452,0.5398
10.837,8.372,0.0,2656.38,9.0,96.421,0.8,,0,-94.687,5,35,5,822,0.5438
11.314,8.497,0.0,2524.69,9.0,97.167,0.85,,0,-94.951,5,35,6,662,0.5423
11.839,9.896,0.0168,2697.5,9.0,96.097,0.9,,1,-94.605,5,35,7,620,0.529
12.12,10.169,0.0,5114.69,9.0,96.504,0.95,,2,-89.771,5,35,9,623,0.5393
12.449,10.445,0.0,6612.25,9.0,94.536,1.0,,4,-86.775,5,35,9,452,0.5398
10.797,8.422,0.0,2210.56,9.0,97.258,0.8,,0,-95.579,6,35,5,790,0.5481
11.314,8.543,0.0,2146.25,9.0,97.695,0.85,,0,-95.707,6,35,6,650,0.5462
11.159,8.567,0.0156,2202.69,9.0,96.958,0.9,,1,-95.595,6,35,6,529,0.5369
11.851,9.739,0.0,2141.44,9.0,97.757,0.95,,1,-95.717,6,35,7,474,0.519
12.163,9.475,0.0,2072.75,9.0,97.286,1.0,,3,-95.854,6,35,7,343,0.5219
10.943,8.435,0.0,1848.75,9.0,97.844,0.8,,0,-96.302,7,35,4,554,0.5469
10.928,8.559,0.0,1866.69,9.0,98.008,0.85,,0,-96.267,7,35,5,546,0.5403
11.108,8.547,0.0,1829.94,9.0,97.58,0.9,,0,-96.34,7,35,6,508,0.5413
11.822,9.739,0.0,812.31,9.0,99.197,0.95,,1,-98.375,7,35,7,472,0.5212
12.048,9.472,0.0,1920.06,9.0,97.62,1.0,,3,-96.16,7,35,7,339,0.5251
10.931,8.435,0.0,1638.75,9.0,98.193,0.8,,0,-96.722,8,35,4,552,0.5489
10.894,8.559,0.0,1579.25,9.0,98.314,0.85,,0,-96.841,8,35,5,543,0.5433
11.108,8.761,0.0,1659.31,9.0,97.902,0.9,,0,-96.681,8,35,6,471,0.5435
11.291,9.253,0.0,1610.31,9.0,98.496,0.95,,1,-96.779,8,35,6,397,0.529
12.037,9.472,0.0,1311.94,9.0,98.462,1.0,,3,-97.376,8,35,7,338,0.5266
11.107,8.337,0.0,1437.06,9.0,98.518,0.8,,0,-97.126,9,35,3,318,0.5472
10.905,8.587,0.0,1461.56,9.0,98.425,0.85,,0,-97.077,9,35,5,539,0.5455
11.072,8.797,0.0,1403.38,9.0,98.287,0.9,,0,-97.193,9,35,6,467,0.5439
11.282,9.303,0.0,1426.56,9.0,98.733,0.95,,1,-97.147,9,35,6,387,0.5349
11.419,9.326,0.0,1454.56,9.0,98.37,1.0,,3,-97.091,9,35,7,325,0.5292
11.107,8.337,0.0,1437.06,9.0,98.518,0.8,,0,-97.126,10,35,3,318,0.5472
10.905,8.587,0.0,1461.56,9.0,98.425,0.85,,0,-97.077,10,35,5,539,0.5455
11.072,8.797,0.0,1403.38,9.0,98.287,0.9,,0,-97.193,10,35,6,467,0.5439
11.282,9.303,0.0,1426.56,9.0,98.733,0.95,,1,-97.147,10,35,6,387,0.5349
11.419,9.326,0.0,1454.56,9.0,98.37,1.0,,3,-97.091,10,35,7,325,0.5292
11.829,9.857,0.0824,32256.31,9.0,45.006,0.8,,2,-35.487,1,40,9,1618,0.5352
12.272,10.091,0.1513,37015.44,9.0,44.543,0.85,,4,-25.969,1,40,9,1071,0.5397
12.145,10.193,0.1475,37813.0,9.0,38.423,0.9,,5,-24.374,1,40,9,816,0.5404
12.12,10.169,0.0,43259.0,9.0,39.434,0.95,,5,-13.482,1,40,9,623,0.5393
12.449,10.445,0.0,46730.56,9.0,32.707,1.0,,6,-6.539,1,40,9,452,0.5398
11.829,9.857,0.0886,10747.5,9.0,83.859,0.8,,2,-78.505,2,40,9,1618,0.5352
12.272,10.091,0.1128,18051.56,9.0,77.602,0.85,,3,-63.897,2,40,9,1071,0.5397
12.145,10.193,0.0525,22493.06,9.0,67.935,0.9,,3,-55.014,2,40,9,816,0.5404
12.12,10.169,0.0,31037.88,9.0,66.936,0.95,,4,-37.924,2,40,9,623,0.5393
12.449,10.445,0.0,37035.56,9.0,59.429,1.0,,6,-25.929,2,40,9,452,0.5398
11.72,9.661,0.0386,4486.88,9.0,93.006,0.8,,1,-91.026,3,40,9,1484,0.535
12.272,10.091,0.0816,6666.06,9.0,93.249,0.85,,2,-86.668,3,40,9,1071,0.5397
12.145,10.193,0.0264,13017.69,9.0,84.419,0.9,,2,-73.965,3,40,9,816,0.5404
12.12,10.169,0.0,19601.63,9.0,85.221,0.95,,3,-60.797,3,40,9,623,0.5393
12.449,10.445,0.0,26501.0,9.0,77.483,1.0,,5,-46.998,3,40,9,452,0.5398
11.425,9.486,0.0,3297.31,9.0,95.215,0.8,,0,-93.405,4,40,7,1218,0.5402
12.15,9.731,0.0674,2926.31,9.0,96.532,0.85,,1,-94.147,4,40,7,839,0.5364
12.145,10.193,0.0,7534.94,9.0,92.61,0.9,,3,-84.93,4,40,9,816,0.5404
12.12,10.169,0.0,10737.44,9.0,92.138,0.95,,3,-78.525,4,40,9,623,0.5393
12.449,10.445,0.0,14124.56,9.0,87.589,1.0,,5,-71.751,4,40,9,452,0.5398
10.837,8.372,0.0,2656.38,9.0,96.421,0.8,,0,-94.687,5,40,5,822,0.5438
11.314,8.497,0.0,2524.69,9.0,97.167,0.85,,0,-94.951,5,40,6,662,0.5423
11.839,9.896,0.0168,2697.5,9.0,96.097,0.9,,1,-94.605,5,40,7,620,0.529
12.12,10.169,0.0,5114.69,9.0,96.504,0.95,,2,-89.771,5,40,9,623,0.5393
12.449,10.445,0.0,6612.25,9.0,94.536,1.0,,4,-86.775,5,40,9,452,0.5398
10.797,8.422,0.0,2210.56,9.0,97.258,0.8,,0,-95.579,6,40,5,790,0.5481
11.314,8.543,0.0,2146.25,9.0,97.695,0.85,,0,-95.707,6,40,6,650,0.5462
11.159,8.567,0.0156,2202.69,9.0,96.958,0.9,,1,-95.595,6,40,6,529,0.5369
11.851,9.739,0.0,2141.44,9.0,97.757,0.95,,1,-95.717,6,40,7,474,0.519
12.163,9.475,0.0,2072.75,9.0,97.286,1.0,,3,-95.854,6,40,7,343,0.5219
10.943,8.435,0.0,1848.75,9.0,97.844,0.8,,0,-96.302,7,40,4,554,0.5469
10.928,8.559,0.0,1866.69,9.0,98.008,0.85,,0,-96.267,7,40,5,546,0.5403
11.108,8.547,0.0,1829.94,9.0,97.58,0.9,,0,-96.34,7,40,6,508,0.5413
11.822,9.739,0.0,812.31,9.0,99.197,0.95,,1,-98.375,7,40,7,472,0.5212
12.048,9.472,0.0,1920.06,9.0,97.62,1.0,,3,-96.16,7,40,7,339,0.5251
10.931,8.435,0.0,1638.75,9.0,98.193,0.8,,0,-96.722,8,40,4,552,0.5489
10.894,8.559,0.0,1579.25,9.0,98.314,0.85,,0,-96.841,8,40,5,543,0.5433
11.108,8.761,0.0,1659.31,9.0,97.902,0.9,,0,-96.681,8,40,6,471,0.5435
11.291,9.253,0.0,1610.31,9.0,98.496,0.95,,1,-96.779,8,40,6,397,0.529
12.037,9.472,0.0,1311.94,9.0,98.462,1.0,,3,-97.376,8,40,7,338,0.5266
11.107,8.337,0.0,1437.06,9.0,98.518,0.8,,0,-97.126,9,40,3,318,0.5472
10.905,8.587,0.0,1461.56,9.0,98.425,0.85,,0,-97.077,9,40,5,539,0.5455
11.072,8.797,0.0,1403.38,9.0,98.287,0.9,,0,-97.193,9,40,6,467,0.5439
11.282,9.303,0.0,1426.56,9.0,98.733,0.95,,1,-97.147,9,40,6,387,0.5349
11.419,9.326,0.0,1454.56,9.0,98.37,1.0,,3,-97.091,9,40,7,325,0.5292
11.107,8.337,0.0,1437.06,9.0,98.518,0.8,,0,-97.126,10,40,3,318,0.5472
10.905,8.587,0.0,1461.56,9.0,98.425,0.85,,0,-97.077,10,40,5,539,0.5455
11.072,8.797,0.0,1403.38,9.0,98.287,0.9,,0,-97.193,10,40,6,467,0.5439
11.282,9.303,0.0,1426.56,9.0,98.733,0.95,,1,-97.147,10,40,6,387,0.5349
11.419,9.326,0.0,1454.56,9.0,98.37,1.0,,3,-97.091,10,40,7,325,0.5292
11.829,9.857,0.0824,32256.31,9.0,45.006,0.8,,2,-35.487,1,45,9,1618,0.5352
12.272,10.091,0.1513,37015.44,9.0,44.543,0.85,,4,-25.969,1,45,9,1071,0.5397
12.145,10.193,0.1475,37813.0,9.0,38.423,0.9,,5,-24.374,1,45,9,816,0.5404
12.12,10.169,0.0,43259.0,9.0,39.434,0.95,,5,-13.482,1,45,9,623,0.5393
12.449,10.445,0.0,46730.56,9.0,32.707,1.0,,6,-6.539,1,45,9,452,0.5398
11.829,9.857,0.0886,10747.5,9.0,83.859,0.8,,2,-78.505,2,45,9,1618,0.5352
12.272,10.091,0.1128,18051.56,9.0,77.602,0.85,,3,-63.897,2,45,9,1071,0.5397
12.145,10.193,0.0525,22493.06,9.0,67.935,0.9,,3,-55.014,2,45,9,816,0.5404
12.12,10.169,0.0,31037.88,9.0,66.936,0.95,,4,-37.924,2,45,9,623,0.5393
12.449,10.445,0.0,37035.56,9.0,59.429,1.0,,6,-25.929,2,45,9,452,0.5398
11.72,9.661,0.0386,4486.88,9.0,93.006,0.8,,1,-91.026,3,45,9,1484,0.535
12.272,10.091,0.0816,6666.06,9.0,93.249,0.85,,2,-86.668,3,45,9,1071,0.5397
12.145,10.193,0.0264,13017.69,9.0,84.419,0.9,,2,-73.965,3,45,9,816,0.5404
12.12,10.169,0.0,19601.63,9.0,85.221,0.95,,3,-60.797,3,45,9,623,0.5393
12.449,10.445,0.0,26501.0,9.0,77.483,1.0,,5,-46.998,3,45,9,452,0.5398
11.425,9.486,0.0,3297.31,9.0,95.215,0.8,,0,-93.405,4,45,7,1218,0.5402
12.15,9.731,0.0674,2926.31,9.0,96.532,0.85,,1,-94.147,4,45,7,839,0.5364
12.145,10.193,0.0,7534.94,9.0,92.61,0.9,,3,-84.93,4,45,9,816,0.5404
12.12,10.169,0.0,10737.44,9.0,92.138,0.95,,3,-78.525,4,45,9,623,0.5393
12.449,10.445,0.0,14124.56,9.0,87.589,1.0,,5,-71.751,4,45,9,452,0.5398
10.837,8.372,0.0,2656.38,9.0,96.421,0.8,,0,-94.687,5,45,5,822,0.5438
11.314,8.497,0.0,2524.69,9.0,97.167,0.85,,0,-94.951,5,45,6,662,0.5423
11.839,9.896,0.0168,2697.5,9.0,96.097,0.9,,1,-94.605,5,45,7,620,0.529
12.12,10.169,0.0,5114.69,9.0,96.504,0.95,,2,-89.771,5,45,9,623,0.5393
12.449,10.445,0.0,6612.25,9.0,94.536,1.0,,4,-86.775,5,45,9,452,0.5398
10.797,8.422,0.0,2210.56,9.0,97.258,0.8,,0,-95.579,6,45,5,790,0.5481
11.314,8.543,0.0,2146.25,9.0,97.695,0.85,,0,-95.707,6,45,6,650,0.5462
11.159,8.567,0.0156,2202.69,9.0,96.958,0.9,,1,-95.595,6,45,6,529,0.5369
11.851,9.739,0.0,2141.44,9.0,97.757,0.95,,1,-95.717,6,45,7,474,0.519
12.163,9.475,0.0,2072.75,9.0,97.286,1.0,,3,-95.854,6,45,7,343,0.5219
10.943,8.435,0.0,1848.75,9.0,97.844,0.8,,0,-96.302,7,45,4,554,0.5469
10.928,8.559,0.0,1866.69,9.0,98.008,0.85,,0,-96.267,7,45,5,546,0.5403
11.108,8.547,0.0,1829.94,9.0,97.58,0.9,,0,-96.34,7,45,6,508,0.5413
11.822,9.739,0.0,812.31,9.0,99.197,0.95,,1,-98.375,7,45,7,472,0.5212
12.048,9.472,0.0,1920.06,9.0,97.62,1.0,,3,-96.16,7,45,7,339,0.5251
10.931,8.435,0.0,1638.75,9.0,98.193,0.8,,0,-96.722,8,45,4,552,0.5489
10.894,8.559,0.0,1579.25,9.0,98.314,0.85,,0,-96.841,8,45,5,543,0.5433
11.108,8.761,0.0,1659.31,9.0,97.902,0.9,,0,-96.681,8,45,6,471,0.5435
11.291,9.253,0.0,1610.31,9.0,98.496,0.95,,1,-96.779,8,45,6,397,0.529
12.037,9.472,0.0,1311.94,9.0,98.462,1.0,,3,-97.376,8,45,7,338,0.5266
11.107,8.337,0.0,1437.06,9.0,98.518,0.8,,0,-97.126,9,45,3,318,0.5472
10.905,8.587,0.0,1461.56,9.0,98.425,0.85,,0,-97.077,9,45,5,539,0.5455
11.072,8.797,0.0,1403.38,9.0,98.287,0.9,,0,-97.193,9,45,6,467,0.5439
11.282,9.303,0.0,1426.56,9.0,98.733,0.95,,1,-97.147,9,45,6,387,0.5349
11.419,9.326,0.0,1454.56,9.0,98.37,1.0,,3,-97.091,9,45,7,325,0.5292
11.107,8.337,0.0,1437.06,9.0,98.518,0.8,,0,-97.126,10,45,3,318,0.5472
10.905,8.587,0.0,1461.56,9.0,98.425,0.85,,0,-97.077,10,45,5,539,0.5455
11.072,8.797,0.0,1403.38,9.0,98.287,0.9,,0,-97.193,10,45,6,467,0.5439
11.282,9.303,0.0,1426.56,9.0,98.733,0.95,,1,-97.147,10,45,6,387,0.5349
11.419,9.326,0.0,1454.56,9.0,98.37,1.0,,3,-97.091,10,45,7,325,0.5292
11.829,9.857,0.0824,32256.31,9.0,45.006,0.8,,2,-35.487,1,50,9,1618,0.5352
12.272,10.091,0.1513,37015.44,9.0,44.543,0.85,,4,-25.969,1,50,9,1071,0.5397
12.145,10.193,0.1475,37813.0,9.0,38.423,0.9,,5,-24.374,1,50,9,816,0.5404
12.12,10.169,0.0,43259.0,9.0,39.434,0.95,,5,-13.482,1,50,9,623,0.5393
12.449,10.445,0.0,46730.56,9.0,32.707,1.0,,6,-6.539,1,50,9,452,0.5398
11.829,9.857,0.0886,10747.5,9.0,83.859,0.8,,2,-78.505,2,50,9,1618,0.5352
12.272,10.091,0.1128,18051.56,9.0,77.602,0.85,,3,-63.897,2,50,9,1071,0.5397
12.145,10.193,0.0525,22493.06,9.0,67.935,0.9,,3,-55.014,2,50,9,816,0.5404
12.12,10.169,0.0,31037.88,9.0,66.936,0.95,,4,-37.924,2,50,9,623,0.5393
12.449,10.445,0.0,37035.56,9.0,59.429,1.0,,6,-25.929,2,50,9,452,0.5398
11.72,9.661,0.0386,4486.88,9.0,93.006,0.8,,1,-91.026,3,50,9,1484,0.535
12.272,10.091,0.0816,6666.06,9.0,93.249,0.85,,2,-86.668,3,50,9,1071,0.5397
12.145,10.193,0.0264,13017.69,9.0,84.419,0.9,,2,-73.965,3,50,9,816,0.5404
12.12,10.169,0.0,19601.63,9.0,85.221,0.95,,3,-60.797,3,50,9,623,0.5393
12.449,10.445,0.0,26501.0,9.0,77.483,1.0,,5,-46.998,3,50,9,452,0.5398
11.425,9.486,0.0,3297.31,9.0,95.215,0.8,,0,-93.405,4,50,7,1218,0.5402
12.15,9.731,0.0674,2926.31,9.0,96.532,0.85,,1,-94.147,4,50,7,839,0.5364
12.145,10.193,0.0,7534.94,9.0,92.61,0.9,,3,-84.93,4,50,9,816,0.5404
12.12,10.169,0.0,10737.44,9.0,92.138,0.95,,3,-78.525,4,50,9,623,0.5393
12.449,10.445,0.0,14124.56,9.0,87.589,1.0,,5,-71.751,4,50,9,452,0.5398
10.837,8.372,0.0,2656.38,9.0,96.421,0.8,,0,-94.687,5,50,5,822,0.5438
11.314,8.497,0.0,2524.69,9.0,97.167,0.85,,0,-94.951,5,50,6,662,0.5423
11.839,9.896,0.0168,2697.5,9.0,96.097,0.9,,1,-94.605,5,50,7,620,0.529
12.12,10.169,0.0,5114.69,9.0,96.504,0.95,,2,-89.771,5,50,9,623,0.5393
12.449,10.445,0.0,6612.25,9.0,94.536,1.0,,4,-86.775,5,50,9,452,0.5398
10.797,8.422,0.0,2210.56,9.0,97.258,0.8,,0,-95.579,6,50,5,790,0.5481
11.314,8.543,0.0,2146.25,9.0,97.695,0.85,,0,-95.707,6,50,6,650,0.5462
11.159,8.567,0.0156,2202.69,9.0,96.958,0.9,,1,-95.595,6,50,6,529,0.5369
11.851,9.739,0.0,2141.44,9.0,97.757,0.95,,1,-95.717,6,50,7,474,0.519
12.163,9.475,0.0,2072.75,9.0,97.286,1.0,,3,-95.854,6,50,7,343,0.5219
10.943,8.435,0.0,1848.75,9.0,97.844,0.8,,0,-96.302,7,50,4,554,0.5469
10.928,8.559,0.0,1866.69,9.0,98.008,0.85,,0,-96.267,7,50,5,546,0.5403
11.108,8.547,0.0,1829.94,9.0,97.58,0.9,,0,-96.34,7,50,6,508,0.5413
11.822,9.739,0.0,812.31,9.0,99.197,0.95,,1,-98.375,7,50,7,472,0.5212
12.048,9.472,0.0,1920.06,9.0,97.62,1.0,,3,-96.16,7,50,7,339,0.5251
10.931,8.435,0.0,1638.75,9.0,98.193,0.8,,0,-96.722,8,50,4,552,0.5489
10.894,8.559,0.0,1579.25,9.0,98.314,0.85,,0,-96.841,8,50,5,543,0.5433
11.108,8.761,0.0,1659.31,9.0,97.902,0.9,,0,-96.681,8,50,6,471,0.5435
11.291,9.253,0.0,1610.31,9.0,98.496,0.95,,1,-96.779,8,50,6,397,0.529
12.037,9.472,0.0,1311.94,9.0,98.462,1.0,,3,-97.376,8,50,7,338,0.5266
11.107,8.337,0.0,1437.06,9.0,98.518,0.8,,0,-97.126,9,50,3,318,0.5472
10.905,8.587,0.0,1461.56,9.0,98.425,0.85,,0,-97.077,9,50,5,539,0.5455
11.072,8.797,0.0,1403.38,9.0,98.287,0.9,,0,-97.193,9,50,6,467,0.5439
11.282,9.303,0.0,1426.56,9.0,98.733,0.95,,1,-97.147,9,50,6,387,0.5349
11.419,9.326,0.0,1454.56,9.0,98.37,1.0,,3,-97.091,9,50,7,325,0.5292
11.107,8.337,0.0,1437.06,9.0,98.518,0.8,,0,-97.126,10,50,3,318,0.5472
10.905,8.587,0.0,1461.56,9.0,98.425,0.85,,0,-97.077,10,50,5,539,0.5455
11.072,8.797,0.0,1403.38,9.0,98.287,0.9,,0,-97.193,10,50,6,467,0.5439
11.282,9.303,0.0,1426.56,9.0,98.733,0.95,,1,-97.147,10,50,6,387,0.5349
11.419,9.326,0.0,1454.56,9.0,98.37,1.0,,3,-97.091,10,50,7,325,0.5292
11.829,9.857,0.0824,32256.31,9.0,45.006,0.8,,2,-35.487,1,55,9,1618,0.5352
12.272,10.091,0.1513,37015.44,9.0,44.543,0.85,,4,-25.969,1,55,9,1071,0.5397
12.145,10.193,0.1475,37813.0,9.0,38.423,0.9,,5,-24.374,1,55,9,816,0.5404
12.12,10.169,0.0,43259.0,9.0,39.434,0.95,,5,-13.482,1,55,9,623,0.5393
12.449,10.445,0.0,46730.56,9.0,32.707,1.0,,6,-6.539,1,55,9,452,0.5398
11.829,9.857,0.0886,10747.5,9.0,83.859,0.8,,2,-78.505,2,55,9,1618,0.5352
12.272,10.091,0.1128,18051.56,9.0,77.602,0.85,,3,-63.897,2,55,9,1071,0.5397
12.145,10.193,0.0525,22493.06,9.0,67.935,0.9,,3,-55.014,2,55,9,816,0.5404
12.12,10.169,0.0,31037.88,9.0,66.936,0.95,,4,-37.924,2,55,9,623,0.5393
12.449,10.445,0.0,37035.56,9.0,59.429,1.0,,6,-25.929,2,55,9,452,0.5398
11.72,9.661,0.0386,4486.88,9.0,93.006,0.8,,1,-91.026,3,55,9,1484,0.535
12.272,10.091,0.0816,6666.06,9.0,93.249,0.85,,2,-86.668,3,55,9,1071,0.5397
12.145,10.193,0.0264,13017.69,9.0,84.419,0.9,,2,-73.965,3,55,9,816,0.5404
12.12,10.169,0.0,19601.63,9.0,85.221,0.95,,3,-60.797,3,55,9,623,0.5393
12.449,10.445,0.0,26501.0,9.0,77.483,1.0,,5,-46.998,3,55,9,452,0.5398
11.425,9.486,0.0,3297.31,9.0,95.215,0.8,,0,-93.405,4,55,7,1218,0.5402
12.15,9.731,0.0674,2926.31,9.0,96.532,0.85,,1,-94.147,4,55,7,839,0.5364
12.145,10.193,0.0,7534.94,9.0,92.61,0.9,,3,-84.93,4,55,9,816,0.5404
12.12,10.169,0.0,10737.44,9.0,92.138,0.95,,3,-78.525,4,55,9,623,0.5393
12.449,10.445,0.0,14124.56,9.0,87.589,1.0,,5,-71.751,4,55,9,452,0.5398
10.837,8.372,0.0,2656.38,9.0,96.421,0.8,,0,-94.687,5,55,5,822,0.5438
11.314,8.497,0.0,2524.69,9.0,97.167,0.85,,0,-94.951,5,55,6,662,0.5423
11.839,9.896,0.0168,2697.5,9.0,96.097,0.9,,1,-94.605,5,55,7,620,0.529
12.12,10.169,0.0,5114.69,9.0,96.504,0.95,,2,-89.771,5,55,9,623,0.5393
12.449,10.445,0.0,6612.25,9.0,94.536,1.0,,4,-86.775,5,55,9,452,0.5398
10.797,8.422,0.0,2210.56,9.0,97.258,0.8,,0,-95.579,6,55,5,790,0.5481
11.314,8.543,0.0,2146.25,9.0,97.695,0.85,,0,-95.707,6,55,6,650,0.5462
11.159,8.567,0.0156,2202.69,9.0,96.958,0.9,,1,-95.595,6,55,6,529,0.5369
11.851,9.739,0.0,2141.44,9.0,97.757,0.95,,1,-95.717,6,55,7,474,0.519
12.163,9.475,0.0,2072.75,9.0,97.286,1.0,,3,-95.854,6,55,7,343,0.5219
10.943,8.435,0.0,1848.75,9.0,97.844,0.8,,0,-96.302,7,55,4,554,0.5469
10.928,8.559,0.0,1866.69,9.0,98.008,0.85,,0,-96.267,7,55,5,546,0.5403
11.108,8.547,0.0,1829.94,9.0,97.58,0.9,,0,-96.34,7,55,6,508,0.5413
11.822,9.739,0.0,812.31,9.0,99.197,0.95,,1,-98.375,7,55,7,472,0.5212
12.048,9.472,0.0,1920.06,9.0,97.62,1.0,,3,-96.16,7,55,7,339,0.5251
10.931,8.435,0.0,1638.75,9.0,98.193,0.8,,0,-96.722,8,55,4,552,0.5489
10.894,8.559,0.0,1579.25,9.0,98.314,0.85,,0,-96.841,8,55,5,543,0.5433
11.108,8.761,0.0,1659.31,9.0,97.902,0.9,,0,-96.681,8,55,6,471,0.5435
11.291,9.253,0.0,1610.31,9.0,98.496,0.95,,1,-96.779,8,55,6,397,0.529
12.037,9.472,0.0,1311.94,9.0,98.462,1.0,,3,-97.376,8,55,7,338,0.5266
11.107,8.337,0.0,1437.06,9.0,98.518,0.8,,0,-97.126,9,55,3,318,0.5472
10.905,8.587,0.0,1461.56,9.0,98.425,0.85,,0,-97.077,9,55,5,539,0.5455
11.072,8.797,0.0,1403.38,9.0,98.287,0.9,,0,-97.193,9,55,6,467,0.5439
11.282,9.303,0.0,1426.56,9.0,98.733,0.95,,1,-97.147,9,55,6,387,0.5349
11.419,9.326,0.0,1454.56,9.0,98.37,1.0,,3,-97.091,9,55,7,325,0.5292
11.107,8.337,0.0,1437.06,9.0,98.518,0.8,,0,-97.126,10,55,3,318,0.5472
10.905,8.587,0.0,1461.56,9.0,98.425,0.85,,0,-97.077,10,55,5,539,0.5455
11.072,8.797,0.0,1403.38,9.0,98.287,0.9,,0,-97.193,10,55,6,467,0.5439
11.282,9.303,0.0,1426.56,9.0,98.733,0.95,,1,-97.147,10,55,6,387,0.5349
11.419,9.326,0.0,1454.56,9.0,98.37,1.0,,3,-97.091,10,55,7,325,0.5292
11.829,9.857,0.0824,32256.31,9.0,45.006,0.8,,2,-35.487,1,60,9,1618,0.5352
12.272,10.091,0.1513,37015.44,9.0,44.543,0.85,,4,-25.969,1,60,9,1071,0.5397
12.145,10.193,0.1475,37813.0,9.0,38.423,0.9,,5,-24.374,1,60,9,816,0.5404
12.12,10.169,0.0,43259.0,9.0,39.434,0.95,,5,-13.482,1,60,9,623,0.5393
12.449,10.445,0.0,46730.56,9.0,32.707,1.0,,6,-6.539,1,60,9,452,0.5398
11.829,9.857,0.0886,10747.5,9.0,83.859,0.8,,2,-78.505,2,60,9,1618,0.5352
12.272,10.091,0.1128,18051.56,9.0,77.602,0.85,,3,-63.897,2,60,9,1071,0.5397
12.145,10.193,0.0525,22493.06,9.0,67.935,0.9,,3,-55.014,2,60,9,816,0.5404
12.12,10.169,0.0,31037.88,9.0,66.936,0.95,,4,-37.924,2,60,9,623,0.5393
12.449,10.445,0.0,37035.56,9.0,59.429,1.0,,6,-25.929,2,60,9,452,0.5398
11.72,9.661,0.0386,4486.88,9.0,93.006,0.8,,1,-91.026,3,60,9,1484,0.535
12.272,10.091,0.0816,6666.06,9.0,93.249,0.85,,2,-86.668,3,60,9,1071,0.5397
12.145,10.193,0.0264,13017.69,9.0,84.419,0.9,,2,-73.965,3,60,9,816,0.5404
12.12,10.169,0.0,19601.63,9.0,85.221,0.95,,3,-60.797,3,60,9,623,0.5393
12.449,10.445,0.0,26501.0,9.0,77.483,1.0,,5,-46.998,3,60,9,452,0.5398
11.425,9.486,0.0,3297.31,9.0,95.215,0.8,,0,-93.405,4,60,7,1218,0.5402
12.15,9.731,0.0674,2926.31,9.0,96.532,0.85,,1,-94.147,4,60,7,839,0.5364
12.145,10.193,0.0,7534.94,9.0,92.61,0.9,,3,-84.93,4,60,9,816,0.5404
12.12,10.169,0.0,10737.44,9.0,92.138,0.95,,3,-78.525,4,60,9,623,0.5393
12.449,10.445,0.0,14124.56,9.0,87.589,1.0,,5,-71.751,4,60,9,452,0.5398
10.837,8.372,0.0,2656.38,9.0,96.421,0.8,,0,-94.687,5,60,5,822,0.5438
11.314,8.497,0.0,2524.69,9.0,97.167,0.85,,0,-94.951,5,60,6,662,0.5423
11.839,9.896,0.0168,2697.5,9.0,96.097,0.9,,1,-94.605,5,60,7,620,0.529
12.12,10.169,0.0,5114.69,9.0,96.504,0.95,,2,-89.771,5,60,9,623,0.5393
12.449,10.445,0.0,6612.25,9.0,94.536,1.0,,4,-86.775,5,60,9,452,0.5398
10.797,8.422,0.0,2210.56,9.0,97.258,0.8,,0,-95.579,6,60,5,790,0.5481
11.314,8.543,0.0,2146.25,9.0,97.695,0.85,,0,-95.707,6,60,6,650,0.5462
11.159,8.567,0.0156,2202.69,9.0,96.958,0.9,,1,-95.595,6,60,6,529,0.5369
11.851,9.739,0.0,2141.44,9.0,97.757,0.95,,1,-95.717,6,60,7,474,0.519
12.163,9.475,0.0,2072.75,9.0,97.286,1.0,,3,-95.854,6,60,7,343,0.5219
10.943,8.435,0.0,1848.75,9.0,97.844,0.8,,0,-96.302,7,60,4,554,0.5469
10.928,8.559,0.0,1866.69,9.0,98.008,0.85,,0,-96.267,7,60,5,546,0.5403
11.108,8.547,0.0,1829.94,9.0,97.58,0.9,,0,-96.34,7,60,6,508,0.5413
11.822,9.739,0.0,812.31,9.0,99.197,0.95,,1,-98.375,7,60,7,472,0.5212
12.048,9.472,0.0,1920.06,9.0,97.62,1.0,,3,-96.16,7,60,7,339,0.5251
10.931,8.435,0.0,1638.75,9.0,98.193,0.8,,0,-96.722,8,60,4,552,0.5489
10.894,8.559,0.0,1579.25,9.0,98.314,0.85,,0,-96.841,8,60,5,543,0.5433
11.108,8.761,0.0,1659.31,9.0,97.902,0.9,,0,-96.681,8,60,6,471,0.5435
11.291,9.253,0.0,1610.31,9.0,98.496,0.95,,1,-96.779,8,60,6,397,0.529
12.037,9.472,0.0,1311.94,9.0,98.462,1.0,,3,-97.376,8,60,7,338,0.5266
11.107,8.337,0.0,1437.06,9.0,98.518,0.8,,0,-97.126,9,60,3,318,0.5472
10.905,8.587,0.0,1461.56,9.0,98.425,0.85,,0,-97.077,9,60,5,539,0.5455
11.072,8.797,0.0,1403.38,9.0,98.287,0.9,,0,-97.193,9,60,6,467,0.5439
11.282,9.303,0.0,1426.56,9.0,98.733,0.95,,1,-97.147,9,60,6,387,0.5349
11.419,9.326,0.0,1454.56,9.0,98.37,1.0,,3,-97.091,9,60,7,325,0.5292
11.107,8.337,0.0,1437.06,9.0,98.518,0.8,,0,-97.126,10,60,3,318,0.5472
10.905,8.587,0.0,1461.56,9.0,98.425,0.85,,0,-97.077,10,60,5,539,0.5455
11.072,8.797,0.0,1403.38,9.0,98.287,0.9,,0,-97.193,10,60,6,467,0.5439
11.282,9.303,0.0,1426.56,9.0,98.733,0.95,,1,-97.147,10,60,6,387,0.5349
11.419,9.326,0.0,1454.56,9.0,98.37,1.0,,3,-97.091,10,60,7,325,0.5292
9.877,9.873,0.0,36877.19,9.5,43.64,0.8,,4,-26.246,1,5,9,1643,0.4936
10.113,10.261,0.0243,40194.31,9.5,37.021,0.85,,4,-19.611,1,5,9,1087,0.4913
9.762,10.428,0.0,43201.25,9.5,34.701,0.9,,4,-13.597,1,5,9,828,0.4867
9.988,10.439,0.0,42334.13,9.5,33.849,0.95,,4,-15.332,1,5,9,632,0.481
10.499,10.775,0.0,43782.25,9.5,31.363,1.0,,6,-12.435,1,5,9,454,0.4868
9.877,9.873,0.0,17298.19,9.5,77.718,0.8,,3,-65.404,2,5,9,1643,0.4936
10.113,10.261,0.0,23494.5,9.5,71.792,0.85,,3,-53.011,2,5,9,1087,0.4913
9.762,10.428,0.0,36527.63,9.5,59.195,0.9,,5,-26.945,2,5,9,828,0.4867
9.988,10.439,0.0,29880.69,9.5,63.109,0.95,,4,-40.239,2,5,9,632,0.481
10.499,10.775,0.0,36339.06,9.5,55.76,1.0,,6,-27.322,2,5,9,454,0.4868
9.877,9.873,0.0,7437.38,9.5,92.258,0.8,,3,-85.125,3,5,9,1643,0.4936
10.113,10.261,0.0,13067.56,9.5,85.904,0.85,,2,-73.865,3,5,9,1087,0.4913
9.762,10.428,0.0,20620.56,9.5,80.435,0.9,,4,-58.759,3,5,9,828,0.4867
9.988,10.439,0.0,20862.06,9.5,79.502,0.95,,4,-58.276,3,5,9,632,0.481
10.499,10.775,0.0,25042.38,9.5,75.196,1.0,,6,-49.915,3,5,9,454,0.4868
9.664,9.51,0.0,3388.31,9.5,96.944,0.8,,2,-93.223,4,5,8,1351,0.4922
10.113,10.261,0.0,6252.19,9.5,94.631,0.85,,2,-87.496,4,5,9,1087,0.4913
9.762,10.428,0.0,8060.38,9.5,91.239,0.9,,3,-83.879,4,5,9,828,0.4867
9.988,10.439,0.0,10250.5,9.5,91.413,0.95,,4,-79.499,4,5,9,632,0.481
10.499,10.775,0.0,13582.5,9.5,87.133,1.0,,6,-72.835,4,5,9,454,0.4868
9.584,9.49,0.0,2190.0,9.5,98.334,0.8,,3,-95.62,5,5,7,1278,0.4945
10.058,9.855,0.0,2223.25,9.5,97.41,0.85,,1,-95.553,5,5,7,855,0.4865
9.762,10.428,0.0,6033.88,9.5,95.471,0.9,,4,-87.932,5,5,9,828,0.4867
9.988,10.439,0.0,5418.31,9.5,95.258,0.95,,3,-89.163,5,5,9,632,0.481
10.499,10.775,0.0,6482.31,9.5,93.543,1.0,,5,-87.035,5,5,9,454,0.4868
8.483,8.151,0.0,2298.06,9.5,98.472,0.8,,1,-95.404,6,5,5,847,0.4876
8.996,8.46,0.0,2259.56,9.5,97.51,0.85,,1,-95.481,6,5,6,678,0.4838
9.583,10.092,0.0,1822.94,9.5,97.704,0.9,,2,-96.354,6,5,7,628,0.4777
9.988,10.439,0.0,4336.38,9.5,97.472,0.95,,4,-91.327,6,5,9,632,0.481
10.684,10.694,0.0,2289.75,9.5,97.017,1.0,,3,-95.42,6,5,9,420,0.481
8.39,8.134,0.0,1938.44,9.5,98.9,0.8,,1,-96.123,7,5,5,827,0.4897
8.742,8.428,0.0,1944.13,9.5,97.991,0.85,,1,-96.112,7,5,5,570,0.4807
8.752,8.539,0.0,1942.38,9.5,97.681,0.9,,2,-96.115,7,5,6,520,0.475
9.606,10.016,0.0,1943.69,9.5,98.132,0.95,,2,-96.113,7,5,7,482,0.4627
10.035,9.828,0.0,1997.94,9.5,97.551,1.0,,3,-96.004,7,5,7,344,0.4651
8.485,8.008,0.0,1630.88,9.5,99.168,0.8,,1,-96.738,8,5,4,572,0.493
8.672,8.471,0.0,1692.13,9.5,98.358,0.85,,1,-96.616,8,5,5,561,0.4795
8.732,8.539,0.0,1517.13,9.5,98.242,0.9,,2,-96.966,8,5,6,515,0.4796
9.59,10.016,0.0,912.94,9.5,99.199,0.95,,2,-98.174,8,5,7,481,0.4636
9.972,9.827,0.0,1661.5,9.5,98.09,1.0,,3,-96.677,8,5,7,341,0.4663
8.496,8.099,0.0,1343.0,9.5,99.4,0.8,,1,-97.314,9,5,4,547,0.4936
8.675,8.407,0.0,1525.44,9.5,98.576,0.85,,1,-96.949,9,5,4,432,0.4792
8.632,8.665,0.0,1485.63,9.5,98.304,0.9,,2,-97.029,9,5,6,486,0.4794
8.926,9.474,0.0,1316.75,9.5,98.909,0.95,,2,-97.366,9,5,6,406,0.4631
9.951,9.827,0.0,912.5,9.5,99.005,1.0,,3,-98.175,9,5,7,340,0.4676
8.49,8.099,0.0,1434.0,9.5,99.384,0.8,,1,-97.132,10,5,4,545,0.4954
8.683,8.514,0.0,1497.88,9.5,98.598,0.85,,1,-97.004,10,5,4,417,0.4772
8.632,8.665,0.0,1373.19,9.5,98.446,0.9,,2,-97.254,10,5,6,486,0.4794
8.858,9.474,0.0,1462.88,9.5,98.818,0.95,,2,-97.074,10,5,6,403,0.4665
9.951,9.827,0.0,629.0,9.5,99.333,1.0,,3,-98.742,10,5,7,340,0.4676
11.667,9.834,0.0643,35726.56,9.5,42.73,0.8,,4,-28.547,1,10,9,1613,0.5356
12.113,10.232,0.1002,39893.31,9.5,38.145,0.85,,4,-20.213,1,10,9,1072,0.5401
11.937,10.34,0.0,52914.62,9.5,30.041,0.9,,6,5.829,1,10,9,818,0.5416
11.923,10.225,0.0,49237.0,9.5,34.852,0.95,,5,-1.526,1,10,9,625,0.5392
12.423,10.437,0.0,49391.0,9.5,28.756,1.0,,6,-1.218,1,10,9,452,0.5442
11.667,9.834,0.0109,17112.25,9.5,78.94,0.8,,4,-65.775,2,10,9,1613,0.5356
12.113,10.232,0.0397,26180.75,9.5,68.302,0.85,,3,-47.639,2,10,9,1072,0.5401
11.937,10.34,0.0,36304.5,9.5,58.071,0.9,,5,-27.391,2,10,9,818,0.5416
11.923,10.225,0.0,38884.44,9.5,63.34,0.95,,5,-22.231,2,10,9,625,0.5392
12.423,10.437,0.0,38315.69,9.5,56.304,1.0,,6,-23.369,2,10,9,452,0.5442
11.667,9.834,0.0,7259.31,9.5,92.366,0.8,,4,-85.481,3,10,9,1613,0.5356
12.113,10.232,0.0503,9333.5,9.5,88.508,0.85,,2,-81.333,3,10,9,1072,0.5401
11.937,10.34,0.0,25105.81,9.5,75.267,0.9,,5,-49.788,3,10,9,818,0.5416
11.923,10.225,0.0,27649.44,9.5,79.744,0.95,,5,-44.701,3,10,9,625,0.5392
12.423,10.437,0.0,27600.44,9.5,72.785,1.0,,6,-44.799,3,10,9,452,0.5442
11.355,9.464,0.0,3037.0,9.5,96.7,0.8,,1,-93.926,4,10,7,1249,0.5388
12.113,10.232,0.0771,5632.69,9.5,95.011,0.85,,3,-88.735,4,10,9,1072,0.5401
11.937,10.34,0.0,15077.44,9.5,87.063,0.9,,5,-69.845,4,10,9,818,0.5416
11.923,10.225,0.0,15701.31,9.5,88.915,0.95,,4,-68.597,4,10,9,625,0.5392
12.423,10.437,0.0,19723.25,9.5,84.322,1.0,,6,-60.553,4,10,9,452,0.5442
11.226,9.428,0.0,2774.06,9.5,97.283,0.8,,2,-94.452,5,10,7,1226,0.54
11.971,9.845,0.057,1805.88,9.5,97.993,0.85,,1,-96.388,5,10,7,841,0.5375
11.937,10.34,0.0,6261.38,9.5,93.87,0.9,,5,-87.477,5,10,9,818,0.5416
11.923,10.225,0.0,6967.06,9.5,95.244,0.95,,3,-86.066,5,10,9,625,0.5392
12.423,10.437,0.0,12614.31,9.5,91.008,1.0,,5,-74.771,5,10,9,452,0.5442
10.399,8.217,0.0,2135.75,9.5,98.114,0.8,,1,-95.728,6,10,5,821,0.5396
11.507,9.687,0.0,2323.44,9.5,97.58,0.85,,0,-95.353,6,10,7,788,0.5406
11.521,10.004,0.0,2337.0,9.5,96.909,0.9,,3,-95.326,6,10,7,621,0.533
12.077,10.186,0.0,2199.63,9.5,97.793,0.95,,2,-95.601,6,10,9,574,0.5331
12.423,10.437,0.0,6020.75,9.5,95.64,1.0,,4,-87.958,6,10,9,452,0.5442
10.333,8.218,0.0,2003.19,9.5,98.396,0.8,,0,-95.994,7,10,5,795,0.5447
10.956,8.583,0.0,1916.56,9.5,98.018,0.85,,0,-96.167,7,10,6,662,0.5423
11.172,9.897,0.0,1981.31,9.5,97.51,0.9,,2,-96.037,7,10,7,602,0.5365
11.596,9.781,0.0,1801.5,9.5,98.331,0.95,,2,-96.397,7,10,7,476,0.5231
12.423,10.437,0.0,4801.0,9.5,97.475,1.0,,4,-90.398,7,10,9,452,0.5442
10.24,8.123,0.0,1780.06,9.5,98.669,0.8,,0,-96.44,8,10,5,696,0.546
10.511,8.626,0.0,1770.0,9.5,98.202,0.85,,0,-96.46,8,10,5,548,0.5383
10.706,8.613,0.0,1705.25,9.5,97.983,0.9,,2,-96.589,8,10,6,511,0.5382
11.565,9.781,0.0,1532.44,9.5,98.704,0.95,,2,-96.935,8,10,7,474,0.5253
11.962,9.472,0.0,1659.31,9.5,98.144,1.0,,3,-96.681,8,10,7,338,0.5325
10.457,8.347,0.0,1478.19,9.5,98.951,0.8,,0,-97.044,9,10,4,549,0.5464
10.507,8.626,0.0,1506.19,9.5,98.541,0.85,,0,-96.988,9,10,5,547,0.5393
10.694,8.644,0.0,1451.5,9.5,98.35,0.9,,2,-97.097,9,10,6,501,0.5429
10.957,9.283,0.0,1551.25,9.5,98.738,0.95,,2,-96.897,9,10,6,401,0.5262
11.962,9.472,0.0,1375.81,9.5,98.544,1.0,,3,-97.248,9,10,7,338,0.5325
10.429,8.47,0.0,1393.75,9.5,99.038,0.8,,0,-97.212,10,10,4,528,0.5436
10.509,8.626,0.0,1371.44,9.5,98.636,0.85,,0,-97.257,10,10,5,546,0.5403
10.691,8.644,0.0,1297.5,9.5,98.565,0.9,,2,-97.405,10,10,6,500,0.544
10.957,9.283,0.0,1417.38,9.5,98.891,0.95,,2,-97.165,10,10,6,401,0.5262
11.396,9.27,0.0,1427.0,9.5,98.529,1.0,,3,-97.146,10,10,7,330,0.5333
11.91,9.828,0.0522,36037.63,9.5,41.351,0.8,,4,-27.925,1,15,9,1610,0.5422
12.382,10.181,0.1487,39096.62,9.5,38.646,0.85,,5,-21.807,1,15,9,1069,0.5463
12.202,10.283,0.0,53254.56,9.5,30.81,0.9,,6,6.509,1,15,9,817,0.5483
12.113,10.196,0.0,45081.63,9.5,35.764,0.95,,5,-9.837,1,15,9,625,0.5424
12.513,10.437,0.0,45777.69,9.5,29.223,1.0,,6,-8.445,1,15,9,452,0.5442
11.91,9.828,0.0,16921.94,9.5,78.083,0.8,,4,-66.156,2,15,9,1610,0.5422
12.382,10.181,0.0358,27878.69,9.5,67.735,0.85,,3,-44.243,2,15,9,1069,0.5463
12.202,10.283,0.0,36432.69,9.5,58.622,0.9,,5,-27.135,2,15,9,817,0.5483
12.113,10.196,0.0,38292.94,9.5,63.794,0.95,,5,-23.414,2,15,9,625,0.5424
12.513,10.437,0.0,39535.88,9.5,55.022,1.0,,6,-20.928,2,15,9,452,0.5442
11.91,9.828,0.0,7511.31,9.5,90.995,0.8,,3,-84.977,3,15,9,1610,0.5422
12.382,10.181,0.0892,11272.94,9.5,88.237,0.85,,3,-77.454,3,15,9,1069,0.5463
12.202,10.283,0.0,25409.87,9.5,76.398,0.9,,5,-49.18,3,15,9,817,0.5483
12.113,10.196,0.0,27575.06,9.5,79.63,0.95,,5,-44.85,3,15,9,625,0.5424
12.513,10.437,0.0,27570.69,9.5,73.034,1.0,,6,-44.859,3,15,9,452,0.5442
11.567,9.497,0.0045,3390.06,9.5,95.824,0.8,,2,-93.22,4,15,8,1311,0.5416
12.382,10.181,0.0692,5610.38,9.5,95.128,0.85,,2,-88.779,4,15,9,1069,0.5463
12.202,10.283,0.0,11850.44,9.5,89.078,0.9,,5,-76.299,4,15,9,817,0.5483
12.113,10.196,0.0,16290.63,9.5,88.945,0.95,,4,-67.419,4,15,9,625,0.5424
12.513,10.437,0.0,18579.63,9.5,85.146,1.0,,5,-62.841,4,15,9,452,0.5442
11.573,9.474,0.0005,1687.31,9.5,98.117,0.8,,2,-96.625,5,15,7,1246,0.5457
12.185,9.804,0.0,2346.63,9.5,97.34,0.85,,0,-95.307,5,15,7,838,0.543
11.834,9.948,0.0,2748.69,9.5,96.022,0.9,,3,-94.503,5,15,7,628,0.535
12.113,10.196,0.0,6719.88,9.5,95.322,0.95,,3,-86.56,5,15,9,625,0.5424
12.513,10.437,0.0,12205.25,9.5,91.051,1.0,,5,-75.589,5,15,9,452,0.5442
10.593,8.267,0.0354,2366.31,9.5,97.543,0.8,,1,-95.267,6,15,5,820,0.5476
11.226,8.543,0.0,2263.06,9.5,97.562,0.85,,0,-95.474,6,15,6,662,0.5468
11.754,9.959,0.0,2161.56,9.5,96.97,0.9,,3,-95.677,6,15,7,621,0.5378
12.174,10.186,0.0,2207.06,9.5,97.656,0.95,,2,-95.586,6,15,9,574,0.5331
12.513,10.437,0.0,5896.06,9.5,95.423,1.0,,4,-88.208,6,15,9,452,0.5442
10.539,8.271,0.0319,1984.81,9.5,98.051,0.8,,1,-96.03,7,15,5,799,0.5507
11.197,8.543,0.0,1884.63,9.5,97.995,0.85,,0,-96.231,7,15,6,660,0.5485
11.453,9.818,0.0,1983.5,9.5,97.305,0.9,,2,-96.033,7,15,7,604,0.543
11.69,9.781,0.0,1996.19,9.5,98.003,0.95,,2,-96.008,7,15,7,475,0.5242
12.062,9.472,0.0,1835.19,9.5,97.739,1.0,,3,-96.33,7,15,7,339,0.531
10.438,8.17,0.0,1737.63,9.5,98.361,0.8,,0,-96.525,8,15,5,697,0.5538
11.116,8.733,0.0,1658.44,9.5,98.27,0.85,,0,-96.683,8,15,6,603,0.5456
10.977,8.575,0.0,1736.75,9.5,97.76,0.9,,2,-96.526,8,15,6,511,0.544
11.681,9.781,0.0,881.44,9.5,99.184,0.95,,2,-98.237,8,15,7,474,0.5253
12.062,9.472,0.0,1621.25,9.5,98.132,1.0,,3,-96.757,8,15,7,339,0.531
10.733,8.432,0.0,1500.06,9.5,98.628,0.8,,0,-97.0,9,15,4,549,0.5556
10.711,8.632,0.0,1524.13,9.5,98.282,0.85,,0,-96.952,9,15,5,544,0.546
10.922,8.605,0.0,1484.75,9.5,98.134,0.9,,1,-97.03,9,15,6,500,0.55
11.077,9.283,0.0,1410.81,9.5,98.743,0.95,,2,-97.178,9,15,6,401,0.5262
12.051,9.472,0.0,1029.75,9.5,98.873,1.0,,3,-97.94,9,15,7,338,0.5325
10.733,8.432,0.0,1444.5,9.5,98.682,0.8,,0,-97.111,10,15,4,549,0.5556
10.711,8.632,0.0,1336.88,9.5,98.45,0.85,,0,-97.326,10,15,5,544,0.546
10.847,8.758,0.0,1322.44,9.5,98.371,0.9,,2,-97.355,10,15,6,477,0.5472
11.024,9.283,0.0,1440.13,9.5,98.758,0.95,,2,-97.12,10,15,6,396,0.5328
11.406,9.327,0.0,1494.81,9.5,98.404,1.0,,3,-97.01,10,15,7,327,0.5321
12.006,9.86,0.04,35920.38,9.5,41.286,0.8,,4,-28.159,1,20,9,1609,0.5438
12.5,10.181,0.1051,39237.06,9.5,40.921,0.85,,5,-21.526,1,20,9,1068,0.5478
12.337,10.298,0.0,51604.75,9.5,30.116,0.9,,6,3.209,1,20,9,816,0.549
12.272,10.217,0.0,45036.13,9.5,37.492,0.95,,5,-9.928,1,20,9,624,0.5433
12.691,10.439,0.0,45271.5,9.5,29.588,1.0,,6,-9.457,1,20,9,452,0.5465
12.006,9.86,0.0,16791.13,9.5,77.817,0.8,,4,-66.418,2,20,9,1609,0.5438
12.5,10.181,0.0788,24486.31,9.5,69.594,0.85,,3,-51.027,2,20,9,1068,0.5478
12.337,10.298,0.0,36591.5,9.5,59.351,0.9,,5,-26.817,2,20,9,816,0.549
12.272,10.217,0.0,36773.5,9.5,63.41,0.95,,5,-26.453,2,20,9,624,0.5433
12.691,10.439,0.0,37965.69,9.5,55.3,1.0,,6,-24.069,2,20,9,452,0.5465
12.006,9.86,0.0,6464.81,9.5,92.723,0.8,,4,-87.07,3,20,9,1609,0.5438
12.5,10.181,0.0723,12075.75,9.5,87.554,0.85,,2,-75.848,3,20,9,1068,0.5478
12.337,10.298,0.0,21290.38,9.5,76.882,0.9,,5,-57.419,3,20,9,816,0.549
12.272,10.217,0.0,25538.5,9.5,79.941,0.95,,4,-48.923,3,20,9,624,0.5433
12.691,10.439,0.0,27341.0,9.5,72.689,1.0,,6,-45.318,3,20,9,452,0.5465
11.677,9.537,0.0,3446.94,9.5,95.762,0.8,,2,-93.106,4,20,8,1310,0.5435
12.526,10.116,0.0,3538.38,9.5,95.633,0.85,,0,-92.923,4,20,9,983,0.5463
12.337,10.298,0.0,11669.31,9.5,88.195,0.9,,5,-76.661,4,20,9,816,0.549
12.272,10.217,0.0,15512.75,9.5,89.118,0.95,,4,-68.974,4,20,9,624,0.5433
12.691,10.439,0.0,16043.0,9.5,85.584,1.0,,5,-67.914,4,20,9,452,0.5465
11.546,9.472,0.0036,2674.31,9.5,96.944,0.8,,2,-94.651,5,20,7,1216,0.5493
12.334,9.805,0.0,1865.38,9.5,97.879,0.85,,0,-96.269,5,20,7,837,0.5448
11.998,9.98,0.0,2788.06,9.5,95.784,0.9,,3,-94.424,5,20,7,625,0.536
12.272,10.217,0.0,7608.44,9.5,94.516,0.95,,4,-84.783,5,20,9,624,0.5433
12.691,10.439,0.0,12602.94,9.5,91.287,1.0,,5,-74.794,5,20,9,452,0.5465
10.964,8.263,0.0076,2261.75,9.5,97.649,0.8,,1,-95.476,6,20,6,967,0.5553
11.38,8.547,0.0,2155.44,9.5,97.576,0.85,,0,-95.689,6,20,6,661,0.5492
11.936,9.98,0.0,2251.25,9.5,96.738,0.9,,2,-95.497,6,20,7,623,0.5377
11.974,9.81,0.0,2316.0,9.5,97.448,0.95,,2,-95.368,6,20,7,478,0.523
12.691,10.439,0.0,5864.56,9.5,95.529,1.0,,4,-88.271,6,20,9,452,0.5465
10.708,8.342,0.0307,1973.0,9.5,98.013,0.8,,1,-96.054,7,20,5,798,0.5539
11.356,8.547,0.0,1941.06,9.5,97.803,0.85,,0,-96.118,7,20,6,658,0.5517
11.599,9.839,0.0,1831.69,9.5,97.448,0.9,,2,-96.337,7,20,7,603,0.5439
11.881,9.809,0.0,2029.44,9.5,97.917,0.95,,2,-95.941,7,20,7,473,0.5264
12.402,9.482,0.0,2019.38,9.5,97.429,1.0,,3,-95.961,7,20,7,343,0.5306
10.645,8.264,0.0229,1763.44,9.5,98.34,0.8,,1,-96.473,8,20,5,694,0.5576
10.92,8.637,0.0,1687.31,9.5,98.106,0.85,,0,-96.625,8,20,5,546,0.5458
11.113,8.6,0.0024,1651.44,9.5,97.784,0.9,,1,-96.697,8,20,6,507,0.5483
11.881,9.809,0.0,825.44,9.5,99.206,0.95,,2,-98.349,8,20,7,473,0.5264
12.289,9.48,0.0,1663.25,9.5,98.007,1.0,,3,-96.673,8,20,7,339,0.5339
10.795,8.488,0.0,1479.94,9.5,98.642,0.8,,0,-97.04,9,20,4,550,0.5545
10.894,8.637,0.0,1499.63,9.5,98.252,0.85,,0,-97.001,9,20,5,543,0.5488
11.031,8.784,0.0,1576.63,9.5,97.949,0.9,,2,-96.847,9,20,6,476,0.5483
11.257,9.316,0.0,1326.38,9.5,98.768,0.95,,2,-97.347,9,20,6,398,0.5302
12.28,9.48,0.0,906.81,9.5,98.963,1.0,,3,-98.186,9,20,7,338,0.5355
10.782,8.488,0.0,1406.0,9.5,98.702,0.8,,0,-97.188,10,20,4,549,0.5556
10.894,8.637,0.0,1405.56,9.5,98.302,0.85,,0,-97.189,10,20,5,543,0.5488
11.097,8.63,0.0,1329.0,9.5,98.292,0.9,,0,-97.342,10,20,6,498,0.5522
11.211,9.316,0.0,1419.56,9.5,98.716,0.95,,2,-97.161,10,20,6,396,0.5328
11.638,9.336,0.0,1452.81,9.5,98.372,1.0,,3,-97.094,10,20,7,327,0.5352
12.191,9.881,0.1205,35009.5,9.5,40.379,0.8,,3,-29.981,1,25,9,1607,0.5445
12.631,10.128,0.1348,38572.5,9.5,42.07,0.85,,4,-22.855,1,25,9,1066,0.5478
12.498,10.26,0.1115,41640.69,9.5,33.732,0.9,,5,-16.719,1,25,9,815,0.5497
12.488,10.167,0.0285,41108.69,9.5,36.917,0.95,,4,-17.783,1,25,9,623,0.5441
12.784,10.439,0.0,44573.25,9.5,31.434,1.0,,6,-10.853,1,25,9,452,0.5465
12.191,9.881,0.075,16786.31,9.5,75.313,0.8,,2,-66.427,2,25,9,1607,0.5445
12.631,10.128,0.1142,20923.75,9.5,73.797,0.85,,3,-58.152,2,25,9,1066,0.5478
12.498,10.26,0.0,31304.75,9.5,58.655,0.9,,4,-37.391,2,25,9,815,0.5497
12.488,10.167,0.0,32692.94,9.5,64.759,0.95,,5,-34.614,2,25,9,623,0.5441
12.784,10.439,0.0,37911.44,9.5,55.458,1.0,,5,-24.177,2,25,9,452,0.5465
12.191,9.881,0.071,6548.81,9.5,91.263,0.8,,2,-86.902,3,25,9,1607,0.5445
12.631,10.128,0.0438,9305.5,9.5,88.266,0.85,,1,-81.389,3,25,9,1066,0.5478
12.498,10.26,0.0127,16158.94,9.5,78.309,0.9,,4,-67.682,3,25,9,815,0.5497
12.488,10.167,0.0,15982.63,9.5,84.131,0.95,,2,-68.035,3,25,9,623,0.5441
12.784,10.439,0.0,26088.44,9.5,75.539,1.0,,5,-47.823,3,25,9,452,0.5465
11.929,9.542,0.0594,2975.75,9.5,95.537,0.8,,1,-94.048,4,25,7,1243,0.5487
12.668,10.058,0.0,3513.88,9.5,95.664,0.85,,0,-92.972,4,25,9,981,0.5464
12.498,10.26,0.0013,8062.56,9.5,89.638,0.9,,4,-83.875,4,25,9,815,0.5497
12.488,10.167,0.0,9116.06,9.5,91.772,0.95,,3,-81.768,4,25,9,623,0.5441
12.784,10.439,0.0,16816.5,9.5,85.649,1.0,,5,-66.367,4,25,9,452,0.5465
11.3,8.342,0.0,2701.44,9.5,96.215,0.8,,0,-94.597,5,25,6,949,0.5585
12.315,9.711,0.0,2847.13,9.5,96.763,0.85,,0,-94.306,5,25,7,815,0.546
12.207,9.918,0.0397,2848.88,9.5,95.692,0.9,,2,-94.302,5,25,7,626,0.5367
12.488,10.167,0.0,5330.38,9.5,96.117,0.95,,2,-89.339,5,25,9,623,0.5441
12.784,10.439,0.0,6819.63,9.5,93.897,1.0,,4,-86.361,5,25,9,452,0.5465
11.058,8.382,0.0,2242.94,9.5,97.067,0.8,,0,-95.514,6,25,5,796,0.5553
11.578,8.486,0.0,2290.19,9.5,97.424,0.85,,0,-95.42,6,25,6,652,0.5521
12.114,9.929,0.0177,1740.25,9.5,97.478,0.9,,1,-96.519,6,25,7,616,0.5422
12.155,9.741,0.0,2118.25,9.5,97.665,0.95,,1,-95.763,6,25,7,472,0.5275
12.915,10.292,0.0,2232.44,9.5,97.012,1.0,,3,-95.535,6,25,9,417,0.5396
11.034,8.382,0.0,2023.75,9.5,97.494,0.8,,0,-95.952,7,25,5,794,0.5567
11.169,8.526,0.0,1955.06,9.5,97.787,0.85,,0,-96.09,7,25,5,544,0.546
11.367,8.539,0.0225,2014.56,9.5,97.193,0.9,,1,-95.971,7,25,6,506,0.5494
12.155,9.741,0.0,1051.63,9.5,98.921,0.95,,1,-97.897,7,25,7,472,0.5275
12.435,9.48,0.0,1801.94,9.5,97.706,1.0,,3,-96.396,7,25,7,340,0.5324
11.246,8.431,0.0,1688.63,9.5,98.026,0.8,,0,-96.623,8,25,4,550,0.5545
11.142,8.526,0.0,1659.31,9.5,98.138,0.85,,0,-96.681,8,25,5,542,0.548
11.332,8.75,0.0,1601.13,9.5,97.851,0.9,,0,-96.798,8,25,6,470,0.5511
11.585,9.236,0.0,1679.88,9.5,98.383,0.95,,1,-96.64,8,25,6,398,0.5302
12.401,9.48,0.0,1371.88,9.5,98.356,1.0,,3,-97.256,8,25,7,338,0.5355
11.413,8.12,0.0,1579.25,9.5,98.265,0.8,,0,-96.841,9,25,3,330,0.5545
11.149,8.554,0.0,1579.69,9.5,98.158,0.85,,0,-96.841,9,25,5,538,0.5502
11.297,8.785,0.0041,1512.31,9.5,98.032,0.9,,1,-96.975,9,25,6,466,0.5515
11.531,9.285,0.0,1444.06,9.5,98.658,0.95,,1,-97.112,9,25,6,387,0.5375
11.843,9.278,0.0,1579.25,9.5,98.195,1.0,,3,-96.841,9,25,7,330,0.5364
11.442,8.266,0.0,1497.88,9.5,98.391,0.8,,0,-97.004,10,25,3,320,0.5531
11.337,8.648,0.0,1497.0,9.5,98.192,0.85,,0,-97.006,10,25,4,384,0.5495
11.272,8.785,0.0,1416.5,9.5,98.179,0.9,,0,-97.167,10,25,6,465,0.5527
11.356,9.391,0.0,1441.44,9.5,98.696,0.95,,1,-97.117,10,25,6,382,0.5366
11.843,9.278,0.0,1374.06,9.5,98.46,1.0,,2,-97.252,10,25,7,330,0.5364
12.235,9.868,0.1234,33473.0,9.5,43.173,0.8,,3,-33.054,1,30,9,1606,0.5448
12.653,10.138,0.1279,38681.0,9.5,41.882,0.85,,4,-22.638,1,30,9,1066,0.5488
12.515,10.26,0.1176,41439.87,9.5,33.976,0.9,,5,-17.12,1,30,9,815,0.5497
12.488,10.167,0.0285,41108.69,9.5,36.917,0.95,,4,-17.783,1,30,9,623,0.5441
12.784,10.439,0.0,44573.25,9.5,31.434,1.0,,6,-10.853,1,30,9,452,0.5465
12.235,9.868,0.1175,11435.69,9.5,82.5,0.8,,3,-77.129,2,30,9,1606,0.5448
12.653,10.138,0.1117,21408.5,9.5,72.087,0.85,,3,-57.183,2,30,9,1066,0.5488
12.515,10.26,0.0,30794.19,9.5,58.84,0.9,,4,-38.412,2,30,9,815,0.5497
12.488,10.167,0.0,32692.94,9.5,64.759,0.95,,5,-34.614,2,30,9,623,0.5441
12.784,10.439,0.0,37911.44,9.5,55.458,1.0,,5,-24.177,2,30,9,452,0.5465
12.235,9.868,0.0767,7480.25,9.5,89.704,0.8,,2,-85.039,3,30,9,1606,0.5448
12.653,10.138,0.044,9412.69,9.5,88.483,0.85,,1,-81.175,3,30,9,1066,0.5488
12.515,10.26,0.0141,16240.75,9.5,78.782,0.9,,4,-67.518,3,30,9,815,0.5497
12.488,10.167,0.0,15982.63,9.5,84.131,0.95,,2,-68.035,3,30,9,623,0.5441
12.784,10.439,0.0,26088.44,9.5,75.539,1.0,,5,-47.823,3,30,9,452,0.5465
11.986,9.526,0.0641,2962.63,9.5,95.557,0.8,,1,-94.075,4,30,7,1242,0.5491
12.696,10.069,0.0,3552.81,9.5,95.616,0.85,,0,-92.894,4,30,9,979,0.5485
12.515,10.26,0.0079,8068.69,9.5,89.857,0.9,,4,-83.863,4,30,9,815,0.5497
12.488,10.167,0.0,9116.06,9.5,91.772,0.95,,3,-81.768,4,30,9,623,0.5441
12.784,10.439,0.0,16816.5,9.5,85.649,1.0,,5,-66.367,4,30,9,452,0.5465
11.324,8.389,0.0,2804.25,9.5,96.071,0.8,,0,-94.391,5,30,6,879,0.5552
12.526,9.749,0.0,1598.06,9.5,98.183,0.85,,0,-96.804,5,30,7,835,0.5461
12.515,10.26,0.0,4793.13,9.5,95.163,0.9,,3,-90.414,5,30,9,815,0.5497
12.488,10.167,0.0,5330.38,9.5,96.117,0.95,,2,-89.339,5,30,9,623,0.5441
12.784,10.439,0.0,6819.63,9.5,93.897,1.0,,4,-86.361,5,30,9,452,0.5465
11.144,8.338,0.0,2298.06,9.5,96.995,0.8,,0,-95.404,6,30,5,797,0.5558
11.609,8.507,0.0,2331.31,9.5,97.378,0.85,,0,-95.337,6,30,6,652,0.5537
11.84,9.787,0.0198,2371.56,9.5,96.563,0.9,,1,-95.257,6,30,7,603,0.5439
12.155,9.741,0.0,2118.25,9.5,97.665,0.95,,1,-95.763,6,30,7,472,0.5275
12.915,10.292,0.0,2232.44,9.5,97.012,1.0,,3,-95.535,6,30,9,417,0.5396
11.095,8.285,0.0,2014.13,9.5,97.506,0.8,,0,-95.972,7,30,5,692,0.5607
11.383,8.566,0.0,2029.44,9.5,97.702,0.85,,0,-95.941,7,30,5,565,0.5487
11.39,8.539,0.0,1995.31,9.5,97.22,0.9,,0,-96.009,7,30,6,507,0.5483
12.155,9.741,0.0,1051.63,9.5,98.921,0.95,,1,-97.897,7,30,7,472,0.5275
12.435,9.48,0.0,1801.94,9.5,97.706,1.0,,3,-96.396,7,30,7,340,0.5324
11.292,8.404,0.0,1660.63,9.5,98.059,0.8,,0,-96.679,8,30,4,549,0.5574
11.205,8.552,0.0,1565.69,9.5,98.243,0.85,,0,-96.869,8,30,5,544,0.5478
11.33,8.719,0.0,1601.13,9.5,97.851,0.9,,0,-96.798,8,30,6,475,0.5495
11.585,9.236,0.0,1679.88,9.5,98.383,0.95,,1,-96.64,8,30,6,398,0.5302
12.401,9.48,0.0,1371.88,9.5,98.356,1.0,,3,-97.256,8,30,7,338,0.5355
11.362,8.593,0.0,1572.25,9.5,98.273,0.8,,0,-96.855,9,30,3,448,0.558
11.185,8.579,0.0,1519.75,9.5,98.228,0.85,,0,-96.96,9,30,5,538,0.552
11.326,8.785,0.0,1442.75,9.5,98.123,0.9,,0,-97.114,9,30,6,466,0.5515
11.531,9.285,0.0,1444.06,9.5,98.658,0.95,,1,-97.112,9,30,6,387,0.5375
11.843,9.278,0.0,1579.25,9.5,98.195,1.0,,3,-96.841,9,30,7,330,0.5364
11.454,8.267,0.0,1497.0,9.5,98.392,0.8,,0,-97.006,10,30,3,321,0.5545
11.183,8.552,0.0,1364.88,9.5,98.351,0.85,,0,-97.27,10,30,5,540,0.5519
11.301,8.785,0.0,1354.81,9.5,98.258,0.9,,0,-97.29,10,30,6,465,0.5527
11.356,9.391,0.0,1441.44,9.5,98.696,0.95,,1,-97.117,10,30,6,382,0.5366
11.843,9.278,0.0,1374.06,9.5,98.46,1.0,,2,-97.252,10,30,7,330,0.5364
12.235,9.868,0.1234,33473.0,9.5,43.173,0.8,,3,-33.054,1,35,9,1606,0.5448
12.653,10.138,0.1279,38681.0,9.5,41.882,0.85,,4,-22.638,1,35,9,1066,0.5488
12.515,10.26,0.1176,41439.87,9.5,33.976,0.9,,5,-17.12,1,35,9,815,0.5497
12.488,10.167,0.0285,41108.69,9.5,36.917,0.95,,4,-17.783,1,35,9,623,0.5441
12.784,10.439,0.0,44573.25,9.5,31.434,1.0,,6,-10.853,1,35,9,452,0.5465
12.235,9.868,0.1175,11435.69,9.5,82.5,0.8,,3,-77.129,2,35,9,1606,0.5448
12.653,10.138,0.1117,21408.5,9.5,72.087,0.85,,3,-57.183,2,35,9,1066,0.5488
12.515,10.26,0.0,30794.19,9.5,58.84,0.9,,4,-38.412,2,35,9,815,0.5497
12.488,10.167,0.0,32692.94,9.5,64.759,0.95,,5,-34.614,2,35,9,623,0.5441
12.784,10.439,0.0,37911.44,9.5,55.458,1.0,,5,-24.177,2,35,9,452,0.5465
12.235,9.868,0.0767,7480.25,9.5,89.704,0.8,,2,-85.039,3,35,9,1606,0.5448
12.653,10.138,0.044,9412.69,9.5,88.483,0.85,,1,-81.175,3,35,9,1066,0.5488
12.515,10.26,0.0141,16240.75,9.5,78.782,0.9,,4,-67.518,3,35,9,815,0.5497
12.488,10.167,0.0,15982.63,9.5,84.131,0.95,,2,-68.035,3,35,9,623,0.5441
12.784,10.439,0.0,26088.44,9.5,75.539,1.0,,5,-47.823,3,35,9,452,0.5465
11.986,9.526,0.0641,2962.63,9.5,95.557,0.8,,1,-94.075,4,35,7,1242,0.5491
12.696,10.069,0.0,3552.81,9.5,95.616,0.85,,0,-92.894,4,35,9,979,0.5485
12.515,10.26,0.0079,8068.69,9.5,89.857,0.9,,4,-83.863,4,35,9,815,0.5497
12.488,10.167,0.0,9116.06,9.5,91.772,0.95,,3,-81.768,4,35,9,623,0.5441
12.784,10.439,0.0,16816.5,9.5,85.649,1.0,,5,-66.367,4,35,9,452,0.5465
11.324,8.389,0.0,2804.25,9.5,96.071,0.8,,0,-94.391,5,35,6,879,0.5552
12.526,9.749,0.0,1598.06,9.5,98.183,0.85,,0,-96.804,5,35,7,835,0.5461
12.515,10.26,0.0,4793.13,9.5,95.163,0.9,,3,-90.414,5,35,9,815,0.5497
12.488,10.167,0.0,5330.38,9.5,96.117,0.95,,2,-89.339,5,35,9,623,0.5441
12.784,10.439,0.0,6819.63,9.5,93.897,1.0,,4,-86.361,5,35,9,452,0.5465
11.144,8.338,0.0,2298.06,9.5,96.995,0.8,,0,-95.404,6,35,5,797,0.5558
11.609,8.507,0.0,2331.31,9.5,97.378,0.85,,0,-95.337,6,35,6,652,0.5537
11.84,9.787,0.0198,2371.56,9.5,96.563,0.9,,1,-95.257,6,35,7,603,0.5439
12.155,9.741,0.0,2118.25,9.5,97.665,0.95,,1,-95.763,6,35,7,472,0.5275
12.915,10.292,0.0,2232.44,9.5,97.012,1.0,,3,-95.535,6,35,9,417,0.5396
11.095,8.285,0.0,2014.13,9.5,97.506,0.8,,0,-95.972,7,35,5,692,0.5607
11.383,8.566,0.0,2029.44,9.5,97.702,0.85,,0,-95.941,7,35,5,565,0.5487
11.39,8.539,0.0,1995.31,9.5,97.22,0.9,,0,-96.009,7,35,6,507,0.5483
12.155,9.741,0.0,1051.63,9.5,98.921,0.95,,1,-97.897,7,35,7,472,0.5275
12.435,9.48,0.0,1801.94,9.5,97.706,1.0,,3,-96.396,7,35,7,340,0.5324
11.292,8.404,0.0,1660.63,9.5,98.059,0.8,,0,-96.679,8,35,4,549,0.5574
11.205,8.552,0.0,1565.69,9.5,98.243,0.85,,0,-96.869,8,35,5,544,0.5478
11.33,8.719,0.0,1601.13,9.5,97.851,0.9,,0,-96.798,8,35,6,475,0.5495
11.585,9.236,0.0,1679.88,9.5,98.383,0.95,,1,-96.64,8,35,6,398,0.5302
12.401,9.48,0.0,1371.88,9.5,98.356,1.0,,3,-97.256,8,35,7,338,0.5355
11.362,8.593,0.0,1572.25,9.5,98.273,0.8,,0,-96.855,9,35,3,448,0.558
11.185,8.579,0.0,1519.75,9.5,98.228,0.85,,0,-96.96,9,35,5,538,0.552
11.326,8.785,0.0,1442.75,9.5,98.123,0.9,,0,-97.114,9,35,6,466,0.5515
11.531,9.285,0.0,1444.06,9.5,98.658,0.95,,1,-97.112,9,35,6,387,0.5375
11.843,9.278,0.0,1579.25,9.5,98.195,1.0,,3,-96.841,9,35,7,330,0.5364
11.454,8.267,0.0,1497.0,9.5,98.392,0.8,,0,-97.006,10,35,3,321,0.5545
11.183,8.552,0.0,1364.88,9.5,98.351,0.85,,0,-97.27,10,35,5,540,0.5519
11.301,8.785,0.0,1354.81,9.5,98.258,0.9,,0,-97.29,10,35,6,465,0.5527
11.356,9.391,0.0,1441.44,9.5,98.696,0.95,,1,-97.117,10,35,6,382,0.5366
11.843,9.278,0.0,1374.06,9.5,98.46,1.0,,2,-97.252,10,35,7,330,0.5364
12.235,9.868,0.1234,33473.0,9.5,43.173,0.8,,3,-33.054,1,40,9,1606,0.5448
12.653,10.138,0.1279,38681.0,9.5,41.882,0.85,,4,-22.638,1,40,9,1066,0.5488
12.515,10.26,0.1176,41439.87,9.5,33.976,0.9,,5,-17.12,1,40,9,815,0.5497
12.488,10.167,0.0285,41108.69,9.5,36.917,0.95,,4,-17.783,1,40,9,623,0.5441
12.784,10.439,0.0,44573.25,9.5,31.434,1.0,,6,-10.853,1,40,9,452,0.5465
12.235,9.868,0.1175,11435.69,9.5,82.5,0.8,,3,-77.129,2,40,9,1606,0.5448
12.653,10.138,0.1117,21408.5,9.5,72.087,0.85,,3,-57.183,2,40,9,1066,0.5488
12.515,10.26,0.0,30794.19,9.5,58.84,0.9,,4,-38.412,2,40,9,815,0.5497
12.488,10.167,0.0,32692.94,9.5,64.759,0.95,,5,-34.614,2,40,9,623,0.5441
12.784,10.439,0.0,37911.44,9.5,55.458,1.0,,5,-24.177,2,40,9,452,0.5465
12.235,9.868,0.0767,7480.25,9.5,89.704,0.8,,2,-85.039,3,40,9,1606,0.5448
12.653,10.138,0.044,9412.69,9.5,88.483,0.85,,1,-81.175,3,40,9,1066,0.5488
12.515,10.26,0.0141,16240.75,9.5,78.782,0.9,,4,-67.518,3,40,9,815,0.5497
12.488,10.167,0.0,15982.63,9.5,84.131,0.95,,2,-68.035,3,40,9,623,0.5441
12.784,10.439,0.0,26088.44,9.5,75.539,1.0,,5,-47.823,3,40,9,452,0.5465
11.986,9.526,0.0641,2962.63,9.5,95.557,0.8,,1,-94.075,4,40,7,1242,0.5491
12.696,10.069,0.0,3552.81,9.5,95.616,0.85,,0,-92.894,4,40,9,979,0.5485
12.515,10.26,0.0079,8068.69,9.5,89.857,0.9,,4,-83.863,4,40,9,815,0.5497
12.488,10.167,0.0,9116.06,9.5,91.772,0.95,,3,-81.768,4,40,9,623,0.5441
12.784,10.439,0.0,16816.5,9.5,85.649,1.0,,5,-66.367,4,40,9,452,0.5465
11.324,8.389,0.0,2804.25,9.5,96.071,0.8,,0,-94.391,5,40,6,879,0.5552
12.526,9.749,0.0,1598.06,9.5,98.183,0.85,,0,-96.804,5,40,7,835,0.5461
12.515,10.26,0.0,4793.13,9.5,95.163,0.9,,3,-90.414,5,40,9,815,0.5497
12.488,10.167,0.0,5330.38,9.5,96.117,0.95,,2,-89.339,5,40,9,623,0.5441
12.784,10.439,0.0,6819.63,9.5,93.897,1.0,,4,-86.361,5,40,9,452,0.5465
11.144,8.338,0.0,2298.06,9.5,96.995,0.8,,0,-95.404,6,40,5,797,0.5558
11.609,8.507,0.0,2331.31,9.5,97.378,0.85,,0,-95.337,6,40,6,652,0.5537
11.84,9.787,0.0198,2371.56,9.5,96.563,0.9,,1,-95.257,6,40,7,603,0.5439
12.155,9.741,0.0,2118.25,9.5,97.665,0.95,,1,-95.763,6,40,7,472,0.5275
12.915,10.292,0.0,2232.44,9.5,97.012,1.0,,3,-95.535,6,40,9,417,0.5396
11.095,8.285,0.0,2014.13,9.5,97.506,0.8,,0,-95.972,7,40,5,692,0.5607
11.383,8.566,0.0,2029.44,9.5,97.702,0.85,,0,-95.941,7,40,5,565,0.5487
11.39,8.539,0.0,1995.31,9.5,97.22,0.9,,0,-96.009,7,40,6,507,0.5483
12.155,9.741,0.0,1051.63,9.5,98.921,0.95,,1,-97.897,7,40,7,472,0.5275
12.435,9.48,0.0,1801.94,9.5,97.706,1.0,,3,-96.396,7,40,7,340,0.5324
11.292,8.404,0.0,1660.63,9.5,98.059,0.8,,0,-96.679,8,40,4,549,0.5574
11.205,8.552,0.0,1565.69,9.5,98.243,0.85,,0,-96.869,8,40,5,544,0.5478
11.33,8.719,0.0,1601.13,9.5,97.851,0.9,,0,-96.798,8,40,6,475,0.5495
11.585,9.236,0.0,1679.88,9.5,98.383,0.95,,1,-96.64,8,40,6,398,0.5302
12.401,9.48,0.0,1371.88,9.5,98.356,1.0,,3,-97.256,8,40,7,338,0.5355
11.362,8.593,0.0,1572.25,9.5,98.273,0.8,,0,-96.855,9,40,3,448,0.558
11.185,8.579,0.0,1519.75,9.5,98.228,0.85,,0,-96.96,9,40,5,538,0.552
11.326,8.785,0.0,1442.75,9.5,98.123,0.9,,0,-97.114,9,40,6,466,0.5515
11.531,9.285,0.0,1444.06,9.5,98.658,0.95,,1,-97.112,9,40,6,387,0.5375
11.843,9.278,0.0,1579.25,9.5,98.195,1.0,,3,-96.841,9,40,7,330,0.5364
11.454,8.267,0.0,1497.0,9.5,98.392,0.8,,0,-97.006,10,40,3,321,0.5545
11.183,8.552,0.0,1364.88,9.5,98.351,0.85,,0,-97.27,10,40,5,540,0.5519
11.301,8.785,0.0,1354.81,9.5,98.258,0.9,,0,-97.29,10,40,6,465,0.5527
11.356,9.391,0.0,1441.44,9.5,98.696,0.95,,1,-97.117,10,40,6,382,0.5366
11.843,9.278,0.0,1374.06,9.5,98.46,1.0,,2,-97.252,10,40,7,330,0.5364
12.235,9.868,0.1234,33473.0,9.5,43.173,0.8,,3,-33.054,1,45,9,1606,0.5448
12.653,10.138,0.1279,38681.0,9.5,41.882,0.85,,4,-22.638,1,45,9,1066,0.5488
12.515,10.26,0.1176,41439.87,9.5,33.976,0.9,,5,-17.12,1,45,9,815,0.5497
12.488,10.167,0.0285,41108.69,9.5,36.917,0.95,,4,-17.783,1,45,9,623,0.5441
12.784,10.439,0.0,44573.25,9.5,31.434,1.0,,6,-10.853,1,45,9,452,0.5465
12.235,9.868,0.1175,11435.69,9.5,82.5,0.8,,3,-77.129,2,45,9,1606,0.5448
12.653,10.138,0.1117,21408.5,9.5,72.087,0.85,,3,-57.183,2,45,9,1066,0.5488
12.515,10.26,0.0,30794.19,9.5,58.84,0.9,,4,-38.412,2,45,9,815,0.5497
12.488,10.167,0.0,32692.94,9.5,64.759,0.95,,5,-34.614,2,45,9,623,0.5441
12.784,10.439,0.0,37911.44,9.5,55.458,1.0,,5,-24.177,2,45,9,452,0.5465
12.235,9.868,0.0767,7480.25,9.5,89.704,0.8,,2,-85.039,3,45,9,1606,0.5448
12.653,10.138,0.044,9412.69,9.5,88.483,0.85,,1,-81.175,3,45,9,1066,0.5488
12.515,10.26,0.0141,16240.75,9.5,78.782,0.9,,4,-67.518,3,45,9,815,0.5497
12.488,10.167,0.0,15982.63,9.5,84.131,0.95,,2,-68.035,3,45,9,623,0.5441
12.784,10.439,0.0,26088.44,9.5,75.539,1.0,,5,-47.823,3,45,9,452,0.5465
11.986,9.526,0.0641,2962.63,9.5,95.557,0.8,,1,-94.075,4,45,7,1242,0.5491
12.696,10.069,0.0,3552.81,9.5,95.616,0.85,,0,-92.894,4,45,9,979,0.5485
12.515,10.26,0.0079,8068.69,9.5,89.857,0.9,,4,-83.863,4,45,9,815,0.5497
12.488,10.167,0.0,9116.06,9.5,91.772,0.95,,3,-81.768,4,45,9,623,0.5441
12.784,10.439,0.0,16816.5,9.5,85.649,1.0,,5,-66.367,4,45,9,452,0.5465
11.324,8.389,0.0,2804.25,9.5,96.071,0.8,,0,-94.391,5,45,6,879,0.5552
12.526,9.749,0.0,1598.06,9.5,98.183,0.85,,0,-96.804,5,45,7,835,0.5461
12.515,10.26,0.0,4793.13,9.5,95.163,0.9,,3,-90.414,5,45,9,815,0.5497
12.488,10.167,0.0,5330.38,9.5,96.117,0.95,,2,-89.339,5,45,9,623,0.5441
12.784,10.439,0.0,6819.63,9.5,93.897,1.0,,4,-86.361,5,45,9,452,0.5465
11.144,8.338,0.0,2298.06,9.5,96.995,0.8,,0,-95.404,6,45,5,797,0.5558
11.609,8.507,0.0,2331.31,9.5,97.378,0.85,,0,-95.337,6,45,6,652,0.5537
11.84,9.787,0.0198,2371.56,9.5,96.563,0.9,,1,-95.257,6,45,7,603,0.5439
12.155,9.741,0.0,2118.25,9.5,97.665,0.95,,1,-95.763,6,45,7,472,0.5275
12.915,10.292,0.0,2232.44,9.5,97.012,1.0,,3,-95.535,6,45,9,417,0.5396
11.095,8.285,0.0,2014.13,9.5,97.506,0.8,,0,-95.972,7,45,5,692,0.5607
11.383,8.566,0.0,2029.44,9.5,97.702,0.85,,0,-95.941,7,45,5,565,0.5487
11.39,8.539,0.0,1995.31,9.5,97.22,0.9,,0,-96.009,7,45,6,507,0.5483
12.155,9.741,0.0,1051.63,9.5,98.921,0.95,,1,-97.897,7,45,7,472,0.5275
12.435,9.48,0.0,1801.94,9.5,97.706,1.0,,3,-96.396,7,45,7,340,0.5324
11.292,8.404,0.0,1660.63,9.5,98.059,0.8,,0,-96.679,8,45,4,549,0.5574
11.205,8.552,0.0,1565.69,9.5,98.243,0.85,,0,-96.869,8,45,5,544,0.5478
11.33,8.719,0.0,1601.13,9.5,97.851,0.9,,0,-96.798,8,45,6,475,0.5495
11.585,9.236,0.0,1679.88,9.5,98.383,0.95,,1,-96.64,8,45,6,398,0.5302
12.401,9.48,0.0,1371.88,9.5,98.356,1.0,,3,-97.256,8,45,7,338,0.5355
11.362,8.593,0.0,1572.25,9.5,98.273,0.8,,0,-96.855,9,45,3,448,0.558
11.185,8.579,0.0,1519.75,9.5,98.228,0.85,,0,-96.96,9,45,5,538,0.552
11.326,8.785,0.0,1442.75,9.5,98.123,0.9,,0,-97.114,9,45,6,466,0.5515
11.531,9.285,0.0,1444.06,9.5,98.658,0.95,,1,-97.112,9,45,6,387,0.5375
11.843,9.278,0.0,1579.25,9.5,98.195,1.0,,3,-96.841,9,45,7,330,0.5364
11.454,8.267,0.0,1497.0,9.5,98.392,0.8,,0,-97.006,10,45,3,321,0.5545
11.183,8.552,0.0,1364.88,9.5,98.351,0.85,,0,-97.27,10,45,5,540,0.5519
11.301,8.785,0.0,1354.81,9.5,98.258,0.9,,0,-97.29,10,45,6,465,0.5527
11.356,9.391,0.0,1441.44,9.5,98.696,0.95,,1,-97.117,10,45,6,382,0.5366
11.843,9.278,0.0,1374.06,9.5,98.46,1.0,,2,-97.252,10,45,7,330,0.5364
12.235,9.868,0.1234,33473.0,9.5,43.173,0.8,,3,-33.054,1,50,9,1606,0.5448
12.653,10.138,0.1279,38681.0,9.5,41.882,0.85,,4,-22.638,1,50,9,1066,0.5488
12.515,10.26,0.1176,41439.87,9.5,33.976,0.9,,5,-17.12,1,50,9,815,0.5497
12.488,10.167,0.0285,41108.69,9.5,36.917,0.95,,4,-17.783,1,50,9,623,0.5441
12.784,10.439,0.0,44573.25,9.5,31.434,1.0,,6,-10.853,1,50,9,452,0.5465
12.235,9.868,0.1175,11435.69,9.5,82.5,0.8,,3,-77.129,2,50,9,1606,0.5448
12.653,10.138,0.1117,21408.5,9.5,72.087,0.85,,3,-57.183,2,50,9,1066,0.5488
12.515,10.26,0.0,30794.19,9.5,58.84,0.9,,4,-38.412,2,50,9,815,0.5497
12.488,10.167,0.0,32692.94,9.5,64.759,0.95,,5,-34.614,2,50,9,623,0.5441
12.784,10.439,0.0,37911.44,9.5,55.458,1.0,,5,-24.177,2,50,9,452,0.5465
12.235,9.868,0.0767,7480.25,9.5,89.704,0.8,,2,-85.039,3,50,9,1606,0.5448
12.653,10.138,0.044,9412.69,9.5,88.483,0.85,,1,-81.175,3,50,9,1066,0.5488
12.515,10.26,0.0141,16240.75,9.5,78.782,0.9,,4,-67.518,3,50,9,815,0.5497
12.488,10.167,0.0,15982.63,9.5,84.131,0.95,,2,-68.035,3,50,9,623,0.5441
12.784,10.439,0.0,26088.44,9.5,75.539,1.0,,5,-47.823,3,50,9,452,0.5465
11.986,9.526,0.0641,2962.63,9.5,95.557,0.8,,1,-94.075,4,50,7,1242,0.5491
12.696,10.069,0.0,3552.81,9.5,95.616,0.85,,0,-92.894,4,50,9,979,0.5485
12.515,10.26,0.0079,8068.69,9.5,89.857,0.9,,4,-83.863,4,50,9,815,0.5497
12.488,10.167,0.0,9116.06,9.5,91.772,0.95,,3,-81.768,4,50,9,623,0.5441
12.784,10.439,0.0,16816.5,9.5,85.649,1.0,,5,-66.367,4,50,9,452,0.5465
11.324,8.389,0.0,2804.25,9.5,96.071,0.8,,0,-94.391,5,50,6,879,0.5552
12.526,9.749,0.0,1598.06,9.5,98.183,0.85,,0,-96.804,5,50,7,835,0.5461
12.515,10.26,0.0,4793.13,9.5,95.163,0.9,,3,-90.414,5,50,9,815,0.5497
12.488,10.167,0.0,5330.38,9.5,96.117,0.95,,2,-89.339,5,50,9,623,0.5441
12.784,10.439,0.0,6819.63,9.5,93.897,1.0,,4,-86.361,5,50,9,452,0.5465
11.144,8.338,0.0,2298.06,9.5,96.995,0.8,,0,-95.404,6,50,5,797,0.5558
11.609,8.507,0.0,2331.31,9.5,97.378,0.85,,0,-95.337,6,50,6,652,0.5537
11.84,9.787,0.0198,2371.56,9.5,96.563,0.9,,1,-95.257,6,50,7,603,0.5439
12.155,9.741,0.0,2118.25,9.5,97.665,0.95,,1,-95.763,6,50,7,472,0.5275
12.915,10.292,0.0,2232.44,9.5,97.012,1.0,,3,-95.535,6,50,9,417,0.5396
11.095,8.285,0.0,2014.13,9.5,97.506,0.8,,0,-95.972,7,50,5,692,0.5607
11.383,8.566,0.0,2029.44,9.5,97.702,0.85,,0,-95.941,7,50,5,565,0.5487
11.39,8.539,0.0,1995.31,9.5,97.22,0.9,,0,-96.009,7,50,6,507,0.5483
12.155,9.741,0.0,1051.63,9.5,98.921,0.95,,1,-97.897,7,50,7,472,0.5275
12.435,9.48,0.0,1801.94,9.5,97.706,1.0,,3,-96.396,7,50,7,340,0.5324
11.292,8.404,0.0,1660.63,9.5,98.059,0.8,,0,-96.679,8,50,4,549,0.5574
11.205,8.552,0.0,1565.69,9.5,98.243,0.85,,0,-96.869,8,50,5,544,0.5478
11.33,8.719,0.0,1601.13,9.5,97.851,0.9,,0,-96.798,8,50,6,475,0.5495
11.585,9.236,0.0,1679.88,9.5,98.383,0.95,,1,-96.64,8,50,6,398,0.5302
12.401,9.48,0.0,1371.88,9.5,98.356,1.0,,3,-97.256,8,50,7,338,0.5355
11.362,8.593,0.0,1572.25,9.5,98.273,0.8,,0,-96.855,9,50,3,448,0.558
11.185,8.579,0.0,1519.75,9.5,98.228,0.85,,0,-96.96,9,50,5,538,0.552
11.326,8.785,0.0,1442.75,9.5,98.123,0.9,,0,-97.114,9,50,6,466,0.5515
11.531,9.285,0.0,1444.06,9.5,98.658,0.95,,1,-97.112,9,50,6,387,0.5375
11.843,9.278,0.0,1579.25,9.5,98.195,1.0,,3,-96.841,9,50,7,330,0.5364
11.454,8.267,0.0,1497.0,9.5,98.392,0.8,,0,-97.006,10,50,3,321,0.5545
11.183,8.552,0.0,1364.88,9.5,98.351,0.85,,0,-97.27,10,50,5,540,0.5519
11.301,8.785,0.0,1354.81,9.5,98.258,0.9,,0,-97.29,10,50,6,465,0.5527
11.356,9.391,0.0,1441.44,9.5,98.696,0.95,,1,-97.117,10,50,6,382,0.5366
11.843,9.278,0.0,1374.06,9.5,98.46,1.0,,2,-97.252,10,50,7,330,0.5364
12.235,9.868,0.1234,33473.0,9.5,43.173,0.8,,3,-33.054,1,55,9,1606,0.5448
12.653,10.138,0.1279,38681.0,9.5,41.882,0.85,,4,-22.638,1,55,9,1066,0.5488
12.515,10.26,0.1176,41439.87,9.5,33.976,0.9,,5,-17.12,1,55,9,815,0.5497
12.488,10.167,0.0285,41108.69,9.5,36.917,0.95,,4,-17.783,1,55,9,623,0.5441
12.784,10.439,0.0,44573.25,9.5,31.434,1.0,,6,-10.853,1,55,9,452,0.5465
12.235,9.868,0.1175,11435.69,9.5,82.5,0.8,,3,-77.129,2,55,9,1606,0.5448
12.653,10.138,0.1117,21408.5,9.5,72.087,0.85,,3,-57.183,2,55,9,1066,0.5488
12.515,10.26,0.0,30794.19,9.5,58.84,0.9,,4,-38.412,2,55,9,815,0.5497
12.488,10.167,0.0,32692.94,9.5,64.759,0.95,,5,-34.614,2,55,9,623,0.5441
12.784,10.439,0.0,37911.44,9.5,55.458,1.0,,5,-24.177,2,55,9,452,0.5465
12.235,9.868,0.0767,7480.25,9.5,89.704,0.8,,2,-85.039,3,55,9,1606,0.5448
12.653,10.138,0.044,9412.69,9.5,88.483,0.85,,1,-81.175,3,55,9,1066,0.5488
12.515,10.26,0.0141,16240.75,9.5,78.782,0.9,,4,-67.518,3,55,9,815,0.5497
12.488,10.167,0.0,15982.63,9.5,84.131,0.95,,2,-68.035,3,55,9,623,0.5441
12.784,10.439,0.0,26088.44,9.5,75.539,1.0,,5,-47.823,3,55,9,452,0.5465
11.986,9.526,0.0641,2962.63,9.5,95.557,0.8,,1,-94.075,4,55,7,1242,0.5491
12.696,10.069,0.0,3552.81,9.5,95.616,0.85,,0,-92.894,4,55,9,979,0.5485
12.515,10.26,0.0079,8068.69,9.5,89.857,0.9,,4,-83.863,4,55,9,815,0.5497
12.488,10.167,0.0,9116.06,9.5,91.772,0.95,,3,-81.768,4,55,9,623,0.5441
12.784,10.439,0.0,16816.5,9.5,85.649,1.0,,5,-66.367,4,55,9,452,0.5465
11.324,8.389,0.0,2804.25,9.5,96.071,0.8,,0,-94.391,5,55,6,879,0.5552
12.526,9.749,0.0,1598.06,9.5,98.183,0.85,,0,-96.804,5,55,7,835,0.5461
12.515,10.26,0.0,4793.13,9.5,95.163,0.9,,3,-90.414,5,55,9,815,0.5497
12.488,10.167,0.0,5330.38,9.5,96.117,0.95,,2,-89.339,5,55,9,623,0.5441
12.784,10.439,0.0,6819.63,9.5,93.897,1.0,,4,-86.361,5,55,9,452,0.5465
11.144,8.338,0.0,2298.06,9.5,96.995,0.8,,0,-95.404,6,55,5,797,0.5558
11.609,8.507,0.0,2331.31,9.5,97.378,0.85,,0,-95.337,6,55,6,652,0.5537
11.84,9.787,0.0198,2371.56,9.5,96.563,0.9,,1,-95.257,6,55,7,603,0.5439
12.155,9.741,0.0,2118.25,9.5,97.665,0.95,,1,-95.763,6,55,7,472,0.5275
12.915,10.292,0.0,2232.44,9.5,97.012,1.0,,3,-95.535,6,55,9,417,0.5396
11.095,8.285,0.0,2014.13,9.5,97.506,0.8,,0,-95.972,7,55,5,692,0.5607
11.383,8.566,0.0,2029.44,9.5,97.702,0.85,,0,-95.941,7,55,5,565,0.5487
11.39,8.539,0.0,1995.31,9.5,97.22,0.9,,0,-96.009,7,55,6,507,0.5483
12.155,9.741,0.0,1051.63,9.5,98.921,0.95,,1,-97.897,7,55,7,472,0.5275
12.435,9.48,0.0,1801.94,9.5,97.706,1.0,,3,-96.396,7,55,7,340,0.5324
11.292,8.404,0.0,1660.63,9.5,98.059,0.8,,0,-96.679,8,55,4,549,0.5574
11.205,8.552,0.0,1565.69,9.5,98.243,0.85,,0,-96.869,8,55,5,544,0.5478
11.33,8.719,0.0,1601.13,9.5,97.851,0.9,,0,-96.798,8,55,6,475,0.5495
11.585,9.236,0.0,1679.88,9.5,98.383,0.95,,1,-96.64,8,55,6,398,0.5302
12.401,9.48,0.0,1371.88,9.5,98.356,1.0,,3,-97.256,8,55,7,338,0.5355
11.362,8.593,0.0,1572.25,9.5,98.273,0.8,,0,-96.855,9,55,3,448,0.558
11.185,8.579,0.0,1519.75,9.5,98.228,0.85,,0,-96.96,9,55,5,538,0.552
11.326,8.785,0.0,1442.75,9.5,98.123,0.9,,0,-97.114,9,55,6,466,0.5515
11.531,9.285,0.0,1444.06,9.5,98.658,0.95,,1,-97.112,9,55,6,387,0.5375
11.843,9.278,0.0,1579.25,9.5,98.195,1.0,,3,-96.841,9,55,7,330,0.5364
11.454,8.267,0.0,1497.0,9.5,98.392,0.8,,0,-97.006,10,55,3,321,0.5545
11.183,8.552,0.0,1364.88,9.5,98.351,0.85,,0,-97.27,10,55,5,540,0.5519
11.301,8.785,0.0,1354.81,9.5,98.258,0.9,,0,-97.29,10,55,6,465,0.5527
11.356,9.391,0.0,1441.44,9.5,98.696,0.95,,1,-97.117,10,55,6,382,0.5366
11.843,9.278,0.0,1374.06,9.5,98.46,1.0,,2,-97.252,10,55,7,330,0.5364
12.235,9.868,0.1234,33473.0,9.5,43.173,0.8,,3,-33.054,1,60,9,1606,0.5448
12.653,10.138,0.1279,38681.0,9.5,41.882,0.85,,4,-22.638,1,60,9,1066,0.5488
12.515,10.26,0.1176,41439.87,9.5,33.976,0.9,,5,-17.12,1,60,9,815,0.5497
12.488,10.167,0.0285,41108.69,9.5,36.917,0.95,,4,-17.783,1,60,9,623,0.5441
12.784,10.439,0.0,44573.25,9.5,31.434,1.0,,6,-10.853,1,60,9,452,0.5465
12.235,9.868,0.1175,11435.69,9.5,82.5,0.8,,3,-77.129,2,60,9,1606,0.5448
12.653,10.138,0.1117,21408.5,9.5,72.087,0.85,,3,-57.183,2,60,9,1066,0.5488
12.515,10.26,0.0,30794.19,9.5,58.84,0.9,,4,-38.412,2,60,9,815,0.5497
12.488,10.167,0.0,32692.94,9.5,64.759,0.95,,5,-34.614,2,60,9,623,0.5441
12.784,10.439,0.0,37911.44,9.5,55.458,1.0,,5,-24.177,2,60,9,452,0.5465
12.235,9.868,0.0767,7480.25,9.5,89.704,0.8,,2,-85.039,3,60,9,1606,0.5448
12.653,10.138,0.044,9412.69,9.5,88.483,0.85,,1,-81.175,3,60,9,1066,0.5488
12.515,10.26,0.0141,16240.75,9.5,78.782,0.9,,4,-67.518,3,60,9,815,0.5497
12.488,10.167,0.0,15982.63,9.5,84.131,0.95,,2,-68.035,3,60,9,623,0.5441
12.784,10.439,0.0,26088.44,9.5,75.539,1.0,,5,-47.823,3,60,9,452,0.5465
11.986,9.526,0.0641,2962.63,9.5,95.557,0.8,,1,-94.075,4,60,7,1242,0.5491
12.696,10.069,0.0,3552.81,9.5,95.616,0.85,,0,-92.894,4,60,9,979,0.5485
12.515,10.26,0.0079,8068.69,9.5,89.857,0.9,,4,-83.863,4,60,9,815,0.5497
12.488,10.167,0.0,9116.06,9.5,91.772,0.95,,3,-81.768,4,60,9,623,0.5441
12.784,10.439,0.0,16816.5,9.5,85.649,1.0,,5,-66.367,4,60,9,452,0.5465
11.324,8.389,0.0,2804.25,9.5,96.071,0.8,,0,-94.391,5,60,6,879,0.5552
12.526,9.749,0.0,1598.06,9.5,98.183,0.85,,0,-96.804,5,60,7,835,0.5461
12.515,10.26,0.0,4793.13,9.5,95.163,0.9,,3,-90.414,5,60,9,815,0.5497
12.488,10.167,0.0,5330.38,9.5,96.117,0.95,,2,-89.339,5,60,9,623,0.5441
12.784,10.439,0.0,6819.63,9.5,93.897,1.0,,4,-86.361,5,60,9,452,0.5465
11.144,8.338,0.0,2298.06,9.5,96.995,0.8,,0,-95.404,6,60,5,797,0.5558
11.609,8.507,0.0,2331.31,9.5,97.378,0.85,,0,-95.337,6,60,6,652,0.5537
11.84,9.787,0.0198,2371.56,9.5,96.563,0.9,,1,-95.257,6,60,7,603,0.5439
12.155,9.741,0.0,2118.25,9.5,97.665,0.95,,1,-95.763,6,60,7,472,0.5275
12.915,10.292,0.0,2232.44,9.5,97.012,1.0,,3,-95.535,6,60,9,417,0.5396
11.095,8.285,0.0,2014.13,9.5,97.506,0.8,,0,-95.972,7,60,5,692,0.5607
11.383,8.566,0.0,2029.44,9.5,97.702,0.85,,0,-95.941,7,60,5,565,0.5487
11.39,8.539,0.0,1995.31,9.5,97.22,0.9,,0,-96.009,7,60,6,507,0.5483
12.155,9.741,0.0,1051.63,9.5,98.921,0.95,,1,-97.897,7,60,7,472,0.5275
12.435,9.48,0.0,1801.94,9.5,97.706,1.0,,3,-96.396,7,60,7,340,0.5324
11.292,8.404,0.0,1660.63,9.5,98.059,0.8,,0,-96.679,8,60,4,549,0.5574
11.205,8.552,0.0,1565.69,9.5,98.243,0.85,,0,-96.869,8,60,5,544,0.5478
11.33,8.719,0.0,1601.13,9.5,97.851,0.9,,0,-96.798,8,60,6,475,0.5495
11.585,9.236,0.0,1679.88,9.5,98.383,0.95,,1,-96.64,8,60,6,398,0.5302
12.401,9.48,0.0,1371.88,9.5,98.356,1.0,,3,-97.256,8,60,7,338,0.5355
11.362,8.593,0.0,1572.25,9.5,98.273,0.8,,0,-96.855,9,60,3,448,0.558
11.185,8.579,0.0,1519.75,9.5,98.228,0.85,,0,-96.96,9,60,5,538,0.552
11.326,8.785,0.0,1442.75,9.5,98.123,0.9,,0,-97.114,9,60,6,466,0.5515
11.531,9.285,0.0,1444.06,9.5,98.658,0.95,,1,-97.112,9,60,6,387,0.5375
11.843,9.278,0.0,1579.25,9.5,98.195,1.0,,3,-96.841,9,60,7,330,0.5364
11.454,8.267,0.0,1497.0,9.5,98.392,0.8,,0,-97.006,10,60,3,321,0.5545
11.183,8.552,0.0,1364.88,9.5,98.351,0.85,,0,-97.27,10,60,5,540,0.5519
11.301,8.785,0.0,1354.81,9.5,98.258,0.9,,0,-97.29,10,60,6,465,0.5527
11.356,9.391,0.0,1441.44,9.5,98.696,0.95,,1,-97.117,10,60,6,382,0.5366
11.843,9.278,0.0,1374.06,9.5,98.46,1.0,,2,-97.252,10,60,7,330,0.5364
10.018,9.897,0.0,40413.94,10.0,37.871,0.8,,5,-19.172,1,5,9,1629,0.5015
10.197,10.257,0.065,42136.38,10.0,32.721,0.85,,4,-15.727,1,5,9,1077,0.5005
9.923,10.448,0.0238,43759.5,10.0,30.586,0.9,,4,-12.481,1,5,9,826,0.4915
10.132,10.455,0.0,44102.94,10.0,31.224,0.95,,4,-11.794,1,5,9,631,0.4849
10.663,10.794,0.0,45977.19,10.0,27.522,1.0,,6,-8.046,1,5,9,453,0.4923
10.018,9.897,0.0,18857.88,10.0,76.068,0.8,,3,-62.284,2,5,9,1629,0.5015
10.197,10.257,0.0,35495.13,10.0,56.258,0.85,,4,-29.01,2,5,9,1077,0.5005
9.923,10.448,0.0,38259.69,10.0,55.022,0.9,,5,-23.481,2,5,9,826,0.4915
10.132,10.455,0.0,33914.88,10.0,56.334,0.95,,4,-32.17,2,5,9,631,0.4849
10.663,10.794,0.0,39390.63,10.0,52.642,1.0,,6,-21.219,2,5,9,453,0.4923
10.018,9.897,0.0,11366.56,10.0,88.452,0.8,,3,-77.267,3,5,9,1629,0.5015
10.197,10.257,0.0,19669.0,10.0,79.598,0.85,,2,-60.662,3,5,9,1077,0.5005
9.923,10.448,0.0,26436.69,10.0,74.124,0.9,,4,-47.127,3,5,9,826,0.4915
10.132,10.455,0.0,23173.38,10.0,74.913,0.95,,3,-53.653,3,5,9,631,0.4849
10.663,10.794,0.0,29378.44,10.0,69.537,1.0,,6,-41.243,3,5,9,453,0.4923
10.018,9.897,0.0,5158.0,10.0,96.299,0.8,,4,-89.684,4,5,9,1629,0.5015
10.197,10.257,0.0,10288.56,10.0,90.091,0.85,,2,-79.423,4,5,9,1077,0.5005
9.923,10.448,0.0,12653.69,10.0,87.639,0.9,,4,-74.693,4,5,9,826,0.4915
10.132,10.455,0.0,12028.5,10.0,88.139,0.95,,3,-75.943,4,5,9,631,0.4849
10.663,10.794,0.0,18307.06,10.0,81.978,1.0,,5,-63.386,4,5,9,453,0.4923
9.706,9.509,0.0,2963.94,10.0,97.624,0.8,,3,-94.072,5,5,8,1293,0.5012
10.197,10.257,0.0,4773.44,10.0,95.961,0.85,,3,-90.453,5,5,9,1077,0.5005
9.923,10.448,0.0,6302.94,10.0,93.043,0.9,,3,-87.394,5,5,9,826,0.4915
10.132,10.455,0.0,8185.94,10.0,93.03,0.95,,3,-83.628,5,5,9,631,0.4849
10.663,10.794,0.0,11526.69,10.0,90.333,1.0,,5,-76.947,5,5,9,453,0.4923
8.973,8.475,0.0,2390.81,10.0,98.352,0.8,,2,-95.218,6,5,6,1075,0.507
9.815,9.867,0.0,2064.88,10.0,97.72,0.85,,1,-95.87,6,5,7,809,0.4969
9.787,10.121,0.0,2246.44,10.0,97.03,0.9,,2,-95.507,6,5,7,633,0.4803
10.132,10.455,0.0,3912.44,10.0,97.262,0.95,,3,-92.175,6,5,9,631,0.4849
10.663,10.794,0.0,5249.88,10.0,95.263,1.0,,4,-89.5,6,5,9,453,0.4923
8.541,8.224,0.0,2074.5,10.0,98.77,0.8,,1,-95.851,7,5,5,836,0.4964
9.235,8.795,0.0,2011.94,10.0,97.882,0.85,,1,-95.976,7,5,6,722,0.5
9.406,9.969,0.0,2043.44,10.0,97.437,0.9,,2,-95.913,7,5,7,612,0.4853
9.717,10.043,0.0,1924.0,10.0,98.044,0.95,,2,-96.152,7,5,7,482,0.4668
10.213,9.866,0.0,2089.38,10.0,97.388,1.0,,3,-95.821,7,5,7,344,0.4709
8.475,8.209,0.0,1838.69,10.0,99.022,0.8,,1,-96.323,8,5,5,818,0.4976
8.965,8.54,0.0,1615.56,10.0,98.381,0.85,,1,-96.769,8,5,6,669,0.4948
8.867,8.618,0.0,1821.19,10.0,97.8,0.9,,2,-96.358,8,5,6,521,0.4818
9.675,10.043,0.0,930.88,10.0,99.129,0.95,,2,-98.138,8,5,7,480,0.4688
10.139,9.866,0.0,1819.0,10.0,97.873,1.0,,3,-96.362,8,5,7,343,0.4723
8.469,8.209,0.0,1530.69,10.0,99.268,0.8,,1,-96.939,9,5,5,817,0.4982
8.693,8.524,0.0,1515.38,10.0,98.556,0.85,,1,-96.969,9,5,5,563,0.492
8.788,8.594,0.0,1633.06,10.0,98.023,0.9,,2,-96.734,9,5,6,515,0.4854
9.267,9.904,0.0,1646.63,10.0,98.546,0.95,,2,-96.707,9,5,7,469,0.4691
10.056,9.866,0.0,1554.31,10.0,98.27,1.0,,3,-96.891,9,5,7,339,0.4749
8.572,8.051,0.0,1431.81,10.0,99.383,0.8,,1,-97.136,10,5,4,567,0.5009
8.654,8.569,0.0,1426.56,10.0,98.685,0.85,,1,-97.147,10,5,5,554,0.491
8.824,8.616,0.0,1089.25,10.0,98.695,0.9,,2,-97.821,10,5,6,507,0.4892
9.005,9.511,0.0,1394.19,10.0,98.839,0.95,,2,-97.212,10,5,6,407,0.4668
10.056,9.866,0.0,830.69,10.0,99.128,1.0,,3,-98.339,10,5,7,339,0.4749
11.897,9.878,0.0601,38614.06,10.0,38.953,0.8,,4,-22.772,1,10,9,1600,0.5419
12.294,10.253,0.1881,42254.06,10.0,32.86,0.85,,5,-15.492,1,10,9,1064,0.547
12.157,10.383,0.0,51417.06,10.0,28.742,0.9,,6,2.834,1,10,9,816,0.5441
12.153,10.237,0.0,47120.81,10.0,35.138,0.95,,5,-5.758,1,10,9,624,0.5433
12.613,10.452,0.0,47693.94,10.0,27.953,1.0,,6,-4.612,1,10,9,451,0.5499
11.897,9.878,0.0521,18719.19,10.0,76.181,0.8,,4,-62.562,2,10,9,1600,0.5419
12.294,10.253,0.1204,31089.94,10.0,59.589,0.85,,4,-37.82,2,10,9,1064,0.547
12.157,10.383,0.0,36748.12,10.0,58.524,0.9,,5,-26.504,2,10,9,816,0.5441
12.153,10.237,0.0,37535.62,10.0,63.575,0.95,,5,-24.929,2,10,9,624,0.5433
12.613,10.452,0.0,44237.69,10.0,52.727,1.0,,6,-11.525,2,10,9,451,0.5499
11.897,9.878,0.0322,8107.63,10.0,91.685,0.8,,4,-83.785,3,10,9,1600,0.5419
12.294,10.253,0.1159,18371.81,10.0,79.449,0.85,,4,-63.256,3,10,9,1064,0.547
12.157,10.383,0.0,22173.69,10.0,76.87,0.9,,5,-55.653,3,10,9,816,0.5441
12.153,10.237,0.0,27351.94,10.0,79.129,0.95,,5,-45.296,3,10,9,624,0.5433
12.613,10.452,0.0,33815.56,10.0,69.858,1.0,,6,-32.369,3,10,9,451,0.5499
11.609,9.541,0.0228,3537.06,10.0,95.846,0.8,,3,-92.926,4,10,8,1302,0.5407
12.294,10.253,0.0389,7556.38,10.0,91.341,0.85,,1,-84.887,4,10,9,1064,0.547
12.157,10.383,0.0,12172.87,10.0,88.592,0.9,,4,-75.654,4,10,9,816,0.5441
12.153,10.237,0.0,17859.5,10.0,89.505,0.95,,4,-64.281,4,10,9,624,0.5433
12.613,10.452,0.0,27295.5,10.0,81.283,1.0,,6,-45.409,4,10,9,451,0.5499
11.563,9.509,0.0,2029.88,10.0,97.872,0.8,,2,-95.94,5,10,7,1237,0.5441
12.147,9.891,0.0,2891.75,10.0,96.521,0.85,,0,-94.216,5,10,7,833,0.545
12.157,10.383,0.0,6616.19,10.0,93.477,0.9,,5,-86.768,5,10,9,816,0.5441
12.153,10.237,0.0,10299.5,10.0,94.826,0.95,,4,-79.401,5,10,9,624,0.5433
12.613,10.452,0.0,15999.69,10.0,88.915,1.0,,5,-68.001,5,10,9,451,0.5499
10.813,8.275,0.0,2486.63,10.0,97.661,0.8,,0,-95.027,6,10,6,957,0.5507
11.942,9.879,0.0,2389.94,10.0,97.183,0.85,,0,-95.22,6,10,7,811,0.5462
11.739,10.062,0.0,2377.25,10.0,96.689,0.9,,3,-95.245,6,10,7,620,0.5355
12.153,10.237,0.0,5788.0,10.0,97.063,0.95,,3,-88.424,6,10,9,624,0.5433
12.613,10.452,0.0,9459.06,10.0,93.579,1.0,,5,-81.082,6,10,9,451,0.5499
10.6,8.296,0.0,1758.19,10.0,98.482,0.8,,0,-96.484,7,10,5,795,0.5472
11.626,9.755,0.0,2115.19,10.0,97.663,0.85,,0,-95.77,7,10,7,774,0.5478
11.739,10.062,0.0,1916.56,10.0,97.46,0.9,,3,-96.167,7,10,7,620,0.5355
11.857,9.801,0.0,2055.25,10.0,98.218,0.95,,2,-95.89,7,10,7,478,0.5272
12.742,10.217,0.0,2015.88,10.0,97.471,1.0,,4,-95.968,7,10,8,398,0.5477
10.554,8.314,0.0,1831.69,10.0,98.511,0.8,,0,-96.337,8,10,5,790,0.5494
11.038,8.853,0.0,1648.38,10.0,98.205,0.85,,0,-96.703,8,10,6,606,0.5446
11.378,9.957,0.0,1749.88,10.0,97.8,0.9,,3,-96.5,8,10,7,600,0.54
11.76,9.801,0.0,1801.5,10.0,98.376,0.95,,2,-96.397,8,10,7,473,0.5307
12.109,9.503,0.0,1781.81,10.0,97.903,1.0,,3,-96.436,8,10,7,337,0.5401
10.754,8.421,0.0,1650.13,10.0,98.72,0.8,,0,-96.7,9,10,4,546,0.5495
10.991,8.893,0.0,1463.31,10.0,98.481,0.85,,0,-97.073,9,10,6,601,0.5441
10.887,8.689,0.0,1514.06,10.0,98.166,0.9,,1,-96.972,9,10,6,507,0.5444
11.348,9.68,0.0,1656.69,10.0,98.567,0.95,,2,-96.687,9,10,7,464,0.5323
12.109,9.503,0.0,777.75,10.0,99.131,1.0,,3,-98.444,9,10,7,337,0.5401
10.753,8.611,0.0,1426.13,10.0,98.925,0.8,,0,-97.148,10,10,3,447,0.5481
10.649,8.752,0.0,1284.38,10.0,98.671,0.85,,0,-97.431,10,10,5,541,0.5471
10.917,8.709,0.0,1238.0,10.0,98.547,0.9,,1,-97.524,10,10,6,499,0.5491
11.131,9.311,0.0,1349.12,10.0,98.876,0.95,,2,-97.302,10,10,6,399,0.5338
12.109,9.503,0.0,1168.88,10.0,98.767,1.0,,3,-97.662,10,10,7,337,0.5401
12.192,9.881,0.0608,40275.69,10.0,35.526,0.8,,3,-19.449,1,15,9,1597,0.5517
12.624,10.213,0.1857,53015.25,10.0,28.021,0.85,,5,6.03,1,15,9,1061,0.557
12.496,10.338,0.0,55258.31,10.0,29.478,0.9,,6,10.517,1,15,9,815,0.5558
12.416,10.245,0.0,47675.13,10.0,36.228,0.95,,5,-4.65,1,15,9,624,0.5497
12.739,10.411,0.0,47581.06,10.0,28.399,1.0,,6,-4.838,1,15,9,451,0.5521
12.192,9.881,0.0168,25030.56,10.0,66.614,0.8,,4,-49.939,2,15,9,1597,0.5517
12.624,10.213,0.1248,36739.37,10.0,53.129,0.85,,4,-26.521,2,15,9,1061,0.557
12.496,10.338,0.0,46596.25,10.0,54.821,0.9,,5,-6.808,2,15,9,815,0.5558
12.416,10.245,0.0,41598.25,10.0,64.249,0.95,,5,-16.804,2,15,9,624,0.5497
12.739,10.411,0.0,42154.31,10.0,53.257,1.0,,6,-15.691,2,15,9,451,0.5521
12.192,9.881,0.0223,11622.06,10.0,87.102,0.8,,2,-76.756,3,15,9,1597,0.5517
12.624,10.213,0.0701,21348.56,10.0,78.135,0.85,,3,-57.303,3,15,9,1061,0.557
12.496,10.338,0.0,29889.44,10.0,76.568,0.9,,5,-40.221,3,15,9,815,0.5558
12.416,10.245,0.0,28149.94,10.0,80.637,0.95,,5,-43.7,3,15,9,624,0.5497
12.739,10.411,0.0,33790.19,10.0,69.396,1.0,,6,-32.42,3,15,9,451,0.5521
12.192,9.881,0.0269,5708.81,10.0,93.968,0.8,,2,-88.582,4,15,9,1597,0.5517
12.624,10.213,0.0,7721.31,10.0,91.362,0.85,,0,-84.557,4,15,9,1061,0.557
12.496,10.338,0.0,16677.37,10.0,88.042,0.9,,4,-66.645,4,15,9,815,0.5558
12.416,10.245,0.0,17919.0,10.0,90.096,0.95,,4,-64.162,4,15,9,624,0.5497
12.739,10.411,0.0,25952.81,10.0,81.149,1.0,,6,-48.094,4,15,9,451,0.5521
11.813,9.545,0.0106,2936.38,10.0,96.463,0.8,,1,-94.127,5,15,8,1261,0.5519
12.654,10.185,0.0,2961.75,10.0,96.6,0.85,,0,-94.076,5,15,9,977,0.5537
12.496,10.338,0.0,9547.0,10.0,94.138,0.9,,3,-80.906,5,15,9,815,0.5558
12.416,10.245,0.0,8408.62,10.0,95.542,0.95,,3,-83.183,5,15,9,624,0.5497
12.739,10.411,0.0,11398.94,10.0,90.353,1.0,,5,-77.202,5,15,9,451,0.5521
11.67,9.504,0.0214,2401.75,10.0,97.324,0.8,,1,-95.196,6,15,7,1205,0.5552
12.406,9.888,0.0,1959.44,10.0,97.733,0.85,,0,-96.081,6,15,7,830,0.5542
12.533,10.284,0.0,2161.56,10.0,97.894,0.9,,2,-95.677,6,15,8,721,0.5562
12.416,10.245,0.0,5563.12,10.0,97.59,0.95,,3,-88.874,6,15,9,624,0.5497
12.739,10.411,0.0,6508.13,10.0,94.899,1.0,,5,-86.984,6,15,9,451,0.5521
11.103,8.33,0.0267,2127.44,10.0,97.767,0.8,,1,-95.745,7,15,6,953,0.5635
12.187,9.876,0.0,1969.5,10.0,97.799,0.85,,0,-96.061,7,15,7,807,0.5564
12.02,10.067,0.0,2062.69,10.0,97.778,0.9,,2,-95.875,7,15,7,619,0.546
12.028,9.892,0.0,2066.19,10.0,98.323,0.95,,2,-95.868,7,15,7,478,0.5293
12.254,9.505,0.0,2124.38,10.0,97.277,1.0,,4,-95.751,7,15,7,341,0.5367
10.779,8.395,0.0,1832.13,10.0,98.178,0.8,,0,-96.336,8,15,5,793,0.5586
11.402,8.703,0.0,1803.25,10.0,97.973,0.85,,0,-96.393,8,15,6,655,0.5588
12.0,10.067,0.0,1692.56,10.0,97.863,0.9,,2,-96.615,8,15,7,616,0.5487
11.943,9.892,0.0,1799.75,10.0,98.491,0.95,,2,-96.401,8,15,7,474,0.5316
12.326,9.505,0.0,1570.94,10.0,98.105,1.0,,3,-96.858,8,15,7,342,0.5351
10.779,8.413,0.0324,1618.63,10.0,98.389,0.8,,1,-96.763,9,15,5,790,0.5595
11.307,8.803,0.0,1640.06,10.0,98.096,0.85,,0,-96.72,9,15,6,611,0.5581
11.678,9.964,0.0,1242.38,10.0,98.352,0.9,,2,-97.515,9,15,7,599,0.5509
11.538,9.765,0.0,1654.94,10.0,98.443,0.95,,2,-96.69,9,15,7,462,0.5346
12.2,9.503,0.0,690.25,10.0,99.206,1.0,,3,-98.619,9,15,7,337,0.5401
11.052,8.491,0.0,1445.38,10.0,98.596,0.8,,0,-97.109,10,15,4,546,0.5604
10.933,8.777,0.0,1396.38,10.0,98.285,0.85,,0,-97.207,10,15,5,551,0.5535
11.199,8.724,0.0283,1371.0,10.0,98.219,0.9,,2,-97.258,10,15,6,504,0.5595
11.313,9.42,0.0,1362.25,10.0,98.73,0.95,,2,-97.276,10,15,6,398,0.5377
12.2,9.503,0.0,1045.06,10.0,98.859,1.0,,3,-97.91,10,15,7,337,0.5401
12.322,9.923,0.0388,40539.94,10.0,35.933,0.8,,3,-18.92,1,20,9,1596,0.5539
12.787,10.228,0.1615,52311.31,10.0,26.854,0.85,,5,4.623,1,20,9,1060,0.5594
12.64,10.353,0.0,52222.06,10.0,29.955,0.9,,6,4.444,1,20,9,814,0.5565
12.586,10.265,0.0,47245.5,10.0,36.956,0.95,,5,-5.509,1,20,9,623,0.5506
12.927,10.413,0.0,46297.44,10.0,29.882,1.0,,6,-7.405,1,20,9,451,0.5543
12.322,9.923,0.0,26190.38,10.0,66.485,0.8,,3,-47.619,2,20,9,1596,0.5539
12.787,10.228,0.0817,33106.81,10.0,58.843,0.85,,4,-33.786,2,20,9,1060,0.5594
12.64,10.353,0.0,45991.62,10.0,55.397,0.9,,5,-8.017,2,20,9,814,0.5565
12.586,10.265,0.0,39120.69,10.0,63.506,0.95,,5,-21.759,2,20,9,623,0.5506
12.927,10.413,0.0,41825.31,10.0,53.807,1.0,,6,-16.349,2,20,9,451,0.5543
12.322,9.923,0.0088,11071.25,10.0,87.321,0.8,,3,-77.857,3,20,9,1596,0.5539
12.787,10.228,0.0584,17276.75,10.0,82.717,0.85,,2,-65.446,3,20,9,1060,0.5594
12.64,10.353,0.0,27946.06,10.0,75.334,0.9,,5,-44.108,3,20,9,814,0.5565
12.586,10.265,0.0,27843.69,10.0,80.78,0.95,,5,-44.313,3,20,9,623,0.5506
12.927,10.413,0.0,34533.94,10.0,70.09,1.0,,6,-30.932,3,20,9,451,0.5543
12.322,9.923,0.0037,5935.0,10.0,93.982,0.8,,2,-88.13,4,20,9,1596,0.5539
12.787,10.228,0.047,8486.94,10.0,91.813,0.85,,1,-83.026,4,20,9,1060,0.5594
12.64,10.353,0.0,15781.81,10.0,88.299,0.9,,5,-68.436,4,20,9,814,0.5565
12.586,10.265,0.0,16587.25,10.0,89.885,0.95,,3,-66.825,4,20,9,623,0.5506
12.927,10.413,0.0,20831.88,10.0,81.98,1.0,,6,-58.336,4,20,9,451,0.5543
11.964,9.589,0.0218,1889.88,10.0,97.789,0.8,,1,-96.22,5,20,7,1233,0.5556
12.791,10.154,0.0,2968.31,10.0,96.43,0.85,,0,-94.063,5,20,9,980,0.5551
12.64,10.353,0.0,6217.63,10.0,95.125,0.9,,3,-87.565,5,20,9,814,0.5565
12.586,10.265,0.0,8408.63,10.0,95.18,0.95,,3,-83.183,5,20,9,623,0.5506
12.927,10.413,0.0,11418.63,10.0,89.596,1.0,,5,-77.163,5,20,9,451,0.5543
11.265,8.388,0.0346,2400.0,10.0,97.32,0.8,,1,-95.2,6,20,6,958,0.5626
12.594,9.888,0.0,2165.94,10.0,97.458,0.85,,0,-95.668,6,20,7,829,0.5561
12.64,10.353,0.0,4349.94,10.0,96.598,0.9,,4,-91.3,6,20,9,814,0.5565
12.657,10.294,0.0,2362.38,10.0,97.828,0.95,,2,-95.275,6,20,9,573,0.5393
12.927,10.413,0.0,6078.06,10.0,95.253,1.0,,5,-87.844,6,20,9,451,0.5543
11.271,8.388,0.0232,2063.56,10.0,97.8,0.8,,1,-95.873,7,20,6,954,0.565
12.334,9.884,0.0,2002.75,10.0,97.706,0.85,,0,-95.994,7,20,7,794,0.5579
12.191,10.087,0.0,2098.13,10.0,97.285,0.9,,2,-95.804,7,20,7,616,0.5487
12.155,9.919,0.0,2134.44,10.0,98.044,0.95,,2,-95.731,7,20,7,473,0.5328
13.03,10.22,0.0,2124.81,10.0,97.181,1.0,,4,-95.75,7,20,8,398,0.5503
10.996,8.465,0.0444,1766.5,10.0,98.183,0.8,,1,-96.467,8,20,5,792,0.5619
11.582,8.706,0.0,1857.06,10.0,97.747,0.85,,0,-96.286,8,20,6,653,0.562
12.186,10.087,0.0,1508.38,10.0,97.855,0.9,,2,-96.983,8,20,7,615,0.5496
12.148,9.919,0.0,1642.69,10.0,98.356,0.95,,2,-96.715,8,20,7,472,0.5339
12.475,9.51,0.0,1833.0,10.0,97.71,1.0,,3,-96.334,8,20,7,339,0.5398
11.132,8.517,0.0,1615.56,10.0,98.394,0.8,,0,-96.769,9,20,4,550,0.56
11.551,8.871,0.0,1402.94,10.0,98.267,0.85,,0,-97.194,9,20,6,602,0.5598
11.382,8.748,0.0319,1538.13,10.0,97.869,0.9,,2,-96.924,9,20,6,506,0.5573
11.714,9.793,0.0,1646.63,10.0,98.35,0.95,,2,-96.707,9,20,7,461,0.5358
12.441,9.51,0.0,1556.94,10.0,98.136,1.0,,3,-96.886,9,20,7,337,0.543
11.12,8.547,0.0,1405.56,10.0,98.585,0.8,,0,-97.189,10,20,4,545,0.5615
11.129,8.826,0.0,1124.69,10.0,98.593,0.85,,0,-97.751,10,20,5,538,0.5595
11.389,8.748,0.0384,1325.06,10.0,98.199,0.9,,2,-97.35,10,20,6,503,0.5606
11.518,9.453,0.0,1372.75,10.0,98.671,0.95,,2,-97.254,10,20,6,397,0.539
12.441,9.51,0.0,684.13,10.0,99.216,1.0,,3,-98.632,10,20,7,337,0.543
12.524,9.943,0.133,39611.56,10.0,34.814,0.8,,3,-20.777,1,25,9,1594,0.5546
12.928,10.177,0.1231,42619.81,10.0,36.313,0.85,,4,-14.76,1,25,9,1057,0.5591
12.804,10.318,0.089,42927.37,10.0,33.913,0.9,,5,-14.145,1,25,9,812,0.5567
12.806,10.219,0.0,43387.63,10.0,36.598,0.95,,5,-13.225,1,25,9,621,0.5507
12.997,10.418,0.0,45627.19,10.0,29.977,1.0,,6,-8.746,1,25,9,450,0.5533
12.524,9.943,0.1225,19909.19,10.0,71.758,0.8,,3,-60.182,2,25,9,1594,0.5546
12.928,10.177,0.101,27789.88,10.0,66.106,0.85,,3,-44.42,2,25,9,1057,0.5591
12.804,10.318,0.0,34568.06,10.0,58.011,0.9,,4,-30.864,2,25,9,812,0.5567
12.806,10.219,0.0,33774.0,10.0,64.197,0.95,,5,-32.452,2,25,9,621,0.5507
12.997,10.418,0.0,38797.38,10.0,52.615,1.0,,6,-22.405,2,25,9,450,0.5533
12.524,9.943,0.0909,8420.44,10.0,89.316,0.8,,2,-83.159,3,25,9,1594,0.5546
12.928,10.177,0.0868,16349.25,10.0,83.5,0.85,,3,-67.301,3,25,9,1057,0.5591
12.804,10.318,0.0,22238.44,10.0,75.037,0.9,,4,-55.523,3,25,9,812,0.5567
12.806,10.219,0.0,23207.06,10.0,80.402,0.95,,2,-53.586,3,25,9,621,0.5507
12.997,10.418,0.0,29149.19,10.0,70.57,1.0,,6,-41.702,3,25,9,450,0.5533
12.26,9.628,0.0467,3697.19,10.0,94.289,0.8,,1,-92.606,4,25,8,1303,0.5526
12.928,10.177,0.0428,6531.31,10.0,94.51,0.85,,1,-86.937,4,25,9,1057,0.5591
12.804,10.318,0.0175,8646.63,10.0,90.402,0.9,,3,-82.707,4,25,9,812,0.5567
12.806,10.219,0.0,12631.81,10.0,90.497,0.95,,2,-74.736,4,25,9,621,0.5507
12.997,10.418,0.0,20792.94,10.0,81.848,1.0,,5,-58.414,4,25,9,450,0.5533
12.222,9.615,0.0843,1897.75,10.0,97.252,0.8,,2,-96.204,5,25,7,1231,0.5565
12.773,9.821,0.0,2708.44,10.0,96.742,0.85,,0,-94.583,5,25,7,826,0.5557
12.804,10.318,0.0166,5364.5,10.0,94.31,0.9,,2,-89.271,5,25,9,812,0.5567
12.806,10.219,0.0,7880.56,10.0,93.89,0.95,,2,-84.239,5,25,9,621,0.5507
12.997,10.418,0.0,11355.19,10.0,90.495,1.0,,4,-77.29,5,25,9,450,0.5533
11.451,8.535,0.0,2409.63,10.0,96.732,0.8,,0,-95.181,6,25,5,795,0.561
12.58,9.807,0.0,2494.94,10.0,97.072,0.85,,0,-95.01,6,25,7,804,0.5572
12.461,10.039,0.0309,2178.63,10.0,96.691,0.9,,1,-95.643,6,25,7,620,0.5452
12.512,9.855,0.0,2415.31,10.0,97.256,0.95,,1,-95.169,6,25,7,475,0.5305
12.997,10.418,0.0,6244.31,10.0,95.021,1.0,,4,-87.511,6,25,9,450,0.5533
11.43,8.505,0.0,1719.25,10.0,97.787,0.8,,0,-96.561,7,25,5,791,0.5626
11.808,8.615,0.0,2103.81,10.0,97.591,0.85,,0,-95.792,7,25,6,650,0.5615
12.099,9.901,0.0314,2037.31,10.0,97.019,0.9,,1,-95.925,7,25,7,599,0.5526
12.432,9.854,0.0,1969.5,10.0,97.926,0.95,,1,-96.061,7,25,7,471,0.5329
13.109,10.225,0.0,2035.56,10.0,97.3,1.0,,3,-95.929,7,25,8,397,0.5491
11.596,8.491,0.0,1759.94,10.0,97.845,0.8,,0,-96.48,8,25,4,545,0.5615
11.795,8.773,0.0,1700.88,10.0,97.937,0.85,,0,-96.598,8,25,6,599,0.5593
11.676,8.686,0.0464,1787.94,10.0,97.458,0.9,,1,-96.424,8,25,6,506,0.5553
11.998,9.727,0.0,1855.31,10.0,98.099,0.95,,1,-96.289,8,25,7,459,0.5359
12.533,9.512,0.0,1211.31,10.0,98.487,1.0,,3,-97.577,8,25,7,336,0.5417
11.672,8.662,0.0,1645.75,10.0,98.063,0.8,,0,-96.708,9,25,3,446,0.5605
11.401,8.715,0.0,1300.56,10.0,98.394,0.85,,0,-97.399,9,25,5,535,0.5589
11.652,8.686,0.0403,1441.88,10.0,98.002,0.9,,1,-97.116,9,25,6,501,0.5609
11.809,9.374,0.0,1516.25,10.0,98.48,0.95,,1,-96.967,9,25,6,393,0.542
12.533,9.512,0.0,1511.0,10.0,98.191,1.0,,3,-96.978,9,25,7,336,0.5417
11.828,8.41,0.0,1425.69,10.0,98.404,0.8,,0,-97.149,10,25,3,311,0.5595
11.401,8.715,0.0,1136.06,10.0,98.579,0.85,,0,-97.728,10,25,5,535,0.5589
11.663,8.893,0.0284,1309.31,10.0,98.22,0.9,,1,-97.381,10,25,6,468,0.562
11.816,9.374,0.0,1376.69,10.0,98.667,0.95,,1,-97.247,10,25,6,391,0.5448
11.887,9.37,0.0,1486.94,10.0,98.297,1.0,,2,-97.026,10,25,7,325,0.5415
12.579,9.924,0.1432,37757.88,10.0,38.372,0.8,,3,-24.484,1,30,9,1592,0.5553
12.968,10.176,0.1767,42602.31,10.0,33.818,0.85,,4,-14.795,1,30,9,1057,0.561
12.844,10.303,0.0742,43508.81,10.0,33.858,0.9,,5,-12.982,1,30,9,812,0.5579
12.835,10.199,0.0,43366.19,10.0,37.021,0.95,,5,-13.268,1,30,9,621,0.5523
13.038,10.39,0.0,47028.06,10.0,28.756,1.0,,6,-5.944,1,30,9,450,0.5556
12.579,9.924,0.1396,19918.81,10.0,71.948,0.8,,3,-60.162,2,30,9,1592,0.5553
12.968,10.176,0.1066,29365.31,10.0,63.349,0.85,,3,-41.269,2,30,9,1057,0.561
12.844,10.303,0.0,35086.5,10.0,58.118,0.9,,4,-29.827,2,30,9,812,0.5579
12.835,10.199,0.0,33923.63,10.0,64.668,0.95,,5,-32.153,2,30,9,621,0.5523
13.038,10.39,0.0,39297.44,10.0,53.629,1.0,,6,-21.405,2,30,9,450,0.5556
12.579,9.924,0.0943,8268.63,10.0,89.822,0.8,,2,-83.463,3,30,9,1592,0.5553
12.968,10.176,0.1016,17232.56,10.0,82.777,0.85,,3,-65.535,3,30,9,1057,0.561
12.844,10.303,0.0,22549.06,10.0,75.171,0.9,,4,-54.902,3,30,9,812,0.5579
12.835,10.199,0.0,23414.0,10.0,80.936,0.95,,3,-53.172,3,30,9,621,0.5523
13.038,10.39,0.0,29161.44,10.0,70.811,1.0,,5,-41.677,3,30,9,450,0.5556
12.291,9.618,0.0,3733.94,10.0,94.233,0.8,,0,-92.532,4,30,8,1294,0.5533
12.968,10.176,0.0533,6790.75,10.0,94.181,0.85,,1,-86.418,4,30,9,1057,0.561
12.844,10.303,0.0,12826.06,10.0,88.97,0.9,,4,-74.348,4,30,9,812,0.5579
12.835,10.199,0.0,15512.31,10.0,88.799,0.95,,4,-68.975,4,30,9,621,0.5523
13.038,10.39,0.0,20763.19,10.0,81.998,1.0,,5,-58.474,4,30,9,450,0.5556
12.286,9.59,0.0494,1808.06,10.0,97.382,0.8,,1,-96.384,5,30,7,1229,0.5574
12.823,9.821,0.0,2669.94,10.0,96.789,0.85,,0,-94.66,5,30,7,826,0.5581
12.844,10.303,0.0168,5357.94,10.0,94.286,0.9,,2,-89.284,5,30,9,812,0.5579
12.835,10.199,0.0,7717.81,10.0,94.104,0.95,,2,-84.564,5,30,9,621,0.5523
13.038,10.39,0.0,10800.88,10.0,91.29,1.0,,4,-78.398,5,30,9,450,0.5556
11.69,8.39,0.0,2419.69,10.0,96.718,0.8,,0,-95.161,6,30,6,950,0.5674
12.631,9.807,0.0,2491.88,10.0,97.076,0.85,,0,-95.016,6,30,7,804,0.5597
12.47,10.02,0.0334,2479.63,10.0,96.234,0.9,,1,-95.041,6,30,7,619,0.5477
12.835,10.199,0.0,6108.25,10.0,97.129,0.95,,3,-87.783,6,30,9,621,0.5523
13.038,10.39,0.0,5790.19,10.0,95.335,1.0,,4,-88.42,6,30,9,450,0.5556
11.527,8.467,0.0,1742.88,10.0,97.757,0.8,,0,-96.514,7,30,5,789,0.564
11.866,8.621,0.0,1995.31,10.0,97.715,0.85,,0,-96.009,7,30,6,650,0.5646
12.149,9.881,0.0309,2106.44,10.0,96.918,0.9,,1,-95.787,7,30,7,599,0.5543
12.467,9.829,0.0,1964.25,10.0,97.932,0.95,,1,-96.071,7,30,7,471,0.535
12.701,9.481,0.0,1943.25,10.0,97.422,1.0,,3,-96.113,7,30,7,341,0.5396
11.646,8.463,0.0,1739.38,10.0,97.87,0.8,,0,-96.521,8,30,4,544,0.5643
11.869,8.621,0.0,1836.06,10.0,97.773,0.85,,0,-96.328,8,30,6,647,0.5672
11.734,8.667,0.0475,1808.94,10.0,97.428,0.9,,1,-96.382,8,30,6,506,0.5573
12.462,9.829,0.0,786.5,10.0,99.194,0.95,,1,-98.427,8,30,7,470,0.5362
12.616,9.478,0.0,1742.44,10.0,97.823,1.0,,3,-96.515,8,30,7,338,0.5414
11.734,8.628,0.0,1656.69,10.0,98.05,0.8,,0,-96.687,9,30,3,445,0.564
11.467,8.722,0.0,1292.25,10.0,98.404,0.85,,0,-97.415,9,30,5,535,0.5626
11.711,8.667,0.0375,1414.31,10.0,98.041,0.9,,1,-97.171,9,30,6,501,0.5629
11.848,9.346,0.0,1560.0,10.0,98.437,0.95,,1,-96.88,9,30,6,393,0.5445
12.583,9.478,0.0,1509.25,10.0,98.193,1.0,,3,-96.981,9,30,7,336,0.5446
11.88,8.207,0.0,1488.69,10.0,98.333,0.8,,0,-97.023,10,30,3,325,0.5662
11.382,8.722,0.0,1459.38,10.0,98.174,0.85,,0,-97.081,10,30,5,534,0.5637
11.726,8.872,0.0295,1300.13,10.0,98.232,0.9,,1,-97.4,10,30,6,468,0.5641
11.856,9.346,0.0,1450.63,10.0,98.596,0.95,,1,-97.099,10,30,6,391,0.5473
11.947,9.336,0.0,1314.13,10.0,98.495,1.0,,2,-97.372,10,30,7,324,0.5463
12.588,9.924,0.1372,38362.94,10.0,37.264,0.8,,3,-23.274,1,35,9,1592,0.5553
12.968,10.176,0.1767,42602.31,10.0,33.818,0.85,,4,-14.795,1,35,9,1057,0.561
12.844,10.303,0.0742,43508.81,10.0,33.858,0.9,,5,-12.982,1,35,9,812,0.5579
12.835,10.199,0.0,43366.19,10.0,37.021,0.95,,5,-13.268,1,35,9,621,0.5523
13.038,10.39,0.0,47028.06,10.0,28.756,1.0,,6,-5.944,1,35,9,450,0.5556
12.588,9.924,0.1302,19728.06,10.0,72.525,0.8,,3,-60.544,2,35,9,1592,0.5553
12.968,10.176,0.1066,29365.31,10.0,63.349,0.85,,3,-41.269,2,35,9,1057,0.561
12.844,10.303,0.0,35086.5,10.0,58.118,0.9,,4,-29.827,2,35,9,812,0.5579
12.835,10.199,0.0,33923.63,10.0,64.668,0.95,,5,-32.153,2,35,9,621,0.5523
13.038,10.39,0.0,39297.44,10.0,53.629,1.0,,6,-21.405,2,35,9,450,0.5556
12.588,9.924,0.1412,8224.88,10.0,89.893,0.8,,3,-83.55,3,35,9,1592,0.5553
12.968,10.176,0.1016,17232.56,10.0,82.777,0.85,,3,-65.535,3,35,9,1057,0.561
12.844,10.303,0.0,22549.06,10.0,75.171,0.9,,4,-54.902,3,35,9,812,0.5579
12.835,10.199,0.0,23414.0,10.0,80.936,0.95,,3,-53.172,3,35,9,621,0.5523
13.038,10.39,0.0,29161.44,10.0,70.811,1.0,,5,-41.677,3,35,9,450,0.5556
12.292,9.59,0.0,3523.5,10.0,94.558,0.8,,0,-92.953,4,35,7,1229,0.5574
12.968,10.176,0.0533,6790.75,10.0,94.181,0.85,,1,-86.418,4,35,9,1057,0.561
12.844,10.303,0.0,12826.06,10.0,88.97,0.9,,4,-74.348,4,35,9,812,0.5579
12.835,10.199,0.0,15512.31,10.0,88.799,0.95,,4,-68.975,4,35,9,621,0.5523
13.038,10.39,0.0,20763.19,10.0,81.998,1.0,,5,-58.474,4,35,9,450,0.5556
12.292,9.59,0.0495,1808.06,10.0,97.382,0.8,,1,-96.384,5,35,7,1229,0.5574
12.823,9.821,0.0,2669.94,10.0,96.789,0.85,,0,-94.66,5,35,7,826,0.5581
12.844,10.303,0.0168,5357.94,10.0,94.286,0.9,,2,-89.284,5,35,9,812,0.5579
12.835,10.199,0.0,7717.81,10.0,94.104,0.95,,2,-84.564,5,35,9,621,0.5523
13.038,10.39,0.0,10800.88,10.0,91.29,1.0,,4,-78.398,5,35,9,450,0.5556
11.697,8.39,0.0,2410.5,10.0,96.73,0.8,,0,-95.179,6,35,6,950,0.5674
12.631,9.807,0.0,2491.88,10.0,97.076,0.85,,0,-95.016,6,35,7,804,0.5597
12.47,10.02,0.0334,2479.63,10.0,96.234,0.9,,1,-95.041,6,35,7,619,0.5477
12.835,10.199,0.0,6108.25,10.0,97.129,0.95,,3,-87.783,6,35,9,621,0.5523
13.038,10.39,0.0,5790.19,10.0,95.335,1.0,,4,-88.42,6,35,9,450,0.5556
11.537,8.467,0.0,1694.31,10.0,97.819,0.8,,0,-96.611,7,35,5,789,0.564
11.866,8.621,0.0,1995.31,10.0,97.715,0.85,,0,-96.009,7,35,6,650,0.5646
12.149,9.881,0.0309,2106.44,10.0,96.918,0.9,,1,-95.787,7,35,7,599,0.5543
12.467,9.829,0.0,1964.25,10.0,97.932,0.95,,1,-96.071,7,35,7,471,0.535
12.701,9.481,0.0,1943.25,10.0,97.422,1.0,,3,-96.113,7,35,7,341,0.5396
11.646,8.463,0.0,1739.38,10.0,97.87,0.8,,0,-96.521,8,35,4,544,0.5643
11.869,8.621,0.0,1836.06,10.0,97.773,0.85,,0,-96.328,8,35,6,647,0.5672
11.734,8.667,0.0475,1808.94,10.0,97.428,0.9,,1,-96.382,8,35,6,506,0.5573
12.462,9.829,0.0,786.5,10.0,99.194,0.95,,1,-98.427,8,35,7,470,0.5362
12.616,9.478,0.0,1742.44,10.0,97.823,1.0,,3,-96.515,8,35,7,338,0.5414
11.734,8.628,0.0,1656.69,10.0,98.05,0.8,,0,-96.687,9,35,3,445,0.564
11.467,8.722,0.0,1292.25,10.0,98.404,0.85,,0,-97.415,9,35,5,535,0.5626
11.711,8.667,0.0375,1414.31,10.0,98.041,0.9,,1,-97.171,9,35,6,501,0.5629
11.848,9.346,0.0,1560.0,10.0,98.437,0.95,,1,-96.88,9,35,6,393,0.5445
12.583,9.478,0.0,1509.25,10.0,98.193,1.0,,3,-96.981,9,35,7,336,0.5446
11.88,8.207,0.0,1488.69,10.0,98.333,0.8,,0,-97.023,10,35,3,325,0.5662
11.382,8.722,0.0,1459.38,10.0,98.174,0.85,,0,-97.081,10,35,5,534,0.5637
11.726,8.872,0.0295,1300.13,10.0,98.232,0.9,,1,-97.4,10,35,6,468,0.5641
11.856,9.346,0.0,1450.63,10.0,98.596,0.95,,1,-97.099,10,35,6,391,0.5473
11.947,9.336,0.0,1314.13,10.0,98.495,1.0,,2,-97.372,10,35,7,324,0.5463
12.588,9.924,0.1372,38362.94,10.0,37.264,0.8,,3,-23.274,1,40,9,1592,0.5553
12.968,10.176,0.1767,42602.31,10.0,33.818,0.85,,4,-14.795,1,40,9,1057,0.561
12.844,10.303,0.0742,43508.81,10.0,33.858,0.9,,5,-12.982,1,40,9,812,0.5579
12.835,10.199,0.0,43366.19,10.0,37.021,0.95,,5,-13.268,1,40,9,621,0.5523
13.038,10.39,0.0,47028.06,10.0,28.756,1.0,,6,-5.944,1,40,9,450,0.5556
12.588,9.924,0.1302,19728.06,10.0,72.525,0.8,,3,-60.544,2,40,9,1592,0.5553
12.968,10.176,0.1066,29365.31,10.0,63.349,0.85,,3,-41.269,2,40,9,1057,0.561
12.844,10.303,0.0,35086.5,10.0,58.118,0.9,,4,-29.827,2,40,9,812,0.5579
12.835,10.199,0.0,33923.63,10.0,64.668,0.95,,5,-32.153,2,40,9,621,0.5523
13.038,10.39,0.0,39297.44,10.0,53.629,1.0,,6,-21.405,2,40,9,450,0.5556
12.588,9.924,0.1412,8224.88,10.0,89.893,0.8,,3,-83.55,3,40,9,1592,0.5553
12.968,10.176,0.1016,17232.56,10.0,82.777,0.85,,3,-65.535,3,40,9,1057,0.561
12.844,10.303,0.0,22549.06,10.0,75.171,0.9,,4,-54.902,3,40,9,812,0.5579
12.835,10.199,0.0,23414.0,10.0,80.936,0.95,,3,-53.172,3,40,9,621,0.5523
13.038,10.39,0.0,29161.44,10.0,70.811,1.0,,5,-41.677,3,40,9,450,0.5556
12.292,9.59,0.0,3523.5,10.0,94.558,0.8,,0,-92.953,4,40,7,1229,0.5574
12.968,10.176,0.0533,6790.75,10.0,94.181,0.85,,1,-86.418,4,40,9,1057,0.561
12.844,10.303,0.0,12826.06,10.0,88.97,0.9,,4,-74.348,4,40,9,812,0.5579
12.835,10.199,0.0,15512.31,10.0,88.799,0.95,,4,-68.975,4,40,9,621,0.5523
13.038,10.39,0.0,20763.19,10.0,81.998,1.0,,5,-58.474,4,40,9,450,0.5556
12.292,9.59,0.0495,1808.06,10.0,97.382,0.8,,1,-96.384,5,40,7,1229,0.5574
12.823,9.821,0.0,2669.94,10.0,96.789,0.85,,0,-94.66,5,40,7,826,0.5581
12.844,10.303,0.0168,5357.94,10.0,94.286,0.9,,2,-89.284,5,40,9,812,0.5579
12.835,10.199,0.0,7717.81,10.0,94.104,0.95,,2,-84.564,5,40,9,621,0.5523
13.038,10.39,0.0,10800.88,10.0,91.29,1.0,,4,-78.398,5,40,9,450,0.5556
11.697,8.39,0.0,2410.5,10.0,96.73,0.8,,0,-95.179,6,40,6,950,0.5674
12.631,9.807,0.0,2491.88,10.0,97.076,0.85,,0,-95.016,6,40,7,804,0.5597
12.47,10.02,0.0334,2479.63,10.0,96.234,0.9,,1,-95.041,6,40,7,619,0.5477
12.835,10.199,0.0,6108.25,10.0,97.129,0.95,,3,-87.783,6,40,9,621,0.5523
13.038,10.39,0.0,5790.19,10.0,95.335,1.0,,4,-88.42,6,40,9,450,0.5556
11.537,8.467,0.0,1694.31,10.0,97.819,0.8,,0,-96.611,7,40,5,789,0.564
11.866,8.621,0.0,1995.31,10.0,97.715,0.85,,0,-96.009,7,40,6,650,0.5646
12.149,9.881,0.0309,2106.44,10.0,96.918,0.9,,1,-95.787,7,40,7,599,0.5543
12.467,9.829,0.0,1964.25,10.0,97.932,0.95,,1,-96.071,7,40,7,471,0.535
12.701,9.481,0.0,1943.25,10.0,97.422,1.0,,3,-96.113,7,40,7,341,0.5396
11.646,8.463,0.0,1739.38,10.0,97.87,0.8,,0,-96.521,8,40,4,544,0.5643
11.869,8.621,0.0,1836.06,10.0,97.773,0.85,,0,-96.328,8,40,6,647,0.5672
11.734,8.667,0.0475,1808.94,10.0,97.428,0.9,,1,-96.382,8,40,6,506,0.5573
12.462,9.829,0.0,786.5,10.0,99.194,0.95,,1,-98.427,8,40,7,470,0.5362
12.616,9.478,0.0,1742.44,10.0,97.823,1.0,,3,-96.515,8,40,7,338,0.5414
11.734,8.628,0.0,1656.69,10.0,98.05,0.8,,0,-96.687,9,40,3,445,0.564
11.467,8.722,0.0,1292.25,10.0,98.404,0.85,,0,-97.415,9,40,5,535,0.5626
11.711,8.667,0.0375,1414.31,10.0,98.041,0.9,,1,-97.171,9,40,6,501,0.5629
11.848,9.346,0.0,1560.0,10.0,98.437,0.95,,1,-96.88,9,40,6,393,0.5445
12.583,9.478,0.0,1509.25,10.0,98.193,1.0,,3,-96.981,9,40,7,336,0.5446
11.88,8.207,0.0,1488.69,10.0,98.333,0.8,,0,-97.023,10,40,3,325,0.5662
11.382,8.722,0.0,1459.38,10.0,98.174,0.85,,0,-97.081,10,40,5,534,0.5637
11.726,8.872,0.0295,1300.13,10.0,98.232,0.9,,1,-97.4,10,40,6,468,0.5641
11.856,9.346,0.0,1450.63,10.0,98.596,0.95,,1,-97.099,10,40,6,391,0.5473
11.947,9.336,0.0,1314.13,10.0,98.495,1.0,,2,-97.372,10,40,7,324,0.5463
12.588,9.924,0.1372,38362.94,10.0,37.264,0.8,,3,-23.274,1,45,9,1592,0.5553
12.968,10.176,0.1767,42602.31,10.0,33.818,0.85,,4,-14.795,1,45,9,1057,0.561
12.844,10.303,0.0742,43508.81,10.0,33.858,0.9,,5,-12.982,1,45,9,812,0.5579
12.835,10.199,0.0,43366.19,10.0,37.021,0.95,,5,-13.268,1,45,9,621,0.5523
13.038,10.39,0.0,47028.06,10.0,28.756,1.0,,6,-5.944,1,45,9,450,0.5556
12.588,9.924,0.1302,19728.06,10.0,72.525,0.8,,3,-60.544,2,45,9,1592,0.5553
12.968,10.176,0.1066,29365.31,10.0,63.349,0.85,,3,-41.269,2,45,9,1057,0.561
12.844,10.303,0.0,35086.5,10.0,58.118,0.9,,4,-29.827,2,45,9,812,0.5579
12.835,10.199,0.0,33923.63,10.0,64.668,0.95,,5,-32.153,2,45,9,621,0.5523
13.038,10.39,0.0,39297.44,10.0,53.629,1.0,,6,-21.405,2,45,9,450,0.5556
12.588,9.924,0.1412,8224.88,10.0,89.893,0.8,,3,-83.55,3,45,9,1592,0.5553
12.968,10.176,0.1016,17232.56,10.0,82.777,0.85,,3,-65.535,3,45,9,1057,0.561
12.844,10.303,0.0,22549.06,10.0,75.171,0.9,,4,-54.902,3,45,9,812,0.5579
12.835,10.199,0.0,23414.0,10.0,80.936,0.95,,3,-53.172,3,45,9,621,0.5523
13.038,10.39,0.0,29161.44,10.0,70.811,1.0,,5,-41.677,3,45,9,450,0.5556
12.292,9.59,0.0,3523.5,10.0,94.558,0.8,,0,-92.953,4,45,7,1229,0.5574
12.968,10.176,0.0533,6790.75,10.0,94.181,0.85,,1,-86.418,4,45,9,1057,0.561
12.844,10.303,0.0,12826.06,10.0,88.97,0.9,,4,-74.348,4,45,9,812,0.5579
12.835,10.199,0.0,15512.31,10.0,88.799,0.95,,4,-68.975,4,45,9,621,0.5523
13.038,10.39,0.0,20763.19,10.0,81.998,1.0,,5,-58.474,4,45,9,450,0.5556
12.292,9.59,0.0495,1808.06,10.0,97.382,0.8,,1,-96.384,5,45,7,1229,0.5574
12.823,9.821,0.0,2669.94,10.0,96.789,0.85,,0,-94.66,5,45,7,826,0.5581
12.844,10.303,0.0168,5357.94,10.0,94.286,0.9,,2,-89.284,5,45,9,812,0.5579
12.835,10.199,0.0,7717.81,10.0,94.104,0.95,,2,-84.564,5,45,9,621,0.5523
13.038,10.39,0.0,10800.88,10.0,91.29,1.0,,4,-78.398,5,45,9,450,0.5556
11.697,8.39,0.0,2410.5,10.0,96.73,0.8,,0,-95.179,6,45,6,950,0.5674
12.631,9.807,0.0,2491.88,10.0,97.076,0.85,,0,-95.016,6,45,7,804,0.5597
12.47,10.02,0.0334,2479.63,10.0,96.234,0.9,,1,-95.041,6,45,7,619,0.5477
12.835,10.199,0.0,6108.25,10.0,97.129,0.95,,3,-87.783,6,45,9,621,0.5523
13.038,10.39,0.0,5790.19,10.0,95.335,1.0,,4,-88.42,6,45,9,450,0.5556
11.537,8.467,0.0,1694.31,10.0,97.819,0.8,,0,-96.611,7,45,5,789,0.564
11.866,8.621,0.0,1995.31,10.0,97.715,0.85,,0,-96.009,7,45,6,650,0.5646
12.149,9.881,0.0309,2106.44,10.0,96.918,0.9,,1,-95.787,7,45,7,599,0.5543
12.467,9.829,0.0,1964.25,10.0,97.932,0.95,,1,-96.071,7,45,7,471,0.535
12.701,9.481,0.0,1943.25,10.0,97.422,1.0,,3,-96.113,7,45,7,341,0.5396
11.646,8.463,0.0,1739.38,10.0,97.87,0.8,,0,-96.521,8,45,4,544,0.5643
11.869,8.621,0.0,1836.06,10.0,97.773,0.85,,0,-96.328,8,45,6,647,0.5672
11.734,8.667,0.0475,1808.94,10.0,97.428,0.9,,1,-96.382,8,45,6,506,0.5573
12.462,9.829,0.0,786.5,10.0,99.194,0.95,,1,-98.427,8,45,7,470,0.5362
12.616,9.478,0.0,1742.44,10.0,97.823,1.0,,3,-96.515,8,45,7,338,0.5414
11.734,8.628,0.0,1656.69,10.0,98.05,0.8,,0,-96.687,9,45,3,445,0.564
11.467,8.722,0.0,1292.25,10.0,98.404,0.85,,0,-97.415,9,45,5,535,0.5626
11.711,8.667,0.0375,1414.31,10.0,98.041,0.9,,1,-97.171,9,45,6,501,0.5629
11.848,9.346,0.0,1560.0,10.0,98.437,0.95,,1,-96.88,9,45,6,393,0.5445
12.583,9.478,0.0,1509.25,10.0,98.193,1.0,,3,-96.981,9,45,7,336,0.5446
11.88,8.207,0.0,1488.69,10.0,98.333,0.8,,0,-97.023,10,45,3,325,0.5662
11.382,8.722,0.0,1459.38,10.0,98.174,0.85,,0,-97.081,10,45,5,534,0.5637
11.726,8.872,0.0295,1300.13,10.0,98.232,0.9,,1,-97.4,10,45,6,468,0.5641
11.856,9.346,0.0,1450.63,10.0,98.596,0.95,,1,-97.099,10,45,6,391,0.5473
11.947,9.336,0.0,1314.13,10.0,98.495,1.0,,2,-97.372,10,45,7,324,0.5463
12.588,9.924,0.1372,38362.94,10.0,37.264,0.8,,3,-23.274,1,50,9,1592,0.5553
12.968,10.176,0.1767,42602.31,10.0,33.818,0.85,,4,-14.795,1,50,9,1057,0.561
12.844,10.303,0.0742,43508.81,10.0,33.858,0.9,,5,-12.982,1,50,9,812,0.5579
12.835,10.199,0.0,43366.19,10.0,37.021,0.95,,5,-13.268,1,50,9,621,0.5523
13.038,10.39,0.0,47028.06,10.0,28.756,1.0,,6,-5.944,1,50,9,450,0.5556
12.588,9.924,0.1302,19728.06,10.0,72.525,0.8,,3,-60.544,2,50,9,1592,0.5553
12.968,10.176,0.1066,29365.31,10.0,63.349,0.85,,3,-41.269,2,50,9,1057,0.561
12.844,10.303,0.0,35086.5,10.0,58.118,0.9,,4,-29.827,2,50,9,812,0.5579
12.835,10.199,0.0,33923.63,10.0,64.668,0.95,,5,-32.153,2,50,9,621,0.5523
13.038,10.39,0.0,39297.44,10.0,53.629,1.0,,6,-21.405,2,50,9,450,0.5556
12.588,9.924,0.1412,8224.88,10.0,89.893,0.8,,3,-83.55,3,50,9,1592,0.5553
12.968,10.176,0.1016,17232.56,10.0,82.777,0.85,,3,-65.535,3,50,9,1057,0.561
12.844,10.303,0.0,22549.06,10.0,75.171,0.9,,4,-54.902,3,50,9,812,0.5579
12.835,10.199,0.0,23414.0,10.0,80.936,0.95,,3,-53.172,3,50,9,621,0.5523
13.038,10.39,0.0,29161.44,10.0,70.811,1.0,,5,-41.677,3,50,9,450,0.5556
12.292,9.59,0.0,3523.5,10.0,94.558,0.8,,0,-92.953,4,50,7,1229,0.5574
12.968,10.176,0.0533,6790.75,10.0,94.181,0.85,,1,-86.418,4,50,9,1057,0.561
12.844,10.303,0.0,12826.06,10.0,88.97,0.9,,4,-74.348,4,50,9,812,0.5579
12.835,10.199,0.0,15512.31,10.0,88.799,0.95,,4,-68.975,4,50,9,621,0.5523
13.038,10.39,0.0,20763.19,10.0,81.998,1.0,,5,-58.474,4,50,9,450,0.5556
12.292,9.59,0.0495,1808.06,10.0,97.382,0.8,,1,-96.384,5,50,7,1229,0.5574
12.823,9.821,0.0,2669.94,10.0,96.789,0.85,,0,-94.66,5,50,7,826,0.5581
12.844,10.303,0.0168,5357.94,10.0,94.286,0.9,,2,-89.284,5,50,9,812,0.5579
12.835,10.199,0.0,7717.81,10.0,94.104,0.95,,2,-84.564,5,50,9,621,0.5523
13.038,10.39,0.0,10800.88,10.0,91.29,1.0,,4,-78.398,5,50,9,450,0.5556
11.697,8.39,0.0,2410.5,10.0,96.73,0.8,,0,-95.179,6,50,6,950,0.5674
12.631,9.807,0.0,2491.88,10.0,97.076,0.85,,0,-95.016,6,50,7,804,0.5597
12.47,10.02,0.0334,2479.63,10.0,96.234,0.9,,1,-95.041,6,50,7,619,0.5477
12.835,10.199,0.0,6108.25,10.0,97.129,0.95,,3,-87.783,6,50,9,621,0.5523
13.038,10.39,0.0,5790.19,10.0,95.335,1.0,,4,-88.42,6,50,9,450,0.5556
11.537,8.467,0.0,1694.31,10.0,97.819,0.8,,0,-96.611,7,50,5,789,0.564
11.866,8.621,0.0,1995.31,10.0,97.715,0.85,,0,-96.009,7,50,6,650,0.5646
12.149,9.881,0.0309,2106.44,10.0,96.918,0.9,,1,-95.787,7,50,7,599,0.5543
12.467,9.829,0.0,1964.25,10.0,97.932,0.95,,1,-96.071,7,50,7,471,0.535
12.701,9.481,0.0,1943.25,10.0,97.422,1.0,,3,-96.113,7,50,7,341,0.5396
11.646,8.463,0.0,1739.38,10.0,97.87,0.8,,0,-96.521,8,50,4,544,0.5643
11.869,8.621,0.0,1836.06,10.0,97.773,0.85,,0,-96.328,8,50,6,647,0.5672
11.734,8.667,0.0475,1808.94,10.0,97.428,0.9,,1,-96.382,8,50,6,506,0.5573
12.462,9.829,0.0,786.5,10.0,99.194,0.95,,1,-98.427,8,50,7,470,0.5362
12.616,9.478,0.0,1742.44,10.0,97.823,1.0,,3,-96.515,8,50,7,338,0.5414
11.734,8.628,0.0,1656.69,10.0,98.05,0.8,,0,-96.687,9,50,3,445,0.564
11.467,8.722,0.0,1292.25,10.0,98.404,0.85,,0,-97.415,9,50,5,535,0.5626
11.711,8.667,0.0375,1414.31,10.0,98.041,0.9,,1,-97.171,9,50,6,501,0.5629
11.848,9.346,0.0,1560.0,10.0,98.437,0.95,,1,-96.88,9,50,6,393,0.5445
12.583,9.478,0.0,1509.25,10.0,98.193,1.0,,3,-96.981,9,50,7,336,0.5446
11.88,8.207,0.0,1488.69,10.0,98.333,0.8,,0,-97.023,10,50,3,325,0.5662
11.382,8.722,0.0,1459.38,10.0,98.174,0.85,,0,-97.081,10,50,5,534,0.5637
11.726,8.872,0.0295,1300.13,10.0,98.232,0.9,,1,-97.4,10,50,6,468,0.5641
11.856,9.346,0.0,1450.63,10.0,98.596,0.95,,1,-97.099,10,50,6,391,0.5473
11.947,9.336,0.0,1314.13,10.0,98.495,1.0,,2,-97.372,10,50,7,324,0.5463
12.588,9.924,0.1372,38362.94,10.0,37.264,0.8,,3,-23.274,1,55,9,1592,0.5553
12.968,10.176,0.1767,42602.31,10.0,33.818,0.85,,4,-14.795,1,55,9,1057,0.561
12.844,10.303,0.0742,43508.81,10.0,33.858,0.9,,5,-12.982,1,55,9,812,0.5579
12.835,10.199,0.0,43366.19,10.0,37.021,0.95,,5,-13.268,1,55,9,621,0.5523
13.038,10.39,0.0,47028.06,10.0,28.756,1.0,,6,-5.944,1,55,9,450,0.5556
12.588,9.924,0.1302,19728.06,10.0,72.525,0.8,,3,-60.544,2,55,9,1592,0.5553
12.968,10.176,0.1066,29365.31,10.0,63.349,0.85,,3,-41.269,2,55,9,1057,0.561
12.844,10.303,0.0,35086.5,10.0,58.118,0.9,,4,-29.827,2,55,9,812,0.5579
12.835,10.199,0.0,33923.63,10.0,64.668,0.95,,5,-32.153,2,55,9,621,0.5523
13.038,10.39,0.0,39297.44,10.0,53.629,1.0,,6,-21.405,2,55,9,450,0.5556
12.588,9.924,0.1412,8224.88,10.0,89.893,0.8,,3,-83.55,3,55,9,1592,0.5553
12.968,10.176,0.1016,17232.56,10.0,82.777,0.85,,3,-65.535,3,55,9,1057,0.561
12.844,10.303,0.0,22549.06,10.0,75.171,0.9,,4,-54.902,3,55,9,812,0.5579
12.835,10.199,0.0,23414.0,10.0,80.936,0.95,,3,-53.172,3,55,9,621,0.5523
13.038,10.39,0.0,29161.44,10.0,70.811,1.0,,5,-41.677,3,55,9,450,0.5556
12.292,9.59,0.0,3523.5,10.0,94.558,0.8,,0,-92.953,4,55,7,1229,0.5574
12.968,10.176,0.0533,6790.75,10.0,94.181,0.85,,1,-86.418,4,55,9,1057,0.561
12.844,10.303,0.0,12826.06,10.0,88.97,0.9,,4,-74.348,4,55,9,812,0.5579
12.835,10.199,0.0,15512.31,10.0,88.799,0.95,,4,-68.975,4,55,9,621,0.5523
13.038,10.39,0.0,20763.19,10.0,81.998,1.0,,5,-58.474,4,55,9,450,0.5556
12.292,9.59,0.0495,1808.06,10.0,97.382,0.8,,1,-96.384,5,55,7,1229,0.5574
12.823,9.821,0.0,2669.94,10.0,96.789,0.85,,0,-94.66,5,55,7,826,0.5581
12.844,10.303,0.0168,5357.94,10.0,94.286,0.9,,2,-89.284,5,55,9,812,0.5579
12.835,10.199,0.0,7717.81,10.0,94.104,0.95,,2,-84.564,5,55,9,621,0.5523
13.038,10.39,0.0,10800.88,10.0,91.29,1.0,,4,-78.398,5,55,9,450,0.5556
11.697,8.39,0.0,2410.5,10.0,96.73,0.8,,0,-95.179,6,55,6,950,0.5674
12.631,9.807,0.0,2491.88,10.0,97.076,0.85,,0,-95.016,6,55,7,804,0.5597
12.47,10.02,0.0334,2479.63,10.0,96.234,0.9,,1,-95.041,6,55,7,619,0.5477
12.835,10.199,0.0,6108.25,10.0,97.129,0.95,,3,-87.783,6,55,9,621,0.5523
13.038,10.39,0.0,5790.19,10.0,95.335,1.0,,4,-88.42,6,55,9,450,0.5556
11.537,8.467,0.0,1694.31,10.0,97.819,0.8,,0,-96.611,7,55,5,789,0.564
11.866,8.621,0.0,1995.31,10.0,97.715,0.85,,0,-96.009,7,55,6,650,0.5646
12.149,9.881,0.0309,2106.44,10.0,96.918,0.9,,1,-95.787,7,55,7,599,0.5543
12.467,9.829,0.0,1964.25,10.0,97.932,0.95,,1,-96.071,7,55,7,471,0.535
12.701,9.481,0.0,1943.25,10.0,97.422,1.0,,3,-96.113,7,55,7,341,0.5396
11.646,8.463,0.0,1739.38,10.0,97.87,0.8,,0,-96.521,8,55,4,544,0.5643
11.869,8.621,0.0,1836.06,10.0,97.773,0.85,,0,-96.328,8,55,6,647,0.5672
11.734,8.667,0.0475,1808.94,10.0,97.428,0.9,,1,-96.382,8,55,6,506,0.5573
12.462,9.829,0.0,786.5,10.0,99.194,0.95,,1,-98.427,8,55,7,470,0.5362
12.616,9.478,0.0,1742.44,10.0,97.823,1.0,,3,-96.515,8,55,7,338,0.5414
11.734,8.628,0.0,1656.69,10.0,98.05,0.8,,0,-96.687,9,55,3,445,0.564
11.467,8.722,0.0,1292.25,10.0,98.404,0.85,,0,-97.415,9,55,5,535,0.5626
11.711,8.667,0.0375,1414.31,10.0,98.041,0.9,,1,-97.171,9,55,6,501,0.5629
11.848,9.346,0.0,1560.0,10.0,98.437,0.95,,1,-96.88,9,55,6,393,0.5445
12.583,9.478,0.0,1509.25,10.0,98.193,1.0,,3,-96.981,9,55,7,336,0.5446
11.88,8.207,0.0,1488.69,10.0,98.333,0.8,,0,-97.023,10,55,3,325,0.5662
11.382,8.722,0.0,1459.38,10.0,98.174,0.85,,0,-97.081,10,55,5,534,0.5637
11.726,8.872,0.0295,1300.13,10.0,98.232,0.9,,1,-97.4,10,55,6,468,0.5641
11.856,9.346,0.0,1450.63,10.0,98.596,0.95,,1,-97.099,10,55,6,391,0.5473
11.947,9.336,0.0,1314.13,10.0,98.495,1.0,,2,-97.372,10,55,7,324,0.5463
12.588,9.924,0.1372,38362.94,10.0,37.264,0.8,,3,-23.274,1,60,9,1592,0.5553
12.968,10.176,0.1767,42602.31,10.0,33.818,0.85,,4,-14.795,1,60,9,1057,0.561
12.844,10.303,0.0742,43508.81,10.0,33.858,0.9,,5,-12.982,1,60,9,812,0.5579
12.835,10.199,0.0,43366.19,10.0,37.021,0.95,,5,-13.268,1,60,9,621,0.5523
13.038,10.39,0.0,47028.06,10.0,28.756,1.0,,6,-5.944,1,60,9,450,0.5556
12.588,9.924,0.1302,19728.06,10.0,72.525,0.8,,3,-60.544,2,60,9,1592,0.5553
12.968,10.176,0.1066,29365.31,10.0,63.349,0.85,,3,-41.269,2,60,9,1057,0.561
12.844,10.303,0.0,35086.5,10.0,58.118,0.9,,4,-29.827,2,60,9,812,0.5579
12.835,10.199,0.0,33923.63,10.0,64.668,0.95,,5,-32.153,2,60,9,621,0.5523
13.038,10.39,0.0,39297.44,10.0,53.629,1.0,,6,-21.405,2,60,9,450,0.5556
12.588,9.924,0.1412,8224.88,10.0,89.893,0.8,,3,-83.55,3,60,9,1592,0.5553
12.968,10.176,0.1016,17232.56,10.0,82.777,0.85,,3,-65.535,3,60,9,1057,0.561
12.844,10.303,0.0,22549.06,10.0,75.171,0.9,,4,-54.902,3,60,9,812,0.5579
12.835,10.199,0.0,23414.0,10.0,80.936,0.95,,3,-53.172,3,60,9,621,0.5523
13.038,10.39,0.0,29161.44,10.0,70.811,1.0,,5,-41.677,3,60,9,450,0.5556
12.292,9.59,0.0,3523.5,10.0,94.558,0.8,,0,-92.953,4,60,7,1229,0.5574
12.968,10.176,0.0533,6790.75,10.0,94.181,0.85,,1,-86.418,4,60,9,1057,0.561
12.844,10.303,0.0,12826.06,10.0,88.97,0.9,,4,-74.348,4,60,9,812,0.5579
12.835,10.199,0.0,15512.31,10.0,88.799,0.95,,4,-68.975,4,60,9,621,0.5523
13.038,10.39,0.0,20763.19,10.0,81.998,1.0,,5,-58.474,4,60,9,450,0.5556
12.292,9.59,0.0495,1808.06,10.0,97.382,0.8,,1,-96.384,5,60,7,1229,0.5574
12.823,9.821,0.0,2669.94,10.0,96.789,0.85,,0,-94.66,5,60,7,826,0.5581
12.844,10.303,0.0168,5357.94,10.0,94.286,0.9,,2,-89.284,5,60,9,812,0.5579
12.835,10.199,0.0,7717.81,10.0,94.104,0.95,,2,-84.564,5,60,9,621,0.5523
13.038,10.39,0.0,10800.88,10.0,91.29,1.0,,4,-78.398,5,60,9,450,0.5556
11.697,8.39,0.0,2410.5,10.0,96.73,0.8,,0,-95.179,6,60,6,950,0.5674
12.631,9.807,0.0,2491.88,10.0,97.076,0.85,,0,-95.016,6,60,7,804,0.5597
12.47,10.02,0.0334,2479.63,10.0,96.234,0.9,,1,-95.041,6,60,7,619,0.5477
12.835,10.199,0.0,6108.25,10.0,97.129,0.95,,3,-87.783,6,60,9,621,0.5523
13.038,10.39,0.0,5790.19,10.0,95.335,1.0,,4,-88.42,6,60,9,450,0.5556
11.537,8.467,0.0,1694.31,10.0,97.819,0.8,,0,-96.611,7,60,5,789,0.564
11.866,8.621,0.0,1995.31,10.0,97.715,0.85,,0,-96.009,7,60,6,650,0.5646
12.149,9.881,0.0309,2106.44,10.0,96.918,0.9,,1,-95.787,7,60,7,599,0.5543
12.467,9.829,0.0,1964.25,10.0,97.932,0.95,,1,-96.071,7,60,7,471,0.535
12.701,9.481,0.0,1943.25,10.0,97.422,1.0,,3,-96.113,7,60,7,341,0.5396
11.646,8.463,0.0,1739.38,10.0,97.87,0.8,,0,-96.521,8,60,4,544,0.5643
11.869,8.621,0.0,1836.06,10.0,97.773,0.85,,0,-96.328,8,60,6,647,0.5672
11.734,8.667,0.0475,1808.94,10.0,97.428,0.9,,1,-96.382,8,60,6,506,0.5573
12.462,9.829,0.0,786.5,10.0,99.194,0.95,,1,-98.427,8,60,7,470,0.5362
12.616,9.478,0.0,1742.44,10.0,97.823,1.0,,3,-96.515,8,60,7,338,0.5414
11.734,8.628,0.0,1656.69,10.0,98.05,0.8,,0,-96.687,9,60,3,445,0.564
11.467,8.722,0.0,1292.25,10.0,98.404,0.85,,0,-97.415,9,60,5,535,0.5626
11.711,8.667,0.0375,1414.31,10.0,98.041,0.9,,1,-97.171,9,60,6,501,0.5629
11.848,9.346,0.0,1560.0,10.0,98.437,0.95,,1,-96.88,9,60,6,393,0.5445
12.583,9.478,0.0,1509.25,10.0,98.193,1.0,,3,-96.981,9,60,7,336,0.5446
11.88,8.207,0.0,1488.69,10.0,98.333,0.8,,0,-97.023,10,60,3,325,0.5662
11.382,8.722,0.0,1459.38,10.0,98.174,0.85,,0,-97.081,10,60,5,534,0.5637
11.726,8.872,0.0295,1300.13,10.0,98.232,0.9,,1,-97.4,10,60,6,468,0.5641
11.856,9.346,0.0,1450.63,10.0,98.596,0.95,,1,-97.099,10,60,6,391,0.5473
11.947,9.336,0.0,1314.13,10.0,98.495,1.0,,2,-97.372,10,60,7,324,0.5463
