avg_loss_pct,avg_win_pct,consistency_score,final_capital,hard_sl_pct,max_drawdown_pct,min_confidence,note,profitable_months,return_pct,risk_per_trade_pct,time_stop_minutes,total_months,trade_count,win_rate
11.897,18.541,0.0,6079.55,5.0,94.377,0.8,,3,-87.841,1,5,13,2839,0.3927
11.945,19.186,0.0,16917.13,5.0,85.011,0.85,,5,-66.166,1,5,13,1899,0.3902
12.249,20.362,0.0,91159.74,5.0,75.053,0.9,,6,82.319,1,5,13,1458,0.4012
12.286,21.544,0.0,273528.73,5.0,75.726,0.95,,7,447.057,1,5,13,1100,0.4073
12.748,23.893,0.0,574817.82,5.0,68.722,1.0,,8,1049.636,1,5,13,800,0.4138
10.666,15.867,0.0,2228.68,5.0,98.825,0.8,,2,-95.543,2,5,7,1436,0.3955
11.812,19.952,0.0,2227.89,5.0,98.998,0.85,,3,-95.544,2,5,9,1189,0.381
12.249,20.362,0.0,8996.71,5.0,97.679,0.9,,6,-82.007,2,5,13,1458,0.4012
12.286,21.544,0.0,133159.21,5.0,96.618,0.95,,6,166.318,2,5,13,1100,0.4073
12.748,23.893,0.0,835053.24,5.0,92.887,1.0,,7,1570.106,2,5,13,800,0.4138
10.287,14.769,0.0,1363.48,5.0,99.503,0.8,,0,-97.273,3,5,4,724,0.4033
10.557,16.72,0.0,1459.29,5.0,99.629,0.85,,2,-97.081,3,5,7,959,0.3889
12.147,21.573,0.0,1312.02,5.0,99.761,0.9,,4,-97.376,3,5,9,913,0.391
12.286,21.544,0.0,9109.85,5.0,99.725,0.95,,5,-81.78,3,5,13,1100,0.4073
12.748,23.893,0.0,173151.61,5.0,99.105,1.0,,6,246.303,3,5,13,800,0.4138
10.462,14.697,0.0,1112.26,5.0,99.669,0.8,,0,-97.775,4,5,3,478,0.4121
10.26,15.463,0.0527,1051.1,5.0,99.83,0.85,,1,-97.898,4,5,4,511,0.4012
10.539,15.231,0.0,1104.13,5.0,99.889,0.9,,1,-97.792,4,5,4,397,0.4055
12.272,23.553,0.0,984.16,5.0,99.809,0.95,,3,-98.032,4,5,9,683,0.3924
12.748,23.893,0.0,6331.55,5.0,99.934,1.0,,5,-87.337,4,5,13,800,0.4138
10.301,15.506,0.0,816.95,5.0,99.755,0.8,,0,-98.366,5,5,2,344,0.4128
10.494,15.876,0.0,888.09,5.0,99.899,0.85,,0,-98.224,5,5,3,302,0.4139
10.315,15.243,0.0,872.86,5.0,99.947,0.9,,0,-98.254,5,5,3,297,0.4175
11.08,22.774,0.0,299.3,5.0,99.96,0.95,,2,-99.401,5,5,7,564,0.4025
11.433,25.61,0.0,107.68,5.0,99.989,1.0,,3,-99.785,5,5,7,401,0.414
10.301,15.506,0.0,816.95,5.0,99.755,0.8,,0,-98.366,6,5,2,344,0.4128
10.494,15.876,0.0,888.09,5.0,99.899,0.85,,0,-98.224,6,5,3,302,0.4139
10.315,15.243,0.0,872.86,5.0,99.947,0.9,,0,-98.254,6,5,3,297,0.4175
11.08,22.774,0.0,299.3,5.0,99.96,0.95,,2,-99.401,6,5,7,564,0.4025
11.433,25.61,0.0,107.68,5.0,99.989,1.0,,3,-99.785,6,5,7,401,0.414
10.301,15.506,0.0,816.95,5.0,99.755,0.8,,0,-98.366,7,5,2,344,0.4128
10.494,15.876,0.0,888.09,5.0,99.899,0.85,,0,-98.224,7,5,3,302,0.4139
10.315,15.243,0.0,872.86,5.0,99.947,0.9,,0,-98.254,7,5,3,297,0.4175
11.08,22.774,0.0,299.3,5.0,99.96,0.95,,2,-99.401,7,5,7,564,0.4025
11.433,25.61,0.0,107.68,5.0,99.989,1.0,,3,-99.785,7,5,7,401,0.414
10.301,15.506,0.0,816.95,5.0,99.755,0.8,,0,-98.366,8,5,2,344,0.4128
10.494,15.876,0.0,888.09,5.0,99.899,0.85,,0,-98.224,8,5,3,302,0.4139
10.315,15.243,0.0,872.86,5.0,99.947,0.9,,0,-98.254,8,5,3,297,0.4175
11.08,22.774,0.0,299.3,5.0,99.96,0.95,,2,-99.401,8,5,7,564,0.4025
11.433,25.61,0.0,107.68,5.0,99.989,1.0,,3,-99.785,8,5,7,401,0.414
10.301,15.506,0.0,816.95,5.0,99.755,0.8,,0,-98.366,9,5,2,344,0.4128
10.494,15.876,0.0,888.09,5.0,99.899,0.85,,0,-98.224,9,5,3,302,0.4139
10.315,15.243,0.0,872.86,5.0,99.947,0.9,,0,-98.254,9,5,3,297,0.4175
11.08,22.774,0.0,299.3,5.0,99.96,0.95,,2,-99.401,9,5,7,564,0.4025
11.433,25.61,0.0,107.68,5.0,99.989,1.0,,3,-99.785,9,5,7,401,0.414
10.301,15.506,0.0,816.95,5.0,99.755,0.8,,0,-98.366,10,5,2,344,0.4128
10.494,15.876,0.0,888.09,5.0,99.899,0.85,,0,-98.224,10,5,3,302,0.4139
10.315,15.243,0.0,872.86,5.0,99.947,0.9,,0,-98.254,10,5,3,297,0.4175
11.08,22.774,0.0,299.3,5.0,99.96,0.95,,2,-99.401,10,5,7,564,0.4025
11.433,25.61,0.0,107.68,5.0,99.989,1.0,,3,-99.785,10,5,7,401,0.414
11.899,18.541,0.0,6063.54,5.0,95.44,0.8,,4,-87.873,1,10,13,2839,0.3927
11.948,19.186,0.0,16922.11,5.0,85.007,0.85,,5,-66.156,1,10,13,1899,0.3902
12.253,20.362,0.0,91305.69,5.0,75.048,0.9,,6,82.611,1,10,13,1458,0.4012
12.291,21.544,0.0,273279.09,5.0,75.731,0.95,,7,446.558,1,10,13,1100,0.4073
12.748,23.893,0.0,574817.82,5.0,68.722,1.0,,8,1049.636,1,10,13,800,0.4138
10.674,15.888,0.0,2110.03,5.0,98.887,0.8,,2,-95.78,2,10,7,1431,0.3955
11.803,19.952,0.0,2206.36,5.0,99.008,0.85,,3,-95.587,2,10,9,1191,0.3804
12.253,20.362,0.0,8983.85,5.0,97.377,0.9,,6,-82.032,2,10,13,1458,0.4012
12.291,21.544,0.0,129968.0,5.0,96.63,0.95,,6,159.936,2,10,13,1100,0.4073
12.748,23.893,0.0,835053.24,5.0,92.887,1.0,,7,1570.106,2,10,13,800,0.4138
10.287,14.769,0.0,1363.48,5.0,99.503,0.8,,0,-97.273,3,10,4,724,0.4033
10.558,16.706,0.0,1418.6,5.0,99.639,0.85,,3,-97.163,3,10,7,963,0.3884
12.154,21.573,0.0,1312.55,5.0,99.761,0.9,,4,-97.375,3,10,9,913,0.391
12.291,21.544,0.0,8955.5,5.0,99.727,0.95,,5,-82.089,3,10,13,1100,0.4073
12.748,23.893,0.0,173151.61,5.0,99.105,1.0,,6,246.303,3,10,13,800,0.4138
10.462,14.697,0.0,1112.26,5.0,99.669,0.8,,0,-97.775,4,10,3,478,0.4121
10.26,15.463,0.0527,1051.1,5.0,99.83,0.85,,1,-97.898,4,10,4,511,0.4012
10.539,15.231,0.0,1104.13,5.0,99.889,0.9,,1,-97.792,4,10,4,397,0.4055
12.237,23.553,0.0,1112.53,5.0,99.784,0.95,,3,-97.775,4,10,9,680,0.3941
12.748,23.893,0.0,6331.55,5.0,99.934,1.0,,5,-87.337,4,10,13,800,0.4138
10.301,15.506,0.0,816.95,5.0,99.755,0.8,,0,-98.366,5,10,2,344,0.4128
10.494,15.876,0.0,888.09,5.0,99.899,0.85,,0,-98.224,5,10,3,302,0.4139
10.315,15.243,0.0,872.86,5.0,99.947,0.9,,0,-98.254,5,10,3,297,0.4175
11.09,22.774,0.0,178.81,5.0,99.976,0.95,,2,-99.642,5,10,7,564,0.4025
11.433,25.61,0.0,107.68,5.0,99.989,1.0,,3,-99.785,5,10,7,401,0.414
10.301,15.506,0.0,816.95,5.0,99.755,0.8,,0,-98.366,6,10,2,344,0.4128
10.494,15.876,0.0,888.09,5.0,99.899,0.85,,0,-98.224,6,10,3,302,0.4139
10.315,15.243,0.0,872.86,5.0,99.947,0.9,,0,-98.254,6,10,3,297,0.4175
11.09,22.774,0.0,178.81,5.0,99.976,0.95,,2,-99.642,6,10,7,564,0.4025
11.433,25.61,0.0,107.68,5.0,99.989,1.0,,3,-99.785,6,10,7,401,0.414
10.301,15.506,0.0,816.95,5.0,99.755,0.8,,0,-98.366,7,10,2,344,0.4128
10.494,15.876,0.0,888.09,5.0,99.899,0.85,,0,-98.224,7,10,3,302,0.4139
10.315,15.243,0.0,872.86,5.0,99.947,0.9,,0,-98.254,7,10,3,297,0.4175
11.09,22.774,0.0,178.81,5.0,99.976,0.95,,2,-99.642,7,10,7,564,0.4025
11.433,25.61,0.0,107.68,5.0,99.989,1.0,,3,-99.785,7,10,7,401,0.414
10.301,15.506,0.0,816.95,5.0,99.755,0.8,,0,-98.366,8,10,2,344,0.4128
10.494,15.876,0.0,888.09,5.0,99.899,0.85,,0,-98.224,8,10,3,302,0.4139
10.315,15.243,0.0,872.86,5.0,99.947,0.9,,0,-98.254,8,10,3,297,0.4175
11.09,22.774,0.0,178.81,5.0,99.976,0.95,,2,-99.642,8,10,7,564,0.4025
11.433,25.61,0.0,107.68,5.0,99.989,1.0,,3,-99.785,8,10,7,401,0.414
10.301,15.506,0.0,816.95,5.0,99.755,0.8,,0,-98.366,9,10,2,344,0.4128
10.494,15.876,0.0,888.09,5.0,99.899,0.85,,0,-98.224,9,10,3,302,0.4139
10.315,15.243,0.0,872.86,5.0,99.947,0.9,,0,-98.254,9,10,3,297,0.4175
11.09,22.774,0.0,178.81,5.0,99.976,0.95,,2,-99.642,9,10,7,564,0.4025
11.433,25.61,0.0,107.68,5.0,99.989,1.0,,3,-99.785,9,10,7,401,0.414
10.301,15.506,0.0,816.95,5.0,99.755,0.8,,0,-98.366,10,10,2,344,0.4128
10.494,15.876,0.0,888.09,5.0,99.899,0.85,,0,-98.224,10,10,3,302,0.4139
10.315,15.243,0.0,872.86,5.0,99.947,0.9,,0,-98.254,10,10,3,297,0.4175
11.09,22.774,0.0,178.81,5.0,99.976,0.95,,2,-99.642,10,10,7,564,0.4025
11.433,25.61,0.0,107.68,5.0,99.989,1.0,,3,-99.785,10,10,7,401,0.414
12.0,18.621,0.0,6041.23,5.0,95.44,0.8,,4,-87.918,1,15,13,2839,0.3934
12.088,19.267,0.0,14414.98,5.0,87.248,0.85,,5,-71.17,1,15,13,1899,0.3907
12.44,20.462,0.0,76027.93,5.0,75.048,0.9,,6,52.056,1,15,13,1458,0.4019
12.443,21.673,0.0,265178.6,5.0,75.731,0.95,,7,430.357,1,15,13,1100,0.4082
12.959,24.059,0.0,555047.9,5.0,68.722,1.0,,8,1010.096,1,15,13,800,0.415
10.674,15.888,0.0,2110.03,5.0,98.887,0.8,,2,-95.78,2,15,7,1431,0.3955
11.803,19.952,0.0,2206.36,5.0,99.008,0.85,,3,-95.587,2,15,9,1191,0.3804
12.44,20.462,0.0,5742.5,5.0,97.955,0.9,,5,-88.515,2,15,13,1458,0.4019
12.443,21.673,0.0,115875.43,5.0,96.63,0.95,,6,131.751,2,15,13,1100,0.4082
12.959,24.059,0.0,745050.65,5.0,92.887,1.0,,7,1390.101,2,15,13,800,0.415
10.287,14.769,0.0,1363.48,5.0,99.503,0.8,,0,-97.273,3,15,4,724,0.4033
10.558,16.706,0.0,1418.6,5.0,99.639,0.85,,3,-97.163,3,15,7,963,0.3884
12.154,21.573,0.0,1312.55,5.0,99.761,0.9,,4,-97.375,3,15,9,913,0.391
12.443,21.673,0.0,7563.2,5.0,99.727,0.95,,5,-84.874,3,15,13,1100,0.4082
12.959,24.059,0.0,136842.35,5.0,99.105,1.0,,6,173.685,3,15,13,800,0.415
10.462,14.697,0.0,1112.26,5.0,99.669,0.8,,0,-97.775,4,15,3,478,0.4121
10.26,15.463,0.0527,1051.1,5.0,99.83,0.85,,1,-97.898,4,15,4,511,0.4012
10.539,15.231,0.0,1104.13,5.0,99.889,0.9,,1,-97.792,4,15,4,397,0.4055
12.237,23.553,0.0,1112.53,5.0,99.784,0.95,,3,-97.775,4,15,9,680,0.3941
12.959,24.059,0.0,4353.88,5.0,99.934,1.0,,5,-91.292,4,15,13,800,0.415
10.301,15.506,0.0,816.95,5.0,99.755,0.8,,0,-98.366,5,15,2,344,0.4128
10.494,15.876,0.0,888.09,5.0,99.899,0.85,,0,-98.224,5,15,3,302,0.4139
10.315,15.243,0.0,872.86,5.0,99.947,0.9,,0,-98.254,5,15,3,297,0.4175
11.09,22.774,0.0,178.81,5.0,99.976,0.95,,2,-99.642,5,15,7,564,0.4025
11.433,25.61,0.0,107.68,5.0,99.989,1.0,,3,-99.785,5,15,7,401,0.414
10.301,15.506,0.0,816.95,5.0,99.755,0.8,,0,-98.366,6,15,2,344,0.4128
10.494,15.876,0.0,888.09,5.0,99.899,0.85,,0,-98.224,6,15,3,302,0.4139
10.315,15.243,0.0,872.86,5.0,99.947,0.9,,0,-98.254,6,15,3,297,0.4175
11.09,22.774,0.0,178.81,5.0,99.976,0.95,,2,-99.642,6,15,7,564,0.4025
11.433,25.61,0.0,107.68,5.0,99.989,1.0,,3,-99.785,6,15,7,401,0.414
10.301,15.506,0.0,816.95,5.0,99.755,0.8,,0,-98.366,7,15,2,344,0.4128
10.494,15.876,0.0,888.09,5.0,99.899,0.85,,0,-98.224,7,15,3,302,0.4139
10.315,15.243,0.0,872.86,5.0,99.947,0.9,,0,-98.254,7,15,3,297,0.4175
11.09,22.774,0.0,178.81,5.0,99.976,0.95,,2,-99.642,7,15,7,564,0.4025
11.433,25.61,0.0,107.68,5.0,99.989,1.0,,3,-99.785,7,15,7,401,0.414
10.301,15.506,0.0,816.95,5.0,99.755,0.8,,0,-98.366,8,15,2,344,0.4128
10.494,15.876,0.0,888.09,5.0,99.899,0.85,,0,-98.224,8,15,3,302,0.4139
10.315,15.243,0.0,872.86,5.0,99.947,0.9,,0,-98.254,8,15,3,297,0.4175
11.09,22.774,0.0,178.81,5.0,99.976,0.95,,2,-99.642,8,15,7,564,0.4025
11.433,25.61,0.0,107.68,5.0,99.989,1.0,,3,-99.785,8,15,7,401,0.414
10.301,15.506,0.0,816.95,5.0,99.755,0.8,,0,-98.366,9,15,2,344,0.4128
10.494,15.876,0.0,888.09,5.0,99.899,0.85,,0,-98.224,9,15,3,302,0.4139
10.315,15.243,0.0,872.86,5.0,99.947,0.9,,0,-98.254,9,15,3,297,0.4175
11.09,22.774,0.0,178.81,5.0,99.976,0.95,,2,-99.642,9,15,7,564,0.4025
11.433,25.61,0.0,107.68,5.0,99.989,1.0,,3,-99.785,9,15,7,401,0.414
10.301,15.506,0.0,816.95,5.0,99.755,0.8,,0,-98.366,10,15,2,344,0.4128
10.494,15.876,0.0,888.09,5.0,99.899,0.85,,0,-98.224,10,15,3,302,0.4139
10.315,15.243,0.0,872.86,5.0,99.947,0.9,,0,-98.254,10,15,3,297,0.4175
11.09,22.774,0.0,178.81,5.0,99.976,0.95,,2,-99.642,10,15,7,564,0.4025
11.433,25.61,0.0,107.68,5.0,99.989,1.0,,3,-99.785,10,15,7,401,0.414
12.0,18.621,0.0,6041.23,5.0,95.44,0.8,,4,-87.918,1,20,13,2839,0.3934
12.088,19.267,0.0,14414.98,5.0,87.248,0.85,,5,-71.17,1,20,13,1899,0.3907
12.44,20.462,0.0,76027.93,5.0,75.048,0.9,,6,52.056,1,20,13,1458,0.4019
12.443,21.673,0.0,265178.6,5.0,75.731,0.95,,7,430.357,1,20,13,1100,0.4082
12.959,24.059,0.0,555047.9,5.0,68.722,1.0,,8,1010.096,1,20,13,800,0.415
10.674,15.888,0.0,2110.03,5.0,98.887,0.8,,2,-95.78,2,20,7,1431,0.3955
11.803,19.952,0.0,2206.36,5.0,99.008,0.85,,3,-95.587,2,20,9,1191,0.3804
12.44,20.462,0.0,5742.5,5.0,97.955,0.9,,5,-88.515,2,20,13,1458,0.4019
12.443,21.673,0.0,115875.43,5.0,96.63,0.95,,6,131.751,2,20,13,1100,0.4082
12.959,24.059,0.0,745050.65,5.0,92.887,1.0,,7,1390.101,2,20,13,800,0.415
10.287,14.769,0.0,1363.48,5.0,99.503,0.8,,0,-97.273,3,20,4,724,0.4033
10.558,16.706,0.0,1418.6,5.0,99.639,0.85,,3,-97.163,3,20,7,963,0.3884
12.154,21.573,0.0,1312.55,5.0,99.761,0.9,,4,-97.375,3,20,9,913,0.391
12.443,21.673,0.0,7563.2,5.0,99.727,0.95,,5,-84.874,3,20,13,1100,0.4082
12.959,24.059,0.0,136842.35,5.0,99.105,1.0,,6,173.685,3,20,13,800,0.415
10.462,14.697,0.0,1112.26,5.0,99.669,0.8,,0,-97.775,4,20,3,478,0.4121
10.26,15.463,0.0527,1051.1,5.0,99.83,0.85,,1,-97.898,4,20,4,511,0.4012
10.539,15.231,0.0,1104.13,5.0,99.889,0.9,,1,-97.792,4,20,4,397,0.4055
12.237,23.553,0.0,1112.53,5.0,99.784,0.95,,3,-97.775,4,20,9,680,0.3941
12.959,24.059,0.0,4353.88,5.0,99.934,1.0,,5,-91.292,4,20,13,800,0.415
10.301,15.506,0.0,816.95,5.0,99.755,0.8,,0,-98.366,5,20,2,344,0.4128
10.494,15.876,0.0,888.09,5.0,99.899,0.85,,0,-98.224,5,20,3,302,0.4139
10.315,15.243,0.0,872.86,5.0,99.947,0.9,,0,-98.254,5,20,3,297,0.4175
11.09,22.774,0.0,178.81,5.0,99.976,0.95,,2,-99.642,5,20,7,564,0.4025
11.433,25.61,0.0,107.68,5.0,99.989,1.0,,3,-99.785,5,20,7,401,0.414
10.301,15.506,0.0,816.95,5.0,99.755,0.8,,0,-98.366,6,20,2,344,0.4128
10.494,15.876,0.0,888.09,5.0,99.899,0.85,,0,-98.224,6,20,3,302,0.4139
10.315,15.243,0.0,872.86,5.0,99.947,0.9,,0,-98.254,6,20,3,297,0.4175
11.09,22.774,0.0,178.81,5.0,99.976,0.95,,2,-99.642,6,20,7,564,0.4025
11.433,25.61,0.0,107.68,5.0,99.989,1.0,,3,-99.785,6,20,7,401,0.414
10.301,15.506,0.0,816.95,5.0,99.755,0.8,,0,-98.366,7,20,2,344,0.4128
10.494,15.876,0.0,888.09,5.0,99.899,0.85,,0,-98.224,7,20,3,302,0.4139
10.315,15.243,0.0,872.86,5.0,99.947,0.9,,0,-98.254,7,20,3,297,0.4175
11.09,22.774,0.0,178.81,5.0,99.976,0.95,,2,-99.642,7,20,7,564,0.4025
11.433,25.61,0.0,107.68,5.0,99.989,1.0,,3,-99.785,7,20,7,401,0.414
10.301,15.506,0.0,816.95,5.0,99.755,0.8,,0,-98.366,8,20,2,344,0.4128
10.494,15.876,0.0,888.09,5.0,99.899,0.85,,0,-98.224,8,20,3,302,0.4139
10.315,15.243,0.0,872.86,5.0,99.947,0.9,,0,-98.254,8,20,3,297,0.4175
11.09,22.774,0.0,178.81,5.0,99.976,0.95,,2,-99.642,8,20,7,564,0.4025
11.433,25.61,0.0,107.68,5.0,99.989,1.0,,3,-99.785,8,20,7,401,0.414
10.301,15.506,0.0,816.95,5.0,99.755,0.8,,0,-98.366,9,20,2,344,0.4128
10.494,15.876,0.0,888.09,5.0,99.899,0.85,,0,-98.224,9,20,3,302,0.4139
10.315,15.243,0.0,872.86,5.0,99.947,0.9,,0,-98.254,9,20,3,297,0.4175
11.09,22.774,0.0,178.81,5.0,99.976,0.95,,2,-99.642,9,20,7,564,0.4025
11.433,25.61,0.0,107.68,5.0,99.989,1.0,,3,-99.785,9,20,7,401,0.414
10.301,15.506,0.0,816.95,5.0,99.755,0.8,,0,-98.366,10,20,2,344,0.4128
10.494,15.876,0.0,888.09,5.0,99.899,0.85,,0,-98.224,10,20,3,302,0.4139
10.315,15.243,0.0,872.86,5.0,99.947,0.9,,0,-98.254,10,20,3,297,0.4175
11.09,22.774,0.0,178.81,5.0,99.976,0.95,,2,-99.642,10,20,7,564,0.4025
11.433,25.61,0.0,107.68,5.0,99.989,1.0,,3,-99.785,10,20,7,401,0.414
12.0,18.621,0.0,6041.23,5.0,95.44,0.8,,4,-87.918,1,25,13,2839,0.3934
12.088,19.267,0.0,14414.98,5.0,87.248,0.85,,5,-71.17,1,25,13,1899,0.3907
12.44,20.462,0.0,76027.93,5.0,75.048,0.9,,6,52.056,1,25,13,1458,0.4019
12.443,21.673,0.0,265178.6,5.0,75.731,0.95,,7,430.357,1,25,13,1100,0.4082
12.959,24.059,0.0,555047.9,5.0,68.722,1.0,,8,1010.096,1,25,13,800,0.415
10.674,15.888,0.0,2110.03,5.0,98.887,0.8,,2,-95.78,2,25,7,1431,0.3955
11.803,19.952,0.0,2206.36,5.0,99.008,0.85,,3,-95.587,2,25,9,1191,0.3804
12.44,20.462,0.0,5742.5,5.0,97.955,0.9,,5,-88.515,2,25,13,1458,0.4019
12.443,21.673,0.0,115875.43,5.0,96.63,0.95,,6,131.751,2,25,13,1100,0.4082
12.959,24.059,0.0,745050.65,5.0,92.887,1.0,,7,1390.101,2,25,13,800,0.415
10.287,14.769,0.0,1363.48,5.0,99.503,0.8,,0,-97.273,3,25,4,724,0.4033
10.558,16.706,0.0,1418.6,5.0,99.639,0.85,,3,-97.163,3,25,7,963,0.3884
12.154,21.573,0.0,1312.55,5.0,99.761,0.9,,4,-97.375,3,25,9,913,0.391
12.443,21.673,0.0,7563.2,5.0,99.727,0.95,,5,-84.874,3,25,13,1100,0.4082
12.959,24.059,0.0,136842.35,5.0,99.105,1.0,,6,173.685,3,25,13,800,0.415
10.462,14.697,0.0,1112.26,5.0,99.669,0.8,,0,-97.775,4,25,3,478,0.4121
10.26,15.463,0.0527,1051.1,5.0,99.83,0.85,,1,-97.898,4,25,4,511,0.4012
10.539,15.231,0.0,1104.13,5.0,99.889,0.9,,1,-97.792,4,25,4,397,0.4055
12.237,23.553,0.0,1112.53,5.0,99.784,0.95,,3,-97.775,4,25,9,680,0.3941
12.959,24.059,0.0,4353.88,5.0,99.934,1.0,,5,-91.292,4,25,13,800,0.415
10.301,15.506,0.0,816.95,5.0,99.755,0.8,,0,-98.366,5,25,2,344,0.4128
10.494,15.876,0.0,888.09,5.0,99.899,0.85,,0,-98.224,5,25,3,302,0.4139
10.315,15.243,0.0,872.86,5.0,99.947,0.9,,0,-98.254,5,25,3,297,0.4175
11.09,22.774,0.0,178.81,5.0,99.976,0.95,,2,-99.642,5,25,7,564,0.4025
11.433,25.61,0.0,107.68,5.0,99.989,1.0,,3,-99.785,5,25,7,401,0.414
10.301,15.506,0.0,816.95,5.0,99.755,0.8,,0,-98.366,6,25,2,344,0.4128
10.494,15.876,0.0,888.09,5.0,99.899,0.85,,0,-98.224,6,25,3,302,0.4139
10.315,15.243,0.0,872.86,5.0,99.947,0.9,,0,-98.254,6,25,3,297,0.4175
11.09,22.774,0.0,178.81,5.0,99.976,0.95,,2,-99.642,6,25,7,564,0.4025
11.433,25.61,0.0,107.68,5.0,99.989,1.0,,3,-99.785,6,25,7,401,0.414
10.301,15.506,0.0,816.95,5.0,99.755,0.8,,0,-98.366,7,25,2,344,0.4128
10.494,15.876,0.0,888.09,5.0,99.899,0.85,,0,-98.224,7,25,3,302,0.4139
10.315,15.243,0.0,872.86,5.0,99.947,0.9,,0,-98.254,7,25,3,297,0.4175
11.09,22.774,0.0,178.81,5.0,99.976,0.95,,2,-99.642,7,25,7,564,0.4025
11.433,25.61,0.0,107.68,5.0,99.989,1.0,,3,-99.785,7,25,7,401,0.414
10.301,15.506,0.0,816.95,5.0,99.755,0.8,,0,-98.366,8,25,2,344,0.4128
10.494,15.876,0.0,888.09,5.0,99.899,0.85,,0,-98.224,8,25,3,302,0.4139
10.315,15.243,0.0,872.86,5.0,99.947,0.9,,0,-98.254,8,25,3,297,0.4175
11.09,22.774,0.0,178.81,5.0,99.976,0.95,,2,-99.642,8,25,7,564,0.4025
11.433,25.61,0.0,107.68,5.0,99.989,1.0,,3,-99.785,8,25,7,401,0.414
10.301,15.506,0.0,816.95,5.0,99.755,0.8,,0,-98.366,9,25,2,344,0.4128
10.494,15.876,0.0,888.09,5.0,99.899,0.85,,0,-98.224,9,25,3,302,0.4139
10.315,15.243,0.0,872.86,5.0,99.947,0.9,,0,-98.254,9,25,3,297,0.4175
11.09,22.774,0.0,178.81,5.0,99.976,0.95,,2,-99.642,9,25,7,564,0.4025
11.433,25.61,0.0,107.68,5.0,99.989,1.0,,3,-99.785,9,25,7,401,0.414
10.301,15.506,0.0,816.95,5.0,99.755,0.8,,0,-98.366,10,25,2,344,0.4128
10.494,15.876,0.0,888.09,5.0,99.899,0.85,,0,-98.224,10,25,3,302,0.4139
10.315,15.243,0.0,872.86,5.0,99.947,0.9,,0,-98.254,10,25,3,297,0.4175
11.09,22.774,0.0,178.81,5.0,99.976,0.95,,2,-99.642,10,25,7,564,0.4025
11.433,25.61,0.0,107.68,5.0,99.989,1.0,,3,-99.785,10,25,7,401,0.414
12.0,18.621,0.0,6041.23,5.0,95.44,0.8,,4,-87.918,1,30,13,2839,0.3934
12.088,19.267,0.0,14414.98,5.0,87.248,0.85,,5,-71.17,1,30,13,1899,0.3907
12.44,20.462,0.0,76027.93,5.0,75.048,0.9,,6,52.056,1,30,13,1458,0.4019
12.443,21.673,0.0,265178.6,5.0,75.731,0.95,,7,430.357,1,30,13,1100,0.4082
12.959,24.059,0.0,555047.9,5.0,68.722,1.0,,8,1010.096,1,30,13,800,0.415
10.674,15.888,0.0,2110.03,5.0,98.887,0.8,,2,-95.78,2,30,7,1431,0.3955
11.803,19.952,0.0,2206.36,5.0,99.008,0.85,,3,-95.587,2,30,9,1191,0.3804
12.44,20.462,0.0,5742.5,5.0,97.955,0.9,,5,-88.515,2,30,13,1458,0.4019
12.443,21.673,0.0,115875.43,5.0,96.63,0.95,,6,131.751,2,30,13,1100,0.4082
12.959,24.059,0.0,745050.65,5.0,92.887,1.0,,7,1390.101,2,30,13,800,0.415
10.287,14.769,0.0,1363.48,5.0,99.503,0.8,,0,-97.273,3,30,4,724,0.4033
10.558,16.706,0.0,1418.6,5.0,99.639,0.85,,3,-97.163,3,30,7,963,0.3884
12.154,21.573,0.0,1312.55,5.0,99.761,0.9,,4,-97.375,3,30,9,913,0.391
12.443,21.673,0.0,7563.2,5.0,99.727,0.95,,5,-84.874,3,30,13,1100,0.4082
12.959,24.059,0.0,136842.35,5.0,99.105,1.0,,6,173.685,3,30,13,800,0.415
10.462,14.697,0.0,1112.26,5.0,99.669,0.8,,0,-97.775,4,30,3,478,0.4121
10.26,15.463,0.0527,1051.1,5.0,99.83,0.85,,1,-97.898,4,30,4,511,0.4012
10.539,15.231,0.0,1104.13,5.0,99.889,0.9,,1,-97.792,4,30,4,397,0.4055
12.237,23.553,0.0,1112.53,5.0,99.784,0.95,,3,-97.775,4,30,9,680,0.3941
12.959,24.059,0.0,4353.88,5.0,99.934,1.0,,5,-91.292,4,30,13,800,0.415
10.301,15.506,0.0,816.95,5.0,99.755,0.8,,0,-98.366,5,30,2,344,0.4128
10.494,15.876,0.0,888.09,5.0,99.899,0.85,,0,-98.224,5,30,3,302,0.4139
10.315,15.243,0.0,872.86,5.0,99.947,0.9,,0,-98.254,5,30,3,297,0.4175
11.09,22.774,0.0,178.81,5.0,99.976,0.95,,2,-99.642,5,30,7,564,0.4025
11.433,25.61,0.0,107.68,5.0,99.989,1.0,,3,-99.785,5,30,7,401,0.414
10.301,15.506,0.0,816.95,5.0,99.755,0.8,,0,-98.366,6,30,2,344,0.4128
10.494,15.876,0.0,888.09,5.0,99.899,0.85,,0,-98.224,6,30,3,302,0.4139
10.315,15.243,0.0,872.86,5.0,99.947,0.9,,0,-98.254,6,30,3,297,0.4175
11.09,22.774,0.0,178.81,5.0,99.976,0.95,,2,-99.642,6,30,7,564,0.4025
11.433,25.61,0.0,107.68,5.0,99.989,1.0,,3,-99.785,6,30,7,401,0.414
10.301,15.506,0.0,816.95,5.0,99.755,0.8,,0,-98.366,7,30,2,344,0.4128
10.494,15.876,0.0,888.09,5.0,99.899,0.85,,0,-98.224,7,30,3,302,0.4139
10.315,15.243,0.0,872.86,5.0,99.947,0.9,,0,-98.254,7,30,3,297,0.4175
11.09,22.774,0.0,178.81,5.0,99.976,0.95,,2,-99.642,7,30,7,564,0.4025
11.433,25.61,0.0,107.68,5.0,99.989,1.0,,3,-99.785,7,30,7,401,0.414
10.301,15.506,0.0,816.95,5.0,99.755,0.8,,0,-98.366,8,30,2,344,0.4128
10.494,15.876,0.0,888.09,5.0,99.899,0.85,,0,-98.224,8,30,3,302,0.4139
10.315,15.243,0.0,872.86,5.0,99.947,0.9,,0,-98.254,8,30,3,297,0.4175
11.09,22.774,0.0,178.81,5.0,99.976,0.95,,2,-99.642,8,30,7,564,0.4025
11.433,25.61,0.0,107.68,5.0,99.989,1.0,,3,-99.785,8,30,7,401,0.414
10.301,15.506,0.0,816.95,5.0,99.755,0.8,,0,-98.366,9,30,2,344,0.4128
10.494,15.876,0.0,888.09,5.0,99.899,0.85,,0,-98.224,9,30,3,302,0.4139
10.315,15.243,0.0,872.86,5.0,99.947,0.9,,0,-98.254,9,30,3,297,0.4175
11.09,22.774,0.0,178.81,5.0,99.976,0.95,,2,-99.642,9,30,7,564,0.4025
11.433,25.61,0.0,107.68,5.0,99.989,1.0,,3,-99.785,9,30,7,401,0.414
10.301,15.506,0.0,816.95,5.0,99.755,0.8,,0,-98.366,10,30,2,344,0.4128
10.494,15.876,0.0,888.09,5.0,99.899,0.85,,0,-98.224,10,30,3,302,0.4139
10.315,15.243,0.0,872.86,5.0,99.947,0.9,,0,-98.254,10,30,3,297,0.4175
11.09,22.774,0.0,178.81,5.0,99.976,0.95,,2,-99.642,10,30,7,564,0.4025
11.433,25.61,0.0,107.68,5.0,99.989,1.0,,3,-99.785,10,30,7,401,0.414
12.0,18.621,0.0,6041.23,5.0,95.44,0.8,,4,-87.918,1,35,13,2839,0.3934
12.088,19.267,0.0,14414.98,5.0,87.248,0.85,,5,-71.17,1,35,13,1899,0.3907
12.44,20.462,0.0,76027.93,5.0,75.048,0.9,,6,52.056,1,35,13,1458,0.4019
12.443,21.673,0.0,265178.6,5.0,75.731,0.95,,7,430.357,1,35,13,1100,0.4082
12.959,24.059,0.0,555047.9,5.0,68.722,1.0,,8,1010.096,1,35,13,800,0.415
10.674,15.888,0.0,2110.03,5.0,98.887,0.8,,2,-95.78,2,35,7,1431,0.3955
11.803,19.952,0.0,2206.36,5.0,99.008,0.85,,3,-95.587,2,35,9,1191,0.3804
12.44,20.462,0.0,5742.5,5.0,97.955,0.9,,5,-88.515,2,35,13,1458,0.4019
12.443,21.673,0.0,115875.43,5.0,96.63,0.95,,6,131.751,2,35,13,1100,0.4082
12.959,24.059,0.0,745050.65,5.0,92.887,1.0,,7,1390.101,2,35,13,800,0.415
10.287,14.769,0.0,1363.48,5.0,99.503,0.8,,0,-97.273,3,35,4,724,0.4033
10.558,16.706,0.0,1418.6,5.0,99.639,0.85,,3,-97.163,3,35,7,963,0.3884
12.154,21.573,0.0,1312.55,5.0,99.761,0.9,,4,-97.375,3,35,9,913,0.391
12.443,21.673,0.0,7563.2,5.0,99.727,0.95,,5,-84.874,3,35,13,1100,0.4082
12.959,24.059,0.0,136842.35,5.0,99.105,1.0,,6,173.685,3,35,13,800,0.415
10.462,14.697,0.0,1112.26,5.0,99.669,0.8,,0,-97.775,4,35,3,478,0.4121
10.26,15.463,0.0527,1051.1,5.0,99.83,0.85,,1,-97.898,4,35,4,511,0.4012
10.539,15.231,0.0,1104.13,5.0,99.889,0.9,,1,-97.792,4,35,4,397,0.4055
12.237,23.553,0.0,1112.53,5.0,99.784,0.95,,3,-97.775,4,35,9,680,0.3941
12.959,24.059,0.0,4353.88,5.0,99.934,1.0,,5,-91.292,4,35,13,800,0.415
10.301,15.506,0.0,816.95,5.0,99.755,0.8,,0,-98.366,5,35,2,344,0.4128
10.494,15.876,0.0,888.09,5.0,99.899,0.85,,0,-98.224,5,35,3,302,0.4139
10.315,15.243,0.0,872.86,5.0,99.947,0.9,,0,-98.254,5,35,3,297,0.4175
11.09,22.774,0.0,178.81,5.0,99.976,0.95,,2,-99.642,5,35,7,564,0.4025
11.433,25.61,0.0,107.68,5.0,99.989,1.0,,3,-99.785,5,35,7,401,0.414
10.301,15.506,0.0,816.95,5.0,99.755,0.8,,0,-98.366,6,35,2,344,0.4128
10.494,15.876,0.0,888.09,5.0,99.899,0.85,,0,-98.224,6,35,3,302,0.4139
10.315,15.243,0.0,872.86,5.0,99.947,0.9,,0,-98.254,6,35,3,297,0.4175
11.09,22.774,0.0,178.81,5.0,99.976,0.95,,2,-99.642,6,35,7,564,0.4025
11.433,25.61,0.0,107.68,5.0,99.989,1.0,,3,-99.785,6,35,7,401,0.414
10.301,15.506,0.0,816.95,5.0,99.755,0.8,,0,-98.366,7,35,2,344,0.4128
10.494,15.876,0.0,888.09,5.0,99.899,0.85,,0,-98.224,7,35,3,302,0.4139
10.315,15.243,0.0,872.86,5.0,99.947,0.9,,0,-98.254,7,35,3,297,0.4175
11.09,22.774,0.0,178.81,5.0,99.976,0.95,,2,-99.642,7,35,7,564,0.4025
11.433,25.61,0.0,107.68,5.0,99.989,1.0,,3,-99.785,7,35,7,401,0.414
10.301,15.506,0.0,816.95,5.0,99.755,0.8,,0,-98.366,8,35,2,344,0.4128
10.494,15.876,0.0,888.09,5.0,99.899,0.85,,0,-98.224,8,35,3,302,0.4139
10.315,15.243,0.0,872.86,5.0,99.947,0.9,,0,-98.254,8,35,3,297,0.4175
11.09,22.774,0.0,178.81,5.0,99.976,0.95,,2,-99.642,8,35,7,564,0.4025
11.433,25.61,0.0,107.68,5.0,99.989,1.0,,3,-99.785,8,35,7,401,0.414
10.301,15.506,0.0,816.95,5.0,99.755,0.8,,0,-98.366,9,35,2,344,0.4128
10.494,15.876,0.0,888.09,5.0,99.899,0.85,,0,-98.224,9,35,3,302,0.4139
10.315,15.243,0.0,872.86,5.0,99.947,0.9,,0,-98.254,9,35,3,297,0.4175
11.09,22.774,0.0,178.81,5.0,99.976,0.95,,2,-99.642,9,35,7,564,0.4025
11.433,25.61,0.0,107.68,5.0,99.989,1.0,,3,-99.785,9,35,7,401,0.414
10.301,15.506,0.0,816.95,5.0,99.755,0.8,,0,-98.366,10,35,2,344,0.4128
10.494,15.876,0.0,888.09,5.0,99.899,0.85,,0,-98.224,10,35,3,302,0.4139
10.315,15.243,0.0,872.86,5.0,99.947,0.9,,0,-98.254,10,35,3,297,0.4175
11.09,22.774,0.0,178.81,5.0,99.976,0.95,,2,-99.642,10,35,7,564,0.4025
11.433,25.61,0.0,107.68,5.0,99.989,1.0,,3,-99.785,10,35,7,401,0.414
12.0,18.621,0.0,6041.23,5.0,95.44,0.8,,4,-87.918,1,40,13,2839,0.3934
12.088,19.267,0.0,14414.98,5.0,87.248,0.85,,5,-71.17,1,40,13,1899,0.3907
12.44,20.462,0.0,76027.93,5.0,75.048,0.9,,6,52.056,1,40,13,1458,0.4019
12.443,21.673,0.0,265178.6,5.0,75.731,0.95,,7,430.357,1,40,13,1100,0.4082
12.959,24.059,0.0,555047.9,5.0,68.722,1.0,,8,1010.096,1,40,13,800,0.415
10.674,15.888,0.0,2110.03,5.0,98.887,0.8,,2,-95.78,2,40,7,1431,0.3955
11.803,19.952,0.0,2206.36,5.0,99.008,0.85,,3,-95.587,2,40,9,1191,0.3804
12.44,20.462,0.0,5742.5,5.0,97.955,0.9,,5,-88.515,2,40,13,1458,0.4019
12.443,21.673,0.0,115875.43,5.0,96.63,0.95,,6,131.751,2,40,13,1100,0.4082
12.959,24.059,0.0,745050.65,5.0,92.887,1.0,,7,1390.101,2,40,13,800,0.415
10.287,14.769,0.0,1363.48,5.0,99.503,0.8,,0,-97.273,3,40,4,724,0.4033
10.558,16.706,0.0,1418.6,5.0,99.639,0.85,,3,-97.163,3,40,7,963,0.3884
12.154,21.573,0.0,1312.55,5.0,99.761,0.9,,4,-97.375,3,40,9,913,0.391
12.443,21.673,0.0,7563.2,5.0,99.727,0.95,,5,-84.874,3,40,13,1100,0.4082
12.959,24.059,0.0,136842.35,5.0,99.105,1.0,,6,173.685,3,40,13,800,0.415
10.462,14.697,0.0,1112.26,5.0,99.669,0.8,,0,-97.775,4,40,3,478,0.4121
10.26,15.463,0.0527,1051.1,5.0,99.83,0.85,,1,-97.898,4,40,4,511,0.4012
10.539,15.231,0.0,1104.13,5.0,99.889,0.9,,1,-97.792,4,40,4,397,0.4055
12.237,23.553,0.0,1112.53,5.0,99.784,0.95,,3,-97.775,4,40,9,680,0.3941
12.959,24.059,0.0,4353.88,5.0,99.934,1.0,,5,-91.292,4,40,13,800,0.415
10.301,15.506,0.0,816.95,5.0,99.755,0.8,,0,-98.366,5,40,2,344,0.4128
10.494,15.876,0.0,888.09,5.0,99.899,0.85,,0,-98.224,5,40,3,302,0.4139
10.315,15.243,0.0,872.86,5.0,99.947,0.9,,0,-98.254,5,40,3,297,0.4175
11.09,22.774,0.0,178.81,5.0,99.976,0.95,,2,-99.642,5,40,7,564,0.4025
11.433,25.61,0.0,107.68,5.0,99.989,1.0,,3,-99.785,5,40,7,401,0.414
10.301,15.506,0.0,816.95,5.0,99.755,0.8,,0,-98.366,6,40,2,344,0.4128
10.494,15.876,0.0,888.09,5.0,99.899,0.85,,0,-98.224,6,40,3,302,0.4139
10.315,15.243,0.0,872.86,5.0,99.947,0.9,,0,-98.254,6,40,3,297,0.4175
11.09,22.774,0.0,178.81,5.0,99.976,0.95,,2,-99.642,6,40,7,564,0.4025
11.433,25.61,0.0,107.68,5.0,99.989,1.0,,3,-99.785,6,40,7,401,0.414
10.301,15.506,0.0,816.95,5.0,99.755,0.8,,0,-98.366,7,40,2,344,0.4128
10.494,15.876,0.0,888.09,5.0,99.899,0.85,,0,-98.224,7,40,3,302,0.4139
10.315,15.243,0.0,872.86,5.0,99.947,0.9,,0,-98.254,7,40,3,297,0.4175
11.09,22.774,0.0,178.81,5.0,99.976,0.95,,2,-99.642,7,40,7,564,0.4025
11.433,25.61,0.0,107.68,5.0,99.989,1.0,,3,-99.785,7,40,7,401,0.414
10.301,15.506,0.0,816.95,5.0,99.755,0.8,,0,-98.366,8,40,2,344,0.4128
10.494,15.876,0.0,888.09,5.0,99.899,0.85,,0,-98.224,8,40,3,302,0.4139
10.315,15.243,0.0,872.86,5.0,99.947,0.9,,0,-98.254,8,40,3,297,0.4175
11.09,22.774,0.0,178.81,5.0,99.976,0.95,,2,-99.642,8,40,7,564,0.4025
11.433,25.61,0.0,107.68,5.0,99.989,1.0,,3,-99.785,8,40,7,401,0.414
10.301,15.506,0.0,816.95,5.0,99.755,0.8,,0,-98.366,9,40,2,344,0.4128
10.494,15.876,0.0,888.09,5.0,99.899,0.85,,0,-98.224,9,40,3,302,0.4139
10.315,15.243,0.0,872.86,5.0,99.947,0.9,,0,-98.254,9,40,3,297,0.4175
11.09,22.774,0.0,178.81,5.0,99.976,0.95,,2,-99.642,9,40,7,564,0.4025
11.433,25.61,0.0,107.68,5.0,99.989,1.0,,3,-99.785,9,40,7,401,0.414
10.301,15.506,0.0,816.95,5.0,99.755,0.8,,0,-98.366,10,40,2,344,0.4128
10.494,15.876,0.0,888.09,5.0,99.899,0.85,,0,-98.224,10,40,3,302,0.4139
10.315,15.243,0.0,872.86,5.0,99.947,0.9,,0,-98.254,10,40,3,297,0.4175
11.09,22.774,0.0,178.81,5.0,99.976,0.95,,2,-99.642,10,40,7,564,0.4025
11.433,25.61,0.0,107.68,5.0,99.989,1.0,,3,-99.785,10,40,7,401,0.414
12.0,18.621,0.0,6041.23,5.0,95.44,0.8,,4,-87.918,1,45,13,2839,0.3934
12.088,19.267,0.0,14414.98,5.0,87.248,0.85,,5,-71.17,1,45,13,1899,0.3907
12.44,20.462,0.0,76027.93,5.0,75.048,0.9,,6,52.056,1,45,13,1458,0.4019
12.443,21.673,0.0,265178.6,5.0,75.731,0.95,,7,430.357,1,45,13,1100,0.4082
12.959,24.059,0.0,555047.9,5.0,68.722,1.0,,8,1010.096,1,45,13,800,0.415
10.674,15.888,0.0,2110.03,5.0,98.887,0.8,,2,-95.78,2,45,7,1431,0.3955
11.803,19.952,0.0,2206.36,5.0,99.008,0.85,,3,-95.587,2,45,9,1191,0.3804
12.44,20.462,0.0,5742.5,5.0,97.955,0.9,,5,-88.515,2,45,13,1458,0.4019
12.443,21.673,0.0,115875.43,5.0,96.63,0.95,,6,131.751,2,45,13,1100,0.4082
12.959,24.059,0.0,745050.65,5.0,92.887,1.0,,7,1390.101,2,45,13,800,0.415
10.287,14.769,0.0,1363.48,5.0,99.503,0.8,,0,-97.273,3,45,4,724,0.4033
10.558,16.706,0.0,1418.6,5.0,99.639,0.85,,3,-97.163,3,45,7,963,0.3884
12.154,21.573,0.0,1312.55,5.0,99.761,0.9,,4,-97.375,3,45,9,913,0.391
12.443,21.673,0.0,7563.2,5.0,99.727,0.95,,5,-84.874,3,45,13,1100,0.4082
12.959,24.059,0.0,136842.35,5.0,99.105,1.0,,6,173.685,3,45,13,800,0.415
10.462,14.697,0.0,1112.26,5.0,99.669,0.8,,0,-97.775,4,45,3,478,0.4121
10.26,15.463,0.0527,1051.1,5.0,99.83,0.85,,1,-97.898,4,45,4,511,0.4012
10.539,15.231,0.0,1104.13,5.0,99.889,0.9,,1,-97.792,4,45,4,397,0.4055
12.237,23.553,0.0,1112.53,5.0,99.784,0.95,,3,-97.775,4,45,9,680,0.3941
12.959,24.059,0.0,4353.88,5.0,99.934,1.0,,5,-91.292,4,45,13,800,0.415
10.301,15.506,0.0,816.95,5.0,99.755,0.8,,0,-98.366,5,45,2,344,0.4128
10.494,15.876,0.0,888.09,5.0,99.899,0.85,,0,-98.224,5,45,3,302,0.4139
10.315,15.243,0.0,872.86,5.0,99.947,0.9,,0,-98.254,5,45,3,297,0.4175
11.09,22.774,0.0,178.81,5.0,99.976,0.95,,2,-99.642,5,45,7,564,0.4025
11.433,25.61,0.0,107.68,5.0,99.989,1.0,,3,-99.785,5,45,7,401,0.414
10.301,15.506,0.0,816.95,5.0,99.755,0.8,,0,-98.366,6,45,2,344,0.4128
10.494,15.876,0.0,888.09,5.0,99.899,0.85,,0,-98.224,6,45,3,302,0.4139
10.315,15.243,0.0,872.86,5.0,99.947,0.9,,0,-98.254,6,45,3,297,0.4175
11.09,22.774,0.0,178.81,5.0,99.976,0.95,,2,-99.642,6,45,7,564,0.4025
11.433,25.61,0.0,107.68,5.0,99.989,1.0,,3,-99.785,6,45,7,401,0.414
10.301,15.506,0.0,816.95,5.0,99.755,0.8,,0,-98.366,7,45,2,344,0.4128
10.494,15.876,0.0,888.09,5.0,99.899,0.85,,0,-98.224,7,45,3,302,0.4139
10.315,15.243,0.0,872.86,5.0,99.947,0.9,,0,-98.254,7,45,3,297,0.4175
11.09,22.774,0.0,178.81,5.0,99.976,0.95,,2,-99.642,7,45,7,564,0.4025
11.433,25.61,0.0,107.68,5.0,99.989,1.0,,3,-99.785,7,45,7,401,0.414
10.301,15.506,0.0,816.95,5.0,99.755,0.8,,0,-98.366,8,45,2,344,0.4128
10.494,15.876,0.0,888.09,5.0,99.899,0.85,,0,-98.224,8,45,3,302,0.4139
10.315,15.243,0.0,872.86,5.0,99.947,0.9,,0,-98.254,8,45,3,297,0.4175
11.09,22.774,0.0,178.81,5.0,99.976,0.95,,2,-99.642,8,45,7,564,0.4025
11.433,25.61,0.0,107.68,5.0,99.989,1.0,,3,-99.785,8,45,7,401,0.414
10.301,15.506,0.0,816.95,5.0,99.755,0.8,,0,-98.366,9,45,2,344,0.4128
10.494,15.876,0.0,888.09,5.0,99.899,0.85,,0,-98.224,9,45,3,302,0.4139
10.315,15.243,0.0,872.86,5.0,99.947,0.9,,0,-98.254,9,45,3,297,0.4175
11.09,22.774,0.0,178.81,5.0,99.976,0.95,,2,-99.642,9,45,7,564,0.4025
11.433,25.61,0.0,107.68,5.0,99.989,1.0,,3,-99.785,9,45,7,401,0.414
10.301,15.506,0.0,816.95,5.0,99.755,0.8,,0,-98.366,10,45,2,344,0.4128
10.494,15.876,0.0,888.09,5.0,99.899,0.85,,0,-98.224,10,45,3,302,0.4139
10.315,15.243,0.0,872.86,5.0,99.947,0.9,,0,-98.254,10,45,3,297,0.4175
11.09,22.774,0.0,178.81,5.0,99.976,0.95,,2,-99.642,10,45,7,564,0.4025
11.433,25.61,0.0,107.68,5.0,99.989,1.0,,3,-99.785,10,45,7,401,0.414
12.0,18.621,0.0,6041.23,5.0,95.44,0.8,,4,-87.918,1,50,13,2839,0.3934
12.088,19.267,0.0,14414.98,5.0,87.248,0.85,,5,-71.17,1,50,13,1899,0.3907
12.44,20.462,0.0,76027.93,5.0,75.048,0.9,,6,52.056,1,50,13,1458,0.4019
12.443,21.673,0.0,265178.6,5.0,75.731,0.95,,7,430.357,1,50,13,1100,0.4082
12.959,24.059,0.0,555047.9,5.0,68.722,1.0,,8,1010.096,1,50,13,800,0.415
10.674,15.888,0.0,2110.03,5.0,98.887,0.8,,2,-95.78,2,50,7,1431,0.3955
11.803,19.952,0.0,2206.36,5.0,99.008,0.85,,3,-95.587,2,50,9,1191,0.3804
12.44,20.462,0.0,5742.5,5.0,97.955,0.9,,5,-88.515,2,50,13,1458,0.4019
12.443,21.673,0.0,115875.43,5.0,96.63,0.95,,6,131.751,2,50,13,1100,0.4082
12.959,24.059,0.0,745050.65,5.0,92.887,1.0,,7,1390.101,2,50,13,800,0.415
10.287,14.769,0.0,1363.48,5.0,99.503,0.8,,0,-97.273,3,50,4,724,0.4033
10.558,16.706,0.0,1418.6,5.0,99.639,0.85,,3,-97.163,3,50,7,963,0.3884
12.154,21.573,0.0,1312.55,5.0,99.761,0.9,,4,-97.375,3,50,9,913,0.391
12.443,21.673,0.0,7563.2,5.0,99.727,0.95,,5,-84.874,3,50,13,1100,0.4082
12.959,24.059,0.0,136842.35,5.0,99.105,1.0,,6,173.685,3,50,13,800,0.415
10.462,14.697,0.0,1112.26,5.0,99.669,0.8,,0,-97.775,4,50,3,478,0.4121
10.26,15.463,0.0527,1051.1,5.0,99.83,0.85,,1,-97.898,4,50,4,511,0.4012
10.539,15.231,0.0,1104.13,5.0,99.889,0.9,,1,-97.792,4,50,4,397,0.4055
12.237,23.553,0.0,1112.53,5.0,99.784,0.95,,3,-97.775,4,50,9,680,0.3941
12.959,24.059,0.0,4353.88,5.0,99.934,1.0,,5,-91.292,4,50,13,800,0.415
10.301,15.506,0.0,816.95,5.0,99.755,0.8,,0,-98.366,5,50,2,344,0.4128
10.494,15.876,0.0,888.09,5.0,99.899,0.85,,0,-98.224,5,50,3,302,0.4139
10.315,15.243,0.0,872.86,5.0,99.947,0.9,,0,-98.254,5,50,3,297,0.4175
11.09,22.774,0.0,178.81,5.0,99.976,0.95,,2,-99.642,5,50,7,564,0.4025
11.433,25.61,0.0,107.68,5.0,99.989,1.0,,3,-99.785,5,50,7,401,0.414
10.301,15.506,0.0,816.95,5.0,99.755,0.8,,0,-98.366,6,50,2,344,0.4128
10.494,15.876,0.0,888.09,5.0,99.899,0.85,,0,-98.224,6,50,3,302,0.4139
10.315,15.243,0.0,872.86,5.0,99.947,0.9,,0,-98.254,6,50,3,297,0.4175
11.09,22.774,0.0,178.81,5.0,99.976,0.95,,2,-99.642,6,50,7,564,0.4025
11.433,25.61,0.0,107.68,5.0,99.989,1.0,,3,-99.785,6,50,7,401,0.414
10.301,15.506,0.0,816.95,5.0,99.755,0.8,,0,-98.366,7,50,2,344,0.4128
10.494,15.876,0.0,888.09,5.0,99.899,0.85,,0,-98.224,7,50,3,302,0.4139
10.315,15.243,0.0,872.86,5.0,99.947,0.9,,0,-98.254,7,50,3,297,0.4175
11.09,22.774,0.0,178.81,5.0,99.976,0.95,,2,-99.642,7,50,7,564,0.4025
11.433,25.61,0.0,107.68,5.0,99.989,1.0,,3,-99.785,7,50,7,401,0.414
10.301,15.506,0.0,816.95,5.0,99.755,0.8,,0,-98.366,8,50,2,344,0.4128
10.494,15.876,0.0,888.09,5.0,99.899,0.85,,0,-98.224,8,50,3,302,0.4139
10.315,15.243,0.0,872.86,5.0,99.947,0.9,,0,-98.254,8,50,3,297,0.4175
11.09,22.774,0.0,178.81,5.0,99.976,0.95,,2,-99.642,8,50,7,564,0.4025
11.433,25.61,0.0,107.68,5.0,99.989,1.0,,3,-99.785,8,50,7,401,0.414
10.301,15.506,0.0,816.95,5.0,99.755,0.8,,0,-98.366,9,50,2,344,0.4128
10.494,15.876,0.0,888.09,5.0,99.899,0.85,,0,-98.224,9,50,3,302,0.4139
10.315,15.243,0.0,872.86,5.0,99.947,0.9,,0,-98.254,9,50,3,297,0.4175
11.09,22.774,0.0,178.81,5.0,99.976,0.95,,2,-99.642,9,50,7,564,0.4025
11.433,25.61,0.0,107.68,5.0,99.989,1.0,,3,-99.785,9,50,7,401,0.414
10.301,15.506,0.0,816.95,5.0,99.755,0.8,,0,-98.366,10,50,2,344,0.4128
10.494,15.876,0.0,888.09,5.0,99.899,0.85,,0,-98.224,10,50,3,302,0.4139
10.315,15.243,0.0,872.86,5.0,99.947,0.9,,0,-98.254,10,50,3,297,0.4175
11.09,22.774,0.0,178.81,5.0,99.976,0.95,,2,-99.642,10,50,7,564,0.4025
11.433,25.61,0.0,107.68,5.0,99.989,1.0,,3,-99.785,10,50,7,401,0.414
12.0,18.621,0.0,6041.23,5.0,95.44,0.8,,4,-87.918,1,55,13,2839,0.3934
12.088,19.267,0.0,14414.98,5.0,87.248,0.85,,5,-71.17,1,55,13,1899,0.3907
12.44,20.462,0.0,76027.93,5.0,75.048,0.9,,6,52.056,1,55,13,1458,0.4019
12.443,21.673,0.0,265178.6,5.0,75.731,0.95,,7,430.357,1,55,13,1100,0.4082
12.959,24.059,0.0,555047.9,5.0,68.722,1.0,,8,1010.096,1,55,13,800,0.415
10.674,15.888,0.0,2110.03,5.0,98.887,0.8,,2,-95.78,2,55,7,1431,0.3955
11.803,19.952,0.0,2206.36,5.0,99.008,0.85,,3,-95.587,2,55,9,1191,0.3804
12.44,20.462,0.0,5742.5,5.0,97.955,0.9,,5,-88.515,2,55,13,1458,0.4019
12.443,21.673,0.0,115875.43,5.0,96.63,0.95,,6,131.751,2,55,13,1100,0.4082
12.959,24.059,0.0,745050.65,5.0,92.887,1.0,,7,1390.101,2,55,13,800,0.415
10.287,14.769,0.0,1363.48,5.0,99.503,0.8,,0,-97.273,3,55,4,724,0.4033
10.558,16.706,0.0,1418.6,5.0,99.639,0.85,,3,-97.163,3,55,7,963,0.3884
12.154,21.573,0.0,1312.55,5.0,99.761,0.9,,4,-97.375,3,55,9,913,0.391
12.443,21.673,0.0,7563.2,5.0,99.727,0.95,,5,-84.874,3,55,13,1100,0.4082
12.959,24.059,0.0,136842.35,5.0,99.105,1.0,,6,173.685,3,55,13,800,0.415
10.462,14.697,0.0,1112.26,5.0,99.669,0.8,,0,-97.775,4,55,3,478,0.4121
10.26,15.463,0.0527,1051.1,5.0,99.83,0.85,,1,-97.898,4,55,4,511,0.4012
10.539,15.231,0.0,1104.13,5.0,99.889,0.9,,1,-97.792,4,55,4,397,0.4055
12.237,23.553,0.0,1112.53,5.0,99.784,0.95,,3,-97.775,4,55,9,680,0.3941
12.959,24.059,0.0,4353.88,5.0,99.934,1.0,,5,-91.292,4,55,13,800,0.415
10.301,15.506,0.0,816.95,5.0,99.755,0.8,,0,-98.366,5,55,2,344,0.4128
10.494,15.876,0.0,888.09,5.0,99.899,0.85,,0,-98.224,5,55,3,302,0.4139
10.315,15.243,0.0,872.86,5.0,99.947,0.9,,0,-98.254,5,55,3,297,0.4175
11.09,22.774,0.0,178.81,5.0,99.976,0.95,,2,-99.642,5,55,7,564,0.4025
11.433,25.61,0.0,107.68,5.0,99.989,1.0,,3,-99.785,5,55,7,401,0.414
10.301,15.506,0.0,816.95,5.0,99.755,0.8,,0,-98.366,6,55,2,344,0.4128
10.494,15.876,0.0,888.09,5.0,99.899,0.85,,0,-98.224,6,55,3,302,0.4139
10.315,15.243,0.0,872.86,5.0,99.947,0.9,,0,-98.254,6,55,3,297,0.4175
11.09,22.774,0.0,178.81,5.0,99.976,0.95,,2,-99.642,6,55,7,564,0.4025
11.433,25.61,0.0,107.68,5.0,99.989,1.0,,3,-99.785,6,55,7,401,0.414
10.301,15.506,0.0,816.95,5.0,99.755,0.8,,0,-98.366,7,55,2,344,0.4128
10.494,15.876,0.0,888.09,5.0,99.899,0.85,,0,-98.224,7,55,3,302,0.4139
10.315,15.243,0.0,872.86,5.0,99.947,0.9,,0,-98.254,7,55,3,297,0.4175
11.09,22.774,0.0,178.81,5.0,99.976,0.95,,2,-99.642,7,55,7,564,0.4025
11.433,25.61,0.0,107.68,5.0,99.989,1.0,,3,-99.785,7,55,7,401,0.414
10.301,15.506,0.0,816.95,5.0,99.755,0.8,,0,-98.366,8,55,2,344,0.4128
10.494,15.876,0.0,888.09,5.0,99.899,0.85,,0,-98.224,8,55,3,302,0.4139
10.315,15.243,0.0,872.86,5.0,99.947,0.9,,0,-98.254,8,55,3,297,0.4175
11.09,22.774,0.0,178.81,5.0,99.976,0.95,,2,-99.642,8,55,7,564,0.4025
11.433,25.61,0.0,107.68,5.0,99.989,1.0,,3,-99.785,8,55,7,401,0.414
10.301,15.506,0.0,816.95,5.0,99.755,0.8,,0,-98.366,9,55,2,344,0.4128
10.494,15.876,0.0,888.09,5.0,99.899,0.85,,0,-98.224,9,55,3,302,0.4139
10.315,15.243,0.0,872.86,5.0,99.947,0.9,,0,-98.254,9,55,3,297,0.4175
11.09,22.774,0.0,178.81,5.0,99.976,0.95,,2,-99.642,9,55,7,564,0.4025
11.433,25.61,0.0,107.68,5.0,99.989,1.0,,3,-99.785,9,55,7,401,0.414
10.301,15.506,0.0,816.95,5.0,99.755,0.8,,0,-98.366,10,55,2,344,0.4128
10.494,15.876,0.0,888.09,5.0,99.899,0.85,,0,-98.224,10,55,3,302,0.4139
10.315,15.243,0.0,872.86,5.0,99.947,0.9,,0,-98.254,10,55,3,297,0.4175
11.09,22.774,0.0,178.81,5.0,99.976,0.95,,2,-99.642,10,55,7,564,0.4025
11.433,25.61,0.0,107.68,5.0,99.989,1.0,,3,-99.785,10,55,7,401,0.414
12.0,18.621,0.0,6041.23,5.0,95.44,0.8,,4,-87.918,1,60,13,2839,0.3934
12.088,19.267,0.0,14414.98,5.0,87.248,0.85,,5,-71.17,1,60,13,1899,0.3907
12.44,20.462,0.0,76027.93,5.0,75.048,0.9,,6,52.056,1,60,13,1458,0.4019
12.443,21.673,0.0,265178.6,5.0,75.731,0.95,,7,430.357,1,60,13,1100,0.4082
12.959,24.059,0.0,555047.9,5.0,68.722,1.0,,8,1010.096,1,60,13,800,0.415
10.674,15.888,0.0,2110.03,5.0,98.887,0.8,,2,-95.78,2,60,7,1431,0.3955
11.803,19.952,0.0,2206.36,5.0,99.008,0.85,,3,-95.587,2,60,9,1191,0.3804
12.44,20.462,0.0,5742.5,5.0,97.955,0.9,,5,-88.515,2,60,13,1458,0.4019
12.443,21.673,0.0,115875.43,5.0,96.63,0.95,,6,131.751,2,60,13,1100,0.4082
12.959,24.059,0.0,745050.65,5.0,92.887,1.0,,7,1390.101,2,60,13,800,0.415
10.287,14.769,0.0,1363.48,5.0,99.503,0.8,,0,-97.273,3,60,4,724,0.4033
10.558,16.706,0.0,1418.6,5.0,99.639,0.85,,3,-97.163,3,60,7,963,0.3884
12.154,21.573,0.0,1312.55,5.0,99.761,0.9,,4,-97.375,3,60,9,913,0.391
12.443,21.673,0.0,7563.2,5.0,99.727,0.95,,5,-84.874,3,60,13,1100,0.4082
12.959,24.059,0.0,136842.35,5.0,99.105,1.0,,6,173.685,3,60,13,800,0.415
10.462,14.697,0.0,1112.26,5.0,99.669,0.8,,0,-97.775,4,60,3,478,0.4121
10.26,15.463,0.0527,1051.1,5.0,99.83,0.85,,1,-97.898,4,60,4,511,0.4012
10.539,15.231,0.0,1104.13,5.0,99.889,0.9,,1,-97.792,4,60,4,397,0.4055
12.237,23.553,0.0,1112.53,5.0,99.784,0.95,,3,-97.775,4,60,9,680,0.3941
12.959,24.059,0.0,4353.88,5.0,99.934,1.0,,5,-91.292,4,60,13,800,0.415
10.301,15.506,0.0,816.95,5.0,99.755,0.8,,0,-98.366,5,60,2,344,0.4128
10.494,15.876,0.0,888.09,5.0,99.899,0.85,,0,-98.224,5,60,3,302,0.4139
10.315,15.243,0.0,872.86,5.0,99.947,0.9,,0,-98.254,5,60,3,297,0.4175
11.09,22.774,0.0,178.81,5.0,99.976,0.95,,2,-99.642,5,60,7,564,0.4025
11.433,25.61,0.0,107.68,5.0,99.989,1.0,,3,-99.785,5,60,7,401,0.414
10.301,15.506,0.0,816.95,5.0,99.755,0.8,,0,-98.366,6,60,2,344,0.4128
10.494,15.876,0.0,888.09,5.0,99.899,0.85,,0,-98.224,6,60,3,302,0.4139
10.315,15.243,0.0,872.86,5.0,99.947,0.9,,0,-98.254,6,60,3,297,0.4175
11.09,22.774,0.0,178.81,5.0,99.976,0.95,,2,-99.642,6,60,7,564,0.4025
11.433,25.61,0.0,107.68,5.0,99.989,1.0,,3,-99.785,6,60,7,401,0.414
10.301,15.506,0.0,816.95,5.0,99.755,0.8,,0,-98.366,7,60,2,344,0.4128
10.494,15.876,0.0,888.09,5.0,99.899,0.85,,0,-98.224,7,60,3,302,0.4139
10.315,15.243,0.0,872.86,5.0,99.947,0.9,,0,-98.254,7,60,3,297,0.4175
11.09,22.774,0.0,178.81,5.0,99.976,0.95,,2,-99.642,7,60,7,564,0.4025
11.433,25.61,0.0,107.68,5.0,99.989,1.0,,3,-99.785,7,60,7,401,0.414
10.301,15.506,0.0,816.95,5.0,99.755,0.8,,0,-98.366,8,60,2,344,0.4128
10.494,15.876,0.0,888.09,5.0,99.899,0.85,,0,-98.224,8,60,3,302,0.4139
10.315,15.243,0.0,872.86,5.0,99.947,0.9,,0,-98.254,8,60,3,297,0.4175
11.09,22.774,0.0,178.81,5.0,99.976,0.95,,2,-99.642,8,60,7,564,0.4025
11.433,25.61,0.0,107.68,5.0,99.989,1.0,,3,-99.785,8,60,7,401,0.414
10.301,15.506,0.0,816.95,5.0,99.755,0.8,,0,-98.366,9,60,2,344,0.4128
10.494,15.876,0.0,888.09,5.0,99.899,0.85,,0,-98.224,9,60,3,302,0.4139
10.315,15.243,0.0,872.86,5.0,99.947,0.9,,0,-98.254,9,60,3,297,0.4175
11.09,22.774,0.0,178.81,5.0,99.976,0.95,,2,-99.642,9,60,7,564,0.4025
11.433,25.61,0.0,107.68,5.0,99.989,1.0,,3,-99.785,9,60,7,401,0.414
10.301,15.506,0.0,816.95,5.0,99.755,0.8,,0,-98.366,10,60,2,344,0.4128
10.494,15.876,0.0,888.09,5.0,99.899,0.85,,0,-98.224,10,60,3,302,0.4139
10.315,15.243,0.0,872.86,5.0,99.947,0.9,,0,-98.254,10,60,3,297,0.4175
11.09,22.774,0.0,178.81,5.0,99.976,0.95,,2,-99.642,10,60,7,564,0.4025
11.433,25.61,0.0,107.68,5.0,99.989,1.0,,3,-99.785,10,60,7,401,0.414
12.228,18.47,0.0,6961.29,5.5,93.653,0.8,,2,-86.077,1,5,13,2832,0.4004
12.338,19.071,0.0,18824.71,5.5,81.086,0.85,,5,-62.351,1,5,13,1894,0.3992
12.578,20.226,0.0,120252.09,5.5,67.481,0.9,,6,140.504,1,5,13,1453,0.4116
12.578,21.38,0.0,294567.58,5.5,71.794,0.95,,7,489.135,1,5,13,1098,0.4162
13.114,23.62,0.0,550269.35,5.5,64.812,1.0,,8,1000.539,1,5,13,799,0.4243
10.992,15.807,0.0191,2391.43,5.5,98.476,0.8,,2,-95.217,2,5,7,1429,0.4024
12.112,19.845,0.0,2439.72,5.5,98.674,0.85,,3,-95.121,2,5,9,1194,0.3861
12.578,20.226,0.0,21037.32,5.5,94.77,0.9,,6,-57.925,2,5,13,1453,0.4116
12.578,21.38,0.0,224219.15,5.5,94.765,0.95,,6,348.438,2,5,13,1098,0.4162
13.114,23.62,0.0,1007959.89,5.5,90.235,1.0,,8,1915.92,2,5,13,799,0.4243
10.486,14.66,0.0,1637.79,5.5,99.258,0.8,,0,-96.724,3,5,4,734,0.4074
10.931,16.569,0.0,1619.94,5.5,99.466,0.85,,2,-96.76,3,5,7,961,0.3954
12.519,21.473,0.0,1567.96,5.5,99.618,0.9,,4,-96.864,3,5,9,925,0.3924
12.578,21.38,0.0,25936.1,5.5,99.487,0.95,,5,-48.128,3,5,13,1098,0.4162
13.114,23.62,0.0,385852.48,5.5,98.333,1.0,,8,671.705,3,5,13,799,0.4243
10.442,14.644,0.0,1149.01,5.5,99.567,0.8,,0,-97.702,4,5,3,612,0.4134
10.361,15.823,0.0,1100.45,5.5,99.755,0.85,,2,-97.799,4,5,5,698,0.4011
12.031,21.14,0.0,1050.57,5.5,99.848,0.9,,2,-97.899,4,5,8,872,0.4014
12.64,23.326,0.0,813.28,5.5,99.881,0.95,,3,-98.373,4,5,9,693,0.3925
13.114,23.62,0.0,25352.83,5.5,99.85,1.0,,7,-49.294,4,5,13,799,0.4243
10.455,15.373,0.0,937.44,5.5,99.656,0.8,,0,-98.125,5,5,2,352,0.4091
10.46,15.235,0.0,951.61,5.5,99.846,0.85,,0,-98.097,5,5,3,400,0.4175
10.764,14.872,0.0,954.24,5.5,99.912,0.9,,1,-98.092,5,5,3,310,0.4194
12.156,23.411,0.0,540.8,5.5,99.9,0.95,,2,-98.918,5,5,8,649,0.4037
13.231,26.227,0.0,658.14,5.5,99.962,1.0,,3,-98.684,5,5,9,492,0.4024
10.494,15.506,0.0,894.39,5.5,99.662,0.8,,0,-98.211,6,5,2,344,0.4128
10.482,15.126,0.0,891.76,5.5,99.873,0.85,,0,-98.216,6,5,3,339,0.4189
10.605,15.147,0.0,838.74,5.5,99.937,0.9,,0,-98.323,6,5,3,297,0.4242
11.348,22.601,0.0,444.72,5.5,99.93,0.95,,2,-99.111,6,5,7,563,0.4085
11.762,25.325,0.0,432.91,5.5,99.948,1.0,,3,-99.134,6,5,7,400,0.4225
10.494,15.506,0.0,894.39,5.5,99.662,0.8,,0,-98.211,7,5,2,344,0.4128
10.482,15.126,0.0,891.76,5.5,99.873,0.85,,0,-98.216,7,5,3,339,0.4189
10.605,15.147,0.0,838.74,5.5,99.937,0.9,,0,-98.323,7,5,3,297,0.4242
11.348,22.601,0.0,444.72,5.5,99.93,0.95,,2,-99.111,7,5,7,563,0.4085
11.762,25.325,0.0,432.91,5.5,99.948,1.0,,3,-99.134,7,5,7,400,0.4225
10.494,15.506,0.0,894.39,5.5,99.662,0.8,,0,-98.211,8,5,2,344,0.4128
10.482,15.126,0.0,891.76,5.5,99.873,0.85,,0,-98.216,8,5,3,339,0.4189
10.605,15.147,0.0,838.74,5.5,99.937,0.9,,0,-98.323,8,5,3,297,0.4242
11.348,22.601,0.0,444.72,5.5,99.93,0.95,,2,-99.111,8,5,7,563,0.4085
11.762,25.325,0.0,432.91,5.5,99.948,1.0,,3,-99.134,8,5,7,400,0.4225
10.494,15.506,0.0,894.39,5.5,99.662,0.8,,0,-98.211,9,5,2,344,0.4128
10.482,15.126,0.0,891.76,5.5,99.873,0.85,,0,-98.216,9,5,3,339,0.4189
10.605,15.147,0.0,838.74,5.5,99.937,0.9,,0,-98.323,9,5,3,297,0.4242
11.348,22.601,0.0,444.72,5.5,99.93,0.95,,2,-99.111,9,5,7,563,0.4085
11.762,25.325,0.0,432.91,5.5,99.948,1.0,,3,-99.134,9,5,7,400,0.4225
10.494,15.506,0.0,894.39,5.5,99.662,0.8,,0,-98.211,10,5,2,344,0.4128
10.482,15.126,0.0,891.76,5.5,99.873,0.85,,0,-98.216,10,5,3,339,0.4189
10.605,15.147,0.0,838.74,5.5,99.937,0.9,,0,-98.323,10,5,3,297,0.4242
11.348,22.601,0.0,444.72,5.5,99.93,0.95,,2,-99.111,10,5,7,563,0.4085
11.762,25.325,0.0,432.91,5.5,99.948,1.0,,3,-99.134,10,5,7,400,0.4225
12.24,18.47,0.0,6905.11,5.5,93.98,0.8,,2,-86.19,1,10,13,2832,0.4004
12.356,19.071,0.0,17706.46,5.5,82.219,0.85,,4,-64.587,1,10,13,1894,0.3992
12.582,20.226,0.0,120248.41,5.5,67.516,0.9,,6,140.497,1,10,13,1453,0.4116
12.584,21.38,0.0,289392.13,5.5,71.529,0.95,,7,478.784,1,10,13,1098,0.4162
13.114,23.62,0.0,550269.35,5.5,64.812,1.0,,8,1000.539,1,10,13,799,0.4243
11.005,15.807,0.019,2385.65,5.5,98.479,0.8,,2,-95.229,2,10,7,1429,0.4024
12.127,19.845,0.0,2462.3,5.5,98.662,0.85,,3,-95.075,2,10,9,1194,0.3861
12.582,20.226,0.0,21186.16,5.5,94.767,0.9,,6,-57.628,2,10,13,1453,0.4116
12.584,21.38,0.0,224004.95,5.5,94.761,0.95,,6,348.01,2,10,13,1098,0.4162
13.114,23.62,0.0,1007959.89,5.5,90.235,1.0,,8,1915.92,2,10,13,799,0.4243
10.512,14.66,0.0,1623.09,5.5,99.265,0.8,,0,-96.754,3,10,4,733,0.4079
10.949,16.569,0.0,1619.41,5.5,99.467,0.85,,2,-96.761,3,10,7,961,0.3954
12.526,21.473,0.0,1546.44,5.5,99.623,0.9,,4,-96.907,3,10,9,925,0.3924
12.584,21.38,0.0,25953.43,5.5,99.48,0.95,,5,-48.093,3,10,13,1098,0.4162
13.114,23.62,0.0,385852.48,5.5,98.333,1.0,,8,671.705,3,10,13,799,0.4243
10.331,14.734,0.0,1214.64,5.5,99.543,0.8,,0,-97.571,4,10,3,605,0.4132
10.387,15.823,0.0,1082.34,5.5,99.759,0.85,,2,-97.835,4,10,5,698,0.4011
12.038,21.14,0.0,998.07,5.5,99.856,0.9,,3,-98.004,4,10,8,872,0.4014
12.648,23.326,0.0,644.49,5.5,99.901,0.95,,3,-98.711,4,10,9,693,0.3925
13.114,23.62,0.0,25352.83,5.5,99.85,1.0,,7,-49.294,4,10,13,799,0.4243
10.455,15.373,0.0,937.44,5.5,99.656,0.8,,0,-98.125,5,10,2,352,0.4091
10.491,15.235,0.0,952.66,5.5,99.846,0.85,,0,-98.095,5,10,3,400,0.4175
10.764,14.872,0.0,954.24,5.5,99.912,0.9,,1,-98.092,5,10,3,310,0.4194
12.166,23.411,0.0,631.1,5.5,99.884,0.95,,2,-98.738,5,10,8,649,0.4037
13.231,26.227,0.0,658.14,5.5,99.962,1.0,,3,-98.684,5,10,9,492,0.4024
10.494,15.506,0.0,894.39,5.5,99.662,0.8,,0,-98.211,6,10,2,344,0.4128
10.482,15.126,0.0,891.76,5.5,99.873,0.85,,0,-98.216,6,10,3,339,0.4189
10.605,15.147,0.0,838.74,5.5,99.937,0.9,,0,-98.323,6,10,3,297,0.4242
11.359,22.601,0.0,360.46,5.5,99.943,0.95,,2,-99.279,6,10,7,563,0.4085
11.762,25.325,0.0,432.91,5.5,99.948,1.0,,3,-99.134,6,10,7,400,0.4225
10.494,15.506,0.0,894.39,5.5,99.662,0.8,,0,-98.211,7,10,2,344,0.4128
10.482,15.126,0.0,891.76,5.5,99.873,0.85,,0,-98.216,7,10,3,339,0.4189
10.605,15.147,0.0,838.74,5.5,99.937,0.9,,0,-98.323,7,10,3,297,0.4242
11.359,22.601,0.0,360.46,5.5,99.943,0.95,,2,-99.279,7,10,7,563,0.4085
11.762,25.325,0.0,432.91,5.5,99.948,1.0,,3,-99.134,7,10,7,400,0.4225
10.494,15.506,0.0,894.39,5.5,99.662,0.8,,0,-98.211,8,10,2,344,0.4128
10.482,15.126,0.0,891.76,5.5,99.873,0.85,,0,-98.216,8,10,3,339,0.4189
10.605,15.147,0.0,838.74,5.5,99.937,0.9,,0,-98.323,8,10,3,297,0.4242
11.359,22.601,0.0,360.46,5.5,99.943,0.95,,2,-99.279,8,10,7,563,0.4085
11.762,25.325,0.0,432.91,5.5,99.948,1.0,,3,-99.134,8,10,7,400,0.4225
10.494,15.506,0.0,894.39,5.5,99.662,0.8,,0,-98.211,9,10,2,344,0.4128
10.482,15.126,0.0,891.76,5.5,99.873,0.85,,0,-98.216,9,10,3,339,0.4189
10.605,15.147,0.0,838.74,5.5,99.937,0.9,,0,-98.323,9,10,3,297,0.4242
11.359,22.601,0.0,360.46,5.5,99.943,0.95,,2,-99.279,9,10,7,563,0.4085
11.762,25.325,0.0,432.91,5.5,99.948,1.0,,3,-99.134,9,10,7,400,0.4225
10.494,15.506,0.0,894.39,5.5,99.662,0.8,,0,-98.211,10,10,2,344,0.4128
10.482,15.126,0.0,891.76,5.5,99.873,0.85,,0,-98.216,10,10,3,339,0.4189
10.605,15.147,0.0,838.74,5.5,99.937,0.9,,0,-98.323,10,10,3,297,0.4242
11.359,22.601,0.0,360.46,5.5,99.943,0.95,,2,-99.279,10,10,7,563,0.4085
11.762,25.325,0.0,432.91,5.5,99.948,1.0,,3,-99.134,10,10,7,400,0.4225
12.343,18.548,0.0,6343.1,5.5,93.98,0.8,,2,-87.314,1,15,13,2832,0.4011
12.499,19.15,0.0,16841.0,5.5,83.095,0.85,,4,-66.318,1,15,13,1894,0.3997
12.774,20.324,0.0,102441.99,5.5,67.516,0.9,,6,104.884,1,15,13,1453,0.4123
12.738,21.506,0.0,280127.98,5.5,71.529,0.95,,7,460.256,1,15,13,1098,0.4171
13.331,23.783,0.0,534326.94,5.5,64.812,1.0,,8,968.654,1,15,13,799,0.4255
11.005,15.807,0.019,2385.65,5.5,98.479,0.8,,2,-95.229,2,15,7,1429,0.4024
12.127,19.845,0.0,2462.3,5.5,98.662,0.85,,3,-95.075,2,15,9,1194,0.3861
12.774,20.324,0.0,15101.41,5.5,94.767,0.9,,5,-69.797,2,15,13,1453,0.4123
12.738,21.506,0.0,203090.0,5.5,94.761,0.95,,6,306.18,2,15,13,1098,0.4171
13.331,23.783,0.0,916353.16,5.5,90.235,1.0,,8,1732.706,2,15,13,799,0.4255
10.512,14.66,0.0,1623.09,5.5,99.265,0.8,,0,-96.754,3,15,4,733,0.4079
10.949,16.569,0.0,1619.41,5.5,99.467,0.85,,2,-96.761,3,15,7,961,0.3954
12.526,21.473,0.0,1546.44,5.5,99.623,0.9,,4,-96.907,3,15,9,925,0.3924
12.738,21.506,0.0,21300.88,5.5,99.48,0.95,,5,-57.398,3,15,13,1098,0.4171
13.331,23.783,0.0,316128.28,5.5,98.333,1.0,,8,532.257,3,15,13,799,0.4255
10.331,14.734,0.0,1214.64,5.5,99.543,0.8,,0,-97.571,4,15,3,605,0.4132
10.387,15.823,0.0,1082.34,5.5,99.759,0.85,,2,-97.835,4,15,5,698,0.4011
12.038,21.14,0.0,998.07,5.5,99.856,0.9,,3,-98.004,4,15,8,872,0.4014
12.648,23.326,0.0,644.49,5.5,99.901,0.95,,3,-98.711,4,15,9,693,0.3925
13.331,23.783,0.0,18296.04,5.5,99.85,1.0,,7,-63.408,4,15,13,799,0.4255
10.455,15.373,0.0,937.44,5.5,99.656,0.8,,0,-98.125,5,15,2,352,0.4091
10.491,15.235,0.0,952.66,5.5,99.846,0.85,,0,-98.095,5,15,3,400,0.4175
10.764,14.872,0.0,954.24,5.5,99.912,0.9,,1,-98.092,5,15,3,310,0.4194
12.166,23.411,0.0,631.1,5.5,99.884,0.95,,2,-98.738,5,15,8,649,0.4037
13.231,26.227,0.0,658.14,5.5,99.962,1.0,,3,-98.684,5,15,9,492,0.4024
10.494,15.506,0.0,894.39,5.5,99.662,0.8,,0,-98.211,6,15,2,344,0.4128
10.482,15.126,0.0,891.76,5.5,99.873,0.85,,0,-98.216,6,15,3,339,0.4189
10.605,15.147,0.0,838.74,5.5,99.937,0.9,,0,-98.323,6,15,3,297,0.4242
11.359,22.601,0.0,360.46,5.5,99.943,0.95,,2,-99.279,6,15,7,563,0.4085
11.762,25.325,0.0,432.91,5.5,99.948,1.0,,3,-99.134,6,15,7,400,0.4225
10.494,15.506,0.0,894.39,5.5,99.662,0.8,,0,-98.211,7,15,2,344,0.4128
10.482,15.126,0.0,891.76,5.5,99.873,0.85,,0,-98.216,7,15,3,339,0.4189
10.605,15.147,0.0,838.74,5.5,99.937,0.9,,0,-98.323,7,15,3,297,0.4242
11.359,22.601,0.0,360.46,5.5,99.943,0.95,,2,-99.279,7,15,7,563,0.4085
11.762,25.325,0.0,432.91,5.5,99.948,1.0,,3,-99.134,7,15,7,400,0.4225
10.494,15.506,0.0,894.39,5.5,99.662,0.8,,0,-98.211,8,15,2,344,0.4128
10.482,15.126,0.0,891.76,5.5,99.873,0.85,,0,-98.216,8,15,3,339,0.4189
10.605,15.147,0.0,838.74,5.5,99.937,0.9,,0,-98.323,8,15,3,297,0.4242
11.359,22.601,0.0,360.46,5.5,99.943,0.95,,2,-99.279,8,15,7,563,0.4085
11.762,25.325,0.0,432.91,5.5,99.948,1.0,,3,-99.134,8,15,7,400,0.4225
10.494,15.506,0.0,894.39,5.5,99.662,0.8,,0,-98.211,9,15,2,344,0.4128
10.482,15.126,0.0,891.76,5.5,99.873,0.85,,0,-98.216,9,15,3,339,0.4189
10.605,15.147,0.0,838.74,5.5,99.937,0.9,,0,-98.323,9,15,3,297,0.4242
11.359,22.601,0.0,360.46,5.5,99.943,0.95,,2,-99.279,9,15,7,563,0.4085
11.762,25.325,0.0,432.91,5.5,99.948,1.0,,3,-99.134,9,15,7,400,0.4225
10.494,15.506,0.0,894.39,5.5,99.662,0.8,,0,-98.211,10,15,2,344,0.4128
10.482,15.126,0.0,891.76,5.5,99.873,0.85,,0,-98.216,10,15,3,339,0.4189
10.605,15.147,0.0,838.74,5.5,99.937,0.9,,0,-98.323,10,15,3,297,0.4242
11.359,22.601,0.0,360.46,5.5,99.943,0.95,,2,-99.279,10,15,7,563,0.4085
11.762,25.325,0.0,432.91,5.5,99.948,1.0,,3,-99.134,10,15,7,400,0.4225
12.343,18.548,0.0,6343.1,5.5,93.98,0.8,,2,-87.314,1,20,13,2832,0.4011
12.499,19.15,0.0,16841.0,5.5,83.095,0.85,,4,-66.318,1,20,13,1894,0.3997
12.774,20.324,0.0,102441.99,5.5,67.516,0.9,,6,104.884,1,20,13,1453,0.4123
12.738,21.506,0.0,280127.98,5.5,71.529,0.95,,7,460.256,1,20,13,1098,0.4171
13.331,23.783,0.0,534326.94,5.5,64.812,1.0,,8,968.654,1,20,13,799,0.4255
11.005,15.807,0.019,2385.65,5.5,98.479,0.8,,2,-95.229,2,20,7,1429,0.4024
12.127,19.845,0.0,2462.3,5.5,98.662,0.85,,3,-95.075,2,20,9,1194,0.3861
12.774,20.324,0.0,15101.41,5.5,94.767,0.9,,5,-69.797,2,20,13,1453,0.4123
12.738,21.506,0.0,203090.0,5.5,94.761,0.95,,6,306.18,2,20,13,1098,0.4171
13.331,23.783,0.0,916353.16,5.5,90.235,1.0,,8,1732.706,2,20,13,799,0.4255
10.512,14.66,0.0,1623.09,5.5,99.265,0.8,,0,-96.754,3,20,4,733,0.4079
10.949,16.569,0.0,1619.41,5.5,99.467,0.85,,2,-96.761,3,20,7,961,0.3954
12.526,21.473,0.0,1546.44,5.5,99.623,0.9,,4,-96.907,3,20,9,925,0.3924
12.738,21.506,0.0,21300.88,5.5,99.48,0.95,,5,-57.398,3,20,13,1098,0.4171
13.331,23.783,0.0,316128.28,5.5,98.333,1.0,,8,532.257,3,20,13,799,0.4255
10.331,14.734,0.0,1214.64,5.5,99.543,0.8,,0,-97.571,4,20,3,605,0.4132
10.387,15.823,0.0,1082.34,5.5,99.759,0.85,,2,-97.835,4,20,5,698,0.4011
12.038,21.14,0.0,998.07,5.5,99.856,0.9,,3,-98.004,4,20,8,872,0.4014
12.648,23.326,0.0,644.49,5.5,99.901,0.95,,3,-98.711,4,20,9,693,0.3925
13.331,23.783,0.0,18296.04,5.5,99.85,1.0,,7,-63.408,4,20,13,799,0.4255
10.455,15.373,0.0,937.44,5.5,99.656,0.8,,0,-98.125,5,20,2,352,0.4091
10.491,15.235,0.0,952.66,5.5,99.846,0.85,,0,-98.095,5,20,3,400,0.4175
10.764,14.872,0.0,954.24,5.5,99.912,0.9,,1,-98.092,5,20,3,310,0.4194
12.166,23.411,0.0,631.1,5.5,99.884,0.95,,2,-98.738,5,20,8,649,0.4037
13.231,26.227,0.0,658.14,5.5,99.962,1.0,,3,-98.684,5,20,9,492,0.4024
10.494,15.506,0.0,894.39,5.5,99.662,0.8,,0,-98.211,6,20,2,344,0.4128
10.482,15.126,0.0,891.76,5.5,99.873,0.85,,0,-98.216,6,20,3,339,0.4189
10.605,15.147,0.0,838.74,5.5,99.937,0.9,,0,-98.323,6,20,3,297,0.4242
11.359,22.601,0.0,360.46,5.5,99.943,0.95,,2,-99.279,6,20,7,563,0.4085
11.762,25.325,0.0,432.91,5.5,99.948,1.0,,3,-99.134,6,20,7,400,0.4225
10.494,15.506,0.0,894.39,5.5,99.662,0.8,,0,-98.211,7,20,2,344,0.4128
10.482,15.126,0.0,891.76,5.5,99.873,0.85,,0,-98.216,7,20,3,339,0.4189
10.605,15.147,0.0,838.74,5.5,99.937,0.9,,0,-98.323,7,20,3,297,0.4242
11.359,22.601,0.0,360.46,5.5,99.943,0.95,,2,-99.279,7,20,7,563,0.4085
11.762,25.325,0.0,432.91,5.5,99.948,1.0,,3,-99.134,7,20,7,400,0.4225
10.494,15.506,0.0,894.39,5.5,99.662,0.8,,0,-98.211,8,20,2,344,0.4128
10.482,15.126,0.0,891.76,5.5,99.873,0.85,,0,-98.216,8,20,3,339,0.4189
10.605,15.147,0.0,838.74,5.5,99.937,0.9,,0,-98.323,8,20,3,297,0.4242
11.359,22.601,0.0,360.46,5.5,99.943,0.95,,2,-99.279,8,20,7,563,0.4085
11.762,25.325,0.0,432.91,5.5,99.948,1.0,,3,-99.134,8,20,7,400,0.4225
10.494,15.506,0.0,894.39,5.5,99.662,0.8,,0,-98.211,9,20,2,344,0.4128
10.482,15.126,0.0,891.76,5.5,99.873,0.85,,0,-98.216,9,20,3,339,0.4189
10.605,15.147,0.0,838.74,5.5,99.937,0.9,,0,-98.323,9,20,3,297,0.4242
11.359,22.601,0.0,360.46,5.5,99.943,0.95,,2,-99.279,9,20,7,563,0.4085
11.762,25.325,0.0,432.91,5.5,99.948,1.0,,3,-99.134,9,20,7,400,0.4225
10.494,15.506,0.0,894.39,5.5,99.662,0.8,,0,-98.211,10,20,2,344,0.4128
10.482,15.126,0.0,891.76,5.5,99.873,0.85,,0,-98.216,10,20,3,339,0.4189
10.605,15.147,0.0,838.74,5.5,99.937,0.9,,0,-98.323,10,20,3,297,0.4242
11.359,22.601,0.0,360.46,5.5,99.943,0.95,,2,-99.279,10,20,7,563,0.4085
11.762,25.325,0.0,432.91,5.5,99.948,1.0,,3,-99.134,10,20,7,400,0.4225
12.343,18.548,0.0,6343.1,5.5,93.98,0.8,,2,-87.314,1,25,13,2832,0.4011
12.499,19.15,0.0,16841.0,5.5,83.095,0.85,,4,-66.318,1,25,13,1894,0.3997
12.774,20.324,0.0,102441.99,5.5,67.516,0.9,,6,104.884,1,25,13,1453,0.4123
12.738,21.506,0.0,280127.98,5.5,71.529,0.95,,7,460.256,1,25,13,1098,0.4171
13.331,23.783,0.0,534326.94,5.5,64.812,1.0,,8,968.654,1,25,13,799,0.4255
11.005,15.807,0.019,2385.65,5.5,98.479,0.8,,2,-95.229,2,25,7,1429,0.4024
12.127,19.845,0.0,2462.3,5.5,98.662,0.85,,3,-95.075,2,25,9,1194,0.3861
12.774,20.324,0.0,15101.41,5.5,94.767,0.9,,5,-69.797,2,25,13,1453,0.4123
12.738,21.506,0.0,203090.0,5.5,94.761,0.95,,6,306.18,2,25,13,1098,0.4171
13.331,23.783,0.0,916353.16,5.5,90.235,1.0,,8,1732.706,2,25,13,799,0.4255
10.512,14.66,0.0,1623.09,5.5,99.265,0.8,,0,-96.754,3,25,4,733,0.4079
10.949,16.569,0.0,1619.41,5.5,99.467,0.85,,2,-96.761,3,25,7,961,0.3954
12.526,21.473,0.0,1546.44,5.5,99.623,0.9,,4,-96.907,3,25,9,925,0.3924
12.738,21.506,0.0,21300.88,5.5,99.48,0.95,,5,-57.398,3,25,13,1098,0.4171
13.331,23.783,0.0,316128.28,5.5,98.333,1.0,,8,532.257,3,25,13,799,0.4255
10.331,14.734,0.0,1214.64,5.5,99.543,0.8,,0,-97.571,4,25,3,605,0.4132
10.387,15.823,0.0,1082.34,5.5,99.759,0.85,,2,-97.835,4,25,5,698,0.4011
12.038,21.14,0.0,998.07,5.5,99.856,0.9,,3,-98.004,4,25,8,872,0.4014
12.648,23.326,0.0,644.49,5.5,99.901,0.95,,3,-98.711,4,25,9,693,0.3925
13.331,23.783,0.0,18296.04,5.5,99.85,1.0,,7,-63.408,4,25,13,799,0.4255
10.455,15.373,0.0,937.44,5.5,99.656,0.8,,0,-98.125,5,25,2,352,0.4091
10.491,15.235,0.0,952.66,5.5,99.846,0.85,,0,-98.095,5,25,3,400,0.4175
10.764,14.872,0.0,954.24,5.5,99.912,0.9,,1,-98.092,5,25,3,310,0.4194
12.166,23.411,0.0,631.1,5.5,99.884,0.95,,2,-98.738,5,25,8,649,0.4037
13.231,26.227,0.0,658.14,5.5,99.962,1.0,,3,-98.684,5,25,9,492,0.4024
10.494,15.506,0.0,894.39,5.5,99.662,0.8,,0,-98.211,6,25,2,344,0.4128
10.482,15.126,0.0,891.76,5.5,99.873,0.85,,0,-98.216,6,25,3,339,0.4189
10.605,15.147,0.0,838.74,5.5,99.937,0.9,,0,-98.323,6,25,3,297,0.4242
11.359,22.601,0.0,360.46,5.5,99.943,0.95,,2,-99.279,6,25,7,563,0.4085
11.762,25.325,0.0,432.91,5.5,99.948,1.0,,3,-99.134,6,25,7,400,0.4225
10.494,15.506,0.0,894.39,5.5,99.662,0.8,,0,-98.211,7,25,2,344,0.4128
10.482,15.126,0.0,891.76,5.5,99.873,0.85,,0,-98.216,7,25,3,339,0.4189
10.605,15.147,0.0,838.74,5.5,99.937,0.9,,0,-98.323,7,25,3,297,0.4242
11.359,22.601,0.0,360.46,5.5,99.943,0.95,,2,-99.279,7,25,7,563,0.4085
11.762,25.325,0.0,432.91,5.5,99.948,1.0,,3,-99.134,7,25,7,400,0.4225
10.494,15.506,0.0,894.39,5.5,99.662,0.8,,0,-98.211,8,25,2,344,0.4128
10.482,15.126,0.0,891.76,5.5,99.873,0.85,,0,-98.216,8,25,3,339,0.4189
10.605,15.147,0.0,838.74,5.5,99.937,0.9,,0,-98.323,8,25,3,297,0.4242
11.359,22.601,0.0,360.46,5.5,99.943,0.95,,2,-99.279,8,25,7,563,0.4085
11.762,25.325,0.0,432.91,5.5,99.948,1.0,,3,-99.134,8,25,7,400,0.4225
10.494,15.506,0.0,894.39,5.5,99.662,0.8,,0,-98.211,9,25,2,344,0.4128
10.482,15.126,0.0,891.76,5.5,99.873,0.85,,0,-98.216,9,25,3,339,0.4189
10.605,15.147,0.0,838.74,5.5,99.937,0.9,,0,-98.323,9,25,3,297,0.4242
11.359,22.601,0.0,360.46,5.5,99.943,0.95,,2,-99.279,9,25,7,563,0.4085
11.762,25.325,0.0,432.91,5.5,99.948,1.0,,3,-99.134,9,25,7,400,0.4225
10.494,15.506,0.0,894.39,5.5,99.662,0.8,,0,-98.211,10,25,2,344,0.4128
10.482,15.126,0.0,891.76,5.5,99.873,0.85,,0,-98.216,10,25,3,339,0.4189
10.605,15.147,0.0,838.74,5.5,99.937,0.9,,0,-98.323,10,25,3,297,0.4242
11.359,22.601,0.0,360.46,5.5,99.943,0.95,,2,-99.279,10,25,7,563,0.4085
11.762,25.325,0.0,432.91,5.5,99.948,1.0,,3,-99.134,10,25,7,400,0.4225
12.343,18.548,0.0,6343.1,5.5,93.98,0.8,,2,-87.314,1,30,13,2832,0.4011
12.499,19.15,0.0,16841.0,5.5,83.095,0.85,,4,-66.318,1,30,13,1894,0.3997
12.774,20.324,0.0,102441.99,5.5,67.516,0.9,,6,104.884,1,30,13,1453,0.4123
12.738,21.506,0.0,280127.98,5.5,71.529,0.95,,7,460.256,1,30,13,1098,0.4171
13.331,23.783,0.0,534326.94,5.5,64.812,1.0,,8,968.654,1,30,13,799,0.4255
11.005,15.807,0.019,2385.65,5.5,98.479,0.8,,2,-95.229,2,30,7,1429,0.4024
12.127,19.845,0.0,2462.3,5.5,98.662,0.85,,3,-95.075,2,30,9,1194,0.3861
12.774,20.324,0.0,15101.41,5.5,94.767,0.9,,5,-69.797,2,30,13,1453,0.4123
12.738,21.506,0.0,203090.0,5.5,94.761,0.95,,6,306.18,2,30,13,1098,0.4171
13.331,23.783,0.0,916353.16,5.5,90.235,1.0,,8,1732.706,2,30,13,799,0.4255
10.512,14.66,0.0,1623.09,5.5,99.265,0.8,,0,-96.754,3,30,4,733,0.4079
10.949,16.569,0.0,1619.41,5.5,99.467,0.85,,2,-96.761,3,30,7,961,0.3954
12.526,21.473,0.0,1546.44,5.5,99.623,0.9,,4,-96.907,3,30,9,925,0.3924
12.738,21.506,0.0,21300.88,5.5,99.48,0.95,,5,-57.398,3,30,13,1098,0.4171
13.331,23.783,0.0,316128.28,5.5,98.333,1.0,,8,532.257,3,30,13,799,0.4255
10.331,14.734,0.0,1214.64,5.5,99.543,0.8,,0,-97.571,4,30,3,605,0.4132
10.387,15.823,0.0,1082.34,5.5,99.759,0.85,,2,-97.835,4,30,5,698,0.4011
12.038,21.14,0.0,998.07,5.5,99.856,0.9,,3,-98.004,4,30,8,872,0.4014
12.648,23.326,0.0,644.49,5.5,99.901,0.95,,3,-98.711,4,30,9,693,0.3925
13.331,23.783,0.0,18296.04,5.5,99.85,1.0,,7,-63.408,4,30,13,799,0.4255
10.455,15.373,0.0,937.44,5.5,99.656,0.8,,0,-98.125,5,30,2,352,0.4091
10.491,15.235,0.0,952.66,5.5,99.846,0.85,,0,-98.095,5,30,3,400,0.4175
10.764,14.872,0.0,954.24,5.5,99.912,0.9,,1,-98.092,5,30,3,310,0.4194
12.166,23.411,0.0,631.1,5.5,99.884,0.95,,2,-98.738,5,30,8,649,0.4037
13.231,26.227,0.0,658.14,5.5,99.962,1.0,,3,-98.684,5,30,9,492,0.4024
10.494,15.506,0.0,894.39,5.5,99.662,0.8,,0,-98.211,6,30,2,344,0.4128
10.482,15.126,0.0,891.76,5.5,99.873,0.85,,0,-98.216,6,30,3,339,0.4189
10.605,15.147,0.0,838.74,5.5,99.937,0.9,,0,-98.323,6,30,3,297,0.4242
11.359,22.601,0.0,360.46,5.5,99.943,0.95,,2,-99.279,6,30,7,563,0.4085
11.762,25.325,0.0,432.91,5.5,99.948,1.0,,3,-99.134,6,30,7,400,0.4225
10.494,15.506,0.0,894.39,5.5,99.662,0.8,,0,-98.211,7,30,2,344,0.4128
10.482,15.126,0.0,891.76,5.5,99.873,0.85,,0,-98.216,7,30,3,339,0.4189
10.605,15.147,0.0,838.74,5.5,99.937,0.9,,0,-98.323,7,30,3,297,0.4242
11.359,22.601,0.0,360.46,5.5,99.943,0.95,,2,-99.279,7,30,7,563,0.4085
11.762,25.325,0.0,432.91,5.5,99.948,1.0,,3,-99.134,7,30,7,400,0.4225
10.494,15.506,0.0,894.39,5.5,99.662,0.8,,0,-98.211,8,30,2,344,0.4128
10.482,15.126,0.0,891.76,5.5,99.873,0.85,,0,-98.216,8,30,3,339,0.4189
10.605,15.147,0.0,838.74,5.5,99.937,0.9,,0,-98.323,8,30,3,297,0.4242
11.359,22.601,0.0,360.46,5.5,99.943,0.95,,2,-99.279,8,30,7,563,0.4085
11.762,25.325,0.0,432.91,5.5,99.948,1.0,,3,-99.134,8,30,7,400,0.4225
10.494,15.506,0.0,894.39,5.5,99.662,0.8,,0,-98.211,9,30,2,344,0.4128
10.482,15.126,0.0,891.76,5.5,99.873,0.85,,0,-98.216,9,30,3,339,0.4189
10.605,15.147,0.0,838.74,5.5,99.937,0.9,,0,-98.323,9,30,3,297,0.4242
11.359,22.601,0.0,360.46,5.5,99.943,0.95,,2,-99.279,9,30,7,563,0.4085
11.762,25.325,0.0,432.91,5.5,99.948,1.0,,3,-99.134,9,30,7,400,0.4225
10.494,15.506,0.0,894.39,5.5,99.662,0.8,,0,-98.211,10,30,2,344,0.4128
10.482,15.126,0.0,891.76,5.5,99.873,0.85,,0,-98.216,10,30,3,339,0.4189
10.605,15.147,0.0,838.74,5.5,99.937,0.9,,0,-98.323,10,30,3,297,0.4242
11.359,22.601,0.0,360.46,5.5,99.943,0.95,,2,-99.279,10,30,7,563,0.4085
11.762,25.325,0.0,432.91,5.5,99.948,1.0,,3,-99.134,10,30,7,400,0.4225
12.343,18.548,0.0,6343.1,5.5,93.98,0.8,,2,-87.314,1,35,13,2832,0.4011
12.499,19.15,0.0,16841.0,5.5,83.095,0.85,,4,-66.318,1,35,13,1894,0.3997
12.774,20.324,0.0,102441.99,5.5,67.516,0.9,,6,104.884,1,35,13,1453,0.4123
12.738,21.506,0.0,280127.98,5.5,71.529,0.95,,7,460.256,1,35,13,1098,0.4171
13.331,23.783,0.0,534326.94,5.5,64.812,1.0,,8,968.654,1,35,13,799,0.4255
11.005,15.807,0.019,2385.65,5.5,98.479,0.8,,2,-95.229,2,35,7,1429,0.4024
12.127,19.845,0.0,2462.3,5.5,98.662,0.85,,3,-95.075,2,35,9,1194,0.3861
12.774,20.324,0.0,15101.41,5.5,94.767,0.9,,5,-69.797,2,35,13,1453,0.4123
12.738,21.506,0.0,203090.0,5.5,94.761,0.95,,6,306.18,2,35,13,1098,0.4171
13.331,23.783,0.0,916353.16,5.5,90.235,1.0,,8,1732.706,2,35,13,799,0.4255
10.512,14.66,0.0,1623.09,5.5,99.265,0.8,,0,-96.754,3,35,4,733,0.4079
10.949,16.569,0.0,1619.41,5.5,99.467,0.85,,2,-96.761,3,35,7,961,0.3954
12.526,21.473,0.0,1546.44,5.5,99.623,0.9,,4,-96.907,3,35,9,925,0.3924
12.738,21.506,0.0,21300.88,5.5,99.48,0.95,,5,-57.398,3,35,13,1098,0.4171
13.331,23.783,0.0,316128.28,5.5,98.333,1.0,,8,532.257,3,35,13,799,0.4255
10.331,14.734,0.0,1214.64,5.5,99.543,0.8,,0,-97.571,4,35,3,605,0.4132
10.387,15.823,0.0,1082.34,5.5,99.759,0.85,,2,-97.835,4,35,5,698,0.4011
12.038,21.14,0.0,998.07,5.5,99.856,0.9,,3,-98.004,4,35,8,872,0.4014
12.648,23.326,0.0,644.49,5.5,99.901,0.95,,3,-98.711,4,35,9,693,0.3925
13.331,23.783,0.0,18296.04,5.5,99.85,1.0,,7,-63.408,4,35,13,799,0.4255
10.455,15.373,0.0,937.44,5.5,99.656,0.8,,0,-98.125,5,35,2,352,0.4091
10.491,15.235,0.0,952.66,5.5,99.846,0.85,,0,-98.095,5,35,3,400,0.4175
10.764,14.872,0.0,954.24,5.5,99.912,0.9,,1,-98.092,5,35,3,310,0.4194
12.166,23.411,0.0,631.1,5.5,99.884,0.95,,2,-98.738,5,35,8,649,0.4037
13.231,26.227,0.0,658.14,5.5,99.962,1.0,,3,-98.684,5,35,9,492,0.4024
10.494,15.506,0.0,894.39,5.5,99.662,0.8,,0,-98.211,6,35,2,344,0.4128
10.482,15.126,0.0,891.76,5.5,99.873,0.85,,0,-98.216,6,35,3,339,0.4189
10.605,15.147,0.0,838.74,5.5,99.937,0.9,,0,-98.323,6,35,3,297,0.4242
11.359,22.601,0.0,360.46,5.5,99.943,0.95,,2,-99.279,6,35,7,563,0.4085
11.762,25.325,0.0,432.91,5.5,99.948,1.0,,3,-99.134,6,35,7,400,0.4225
10.494,15.506,0.0,894.39,5.5,99.662,0.8,,0,-98.211,7,35,2,344,0.4128
10.482,15.126,0.0,891.76,5.5,99.873,0.85,,0,-98.216,7,35,3,339,0.4189
10.605,15.147,0.0,838.74,5.5,99.937,0.9,,0,-98.323,7,35,3,297,0.4242
11.359,22.601,0.0,360.46,5.5,99.943,0.95,,2,-99.279,7,35,7,563,0.4085
11.762,25.325,0.0,432.91,5.5,99.948,1.0,,3,-99.134,7,35,7,400,0.4225
10.494,15.506,0.0,894.39,5.5,99.662,0.8,,0,-98.211,8,35,2,344,0.4128
10.482,15.126,0.0,891.76,5.5,99.873,0.85,,0,-98.216,8,35,3,339,0.4189
10.605,15.147,0.0,838.74,5.5,99.937,0.9,,0,-98.323,8,35,3,297,0.4242
11.359,22.601,0.0,360.46,5.5,99.943,0.95,,2,-99.279,8,35,7,563,0.4085
11.762,25.325,0.0,432.91,5.5,99.948,1.0,,3,-99.134,8,35,7,400,0.4225
10.494,15.506,0.0,894.39,5.5,99.662,0.8,,0,-98.211,9,35,2,344,0.4128
10.482,15.126,0.0,891.76,5.5,99.873,0.85,,0,-98.216,9,35,3,339,0.4189
10.605,15.147,0.0,838.74,5.5,99.937,0.9,,0,-98.323,9,35,3,297,0.4242
11.359,22.601,0.0,360.46,5.5,99.943,0.95,,2,-99.279,9,35,7,563,0.4085
11.762,25.325,0.0,432.91,5.5,99.948,1.0,,3,-99.134,9,35,7,400,0.4225
10.494,15.506,0.0,894.39,5.5,99.662,0.8,,0,-98.211,10,35,2,344,0.4128
10.482,15.126,0.0,891.76,5.5,99.873,0.85,,0,-98.216,10,35,3,339,0.4189
10.605,15.147,0.0,838.74,5.5,99.937,0.9,,0,-98.323,10,35,3,297,0.4242
11.359,22.601,0.0,360.46,5.5,99.943,0.95,,2,-99.279,10,35,7,563,0.4085
11.762,25.325,0.0,432.91,5.5,99.948,1.0,,3,-99.134,10,35,7,400,0.4225
12.343,18.548,0.0,6343.1,5.5,93.98,0.8,,2,-87.314,1,40,13,2832,0.4011
12.499,19.15,0.0,16841.0,5.5,83.095,0.85,,4,-66.318,1,40,13,1894,0.3997
12.774,20.324,0.0,102441.99,5.5,67.516,0.9,,6,104.884,1,40,13,1453,0.4123
12.738,21.506,0.0,280127.98,5.5,71.529,0.95,,7,460.256,1,40,13,1098,0.4171
13.331,23.783,0.0,534326.94,5.5,64.812,1.0,,8,968.654,1,40,13,799,0.4255
11.005,15.807,0.019,2385.65,5.5,98.479,0.8,,2,-95.229,2,40,7,1429,0.4024
12.127,19.845,0.0,2462.3,5.5,98.662,0.85,,3,-95.075,2,40,9,1194,0.3861
12.774,20.324,0.0,15101.41,5.5,94.767,0.9,,5,-69.797,2,40,13,1453,0.4123
12.738,21.506,0.0,203090.0,5.5,94.761,0.95,,6,306.18,2,40,13,1098,0.4171
13.331,23.783,0.0,916353.16,5.5,90.235,1.0,,8,1732.706,2,40,13,799,0.4255
10.512,14.66,0.0,1623.09,5.5,99.265,0.8,,0,-96.754,3,40,4,733,0.4079
10.949,16.569,0.0,1619.41,5.5,99.467,0.85,,2,-96.761,3,40,7,961,0.3954
12.526,21.473,0.0,1546.44,5.5,99.623,0.9,,4,-96.907,3,40,9,925,0.3924
12.738,21.506,0.0,21300.88,5.5,99.48,0.95,,5,-57.398,3,40,13,1098,0.4171
13.331,23.783,0.0,316128.28,5.5,98.333,1.0,,8,532.257,3,40,13,799,0.4255
10.331,14.734,0.0,1214.64,5.5,99.543,0.8,,0,-97.571,4,40,3,605,0.4132
10.387,15.823,0.0,1082.34,5.5,99.759,0.85,,2,-97.835,4,40,5,698,0.4011
12.038,21.14,0.0,998.07,5.5,99.856,0.9,,3,-98.004,4,40,8,872,0.4014
12.648,23.326,0.0,644.49,5.5,99.901,0.95,,3,-98.711,4,40,9,693,0.3925
13.331,23.783,0.0,18296.04,5.5,99.85,1.0,,7,-63.408,4,40,13,799,0.4255
10.455,15.373,0.0,937.44,5.5,99.656,0.8,,0,-98.125,5,40,2,352,0.4091
10.491,15.235,0.0,952.66,5.5,99.846,0.85,,0,-98.095,5,40,3,400,0.4175
10.764,14.872,0.0,954.24,5.5,99.912,0.9,,1,-98.092,5,40,3,310,0.4194
12.166,23.411,0.0,631.1,5.5,99.884,0.95,,2,-98.738,5,40,8,649,0.4037
13.231,26.227,0.0,658.14,5.5,99.962,1.0,,3,-98.684,5,40,9,492,0.4024
10.494,15.506,0.0,894.39,5.5,99.662,0.8,,0,-98.211,6,40,2,344,0.4128
10.482,15.126,0.0,891.76,5.5,99.873,0.85,,0,-98.216,6,40,3,339,0.4189
10.605,15.147,0.0,838.74,5.5,99.937,0.9,,0,-98.323,6,40,3,297,0.4242
11.359,22.601,0.0,360.46,5.5,99.943,0.95,,2,-99.279,6,40,7,563,0.4085
11.762,25.325,0.0,432.91,5.5,99.948,1.0,,3,-99.134,6,40,7,400,0.4225
10.494,15.506,0.0,894.39,5.5,99.662,0.8,,0,-98.211,7,40,2,344,0.4128
10.482,15.126,0.0,891.76,5.5,99.873,0.85,,0,-98.216,7,40,3,339,0.4189
10.605,15.147,0.0,838.74,5.5,99.937,0.9,,0,-98.323,7,40,3,297,0.4242
11.359,22.601,0.0,360.46,5.5,99.943,0.95,,2,-99.279,7,40,7,563,0.4085
11.762,25.325,0.0,432.91,5.5,99.948,1.0,,3,-99.134,7,40,7,400,0.4225
10.494,15.506,0.0,894.39,5.5,99.662,0.8,,0,-98.211,8,40,2,344,0.4128
10.482,15.126,0.0,891.76,5.5,99.873,0.85,,0,-98.216,8,40,3,339,0.4189
10.605,15.147,0.0,838.74,5.5,99.937,0.9,,0,-98.323,8,40,3,297,0.4242
11.359,22.601,0.0,360.46,5.5,99.943,0.95,,2,-99.279,8,40,7,563,0.4085
11.762,25.325,0.0,432.91,5.5,99.948,1.0,,3,-99.134,8,40,7,400,0.4225
10.494,15.506,0.0,894.39,5.5,99.662,0.8,,0,-98.211,9,40,2,344,0.4128
10.482,15.126,0.0,891.76,5.5,99.873,0.85,,0,-98.216,9,40,3,339,0.4189
10.605,15.147,0.0,838.74,5.5,99.937,0.9,,0,-98.323,9,40,3,297,0.4242
11.359,22.601,0.0,360.46,5.5,99.943,0.95,,2,-99.279,9,40,7,563,0.4085
11.762,25.325,0.0,432.91,5.5,99.948,1.0,,3,-99.134,9,40,7,400,0.4225
10.494,15.506,0.0,894.39,5.5,99.662,0.8,,0,-98.211,10,40,2,344,0.4128
10.482,15.126,0.0,891.76,5.5,99.873,0.85,,0,-98.216,10,40,3,339,0.4189
10.605,15.147,0.0,838.74,5.5,99.937,0.9,,0,-98.323,10,40,3,297,0.4242
11.359,22.601,0.0,360.46,5.5,99.943,0.95,,2,-99.279,10,40,7,563,0.4085
11.762,25.325,0.0,432.91,5.5,99.948,1.0,,3,-99.134,10,40,7,400,0.4225
12.343,18.548,0.0,6343.1,5.5,93.98,0.8,,2,-87.314,1,45,13,2832,0.4011
12.499,19.15,0.0,16841.0,5.5,83.095,0.85,,4,-66.318,1,45,13,1894,0.3997
12.774,20.324,0.0,102441.99,5.5,67.516,0.9,,6,104.884,1,45,13,1453,0.4123
12.738,21.506,0.0,280127.98,5.5,71.529,0.95,,7,460.256,1,45,13,1098,0.4171
13.331,23.783,0.0,534326.94,5.5,64.812,1.0,,8,968.654,1,45,13,799,0.4255
11.005,15.807,0.019,2385.65,5.5,98.479,0.8,,2,-95.229,2,45,7,1429,0.4024
12.127,19.845,0.0,2462.3,5.5,98.662,0.85,,3,-95.075,2,45,9,1194,0.3861
12.774,20.324,0.0,15101.41,5.5,94.767,0.9,,5,-69.797,2,45,13,1453,0.4123
12.738,21.506,0.0,203090.0,5.5,94.761,0.95,,6,306.18,2,45,13,1098,0.4171
13.331,23.783,0.0,916353.16,5.5,90.235,1.0,,8,1732.706,2,45,13,799,0.4255
10.512,14.66,0.0,1623.09,5.5,99.265,0.8,,0,-96.754,3,45,4,733,0.4079
10.949,16.569,0.0,1619.41,5.5,99.467,0.85,,2,-96.761,3,45,7,961,0.3954
12.526,21.473,0.0,1546.44,5.5,99.623,0.9,,4,-96.907,3,45,9,925,0.3924
12.738,21.506,0.0,21300.88,5.5,99.48,0.95,,5,-57.398,3,45,13,1098,0.4171
13.331,23.783,0.0,316128.28,5.5,98.333,1.0,,8,532.257,3,45,13,799,0.4255
10.331,14.734,0.0,1214.64,5.5,99.543,0.8,,0,-97.571,4,45,3,605,0.4132
10.387,15.823,0.0,1082.34,5.5,99.759,0.85,,2,-97.835,4,45,5,698,0.4011
12.038,21.14,0.0,998.07,5.5,99.856,0.9,,3,-98.004,4,45,8,872,0.4014
12.648,23.326,0.0,644.49,5.5,99.901,0.95,,3,-98.711,4,45,9,693,0.3925
13.331,23.783,0.0,18296.04,5.5,99.85,1.0,,7,-63.408,4,45,13,799,0.4255
10.455,15.373,0.0,937.44,5.5,99.656,0.8,,0,-98.125,5,45,2,352,0.4091
10.491,15.235,0.0,952.66,5.5,99.846,0.85,,0,-98.095,5,45,3,400,0.4175
10.764,14.872,0.0,954.24,5.5,99.912,0.9,,1,-98.092,5,45,3,310,0.4194
12.166,23.411,0.0,631.1,5.5,99.884,0.95,,2,-98.738,5,45,8,649,0.4037
13.231,26.227,0.0,658.14,5.5,99.962,1.0,,3,-98.684,5,45,9,492,0.4024
10.494,15.506,0.0,894.39,5.5,99.662,0.8,,0,-98.211,6,45,2,344,0.4128
10.482,15.126,0.0,891.76,5.5,99.873,0.85,,0,-98.216,6,45,3,339,0.4189
10.605,15.147,0.0,838.74,5.5,99.937,0.9,,0,-98.323,6,45,3,297,0.4242
11.359,22.601,0.0,360.46,5.5,99.943,0.95,,2,-99.279,6,45,7,563,0.4085
11.762,25.325,0.0,432.91,5.5,99.948,1.0,,3,-99.134,6,45,7,400,0.4225
10.494,15.506,0.0,894.39,5.5,99.662,0.8,,0,-98.211,7,45,2,344,0.4128
10.482,15.126,0.0,891.76,5.5,99.873,0.85,,0,-98.216,7,45,3,339,0.4189
10.605,15.147,0.0,838.74,5.5,99.937,0.9,,0,-98.323,7,45,3,297,0.4242
11.359,22.601,0.0,360.46,5.5,99.943,0.95,,2,-99.279,7,45,7,563,0.4085
11.762,25.325,0.0,432.91,5.5,99.948,1.0,,3,-99.134,7,45,7,400,0.4225
10.494,15.506,0.0,894.39,5.5,99.662,0.8,,0,-98.211,8,45,2,344,0.4128
10.482,15.126,0.0,891.76,5.5,99.873,0.85,,0,-98.216,8,45,3,339,0.4189
10.605,15.147,0.0,838.74,5.5,99.937,0.9,,0,-98.323,8,45,3,297,0.4242
11.359,22.601,0.0,360.46,5.5,99.943,0.95,,2,-99.279,8,45,7,563,0.4085
11.762,25.325,0.0,432.91,5.5,99.948,1.0,,3,-99.134,8,45,7,400,0.4225
10.494,15.506,0.0,894.39,5.5,99.662,0.8,,0,-98.211,9,45,2,344,0.4128
10.482,15.126,0.0,891.76,5.5,99.873,0.85,,0,-98.216,9,45,3,339,0.4189
10.605,15.147,0.0,838.74,5.5,99.937,0.9,,0,-98.323,9,45,3,297,0.4242
11.359,22.601,0.0,360.46,5.5,99.943,0.95,,2,-99.279,9,45,7,563,0.4085
11.762,25.325,0.0,432.91,5.5,99.948,1.0,,3,-99.134,9,45,7,400,0.4225
10.494,15.506,0.0,894.39,5.5,99.662,0.8,,0,-98.211,10,45,2,344,0.4128
10.482,15.126,0.0,891.76,5.5,99.873,0.85,,0,-98.216,10,45,3,339,0.4189
10.605,15.147,0.0,838.74,5.5,99.937,0.9,,0,-98.323,10,45,3,297,0.4242
11.359,22.601,0.0,360.46,5.5,99.943,0.95,,2,-99.279,10,45,7,563,0.4085
11.762,25.325,0.0,432.91,5.5,99.948,1.0,,3,-99.134,10,45,7,400,0.4225
12.343,18.548,0.0,6343.1,5.5,93.98,0.8,,2,-87.314,1,50,13,2832,0.4011
12.499,19.15,0.0,16841.0,5.5,83.095,0.85,,4,-66.318,1,50,13,1894,0.3997
12.774,20.324,0.0,102441.99,5.5,67.516,0.9,,6,104.884,1,50,13,1453,0.4123
12.738,21.506,0.0,280127.98,5.5,71.529,0.95,,7,460.256,1,50,13,1098,0.4171
13.331,23.783,0.0,534326.94,5.5,64.812,1.0,,8,968.654,1,50,13,799,0.4255
11.005,15.807,0.019,2385.65,5.5,98.479,0.8,,2,-95.229,2,50,7,1429,0.4024
12.127,19.845,0.0,2462.3,5.5,98.662,0.85,,3,-95.075,2,50,9,1194,0.3861
12.774,20.324,0.0,15101.41,5.5,94.767,0.9,,5,-69.797,2,50,13,1453,0.4123
12.738,21.506,0.0,203090.0,5.5,94.761,0.95,,6,306.18,2,50,13,1098,0.4171
13.331,23.783,0.0,916353.16,5.5,90.235,1.0,,8,1732.706,2,50,13,799,0.4255
10.512,14.66,0.0,1623.09,5.5,99.265,0.8,,0,-96.754,3,50,4,733,0.4079
10.949,16.569,0.0,1619.41,5.5,99.467,0.85,,2,-96.761,3,50,7,961,0.3954
12.526,21.473,0.0,1546.44,5.5,99.623,0.9,,4,-96.907,3,50,9,925,0.3924
12.738,21.506,0.0,21300.88,5.5,99.48,0.95,,5,-57.398,3,50,13,1098,0.4171
13.331,23.783,0.0,316128.28,5.5,98.333,1.0,,8,532.257,3,50,13,799,0.4255
10.331,14.734,0.0,1214.64,5.5,99.543,0.8,,0,-97.571,4,50,3,605,0.4132
10.387,15.823,0.0,1082.34,5.5,99.759,0.85,,2,-97.835,4,50,5,698,0.4011
12.038,21.14,0.0,998.07,5.5,99.856,0.9,,3,-98.004,4,50,8,872,0.4014
12.648,23.326,0.0,644.49,5.5,99.901,0.95,,3,-98.711,4,50,9,693,0.3925
13.331,23.783,0.0,18296.04,5.5,99.85,1.0,,7,-63.408,4,50,13,799,0.4255
10.455,15.373,0.0,937.44,5.5,99.656,0.8,,0,-98.125,5,50,2,352,0.4091
10.491,15.235,0.0,952.66,5.5,99.846,0.85,,0,-98.095,5,50,3,400,0.4175
10.764,14.872,0.0,954.24,5.5,99.912,0.9,,1,-98.092,5,50,3,310,0.4194
12.166,23.411,0.0,631.1,5.5,99.884,0.95,,2,-98.738,5,50,8,649,0.4037
13.231,26.227,0.0,658.14,5.5,99.962,1.0,,3,-98.684,5,50,9,492,0.4024
10.494,15.506,0.0,894.39,5.5,99.662,0.8,,0,-98.211,6,50,2,344,0.4128
10.482,15.126,0.0,891.76,5.5,99.873,0.85,,0,-98.216,6,50,3,339,0.4189
10.605,15.147,0.0,838.74,5.5,99.937,0.9,,0,-98.323,6,50,3,297,0.4242
11.359,22.601,0.0,360.46,5.5,99.943,0.95,,2,-99.279,6,50,7,563,0.4085
11.762,25.325,0.0,432.91,5.5,99.948,1.0,,3,-99.134,6,50,7,400,0.4225
10.494,15.506,0.0,894.39,5.5,99.662,0.8,,0,-98.211,7,50,2,344,0.4128
10.482,15.126,0.0,891.76,5.5,99.873,0.85,,0,-98.216,7,50,3,339,0.4189
10.605,15.147,0.0,838.74,5.5,99.937,0.9,,0,-98.323,7,50,3,297,0.4242
11.359,22.601,0.0,360.46,5.5,99.943,0.95,,2,-99.279,7,50,7,563,0.4085
11.762,25.325,0.0,432.91,5.5,99.948,1.0,,3,-99.134,7,50,7,400,0.4225
10.494,15.506,0.0,894.39,5.5,99.662,0.8,,0,-98.211,8,50,2,344,0.4128
10.482,15.126,0.0,891.76,5.5,99.873,0.85,,0,-98.216,8,50,3,339,0.4189
10.605,15.147,0.0,838.74,5.5,99.937,0.9,,0,-98.323,8,50,3,297,0.4242
11.359,22.601,0.0,360.46,5.5,99.943,0.95,,2,-99.279,8,50,7,563,0.4085
11.762,25.325,0.0,432.91,5.5,99.948,1.0,,3,-99.134,8,50,7,400,0.4225
10.494,15.506,0.0,894.39,5.5,99.662,0.8,,0,-98.211,9,50,2,344,0.4128
10.482,15.126,0.0,891.76,5.5,99.873,0.85,,0,-98.216,9,50,3,339,0.4189
10.605,15.147,0.0,838.74,5.5,99.937,0.9,,0,-98.323,9,50,3,297,0.4242
11.359,22.601,0.0,360.46,5.5,99.943,0.95,,2,-99.279,9,50,7,563,0.4085
11.762,25.325,0.0,432.91,5.5,99.948,1.0,,3,-99.134,9,50,7,400,0.4225
10.494,15.506,0.0,894.39,5.5,99.662,0.8,,0,-98.211,10,50,2,344,0.4128
10.482,15.126,0.0,891.76,5.5,99.873,0.85,,0,-98.216,10,50,3,339,0.4189
10.605,15.147,0.0,838.74,5.5,99.937,0.9,,0,-98.323,10,50,3,297,0.4242
11.359,22.601,0.0,360.46,5.5,99.943,0.95,,2,-99.279,10,50,7,563,0.4085
11.762,25.325,0.0,432.91,5.5,99.948,1.0,,3,-99.134,10,50,7,400,0.4225
12.343,18.548,0.0,6343.1,5.5,93.98,0.8,,2,-87.314,1,55,13,2832,0.4011
12.499,19.15,0.0,16841.0,5.5,83.095,0.85,,4,-66.318,1,55,13,1894,0.3997
12.774,20.324,0.0,102441.99,5.5,67.516,0.9,,6,104.884,1,55,13,1453,0.4123
12.738,21.506,0.0,280127.98,5.5,71.529,0.95,,7,460.256,1,55,13,1098,0.4171
13.331,23.783,0.0,534326.94,5.5,64.812,1.0,,8,968.654,1,55,13,799,0.4255
11.005,15.807,0.019,2385.65,5.5,98.479,0.8,,2,-95.229,2,55,7,1429,0.4024
12.127,19.845,0.0,2462.3,5.5,98.662,0.85,,3,-95.075,2,55,9,1194,0.3861
12.774,20.324,0.0,15101.41,5.5,94.767,0.9,,5,-69.797,2,55,13,1453,0.4123
12.738,21.506,0.0,203090.0,5.5,94.761,0.95,,6,306.18,2,55,13,1098,0.4171
13.331,23.783,0.0,916353.16,5.5,90.235,1.0,,8,1732.706,2,55,13,799,0.4255
10.512,14.66,0.0,1623.09,5.5,99.265,0.8,,0,-96.754,3,55,4,733,0.4079
10.949,16.569,0.0,1619.41,5.5,99.467,0.85,,2,-96.761,3,55,7,961,0.3954
12.526,21.473,0.0,1546.44,5.5,99.623,0.9,,4,-96.907,3,55,9,925,0.3924
12.738,21.506,0.0,21300.88,5.5,99.48,0.95,,5,-57.398,3,55,13,1098,0.4171
13.331,23.783,0.0,316128.28,5.5,98.333,1.0,,8,532.257,3,55,13,799,0.4255
10.331,14.734,0.0,1214.64,5.5,99.543,0.8,,0,-97.571,4,55,3,605,0.4132
10.387,15.823,0.0,1082.34,5.5,99.759,0.85,,2,-97.835,4,55,5,698,0.4011
12.038,21.14,0.0,998.07,5.5,99.856,0.9,,3,-98.004,4,55,8,872,0.4014
12.648,23.326,0.0,644.49,5.5,99.901,0.95,,3,-98.711,4,55,9,693,0.3925
13.331,23.783,0.0,18296.04,5.5,99.85,1.0,,7,-63.408,4,55,13,799,0.4255
10.455,15.373,0.0,937.44,5.5,99.656,0.8,,0,-98.125,5,55,2,352,0.4091
10.491,15.235,0.0,952.66,5.5,99.846,0.85,,0,-98.095,5,55,3,400,0.4175
10.764,14.872,0.0,954.24,5.5,99.912,0.9,,1,-98.092,5,55,3,310,0.4194
12.166,23.411,0.0,631.1,5.5,99.884,0.95,,2,-98.738,5,55,8,649,0.4037
13.231,26.227,0.0,658.14,5.5,99.962,1.0,,3,-98.684,5,55,9,492,0.4024
10.494,15.506,0.0,894.39,5.5,99.662,0.8,,0,-98.211,6,55,2,344,0.4128
10.482,15.126,0.0,891.76,5.5,99.873,0.85,,0,-98.216,6,55,3,339,0.4189
10.605,15.147,0.0,838.74,5.5,99.937,0.9,,0,-98.323,6,55,3,297,0.4242
11.359,22.601,0.0,360.46,5.5,99.943,0.95,,2,-99.279,6,55,7,563,0.4085
11.762,25.325,0.0,432.91,5.5,99.948,1.0,,3,-99.134,6,55,7,400,0.4225
10.494,15.506,0.0,894.39,5.5,99.662,0.8,,0,-98.211,7,55,2,344,0.4128
10.482,15.126,0.0,891.76,5.5,99.873,0.85,,0,-98.216,7,55,3,339,0.4189
10.605,15.147,0.0,838.74,5.5,99.937,0.9,,0,-98.323,7,55,3,297,0.4242
11.359,22.601,0.0,360.46,5.5,99.943,0.95,,2,-99.279,7,55,7,563,0.4085
11.762,25.325,0.0,432.91,5.5,99.948,1.0,,3,-99.134,7,55,7,400,0.4225
10.494,15.506,0.0,894.39,5.5,99.662,0.8,,0,-98.211,8,55,2,344,0.4128
10.482,15.126,0.0,891.76,5.5,99.873,0.85,,0,-98.216,8,55,3,339,0.4189
10.605,15.147,0.0,838.74,5.5,99.937,0.9,,0,-98.323,8,55,3,297,0.4242
11.359,22.601,0.0,360.46,5.5,99.943,0.95,,2,-99.279,8,55,7,563,0.4085
11.762,25.325,0.0,432.91,5.5,99.948,1.0,,3,-99.134,8,55,7,400,0.4225
10.494,15.506,0.0,894.39,5.5,99.662,0.8,,0,-98.211,9,55,2,344,0.4128
10.482,15.126,0.0,891.76,5.5,99.873,0.85,,0,-98.216,9,55,3,339,0.4189
10.605,15.147,0.0,838.74,5.5,99.937,0.9,,0,-98.323,9,55,3,297,0.4242
11.359,22.601,0.0,360.46,5.5,99.943,0.95,,2,-99.279,9,55,7,563,0.4085
11.762,25.325,0.0,432.91,5.5,99.948,1.0,,3,-99.134,9,55,7,400,0.4225
10.494,15.506,0.0,894.39,5.5,99.662,0.8,,0,-98.211,10,55,2,344,0.4128
10.482,15.126,0.0,891.76,5.5,99.873,0.85,,0,-98.216,10,55,3,339,0.4189
10.605,15.147,0.0,838.74,5.5,99.937,0.9,,0,-98.323,10,55,3,297,0.4242
11.359,22.601,0.0,360.46,5.5,99.943,0.95,,2,-99.279,10,55,7,563,0.4085
11.762,25.325,0.0,432.91,5.5,99.948,1.0,,3,-99.134,10,55,7,400,0.4225
12.343,18.548,0.0,6343.1,5.5,93.98,0.8,,2,-87.314,1,60,13,2832,0.4011
12.499,19.15,0.0,16841.0,5.5,83.095,0.85,,4,-66.318,1,60,13,1894,0.3997
12.774,20.324,0.0,102441.99,5.5,67.516,0.9,,6,104.884,1,60,13,1453,0.4123
12.738,21.506,0.0,280127.98,5.5,71.529,0.95,,7,460.256,1,60,13,1098,0.4171
13.331,23.783,0.0,534326.94,5.5,64.812,1.0,,8,968.654,1,60,13,799,0.4255
11.005,15.807,0.019,2385.65,5.5,98.479,0.8,,2,-95.229,2,60,7,1429,0.4024
12.127,19.845,0.0,2462.3,5.5,98.662,0.85,,3,-95.075,2,60,9,1194,0.3861
12.774,20.324,0.0,15101.41,5.5,94.767,0.9,,5,-69.797,2,60,13,1453,0.4123
12.738,21.506,0.0,203090.0,5.5,94.761,0.95,,6,306.18,2,60,13,1098,0.4171
13.331,23.783,0.0,916353.16,5.5,90.235,1.0,,8,1732.706,2,60,13,799,0.4255
10.512,14.66,0.0,1623.09,5.5,99.265,0.8,,0,-96.754,3,60,4,733,0.4079
10.949,16.569,0.0,1619.41,5.5,99.467,0.85,,2,-96.761,3,60,7,961,0.3954
12.526,21.473,0.0,1546.44,5.5,99.623,0.9,,4,-96.907,3,60,9,925,0.3924
12.738,21.506,0.0,21300.88,5.5,99.48,0.95,,5,-57.398,3,60,13,1098,0.4171
13.331,23.783,0.0,316128.28,5.5,98.333,1.0,,8,532.257,3,60,13,799,0.4255
10.331,14.734,0.0,1214.64,5.5,99.543,0.8,,0,-97.571,4,60,3,605,0.4132
10.387,15.823,0.0,1082.34,5.5,99.759,0.85,,2,-97.835,4,60,5,698,0.4011
12.038,21.14,0.0,998.07,5.5,99.856,0.9,,3,-98.004,4,60,8,872,0.4014
12.648,23.326,0.0,644.49,5.5,99.901,0.95,,3,-98.711,4,60,9,693,0.3925
13.331,23.783,0.0,18296.04,5.5,99.85,1.0,,7,-63.408,4,60,13,799,0.4255
10.455,15.373,0.0,937.44,5.5,99.656,0.8,,0,-98.125,5,60,2,352,0.4091
10.491,15.235,0.0,952.66,5.5,99.846,0.85,,0,-98.095,5,60,3,400,0.4175
10.764,14.872,0.0,954.24,5.5,99.912,0.9,,1,-98.092,5,60,3,310,0.4194
12.166,23.411,0.0,631.1,5.5,99.884,0.95,,2,-98.738,5,60,8,649,0.4037
13.231,26.227,0.0,658.14,5.5,99.962,1.0,,3,-98.684,5,60,9,492,0.4024
10.494,15.506,0.0,894.39,5.5,99.662,0.8,,0,-98.211,6,60,2,344,0.4128
10.482,15.126,0.0,891.76,5.5,99.873,0.85,,0,-98.216,6,60,3,339,0.4189
10.605,15.147,0.0,838.74,5.5,99.937,0.9,,0,-98.323,6,60,3,297,0.4242
11.359,22.601,0.0,360.46,5.5,99.943,0.95,,2,-99.279,6,60,7,563,0.4085
11.762,25.325,0.0,432.91,5.5,99.948,1.0,,3,-99.134,6,60,7,400,0.4225
10.494,15.506,0.0,894.39,5.5,99.662,0.8,,0,-98.211,7,60,2,344,0.4128
10.482,15.126,0.0,891.76,5.5,99.873,0.85,,0,-98.216,7,60,3,339,0.4189
10.605,15.147,0.0,838.74,5.5,99.937,0.9,,0,-98.323,7,60,3,297,0.4242
11.359,22.601,0.0,360.46,5.5,99.943,0.95,,2,-99.279,7,60,7,563,0.4085
11.762,25.325,0.0,432.91,5.5,99.948,1.0,,3,-99.134,7,60,7,400,0.4225
10.494,15.506,0.0,894.39,5.5,99.662,0.8,,0,-98.211,8,60,2,344,0.4128
10.482,15.126,0.0,891.76,5.5,99.873,0.85,,0,-98.216,8,60,3,339,0.4189
10.605,15.147,0.0,838.74,5.5,99.937,0.9,,0,-98.323,8,60,3,297,0.4242
11.359,22.601,0.0,360.46,5.5,99.943,0.95,,2,-99.279,8,60,7,563,0.4085
11.762,25.325,0.0,432.91,5.5,99.948,1.0,,3,-99.134,8,60,7,400,0.4225
10.494,15.506,0.0,894.39,5.5,99.662,0.8,,0,-98.211,9,60,2,344,0.4128
10.482,15.126,0.0,891.76,5.5,99.873,0.85,,0,-98.216,9,60,3,339,0.4189
10.605,15.147,0.0,838.74,5.5,99.937,0.9,,0,-98.323,9,60,3,297,0.4242
11.359,22.601,0.0,360.46,5.5,99.943,0.95,,2,-99.279,9,60,7,563,0.4085
11.762,25.325,0.0,432.91,5.5,99.948,1.0,,3,-99.134,9,60,7,400,0.4225
10.494,15.506,0.0,894.39,5.5,99.662,0.8,,0,-98.211,10,60,2,344,0.4128
10.482,15.126,0.0,891.76,5.5,99.873,0.85,,0,-98.216,10,60,3,339,0.4189
10.605,15.147,0.0,838.74,5.5,99.937,0.9,,0,-98.323,10,60,3,297,0.4242
11.359,22.601,0.0,360.46,5.5,99.943,0.95,,2,-99.279,10,60,7,563,0.4085
11.762,25.325,0.0,432.91,5.5,99.948,1.0,,3,-99.134,10,60,7,400,0.4225
12.565,18.397,0.0021,7797.88,6.0,91.538,0.8,,1,-84.404,1,5,13,2827,0.4064
12.595,18.994,0.0,24318.31,6.0,76.305,0.85,,5,-51.363,1,5,13,1892,0.4059
12.84,20.177,0.0,131615.19,6.0,63.685,0.9,,7,163.23,1,5,13,1453,0.4178
12.82,21.33,0.0,254685.69,6.0,68.454,0.95,,7,409.371,1,5,13,1098,0.4199
13.436,23.527,0.0,432718.96,6.0,62.365,1.0,,9,765.438,1,5,13,799,0.4293
12.069,18.154,0.0,2647.36,6.0,98.266,0.8,,1,-94.705,2,5,8,1625,0.4018
12.623,19.111,0.0,2633.71,6.0,98.473,0.85,,4,-94.733,2,5,13,1863,0.4074
12.84,20.177,0.0,39264.01,6.0,91.934,0.9,,7,-21.472,2,5,13,1453,0.4178
12.82,21.33,0.0,224307.61,6.0,93.159,0.95,,7,348.615,2,5,13,1098,0.4199
13.436,23.527,0.0,905426.6,6.0,88.404,1.0,,8,1710.853,2,5,13,799,0.4293
10.825,14.213,0.0,1686.09,6.0,99.226,0.8,,0,-96.628,3,5,4,774,0.416
12.057,19.378,0.0,1728.61,6.0,99.393,0.85,,2,-96.543,3,5,8,1126,0.4005
12.84,20.177,0.0,2925.61,6.0,99.382,0.9,,6,-94.149,3,5,13,1453,0.4178
12.82,21.33,0.0,41160.58,6.0,99.124,0.95,,7,-17.679,3,5,13,1098,0.4199
13.436,23.527,0.0,456642.42,6.0,97.596,1.0,,7,813.285,3,5,13,799,0.4293
10.8,14.53,0.0,1247.45,6.0,99.541,0.8,,0,-97.505,4,5,3,612,0.4216
10.768,16.18,0.0,1268.97,6.0,99.704,0.85,,2,-97.462,4,5,6,758,0.4063
12.427,21.125,0.0,1312.02,6.0,99.814,0.9,,3,-97.376,4,5,8,875,0.408
13.165,23.446,0.0,1270.55,6.0,99.854,0.95,,3,-97.459,4,5,10,776,0.3995
13.436,23.527,0.0,58451.45,6.0,99.667,1.0,,6,16.903,4,5,13,799,0.4293
11.089,15.093,0.0,1063.96,6.0,99.643,0.8,,0,-97.872,5,5,3,425,0.4235
10.825,15.637,0.0,1074.72,6.0,99.82,0.85,,0,-97.851,5,5,4,483,0.4161
11.117,15.226,0.0,981.27,6.0,99.914,0.9,,1,-98.037,5,5,4,395,0.4203
12.537,23.479,0.0,961.32,6.0,99.793,0.95,,2,-98.077,5,5,8,674,0.4036
13.436,23.527,0.0,3141.39,6.0,99.962,1.0,,5,-93.717,5,5,13,799,0.4293
10.746,15.341,0.0,890.45,6.0,99.693,0.8,,0,-98.219,6,5,2,342,0.4211
10.97,15.572,0.0,885.2,6.0,99.887,0.85,,0,-98.23,6,5,3,305,0.4262
10.959,15.237,0.0,838.74,6.0,99.951,0.9,,0,-98.323,6,5,3,297,0.4343
11.543,22.636,0.0,196.14,6.0,99.968,0.95,,2,-99.608,6,5,7,563,0.4121
12.044,25.34,0.0,393.54,6.0,99.951,1.0,,3,-99.213,6,5,7,400,0.4275
10.746,15.341,0.0,890.45,6.0,99.693,0.8,,0,-98.219,7,5,2,342,0.4211
10.97,15.572,0.0,885.2,6.0,99.887,0.85,,0,-98.23,7,5,3,305,0.4262
10.959,15.237,0.0,838.74,6.0,99.951,0.9,,0,-98.323,7,5,3,297,0.4343
11.543,22.636,0.0,196.14,6.0,99.968,0.95,,2,-99.608,7,5,7,563,0.4121
12.044,25.34,0.0,393.54,6.0,99.951,1.0,,3,-99.213,7,5,7,400,0.4275
10.746,15.341,0.0,890.45,6.0,99.693,0.8,,0,-98.219,8,5,2,342,0.4211
10.97,15.572,0.0,885.2,6.0,99.887,0.85,,0,-98.23,8,5,3,305,0.4262
10.959,15.237,0.0,838.74,6.0,99.951,0.9,,0,-98.323,8,5,3,297,0.4343
11.543,22.636,0.0,196.14,6.0,99.968,0.95,,2,-99.608,8,5,7,563,0.4121
12.044,25.34,0.0,393.54,6.0,99.951,1.0,,3,-99.213,8,5,7,400,0.4275
10.746,15.341,0.0,890.45,6.0,99.693,0.8,,0,-98.219,9,5,2,342,0.4211
10.97,15.572,0.0,885.2,6.0,99.887,0.85,,0,-98.23,9,5,3,305,0.4262
10.959,15.237,0.0,838.74,6.0,99.951,0.9,,0,-98.323,9,5,3,297,0.4343
11.543,22.636,0.0,196.14,6.0,99.968,0.95,,2,-99.608,9,5,7,563,0.4121
12.044,25.34,0.0,393.54,6.0,99.951,1.0,,3,-99.213,9,5,7,400,0.4275
10.746,15.341,0.0,890.45,6.0,99.693,0.8,,0,-98.219,10,5,2,342,0.4211
10.97,15.572,0.0,885.2,6.0,99.887,0.85,,0,-98.23,10,5,3,305,0.4262
10.959,15.237,0.0,838.74,6.0,99.951,0.9,,0,-98.323,10,5,3,297,0.4343
11.543,22.636,0.0,196.14,6.0,99.968,0.95,,2,-99.608,10,5,7,563,0.4121
12.044,25.34,0.0,393.54,6.0,99.951,1.0,,3,-99.213,10,5,7,400,0.4275
12.585,18.397,0.0003,7730.41,6.0,91.578,0.8,,1,-84.539,1,10,13,2827,0.4064
12.615,18.994,0.0,22588.7,6.0,76.823,0.85,,5,-54.823,1,10,13,1892,0.4059
12.847,20.177,0.0,126659.98,6.0,63.98,0.9,,7,153.32,1,10,13,1453,0.4178
12.825,21.33,0.0,243141.46,6.0,68.843,0.95,,7,386.283,1,10,13,1098,0.4199
13.436,23.527,0.0,432718.96,6.0,62.365,1.0,,9,765.438,1,10,13,799,0.4293
12.005,18.153,0.0,2677.55,6.0,98.215,0.8,,1,-94.645,2,10,8,1603,0.4024
12.705,19.148,0.0,2658.39,6.0,98.438,0.85,,4,-94.683,2,10,12,1799,0.4086
12.847,20.177,0.0,39194.71,6.0,91.899,0.9,,7,-21.611,2,10,13,1453,0.4178
12.825,21.33,0.0,222554.38,6.0,93.121,0.95,,7,345.109,2,10,13,1098,0.4199
13.436,23.527,0.0,905426.6,6.0,88.404,1.0,,8,1710.853,2,10,13,799,0.4293
10.869,14.213,0.0,1673.49,6.0,99.196,0.8,,0,-96.653,3,10,4,774,0.416
12.158,19.378,0.0,1218.05,6.0,99.566,0.85,,2,-97.564,3,10,8,1127,0.4002
12.847,20.177,0.0,2937.42,6.0,99.378,0.9,,6,-94.125,3,10,13,1453,0.4178
12.825,21.33,0.0,43336.7,6.0,99.058,0.95,,7,-13.327,3,10,13,1098,0.4199
13.436,23.527,0.0,456642.42,6.0,97.596,1.0,,7,813.285,3,10,13,799,0.4293
10.856,14.53,0.0,1214.38,6.0,99.529,0.8,,0,-97.571,4,10,3,612,0.4216
10.797,16.18,0.0,1275.54,6.0,99.697,0.85,,2,-97.449,4,10,6,758,0.4063
12.439,21.125,0.0,1210.44,6.0,99.825,0.9,,2,-97.579,4,10,8,875,0.408
13.157,23.446,0.0,1314.91,6.0,99.85,0.95,,3,-97.37,4,10,10,777,0.399
13.436,23.527,0.0,58451.45,6.0,99.667,1.0,,6,16.903,4,10,13,799,0.4293
10.853,15.163,0.0,1066.06,6.0,99.621,0.8,,0,-97.868,5,10,2,358,0.4134
10.88,15.637,0.0,958.44,6.0,99.836,0.85,,0,-98.083,5,10,4,484,0.4153
11.128,15.226,0.0,942.16,6.0,99.915,0.9,,1,-98.116,5,10,4,395,0.4203
12.546,23.479,0.0,918.27,6.0,99.802,0.95,,2,-98.163,5,10,8,674,0.4036
13.436,23.527,0.0,3141.39,6.0,99.962,1.0,,5,-93.717,5,10,13,799,0.4293
10.781,15.341,0.0,885.2,6.0,99.671,0.8,,0,-98.23,6,10,2,342,0.4211
10.984,15.572,0.0,899.64,6.0,99.881,0.85,,0,-98.201,6,10,3,305,0.4262
11.077,15.097,0.0,843.72,6.0,99.95,0.9,,0,-98.313,6,10,3,302,0.4338
11.554,22.636,0.0,276.99,6.0,99.955,0.95,,2,-99.446,6,10,7,563,0.4121
12.044,25.34,0.0,393.54,6.0,99.951,1.0,,3,-99.213,6,10,7,400,0.4275
10.781,15.341,0.0,885.2,6.0,99.671,0.8,,0,-98.23,7,10,2,342,0.4211
10.984,15.572,0.0,899.64,6.0,99.881,0.85,,0,-98.201,7,10,3,305,0.4262
11.077,15.097,0.0,843.72,6.0,99.95,0.9,,0,-98.313,7,10,3,302,0.4338
11.554,22.636,0.0,276.99,6.0,99.955,0.95,,2,-99.446,7,10,7,563,0.4121
12.044,25.34,0.0,393.54,6.0,99.951,1.0,,3,-99.213,7,10,7,400,0.4275
10.781,15.341,0.0,885.2,6.0,99.671,0.8,,0,-98.23,8,10,2,342,0.4211
10.984,15.572,0.0,899.64,6.0,99.881,0.85,,0,-98.201,8,10,3,305,0.4262
11.077,15.097,0.0,843.72,6.0,99.95,0.9,,0,-98.313,8,10,3,302,0.4338
11.554,22.636,0.0,276.99,6.0,99.955,0.95,,2,-99.446,8,10,7,563,0.4121
12.044,25.34,0.0,393.54,6.0,99.951,1.0,,3,-99.213,8,10,7,400,0.4275
10.781,15.341,0.0,885.2,6.0,99.671,0.8,,0,-98.23,9,10,2,342,0.4211
10.984,15.572,0.0,899.64,6.0,99.881,0.85,,0,-98.201,9,10,3,305,0.4262
11.077,15.097,0.0,843.72,6.0,99.95,0.9,,0,-98.313,9,10,3,302,0.4338
11.554,22.636,0.0,276.99,6.0,99.955,0.95,,2,-99.446,9,10,7,563,0.4121
12.044,25.34,0.0,393.54,6.0,99.951,1.0,,3,-99.213,9,10,7,400,0.4275
10.781,15.341,0.0,885.2,6.0,99.671,0.8,,0,-98.23,10,10,2,342,0.4211
10.984,15.572,0.0,899.64,6.0,99.881,0.85,,0,-98.201,10,10,3,305,0.4262
11.077,15.097,0.0,843.72,6.0,99.95,0.9,,0,-98.313,10,10,3,302,0.4338
11.554,22.636,0.0,276.99,6.0,99.955,0.95,,2,-99.446,10,10,7,563,0.4121
12.044,25.34,0.0,393.54,6.0,99.951,1.0,,3,-99.213,10,10,7,400,0.4275
12.69,18.475,0.0001,7818.61,6.0,91.481,0.8,,1,-84.363,1,15,13,2827,0.4071
12.76,19.073,0.0,19455.76,6.0,80.014,0.85,,5,-61.088,1,15,13,1892,0.4064
13.041,20.274,0.0,110772.43,6.0,63.98,0.9,,7,121.545,1,15,13,1453,0.4184
12.981,21.455,0.0,237071.94,6.0,68.843,0.95,,7,374.144,1,15,13,1098,0.4208
13.656,23.688,0.0,421440.13,6.0,62.365,1.0,,9,742.88,1,15,13,799,0.4305
12.005,18.153,0.0,2677.55,6.0,98.215,0.8,,1,-94.645,2,15,8,1603,0.4024
12.847,19.212,0.0,2383.55,6.0,98.599,0.85,,4,-95.233,2,15,12,1801,0.4092
13.041,20.274,0.0,28307.26,6.0,91.899,0.9,,6,-43.385,2,15,13,1453,0.4184
12.981,21.455,0.0,205375.59,6.0,93.121,0.95,,7,310.751,2,15,13,1098,0.4208
13.656,23.688,0.0,833556.73,6.0,88.404,1.0,,8,1567.113,2,15,13,799,0.4305
10.869,14.213,0.0,1673.49,6.0,99.196,0.8,,0,-96.653,3,15,4,774,0.416
12.158,19.378,0.0,1218.05,6.0,99.566,0.85,,2,-97.564,3,15,8,1127,0.4002
13.046,20.302,0.0,1746.99,6.0,99.566,0.9,,5,-96.506,3,15,13,1446,0.4184
12.981,21.455,0.0,35968.85,6.0,99.058,0.95,,7,-28.062,3,15,13,1098,0.4208
13.656,23.688,0.0,385436.67,6.0,97.596,1.0,,7,670.873,3,15,13,799,0.4305
10.856,14.53,0.0,1214.38,6.0,99.529,0.8,,0,-97.571,4,15,3,612,0.4216
10.797,16.18,0.0,1275.54,6.0,99.697,0.85,,2,-97.449,4,15,6,758,0.4063
12.439,21.125,0.0,1210.44,6.0,99.825,0.9,,2,-97.579,4,15,8,875,0.408
13.157,23.446,0.0,1314.91,6.0,99.85,0.95,,3,-97.37,4,15,10,777,0.399
13.656,23.688,0.0,43303.36,6.0,99.667,1.0,,6,-13.393,4,15,13,799,0.4305
10.853,15.163,0.0,1066.06,6.0,99.621,0.8,,0,-97.868,5,15,2,358,0.4134
10.88,15.637,0.0,958.44,6.0,99.836,0.85,,0,-98.083,5,15,4,484,0.4153
11.128,15.226,0.0,942.16,6.0,99.915,0.9,,1,-98.116,5,15,4,395,0.4203
12.546,23.479,0.0,918.27,6.0,99.802,0.95,,2,-98.163,5,15,8,674,0.4036
13.656,23.688,0.0,1955.41,6.0,99.962,1.0,,5,-96.089,5,15,13,799,0.4305
10.781,15.341,0.0,885.2,6.0,99.671,0.8,,0,-98.23,6,15,2,342,0.4211
10.984,15.572,0.0,899.64,6.0,99.881,0.85,,0,-98.201,6,15,3,305,0.4262
11.077,15.097,0.0,843.72,6.0,99.95,0.9,,0,-98.313,6,15,3,302,0.4338
11.554,22.636,0.0,276.99,6.0,99.955,0.95,,2,-99.446,6,15,7,563,0.4121
12.044,25.34,0.0,393.54,6.0,99.951,1.0,,3,-99.213,6,15,7,400,0.4275
10.781,15.341,0.0,885.2,6.0,99.671,0.8,,0,-98.23,7,15,2,342,0.4211
10.984,15.572,0.0,899.64,6.0,99.881,0.85,,0,-98.201,7,15,3,305,0.4262
11.077,15.097,0.0,843.72,6.0,99.95,0.9,,0,-98.313,7,15,3,302,0.4338
11.554,22.636,0.0,276.99,6.0,99.955,0.95,,2,-99.446,7,15,7,563,0.4121
12.044,25.34,0.0,393.54,6.0,99.951,1.0,,3,-99.213,7,15,7,400,0.4275
10.781,15.341,0.0,885.2,6.0,99.671,0.8,,0,-98.23,8,15,2,342,0.4211
10.984,15.572,0.0,899.64,6.0,99.881,0.85,,0,-98.201,8,15,3,305,0.4262
11.077,15.097,0.0,843.72,6.0,99.95,0.9,,0,-98.313,8,15,3,302,0.4338
11.554,22.636,0.0,276.99,6.0,99.955,0.95,,2,-99.446,8,15,7,563,0.4121
12.044,25.34,0.0,393.54,6.0,99.951,1.0,,3,-99.213,8,15,7,400,0.4275
10.781,15.341,0.0,885.2,6.0,99.671,0.8,,0,-98.23,9,15,2,342,0.4211
10.984,15.572,0.0,899.64,6.0,99.881,0.85,,0,-98.201,9,15,3,305,0.4262
11.077,15.097,0.0,843.72,6.0,99.95,0.9,,0,-98.313,9,15,3,302,0.4338
11.554,22.636,0.0,276.99,6.0,99.955,0.95,,2,-99.446,9,15,7,563,0.4121
12.044,25.34,0.0,393.54,6.0,99.951,1.0,,3,-99.213,9,15,7,400,0.4275
10.781,15.341,0.0,885.2,6.0,99.671,0.8,,0,-98.23,10,15,2,342,0.4211
10.984,15.572,0.0,899.64,6.0,99.881,0.85,,0,-98.201,10,15,3,305,0.4262
11.077,15.097,0.0,843.72,6.0,99.95,0.9,,0,-98.313,10,15,3,302,0.4338
11.554,22.636,0.0,276.99,6.0,99.955,0.95,,2,-99.446,10,15,7,563,0.4121
12.044,25.34,0.0,393.54,6.0,99.951,1.0,,3,-99.213,10,15,7,400,0.4275
12.69,18.475,0.0001,7818.61,6.0,91.481,0.8,,1,-84.363,1,20,13,2827,0.4071
12.76,19.073,0.0,19455.76,6.0,80.014,0.85,,5,-61.088,1,20,13,1892,0.4064
13.041,20.274,0.0,110772.43,6.0,63.98,0.9,,7,121.545,1,20,13,1453,0.4184
12.981,21.455,0.0,237071.94,6.0,68.843,0.95,,7,374.144,1,20,13,1098,0.4208
13.656,23.688,0.0,421440.13,6.0,62.365,1.0,,9,742.88,1,20,13,799,0.4305
12.005,18.153,0.0,2677.55,6.0,98.215,0.8,,1,-94.645,2,20,8,1603,0.4024
12.847,19.212,0.0,2383.55,6.0,98.599,0.85,,4,-95.233,2,20,12,1801,0.4092
13.041,20.274,0.0,28307.26,6.0,91.899,0.9,,6,-43.385,2,20,13,1453,0.4184
12.981,21.455,0.0,205375.59,6.0,93.121,0.95,,7,310.751,2,20,13,1098,0.4208
13.656,23.688,0.0,833556.73,6.0,88.404,1.0,,8,1567.113,2,20,13,799,0.4305
10.869,14.213,0.0,1673.49,6.0,99.196,0.8,,0,-96.653,3,20,4,774,0.416
12.158,19.378,0.0,1218.05,6.0,99.566,0.85,,2,-97.564,3,20,8,1127,0.4002
13.046,20.302,0.0,1746.99,6.0,99.566,0.9,,5,-96.506,3,20,13,1446,0.4184
12.981,21.455,0.0,35968.85,6.0,99.058,0.95,,7,-28.062,3,20,13,1098,0.4208
13.656,23.688,0.0,385436.67,6.0,97.596,1.0,,7,670.873,3,20,13,799,0.4305
10.856,14.53,0.0,1214.38,6.0,99.529,0.8,,0,-97.571,4,20,3,612,0.4216
10.797,16.18,0.0,1275.54,6.0,99.697,0.85,,2,-97.449,4,20,6,758,0.4063
12.439,21.125,0.0,1210.44,6.0,99.825,0.9,,2,-97.579,4,20,8,875,0.408
13.157,23.446,0.0,1314.91,6.0,99.85,0.95,,3,-97.37,4,20,10,777,0.399
13.656,23.688,0.0,43303.36,6.0,99.667,1.0,,6,-13.393,4,20,13,799,0.4305
10.853,15.163,0.0,1066.06,6.0,99.621,0.8,,0,-97.868,5,20,2,358,0.4134
10.88,15.637,0.0,958.44,6.0,99.836,0.85,,0,-98.083,5,20,4,484,0.4153
11.128,15.226,0.0,942.16,6.0,99.915,0.9,,1,-98.116,5,20,4,395,0.4203
12.546,23.479,0.0,918.27,6.0,99.802,0.95,,2,-98.163,5,20,8,674,0.4036
13.656,23.688,0.0,1955.41,6.0,99.962,1.0,,5,-96.089,5,20,13,799,0.4305
10.781,15.341,0.0,885.2,6.0,99.671,0.8,,0,-98.23,6,20,2,342,0.4211
10.984,15.572,0.0,899.64,6.0,99.881,0.85,,0,-98.201,6,20,3,305,0.4262
11.077,15.097,0.0,843.72,6.0,99.95,0.9,,0,-98.313,6,20,3,302,0.4338
11.554,22.636,0.0,276.99,6.0,99.955,0.95,,2,-99.446,6,20,7,563,0.4121
12.044,25.34,0.0,393.54,6.0,99.951,1.0,,3,-99.213,6,20,7,400,0.4275
10.781,15.341,0.0,885.2,6.0,99.671,0.8,,0,-98.23,7,20,2,342,0.4211
10.984,15.572,0.0,899.64,6.0,99.881,0.85,,0,-98.201,7,20,3,305,0.4262
11.077,15.097,0.0,843.72,6.0,99.95,0.9,,0,-98.313,7,20,3,302,0.4338
11.554,22.636,0.0,276.99,6.0,99.955,0.95,,2,-99.446,7,20,7,563,0.4121
12.044,25.34,0.0,393.54,6.0,99.951,1.0,,3,-99.213,7,20,7,400,0.4275
10.781,15.341,0.0,885.2,6.0,99.671,0.8,,0,-98.23,8,20,2,342,0.4211
10.984,15.572,0.0,899.64,6.0,99.881,0.85,,0,-98.201,8,20,3,305,0.4262
11.077,15.097,0.0,843.72,6.0,99.95,0.9,,0,-98.313,8,20,3,302,0.4338
11.554,22.636,0.0,276.99,6.0,99.955,0.95,,2,-99.446,8,20,7,563,0.4121
12.044,25.34,0.0,393.54,6.0,99.951,1.0,,3,-99.213,8,20,7,400,0.4275
10.781,15.341,0.0,885.2,6.0,99.671,0.8,,0,-98.23,9,20,2,342,0.4211
10.984,15.572,0.0,899.64,6.0,99.881,0.85,,0,-98.201,9,20,3,305,0.4262
11.077,15.097,0.0,843.72,6.0,99.95,0.9,,0,-98.313,9,20,3,302,0.4338
11.554,22.636,0.0,276.99,6.0,99.955,0.95,,2,-99.446,9,20,7,563,0.4121
12.044,25.34,0.0,393.54,6.0,99.951,1.0,,3,-99.213,9,20,7,400,0.4275
10.781,15.341,0.0,885.2,6.0,99.671,0.8,,0,-98.23,10,20,2,342,0.4211
10.984,15.572,0.0,899.64,6.0,99.881,0.85,,0,-98.201,10,20,3,305,0.4262
11.077,15.097,0.0,843.72,6.0,99.95,0.9,,0,-98.313,10,20,3,302,0.4338
11.554,22.636,0.0,276.99,6.0,99.955,0.95,,2,-99.446,10,20,7,563,0.4121
12.044,25.34,0.0,393.54,6.0,99.951,1.0,,3,-99.213,10,20,7,400,0.4275
12.69,18.475,0.0001,7818.61,6.0,91.481,0.8,,1,-84.363,1,25,13,2827,0.4071
12.76,19.073,0.0,19455.76,6.0,80.014,0.85,,5,-61.088,1,25,13,1892,0.4064
13.041,20.274,0.0,110772.43,6.0,63.98,0.9,,7,121.545,1,25,13,1453,0.4184
12.981,21.455,0.0,237071.94,6.0,68.843,0.95,,7,374.144,1,25,13,1098,0.4208
13.656,23.688,0.0,421440.13,6.0,62.365,1.0,,9,742.88,1,25,13,799,0.4305
12.005,18.153,0.0,2677.55,6.0,98.215,0.8,,1,-94.645,2,25,8,1603,0.4024
12.847,19.212,0.0,2383.55,6.0,98.599,0.85,,4,-95.233,2,25,12,1801,0.4092
13.041,20.274,0.0,28307.26,6.0,91.899,0.9,,6,-43.385,2,25,13,1453,0.4184
12.981,21.455,0.0,205375.59,6.0,93.121,0.95,,7,310.751,2,25,13,1098,0.4208
13.656,23.688,0.0,833556.73,6.0,88.404,1.0,,8,1567.113,2,25,13,799,0.4305
10.869,14.213,0.0,1673.49,6.0,99.196,0.8,,0,-96.653,3,25,4,774,0.416
12.158,19.378,0.0,1218.05,6.0,99.566,0.85,,2,-97.564,3,25,8,1127,0.4002
13.046,20.302,0.0,1746.99,6.0,99.566,0.9,,5,-96.506,3,25,13,1446,0.4184
12.981,21.455,0.0,35968.85,6.0,99.058,0.95,,7,-28.062,3,25,13,1098,0.4208
13.656,23.688,0.0,385436.67,6.0,97.596,1.0,,7,670.873,3,25,13,799,0.4305
10.856,14.53,0.0,1214.38,6.0,99.529,0.8,,0,-97.571,4,25,3,612,0.4216
10.797,16.18,0.0,1275.54,6.0,99.697,0.85,,2,-97.449,4,25,6,758,0.4063
12.439,21.125,0.0,1210.44,6.0,99.825,0.9,,2,-97.579,4,25,8,875,0.408
13.157,23.446,0.0,1314.91,6.0,99.85,0.95,,3,-97.37,4,25,10,777,0.399
13.656,23.688,0.0,43303.36,6.0,99.667,1.0,,6,-13.393,4,25,13,799,0.4305
10.853,15.163,0.0,1066.06,6.0,99.621,0.8,,0,-97.868,5,25,2,358,0.4134
10.88,15.637,0.0,958.44,6.0,99.836,0.85,,0,-98.083,5,25,4,484,0.4153
11.128,15.226,0.0,942.16,6.0,99.915,0.9,,1,-98.116,5,25,4,395,0.4203
12.546,23.479,0.0,918.27,6.0,99.802,0.95,,2,-98.163,5,25,8,674,0.4036
13.656,23.688,0.0,1955.41,6.0,99.962,1.0,,5,-96.089,5,25,13,799,0.4305
10.781,15.341,0.0,885.2,6.0,99.671,0.8,,0,-98.23,6,25,2,342,0.4211
10.984,15.572,0.0,899.64,6.0,99.881,0.85,,0,-98.201,6,25,3,305,0.4262
11.077,15.097,0.0,843.72,6.0,99.95,0.9,,0,-98.313,6,25,3,302,0.4338
11.554,22.636,0.0,276.99,6.0,99.955,0.95,,2,-99.446,6,25,7,563,0.4121
12.044,25.34,0.0,393.54,6.0,99.951,1.0,,3,-99.213,6,25,7,400,0.4275
10.781,15.341,0.0,885.2,6.0,99.671,0.8,,0,-98.23,7,25,2,342,0.4211
10.984,15.572,0.0,899.64,6.0,99.881,0.85,,0,-98.201,7,25,3,305,0.4262
11.077,15.097,0.0,843.72,6.0,99.95,0.9,,0,-98.313,7,25,3,302,0.4338
11.554,22.636,0.0,276.99,6.0,99.955,0.95,,2,-99.446,7,25,7,563,0.4121
12.044,25.34,0.0,393.54,6.0,99.951,1.0,,3,-99.213,7,25,7,400,0.4275
10.781,15.341,0.0,885.2,6.0,99.671,0.8,,0,-98.23,8,25,2,342,0.4211
10.984,15.572,0.0,899.64,6.0,99.881,0.85,,0,-98.201,8,25,3,305,0.4262
11.077,15.097,0.0,843.72,6.0,99.95,0.9,,0,-98.313,8,25,3,302,0.4338
11.554,22.636,0.0,276.99,6.0,99.955,0.95,,2,-99.446,8,25,7,563,0.4121
12.044,25.34,0.0,393.54,6.0,99.951,1.0,,3,-99.213,8,25,7,400,0.4275
10.781,15.341,0.0,885.2,6.0,99.671,0.8,,0,-98.23,9,25,2,342,0.4211
10.984,15.572,0.0,899.64,6.0,99.881,0.85,,0,-98.201,9,25,3,305,0.4262
11.077,15.097,0.0,843.72,6.0,99.95,0.9,,0,-98.313,9,25,3,302,0.4338
11.554,22.636,0.0,276.99,6.0,99.955,0.95,,2,-99.446,9,25,7,563,0.4121
12.044,25.34,0.0,393.54,6.0,99.951,1.0,,3,-99.213,9,25,7,400,0.4275
10.781,15.341,0.0,885.2,6.0,99.671,0.8,,0,-98.23,10,25,2,342,0.4211
10.984,15.572,0.0,899.64,6.0,99.881,0.85,,0,-98.201,10,25,3,305,0.4262
11.077,15.097,0.0,843.72,6.0,99.95,0.9,,0,-98.313,10,25,3,302,0.4338
11.554,22.636,0.0,276.99,6.0,99.955,0.95,,2,-99.446,10,25,7,563,0.4121
12.044,25.34,0.0,393.54,6.0,99.951,1.0,,3,-99.213,10,25,7,400,0.4275
12.69,18.475,0.0001,7818.61,6.0,91.481,0.8,,1,-84.363,1,30,13,2827,0.4071
12.76,19.073,0.0,19455.76,6.0,80.014,0.85,,5,-61.088,1,30,13,1892,0.4064
13.041,20.274,0.0,110772.43,6.0,63.98,0.9,,7,121.545,1,30,13,1453,0.4184
12.981,21.455,0.0,237071.94,6.0,68.843,0.95,,7,374.144,1,30,13,1098,0.4208
13.656,23.688,0.0,421440.13,6.0,62.365,1.0,,9,742.88,1,30,13,799,0.4305
12.005,18.153,0.0,2677.55,6.0,98.215,0.8,,1,-94.645,2,30,8,1603,0.4024
12.847,19.212,0.0,2383.55,6.0,98.599,0.85,,4,-95.233,2,30,12,1801,0.4092
13.041,20.274,0.0,28307.26,6.0,91.899,0.9,,6,-43.385,2,30,13,1453,0.4184
12.981,21.455,0.0,205375.59,6.0,93.121,0.95,,7,310.751,2,30,13,1098,0.4208
13.656,23.688,0.0,833556.73,6.0,88.404,1.0,,8,1567.113,2,30,13,799,0.4305
10.869,14.213,0.0,1673.49,6.0,99.196,0.8,,0,-96.653,3,30,4,774,0.416
12.158,19.378,0.0,1218.05,6.0,99.566,0.85,,2,-97.564,3,30,8,1127,0.4002
13.046,20.302,0.0,1746.99,6.0,99.566,0.9,,5,-96.506,3,30,13,1446,0.4184
12.981,21.455,0.0,35968.85,6.0,99.058,0.95,,7,-28.062,3,30,13,1098,0.4208
13.656,23.688,0.0,385436.67,6.0,97.596,1.0,,7,670.873,3,30,13,799,0.4305
10.856,14.53,0.0,1214.38,6.0,99.529,0.8,,0,-97.571,4,30,3,612,0.4216
10.797,16.18,0.0,1275.54,6.0,99.697,0.85,,2,-97.449,4,30,6,758,0.4063
12.439,21.125,0.0,1210.44,6.0,99.825,0.9,,2,-97.579,4,30,8,875,0.408
13.157,23.446,0.0,1314.91,6.0,99.85,0.95,,3,-97.37,4,30,10,777,0.399
13.656,23.688,0.0,43303.36,6.0,99.667,1.0,,6,-13.393,4,30,13,799,0.4305
10.853,15.163,0.0,1066.06,6.0,99.621,0.8,,0,-97.868,5,30,2,358,0.4134
10.88,15.637,0.0,958.44,6.0,99.836,0.85,,0,-98.083,5,30,4,484,0.4153
11.128,15.226,0.0,942.16,6.0,99.915,0.9,,1,-98.116,5,30,4,395,0.4203
12.546,23.479,0.0,918.27,6.0,99.802,0.95,,2,-98.163,5,30,8,674,0.4036
13.656,23.688,0.0,1955.41,6.0,99.962,1.0,,5,-96.089,5,30,13,799,0.4305
10.781,15.341,0.0,885.2,6.0,99.671,0.8,,0,-98.23,6,30,2,342,0.4211
10.984,15.572,0.0,899.64,6.0,99.881,0.85,,0,-98.201,6,30,3,305,0.4262
11.077,15.097,0.0,843.72,6.0,99.95,0.9,,0,-98.313,6,30,3,302,0.4338
11.554,22.636,0.0,276.99,6.0,99.955,0.95,,2,-99.446,6,30,7,563,0.4121
12.044,25.34,0.0,393.54,6.0,99.951,1.0,,3,-99.213,6,30,7,400,0.4275
10.781,15.341,0.0,885.2,6.0,99.671,0.8,,0,-98.23,7,30,2,342,0.4211
10.984,15.572,0.0,899.64,6.0,99.881,0.85,,0,-98.201,7,30,3,305,0.4262
11.077,15.097,0.0,843.72,6.0,99.95,0.9,,0,-98.313,7,30,3,302,0.4338
11.554,22.636,0.0,276.99,6.0,99.955,0.95,,2,-99.446,7,30,7,563,0.4121
12.044,25.34,0.0,393.54,6.0,99.951,1.0,,3,-99.213,7,30,7,400,0.4275
10.781,15.341,0.0,885.2,6.0,99.671,0.8,,0,-98.23,8,30,2,342,0.4211
10.984,15.572,0.0,899.64,6.0,99.881,0.85,,0,-98.201,8,30,3,305,0.4262
11.077,15.097,0.0,843.72,6.0,99.95,0.9,,0,-98.313,8,30,3,302,0.4338
11.554,22.636,0.0,276.99,6.0,99.955,0.95,,2,-99.446,8,30,7,563,0.4121
12.044,25.34,0.0,393.54,6.0,99.951,1.0,,3,-99.213,8,30,7,400,0.4275
10.781,15.341,0.0,885.2,6.0,99.671,0.8,,0,-98.23,9,30,2,342,0.4211
10.984,15.572,0.0,899.64,6.0,99.881,0.85,,0,-98.201,9,30,3,305,0.4262
11.077,15.097,0.0,843.72,6.0,99.95,0.9,,0,-98.313,9,30,3,302,0.4338
11.554,22.636,0.0,276.99,6.0,99.955,0.95,,2,-99.446,9,30,7,563,0.4121
12.044,25.34,0.0,393.54,6.0,99.951,1.0,,3,-99.213,9,30,7,400,0.4275
10.781,15.341,0.0,885.2,6.0,99.671,0.8,,0,-98.23,10,30,2,342,0.4211
10.984,15.572,0.0,899.64,6.0,99.881,0.85,,0,-98.201,10,30,3,305,0.4262
11.077,15.097,0.0,843.72,6.0,99.95,0.9,,0,-98.313,10,30,3,302,0.4338
11.554,22.636,0.0,276.99,6.0,99.955,0.95,,2,-99.446,10,30,7,563,0.4121
12.044,25.34,0.0,393.54,6.0,99.951,1.0,,3,-99.213,10,30,7,400,0.4275
12.69,18.475,0.0001,7818.61,6.0,91.481,0.8,,1,-84.363,1,35,13,2827,0.4071
12.76,19.073,0.0,19455.76,6.0,80.014,0.85,,5,-61.088,1,35,13,1892,0.4064
13.041,20.274,0.0,110772.43,6.0,63.98,0.9,,7,121.545,1,35,13,1453,0.4184
12.981,21.455,0.0,237071.94,6.0,68.843,0.95,,7,374.144,1,35,13,1098,0.4208
13.656,23.688,0.0,421440.13,6.0,62.365,1.0,,9,742.88,1,35,13,799,0.4305
12.005,18.153,0.0,2677.55,6.0,98.215,0.8,,1,-94.645,2,35,8,1603,0.4024
12.847,19.212,0.0,2383.55,6.0,98.599,0.85,,4,-95.233,2,35,12,1801,0.4092
13.041,20.274,0.0,28307.26,6.0,91.899,0.9,,6,-43.385,2,35,13,1453,0.4184
12.981,21.455,0.0,205375.59,6.0,93.121,0.95,,7,310.751,2,35,13,1098,0.4208
13.656,23.688,0.0,833556.73,6.0,88.404,1.0,,8,1567.113,2,35,13,799,0.4305
10.869,14.213,0.0,1673.49,6.0,99.196,0.8,,0,-96.653,3,35,4,774,0.416
12.158,19.378,0.0,1218.05,6.0,99.566,0.85,,2,-97.564,3,35,8,1127,0.4002
13.046,20.302,0.0,1746.99,6.0,99.566,0.9,,5,-96.506,3,35,13,1446,0.4184
12.981,21.455,0.0,35968.85,6.0,99.058,0.95,,7,-28.062,3,35,13,1098,0.4208
13.656,23.688,0.0,385436.67,6.0,97.596,1.0,,7,670.873,3,35,13,799,0.4305
10.856,14.53,0.0,1214.38,6.0,99.529,0.8,,0,-97.571,4,35,3,612,0.4216
10.797,16.18,0.0,1275.54,6.0,99.697,0.85,,2,-97.449,4,35,6,758,0.4063
12.439,21.125,0.0,1210.44,6.0,99.825,0.9,,2,-97.579,4,35,8,875,0.408
13.157,23.446,0.0,1314.91,6.0,99.85,0.95,,3,-97.37,4,35,10,777,0.399
13.656,23.688,0.0,43303.36,6.0,99.667,1.0,,6,-13.393,4,35,13,799,0.4305
10.853,15.163,0.0,1066.06,6.0,99.621,0.8,,0,-97.868,5,35,2,358,0.4134
10.88,15.637,0.0,958.44,6.0,99.836,0.85,,0,-98.083,5,35,4,484,0.4153
11.128,15.226,0.0,942.16,6.0,99.915,0.9,,1,-98.116,5,35,4,395,0.4203
12.546,23.479,0.0,918.27,6.0,99.802,0.95,,2,-98.163,5,35,8,674,0.4036
13.656,23.688,0.0,1955.41,6.0,99.962,1.0,,5,-96.089,5,35,13,799,0.4305
10.781,15.341,0.0,885.2,6.0,99.671,0.8,,0,-98.23,6,35,2,342,0.4211
10.984,15.572,0.0,899.64,6.0,99.881,0.85,,0,-98.201,6,35,3,305,0.4262
11.077,15.097,0.0,843.72,6.0,99.95,0.9,,0,-98.313,6,35,3,302,0.4338
11.554,22.636,0.0,276.99,6.0,99.955,0.95,,2,-99.446,6,35,7,563,0.4121
12.044,25.34,0.0,393.54,6.0,99.951,1.0,,3,-99.213,6,35,7,400,0.4275
10.781,15.341,0.0,885.2,6.0,99.671,0.8,,0,-98.23,7,35,2,342,0.4211
10.984,15.572,0.0,899.64,6.0,99.881,0.85,,0,-98.201,7,35,3,305,0.4262
11.077,15.097,0.0,843.72,6.0,99.95,0.9,,0,-98.313,7,35,3,302,0.4338
11.554,22.636,0.0,276.99,6.0,99.955,0.95,,2,-99.446,7,35,7,563,0.4121
12.044,25.34,0.0,393.54,6.0,99.951,1.0,,3,-99.213,7,35,7,400,0.4275
10.781,15.341,0.0,885.2,6.0,99.671,0.8,,0,-98.23,8,35,2,342,0.4211
10.984,15.572,0.0,899.64,6.0,99.881,0.85,,0,-98.201,8,35,3,305,0.4262
11.077,15.097,0.0,843.72,6.0,99.95,0.9,,0,-98.313,8,35,3,302,0.4338
11.554,22.636,0.0,276.99,6.0,99.955,0.95,,2,-99.446,8,35,7,563,0.4121
12.044,25.34,0.0,393.54,6.0,99.951,1.0,,3,-99.213,8,35,7,400,0.4275
10.781,15.341,0.0,885.2,6.0,99.671,0.8,,0,-98.23,9,35,2,342,0.4211
10.984,15.572,0.0,899.64,6.0,99.881,0.85,,0,-98.201,9,35,3,305,0.4262
11.077,15.097,0.0,843.72,6.0,99.95,0.9,,0,-98.313,9,35,3,302,0.4338
11.554,22.636,0.0,276.99,6.0,99.955,0.95,,2,-99.446,9,35,7,563,0.4121
12.044,25.34,0.0,393.54,6.0,99.951,1.0,,3,-99.213,9,35,7,400,0.4275
10.781,15.341,0.0,885.2,6.0,99.671,0.8,,0,-98.23,10,35,2,342,0.4211
10.984,15.572,0.0,899.64,6.0,99.881,0.85,,0,-98.201,10,35,3,305,0.4262
11.077,15.097,0.0,843.72,6.0,99.95,0.9,,0,-98.313,10,35,3,302,0.4338
11.554,22.636,0.0,276.99,6.0,99.955,0.95,,2,-99.446,10,35,7,563,0.4121
12.044,25.34,0.0,393.54,6.0,99.951,1.0,,3,-99.213,10,35,7,400,0.4275
12.69,18.475,0.0001,7818.61,6.0,91.481,0.8,,1,-84.363,1,40,13,2827,0.4071
12.76,19.073,0.0,19455.76,6.0,80.014,0.85,,5,-61.088,1,40,13,1892,0.4064
13.041,20.274,0.0,110772.43,6.0,63.98,0.9,,7,121.545,1,40,13,1453,0.4184
12.981,21.455,0.0,237071.94,6.0,68.843,0.95,,7,374.144,1,40,13,1098,0.4208
13.656,23.688,0.0,421440.13,6.0,62.365,1.0,,9,742.88,1,40,13,799,0.4305
12.005,18.153,0.0,2677.55,6.0,98.215,0.8,,1,-94.645,2,40,8,1603,0.4024
12.847,19.212,0.0,2383.55,6.0,98.599,0.85,,4,-95.233,2,40,12,1801,0.4092
13.041,20.274,0.0,28307.26,6.0,91.899,0.9,,6,-43.385,2,40,13,1453,0.4184
12.981,21.455,0.0,205375.59,6.0,93.121,0.95,,7,310.751,2,40,13,1098,0.4208
13.656,23.688,0.0,833556.73,6.0,88.404,1.0,,8,1567.113,2,40,13,799,0.4305
10.869,14.213,0.0,1673.49,6.0,99.196,0.8,,0,-96.653,3,40,4,774,0.416
12.158,19.378,0.0,1218.05,6.0,99.566,0.85,,2,-97.564,3,40,8,1127,0.4002
13.046,20.302,0.0,1746.99,6.0,99.566,0.9,,5,-96.506,3,40,13,1446,0.4184
12.981,21.455,0.0,35968.85,6.0,99.058,0.95,,7,-28.062,3,40,13,1098,0.4208
13.656,23.688,0.0,385436.67,6.0,97.596,1.0,,7,670.873,3,40,13,799,0.4305
10.856,14.53,0.0,1214.38,6.0,99.529,0.8,,0,-97.571,4,40,3,612,0.4216
10.797,16.18,0.0,1275.54,6.0,99.697,0.85,,2,-97.449,4,40,6,758,0.4063
12.439,21.125,0.0,1210.44,6.0,99.825,0.9,,2,-97.579,4,40,8,875,0.408
13.157,23.446,0.0,1314.91,6.0,99.85,0.95,,3,-97.37,4,40,10,777,0.399
13.656,23.688,0.0,43303.36,6.0,99.667,1.0,,6,-13.393,4,40,13,799,0.4305
10.853,15.163,0.0,1066.06,6.0,99.621,0.8,,0,-97.868,5,40,2,358,0.4134
10.88,15.637,0.0,958.44,6.0,99.836,0.85,,0,-98.083,5,40,4,484,0.4153
11.128,15.226,0.0,942.16,6.0,99.915,0.9,,1,-98.116,5,40,4,395,0.4203
12.546,23.479,0.0,918.27,6.0,99.802,0.95,,2,-98.163,5,40,8,674,0.4036
13.656,23.688,0.0,1955.41,6.0,99.962,1.0,,5,-96.089,5,40,13,799,0.4305
10.781,15.341,0.0,885.2,6.0,99.671,0.8,,0,-98.23,6,40,2,342,0.4211
10.984,15.572,0.0,899.64,6.0,99.881,0.85,,0,-98.201,6,40,3,305,0.4262
11.077,15.097,0.0,843.72,6.0,99.95,0.9,,0,-98.313,6,40,3,302,0.4338
11.554,22.636,0.0,276.99,6.0,99.955,0.95,,2,-99.446,6,40,7,563,0.4121
12.044,25.34,0.0,393.54,6.0,99.951,1.0,,3,-99.213,6,40,7,400,0.4275
10.781,15.341,0.0,885.2,6.0,99.671,0.8,,0,-98.23,7,40,2,342,0.4211
10.984,15.572,0.0,899.64,6.0,99.881,0.85,,0,-98.201,7,40,3,305,0.4262
11.077,15.097,0.0,843.72,6.0,99.95,0.9,,0,-98.313,7,40,3,302,0.4338
11.554,22.636,0.0,276.99,6.0,99.955,0.95,,2,-99.446,7,40,7,563,0.4121
12.044,25.34,0.0,393.54,6.0,99.951,1.0,,3,-99.213,7,40,7,400,0.4275
10.781,15.341,0.0,885.2,6.0,99.671,0.8,,0,-98.23,8,40,2,342,0.4211
10.984,15.572,0.0,899.64,6.0,99.881,0.85,,0,-98.201,8,40,3,305,0.4262
11.077,15.097,0.0,843.72,6.0,99.95,0.9,,0,-98.313,8,40,3,302,0.4338
11.554,22.636,0.0,276.99,6.0,99.955,0.95,,2,-99.446,8,40,7,563,0.4121
12.044,25.34,0.0,393.54,6.0,99.951,1.0,,3,-99.213,8,40,7,400,0.4275
10.781,15.341,0.0,885.2,6.0,99.671,0.8,,0,-98.23,9,40,2,342,0.4211
10.984,15.572,0.0,899.64,6.0,99.881,0.85,,0,-98.201,9,40,3,305,0.4262
11.077,15.097,0.0,843.72,6.0,99.95,0.9,,0,-98.313,9,40,3,302,0.4338
11.554,22.636,0.0,276.99,6.0,99.955,0.95,,2,-99.446,9,40,7,563,0.4121
12.044,25.34,0.0,393.54,6.0,99.951,1.0,,3,-99.213,9,40,7,400,0.4275
10.781,15.341,0.0,885.2,6.0,99.671,0.8,,0,-98.23,10,40,2,342,0.4211
10.984,15.572,0.0,899.64,6.0,99.881,0.85,,0,-98.201,10,40,3,305,0.4262
11.077,15.097,0.0,843.72,6.0,99.95,0.9,,0,-98.313,10,40,3,302,0.4338
11.554,22.636,0.0,276.99,6.0,99.955,0.95,,2,-99.446,10,40,7,563,0.4121
12.044,25.34,0.0,393.54,6.0,99.951,1.0,,3,-99.213,10,40,7,400,0.4275
12.69,18.475,0.0001,7818.61,6.0,91.481,0.8,,1,-84.363,1,45,13,2827,0.4071
12.76,19.073,0.0,19455.76,6.0,80.014,0.85,,5,-61.088,1,45,13,1892,0.4064
13.041,20.274,0.0,110772.43,6.0,63.98,0.9,,7,121.545,1,45,13,1453,0.4184
12.981,21.455,0.0,237071.94,6.0,68.843,0.95,,7,374.144,1,45,13,1098,0.4208
13.656,23.688,0.0,421440.13,6.0,62.365,1.0,,9,742.88,1,45,13,799,0.4305
12.005,18.153,0.0,2677.55,6.0,98.215,0.8,,1,-94.645,2,45,8,1603,0.4024
12.847,19.212,0.0,2383.55,6.0,98.599,0.85,,4,-95.233,2,45,12,1801,0.4092
13.041,20.274,0.0,28307.26,6.0,91.899,0.9,,6,-43.385,2,45,13,1453,0.4184
12.981,21.455,0.0,205375.59,6.0,93.121,0.95,,7,310.751,2,45,13,1098,0.4208
13.656,23.688,0.0,833556.73,6.0,88.404,1.0,,8,1567.113,2,45,13,799,0.4305
10.869,14.213,0.0,1673.49,6.0,99.196,0.8,,0,-96.653,3,45,4,774,0.416
12.158,19.378,0.0,1218.05,6.0,99.566,0.85,,2,-97.564,3,45,8,1127,0.4002
13.046,20.302,0.0,1746.99,6.0,99.566,0.9,,5,-96.506,3,45,13,1446,0.4184
12.981,21.455,0.0,35968.85,6.0,99.058,0.95,,7,-28.062,3,45,13,1098,0.4208
13.656,23.688,0.0,385436.67,6.0,97.596,1.0,,7,670.873,3,45,13,799,0.4305
10.856,14.53,0.0,1214.38,6.0,99.529,0.8,,0,-97.571,4,45,3,612,0.4216
10.797,16.18,0.0,1275.54,6.0,99.697,0.85,,2,-97.449,4,45,6,758,0.4063
12.439,21.125,0.0,1210.44,6.0,99.825,0.9,,2,-97.579,4,45,8,875,0.408
13.157,23.446,0.0,1314.91,6.0,99.85,0.95,,3,-97.37,4,45,10,777,0.399
13.656,23.688,0.0,43303.36,6.0,99.667,1.0,,6,-13.393,4,45,13,799,0.4305
10.853,15.163,0.0,1066.06,6.0,99.621,0.8,,0,-97.868,5,45,2,358,0.4134
10.88,15.637,0.0,958.44,6.0,99.836,0.85,,0,-98.083,5,45,4,484,0.4153
11.128,15.226,0.0,942.16,6.0,99.915,0.9,,1,-98.116,5,45,4,395,0.4203
12.546,23.479,0.0,918.27,6.0,99.802,0.95,,2,-98.163,5,45,8,674,0.4036
13.656,23.688,0.0,1955.41,6.0,99.962,1.0,,5,-96.089,5,45,13,799,0.4305
10.781,15.341,0.0,885.2,6.0,99.671,0.8,,0,-98.23,6,45,2,342,0.4211
10.984,15.572,0.0,899.64,6.0,99.881,0.85,,0,-98.201,6,45,3,305,0.4262
11.077,15.097,0.0,843.72,6.0,99.95,0.9,,0,-98.313,6,45,3,302,0.4338
11.554,22.636,0.0,276.99,6.0,99.955,0.95,,2,-99.446,6,45,7,563,0.4121
12.044,25.34,0.0,393.54,6.0,99.951,1.0,,3,-99.213,6,45,7,400,0.4275
10.781,15.341,0.0,885.2,6.0,99.671,0.8,,0,-98.23,7,45,2,342,0.4211
10.984,15.572,0.0,899.64,6.0,99.881,0.85,,0,-98.201,7,45,3,305,0.4262
11.077,15.097,0.0,843.72,6.0,99.95,0.9,,0,-98.313,7,45,3,302,0.4338
11.554,22.636,0.0,276.99,6.0,99.955,0.95,,2,-99.446,7,45,7,563,0.4121
12.044,25.34,0.0,393.54,6.0,99.951,1.0,,3,-99.213,7,45,7,400,0.4275
10.781,15.341,0.0,885.2,6.0,99.671,0.8,,0,-98.23,8,45,2,342,0.4211
10.984,15.572,0.0,899.64,6.0,99.881,0.85,,0,-98.201,8,45,3,305,0.4262
11.077,15.097,0.0,843.72,6.0,99.95,0.9,,0,-98.313,8,45,3,302,0.4338
11.554,22.636,0.0,276.99,6.0,99.955,0.95,,2,-99.446,8,45,7,563,0.4121
12.044,25.34,0.0,393.54,6.0,99.951,1.0,,3,-99.213,8,45,7,400,0.4275
10.781,15.341,0.0,885.2,6.0,99.671,0.8,,0,-98.23,9,45,2,342,0.4211
10.984,15.572,0.0,899.64,6.0,99.881,0.85,,0,-98.201,9,45,3,305,0.4262
11.077,15.097,0.0,843.72,6.0,99.95,0.9,,0,-98.313,9,45,3,302,0.4338
11.554,22.636,0.0,276.99,6.0,99.955,0.95,,2,-99.446,9,45,7,563,0.4121
12.044,25.34,0.0,393.54,6.0,99.951,1.0,,3,-99.213,9,45,7,400,0.4275
10.781,15.341,0.0,885.2,6.0,99.671,0.8,,0,-98.23,10,45,2,342,0.4211
10.984,15.572,0.0,899.64,6.0,99.881,0.85,,0,-98.201,10,45,3,305,0.4262
11.077,15.097,0.0,843.72,6.0,99.95,0.9,,0,-98.313,10,45,3,302,0.4338
11.554,22.636,0.0,276.99,6.0,99.955,0.95,,2,-99.446,10,45,7,563,0.4121
12.044,25.34,0.0,393.54,6.0,99.951,1.0,,3,-99.213,10,45,7,400,0.4275
12.69,18.475,0.0001,7818.61,6.0,91.481,0.8,,1,-84.363,1,50,13,2827,0.4071
12.76,19.073,0.0,19455.76,6.0,80.014,0.85,,5,-61.088,1,50,13,1892,0.4064
13.041,20.274,0.0,110772.43,6.0,63.98,0.9,,7,121.545,1,50,13,1453,0.4184
12.981,21.455,0.0,237071.94,6.0,68.843,0.95,,7,374.144,1,50,13,1098,0.4208
13.656,23.688,0.0,421440.13,6.0,62.365,1.0,,9,742.88,1,50,13,799,0.4305
12.005,18.153,0.0,2677.55,6.0,98.215,0.8,,1,-94.645,2,50,8,1603,0.4024
12.847,19.212,0.0,2383.55,6.0,98.599,0.85,,4,-95.233,2,50,12,1801,0.4092
13.041,20.274,0.0,28307.26,6.0,91.899,0.9,,6,-43.385,2,50,13,1453,0.4184
12.981,21.455,0.0,205375.59,6.0,93.121,0.95,,7,310.751,2,50,13,1098,0.4208
13.656,23.688,0.0,833556.73,6.0,88.404,1.0,,8,1567.113,2,50,13,799,0.4305
10.869,14.213,0.0,1673.49,6.0,99.196,0.8,,0,-96.653,3,50,4,774,0.416
12.158,19.378,0.0,1218.05,6.0,99.566,0.85,,2,-97.564,3,50,8,1127,0.4002
13.046,20.302,0.0,1746.99,6.0,99.566,0.9,,5,-96.506,3,50,13,1446,0.4184
12.981,21.455,0.0,35968.85,6.0,99.058,0.95,,7,-28.062,3,50,13,1098,0.4208
13.656,23.688,0.0,385436.67,6.0,97.596,1.0,,7,670.873,3,50,13,799,0.4305
10.856,14.53,0.0,1214.38,6.0,99.529,0.8,,0,-97.571,4,50,3,612,0.4216
10.797,16.18,0.0,1275.54,6.0,99.697,0.85,,2,-97.449,4,50,6,758,0.4063
12.439,21.125,0.0,1210.44,6.0,99.825,0.9,,2,-97.579,4,50,8,875,0.408
13.157,23.446,0.0,1314.91,6.0,99.85,0.95,,3,-97.37,4,50,10,777,0.399
13.656,23.688,0.0,43303.36,6.0,99.667,1.0,,6,-13.393,4,50,13,799,0.4305
10.853,15.163,0.0,1066.06,6.0,99.621,0.8,,0,-97.868,5,50,2,358,0.4134
10.88,15.637,0.0,958.44,6.0,99.836,0.85,,0,-98.083,5,50,4,484,0.4153
11.128,15.226,0.0,942.16,6.0,99.915,0.9,,1,-98.116,5,50,4,395,0.4203
12.546,23.479,0.0,918.27,6.0,99.802,0.95,,2,-98.163,5,50,8,674,0.4036
13.656,23.688,0.0,1955.41,6.0,99.962,1.0,,5,-96.089,5,50,13,799,0.4305
10.781,15.341,0.0,885.2,6.0,99.671,0.8,,0,-98.23,6,50,2,342,0.4211
10.984,15.572,0.0,899.64,6.0,99.881,0.85,,0,-98.201,6,50,3,305,0.4262
11.077,15.097,0.0,843.72,6.0,99.95,0.9,,0,-98.313,6,50,3,302,0.4338
11.554,22.636,0.0,276.99,6.0,99.955,0.95,,2,-99.446,6,50,7,563,0.4121
12.044,25.34,0.0,393.54,6.0,99.951,1.0,,3,-99.213,6,50,7,400,0.4275
10.781,15.341,0.0,885.2,6.0,99.671,0.8,,0,-98.23,7,50,2,342,0.4211
10.984,15.572,0.0,899.64,6.0,99.881,0.85,,0,-98.201,7,50,3,305,0.4262
11.077,15.097,0.0,843.72,6.0,99.95,0.9,,0,-98.313,7,50,3,302,0.4338
11.554,22.636,0.0,276.99,6.0,99.955,0.95,,2,-99.446,7,50,7,563,0.4121
12.044,25.34,0.0,393.54,6.0,99.951,1.0,,3,-99.213,7,50,7,400,0.4275
10.781,15.341,0.0,885.2,6.0,99.671,0.8,,0,-98.23,8,50,2,342,0.4211
10.984,15.572,0.0,899.64,6.0,99.881,0.85,,0,-98.201,8,50,3,305,0.4262
11.077,15.097,0.0,843.72,6.0,99.95,0.9,,0,-98.313,8,50,3,302,0.4338
11.554,22.636,0.0,276.99,6.0,99.955,0.95,,2,-99.446,8,50,7,563,0.4121
12.044,25.34,0.0,393.54,6.0,99.951,1.0,,3,-99.213,8,50,7,400,0.4275
10.781,15.341,0.0,885.2,6.0,99.671,0.8,,0,-98.23,9,50,2,342,0.4211
10.984,15.572,0.0,899.64,6.0,99.881,0.85,,0,-98.201,9,50,3,305,0.4262
11.077,15.097,0.0,843.72,6.0,99.95,0.9,,0,-98.313,9,50,3,302,0.4338
11.554,22.636,0.0,276.99,6.0,99.955,0.95,,2,-99.446,9,50,7,563,0.4121
12.044,25.34,0.0,393.54,6.0,99.951,1.0,,3,-99.213,9,50,7,400,0.4275
10.781,15.341,0.0,885.2,6.0,99.671,0.8,,0,-98.23,10,50,2,342,0.4211
10.984,15.572,0.0,899.64,6.0,99.881,0.85,,0,-98.201,10,50,3,305,0.4262
11.077,15.097,0.0,843.72,6.0,99.95,0.9,,0,-98.313,10,50,3,302,0.4338
11.554,22.636,0.0,276.99,6.0,99.955,0.95,,2,-99.446,10,50,7,563,0.4121
12.044,25.34,0.0,393.54,6.0,99.951,1.0,,3,-99.213,10,50,7,400,0.4275
12.69,18.475,0.0001,7818.61,6.0,91.481,0.8,,1,-84.363,1,55,13,2827,0.4071
12.76,19.073,0.0,19455.76,6.0,80.014,0.85,,5,-61.088,1,55,13,1892,0.4064
13.041,20.274,0.0,110772.43,6.0,63.98,0.9,,7,121.545,1,55,13,1453,0.4184
12.981,21.455,0.0,237071.94,6.0,68.843,0.95,,7,374.144,1,55,13,1098,0.4208
13.656,23.688,0.0,421440.13,6.0,62.365,1.0,,9,742.88,1,55,13,799,0.4305
12.005,18.153,0.0,2677.55,6.0,98.215,0.8,,1,-94.645,2,55,8,1603,0.4024
12.847,19.212,0.0,2383.55,6.0,98.599,0.85,,4,-95.233,2,55,12,1801,0.4092
13.041,20.274,0.0,28307.26,6.0,91.899,0.9,,6,-43.385,2,55,13,1453,0.4184
12.981,21.455,0.0,205375.59,6.0,93.121,0.95,,7,310.751,2,55,13,1098,0.4208
13.656,23.688,0.0,833556.73,6.0,88.404,1.0,,8,1567.113,2,55,13,799,0.4305
10.869,14.213,0.0,1673.49,6.0,99.196,0.8,,0,-96.653,3,55,4,774,0.416
12.158,19.378,0.0,1218.05,6.0,99.566,0.85,,2,-97.564,3,55,8,1127,0.4002
13.046,20.302,0.0,1746.99,6.0,99.566,0.9,,5,-96.506,3,55,13,1446,0.4184
12.981,21.455,0.0,35968.85,6.0,99.058,0.95,,7,-28.062,3,55,13,1098,0.4208
13.656,23.688,0.0,385436.67,6.0,97.596,1.0,,7,670.873,3,55,13,799,0.4305
10.856,14.53,0.0,1214.38,6.0,99.529,0.8,,0,-97.571,4,55,3,612,0.4216
10.797,16.18,0.0,1275.54,6.0,99.697,0.85,,2,-97.449,4,55,6,758,0.4063
12.439,21.125,0.0,1210.44,6.0,99.825,0.9,,2,-97.579,4,55,8,875,0.408
13.157,23.446,0.0,1314.91,6.0,99.85,0.95,,3,-97.37,4,55,10,777,0.399
13.656,23.688,0.0,43303.36,6.0,99.667,1.0,,6,-13.393,4,55,13,799,0.4305
10.853,15.163,0.0,1066.06,6.0,99.621,0.8,,0,-97.868,5,55,2,358,0.4134
10.88,15.637,0.0,958.44,6.0,99.836,0.85,,0,-98.083,5,55,4,484,0.4153
11.128,15.226,0.0,942.16,6.0,99.915,0.9,,1,-98.116,5,55,4,395,0.4203
12.546,23.479,0.0,918.27,6.0,99.802,0.95,,2,-98.163,5,55,8,674,0.4036
13.656,23.688,0.0,1955.41,6.0,99.962,1.0,,5,-96.089,5,55,13,799,0.4305
10.781,15.341,0.0,885.2,6.0,99.671,0.8,,0,-98.23,6,55,2,342,0.4211
10.984,15.572,0.0,899.64,6.0,99.881,0.85,,0,-98.201,6,55,3,305,0.4262
11.077,15.097,0.0,843.72,6.0,99.95,0.9,,0,-98.313,6,55,3,302,0.4338
11.554,22.636,0.0,276.99,6.0,99.955,0.95,,2,-99.446,6,55,7,563,0.4121
12.044,25.34,0.0,393.54,6.0,99.951,1.0,,3,-99.213,6,55,7,400,0.4275
10.781,15.341,0.0,885.2,6.0,99.671,0.8,,0,-98.23,7,55,2,342,0.4211
10.984,15.572,0.0,899.64,6.0,99.881,0.85,,0,-98.201,7,55,3,305,0.4262
11.077,15.097,0.0,843.72,6.0,99.95,0.9,,0,-98.313,7,55,3,302,0.4338
11.554,22.636,0.0,276.99,6.0,99.955,0.95,,2,-99.446,7,55,7,563,0.4121
12.044,25.34,0.0,393.54,6.0,99.951,1.0,,3,-99.213,7,55,7,400,0.4275
10.781,15.341,0.0,885.2,6.0,99.671,0.8,,0,-98.23,8,55,2,342,0.4211
10.984,15.572,0.0,899.64,6.0,99.881,0.85,,0,-98.201,8,55,3,305,0.4262
11.077,15.097,0.0,843.72,6.0,99.95,0.9,,0,-98.313,8,55,3,302,0.4338
11.554,22.636,0.0,276.99,6.0,99.955,0.95,,2,-99.446,8,55,7,563,0.4121
12.044,25.34,0.0,393.54,6.0,99.951,1.0,,3,-99.213,8,55,7,400,0.4275
10.781,15.341,0.0,885.2,6.0,99.671,0.8,,0,-98.23,9,55,2,342,0.4211
10.984,15.572,0.0,899.64,6.0,99.881,0.85,,0,-98.201,9,55,3,305,0.4262
11.077,15.097,0.0,843.72,6.0,99.95,0.9,,0,-98.313,9,55,3,302,0.4338
11.554,22.636,0.0,276.99,6.0,99.955,0.95,,2,-99.446,9,55,7,563,0.4121
12.044,25.34,0.0,393.54,6.0,99.951,1.0,,3,-99.213,9,55,7,400,0.4275
10.781,15.341,0.0,885.2,6.0,99.671,0.8,,0,-98.23,10,55,2,342,0.4211
10.984,15.572,0.0,899.64,6.0,99.881,0.85,,0,-98.201,10,55,3,305,0.4262
11.077,15.097,0.0,843.72,6.0,99.95,0.9,,0,-98.313,10,55,3,302,0.4338
11.554,22.636,0.0,276.99,6.0,99.955,0.95,,2,-99.446,10,55,7,563,0.4121
12.044,25.34,0.0,393.54,6.0,99.951,1.0,,3,-99.213,10,55,7,400,0.4275
12.69,18.475,0.0001,7818.61,6.0,91.481,0.8,,1,-84.363,1,60,13,2827,0.4071
12.76,19.073,0.0,19455.76,6.0,80.014,0.85,,5,-61.088,1,60,13,1892,0.4064
13.041,20.274,0.0,110772.43,6.0,63.98,0.9,,7,121.545,1,60,13,1453,0.4184
12.981,21.455,0.0,237071.94,6.0,68.843,0.95,,7,374.144,1,60,13,1098,0.4208
13.656,23.688,0.0,421440.13,6.0,62.365,1.0,,9,742.88,1,60,13,799,0.4305
12.005,18.153,0.0,2677.55,6.0,98.215,0.8,,1,-94.645,2,60,8,1603,0.4024
12.847,19.212,0.0,2383.55,6.0,98.599,0.85,,4,-95.233,2,60,12,1801,0.4092
13.041,20.274,0.0,28307.26,6.0,91.899,0.9,,6,-43.385,2,60,13,1453,0.4184
12.981,21.455,0.0,205375.59,6.0,93.121,0.95,,7,310.751,2,60,13,1098,0.4208
13.656,23.688,0.0,833556.73,6.0,88.404,1.0,,8,1567.113,2,60,13,799,0.4305
10.869,14.213,0.0,1673.49,6.0,99.196,0.8,,0,-96.653,3,60,4,774,0.416
12.158,19.378,0.0,1218.05,6.0,99.566,0.85,,2,-97.564,3,60,8,1127,0.4002
13.046,20.302,0.0,1746.99,6.0,99.566,0.9,,5,-96.506,3,60,13,1446,0.4184
12.981,21.455,0.0,35968.85,6.0,99.058,0.95,,7,-28.062,3,60,13,1098,0.4208
13.656,23.688,0.0,385436.67,6.0,97.596,1.0,,7,670.873,3,60,13,799,0.4305
10.856,14.53,0.0,1214.38,6.0,99.529,0.8,,0,-97.571,4,60,3,612,0.4216
10.797,16.18,0.0,1275.54,6.0,99.697,0.85,,2,-97.449,4,60,6,758,0.4063
12.439,21.125,0.0,1210.44,6.0,99.825,0.9,,2,-97.579,4,60,8,875,0.408
13.157,23.446,0.0,1314.91,6.0,99.85,0.95,,3,-97.37,4,60,10,777,0.399
13.656,23.688,0.0,43303.36,6.0,99.667,1.0,,6,-13.393,4,60,13,799,0.4305
10.853,15.163,0.0,1066.06,6.0,99.621,0.8,,0,-97.868,5,60,2,358,0.4134
10.88,15.637,0.0,958.44,6.0,99.836,0.85,,0,-98.083,5,60,4,484,0.4153
11.128,15.226,0.0,942.16,6.0,99.915,0.9,,1,-98.116,5,60,4,395,0.4203
12.546,23.479,0.0,918.27,6.0,99.802,0.95,,2,-98.163,5,60,8,674,0.4036
13.656,23.688,0.0,1955.41,6.0,99.962,1.0,,5,-96.089,5,60,13,799,0.4305
10.781,15.341,0.0,885.2,6.0,99.671,0.8,,0,-98.23,6,60,2,342,0.4211
10.984,15.572,0.0,899.64,6.0,99.881,0.85,,0,-98.201,6,60,3,305,0.4262
11.077,15.097,0.0,843.72,6.0,99.95,0.9,,0,-98.313,6,60,3,302,0.4338
11.554,22.636,0.0,276.99,6.0,99.955,0.95,,2,-99.446,6,60,7,563,0.4121
12.044,25.34,0.0,393.54,6.0,99.951,1.0,,3,-99.213,6,60,7,400,0.4275
10.781,15.341,0.0,885.2,6.0,99.671,0.8,,0,-98.23,7,60,2,342,0.4211
10.984,15.572,0.0,899.64,6.0,99.881,0.85,,0,-98.201,7,60,3,305,0.4262
11.077,15.097,0.0,843.72,6.0,99.95,0.9,,0,-98.313,7,60,3,302,0.4338
11.554,22.636,0.0,276.99,6.0,99.955,0.95,,2,-99.446,7,60,7,563,0.4121
12.044,25.34,0.0,393.54,6.0,99.951,1.0,,3,-99.213,7,60,7,400,0.4275
10.781,15.341,0.0,885.2,6.0,99.671,0.8,,0,-98.23,8,60,2,342,0.4211
10.984,15.572,0.0,899.64,6.0,99.881,0.85,,0,-98.201,8,60,3,305,0.4262
11.077,15.097,0.0,843.72,6.0,99.95,0.9,,0,-98.313,8,60,3,302,0.4338
11.554,22.636,0.0,276.99,6.0,99.955,0.95,,2,-99.446,8,60,7,563,0.4121
12.044,25.34,0.0,393.54,6.0,99.951,1.0,,3,-99.213,8,60,7,400,0.4275
10.781,15.341,0.0,885.2,6.0,99.671,0.8,,0,-98.23,9,60,2,342,0.4211
10.984,15.572,0.0,899.64,6.0,99.881,0.85,,0,-98.201,9,60,3,305,0.4262
11.077,15.097,0.0,843.72,6.0,99.95,0.9,,0,-98.313,9,60,3,302,0.4338
11.554,22.636,0.0,276.99,6.0,99.955,0.95,,2,-99.446,9,60,7,563,0.4121
12.044,25.34,0.0,393.54,6.0,99.951,1.0,,3,-99.213,9,60,7,400,0.4275
10.781,15.341,0.0,885.2,6.0,99.671,0.8,,0,-98.23,10,60,2,342,0.4211
10.984,15.572,0.0,899.64,6.0,99.881,0.85,,0,-98.201,10,60,3,305,0.4262
11.077,15.097,0.0,843.72,6.0,99.95,0.9,,0,-98.313,10,60,3,302,0.4338
11.554,22.636,0.0,276.99,6.0,99.955,0.95,,2,-99.446,10,60,7,563,0.4121
12.044,25.34,0.0,393.54,6.0,99.951,1.0,,3,-99.213,10,60,7,400,0.4275
12.849,18.38,0.0,10326.8,6.5,88.115,0.8,,4,-79.346,1,5,13,2824,0.4111
12.842,18.924,0.0,31957.32,6.5,72.765,0.85,,5,-36.085,1,5,13,1891,0.4125
13.116,20.003,0.0,120833.26,6.5,60.527,0.9,,7,141.667,1,5,13,1453,0.4246
13.078,21.112,0.0,257710.74,6.5,65.486,0.95,,8,415.421,1,5,13,1098,0.4281
13.742,23.241,0.0,429408.31,6.5,59.16,1.0,,9,758.817,1,5,13,799,0.4393
12.357,18.245,0.0,2846.86,6.5,97.888,0.8,,1,-94.306,2,5,8,1618,0.4073
12.842,18.924,0.0,3230.9,6.5,97.91,0.85,,4,-93.538,2,5,13,1891,0.4125
13.116,20.003,0.0,53606.75,6.5,88.942,0.9,,6,7.213,2,5,13,1453,0.4246
13.078,21.112,0.0,284011.14,6.5,91.271,0.95,,8,468.022,2,5,13,1098,0.4281
13.742,23.241,0.0,1036625.15,6.5,85.756,1.0,,8,1973.25,2,5,13,799,0.4393
11.302,14.452,0.0,1887.69,6.5,98.978,0.8,,0,-96.225,3,5,4,774,0.4212
12.669,19.816,0.0,1743.57,6.5,99.262,0.85,,3,-96.513,3,5,9,1181,0.4039
13.116,20.003,0.0,5032.7,6.5,98.758,0.9,,6,-89.935,3,5,13,1453,0.4246
13.078,21.112,0.0,82558.93,6.5,98.386,0.95,,8,65.118,3,5,13,1098,0.4281
13.742,23.241,0.0,758885.97,6.5,96.435,1.0,,8,1417.772,3,5,13,799,0.4393
11.279,14.613,0.0,1419.39,6.5,99.368,0.8,,0,-97.161,4,5,3,607,0.4283
11.472,16.646,0.0,1411.25,6.5,99.585,0.85,,3,-97.178,4,5,7,955,0.4147
12.955,21.378,0.0,1328.56,6.5,99.737,0.9,,3,-97.343,4,5,9,910,0.4121
13.078,21.112,0.0,7762.96,6.5,99.787,0.95,,6,-84.474,4,5,13,1098,0.4281
13.742,23.241,0.0,172052.52,6.5,99.372,1.0,,7,244.105,4,5,13,799,0.4393
11.461,15.095,0.0,1058.45,6.5,99.579,0.8,,0,-97.883,5,5,3,432,0.4259
11.056,16.285,0.0,1060.55,6.5,99.774,0.85,,1,-97.879,5,5,5,746,0.4155
11.683,17.396,0.0,1069.74,6.5,99.861,0.9,,2,-97.861,5,5,7,739,0.4235
12.892,23.28,0.0,1168.44,6.5,99.827,0.95,,2,-97.663,5,5,9,686,0.4052
13.742,23.241,0.0,10611.35,6.5,99.92,1.0,,6,-78.777,5,5,13,799,0.4393
11.169,15.464,0.0,961.85,6.5,99.595,0.8,,0,-98.076,6,5,2,341,0.4252
11.138,15.072,0.0,885.2,6.5,99.852,0.85,,0,-98.23,6,5,3,406,0.4335
11.388,15.111,0.0026,963.42,6.5,99.913,0.9,,1,-98.073,6,5,4,340,0.4324
12.616,23.288,0.0,456.01,6.5,99.898,0.95,,2,-99.088,6,5,8,649,0.4145
13.812,26.089,0.0,481.74,6.5,99.973,1.0,,3,-99.037,6,5,9,492,0.4146
12.1,14.8,0.0,843.46,6.5,99.63,0.8,,0,-98.313,7,5,2,202,0.4505
11.181,15.042,0.0,797.26,6.5,99.879,0.85,,0,-98.405,7,5,3,337,0.4392
11.25,15.302,0.0,891.24,6.5,99.931,0.9,,0,-98.218,7,5,3,298,0.443
11.823,22.486,0.0,166.21,6.5,99.967,0.95,,2,-99.668,7,5,7,563,0.421
12.423,25.195,0.0,426.35,6.5,99.939,1.0,,3,-99.147,7,5,7,400,0.4375
12.1,14.8,0.0,843.46,6.5,99.63,0.8,,0,-98.313,8,5,2,202,0.4505
11.181,15.042,0.0,797.26,6.5,99.879,0.85,,0,-98.405,8,5,3,337,0.4392
11.25,15.302,0.0,891.24,6.5,99.931,0.9,,0,-98.218,8,5,3,298,0.443
11.823,22.486,0.0,166.21,6.5,99.967,0.95,,2,-99.668,8,5,7,563,0.421
12.423,25.195,0.0,426.35,6.5,99.939,1.0,,3,-99.147,8,5,7,400,0.4375
12.1,14.8,0.0,843.46,6.5,99.63,0.8,,0,-98.313,9,5,2,202,0.4505
11.181,15.042,0.0,797.26,6.5,99.879,0.85,,0,-98.405,9,5,3,337,0.4392
11.25,15.302,0.0,891.24,6.5,99.931,0.9,,0,-98.218,9,5,3,298,0.443
11.823,22.486,0.0,166.21,6.5,99.967,0.95,,2,-99.668,9,5,7,563,0.421
12.423,25.195,0.0,426.35,6.5,99.939,1.0,,3,-99.147,9,5,7,400,0.4375
12.1,14.8,0.0,843.46,6.5,99.63,0.8,,0,-98.313,10,5,2,202,0.4505
11.181,15.042,0.0,797.26,6.5,99.879,0.85,,0,-98.405,10,5,3,337,0.4392
11.25,15.302,0.0,891.24,6.5,99.931,0.9,,0,-98.218,10,5,3,298,0.443
11.823,22.486,0.0,166.21,6.5,99.967,0.95,,2,-99.668,10,5,7,563,0.421
12.423,25.195,0.0,426.35,6.5,99.939,1.0,,3,-99.147,10,5,7,400,0.4375
12.88,18.38,0.0,6939.76,6.5,91.734,0.8,,3,-86.12,1,10,13,2824,0.4111
12.876,18.924,0.0,28432.47,6.5,73.158,0.85,,5,-43.135,1,10,13,1891,0.4125
13.133,20.003,0.0,120918.57,6.5,60.583,0.9,,7,141.837,1,10,13,1453,0.4246
13.095,21.112,0.0,257715.46,6.5,65.255,0.95,,8,415.431,1,10,13,1098,0.4281
13.742,23.241,0.0,429408.31,6.5,59.16,1.0,,9,758.817,1,10,13,799,0.4393
12.466,18.22,0.0,2895.16,6.5,97.723,0.8,,0,-94.21,2,10,8,1624,0.407
12.881,18.938,0.0,2798.04,6.5,98.097,0.85,,4,-94.404,2,10,13,1884,0.4124
13.133,20.003,0.0,50790.91,6.5,88.829,0.9,,6,1.582,2,10,13,1453,0.4246
13.095,21.112,0.0,272948.34,6.5,91.224,0.95,,8,445.897,2,10,13,1098,0.4281
13.742,23.241,0.0,1036625.15,6.5,85.756,1.0,,8,1973.25,2,10,13,799,0.4393
11.375,14.452,0.0,1908.16,6.5,98.892,0.8,,0,-96.184,3,10,4,772,0.4223
12.464,19.391,0.0,1590.27,6.5,99.288,0.85,,3,-96.819,3,10,8,1126,0.4076
13.133,20.003,0.0,4792.77,6.5,98.732,0.9,,6,-90.414,3,10,13,1453,0.4246
13.095,21.112,0.0,78574.18,6.5,98.373,0.95,,8,57.148,3,10,13,1098,0.4281
13.742,23.241,0.0,758885.97,6.5,96.435,1.0,,8,1417.772,3,10,13,799,0.4393
11.361,14.613,0.0,1343.0,6.5,99.336,0.8,,0,-97.314,4,10,3,607,0.4283
11.524,16.646,0.0,1432.25,6.5,99.551,0.85,,3,-97.136,4,10,7,955,0.4147
12.941,21.378,0.0,1444.85,6.5,99.709,0.9,,3,-97.11,4,10,9,909,0.4125
13.095,21.112,0.0,6436.03,6.5,99.777,0.95,,5,-87.128,4,10,13,1098,0.4281
13.742,23.241,0.0,172052.52,6.5,99.372,1.0,,7,244.105,4,10,13,799,0.4393
11.522,15.095,0.0,1087.85,6.5,99.499,0.8,,0,-97.824,5,10,3,432,0.4259
11.091,16.285,0.0,1157.94,6.5,99.73,0.85,,1,-97.684,5,10,5,743,0.4172
11.717,17.396,0.0,1056.87,6.5,99.86,0.9,,2,-97.886,5,10,7,739,0.4235
12.939,23.28,0.0,1168.96,6.5,99.807,0.95,,2,-97.662,5,10,9,685,0.4058
13.742,23.241,0.0,10611.35,6.5,99.92,1.0,,6,-78.777,5,10,13,799,0.4393
11.211,15.39,0.0,948.99,6.5,99.531,0.8,,0,-98.102,6,10,2,345,0.4232
11.237,15.173,0.0,955.29,6.5,99.822,0.85,,0,-98.089,6,10,3,399,0.4361
11.409,15.111,0.0142,968.67,6.5,99.91,0.9,,1,-98.063,6,10,4,340,0.4324
12.644,23.288,0.0,418.21,6.5,99.907,0.95,,2,-99.164,6,10,8,649,0.4145
13.812,26.089,0.0,481.74,6.5,99.973,1.0,,3,-99.037,6,10,9,492,0.4146
12.297,14.8,0.0,848.45,6.5,99.567,0.8,,0,-98.303,7,10,2,200,0.455
11.24,15.042,0.0,828.5,6.5,99.859,0.85,,0,-98.343,7,10,3,337,0.4392
11.274,15.302,0.0,892.55,6.5,99.929,0.9,,0,-98.215,7,10,3,298,0.443
11.855,22.486,0.0,214.25,6.5,99.957,0.95,,2,-99.572,7,10,7,563,0.421
12.423,25.195,0.0,426.35,6.5,99.939,1.0,,3,-99.147,7,10,7,400,0.4375
12.297,14.8,0.0,848.45,6.5,99.567,0.8,,0,-98.303,8,10,2,200,0.455
11.24,15.042,0.0,828.5,6.5,99.859,0.85,,0,-98.343,8,10,3,337,0.4392
11.274,15.302,0.0,892.55,6.5,99.929,0.9,,0,-98.215,8,10,3,298,0.443
11.855,22.486,0.0,214.25,6.5,99.957,0.95,,2,-99.572,8,10,7,563,0.421
12.423,25.195,0.0,426.35,6.5,99.939,1.0,,3,-99.147,8,10,7,400,0.4375
12.297,14.8,0.0,848.45,6.5,99.567,0.8,,0,-98.303,9,10,2,200,0.455
11.24,15.042,0.0,828.5,6.5,99.859,0.85,,0,-98.343,9,10,3,337,0.4392
11.274,15.302,0.0,892.55,6.5,99.929,0.9,,0,-98.215,9,10,3,298,0.443
11.855,22.486,0.0,214.25,6.5,99.957,0.95,,2,-99.572,9,10,7,563,0.421
12.423,25.195,0.0,426.35,6.5,99.939,1.0,,3,-99.147,9,10,7,400,0.4375
12.297,14.8,0.0,848.45,6.5,99.567,0.8,,0,-98.303,10,10,2,200,0.455
11.24,15.042,0.0,828.5,6.5,99.859,0.85,,0,-98.343,10,10,3,337,0.4392
11.274,15.302,0.0,892.55,6.5,99.929,0.9,,0,-98.215,10,10,3,298,0.443
11.855,22.486,0.0,214.25,6.5,99.957,0.95,,2,-99.572,10,10,7,563,0.421
12.423,25.195,0.0,426.35,6.5,99.939,1.0,,3,-99.147,10,10,7,400,0.4375
12.986,18.457,0.0,7189.93,6.5,91.433,0.8,,3,-85.62,1,15,13,2824,0.4118
13.024,19.001,0.0,25087.44,6.5,76.339,0.85,,5,-49.825,1,15,13,1891,0.413
13.33,20.099,0.0,105741.87,6.5,60.583,0.9,,7,111.484,1,15,13,1453,0.4253
13.254,21.236,0.0,251560.89,6.5,65.255,0.95,,8,403.122,1,15,13,1098,0.429
13.966,23.4,0.0,419126.71,6.5,59.16,1.0,,9,738.253,1,15,13,799,0.4406
12.466,18.22,0.0,2895.16,6.5,97.723,0.8,,0,-94.21,2,15,8,1624,0.407
13.029,19.031,0.0,2687.52,6.5,98.172,0.85,,4,-94.625,2,15,13,1881,0.4131
13.33,20.099,0.0,38544.76,6.5,88.829,0.9,,5,-22.91,2,15,13,1453,0.4253
13.254,21.236,0.0,253553.26,6.5,91.224,0.95,,8,407.107,2,15,13,1098,0.429
13.966,23.4,0.0,964591.74,6.5,85.756,1.0,,8,1829.183,2,15,13,799,0.4406
11.375,14.452,0.0,1908.16,6.5,98.892,0.8,,0,-96.184,3,15,4,772,0.4223
12.464,19.391,0.0,1590.27,6.5,99.288,0.85,,3,-96.819,3,15,8,1126,0.4076
13.33,20.099,0.0,3448.25,6.5,98.912,0.9,,5,-93.104,3,15,13,1453,0.4253
13.254,21.236,0.0,67765.21,6.5,98.373,0.95,,8,35.53,3,15,13,1098,0.429
13.966,23.4,0.0,655883.86,6.5,96.435,1.0,,8,1211.768,3,15,13,799,0.4406
11.361,14.613,0.0,1343.0,6.5,99.336,0.8,,0,-97.314,4,15,3,607,0.4283
11.524,16.646,0.0,1432.25,6.5,99.551,0.85,,3,-97.136,4,15,7,955,0.4147
12.941,21.378,0.0,1444.85,6.5,99.709,0.9,,3,-97.11,4,15,9,909,0.4125
13.254,21.236,0.0,4770.99,6.5,99.777,0.95,,5,-90.458,4,15,13,1098,0.429
13.966,23.4,0.0,134173.51,6.5,99.372,1.0,,7,168.347,4,15,13,799,0.4406
11.522,15.095,0.0,1087.85,6.5,99.499,0.8,,0,-97.824,5,15,3,432,0.4259
11.091,16.285,0.0,1157.94,6.5,99.73,0.85,,1,-97.684,5,15,5,743,0.4172
11.717,17.396,0.0,1056.87,6.5,99.86,0.9,,2,-97.886,5,15,7,739,0.4235
12.939,23.28,0.0,1168.96,6.5,99.807,0.95,,2,-97.662,5,15,9,685,0.4058
13.966,23.4,0.0,7563.73,6.5,99.92,1.0,,6,-84.873,5,15,13,799,0.4406
11.211,15.39,0.0,948.99,6.5,99.531,0.8,,0,-98.102,6,15,2,345,0.4232
11.237,15.173,0.0,955.29,6.5,99.822,0.85,,0,-98.089,6,15,3,399,0.4361
11.409,15.111,0.0142,968.67,6.5,99.91,0.9,,1,-98.063,6,15,4,340,0.4324
12.644,23.288,0.0,418.21,6.5,99.907,0.95,,2,-99.164,6,15,8,649,0.4145
13.812,26.089,0.0,481.74,6.5,99.973,1.0,,3,-99.037,6,15,9,492,0.4146
12.297,14.8,0.0,848.45,6.5,99.567,0.8,,0,-98.303,7,15,2,200,0.455
11.24,15.042,0.0,828.5,6.5,99.859,0.85,,0,-98.343,7,15,3,337,0.4392
11.274,15.302,0.0,892.55,6.5,99.929,0.9,,0,-98.215,7,15,3,298,0.443
11.855,22.486,0.0,214.25,6.5,99.957,0.95,,2,-99.572,7,15,7,563,0.421
12.423,25.195,0.0,426.35,6.5,99.939,1.0,,3,-99.147,7,15,7,400,0.4375
12.297,14.8,0.0,848.45,6.5,99.567,0.8,,0,-98.303,8,15,2,200,0.455
11.24,15.042,0.0,828.5,6.5,99.859,0.85,,0,-98.343,8,15,3,337,0.4392
11.274,15.302,0.0,892.55,6.5,99.929,0.9,,0,-98.215,8,15,3,298,0.443
11.855,22.486,0.0,214.25,6.5,99.957,0.95,,2,-99.572,8,15,7,563,0.421
12.423,25.195,0.0,426.35,6.5,99.939,1.0,,3,-99.147,8,15,7,400,0.4375
12.297,14.8,0.0,848.45,6.5,99.567,0.8,,0,-98.303,9,15,2,200,0.455
11.24,15.042,0.0,828.5,6.5,99.859,0.85,,0,-98.343,9,15,3,337,0.4392
11.274,15.302,0.0,892.55,6.5,99.929,0.9,,0,-98.215,9,15,3,298,0.443
11.855,22.486,0.0,214.25,6.5,99.957,0.95,,2,-99.572,9,15,7,563,0.421
12.423,25.195,0.0,426.35,6.5,99.939,1.0,,3,-99.147,9,15,7,400,0.4375
12.297,14.8,0.0,848.45,6.5,99.567,0.8,,0,-98.303,10,15,2,200,0.455
11.24,15.042,0.0,828.5,6.5,99.859,0.85,,0,-98.343,10,15,3,337,0.4392
11.274,15.302,0.0,892.55,6.5,99.929,0.9,,0,-98.215,10,15,3,298,0.443
11.855,22.486,0.0,214.25,6.5,99.957,0.95,,2,-99.572,10,15,7,563,0.421
12.423,25.195,0.0,426.35,6.5,99.939,1.0,,3,-99.147,10,15,7,400,0.4375
12.986,18.457,0.0,7189.93,6.5,91.433,0.8,,3,-85.62,1,20,13,2824,0.4118
13.024,19.001,0.0,25087.44,6.5,76.339,0.85,,5,-49.825,1,20,13,1891,0.413
13.33,20.099,0.0,105741.87,6.5,60.583,0.9,,7,111.484,1,20,13,1453,0.4253
13.254,21.236,0.0,251560.89,6.5,65.255,0.95,,8,403.122,1,20,13,1098,0.429
13.966,23.4,0.0,419126.71,6.5,59.16,1.0,,9,738.253,1,20,13,799,0.4406
12.466,18.22,0.0,2895.16,6.5,97.723,0.8,,0,-94.21,2,20,8,1624,0.407
13.029,19.031,0.0,2687.52,6.5,98.172,0.85,,4,-94.625,2,20,13,1881,0.4131
13.33,20.099,0.0,38544.76,6.5,88.829,0.9,,5,-22.91,2,20,13,1453,0.4253
13.254,21.236,0.0,253553.26,6.5,91.224,0.95,,8,407.107,2,20,13,1098,0.429
13.966,23.4,0.0,964591.74,6.5,85.756,1.0,,8,1829.183,2,20,13,799,0.4406
11.375,14.452,0.0,1908.16,6.5,98.892,0.8,,0,-96.184,3,20,4,772,0.4223
12.464,19.391,0.0,1590.27,6.5,99.288,0.85,,3,-96.819,3,20,8,1126,0.4076
13.33,20.099,0.0,3448.25,6.5,98.912,0.9,,5,-93.104,3,20,13,1453,0.4253
13.254,21.236,0.0,67765.21,6.5,98.373,0.95,,8,35.53,3,20,13,1098,0.429
13.966,23.4,0.0,655883.86,6.5,96.435,1.0,,8,1211.768,3,20,13,799,0.4406
11.361,14.613,0.0,1343.0,6.5,99.336,0.8,,0,-97.314,4,20,3,607,0.4283
11.524,16.646,0.0,1432.25,6.5,99.551,0.85,,3,-97.136,4,20,7,955,0.4147
12.941,21.378,0.0,1444.85,6.5,99.709,0.9,,3,-97.11,4,20,9,909,0.4125
13.254,21.236,0.0,4770.99,6.5,99.777,0.95,,5,-90.458,4,20,13,1098,0.429
13.966,23.4,0.0,134173.51,6.5,99.372,1.0,,7,168.347,4,20,13,799,0.4406
11.522,15.095,0.0,1087.85,6.5,99.499,0.8,,0,-97.824,5,20,3,432,0.4259
11.091,16.285,0.0,1157.94,6.5,99.73,0.85,,1,-97.684,5,20,5,743,0.4172
11.717,17.396,0.0,1056.87,6.5,99.86,0.9,,2,-97.886,5,20,7,739,0.4235
12.939,23.28,0.0,1168.96,6.5,99.807,0.95,,2,-97.662,5,20,9,685,0.4058
13.966,23.4,0.0,7563.73,6.5,99.92,1.0,,6,-84.873,5,20,13,799,0.4406
11.211,15.39,0.0,948.99,6.5,99.531,0.8,,0,-98.102,6,20,2,345,0.4232
11.237,15.173,0.0,955.29,6.5,99.822,0.85,,0,-98.089,6,20,3,399,0.4361
11.409,15.111,0.0142,968.67,6.5,99.91,0.9,,1,-98.063,6,20,4,340,0.4324
12.644,23.288,0.0,418.21,6.5,99.907,0.95,,2,-99.164,6,20,8,649,0.4145
13.812,26.089,0.0,481.74,6.5,99.973,1.0,,3,-99.037,6,20,9,492,0.4146
12.297,14.8,0.0,848.45,6.5,99.567,0.8,,0,-98.303,7,20,2,200,0.455
11.24,15.042,0.0,828.5,6.5,99.859,0.85,,0,-98.343,7,20,3,337,0.4392
11.274,15.302,0.0,892.55,6.5,99.929,0.9,,0,-98.215,7,20,3,298,0.443
11.855,22.486,0.0,214.25,6.5,99.957,0.95,,2,-99.572,7,20,7,563,0.421
12.423,25.195,0.0,426.35,6.5,99.939,1.0,,3,-99.147,7,20,7,400,0.4375
12.297,14.8,0.0,848.45,6.5,99.567,0.8,,0,-98.303,8,20,2,200,0.455
11.24,15.042,0.0,828.5,6.5,99.859,0.85,,0,-98.343,8,20,3,337,0.4392
11.274,15.302,0.0,892.55,6.5,99.929,0.9,,0,-98.215,8,20,3,298,0.443
11.855,22.486,0.0,214.25,6.5,99.957,0.95,,2,-99.572,8,20,7,563,0.421
12.423,25.195,0.0,426.35,6.5,99.939,1.0,,3,-99.147,8,20,7,400,0.4375
12.297,14.8,0.0,848.45,6.5,99.567,0.8,,0,-98.303,9,20,2,200,0.455
11.24,15.042,0.0,828.5,6.5,99.859,0.85,,0,-98.343,9,20,3,337,0.4392
11.274,15.302,0.0,892.55,6.5,99.929,0.9,,0,-98.215,9,20,3,298,0.443
11.855,22.486,0.0,214.25,6.5,99.957,0.95,,2,-99.572,9,20,7,563,0.421
12.423,25.195,0.0,426.35,6.5,99.939,1.0,,3,-99.147,9,20,7,400,0.4375
12.297,14.8,0.0,848.45,6.5,99.567,0.8,,0,-98.303,10,20,2,200,0.455
11.24,15.042,0.0,828.5,6.5,99.859,0.85,,0,-98.343,10,20,3,337,0.4392
11.274,15.302,0.0,892.55,6.5,99.929,0.9,,0,-98.215,10,20,3,298,0.443
11.855,22.486,0.0,214.25,6.5,99.957,0.95,,2,-99.572,10,20,7,563,0.421
12.423,25.195,0.0,426.35,6.5,99.939,1.0,,3,-99.147,10,20,7,400,0.4375
12.986,18.457,0.0,7189.93,6.5,91.433,0.8,,3,-85.62,1,25,13,2824,0.4118
13.024,19.001,0.0,25087.44,6.5,76.339,0.85,,5,-49.825,1,25,13,1891,0.413
13.33,20.099,0.0,105741.87,6.5,60.583,0.9,,7,111.484,1,25,13,1453,0.4253
13.254,21.236,0.0,251560.89,6.5,65.255,0.95,,8,403.122,1,25,13,1098,0.429
13.966,23.4,0.0,419126.71,6.5,59.16,1.0,,9,738.253,1,25,13,799,0.4406
12.466,18.22,0.0,2895.16,6.5,97.723,0.8,,0,-94.21,2,25,8,1624,0.407
13.029,19.031,0.0,2687.52,6.5,98.172,0.85,,4,-94.625,2,25,13,1881,0.4131
13.33,20.099,0.0,38544.76,6.5,88.829,0.9,,5,-22.91,2,25,13,1453,0.4253
13.254,21.236,0.0,253553.26,6.5,91.224,0.95,,8,407.107,2,25,13,1098,0.429
13.966,23.4,0.0,964591.74,6.5,85.756,1.0,,8,1829.183,2,25,13,799,0.4406
11.375,14.452,0.0,1908.16,6.5,98.892,0.8,,0,-96.184,3,25,4,772,0.4223
12.464,19.391,0.0,1590.27,6.5,99.288,0.85,,3,-96.819,3,25,8,1126,0.4076
13.33,20.099,0.0,3448.25,6.5,98.912,0.9,,5,-93.104,3,25,13,1453,0.4253
13.254,21.236,0.0,67765.21,6.5,98.373,0.95,,8,35.53,3,25,13,1098,0.429
13.966,23.4,0.0,655883.86,6.5,96.435,1.0,,8,1211.768,3,25,13,799,0.4406
11.361,14.613,0.0,1343.0,6.5,99.336,0.8,,0,-97.314,4,25,3,607,0.4283
11.524,16.646,0.0,1432.25,6.5,99.551,0.85,,3,-97.136,4,25,7,955,0.4147
12.941,21.378,0.0,1444.85,6.5,99.709,0.9,,3,-97.11,4,25,9,909,0.4125
13.254,21.236,0.0,4770.99,6.5,99.777,0.95,,5,-90.458,4,25,13,1098,0.429
13.966,23.4,0.0,134173.51,6.5,99.372,1.0,,7,168.347,4,25,13,799,0.4406
11.522,15.095,0.0,1087.85,6.5,99.499,0.8,,0,-97.824,5,25,3,432,0.4259
11.091,16.285,0.0,1157.94,6.5,99.73,0.85,,1,-97.684,5,25,5,743,0.4172
11.717,17.396,0.0,1056.87,6.5,99.86,0.9,,2,-97.886,5,25,7,739,0.4235
12.939,23.28,0.0,1168.96,6.5,99.807,0.95,,2,-97.662,5,25,9,685,0.4058
13.966,23.4,0.0,7563.73,6.5,99.92,1.0,,6,-84.873,5,25,13,799,0.4406
11.211,15.39,0.0,948.99,6.5,99.531,0.8,,0,-98.102,6,25,2,345,0.4232
11.237,15.173,0.0,955.29,6.5,99.822,0.85,,0,-98.089,6,25,3,399,0.4361
11.409,15.111,0.0142,968.67,6.5,99.91,0.9,,1,-98.063,6,25,4,340,0.4324
12.644,23.288,0.0,418.21,6.5,99.907,0.95,,2,-99.164,6,25,8,649,0.4145
13.812,26.089,0.0,481.74,6.5,99.973,1.0,,3,-99.037,6,25,9,492,0.4146
12.297,14.8,0.0,848.45,6.5,99.567,0.8,,0,-98.303,7,25,2,200,0.455
11.24,15.042,0.0,828.5,6.5,99.859,0.85,,0,-98.343,7,25,3,337,0.4392
11.274,15.302,0.0,892.55,6.5,99.929,0.9,,0,-98.215,7,25,3,298,0.443
11.855,22.486,0.0,214.25,6.5,99.957,0.95,,2,-99.572,7,25,7,563,0.421
12.423,25.195,0.0,426.35,6.5,99.939,1.0,,3,-99.147,7,25,7,400,0.4375
12.297,14.8,0.0,848.45,6.5,99.567,0.8,,0,-98.303,8,25,2,200,0.455
11.24,15.042,0.0,828.5,6.5,99.859,0.85,,0,-98.343,8,25,3,337,0.4392
11.274,15.302,0.0,892.55,6.5,99.929,0.9,,0,-98.215,8,25,3,298,0.443
11.855,22.486,0.0,214.25,6.5,99.957,0.95,,2,-99.572,8,25,7,563,0.421
12.423,25.195,0.0,426.35,6.5,99.939,1.0,,3,-99.147,8,25,7,400,0.4375
12.297,14.8,0.0,848.45,6.5,99.567,0.8,,0,-98.303,9,25,2,200,0.455
11.24,15.042,0.0,828.5,6.5,99.859,0.85,,0,-98.343,9,25,3,337,0.4392
11.274,15.302,0.0,892.55,6.5,99.929,0.9,,0,-98.215,9,25,3,298,0.443
11.855,22.486,0.0,214.25,6.5,99.957,0.95,,2,-99.572,9,25,7,563,0.421
12.423,25.195,0.0,426.35,6.5,99.939,1.0,,3,-99.147,9,25,7,400,0.4375
12.297,14.8,0.0,848.45,6.5,99.567,0.8,,0,-98.303,10,25,2,200,0.455
11.24,15.042,0.0,828.5,6.5,99.859,0.85,,0,-98.343,10,25,3,337,0.4392
11.274,15.302,0.0,892.55,6.5,99.929,0.9,,0,-98.215,10,25,3,298,0.443
11.855,22.486,0.0,214.25,6.5,99.957,0.95,,2,-99.572,10,25,7,563,0.421
12.423,25.195,0.0,426.35,6.5,99.939,1.0,,3,-99.147,10,25,7,400,0.4375
12.986,18.457,0.0,7189.93,6.5,91.433,0.8,,3,-85.62,1,30,13,2824,0.4118
13.024,19.001,0.0,25087.44,6.5,76.339,0.85,,5,-49.825,1,30,13,1891,0.413
13.33,20.099,0.0,105741.87,6.5,60.583,0.9,,7,111.484,1,30,13,1453,0.4253
13.254,21.236,0.0,251560.89,6.5,65.255,0.95,,8,403.122,1,30,13,1098,0.429
13.966,23.4,0.0,419126.71,6.5,59.16,1.0,,9,738.253,1,30,13,799,0.4406
12.466,18.22,0.0,2895.16,6.5,97.723,0.8,,0,-94.21,2,30,8,1624,0.407
13.029,19.031,0.0,2687.52,6.5,98.172,0.85,,4,-94.625,2,30,13,1881,0.4131
13.33,20.099,0.0,38544.76,6.5,88.829,0.9,,5,-22.91,2,30,13,1453,0.4253
13.254,21.236,0.0,253553.26,6.5,91.224,0.95,,8,407.107,2,30,13,1098,0.429
13.966,23.4,0.0,964591.74,6.5,85.756,1.0,,8,1829.183,2,30,13,799,0.4406
11.375,14.452,0.0,1908.16,6.5,98.892,0.8,,0,-96.184,3,30,4,772,0.4223
12.464,19.391,0.0,1590.27,6.5,99.288,0.85,,3,-96.819,3,30,8,1126,0.4076
13.33,20.099,0.0,3448.25,6.5,98.912,0.9,,5,-93.104,3,30,13,1453,0.4253
13.254,21.236,0.0,67765.21,6.5,98.373,0.95,,8,35.53,3,30,13,1098,0.429
13.966,23.4,0.0,655883.86,6.5,96.435,1.0,,8,1211.768,3,30,13,799,0.4406
11.361,14.613,0.0,1343.0,6.5,99.336,0.8,,0,-97.314,4,30,3,607,0.4283
11.524,16.646,0.0,1432.25,6.5,99.551,0.85,,3,-97.136,4,30,7,955,0.4147
12.941,21.378,0.0,1444.85,6.5,99.709,0.9,,3,-97.11,4,30,9,909,0.4125
13.254,21.236,0.0,4770.99,6.5,99.777,0.95,,5,-90.458,4,30,13,1098,0.429
13.966,23.4,0.0,134173.51,6.5,99.372,1.0,,7,168.347,4,30,13,799,0.4406
11.522,15.095,0.0,1087.85,6.5,99.499,0.8,,0,-97.824,5,30,3,432,0.4259
11.091,16.285,0.0,1157.94,6.5,99.73,0.85,,1,-97.684,5,30,5,743,0.4172
11.717,17.396,0.0,1056.87,6.5,99.86,0.9,,2,-97.886,5,30,7,739,0.4235
12.939,23.28,0.0,1168.96,6.5,99.807,0.95,,2,-97.662,5,30,9,685,0.4058
13.966,23.4,0.0,7563.73,6.5,99.92,1.0,,6,-84.873,5,30,13,799,0.4406
11.211,15.39,0.0,948.99,6.5,99.531,0.8,,0,-98.102,6,30,2,345,0.4232
11.237,15.173,0.0,955.29,6.5,99.822,0.85,,0,-98.089,6,30,3,399,0.4361
11.409,15.111,0.0142,968.67,6.5,99.91,0.9,,1,-98.063,6,30,4,340,0.4324
12.644,23.288,0.0,418.21,6.5,99.907,0.95,,2,-99.164,6,30,8,649,0.4145
13.812,26.089,0.0,481.74,6.5,99.973,1.0,,3,-99.037,6,30,9,492,0.4146
12.297,14.8,0.0,848.45,6.5,99.567,0.8,,0,-98.303,7,30,2,200,0.455
11.24,15.042,0.0,828.5,6.5,99.859,0.85,,0,-98.343,7,30,3,337,0.4392
11.274,15.302,0.0,892.55,6.5,99.929,0.9,,0,-98.215,7,30,3,298,0.443
11.855,22.486,0.0,214.25,6.5,99.957,0.95,,2,-99.572,7,30,7,563,0.421
12.423,25.195,0.0,426.35,6.5,99.939,1.0,,3,-99.147,7,30,7,400,0.4375
12.297,14.8,0.0,848.45,6.5,99.567,0.8,,0,-98.303,8,30,2,200,0.455
11.24,15.042,0.0,828.5,6.5,99.859,0.85,,0,-98.343,8,30,3,337,0.4392
11.274,15.302,0.0,892.55,6.5,99.929,0.9,,0,-98.215,8,30,3,298,0.443
11.855,22.486,0.0,214.25,6.5,99.957,0.95,,2,-99.572,8,30,7,563,0.421
12.423,25.195,0.0,426.35,6.5,99.939,1.0,,3,-99.147,8,30,7,400,0.4375
12.297,14.8,0.0,848.45,6.5,99.567,0.8,,0,-98.303,9,30,2,200,0.455
11.24,15.042,0.0,828.5,6.5,99.859,0.85,,0,-98.343,9,30,3,337,0.4392
11.274,15.302,0.0,892.55,6.5,99.929,0.9,,0,-98.215,9,30,3,298,0.443
11.855,22.486,0.0,214.25,6.5,99.957,0.95,,2,-99.572,9,30,7,563,0.421
12.423,25.195,0.0,426.35,6.5,99.939,1.0,,3,-99.147,9,30,7,400,0.4375
12.297,14.8,0.0,848.45,6.5,99.567,0.8,,0,-98.303,10,30,2,200,0.455
11.24,15.042,0.0,828.5,6.5,99.859,0.85,,0,-98.343,10,30,3,337,0.4392
11.274,15.302,0.0,892.55,6.5,99.929,0.9,,0,-98.215,10,30,3,298,0.443
11.855,22.486,0.0,214.25,6.5,99.957,0.95,,2,-99.572,10,30,7,563,0.421
12.423,25.195,0.0,426.35,6.5,99.939,1.0,,3,-99.147,10,30,7,400,0.4375
12.986,18.457,0.0,7189.93,6.5,91.433,0.8,,3,-85.62,1,35,13,2824,0.4118
13.024,19.001,0.0,25087.44,6.5,76.339,0.85,,5,-49.825,1,35,13,1891,0.413
13.33,20.099,0.0,105741.87,6.5,60.583,0.9,,7,111.484,1,35,13,1453,0.4253
13.254,21.236,0.0,251560.89,6.5,65.255,0.95,,8,403.122,1,35,13,1098,0.429
13.966,23.4,0.0,419126.71,6.5,59.16,1.0,,9,738.253,1,35,13,799,0.4406
12.466,18.22,0.0,2895.16,6.5,97.723,0.8,,0,-94.21,2,35,8,1624,0.407
13.029,19.031,0.0,2687.52,6.5,98.172,0.85,,4,-94.625,2,35,13,1881,0.4131
13.33,20.099,0.0,38544.76,6.5,88.829,0.9,,5,-22.91,2,35,13,1453,0.4253
13.254,21.236,0.0,253553.26,6.5,91.224,0.95,,8,407.107,2,35,13,1098,0.429
13.966,23.4,0.0,964591.74,6.5,85.756,1.0,,8,1829.183,2,35,13,799,0.4406
11.375,14.452,0.0,1908.16,6.5,98.892,0.8,,0,-96.184,3,35,4,772,0.4223
12.464,19.391,0.0,1590.27,6.5,99.288,0.85,,3,-96.819,3,35,8,1126,0.4076
13.33,20.099,0.0,3448.25,6.5,98.912,0.9,,5,-93.104,3,35,13,1453,0.4253
13.254,21.236,0.0,67765.21,6.5,98.373,0.95,,8,35.53,3,35,13,1098,0.429
13.966,23.4,0.0,655883.86,6.5,96.435,1.0,,8,1211.768,3,35,13,799,0.4406
11.361,14.613,0.0,1343.0,6.5,99.336,0.8,,0,-97.314,4,35,3,607,0.4283
11.524,16.646,0.0,1432.25,6.5,99.551,0.85,,3,-97.136,4,35,7,955,0.4147
12.941,21.378,0.0,1444.85,6.5,99.709,0.9,,3,-97.11,4,35,9,909,0.4125
13.254,21.236,0.0,4770.99,6.5,99.777,0.95,,5,-90.458,4,35,13,1098,0.429
13.966,23.4,0.0,134173.51,6.5,99.372,1.0,,7,168.347,4,35,13,799,0.4406
11.522,15.095,0.0,1087.85,6.5,99.499,0.8,,0,-97.824,5,35,3,432,0.4259
11.091,16.285,0.0,1157.94,6.5,99.73,0.85,,1,-97.684,5,35,5,743,0.4172
11.717,17.396,0.0,1056.87,6.5,99.86,0.9,,2,-97.886,5,35,7,739,0.4235
12.939,23.28,0.0,1168.96,6.5,99.807,0.95,,2,-97.662,5,35,9,685,0.4058
13.966,23.4,0.0,7563.73,6.5,99.92,1.0,,6,-84.873,5,35,13,799,0.4406
11.211,15.39,0.0,948.99,6.5,99.531,0.8,,0,-98.102,6,35,2,345,0.4232
11.237,15.173,0.0,955.29,6.5,99.822,0.85,,0,-98.089,6,35,3,399,0.4361
11.409,15.111,0.0142,968.67,6.5,99.91,0.9,,1,-98.063,6,35,4,340,0.4324
12.644,23.288,0.0,418.21,6.5,99.907,0.95,,2,-99.164,6,35,8,649,0.4145
13.812,26.089,0.0,481.74,6.5,99.973,1.0,,3,-99.037,6,35,9,492,0.4146
12.297,14.8,0.0,848.45,6.5,99.567,0.8,,0,-98.303,7,35,2,200,0.455
11.24,15.042,0.0,828.5,6.5,99.859,0.85,,0,-98.343,7,35,3,337,0.4392
11.274,15.302,0.0,892.55,6.5,99.929,0.9,,0,-98.215,7,35,3,298,0.443
11.855,22.486,0.0,214.25,6.5,99.957,0.95,,2,-99.572,7,35,7,563,0.421
12.423,25.195,0.0,426.35,6.5,99.939,1.0,,3,-99.147,7,35,7,400,0.4375
12.297,14.8,0.0,848.45,6.5,99.567,0.8,,0,-98.303,8,35,2,200,0.455
11.24,15.042,0.0,828.5,6.5,99.859,0.85,,0,-98.343,8,35,3,337,0.4392
11.274,15.302,0.0,892.55,6.5,99.929,0.9,,0,-98.215,8,35,3,298,0.443
11.855,22.486,0.0,214.25,6.5,99.957,0.95,,2,-99.572,8,35,7,563,0.421
12.423,25.195,0.0,426.35,6.5,99.939,1.0,,3,-99.147,8,35,7,400,0.4375
12.297,14.8,0.0,848.45,6.5,99.567,0.8,,0,-98.303,9,35,2,200,0.455
11.24,15.042,0.0,828.5,6.5,99.859,0.85,,0,-98.343,9,35,3,337,0.4392
11.274,15.302,0.0,892.55,6.5,99.929,0.9,,0,-98.215,9,35,3,298,0.443
11.855,22.486,0.0,214.25,6.5,99.957,0.95,,2,-99.572,9,35,7,563,0.421
12.423,25.195,0.0,426.35,6.5,99.939,1.0,,3,-99.147,9,35,7,400,0.4375
12.297,14.8,0.0,848.45,6.5,99.567,0.8,,0,-98.303,10,35,2,200,0.455
11.24,15.042,0.0,828.5,6.5,99.859,0.85,,0,-98.343,10,35,3,337,0.4392
11.274,15.302,0.0,892.55,6.5,99.929,0.9,,0,-98.215,10,35,3,298,0.443
11.855,22.486,0.0,214.25,6.5,99.957,0.95,,2,-99.572,10,35,7,563,0.421
12.423,25.195,0.0,426.35,6.5,99.939,1.0,,3,-99.147,10,35,7,400,0.4375
12.986,18.457,0.0,7189.93,6.5,91.433,0.8,,3,-85.62,1,40,13,2824,0.4118
13.024,19.001,0.0,25087.44,6.5,76.339,0.85,,5,-49.825,1,40,13,1891,0.413
13.33,20.099,0.0,105741.87,6.5,60.583,0.9,,7,111.484,1,40,13,1453,0.4253
13.254,21.236,0.0,251560.89,6.5,65.255,0.95,,8,403.122,1,40,13,1098,0.429
13.966,23.4,0.0,419126.71,6.5,59.16,1.0,,9,738.253,1,40,13,799,0.4406
12.466,18.22,0.0,2895.16,6.5,97.723,0.8,,0,-94.21,2,40,8,1624,0.407
13.029,19.031,0.0,2687.52,6.5,98.172,0.85,,4,-94.625,2,40,13,1881,0.4131
13.33,20.099,0.0,38544.76,6.5,88.829,0.9,,5,-22.91,2,40,13,1453,0.4253
13.254,21.236,0.0,253553.26,6.5,91.224,0.95,,8,407.107,2,40,13,1098,0.429
13.966,23.4,0.0,964591.74,6.5,85.756,1.0,,8,1829.183,2,40,13,799,0.4406
11.375,14.452,0.0,1908.16,6.5,98.892,0.8,,0,-96.184,3,40,4,772,0.4223
12.464,19.391,0.0,1590.27,6.5,99.288,0.85,,3,-96.819,3,40,8,1126,0.4076
13.33,20.099,0.0,3448.25,6.5,98.912,0.9,,5,-93.104,3,40,13,1453,0.4253
13.254,21.236,0.0,67765.21,6.5,98.373,0.95,,8,35.53,3,40,13,1098,0.429
13.966,23.4,0.0,655883.86,6.5,96.435,1.0,,8,1211.768,3,40,13,799,0.4406
11.361,14.613,0.0,1343.0,6.5,99.336,0.8,,0,-97.314,4,40,3,607,0.4283
11.524,16.646,0.0,1432.25,6.5,99.551,0.85,,3,-97.136,4,40,7,955,0.4147
12.941,21.378,0.0,1444.85,6.5,99.709,0.9,,3,-97.11,4,40,9,909,0.4125
13.254,21.236,0.0,4770.99,6.5,99.777,0.95,,5,-90.458,4,40,13,1098,0.429
13.966,23.4,0.0,134173.51,6.5,99.372,1.0,,7,168.347,4,40,13,799,0.4406
11.522,15.095,0.0,1087.85,6.5,99.499,0.8,,0,-97.824,5,40,3,432,0.4259
11.091,16.285,0.0,1157.94,6.5,99.73,0.85,,1,-97.684,5,40,5,743,0.4172
11.717,17.396,0.0,1056.87,6.5,99.86,0.9,,2,-97.886,5,40,7,739,0.4235
12.939,23.28,0.0,1168.96,6.5,99.807,0.95,,2,-97.662,5,40,9,685,0.4058
13.966,23.4,0.0,7563.73,6.5,99.92,1.0,,6,-84.873,5,40,13,799,0.4406
11.211,15.39,0.0,948.99,6.5,99.531,0.8,,0,-98.102,6,40,2,345,0.4232
11.237,15.173,0.0,955.29,6.5,99.822,0.85,,0,-98.089,6,40,3,399,0.4361
11.409,15.111,0.0142,968.67,6.5,99.91,0.9,,1,-98.063,6,40,4,340,0.4324
12.644,23.288,0.0,418.21,6.5,99.907,0.95,,2,-99.164,6,40,8,649,0.4145
13.812,26.089,0.0,481.74,6.5,99.973,1.0,,3,-99.037,6,40,9,492,0.4146
12.297,14.8,0.0,848.45,6.5,99.567,0.8,,0,-98.303,7,40,2,200,0.455
11.24,15.042,0.0,828.5,6.5,99.859,0.85,,0,-98.343,7,40,3,337,0.4392
11.274,15.302,0.0,892.55,6.5,99.929,0.9,,0,-98.215,7,40,3,298,0.443
11.855,22.486,0.0,214.25,6.5,99.957,0.95,,2,-99.572,7,40,7,563,0.421
12.423,25.195,0.0,426.35,6.5,99.939,1.0,,3,-99.147,7,40,7,400,0.4375
12.297,14.8,0.0,848.45,6.5,99.567,0.8,,0,-98.303,8,40,2,200,0.455
11.24,15.042,0.0,828.5,6.5,99.859,0.85,,0,-98.343,8,40,3,337,0.4392
11.274,15.302,0.0,892.55,6.5,99.929,0.9,,0,-98.215,8,40,3,298,0.443
11.855,22.486,0.0,214.25,6.5,99.957,0.95,,2,-99.572,8,40,7,563,0.421
12.423,25.195,0.0,426.35,6.5,99.939,1.0,,3,-99.147,8,40,7,400,0.4375
12.297,14.8,0.0,848.45,6.5,99.567,0.8,,0,-98.303,9,40,2,200,0.455
11.24,15.042,0.0,828.5,6.5,99.859,0.85,,0,-98.343,9,40,3,337,0.4392
11.274,15.302,0.0,892.55,6.5,99.929,0.9,,0,-98.215,9,40,3,298,0.443
11.855,22.486,0.0,214.25,6.5,99.957,0.95,,2,-99.572,9,40,7,563,0.421
12.423,25.195,0.0,426.35,6.5,99.939,1.0,,3,-99.147,9,40,7,400,0.4375
12.297,14.8,0.0,848.45,6.5,99.567,0.8,,0,-98.303,10,40,2,200,0.455
11.24,15.042,0.0,828.5,6.5,99.859,0.85,,0,-98.343,10,40,3,337,0.4392
11.274,15.302,0.0,892.55,6.5,99.929,0.9,,0,-98.215,10,40,3,298,0.443
11.855,22.486,0.0,214.25,6.5,99.957,0.95,,2,-99.572,10,40,7,563,0.421
12.423,25.195,0.0,426.35,6.5,99.939,1.0,,3,-99.147,10,40,7,400,0.4375
12.986,18.457,0.0,7189.93,6.5,91.433,0.8,,3,-85.62,1,45,13,2824,0.4118
13.024,19.001,0.0,25087.44,6.5,76.339,0.85,,5,-49.825,1,45,13,1891,0.413
13.33,20.099,0.0,105741.87,6.5,60.583,0.9,,7,111.484,1,45,13,1453,0.4253
13.254,21.236,0.0,251560.89,6.5,65.255,0.95,,8,403.122,1,45,13,1098,0.429
13.966,23.4,0.0,419126.71,6.5,59.16,1.0,,9,738.253,1,45,13,799,0.4406
12.466,18.22,0.0,2895.16,6.5,97.723,0.8,,0,-94.21,2,45,8,1624,0.407
13.029,19.031,0.0,2687.52,6.5,98.172,0.85,,4,-94.625,2,45,13,1881,0.4131
13.33,20.099,0.0,38544.76,6.5,88.829,0.9,,5,-22.91,2,45,13,1453,0.4253
13.254,21.236,0.0,253553.26,6.5,91.224,0.95,,8,407.107,2,45,13,1098,0.429
13.966,23.4,0.0,964591.74,6.5,85.756,1.0,,8,1829.183,2,45,13,799,0.4406
11.375,14.452,0.0,1908.16,6.5,98.892,0.8,,0,-96.184,3,45,4,772,0.4223
12.464,19.391,0.0,1590.27,6.5,99.288,0.85,,3,-96.819,3,45,8,1126,0.4076
13.33,20.099,0.0,3448.25,6.5,98.912,0.9,,5,-93.104,3,45,13,1453,0.4253
13.254,21.236,0.0,67765.21,6.5,98.373,0.95,,8,35.53,3,45,13,1098,0.429
13.966,23.4,0.0,655883.86,6.5,96.435,1.0,,8,1211.768,3,45,13,799,0.4406
11.361,14.613,0.0,1343.0,6.5,99.336,0.8,,0,-97.314,4,45,3,607,0.4283
11.524,16.646,0.0,1432.25,6.5,99.551,0.85,,3,-97.136,4,45,7,955,0.4147
12.941,21.378,0.0,1444.85,6.5,99.709,0.9,,3,-97.11,4,45,9,909,0.4125
13.254,21.236,0.0,4770.99,6.5,99.777,0.95,,5,-90.458,4,45,13,1098,0.429
13.966,23.4,0.0,134173.51,6.5,99.372,1.0,,7,168.347,4,45,13,799,0.4406
11.522,15.095,0.0,1087.85,6.5,99.499,0.8,,0,-97.824,5,45,3,432,0.4259
11.091,16.285,0.0,1157.94,6.5,99.73,0.85,,1,-97.684,5,45,5,743,0.4172
11.717,17.396,0.0,1056.87,6.5,99.86,0.9,,2,-97.886,5,45,7,739,0.4235
12.939,23.28,0.0,1168.96,6.5,99.807,0.95,,2,-97.662,5,45,9,685,0.4058
13.966,23.4,0.0,7563.73,6.5,99.92,1.0,,6,-84.873,5,45,13,799,0.4406
11.211,15.39,0.0,948.99,6.5,99.531,0.8,,0,-98.102,6,45,2,345,0.4232
11.237,15.173,0.0,955.29,6.5,99.822,0.85,,0,-98.089,6,45,3,399,0.4361
11.409,15.111,0.0142,968.67,6.5,99.91,0.9,,1,-98.063,6,45,4,340,0.4324
12.644,23.288,0.0,418.21,6.5,99.907,0.95,,2,-99.164,6,45,8,649,0.4145
13.812,26.089,0.0,481.74,6.5,99.973,1.0,,3,-99.037,6,45,9,492,0.4146
12.297,14.8,0.0,848.45,6.5,99.567,0.8,,0,-98.303,7,45,2,200,0.455
11.24,15.042,0.0,828.5,6.5,99.859,0.85,,0,-98.343,7,45,3,337,0.4392
11.274,15.302,0.0,892.55,6.5,99.929,0.9,,0,-98.215,7,45,3,298,0.443
11.855,22.486,0.0,214.25,6.5,99.957,0.95,,2,-99.572,7,45,7,563,0.421
12.423,25.195,0.0,426.35,6.5,99.939,1.0,,3,-99.147,7,45,7,400,0.4375
12.297,14.8,0.0,848.45,6.5,99.567,0.8,,0,-98.303,8,45,2,200,0.455
11.24,15.042,0.0,828.5,6.5,99.859,0.85,,0,-98.343,8,45,3,337,0.4392
11.274,15.302,0.0,892.55,6.5,99.929,0.9,,0,-98.215,8,45,3,298,0.443
11.855,22.486,0.0,214.25,6.5,99.957,0.95,,2,-99.572,8,45,7,563,0.421
12.423,25.195,0.0,426.35,6.5,99.939,1.0,,3,-99.147,8,45,7,400,0.4375
12.297,14.8,0.0,848.45,6.5,99.567,0.8,,0,-98.303,9,45,2,200,0.455
11.24,15.042,0.0,828.5,6.5,99.859,0.85,,0,-98.343,9,45,3,337,0.4392
11.274,15.302,0.0,892.55,6.5,99.929,0.9,,0,-98.215,9,45,3,298,0.443
11.855,22.486,0.0,214.25,6.5,99.957,0.95,,2,-99.572,9,45,7,563,0.421
12.423,25.195,0.0,426.35,6.5,99.939,1.0,,3,-99.147,9,45,7,400,0.4375
12.297,14.8,0.0,848.45,6.5,99.567,0.8,,0,-98.303,10,45,2,200,0.455
11.24,15.042,0.0,828.5,6.5,99.859,0.85,,0,-98.343,10,45,3,337,0.4392
11.274,15.302,0.0,892.55,6.5,99.929,0.9,,0,-98.215,10,45,3,298,0.443
11.855,22.486,0.0,214.25,6.5,99.957,0.95,,2,-99.572,10,45,7,563,0.421
12.423,25.195,0.0,426.35,6.5,99.939,1.0,,3,-99.147,10,45,7,400,0.4375
12.986,18.457,0.0,7189.93,6.5,91.433,0.8,,3,-85.62,1,50,13,2824,0.4118
13.024,19.001,0.0,25087.44,6.5,76.339,0.85,,5,-49.825,1,50,13,1891,0.413
13.33,20.099,0.0,105741.87,6.5,60.583,0.9,,7,111.484,1,50,13,1453,0.4253
13.254,21.236,0.0,251560.89,6.5,65.255,0.95,,8,403.122,1,50,13,1098,0.429
13.966,23.4,0.0,419126.71,6.5,59.16,1.0,,9,738.253,1,50,13,799,0.4406
12.466,18.22,0.0,2895.16,6.5,97.723,0.8,,0,-94.21,2,50,8,1624,0.407
13.029,19.031,0.0,2687.52,6.5,98.172,0.85,,4,-94.625,2,50,13,1881,0.4131
13.33,20.099,0.0,38544.76,6.5,88.829,0.9,,5,-22.91,2,50,13,1453,0.4253
13.254,21.236,0.0,253553.26,6.5,91.224,0.95,,8,407.107,2,50,13,1098,0.429
13.966,23.4,0.0,964591.74,6.5,85.756,1.0,,8,1829.183,2,50,13,799,0.4406
11.375,14.452,0.0,1908.16,6.5,98.892,0.8,,0,-96.184,3,50,4,772,0.4223
12.464,19.391,0.0,1590.27,6.5,99.288,0.85,,3,-96.819,3,50,8,1126,0.4076
13.33,20.099,0.0,3448.25,6.5,98.912,0.9,,5,-93.104,3,50,13,1453,0.4253
13.254,21.236,0.0,67765.21,6.5,98.373,0.95,,8,35.53,3,50,13,1098,0.429
13.966,23.4,0.0,655883.86,6.5,96.435,1.0,,8,1211.768,3,50,13,799,0.4406
11.361,14.613,0.0,1343.0,6.5,99.336,0.8,,0,-97.314,4,50,3,607,0.4283
11.524,16.646,0.0,1432.25,6.5,99.551,0.85,,3,-97.136,4,50,7,955,0.4147
12.941,21.378,0.0,1444.85,6.5,99.709,0.9,,3,-97.11,4,50,9,909,0.4125
13.254,21.236,0.0,4770.99,6.5,99.777,0.95,,5,-90.458,4,50,13,1098,0.429
13.966,23.4,0.0,134173.51,6.5,99.372,1.0,,7,168.347,4,50,13,799,0.4406
11.522,15.095,0.0,1087.85,6.5,99.499,0.8,,0,-97.824,5,50,3,432,0.4259
11.091,16.285,0.0,1157.94,6.5,99.73,0.85,,1,-97.684,5,50,5,743,0.4172
11.717,17.396,0.0,1056.87,6.5,99.86,0.9,,2,-97.886,5,50,7,739,0.4235
12.939,23.28,0.0,1168.96,6.5,99.807,0.95,,2,-97.662,5,50,9,685,0.4058
13.966,23.4,0.0,7563.73,6.5,99.92,1.0,,6,-84.873,5,50,13,799,0.4406
11.211,15.39,0.0,948.99,6.5,99.531,0.8,,0,-98.102,6,50,2,345,0.4232
11.237,15.173,0.0,955.29,6.5,99.822,0.85,,0,-98.089,6,50,3,399,0.4361
11.409,15.111,0.0142,968.67,6.5,99.91,0.9,,1,-98.063,6,50,4,340,0.4324
12.644,23.288,0.0,418.21,6.5,99.907,0.95,,2,-99.164,6,50,8,649,0.4145
13.812,26.089,0.0,481.74,6.5,99.973,1.0,,3,-99.037,6,50,9,492,0.4146
12.297,14.8,0.0,848.45,6.5,99.567,0.8,,0,-98.303,7,50,2,200,0.455
11.24,15.042,0.0,828.5,6.5,99.859,0.85,,0,-98.343,7,50,3,337,0.4392
11.274,15.302,0.0,892.55,6.5,99.929,0.9,,0,-98.215,7,50,3,298,0.443
11.855,22.486,0.0,214.25,6.5,99.957,0.95,,2,-99.572,7,50,7,563,0.421
12.423,25.195,0.0,426.35,6.5,99.939,1.0,,3,-99.147,7,50,7,400,0.4375
12.297,14.8,0.0,848.45,6.5,99.567,0.8,,0,-98.303,8,50,2,200,0.455
11.24,15.042,0.0,828.5,6.5,99.859,0.85,,0,-98.343,8,50,3,337,0.4392
11.274,15.302,0.0,892.55,6.5,99.929,0.9,,0,-98.215,8,50,3,298,0.443
11.855,22.486,0.0,214.25,6.5,99.957,0.95,,2,-99.572,8,50,7,563,0.421
12.423,25.195,0.0,426.35,6.5,99.939,1.0,,3,-99.147,8,50,7,400,0.4375
12.297,14.8,0.0,848.45,6.5,99.567,0.8,,0,-98.303,9,50,2,200,0.455
11.24,15.042,0.0,828.5,6.5,99.859,0.85,,0,-98.343,9,50,3,337,0.4392
11.274,15.302,0.0,892.55,6.5,99.929,0.9,,0,-98.215,9,50,3,298,0.443
11.855,22.486,0.0,214.25,6.5,99.957,0.95,,2,-99.572,9,50,7,563,0.421
12.423,25.195,0.0,426.35,6.5,99.939,1.0,,3,-99.147,9,50,7,400,0.4375
12.297,14.8,0.0,848.45,6.5,99.567,0.8,,0,-98.303,10,50,2,200,0.455
11.24,15.042,0.0,828.5,6.5,99.859,0.85,,0,-98.343,10,50,3,337,0.4392
11.274,15.302,0.0,892.55,6.5,99.929,0.9,,0,-98.215,10,50,3,298,0.443
11.855,22.486,0.0,214.25,6.5,99.957,0.95,,2,-99.572,10,50,7,563,0.421
12.423,25.195,0.0,426.35,6.5,99.939,1.0,,3,-99.147,10,50,7,400,0.4375
12.986,18.457,0.0,7189.93,6.5,91.433,0.8,,3,-85.62,1,55,13,2824,0.4118
13.024,19.001,0.0,25087.44,6.5,76.339,0.85,,5,-49.825,1,55,13,1891,0.413
13.33,20.099,0.0,105741.87,6.5,60.583,0.9,,7,111.484,1,55,13,1453,0.4253
13.254,21.236,0.0,251560.89,6.5,65.255,0.95,,8,403.122,1,55,13,1098,0.429
13.966,23.4,0.0,419126.71,6.5,59.16,1.0,,9,738.253,1,55,13,799,0.4406
12.466,18.22,0.0,2895.16,6.5,97.723,0.8,,0,-94.21,2,55,8,1624,0.407
13.029,19.031,0.0,2687.52,6.5,98.172,0.85,,4,-94.625,2,55,13,1881,0.4131
13.33,20.099,0.0,38544.76,6.5,88.829,0.9,,5,-22.91,2,55,13,1453,0.4253
13.254,21.236,0.0,253553.26,6.5,91.224,0.95,,8,407.107,2,55,13,1098,0.429
13.966,23.4,0.0,964591.74,6.5,85.756,1.0,,8,1829.183,2,55,13,799,0.4406
11.375,14.452,0.0,1908.16,6.5,98.892,0.8,,0,-96.184,3,55,4,772,0.4223
12.464,19.391,0.0,1590.27,6.5,99.288,0.85,,3,-96.819,3,55,8,1126,0.4076
13.33,20.099,0.0,3448.25,6.5,98.912,0.9,,5,-93.104,3,55,13,1453,0.4253
13.254,21.236,0.0,67765.21,6.5,98.373,0.95,,8,35.53,3,55,13,1098,0.429
13.966,23.4,0.0,655883.86,6.5,96.435,1.0,,8,1211.768,3,55,13,799,0.4406
11.361,14.613,0.0,1343.0,6.5,99.336,0.8,,0,-97.314,4,55,3,607,0.4283
11.524,16.646,0.0,1432.25,6.5,99.551,0.85,,3,-97.136,4,55,7,955,0.4147
12.941,21.378,0.0,1444.85,6.5,99.709,0.9,,3,-97.11,4,55,9,909,0.4125
13.254,21.236,0.0,4770.99,6.5,99.777,0.95,,5,-90.458,4,55,13,1098,0.429
13.966,23.4,0.0,134173.51,6.5,99.372,1.0,,7,168.347,4,55,13,799,0.4406
11.522,15.095,0.0,1087.85,6.5,99.499,0.8,,0,-97.824,5,55,3,432,0.4259
11.091,16.285,0.0,1157.94,6.5,99.73,0.85,,1,-97.684,5,55,5,743,0.4172
11.717,17.396,0.0,1056.87,6.5,99.86,0.9,,2,-97.886,5,55,7,739,0.4235
12.939,23.28,0.0,1168.96,6.5,99.807,0.95,,2,-97.662,5,55,9,685,0.4058
13.966,23.4,0.0,7563.73,6.5,99.92,1.0,,6,-84.873,5,55,13,799,0.4406
11.211,15.39,0.0,948.99,6.5,99.531,0.8,,0,-98.102,6,55,2,345,0.4232
11.237,15.173,0.0,955.29,6.5,99.822,0.85,,0,-98.089,6,55,3,399,0.4361
11.409,15.111,0.0142,968.67,6.5,99.91,0.9,,1,-98.063,6,55,4,340,0.4324
12.644,23.288,0.0,418.21,6.5,99.907,0.95,,2,-99.164,6,55,8,649,0.4145
13.812,26.089,0.0,481.74,6.5,99.973,1.0,,3,-99.037,6,55,9,492,0.4146
12.297,14.8,0.0,848.45,6.5,99.567,0.8,,0,-98.303,7,55,2,200,0.455
11.24,15.042,0.0,828.5,6.5,99.859,0.85,,0,-98.343,7,55,3,337,0.4392
11.274,15.302,0.0,892.55,6.5,99.929,0.9,,0,-98.215,7,55,3,298,0.443
11.855,22.486,0.0,214.25,6.5,99.957,0.95,,2,-99.572,7,55,7,563,0.421
12.423,25.195,0.0,426.35,6.5,99.939,1.0,,3,-99.147,7,55,7,400,0.4375
12.297,14.8,0.0,848.45,6.5,99.567,0.8,,0,-98.303,8,55,2,200,0.455
11.24,15.042,0.0,828.5,6.5,99.859,0.85,,0,-98.343,8,55,3,337,0.4392
11.274,15.302,0.0,892.55,6.5,99.929,0.9,,0,-98.215,8,55,3,298,0.443
11.855,22.486,0.0,214.25,6.5,99.957,0.95,,2,-99.572,8,55,7,563,0.421
12.423,25.195,0.0,426.35,6.5,99.939,1.0,,3,-99.147,8,55,7,400,0.4375
12.297,14.8,0.0,848.45,6.5,99.567,0.8,,0,-98.303,9,55,2,200,0.455
11.24,15.042,0.0,828.5,6.5,99.859,0.85,,0,-98.343,9,55,3,337,0.4392
11.274,15.302,0.0,892.55,6.5,99.929,0.9,,0,-98.215,9,55,3,298,0.443
11.855,22.486,0.0,214.25,6.5,99.957,0.95,,2,-99.572,9,55,7,563,0.421
12.423,25.195,0.0,426.35,6.5,99.939,1.0,,3,-99.147,9,55,7,400,0.4375
12.297,14.8,0.0,848.45,6.5,99.567,0.8,,0,-98.303,10,55,2,200,0.455
11.24,15.042,0.0,828.5,6.5,99.859,0.85,,0,-98.343,10,55,3,337,0.4392
11.274,15.302,0.0,892.55,6.5,99.929,0.9,,0,-98.215,10,55,3,298,0.443
11.855,22.486,0.0,214.25,6.5,99.957,0.95,,2,-99.572,10,55,7,563,0.421
12.423,25.195,0.0,426.35,6.5,99.939,1.0,,3,-99.147,10,55,7,400,0.4375
12.986,18.457,0.0,7189.93,6.5,91.433,0.8,,3,-85.62,1,60,13,2824,0.4118
13.024,19.001,0.0,25087.44,6.5,76.339,0.85,,5,-49.825,1,60,13,1891,0.413
13.33,20.099,0.0,105741.87,6.5,60.583,0.9,,7,111.484,1,60,13,1453,0.4253
13.254,21.236,0.0,251560.89,6.5,65.255,0.95,,8,403.122,1,60,13,1098,0.429
13.966,23.4,0.0,419126.71,6.5,59.16,1.0,,9,738.253,1,60,13,799,0.4406
12.466,18.22,0.0,2895.16,6.5,97.723,0.8,,0,-94.21,2,60,8,1624,0.407
13.029,19.031,0.0,2687.52,6.5,98.172,0.85,,4,-94.625,2,60,13,1881,0.4131
13.33,20.099,0.0,38544.76,6.5,88.829,0.9,,5,-22.91,2,60,13,1453,0.4253
13.254,21.236,0.0,253553.26,6.5,91.224,0.95,,8,407.107,2,60,13,1098,0.429
13.966,23.4,0.0,964591.74,6.5,85.756,1.0,,8,1829.183,2,60,13,799,0.4406
11.375,14.452,0.0,1908.16,6.5,98.892,0.8,,0,-96.184,3,60,4,772,0.4223
12.464,19.391,0.0,1590.27,6.5,99.288,0.85,,3,-96.819,3,60,8,1126,0.4076
13.33,20.099,0.0,3448.25,6.5,98.912,0.9,,5,-93.104,3,60,13,1453,0.4253
13.254,21.236,0.0,67765.21,6.5,98.373,0.95,,8,35.53,3,60,13,1098,0.429
13.966,23.4,0.0,655883.86,6.5,96.435,1.0,,8,1211.768,3,60,13,799,0.4406
11.361,14.613,0.0,1343.0,6.5,99.336,0.8,,0,-97.314,4,60,3,607,0.4283
11.524,16.646,0.0,1432.25,6.5,99.551,0.85,,3,-97.136,4,60,7,955,0.4147
12.941,21.378,0.0,1444.85,6.5,99.709,0.9,,3,-97.11,4,60,9,909,0.4125
13.254,21.236,0.0,4770.99,6.5,99.777,0.95,,5,-90.458,4,60,13,1098,0.429
13.966,23.4,0.0,134173.51,6.5,99.372,1.0,,7,168.347,4,60,13,799,0.4406
11.522,15.095,0.0,1087.85,6.5,99.499,0.8,,0,-97.824,5,60,3,432,0.4259
11.091,16.285,0.0,1157.94,6.5,99.73,0.85,,1,-97.684,5,60,5,743,0.4172
11.717,17.396,0.0,1056.87,6.5,99.86,0.9,,2,-97.886,5,60,7,739,0.4235
12.939,23.28,0.0,1168.96,6.5,99.807,0.95,,2,-97.662,5,60,9,685,0.4058
13.966,23.4,0.0,7563.73,6.5,99.92,1.0,,6,-84.873,5,60,13,799,0.4406
11.211,15.39,0.0,948.99,6.5,99.531,0.8,,0,-98.102,6,60,2,345,0.4232
11.237,15.173,0.0,955.29,6.5,99.822,0.85,,0,-98.089,6,60,3,399,0.4361
11.409,15.111,0.0142,968.67,6.5,99.91,0.9,,1,-98.063,6,60,4,340,0.4324
12.644,23.288,0.0,418.21,6.5,99.907,0.95,,2,-99.164,6,60,8,649,0.4145
13.812,26.089,0.0,481.74,6.5,99.973,1.0,,3,-99.037,6,60,9,492,0.4146
12.297,14.8,0.0,848.45,6.5,99.567,0.8,,0,-98.303,7,60,2,200,0.455
11.24,15.042,0.0,828.5,6.5,99.859,0.85,,0,-98.343,7,60,3,337,0.4392
11.274,15.302,0.0,892.55,6.5,99.929,0.9,,0,-98.215,7,60,3,298,0.443
11.855,22.486,0.0,214.25,6.5,99.957,0.95,,2,-99.572,7,60,7,563,0.421
12.423,25.195,0.0,426.35,6.5,99.939,1.0,,3,-99.147,7,60,7,400,0.4375
12.297,14.8,0.0,848.45,6.5,99.567,0.8,,0,-98.303,8,60,2,200,0.455
11.24,15.042,0.0,828.5,6.5,99.859,0.85,,0,-98.343,8,60,3,337,0.4392
11.274,15.302,0.0,892.55,6.5,99.929,0.9,,0,-98.215,8,60,3,298,0.443
11.855,22.486,0.0,214.25,6.5,99.957,0.95,,2,-99.572,8,60,7,563,0.421
12.423,25.195,0.0,426.35,6.5,99.939,1.0,,3,-99.147,8,60,7,400,0.4375
12.297,14.8,0.0,848.45,6.5,99.567,0.8,,0,-98.303,9,60,2,200,0.455
11.24,15.042,0.0,828.5,6.5,99.859,0.85,,0,-98.343,9,60,3,337,0.4392
11.274,15.302,0.0,892.55,6.5,99.929,0.9,,0,-98.215,9,60,3,298,0.443
11.855,22.486,0.0,214.25,6.5,99.957,0.95,,2,-99.572,9,60,7,563,0.421
12.423,25.195,0.0,426.35,6.5,99.939,1.0,,3,-99.147,9,60,7,400,0.4375
12.297,14.8,0.0,848.45,6.5,99.567,0.8,,0,-98.303,10,60,2,200,0.455
11.24,15.042,0.0,828.5,6.5,99.859,0.85,,0,-98.343,10,60,3,337,0.4392
11.274,15.302,0.0,892.55,6.5,99.929,0.9,,0,-98.215,10,60,3,298,0.443
11.855,22.486,0.0,214.25,6.5,99.957,0.95,,2,-99.572,10,60,7,563,0.421
12.423,25.195,0.0,426.35,6.5,99.939,1.0,,3,-99.147,10,60,7,400,0.4375
13.175,18.362,0.0,15745.59,7.0,80.856,0.8,,6,-68.509,1,5,13,2815,0.4195
13.07,18.945,0.0,46681.47,7.0,72.848,0.85,,6,-6.637,1,5,13,1886,0.4205
13.348,19.962,0.0,129739.89,7.0,59.312,0.9,,8,159.48,1,5,13,1450,0.4303
13.272,21.042,0.0,263770.55,7.0,63.027,0.95,,8,427.541,1,5,13,1097,0.4348
13.914,22.933,0.0,370829.34,7.0,56.164,1.0,,9,641.659,1,5,13,799,0.4443
13.043,18.397,0.04,2658.39,7.0,97.702,0.8,,1,-94.683,2,5,8,1682,0.4168
13.07,18.945,0.0,7436.94,7.0,96.846,0.85,,4,-85.126,2,5,13,1886,0.4205
13.348,19.962,0.0,76302.76,7.0,87.036,0.9,,7,52.606,2,5,13,1450,0.4303
13.272,21.042,0.0,401636.6,7.0,89.551,0.95,,8,703.273,2,5,13,1097,0.4348
13.914,22.933,0.0,900463.51,7.0,83.065,1.0,,9,1700.927,2,5,13,799,0.4443
12.562,18.25,0.0429,1926.8,7.0,98.734,0.8,,1,-96.146,3,5,7,1567,0.4212
13.373,20.465,0.0,2031.01,7.0,99.055,0.85,,4,-95.938,3,5,10,1351,0.4138
13.348,19.962,0.0,10528.92,7.0,97.611,0.9,,6,-78.942,3,5,13,1450,0.4303
13.272,21.042,0.0,178104.2,7.0,97.773,0.95,,8,256.208,3,5,13,1097,0.4348
13.914,22.933,0.0,788473.14,7.0,95.114,1.0,,8,1476.946,3,5,13,799,0.4443
11.683,14.686,0.0,1565.08,7.0,99.154,0.8,,0,-96.87,4,5,4,766,0.436
12.571,19.568,0.0,1568.49,7.0,99.487,0.85,,3,-96.863,4,5,8,1121,0.4193
13.702,21.75,0.0,1533.31,7.0,99.651,0.9,,3,-96.933,4,5,10,1037,0.4166
13.272,21.042,0.0,24488.15,7.0,99.693,0.95,,8,-51.024,4,5,13,1097,0.4348
13.914,22.933,0.0,258092.41,7.0,98.931,1.0,,7,416.185,4,5,13,799,0.4443
11.891,15.15,0.0,1220.68,7.0,99.391,0.8,,0,-97.559,5,5,3,427,0.4309
11.711,16.925,0.0,1225.4,7.0,99.705,0.85,,3,-97.549,5,5,7,952,0.4275
12.978,21.12,0.0,1216.47,7.0,99.814,0.9,,3,-97.567,5,5,8,872,0.422
13.628,23.212,0.0,1257.16,7.0,99.948,0.95,,5,-97.486,5,5,10,773,0.4179
13.914,22.933,0.0,27878.6,7.0,99.827,1.0,,6,-44.243,5,5,13,799,0.4443
11.637,15.37,0.0,1031.68,7.0,99.47,0.8,,0,-97.937,6,5,2,334,0.4371
11.271,16.441,0.0,988.36,7.0,99.813,0.85,,2,-98.023,6,5,5,742,0.4299
11.512,15.423,0.0,900.69,7.0,99.904,0.9,,1,-98.199,6,5,5,477,0.4403
13.103,23.39,0.0,866.56,7.0,99.909,0.95,,2,-98.267,6,5,9,678,0.4174
13.957,25.918,0.0,1024.06,7.0,99.968,1.0,,4,-97.952,6,5,9,493,0.4178
12.461,15.095,0.0,824.04,7.0,99.533,0.8,,0,-98.352,7,5,2,191,0.4555
11.205,15.88,0.0,882.31,7.0,99.863,0.85,,1,-98.235,7,5,5,634,0.4448
11.439,15.263,0.0,882.31,7.0,99.931,0.9,,0,-98.235,7,5,3,297,0.4478
12.019,22.631,0.0,790.7,7.0,99.839,0.95,,2,-98.419,7,5,7,562,0.4306
12.574,25.006,0.0,545.52,7.0,99.924,1.0,,3,-98.909,7,5,7,400,0.4425
12.461,15.095,0.0,824.04,7.0,99.533,0.8,,0,-98.352,8,5,2,191,0.4555
11.205,15.88,0.0,882.31,7.0,99.863,0.85,,1,-98.235,8,5,5,634,0.4448
11.439,15.263,0.0,882.31,7.0,99.931,0.9,,0,-98.235,8,5,3,297,0.4478
12.019,22.631,0.0,790.7,7.0,99.839,0.95,,2,-98.419,8,5,7,562,0.4306
12.574,25.006,0.0,545.52,7.0,99.924,1.0,,3,-98.909,8,5,7,400,0.4425
12.461,15.095,0.0,824.04,7.0,99.533,0.8,,0,-98.352,9,5,2,191,0.4555
11.205,15.88,0.0,882.31,7.0,99.863,0.85,,1,-98.235,9,5,5,634,0.4448
11.439,15.263,0.0,882.31,7.0,99.931,0.9,,0,-98.235,9,5,3,297,0.4478
12.019,22.631,0.0,790.7,7.0,99.839,0.95,,2,-98.419,9,5,7,562,0.4306
12.574,25.006,0.0,545.52,7.0,99.924,1.0,,3,-98.909,9,5,7,400,0.4425
12.461,15.095,0.0,824.04,7.0,99.533,0.8,,0,-98.352,10,5,2,191,0.4555
11.205,15.88,0.0,882.31,7.0,99.863,0.85,,1,-98.235,10,5,5,634,0.4448
11.439,15.263,0.0,882.31,7.0,99.931,0.9,,0,-98.235,10,5,3,297,0.4478
12.019,22.631,0.0,790.7,7.0,99.839,0.95,,2,-98.419,10,5,7,562,0.4306
12.574,25.006,0.0,545.52,7.0,99.924,1.0,,3,-98.909,10,5,7,400,0.4425
13.213,18.353,0.0,14261.15,7.0,81.929,0.8,,6,-71.478,1,10,13,2815,0.4199
13.114,18.931,0.0,41933.11,7.0,74.001,0.85,,6,-16.134,1,10,13,1886,0.421
13.379,19.942,0.0,136638.91,7.0,58.997,0.9,,9,173.278,1,10,13,1450,0.431
13.306,21.014,0.0,263780.26,7.0,63.038,0.95,,8,427.561,1,10,13,1097,0.4357
13.939,22.89,0.0,370796.52,7.0,56.348,1.0,,9,641.593,1,10,13,799,0.4456
13.097,18.381,0.0419,2610.09,7.0,97.649,0.8,,1,-94.78,2,10,8,1682,0.4174
13.114,18.931,0.0,7268.41,7.0,96.674,0.85,,4,-85.463,2,10,13,1886,0.421
13.379,19.942,0.0,74509.1,7.0,87.185,0.9,,7,49.018,2,10,13,1450,0.431
13.306,21.014,0.0,399494.34,7.0,89.562,0.95,,8,698.989,2,10,13,1097,0.4357
13.939,22.89,0.0,923117.26,7.0,83.02,1.0,,9,1746.235,2,10,13,799,0.4456
12.62,18.234,0.0328,1929.95,7.0,98.658,0.8,,1,-96.14,3,10,7,1567,0.4218
13.423,20.442,0.0,2023.4,7.0,99.019,0.85,,4,-95.953,3,10,10,1351,0.4145
13.379,19.942,0.0,11289.91,7.0,97.51,0.9,,6,-77.42,3,10,13,1450,0.431
13.306,21.014,0.0,178292.68,7.0,97.779,0.95,,8,256.585,3,10,13,1097,0.4357
13.939,22.89,0.0,828569.75,7.0,95.103,1.0,,8,1557.139,3,10,13,799,0.4456
11.77,14.665,0.0,1541.71,7.0,99.092,0.8,,0,-96.917,4,10,4,766,0.4373
12.631,19.543,0.0,1488.95,7.0,99.482,0.85,,3,-97.022,4,10,8,1121,0.4202
13.744,21.717,0.0,1514.67,7.0,99.65,0.9,,3,-96.971,4,10,10,1037,0.4176
13.306,21.014,0.0,24485.79,7.0,99.692,0.95,,8,-51.028,4,10,13,1097,0.4357
13.939,22.89,0.0,272428.06,7.0,98.924,1.0,,7,444.856,4,10,13,799,0.4456
12.007,14.981,0.0,1199.41,7.0,99.33,0.8,,0,-97.601,5,10,3,431,0.4339
11.787,16.889,0.0,1206.76,7.0,99.684,0.85,,2,-97.586,5,10,7,956,0.4278
13.027,21.083,0.0,1229.34,7.0,99.808,0.9,,3,-97.541,5,10,8,872,0.4232
13.676,23.164,0.0,1198.89,7.0,99.949,0.95,,5,-97.602,5,10,10,773,0.4191
13.939,22.89,0.0,30329.04,7.0,99.837,1.0,,7,-39.342,5,10,13,799,0.4456
11.759,15.318,0.0,1004.9,7.0,99.394,0.8,,0,-97.99,6,10,2,333,0.4414
11.36,16.413,0.0,955.81,7.0,99.801,0.85,,2,-98.088,6,10,5,742,0.4313
11.972,17.556,0.0,1040.34,7.0,99.886,0.9,,2,-97.919,6,10,7,738,0.4322
13.156,23.335,0.0,862.62,7.0,99.898,0.95,,3,-98.275,6,10,9,678,0.4189
13.939,22.89,0.0,2320.03,7.0,99.966,1.0,,5,-95.36,6,10,13,799,0.4456
12.633,15.095,0.0,861.84,7.0,99.424,0.8,,0,-98.276,7,10,2,190,0.4579
11.472,15.465,0.0,836.11,7.0,99.854,0.85,,0,-98.328,7,10,3,404,0.4505
11.517,15.206,0.0,863.41,7.0,99.93,0.9,,0,-98.273,7,10,3,297,0.4512
12.081,22.57,0.0,800.94,7.0,99.837,0.95,,2,-98.398,7,10,7,562,0.4324
12.618,24.908,0.0,113.71,7.0,99.985,1.0,,3,-99.773,7,10,7,400,0.445
12.633,15.095,0.0,861.84,7.0,99.424,0.8,,0,-98.276,8,10,2,190,0.4579
11.472,15.465,0.0,836.11,7.0,99.854,0.85,,0,-98.328,8,10,3,404,0.4505
11.517,15.206,0.0,863.41,7.0,99.93,0.9,,0,-98.273,8,10,3,297,0.4512
12.081,22.57,0.0,800.94,7.0,99.837,0.95,,2,-98.398,8,10,7,562,0.4324
12.618,24.908,0.0,113.71,7.0,99.985,1.0,,3,-99.773,8,10,7,400,0.445
12.633,15.095,0.0,861.84,7.0,99.424,0.8,,0,-98.276,9,10,2,190,0.4579
11.472,15.465,0.0,836.11,7.0,99.854,0.85,,0,-98.328,9,10,3,404,0.4505
11.517,15.206,0.0,863.41,7.0,99.93,0.9,,0,-98.273,9,10,3,297,0.4512
12.081,22.57,0.0,800.94,7.0,99.837,0.95,,2,-98.398,9,10,7,562,0.4324
12.618,24.908,0.0,113.71,7.0,99.985,1.0,,3,-99.773,9,10,7,400,0.445
12.633,15.095,0.0,861.84,7.0,99.424,0.8,,0,-98.276,10,10,2,190,0.4579
11.472,15.465,0.0,836.11,7.0,99.854,0.85,,0,-98.328,10,10,3,404,0.4505
11.517,15.206,0.0,863.41,7.0,99.93,0.9,,0,-98.273,10,10,3,297,0.4512
12.081,22.57,0.0,800.94,7.0,99.837,0.95,,2,-98.398,10,10,7,562,0.4324
12.618,24.908,0.0,113.71,7.0,99.985,1.0,,3,-99.773,10,10,7,400,0.445
13.322,18.429,0.0,13103.0,7.0,83.407,0.8,,5,-73.794,1,15,13,2815,0.4206
13.264,19.007,0.0,37371.39,7.0,76.819,0.85,,6,-25.257,1,15,13,1886,0.4215
13.578,20.037,0.0,122359.96,7.0,58.997,0.9,,8,144.72,1,15,13,1450,0.4317
13.467,21.135,0.0,258239.15,7.0,63.038,0.95,,8,416.478,1,15,13,1097,0.4366
14.166,23.048,0.0,363457.29,7.0,56.348,1.0,,9,626.915,1,15,13,799,0.4468
13.097,18.381,0.0419,2610.09,7.0,97.649,0.8,,1,-94.78,2,15,8,1682,0.4174
13.264,19.007,0.0,5504.67,7.0,97.469,0.85,,4,-88.991,2,15,13,1886,0.4215
13.578,20.037,0.0,58277.15,7.0,87.185,0.9,,6,16.554,2,15,13,1450,0.4317
13.467,21.135,0.0,374424.8,7.0,89.562,0.95,,8,648.85,2,15,13,1097,0.4366
14.166,23.048,0.0,866389.7,7.0,83.02,1.0,,9,1632.779,2,15,13,799,0.4468
12.62,18.234,0.0328,1929.95,7.0,98.658,0.8,,1,-96.14,3,15,7,1567,0.4218
13.423,20.442,0.0,2023.4,7.0,99.019,0.85,,4,-95.953,3,15,10,1351,0.4145
13.578,20.037,0.0,7294.66,7.0,98.119,0.9,,5,-85.411,3,15,13,1450,0.4317
13.467,21.135,0.0,156625.4,7.0,97.779,0.95,,8,213.251,3,15,13,1097,0.4366
14.166,23.048,0.0,728870.67,7.0,95.103,1.0,,8,1357.741,3,15,13,799,0.4468
11.77,14.665,0.0,1541.71,7.0,99.092,0.8,,0,-96.917,4,15,4,766,0.4373
12.631,19.543,0.0,1488.95,7.0,99.482,0.85,,3,-97.022,4,15,8,1121,0.4202
13.744,21.717,0.0,1514.67,7.0,99.65,0.9,,3,-96.971,4,15,10,1037,0.4176
13.467,21.135,0.0,19720.89,7.0,99.692,0.95,,8,-60.558,4,15,13,1097,0.4366
14.166,23.048,0.0,219254.75,7.0,98.924,1.0,,7,338.509,4,15,13,799,0.4468
12.007,14.981,0.0,1199.41,7.0,99.33,0.8,,0,-97.601,5,15,3,431,0.4339
11.787,16.889,0.0,1206.76,7.0,99.684,0.85,,2,-97.586,5,15,7,956,0.4278
13.027,21.083,0.0,1229.34,7.0,99.808,0.9,,3,-97.541,5,15,8,872,0.4232
13.676,23.164,0.0,1198.89,7.0,99.949,0.95,,5,-97.602,5,15,10,773,0.4191
14.166,23.048,0.0,21982.06,7.0,99.837,1.0,,7,-56.036,5,15,13,799,0.4468
11.759,15.318,0.0,1004.9,7.0,99.394,0.8,,0,-97.99,6,15,2,333,0.4414
11.36,16.413,0.0,955.81,7.0,99.801,0.85,,2,-98.088,6,15,5,742,0.4313
11.972,17.556,0.0,1040.34,7.0,99.886,0.9,,2,-97.919,6,15,7,738,0.4322
13.156,23.335,0.0,862.62,7.0,99.898,0.95,,3,-98.275,6,15,9,678,0.4189
14.166,23.048,0.0,1608.13,7.0,99.966,1.0,,5,-96.784,6,15,13,799,0.4468
12.633,15.095,0.0,861.84,7.0,99.424,0.8,,0,-98.276,7,15,2,190,0.4579
11.472,15.465,0.0,836.11,7.0,99.854,0.85,,0,-98.328,7,15,3,404,0.4505
11.517,15.206,0.0,863.41,7.0,99.93,0.9,,0,-98.273,7,15,3,297,0.4512
12.081,22.57,0.0,800.94,7.0,99.837,0.95,,2,-98.398,7,15,7,562,0.4324
12.618,24.908,0.0,113.71,7.0,99.985,1.0,,3,-99.773,7,15,7,400,0.445
12.633,15.095,0.0,861.84,7.0,99.424,0.8,,0,-98.276,8,15,2,190,0.4579
11.472,15.465,0.0,836.11,7.0,99.854,0.85,,0,-98.328,8,15,3,404,0.4505
11.517,15.206,0.0,863.41,7.0,99.93,0.9,,0,-98.273,8,15,3,297,0.4512
12.081,22.57,0.0,800.94,7.0,99.837,0.95,,2,-98.398,8,15,7,562,0.4324
12.618,24.908,0.0,113.71,7.0,99.985,1.0,,3,-99.773,8,15,7,400,0.445
12.633,15.095,0.0,861.84,7.0,99.424,0.8,,0,-98.276,9,15,2,190,0.4579
11.472,15.465,0.0,836.11,7.0,99.854,0.85,,0,-98.328,9,15,3,404,0.4505
11.517,15.206,0.0,863.41,7.0,99.93,0.9,,0,-98.273,9,15,3,297,0.4512
12.081,22.57,0.0,800.94,7.0,99.837,0.95,,2,-98.398,9,15,7,562,0.4324
12.618,24.908,0.0,113.71,7.0,99.985,1.0,,3,-99.773,9,15,7,400,0.445
12.633,15.095,0.0,861.84,7.0,99.424,0.8,,0,-98.276,10,15,2,190,0.4579
11.472,15.465,0.0,836.11,7.0,99.854,0.85,,0,-98.328,10,15,3,404,0.4505
11.517,15.206,0.0,863.41,7.0,99.93,0.9,,0,-98.273,10,15,3,297,0.4512
12.081,22.57,0.0,800.94,7.0,99.837,0.95,,2,-98.398,10,15,7,562,0.4324
12.618,24.908,0.0,113.71,7.0,99.985,1.0,,3,-99.773,10,15,7,400,0.445
13.322,18.429,0.0,13103.0,7.0,83.407,0.8,,5,-73.794,1,20,13,2815,0.4206
13.264,19.007,0.0,37371.39,7.0,76.819,0.85,,6,-25.257,1,20,13,1886,0.4215
13.578,20.037,0.0,122359.96,7.0,58.997,0.9,,8,144.72,1,20,13,1450,0.4317
13.467,21.135,0.0,258239.15,7.0,63.038,0.95,,8,416.478,1,20,13,1097,0.4366
14.166,23.048,0.0,363457.29,7.0,56.348,1.0,,9,626.915,1,20,13,799,0.4468
13.097,18.381,0.0419,2610.09,7.0,97.649,0.8,,1,-94.78,2,20,8,1682,0.4174
13.264,19.007,0.0,5504.67,7.0,97.469,0.85,,4,-88.991,2,20,13,1886,0.4215
13.578,20.037,0.0,58277.15,7.0,87.185,0.9,,6,16.554,2,20,13,1450,0.4317
13.467,21.135,0.0,374424.8,7.0,89.562,0.95,,8,648.85,2,20,13,1097,0.4366
14.166,23.048,0.0,866389.7,7.0,83.02,1.0,,9,1632.779,2,20,13,799,0.4468
12.62,18.234,0.0328,1929.95,7.0,98.658,0.8,,1,-96.14,3,20,7,1567,0.4218
13.423,20.442,0.0,2023.4,7.0,99.019,0.85,,4,-95.953,3,20,10,1351,0.4145
13.578,20.037,0.0,7294.66,7.0,98.119,0.9,,5,-85.411,3,20,13,1450,0.4317
13.467,21.135,0.0,156625.4,7.0,97.779,0.95,,8,213.251,3,20,13,1097,0.4366
14.166,23.048,0.0,728870.67,7.0,95.103,1.0,,8,1357.741,3,20,13,799,0.4468
11.77,14.665,0.0,1541.71,7.0,99.092,0.8,,0,-96.917,4,20,4,766,0.4373
12.631,19.543,0.0,1488.95,7.0,99.482,0.85,,3,-97.022,4,20,8,1121,0.4202
13.744,21.717,0.0,1514.67,7.0,99.65,0.9,,3,-96.971,4,20,10,1037,0.4176
13.467,21.135,0.0,19720.89,7.0,99.692,0.95,,8,-60.558,4,20,13,1097,0.4366
14.166,23.048,0.0,219254.75,7.0,98.924,1.0,,7,338.509,4,20,13,799,0.4468
12.007,14.981,0.0,1199.41,7.0,99.33,0.8,,0,-97.601,5,20,3,431,0.4339
11.787,16.889,0.0,1206.76,7.0,99.684,0.85,,2,-97.586,5,20,7,956,0.4278
13.027,21.083,0.0,1229.34,7.0,99.808,0.9,,3,-97.541,5,20,8,872,0.4232
13.676,23.164,0.0,1198.89,7.0,99.949,0.95,,5,-97.602,5,20,10,773,0.4191
14.166,23.048,0.0,21982.06,7.0,99.837,1.0,,7,-56.036,5,20,13,799,0.4468
11.759,15.318,0.0,1004.9,7.0,99.394,0.8,,0,-97.99,6,20,2,333,0.4414
11.36,16.413,0.0,955.81,7.0,99.801,0.85,,2,-98.088,6,20,5,742,0.4313
11.972,17.556,0.0,1040.34,7.0,99.886,0.9,,2,-97.919,6,20,7,738,0.4322
13.156,23.335,0.0,862.62,7.0,99.898,0.95,,3,-98.275,6,20,9,678,0.4189
14.166,23.048,0.0,1608.13,7.0,99.966,1.0,,5,-96.784,6,20,13,799,0.4468
12.633,15.095,0.0,861.84,7.0,99.424,0.8,,0,-98.276,7,20,2,190,0.4579
11.472,15.465,0.0,836.11,7.0,99.854,0.85,,0,-98.328,7,20,3,404,0.4505
11.517,15.206,0.0,863.41,7.0,99.93,0.9,,0,-98.273,7,20,3,297,0.4512
12.081,22.57,0.0,800.94,7.0,99.837,0.95,,2,-98.398,7,20,7,562,0.4324
12.618,24.908,0.0,113.71,7.0,99.985,1.0,,3,-99.773,7,20,7,400,0.445
12.633,15.095,0.0,861.84,7.0,99.424,0.8,,0,-98.276,8,20,2,190,0.4579
11.472,15.465,0.0,836.11,7.0,99.854,0.85,,0,-98.328,8,20,3,404,0.4505
11.517,15.206,0.0,863.41,7.0,99.93,0.9,,0,-98.273,8,20,3,297,0.4512
12.081,22.57,0.0,800.94,7.0,99.837,0.95,,2,-98.398,8,20,7,562,0.4324
12.618,24.908,0.0,113.71,7.0,99.985,1.0,,3,-99.773,8,20,7,400,0.445
12.633,15.095,0.0,861.84,7.0,99.424,0.8,,0,-98.276,9,20,2,190,0.4579
11.472,15.465,0.0,836.11,7.0,99.854,0.85,,0,-98.328,9,20,3,404,0.4505
11.517,15.206,0.0,863.41,7.0,99.93,0.9,,0,-98.273,9,20,3,297,0.4512
12.081,22.57,0.0,800.94,7.0,99.837,0.95,,2,-98.398,9,20,7,562,0.4324
12.618,24.908,0.0,113.71,7.0,99.985,1.0,,3,-99.773,9,20,7,400,0.445
12.633,15.095,0.0,861.84,7.0,99.424,0.8,,0,-98.276,10,20,2,190,0.4579
11.472,15.465,0.0,836.11,7.0,99.854,0.85,,0,-98.328,10,20,3,404,0.4505
11.517,15.206,0.0,863.41,7.0,99.93,0.9,,0,-98.273,10,20,3,297,0.4512
12.081,22.57,0.0,800.94,7.0,99.837,0.95,,2,-98.398,10,20,7,562,0.4324
12.618,24.908,0.0,113.71,7.0,99.985,1.0,,3,-99.773,10,20,7,400,0.445
13.322,18.429,0.0,13103.0,7.0,83.407,0.8,,5,-73.794,1,25,13,2815,0.4206
13.264,19.007,0.0,37371.39,7.0,76.819,0.85,,6,-25.257,1,25,13,1886,0.4215
13.578,20.037,0.0,122359.96,7.0,58.997,0.9,,8,144.72,1,25,13,1450,0.4317
13.467,21.135,0.0,258239.15,7.0,63.038,0.95,,8,416.478,1,25,13,1097,0.4366
14.166,23.048,0.0,363457.29,7.0,56.348,1.0,,9,626.915,1,25,13,799,0.4468
13.097,18.381,0.0419,2610.09,7.0,97.649,0.8,,1,-94.78,2,25,8,1682,0.4174
13.264,19.007,0.0,5504.67,7.0,97.469,0.85,,4,-88.991,2,25,13,1886,0.4215
13.578,20.037,0.0,58277.15,7.0,87.185,0.9,,6,16.554,2,25,13,1450,0.4317
13.467,21.135,0.0,374424.8,7.0,89.562,0.95,,8,648.85,2,25,13,1097,0.4366
14.166,23.048,0.0,866389.7,7.0,83.02,1.0,,9,1632.779,2,25,13,799,0.4468
12.62,18.234,0.0328,1929.95,7.0,98.658,0.8,,1,-96.14,3,25,7,1567,0.4218
13.423,20.442,0.0,2023.4,7.0,99.019,0.85,,4,-95.953,3,25,10,1351,0.4145
13.578,20.037,0.0,7294.66,7.0,98.119,0.9,,5,-85.411,3,25,13,1450,0.4317
13.467,21.135,0.0,156625.4,7.0,97.779,0.95,,8,213.251,3,25,13,1097,0.4366
14.166,23.048,0.0,728870.67,7.0,95.103,1.0,,8,1357.741,3,25,13,799,0.4468
11.77,14.665,0.0,1541.71,7.0,99.092,0.8,,0,-96.917,4,25,4,766,0.4373
12.631,19.543,0.0,1488.95,7.0,99.482,0.85,,3,-97.022,4,25,8,1121,0.4202
13.744,21.717,0.0,1514.67,7.0,99.65,0.9,,3,-96.971,4,25,10,1037,0.4176
13.467,21.135,0.0,19720.89,7.0,99.692,0.95,,8,-60.558,4,25,13,1097,0.4366
14.166,23.048,0.0,219254.75,7.0,98.924,1.0,,7,338.509,4,25,13,799,0.4468
12.007,14.981,0.0,1199.41,7.0,99.33,0.8,,0,-97.601,5,25,3,431,0.4339
11.787,16.889,0.0,1206.76,7.0,99.684,0.85,,2,-97.586,5,25,7,956,0.4278
13.027,21.083,0.0,1229.34,7.0,99.808,0.9,,3,-97.541,5,25,8,872,0.4232
13.676,23.164,0.0,1198.89,7.0,99.949,0.95,,5,-97.602,5,25,10,773,0.4191
14.166,23.048,0.0,21982.06,7.0,99.837,1.0,,7,-56.036,5,25,13,799,0.4468
11.759,15.318,0.0,1004.9,7.0,99.394,0.8,,0,-97.99,6,25,2,333,0.4414
11.36,16.413,0.0,955.81,7.0,99.801,0.85,,2,-98.088,6,25,5,742,0.4313
11.972,17.556,0.0,1040.34,7.0,99.886,0.9,,2,-97.919,6,25,7,738,0.4322
13.156,23.335,0.0,862.62,7.0,99.898,0.95,,3,-98.275,6,25,9,678,0.4189
14.166,23.048,0.0,1608.13,7.0,99.966,1.0,,5,-96.784,6,25,13,799,0.4468
12.633,15.095,0.0,861.84,7.0,99.424,0.8,,0,-98.276,7,25,2,190,0.4579
11.472,15.465,0.0,836.11,7.0,99.854,0.85,,0,-98.328,7,25,3,404,0.4505
11.517,15.206,0.0,863.41,7.0,99.93,0.9,,0,-98.273,7,25,3,297,0.4512
12.081,22.57,0.0,800.94,7.0,99.837,0.95,,2,-98.398,7,25,7,562,0.4324
12.618,24.908,0.0,113.71,7.0,99.985,1.0,,3,-99.773,7,25,7,400,0.445
12.633,15.095,0.0,861.84,7.0,99.424,0.8,,0,-98.276,8,25,2,190,0.4579
11.472,15.465,0.0,836.11,7.0,99.854,0.85,,0,-98.328,8,25,3,404,0.4505
11.517,15.206,0.0,863.41,7.0,99.93,0.9,,0,-98.273,8,25,3,297,0.4512
12.081,22.57,0.0,800.94,7.0,99.837,0.95,,2,-98.398,8,25,7,562,0.4324
12.618,24.908,0.0,113.71,7.0,99.985,1.0,,3,-99.773,8,25,7,400,0.445
12.633,15.095,0.0,861.84,7.0,99.424,0.8,,0,-98.276,9,25,2,190,0.4579
11.472,15.465,0.0,836.11,7.0,99.854,0.85,,0,-98.328,9,25,3,404,0.4505
11.517,15.206,0.0,863.41,7.0,99.93,0.9,,0,-98.273,9,25,3,297,0.4512
12.081,22.57,0.0,800.94,7.0,99.837,0.95,,2,-98.398,9,25,7,562,0.4324
12.618,24.908,0.0,113.71,7.0,99.985,1.0,,3,-99.773,9,25,7,400,0.445
12.633,15.095,0.0,861.84,7.0,99.424,0.8,,0,-98.276,10,25,2,190,0.4579
11.472,15.465,0.0,836.11,7.0,99.854,0.85,,0,-98.328,10,25,3,404,0.4505
11.517,15.206,0.0,863.41,7.0,99.93,0.9,,0,-98.273,10,25,3,297,0.4512
12.081,22.57,0.0,800.94,7.0,99.837,0.95,,2,-98.398,10,25,7,562,0.4324
12.618,24.908,0.0,113.71,7.0,99.985,1.0,,3,-99.773,10,25,7,400,0.445
13.322,18.429,0.0,13103.0,7.0,83.407,0.8,,5,-73.794,1,30,13,2815,0.4206
13.264,19.007,0.0,37371.39,7.0,76.819,0.85,,6,-25.257,1,30,13,1886,0.4215
13.578,20.037,0.0,122359.96,7.0,58.997,0.9,,8,144.72,1,30,13,1450,0.4317
13.467,21.135,0.0,258239.15,7.0,63.038,0.95,,8,416.478,1,30,13,1097,0.4366
14.166,23.048,0.0,363457.29,7.0,56.348,1.0,,9,626.915,1,30,13,799,0.4468
13.097,18.381,0.0419,2610.09,7.0,97.649,0.8,,1,-94.78,2,30,8,1682,0.4174
13.264,19.007,0.0,5504.67,7.0,97.469,0.85,,4,-88.991,2,30,13,1886,0.4215
13.578,20.037,0.0,58277.15,7.0,87.185,0.9,,6,16.554,2,30,13,1450,0.4317
13.467,21.135,0.0,374424.8,7.0,89.562,0.95,,8,648.85,2,30,13,1097,0.4366
14.166,23.048,0.0,866389.7,7.0,83.02,1.0,,9,1632.779,2,30,13,799,0.4468
12.62,18.234,0.0328,1929.95,7.0,98.658,0.8,,1,-96.14,3,30,7,1567,0.4218
13.423,20.442,0.0,2023.4,7.0,99.019,0.85,,4,-95.953,3,30,10,1351,0.4145
13.578,20.037,0.0,7294.66,7.0,98.119,0.9,,5,-85.411,3,30,13,1450,0.4317
13.467,21.135,0.0,156625.4,7.0,97.779,0.95,,8,213.251,3,30,13,1097,0.4366
14.166,23.048,0.0,728870.67,7.0,95.103,1.0,,8,1357.741,3,30,13,799,0.4468
11.77,14.665,0.0,1541.71,7.0,99.092,0.8,,0,-96.917,4,30,4,766,0.4373
12.631,19.543,0.0,1488.95,7.0,99.482,0.85,,3,-97.022,4,30,8,1121,0.4202
13.744,21.717,0.0,1514.67,7.0,99.65,0.9,,3,-96.971,4,30,10,1037,0.4176
13.467,21.135,0.0,19720.89,7.0,99.692,0.95,,8,-60.558,4,30,13,1097,0.4366
14.166,23.048,0.0,219254.75,7.0,98.924,1.0,,7,338.509,4,30,13,799,0.4468
12.007,14.981,0.0,1199.41,7.0,99.33,0.8,,0,-97.601,5,30,3,431,0.4339
11.787,16.889,0.0,1206.76,7.0,99.684,0.85,,2,-97.586,5,30,7,956,0.4278
13.027,21.083,0.0,1229.34,7.0,99.808,0.9,,3,-97.541,5,30,8,872,0.4232
13.676,23.164,0.0,1198.89,7.0,99.949,0.95,,5,-97.602,5,30,10,773,0.4191
14.166,23.048,0.0,21982.06,7.0,99.837,1.0,,7,-56.036,5,30,13,799,0.4468
11.759,15.318,0.0,1004.9,7.0,99.394,0.8,,0,-97.99,6,30,2,333,0.4414
11.36,16.413,0.0,955.81,7.0,99.801,0.85,,2,-98.088,6,30,5,742,0.4313
11.972,17.556,0.0,1040.34,7.0,99.886,0.9,,2,-97.919,6,30,7,738,0.4322
13.156,23.335,0.0,862.62,7.0,99.898,0.95,,3,-98.275,6,30,9,678,0.4189
14.166,23.048,0.0,1608.13,7.0,99.966,1.0,,5,-96.784,6,30,13,799,0.4468
12.633,15.095,0.0,861.84,7.0,99.424,0.8,,0,-98.276,7,30,2,190,0.4579
11.472,15.465,0.0,836.11,7.0,99.854,0.85,,0,-98.328,7,30,3,404,0.4505
11.517,15.206,0.0,863.41,7.0,99.93,0.9,,0,-98.273,7,30,3,297,0.4512
12.081,22.57,0.0,800.94,7.0,99.837,0.95,,2,-98.398,7,30,7,562,0.4324
12.618,24.908,0.0,113.71,7.0,99.985,1.0,,3,-99.773,7,30,7,400,0.445
12.633,15.095,0.0,861.84,7.0,99.424,0.8,,0,-98.276,8,30,2,190,0.4579
11.472,15.465,0.0,836.11,7.0,99.854,0.85,,0,-98.328,8,30,3,404,0.4505
11.517,15.206,0.0,863.41,7.0,99.93,0.9,,0,-98.273,8,30,3,297,0.4512
12.081,22.57,0.0,800.94,7.0,99.837,0.95,,2,-98.398,8,30,7,562,0.4324
12.618,24.908,0.0,113.71,7.0,99.985,1.0,,3,-99.773,8,30,7,400,0.445
12.633,15.095,0.0,861.84,7.0,99.424,0.8,,0,-98.276,9,30,2,190,0.4579
11.472,15.465,0.0,836.11,7.0,99.854,0.85,,0,-98.328,9,30,3,404,0.4505
11.517,15.206,0.0,863.41,7.0,99.93,0.9,,0,-98.273,9,30,3,297,0.4512
12.081,22.57,0.0,800.94,7.0,99.837,0.95,,2,-98.398,9,30,7,562,0.4324
12.618,24.908,0.0,113.71,7.0,99.985,1.0,,3,-99.773,9,30,7,400,0.445
12.633,15.095,0.0,861.84,7.0,99.424,0.8,,0,-98.276,10,30,2,190,0.4579
11.472,15.465,0.0,836.11,7.0,99.854,0.85,,0,-98.328,10,30,3,404,0.4505
11.517,15.206,0.0,863.41,7.0,99.93,0.9,,0,-98.273,10,30,3,297,0.4512
12.081,22.57,0.0,800.94,7.0,99.837,0.95,,2,-98.398,10,30,7,562,0.4324
12.618,24.908,0.0,113.71,7.0,99.985,1.0,,3,-99.773,10,30,7,400,0.445
13.322,18.429,0.0,13103.0,7.0,83.407,0.8,,5,-73.794,1,35,13,2815,0.4206
13.264,19.007,0.0,37371.39,7.0,76.819,0.85,,6,-25.257,1,35,13,1886,0.4215
13.578,20.037,0.0,122359.96,7.0,58.997,0.9,,8,144.72,1,35,13,1450,0.4317
13.467,21.135,0.0,258239.15,7.0,63.038,0.95,,8,416.478,1,35,13,1097,0.4366
14.166,23.048,0.0,363457.29,7.0,56.348,1.0,,9,626.915,1,35,13,799,0.4468
13.097,18.381,0.0419,2610.09,7.0,97.649,0.8,,1,-94.78,2,35,8,1682,0.4174
13.264,19.007,0.0,5504.67,7.0,97.469,0.85,,4,-88.991,2,35,13,1886,0.4215
13.578,20.037,0.0,58277.15,7.0,87.185,0.9,,6,16.554,2,35,13,1450,0.4317
13.467,21.135,0.0,374424.8,7.0,89.562,0.95,,8,648.85,2,35,13,1097,0.4366
14.166,23.048,0.0,866389.7,7.0,83.02,1.0,,9,1632.779,2,35,13,799,0.4468
12.62,18.234,0.0328,1929.95,7.0,98.658,0.8,,1,-96.14,3,35,7,1567,0.4218
13.423,20.442,0.0,2023.4,7.0,99.019,0.85,,4,-95.953,3,35,10,1351,0.4145
13.578,20.037,0.0,7294.66,7.0,98.119,0.9,,5,-85.411,3,35,13,1450,0.4317
13.467,21.135,0.0,156625.4,7.0,97.779,0.95,,8,213.251,3,35,13,1097,0.4366
14.166,23.048,0.0,728870.67,7.0,95.103,1.0,,8,1357.741,3,35,13,799,0.4468
11.77,14.665,0.0,1541.71,7.0,99.092,0.8,,0,-96.917,4,35,4,766,0.4373
12.631,19.543,0.0,1488.95,7.0,99.482,0.85,,3,-97.022,4,35,8,1121,0.4202
13.744,21.717,0.0,1514.67,7.0,99.65,0.9,,3,-96.971,4,35,10,1037,0.4176
13.467,21.135,0.0,19720.89,7.0,99.692,0.95,,8,-60.558,4,35,13,1097,0.4366
14.166,23.048,0.0,219254.75,7.0,98.924,1.0,,7,338.509,4,35,13,799,0.4468
12.007,14.981,0.0,1199.41,7.0,99.33,0.8,,0,-97.601,5,35,3,431,0.4339
11.787,16.889,0.0,1206.76,7.0,99.684,0.85,,2,-97.586,5,35,7,956,0.4278
13.027,21.083,0.0,1229.34,7.0,99.808,0.9,,3,-97.541,5,35,8,872,0.4232
13.676,23.164,0.0,1198.89,7.0,99.949,0.95,,5,-97.602,5,35,10,773,0.4191
14.166,23.048,0.0,21982.06,7.0,99.837,1.0,,7,-56.036,5,35,13,799,0.4468
11.759,15.318,0.0,1004.9,7.0,99.394,0.8,,0,-97.99,6,35,2,333,0.4414
11.36,16.413,0.0,955.81,7.0,99.801,0.85,,2,-98.088,6,35,5,742,0.4313
11.972,17.556,0.0,1040.34,7.0,99.886,0.9,,2,-97.919,6,35,7,738,0.4322
13.156,23.335,0.0,862.62,7.0,99.898,0.95,,3,-98.275,6,35,9,678,0.4189
14.166,23.048,0.0,1608.13,7.0,99.966,1.0,,5,-96.784,6,35,13,799,0.4468
12.633,15.095,0.0,861.84,7.0,99.424,0.8,,0,-98.276,7,35,2,190,0.4579
11.472,15.465,0.0,836.11,7.0,99.854,0.85,,0,-98.328,7,35,3,404,0.4505
11.517,15.206,0.0,863.41,7.0,99.93,0.9,,0,-98.273,7,35,3,297,0.4512
12.081,22.57,0.0,800.94,7.0,99.837,0.95,,2,-98.398,7,35,7,562,0.4324
12.618,24.908,0.0,113.71,7.0,99.985,1.0,,3,-99.773,7,35,7,400,0.445
12.633,15.095,0.0,861.84,7.0,99.424,0.8,,0,-98.276,8,35,2,190,0.4579
11.472,15.465,0.0,836.11,7.0,99.854,0.85,,0,-98.328,8,35,3,404,0.4505
11.517,15.206,0.0,863.41,7.0,99.93,0.9,,0,-98.273,8,35,3,297,0.4512
12.081,22.57,0.0,800.94,7.0,99.837,0.95,,2,-98.398,8,35,7,562,0.4324
12.618,24.908,0.0,113.71,7.0,99.985,1.0,,3,-99.773,8,35,7,400,0.445
12.633,15.095,0.0,861.84,7.0,99.424,0.8,,0,-98.276,9,35,2,190,0.4579
11.472,15.465,0.0,836.11,7.0,99.854,0.85,,0,-98.328,9,35,3,404,0.4505
11.517,15.206,0.0,863.41,7.0,99.93,0.9,,0,-98.273,9,35,3,297,0.4512
12.081,22.57,0.0,800.94,7.0,99.837,0.95,,2,-98.398,9,35,7,562,0.4324
12.618,24.908,0.0,113.71,7.0,99.985,1.0,,3,-99.773,9,35,7,400,0.445
12.633,15.095,0.0,861.84,7.0,99.424,0.8,,0,-98.276,10,35,2,190,0.4579
11.472,15.465,0.0,836.11,7.0,99.854,0.85,,0,-98.328,10,35,3,404,0.4505
11.517,15.206,0.0,863.41,7.0,99.93,0.9,,0,-98.273,10,35,3,297,0.4512
12.081,22.57,0.0,800.94,7.0,99.837,0.95,,2,-98.398,10,35,7,562,0.4324
12.618,24.908,0.0,113.71,7.0,99.985,1.0,,3,-99.773,10,35,7,400,0.445
13.322,18.429,0.0,13103.0,7.0,83.407,0.8,,5,-73.794,1,40,13,2815,0.4206
13.264,19.007,0.0,37371.39,7.0,76.819,0.85,,6,-25.257,1,40,13,1886,0.4215
13.578,20.037,0.0,122359.96,7.0,58.997,0.9,,8,144.72,1,40,13,1450,0.4317
13.467,21.135,0.0,258239.15,7.0,63.038,0.95,,8,416.478,1,40,13,1097,0.4366
14.166,23.048,0.0,363457.29,7.0,56.348,1.0,,9,626.915,1,40,13,799,0.4468
13.097,18.381,0.0419,2610.09,7.0,97.649,0.8,,1,-94.78,2,40,8,1682,0.4174
13.264,19.007,0.0,5504.67,7.0,97.469,0.85,,4,-88.991,2,40,13,1886,0.4215
13.578,20.037,0.0,58277.15,7.0,87.185,0.9,,6,16.554,2,40,13,1450,0.4317
13.467,21.135,0.0,374424.8,7.0,89.562,0.95,,8,648.85,2,40,13,1097,0.4366
14.166,23.048,0.0,866389.7,7.0,83.02,1.0,,9,1632.779,2,40,13,799,0.4468
12.62,18.234,0.0328,1929.95,7.0,98.658,0.8,,1,-96.14,3,40,7,1567,0.4218
13.423,20.442,0.0,2023.4,7.0,99.019,0.85,,4,-95.953,3,40,10,1351,0.4145
13.578,20.037,0.0,7294.66,7.0,98.119,0.9,,5,-85.411,3,40,13,1450,0.4317
13.467,21.135,0.0,156625.4,7.0,97.779,0.95,,8,213.251,3,40,13,1097,0.4366
14.166,23.048,0.0,728870.67,7.0,95.103,1.0,,8,1357.741,3,40,13,799,0.4468
11.77,14.665,0.0,1541.71,7.0,99.092,0.8,,0,-96.917,4,40,4,766,0.4373
12.631,19.543,0.0,1488.95,7.0,99.482,0.85,,3,-97.022,4,40,8,1121,0.4202
13.744,21.717,0.0,1514.67,7.0,99.65,0.9,,3,-96.971,4,40,10,1037,0.4176
13.467,21.135,0.0,19720.89,7.0,99.692,0.95,,8,-60.558,4,40,13,1097,0.4366
14.166,23.048,0.0,219254.75,7.0,98.924,1.0,,7,338.509,4,40,13,799,0.4468
12.007,14.981,0.0,1199.41,7.0,99.33,0.8,,0,-97.601,5,40,3,431,0.4339
11.787,16.889,0.0,1206.76,7.0,99.684,0.85,,2,-97.586,5,40,7,956,0.4278
13.027,21.083,0.0,1229.34,7.0,99.808,0.9,,3,-97.541,5,40,8,872,0.4232
13.676,23.164,0.0,1198.89,7.0,99.949,0.95,,5,-97.602,5,40,10,773,0.4191
14.166,23.048,0.0,21982.06,7.0,99.837,1.0,,7,-56.036,5,40,13,799,0.4468
11.759,15.318,0.0,1004.9,7.0,99.394,0.8,,0,-97.99,6,40,2,333,0.4414
11.36,16.413,0.0,955.81,7.0,99.801,0.85,,2,-98.088,6,40,5,742,0.4313
11.972,17.556,0.0,1040.34,7.0,99.886,0.9,,2,-97.919,6,40,7,738,0.4322
13.156,23.335,0.0,862.62,7.0,99.898,0.95,,3,-98.275,6,40,9,678,0.4189
14.166,23.048,0.0,1608.13,7.0,99.966,1.0,,5,-96.784,6,40,13,799,0.4468
12.633,15.095,0.0,861.84,7.0,99.424,0.8,,0,-98.276,7,40,2,190,0.4579
11.472,15.465,0.0,836.11,7.0,99.854,0.85,,0,-98.328,7,40,3,404,0.4505
11.517,15.206,0.0,863.41,7.0,99.93,0.9,,0,-98.273,7,40,3,297,0.4512
12.081,22.57,0.0,800.94,7.0,99.837,0.95,,2,-98.398,7,40,7,562,0.4324
12.618,24.908,0.0,113.71,7.0,99.985,1.0,,3,-99.773,7,40,7,400,0.445
12.633,15.095,0.0,861.84,7.0,99.424,0.8,,0,-98.276,8,40,2,190,0.4579
11.472,15.465,0.0,836.11,7.0,99.854,0.85,,0,-98.328,8,40,3,404,0.4505
11.517,15.206,0.0,863.41,7.0,99.93,0.9,,0,-98.273,8,40,3,297,0.4512
12.081,22.57,0.0,800.94,7.0,99.837,0.95,,2,-98.398,8,40,7,562,0.4324
12.618,24.908,0.0,113.71,7.0,99.985,1.0,,3,-99.773,8,40,7,400,0.445
12.633,15.095,0.0,861.84,7.0,99.424,0.8,,0,-98.276,9,40,2,190,0.4579
11.472,15.465,0.0,836.11,7.0,99.854,0.85,,0,-98.328,9,40,3,404,0.4505
11.517,15.206,0.0,863.41,7.0,99.93,0.9,,0,-98.273,9,40,3,297,0.4512
12.081,22.57,0.0,800.94,7.0,99.837,0.95,,2,-98.398,9,40,7,562,0.4324
12.618,24.908,0.0,113.71,7.0,99.985,1.0,,3,-99.773,9,40,7,400,0.445
12.633,15.095,0.0,861.84,7.0,99.424,0.8,,0,-98.276,10,40,2,190,0.4579
11.472,15.465,0.0,836.11,7.0,99.854,0.85,,0,-98.328,10,40,3,404,0.4505
11.517,15.206,0.0,863.41,7.0,99.93,0.9,,0,-98.273,10,40,3,297,0.4512
12.081,22.57,0.0,800.94,7.0,99.837,0.95,,2,-98.398,10,40,7,562,0.4324
12.618,24.908,0.0,113.71,7.0,99.985,1.0,,3,-99.773,10,40,7,400,0.445
13.322,18.429,0.0,13103.0,7.0,83.407,0.8,,5,-73.794,1,45,13,2815,0.4206
13.264,19.007,0.0,37371.39,7.0,76.819,0.85,,6,-25.257,1,45,13,1886,0.4215
13.578,20.037,0.0,122359.96,7.0,58.997,0.9,,8,144.72,1,45,13,1450,0.4317
13.467,21.135,0.0,258239.15,7.0,63.038,0.95,,8,416.478,1,45,13,1097,0.4366
14.166,23.048,0.0,363457.29,7.0,56.348,1.0,,9,626.915,1,45,13,799,0.4468
13.097,18.381,0.0419,2610.09,7.0,97.649,0.8,,1,-94.78,2,45,8,1682,0.4174
13.264,19.007,0.0,5504.67,7.0,97.469,0.85,,4,-88.991,2,45,13,1886,0.4215
13.578,20.037,0.0,58277.15,7.0,87.185,0.9,,6,16.554,2,45,13,1450,0.4317
13.467,21.135,0.0,374424.8,7.0,89.562,0.95,,8,648.85,2,45,13,1097,0.4366
14.166,23.048,0.0,866389.7,7.0,83.02,1.0,,9,1632.779,2,45,13,799,0.4468
12.62,18.234,0.0328,1929.95,7.0,98.658,0.8,,1,-96.14,3,45,7,1567,0.4218
13.423,20.442,0.0,2023.4,7.0,99.019,0.85,,4,-95.953,3,45,10,1351,0.4145
13.578,20.037,0.0,7294.66,7.0,98.119,0.9,,5,-85.411,3,45,13,1450,0.4317
13.467,21.135,0.0,156625.4,7.0,97.779,0.95,,8,213.251,3,45,13,1097,0.4366
14.166,23.048,0.0,728870.67,7.0,95.103,1.0,,8,1357.741,3,45,13,799,0.4468
11.77,14.665,0.0,1541.71,7.0,99.092,0.8,,0,-96.917,4,45,4,766,0.4373
12.631,19.543,0.0,1488.95,7.0,99.482,0.85,,3,-97.022,4,45,8,1121,0.4202
13.744,21.717,0.0,1514.67,7.0,99.65,0.9,,3,-96.971,4,45,10,1037,0.4176
13.467,21.135,0.0,19720.89,7.0,99.692,0.95,,8,-60.558,4,45,13,1097,0.4366
14.166,23.048,0.0,219254.75,7.0,98.924,1.0,,7,338.509,4,45,13,799,0.4468
12.007,14.981,0.0,1199.41,7.0,99.33,0.8,,0,-97.601,5,45,3,431,0.4339
11.787,16.889,0.0,1206.76,7.0,99.684,0.85,,2,-97.586,5,45,7,956,0.4278
13.027,21.083,0.0,1229.34,7.0,99.808,0.9,,3,-97.541,5,45,8,872,0.4232
13.676,23.164,0.0,1198.89,7.0,99.949,0.95,,5,-97.602,5,45,10,773,0.4191
14.166,23.048,0.0,21982.06,7.0,99.837,1.0,,7,-56.036,5,45,13,799,0.4468
11.759,15.318,0.0,1004.9,7.0,99.394,0.8,,0,-97.99,6,45,2,333,0.4414
11.36,16.413,0.0,955.81,7.0,99.801,0.85,,2,-98.088,6,45,5,742,0.4313
11.972,17.556,0.0,1040.34,7.0,99.886,0.9,,2,-97.919,6,45,7,738,0.4322
13.156,23.335,0.0,862.62,7.0,99.898,0.95,,3,-98.275,6,45,9,678,0.4189
14.166,23.048,0.0,1608.13,7.0,99.966,1.0,,5,-96.784,6,45,13,799,0.4468
12.633,15.095,0.0,861.84,7.0,99.424,0.8,,0,-98.276,7,45,2,190,0.4579
11.472,15.465,0.0,836.11,7.0,99.854,0.85,,0,-98.328,7,45,3,404,0.4505
11.517,15.206,0.0,863.41,7.0,99.93,0.9,,0,-98.273,7,45,3,297,0.4512
12.081,22.57,0.0,800.94,7.0,99.837,0.95,,2,-98.398,7,45,7,562,0.4324
12.618,24.908,0.0,113.71,7.0,99.985,1.0,,3,-99.773,7,45,7,400,0.445
12.633,15.095,0.0,861.84,7.0,99.424,0.8,,0,-98.276,8,45,2,190,0.4579
11.472,15.465,0.0,836.11,7.0,99.854,0.85,,0,-98.328,8,45,3,404,0.4505
11.517,15.206,0.0,863.41,7.0,99.93,0.9,,0,-98.273,8,45,3,297,0.4512
12.081,22.57,0.0,800.94,7.0,99.837,0.95,,2,-98.398,8,45,7,562,0.4324
12.618,24.908,0.0,113.71,7.0,99.985,1.0,,3,-99.773,8,45,7,400,0.445
12.633,15.095,0.0,861.84,7.0,99.424,0.8,,0,-98.276,9,45,2,190,0.4579
11.472,15.465,0.0,836.11,7.0,99.854,0.85,,0,-98.328,9,45,3,404,0.4505
11.517,15.206,0.0,863.41,7.0,99.93,0.9,,0,-98.273,9,45,3,297,0.4512
12.081,22.57,0.0,800.94,7.0,99.837,0.95,,2,-98.398,9,45,7,562,0.4324
12.618,24.908,0.0,113.71,7.0,99.985,1.0,,3,-99.773,9,45,7,400,0.445
12.633,15.095,0.0,861.84,7.0,99.424,0.8,,0,-98.276,10,45,2,190,0.4579
11.472,15.465,0.0,836.11,7.0,99.854,0.85,,0,-98.328,10,45,3,404,0.4505
11.517,15.206,0.0,863.41,7.0,99.93,0.9,,0,-98.273,10,45,3,297,0.4512
12.081,22.57,0.0,800.94,7.0,99.837,0.95,,2,-98.398,10,45,7,562,0.4324
12.618,24.908,0.0,113.71,7.0,99.985,1.0,,3,-99.773,10,45,7,400,0.445
13.322,18.429,0.0,13103.0,7.0,83.407,0.8,,5,-73.794,1,50,13,2815,0.4206
13.264,19.007,0.0,37371.39,7.0,76.819,0.85,,6,-25.257,1,50,13,1886,0.4215
13.578,20.037,0.0,122359.96,7.0,58.997,0.9,,8,144.72,1,50,13,1450,0.4317
13.467,21.135,0.0,258239.15,7.0,63.038,0.95,,8,416.478,1,50,13,1097,0.4366
14.166,23.048,0.0,363457.29,7.0,56.348,1.0,,9,626.915,1,50,13,799,0.4468
13.097,18.381,0.0419,2610.09,7.0,97.649,0.8,,1,-94.78,2,50,8,1682,0.4174
13.264,19.007,0.0,5504.67,7.0,97.469,0.85,,4,-88.991,2,50,13,1886,0.4215
13.578,20.037,0.0,58277.15,7.0,87.185,0.9,,6,16.554,2,50,13,1450,0.4317
13.467,21.135,0.0,374424.8,7.0,89.562,0.95,,8,648.85,2,50,13,1097,0.4366
14.166,23.048,0.0,866389.7,7.0,83.02,1.0,,9,1632.779,2,50,13,799,0.4468
12.62,18.234,0.0328,1929.95,7.0,98.658,0.8,,1,-96.14,3,50,7,1567,0.4218
13.423,20.442,0.0,2023.4,7.0,99.019,0.85,,4,-95.953,3,50,10,1351,0.4145
13.578,20.037,0.0,7294.66,7.0,98.119,0.9,,5,-85.411,3,50,13,1450,0.4317
13.467,21.135,0.0,156625.4,7.0,97.779,0.95,,8,213.251,3,50,13,1097,0.4366
14.166,23.048,0.0,728870.67,7.0,95.103,1.0,,8,1357.741,3,50,13,799,0.4468
11.77,14.665,0.0,1541.71,7.0,99.092,0.8,,0,-96.917,4,50,4,766,0.4373
12.631,19.543,0.0,1488.95,7.0,99.482,0.85,,3,-97.022,4,50,8,1121,0.4202
13.744,21.717,0.0,1514.67,7.0,99.65,0.9,,3,-96.971,4,50,10,1037,0.4176
13.467,21.135,0.0,19720.89,7.0,99.692,0.95,,8,-60.558,4,50,13,1097,0.4366
14.166,23.048,0.0,219254.75,7.0,98.924,1.0,,7,338.509,4,50,13,799,0.4468
12.007,14.981,0.0,1199.41,7.0,99.33,0.8,,0,-97.601,5,50,3,431,0.4339
11.787,16.889,0.0,1206.76,7.0,99.684,0.85,,2,-97.586,5,50,7,956,0.4278
13.027,21.083,0.0,1229.34,7.0,99.808,0.9,,3,-97.541,5,50,8,872,0.4232
13.676,23.164,0.0,1198.89,7.0,99.949,0.95,,5,-97.602,5,50,10,773,0.4191
14.166,23.048,0.0,21982.06,7.0,99.837,1.0,,7,-56.036,5,50,13,799,0.4468
11.759,15.318,0.0,1004.9,7.0,99.394,0.8,,0,-97.99,6,50,2,333,0.4414
11.36,16.413,0.0,955.81,7.0,99.801,0.85,,2,-98.088,6,50,5,742,0.4313
11.972,17.556,0.0,1040.34,7.0,99.886,0.9,,2,-97.919,6,50,7,738,0.4322
13.156,23.335,0.0,862.62,7.0,99.898,0.95,,3,-98.275,6,50,9,678,0.4189
14.166,23.048,0.0,1608.13,7.0,99.966,1.0,,5,-96.784,6,50,13,799,0.4468
12.633,15.095,0.0,861.84,7.0,99.424,0.8,,0,-98.276,7,50,2,190,0.4579
11.472,15.465,0.0,836.11,7.0,99.854,0.85,,0,-98.328,7,50,3,404,0.4505
11.517,15.206,0.0,863.41,7.0,99.93,0.9,,0,-98.273,7,50,3,297,0.4512
12.081,22.57,0.0,800.94,7.0,99.837,0.95,,2,-98.398,7,50,7,562,0.4324
12.618,24.908,0.0,113.71,7.0,99.985,1.0,,3,-99.773,7,50,7,400,0.445
12.633,15.095,0.0,861.84,7.0,99.424,0.8,,0,-98.276,8,50,2,190,0.4579
11.472,15.465,0.0,836.11,7.0,99.854,0.85,,0,-98.328,8,50,3,404,0.4505
11.517,15.206,0.0,863.41,7.0,99.93,0.9,,0,-98.273,8,50,3,297,0.4512
12.081,22.57,0.0,800.94,7.0,99.837,0.95,,2,-98.398,8,50,7,562,0.4324
12.618,24.908,0.0,113.71,7.0,99.985,1.0,,3,-99.773,8,50,7,400,0.445
12.633,15.095,0.0,861.84,7.0,99.424,0.8,,0,-98.276,9,50,2,190,0.4579
11.472,15.465,0.0,836.11,7.0,99.854,0.85,,0,-98.328,9,50,3,404,0.4505
11.517,15.206,0.0,863.41,7.0,99.93,0.9,,0,-98.273,9,50,3,297,0.4512
12.081,22.57,0.0,800.94,7.0,99.837,0.95,,2,-98.398,9,50,7,562,0.4324
12.618,24.908,0.0,113.71,7.0,99.985,1.0,,3,-99.773,9,50,7,400,0.445
12.633,15.095,0.0,861.84,7.0,99.424,0.8,,0,-98.276,10,50,2,190,0.4579
11.472,15.465,0.0,836.11,7.0,99.854,0.85,,0,-98.328,10,50,3,404,0.4505
11.517,15.206,0.0,863.41,7.0,99.93,0.9,,0,-98.273,10,50,3,297,0.4512
12.081,22.57,0.0,800.94,7.0,99.837,0.95,,2,-98.398,10,50,7,562,0.4324
12.618,24.908,0.0,113.71,7.0,99.985,1.0,,3,-99.773,10,50,7,400,0.445
13.322,18.429,0.0,13103.0,7.0,83.407,0.8,,5,-73.794,1,55,13,2815,0.4206
13.264,19.007,0.0,37371.39,7.0,76.819,0.85,,6,-25.257,1,55,13,1886,0.4215
13.578,20.037,0.0,122359.96,7.0,58.997,0.9,,8,144.72,1,55,13,1450,0.4317
13.467,21.135,0.0,258239.15,7.0,63.038,0.95,,8,416.478,1,55,13,1097,0.4366
14.166,23.048,0.0,363457.29,7.0,56.348,1.0,,9,626.915,1,55,13,799,0.4468
13.097,18.381,0.0419,2610.09,7.0,97.649,0.8,,1,-94.78,2,55,8,1682,0.4174
13.264,19.007,0.0,5504.67,7.0,97.469,0.85,,4,-88.991,2,55,13,1886,0.4215
13.578,20.037,0.0,58277.15,7.0,87.185,0.9,,6,16.554,2,55,13,1450,0.4317
13.467,21.135,0.0,374424.8,7.0,89.562,0.95,,8,648.85,2,55,13,1097,0.4366
14.166,23.048,0.0,866389.7,7.0,83.02,1.0,,9,1632.779,2,55,13,799,0.4468
12.62,18.234,0.0328,1929.95,7.0,98.658,0.8,,1,-96.14,3,55,7,1567,0.4218
13.423,20.442,0.0,2023.4,7.0,99.019,0.85,,4,-95.953,3,55,10,1351,0.4145
13.578,20.037,0.0,7294.66,7.0,98.119,0.9,,5,-85.411,3,55,13,1450,0.4317
13.467,21.135,0.0,156625.4,7.0,97.779,0.95,,8,213.251,3,55,13,1097,0.4366
14.166,23.048,0.0,728870.67,7.0,95.103,1.0,,8,1357.741,3,55,13,799,0.4468
11.77,14.665,0.0,1541.71,7.0,99.092,0.8,,0,-96.917,4,55,4,766,0.4373
12.631,19.543,0.0,1488.95,7.0,99.482,0.85,,3,-97.022,4,55,8,1121,0.4202
13.744,21.717,0.0,1514.67,7.0,99.65,0.9,,3,-96.971,4,55,10,1037,0.4176
13.467,21.135,0.0,19720.89,7.0,99.692,0.95,,8,-60.558,4,55,13,1097,0.4366
14.166,23.048,0.0,219254.75,7.0,98.924,1.0,,7,338.509,4,55,13,799,0.4468
12.007,14.981,0.0,1199.41,7.0,99.33,0.8,,0,-97.601,5,55,3,431,0.4339
11.787,16.889,0.0,1206.76,7.0,99.684,0.85,,2,-97.586,5,55,7,956,0.4278
13.027,21.083,0.0,1229.34,7.0,99.808,0.9,,3,-97.541,5,55,8,872,0.4232
13.676,23.164,0.0,1198.89,7.0,99.949,0.95,,5,-97.602,5,55,10,773,0.4191
14.166,23.048,0.0,21982.06,7.0,99.837,1.0,,7,-56.036,5,55,13,799,0.4468
11.759,15.318,0.0,1004.9,7.0,99.394,0.8,,0,-97.99,6,55,2,333,0.4414
11.36,16.413,0.0,955.81,7.0,99.801,0.85,,2,-98.088,6,55,5,742,0.4313
11.972,17.556,0.0,1040.34,7.0,99.886,0.9,,2,-97.919,6,55,7,738,0.4322
13.156,23.335,0.0,862.62,7.0,99.898,0.95,,3,-98.275,6,55,9,678,0.4189
14.166,23.048,0.0,1608.13,7.0,99.966,1.0,,5,-96.784,6,55,13,799,0.4468
12.633,15.095,0.0,861.84,7.0,99.424,0.8,,0,-98.276,7,55,2,190,0.4579
11.472,15.465,0.0,836.11,7.0,99.854,0.85,,0,-98.328,7,55,3,404,0.4505
11.517,15.206,0.0,863.41,7.0,99.93,0.9,,0,-98.273,7,55,3,297,0.4512
12.081,22.57,0.0,800.94,7.0,99.837,0.95,,2,-98.398,7,55,7,562,0.4324
12.618,24.908,0.0,113.71,7.0,99.985,1.0,,3,-99.773,7,55,7,400,0.445
12.633,15.095,0.0,861.84,7.0,99.424,0.8,,0,-98.276,8,55,2,190,0.4579
11.472,15.465,0.0,836.11,7.0,99.854,0.85,,0,-98.328,8,55,3,404,0.4505
11.517,15.206,0.0,863.41,7.0,99.93,0.9,,0,-98.273,8,55,3,297,0.4512
12.081,22.57,0.0,800.94,7.0,99.837,0.95,,2,-98.398,8,55,7,562,0.4324
12.618,24.908,0.0,113.71,7.0,99.985,1.0,,3,-99.773,8,55,7,400,0.445
12.633,15.095,0.0,861.84,7.0,99.424,0.8,,0,-98.276,9,55,2,190,0.4579
11.472,15.465,0.0,836.11,7.0,99.854,0.85,,0,-98.328,9,55,3,404,0.4505
11.517,15.206,0.0,863.41,7.0,99.93,0.9,,0,-98.273,9,55,3,297,0.4512
12.081,22.57,0.0,800.94,7.0,99.837,0.95,,2,-98.398,9,55,7,562,0.4324
12.618,24.908,0.0,113.71,7.0,99.985,1.0,,3,-99.773,9,55,7,400,0.445
12.633,15.095,0.0,861.84,7.0,99.424,0.8,,0,-98.276,10,55,2,190,0.4579
11.472,15.465,0.0,836.11,7.0,99.854,0.85,,0,-98.328,10,55,3,404,0.4505
11.517,15.206,0.0,863.41,7.0,99.93,0.9,,0,-98.273,10,55,3,297,0.4512
12.081,22.57,0.0,800.94,7.0,99.837,0.95,,2,-98.398,10,55,7,562,0.4324
12.618,24.908,0.0,113.71,7.0,99.985,1.0,,3,-99.773,10,55,7,400,0.445
13.322,18.429,0.0,13103.0,7.0,83.407,0.8,,5,-73.794,1,60,13,2815,0.4206
13.264,19.007,0.0,37371.39,7.0,76.819,0.85,,6,-25.257,1,60,13,1886,0.4215
13.578,20.037,0.0,122359.96,7.0,58.997,0.9,,8,144.72,1,60,13,1450,0.4317
13.467,21.135,0.0,258239.15,7.0,63.038,0.95,,8,416.478,1,60,13,1097,0.4366
14.166,23.048,0.0,363457.29,7.0,56.348,1.0,,9,626.915,1,60,13,799,0.4468
13.097,18.381,0.0419,2610.09,7.0,97.649,0.8,,1,-94.78,2,60,8,1682,0.4174
13.264,19.007,0.0,5504.67,7.0,97.469,0.85,,4,-88.991,2,60,13,1886,0.4215
13.578,20.037,0.0,58277.15,7.0,87.185,0.9,,6,16.554,2,60,13,1450,0.4317
13.467,21.135,0.0,374424.8,7.0,89.562,0.95,,8,648.85,2,60,13,1097,0.4366
14.166,23.048,0.0,866389.7,7.0,83.02,1.0,,9,1632.779,2,60,13,799,0.4468
12.62,18.234,0.0328,1929.95,7.0,98.658,0.8,,1,-96.14,3,60,7,1567,0.4218
13.423,20.442,0.0,2023.4,7.0,99.019,0.85,,4,-95.953,3,60,10,1351,0.4145
13.578,20.037,0.0,7294.66,7.0,98.119,0.9,,5,-85.411,3,60,13,1450,0.4317
13.467,21.135,0.0,156625.4,7.0,97.779,0.95,,8,213.251,3,60,13,1097,0.4366
14.166,23.048,0.0,728870.67,7.0,95.103,1.0,,8,1357.741,3,60,13,799,0.4468
11.77,14.665,0.0,1541.71,7.0,99.092,0.8,,0,-96.917,4,60,4,766,0.4373
12.631,19.543,0.0,1488.95,7.0,99.482,0.85,,3,-97.022,4,60,8,1121,0.4202
13.744,21.717,0.0,1514.67,7.0,99.65,0.9,,3,-96.971,4,60,10,1037,0.4176
13.467,21.135,0.0,19720.89,7.0,99.692,0.95,,8,-60.558,4,60,13,1097,0.4366
14.166,23.048,0.0,219254.75,7.0,98.924,1.0,,7,338.509,4,60,13,799,0.4468
12.007,14.981,0.0,1199.41,7.0,99.33,0.8,,0,-97.601,5,60,3,431,0.4339
11.787,16.889,0.0,1206.76,7.0,99.684,0.85,,2,-97.586,5,60,7,956,0.4278
13.027,21.083,0.0,1229.34,7.0,99.808,0.9,,3,-97.541,5,60,8,872,0.4232
13.676,23.164,0.0,1198.89,7.0,99.949,0.95,,5,-97.602,5,60,10,773,0.4191
14.166,23.048,0.0,21982.06,7.0,99.837,1.0,,7,-56.036,5,60,13,799,0.4468
11.759,15.318,0.0,1004.9,7.0,99.394,0.8,,0,-97.99,6,60,2,333,0.4414
11.36,16.413,0.0,955.81,7.0,99.801,0.85,,2,-98.088,6,60,5,742,0.4313
11.972,17.556,0.0,1040.34,7.0,99.886,0.9,,2,-97.919,6,60,7,738,0.4322
13.156,23.335,0.0,862.62,7.0,99.898,0.95,,3,-98.275,6,60,9,678,0.4189
14.166,23.048,0.0,1608.13,7.0,99.966,1.0,,5,-96.784,6,60,13,799,0.4468
12.633,15.095,0.0,861.84,7.0,99.424,0.8,,0,-98.276,7,60,2,190,0.4579
11.472,15.465,0.0,836.11,7.0,99.854,0.85,,0,-98.328,7,60,3,404,0.4505
11.517,15.206,0.0,863.41,7.0,99.93,0.9,,0,-98.273,7,60,3,297,0.4512
12.081,22.57,0.0,800.94,7.0,99.837,0.95,,2,-98.398,7,60,7,562,0.4324
12.618,24.908,0.0,113.71,7.0,99.985,1.0,,3,-99.773,7,60,7,400,0.445
12.633,15.095,0.0,861.84,7.0,99.424,0.8,,0,-98.276,8,60,2,190,0.4579
11.472,15.465,0.0,836.11,7.0,99.854,0.85,,0,-98.328,8,60,3,404,0.4505
11.517,15.206,0.0,863.41,7.0,99.93,0.9,,0,-98.273,8,60,3,297,0.4512
12.081,22.57,0.0,800.94,7.0,99.837,0.95,,2,-98.398,8,60,7,562,0.4324
12.618,24.908,0.0,113.71,7.0,99.985,1.0,,3,-99.773,8,60,7,400,0.445
12.633,15.095,0.0,861.84,7.0,99.424,0.8,,0,-98.276,9,60,2,190,0.4579
11.472,15.465,0.0,836.11,7.0,99.854,0.85,,0,-98.328,9,60,3,404,0.4505
11.517,15.206,0.0,863.41,7.0,99.93,0.9,,0,-98.273,9,60,3,297,0.4512
12.081,22.57,0.0,800.94,7.0,99.837,0.95,,2,-98.398,9,60,7,562,0.4324
12.618,24.908,0.0,113.71,7.0,99.985,1.0,,3,-99.773,9,60,7,400,0.445
12.633,15.095,0.0,861.84,7.0,99.424,0.8,,0,-98.276,10,60,2,190,0.4579
11.472,15.465,0.0,836.11,7.0,99.854,0.85,,0,-98.328,10,60,3,404,0.4505
11.517,15.206,0.0,863.41,7.0,99.93,0.9,,0,-98.273,10,60,3,297,0.4512
12.081,22.57,0.0,800.94,7.0,99.837,0.95,,2,-98.398,10,60,7,562,0.4324
12.618,24.908,0.0,113.71,7.0,99.985,1.0,,3,-99.773,10,60,7,400,0.445
13.585,18.226,0.0,15540.58,7.5,80.201,0.8,,4,-68.919,1,5,13,2806,0.4269
13.521,18.768,0.0,38095.36,7.5,75.186,0.85,,5,-23.809,1,5,13,1881,0.428
13.817,19.698,0.0,124241.56,7.5,55.285,0.9,,7,148.483,1,5,13,1447,0.4402
13.705,20.856,0.0,217700.75,7.5,61.006,0.95,,8,335.402,1,5,13,1095,0.442
14.239,22.787,0.0,300017.6,7.5,54.36,1.0,,9,500.035,1,5,13,798,0.4486
13.544,18.54,0.058,3194.15,7.5,97.096,0.8,,2,-93.612,2,5,9,1789,0.4226
13.521,18.768,0.0,7105.4,7.5,96.83,0.85,,5,-85.789,2,5,13,1881,0.428
13.817,19.698,0.0,71106.84,7.5,84.952,0.9,,7,42.214,2,5,13,1447,0.4402
13.705,20.856,0.0,311669.19,7.5,87.967,0.95,,8,523.338,2,5,13,1095,0.442
14.239,22.787,0.0,697036.51,7.5,80.861,1.0,,9,1294.073,2,5,13,798,0.4486
12.935,18.109,0.0409,2152.29,7.5,98.499,0.8,,1,-95.695,3,5,7,1562,0.4302
13.602,19.13,0.0,2242.85,7.5,98.87,0.85,,4,-95.514,3,5,12,1776,0.4313
13.817,19.698,0.0,12472.21,7.5,97.235,0.9,,6,-75.056,3,5,13,1447,0.4402
13.705,20.856,0.0,156026.38,7.5,97.081,0.95,,8,212.053,3,5,13,1095,0.442
14.239,22.787,0.0,658260.27,7.5,93.09,1.0,,7,1216.521,3,5,13,798,0.4486
11.958,14.487,0.0,1564.55,7.5,99.074,0.8,,0,-96.871,4,5,4,769,0.4447
13.009,19.352,0.0,1561.4,7.5,99.444,0.85,,3,-96.877,4,5,8,1119,0.429
13.831,19.736,0.0,1679.79,7.5,99.576,0.9,,5,-96.64,4,5,13,1434,0.4414
13.705,20.856,0.0,26978.49,7.5,99.509,0.95,,7,-46.043,4,5,13,1095,0.442
14.239,22.787,0.0,251490.54,7.5,98.179,1.0,,7,402.981,4,5,13,798,0.4486
12.216,14.935,0.0,1253.23,7.5,99.328,0.8,,0,-97.494,5,5,3,438,0.4361
12.473,18.805,0.0,1318.85,7.5,99.654,0.85,,3,-97.362,5,5,7,993,0.432
13.675,21.071,0.0,1274.75,7.5,99.781,0.9,,3,-97.451,5,5,9,912,0.4309
13.705,20.856,0.0,2431.33,7.5,99.919,0.95,,6,-95.137,5,5,13,1095,0.442
14.239,22.787,0.0,37648.32,7.5,99.643,1.0,,7,-24.703,5,5,13,798,0.4486
11.97,15.35,0.0,1001.75,7.5,99.458,0.8,,0,-97.996,6,5,2,339,0.4366
11.546,16.349,0.0,1115.67,7.5,99.772,0.85,,2,-97.769,6,5,6,741,0.4359
13.304,20.792,0.0,1089.95,7.5,99.867,0.9,,2,-97.82,6,5,8,866,0.4376
13.531,23.11,0.0,1117.25,7.5,99.928,0.95,,3,-97.765,6,5,9,684,0.424
14.239,22.787,0.0,1591.59,7.5,99.962,1.0,,5,-96.817,6,5,13,798,0.4486
12.382,14.978,0.0,946.63,7.5,99.432,0.8,,0,-98.107,7,5,2,235,0.4426
11.486,15.704,0.0,934.02,7.5,99.843,0.85,,2,-98.132,7,5,5,641,0.4509
11.915,15.392,0.0,922.47,7.5,99.917,0.9,,0,-98.155,7,5,4,376,0.4441
13.247,23.113,0.0,428.45,7.5,99.906,0.95,,2,-99.143,7,5,8,648,0.4336
13.875,25.747,0.0,964.21,7.5,99.94,1.0,,3,-98.072,7,5,9,491,0.4257
12.893,15.295,0.0,814.59,7.5,99.501,0.8,,0,-98.371,8,5,2,183,0.459
11.748,15.59,0.0,850.81,7.5,99.869,0.85,,0,-98.298,8,5,3,299,0.4482
11.778,15.174,0.0,832.44,7.5,99.935,0.9,,0,-98.335,8,5,3,297,0.4545
12.38,22.333,0.0,509.56,7.5,99.897,0.95,,2,-98.981,8,5,7,562,0.4413
12.87,24.911,0.0,889.92,7.5,99.879,1.0,,3,-98.22,8,5,7,403,0.4467
12.893,15.295,0.0,814.59,7.5,99.501,0.8,,0,-98.371,9,5,2,183,0.459
11.748,15.59,0.0,850.81,7.5,99.869,0.85,,0,-98.298,9,5,3,299,0.4482
11.778,15.174,0.0,832.44,7.5,99.935,0.9,,0,-98.335,9,5,3,297,0.4545
12.38,22.333,0.0,509.56,7.5,99.897,0.95,,2,-98.981,9,5,7,562,0.4413
12.87,24.911,0.0,889.92,7.5,99.879,1.0,,3,-98.22,9,5,7,403,0.4467
12.893,15.295,0.0,814.59,7.5,99.501,0.8,,0,-98.371,10,5,2,183,0.459
11.748,15.59,0.0,850.81,7.5,99.869,0.85,,0,-98.298,10,5,3,299,0.4482
11.778,15.174,0.0,832.44,7.5,99.935,0.9,,0,-98.335,10,5,3,297,0.4545
12.38,22.333,0.0,509.56,7.5,99.897,0.95,,2,-98.981,10,5,7,562,0.4413
12.87,24.911,0.0,889.92,7.5,99.879,1.0,,3,-98.22,10,5,7,403,0.4467
13.66,18.238,0.0171,12355.66,7.5,83.536,0.8,,4,-75.289,1,10,13,2806,0.428
13.615,18.764,0.0,39568.77,7.5,74.102,0.85,,5,-20.862,1,10,13,1881,0.4296
13.915,19.688,0.0,116828.56,7.5,54.86,0.9,,7,133.657,1,10,13,1447,0.4423
13.813,20.836,0.0,229116.35,7.5,60.832,0.95,,8,358.233,1,10,13,1095,0.4447
14.338,22.696,0.0,299999.49,7.5,54.362,1.0,,9,499.999,1,10,13,798,0.4511
13.637,18.53,0.0268,3254.26,7.5,96.872,0.8,,1,-93.491,2,10,9,1789,0.4237
13.615,18.764,0.0,7471.59,7.5,96.362,0.85,,5,-85.057,2,10,13,1881,0.4296
13.915,19.688,0.0,77738.9,7.5,84.628,0.9,,7,55.478,2,10,13,1447,0.4423
13.813,20.836,0.0,336663.91,7.5,87.968,0.95,,8,573.328,2,10,13,1095,0.4447
14.338,22.696,0.0,683644.29,7.5,80.882,1.0,,9,1267.289,2,10,13,798,0.4511
13.143,18.188,0.022,2083.78,7.5,98.421,0.8,,1,-95.832,3,10,8,1591,0.4299
13.702,19.124,0.0,2186.15,7.5,98.831,0.85,,4,-95.628,3,10,12,1776,0.433
13.915,19.688,0.0,14098.66,7.5,96.703,0.9,,6,-71.803,3,10,13,1447,0.4423
13.813,20.836,0.0,169106.49,7.5,97.08,0.95,,8,238.213,3,10,13,1095,0.4447
14.338,22.696,0.0,649337.64,7.5,93.108,1.0,,7,1198.675,3,10,13,798,0.4511
12.08,14.517,0.0,1579.25,7.5,98.968,0.8,,0,-96.841,4,10,4,769,0.446
13.21,19.298,0.0,1456.66,7.5,99.44,0.85,,3,-97.087,4,10,8,1120,0.4304
14.274,21.31,0.0,1658.79,7.5,99.567,0.9,,4,-96.682,4,10,10,1036,0.4315
13.813,20.836,0.0,29923.74,7.5,99.52,0.95,,7,-40.153,4,10,13,1095,0.4447
14.338,22.696,0.0,242332.7,7.5,98.18,1.0,,7,384.665,4,10,13,798,0.4511
12.316,14.897,0.0,1310.19,7.5,99.204,0.8,,0,-97.38,5,10,3,437,0.4394
12.26,16.668,0.0,1321.21,7.5,99.614,0.85,,2,-97.358,5,10,7,953,0.4397
13.782,20.997,0.0,1231.7,7.5,99.778,0.9,,3,-97.537,5,10,9,906,0.436
13.813,20.836,0.0,2438.68,7.5,99.928,0.95,,6,-95.123,5,10,13,1095,0.4447
14.338,22.696,0.0,36556.59,7.5,99.638,1.0,,7,-26.887,5,10,13,798,0.4511
12.103,15.299,0.0,1102.55,7.5,99.315,0.8,,0,-97.795,6,10,2,338,0.4408
11.761,16.318,0.0,1074.72,7.5,99.751,0.85,,2,-97.851,6,10,6,751,0.4381
13.431,20.667,0.0,1063.17,7.5,99.864,0.9,,2,-97.874,6,10,8,868,0.4401
13.665,22.996,0.0,1075.78,7.5,99.918,0.95,,3,-97.848,6,10,9,684,0.4269
14.338,22.696,0.0,2021.3,7.5,99.951,1.0,,6,-95.957,6,10,13,798,0.4511
12.517,14.978,0.0,846.09,7.5,99.403,0.8,,0,-98.308,7,10,2,234,0.4444
11.644,15.64,0.0,932.97,7.5,99.819,0.85,,2,-98.134,7,10,5,641,0.454
12.068,14.864,0.0,964.21,7.5,99.908,0.9,,0,-98.072,7,10,3,309,0.4531
13.389,22.995,0.0,816.16,7.5,99.815,0.95,,3,-98.368,7,10,8,648,0.4367
14.061,25.564,0.0,963.95,7.5,99.935,1.0,,3,-98.072,7,10,9,490,0.4306
13.043,15.295,0.0,846.35,7.5,99.357,0.8,,0,-98.307,8,10,2,182,0.4615
11.89,15.531,0.0039,828.24,7.5,99.852,0.85,,1,-98.344,8,10,3,299,0.4515
11.912,15.119,0.0,842.94,7.5,99.93,0.9,,0,-98.314,8,10,3,297,0.4579
12.541,22.206,0.0,501.16,7.5,99.895,0.95,,2,-98.998,8,10,7,562,0.4448
12.985,24.641,0.0,788.34,7.5,99.888,1.0,,3,-98.423,8,10,7,400,0.4525
13.043,15.295,0.0,846.35,7.5,99.357,0.8,,0,-98.307,9,10,2,182,0.4615
11.89,15.531,0.0039,828.24,7.5,99.852,0.85,,1,-98.344,9,10,3,299,0.4515
11.912,15.119,0.0,842.94,7.5,99.93,0.9,,0,-98.314,9,10,3,297,0.4579
12.541,22.206,0.0,501.16,7.5,99.895,0.95,,2,-98.998,9,10,7,562,0.4448
12.985,24.641,0.0,788.34,7.5,99.888,1.0,,3,-98.423,9,10,7,400,0.4525
13.043,15.295,0.0,846.35,7.5,99.357,0.8,,0,-98.307,10,10,2,182,0.4615
11.89,15.531,0.0039,828.24,7.5,99.852,0.85,,1,-98.344,10,10,3,299,0.4515
11.912,15.119,0.0,842.94,7.5,99.93,0.9,,0,-98.314,10,10,3,297,0.4579
12.541,22.206,0.0,501.16,7.5,99.895,0.95,,2,-98.998,10,10,7,562,0.4448
12.985,24.641,0.0,788.34,7.5,99.888,1.0,,3,-98.423,10,10,7,400,0.4525
13.771,18.313,0.0255,11017.44,7.5,85.327,0.8,,4,-77.965,1,15,13,2806,0.4287
13.768,18.838,0.0,35429.67,7.5,76.829,0.85,,5,-29.141,1,15,13,1881,0.4301
14.119,19.781,0.0,105152.56,7.5,54.86,0.9,,7,110.305,1,15,13,1447,0.443
13.978,20.955,0.0,224803.21,7.5,60.832,0.95,,8,349.606,1,15,13,1095,0.4457
14.569,22.852,0.0,294449.97,7.5,54.362,1.0,,9,488.9,1,15,13,798,0.4524
13.637,18.53,0.0268,3254.26,7.5,96.872,0.8,,1,-93.491,2,15,9,1789,0.4237
13.768,18.838,0.0,6113.67,7.5,97.007,0.85,,5,-87.773,2,15,13,1881,0.4301
14.119,19.781,0.0,61476.24,7.5,85.292,0.9,,7,22.952,2,15,13,1447,0.443
13.978,20.955,0.0,318624.65,7.5,87.968,0.95,,8,537.249,2,15,13,1095,0.4457
14.569,22.852,0.0,645849.01,7.5,80.882,1.0,,9,1191.698,2,15,13,798,0.4524
13.143,18.188,0.022,2083.78,7.5,98.421,0.8,,1,-95.832,3,15,8,1591,0.4299
13.79,19.18,0.0,2191.92,7.5,98.828,0.85,,4,-95.616,3,15,12,1780,0.4331
14.119,19.781,0.0,9596.52,7.5,97.754,0.9,,6,-80.807,3,15,13,1447,0.443
13.978,20.955,0.0,151052.26,7.5,97.08,0.95,,8,202.105,3,15,13,1095,0.4457
14.569,22.852,0.0,579323.11,7.5,93.108,1.0,,7,1058.646,3,15,13,798,0.4524
12.08,14.517,0.0,1579.25,7.5,98.968,0.8,,0,-96.841,4,15,4,769,0.446
13.21,19.298,0.0,1456.66,7.5,99.44,0.85,,3,-97.087,4,15,8,1120,0.4304
14.274,21.31,0.0,1658.79,7.5,99.567,0.9,,4,-96.682,4,15,10,1036,0.4315
13.978,20.955,0.0,25049.64,7.5,99.52,0.95,,7,-49.901,4,15,13,1095,0.4457
14.569,22.852,0.0,200340.05,7.5,98.18,1.0,,7,300.68,4,15,13,798,0.4524
12.316,14.897,0.0,1310.19,7.5,99.204,0.8,,0,-97.38,5,15,3,437,0.4394
12.26,16.668,0.0,1321.21,7.5,99.614,0.85,,2,-97.358,5,15,7,953,0.4397
13.782,20.997,0.0,1231.7,7.5,99.778,0.9,,3,-97.537,5,15,9,906,0.436
13.978,20.955,0.0,2038.36,7.5,99.928,0.95,,6,-95.923,5,15,13,1095,0.4457
14.569,22.852,0.0,27631.32,7.5,99.638,1.0,,7,-44.737,5,15,13,798,0.4524
12.103,15.299,0.0,1102.55,7.5,99.315,0.8,,0,-97.795,6,15,2,338,0.4408
11.761,16.318,0.0,1074.72,7.5,99.751,0.85,,2,-97.851,6,15,6,751,0.4381
13.431,20.667,0.0,1063.17,7.5,99.864,0.9,,2,-97.874,6,15,8,868,0.4401
13.665,22.996,0.0,1075.78,7.5,99.918,0.95,,3,-97.848,6,15,9,684,0.4269
14.569,22.852,0.0,1841.23,7.5,99.954,1.0,,6,-96.318,6,15,13,798,0.4524
12.517,14.978,0.0,846.09,7.5,99.403,0.8,,0,-98.308,7,15,2,234,0.4444
11.644,15.64,0.0,932.97,7.5,99.819,0.85,,2,-98.134,7,15,5,641,0.454
12.068,14.864,0.0,964.21,7.5,99.908,0.9,,0,-98.072,7,15,3,309,0.4531
13.389,22.995,0.0,816.16,7.5,99.815,0.95,,3,-98.368,7,15,8,648,0.4367
14.061,25.564,0.0,963.95,7.5,99.935,1.0,,3,-98.072,7,15,9,490,0.4306
13.043,15.295,0.0,846.35,7.5,99.357,0.8,,0,-98.307,8,15,2,182,0.4615
11.89,15.531,0.0039,828.24,7.5,99.852,0.85,,1,-98.344,8,15,3,299,0.4515
11.912,15.119,0.0,842.94,7.5,99.93,0.9,,0,-98.314,8,15,3,297,0.4579
12.541,22.206,0.0,501.16,7.5,99.895,0.95,,2,-98.998,8,15,7,562,0.4448
12.985,24.641,0.0,788.34,7.5,99.888,1.0,,3,-98.423,8,15,7,400,0.4525
13.043,15.295,0.0,846.35,7.5,99.357,0.8,,0,-98.307,9,15,2,182,0.4615
11.89,15.531,0.0039,828.24,7.5,99.852,0.85,,1,-98.344,9,15,3,299,0.4515
11.912,15.119,0.0,842.94,7.5,99.93,0.9,,0,-98.314,9,15,3,297,0.4579
12.541,22.206,0.0,501.16,7.5,99.895,0.95,,2,-98.998,9,15,7,562,0.4448
12.985,24.641,0.0,788.34,7.5,99.888,1.0,,3,-98.423,9,15,7,400,0.4525
13.043,15.295,0.0,846.35,7.5,99.357,0.8,,0,-98.307,10,15,2,182,0.4615
11.89,15.531,0.0039,828.24,7.5,99.852,0.85,,1,-98.344,10,15,3,299,0.4515
11.912,15.119,0.0,842.94,7.5,99.93,0.9,,0,-98.314,10,15,3,297,0.4579
12.541,22.206,0.0,501.16,7.5,99.895,0.95,,2,-98.998,10,15,7,562,0.4448
12.985,24.641,0.0,788.34,7.5,99.888,1.0,,3,-98.423,10,15,7,400,0.4525
13.771,18.313,0.0255,11017.44,7.5,85.327,0.8,,4,-77.965,1,20,13,2806,0.4287
13.768,18.838,0.0,35429.67,7.5,76.829,0.85,,5,-29.141,1,20,13,1881,0.4301
14.119,19.781,0.0,105152.56,7.5,54.86,0.9,,7,110.305,1,20,13,1447,0.443
13.978,20.955,0.0,224803.21,7.5,60.832,0.95,,8,349.606,1,20,13,1095,0.4457
14.569,22.852,0.0,294449.97,7.5,54.362,1.0,,9,488.9,1,20,13,798,0.4524
13.637,18.53,0.0268,3254.26,7.5,96.872,0.8,,1,-93.491,2,20,9,1789,0.4237
13.768,18.838,0.0,6113.67,7.5,97.007,0.85,,5,-87.773,2,20,13,1881,0.4301
14.119,19.781,0.0,61476.24,7.5,85.292,0.9,,7,22.952,2,20,13,1447,0.443
13.978,20.955,0.0,318624.65,7.5,87.968,0.95,,8,537.249,2,20,13,1095,0.4457
14.569,22.852,0.0,645849.01,7.5,80.882,1.0,,9,1191.698,2,20,13,798,0.4524
13.143,18.188,0.022,2083.78,7.5,98.421,0.8,,1,-95.832,3,20,8,1591,0.4299
13.79,19.18,0.0,2191.92,7.5,98.828,0.85,,4,-95.616,3,20,12,1780,0.4331
14.119,19.781,0.0,9596.52,7.5,97.754,0.9,,6,-80.807,3,20,13,1447,0.443
13.978,20.955,0.0,151052.26,7.5,97.08,0.95,,8,202.105,3,20,13,1095,0.4457
14.569,22.852,0.0,579323.11,7.5,93.108,1.0,,7,1058.646,3,20,13,798,0.4524
12.08,14.517,0.0,1579.25,7.5,98.968,0.8,,0,-96.841,4,20,4,769,0.446
13.21,19.298,0.0,1456.66,7.5,99.44,0.85,,3,-97.087,4,20,8,1120,0.4304
14.274,21.31,0.0,1658.79,7.5,99.567,0.9,,4,-96.682,4,20,10,1036,0.4315
13.978,20.955,0.0,25049.64,7.5,99.52,0.95,,7,-49.901,4,20,13,1095,0.4457
14.569,22.852,0.0,200340.05,7.5,98.18,1.0,,7,300.68,4,20,13,798,0.4524
12.316,14.897,0.0,1310.19,7.5,99.204,0.8,,0,-97.38,5,20,3,437,0.4394
12.26,16.668,0.0,1321.21,7.5,99.614,0.85,,2,-97.358,5,20,7,953,0.4397
13.782,20.997,0.0,1231.7,7.5,99.778,0.9,,3,-97.537,5,20,9,906,0.436
13.978,20.955,0.0,2038.36,7.5,99.928,0.95,,6,-95.923,5,20,13,1095,0.4457
14.569,22.852,0.0,27631.32,7.5,99.638,1.0,,7,-44.737,5,20,13,798,0.4524
12.103,15.299,0.0,1102.55,7.5,99.315,0.8,,0,-97.795,6,20,2,338,0.4408
11.761,16.318,0.0,1074.72,7.5,99.751,0.85,,2,-97.851,6,20,6,751,0.4381
13.431,20.667,0.0,1063.17,7.5,99.864,0.9,,2,-97.874,6,20,8,868,0.4401
13.665,22.996,0.0,1075.78,7.5,99.918,0.95,,3,-97.848,6,20,9,684,0.4269
14.569,22.852,0.0,1841.23,7.5,99.954,1.0,,6,-96.318,6,20,13,798,0.4524
12.517,14.978,0.0,846.09,7.5,99.403,0.8,,0,-98.308,7,20,2,234,0.4444
11.644,15.64,0.0,932.97,7.5,99.819,0.85,,2,-98.134,7,20,5,641,0.454
12.068,14.864,0.0,964.21,7.5,99.908,0.9,,0,-98.072,7,20,3,309,0.4531
13.389,22.995,0.0,816.16,7.5,99.815,0.95,,3,-98.368,7,20,8,648,0.4367
14.061,25.564,0.0,963.95,7.5,99.935,1.0,,3,-98.072,7,20,9,490,0.4306
13.043,15.295,0.0,846.35,7.5,99.357,0.8,,0,-98.307,8,20,2,182,0.4615
11.89,15.531,0.0039,828.24,7.5,99.852,0.85,,1,-98.344,8,20,3,299,0.4515
11.912,15.119,0.0,842.94,7.5,99.93,0.9,,0,-98.314,8,20,3,297,0.4579
12.541,22.206,0.0,501.16,7.5,99.895,0.95,,2,-98.998,8,20,7,562,0.4448
12.985,24.641,0.0,788.34,7.5,99.888,1.0,,3,-98.423,8,20,7,400,0.4525
13.043,15.295,0.0,846.35,7.5,99.357,0.8,,0,-98.307,9,20,2,182,0.4615
11.89,15.531,0.0039,828.24,7.5,99.852,0.85,,1,-98.344,9,20,3,299,0.4515
11.912,15.119,0.0,842.94,7.5,99.93,0.9,,0,-98.314,9,20,3,297,0.4579
12.541,22.206,0.0,501.16,7.5,99.895,0.95,,2,-98.998,9,20,7,562,0.4448
12.985,24.641,0.0,788.34,7.5,99.888,1.0,,3,-98.423,9,20,7,400,0.4525
13.043,15.295,0.0,846.35,7.5,99.357,0.8,,0,-98.307,10,20,2,182,0.4615
11.89,15.531,0.0039,828.24,7.5,99.852,0.85,,1,-98.344,10,20,3,299,0.4515
11.912,15.119,0.0,842.94,7.5,99.93,0.9,,0,-98.314,10,20,3,297,0.4579
12.541,22.206,0.0,501.16,7.5,99.895,0.95,,2,-98.998,10,20,7,562,0.4448
12.985,24.641,0.0,788.34,7.5,99.888,1.0,,3,-98.423,10,20,7,400,0.4525
13.771,18.313,0.0255,11017.44,7.5,85.327,0.8,,4,-77.965,1,25,13,2806,0.4287
13.768,18.838,0.0,35429.67,7.5,76.829,0.85,,5,-29.141,1,25,13,1881,0.4301
14.119,19.781,0.0,105152.56,7.5,54.86,0.9,,7,110.305,1,25,13,1447,0.443
13.978,20.955,0.0,224803.21,7.5,60.832,0.95,,8,349.606,1,25,13,1095,0.4457
14.569,22.852,0.0,294449.97,7.5,54.362,1.0,,9,488.9,1,25,13,798,0.4524
13.637,18.53,0.0268,3254.26,7.5,96.872,0.8,,1,-93.491,2,25,9,1789,0.4237
13.768,18.838,0.0,6113.67,7.5,97.007,0.85,,5,-87.773,2,25,13,1881,0.4301
14.119,19.781,0.0,61476.24,7.5,85.292,0.9,,7,22.952,2,25,13,1447,0.443
13.978,20.955,0.0,318624.65,7.5,87.968,0.95,,8,537.249,2,25,13,1095,0.4457
14.569,22.852,0.0,645849.01,7.5,80.882,1.0,,9,1191.698,2,25,13,798,0.4524
13.143,18.188,0.022,2083.78,7.5,98.421,0.8,,1,-95.832,3,25,8,1591,0.4299
13.79,19.18,0.0,2191.92,7.5,98.828,0.85,,4,-95.616,3,25,12,1780,0.4331
14.119,19.781,0.0,9596.52,7.5,97.754,0.9,,6,-80.807,3,25,13,1447,0.443
13.978,20.955,0.0,151052.26,7.5,97.08,0.95,,8,202.105,3,25,13,1095,0.4457
14.569,22.852,0.0,579323.11,7.5,93.108,1.0,,7,1058.646,3,25,13,798,0.4524
12.08,14.517,0.0,1579.25,7.5,98.968,0.8,,0,-96.841,4,25,4,769,0.446
13.21,19.298,0.0,1456.66,7.5,99.44,0.85,,3,-97.087,4,25,8,1120,0.4304
14.274,21.31,0.0,1658.79,7.5,99.567,0.9,,4,-96.682,4,25,10,1036,0.4315
13.978,20.955,0.0,25049.64,7.5,99.52,0.95,,7,-49.901,4,25,13,1095,0.4457
14.569,22.852,0.0,200340.05,7.5,98.18,1.0,,7,300.68,4,25,13,798,0.4524
12.316,14.897,0.0,1310.19,7.5,99.204,0.8,,0,-97.38,5,25,3,437,0.4394
12.26,16.668,0.0,1321.21,7.5,99.614,0.85,,2,-97.358,5,25,7,953,0.4397
13.782,20.997,0.0,1231.7,7.5,99.778,0.9,,3,-97.537,5,25,9,906,0.436
13.978,20.955,0.0,2038.36,7.5,99.928,0.95,,6,-95.923,5,25,13,1095,0.4457
14.569,22.852,0.0,27631.32,7.5,99.638,1.0,,7,-44.737,5,25,13,798,0.4524
12.103,15.299,0.0,1102.55,7.5,99.315,0.8,,0,-97.795,6,25,2,338,0.4408
11.761,16.318,0.0,1074.72,7.5,99.751,0.85,,2,-97.851,6,25,6,751,0.4381
13.431,20.667,0.0,1063.17,7.5,99.864,0.9,,2,-97.874,6,25,8,868,0.4401
13.665,22.996,0.0,1075.78,7.5,99.918,0.95,,3,-97.848,6,25,9,684,0.4269
14.569,22.852,0.0,1841.23,7.5,99.954,1.0,,6,-96.318,6,25,13,798,0.4524
12.517,14.978,0.0,846.09,7.5,99.403,0.8,,0,-98.308,7,25,2,234,0.4444
11.644,15.64,0.0,932.97,7.5,99.819,0.85,,2,-98.134,7,25,5,641,0.454
12.068,14.864,0.0,964.21,7.5,99.908,0.9,,0,-98.072,7,25,3,309,0.4531
13.389,22.995,0.0,816.16,7.5,99.815,0.95,,3,-98.368,7,25,8,648,0.4367
14.061,25.564,0.0,963.95,7.5,99.935,1.0,,3,-98.072,7,25,9,490,0.4306
13.043,15.295,0.0,846.35,7.5,99.357,0.8,,0,-98.307,8,25,2,182,0.4615
11.89,15.531,0.0039,828.24,7.5,99.852,0.85,,1,-98.344,8,25,3,299,0.4515
11.912,15.119,0.0,842.94,7.5,99.93,0.9,,0,-98.314,8,25,3,297,0.4579
12.541,22.206,0.0,501.16,7.5,99.895,0.95,,2,-98.998,8,25,7,562,0.4448
12.985,24.641,0.0,788.34,7.5,99.888,1.0,,3,-98.423,8,25,7,400,0.4525
13.043,15.295,0.0,846.35,7.5,99.357,0.8,,0,-98.307,9,25,2,182,0.4615
11.89,15.531,0.0039,828.24,7.5,99.852,0.85,,1,-98.344,9,25,3,299,0.4515
11.912,15.119,0.0,842.94,7.5,99.93,0.9,,0,-98.314,9,25,3,297,0.4579
12.541,22.206,0.0,501.16,7.5,99.895,0.95,,2,-98.998,9,25,7,562,0.4448
12.985,24.641,0.0,788.34,7.5,99.888,1.0,,3,-98.423,9,25,7,400,0.4525
13.043,15.295,0.0,846.35,7.5,99.357,0.8,,0,-98.307,10,25,2,182,0.4615
11.89,15.531,0.0039,828.24,7.5,99.852,0.85,,1,-98.344,10,25,3,299,0.4515
11.912,15.119,0.0,842.94,7.5,99.93,0.9,,0,-98.314,10,25,3,297,0.4579
12.541,22.206,0.0,501.16,7.5,99.895,0.95,,2,-98.998,10,25,7,562,0.4448
12.985,24.641,0.0,788.34,7.5,99.888,1.0,,3,-98.423,10,25,7,400,0.4525
13.771,18.313,0.0255,11017.44,7.5,85.327,0.8,,4,-77.965,1,30,13,2806,0.4287
13.768,18.838,0.0,35429.67,7.5,76.829,0.85,,5,-29.141,1,30,13,1881,0.4301
14.119,19.781,0.0,105152.56,7.5,54.86,0.9,,7,110.305,1,30,13,1447,0.443
13.978,20.955,0.0,224803.21,7.5,60.832,0.95,,8,349.606,1,30,13,1095,0.4457
14.569,22.852,0.0,294449.97,7.5,54.362,1.0,,9,488.9,1,30,13,798,0.4524
13.637,18.53,0.0268,3254.26,7.5,96.872,0.8,,1,-93.491,2,30,9,1789,0.4237
13.768,18.838,0.0,6113.67,7.5,97.007,0.85,,5,-87.773,2,30,13,1881,0.4301
14.119,19.781,0.0,61476.24,7.5,85.292,0.9,,7,22.952,2,30,13,1447,0.443
13.978,20.955,0.0,318624.65,7.5,87.968,0.95,,8,537.249,2,30,13,1095,0.4457
14.569,22.852,0.0,645849.01,7.5,80.882,1.0,,9,1191.698,2,30,13,798,0.4524
13.143,18.188,0.022,2083.78,7.5,98.421,0.8,,1,-95.832,3,30,8,1591,0.4299
13.79,19.18,0.0,2191.92,7.5,98.828,0.85,,4,-95.616,3,30,12,1780,0.4331
14.119,19.781,0.0,9596.52,7.5,97.754,0.9,,6,-80.807,3,30,13,1447,0.443
13.978,20.955,0.0,151052.26,7.5,97.08,0.95,,8,202.105,3,30,13,1095,0.4457
14.569,22.852,0.0,579323.11,7.5,93.108,1.0,,7,1058.646,3,30,13,798,0.4524
12.08,14.517,0.0,1579.25,7.5,98.968,0.8,,0,-96.841,4,30,4,769,0.446
13.21,19.298,0.0,1456.66,7.5,99.44,0.85,,3,-97.087,4,30,8,1120,0.4304
14.274,21.31,0.0,1658.79,7.5,99.567,0.9,,4,-96.682,4,30,10,1036,0.4315
13.978,20.955,0.0,25049.64,7.5,99.52,0.95,,7,-49.901,4,30,13,1095,0.4457
14.569,22.852,0.0,200340.05,7.5,98.18,1.0,,7,300.68,4,30,13,798,0.4524
12.316,14.897,0.0,1310.19,7.5,99.204,0.8,,0,-97.38,5,30,3,437,0.4394
12.26,16.668,0.0,1321.21,7.5,99.614,0.85,,2,-97.358,5,30,7,953,0.4397
13.782,20.997,0.0,1231.7,7.5,99.778,0.9,,3,-97.537,5,30,9,906,0.436
13.978,20.955,0.0,2038.36,7.5,99.928,0.95,,6,-95.923,5,30,13,1095,0.4457
14.569,22.852,0.0,27631.32,7.5,99.638,1.0,,7,-44.737,5,30,13,798,0.4524
12.103,15.299,0.0,1102.55,7.5,99.315,0.8,,0,-97.795,6,30,2,338,0.4408
11.761,16.318,0.0,1074.72,7.5,99.751,0.85,,2,-97.851,6,30,6,751,0.4381
13.431,20.667,0.0,1063.17,7.5,99.864,0.9,,2,-97.874,6,30,8,868,0.4401
13.665,22.996,0.0,1075.78,7.5,99.918,0.95,,3,-97.848,6,30,9,684,0.4269
14.569,22.852,0.0,1841.23,7.5,99.954,1.0,,6,-96.318,6,30,13,798,0.4524
12.517,14.978,0.0,846.09,7.5,99.403,0.8,,0,-98.308,7,30,2,234,0.4444
11.644,15.64,0.0,932.97,7.5,99.819,0.85,,2,-98.134,7,30,5,641,0.454
12.068,14.864,0.0,964.21,7.5,99.908,0.9,,0,-98.072,7,30,3,309,0.4531
13.389,22.995,0.0,816.16,7.5,99.815,0.95,,3,-98.368,7,30,8,648,0.4367
14.061,25.564,0.0,963.95,7.5,99.935,1.0,,3,-98.072,7,30,9,490,0.4306
13.043,15.295,0.0,846.35,7.5,99.357,0.8,,0,-98.307,8,30,2,182,0.4615
11.89,15.531,0.0039,828.24,7.5,99.852,0.85,,1,-98.344,8,30,3,299,0.4515
11.912,15.119,0.0,842.94,7.5,99.93,0.9,,0,-98.314,8,30,3,297,0.4579
12.541,22.206,0.0,501.16,7.5,99.895,0.95,,2,-98.998,8,30,7,562,0.4448
12.985,24.641,0.0,788.34,7.5,99.888,1.0,,3,-98.423,8,30,7,400,0.4525
13.043,15.295,0.0,846.35,7.5,99.357,0.8,,0,-98.307,9,30,2,182,0.4615
11.89,15.531,0.0039,828.24,7.5,99.852,0.85,,1,-98.344,9,30,3,299,0.4515
11.912,15.119,0.0,842.94,7.5,99.93,0.9,,0,-98.314,9,30,3,297,0.4579
12.541,22.206,0.0,501.16,7.5,99.895,0.95,,2,-98.998,9,30,7,562,0.4448
12.985,24.641,0.0,788.34,7.5,99.888,1.0,,3,-98.423,9,30,7,400,0.4525
13.043,15.295,0.0,846.35,7.5,99.357,0.8,,0,-98.307,10,30,2,182,0.4615
11.89,15.531,0.0039,828.24,7.5,99.852,0.85,,1,-98.344,10,30,3,299,0.4515
11.912,15.119,0.0,842.94,7.5,99.93,0.9,,0,-98.314,10,30,3,297,0.4579
12.541,22.206,0.0,501.16,7.5,99.895,0.95,,2,-98.998,10,30,7,562,0.4448
12.985,24.641,0.0,788.34,7.5,99.888,1.0,,3,-98.423,10,30,7,400,0.4525
13.771,18.313,0.0255,11017.44,7.5,85.327,0.8,,4,-77.965,1,35,13,2806,0.4287
13.768,18.838,0.0,35429.67,7.5,76.829,0.85,,5,-29.141,1,35,13,1881,0.4301
14.119,19.781,0.0,105152.56,7.5,54.86,0.9,,7,110.305,1,35,13,1447,0.443
13.978,20.955,0.0,224803.21,7.5,60.832,0.95,,8,349.606,1,35,13,1095,0.4457
14.569,22.852,0.0,294449.97,7.5,54.362,1.0,,9,488.9,1,35,13,798,0.4524
13.637,18.53,0.0268,3254.26,7.5,96.872,0.8,,1,-93.491,2,35,9,1789,0.4237
13.768,18.838,0.0,6113.67,7.5,97.007,0.85,,5,-87.773,2,35,13,1881,0.4301
14.119,19.781,0.0,61476.24,7.5,85.292,0.9,,7,22.952,2,35,13,1447,0.443
13.978,20.955,0.0,318624.65,7.5,87.968,0.95,,8,537.249,2,35,13,1095,0.4457
14.569,22.852,0.0,645849.01,7.5,80.882,1.0,,9,1191.698,2,35,13,798,0.4524
13.143,18.188,0.022,2083.78,7.5,98.421,0.8,,1,-95.832,3,35,8,1591,0.4299
13.79,19.18,0.0,2191.92,7.5,98.828,0.85,,4,-95.616,3,35,12,1780,0.4331
14.119,19.781,0.0,9596.52,7.5,97.754,0.9,,6,-80.807,3,35,13,1447,0.443
13.978,20.955,0.0,151052.26,7.5,97.08,0.95,,8,202.105,3,35,13,1095,0.4457
14.569,22.852,0.0,579323.11,7.5,93.108,1.0,,7,1058.646,3,35,13,798,0.4524
12.08,14.517,0.0,1579.25,7.5,98.968,0.8,,0,-96.841,4,35,4,769,0.446
13.21,19.298,0.0,1456.66,7.5,99.44,0.85,,3,-97.087,4,35,8,1120,0.4304
14.274,21.31,0.0,1658.79,7.5,99.567,0.9,,4,-96.682,4,35,10,1036,0.4315
13.978,20.955,0.0,25049.64,7.5,99.52,0.95,,7,-49.901,4,35,13,1095,0.4457
14.569,22.852,0.0,200340.05,7.5,98.18,1.0,,7,300.68,4,35,13,798,0.4524
12.316,14.897,0.0,1310.19,7.5,99.204,0.8,,0,-97.38,5,35,3,437,0.4394
12.26,16.668,0.0,1321.21,7.5,99.614,0.85,,2,-97.358,5,35,7,953,0.4397
13.782,20.997,0.0,1231.7,7.5,99.778,0.9,,3,-97.537,5,35,9,906,0.436
13.978,20.955,0.0,2038.36,7.5,99.928,0.95,,6,-95.923,5,35,13,1095,0.4457
14.569,22.852,0.0,27631.32,7.5,99.638,1.0,,7,-44.737,5,35,13,798,0.4524
12.103,15.299,0.0,1102.55,7.5,99.315,0.8,,0,-97.795,6,35,2,338,0.4408
11.761,16.318,0.0,1074.72,7.5,99.751,0.85,,2,-97.851,6,35,6,751,0.4381
13.431,20.667,0.0,1063.17,7.5,99.864,0.9,,2,-97.874,6,35,8,868,0.4401
13.665,22.996,0.0,1075.78,7.5,99.918,0.95,,3,-97.848,6,35,9,684,0.4269
14.569,22.852,0.0,1841.23,7.5,99.954,1.0,,6,-96.318,6,35,13,798,0.4524
12.517,14.978,0.0,846.09,7.5,99.403,0.8,,0,-98.308,7,35,2,234,0.4444
11.644,15.64,0.0,932.97,7.5,99.819,0.85,,2,-98.134,7,35,5,641,0.454
12.068,14.864,0.0,964.21,7.5,99.908,0.9,,0,-98.072,7,35,3,309,0.4531
13.389,22.995,0.0,816.16,7.5,99.815,0.95,,3,-98.368,7,35,8,648,0.4367
14.061,25.564,0.0,963.95,7.5,99.935,1.0,,3,-98.072,7,35,9,490,0.4306
13.043,15.295,0.0,846.35,7.5,99.357,0.8,,0,-98.307,8,35,2,182,0.4615
11.89,15.531,0.0039,828.24,7.5,99.852,0.85,,1,-98.344,8,35,3,299,0.4515
11.912,15.119,0.0,842.94,7.5,99.93,0.9,,0,-98.314,8,35,3,297,0.4579
12.541,22.206,0.0,501.16,7.5,99.895,0.95,,2,-98.998,8,35,7,562,0.4448
12.985,24.641,0.0,788.34,7.5,99.888,1.0,,3,-98.423,8,35,7,400,0.4525
13.043,15.295,0.0,846.35,7.5,99.357,0.8,,0,-98.307,9,35,2,182,0.4615
11.89,15.531,0.0039,828.24,7.5,99.852,0.85,,1,-98.344,9,35,3,299,0.4515
11.912,15.119,0.0,842.94,7.5,99.93,0.9,,0,-98.314,9,35,3,297,0.4579
12.541,22.206,0.0,501.16,7.5,99.895,0.95,,2,-98.998,9,35,7,562,0.4448
12.985,24.641,0.0,788.34,7.5,99.888,1.0,,3,-98.423,9,35,7,400,0.4525
13.043,15.295,0.0,846.35,7.5,99.357,0.8,,0,-98.307,10,35,2,182,0.4615
11.89,15.531,0.0039,828.24,7.5,99.852,0.85,,1,-98.344,10,35,3,299,0.4515
11.912,15.119,0.0,842.94,7.5,99.93,0.9,,0,-98.314,10,35,3,297,0.4579
12.541,22.206,0.0,501.16,7.5,99.895,0.95,,2,-98.998,10,35,7,562,0.4448
12.985,24.641,0.0,788.34,7.5,99.888,1.0,,3,-98.423,10,35,7,400,0.4525
13.771,18.313,0.0255,11017.44,7.5,85.327,0.8,,4,-77.965,1,40,13,2806,0.4287
13.768,18.838,0.0,35429.67,7.5,76.829,0.85,,5,-29.141,1,40,13,1881,0.4301
14.119,19.781,0.0,105152.56,7.5,54.86,0.9,,7,110.305,1,40,13,1447,0.443
13.978,20.955,0.0,224803.21,7.5,60.832,0.95,,8,349.606,1,40,13,1095,0.4457
14.569,22.852,0.0,294449.97,7.5,54.362,1.0,,9,488.9,1,40,13,798,0.4524
13.637,18.53,0.0268,3254.26,7.5,96.872,0.8,,1,-93.491,2,40,9,1789,0.4237
13.768,18.838,0.0,6113.67,7.5,97.007,0.85,,5,-87.773,2,40,13,1881,0.4301
14.119,19.781,0.0,61476.24,7.5,85.292,0.9,,7,22.952,2,40,13,1447,0.443
13.978,20.955,0.0,318624.65,7.5,87.968,0.95,,8,537.249,2,40,13,1095,0.4457
14.569,22.852,0.0,645849.01,7.5,80.882,1.0,,9,1191.698,2,40,13,798,0.4524
13.143,18.188,0.022,2083.78,7.5,98.421,0.8,,1,-95.832,3,40,8,1591,0.4299
13.79,19.18,0.0,2191.92,7.5,98.828,0.85,,4,-95.616,3,40,12,1780,0.4331
14.119,19.781,0.0,9596.52,7.5,97.754,0.9,,6,-80.807,3,40,13,1447,0.443
13.978,20.955,0.0,151052.26,7.5,97.08,0.95,,8,202.105,3,40,13,1095,0.4457
14.569,22.852,0.0,579323.11,7.5,93.108,1.0,,7,1058.646,3,40,13,798,0.4524
12.08,14.517,0.0,1579.25,7.5,98.968,0.8,,0,-96.841,4,40,4,769,0.446
13.21,19.298,0.0,1456.66,7.5,99.44,0.85,,3,-97.087,4,40,8,1120,0.4304
14.274,21.31,0.0,1658.79,7.5,99.567,0.9,,4,-96.682,4,40,10,1036,0.4315
13.978,20.955,0.0,25049.64,7.5,99.52,0.95,,7,-49.901,4,40,13,1095,0.4457
14.569,22.852,0.0,200340.05,7.5,98.18,1.0,,7,300.68,4,40,13,798,0.4524
12.316,14.897,0.0,1310.19,7.5,99.204,0.8,,0,-97.38,5,40,3,437,0.4394
12.26,16.668,0.0,1321.21,7.5,99.614,0.85,,2,-97.358,5,40,7,953,0.4397
13.782,20.997,0.0,1231.7,7.5,99.778,0.9,,3,-97.537,5,40,9,906,0.436
13.978,20.955,0.0,2038.36,7.5,99.928,0.95,,6,-95.923,5,40,13,1095,0.4457
14.569,22.852,0.0,27631.32,7.5,99.638,1.0,,7,-44.737,5,40,13,798,0.4524
12.103,15.299,0.0,1102.55,7.5,99.315,0.8,,0,-97.795,6,40,2,338,0.4408
11.761,16.318,0.0,1074.72,7.5,99.751,0.85,,2,-97.851,6,40,6,751,0.4381
13.431,20.667,0.0,1063.17,7.5,99.864,0.9,,2,-97.874,6,40,8,868,0.4401
13.665,22.996,0.0,1075.78,7.5,99.918,0.95,,3,-97.848,6,40,9,684,0.4269
14.569,22.852,0.0,1841.23,7.5,99.954,1.0,,6,-96.318,6,40,13,798,0.4524
12.517,14.978,0.0,846.09,7.5,99.403,0.8,,0,-98.308,7,40,2,234,0.4444
11.644,15.64,0.0,932.97,7.5,99.819,0.85,,2,-98.134,7,40,5,641,0.454
12.068,14.864,0.0,964.21,7.5,99.908,0.9,,0,-98.072,7,40,3,309,0.4531
13.389,22.995,0.0,816.16,7.5,99.815,0.95,,3,-98.368,7,40,8,648,0.4367
14.061,25.564,0.0,963.95,7.5,99.935,1.0,,3,-98.072,7,40,9,490,0.4306
13.043,15.295,0.0,846.35,7.5,99.357,0.8,,0,-98.307,8,40,2,182,0.4615
11.89,15.531,0.0039,828.24,7.5,99.852,0.85,,1,-98.344,8,40,3,299,0.4515
11.912,15.119,0.0,842.94,7.5,99.93,0.9,,0,-98.314,8,40,3,297,0.4579
12.541,22.206,0.0,501.16,7.5,99.895,0.95,,2,-98.998,8,40,7,562,0.4448
12.985,24.641,0.0,788.34,7.5,99.888,1.0,,3,-98.423,8,40,7,400,0.4525
13.043,15.295,0.0,846.35,7.5,99.357,0.8,,0,-98.307,9,40,2,182,0.4615
11.89,15.531,0.0039,828.24,7.5,99.852,0.85,,1,-98.344,9,40,3,299,0.4515
11.912,15.119,0.0,842.94,7.5,99.93,0.9,,0,-98.314,9,40,3,297,0.4579
12.541,22.206,0.0,501.16,7.5,99.895,0.95,,2,-98.998,9,40,7,562,0.4448
12.985,24.641,0.0,788.34,7.5,99.888,1.0,,3,-98.423,9,40,7,400,0.4525
13.043,15.295,0.0,846.35,7.5,99.357,0.8,,0,-98.307,10,40,2,182,0.4615
11.89,15.531,0.0039,828.24,7.5,99.852,0.85,,1,-98.344,10,40,3,299,0.4515
11.912,15.119,0.0,842.94,7.5,99.93,0.9,,0,-98.314,10,40,3,297,0.4579
12.541,22.206,0.0,501.16,7.5,99.895,0.95,,2,-98.998,10,40,7,562,0.4448
12.985,24.641,0.0,788.34,7.5,99.888,1.0,,3,-98.423,10,40,7,400,0.4525
13.771,18.313,0.0255,11017.44,7.5,85.327,0.8,,4,-77.965,1,45,13,2806,0.4287
13.768,18.838,0.0,35429.67,7.5,76.829,0.85,,5,-29.141,1,45,13,1881,0.4301
14.119,19.781,0.0,105152.56,7.5,54.86,0.9,,7,110.305,1,45,13,1447,0.443
13.978,20.955,0.0,224803.21,7.5,60.832,0.95,,8,349.606,1,45,13,1095,0.4457
14.569,22.852,0.0,294449.97,7.5,54.362,1.0,,9,488.9,1,45,13,798,0.4524
13.637,18.53,0.0268,3254.26,7.5,96.872,0.8,,1,-93.491,2,45,9,1789,0.4237
13.768,18.838,0.0,6113.67,7.5,97.007,0.85,,5,-87.773,2,45,13,1881,0.4301
14.119,19.781,0.0,61476.24,7.5,85.292,0.9,,7,22.952,2,45,13,1447,0.443
13.978,20.955,0.0,318624.65,7.5,87.968,0.95,,8,537.249,2,45,13,1095,0.4457
14.569,22.852,0.0,645849.01,7.5,80.882,1.0,,9,1191.698,2,45,13,798,0.4524
13.143,18.188,0.022,2083.78,7.5,98.421,0.8,,1,-95.832,3,45,8,1591,0.4299
13.79,19.18,0.0,2191.92,7.5,98.828,0.85,,4,-95.616,3,45,12,1780,0.4331
14.119,19.781,0.0,9596.52,7.5,97.754,0.9,,6,-80.807,3,45,13,1447,0.443
13.978,20.955,0.0,151052.26,7.5,97.08,0.95,,8,202.105,3,45,13,1095,0.4457
14.569,22.852,0.0,579323.11,7.5,93.108,1.0,,7,1058.646,3,45,13,798,0.4524
12.08,14.517,0.0,1579.25,7.5,98.968,0.8,,0,-96.841,4,45,4,769,0.446
13.21,19.298,0.0,1456.66,7.5,99.44,0.85,,3,-97.087,4,45,8,1120,0.4304
14.274,21.31,0.0,1658.79,7.5,99.567,0.9,,4,-96.682,4,45,10,1036,0.4315
13.978,20.955,0.0,25049.64,7.5,99.52,0.95,,7,-49.901,4,45,13,1095,0.4457
14.569,22.852,0.0,200340.05,7.5,98.18,1.0,,7,300.68,4,45,13,798,0.4524
12.316,14.897,0.0,1310.19,7.5,99.204,0.8,,0,-97.38,5,45,3,437,0.4394
12.26,16.668,0.0,1321.21,7.5,99.614,0.85,,2,-97.358,5,45,7,953,0.4397
13.782,20.997,0.0,1231.7,7.5,99.778,0.9,,3,-97.537,5,45,9,906,0.436
13.978,20.955,0.0,2038.36,7.5,99.928,0.95,,6,-95.923,5,45,13,1095,0.4457
14.569,22.852,0.0,27631.32,7.5,99.638,1.0,,7,-44.737,5,45,13,798,0.4524
12.103,15.299,0.0,1102.55,7.5,99.315,0.8,,0,-97.795,6,45,2,338,0.4408
11.761,16.318,0.0,1074.72,7.5,99.751,0.85,,2,-97.851,6,45,6,751,0.4381
13.431,20.667,0.0,1063.17,7.5,99.864,0.9,,2,-97.874,6,45,8,868,0.4401
13.665,22.996,0.0,1075.78,7.5,99.918,0.95,,3,-97.848,6,45,9,684,0.4269
14.569,22.852,0.0,1841.23,7.5,99.954,1.0,,6,-96.318,6,45,13,798,0.4524
12.517,14.978,0.0,846.09,7.5,99.403,0.8,,0,-98.308,7,45,2,234,0.4444
11.644,15.64,0.0,932.97,7.5,99.819,0.85,,2,-98.134,7,45,5,641,0.454
12.068,14.864,0.0,964.21,7.5,99.908,0.9,,0,-98.072,7,45,3,309,0.4531
13.389,22.995,0.0,816.16,7.5,99.815,0.95,,3,-98.368,7,45,8,648,0.4367
14.061,25.564,0.0,963.95,7.5,99.935,1.0,,3,-98.072,7,45,9,490,0.4306
13.043,15.295,0.0,846.35,7.5,99.357,0.8,,0,-98.307,8,45,2,182,0.4615
11.89,15.531,0.0039,828.24,7.5,99.852,0.85,,1,-98.344,8,45,3,299,0.4515
11.912,15.119,0.0,842.94,7.5,99.93,0.9,,0,-98.314,8,45,3,297,0.4579
12.541,22.206,0.0,501.16,7.5,99.895,0.95,,2,-98.998,8,45,7,562,0.4448
12.985,24.641,0.0,788.34,7.5,99.888,1.0,,3,-98.423,8,45,7,400,0.4525
13.043,15.295,0.0,846.35,7.5,99.357,0.8,,0,-98.307,9,45,2,182,0.4615
11.89,15.531,0.0039,828.24,7.5,99.852,0.85,,1,-98.344,9,45,3,299,0.4515
11.912,15.119,0.0,842.94,7.5,99.93,0.9,,0,-98.314,9,45,3,297,0.4579
12.541,22.206,0.0,501.16,7.5,99.895,0.95,,2,-98.998,9,45,7,562,0.4448
12.985,24.641,0.0,788.34,7.5,99.888,1.0,,3,-98.423,9,45,7,400,0.4525
13.043,15.295,0.0,846.35,7.5,99.357,0.8,,0,-98.307,10,45,2,182,0.4615
11.89,15.531,0.0039,828.24,7.5,99.852,0.85,,1,-98.344,10,45,3,299,0.4515
11.912,15.119,0.0,842.94,7.5,99.93,0.9,,0,-98.314,10,45,3,297,0.4579
12.541,22.206,0.0,501.16,7.5,99.895,0.95,,2,-98.998,10,45,7,562,0.4448
12.985,24.641,0.0,788.34,7.5,99.888,1.0,,3,-98.423,10,45,7,400,0.4525
13.771,18.313,0.0255,11017.44,7.5,85.327,0.8,,4,-77.965,1,50,13,2806,0.4287
13.768,18.838,0.0,35429.67,7.5,76.829,0.85,,5,-29.141,1,50,13,1881,0.4301
14.119,19.781,0.0,105152.56,7.5,54.86,0.9,,7,110.305,1,50,13,1447,0.443
13.978,20.955,0.0,224803.21,7.5,60.832,0.95,,8,349.606,1,50,13,1095,0.4457
14.569,22.852,0.0,294449.97,7.5,54.362,1.0,,9,488.9,1,50,13,798,0.4524
13.637,18.53,0.0268,3254.26,7.5,96.872,0.8,,1,-93.491,2,50,9,1789,0.4237
13.768,18.838,0.0,6113.67,7.5,97.007,0.85,,5,-87.773,2,50,13,1881,0.4301
14.119,19.781,0.0,61476.24,7.5,85.292,0.9,,7,22.952,2,50,13,1447,0.443
13.978,20.955,0.0,318624.65,7.5,87.968,0.95,,8,537.249,2,50,13,1095,0.4457
14.569,22.852,0.0,645849.01,7.5,80.882,1.0,,9,1191.698,2,50,13,798,0.4524
13.143,18.188,0.022,2083.78,7.5,98.421,0.8,,1,-95.832,3,50,8,1591,0.4299
13.79,19.18,0.0,2191.92,7.5,98.828,0.85,,4,-95.616,3,50,12,1780,0.4331
14.119,19.781,0.0,9596.52,7.5,97.754,0.9,,6,-80.807,3,50,13,1447,0.443
13.978,20.955,0.0,151052.26,7.5,97.08,0.95,,8,202.105,3,50,13,1095,0.4457
14.569,22.852,0.0,579323.11,7.5,93.108,1.0,,7,1058.646,3,50,13,798,0.4524
12.08,14.517,0.0,1579.25,7.5,98.968,0.8,,0,-96.841,4,50,4,769,0.446
13.21,19.298,0.0,1456.66,7.5,99.44,0.85,,3,-97.087,4,50,8,1120,0.4304
14.274,21.31,0.0,1658.79,7.5,99.567,0.9,,4,-96.682,4,50,10,1036,0.4315
13.978,20.955,0.0,25049.64,7.5,99.52,0.95,,7,-49.901,4,50,13,1095,0.4457
14.569,22.852,0.0,200340.05,7.5,98.18,1.0,,7,300.68,4,50,13,798,0.4524
12.316,14.897,0.0,1310.19,7.5,99.204,0.8,,0,-97.38,5,50,3,437,0.4394
12.26,16.668,0.0,1321.21,7.5,99.614,0.85,,2,-97.358,5,50,7,953,0.4397
13.782,20.997,0.0,1231.7,7.5,99.778,0.9,,3,-97.537,5,50,9,906,0.436
13.978,20.955,0.0,2038.36,7.5,99.928,0.95,,6,-95.923,5,50,13,1095,0.4457
14.569,22.852,0.0,27631.32,7.5,99.638,1.0,,7,-44.737,5,50,13,798,0.4524
12.103,15.299,0.0,1102.55,7.5,99.315,0.8,,0,-97.795,6,50,2,338,0.4408
11.761,16.318,0.0,1074.72,7.5,99.751,0.85,,2,-97.851,6,50,6,751,0.4381
13.431,20.667,0.0,1063.17,7.5,99.864,0.9,,2,-97.874,6,50,8,868,0.4401
13.665,22.996,0.0,1075.78,7.5,99.918,0.95,,3,-97.848,6,50,9,684,0.4269
14.569,22.852,0.0,1841.23,7.5,99.954,1.0,,6,-96.318,6,50,13,798,0.4524
12.517,14.978,0.0,846.09,7.5,99.403,0.8,,0,-98.308,7,50,2,234,0.4444
11.644,15.64,0.0,932.97,7.5,99.819,0.85,,2,-98.134,7,50,5,641,0.454
12.068,14.864,0.0,964.21,7.5,99.908,0.9,,0,-98.072,7,50,3,309,0.4531
13.389,22.995,0.0,816.16,7.5,99.815,0.95,,3,-98.368,7,50,8,648,0.4367
14.061,25.564,0.0,963.95,7.5,99.935,1.0,,3,-98.072,7,50,9,490,0.4306
13.043,15.295,0.0,846.35,7.5,99.357,0.8,,0,-98.307,8,50,2,182,0.4615
11.89,15.531,0.0039,828.24,7.5,99.852,0.85,,1,-98.344,8,50,3,299,0.4515
11.912,15.119,0.0,842.94,7.5,99.93,0.9,,0,-98.314,8,50,3,297,0.4579
12.541,22.206,0.0,501.16,7.5,99.895,0.95,,2,-98.998,8,50,7,562,0.4448
12.985,24.641,0.0,788.34,7.5,99.888,1.0,,3,-98.423,8,50,7,400,0.4525
13.043,15.295,0.0,846.35,7.5,99.357,0.8,,0,-98.307,9,50,2,182,0.4615
11.89,15.531,0.0039,828.24,7.5,99.852,0.85,,1,-98.344,9,50,3,299,0.4515
11.912,15.119,0.0,842.94,7.5,99.93,0.9,,0,-98.314,9,50,3,297,0.4579
12.541,22.206,0.0,501.16,7.5,99.895,0.95,,2,-98.998,9,50,7,562,0.4448
12.985,24.641,0.0,788.34,7.5,99.888,1.0,,3,-98.423,9,50,7,400,0.4525
13.043,15.295,0.0,846.35,7.5,99.357,0.8,,0,-98.307,10,50,2,182,0.4615
11.89,15.531,0.0039,828.24,7.5,99.852,0.85,,1,-98.344,10,50,3,299,0.4515
11.912,15.119,0.0,842.94,7.5,99.93,0.9,,0,-98.314,10,50,3,297,0.4579
12.541,22.206,0.0,501.16,7.5,99.895,0.95,,2,-98.998,10,50,7,562,0.4448
12.985,24.641,0.0,788.34,7.5,99.888,1.0,,3,-98.423,10,50,7,400,0.4525
13.771,18.313,0.0255,11017.44,7.5,85.327,0.8,,4,-77.965,1,55,13,2806,0.4287
13.768,18.838,0.0,35429.67,7.5,76.829,0.85,,5,-29.141,1,55,13,1881,0.4301
14.119,19.781,0.0,105152.56,7.5,54.86,0.9,,7,110.305,1,55,13,1447,0.443
13.978,20.955,0.0,224803.21,7.5,60.832,0.95,,8,349.606,1,55,13,1095,0.4457
14.569,22.852,0.0,294449.97,7.5,54.362,1.0,,9,488.9,1,55,13,798,0.4524
13.637,18.53,0.0268,3254.26,7.5,96.872,0.8,,1,-93.491,2,55,9,1789,0.4237
13.768,18.838,0.0,6113.67,7.5,97.007,0.85,,5,-87.773,2,55,13,1881,0.4301
14.119,19.781,0.0,61476.24,7.5,85.292,0.9,,7,22.952,2,55,13,1447,0.443
13.978,20.955,0.0,318624.65,7.5,87.968,0.95,,8,537.249,2,55,13,1095,0.4457
14.569,22.852,0.0,645849.01,7.5,80.882,1.0,,9,1191.698,2,55,13,798,0.4524
13.143,18.188,0.022,2083.78,7.5,98.421,0.8,,1,-95.832,3,55,8,1591,0.4299
13.79,19.18,0.0,2191.92,7.5,98.828,0.85,,4,-95.616,3,55,12,1780,0.4331
14.119,19.781,0.0,9596.52,7.5,97.754,0.9,,6,-80.807,3,55,13,1447,0.443
13.978,20.955,0.0,151052.26,7.5,97.08,0.95,,8,202.105,3,55,13,1095,0.4457
14.569,22.852,0.0,579323.11,7.5,93.108,1.0,,7,1058.646,3,55,13,798,0.4524
12.08,14.517,0.0,1579.25,7.5,98.968,0.8,,0,-96.841,4,55,4,769,0.446
13.21,19.298,0.0,1456.66,7.5,99.44,0.85,,3,-97.087,4,55,8,1120,0.4304
14.274,21.31,0.0,1658.79,7.5,99.567,0.9,,4,-96.682,4,55,10,1036,0.4315
13.978,20.955,0.0,25049.64,7.5,99.52,0.95,,7,-49.901,4,55,13,1095,0.4457
14.569,22.852,0.0,200340.05,7.5,98.18,1.0,,7,300.68,4,55,13,798,0.4524
12.316,14.897,0.0,1310.19,7.5,99.204,0.8,,0,-97.38,5,55,3,437,0.4394
12.26,16.668,0.0,1321.21,7.5,99.614,0.85,,2,-97.358,5,55,7,953,0.4397
13.782,20.997,0.0,1231.7,7.5,99.778,0.9,,3,-97.537,5,55,9,906,0.436
13.978,20.955,0.0,2038.36,7.5,99.928,0.95,,6,-95.923,5,55,13,1095,0.4457
14.569,22.852,0.0,27631.32,7.5,99.638,1.0,,7,-44.737,5,55,13,798,0.4524
12.103,15.299,0.0,1102.55,7.5,99.315,0.8,,0,-97.795,6,55,2,338,0.4408
11.761,16.318,0.0,1074.72,7.5,99.751,0.85,,2,-97.851,6,55,6,751,0.4381
13.431,20.667,0.0,1063.17,7.5,99.864,0.9,,2,-97.874,6,55,8,868,0.4401
13.665,22.996,0.0,1075.78,7.5,99.918,0.95,,3,-97.848,6,55,9,684,0.4269
14.569,22.852,0.0,1841.23,7.5,99.954,1.0,,6,-96.318,6,55,13,798,0.4524
12.517,14.978,0.0,846.09,7.5,99.403,0.8,,0,-98.308,7,55,2,234,0.4444
11.644,15.64,0.0,932.97,7.5,99.819,0.85,,2,-98.134,7,55,5,641,0.454
12.068,14.864,0.0,964.21,7.5,99.908,0.9,,0,-98.072,7,55,3,309,0.4531
13.389,22.995,0.0,816.16,7.5,99.815,0.95,,3,-98.368,7,55,8,648,0.4367
14.061,25.564,0.0,963.95,7.5,99.935,1.0,,3,-98.072,7,55,9,490,0.4306
13.043,15.295,0.0,846.35,7.5,99.357,0.8,,0,-98.307,8,55,2,182,0.4615
11.89,15.531,0.0039,828.24,7.5,99.852,0.85,,1,-98.344,8,55,3,299,0.4515
11.912,15.119,0.0,842.94,7.5,99.93,0.9,,0,-98.314,8,55,3,297,0.4579
12.541,22.206,0.0,501.16,7.5,99.895,0.95,,2,-98.998,8,55,7,562,0.4448
12.985,24.641,0.0,788.34,7.5,99.888,1.0,,3,-98.423,8,55,7,400,0.4525
13.043,15.295,0.0,846.35,7.5,99.357,0.8,,0,-98.307,9,55,2,182,0.4615
11.89,15.531,0.0039,828.24,7.5,99.852,0.85,,1,-98.344,9,55,3,299,0.4515
11.912,15.119,0.0,842.94,7.5,99.93,0.9,,0,-98.314,9,55,3,297,0.4579
12.541,22.206,0.0,501.16,7.5,99.895,0.95,,2,-98.998,9,55,7,562,0.4448
12.985,24.641,0.0,788.34,7.5,99.888,1.0,,3,-98.423,9,55,7,400,0.4525
13.043,15.295,0.0,846.35,7.5,99.357,0.8,,0,-98.307,10,55,2,182,0.4615
11.89,15.531,0.0039,828.24,7.5,99.852,0.85,,1,-98.344,10,55,3,299,0.4515
11.912,15.119,0.0,842.94,7.5,99.93,0.9,,0,-98.314,10,55,3,297,0.4579
12.541,22.206,0.0,501.16,7.5,99.895,0.95,,2,-98.998,10,55,7,562,0.4448
12.985,24.641,0.0,788.34,7.5,99.888,1.0,,3,-98.423,10,55,7,400,0.4525
13.771,18.313,0.0255,11017.44,7.5,85.327,0.8,,4,-77.965,1,60,13,2806,0.4287
13.768,18.838,0.0,35429.67,7.5,76.829,0.85,,5,-29.141,1,60,13,1881,0.4301
14.119,19.781,0.0,105152.56,7.5,54.86,0.9,,7,110.305,1,60,13,1447,0.443
13.978,20.955,0.0,224803.21,7.5,60.832,0.95,,8,349.606,1,60,13,1095,0.4457
14.569,22.852,0.0,294449.97,7.5,54.362,1.0,,9,488.9,1,60,13,798,0.4524
13.637,18.53,0.0268,3254.26,7.5,96.872,0.8,,1,-93.491,2,60,9,1789,0.4237
13.768,18.838,0.0,6113.67,7.5,97.007,0.85,,5,-87.773,2,60,13,1881,0.4301
14.119,19.781,0.0,61476.24,7.5,85.292,0.9,,7,22.952,2,60,13,1447,0.443
13.978,20.955,0.0,318624.65,7.5,87.968,0.95,,8,537.249,2,60,13,1095,0.4457
14.569,22.852,0.0,645849.01,7.5,80.882,1.0,,9,1191.698,2,60,13,798,0.4524
13.143,18.188,0.022,2083.78,7.5,98.421,0.8,,1,-95.832,3,60,8,1591,0.4299
13.79,19.18,0.0,2191.92,7.5,98.828,0.85,,4,-95.616,3,60,12,1780,0.4331
14.119,19.781,0.0,9596.52,7.5,97.754,0.9,,6,-80.807,3,60,13,1447,0.443
13.978,20.955,0.0,151052.26,7.5,97.08,0.95,,8,202.105,3,60,13,1095,0.4457
14.569,22.852,0.0,579323.11,7.5,93.108,1.0,,7,1058.646,3,60,13,798,0.4524
12.08,14.517,0.0,1579.25,7.5,98.968,0.8,,0,-96.841,4,60,4,769,0.446
13.21,19.298,0.0,1456.66,7.5,99.44,0.85,,3,-97.087,4,60,8,1120,0.4304
14.274,21.31,0.0,1658.79,7.5,99.567,0.9,,4,-96.682,4,60,10,1036,0.4315
13.978,20.955,0.0,25049.64,7.5,99.52,0.95,,7,-49.901,4,60,13,1095,0.4457
14.569,22.852,0.0,200340.05,7.5,98.18,1.0,,7,300.68,4,60,13,798,0.4524
12.316,14.897,0.0,1310.19,7.5,99.204,0.8,,0,-97.38,5,60,3,437,0.4394
12.26,16.668,0.0,1321.21,7.5,99.614,0.85,,2,-97.358,5,60,7,953,0.4397
13.782,20.997,0.0,1231.7,7.5,99.778,0.9,,3,-97.537,5,60,9,906,0.436
13.978,20.955,0.0,2038.36,7.5,99.928,0.95,,6,-95.923,5,60,13,1095,0.4457
14.569,22.852,0.0,27631.32,7.5,99.638,1.0,,7,-44.737,5,60,13,798,0.4524
12.103,15.299,0.0,1102.55,7.5,99.315,0.8,,0,-97.795,6,60,2,338,0.4408
11.761,16.318,0.0,1074.72,7.5,99.751,0.85,,2,-97.851,6,60,6,751,0.4381
13.431,20.667,0.0,1063.17,7.5,99.864,0.9,,2,-97.874,6,60,8,868,0.4401
13.665,22.996,0.0,1075.78,7.5,99.918,0.95,,3,-97.848,6,60,9,684,0.4269
14.569,22.852,0.0,1841.23,7.5,99.954,1.0,,6,-96.318,6,60,13,798,0.4524
12.517,14.978,0.0,846.09,7.5,99.403,0.8,,0,-98.308,7,60,2,234,0.4444
11.644,15.64,0.0,932.97,7.5,99.819,0.85,,2,-98.134,7,60,5,641,0.454
12.068,14.864,0.0,964.21,7.5,99.908,0.9,,0,-98.072,7,60,3,309,0.4531
13.389,22.995,0.0,816.16,7.5,99.815,0.95,,3,-98.368,7,60,8,648,0.4367
14.061,25.564,0.0,963.95,7.5,99.935,1.0,,3,-98.072,7,60,9,490,0.4306
13.043,15.295,0.0,846.35,7.5,99.357,0.8,,0,-98.307,8,60,2,182,0.4615
11.89,15.531,0.0039,828.24,7.5,99.852,0.85,,1,-98.344,8,60,3,299,0.4515
11.912,15.119,0.0,842.94,7.5,99.93,0.9,,0,-98.314,8,60,3,297,0.4579
12.541,22.206,0.0,501.16,7.5,99.895,0.95,,2,-98.998,8,60,7,562,0.4448
12.985,24.641,0.0,788.34,7.5,99.888,1.0,,3,-98.423,8,60,7,400,0.4525
13.043,15.295,0.0,846.35,7.5,99.357,0.8,,0,-98.307,9,60,2,182,0.4615
11.89,15.531,0.0039,828.24,7.5,99.852,0.85,,1,-98.344,9,60,3,299,0.4515
11.912,15.119,0.0,842.94,7.5,99.93,0.9,,0,-98.314,9,60,3,297,0.4579
12.541,22.206,0.0,501.16,7.5,99.895,0.95,,2,-98.998,9,60,7,562,0.4448
12.985,24.641,0.0,788.34,7.5,99.888,1.0,,3,-98.423,9,60,7,400,0.4525
13.043,15.295,0.0,846.35,7.5,99.357,0.8,,0,-98.307,10,60,2,182,0.4615
11.89,15.531,0.0039,828.24,7.5,99.852,0.85,,1,-98.344,10,60,3,299,0.4515
11.912,15.119,0.0,842.94,7.5,99.93,0.9,,0,-98.314,10,60,3,297,0.4579
12.541,22.206,0.0,501.16,7.5,99.895,0.95,,2,-98.998,10,60,7,562,0.4448
12.985,24.641,0.0,788.34,7.5,99.888,1.0,,3,-98.423,10,60,7,400,0.4525
13.817,18.207,0.0308,13676.04,8.0,81.711,0.8,,3,-72.648,1,5,13,2803,0.4295
13.766,18.752,0.0,37628.37,8.0,74.776,0.85,,5,-24.743,1,5,13,1878,0.4313
14.019,19.679,0.0,109582.25,8.0,53.022,0.9,,7,119.164,1,5,13,1446,0.4426
13.914,20.825,0.0,203913.2,8.0,58.8,0.95,,8,307.826,1,5,13,1094,0.4452
14.482,22.729,0.0,287461.96,8.0,52.413,1.0,,9,474.924,1,5,13,796,0.4535
13.771,18.518,0.0327,3440.38,8.0,96.747,0.8,,1,-93.119,2,5,9,1789,0.4243
13.766,18.752,0.0,8220.24,8.0,95.902,0.85,,5,-83.56,2,5,13,1878,0.4313
14.019,19.679,0.0,71729.49,8.0,82.915,0.9,,6,43.459,2,5,13,1446,0.4426
13.914,20.825,0.0,299489.71,8.0,86.215,0.95,,8,498.979,2,5,13,1094,0.4452
14.482,22.729,0.0,689427.16,8.0,79.208,1.0,,9,1278.854,2,5,13,796,0.4535
13.174,18.087,0.0445,2383.81,8.0,98.204,0.8,,1,-95.232,3,5,7,1561,0.4324
13.841,19.04,0.0,2172.24,8.0,98.805,0.85,,4,-95.656,3,5,12,1786,0.4345
14.019,19.679,0.0,14762.79,8.0,96.468,0.9,,5,-70.474,3,5,13,1446,0.4426
13.914,20.825,0.0,174160.93,8.0,96.263,0.95,,8,248.322,3,5,13,1094,0.4452
14.482,22.729,0.0,726267.99,8.0,91.772,1.0,,7,1352.536,3,5,13,796,0.4535
12.168,14.462,0.0,1677.16,8.0,98.961,0.8,,0,-96.646,4,5,4,769,0.446
13.378,19.312,0.0,1765.89,8.0,99.3,0.85,,3,-96.468,4,5,8,1121,0.4309
14.019,19.701,0.0,1754.34,8.0,99.462,0.9,,4,-96.491,4,5,13,1445,0.4422
13.914,20.825,0.0,37600.29,8.0,99.281,0.95,,8,-24.799,4,5,13,1094,0.4452
14.482,22.729,0.0,350094.2,8.0,97.546,1.0,,7,600.188,4,5,13,796,0.4535
12.371,14.886,0.0,1415.19,8.0,99.206,0.8,,0,-97.17,5,5,3,442,0.4344
13.016,19.263,0.0,1265.56,8.0,99.624,0.85,,3,-97.469,5,5,8,1073,0.4315
13.848,21.017,0.0,1372.92,8.0,99.708,0.9,,3,-97.254,5,5,9,918,0.4314
13.914,20.825,0.0,3868.78,8.0,99.883,0.95,,7,-92.262,5,5,13,1094,0.4452
14.482,22.729,0.0,80303.79,8.0,99.426,1.0,,7,60.608,5,5,13,796,0.4535
12.175,15.175,0.0,1005.16,8.0,99.436,0.8,,0,-97.99,6,5,2,353,0.4306
11.895,16.311,0.0,1051.62,8.0,99.754,0.85,,2,-97.897,6,5,6,753,0.4382
13.525,20.783,0.0,1194.95,8.0,99.815,0.9,,2,-97.61,6,5,8,866,0.44
13.88,23.016,0.0,1026.43,8.0,99.946,0.95,,3,-97.947,6,5,9,692,0.4234
14.482,22.729,0.0,6868.63,8.0,99.901,1.0,,6,-86.263,6,5,13,796,0.4535
12.516,14.978,0.0,1018.55,8.0,99.4,0.8,,0,-97.963,7,5,2,235,0.4426
11.736,15.633,0.0279,831.39,8.0,99.841,0.85,,1,-98.337,7,5,5,643,0.4526
12.178,15.392,0.0462,947.41,8.0,99.889,0.9,,1,-98.105,7,5,4,376,0.4441
13.608,23.135,0.0,977.34,8.0,99.871,0.95,,2,-98.045,7,5,8,673,0.4324
14.406,25.683,0.0,1017.76,8.0,99.969,1.0,,3,-97.964,7,5,9,492,0.4289
12.919,15.27,0.0,884.15,8.0,99.415,0.8,,0,-98.232,8,5,2,188,0.4574
11.911,15.59,0.0,888.87,8.0,99.855,0.85,,0,-98.222,8,5,3,299,0.4482
12.046,15.174,0.0,859.74,8.0,99.921,0.9,,0,-98.281,8,5,3,297,0.4545
12.589,22.307,0.0,10.81,8.0,99.998,0.95,,2,-99.978,8,5,7,562,0.4448
13.002,24.781,0.0,184.32,8.0,99.977,1.0,,3,-99.631,8,5,7,399,0.4536
12.919,15.27,0.0,884.15,8.0,99.415,0.8,,0,-98.232,9,5,2,188,0.4574
11.911,15.59,0.0,888.87,8.0,99.855,0.85,,0,-98.222,9,5,3,299,0.4482
12.046,15.174,0.0,859.74,8.0,99.921,0.9,,0,-98.281,9,5,3,297,0.4545
12.589,22.307,0.0,10.81,8.0,99.998,0.95,,2,-99.978,9,5,7,562,0.4448
13.002,24.781,0.0,184.32,8.0,99.977,1.0,,3,-99.631,9,5,7,399,0.4536
12.919,15.27,0.0,884.15,8.0,99.415,0.8,,0,-98.232,10,5,2,188,0.4574
11.911,15.59,0.0,888.87,8.0,99.855,0.85,,0,-98.222,10,5,3,299,0.4482
12.046,15.174,0.0,859.74,8.0,99.921,0.9,,0,-98.281,10,5,3,297,0.4545
12.589,22.307,0.0,10.81,8.0,99.998,0.95,,2,-99.978,10,5,7,562,0.4448
13.002,24.781,0.0,184.32,8.0,99.977,1.0,,3,-99.631,10,5,7,399,0.4536
13.921,18.196,0.0209,13923.58,8.0,81.194,0.8,,3,-72.153,1,10,13,2803,0.4313
13.903,18.711,0.0,38656.06,8.0,73.145,0.85,,5,-22.688,1,10,13,1878,0.434
14.149,19.67,0.0,106816.03,8.0,53.243,0.9,,7,113.632,1,10,13,1446,0.4447
14.054,20.805,0.0,202888.93,8.0,58.74,0.95,,8,305.778,1,10,13,1094,0.4479
14.626,22.639,0.0,274223.82,8.0,52.287,1.0,,9,448.448,1,10,13,796,0.456
13.893,18.49,0.0391,3427.25,8.0,96.609,0.8,,1,-93.145,2,10,9,1790,0.4257
13.903,18.711,0.0,7886.6,8.0,95.672,0.85,,4,-84.227,2,10,13,1878,0.434
14.149,19.67,0.0,66915.24,8.0,83.048,0.9,,7,33.83,2,10,13,1446,0.4447
14.054,20.805,0.0,302925.84,8.0,86.235,0.95,,8,505.852,2,10,13,1094,0.4479
14.626,22.639,0.0,637149.24,8.0,79.172,1.0,,9,1174.298,2,10,13,796,0.456
13.307,18.058,0.0371,2399.3,8.0,98.076,0.8,,1,-95.201,3,10,7,1561,0.4343
13.971,19.044,0.0,2358.35,8.0,98.627,0.85,,4,-95.283,3,10,12,1776,0.4375
14.149,19.67,0.0,13505.15,8.0,96.231,0.9,,5,-72.99,3,10,13,1446,0.4447
14.054,20.805,0.0,173618.86,8.0,96.266,0.95,,8,247.238,3,10,13,1094,0.4479
14.626,22.639,0.0,667805.56,8.0,91.763,1.0,,7,1235.611,3,10,13,796,0.456
12.327,14.464,0.0,1668.24,8.0,98.872,0.8,,0,-96.664,4,10,4,769,0.4486
13.533,19.229,0.0,1710.24,8.0,99.277,0.85,,3,-96.58,4,10,8,1121,0.4335
14.51,21.3,0.0,1740.95,8.0,99.451,0.9,,3,-96.518,4,10,10,1037,0.433
14.054,20.805,0.0,40135.25,8.0,99.271,0.95,,8,-19.729,4,10,13,1094,0.4479
14.626,22.639,0.0,316006.21,8.0,97.546,1.0,,7,532.012,4,10,13,796,0.456
12.576,14.845,0.0,1301.0,8.0,99.175,0.8,,0,-97.398,5,10,3,438,0.4406
13.16,19.177,0.0,1364.0,8.0,99.557,0.85,,2,-97.272,5,10,8,1072,0.4347
14.032,20.988,0.0,1416.76,8.0,99.686,0.9,,3,-97.166,5,10,9,913,0.4348
14.054,20.805,0.0,5230.89,8.0,99.869,0.95,,7,-89.538,5,10,13,1094,0.4479
14.626,22.639,0.0,66596.04,8.0,99.424,1.0,,7,33.192,5,10,13,796,0.456
12.392,15.059,0.0,965.53,8.0,99.374,0.8,,0,-98.069,6,10,2,353,0.4363
12.064,16.217,0.0,1042.7,8.0,99.73,0.85,,2,-97.915,6,10,6,753,0.4422
13.681,20.708,0.0,1188.39,8.0,99.807,0.9,,2,-97.623,6,10,8,866,0.4423
14.03,22.904,0.0,961.06,8.0,99.943,0.95,,4,-98.078,6,10,9,692,0.4263
14.626,22.639,0.0,5256.35,8.0,99.908,1.0,,6,-89.487,6,10,13,796,0.456
12.36,15.233,0.0,777.84,8.0,99.459,0.8,,0,-98.444,7,10,2,331,0.4502
11.875,15.953,0.011,995.97,8.0,99.786,0.85,,2,-98.008,7,10,5,691,0.4515
12.319,15.345,0.0,1027.74,8.0,99.873,0.9,,0,-97.945,7,10,4,376,0.4468
13.764,23.021,0.0,953.45,8.0,99.839,0.95,,2,-98.093,7,10,8,673,0.4354
14.571,25.502,0.0,877.32,8.0,99.97,1.0,,3,-98.245,7,10,9,491,0.4338
13.343,15.171,0.0,869.45,8.0,99.327,0.8,,0,-98.261,8,10,1,179,0.4749
12.143,15.379,0.0,869.71,8.0,99.838,0.85,,0,-98.261,8,10,3,301,0.4551
12.245,15.119,0.0,869.97,8.0,99.915,0.9,,0,-98.26,8,10,3,296,0.4595
12.773,22.181,0.0,292.74,8.0,99.936,0.95,,2,-99.415,8,10,7,562,0.4484
13.222,24.58,0.0,847.66,8.0,99.887,1.0,,3,-98.305,8,10,7,399,0.4586
13.343,15.171,0.0,869.45,8.0,99.327,0.8,,0,-98.261,9,10,1,179,0.4749
12.143,15.379,0.0,869.71,8.0,99.838,0.85,,0,-98.261,9,10,3,301,0.4551
12.245,15.119,0.0,869.97,8.0,99.915,0.9,,0,-98.26,9,10,3,296,0.4595
12.773,22.181,0.0,292.74,8.0,99.936,0.95,,2,-99.415,9,10,7,562,0.4484
13.222,24.58,0.0,847.66,8.0,99.887,1.0,,3,-98.305,9,10,7,399,0.4586
13.343,15.171,0.0,869.45,8.0,99.327,0.8,,0,-98.261,10,10,1,179,0.4749
12.143,15.379,0.0,869.71,8.0,99.838,0.85,,0,-98.261,10,10,3,301,0.4551
12.245,15.119,0.0,869.97,8.0,99.915,0.9,,0,-98.26,10,10,3,296,0.4595
12.773,22.181,0.0,292.74,8.0,99.936,0.95,,2,-99.415,10,10,7,562,0.4484
13.222,24.58,0.0,847.66,8.0,99.887,1.0,,3,-98.305,10,10,7,399,0.4586
14.033,18.27,0.0196,14188.7,8.0,80.834,0.8,,3,-71.623,1,15,13,2803,0.432
14.058,18.786,0.0,34829.86,8.0,75.785,0.85,,5,-30.34,1,15,13,1878,0.4345
14.355,19.762,0.0,97375.74,8.0,53.243,0.9,,7,94.751,1,15,13,1446,0.4454
14.22,20.924,0.0,198923.6,8.0,58.74,0.95,,8,297.847,1,15,13,1094,0.4488
14.86,22.794,0.0,269384.9,8.0,52.287,1.0,,9,438.77,1,15,13,796,0.4573
13.893,18.49,0.0391,3427.25,8.0,96.609,0.8,,1,-93.145,2,15,9,1790,0.4257
14.058,18.786,0.0,6479.86,8.0,96.426,0.85,,4,-87.04,2,15,13,1878,0.4345
14.355,19.762,0.0,53519.6,8.0,83.988,0.9,,7,7.039,2,15,13,1446,0.4454
14.22,20.924,0.0,287869.63,8.0,86.235,0.95,,8,475.739,2,15,13,1094,0.4488
14.86,22.794,0.0,605613.27,8.0,79.172,1.0,,9,1111.227,2,15,13,796,0.4573
13.307,18.058,0.0371,2399.3,8.0,98.076,0.8,,1,-95.201,3,15,7,1561,0.4343
14.068,19.121,0.0,2393.79,8.0,98.606,0.85,,4,-95.212,3,15,12,1777,0.4378
14.355,19.762,0.0,9828.31,8.0,97.262,0.9,,5,-80.343,3,15,13,1446,0.4454
14.22,20.924,0.0,156428.79,8.0,96.266,0.95,,8,212.858,3,15,13,1094,0.4488
14.86,22.794,0.0,603321.12,8.0,91.763,1.0,,7,1106.642,3,15,13,796,0.4573
12.327,14.464,0.0,1668.24,8.0,98.872,0.8,,0,-96.664,4,15,4,769,0.4486
13.533,19.229,0.0,1710.24,8.0,99.277,0.85,,3,-96.58,4,15,8,1121,0.4335
14.51,21.3,0.0,1740.95,8.0,99.451,0.9,,3,-96.518,4,15,10,1037,0.433
14.22,20.924,0.0,34110.61,8.0,99.271,0.95,,8,-31.779,4,15,13,1094,0.4488
14.86,22.794,0.0,266931.84,8.0,97.546,1.0,,7,433.864,4,15,13,796,0.4573
12.576,14.845,0.0,1301.0,8.0,99.175,0.8,,0,-97.398,5,15,3,438,0.4406
13.16,19.177,0.0,1364.0,8.0,99.557,0.85,,2,-97.272,5,15,8,1072,0.4347
14.032,20.988,0.0,1416.76,8.0,99.686,0.9,,3,-97.166,5,15,9,913,0.4348
14.22,20.924,0.0,3954.88,8.0,99.869,0.95,,7,-92.09,5,15,13,1094,0.4488
14.86,22.794,0.0,51908.11,8.0,99.424,1.0,,7,3.816,5,15,13,796,0.4573
12.392,15.059,0.0,965.53,8.0,99.374,0.8,,0,-98.069,6,15,2,353,0.4363
12.064,16.217,0.0,1042.7,8.0,99.73,0.85,,2,-97.915,6,15,6,753,0.4422
13.681,20.708,0.0,1188.39,8.0,99.807,0.9,,2,-97.623,6,15,8,866,0.4423
14.03,22.904,0.0,961.06,8.0,99.943,0.95,,4,-98.078,6,15,9,692,0.4263
14.86,22.794,0.0,3867.2,8.0,99.931,1.0,,6,-92.266,6,15,13,796,0.4573
12.36,15.233,0.0,777.84,8.0,99.459,0.8,,0,-98.444,7,15,2,331,0.4502
11.875,15.953,0.011,995.97,8.0,99.786,0.85,,2,-98.008,7,15,5,691,0.4515
12.319,15.345,0.0,1027.74,8.0,99.873,0.9,,0,-97.945,7,15,4,376,0.4468
13.764,23.021,0.0,953.45,8.0,99.839,0.95,,2,-98.093,7,15,8,673,0.4354
14.571,25.502,0.0,877.32,8.0,99.97,1.0,,3,-98.245,7,15,9,491,0.4338
13.343,15.171,0.0,869.45,8.0,99.327,0.8,,0,-98.261,8,15,1,179,0.4749
12.143,15.379,0.0,869.71,8.0,99.838,0.85,,0,-98.261,8,15,3,301,0.4551
12.245,15.119,0.0,869.97,8.0,99.915,0.9,,0,-98.26,8,15,3,296,0.4595
12.773,22.181,0.0,292.74,8.0,99.936,0.95,,2,-99.415,8,15,7,562,0.4484
13.222,24.58,0.0,847.66,8.0,99.887,1.0,,3,-98.305,8,15,7,399,0.4586
13.343,15.171,0.0,869.45,8.0,99.327,0.8,,0,-98.261,9,15,1,179,0.4749
12.143,15.379,0.0,869.71,8.0,99.838,0.85,,0,-98.261,9,15,3,301,0.4551
12.245,15.119,0.0,869.97,8.0,99.915,0.9,,0,-98.26,9,15,3,296,0.4595
12.773,22.181,0.0,292.74,8.0,99.936,0.95,,2,-99.415,9,15,7,562,0.4484
13.222,24.58,0.0,847.66,8.0,99.887,1.0,,3,-98.305,9,15,7,399,0.4586
13.343,15.171,0.0,869.45,8.0,99.327,0.8,,0,-98.261,10,15,1,179,0.4749
12.143,15.379,0.0,869.71,8.0,99.838,0.85,,0,-98.261,10,15,3,301,0.4551
12.245,15.119,0.0,869.97,8.0,99.915,0.9,,0,-98.26,10,15,3,296,0.4595
12.773,22.181,0.0,292.74,8.0,99.936,0.95,,2,-99.415,10,15,7,562,0.4484
13.222,24.58,0.0,847.66,8.0,99.887,1.0,,3,-98.305,10,15,7,399,0.4586
14.033,18.27,0.0196,14188.7,8.0,80.834,0.8,,3,-71.623,1,20,13,2803,0.432
14.058,18.786,0.0,34829.86,8.0,75.785,0.85,,5,-30.34,1,20,13,1878,0.4345
14.355,19.762,0.0,97375.74,8.0,53.243,0.9,,7,94.751,1,20,13,1446,0.4454
14.22,20.924,0.0,198923.6,8.0,58.74,0.95,,8,297.847,1,20,13,1094,0.4488
14.86,22.794,0.0,269384.9,8.0,52.287,1.0,,9,438.77,1,20,13,796,0.4573
13.893,18.49,0.0391,3427.25,8.0,96.609,0.8,,1,-93.145,2,20,9,1790,0.4257
14.058,18.786,0.0,6479.86,8.0,96.426,0.85,,4,-87.04,2,20,13,1878,0.4345
14.355,19.762,0.0,53519.6,8.0,83.988,0.9,,7,7.039,2,20,13,1446,0.4454
14.22,20.924,0.0,287869.63,8.0,86.235,0.95,,8,475.739,2,20,13,1094,0.4488
14.86,22.794,0.0,605613.27,8.0,79.172,1.0,,9,1111.227,2,20,13,796,0.4573
13.307,18.058,0.0371,2399.3,8.0,98.076,0.8,,1,-95.201,3,20,7,1561,0.4343
14.068,19.121,0.0,2393.79,8.0,98.606,0.85,,4,-95.212,3,20,12,1777,0.4378
14.355,19.762,0.0,9828.31,8.0,97.262,0.9,,5,-80.343,3,20,13,1446,0.4454
14.22,20.924,0.0,156428.79,8.0,96.266,0.95,,8,212.858,3,20,13,1094,0.4488
14.86,22.794,0.0,603321.12,8.0,91.763,1.0,,7,1106.642,3,20,13,796,0.4573
12.327,14.464,0.0,1668.24,8.0,98.872,0.8,,0,-96.664,4,20,4,769,0.4486
13.533,19.229,0.0,1710.24,8.0,99.277,0.85,,3,-96.58,4,20,8,1121,0.4335
14.51,21.3,0.0,1740.95,8.0,99.451,0.9,,3,-96.518,4,20,10,1037,0.433
14.22,20.924,0.0,34110.61,8.0,99.271,0.95,,8,-31.779,4,20,13,1094,0.4488
14.86,22.794,0.0,266931.84,8.0,97.546,1.0,,7,433.864,4,20,13,796,0.4573
12.576,14.845,0.0,1301.0,8.0,99.175,0.8,,0,-97.398,5,20,3,438,0.4406
13.16,19.177,0.0,1364.0,8.0,99.557,0.85,,2,-97.272,5,20,8,1072,0.4347
14.032,20.988,0.0,1416.76,8.0,99.686,0.9,,3,-97.166,5,20,9,913,0.4348
14.22,20.924,0.0,3954.88,8.0,99.869,0.95,,7,-92.09,5,20,13,1094,0.4488
14.86,22.794,0.0,51908.11,8.0,99.424,1.0,,7,3.816,5,20,13,796,0.4573
12.392,15.059,0.0,965.53,8.0,99.374,0.8,,0,-98.069,6,20,2,353,0.4363
12.064,16.217,0.0,1042.7,8.0,99.73,0.85,,2,-97.915,6,20,6,753,0.4422
13.681,20.708,0.0,1188.39,8.0,99.807,0.9,,2,-97.623,6,20,8,866,0.4423
14.03,22.904,0.0,961.06,8.0,99.943,0.95,,4,-98.078,6,20,9,692,0.4263
14.86,22.794,0.0,3867.2,8.0,99.931,1.0,,6,-92.266,6,20,13,796,0.4573
12.36,15.233,0.0,777.84,8.0,99.459,0.8,,0,-98.444,7,20,2,331,0.4502
11.875,15.953,0.011,995.97,8.0,99.786,0.85,,2,-98.008,7,20,5,691,0.4515
12.319,15.345,0.0,1027.74,8.0,99.873,0.9,,0,-97.945,7,20,4,376,0.4468
13.764,23.021,0.0,953.45,8.0,99.839,0.95,,2,-98.093,7,20,8,673,0.4354
14.571,25.502,0.0,877.32,8.0,99.97,1.0,,3,-98.245,7,20,9,491,0.4338
13.343,15.171,0.0,869.45,8.0,99.327,0.8,,0,-98.261,8,20,1,179,0.4749
12.143,15.379,0.0,869.71,8.0,99.838,0.85,,0,-98.261,8,20,3,301,0.4551
12.245,15.119,0.0,869.97,8.0,99.915,0.9,,0,-98.26,8,20,3,296,0.4595
12.773,22.181,0.0,292.74,8.0,99.936,0.95,,2,-99.415,8,20,7,562,0.4484
13.222,24.58,0.0,847.66,8.0,99.887,1.0,,3,-98.305,8,20,7,399,0.4586
13.343,15.171,0.0,869.45,8.0,99.327,0.8,,0,-98.261,9,20,1,179,0.4749
12.143,15.379,0.0,869.71,8.0,99.838,0.85,,0,-98.261,9,20,3,301,0.4551
12.245,15.119,0.0,869.97,8.0,99.915,0.9,,0,-98.26,9,20,3,296,0.4595
12.773,22.181,0.0,292.74,8.0,99.936,0.95,,2,-99.415,9,20,7,562,0.4484
13.222,24.58,0.0,847.66,8.0,99.887,1.0,,3,-98.305,9,20,7,399,0.4586
13.343,15.171,0.0,869.45,8.0,99.327,0.8,,0,-98.261,10,20,1,179,0.4749
12.143,15.379,0.0,869.71,8.0,99.838,0.85,,0,-98.261,10,20,3,301,0.4551
12.245,15.119,0.0,869.97,8.0,99.915,0.9,,0,-98.26,10,20,3,296,0.4595
12.773,22.181,0.0,292.74,8.0,99.936,0.95,,2,-99.415,10,20,7,562,0.4484
13.222,24.58,0.0,847.66,8.0,99.887,1.0,,3,-98.305,10,20,7,399,0.4586
14.033,18.27,0.0196,14188.7,8.0,80.834,0.8,,3,-71.623,1,25,13,2803,0.432
14.058,18.786,0.0,34829.86,8.0,75.785,0.85,,5,-30.34,1,25,13,1878,0.4345
14.355,19.762,0.0,97375.74,8.0,53.243,0.9,,7,94.751,1,25,13,1446,0.4454
14.22,20.924,0.0,198923.6,8.0,58.74,0.95,,8,297.847,1,25,13,1094,0.4488
14.86,22.794,0.0,269384.9,8.0,52.287,1.0,,9,438.77,1,25,13,796,0.4573
13.893,18.49,0.0391,3427.25,8.0,96.609,0.8,,1,-93.145,2,25,9,1790,0.4257
14.058,18.786,0.0,6479.86,8.0,96.426,0.85,,4,-87.04,2,25,13,1878,0.4345
14.355,19.762,0.0,53519.6,8.0,83.988,0.9,,7,7.039,2,25,13,1446,0.4454
14.22,20.924,0.0,287869.63,8.0,86.235,0.95,,8,475.739,2,25,13,1094,0.4488
14.86,22.794,0.0,605613.27,8.0,79.172,1.0,,9,1111.227,2,25,13,796,0.4573
13.307,18.058,0.0371,2399.3,8.0,98.076,0.8,,1,-95.201,3,25,7,1561,0.4343
14.068,19.121,0.0,2393.79,8.0,98.606,0.85,,4,-95.212,3,25,12,1777,0.4378
14.355,19.762,0.0,9828.31,8.0,97.262,0.9,,5,-80.343,3,25,13,1446,0.4454
14.22,20.924,0.0,156428.79,8.0,96.266,0.95,,8,212.858,3,25,13,1094,0.4488
14.86,22.794,0.0,603321.12,8.0,91.763,1.0,,7,1106.642,3,25,13,796,0.4573
12.327,14.464,0.0,1668.24,8.0,98.872,0.8,,0,-96.664,4,25,4,769,0.4486
13.533,19.229,0.0,1710.24,8.0,99.277,0.85,,3,-96.58,4,25,8,1121,0.4335
14.51,21.3,0.0,1740.95,8.0,99.451,0.9,,3,-96.518,4,25,10,1037,0.433
14.22,20.924,0.0,34110.61,8.0,99.271,0.95,,8,-31.779,4,25,13,1094,0.4488
14.86,22.794,0.0,266931.84,8.0,97.546,1.0,,7,433.864,4,25,13,796,0.4573
12.576,14.845,0.0,1301.0,8.0,99.175,0.8,,0,-97.398,5,25,3,438,0.4406
13.16,19.177,0.0,1364.0,8.0,99.557,0.85,,2,-97.272,5,25,8,1072,0.4347
14.032,20.988,0.0,1416.76,8.0,99.686,0.9,,3,-97.166,5,25,9,913,0.4348
14.22,20.924,0.0,3954.88,8.0,99.869,0.95,,7,-92.09,5,25,13,1094,0.4488
14.86,22.794,0.0,51908.11,8.0,99.424,1.0,,7,3.816,5,25,13,796,0.4573
12.392,15.059,0.0,965.53,8.0,99.374,0.8,,0,-98.069,6,25,2,353,0.4363
12.064,16.217,0.0,1042.7,8.0,99.73,0.85,,2,-97.915,6,25,6,753,0.4422
13.681,20.708,0.0,1188.39,8.0,99.807,0.9,,2,-97.623,6,25,8,866,0.4423
14.03,22.904,0.0,961.06,8.0,99.943,0.95,,4,-98.078,6,25,9,692,0.4263
14.86,22.794,0.0,3867.2,8.0,99.931,1.0,,6,-92.266,6,25,13,796,0.4573
12.36,15.233,0.0,777.84,8.0,99.459,0.8,,0,-98.444,7,25,2,331,0.4502
11.875,15.953,0.011,995.97,8.0,99.786,0.85,,2,-98.008,7,25,5,691,0.4515
12.319,15.345,0.0,1027.74,8.0,99.873,0.9,,0,-97.945,7,25,4,376,0.4468
13.764,23.021,0.0,953.45,8.0,99.839,0.95,,2,-98.093,7,25,8,673,0.4354
14.571,25.502,0.0,877.32,8.0,99.97,1.0,,3,-98.245,7,25,9,491,0.4338
13.343,15.171,0.0,869.45,8.0,99.327,0.8,,0,-98.261,8,25,1,179,0.4749
12.143,15.379,0.0,869.71,8.0,99.838,0.85,,0,-98.261,8,25,3,301,0.4551
12.245,15.119,0.0,869.97,8.0,99.915,0.9,,0,-98.26,8,25,3,296,0.4595
12.773,22.181,0.0,292.74,8.0,99.936,0.95,,2,-99.415,8,25,7,562,0.4484
13.222,24.58,0.0,847.66,8.0,99.887,1.0,,3,-98.305,8,25,7,399,0.4586
13.343,15.171,0.0,869.45,8.0,99.327,0.8,,0,-98.261,9,25,1,179,0.4749
12.143,15.379,0.0,869.71,8.0,99.838,0.85,,0,-98.261,9,25,3,301,0.4551
12.245,15.119,0.0,869.97,8.0,99.915,0.9,,0,-98.26,9,25,3,296,0.4595
12.773,22.181,0.0,292.74,8.0,99.936,0.95,,2,-99.415,9,25,7,562,0.4484
13.222,24.58,0.0,847.66,8.0,99.887,1.0,,3,-98.305,9,25,7,399,0.4586
13.343,15.171,0.0,869.45,8.0,99.327,0.8,,0,-98.261,10,25,1,179,0.4749
12.143,15.379,0.0,869.71,8.0,99.838,0.85,,0,-98.261,10,25,3,301,0.4551
12.245,15.119,0.0,869.97,8.0,99.915,0.9,,0,-98.26,10,25,3,296,0.4595
12.773,22.181,0.0,292.74,8.0,99.936,0.95,,2,-99.415,10,25,7,562,0.4484
13.222,24.58,0.0,847.66,8.0,99.887,1.0,,3,-98.305,10,25,7,399,0.4586
14.033,18.27,0.0196,14188.7,8.0,80.834,0.8,,3,-71.623,1,30,13,2803,0.432
14.058,18.786,0.0,34829.86,8.0,75.785,0.85,,5,-30.34,1,30,13,1878,0.4345
14.355,19.762,0.0,97375.74,8.0,53.243,0.9,,7,94.751,1,30,13,1446,0.4454
14.22,20.924,0.0,198923.6,8.0,58.74,0.95,,8,297.847,1,30,13,1094,0.4488
14.86,22.794,0.0,269384.9,8.0,52.287,1.0,,9,438.77,1,30,13,796,0.4573
13.893,18.49,0.0391,3427.25,8.0,96.609,0.8,,1,-93.145,2,30,9,1790,0.4257
14.058,18.786,0.0,6479.86,8.0,96.426,0.85,,4,-87.04,2,30,13,1878,0.4345
14.355,19.762,0.0,53519.6,8.0,83.988,0.9,,7,7.039,2,30,13,1446,0.4454
14.22,20.924,0.0,287869.63,8.0,86.235,0.95,,8,475.739,2,30,13,1094,0.4488
14.86,22.794,0.0,605613.27,8.0,79.172,1.0,,9,1111.227,2,30,13,796,0.4573
13.307,18.058,0.0371,2399.3,8.0,98.076,0.8,,1,-95.201,3,30,7,1561,0.4343
14.068,19.121,0.0,2393.79,8.0,98.606,0.85,,4,-95.212,3,30,12,1777,0.4378
14.355,19.762,0.0,9828.31,8.0,97.262,0.9,,5,-80.343,3,30,13,1446,0.4454
14.22,20.924,0.0,156428.79,8.0,96.266,0.95,,8,212.858,3,30,13,1094,0.4488
14.86,22.794,0.0,603321.12,8.0,91.763,1.0,,7,1106.642,3,30,13,796,0.4573
12.327,14.464,0.0,1668.24,8.0,98.872,0.8,,0,-96.664,4,30,4,769,0.4486
13.533,19.229,0.0,1710.24,8.0,99.277,0.85,,3,-96.58,4,30,8,1121,0.4335
14.51,21.3,0.0,1740.95,8.0,99.451,0.9,,3,-96.518,4,30,10,1037,0.433
14.22,20.924,0.0,34110.61,8.0,99.271,0.95,,8,-31.779,4,30,13,1094,0.4488
14.86,22.794,0.0,266931.84,8.0,97.546,1.0,,7,433.864,4,30,13,796,0.4573
12.576,14.845,0.0,1301.0,8.0,99.175,0.8,,0,-97.398,5,30,3,438,0.4406
13.16,19.177,0.0,1364.0,8.0,99.557,0.85,,2,-97.272,5,30,8,1072,0.4347
14.032,20.988,0.0,1416.76,8.0,99.686,0.9,,3,-97.166,5,30,9,913,0.4348
14.22,20.924,0.0,3954.88,8.0,99.869,0.95,,7,-92.09,5,30,13,1094,0.4488
14.86,22.794,0.0,51908.11,8.0,99.424,1.0,,7,3.816,5,30,13,796,0.4573
12.392,15.059,0.0,965.53,8.0,99.374,0.8,,0,-98.069,6,30,2,353,0.4363
12.064,16.217,0.0,1042.7,8.0,99.73,0.85,,2,-97.915,6,30,6,753,0.4422
13.681,20.708,0.0,1188.39,8.0,99.807,0.9,,2,-97.623,6,30,8,866,0.4423
14.03,22.904,0.0,961.06,8.0,99.943,0.95,,4,-98.078,6,30,9,692,0.4263
14.86,22.794,0.0,3867.2,8.0,99.931,1.0,,6,-92.266,6,30,13,796,0.4573
12.36,15.233,0.0,777.84,8.0,99.459,0.8,,0,-98.444,7,30,2,331,0.4502
11.875,15.953,0.011,995.97,8.0,99.786,0.85,,2,-98.008,7,30,5,691,0.4515
12.319,15.345,0.0,1027.74,8.0,99.873,0.9,,0,-97.945,7,30,4,376,0.4468
13.764,23.021,0.0,953.45,8.0,99.839,0.95,,2,-98.093,7,30,8,673,0.4354
14.571,25.502,0.0,877.32,8.0,99.97,1.0,,3,-98.245,7,30,9,491,0.4338
13.343,15.171,0.0,869.45,8.0,99.327,0.8,,0,-98.261,8,30,1,179,0.4749
12.143,15.379,0.0,869.71,8.0,99.838,0.85,,0,-98.261,8,30,3,301,0.4551
12.245,15.119,0.0,869.97,8.0,99.915,0.9,,0,-98.26,8,30,3,296,0.4595
12.773,22.181,0.0,292.74,8.0,99.936,0.95,,2,-99.415,8,30,7,562,0.4484
13.222,24.58,0.0,847.66,8.0,99.887,1.0,,3,-98.305,8,30,7,399,0.4586
13.343,15.171,0.0,869.45,8.0,99.327,0.8,,0,-98.261,9,30,1,179,0.4749
12.143,15.379,0.0,869.71,8.0,99.838,0.85,,0,-98.261,9,30,3,301,0.4551
12.245,15.119,0.0,869.97,8.0,99.915,0.9,,0,-98.26,9,30,3,296,0.4595
12.773,22.181,0.0,292.74,8.0,99.936,0.95,,2,-99.415,9,30,7,562,0.4484
13.222,24.58,0.0,847.66,8.0,99.887,1.0,,3,-98.305,9,30,7,399,0.4586
13.343,15.171,0.0,869.45,8.0,99.327,0.8,,0,-98.261,10,30,1,179,0.4749
12.143,15.379,0.0,869.71,8.0,99.838,0.85,,0,-98.261,10,30,3,301,0.4551
12.245,15.119,0.0,869.97,8.0,99.915,0.9,,0,-98.26,10,30,3,296,0.4595
12.773,22.181,0.0,292.74,8.0,99.936,0.95,,2,-99.415,10,30,7,562,0.4484
13.222,24.58,0.0,847.66,8.0,99.887,1.0,,3,-98.305,10,30,7,399,0.4586
14.033,18.27,0.0196,14188.7,8.0,80.834,0.8,,3,-71.623,1,35,13,2803,0.432
14.058,18.786,0.0,34829.86,8.0,75.785,0.85,,5,-30.34,1,35,13,1878,0.4345
14.355,19.762,0.0,97375.74,8.0,53.243,0.9,,7,94.751,1,35,13,1446,0.4454
14.22,20.924,0.0,198923.6,8.0,58.74,0.95,,8,297.847,1,35,13,1094,0.4488
14.86,22.794,0.0,269384.9,8.0,52.287,1.0,,9,438.77,1,35,13,796,0.4573
13.893,18.49,0.0391,3427.25,8.0,96.609,0.8,,1,-93.145,2,35,9,1790,0.4257
14.058,18.786,0.0,6479.86,8.0,96.426,0.85,,4,-87.04,2,35,13,1878,0.4345
14.355,19.762,0.0,53519.6,8.0,83.988,0.9,,7,7.039,2,35,13,1446,0.4454
14.22,20.924,0.0,287869.63,8.0,86.235,0.95,,8,475.739,2,35,13,1094,0.4488
14.86,22.794,0.0,605613.27,8.0,79.172,1.0,,9,1111.227,2,35,13,796,0.4573
13.307,18.058,0.0371,2399.3,8.0,98.076,0.8,,1,-95.201,3,35,7,1561,0.4343
14.068,19.121,0.0,2393.79,8.0,98.606,0.85,,4,-95.212,3,35,12,1777,0.4378
14.355,19.762,0.0,9828.31,8.0,97.262,0.9,,5,-80.343,3,35,13,1446,0.4454
14.22,20.924,0.0,156428.79,8.0,96.266,0.95,,8,212.858,3,35,13,1094,0.4488
14.86,22.794,0.0,603321.12,8.0,91.763,1.0,,7,1106.642,3,35,13,796,0.4573
12.327,14.464,0.0,1668.24,8.0,98.872,0.8,,0,-96.664,4,35,4,769,0.4486
13.533,19.229,0.0,1710.24,8.0,99.277,0.85,,3,-96.58,4,35,8,1121,0.4335
14.51,21.3,0.0,1740.95,8.0,99.451,0.9,,3,-96.518,4,35,10,1037,0.433
14.22,20.924,0.0,34110.61,8.0,99.271,0.95,,8,-31.779,4,35,13,1094,0.4488
14.86,22.794,0.0,266931.84,8.0,97.546,1.0,,7,433.864,4,35,13,796,0.4573
12.576,14.845,0.0,1301.0,8.0,99.175,0.8,,0,-97.398,5,35,3,438,0.4406
13.16,19.177,0.0,1364.0,8.0,99.557,0.85,,2,-97.272,5,35,8,1072,0.4347
14.032,20.988,0.0,1416.76,8.0,99.686,0.9,,3,-97.166,5,35,9,913,0.4348
14.22,20.924,0.0,3954.88,8.0,99.869,0.95,,7,-92.09,5,35,13,1094,0.4488
14.86,22.794,0.0,51908.11,8.0,99.424,1.0,,7,3.816,5,35,13,796,0.4573
12.392,15.059,0.0,965.53,8.0,99.374,0.8,,0,-98.069,6,35,2,353,0.4363
12.064,16.217,0.0,1042.7,8.0,99.73,0.85,,2,-97.915,6,35,6,753,0.4422
13.681,20.708,0.0,1188.39,8.0,99.807,0.9,,2,-97.623,6,35,8,866,0.4423
14.03,22.904,0.0,961.06,8.0,99.943,0.95,,4,-98.078,6,35,9,692,0.4263
14.86,22.794,0.0,3867.2,8.0,99.931,1.0,,6,-92.266,6,35,13,796,0.4573
12.36,15.233,0.0,777.84,8.0,99.459,0.8,,0,-98.444,7,35,2,331,0.4502
11.875,15.953,0.011,995.97,8.0,99.786,0.85,,2,-98.008,7,35,5,691,0.4515
12.319,15.345,0.0,1027.74,8.0,99.873,0.9,,0,-97.945,7,35,4,376,0.4468
13.764,23.021,0.0,953.45,8.0,99.839,0.95,,2,-98.093,7,35,8,673,0.4354
14.571,25.502,0.0,877.32,8.0,99.97,1.0,,3,-98.245,7,35,9,491,0.4338
13.343,15.171,0.0,869.45,8.0,99.327,0.8,,0,-98.261,8,35,1,179,0.4749
12.143,15.379,0.0,869.71,8.0,99.838,0.85,,0,-98.261,8,35,3,301,0.4551
12.245,15.119,0.0,869.97,8.0,99.915,0.9,,0,-98.26,8,35,3,296,0.4595
12.773,22.181,0.0,292.74,8.0,99.936,0.95,,2,-99.415,8,35,7,562,0.4484
13.222,24.58,0.0,847.66,8.0,99.887,1.0,,3,-98.305,8,35,7,399,0.4586
13.343,15.171,0.0,869.45,8.0,99.327,0.8,,0,-98.261,9,35,1,179,0.4749
12.143,15.379,0.0,869.71,8.0,99.838,0.85,,0,-98.261,9,35,3,301,0.4551
12.245,15.119,0.0,869.97,8.0,99.915,0.9,,0,-98.26,9,35,3,296,0.4595
12.773,22.181,0.0,292.74,8.0,99.936,0.95,,2,-99.415,9,35,7,562,0.4484
13.222,24.58,0.0,847.66,8.0,99.887,1.0,,3,-98.305,9,35,7,399,0.4586
13.343,15.171,0.0,869.45,8.0,99.327,0.8,,0,-98.261,10,35,1,179,0.4749
12.143,15.379,0.0,869.71,8.0,99.838,0.85,,0,-98.261,10,35,3,301,0.4551
12.245,15.119,0.0,869.97,8.0,99.915,0.9,,0,-98.26,10,35,3,296,0.4595
12.773,22.181,0.0,292.74,8.0,99.936,0.95,,2,-99.415,10,35,7,562,0.4484
13.222,24.58,0.0,847.66,8.0,99.887,1.0,,3,-98.305,10,35,7,399,0.4586
14.033,18.27,0.0196,14188.7,8.0,80.834,0.8,,3,-71.623,1,40,13,2803,0.432
14.058,18.786,0.0,34829.86,8.0,75.785,0.85,,5,-30.34,1,40,13,1878,0.4345
14.355,19.762,0.0,97375.74,8.0,53.243,0.9,,7,94.751,1,40,13,1446,0.4454
14.22,20.924,0.0,198923.6,8.0,58.74,0.95,,8,297.847,1,40,13,1094,0.4488
14.86,22.794,0.0,269384.9,8.0,52.287,1.0,,9,438.77,1,40,13,796,0.4573
13.893,18.49,0.0391,3427.25,8.0,96.609,0.8,,1,-93.145,2,40,9,1790,0.4257
14.058,18.786,0.0,6479.86,8.0,96.426,0.85,,4,-87.04,2,40,13,1878,0.4345
14.355,19.762,0.0,53519.6,8.0,83.988,0.9,,7,7.039,2,40,13,1446,0.4454
14.22,20.924,0.0,287869.63,8.0,86.235,0.95,,8,475.739,2,40,13,1094,0.4488
14.86,22.794,0.0,605613.27,8.0,79.172,1.0,,9,1111.227,2,40,13,796,0.4573
13.307,18.058,0.0371,2399.3,8.0,98.076,0.8,,1,-95.201,3,40,7,1561,0.4343
14.068,19.121,0.0,2393.79,8.0,98.606,0.85,,4,-95.212,3,40,12,1777,0.4378
14.355,19.762,0.0,9828.31,8.0,97.262,0.9,,5,-80.343,3,40,13,1446,0.4454
14.22,20.924,0.0,156428.79,8.0,96.266,0.95,,8,212.858,3,40,13,1094,0.4488
14.86,22.794,0.0,603321.12,8.0,91.763,1.0,,7,1106.642,3,40,13,796,0.4573
12.327,14.464,0.0,1668.24,8.0,98.872,0.8,,0,-96.664,4,40,4,769,0.4486
13.533,19.229,0.0,1710.24,8.0,99.277,0.85,,3,-96.58,4,40,8,1121,0.4335
14.51,21.3,0.0,1740.95,8.0,99.451,0.9,,3,-96.518,4,40,10,1037,0.433
14.22,20.924,0.0,34110.61,8.0,99.271,0.95,,8,-31.779,4,40,13,1094,0.4488
14.86,22.794,0.0,266931.84,8.0,97.546,1.0,,7,433.864,4,40,13,796,0.4573
12.576,14.845,0.0,1301.0,8.0,99.175,0.8,,0,-97.398,5,40,3,438,0.4406
13.16,19.177,0.0,1364.0,8.0,99.557,0.85,,2,-97.272,5,40,8,1072,0.4347
14.032,20.988,0.0,1416.76,8.0,99.686,0.9,,3,-97.166,5,40,9,913,0.4348
14.22,20.924,0.0,3954.88,8.0,99.869,0.95,,7,-92.09,5,40,13,1094,0.4488
14.86,22.794,0.0,51908.11,8.0,99.424,1.0,,7,3.816,5,40,13,796,0.4573
12.392,15.059,0.0,965.53,8.0,99.374,0.8,,0,-98.069,6,40,2,353,0.4363
12.064,16.217,0.0,1042.7,8.0,99.73,0.85,,2,-97.915,6,40,6,753,0.4422
13.681,20.708,0.0,1188.39,8.0,99.807,0.9,,2,-97.623,6,40,8,866,0.4423
14.03,22.904,0.0,961.06,8.0,99.943,0.95,,4,-98.078,6,40,9,692,0.4263
14.86,22.794,0.0,3867.2,8.0,99.931,1.0,,6,-92.266,6,40,13,796,0.4573
12.36,15.233,0.0,777.84,8.0,99.459,0.8,,0,-98.444,7,40,2,331,0.4502
11.875,15.953,0.011,995.97,8.0,99.786,0.85,,2,-98.008,7,40,5,691,0.4515
12.319,15.345,0.0,1027.74,8.0,99.873,0.9,,0,-97.945,7,40,4,376,0.4468
13.764,23.021,0.0,953.45,8.0,99.839,0.95,,2,-98.093,7,40,8,673,0.4354
14.571,25.502,0.0,877.32,8.0,99.97,1.0,,3,-98.245,7,40,9,491,0.4338
13.343,15.171,0.0,869.45,8.0,99.327,0.8,,0,-98.261,8,40,1,179,0.4749
12.143,15.379,0.0,869.71,8.0,99.838,0.85,,0,-98.261,8,40,3,301,0.4551
12.245,15.119,0.0,869.97,8.0,99.915,0.9,,0,-98.26,8,40,3,296,0.4595
12.773,22.181,0.0,292.74,8.0,99.936,0.95,,2,-99.415,8,40,7,562,0.4484
13.222,24.58,0.0,847.66,8.0,99.887,1.0,,3,-98.305,8,40,7,399,0.4586
13.343,15.171,0.0,869.45,8.0,99.327,0.8,,0,-98.261,9,40,1,179,0.4749
12.143,15.379,0.0,869.71,8.0,99.838,0.85,,0,-98.261,9,40,3,301,0.4551
12.245,15.119,0.0,869.97,8.0,99.915,0.9,,0,-98.26,9,40,3,296,0.4595
12.773,22.181,0.0,292.74,8.0,99.936,0.95,,2,-99.415,9,40,7,562,0.4484
13.222,24.58,0.0,847.66,8.0,99.887,1.0,,3,-98.305,9,40,7,399,0.4586
13.343,15.171,0.0,869.45,8.0,99.327,0.8,,0,-98.261,10,40,1,179,0.4749
12.143,15.379,0.0,869.71,8.0,99.838,0.85,,0,-98.261,10,40,3,301,0.4551
12.245,15.119,0.0,869.97,8.0,99.915,0.9,,0,-98.26,10,40,3,296,0.4595
12.773,22.181,0.0,292.74,8.0,99.936,0.95,,2,-99.415,10,40,7,562,0.4484
13.222,24.58,0.0,847.66,8.0,99.887,1.0,,3,-98.305,10,40,7,399,0.4586
14.033,18.27,0.0196,14188.7,8.0,80.834,0.8,,3,-71.623,1,45,13,2803,0.432
14.058,18.786,0.0,34829.86,8.0,75.785,0.85,,5,-30.34,1,45,13,1878,0.4345
14.355,19.762,0.0,97375.74,8.0,53.243,0.9,,7,94.751,1,45,13,1446,0.4454
14.22,20.924,0.0,198923.6,8.0,58.74,0.95,,8,297.847,1,45,13,1094,0.4488
14.86,22.794,0.0,269384.9,8.0,52.287,1.0,,9,438.77,1,45,13,796,0.4573
13.893,18.49,0.0391,3427.25,8.0,96.609,0.8,,1,-93.145,2,45,9,1790,0.4257
14.058,18.786,0.0,6479.86,8.0,96.426,0.85,,4,-87.04,2,45,13,1878,0.4345
14.355,19.762,0.0,53519.6,8.0,83.988,0.9,,7,7.039,2,45,13,1446,0.4454
14.22,20.924,0.0,287869.63,8.0,86.235,0.95,,8,475.739,2,45,13,1094,0.4488
14.86,22.794,0.0,605613.27,8.0,79.172,1.0,,9,1111.227,2,45,13,796,0.4573
13.307,18.058,0.0371,2399.3,8.0,98.076,0.8,,1,-95.201,3,45,7,1561,0.4343
14.068,19.121,0.0,2393.79,8.0,98.606,0.85,,4,-95.212,3,45,12,1777,0.4378
14.355,19.762,0.0,9828.31,8.0,97.262,0.9,,5,-80.343,3,45,13,1446,0.4454
14.22,20.924,0.0,156428.79,8.0,96.266,0.95,,8,212.858,3,45,13,1094,0.4488
14.86,22.794,0.0,603321.12,8.0,91.763,1.0,,7,1106.642,3,45,13,796,0.4573
12.327,14.464,0.0,1668.24,8.0,98.872,0.8,,0,-96.664,4,45,4,769,0.4486
13.533,19.229,0.0,1710.24,8.0,99.277,0.85,,3,-96.58,4,45,8,1121,0.4335
14.51,21.3,0.0,1740.95,8.0,99.451,0.9,,3,-96.518,4,45,10,1037,0.433
14.22,20.924,0.0,34110.61,8.0,99.271,0.95,,8,-31.779,4,45,13,1094,0.4488
14.86,22.794,0.0,266931.84,8.0,97.546,1.0,,7,433.864,4,45,13,796,0.4573
12.576,14.845,0.0,1301.0,8.0,99.175,0.8,,0,-97.398,5,45,3,438,0.4406
13.16,19.177,0.0,1364.0,8.0,99.557,0.85,,2,-97.272,5,45,8,1072,0.4347
14.032,20.988,0.0,1416.76,8.0,99.686,0.9,,3,-97.166,5,45,9,913,0.4348
14.22,20.924,0.0,3954.88,8.0,99.869,0.95,,7,-92.09,5,45,13,1094,0.4488
14.86,22.794,0.0,51908.11,8.0,99.424,1.0,,7,3.816,5,45,13,796,0.4573
12.392,15.059,0.0,965.53,8.0,99.374,0.8,,0,-98.069,6,45,2,353,0.4363
12.064,16.217,0.0,1042.7,8.0,99.73,0.85,,2,-97.915,6,45,6,753,0.4422
13.681,20.708,0.0,1188.39,8.0,99.807,0.9,,2,-97.623,6,45,8,866,0.4423
14.03,22.904,0.0,961.06,8.0,99.943,0.95,,4,-98.078,6,45,9,692,0.4263
14.86,22.794,0.0,3867.2,8.0,99.931,1.0,,6,-92.266,6,45,13,796,0.4573
12.36,15.233,0.0,777.84,8.0,99.459,0.8,,0,-98.444,7,45,2,331,0.4502
11.875,15.953,0.011,995.97,8.0,99.786,0.85,,2,-98.008,7,45,5,691,0.4515
12.319,15.345,0.0,1027.74,8.0,99.873,0.9,,0,-97.945,7,45,4,376,0.4468
13.764,23.021,0.0,953.45,8.0,99.839,0.95,,2,-98.093,7,45,8,673,0.4354
14.571,25.502,0.0,877.32,8.0,99.97,1.0,,3,-98.245,7,45,9,491,0.4338
13.343,15.171,0.0,869.45,8.0,99.327,0.8,,0,-98.261,8,45,1,179,0.4749
12.143,15.379,0.0,869.71,8.0,99.838,0.85,,0,-98.261,8,45,3,301,0.4551
12.245,15.119,0.0,869.97,8.0,99.915,0.9,,0,-98.26,8,45,3,296,0.4595
12.773,22.181,0.0,292.74,8.0,99.936,0.95,,2,-99.415,8,45,7,562,0.4484
13.222,24.58,0.0,847.66,8.0,99.887,1.0,,3,-98.305,8,45,7,399,0.4586
13.343,15.171,0.0,869.45,8.0,99.327,0.8,,0,-98.261,9,45,1,179,0.4749
12.143,15.379,0.0,869.71,8.0,99.838,0.85,,0,-98.261,9,45,3,301,0.4551
12.245,15.119,0.0,869.97,8.0,99.915,0.9,,0,-98.26,9,45,3,296,0.4595
12.773,22.181,0.0,292.74,8.0,99.936,0.95,,2,-99.415,9,45,7,562,0.4484
13.222,24.58,0.0,847.66,8.0,99.887,1.0,,3,-98.305,9,45,7,399,0.4586
13.343,15.171,0.0,869.45,8.0,99.327,0.8,,0,-98.261,10,45,1,179,0.4749
12.143,15.379,0.0,869.71,8.0,99.838,0.85,,0,-98.261,10,45,3,301,0.4551
12.245,15.119,0.0,869.97,8.0,99.915,0.9,,0,-98.26,10,45,3,296,0.4595
12.773,22.181,0.0,292.74,8.0,99.936,0.95,,2,-99.415,10,45,7,562,0.4484
13.222,24.58,0.0,847.66,8.0,99.887,1.0,,3,-98.305,10,45,7,399,0.4586
14.033,18.27,0.0196,14188.7,8.0,80.834,0.8,,3,-71.623,1,50,13,2803,0.432
14.058,18.786,0.0,34829.86,8.0,75.785,0.85,,5,-30.34,1,50,13,1878,0.4345
14.355,19.762,0.0,97375.74,8.0,53.243,0.9,,7,94.751,1,50,13,1446,0.4454
14.22,20.924,0.0,198923.6,8.0,58.74,0.95,,8,297.847,1,50,13,1094,0.4488
14.86,22.794,0.0,269384.9,8.0,52.287,1.0,,9,438.77,1,50,13,796,0.4573
13.893,18.49,0.0391,3427.25,8.0,96.609,0.8,,1,-93.145,2,50,9,1790,0.4257
14.058,18.786,0.0,6479.86,8.0,96.426,0.85,,4,-87.04,2,50,13,1878,0.4345
14.355,19.762,0.0,53519.6,8.0,83.988,0.9,,7,7.039,2,50,13,1446,0.4454
14.22,20.924,0.0,287869.63,8.0,86.235,0.95,,8,475.739,2,50,13,1094,0.4488
14.86,22.794,0.0,605613.27,8.0,79.172,1.0,,9,1111.227,2,50,13,796,0.4573
13.307,18.058,0.0371,2399.3,8.0,98.076,0.8,,1,-95.201,3,50,7,1561,0.4343
14.068,19.121,0.0,2393.79,8.0,98.606,0.85,,4,-95.212,3,50,12,1777,0.4378
14.355,19.762,0.0,9828.31,8.0,97.262,0.9,,5,-80.343,3,50,13,1446,0.4454
14.22,20.924,0.0,156428.79,8.0,96.266,0.95,,8,212.858,3,50,13,1094,0.4488
14.86,22.794,0.0,603321.12,8.0,91.763,1.0,,7,1106.642,3,50,13,796,0.4573
12.327,14.464,0.0,1668.24,8.0,98.872,0.8,,0,-96.664,4,50,4,769,0.4486
13.533,19.229,0.0,1710.24,8.0,99.277,0.85,,3,-96.58,4,50,8,1121,0.4335
14.51,21.3,0.0,1740.95,8.0,99.451,0.9,,3,-96.518,4,50,10,1037,0.433
14.22,20.924,0.0,34110.61,8.0,99.271,0.95,,8,-31.779,4,50,13,1094,0.4488
14.86,22.794,0.0,266931.84,8.0,97.546,1.0,,7,433.864,4,50,13,796,0.4573
12.576,14.845,0.0,1301.0,8.0,99.175,0.8,,0,-97.398,5,50,3,438,0.4406
13.16,19.177,0.0,1364.0,8.0,99.557,0.85,,2,-97.272,5,50,8,1072,0.4347
14.032,20.988,0.0,1416.76,8.0,99.686,0.9,,3,-97.166,5,50,9,913,0.4348
14.22,20.924,0.0,3954.88,8.0,99.869,0.95,,7,-92.09,5,50,13,1094,0.4488
14.86,22.794,0.0,51908.11,8.0,99.424,1.0,,7,3.816,5,50,13,796,0.4573
12.392,15.059,0.0,965.53,8.0,99.374,0.8,,0,-98.069,6,50,2,353,0.4363
12.064,16.217,0.0,1042.7,8.0,99.73,0.85,,2,-97.915,6,50,6,753,0.4422
13.681,20.708,0.0,1188.39,8.0,99.807,0.9,,2,-97.623,6,50,8,866,0.4423
14.03,22.904,0.0,961.06,8.0,99.943,0.95,,4,-98.078,6,50,9,692,0.4263
14.86,22.794,0.0,3867.2,8.0,99.931,1.0,,6,-92.266,6,50,13,796,0.4573
12.36,15.233,0.0,777.84,8.0,99.459,0.8,,0,-98.444,7,50,2,331,0.4502
11.875,15.953,0.011,995.97,8.0,99.786,0.85,,2,-98.008,7,50,5,691,0.4515
12.319,15.345,0.0,1027.74,8.0,99.873,0.9,,0,-97.945,7,50,4,376,0.4468
13.764,23.021,0.0,953.45,8.0,99.839,0.95,,2,-98.093,7,50,8,673,0.4354
14.571,25.502,0.0,877.32,8.0,99.97,1.0,,3,-98.245,7,50,9,491,0.4338
13.343,15.171,0.0,869.45,8.0,99.327,0.8,,0,-98.261,8,50,1,179,0.4749
12.143,15.379,0.0,869.71,8.0,99.838,0.85,,0,-98.261,8,50,3,301,0.4551
12.245,15.119,0.0,869.97,8.0,99.915,0.9,,0,-98.26,8,50,3,296,0.4595
12.773,22.181,0.0,292.74,8.0,99.936,0.95,,2,-99.415,8,50,7,562,0.4484
13.222,24.58,0.0,847.66,8.0,99.887,1.0,,3,-98.305,8,50,7,399,0.4586
13.343,15.171,0.0,869.45,8.0,99.327,0.8,,0,-98.261,9,50,1,179,0.4749
12.143,15.379,0.0,869.71,8.0,99.838,0.85,,0,-98.261,9,50,3,301,0.4551
12.245,15.119,0.0,869.97,8.0,99.915,0.9,,0,-98.26,9,50,3,296,0.4595
12.773,22.181,0.0,292.74,8.0,99.936,0.95,,2,-99.415,9,50,7,562,0.4484
13.222,24.58,0.0,847.66,8.0,99.887,1.0,,3,-98.305,9,50,7,399,0.4586
13.343,15.171,0.0,869.45,8.0,99.327,0.8,,0,-98.261,10,50,1,179,0.4749
12.143,15.379,0.0,869.71,8.0,99.838,0.85,,0,-98.261,10,50,3,301,0.4551
12.245,15.119,0.0,869.97,8.0,99.915,0.9,,0,-98.26,10,50,3,296,0.4595
12.773,22.181,0.0,292.74,8.0,99.936,0.95,,2,-99.415,10,50,7,562,0.4484
13.222,24.58,0.0,847.66,8.0,99.887,1.0,,3,-98.305,10,50,7,399,0.4586
14.033,18.27,0.0196,14188.7,8.0,80.834,0.8,,3,-71.623,1,55,13,2803,0.432
14.058,18.786,0.0,34829.86,8.0,75.785,0.85,,5,-30.34,1,55,13,1878,0.4345
14.355,19.762,0.0,97375.74,8.0,53.243,0.9,,7,94.751,1,55,13,1446,0.4454
14.22,20.924,0.0,198923.6,8.0,58.74,0.95,,8,297.847,1,55,13,1094,0.4488
14.86,22.794,0.0,269384.9,8.0,52.287,1.0,,9,438.77,1,55,13,796,0.4573
13.893,18.49,0.0391,3427.25,8.0,96.609,0.8,,1,-93.145,2,55,9,1790,0.4257
14.058,18.786,0.0,6479.86,8.0,96.426,0.85,,4,-87.04,2,55,13,1878,0.4345
14.355,19.762,0.0,53519.6,8.0,83.988,0.9,,7,7.039,2,55,13,1446,0.4454
14.22,20.924,0.0,287869.63,8.0,86.235,0.95,,8,475.739,2,55,13,1094,0.4488
14.86,22.794,0.0,605613.27,8.0,79.172,1.0,,9,1111.227,2,55,13,796,0.4573
13.307,18.058,0.0371,2399.3,8.0,98.076,0.8,,1,-95.201,3,55,7,1561,0.4343
14.068,19.121,0.0,2393.79,8.0,98.606,0.85,,4,-95.212,3,55,12,1777,0.4378
14.355,19.762,0.0,9828.31,8.0,97.262,0.9,,5,-80.343,3,55,13,1446,0.4454
14.22,20.924,0.0,156428.79,8.0,96.266,0.95,,8,212.858,3,55,13,1094,0.4488
14.86,22.794,0.0,603321.12,8.0,91.763,1.0,,7,1106.642,3,55,13,796,0.4573
12.327,14.464,0.0,1668.24,8.0,98.872,0.8,,0,-96.664,4,55,4,769,0.4486
13.533,19.229,0.0,1710.24,8.0,99.277,0.85,,3,-96.58,4,55,8,1121,0.4335
14.51,21.3,0.0,1740.95,8.0,99.451,0.9,,3,-96.518,4,55,10,1037,0.433
14.22,20.924,0.0,34110.61,8.0,99.271,0.95,,8,-31.779,4,55,13,1094,0.4488
14.86,22.794,0.0,266931.84,8.0,97.546,1.0,,7,433.864,4,55,13,796,0.4573
12.576,14.845,0.0,1301.0,8.0,99.175,0.8,,0,-97.398,5,55,3,438,0.4406
13.16,19.177,0.0,1364.0,8.0,99.557,0.85,,2,-97.272,5,55,8,1072,0.4347
14.032,20.988,0.0,1416.76,8.0,99.686,0.9,,3,-97.166,5,55,9,913,0.4348
14.22,20.924,0.0,3954.88,8.0,99.869,0.95,,7,-92.09,5,55,13,1094,0.4488
14.86,22.794,0.0,51908.11,8.0,99.424,1.0,,7,3.816,5,55,13,796,0.4573
12.392,15.059,0.0,965.53,8.0,99.374,0.8,,0,-98.069,6,55,2,353,0.4363
12.064,16.217,0.0,1042.7,8.0,99.73,0.85,,2,-97.915,6,55,6,753,0.4422
13.681,20.708,0.0,1188.39,8.0,99.807,0.9,,2,-97.623,6,55,8,866,0.4423
14.03,22.904,0.0,961.06,8.0,99.943,0.95,,4,-98.078,6,55,9,692,0.4263
14.86,22.794,0.0,3867.2,8.0,99.931,1.0,,6,-92.266,6,55,13,796,0.4573
12.36,15.233,0.0,777.84,8.0,99.459,0.8,,0,-98.444,7,55,2,331,0.4502
11.875,15.953,0.011,995.97,8.0,99.786,0.85,,2,-98.008,7,55,5,691,0.4515
12.319,15.345,0.0,1027.74,8.0,99.873,0.9,,0,-97.945,7,55,4,376,0.4468
13.764,23.021,0.0,953.45,8.0,99.839,0.95,,2,-98.093,7,55,8,673,0.4354
14.571,25.502,0.0,877.32,8.0,99.97,1.0,,3,-98.245,7,55,9,491,0.4338
13.343,15.171,0.0,869.45,8.0,99.327,0.8,,0,-98.261,8,55,1,179,0.4749
12.143,15.379,0.0,869.71,8.0,99.838,0.85,,0,-98.261,8,55,3,301,0.4551
12.245,15.119,0.0,869.97,8.0,99.915,0.9,,0,-98.26,8,55,3,296,0.4595
12.773,22.181,0.0,292.74,8.0,99.936,0.95,,2,-99.415,8,55,7,562,0.4484
13.222,24.58,0.0,847.66,8.0,99.887,1.0,,3,-98.305,8,55,7,399,0.4586
13.343,15.171,0.0,869.45,8.0,99.327,0.8,,0,-98.261,9,55,1,179,0.4749
12.143,15.379,0.0,869.71,8.0,99.838,0.85,,0,-98.261,9,55,3,301,0.4551
12.245,15.119,0.0,869.97,8.0,99.915,0.9,,0,-98.26,9,55,3,296,0.4595
12.773,22.181,0.0,292.74,8.0,99.936,0.95,,2,-99.415,9,55,7,562,0.4484
13.222,24.58,0.0,847.66,8.0,99.887,1.0,,3,-98.305,9,55,7,399,0.4586
13.343,15.171,0.0,869.45,8.0,99.327,0.8,,0,-98.261,10,55,1,179,0.4749
12.143,15.379,0.0,869.71,8.0,99.838,0.85,,0,-98.261,10,55,3,301,0.4551
12.245,15.119,0.0,869.97,8.0,99.915,0.9,,0,-98.26,10,55,3,296,0.4595
12.773,22.181,0.0,292.74,8.0,99.936,0.95,,2,-99.415,10,55,7,562,0.4484
13.222,24.58,0.0,847.66,8.0,99.887,1.0,,3,-98.305,10,55,7,399,0.4586
14.033,18.27,0.0196,14188.7,8.0,80.834,0.8,,3,-71.623,1,60,13,2803,0.432
14.058,18.786,0.0,34829.86,8.0,75.785,0.85,,5,-30.34,1,60,13,1878,0.4345
14.355,19.762,0.0,97375.74,8.0,53.243,0.9,,7,94.751,1,60,13,1446,0.4454
14.22,20.924,0.0,198923.6,8.0,58.74,0.95,,8,297.847,1,60,13,1094,0.4488
14.86,22.794,0.0,269384.9,8.0,52.287,1.0,,9,438.77,1,60,13,796,0.4573
13.893,18.49,0.0391,3427.25,8.0,96.609,0.8,,1,-93.145,2,60,9,1790,0.4257
14.058,18.786,0.0,6479.86,8.0,96.426,0.85,,4,-87.04,2,60,13,1878,0.4345
14.355,19.762,0.0,53519.6,8.0,83.988,0.9,,7,7.039,2,60,13,1446,0.4454
14.22,20.924,0.0,287869.63,8.0,86.235,0.95,,8,475.739,2,60,13,1094,0.4488
14.86,22.794,0.0,605613.27,8.0,79.172,1.0,,9,1111.227,2,60,13,796,0.4573
13.307,18.058,0.0371,2399.3,8.0,98.076,0.8,,1,-95.201,3,60,7,1561,0.4343
14.068,19.121,0.0,2393.79,8.0,98.606,0.85,,4,-95.212,3,60,12,1777,0.4378
14.355,19.762,0.0,9828.31,8.0,97.262,0.9,,5,-80.343,3,60,13,1446,0.4454
14.22,20.924,0.0,156428.79,8.0,96.266,0.95,,8,212.858,3,60,13,1094,0.4488
14.86,22.794,0.0,603321.12,8.0,91.763,1.0,,7,1106.642,3,60,13,796,0.4573
12.327,14.464,0.0,1668.24,8.0,98.872,0.8,,0,-96.664,4,60,4,769,0.4486
13.533,19.229,0.0,1710.24,8.0,99.277,0.85,,3,-96.58,4,60,8,1121,0.4335
14.51,21.3,0.0,1740.95,8.0,99.451,0.9,,3,-96.518,4,60,10,1037,0.433
14.22,20.924,0.0,34110.61,8.0,99.271,0.95,,8,-31.779,4,60,13,1094,0.4488
14.86,22.794,0.0,266931.84,8.0,97.546,1.0,,7,433.864,4,60,13,796,0.4573
12.576,14.845,0.0,1301.0,8.0,99.175,0.8,,0,-97.398,5,60,3,438,0.4406
13.16,19.177,0.0,1364.0,8.0,99.557,0.85,,2,-97.272,5,60,8,1072,0.4347
14.032,20.988,0.0,1416.76,8.0,99.686,0.9,,3,-97.166,5,60,9,913,0.4348
14.22,20.924,0.0,3954.88,8.0,99.869,0.95,,7,-92.09,5,60,13,1094,0.4488
14.86,22.794,0.0,51908.11,8.0,99.424,1.0,,7,3.816,5,60,13,796,0.4573
12.392,15.059,0.0,965.53,8.0,99.374,0.8,,0,-98.069,6,60,2,353,0.4363
12.064,16.217,0.0,1042.7,8.0,99.73,0.85,,2,-97.915,6,60,6,753,0.4422
13.681,20.708,0.0,1188.39,8.0,99.807,0.9,,2,-97.623,6,60,8,866,0.4423
14.03,22.904,0.0,961.06,8.0,99.943,0.95,,4,-98.078,6,60,9,692,0.4263
14.86,22.794,0.0,3867.2,8.0,99.931,1.0,,6,-92.266,6,60,13,796,0.4573
12.36,15.233,0.0,777.84,8.0,99.459,0.8,,0,-98.444,7,60,2,331,0.4502
11.875,15.953,0.011,995.97,8.0,99.786,0.85,,2,-98.008,7,60,5,691,0.4515
12.319,15.345,0.0,1027.74,8.0,99.873,0.9,,0,-97.945,7,60,4,376,0.4468
13.764,23.021,0.0,953.45,8.0,99.839,0.95,,2,-98.093,7,60,8,673,0.4354
14.571,25.502,0.0,877.32,8.0,99.97,1.0,,3,-98.245,7,60,9,491,0.4338
13.343,15.171,0.0,869.45,8.0,99.327,0.8,,0,-98.261,8,60,1,179,0.4749
12.143,15.379,0.0,869.71,8.0,99.838,0.85,,0,-98.261,8,60,3,301,0.4551
12.245,15.119,0.0,869.97,8.0,99.915,0.9,,0,-98.26,8,60,3,296,0.4595
12.773,22.181,0.0,292.74,8.0,99.936,0.95,,2,-99.415,8,60,7,562,0.4484
13.222,24.58,0.0,847.66,8.0,99.887,1.0,,3,-98.305,8,60,7,399,0.4586
13.343,15.171,0.0,869.45,8.0,99.327,0.8,,0,-98.261,9,60,1,179,0.4749
12.143,15.379,0.0,869.71,8.0,99.838,0.85,,0,-98.261,9,60,3,301,0.4551
12.245,15.119,0.0,869.97,8.0,99.915,0.9,,0,-98.26,9,60,3,296,0.4595
12.773,22.181,0.0,292.74,8.0,99.936,0.95,,2,-99.415,9,60,7,562,0.4484
13.222,24.58,0.0,847.66,8.0,99.887,1.0,,3,-98.305,9,60,7,399,0.4586
13.343,15.171,0.0,869.45,8.0,99.327,0.8,,0,-98.261,10,60,1,179,0.4749
12.143,15.379,0.0,869.71,8.0,99.838,0.85,,0,-98.261,10,60,3,301,0.4551
12.245,15.119,0.0,869.97,8.0,99.915,0.9,,0,-98.26,10,60,3,296,0.4595
12.773,22.181,0.0,292.74,8.0,99.936,0.95,,2,-99.415,10,60,7,562,0.4484
13.222,24.58,0.0,847.66,8.0,99.887,1.0,,3,-98.305,10,60,7,399,0.4586
14.114,18.154,0.065,12843.39,8.5,82.681,0.8,,3,-74.313,1,5,13,2799,0.4323
14.065,18.686,0.0,30133.74,8.5,76.195,0.85,,5,-39.733,1,5,13,1876,0.4344
14.342,19.634,0.0,93753.24,8.5,53.78,0.9,,7,87.506,1,5,13,1444,0.4453
14.264,20.758,0.0,164557.63,8.5,58.385,0.95,,8,229.115,1,5,13,1093,0.4483
14.827,22.685,0.0,226314.42,8.5,50.927,1.0,,9,352.629,1,5,13,795,0.4553
14.045,18.449,0.0386,2978.64,8.5,97.191,0.8,,1,-94.043,2,5,9,1784,0.4283
14.065,18.686,0.0,6743.41,8.5,96.347,0.85,,4,-86.513,2,5,13,1876,0.4344
14.342,19.634,0.0,53970.84,8.5,84.698,0.9,,5,7.942,2,5,13,1444,0.4453
14.264,20.758,0.0,222724.48,8.5,85.995,0.95,,8,345.449,2,5,13,1093,0.4483
14.827,22.685,0.0,480104.15,8.5,77.696,1.0,,8,860.208,2,5,13,795,0.4553
13.411,18.032,0.0467,2475.43,8.5,98.255,0.8,,1,-95.049,3,5,7,1558,0.4358
14.15,19.058,0.0,2541.84,8.5,98.602,0.85,,4,-94.916,3,5,12,1771,0.4376
14.342,19.634,0.0,11318.79,8.5,97.113,0.9,,5,-77.362,3,5,13,1444,0.4453
14.264,20.758,0.0,120238.44,8.5,96.405,0.95,,8,140.477,3,5,13,1093,0.4483
14.827,22.685,0.0,503412.31,8.5,90.529,1.0,,7,906.825,3,5,13,795,0.4553
12.377,14.396,0.0,1876.93,8.5,98.904,0.8,,0,-96.246,4,5,4,770,0.4506
13.704,19.226,0.0,1796.07,8.5,99.292,0.85,,3,-96.408,4,5,8,1119,0.4352
14.342,19.634,0.0,1972.21,8.5,99.409,0.9,,5,-96.056,4,5,13,1444,0.4453
14.264,20.758,0.0,31949.19,8.5,99.267,0.95,,8,-36.102,4,5,13,1093,0.4483
14.827,22.685,0.0,253834.4,8.5,96.891,1.0,,7,407.669,4,5,13,795,0.4553
12.522,14.533,0.0,1497.88,8.5,99.252,0.8,,0,-97.004,5,5,3,619,0.4507
13.345,19.173,0.0,1415.45,8.5,99.588,0.85,,3,-97.169,5,5,8,1071,0.436
14.183,20.978,0.0,1509.69,8.5,99.68,0.9,,3,-96.981,5,5,9,912,0.4364
14.264,20.758,0.0,3648.54,8.5,99.889,0.95,,7,-92.703,5,5,13,1093,0.4483
14.827,22.685,0.0,62792.15,8.5,99.185,1.0,,7,25.584,5,5,13,795,0.4553
12.572,14.904,0.0,1168.44,8.5,99.458,0.8,,0,-97.663,6,5,3,421,0.4466
12.199,16.221,0.0,1222.77,8.5,99.723,0.85,,2,-97.554,6,5,6,751,0.4447
13.84,20.65,0.0,1209.65,8.5,99.813,0.9,,2,-97.581,6,5,8,866,0.4446
14.626,22.83,0.0,1193.38,8.5,99.943,0.95,,3,-97.613,6,5,10,772,0.4339
14.827,22.685,0.0,8054.07,8.5,99.856,1.0,,6,-83.892,6,5,13,795,0.4553
12.377,15.252,0.0,1007.53,8.5,99.531,0.8,,0,-97.985,7,5,2,338,0.4438
12.085,16.197,0.0232,956.6,8.5,99.828,0.85,,1,-98.087,7,5,5,736,0.447
12.351,15.171,0.0,832.96,8.5,99.905,0.9,,1,-98.334,7,5,5,474,0.4578
14.056,22.949,0.0,925.36,8.5,99.906,0.95,,2,-98.149,7,5,9,677,0.4357
14.827,22.685,0.0,1386.05,8.5,99.965,1.0,,5,-97.228,7,5,13,795,0.4553
12.879,14.846,0.0,796.48,8.5,99.595,0.8,,0,-98.407,8,5,2,234,0.453
11.952,15.61,0.0,879.16,8.5,99.869,0.85,,1,-98.242,8,5,5,630,0.4619
12.485,14.94,0.0,888.61,8.5,99.922,0.9,,0,-98.223,8,5,3,303,0.4587
13.803,22.947,0.0,415.06,8.5,99.923,0.95,,2,-99.17,8,5,8,647,0.442
14.391,25.595,0.0,948.46,8.5,99.921,1.0,,3,-98.103,8,5,9,486,0.4362
13.401,15.125,0.0,886.78,8.5,99.522,0.8,,0,-98.226,9,5,2,181,0.4751
12.111,15.303,0.0,808.55,8.5,99.889,0.85,,0,-98.383,9,5,3,303,0.4554
12.244,15.07,0.0,829.55,8.5,99.935,0.9,,0,-98.341,9,5,3,297,0.4613
12.889,22.16,0.0,209.26,8.5,99.964,0.95,,2,-99.581,9,5,7,561,0.451
13.314,24.683,0.0,465.46,8.5,99.945,1.0,,3,-99.069,9,5,7,398,0.4573
13.401,15.125,0.0,886.78,8.5,99.522,0.8,,0,-98.226,10,5,2,181,0.4751
12.111,15.303,0.0,808.55,8.5,99.889,0.85,,0,-98.383,10,5,3,303,0.4554
12.244,15.07,0.0,829.55,8.5,99.935,0.9,,0,-98.341,10,5,3,297,0.4613
12.889,22.16,0.0,209.26,8.5,99.964,0.95,,2,-99.581,10,5,7,561,0.451
13.314,24.683,0.0,465.46,8.5,99.945,1.0,,3,-99.069,10,5,7,398,0.4573
14.232,18.143,0.058,12208.66,8.5,83.24,0.8,,3,-75.583,1,10,13,2799,0.4341
14.227,18.646,0.0,33116.79,8.5,73.273,0.85,,5,-33.766,1,10,13,1876,0.4371
14.495,19.625,0.0,90358.85,8.5,53.657,0.9,,7,80.718,1,10,13,1444,0.4474
14.425,20.739,0.0,169302.84,8.5,58.007,0.95,,8,238.606,1,10,13,1093,0.4511
14.999,22.596,0.0,220994.6,8.5,51.024,1.0,,9,341.989,1,10,13,795,0.4579
14.177,18.422,0.0385,2961.31,8.5,97.09,0.8,,1,-94.077,2,10,9,1784,0.4299
14.227,18.646,0.0,6561.5,8.5,95.841,0.85,,4,-86.877,2,10,13,1876,0.4371
14.495,19.625,0.0,48467.26,8.5,84.735,0.9,,6,-3.065,2,10,13,1444,0.4474
14.425,20.739,0.0,218600.86,8.5,86.045,0.95,,8,337.202,2,10,13,1093,0.4511
14.999,22.596,0.0,442977.99,8.5,77.781,1.0,,7,785.956,2,10,13,795,0.4579
13.556,18.004,0.0429,2493.01,8.5,98.092,0.8,,1,-95.014,3,10,7,1559,0.4375
14.311,19.013,0.0,2513.22,8.5,98.532,0.85,,5,-94.974,3,10,12,1771,0.4404
14.495,19.625,0.0,9476.04,8.5,97.062,0.9,,5,-81.048,3,10,13,1444,0.4474
14.425,20.739,0.0,119721.31,8.5,96.402,0.95,,8,139.443,3,10,13,1093,0.4511
14.999,22.596,0.0,441789.12,8.5,90.497,1.0,,7,783.578,3,10,13,795,0.4579
12.582,14.399,0.0,1849.63,8.5,98.825,0.8,,0,-96.301,4,10,4,769,0.4538
13.771,19.144,0.0,1898.71,8.5,99.184,0.85,,3,-96.203,4,10,8,1116,0.4391
14.531,19.899,0.0,1866.95,8.5,99.397,0.9,,5,-96.266,4,10,12,1398,0.4478
14.425,20.739,0.0,28930.7,8.5,99.275,0.95,,7,-42.139,4,10,13,1093,0.4511
14.999,22.596,0.0,212141.0,8.5,96.884,1.0,,7,324.282,4,10,13,795,0.4579
12.774,14.585,0.0,1520.45,8.5,99.125,0.8,,0,-96.959,5,10,3,616,0.4545
13.52,19.088,0.0,1465.32,8.5,99.519,0.85,,3,-97.069,5,10,8,1070,0.4393
14.386,20.905,0.0,1517.56,8.5,99.655,0.9,,3,-96.965,5,10,9,910,0.4396
14.425,20.739,0.0,4218.43,8.5,99.856,0.95,,7,-91.563,5,10,13,1093,0.4511
14.999,22.596,0.0,51858.5,8.5,99.172,1.0,,7,3.717,5,10,13,795,0.4579
12.667,14.968,0.0,1031.94,8.5,99.425,0.8,,0,-97.936,6,10,2,353,0.4419
12.413,16.129,0.0,1242.72,8.5,99.676,0.85,,2,-97.515,6,10,6,751,0.4487
13.891,20.493,0.0,1174.74,8.5,99.802,0.9,,2,-97.651,6,10,8,832,0.4471
14.422,22.774,0.0,1176.58,8.5,99.93,0.95,,4,-97.647,6,10,9,691,0.4313
14.999,22.596,0.0,6502.44,8.5,99.847,1.0,,6,-86.995,6,10,13,795,0.4579
12.661,15.138,0.0,977.6,8.5,99.453,0.8,,0,-98.045,7,10,2,331,0.4562
12.25,15.862,0.0296,1067.9,8.5,99.774,0.85,,2,-97.864,7,10,5,689,0.4586
12.539,14.992,0.0,1058.45,8.5,99.867,0.9,,1,-97.883,7,10,4,394,0.4569
14.19,22.838,0.0,941.38,8.5,99.87,0.95,,2,-98.117,7,10,9,676,0.4393
14.918,25.416,0.0,1058.45,8.5,99.959,1.0,,4,-97.883,7,10,9,491,0.4358
13.67,14.822,0.0,879.69,8.5,99.446,0.8,,0,-98.241,8,10,2,191,0.4712
12.347,15.262,0.0,942.16,8.5,99.83,0.85,,0,-98.116,8,10,3,404,0.4629
12.733,14.888,0.0,854.49,8.5,99.916,0.9,,0,-98.291,8,10,3,302,0.4636
13.677,23.032,0.0,932.19,8.5,99.821,0.95,,2,-98.136,8,10,8,617,0.4457
14.625,25.416,0.0,931.4,8.5,99.906,1.0,,3,-98.137,8,10,9,485,0.4412
13.834,15.006,0.0,862.63,8.5,99.423,0.8,,0,-98.275,9,10,2,181,0.4807
12.381,15.344,0.0,882.84,8.5,99.85,0.85,,0,-98.234,9,10,3,299,0.4615
12.557,15.016,0.0,759.46,8.5,99.933,0.9,,0,-98.481,9,10,3,295,0.4678
13.114,22.037,0.0,779.15,8.5,99.862,0.95,,2,-98.442,9,10,7,561,0.4545
13.59,24.484,0.0,659.97,8.5,99.92,1.0,,3,-98.68,9,10,7,398,0.4623
13.834,15.006,0.0,862.63,8.5,99.423,0.8,,0,-98.275,10,10,2,181,0.4807
12.381,15.344,0.0,882.84,8.5,99.85,0.85,,0,-98.234,10,10,3,299,0.4615
12.557,15.016,0.0,759.46,8.5,99.933,0.9,,0,-98.481,10,10,3,295,0.4678
13.114,22.037,0.0,779.15,8.5,99.862,0.95,,2,-98.442,10,10,7,561,0.4545
13.59,24.484,0.0,659.97,8.5,99.92,1.0,,3,-98.68,10,10,7,398,0.4623
14.346,18.217,0.0583,12100.25,8.5,83.39,0.8,,3,-75.799,1,15,13,2799,0.4348
14.384,18.72,0.0,29668.06,8.5,76.032,0.85,,5,-40.664,1,15,13,1876,0.4376
14.703,19.717,0.0,82254.16,8.5,53.657,0.9,,7,64.508,1,15,13,1444,0.4481
14.593,20.857,0.0,166543.7,8.5,58.007,0.95,,8,233.087,1,15,13,1093,0.452
15.235,22.751,0.0,217614.12,8.5,51.024,1.0,,9,335.228,1,15,13,795,0.4591
14.177,18.422,0.0385,2961.31,8.5,97.09,0.8,,1,-94.077,2,15,9,1784,0.4299
14.384,18.72,0.0,5325.12,8.5,96.631,0.85,,4,-89.35,2,15,13,1876,0.4376
14.703,19.717,0.0,39712.89,8.5,86.482,0.9,,6,-20.574,2,15,13,1444,0.4481
14.593,20.857,0.0,208702.25,8.5,86.045,0.95,,8,317.405,2,15,13,1093,0.452
15.235,22.751,0.0,423244.29,8.5,77.781,1.0,,7,746.489,2,15,13,795,0.4591
13.556,18.004,0.0429,2493.01,8.5,98.092,0.8,,1,-95.014,3,15,7,1559,0.4375
14.401,19.116,0.0,2484.09,8.5,98.549,0.85,,5,-95.032,3,15,12,1752,0.4406
14.703,19.717,0.0,7024.29,8.5,97.819,0.9,,5,-85.951,3,15,13,1444,0.4481
14.593,20.857,0.0,109166.45,8.5,96.402,0.95,,8,118.333,3,15,13,1093,0.452
15.235,22.751,0.0,403155.42,8.5,90.497,1.0,,7,706.311,3,15,13,795,0.4591
12.582,14.399,0.0,1849.63,8.5,98.825,0.8,,0,-96.301,4,15,4,769,0.4538
13.771,19.144,0.0,1898.71,8.5,99.184,0.85,,3,-96.203,4,15,8,1116,0.4391
14.822,20.036,0.0,1501.29,8.5,99.515,0.9,,5,-96.997,4,15,12,1381,0.4504
14.593,20.857,0.0,24487.63,8.5,99.275,0.95,,7,-51.025,4,15,13,1093,0.452
15.235,22.751,0.0,182192.64,8.5,96.884,1.0,,7,264.385,4,15,13,795,0.4591
12.774,14.585,0.0,1520.45,8.5,99.125,0.8,,0,-96.959,5,15,3,616,0.4545
13.52,19.088,0.0,1465.32,8.5,99.519,0.85,,3,-97.069,5,15,8,1070,0.4393
14.386,20.905,0.0,1517.56,8.5,99.655,0.9,,3,-96.965,5,15,9,910,0.4396
14.593,20.857,0.0,3652.48,8.5,99.86,0.95,,7,-92.695,5,15,13,1093,0.452
15.235,22.751,0.0,41470.32,8.5,99.172,1.0,,7,-17.059,5,15,13,795,0.4591
12.667,14.968,0.0,1031.94,8.5,99.425,0.8,,0,-97.936,6,15,2,353,0.4419
12.413,16.129,0.0,1242.72,8.5,99.676,0.85,,2,-97.515,6,15,6,751,0.4487
13.891,20.493,0.0,1174.74,8.5,99.802,0.9,,2,-97.651,6,15,8,832,0.4471
14.422,22.774,0.0,1176.58,8.5,99.93,0.95,,4,-97.647,6,15,9,691,0.4313
15.235,22.751,0.0,4978.36,8.5,99.883,1.0,,6,-90.043,6,15,13,795,0.4591
12.661,15.138,0.0,977.6,8.5,99.453,0.8,,0,-98.045,7,15,2,331,0.4562
12.25,15.862,0.0296,1067.9,8.5,99.774,0.85,,2,-97.864,7,15,5,689,0.4586
12.539,14.992,0.0,1058.45,8.5,99.867,0.9,,1,-97.883,7,15,4,394,0.4569
14.19,22.838,0.0,941.38,8.5,99.87,0.95,,2,-98.117,7,15,9,676,0.4393
14.918,25.416,0.0,1058.45,8.5,99.959,1.0,,4,-97.883,7,15,9,491,0.4358
13.67,14.822,0.0,879.69,8.5,99.446,0.8,,0,-98.241,8,15,2,191,0.4712
12.347,15.262,0.0,942.16,8.5,99.83,0.85,,0,-98.116,8,15,3,404,0.4629
12.733,14.888,0.0,854.49,8.5,99.916,0.9,,0,-98.291,8,15,3,302,0.4636
13.677,23.032,0.0,932.19,8.5,99.821,0.95,,2,-98.136,8,15,8,617,0.4457
14.625,25.416,0.0,931.4,8.5,99.906,1.0,,3,-98.137,8,15,9,485,0.4412
13.834,15.006,0.0,862.63,8.5,99.423,0.8,,0,-98.275,9,15,2,181,0.4807
12.381,15.344,0.0,882.84,8.5,99.85,0.85,,0,-98.234,9,15,3,299,0.4615
12.557,15.016,0.0,759.46,8.5,99.933,0.9,,0,-98.481,9,15,3,295,0.4678
13.114,22.037,0.0,779.15,8.5,99.862,0.95,,2,-98.442,9,15,7,561,0.4545
13.59,24.484,0.0,659.97,8.5,99.92,1.0,,3,-98.68,9,15,7,398,0.4623
13.834,15.006,0.0,862.63,8.5,99.423,0.8,,0,-98.275,10,15,2,181,0.4807
12.381,15.344,0.0,882.84,8.5,99.85,0.85,,0,-98.234,10,15,3,299,0.4615
12.557,15.016,0.0,759.46,8.5,99.933,0.9,,0,-98.481,10,15,3,295,0.4678
13.114,22.037,0.0,779.15,8.5,99.862,0.95,,2,-98.442,10,15,7,561,0.4545
13.59,24.484,0.0,659.97,8.5,99.92,1.0,,3,-98.68,10,15,7,398,0.4623
14.346,18.217,0.0583,12100.25,8.5,83.39,0.8,,3,-75.799,1,20,13,2799,0.4348
14.384,18.72,0.0,29668.06,8.5,76.032,0.85,,5,-40.664,1,20,13,1876,0.4376
14.703,19.717,0.0,82254.16,8.5,53.657,0.9,,7,64.508,1,20,13,1444,0.4481
14.593,20.857,0.0,166543.7,8.5,58.007,0.95,,8,233.087,1,20,13,1093,0.452
15.235,22.751,0.0,217614.12,8.5,51.024,1.0,,9,335.228,1,20,13,795,0.4591
14.177,18.422,0.0385,2961.31,8.5,97.09,0.8,,1,-94.077,2,20,9,1784,0.4299
14.384,18.72,0.0,5325.12,8.5,96.631,0.85,,4,-89.35,2,20,13,1876,0.4376
14.703,19.717,0.0,39712.89,8.5,86.482,0.9,,6,-20.574,2,20,13,1444,0.4481
14.593,20.857,0.0,208702.25,8.5,86.045,0.95,,8,317.405,2,20,13,1093,0.452
15.235,22.751,0.0,423244.29,8.5,77.781,1.0,,7,746.489,2,20,13,795,0.4591
13.556,18.004,0.0429,2493.01,8.5,98.092,0.8,,1,-95.014,3,20,7,1559,0.4375
14.401,19.116,0.0,2484.09,8.5,98.549,0.85,,5,-95.032,3,20,12,1752,0.4406
14.703,19.717,0.0,7024.29,8.5,97.819,0.9,,5,-85.951,3,20,13,1444,0.4481
14.593,20.857,0.0,109166.45,8.5,96.402,0.95,,8,118.333,3,20,13,1093,0.452
15.235,22.751,0.0,403155.42,8.5,90.497,1.0,,7,706.311,3,20,13,795,0.4591
12.582,14.399,0.0,1849.63,8.5,98.825,0.8,,0,-96.301,4,20,4,769,0.4538
13.771,19.144,0.0,1898.71,8.5,99.184,0.85,,3,-96.203,4,20,8,1116,0.4391
14.822,20.036,0.0,1501.29,8.5,99.515,0.9,,5,-96.997,4,20,12,1381,0.4504
14.593,20.857,0.0,24487.63,8.5,99.275,0.95,,7,-51.025,4,20,13,1093,0.452
15.235,22.751,0.0,182192.64,8.5,96.884,1.0,,7,264.385,4,20,13,795,0.4591
12.774,14.585,0.0,1520.45,8.5,99.125,0.8,,0,-96.959,5,20,3,616,0.4545
13.52,19.088,0.0,1465.32,8.5,99.519,0.85,,3,-97.069,5,20,8,1070,0.4393
14.386,20.905,0.0,1517.56,8.5,99.655,0.9,,3,-96.965,5,20,9,910,0.4396
14.593,20.857,0.0,3652.48,8.5,99.86,0.95,,7,-92.695,5,20,13,1093,0.452
15.235,22.751,0.0,41470.32,8.5,99.172,1.0,,7,-17.059,5,20,13,795,0.4591
12.667,14.968,0.0,1031.94,8.5,99.425,0.8,,0,-97.936,6,20,2,353,0.4419
12.413,16.129,0.0,1242.72,8.5,99.676,0.85,,2,-97.515,6,20,6,751,0.4487
13.891,20.493,0.0,1174.74,8.5,99.802,0.9,,2,-97.651,6,20,8,832,0.4471
14.422,22.774,0.0,1176.58,8.5,99.93,0.95,,4,-97.647,6,20,9,691,0.4313
15.235,22.751,0.0,4978.36,8.5,99.883,1.0,,6,-90.043,6,20,13,795,0.4591
12.661,15.138,0.0,977.6,8.5,99.453,0.8,,0,-98.045,7,20,2,331,0.4562
12.25,15.862,0.0296,1067.9,8.5,99.774,0.85,,2,-97.864,7,20,5,689,0.4586
12.539,14.992,0.0,1058.45,8.5,99.867,0.9,,1,-97.883,7,20,4,394,0.4569
14.19,22.838,0.0,941.38,8.5,99.87,0.95,,2,-98.117,7,20,9,676,0.4393
14.918,25.416,0.0,1058.45,8.5,99.959,1.0,,4,-97.883,7,20,9,491,0.4358
13.67,14.822,0.0,879.69,8.5,99.446,0.8,,0,-98.241,8,20,2,191,0.4712
12.347,15.262,0.0,942.16,8.5,99.83,0.85,,0,-98.116,8,20,3,404,0.4629
12.733,14.888,0.0,854.49,8.5,99.916,0.9,,0,-98.291,8,20,3,302,0.4636
13.677,23.032,0.0,932.19,8.5,99.821,0.95,,2,-98.136,8,20,8,617,0.4457
14.625,25.416,0.0,931.4,8.5,99.906,1.0,,3,-98.137,8,20,9,485,0.4412
13.834,15.006,0.0,862.63,8.5,99.423,0.8,,0,-98.275,9,20,2,181,0.4807
12.381,15.344,0.0,882.84,8.5,99.85,0.85,,0,-98.234,9,20,3,299,0.4615
12.557,15.016,0.0,759.46,8.5,99.933,0.9,,0,-98.481,9,20,3,295,0.4678
13.114,22.037,0.0,779.15,8.5,99.862,0.95,,2,-98.442,9,20,7,561,0.4545
13.59,24.484,0.0,659.97,8.5,99.92,1.0,,3,-98.68,9,20,7,398,0.4623
13.834,15.006,0.0,862.63,8.5,99.423,0.8,,0,-98.275,10,20,2,181,0.4807
12.381,15.344,0.0,882.84,8.5,99.85,0.85,,0,-98.234,10,20,3,299,0.4615
12.557,15.016,0.0,759.46,8.5,99.933,0.9,,0,-98.481,10,20,3,295,0.4678
13.114,22.037,0.0,779.15,8.5,99.862,0.95,,2,-98.442,10,20,7,561,0.4545
13.59,24.484,0.0,659.97,8.5,99.92,1.0,,3,-98.68,10,20,7,398,0.4623
14.346,18.217,0.0583,12100.25,8.5,83.39,0.8,,3,-75.799,1,25,13,2799,0.4348
14.384,18.72,0.0,29668.06,8.5,76.032,0.85,,5,-40.664,1,25,13,1876,0.4376
14.703,19.717,0.0,82254.16,8.5,53.657,0.9,,7,64.508,1,25,13,1444,0.4481
14.593,20.857,0.0,166543.7,8.5,58.007,0.95,,8,233.087,1,25,13,1093,0.452
15.235,22.751,0.0,217614.12,8.5,51.024,1.0,,9,335.228,1,25,13,795,0.4591
14.177,18.422,0.0385,2961.31,8.5,97.09,0.8,,1,-94.077,2,25,9,1784,0.4299
14.384,18.72,0.0,5325.12,8.5,96.631,0.85,,4,-89.35,2,25,13,1876,0.4376
14.703,19.717,0.0,39712.89,8.5,86.482,0.9,,6,-20.574,2,25,13,1444,0.4481
14.593,20.857,0.0,208702.25,8.5,86.045,0.95,,8,317.405,2,25,13,1093,0.452
15.235,22.751,0.0,423244.29,8.5,77.781,1.0,,7,746.489,2,25,13,795,0.4591
13.556,18.004,0.0429,2493.01,8.5,98.092,0.8,,1,-95.014,3,25,7,1559,0.4375
14.401,19.116,0.0,2484.09,8.5,98.549,0.85,,5,-95.032,3,25,12,1752,0.4406
14.703,19.717,0.0,7024.29,8.5,97.819,0.9,,5,-85.951,3,25,13,1444,0.4481
14.593,20.857,0.0,109166.45,8.5,96.402,0.95,,8,118.333,3,25,13,1093,0.452
15.235,22.751,0.0,403155.42,8.5,90.497,1.0,,7,706.311,3,25,13,795,0.4591
12.582,14.399,0.0,1849.63,8.5,98.825,0.8,,0,-96.301,4,25,4,769,0.4538
13.771,19.144,0.0,1898.71,8.5,99.184,0.85,,3,-96.203,4,25,8,1116,0.4391
14.822,20.036,0.0,1501.29,8.5,99.515,0.9,,5,-96.997,4,25,12,1381,0.4504
14.593,20.857,0.0,24487.63,8.5,99.275,0.95,,7,-51.025,4,25,13,1093,0.452
15.235,22.751,0.0,182192.64,8.5,96.884,1.0,,7,264.385,4,25,13,795,0.4591
12.774,14.585,0.0,1520.45,8.5,99.125,0.8,,0,-96.959,5,25,3,616,0.4545
13.52,19.088,0.0,1465.32,8.5,99.519,0.85,,3,-97.069,5,25,8,1070,0.4393
14.386,20.905,0.0,1517.56,8.5,99.655,0.9,,3,-96.965,5,25,9,910,0.4396
14.593,20.857,0.0,3652.48,8.5,99.86,0.95,,7,-92.695,5,25,13,1093,0.452
15.235,22.751,0.0,41470.32,8.5,99.172,1.0,,7,-17.059,5,25,13,795,0.4591
12.667,14.968,0.0,1031.94,8.5,99.425,0.8,,0,-97.936,6,25,2,353,0.4419
12.413,16.129,0.0,1242.72,8.5,99.676,0.85,,2,-97.515,6,25,6,751,0.4487
13.891,20.493,0.0,1174.74,8.5,99.802,0.9,,2,-97.651,6,25,8,832,0.4471
14.422,22.774,0.0,1176.58,8.5,99.93,0.95,,4,-97.647,6,25,9,691,0.4313
15.235,22.751,0.0,4978.36,8.5,99.883,1.0,,6,-90.043,6,25,13,795,0.4591
12.661,15.138,0.0,977.6,8.5,99.453,0.8,,0,-98.045,7,25,2,331,0.4562
12.25,15.862,0.0296,1067.9,8.5,99.774,0.85,,2,-97.864,7,25,5,689,0.4586
12.539,14.992,0.0,1058.45,8.5,99.867,0.9,,1,-97.883,7,25,4,394,0.4569
14.19,22.838,0.0,941.38,8.5,99.87,0.95,,2,-98.117,7,25,9,676,0.4393
14.918,25.416,0.0,1058.45,8.5,99.959,1.0,,4,-97.883,7,25,9,491,0.4358
13.67,14.822,0.0,879.69,8.5,99.446,0.8,,0,-98.241,8,25,2,191,0.4712
12.347,15.262,0.0,942.16,8.5,99.83,0.85,,0,-98.116,8,25,3,404,0.4629
12.733,14.888,0.0,854.49,8.5,99.916,0.9,,0,-98.291,8,25,3,302,0.4636
13.677,23.032,0.0,932.19,8.5,99.821,0.95,,2,-98.136,8,25,8,617,0.4457
14.625,25.416,0.0,931.4,8.5,99.906,1.0,,3,-98.137,8,25,9,485,0.4412
13.834,15.006,0.0,862.63,8.5,99.423,0.8,,0,-98.275,9,25,2,181,0.4807
12.381,15.344,0.0,882.84,8.5,99.85,0.85,,0,-98.234,9,25,3,299,0.4615
12.557,15.016,0.0,759.46,8.5,99.933,0.9,,0,-98.481,9,25,3,295,0.4678
13.114,22.037,0.0,779.15,8.5,99.862,0.95,,2,-98.442,9,25,7,561,0.4545
13.59,24.484,0.0,659.97,8.5,99.92,1.0,,3,-98.68,9,25,7,398,0.4623
13.834,15.006,0.0,862.63,8.5,99.423,0.8,,0,-98.275,10,25,2,181,0.4807
12.381,15.344,0.0,882.84,8.5,99.85,0.85,,0,-98.234,10,25,3,299,0.4615
12.557,15.016,0.0,759.46,8.5,99.933,0.9,,0,-98.481,10,25,3,295,0.4678
13.114,22.037,0.0,779.15,8.5,99.862,0.95,,2,-98.442,10,25,7,561,0.4545
13.59,24.484,0.0,659.97,8.5,99.92,1.0,,3,-98.68,10,25,7,398,0.4623
14.346,18.217,0.0583,12100.25,8.5,83.39,0.8,,3,-75.799,1,30,13,2799,0.4348
14.384,18.72,0.0,29668.06,8.5,76.032,0.85,,5,-40.664,1,30,13,1876,0.4376
14.703,19.717,0.0,82254.16,8.5,53.657,0.9,,7,64.508,1,30,13,1444,0.4481
14.593,20.857,0.0,166543.7,8.5,58.007,0.95,,8,233.087,1,30,13,1093,0.452
15.235,22.751,0.0,217614.12,8.5,51.024,1.0,,9,335.228,1,30,13,795,0.4591
14.177,18.422,0.0385,2961.31,8.5,97.09,0.8,,1,-94.077,2,30,9,1784,0.4299
14.384,18.72,0.0,5325.12,8.5,96.631,0.85,,4,-89.35,2,30,13,1876,0.4376
14.703,19.717,0.0,39712.89,8.5,86.482,0.9,,6,-20.574,2,30,13,1444,0.4481
14.593,20.857,0.0,208702.25,8.5,86.045,0.95,,8,317.405,2,30,13,1093,0.452
15.235,22.751,0.0,423244.29,8.5,77.781,1.0,,7,746.489,2,30,13,795,0.4591
13.556,18.004,0.0429,2493.01,8.5,98.092,0.8,,1,-95.014,3,30,7,1559,0.4375
14.401,19.116,0.0,2484.09,8.5,98.549,0.85,,5,-95.032,3,30,12,1752,0.4406
14.703,19.717,0.0,7024.29,8.5,97.819,0.9,,5,-85.951,3,30,13,1444,0.4481
14.593,20.857,0.0,109166.45,8.5,96.402,0.95,,8,118.333,3,30,13,1093,0.452
15.235,22.751,0.0,403155.42,8.5,90.497,1.0,,7,706.311,3,30,13,795,0.4591
12.582,14.399,0.0,1849.63,8.5,98.825,0.8,,0,-96.301,4,30,4,769,0.4538
13.771,19.144,0.0,1898.71,8.5,99.184,0.85,,3,-96.203,4,30,8,1116,0.4391
14.822,20.036,0.0,1501.29,8.5,99.515,0.9,,5,-96.997,4,30,12,1381,0.4504
14.593,20.857,0.0,24487.63,8.5,99.275,0.95,,7,-51.025,4,30,13,1093,0.452
15.235,22.751,0.0,182192.64,8.5,96.884,1.0,,7,264.385,4,30,13,795,0.4591
12.774,14.585,0.0,1520.45,8.5,99.125,0.8,,0,-96.959,5,30,3,616,0.4545
13.52,19.088,0.0,1465.32,8.5,99.519,0.85,,3,-97.069,5,30,8,1070,0.4393
14.386,20.905,0.0,1517.56,8.5,99.655,0.9,,3,-96.965,5,30,9,910,0.4396
14.593,20.857,0.0,3652.48,8.5,99.86,0.95,,7,-92.695,5,30,13,1093,0.452
15.235,22.751,0.0,41470.32,8.5,99.172,1.0,,7,-17.059,5,30,13,795,0.4591
12.667,14.968,0.0,1031.94,8.5,99.425,0.8,,0,-97.936,6,30,2,353,0.4419
12.413,16.129,0.0,1242.72,8.5,99.676,0.85,,2,-97.515,6,30,6,751,0.4487
13.891,20.493,0.0,1174.74,8.5,99.802,0.9,,2,-97.651,6,30,8,832,0.4471
14.422,22.774,0.0,1176.58,8.5,99.93,0.95,,4,-97.647,6,30,9,691,0.4313
15.235,22.751,0.0,4978.36,8.5,99.883,1.0,,6,-90.043,6,30,13,795,0.4591
12.661,15.138,0.0,977.6,8.5,99.453,0.8,,0,-98.045,7,30,2,331,0.4562
12.25,15.862,0.0296,1067.9,8.5,99.774,0.85,,2,-97.864,7,30,5,689,0.4586
12.539,14.992,0.0,1058.45,8.5,99.867,0.9,,1,-97.883,7,30,4,394,0.4569
14.19,22.838,0.0,941.38,8.5,99.87,0.95,,2,-98.117,7,30,9,676,0.4393
14.918,25.416,0.0,1058.45,8.5,99.959,1.0,,4,-97.883,7,30,9,491,0.4358
13.67,14.822,0.0,879.69,8.5,99.446,0.8,,0,-98.241,8,30,2,191,0.4712
12.347,15.262,0.0,942.16,8.5,99.83,0.85,,0,-98.116,8,30,3,404,0.4629
12.733,14.888,0.0,854.49,8.5,99.916,0.9,,0,-98.291,8,30,3,302,0.4636
13.677,23.032,0.0,932.19,8.5,99.821,0.95,,2,-98.136,8,30,8,617,0.4457
14.625,25.416,0.0,931.4,8.5,99.906,1.0,,3,-98.137,8,30,9,485,0.4412
13.834,15.006,0.0,862.63,8.5,99.423,0.8,,0,-98.275,9,30,2,181,0.4807
12.381,15.344,0.0,882.84,8.5,99.85,0.85,,0,-98.234,9,30,3,299,0.4615
12.557,15.016,0.0,759.46,8.5,99.933,0.9,,0,-98.481,9,30,3,295,0.4678
13.114,22.037,0.0,779.15,8.5,99.862,0.95,,2,-98.442,9,30,7,561,0.4545
13.59,24.484,0.0,659.97,8.5,99.92,1.0,,3,-98.68,9,30,7,398,0.4623
13.834,15.006,0.0,862.63,8.5,99.423,0.8,,0,-98.275,10,30,2,181,0.4807
12.381,15.344,0.0,882.84,8.5,99.85,0.85,,0,-98.234,10,30,3,299,0.4615
12.557,15.016,0.0,759.46,8.5,99.933,0.9,,0,-98.481,10,30,3,295,0.4678
13.114,22.037,0.0,779.15,8.5,99.862,0.95,,2,-98.442,10,30,7,561,0.4545
13.59,24.484,0.0,659.97,8.5,99.92,1.0,,3,-98.68,10,30,7,398,0.4623
14.346,18.217,0.0583,12100.25,8.5,83.39,0.8,,3,-75.799,1,35,13,2799,0.4348
14.384,18.72,0.0,29668.06,8.5,76.032,0.85,,5,-40.664,1,35,13,1876,0.4376
14.703,19.717,0.0,82254.16,8.5,53.657,0.9,,7,64.508,1,35,13,1444,0.4481
14.593,20.857,0.0,166543.7,8.5,58.007,0.95,,8,233.087,1,35,13,1093,0.452
15.235,22.751,0.0,217614.12,8.5,51.024,1.0,,9,335.228,1,35,13,795,0.4591
14.177,18.422,0.0385,2961.31,8.5,97.09,0.8,,1,-94.077,2,35,9,1784,0.4299
14.384,18.72,0.0,5325.12,8.5,96.631,0.85,,4,-89.35,2,35,13,1876,0.4376
14.703,19.717,0.0,39712.89,8.5,86.482,0.9,,6,-20.574,2,35,13,1444,0.4481
14.593,20.857,0.0,208702.25,8.5,86.045,0.95,,8,317.405,2,35,13,1093,0.452
15.235,22.751,0.0,423244.29,8.5,77.781,1.0,,7,746.489,2,35,13,795,0.4591
13.556,18.004,0.0429,2493.01,8.5,98.092,0.8,,1,-95.014,3,35,7,1559,0.4375
14.401,19.116,0.0,2484.09,8.5,98.549,0.85,,5,-95.032,3,35,12,1752,0.4406
14.703,19.717,0.0,7024.29,8.5,97.819,0.9,,5,-85.951,3,35,13,1444,0.4481
14.593,20.857,0.0,109166.45,8.5,96.402,0.95,,8,118.333,3,35,13,1093,0.452
15.235,22.751,0.0,403155.42,8.5,90.497,1.0,,7,706.311,3,35,13,795,0.4591
12.582,14.399,0.0,1849.63,8.5,98.825,0.8,,0,-96.301,4,35,4,769,0.4538
13.771,19.144,0.0,1898.71,8.5,99.184,0.85,,3,-96.203,4,35,8,1116,0.4391
14.822,20.036,0.0,1501.29,8.5,99.515,0.9,,5,-96.997,4,35,12,1381,0.4504
14.593,20.857,0.0,24487.63,8.5,99.275,0.95,,7,-51.025,4,35,13,1093,0.452
15.235,22.751,0.0,182192.64,8.5,96.884,1.0,,7,264.385,4,35,13,795,0.4591
12.774,14.585,0.0,1520.45,8.5,99.125,0.8,,0,-96.959,5,35,3,616,0.4545
13.52,19.088,0.0,1465.32,8.5,99.519,0.85,,3,-97.069,5,35,8,1070,0.4393
14.386,20.905,0.0,1517.56,8.5,99.655,0.9,,3,-96.965,5,35,9,910,0.4396
14.593,20.857,0.0,3652.48,8.5,99.86,0.95,,7,-92.695,5,35,13,1093,0.452
15.235,22.751,0.0,41470.32,8.5,99.172,1.0,,7,-17.059,5,35,13,795,0.4591
12.667,14.968,0.0,1031.94,8.5,99.425,0.8,,0,-97.936,6,35,2,353,0.4419
12.413,16.129,0.0,1242.72,8.5,99.676,0.85,,2,-97.515,6,35,6,751,0.4487
13.891,20.493,0.0,1174.74,8.5,99.802,0.9,,2,-97.651,6,35,8,832,0.4471
14.422,22.774,0.0,1176.58,8.5,99.93,0.95,,4,-97.647,6,35,9,691,0.4313
15.235,22.751,0.0,4978.36,8.5,99.883,1.0,,6,-90.043,6,35,13,795,0.4591
12.661,15.138,0.0,977.6,8.5,99.453,0.8,,0,-98.045,7,35,2,331,0.4562
12.25,15.862,0.0296,1067.9,8.5,99.774,0.85,,2,-97.864,7,35,5,689,0.4586
12.539,14.992,0.0,1058.45,8.5,99.867,0.9,,1,-97.883,7,35,4,394,0.4569
14.19,22.838,0.0,941.38,8.5,99.87,0.95,,2,-98.117,7,35,9,676,0.4393
14.918,25.416,0.0,1058.45,8.5,99.959,1.0,,4,-97.883,7,35,9,491,0.4358
13.67,14.822,0.0,879.69,8.5,99.446,0.8,,0,-98.241,8,35,2,191,0.4712
12.347,15.262,0.0,942.16,8.5,99.83,0.85,,0,-98.116,8,35,3,404,0.4629
12.733,14.888,0.0,854.49,8.5,99.916,0.9,,0,-98.291,8,35,3,302,0.4636
13.677,23.032,0.0,932.19,8.5,99.821,0.95,,2,-98.136,8,35,8,617,0.4457
14.625,25.416,0.0,931.4,8.5,99.906,1.0,,3,-98.137,8,35,9,485,0.4412
13.834,15.006,0.0,862.63,8.5,99.423,0.8,,0,-98.275,9,35,2,181,0.4807
12.381,15.344,0.0,882.84,8.5,99.85,0.85,,0,-98.234,9,35,3,299,0.4615
12.557,15.016,0.0,759.46,8.5,99.933,0.9,,0,-98.481,9,35,3,295,0.4678
13.114,22.037,0.0,779.15,8.5,99.862,0.95,,2,-98.442,9,35,7,561,0.4545
13.59,24.484,0.0,659.97,8.5,99.92,1.0,,3,-98.68,9,35,7,398,0.4623
13.834,15.006,0.0,862.63,8.5,99.423,0.8,,0,-98.275,10,35,2,181,0.4807
12.381,15.344,0.0,882.84,8.5,99.85,0.85,,0,-98.234,10,35,3,299,0.4615
12.557,15.016,0.0,759.46,8.5,99.933,0.9,,0,-98.481,10,35,3,295,0.4678
13.114,22.037,0.0,779.15,8.5,99.862,0.95,,2,-98.442,10,35,7,561,0.4545
13.59,24.484,0.0,659.97,8.5,99.92,1.0,,3,-98.68,10,35,7,398,0.4623
14.346,18.217,0.0583,12100.25,8.5,83.39,0.8,,3,-75.799,1,40,13,2799,0.4348
14.384,18.72,0.0,29668.06,8.5,76.032,0.85,,5,-40.664,1,40,13,1876,0.4376
14.703,19.717,0.0,82254.16,8.5,53.657,0.9,,7,64.508,1,40,13,1444,0.4481
14.593,20.857,0.0,166543.7,8.5,58.007,0.95,,8,233.087,1,40,13,1093,0.452
15.235,22.751,0.0,217614.12,8.5,51.024,1.0,,9,335.228,1,40,13,795,0.4591
14.177,18.422,0.0385,2961.31,8.5,97.09,0.8,,1,-94.077,2,40,9,1784,0.4299
14.384,18.72,0.0,5325.12,8.5,96.631,0.85,,4,-89.35,2,40,13,1876,0.4376
14.703,19.717,0.0,39712.89,8.5,86.482,0.9,,6,-20.574,2,40,13,1444,0.4481
14.593,20.857,0.0,208702.25,8.5,86.045,0.95,,8,317.405,2,40,13,1093,0.452
15.235,22.751,0.0,423244.29,8.5,77.781,1.0,,7,746.489,2,40,13,795,0.4591
13.556,18.004,0.0429,2493.01,8.5,98.092,0.8,,1,-95.014,3,40,7,1559,0.4375
14.401,19.116,0.0,2484.09,8.5,98.549,0.85,,5,-95.032,3,40,12,1752,0.4406
14.703,19.717,0.0,7024.29,8.5,97.819,0.9,,5,-85.951,3,40,13,1444,0.4481
14.593,20.857,0.0,109166.45,8.5,96.402,0.95,,8,118.333,3,40,13,1093,0.452
15.235,22.751,0.0,403155.42,8.5,90.497,1.0,,7,706.311,3,40,13,795,0.4591
12.582,14.399,0.0,1849.63,8.5,98.825,0.8,,0,-96.301,4,40,4,769,0.4538
13.771,19.144,0.0,1898.71,8.5,99.184,0.85,,3,-96.203,4,40,8,1116,0.4391
14.822,20.036,0.0,1501.29,8.5,99.515,0.9,,5,-96.997,4,40,12,1381,0.4504
14.593,20.857,0.0,24487.63,8.5,99.275,0.95,,7,-51.025,4,40,13,1093,0.452
15.235,22.751,0.0,182192.64,8.5,96.884,1.0,,7,264.385,4,40,13,795,0.4591
12.774,14.585,0.0,1520.45,8.5,99.125,0.8,,0,-96.959,5,40,3,616,0.4545
13.52,19.088,0.0,1465.32,8.5,99.519,0.85,,3,-97.069,5,40,8,1070,0.4393
14.386,20.905,0.0,1517.56,8.5,99.655,0.9,,3,-96.965,5,40,9,910,0.4396
14.593,20.857,0.0,3652.48,8.5,99.86,0.95,,7,-92.695,5,40,13,1093,0.452
15.235,22.751,0.0,41470.32,8.5,99.172,1.0,,7,-17.059,5,40,13,795,0.4591
12.667,14.968,0.0,1031.94,8.5,99.425,0.8,,0,-97.936,6,40,2,353,0.4419
12.413,16.129,0.0,1242.72,8.5,99.676,0.85,,2,-97.515,6,40,6,751,0.4487
13.891,20.493,0.0,1174.74,8.5,99.802,0.9,,2,-97.651,6,40,8,832,0.4471
14.422,22.774,0.0,1176.58,8.5,99.93,0.95,,4,-97.647,6,40,9,691,0.4313
15.235,22.751,0.0,4978.36,8.5,99.883,1.0,,6,-90.043,6,40,13,795,0.4591
12.661,15.138,0.0,977.6,8.5,99.453,0.8,,0,-98.045,7,40,2,331,0.4562
12.25,15.862,0.0296,1067.9,8.5,99.774,0.85,,2,-97.864,7,40,5,689,0.4586
12.539,14.992,0.0,1058.45,8.5,99.867,0.9,,1,-97.883,7,40,4,394,0.4569
14.19,22.838,0.0,941.38,8.5,99.87,0.95,,2,-98.117,7,40,9,676,0.4393
14.918,25.416,0.0,1058.45,8.5,99.959,1.0,,4,-97.883,7,40,9,491,0.4358
13.67,14.822,0.0,879.69,8.5,99.446,0.8,,0,-98.241,8,40,2,191,0.4712
12.347,15.262,0.0,942.16,8.5,99.83,0.85,,0,-98.116,8,40,3,404,0.4629
12.733,14.888,0.0,854.49,8.5,99.916,0.9,,0,-98.291,8,40,3,302,0.4636
13.677,23.032,0.0,932.19,8.5,99.821,0.95,,2,-98.136,8,40,8,617,0.4457
14.625,25.416,0.0,931.4,8.5,99.906,1.0,,3,-98.137,8,40,9,485,0.4412
13.834,15.006,0.0,862.63,8.5,99.423,0.8,,0,-98.275,9,40,2,181,0.4807
12.381,15.344,0.0,882.84,8.5,99.85,0.85,,0,-98.234,9,40,3,299,0.4615
12.557,15.016,0.0,759.46,8.5,99.933,0.9,,0,-98.481,9,40,3,295,0.4678
13.114,22.037,0.0,779.15,8.5,99.862,0.95,,2,-98.442,9,40,7,561,0.4545
13.59,24.484,0.0,659.97,8.5,99.92,1.0,,3,-98.68,9,40,7,398,0.4623
13.834,15.006,0.0,862.63,8.5,99.423,0.8,,0,-98.275,10,40,2,181,0.4807
12.381,15.344,0.0,882.84,8.5,99.85,0.85,,0,-98.234,10,40,3,299,0.4615
12.557,15.016,0.0,759.46,8.5,99.933,0.9,,0,-98.481,10,40,3,295,0.4678
13.114,22.037,0.0,779.15,8.5,99.862,0.95,,2,-98.442,10,40,7,561,0.4545
13.59,24.484,0.0,659.97,8.5,99.92,1.0,,3,-98.68,10,40,7,398,0.4623
14.346,18.217,0.0583,12100.25,8.5,83.39,0.8,,3,-75.799,1,45,13,2799,0.4348
14.384,18.72,0.0,29668.06,8.5,76.032,0.85,,5,-40.664,1,45,13,1876,0.4376
14.703,19.717,0.0,82254.16,8.5,53.657,0.9,,7,64.508,1,45,13,1444,0.4481
14.593,20.857,0.0,166543.7,8.5,58.007,0.95,,8,233.087,1,45,13,1093,0.452
15.235,22.751,0.0,217614.12,8.5,51.024,1.0,,9,335.228,1,45,13,795,0.4591
14.177,18.422,0.0385,2961.31,8.5,97.09,0.8,,1,-94.077,2,45,9,1784,0.4299
14.384,18.72,0.0,5325.12,8.5,96.631,0.85,,4,-89.35,2,45,13,1876,0.4376
14.703,19.717,0.0,39712.89,8.5,86.482,0.9,,6,-20.574,2,45,13,1444,0.4481
14.593,20.857,0.0,208702.25,8.5,86.045,0.95,,8,317.405,2,45,13,1093,0.452
15.235,22.751,0.0,423244.29,8.5,77.781,1.0,,7,746.489,2,45,13,795,0.4591
13.556,18.004,0.0429,2493.01,8.5,98.092,0.8,,1,-95.014,3,45,7,1559,0.4375
14.401,19.116,0.0,2484.09,8.5,98.549,0.85,,5,-95.032,3,45,12,1752,0.4406
14.703,19.717,0.0,7024.29,8.5,97.819,0.9,,5,-85.951,3,45,13,1444,0.4481
14.593,20.857,0.0,109166.45,8.5,96.402,0.95,,8,118.333,3,45,13,1093,0.452
15.235,22.751,0.0,403155.42,8.5,90.497,1.0,,7,706.311,3,45,13,795,0.4591
12.582,14.399,0.0,1849.63,8.5,98.825,0.8,,0,-96.301,4,45,4,769,0.4538
13.771,19.144,0.0,1898.71,8.5,99.184,0.85,,3,-96.203,4,45,8,1116,0.4391
14.822,20.036,0.0,1501.29,8.5,99.515,0.9,,5,-96.997,4,45,12,1381,0.4504
14.593,20.857,0.0,24487.63,8.5,99.275,0.95,,7,-51.025,4,45,13,1093,0.452
15.235,22.751,0.0,182192.64,8.5,96.884,1.0,,7,264.385,4,45,13,795,0.4591
12.774,14.585,0.0,1520.45,8.5,99.125,0.8,,0,-96.959,5,45,3,616,0.4545
13.52,19.088,0.0,1465.32,8.5,99.519,0.85,,3,-97.069,5,45,8,1070,0.4393
14.386,20.905,0.0,1517.56,8.5,99.655,0.9,,3,-96.965,5,45,9,910,0.4396
14.593,20.857,0.0,3652.48,8.5,99.86,0.95,,7,-92.695,5,45,13,1093,0.452
15.235,22.751,0.0,41470.32,8.5,99.172,1.0,,7,-17.059,5,45,13,795,0.4591
12.667,14.968,0.0,1031.94,8.5,99.425,0.8,,0,-97.936,6,45,2,353,0.4419
12.413,16.129,0.0,1242.72,8.5,99.676,0.85,,2,-97.515,6,45,6,751,0.4487
13.891,20.493,0.0,1174.74,8.5,99.802,0.9,,2,-97.651,6,45,8,832,0.4471
14.422,22.774,0.0,1176.58,8.5,99.93,0.95,,4,-97.647,6,45,9,691,0.4313
15.235,22.751,0.0,4978.36,8.5,99.883,1.0,,6,-90.043,6,45,13,795,0.4591
12.661,15.138,0.0,977.6,8.5,99.453,0.8,,0,-98.045,7,45,2,331,0.4562
12.25,15.862,0.0296,1067.9,8.5,99.774,0.85,,2,-97.864,7,45,5,689,0.4586
12.539,14.992,0.0,1058.45,8.5,99.867,0.9,,1,-97.883,7,45,4,394,0.4569
14.19,22.838,0.0,941.38,8.5,99.87,0.95,,2,-98.117,7,45,9,676,0.4393
14.918,25.416,0.0,1058.45,8.5,99.959,1.0,,4,-97.883,7,45,9,491,0.4358
13.67,14.822,0.0,879.69,8.5,99.446,0.8,,0,-98.241,8,45,2,191,0.4712
12.347,15.262,0.0,942.16,8.5,99.83,0.85,,0,-98.116,8,45,3,404,0.4629
12.733,14.888,0.0,854.49,8.5,99.916,0.9,,0,-98.291,8,45,3,302,0.4636
13.677,23.032,0.0,932.19,8.5,99.821,0.95,,2,-98.136,8,45,8,617,0.4457
14.625,25.416,0.0,931.4,8.5,99.906,1.0,,3,-98.137,8,45,9,485,0.4412
13.834,15.006,0.0,862.63,8.5,99.423,0.8,,0,-98.275,9,45,2,181,0.4807
12.381,15.344,0.0,882.84,8.5,99.85,0.85,,0,-98.234,9,45,3,299,0.4615
12.557,15.016,0.0,759.46,8.5,99.933,0.9,,0,-98.481,9,45,3,295,0.4678
13.114,22.037,0.0,779.15,8.5,99.862,0.95,,2,-98.442,9,45,7,561,0.4545
13.59,24.484,0.0,659.97,8.5,99.92,1.0,,3,-98.68,9,45,7,398,0.4623
13.834,15.006,0.0,862.63,8.5,99.423,0.8,,0,-98.275,10,45,2,181,0.4807
12.381,15.344,0.0,882.84,8.5,99.85,0.85,,0,-98.234,10,45,3,299,0.4615
12.557,15.016,0.0,759.46,8.5,99.933,0.9,,0,-98.481,10,45,3,295,0.4678
13.114,22.037,0.0,779.15,8.5,99.862,0.95,,2,-98.442,10,45,7,561,0.4545
13.59,24.484,0.0,659.97,8.5,99.92,1.0,,3,-98.68,10,45,7,398,0.4623
14.346,18.217,0.0583,12100.25,8.5,83.39,0.8,,3,-75.799,1,50,13,2799,0.4348
14.384,18.72,0.0,29668.06,8.5,76.032,0.85,,5,-40.664,1,50,13,1876,0.4376
14.703,19.717,0.0,82254.16,8.5,53.657,0.9,,7,64.508,1,50,13,1444,0.4481
14.593,20.857,0.0,166543.7,8.5,58.007,0.95,,8,233.087,1,50,13,1093,0.452
15.235,22.751,0.0,217614.12,8.5,51.024,1.0,,9,335.228,1,50,13,795,0.4591
14.177,18.422,0.0385,2961.31,8.5,97.09,0.8,,1,-94.077,2,50,9,1784,0.4299
14.384,18.72,0.0,5325.12,8.5,96.631,0.85,,4,-89.35,2,50,13,1876,0.4376
14.703,19.717,0.0,39712.89,8.5,86.482,0.9,,6,-20.574,2,50,13,1444,0.4481
14.593,20.857,0.0,208702.25,8.5,86.045,0.95,,8,317.405,2,50,13,1093,0.452
15.235,22.751,0.0,423244.29,8.5,77.781,1.0,,7,746.489,2,50,13,795,0.4591
13.556,18.004,0.0429,2493.01,8.5,98.092,0.8,,1,-95.014,3,50,7,1559,0.4375
14.401,19.116,0.0,2484.09,8.5,98.549,0.85,,5,-95.032,3,50,12,1752,0.4406
14.703,19.717,0.0,7024.29,8.5,97.819,0.9,,5,-85.951,3,50,13,1444,0.4481
14.593,20.857,0.0,109166.45,8.5,96.402,0.95,,8,118.333,3,50,13,1093,0.452
15.235,22.751,0.0,403155.42,8.5,90.497,1.0,,7,706.311,3,50,13,795,0.4591
12.582,14.399,0.0,1849.63,8.5,98.825,0.8,,0,-96.301,4,50,4,769,0.4538
13.771,19.144,0.0,1898.71,8.5,99.184,0.85,,3,-96.203,4,50,8,1116,0.4391
14.822,20.036,0.0,1501.29,8.5,99.515,0.9,,5,-96.997,4,50,12,1381,0.4504
14.593,20.857,0.0,24487.63,8.5,99.275,0.95,,7,-51.025,4,50,13,1093,0.452
15.235,22.751,0.0,182192.64,8.5,96.884,1.0,,7,264.385,4,50,13,795,0.4591
12.774,14.585,0.0,1520.45,8.5,99.125,0.8,,0,-96.959,5,50,3,616,0.4545
13.52,19.088,0.0,1465.32,8.5,99.519,0.85,,3,-97.069,5,50,8,1070,0.4393
14.386,20.905,0.0,1517.56,8.5,99.655,0.9,,3,-96.965,5,50,9,910,0.4396
14.593,20.857,0.0,3652.48,8.5,99.86,0.95,,7,-92.695,5,50,13,1093,0.452
15.235,22.751,0.0,41470.32,8.5,99.172,1.0,,7,-17.059,5,50,13,795,0.4591
12.667,14.968,0.0,1031.94,8.5,99.425,0.8,,0,-97.936,6,50,2,353,0.4419
12.413,16.129,0.0,1242.72,8.5,99.676,0.85,,2,-97.515,6,50,6,751,0.4487
13.891,20.493,0.0,1174.74,8.5,99.802,0.9,,2,-97.651,6,50,8,832,0.4471
14.422,22.774,0.0,1176.58,8.5,99.93,0.95,,4,-97.647,6,50,9,691,0.4313
15.235,22.751,0.0,4978.36,8.5,99.883,1.0,,6,-90.043,6,50,13,795,0.4591
12.661,15.138,0.0,977.6,8.5,99.453,0.8,,0,-98.045,7,50,2,331,0.4562
12.25,15.862,0.0296,1067.9,8.5,99.774,0.85,,2,-97.864,7,50,5,689,0.4586
12.539,14.992,0.0,1058.45,8.5,99.867,0.9,,1,-97.883,7,50,4,394,0.4569
14.19,22.838,0.0,941.38,8.5,99.87,0.95,,2,-98.117,7,50,9,676,0.4393
14.918,25.416,0.0,1058.45,8.5,99.959,1.0,,4,-97.883,7,50,9,491,0.4358
13.67,14.822,0.0,879.69,8.5,99.446,0.8,,0,-98.241,8,50,2,191,0.4712
12.347,15.262,0.0,942.16,8.5,99.83,0.85,,0,-98.116,8,50,3,404,0.4629
12.733,14.888,0.0,854.49,8.5,99.916,0.9,,0,-98.291,8,50,3,302,0.4636
13.677,23.032,0.0,932.19,8.5,99.821,0.95,,2,-98.136,8,50,8,617,0.4457
14.625,25.416,0.0,931.4,8.5,99.906,1.0,,3,-98.137,8,50,9,485,0.4412
13.834,15.006,0.0,862.63,8.5,99.423,0.8,,0,-98.275,9,50,2,181,0.4807
12.381,15.344,0.0,882.84,8.5,99.85,0.85,,0,-98.234,9,50,3,299,0.4615
12.557,15.016,0.0,759.46,8.5,99.933,0.9,,0,-98.481,9,50,3,295,0.4678
13.114,22.037,0.0,779.15,8.5,99.862,0.95,,2,-98.442,9,50,7,561,0.4545
13.59,24.484,0.0,659.97,8.5,99.92,1.0,,3,-98.68,9,50,7,398,0.4623
13.834,15.006,0.0,862.63,8.5,99.423,0.8,,0,-98.275,10,50,2,181,0.4807
12.381,15.344,0.0,882.84,8.5,99.85,0.85,,0,-98.234,10,50,3,299,0.4615
12.557,15.016,0.0,759.46,8.5,99.933,0.9,,0,-98.481,10,50,3,295,0.4678
13.114,22.037,0.0,779.15,8.5,99.862,0.95,,2,-98.442,10,50,7,561,0.4545
13.59,24.484,0.0,659.97,8.5,99.92,1.0,,3,-98.68,10,50,7,398,0.4623
14.346,18.217,0.0583,12100.25,8.5,83.39,0.8,,3,-75.799,1,55,13,2799,0.4348
14.384,18.72,0.0,29668.06,8.5,76.032,0.85,,5,-40.664,1,55,13,1876,0.4376
14.703,19.717,0.0,82254.16,8.5,53.657,0.9,,7,64.508,1,55,13,1444,0.4481
14.593,20.857,0.0,166543.7,8.5,58.007,0.95,,8,233.087,1,55,13,1093,0.452
15.235,22.751,0.0,217614.12,8.5,51.024,1.0,,9,335.228,1,55,13,795,0.4591
14.177,18.422,0.0385,2961.31,8.5,97.09,0.8,,1,-94.077,2,55,9,1784,0.4299
14.384,18.72,0.0,5325.12,8.5,96.631,0.85,,4,-89.35,2,55,13,1876,0.4376
14.703,19.717,0.0,39712.89,8.5,86.482,0.9,,6,-20.574,2,55,13,1444,0.4481
14.593,20.857,0.0,208702.25,8.5,86.045,0.95,,8,317.405,2,55,13,1093,0.452
15.235,22.751,0.0,423244.29,8.5,77.781,1.0,,7,746.489,2,55,13,795,0.4591
13.556,18.004,0.0429,2493.01,8.5,98.092,0.8,,1,-95.014,3,55,7,1559,0.4375
14.401,19.116,0.0,2484.09,8.5,98.549,0.85,,5,-95.032,3,55,12,1752,0.4406
14.703,19.717,0.0,7024.29,8.5,97.819,0.9,,5,-85.951,3,55,13,1444,0.4481
14.593,20.857,0.0,109166.45,8.5,96.402,0.95,,8,118.333,3,55,13,1093,0.452
15.235,22.751,0.0,403155.42,8.5,90.497,1.0,,7,706.311,3,55,13,795,0.4591
12.582,14.399,0.0,1849.63,8.5,98.825,0.8,,0,-96.301,4,55,4,769,0.4538
13.771,19.144,0.0,1898.71,8.5,99.184,0.85,,3,-96.203,4,55,8,1116,0.4391
14.822,20.036,0.0,1501.29,8.5,99.515,0.9,,5,-96.997,4,55,12,1381,0.4504
14.593,20.857,0.0,24487.63,8.5,99.275,0.95,,7,-51.025,4,55,13,1093,0.452
15.235,22.751,0.0,182192.64,8.5,96.884,1.0,,7,264.385,4,55,13,795,0.4591
12.774,14.585,0.0,1520.45,8.5,99.125,0.8,,0,-96.959,5,55,3,616,0.4545
13.52,19.088,0.0,1465.32,8.5,99.519,0.85,,3,-97.069,5,55,8,1070,0.4393
14.386,20.905,0.0,1517.56,8.5,99.655,0.9,,3,-96.965,5,55,9,910,0.4396
14.593,20.857,0.0,3652.48,8.5,99.86,0.95,,7,-92.695,5,55,13,1093,0.452
15.235,22.751,0.0,41470.32,8.5,99.172,1.0,,7,-17.059,5,55,13,795,0.4591
12.667,14.968,0.0,1031.94,8.5,99.425,0.8,,0,-97.936,6,55,2,353,0.4419
12.413,16.129,0.0,1242.72,8.5,99.676,0.85,,2,-97.515,6,55,6,751,0.4487
13.891,20.493,0.0,1174.74,8.5,99.802,0.9,,2,-97.651,6,55,8,832,0.4471
14.422,22.774,0.0,1176.58,8.5,99.93,0.95,,4,-97.647,6,55,9,691,0.4313
15.235,22.751,0.0,4978.36,8.5,99.883,1.0,,6,-90.043,6,55,13,795,0.4591
12.661,15.138,0.0,977.6,8.5,99.453,0.8,,0,-98.045,7,55,2,331,0.4562
12.25,15.862,0.0296,1067.9,8.5,99.774,0.85,,2,-97.864,7,55,5,689,0.4586
12.539,14.992,0.0,1058.45,8.5,99.867,0.9,,1,-97.883,7,55,4,394,0.4569
14.19,22.838,0.0,941.38,8.5,99.87,0.95,,2,-98.117,7,55,9,676,0.4393
14.918,25.416,0.0,1058.45,8.5,99.959,1.0,,4,-97.883,7,55,9,491,0.4358
13.67,14.822,0.0,879.69,8.5,99.446,0.8,,0,-98.241,8,55,2,191,0.4712
12.347,15.262,0.0,942.16,8.5,99.83,0.85,,0,-98.116,8,55,3,404,0.4629
12.733,14.888,0.0,854.49,8.5,99.916,0.9,,0,-98.291,8,55,3,302,0.4636
13.677,23.032,0.0,932.19,8.5,99.821,0.95,,2,-98.136,8,55,8,617,0.4457
14.625,25.416,0.0,931.4,8.5,99.906,1.0,,3,-98.137,8,55,9,485,0.4412
13.834,15.006,0.0,862.63,8.5,99.423,0.8,,0,-98.275,9,55,2,181,0.4807
12.381,15.344,0.0,882.84,8.5,99.85,0.85,,0,-98.234,9,55,3,299,0.4615
12.557,15.016,0.0,759.46,8.5,99.933,0.9,,0,-98.481,9,55,3,295,0.4678
13.114,22.037,0.0,779.15,8.5,99.862,0.95,,2,-98.442,9,55,7,561,0.4545
13.59,24.484,0.0,659.97,8.5,99.92,1.0,,3,-98.68,9,55,7,398,0.4623
13.834,15.006,0.0,862.63,8.5,99.423,0.8,,0,-98.275,10,55,2,181,0.4807
12.381,15.344,0.0,882.84,8.5,99.85,0.85,,0,-98.234,10,55,3,299,0.4615
12.557,15.016,0.0,759.46,8.5,99.933,0.9,,0,-98.481,10,55,3,295,0.4678
13.114,22.037,0.0,779.15,8.5,99.862,0.95,,2,-98.442,10,55,7,561,0.4545
13.59,24.484,0.0,659.97,8.5,99.92,1.0,,3,-98.68,10,55,7,398,0.4623
14.346,18.217,0.0583,12100.25,8.5,83.39,0.8,,3,-75.799,1,60,13,2799,0.4348
14.384,18.72,0.0,29668.06,8.5,76.032,0.85,,5,-40.664,1,60,13,1876,0.4376
14.703,19.717,0.0,82254.16,8.5,53.657,0.9,,7,64.508,1,60,13,1444,0.4481
14.593,20.857,0.0,166543.7,8.5,58.007,0.95,,8,233.087,1,60,13,1093,0.452
15.235,22.751,0.0,217614.12,8.5,51.024,1.0,,9,335.228,1,60,13,795,0.4591
14.177,18.422,0.0385,2961.31,8.5,97.09,0.8,,1,-94.077,2,60,9,1784,0.4299
14.384,18.72,0.0,5325.12,8.5,96.631,0.85,,4,-89.35,2,60,13,1876,0.4376
14.703,19.717,0.0,39712.89,8.5,86.482,0.9,,6,-20.574,2,60,13,1444,0.4481
14.593,20.857,0.0,208702.25,8.5,86.045,0.95,,8,317.405,2,60,13,1093,0.452
15.235,22.751,0.0,423244.29,8.5,77.781,1.0,,7,746.489,2,60,13,795,0.4591
13.556,18.004,0.0429,2493.01,8.5,98.092,0.8,,1,-95.014,3,60,7,1559,0.4375
14.401,19.116,0.0,2484.09,8.5,98.549,0.85,,5,-95.032,3,60,12,1752,0.4406
14.703,19.717,0.0,7024.29,8.5,97.819,0.9,,5,-85.951,3,60,13,1444,0.4481
14.593,20.857,0.0,109166.45,8.5,96.402,0.95,,8,118.333,3,60,13,1093,0.452
15.235,22.751,0.0,403155.42,8.5,90.497,1.0,,7,706.311,3,60,13,795,0.4591
12.582,14.399,0.0,1849.63,8.5,98.825,0.8,,0,-96.301,4,60,4,769,0.4538
13.771,19.144,0.0,1898.71,8.5,99.184,0.85,,3,-96.203,4,60,8,1116,0.4391
14.822,20.036,0.0,1501.29,8.5,99.515,0.9,,5,-96.997,4,60,12,1381,0.4504
14.593,20.857,0.0,24487.63,8.5,99.275,0.95,,7,-51.025,4,60,13,1093,0.452
15.235,22.751,0.0,182192.64,8.5,96.884,1.0,,7,264.385,4,60,13,795,0.4591
12.774,14.585,0.0,1520.45,8.5,99.125,0.8,,0,-96.959,5,60,3,616,0.4545
13.52,19.088,0.0,1465.32,8.5,99.519,0.85,,3,-97.069,5,60,8,1070,0.4393
14.386,20.905,0.0,1517.56,8.5,99.655,0.9,,3,-96.965,5,60,9,910,0.4396
14.593,20.857,0.0,3652.48,8.5,99.86,0.95,,7,-92.695,5,60,13,1093,0.452
15.235,22.751,0.0,41470.32,8.5,99.172,1.0,,7,-17.059,5,60,13,795,0.4591
12.667,14.968,0.0,1031.94,8.5,99.425,0.8,,0,-97.936,6,60,2,353,0.4419
12.413,16.129,0.0,1242.72,8.5,99.676,0.85,,2,-97.515,6,60,6,751,0.4487
13.891,20.493,0.0,1174.74,8.5,99.802,0.9,,2,-97.651,6,60,8,832,0.4471
14.422,22.774,0.0,1176.58,8.5,99.93,0.95,,4,-97.647,6,60,9,691,0.4313
15.235,22.751,0.0,4978.36,8.5,99.883,1.0,,6,-90.043,6,60,13,795,0.4591
12.661,15.138,0.0,977.6,8.5,99.453,0.8,,0,-98.045,7,60,2,331,0.4562
12.25,15.862,0.0296,1067.9,8.5,99.774,0.85,,2,-97.864,7,60,5,689,0.4586
12.539,14.992,0.0,1058.45,8.5,99.867,0.9,,1,-97.883,7,60,4,394,0.4569
14.19,22.838,0.0,941.38,8.5,99.87,0.95,,2,-98.117,7,60,9,676,0.4393
14.918,25.416,0.0,1058.45,8.5,99.959,1.0,,4,-97.883,7,60,9,491,0.4358
13.67,14.822,0.0,879.69,8.5,99.446,0.8,,0,-98.241,8,60,2,191,0.4712
12.347,15.262,0.0,942.16,8.5,99.83,0.85,,0,-98.116,8,60,3,404,0.4629
12.733,14.888,0.0,854.49,8.5,99.916,0.9,,0,-98.291,8,60,3,302,0.4636
13.677,23.032,0.0,932.19,8.5,99.821,0.95,,2,-98.136,8,60,8,617,0.4457
14.625,25.416,0.0,931.4,8.5,99.906,1.0,,3,-98.137,8,60,9,485,0.4412
13.834,15.006,0.0,862.63,8.5,99.423,0.8,,0,-98.275,9,60,2,181,0.4807
12.381,15.344,0.0,882.84,8.5,99.85,0.85,,0,-98.234,9,60,3,299,0.4615
12.557,15.016,0.0,759.46,8.5,99.933,0.9,,0,-98.481,9,60,3,295,0.4678
13.114,22.037,0.0,779.15,8.5,99.862,0.95,,2,-98.442,9,60,7,561,0.4545
13.59,24.484,0.0,659.97,8.5,99.92,1.0,,3,-98.68,9,60,7,398,0.4623
13.834,15.006,0.0,862.63,8.5,99.423,0.8,,0,-98.275,10,60,2,181,0.4807
12.381,15.344,0.0,882.84,8.5,99.85,0.85,,0,-98.234,10,60,3,299,0.4615
12.557,15.016,0.0,759.46,8.5,99.933,0.9,,0,-98.481,10,60,3,295,0.4678
13.114,22.037,0.0,779.15,8.5,99.862,0.95,,2,-98.442,10,60,7,561,0.4545
13.59,24.484,0.0,659.97,8.5,99.92,1.0,,3,-98.68,10,60,7,398,0.4623
14.385,18.141,0.029,12579.58,9.0,83.048,0.8,,2,-74.841,1,5,13,2793,0.4364
14.321,18.598,0.0,37047.99,9.0,71.244,0.85,,5,-25.904,1,5,13,1874,0.4392
14.578,19.557,0.0,79982.75,9.0,51.248,0.9,,5,59.965,1,5,13,1443,0.4484
14.544,20.661,0.0,147799.62,9.0,56.433,0.95,,8,195.599,1,5,13,1092,0.4524
15.028,22.579,0.0,205765.92,9.0,48.72,1.0,,9,311.532,1,5,13,794,0.4584
14.349,18.468,0.0775,4029.16,9.0,96.254,0.8,,2,-91.942,2,5,9,1782,0.431
14.321,18.598,0.0,7371.05,9.0,94.884,0.85,,4,-85.258,2,5,13,1874,0.4392
14.578,19.557,0.0,50366.97,9.0,82.162,0.9,,5,0.734,2,5,13,1443,0.4484
14.544,20.661,0.0,197612.15,9.0,84.013,0.95,,8,295.224,2,5,13,1092,0.4524
15.028,22.579,0.0,424702.21,9.0,75.558,1.0,,8,749.404,2,5,13,794,0.4584
13.778,18.109,0.0,2690.41,9.0,98.079,0.8,,0,-94.619,3,5,7,1581,0.4383
14.399,18.926,0.0,2483.04,9.0,98.659,0.85,,4,-95.034,3,5,12,1783,0.4408
14.578,19.557,0.0,13040.52,9.0,95.768,0.9,,5,-73.919,3,5,13,1443,0.4484
14.544,20.661,0.0,116087.0,9.0,95.442,0.95,,7,132.174,3,5,13,1092,0.4524
15.028,22.579,0.0,460091.67,9.0,89.021,1.0,,8,820.183,3,5,13,794,0.4584
12.527,14.698,0.0,1954.1,9.0,98.907,0.8,,0,-96.092,4,5,5,969,0.4561
14.026,19.11,0.0,1908.69,9.0,99.281,0.85,,3,-96.183,4,5,8,1122,0.4385
14.578,19.557,0.0,2498.52,9.0,99.277,0.9,,4,-95.003,4,5,13,1443,0.4484
14.544,20.661,0.0,34315.36,9.0,98.885,0.95,,7,-31.369,4,5,13,1092,0.4524
15.028,22.579,0.0,261681.57,9.0,95.941,1.0,,7,423.363,4,5,13,794,0.4584
12.738,14.618,0.0,1571.64,9.0,99.248,0.8,,0,-96.857,5,5,3,616,0.4562
13.664,19.07,0.0,1410.99,9.0,99.615,0.85,,3,-97.178,5,5,8,1071,0.4398
14.454,20.877,0.0,1610.22,9.0,99.644,0.9,,3,-96.78,5,5,9,918,0.4368
14.544,20.661,0.0,5873.75,9.0,99.78,0.95,,5,-88.252,5,5,13,1092,0.4524
15.028,22.579,0.0,80436.87,9.0,98.761,1.0,,7,60.874,5,5,13,794,0.4584
12.848,14.862,0.0,1287.09,9.0,99.44,0.8,,0,-97.426,6,5,3,420,0.4524
12.551,16.275,0.0,1309.92,9.0,99.73,0.85,,2,-97.38,6,5,6,787,0.4447
14.326,20.592,0.0,1197.84,9.0,99.808,0.9,,3,-97.604,6,5,8,870,0.4448
14.618,22.766,0.0,1141.66,9.0,99.919,0.95,,4,-97.717,6,5,9,691,0.4327
15.028,22.579,0.0,13599.91,9.0,99.721,1.0,,6,-72.8,6,5,13,794,0.4584
12.614,15.193,0.0,1088.64,9.0,99.556,0.8,,0,-97.823,7,5,2,340,0.4471
12.375,16.106,0.015,1083.39,9.0,99.824,0.85,,1,-97.833,7,5,5,730,0.4521
12.64,15.167,0.0,1041.65,9.0,99.876,0.9,,1,-97.917,7,5,5,474,0.4599
14.446,22.83,0.0,1035.61,9.0,99.836,0.95,,2,-97.929,7,5,9,677,0.4402
15.028,22.579,0.0,1649.86,9.0,99.949,1.0,,6,-96.7,7,5,13,794,0.4584
13.185,14.77,0.0,1002.28,9.0,99.583,0.8,,0,-97.995,8,5,2,235,0.4596
12.225,15.577,0.0646,967.1,9.0,99.874,0.85,,1,-98.066,8,5,5,630,0.4651
12.694,14.891,0.0,954.76,9.0,99.913,0.9,,1,-98.09,8,5,4,337,0.4599
14.211,22.824,0.0,807.24,9.0,99.845,0.95,,2,-98.386,8,5,8,647,0.4467
14.919,25.497,0.0,523.47,9.0,99.956,1.0,,3,-98.953,8,5,9,490,0.4347
13.787,15.026,0.0,867.88,9.0,99.606,0.8,,0,-98.264,9,5,2,182,0.4835
12.35,15.41,0.0,871.81,9.0,99.905,0.85,,0,-98.256,9,5,3,299,0.4615
12.543,14.839,0.0,870.5,9.0,99.938,0.9,,0,-98.259,9,5,3,258,0.469
13.359,22.031,0.0,353.37,9.0,99.943,0.95,,2,-99.293,9,5,7,561,0.4563
13.616,24.574,0.0,290.64,9.0,99.962,1.0,,3,-99.419,9,5,7,398,0.4598
13.787,15.026,0.0,867.88,9.0,99.606,0.8,,0,-98.264,10,5,2,182,0.4835
12.35,15.41,0.0,871.81,9.0,99.905,0.85,,0,-98.256,10,5,3,299,0.4615
12.543,14.839,0.0,870.5,9.0,99.938,0.9,,0,-98.259,10,5,3,258,0.469
13.359,22.031,0.0,353.37,9.0,99.943,0.95,,2,-99.293,10,5,7,561,0.4563
13.616,24.574,0.0,290.64,9.0,99.962,1.0,,3,-99.419,10,5,7,398,0.4598
14.521,18.125,0.0502,13264.96,9.0,81.826,0.8,,2,-73.47,1,10,13,2793,0.4386
14.509,18.551,0.0,33600.31,9.0,70.825,0.85,,4,-32.799,1,10,13,1874,0.4424
14.755,19.548,0.0,75895.1,9.0,50.555,0.9,,5,51.79,1,10,13,1443,0.4505
14.736,20.643,0.0,144884.04,9.0,56.117,0.95,,8,189.768,1,10,13,1092,0.4551
15.241,22.491,0.0,192137.71,9.0,48.814,1.0,,9,284.275,1,10,13,794,0.461
14.431,18.434,0.0531,3954.88,9.0,96.049,0.8,,1,-92.09,2,10,9,1777,0.4344
14.509,18.551,0.0,7587.87,9.0,93.976,0.85,,4,-84.824,2,10,13,1874,0.4424
14.755,19.548,0.0,46005.8,9.0,82.197,0.9,,5,-7.988,2,10,13,1443,0.4505
14.736,20.643,0.0,187366.51,9.0,83.893,0.95,,8,274.733,2,10,13,1092,0.4551
15.241,22.491,0.0,384417.12,9.0,75.492,1.0,,8,668.834,2,10,13,794,0.461
13.872,18.01,0.051,2691.2,9.0,97.908,0.8,,1,-94.618,3,10,7,1555,0.4424
14.825,19.939,0.0,2669.41,9.0,98.455,0.85,,4,-94.661,3,10,10,1350,0.4356
14.755,19.548,0.0,10417.1,9.0,95.481,0.9,,5,-79.166,3,10,13,1443,0.4505
14.736,20.643,0.0,109458.88,9.0,95.402,0.95,,8,118.918,3,10,13,1092,0.4551
15.241,22.491,0.0,385483.92,9.0,89.002,1.0,,7,670.968,3,10,13,794,0.461
12.723,14.673,0.0,1987.44,9.0,98.746,0.8,,0,-96.025,4,10,5,968,0.4607
14.204,19.033,0.0,1485.54,9.0,99.389,0.85,,3,-97.029,4,10,8,1117,0.4432
15.189,21.173,0.0,2006.6,9.0,99.316,0.9,,3,-95.987,4,10,10,1036,0.4382
14.736,20.643,0.0,30128.23,9.0,98.905,0.95,,7,-39.744,4,10,13,1092,0.4551
15.241,22.491,0.0,204903.87,9.0,95.943,1.0,,7,309.808,4,10,13,794,0.461
12.807,14.535,0.0,1617.31,9.0,99.12,0.8,,0,-96.765,5,10,4,765,0.4614
13.888,18.973,0.0,1413.09,9.0,99.569,0.85,,3,-97.174,5,10,8,1071,0.4435
14.701,20.849,0.0,1602.61,9.0,99.618,0.9,,3,-96.795,5,10,9,911,0.4413
14.736,20.643,0.0,4117.89,9.0,99.799,0.95,,5,-91.764,5,10,13,1092,0.4551
15.241,22.491,0.0,59145.76,9.0,98.77,1.0,,7,18.292,5,10,13,794,0.461
13.038,14.772,0.0,1326.99,9.0,99.322,0.8,,0,-97.346,6,10,3,419,0.4582
12.709,16.053,0.0,1287.61,9.0,99.696,0.85,,3,-97.425,6,10,6,756,0.4524
14.395,20.52,0.0,1105.7,9.0,99.806,0.9,,2,-97.789,6,10,8,867,0.4487
15.172,22.63,0.0,1320.95,9.0,99.868,0.95,,4,-97.358,6,10,10,773,0.4398
15.241,22.491,0.0,8934.5,9.0,99.721,1.0,,6,-82.131,6,10,13,794,0.461
12.921,15.08,0.0,1152.16,9.0,99.432,0.8,,0,-97.696,7,10,2,331,0.4622
12.606,15.82,0.032,1041.12,9.0,99.8,0.85,,1,-97.918,7,10,5,690,0.4623
12.91,15.088,0.0,1046.37,9.0,99.862,0.9,,1,-97.907,7,10,5,474,0.4641
14.667,22.721,0.0,1047.95,9.0,99.748,0.95,,2,-97.904,7,10,9,677,0.4431
15.241,22.491,0.0,1255.32,9.0,99.938,1.0,,7,-97.489,7,10,13,794,0.461
13.514,14.679,0.0,986.26,9.0,99.472,0.8,,0,-98.027,8,10,2,235,0.4638
12.509,15.469,0.0382,925.1,9.0,99.854,0.85,,1,-98.15,8,10,5,630,0.4714
12.925,14.764,0.0753,933.76,9.0,99.904,0.9,,1,-98.132,8,10,3,309,0.4628
14.443,22.711,0.0,631.89,9.0,99.873,0.95,,2,-98.736,8,10,8,647,0.4498
14.917,25.32,0.0,1006.47,9.0,99.883,1.0,,3,-97.987,8,10,9,488,0.4406
14.301,14.91,0.0,822.99,9.0,99.518,0.8,,0,-98.354,9,10,1,180,0.4944
12.64,15.278,0.0,873.39,9.0,99.882,0.85,,0,-98.253,9,10,3,299,0.4682
12.886,15.354,0.0,864.99,9.0,99.929,0.9,,0,-98.27,9,10,3,237,0.4684
12.657,17.855,0.0,872.6,9.0,99.853,0.95,,1,-98.255,9,10,6,449,0.4499
13.949,24.378,0.0,682.02,9.0,99.907,1.0,,3,-98.636,9,10,7,398,0.4648
14.301,14.91,0.0,822.99,9.0,99.518,0.8,,0,-98.354,10,10,1,180,0.4944
12.64,15.278,0.0,873.39,9.0,99.882,0.85,,0,-98.253,10,10,3,299,0.4682
12.886,15.354,0.0,864.99,9.0,99.929,0.9,,0,-98.27,10,10,3,237,0.4684
12.657,17.855,0.0,872.6,9.0,99.853,0.95,,1,-98.255,10,10,6,449,0.4499
13.949,24.378,0.0,682.02,9.0,99.907,1.0,,3,-98.636,10,10,7,398,0.4648
14.636,18.199,0.0501,13334.0,9.0,81.731,0.8,,2,-73.332,1,15,13,2793,0.4393
14.667,18.624,0.0,31611.61,9.0,72.384,0.85,,4,-36.777,1,15,13,1874,0.4429
14.964,19.64,0.0,69725.04,9.0,50.555,0.9,,5,39.45,1,15,13,1443,0.4511
14.906,20.761,0.0,143490.16,9.0,56.117,0.95,,8,186.98,1,15,13,1092,0.456
15.48,22.646,0.0,188787.95,9.0,48.814,1.0,,9,277.576,1,15,13,794,0.4622
14.431,18.434,0.0531,3954.88,9.0,96.049,0.8,,1,-92.09,2,15,9,1777,0.4344
14.667,18.624,0.0,7001.19,9.0,94.457,0.85,,4,-85.998,2,15,13,1874,0.4429
14.964,19.64,0.0,37593.46,9.0,84.361,0.9,,5,-24.813,2,15,13,1443,0.4511
14.906,20.761,0.0,179641.66,9.0,83.893,0.95,,8,259.283,2,15,13,1092,0.456
15.48,22.646,0.0,368637.72,9.0,75.492,1.0,,8,637.275,2,15,13,794,0.4622
13.872,18.01,0.051,2691.2,9.0,97.908,0.8,,1,-94.618,3,15,7,1555,0.4424
14.825,19.939,0.0,2669.41,9.0,98.455,0.85,,4,-94.661,3,15,10,1350,0.4356
14.964,19.64,0.0,7702.85,9.0,96.632,0.9,,5,-84.594,3,15,13,1443,0.4511
14.906,20.761,0.0,100992.99,9.0,95.402,0.95,,8,101.986,3,15,13,1092,0.456
15.48,22.646,0.0,355326.09,9.0,89.002,1.0,,7,610.652,3,15,13,794,0.4622
12.723,14.673,0.0,1987.44,9.0,98.746,0.8,,0,-96.025,4,15,5,968,0.4607
14.204,19.033,0.0,1485.54,9.0,99.389,0.85,,3,-97.029,4,15,8,1117,0.4432
15.189,21.173,0.0,2006.6,9.0,99.316,0.9,,3,-95.987,4,15,10,1036,0.4382
14.906,20.761,0.0,26628.05,9.0,98.905,0.95,,7,-46.744,4,15,13,1092,0.456
15.48,22.646,0.0,178938.69,9.0,95.943,1.0,,7,257.877,4,15,13,794,0.4622
12.807,14.535,0.0,1617.31,9.0,99.12,0.8,,0,-96.765,5,15,4,765,0.4614
13.888,18.973,0.0,1413.09,9.0,99.569,0.85,,3,-97.174,5,15,8,1071,0.4435
14.701,20.849,0.0,1602.61,9.0,99.618,0.9,,3,-96.795,5,15,9,911,0.4413
14.906,20.761,0.0,3741.2,9.0,99.799,0.95,,5,-92.518,5,15,13,1092,0.456
15.48,22.646,0.0,48522.39,9.0,98.77,1.0,,7,-2.955,5,15,13,794,0.4622
13.038,14.772,0.0,1326.99,9.0,99.322,0.8,,0,-97.346,6,15,3,419,0.4582
12.709,16.053,0.0,1287.61,9.0,99.696,0.85,,3,-97.425,6,15,6,756,0.4524
14.395,20.52,0.0,1105.7,9.0,99.806,0.9,,2,-97.789,6,15,8,867,0.4487
15.172,22.63,0.0,1320.95,9.0,99.868,0.95,,4,-97.358,6,15,10,773,0.4398
15.48,22.646,0.0,6782.26,9.0,99.773,1.0,,6,-86.435,6,15,13,794,0.4622
12.921,15.08,0.0,1152.16,9.0,99.432,0.8,,0,-97.696,7,15,2,331,0.4622
12.606,15.82,0.032,1041.12,9.0,99.8,0.85,,1,-97.918,7,15,5,690,0.4623
12.91,15.088,0.0,1046.37,9.0,99.862,0.9,,1,-97.907,7,15,5,474,0.4641
14.667,22.721,0.0,1047.95,9.0,99.748,0.95,,2,-97.904,7,15,9,677,0.4431
15.48,22.746,0.0,1002.8,9.0,99.948,1.0,,7,-97.994,7,15,13,792,0.4609
13.514,14.679,0.0,986.26,9.0,99.472,0.8,,0,-98.027,8,15,2,235,0.4638
12.509,15.469,0.0382,925.1,9.0,99.854,0.85,,1,-98.15,8,15,5,630,0.4714
12.925,14.764,0.0753,933.76,9.0,99.904,0.9,,1,-98.132,8,15,3,309,0.4628
14.443,22.711,0.0,631.89,9.0,99.873,0.95,,2,-98.736,8,15,8,647,0.4498
14.917,25.32,0.0,1006.47,9.0,99.883,1.0,,3,-97.987,8,15,9,488,0.4406
14.301,14.91,0.0,822.99,9.0,99.518,0.8,,0,-98.354,9,15,1,180,0.4944
12.64,15.278,0.0,873.39,9.0,99.882,0.85,,0,-98.253,9,15,3,299,0.4682
12.886,15.354,0.0,864.99,9.0,99.929,0.9,,0,-98.27,9,15,3,237,0.4684
12.657,17.855,0.0,872.6,9.0,99.853,0.95,,1,-98.255,9,15,6,449,0.4499
13.949,24.378,0.0,682.02,9.0,99.907,1.0,,3,-98.636,9,15,7,398,0.4648
14.301,14.91,0.0,822.99,9.0,99.518,0.8,,0,-98.354,10,15,1,180,0.4944
12.64,15.278,0.0,873.39,9.0,99.882,0.85,,0,-98.253,10,15,3,299,0.4682
12.886,15.354,0.0,864.99,9.0,99.929,0.9,,0,-98.27,10,15,3,237,0.4684
12.657,17.855,0.0,872.6,9.0,99.853,0.95,,1,-98.255,10,15,6,449,0.4499
13.949,24.378,0.0,682.02,9.0,99.907,1.0,,3,-98.636,10,15,7,398,0.4648
14.636,18.199,0.0501,13334.0,9.0,81.731,0.8,,2,-73.332,1,20,13,2793,0.4393
14.667,18.624,0.0,31611.61,9.0,72.384,0.85,,4,-36.777,1,20,13,1874,0.4429
14.964,19.64,0.0,69725.04,9.0,50.555,0.9,,5,39.45,1,20,13,1443,0.4511
14.906,20.761,0.0,143490.16,9.0,56.117,0.95,,8,186.98,1,20,13,1092,0.456
15.48,22.646,0.0,188787.95,9.0,48.814,1.0,,9,277.576,1,20,13,794,0.4622
14.431,18.434,0.0531,3954.88,9.0,96.049,0.8,,1,-92.09,2,20,9,1777,0.4344
14.667,18.624,0.0,7001.19,9.0,94.457,0.85,,4,-85.998,2,20,13,1874,0.4429
14.964,19.64,0.0,37593.46,9.0,84.361,0.9,,5,-24.813,2,20,13,1443,0.4511
14.906,20.761,0.0,179641.66,9.0,83.893,0.95,,8,259.283,2,20,13,1092,0.456
15.48,22.646,0.0,368637.72,9.0,75.492,1.0,,8,637.275,2,20,13,794,0.4622
13.872,18.01,0.051,2691.2,9.0,97.908,0.8,,1,-94.618,3,20,7,1555,0.4424
14.825,19.939,0.0,2669.41,9.0,98.455,0.85,,4,-94.661,3,20,10,1350,0.4356
14.964,19.64,0.0,7702.85,9.0,96.632,0.9,,5,-84.594,3,20,13,1443,0.4511
14.906,20.761,0.0,100992.99,9.0,95.402,0.95,,8,101.986,3,20,13,1092,0.456
15.48,22.646,0.0,355326.09,9.0,89.002,1.0,,7,610.652,3,20,13,794,0.4622
12.723,14.673,0.0,1987.44,9.0,98.746,0.8,,0,-96.025,4,20,5,968,0.4607
14.204,19.033,0.0,1485.54,9.0,99.389,0.85,,3,-97.029,4,20,8,1117,0.4432
15.189,21.173,0.0,2006.6,9.0,99.316,0.9,,3,-95.987,4,20,10,1036,0.4382
14.906,20.761,0.0,26628.05,9.0,98.905,0.95,,7,-46.744,4,20,13,1092,0.456
15.48,22.646,0.0,178938.69,9.0,95.943,1.0,,7,257.877,4,20,13,794,0.4622
12.807,14.535,0.0,1617.31,9.0,99.12,0.8,,0,-96.765,5,20,4,765,0.4614
13.888,18.973,0.0,1413.09,9.0,99.569,0.85,,3,-97.174,5,20,8,1071,0.4435
14.701,20.849,0.0,1602.61,9.0,99.618,0.9,,3,-96.795,5,20,9,911,0.4413
14.906,20.761,0.0,3741.2,9.0,99.799,0.95,,5,-92.518,5,20,13,1092,0.456
15.48,22.646,0.0,48522.39,9.0,98.77,1.0,,7,-2.955,5,20,13,794,0.4622
13.038,14.772,0.0,1326.99,9.0,99.322,0.8,,0,-97.346,6,20,3,419,0.4582
12.709,16.053,0.0,1287.61,9.0,99.696,0.85,,3,-97.425,6,20,6,756,0.4524
14.395,20.52,0.0,1105.7,9.0,99.806,0.9,,2,-97.789,6,20,8,867,0.4487
15.172,22.63,0.0,1320.95,9.0,99.868,0.95,,4,-97.358,6,20,10,773,0.4398
15.48,22.646,0.0,6782.26,9.0,99.773,1.0,,6,-86.435,6,20,13,794,0.4622
12.921,15.08,0.0,1152.16,9.0,99.432,0.8,,0,-97.696,7,20,2,331,0.4622
12.606,15.82,0.032,1041.12,9.0,99.8,0.85,,1,-97.918,7,20,5,690,0.4623
12.91,15.088,0.0,1046.37,9.0,99.862,0.9,,1,-97.907,7,20,5,474,0.4641
14.667,22.721,0.0,1047.95,9.0,99.748,0.95,,2,-97.904,7,20,9,677,0.4431
15.48,22.746,0.0,1002.8,9.0,99.948,1.0,,7,-97.994,7,20,13,792,0.4609
13.514,14.679,0.0,986.26,9.0,99.472,0.8,,0,-98.027,8,20,2,235,0.4638
12.509,15.469,0.0382,925.1,9.0,99.854,0.85,,1,-98.15,8,20,5,630,0.4714
12.925,14.764,0.0753,933.76,9.0,99.904,0.9,,1,-98.132,8,20,3,309,0.4628
14.443,22.711,0.0,631.89,9.0,99.873,0.95,,2,-98.736,8,20,8,647,0.4498
14.917,25.32,0.0,1006.47,9.0,99.883,1.0,,3,-97.987,8,20,9,488,0.4406
14.301,14.91,0.0,822.99,9.0,99.518,0.8,,0,-98.354,9,20,1,180,0.4944
12.64,15.278,0.0,873.39,9.0,99.882,0.85,,0,-98.253,9,20,3,299,0.4682
12.886,15.354,0.0,864.99,9.0,99.929,0.9,,0,-98.27,9,20,3,237,0.4684
12.657,17.855,0.0,872.6,9.0,99.853,0.95,,1,-98.255,9,20,6,449,0.4499
13.949,24.378,0.0,682.02,9.0,99.907,1.0,,3,-98.636,9,20,7,398,0.4648
14.301,14.91,0.0,822.99,9.0,99.518,0.8,,0,-98.354,10,20,1,180,0.4944
12.64,15.278,0.0,873.39,9.0,99.882,0.85,,0,-98.253,10,20,3,299,0.4682
12.886,15.354,0.0,864.99,9.0,99.929,0.9,,0,-98.27,10,20,3,237,0.4684
12.657,17.855,0.0,872.6,9.0,99.853,0.95,,1,-98.255,10,20,6,449,0.4499
13.949,24.378,0.0,682.02,9.0,99.907,1.0,,3,-98.636,10,20,7,398,0.4648
14.636,18.199,0.0501,13334.0,9.0,81.731,0.8,,2,-73.332,1,25,13,2793,0.4393
14.667,18.624,0.0,31611.61,9.0,72.384,0.85,,4,-36.777,1,25,13,1874,0.4429
14.964,19.64,0.0,69725.04,9.0,50.555,0.9,,5,39.45,1,25,13,1443,0.4511
14.906,20.761,0.0,143490.16,9.0,56.117,0.95,,8,186.98,1,25,13,1092,0.456
15.48,22.646,0.0,188787.95,9.0,48.814,1.0,,9,277.576,1,25,13,794,0.4622
14.431,18.434,0.0531,3954.88,9.0,96.049,0.8,,1,-92.09,2,25,9,1777,0.4344
14.667,18.624,0.0,7001.19,9.0,94.457,0.85,,4,-85.998,2,25,13,1874,0.4429
14.964,19.64,0.0,37593.46,9.0,84.361,0.9,,5,-24.813,2,25,13,1443,0.4511
14.906,20.761,0.0,179641.66,9.0,83.893,0.95,,8,259.283,2,25,13,1092,0.456
15.48,22.646,0.0,368637.72,9.0,75.492,1.0,,8,637.275,2,25,13,794,0.4622
13.872,18.01,0.051,2691.2,9.0,97.908,0.8,,1,-94.618,3,25,7,1555,0.4424
14.825,19.939,0.0,2669.41,9.0,98.455,0.85,,4,-94.661,3,25,10,1350,0.4356
14.964,19.64,0.0,7702.85,9.0,96.632,0.9,,5,-84.594,3,25,13,1443,0.4511
14.906,20.761,0.0,100992.99,9.0,95.402,0.95,,8,101.986,3,25,13,1092,0.456
15.48,22.646,0.0,355326.09,9.0,89.002,1.0,,7,610.652,3,25,13,794,0.4622
12.723,14.673,0.0,1987.44,9.0,98.746,0.8,,0,-96.025,4,25,5,968,0.4607
14.204,19.033,0.0,1485.54,9.0,99.389,0.85,,3,-97.029,4,25,8,1117,0.4432
15.189,21.173,0.0,2006.6,9.0,99.316,0.9,,3,-95.987,4,25,10,1036,0.4382
14.906,20.761,0.0,26628.05,9.0,98.905,0.95,,7,-46.744,4,25,13,1092,0.456
15.48,22.646,0.0,178938.69,9.0,95.943,1.0,,7,257.877,4,25,13,794,0.4622
12.807,14.535,0.0,1617.31,9.0,99.12,0.8,,0,-96.765,5,25,4,765,0.4614
13.888,18.973,0.0,1413.09,9.0,99.569,0.85,,3,-97.174,5,25,8,1071,0.4435
14.701,20.849,0.0,1602.61,9.0,99.618,0.9,,3,-96.795,5,25,9,911,0.4413
14.906,20.761,0.0,3741.2,9.0,99.799,0.95,,5,-92.518,5,25,13,1092,0.456
15.48,22.646,0.0,48522.39,9.0,98.77,1.0,,7,-2.955,5,25,13,794,0.4622
13.038,14.772,0.0,1326.99,9.0,99.322,0.8,,0,-97.346,6,25,3,419,0.4582
12.709,16.053,0.0,1287.61,9.0,99.696,0.85,,3,-97.425,6,25,6,756,0.4524
14.395,20.52,0.0,1105.7,9.0,99.806,0.9,,2,-97.789,6,25,8,867,0.4487
15.172,22.63,0.0,1320.95,9.0,99.868,0.95,,4,-97.358,6,25,10,773,0.4398
15.48,22.646,0.0,6782.26,9.0,99.773,1.0,,6,-86.435,6,25,13,794,0.4622
12.921,15.08,0.0,1152.16,9.0,99.432,0.8,,0,-97.696,7,25,2,331,0.4622
12.606,15.82,0.032,1041.12,9.0,99.8,0.85,,1,-97.918,7,25,5,690,0.4623
12.91,15.088,0.0,1046.37,9.0,99.862,0.9,,1,-97.907,7,25,5,474,0.4641
14.667,22.721,0.0,1047.95,9.0,99.748,0.95,,2,-97.904,7,25,9,677,0.4431
15.48,22.746,0.0,1002.8,9.0,99.948,1.0,,7,-97.994,7,25,13,792,0.4609
13.514,14.679,0.0,986.26,9.0,99.472,0.8,,0,-98.027,8,25,2,235,0.4638
12.509,15.469,0.0382,925.1,9.0,99.854,0.85,,1,-98.15,8,25,5,630,0.4714
12.925,14.764,0.0753,933.76,9.0,99.904,0.9,,1,-98.132,8,25,3,309,0.4628
14.443,22.711,0.0,631.89,9.0,99.873,0.95,,2,-98.736,8,25,8,647,0.4498
14.917,25.32,0.0,1006.47,9.0,99.883,1.0,,3,-97.987,8,25,9,488,0.4406
14.301,14.91,0.0,822.99,9.0,99.518,0.8,,0,-98.354,9,25,1,180,0.4944
12.64,15.278,0.0,873.39,9.0,99.882,0.85,,0,-98.253,9,25,3,299,0.4682
12.886,15.354,0.0,864.99,9.0,99.929,0.9,,0,-98.27,9,25,3,237,0.4684
12.657,17.855,0.0,872.6,9.0,99.853,0.95,,1,-98.255,9,25,6,449,0.4499
13.949,24.378,0.0,682.02,9.0,99.907,1.0,,3,-98.636,9,25,7,398,0.4648
14.301,14.91,0.0,822.99,9.0,99.518,0.8,,0,-98.354,10,25,1,180,0.4944
12.64,15.278,0.0,873.39,9.0,99.882,0.85,,0,-98.253,10,25,3,299,0.4682
12.886,15.354,0.0,864.99,9.0,99.929,0.9,,0,-98.27,10,25,3,237,0.4684
12.657,17.855,0.0,872.6,9.0,99.853,0.95,,1,-98.255,10,25,6,449,0.4499
13.949,24.378,0.0,682.02,9.0,99.907,1.0,,3,-98.636,10,25,7,398,0.4648
14.636,18.199,0.0501,13334.0,9.0,81.731,0.8,,2,-73.332,1,30,13,2793,0.4393
14.667,18.624,0.0,31611.61,9.0,72.384,0.85,,4,-36.777,1,30,13,1874,0.4429
14.964,19.64,0.0,69725.04,9.0,50.555,0.9,,5,39.45,1,30,13,1443,0.4511
14.906,20.761,0.0,143490.16,9.0,56.117,0.95,,8,186.98,1,30,13,1092,0.456
15.48,22.646,0.0,188787.95,9.0,48.814,1.0,,9,277.576,1,30,13,794,0.4622
14.431,18.434,0.0531,3954.88,9.0,96.049,0.8,,1,-92.09,2,30,9,1777,0.4344
14.667,18.624,0.0,7001.19,9.0,94.457,0.85,,4,-85.998,2,30,13,1874,0.4429
14.964,19.64,0.0,37593.46,9.0,84.361,0.9,,5,-24.813,2,30,13,1443,0.4511
14.906,20.761,0.0,179641.66,9.0,83.893,0.95,,8,259.283,2,30,13,1092,0.456
15.48,22.646,0.0,368637.72,9.0,75.492,1.0,,8,637.275,2,30,13,794,0.4622
13.872,18.01,0.051,2691.2,9.0,97.908,0.8,,1,-94.618,3,30,7,1555,0.4424
14.825,19.939,0.0,2669.41,9.0,98.455,0.85,,4,-94.661,3,30,10,1350,0.4356
14.964,19.64,0.0,7702.85,9.0,96.632,0.9,,5,-84.594,3,30,13,1443,0.4511
14.906,20.761,0.0,100992.99,9.0,95.402,0.95,,8,101.986,3,30,13,1092,0.456
15.48,22.646,0.0,355326.09,9.0,89.002,1.0,,7,610.652,3,30,13,794,0.4622
12.723,14.673,0.0,1987.44,9.0,98.746,0.8,,0,-96.025,4,30,5,968,0.4607
14.204,19.033,0.0,1485.54,9.0,99.389,0.85,,3,-97.029,4,30,8,1117,0.4432
15.189,21.173,0.0,2006.6,9.0,99.316,0.9,,3,-95.987,4,30,10,1036,0.4382
14.906,20.761,0.0,26628.05,9.0,98.905,0.95,,7,-46.744,4,30,13,1092,0.456
15.48,22.646,0.0,178938.69,9.0,95.943,1.0,,7,257.877,4,30,13,794,0.4622
12.807,14.535,0.0,1617.31,9.0,99.12,0.8,,0,-96.765,5,30,4,765,0.4614
13.888,18.973,0.0,1413.09,9.0,99.569,0.85,,3,-97.174,5,30,8,1071,0.4435
14.701,20.849,0.0,1602.61,9.0,99.618,0.9,,3,-96.795,5,30,9,911,0.4413
14.906,20.761,0.0,3741.2,9.0,99.799,0.95,,5,-92.518,5,30,13,1092,0.456
15.48,22.646,0.0,48522.39,9.0,98.77,1.0,,7,-2.955,5,30,13,794,0.4622
13.038,14.772,0.0,1326.99,9.0,99.322,0.8,,0,-97.346,6,30,3,419,0.4582
12.709,16.053,0.0,1287.61,9.0,99.696,0.85,,3,-97.425,6,30,6,756,0.4524
14.395,20.52,0.0,1105.7,9.0,99.806,0.9,,2,-97.789,6,30,8,867,0.4487
15.172,22.63,0.0,1320.95,9.0,99.868,0.95,,4,-97.358,6,30,10,773,0.4398
15.48,22.646,0.0,6782.26,9.0,99.773,1.0,,6,-86.435,6,30,13,794,0.4622
12.921,15.08,0.0,1152.16,9.0,99.432,0.8,,0,-97.696,7,30,2,331,0.4622
12.606,15.82,0.032,1041.12,9.0,99.8,0.85,,1,-97.918,7,30,5,690,0.4623
12.91,15.088,0.0,1046.37,9.0,99.862,0.9,,1,-97.907,7,30,5,474,0.4641
14.667,22.721,0.0,1047.95,9.0,99.748,0.95,,2,-97.904,7,30,9,677,0.4431
15.48,22.746,0.0,1002.8,9.0,99.948,1.0,,7,-97.994,7,30,13,792,0.4609
13.514,14.679,0.0,986.26,9.0,99.472,0.8,,0,-98.027,8,30,2,235,0.4638
12.509,15.469,0.0382,925.1,9.0,99.854,0.85,,1,-98.15,8,30,5,630,0.4714
12.925,14.764,0.0753,933.76,9.0,99.904,0.9,,1,-98.132,8,30,3,309,0.4628
14.443,22.711,0.0,631.89,9.0,99.873,0.95,,2,-98.736,8,30,8,647,0.4498
14.917,25.32,0.0,1006.47,9.0,99.883,1.0,,3,-97.987,8,30,9,488,0.4406
14.301,14.91,0.0,822.99,9.0,99.518,0.8,,0,-98.354,9,30,1,180,0.4944
12.64,15.278,0.0,873.39,9.0,99.882,0.85,,0,-98.253,9,30,3,299,0.4682
12.886,15.354,0.0,864.99,9.0,99.929,0.9,,0,-98.27,9,30,3,237,0.4684
12.657,17.855,0.0,872.6,9.0,99.853,0.95,,1,-98.255,9,30,6,449,0.4499
13.949,24.378,0.0,682.02,9.0,99.907,1.0,,3,-98.636,9,30,7,398,0.4648
14.301,14.91,0.0,822.99,9.0,99.518,0.8,,0,-98.354,10,30,1,180,0.4944
12.64,15.278,0.0,873.39,9.0,99.882,0.85,,0,-98.253,10,30,3,299,0.4682
12.886,15.354,0.0,864.99,9.0,99.929,0.9,,0,-98.27,10,30,3,237,0.4684
12.657,17.855,0.0,872.6,9.0,99.853,0.95,,1,-98.255,10,30,6,449,0.4499
13.949,24.378,0.0,682.02,9.0,99.907,1.0,,3,-98.636,10,30,7,398,0.4648
14.636,18.199,0.0501,13334.0,9.0,81.731,0.8,,2,-73.332,1,35,13,2793,0.4393
14.667,18.624,0.0,31611.61,9.0,72.384,0.85,,4,-36.777,1,35,13,1874,0.4429
14.964,19.64,0.0,69725.04,9.0,50.555,0.9,,5,39.45,1,35,13,1443,0.4511
14.906,20.761,0.0,143490.16,9.0,56.117,0.95,,8,186.98,1,35,13,1092,0.456
15.48,22.646,0.0,188787.95,9.0,48.814,1.0,,9,277.576,1,35,13,794,0.4622
14.431,18.434,0.0531,3954.88,9.0,96.049,0.8,,1,-92.09,2,35,9,1777,0.4344
14.667,18.624,0.0,7001.19,9.0,94.457,0.85,,4,-85.998,2,35,13,1874,0.4429
14.964,19.64,0.0,37593.46,9.0,84.361,0.9,,5,-24.813,2,35,13,1443,0.4511
14.906,20.761,0.0,179641.66,9.0,83.893,0.95,,8,259.283,2,35,13,1092,0.456
15.48,22.646,0.0,368637.72,9.0,75.492,1.0,,8,637.275,2,35,13,794,0.4622
13.872,18.01,0.051,2691.2,9.0,97.908,0.8,,1,-94.618,3,35,7,1555,0.4424
14.825,19.939,0.0,2669.41,9.0,98.455,0.85,,4,-94.661,3,35,10,1350,0.4356
14.964,19.64,0.0,7702.85,9.0,96.632,0.9,,5,-84.594,3,35,13,1443,0.4511
14.906,20.761,0.0,100992.99,9.0,95.402,0.95,,8,101.986,3,35,13,1092,0.456
15.48,22.646,0.0,355326.09,9.0,89.002,1.0,,7,610.652,3,35,13,794,0.4622
12.723,14.673,0.0,1987.44,9.0,98.746,0.8,,0,-96.025,4,35,5,968,0.4607
14.204,19.033,0.0,1485.54,9.0,99.389,0.85,,3,-97.029,4,35,8,1117,0.4432
15.189,21.173,0.0,2006.6,9.0,99.316,0.9,,3,-95.987,4,35,10,1036,0.4382
14.906,20.761,0.0,26628.05,9.0,98.905,0.95,,7,-46.744,4,35,13,1092,0.456
15.48,22.646,0.0,178938.69,9.0,95.943,1.0,,7,257.877,4,35,13,794,0.4622
12.807,14.535,0.0,1617.31,9.0,99.12,0.8,,0,-96.765,5,35,4,765,0.4614
13.888,18.973,0.0,1413.09,9.0,99.569,0.85,,3,-97.174,5,35,8,1071,0.4435
14.701,20.849,0.0,1602.61,9.0,99.618,0.9,,3,-96.795,5,35,9,911,0.4413
14.906,20.761,0.0,3741.2,9.0,99.799,0.95,,5,-92.518,5,35,13,1092,0.456
15.48,22.646,0.0,48522.39,9.0,98.77,1.0,,7,-2.955,5,35,13,794,0.4622
13.038,14.772,0.0,1326.99,9.0,99.322,0.8,,0,-97.346,6,35,3,419,0.4582
12.709,16.053,0.0,1287.61,9.0,99.696,0.85,,3,-97.425,6,35,6,756,0.4524
14.395,20.52,0.0,1105.7,9.0,99.806,0.9,,2,-97.789,6,35,8,867,0.4487
15.172,22.63,0.0,1320.95,9.0,99.868,0.95,,4,-97.358,6,35,10,773,0.4398
15.48,22.646,0.0,6782.26,9.0,99.773,1.0,,6,-86.435,6,35,13,794,0.4622
12.921,15.08,0.0,1152.16,9.0,99.432,0.8,,0,-97.696,7,35,2,331,0.4622
12.606,15.82,0.032,1041.12,9.0,99.8,0.85,,1,-97.918,7,35,5,690,0.4623
12.91,15.088,0.0,1046.37,9.0,99.862,0.9,,1,-97.907,7,35,5,474,0.4641
14.667,22.721,0.0,1047.95,9.0,99.748,0.95,,2,-97.904,7,35,9,677,0.4431
15.48,22.746,0.0,1002.8,9.0,99.948,1.0,,7,-97.994,7,35,13,792,0.4609
13.514,14.679,0.0,986.26,9.0,99.472,0.8,,0,-98.027,8,35,2,235,0.4638
12.509,15.469,0.0382,925.1,9.0,99.854,0.85,,1,-98.15,8,35,5,630,0.4714
12.925,14.764,0.0753,933.76,9.0,99.904,0.9,,1,-98.132,8,35,3,309,0.4628
14.443,22.711,0.0,631.89,9.0,99.873,0.95,,2,-98.736,8,35,8,647,0.4498
14.917,25.32,0.0,1006.47,9.0,99.883,1.0,,3,-97.987,8,35,9,488,0.4406
14.301,14.91,0.0,822.99,9.0,99.518,0.8,,0,-98.354,9,35,1,180,0.4944
12.64,15.278,0.0,873.39,9.0,99.882,0.85,,0,-98.253,9,35,3,299,0.4682
12.886,15.354,0.0,864.99,9.0,99.929,0.9,,0,-98.27,9,35,3,237,0.4684
12.657,17.855,0.0,872.6,9.0,99.853,0.95,,1,-98.255,9,35,6,449,0.4499
13.949,24.378,0.0,682.02,9.0,99.907,1.0,,3,-98.636,9,35,7,398,0.4648
14.301,14.91,0.0,822.99,9.0,99.518,0.8,,0,-98.354,10,35,1,180,0.4944
12.64,15.278,0.0,873.39,9.0,99.882,0.85,,0,-98.253,10,35,3,299,0.4682
12.886,15.354,0.0,864.99,9.0,99.929,0.9,,0,-98.27,10,35,3,237,0.4684
12.657,17.855,0.0,872.6,9.0,99.853,0.95,,1,-98.255,10,35,6,449,0.4499
13.949,24.378,0.0,682.02,9.0,99.907,1.0,,3,-98.636,10,35,7,398,0.4648
14.636,18.199,0.0501,13334.0,9.0,81.731,0.8,,2,-73.332,1,40,13,2793,0.4393
14.667,18.624,0.0,31611.61,9.0,72.384,0.85,,4,-36.777,1,40,13,1874,0.4429
14.964,19.64,0.0,69725.04,9.0,50.555,0.9,,5,39.45,1,40,13,1443,0.4511
14.906,20.761,0.0,143490.16,9.0,56.117,0.95,,8,186.98,1,40,13,1092,0.456
15.48,22.646,0.0,188787.95,9.0,48.814,1.0,,9,277.576,1,40,13,794,0.4622
14.431,18.434,0.0531,3954.88,9.0,96.049,0.8,,1,-92.09,2,40,9,1777,0.4344
14.667,18.624,0.0,7001.19,9.0,94.457,0.85,,4,-85.998,2,40,13,1874,0.4429
14.964,19.64,0.0,37593.46,9.0,84.361,0.9,,5,-24.813,2,40,13,1443,0.4511
14.906,20.761,0.0,179641.66,9.0,83.893,0.95,,8,259.283,2,40,13,1092,0.456
15.48,22.646,0.0,368637.72,9.0,75.492,1.0,,8,637.275,2,40,13,794,0.4622
13.872,18.01,0.051,2691.2,9.0,97.908,0.8,,1,-94.618,3,40,7,1555,0.4424
14.825,19.939,0.0,2669.41,9.0,98.455,0.85,,4,-94.661,3,40,10,1350,0.4356
14.964,19.64,0.0,7702.85,9.0,96.632,0.9,,5,-84.594,3,40,13,1443,0.4511
14.906,20.761,0.0,100992.99,9.0,95.402,0.95,,8,101.986,3,40,13,1092,0.456
15.48,22.646,0.0,355326.09,9.0,89.002,1.0,,7,610.652,3,40,13,794,0.4622
12.723,14.673,0.0,1987.44,9.0,98.746,0.8,,0,-96.025,4,40,5,968,0.4607
14.204,19.033,0.0,1485.54,9.0,99.389,0.85,,3,-97.029,4,40,8,1117,0.4432
15.189,21.173,0.0,2006.6,9.0,99.316,0.9,,3,-95.987,4,40,10,1036,0.4382
14.906,20.761,0.0,26628.05,9.0,98.905,0.95,,7,-46.744,4,40,13,1092,0.456
15.48,22.646,0.0,178938.69,9.0,95.943,1.0,,7,257.877,4,40,13,794,0.4622
12.807,14.535,0.0,1617.31,9.0,99.12,0.8,,0,-96.765,5,40,4,765,0.4614
13.888,18.973,0.0,1413.09,9.0,99.569,0.85,,3,-97.174,5,40,8,1071,0.4435
14.701,20.849,0.0,1602.61,9.0,99.618,0.9,,3,-96.795,5,40,9,911,0.4413
14.906,20.761,0.0,3741.2,9.0,99.799,0.95,,5,-92.518,5,40,13,1092,0.456
15.48,22.646,0.0,48522.39,9.0,98.77,1.0,,7,-2.955,5,40,13,794,0.4622
13.038,14.772,0.0,1326.99,9.0,99.322,0.8,,0,-97.346,6,40,3,419,0.4582
12.709,16.053,0.0,1287.61,9.0,99.696,0.85,,3,-97.425,6,40,6,756,0.4524
14.395,20.52,0.0,1105.7,9.0,99.806,0.9,,2,-97.789,6,40,8,867,0.4487
15.172,22.63,0.0,1320.95,9.0,99.868,0.95,,4,-97.358,6,40,10,773,0.4398
15.48,22.646,0.0,6782.26,9.0,99.773,1.0,,6,-86.435,6,40,13,794,0.4622
12.921,15.08,0.0,1152.16,9.0,99.432,0.8,,0,-97.696,7,40,2,331,0.4622
12.606,15.82,0.032,1041.12,9.0,99.8,0.85,,1,-97.918,7,40,5,690,0.4623
12.91,15.088,0.0,1046.37,9.0,99.862,0.9,,1,-97.907,7,40,5,474,0.4641
14.667,22.721,0.0,1047.95,9.0,99.748,0.95,,2,-97.904,7,40,9,677,0.4431
15.48,22.746,0.0,1002.8,9.0,99.948,1.0,,7,-97.994,7,40,13,792,0.4609
13.514,14.679,0.0,986.26,9.0,99.472,0.8,,0,-98.027,8,40,2,235,0.4638
12.509,15.469,0.0382,925.1,9.0,99.854,0.85,,1,-98.15,8,40,5,630,0.4714
12.925,14.764,0.0753,933.76,9.0,99.904,0.9,,1,-98.132,8,40,3,309,0.4628
14.443,22.711,0.0,631.89,9.0,99.873,0.95,,2,-98.736,8,40,8,647,0.4498
14.917,25.32,0.0,1006.47,9.0,99.883,1.0,,3,-97.987,8,40,9,488,0.4406
14.301,14.91,0.0,822.99,9.0,99.518,0.8,,0,-98.354,9,40,1,180,0.4944
12.64,15.278,0.0,873.39,9.0,99.882,0.85,,0,-98.253,9,40,3,299,0.4682
12.886,15.354,0.0,864.99,9.0,99.929,0.9,,0,-98.27,9,40,3,237,0.4684
12.657,17.855,0.0,872.6,9.0,99.853,0.95,,1,-98.255,9,40,6,449,0.4499
13.949,24.378,0.0,682.02,9.0,99.907,1.0,,3,-98.636,9,40,7,398,0.4648
14.301,14.91,0.0,822.99,9.0,99.518,0.8,,0,-98.354,10,40,1,180,0.4944
12.64,15.278,0.0,873.39,9.0,99.882,0.85,,0,-98.253,10,40,3,299,0.4682
12.886,15.354,0.0,864.99,9.0,99.929,0.9,,0,-98.27,10,40,3,237,0.4684
12.657,17.855,0.0,872.6,9.0,99.853,0.95,,1,-98.255,10,40,6,449,0.4499
13.949,24.378,0.0,682.02,9.0,99.907,1.0,,3,-98.636,10,40,7,398,0.4648
14.636,18.199,0.0501,13334.0,9.0,81.731,0.8,,2,-73.332,1,45,13,2793,0.4393
14.667,18.624,0.0,31611.61,9.0,72.384,0.85,,4,-36.777,1,45,13,1874,0.4429
14.964,19.64,0.0,69725.04,9.0,50.555,0.9,,5,39.45,1,45,13,1443,0.4511
14.906,20.761,0.0,143490.16,9.0,56.117,0.95,,8,186.98,1,45,13,1092,0.456
15.48,22.646,0.0,188787.95,9.0,48.814,1.0,,9,277.576,1,45,13,794,0.4622
14.431,18.434,0.0531,3954.88,9.0,96.049,0.8,,1,-92.09,2,45,9,1777,0.4344
14.667,18.624,0.0,7001.19,9.0,94.457,0.85,,4,-85.998,2,45,13,1874,0.4429
14.964,19.64,0.0,37593.46,9.0,84.361,0.9,,5,-24.813,2,45,13,1443,0.4511
14.906,20.761,0.0,179641.66,9.0,83.893,0.95,,8,259.283,2,45,13,1092,0.456
15.48,22.646,0.0,368637.72,9.0,75.492,1.0,,8,637.275,2,45,13,794,0.4622
13.872,18.01,0.051,2691.2,9.0,97.908,0.8,,1,-94.618,3,45,7,1555,0.4424
14.825,19.939,0.0,2669.41,9.0,98.455,0.85,,4,-94.661,3,45,10,1350,0.4356
14.964,19.64,0.0,7702.85,9.0,96.632,0.9,,5,-84.594,3,45,13,1443,0.4511
14.906,20.761,0.0,100992.99,9.0,95.402,0.95,,8,101.986,3,45,13,1092,0.456
15.48,22.646,0.0,355326.09,9.0,89.002,1.0,,7,610.652,3,45,13,794,0.4622
12.723,14.673,0.0,1987.44,9.0,98.746,0.8,,0,-96.025,4,45,5,968,0.4607
14.204,19.033,0.0,1485.54,9.0,99.389,0.85,,3,-97.029,4,45,8,1117,0.4432
15.189,21.173,0.0,2006.6,9.0,99.316,0.9,,3,-95.987,4,45,10,1036,0.4382
14.906,20.761,0.0,26628.05,9.0,98.905,0.95,,7,-46.744,4,45,13,1092,0.456
15.48,22.646,0.0,178938.69,9.0,95.943,1.0,,7,257.877,4,45,13,794,0.4622
12.807,14.535,0.0,1617.31,9.0,99.12,0.8,,0,-96.765,5,45,4,765,0.4614
13.888,18.973,0.0,1413.09,9.0,99.569,0.85,,3,-97.174,5,45,8,1071,0.4435
14.701,20.849,0.0,1602.61,9.0,99.618,0.9,,3,-96.795,5,45,9,911,0.4413
14.906,20.761,0.0,3741.2,9.0,99.799,0.95,,5,-92.518,5,45,13,1092,0.456
15.48,22.646,0.0,48522.39,9.0,98.77,1.0,,7,-2.955,5,45,13,794,0.4622
13.038,14.772,0.0,1326.99,9.0,99.322,0.8,,0,-97.346,6,45,3,419,0.4582
12.709,16.053,0.0,1287.61,9.0,99.696,0.85,,3,-97.425,6,45,6,756,0.4524
14.395,20.52,0.0,1105.7,9.0,99.806,0.9,,2,-97.789,6,45,8,867,0.4487
15.172,22.63,0.0,1320.95,9.0,99.868,0.95,,4,-97.358,6,45,10,773,0.4398
15.48,22.646,0.0,6782.26,9.0,99.773,1.0,,6,-86.435,6,45,13,794,0.4622
12.921,15.08,0.0,1152.16,9.0,99.432,0.8,,0,-97.696,7,45,2,331,0.4622
12.606,15.82,0.032,1041.12,9.0,99.8,0.85,,1,-97.918,7,45,5,690,0.4623
12.91,15.088,0.0,1046.37,9.0,99.862,0.9,,1,-97.907,7,45,5,474,0.4641
14.667,22.721,0.0,1047.95,9.0,99.748,0.95,,2,-97.904,7,45,9,677,0.4431
15.48,22.746,0.0,1002.8,9.0,99.948,1.0,,7,-97.994,7,45,13,792,0.4609
13.514,14.679,0.0,986.26,9.0,99.472,0.8,,0,-98.027,8,45,2,235,0.4638
12.509,15.469,0.0382,925.1,9.0,99.854,0.85,,1,-98.15,8,45,5,630,0.4714
12.925,14.764,0.0753,933.76,9.0,99.904,0.9,,1,-98.132,8,45,3,309,0.4628
14.443,22.711,0.0,631.89,9.0,99.873,0.95,,2,-98.736,8,45,8,647,0.4498
14.917,25.32,0.0,1006.47,9.0,99.883,1.0,,3,-97.987,8,45,9,488,0.4406
14.301,14.91,0.0,822.99,9.0,99.518,0.8,,0,-98.354,9,45,1,180,0.4944
12.64,15.278,0.0,873.39,9.0,99.882,0.85,,0,-98.253,9,45,3,299,0.4682
12.886,15.354,0.0,864.99,9.0,99.929,0.9,,0,-98.27,9,45,3,237,0.4684
12.657,17.855,0.0,872.6,9.0,99.853,0.95,,1,-98.255,9,45,6,449,0.4499
13.949,24.378,0.0,682.02,9.0,99.907,1.0,,3,-98.636,9,45,7,398,0.4648
14.301,14.91,0.0,822.99,9.0,99.518,0.8,,0,-98.354,10,45,1,180,0.4944
12.64,15.278,0.0,873.39,9.0,99.882,0.85,,0,-98.253,10,45,3,299,0.4682
12.886,15.354,0.0,864.99,9.0,99.929,0.9,,0,-98.27,10,45,3,237,0.4684
12.657,17.855,0.0,872.6,9.0,99.853,0.95,,1,-98.255,10,45,6,449,0.4499
13.949,24.378,0.0,682.02,9.0,99.907,1.0,,3,-98.636,10,45,7,398,0.4648
14.636,18.199,0.0501,13334.0,9.0,81.731,0.8,,2,-73.332,1,50,13,2793,0.4393
14.667,18.624,0.0,31611.61,9.0,72.384,0.85,,4,-36.777,1,50,13,1874,0.4429
14.964,19.64,0.0,69725.04,9.0,50.555,0.9,,5,39.45,1,50,13,1443,0.4511
14.906,20.761,0.0,143490.16,9.0,56.117,0.95,,8,186.98,1,50,13,1092,0.456
15.48,22.646,0.0,188787.95,9.0,48.814,1.0,,9,277.576,1,50,13,794,0.4622
14.431,18.434,0.0531,3954.88,9.0,96.049,0.8,,1,-92.09,2,50,9,1777,0.4344
14.667,18.624,0.0,7001.19,9.0,94.457,0.85,,4,-85.998,2,50,13,1874,0.4429
14.964,19.64,0.0,37593.46,9.0,84.361,0.9,,5,-24.813,2,50,13,1443,0.4511
14.906,20.761,0.0,179641.66,9.0,83.893,0.95,,8,259.283,2,50,13,1092,0.456
15.48,22.646,0.0,368637.72,9.0,75.492,1.0,,8,637.275,2,50,13,794,0.4622
13.872,18.01,0.051,2691.2,9.0,97.908,0.8,,1,-94.618,3,50,7,1555,0.4424
14.825,19.939,0.0,2669.41,9.0,98.455,0.85,,4,-94.661,3,50,10,1350,0.4356
14.964,19.64,0.0,7702.85,9.0,96.632,0.9,,5,-84.594,3,50,13,1443,0.4511
14.906,20.761,0.0,100992.99,9.0,95.402,0.95,,8,101.986,3,50,13,1092,0.456
15.48,22.646,0.0,355326.09,9.0,89.002,1.0,,7,610.652,3,50,13,794,0.4622
12.723,14.673,0.0,1987.44,9.0,98.746,0.8,,0,-96.025,4,50,5,968,0.4607
14.204,19.033,0.0,1485.54,9.0,99.389,0.85,,3,-97.029,4,50,8,1117,0.4432
15.189,21.173,0.0,2006.6,9.0,99.316,0.9,,3,-95.987,4,50,10,1036,0.4382
14.906,20.761,0.0,26628.05,9.0,98.905,0.95,,7,-46.744,4,50,13,1092,0.456
15.48,22.646,0.0,178938.69,9.0,95.943,1.0,,7,257.877,4,50,13,794,0.4622
12.807,14.535,0.0,1617.31,9.0,99.12,0.8,,0,-96.765,5,50,4,765,0.4614
13.888,18.973,0.0,1413.09,9.0,99.569,0.85,,3,-97.174,5,50,8,1071,0.4435
14.701,20.849,0.0,1602.61,9.0,99.618,0.9,,3,-96.795,5,50,9,911,0.4413
14.906,20.761,0.0,3741.2,9.0,99.799,0.95,,5,-92.518,5,50,13,1092,0.456
15.48,22.646,0.0,48522.39,9.0,98.77,1.0,,7,-2.955,5,50,13,794,0.4622
13.038,14.772,0.0,1326.99,9.0,99.322,0.8,,0,-97.346,6,50,3,419,0.4582
12.709,16.053,0.0,1287.61,9.0,99.696,0.85,,3,-97.425,6,50,6,756,0.4524
14.395,20.52,0.0,1105.7,9.0,99.806,0.9,,2,-97.789,6,50,8,867,0.4487
15.172,22.63,0.0,1320.95,9.0,99.868,0.95,,4,-97.358,6,50,10,773,0.4398
15.48,22.646,0.0,6782.26,9.0,99.773,1.0,,6,-86.435,6,50,13,794,0.4622
12.921,15.08,0.0,1152.16,9.0,99.432,0.8,,0,-97.696,7,50,2,331,0.4622
12.606,15.82,0.032,1041.12,9.0,99.8,0.85,,1,-97.918,7,50,5,690,0.4623
12.91,15.088,0.0,1046.37,9.0,99.862,0.9,,1,-97.907,7,50,5,474,0.4641
14.667,22.721,0.0,1047.95,9.0,99.748,0.95,,2,-97.904,7,50,9,677,0.4431
15.48,22.746,0.0,1002.8,9.0,99.948,1.0,,7,-97.994,7,50,13,792,0.4609
13.514,14.679,0.0,986.26,9.0,99.472,0.8,,0,-98.027,8,50,2,235,0.4638
12.509,15.469,0.0382,925.1,9.0,99.854,0.85,,1,-98.15,8,50,5,630,0.4714
12.925,14.764,0.0753,933.76,9.0,99.904,0.9,,1,-98.132,8,50,3,309,0.4628
14.443,22.711,0.0,631.89,9.0,99.873,0.95,,2,-98.736,8,50,8,647,0.4498
14.917,25.32,0.0,1006.47,9.0,99.883,1.0,,3,-97.987,8,50,9,488,0.4406
14.301,14.91,0.0,822.99,9.0,99.518,0.8,,0,-98.354,9,50,1,180,0.4944
12.64,15.278,0.0,873.39,9.0,99.882,0.85,,0,-98.253,9,50,3,299,0.4682
12.886,15.354,0.0,864.99,9.0,99.929,0.9,,0,-98.27,9,50,3,237,0.4684
12.657,17.855,0.0,872.6,9.0,99.853,0.95,,1,-98.255,9,50,6,449,0.4499
13.949,24.378,0.0,682.02,9.0,99.907,1.0,,3,-98.636,9,50,7,398,0.4648
14.301,14.91,0.0,822.99,9.0,99.518,0.8,,0,-98.354,10,50,1,180,0.4944
12.64,15.278,0.0,873.39,9.0,99.882,0.85,,0,-98.253,10,50,3,299,0.4682
12.886,15.354,0.0,864.99,9.0,99.929,0.9,,0,-98.27,10,50,3,237,0.4684
12.657,17.855,0.0,872.6,9.0,99.853,0.95,,1,-98.255,10,50,6,449,0.4499
13.949,24.378,0.0,682.02,9.0,99.907,1.0,,3,-98.636,10,50,7,398,0.4648
14.636,18.199,0.0501,13334.0,9.0,81.731,0.8,,2,-73.332,1,55,13,2793,0.4393
14.667,18.624,0.0,31611.61,9.0,72.384,0.85,,4,-36.777,1,55,13,1874,0.4429
14.964,19.64,0.0,69725.04,9.0,50.555,0.9,,5,39.45,1,55,13,1443,0.4511
14.906,20.761,0.0,143490.16,9.0,56.117,0.95,,8,186.98,1,55,13,1092,0.456
15.48,22.646,0.0,188787.95,9.0,48.814,1.0,,9,277.576,1,55,13,794,0.4622
14.431,18.434,0.0531,3954.88,9.0,96.049,0.8,,1,-92.09,2,55,9,1777,0.4344
14.667,18.624,0.0,7001.19,9.0,94.457,0.85,,4,-85.998,2,55,13,1874,0.4429
14.964,19.64,0.0,37593.46,9.0,84.361,0.9,,5,-24.813,2,55,13,1443,0.4511
14.906,20.761,0.0,179641.66,9.0,83.893,0.95,,8,259.283,2,55,13,1092,0.456
15.48,22.646,0.0,368637.72,9.0,75.492,1.0,,8,637.275,2,55,13,794,0.4622
13.872,18.01,0.051,2691.2,9.0,97.908,0.8,,1,-94.618,3,55,7,1555,0.4424
14.825,19.939,0.0,2669.41,9.0,98.455,0.85,,4,-94.661,3,55,10,1350,0.4356
14.964,19.64,0.0,7702.85,9.0,96.632,0.9,,5,-84.594,3,55,13,1443,0.4511
14.906,20.761,0.0,100992.99,9.0,95.402,0.95,,8,101.986,3,55,13,1092,0.456
15.48,22.646,0.0,355326.09,9.0,89.002,1.0,,7,610.652,3,55,13,794,0.4622
12.723,14.673,0.0,1987.44,9.0,98.746,0.8,,0,-96.025,4,55,5,968,0.4607
14.204,19.033,0.0,1485.54,9.0,99.389,0.85,,3,-97.029,4,55,8,1117,0.4432
15.189,21.173,0.0,2006.6,9.0,99.316,0.9,,3,-95.987,4,55,10,1036,0.4382
14.906,20.761,0.0,26628.05,9.0,98.905,0.95,,7,-46.744,4,55,13,1092,0.456
15.48,22.646,0.0,178938.69,9.0,95.943,1.0,,7,257.877,4,55,13,794,0.4622
12.807,14.535,0.0,1617.31,9.0,99.12,0.8,,0,-96.765,5,55,4,765,0.4614
13.888,18.973,0.0,1413.09,9.0,99.569,0.85,,3,-97.174,5,55,8,1071,0.4435
14.701,20.849,0.0,1602.61,9.0,99.618,0.9,,3,-96.795,5,55,9,911,0.4413
14.906,20.761,0.0,3741.2,9.0,99.799,0.95,,5,-92.518,5,55,13,1092,0.456
15.48,22.646,0.0,48522.39,9.0,98.77,1.0,,7,-2.955,5,55,13,794,0.4622
13.038,14.772,0.0,1326.99,9.0,99.322,0.8,,0,-97.346,6,55,3,419,0.4582
12.709,16.053,0.0,1287.61,9.0,99.696,0.85,,3,-97.425,6,55,6,756,0.4524
14.395,20.52,0.0,1105.7,9.0,99.806,0.9,,2,-97.789,6,55,8,867,0.4487
15.172,22.63,0.0,1320.95,9.0,99.868,0.95,,4,-97.358,6,55,10,773,0.4398
15.48,22.646,0.0,6782.26,9.0,99.773,1.0,,6,-86.435,6,55,13,794,0.4622
12.921,15.08,0.0,1152.16,9.0,99.432,0.8,,0,-97.696,7,55,2,331,0.4622
12.606,15.82,0.032,1041.12,9.0,99.8,0.85,,1,-97.918,7,55,5,690,0.4623
12.91,15.088,0.0,1046.37,9.0,99.862,0.9,,1,-97.907,7,55,5,474,0.4641
14.667,22.721,0.0,1047.95,9.0,99.748,0.95,,2,-97.904,7,55,9,677,0.4431
15.48,22.746,0.0,1002.8,9.0,99.948,1.0,,7,-97.994,7,55,13,792,0.4609
13.514,14.679,0.0,986.26,9.0,99.472,0.8,,0,-98.027,8,55,2,235,0.4638
12.509,15.469,0.0382,925.1,9.0,99.854,0.85,,1,-98.15,8,55,5,630,0.4714
12.925,14.764,0.0753,933.76,9.0,99.904,0.9,,1,-98.132,8,55,3,309,0.4628
14.443,22.711,0.0,631.89,9.0,99.873,0.95,,2,-98.736,8,55,8,647,0.4498
14.917,25.32,0.0,1006.47,9.0,99.883,1.0,,3,-97.987,8,55,9,488,0.4406
14.301,14.91,0.0,822.99,9.0,99.518,0.8,,0,-98.354,9,55,1,180,0.4944
12.64,15.278,0.0,873.39,9.0,99.882,0.85,,0,-98.253,9,55,3,299,0.4682
12.886,15.354,0.0,864.99,9.0,99.929,0.9,,0,-98.27,9,55,3,237,0.4684
12.657,17.855,0.0,872.6,9.0,99.853,0.95,,1,-98.255,9,55,6,449,0.4499
13.949,24.378,0.0,682.02,9.0,99.907,1.0,,3,-98.636,9,55,7,398,0.4648
14.301,14.91,0.0,822.99,9.0,99.518,0.8,,0,-98.354,10,55,1,180,0.4944
12.64,15.278,0.0,873.39,9.0,99.882,0.85,,0,-98.253,10,55,3,299,0.4682
12.886,15.354,0.0,864.99,9.0,99.929,0.9,,0,-98.27,10,55,3,237,0.4684
12.657,17.855,0.0,872.6,9.0,99.853,0.95,,1,-98.255,10,55,6,449,0.4499
13.949,24.378,0.0,682.02,9.0,99.907,1.0,,3,-98.636,10,55,7,398,0.4648
14.636,18.199,0.0501,13334.0,9.0,81.731,0.8,,2,-73.332,1,60,13,2793,0.4393
14.667,18.624,0.0,31611.61,9.0,72.384,0.85,,4,-36.777,1,60,13,1874,0.4429
14.964,19.64,0.0,69725.04,9.0,50.555,0.9,,5,39.45,1,60,13,1443,0.4511
14.906,20.761,0.0,143490.16,9.0,56.117,0.95,,8,186.98,1,60,13,1092,0.456
15.48,22.646,0.0,188787.95,9.0,48.814,1.0,,9,277.576,1,60,13,794,0.4622
14.431,18.434,0.0531,3954.88,9.0,96.049,0.8,,1,-92.09,2,60,9,1777,0.4344
14.667,18.624,0.0,7001.19,9.0,94.457,0.85,,4,-85.998,2,60,13,1874,0.4429
14.964,19.64,0.0,37593.46,9.0,84.361,0.9,,5,-24.813,2,60,13,1443,0.4511
14.906,20.761,0.0,179641.66,9.0,83.893,0.95,,8,259.283,2,60,13,1092,0.456
15.48,22.646,0.0,368637.72,9.0,75.492,1.0,,8,637.275,2,60,13,794,0.4622
13.872,18.01,0.051,2691.2,9.0,97.908,0.8,,1,-94.618,3,60,7,1555,0.4424
14.825,19.939,0.0,2669.41,9.0,98.455,0.85,,4,-94.661,3,60,10,1350,0.4356
14.964,19.64,0.0,7702.85,9.0,96.632,0.9,,5,-84.594,3,60,13,1443,0.4511
14.906,20.761,0.0,100992.99,9.0,95.402,0.95,,8,101.986,3,60,13,1092,0.456
15.48,22.646,0.0,355326.09,9.0,89.002,1.0,,7,610.652,3,60,13,794,0.4622
12.723,14.673,0.0,1987.44,9.0,98.746,0.8,,0,-96.025,4,60,5,968,0.4607
14.204,19.033,0.0,1485.54,9.0,99.389,0.85,,3,-97.029,4,60,8,1117,0.4432
15.189,21.173,0.0,2006.6,9.0,99.316,0.9,,3,-95.987,4,60,10,1036,0.4382
14.906,20.761,0.0,26628.05,9.0,98.905,0.95,,7,-46.744,4,60,13,1092,0.456
15.48,22.646,0.0,178938.69,9.0,95.943,1.0,,7,257.877,4,60,13,794,0.4622
12.807,14.535,0.0,1617.31,9.0,99.12,0.8,,0,-96.765,5,60,4,765,0.4614
13.888,18.973,0.0,1413.09,9.0,99.569,0.85,,3,-97.174,5,60,8,1071,0.4435
14.701,20.849,0.0,1602.61,9.0,99.618,0.9,,3,-96.795,5,60,9,911,0.4413
14.906,20.761,0.0,3741.2,9.0,99.799,0.95,,5,-92.518,5,60,13,1092,0.456
15.48,22.646,0.0,48522.39,9.0,98.77,1.0,,7,-2.955,5,60,13,794,0.4622
13.038,14.772,0.0,1326.99,9.0,99.322,0.8,,0,-97.346,6,60,3,419,0.4582
12.709,16.053,0.0,1287.61,9.0,99.696,0.85,,3,-97.425,6,60,6,756,0.4524
14.395,20.52,0.0,1105.7,9.0,99.806,0.9,,2,-97.789,6,60,8,867,0.4487
15.172,22.63,0.0,1320.95,9.0,99.868,0.95,,4,-97.358,6,60,10,773,0.4398
15.48,22.646,0.0,6782.26,9.0,99.773,1.0,,6,-86.435,6,60,13,794,0.4622
12.921,15.08,0.0,1152.16,9.0,99.432,0.8,,0,-97.696,7,60,2,331,0.4622
12.606,15.82,0.032,1041.12,9.0,99.8,0.85,,1,-97.918,7,60,5,690,0.4623
12.91,15.088,0.0,1046.37,9.0,99.862,0.9,,1,-97.907,7,60,5,474,0.4641
14.667,22.721,0.0,1047.95,9.0,99.748,0.95,,2,-97.904,7,60,9,677,0.4431
15.48,22.746,0.0,1002.8,9.0,99.948,1.0,,7,-97.994,7,60,13,792,0.4609
13.514,14.679,0.0,986.26,9.0,99.472,0.8,,0,-98.027,8,60,2,235,0.4638
12.509,15.469,0.0382,925.1,9.0,99.854,0.85,,1,-98.15,8,60,5,630,0.4714
12.925,14.764,0.0753,933.76,9.0,99.904,0.9,,1,-98.132,8,60,3,309,0.4628
14.443,22.711,0.0,631.89,9.0,99.873,0.95,,2,-98.736,8,60,8,647,0.4498
14.917,25.32,0.0,1006.47,9.0,99.883,1.0,,3,-97.987,8,60,9,488,0.4406
14.301,14.91,0.0,822.99,9.0,99.518,0.8,,0,-98.354,9,60,1,180,0.4944
12.64,15.278,0.0,873.39,9.0,99.882,0.85,,0,-98.253,9,60,3,299,0.4682
12.886,15.354,0.0,864.99,9.0,99.929,0.9,,0,-98.27,9,60,3,237,0.4684
12.657,17.855,0.0,872.6,9.0,99.853,0.95,,1,-98.255,9,60,6,449,0.4499
13.949,24.378,0.0,682.02,9.0,99.907,1.0,,3,-98.636,9,60,7,398,0.4648
14.301,14.91,0.0,822.99,9.0,99.518,0.8,,0,-98.354,10,60,1,180,0.4944
12.64,15.278,0.0,873.39,9.0,99.882,0.85,,0,-98.253,10,60,3,299,0.4682
12.886,15.354,0.0,864.99,9.0,99.929,0.9,,0,-98.27,10,60,3,237,0.4684
12.657,17.855,0.0,872.6,9.0,99.853,0.95,,1,-98.255,10,60,6,449,0.4499
13.949,24.378,0.0,682.02,9.0,99.907,1.0,,3,-98.636,10,60,7,398,0.4648
14.637,18.033,0.0,19372.81,9.5,75.033,0.8,,5,-61.254,1,5,13,2792,0.4452
14.545,18.512,0.0,42944.52,9.5,64.407,0.85,,6,-14.111,1,5,13,1873,0.4479
14.789,19.467,0.0,103038.91,9.5,48.349,0.9,,7,106.078,1,5,13,1443,0.4581
14.732,20.523,0.0,172286.15,9.5,53.445,0.95,,8,244.572,1,5,13,1092,0.4625
15.19,22.411,0.0,219176.52,9.5,46.903,1.0,,9,338.353,1,5,13,794,0.4673
14.654,18.335,0.0,4202.68,9.5,96.344,0.8,,3,-91.595,2,5,9,1782,0.4394
14.545,18.512,0.0,13810.44,9.5,92.397,0.85,,5,-72.379,2,5,13,1873,0.4479
14.789,19.467,0.0,89807.6,9.5,80.185,0.9,,6,79.615,2,5,13,1443,0.4581
14.732,20.523,0.0,295805.26,9.5,81.828,0.95,,8,491.611,2,5,13,1092,0.4625
15.19,22.411,0.0,532975.59,9.5,73.551,1.0,,7,965.951,2,5,13,794,0.4673
14.135,17.999,0.0,2817.99,9.5,98.3,0.8,,0,-94.364,3,5,8,1583,0.4466
14.644,18.795,0.0,2734.25,9.5,98.711,0.85,,4,-94.532,3,5,12,1797,0.4485
14.789,19.467,0.0,33387.42,9.5,93.915,0.9,,6,-33.225,3,5,13,1443,0.4581
14.732,20.523,0.0,245621.04,9.5,94.168,0.95,,8,391.242,3,5,13,1092,0.4625
15.19,22.411,0.0,713939.67,9.5,87.485,1.0,,7,1327.879,3,5,13,794,0.4673
12.901,14.661,0.0,2006.08,9.5,99.078,0.8,,0,-95.988,4,5,5,967,0.4643
14.438,19.407,0.0,2058.05,9.5,99.356,0.85,,3,-95.884,4,5,9,1173,0.4425
14.789,19.467,0.0,5187.31,9.5,98.74,0.9,,4,-89.625,4,5,13,1443,0.4581
14.732,20.523,0.0,104528.86,9.5,98.474,0.95,,7,109.058,4,5,13,1092,0.4625
15.19,22.411,0.0,532921.25,9.5,94.909,1.0,,7,965.842,4,5,13,794,0.4673
13.198,14.601,0.0,1657.48,9.5,99.409,0.8,,0,-96.685,5,5,3,615,0.4667
13.931,18.967,0.0,1571.9,9.5,99.662,0.85,,3,-96.856,5,5,8,1070,0.4486
15.182,21.114,0.0,1675.32,9.5,99.704,0.9,,3,-96.649,5,5,10,1030,0.4456
14.732,20.523,0.0,23525.04,9.5,99.672,0.95,,6,-52.95,5,5,13,1092,0.4625
15.19,22.411,0.0,224242.51,9.5,98.289,1.0,,7,348.485,5,5,13,794,0.4673
13.246,14.798,0.0,1401.8,9.5,99.578,0.8,,0,-97.196,6,5,3,437,0.46
13.571,18.493,0.0,1422.01,9.5,99.782,0.85,,3,-97.156,6,5,7,990,0.4525
14.7,20.784,0.0,1349.82,9.5,99.836,0.9,,3,-97.3,6,5,9,904,0.4513
14.732,20.523,0.0,3523.85,9.5,99.94,0.95,,6,-92.952,6,5,13,1092,0.4625
15.19,22.411,0.0,52853.64,9.5,99.563,1.0,,6,5.707,6,5,13,794,0.4673
13.28,14.868,0.0,1024.06,9.5,99.728,0.8,,0,-97.952,7,5,3,424,0.4646
12.665,16.158,0.0,1106.49,9.5,99.875,0.85,,3,-97.787,7,5,5,736,0.4565
14.365,20.505,0.0,1195.74,9.5,99.898,0.9,,2,-97.609,7,5,8,864,0.456
14.834,22.536,0.0,1044.28,9.5,99.956,0.95,,4,-97.911,7,5,9,691,0.4443
15.19,22.411,0.0,5598.65,9.5,99.912,1.0,,6,-88.803,7,5,13,794,0.4673
12.866,15.231,0.0,937.96,9.5,99.761,0.8,,0,-98.124,8,5,2,339,0.4631
12.642,15.922,0.0,1058.19,9.5,99.909,0.85,,3,-97.884,8,5,5,686,0.4665
13.837,19.718,0.0,974.19,9.5,99.941,0.9,,2,-98.052,8,5,7,770,0.4584
14.666,22.597,0.0,783.88,9.5,99.922,0.95,,3,-98.432,8,5,9,677,0.452
15.3,25.211,0.0,1053.2,9.5,99.964,1.0,,4,-97.894,8,5,9,503,0.4433
13.446,14.706,0.0,892.55,9.5,99.778,0.8,,0,-98.215,9,5,2,235,0.4766
12.515,15.6,0.0213,919.33,9.5,99.939,0.85,,1,-98.161,9,5,5,626,0.4744
12.863,14.996,0.0,800.94,9.5,99.964,0.9,,1,-98.398,9,5,4,337,0.4718
14.438,22.584,0.0,377.0,9.5,99.963,0.95,,2,-99.246,9,5,8,647,0.459
14.843,25.257,0.0,932.45,9.5,99.924,1.0,,4,-98.135,9,5,9,482,0.4502
13.858,14.6,0.0,843.46,9.5,99.789,0.8,,0,-98.313,10,5,2,199,0.4925
12.511,15.585,0.0117,677.04,9.5,99.96,0.85,,1,-98.646,10,5,5,603,0.4776
12.86,15.051,0.0,680.71,9.5,99.973,0.9,,0,-98.639,10,5,3,302,0.4768
13.572,21.841,0.0,159.91,9.5,99.986,0.95,,2,-99.68,10,5,7,561,0.4688
13.806,24.315,0.0,619.81,9.5,99.956,1.0,,3,-98.76,10,5,7,398,0.4698
14.792,18.019,0.0105,17472.58,9.5,77.067,0.8,,4,-65.055,1,10,13,2792,0.4473
14.762,18.467,0.0,42102.42,9.5,64.652,0.85,,7,-15.795,1,10,13,1873,0.4511
14.993,19.459,0.0,92573.04,9.5,49.197,0.9,,7,85.146,1,10,13,1443,0.4602
14.974,20.476,0.0,169638.05,9.5,53.207,0.95,,8,239.276,1,10,13,1092,0.4661
15.437,22.326,0.0,211492.1,9.5,46.783,1.0,,8,322.984,1,10,13,794,0.4698
14.82,18.302,0.0068,4203.99,9.5,96.108,0.8,,3,-91.592,2,10,9,1782,0.4416
14.762,18.467,0.0,11922.27,9.5,92.471,0.85,,4,-76.155,2,10,13,1873,0.4511
14.993,19.459,0.0,82680.99,9.5,79.739,0.9,,6,65.362,2,10,13,1443,0.4602
14.974,20.476,0.0,285386.38,9.5,81.728,0.95,,8,470.773,2,10,13,1092,0.4661
15.437,22.326,0.0,473979.5,9.5,73.543,1.0,,7,847.959,2,10,13,794,0.4698
14.322,17.965,0.0065,2816.94,9.5,98.114,0.8,,1,-94.366,3,10,8,1583,0.4491
14.781,18.563,0.0,2845.29,9.5,98.543,0.85,,4,-94.309,3,10,13,1851,0.4516
14.993,19.459,0.0,26054.75,9.5,94.094,0.9,,6,-47.891,3,10,13,1443,0.4602
14.974,20.476,0.0,221233.21,9.5,94.176,0.95,,8,342.466,3,10,13,1092,0.4661
15.437,22.326,0.0,571076.15,9.5,87.454,1.0,,7,1042.152,3,10,13,794,0.4698
13.144,14.636,0.0,2003.45,9.5,98.935,0.8,,0,-95.993,4,10,5,967,0.4685
14.689,19.316,0.0,2121.31,9.5,99.259,0.85,,3,-95.757,4,10,9,1171,0.4466
14.993,19.459,0.0,4500.61,9.5,98.785,0.9,,4,-90.999,4,10,13,1443,0.4602
14.974,20.476,0.0,92700.88,9.5,98.448,0.95,,7,85.402,4,10,13,1092,0.4661
15.437,22.326,0.0,404900.52,9.5,94.884,1.0,,7,709.801,4,10,13,794,0.4698
13.5,14.546,0.0,1661.41,9.5,99.298,0.8,,0,-96.677,5,10,3,617,0.4716
14.181,18.873,0.0,1569.27,9.5,99.61,0.85,,3,-96.861,5,10,8,1070,0.4523
15.046,20.672,0.0,1446.42,9.5,99.726,0.9,,3,-97.107,5,10,9,920,0.4467
14.974,20.476,0.0,20188.4,9.5,99.653,0.95,,6,-59.623,5,10,13,1092,0.4661
15.437,22.326,0.0,156897.35,9.5,98.284,1.0,,7,213.795,5,10,13,794,0.4698
13.499,14.713,0.0,1335.39,9.5,99.509,0.8,,0,-97.329,6,10,3,437,0.4645
13.84,18.397,0.0,1423.85,9.5,99.739,0.85,,4,-97.152,6,10,7,990,0.4566
14.776,20.387,0.0,1323.84,9.5,99.825,0.9,,3,-97.352,6,10,8,870,0.4563
14.974,20.476,0.0,3374.75,9.5,99.921,0.95,,6,-93.25,6,10,13,1092,0.4661
15.437,22.326,0.0,35466.95,9.5,99.547,1.0,,6,-29.066,6,10,13,794,0.4698
13.384,14.748,0.0,1186.81,9.5,99.6,0.8,,0,-97.626,7,10,3,421,0.4703
12.935,16.057,0.0,1174.21,9.5,99.836,0.85,,3,-97.652,7,10,5,735,0.4626
14.427,20.298,0.0,1115.67,9.5,99.895,0.9,,2,-97.769,7,10,8,830,0.4602
15.065,22.431,0.0,733.21,9.5,99.954,0.95,,4,-98.534,7,10,9,691,0.4472
15.437,22.326,0.0,4720.06,9.5,99.906,1.0,,6,-90.56,7,10,13,794,0.4698
13.165,15.121,0.0,1055.3,9.5,99.653,0.8,,0,-97.889,8,10,2,334,0.4731
12.933,15.818,0.0,957.13,9.5,99.895,0.85,,2,-98.086,8,10,5,688,0.4709
13.132,15.108,0.0,867.09,9.5,99.941,0.9,,1,-98.266,8,10,5,474,0.4747
14.804,22.54,0.0,1021.7,9.5,99.868,0.95,,4,-97.957,8,10,8,672,0.4568
15.373,25.085,0.0,934.55,9.5,99.954,1.0,,4,-98.131,8,10,9,490,0.4469
13.846,14.618,0.0,908.56,9.5,99.686,0.8,,0,-98.183,9,10,2,235,0.4809
12.855,15.475,0.0,677.83,9.5,99.94,0.85,,0,-98.644,9,10,5,603,0.4842
13.079,14.881,0.0,876.28,9.5,99.955,0.9,,1,-98.247,9,10,3,309,0.4757
14.466,22.619,0.0,829.55,9.5,99.914,0.95,,2,-98.341,9,10,8,619,0.4637
15.138,25.085,0.0,678.87,9.5,99.942,1.0,,4,-98.642,9,10,9,482,0.4544
14.451,15.07,0.0,851.34,9.5,99.699,0.8,,0,-98.297,10,10,2,183,0.4973
12.857,15.274,0.0,803.83,9.5,99.936,0.85,,0,-98.392,10,10,3,403,0.4814
13.078,15.0,0.0,816.16,9.5,99.963,0.9,,0,-98.368,10,10,3,301,0.4817
13.861,21.725,0.0,189.31,9.5,99.982,0.95,,2,-99.621,10,10,7,561,0.4724
14.167,24.126,0.0,377.52,9.5,99.972,1.0,,3,-99.245,10,10,7,398,0.4749
14.909,18.091,0.0118,17268.35,9.5,77.338,0.8,,4,-65.463,1,15,13,2792,0.4481
14.923,18.539,0.0,41022.76,9.5,65.721,0.85,,7,-17.954,1,15,13,1873,0.4517
15.206,19.549,0.0,85081.55,9.5,49.197,0.9,,7,70.163,1,15,13,1443,0.4608
15.148,20.591,0.0,166847.15,9.5,53.207,0.95,,8,233.694,1,15,13,1092,0.467
15.679,22.478,0.0,209067.39,9.5,46.783,1.0,,8,318.135,1,15,13,794,0.471
14.82,18.302,0.0068,4203.99,9.5,96.108,0.8,,3,-91.592,2,15,9,1782,0.4416
14.923,18.539,0.0,10863.61,9.5,93.169,0.85,,4,-78.273,2,15,13,1873,0.4517
15.206,19.549,0.0,68803.66,9.5,79.739,0.9,,6,37.607,2,15,13,1443,0.4608
15.148,20.591,0.0,275102.15,9.5,81.728,0.95,,8,450.204,2,15,13,1092,0.467
15.679,22.478,0.0,455918.19,9.5,73.543,1.0,,7,811.836,2,15,13,794,0.471
14.322,17.965,0.0065,2816.94,9.5,98.114,0.8,,1,-94.366,3,15,8,1583,0.4491
15.035,18.857,0.0,2828.22,9.5,98.552,0.85,,4,-94.344,3,15,12,1787,0.4527
15.206,19.549,0.0,19550.0,9.5,94.318,0.9,,6,-60.9,3,15,13,1443,0.4608
15.148,20.591,0.0,206116.36,9.5,94.176,0.95,,8,312.233,3,15,13,1092,0.467
15.679,22.478,0.0,529765.74,9.5,87.454,1.0,,7,959.531,3,15,13,794,0.471
13.144,14.636,0.0,2003.45,9.5,98.935,0.8,,0,-95.993,4,15,5,967,0.4685
14.689,19.316,0.0,2121.31,9.5,99.259,0.85,,3,-95.757,4,15,9,1171,0.4466
15.206,19.549,0.0,3413.07,9.5,99.101,0.9,,4,-93.174,4,15,13,1443,0.4608
15.148,20.591,0.0,81643.33,9.5,98.448,0.95,,7,63.287,4,15,13,1092,0.467
15.679,22.478,0.0,357637.14,9.5,94.884,1.0,,7,615.274,4,15,13,794,0.471
13.5,14.546,0.0,1661.41,9.5,99.298,0.8,,0,-96.677,5,15,3,617,0.4716
14.181,18.873,0.0,1569.27,9.5,99.61,0.85,,3,-96.861,5,15,8,1070,0.4523
15.046,20.672,0.0,1446.42,9.5,99.726,0.9,,3,-97.107,5,15,9,920,0.4467
15.148,20.591,0.0,17230.55,9.5,99.653,0.95,,6,-65.539,5,15,13,1092,0.467
15.679,22.478,0.0,130649.19,9.5,98.284,1.0,,7,161.298,5,15,13,794,0.471
13.499,14.713,0.0,1335.39,9.5,99.509,0.8,,0,-97.329,6,15,3,437,0.4645
13.84,18.397,0.0,1423.85,9.5,99.739,0.85,,4,-97.152,6,15,7,990,0.4566
14.776,20.387,0.0,1323.84,9.5,99.825,0.9,,3,-97.352,6,15,8,870,0.4563
15.148,20.591,0.0,2509.29,9.5,99.921,0.95,,6,-94.981,6,15,13,1092,0.467
15.679,22.478,0.0,27447.84,9.5,99.547,1.0,,6,-45.104,6,15,13,794,0.471
13.384,14.748,0.0,1186.81,9.5,99.6,0.8,,0,-97.626,7,15,3,421,0.4703
12.935,16.057,0.0,1174.21,9.5,99.836,0.85,,3,-97.652,7,15,5,735,0.4626
14.427,20.298,0.0,1115.67,9.5,99.895,0.9,,2,-97.769,7,15,8,830,0.4602
15.065,22.431,0.0,733.21,9.5,99.954,0.95,,4,-98.534,7,15,9,691,0.4472
15.679,22.478,0.0,3434.6,9.5,99.906,1.0,,6,-93.131,7,15,13,794,0.471
13.165,15.121,0.0,1055.3,9.5,99.653,0.8,,0,-97.889,8,15,2,334,0.4731
12.933,15.818,0.0,957.13,9.5,99.895,0.85,,2,-98.086,8,15,5,688,0.4709
13.132,15.108,0.0,867.09,9.5,99.941,0.9,,1,-98.266,8,15,5,474,0.4747
14.804,22.54,0.0,1021.7,9.5,99.868,0.95,,4,-97.957,8,15,8,672,0.4568
15.373,25.085,0.0,934.55,9.5,99.954,1.0,,4,-98.131,8,15,9,490,0.4469
13.846,14.618,0.0,908.56,9.5,99.686,0.8,,0,-98.183,9,15,2,235,0.4809
12.855,15.475,0.0,677.83,9.5,99.94,0.85,,0,-98.644,9,15,5,603,0.4842
13.079,14.881,0.0,876.28,9.5,99.955,0.9,,1,-98.247,9,15,3,309,0.4757
14.466,22.619,0.0,829.55,9.5,99.914,0.95,,2,-98.341,9,15,8,619,0.4637
15.138,25.085,0.0,678.87,9.5,99.942,1.0,,4,-98.642,9,15,9,482,0.4544
14.451,15.07,0.0,851.34,9.5,99.699,0.8,,0,-98.297,10,15,2,183,0.4973
12.857,15.274,0.0,803.83,9.5,99.936,0.85,,0,-98.392,10,15,3,403,0.4814
13.078,15.0,0.0,816.16,9.5,99.963,0.9,,0,-98.368,10,15,3,301,0.4817
13.861,21.725,0.0,189.31,9.5,99.982,0.95,,2,-99.621,10,15,7,561,0.4724
14.167,24.126,0.0,377.52,9.5,99.972,1.0,,3,-99.245,10,15,7,398,0.4749
14.909,18.091,0.0118,17268.35,9.5,77.338,0.8,,4,-65.463,1,20,13,2792,0.4481
14.923,18.539,0.0,41022.76,9.5,65.721,0.85,,7,-17.954,1,20,13,1873,0.4517
15.206,19.549,0.0,85081.55,9.5,49.197,0.9,,7,70.163,1,20,13,1443,0.4608
15.148,20.591,0.0,166847.15,9.5,53.207,0.95,,8,233.694,1,20,13,1092,0.467
15.679,22.478,0.0,209067.39,9.5,46.783,1.0,,8,318.135,1,20,13,794,0.471
14.82,18.302,0.0068,4203.99,9.5,96.108,0.8,,3,-91.592,2,20,9,1782,0.4416
14.923,18.539,0.0,10863.61,9.5,93.169,0.85,,4,-78.273,2,20,13,1873,0.4517
15.206,19.549,0.0,68803.66,9.5,79.739,0.9,,6,37.607,2,20,13,1443,0.4608
15.148,20.591,0.0,275102.15,9.5,81.728,0.95,,8,450.204,2,20,13,1092,0.467
15.679,22.478,0.0,455918.19,9.5,73.543,1.0,,7,811.836,2,20,13,794,0.471
14.322,17.965,0.0065,2816.94,9.5,98.114,0.8,,1,-94.366,3,20,8,1583,0.4491
15.035,18.857,0.0,2828.22,9.5,98.552,0.85,,4,-94.344,3,20,12,1787,0.4527
15.206,19.549,0.0,19550.0,9.5,94.318,0.9,,6,-60.9,3,20,13,1443,0.4608
15.148,20.591,0.0,206116.36,9.5,94.176,0.95,,8,312.233,3,20,13,1092,0.467
15.679,22.478,0.0,529765.74,9.5,87.454,1.0,,7,959.531,3,20,13,794,0.471
13.144,14.636,0.0,2003.45,9.5,98.935,0.8,,0,-95.993,4,20,5,967,0.4685
14.689,19.316,0.0,2121.31,9.5,99.259,0.85,,3,-95.757,4,20,9,1171,0.4466
15.206,19.549,0.0,3413.07,9.5,99.101,0.9,,4,-93.174,4,20,13,1443,0.4608
15.148,20.591,0.0,81643.33,9.5,98.448,0.95,,7,63.287,4,20,13,1092,0.467
15.679,22.478,0.0,357637.14,9.5,94.884,1.0,,7,615.274,4,20,13,794,0.471
13.5,14.546,0.0,1661.41,9.5,99.298,0.8,,0,-96.677,5,20,3,617,0.4716
14.181,18.873,0.0,1569.27,9.5,99.61,0.85,,3,-96.861,5,20,8,1070,0.4523
15.046,20.672,0.0,1446.42,9.5,99.726,0.9,,3,-97.107,5,20,9,920,0.4467
15.148,20.591,0.0,17230.55,9.5,99.653,0.95,,6,-65.539,5,20,13,1092,0.467
15.679,22.478,0.0,130649.19,9.5,98.284,1.0,,7,161.298,5,20,13,794,0.471
13.499,14.713,0.0,1335.39,9.5,99.509,0.8,,0,-97.329,6,20,3,437,0.4645
13.84,18.397,0.0,1423.85,9.5,99.739,0.85,,4,-97.152,6,20,7,990,0.4566
14.776,20.387,0.0,1323.84,9.5,99.825,0.9,,3,-97.352,6,20,8,870,0.4563
15.148,20.591,0.0,2509.29,9.5,99.921,0.95,,6,-94.981,6,20,13,1092,0.467
15.679,22.478,0.0,27447.84,9.5,99.547,1.0,,6,-45.104,6,20,13,794,0.471
13.384,14.748,0.0,1186.81,9.5,99.6,0.8,,0,-97.626,7,20,3,421,0.4703
12.935,16.057,0.0,1174.21,9.5,99.836,0.85,,3,-97.652,7,20,5,735,0.4626
14.427,20.298,0.0,1115.67,9.5,99.895,0.9,,2,-97.769,7,20,8,830,0.4602
15.065,22.431,0.0,733.21,9.5,99.954,0.95,,4,-98.534,7,20,9,691,0.4472
15.679,22.478,0.0,3434.6,9.5,99.906,1.0,,6,-93.131,7,20,13,794,0.471
13.165,15.121,0.0,1055.3,9.5,99.653,0.8,,0,-97.889,8,20,2,334,0.4731
12.933,15.818,0.0,957.13,9.5,99.895,0.85,,2,-98.086,8,20,5,688,0.4709
13.132,15.108,0.0,867.09,9.5,99.941,0.9,,1,-98.266,8,20,5,474,0.4747
14.804,22.54,0.0,1021.7,9.5,99.868,0.95,,4,-97.957,8,20,8,672,0.4568
15.373,25.085,0.0,934.55,9.5,99.954,1.0,,4,-98.131,8,20,9,490,0.4469
13.846,14.618,0.0,908.56,9.5,99.686,0.8,,0,-98.183,9,20,2,235,0.4809
12.855,15.475,0.0,677.83,9.5,99.94,0.85,,0,-98.644,9,20,5,603,0.4842
13.079,14.881,0.0,876.28,9.5,99.955,0.9,,1,-98.247,9,20,3,309,0.4757
14.466,22.619,0.0,829.55,9.5,99.914,0.95,,2,-98.341,9,20,8,619,0.4637
15.138,25.085,0.0,678.87,9.5,99.942,1.0,,4,-98.642,9,20,9,482,0.4544
14.451,15.07,0.0,851.34,9.5,99.699,0.8,,0,-98.297,10,20,2,183,0.4973
12.857,15.274,0.0,803.83,9.5,99.936,0.85,,0,-98.392,10,20,3,403,0.4814
13.078,15.0,0.0,816.16,9.5,99.963,0.9,,0,-98.368,10,20,3,301,0.4817
13.861,21.725,0.0,189.31,9.5,99.982,0.95,,2,-99.621,10,20,7,561,0.4724
14.167,24.126,0.0,377.52,9.5,99.972,1.0,,3,-99.245,10,20,7,398,0.4749
14.909,18.091,0.0118,17268.35,9.5,77.338,0.8,,4,-65.463,1,25,13,2792,0.4481
14.923,18.539,0.0,41022.76,9.5,65.721,0.85,,7,-17.954,1,25,13,1873,0.4517
15.206,19.549,0.0,85081.55,9.5,49.197,0.9,,7,70.163,1,25,13,1443,0.4608
15.148,20.591,0.0,166847.15,9.5,53.207,0.95,,8,233.694,1,25,13,1092,0.467
15.679,22.478,0.0,209067.39,9.5,46.783,1.0,,8,318.135,1,25,13,794,0.471
14.82,18.302,0.0068,4203.99,9.5,96.108,0.8,,3,-91.592,2,25,9,1782,0.4416
14.923,18.539,0.0,10863.61,9.5,93.169,0.85,,4,-78.273,2,25,13,1873,0.4517
15.206,19.549,0.0,68803.66,9.5,79.739,0.9,,6,37.607,2,25,13,1443,0.4608
15.148,20.591,0.0,275102.15,9.5,81.728,0.95,,8,450.204,2,25,13,1092,0.467
15.679,22.478,0.0,455918.19,9.5,73.543,1.0,,7,811.836,2,25,13,794,0.471
14.322,17.965,0.0065,2816.94,9.5,98.114,0.8,,1,-94.366,3,25,8,1583,0.4491
15.035,18.857,0.0,2828.22,9.5,98.552,0.85,,4,-94.344,3,25,12,1787,0.4527
15.206,19.549,0.0,19550.0,9.5,94.318,0.9,,6,-60.9,3,25,13,1443,0.4608
15.148,20.591,0.0,206116.36,9.5,94.176,0.95,,8,312.233,3,25,13,1092,0.467
15.679,22.478,0.0,529765.74,9.5,87.454,1.0,,7,959.531,3,25,13,794,0.471
13.144,14.636,0.0,2003.45,9.5,98.935,0.8,,0,-95.993,4,25,5,967,0.4685
14.689,19.316,0.0,2121.31,9.5,99.259,0.85,,3,-95.757,4,25,9,1171,0.4466
15.206,19.549,0.0,3413.07,9.5,99.101,0.9,,4,-93.174,4,25,13,1443,0.4608
15.148,20.591,0.0,81643.33,9.5,98.448,0.95,,7,63.287,4,25,13,1092,0.467
15.679,22.478,0.0,357637.14,9.5,94.884,1.0,,7,615.274,4,25,13,794,0.471
13.5,14.546,0.0,1661.41,9.5,99.298,0.8,,0,-96.677,5,25,3,617,0.4716
14.181,18.873,0.0,1569.27,9.5,99.61,0.85,,3,-96.861,5,25,8,1070,0.4523
15.046,20.672,0.0,1446.42,9.5,99.726,0.9,,3,-97.107,5,25,9,920,0.4467
15.148,20.591,0.0,17230.55,9.5,99.653,0.95,,6,-65.539,5,25,13,1092,0.467
15.679,22.478,0.0,130649.19,9.5,98.284,1.0,,7,161.298,5,25,13,794,0.471
13.499,14.713,0.0,1335.39,9.5,99.509,0.8,,0,-97.329,6,25,3,437,0.4645
13.84,18.397,0.0,1423.85,9.5,99.739,0.85,,4,-97.152,6,25,7,990,0.4566
14.776,20.387,0.0,1323.84,9.5,99.825,0.9,,3,-97.352,6,25,8,870,0.4563
15.148,20.591,0.0,2509.29,9.5,99.921,0.95,,6,-94.981,6,25,13,1092,0.467
15.679,22.478,0.0,27447.84,9.5,99.547,1.0,,6,-45.104,6,25,13,794,0.471
13.384,14.748,0.0,1186.81,9.5,99.6,0.8,,0,-97.626,7,25,3,421,0.4703
12.935,16.057,0.0,1174.21,9.5,99.836,0.85,,3,-97.652,7,25,5,735,0.4626
14.427,20.298,0.0,1115.67,9.5,99.895,0.9,,2,-97.769,7,25,8,830,0.4602
15.065,22.431,0.0,733.21,9.5,99.954,0.95,,4,-98.534,7,25,9,691,0.4472
15.679,22.478,0.0,3434.6,9.5,99.906,1.0,,6,-93.131,7,25,13,794,0.471
13.165,15.121,0.0,1055.3,9.5,99.653,0.8,,0,-97.889,8,25,2,334,0.4731
12.933,15.818,0.0,957.13,9.5,99.895,0.85,,2,-98.086,8,25,5,688,0.4709
13.132,15.108,0.0,867.09,9.5,99.941,0.9,,1,-98.266,8,25,5,474,0.4747
14.804,22.54,0.0,1021.7,9.5,99.868,0.95,,4,-97.957,8,25,8,672,0.4568
15.373,25.085,0.0,934.55,9.5,99.954,1.0,,4,-98.131,8,25,9,490,0.4469
13.846,14.618,0.0,908.56,9.5,99.686,0.8,,0,-98.183,9,25,2,235,0.4809
12.855,15.475,0.0,677.83,9.5,99.94,0.85,,0,-98.644,9,25,5,603,0.4842
13.079,14.881,0.0,876.28,9.5,99.955,0.9,,1,-98.247,9,25,3,309,0.4757
14.466,22.619,0.0,829.55,9.5,99.914,0.95,,2,-98.341,9,25,8,619,0.4637
15.138,25.085,0.0,678.87,9.5,99.942,1.0,,4,-98.642,9,25,9,482,0.4544
14.451,15.07,0.0,851.34,9.5,99.699,0.8,,0,-98.297,10,25,2,183,0.4973
12.857,15.274,0.0,803.83,9.5,99.936,0.85,,0,-98.392,10,25,3,403,0.4814
13.078,15.0,0.0,816.16,9.5,99.963,0.9,,0,-98.368,10,25,3,301,0.4817
13.861,21.725,0.0,189.31,9.5,99.982,0.95,,2,-99.621,10,25,7,561,0.4724
14.167,24.126,0.0,377.52,9.5,99.972,1.0,,3,-99.245,10,25,7,398,0.4749
14.909,18.091,0.0118,17268.35,9.5,77.338,0.8,,4,-65.463,1,30,13,2792,0.4481
14.923,18.539,0.0,41022.76,9.5,65.721,0.85,,7,-17.954,1,30,13,1873,0.4517
15.206,19.549,0.0,85081.55,9.5,49.197,0.9,,7,70.163,1,30,13,1443,0.4608
15.148,20.591,0.0,166847.15,9.5,53.207,0.95,,8,233.694,1,30,13,1092,0.467
15.679,22.478,0.0,209067.39,9.5,46.783,1.0,,8,318.135,1,30,13,794,0.471
14.82,18.302,0.0068,4203.99,9.5,96.108,0.8,,3,-91.592,2,30,9,1782,0.4416
14.923,18.539,0.0,10863.61,9.5,93.169,0.85,,4,-78.273,2,30,13,1873,0.4517
15.206,19.549,0.0,68803.66,9.5,79.739,0.9,,6,37.607,2,30,13,1443,0.4608
15.148,20.591,0.0,275102.15,9.5,81.728,0.95,,8,450.204,2,30,13,1092,0.467
15.679,22.478,0.0,455918.19,9.5,73.543,1.0,,7,811.836,2,30,13,794,0.471
14.322,17.965,0.0065,2816.94,9.5,98.114,0.8,,1,-94.366,3,30,8,1583,0.4491
15.035,18.857,0.0,2828.22,9.5,98.552,0.85,,4,-94.344,3,30,12,1787,0.4527
15.206,19.549,0.0,19550.0,9.5,94.318,0.9,,6,-60.9,3,30,13,1443,0.4608
15.148,20.591,0.0,206116.36,9.5,94.176,0.95,,8,312.233,3,30,13,1092,0.467
15.679,22.478,0.0,529765.74,9.5,87.454,1.0,,7,959.531,3,30,13,794,0.471
13.144,14.636,0.0,2003.45,9.5,98.935,0.8,,0,-95.993,4,30,5,967,0.4685
14.689,19.316,0.0,2121.31,9.5,99.259,0.85,,3,-95.757,4,30,9,1171,0.4466
15.206,19.549,0.0,3413.07,9.5,99.101,0.9,,4,-93.174,4,30,13,1443,0.4608
15.148,20.591,0.0,81643.33,9.5,98.448,0.95,,7,63.287,4,30,13,1092,0.467
15.679,22.478,0.0,357637.14,9.5,94.884,1.0,,7,615.274,4,30,13,794,0.471
13.5,14.546,0.0,1661.41,9.5,99.298,0.8,,0,-96.677,5,30,3,617,0.4716
14.181,18.873,0.0,1569.27,9.5,99.61,0.85,,3,-96.861,5,30,8,1070,0.4523
15.046,20.672,0.0,1446.42,9.5,99.726,0.9,,3,-97.107,5,30,9,920,0.4467
15.148,20.591,0.0,17230.55,9.5,99.653,0.95,,6,-65.539,5,30,13,1092,0.467
15.679,22.478,0.0,130649.19,9.5,98.284,1.0,,7,161.298,5,30,13,794,0.471
13.499,14.713,0.0,1335.39,9.5,99.509,0.8,,0,-97.329,6,30,3,437,0.4645
13.84,18.397,0.0,1423.85,9.5,99.739,0.85,,4,-97.152,6,30,7,990,0.4566
14.776,20.387,0.0,1323.84,9.5,99.825,0.9,,3,-97.352,6,30,8,870,0.4563
15.148,20.591,0.0,2509.29,9.5,99.921,0.95,,6,-94.981,6,30,13,1092,0.467
15.679,22.478,0.0,27447.84,9.5,99.547,1.0,,6,-45.104,6,30,13,794,0.471
13.384,14.748,0.0,1186.81,9.5,99.6,0.8,,0,-97.626,7,30,3,421,0.4703
12.935,16.057,0.0,1174.21,9.5,99.836,0.85,,3,-97.652,7,30,5,735,0.4626
14.427,20.298,0.0,1115.67,9.5,99.895,0.9,,2,-97.769,7,30,8,830,0.4602
15.065,22.431,0.0,733.21,9.5,99.954,0.95,,4,-98.534,7,30,9,691,0.4472
15.679,22.478,0.0,3434.6,9.5,99.906,1.0,,6,-93.131,7,30,13,794,0.471
13.165,15.121,0.0,1055.3,9.5,99.653,0.8,,0,-97.889,8,30,2,334,0.4731
12.933,15.818,0.0,957.13,9.5,99.895,0.85,,2,-98.086,8,30,5,688,0.4709
13.132,15.108,0.0,867.09,9.5,99.941,0.9,,1,-98.266,8,30,5,474,0.4747
14.804,22.54,0.0,1021.7,9.5,99.868,0.95,,4,-97.957,8,30,8,672,0.4568
15.373,25.085,0.0,934.55,9.5,99.954,1.0,,4,-98.131,8,30,9,490,0.4469
13.846,14.618,0.0,908.56,9.5,99.686,0.8,,0,-98.183,9,30,2,235,0.4809
12.855,15.475,0.0,677.83,9.5,99.94,0.85,,0,-98.644,9,30,5,603,0.4842
13.079,14.881,0.0,876.28,9.5,99.955,0.9,,1,-98.247,9,30,3,309,0.4757
14.466,22.619,0.0,829.55,9.5,99.914,0.95,,2,-98.341,9,30,8,619,0.4637
15.138,25.085,0.0,678.87,9.5,99.942,1.0,,4,-98.642,9,30,9,482,0.4544
14.451,15.07,0.0,851.34,9.5,99.699,0.8,,0,-98.297,10,30,2,183,0.4973
12.857,15.274,0.0,803.83,9.5,99.936,0.85,,0,-98.392,10,30,3,403,0.4814
13.078,15.0,0.0,816.16,9.5,99.963,0.9,,0,-98.368,10,30,3,301,0.4817
13.861,21.725,0.0,189.31,9.5,99.982,0.95,,2,-99.621,10,30,7,561,0.4724
14.167,24.126,0.0,377.52,9.5,99.972,1.0,,3,-99.245,10,30,7,398,0.4749
14.909,18.091,0.0118,17268.35,9.5,77.338,0.8,,4,-65.463,1,35,13,2792,0.4481
14.923,18.539,0.0,41022.76,9.5,65.721,0.85,,7,-17.954,1,35,13,1873,0.4517
15.206,19.549,0.0,85081.55,9.5,49.197,0.9,,7,70.163,1,35,13,1443,0.4608
15.148,20.591,0.0,166847.15,9.5,53.207,0.95,,8,233.694,1,35,13,1092,0.467
15.679,22.478,0.0,209067.39,9.5,46.783,1.0,,8,318.135,1,35,13,794,0.471
14.82,18.302,0.0068,4203.99,9.5,96.108,0.8,,3,-91.592,2,35,9,1782,0.4416
14.923,18.539,0.0,10863.61,9.5,93.169,0.85,,4,-78.273,2,35,13,1873,0.4517
15.206,19.549,0.0,68803.66,9.5,79.739,0.9,,6,37.607,2,35,13,1443,0.4608
15.148,20.591,0.0,275102.15,9.5,81.728,0.95,,8,450.204,2,35,13,1092,0.467
15.679,22.478,0.0,455918.19,9.5,73.543,1.0,,7,811.836,2,35,13,794,0.471
14.322,17.965,0.0065,2816.94,9.5,98.114,0.8,,1,-94.366,3,35,8,1583,0.4491
15.035,18.857,0.0,2828.22,9.5,98.552,0.85,,4,-94.344,3,35,12,1787,0.4527
15.206,19.549,0.0,19550.0,9.5,94.318,0.9,,6,-60.9,3,35,13,1443,0.4608
15.148,20.591,0.0,206116.36,9.5,94.176,0.95,,8,312.233,3,35,13,1092,0.467
15.679,22.478,0.0,529765.74,9.5,87.454,1.0,,7,959.531,3,35,13,794,0.471
13.144,14.636,0.0,2003.45,9.5,98.935,0.8,,0,-95.993,4,35,5,967,0.4685
14.689,19.316,0.0,2121.31,9.5,99.259,0.85,,3,-95.757,4,35,9,1171,0.4466
15.206,19.549,0.0,3413.07,9.5,99.101,0.9,,4,-93.174,4,35,13,1443,0.4608
15.148,20.591,0.0,81643.33,9.5,98.448,0.95,,7,63.287,4,35,13,1092,0.467
15.679,22.478,0.0,357637.14,9.5,94.884,1.0,,7,615.274,4,35,13,794,0.471
13.5,14.546,0.0,1661.41,9.5,99.298,0.8,,0,-96.677,5,35,3,617,0.4716
14.181,18.873,0.0,1569.27,9.5,99.61,0.85,,3,-96.861,5,35,8,1070,0.4523
15.046,20.672,0.0,1446.42,9.5,99.726,0.9,,3,-97.107,5,35,9,920,0.4467
15.148,20.591,0.0,17230.55,9.5,99.653,0.95,,6,-65.539,5,35,13,1092,0.467
15.679,22.478,0.0,130649.19,9.5,98.284,1.0,,7,161.298,5,35,13,794,0.471
13.499,14.713,0.0,1335.39,9.5,99.509,0.8,,0,-97.329,6,35,3,437,0.4645
13.84,18.397,0.0,1423.85,9.5,99.739,0.85,,4,-97.152,6,35,7,990,0.4566
14.776,20.387,0.0,1323.84,9.5,99.825,0.9,,3,-97.352,6,35,8,870,0.4563
15.148,20.591,0.0,2509.29,9.5,99.921,0.95,,6,-94.981,6,35,13,1092,0.467
15.679,22.478,0.0,27447.84,9.5,99.547,1.0,,6,-45.104,6,35,13,794,0.471
13.384,14.748,0.0,1186.81,9.5,99.6,0.8,,0,-97.626,7,35,3,421,0.4703
12.935,16.057,0.0,1174.21,9.5,99.836,0.85,,3,-97.652,7,35,5,735,0.4626
14.427,20.298,0.0,1115.67,9.5,99.895,0.9,,2,-97.769,7,35,8,830,0.4602
15.065,22.431,0.0,733.21,9.5,99.954,0.95,,4,-98.534,7,35,9,691,0.4472
15.679,22.478,0.0,3434.6,9.5,99.906,1.0,,6,-93.131,7,35,13,794,0.471
13.165,15.121,0.0,1055.3,9.5,99.653,0.8,,0,-97.889,8,35,2,334,0.4731
12.933,15.818,0.0,957.13,9.5,99.895,0.85,,2,-98.086,8,35,5,688,0.4709
13.132,15.108,0.0,867.09,9.5,99.941,0.9,,1,-98.266,8,35,5,474,0.4747
14.804,22.54,0.0,1021.7,9.5,99.868,0.95,,4,-97.957,8,35,8,672,0.4568
15.373,25.085,0.0,934.55,9.5,99.954,1.0,,4,-98.131,8,35,9,490,0.4469
13.846,14.618,0.0,908.56,9.5,99.686,0.8,,0,-98.183,9,35,2,235,0.4809
12.855,15.475,0.0,677.83,9.5,99.94,0.85,,0,-98.644,9,35,5,603,0.4842
13.079,14.881,0.0,876.28,9.5,99.955,0.9,,1,-98.247,9,35,3,309,0.4757
14.466,22.619,0.0,829.55,9.5,99.914,0.95,,2,-98.341,9,35,8,619,0.4637
15.138,25.085,0.0,678.87,9.5,99.942,1.0,,4,-98.642,9,35,9,482,0.4544
14.451,15.07,0.0,851.34,9.5,99.699,0.8,,0,-98.297,10,35,2,183,0.4973
12.857,15.274,0.0,803.83,9.5,99.936,0.85,,0,-98.392,10,35,3,403,0.4814
13.078,15.0,0.0,816.16,9.5,99.963,0.9,,0,-98.368,10,35,3,301,0.4817
13.861,21.725,0.0,189.31,9.5,99.982,0.95,,2,-99.621,10,35,7,561,0.4724
14.167,24.126,0.0,377.52,9.5,99.972,1.0,,3,-99.245,10,35,7,398,0.4749
14.909,18.091,0.0118,17268.35,9.5,77.338,0.8,,4,-65.463,1,40,13,2792,0.4481
14.923,18.539,0.0,41022.76,9.5,65.721,0.85,,7,-17.954,1,40,13,1873,0.4517
15.206,19.549,0.0,85081.55,9.5,49.197,0.9,,7,70.163,1,40,13,1443,0.4608
15.148,20.591,0.0,166847.15,9.5,53.207,0.95,,8,233.694,1,40,13,1092,0.467
15.679,22.478,0.0,209067.39,9.5,46.783,1.0,,8,318.135,1,40,13,794,0.471
14.82,18.302,0.0068,4203.99,9.5,96.108,0.8,,3,-91.592,2,40,9,1782,0.4416
14.923,18.539,0.0,10863.61,9.5,93.169,0.85,,4,-78.273,2,40,13,1873,0.4517
15.206,19.549,0.0,68803.66,9.5,79.739,0.9,,6,37.607,2,40,13,1443,0.4608
15.148,20.591,0.0,275102.15,9.5,81.728,0.95,,8,450.204,2,40,13,1092,0.467
15.679,22.478,0.0,455918.19,9.5,73.543,1.0,,7,811.836,2,40,13,794,0.471
14.322,17.965,0.0065,2816.94,9.5,98.114,0.8,,1,-94.366,3,40,8,1583,0.4491
15.035,18.857,0.0,2828.22,9.5,98.552,0.85,,4,-94.344,3,40,12,1787,0.4527
15.206,19.549,0.0,19550.0,9.5,94.318,0.9,,6,-60.9,3,40,13,1443,0.4608
15.148,20.591,0.0,206116.36,9.5,94.176,0.95,,8,312.233,3,40,13,1092,0.467
15.679,22.478,0.0,529765.74,9.5,87.454,1.0,,7,959.531,3,40,13,794,0.471
13.144,14.636,0.0,2003.45,9.5,98.935,0.8,,0,-95.993,4,40,5,967,0.4685
14.689,19.316,0.0,2121.31,9.5,99.259,0.85,,3,-95.757,4,40,9,1171,0.4466
15.206,19.549,0.0,3413.07,9.5,99.101,0.9,,4,-93.174,4,40,13,1443,0.4608
15.148,20.591,0.0,81643.33,9.5,98.448,0.95,,7,63.287,4,40,13,1092,0.467
15.679,22.478,0.0,357637.14,9.5,94.884,1.0,,7,615.274,4,40,13,794,0.471
13.5,14.546,0.0,1661.41,9.5,99.298,0.8,,0,-96.677,5,40,3,617,0.4716
14.181,18.873,0.0,1569.27,9.5,99.61,0.85,,3,-96.861,5,40,8,1070,0.4523
15.046,20.672,0.0,1446.42,9.5,99.726,0.9,,3,-97.107,5,40,9,920,0.4467
15.148,20.591,0.0,17230.55,9.5,99.653,0.95,,6,-65.539,5,40,13,1092,0.467
15.679,22.478,0.0,130649.19,9.5,98.284,1.0,,7,161.298,5,40,13,794,0.471
13.499,14.713,0.0,1335.39,9.5,99.509,0.8,,0,-97.329,6,40,3,437,0.4645
13.84,18.397,0.0,1423.85,9.5,99.739,0.85,,4,-97.152,6,40,7,990,0.4566
14.776,20.387,0.0,1323.84,9.5,99.825,0.9,,3,-97.352,6,40,8,870,0.4563
15.148,20.591,0.0,2509.29,9.5,99.921,0.95,,6,-94.981,6,40,13,1092,0.467
15.679,22.478,0.0,27447.84,9.5,99.547,1.0,,6,-45.104,6,40,13,794,0.471
13.384,14.748,0.0,1186.81,9.5,99.6,0.8,,0,-97.626,7,40,3,421,0.4703
12.935,16.057,0.0,1174.21,9.5,99.836,0.85,,3,-97.652,7,40,5,735,0.4626
14.427,20.298,0.0,1115.67,9.5,99.895,0.9,,2,-97.769,7,40,8,830,0.4602
15.065,22.431,0.0,733.21,9.5,99.954,0.95,,4,-98.534,7,40,9,691,0.4472
15.679,22.478,0.0,3434.6,9.5,99.906,1.0,,6,-93.131,7,40,13,794,0.471
13.165,15.121,0.0,1055.3,9.5,99.653,0.8,,0,-97.889,8,40,2,334,0.4731
12.933,15.818,0.0,957.13,9.5,99.895,0.85,,2,-98.086,8,40,5,688,0.4709
13.132,15.108,0.0,867.09,9.5,99.941,0.9,,1,-98.266,8,40,5,474,0.4747
14.804,22.54,0.0,1021.7,9.5,99.868,0.95,,4,-97.957,8,40,8,672,0.4568
15.373,25.085,0.0,934.55,9.5,99.954,1.0,,4,-98.131,8,40,9,490,0.4469
13.846,14.618,0.0,908.56,9.5,99.686,0.8,,0,-98.183,9,40,2,235,0.4809
12.855,15.475,0.0,677.83,9.5,99.94,0.85,,0,-98.644,9,40,5,603,0.4842
13.079,14.881,0.0,876.28,9.5,99.955,0.9,,1,-98.247,9,40,3,309,0.4757
14.466,22.619,0.0,829.55,9.5,99.914,0.95,,2,-98.341,9,40,8,619,0.4637
15.138,25.085,0.0,678.87,9.5,99.942,1.0,,4,-98.642,9,40,9,482,0.4544
14.451,15.07,0.0,851.34,9.5,99.699,0.8,,0,-98.297,10,40,2,183,0.4973
12.857,15.274,0.0,803.83,9.5,99.936,0.85,,0,-98.392,10,40,3,403,0.4814
13.078,15.0,0.0,816.16,9.5,99.963,0.9,,0,-98.368,10,40,3,301,0.4817
13.861,21.725,0.0,189.31,9.5,99.982,0.95,,2,-99.621,10,40,7,561,0.4724
14.167,24.126,0.0,377.52,9.5,99.972,1.0,,3,-99.245,10,40,7,398,0.4749
14.909,18.091,0.0118,17268.35,9.5,77.338,0.8,,4,-65.463,1,45,13,2792,0.4481
14.923,18.539,0.0,41022.76,9.5,65.721,0.85,,7,-17.954,1,45,13,1873,0.4517
15.206,19.549,0.0,85081.55,9.5,49.197,0.9,,7,70.163,1,45,13,1443,0.4608
15.148,20.591,0.0,166847.15,9.5,53.207,0.95,,8,233.694,1,45,13,1092,0.467
15.679,22.478,0.0,209067.39,9.5,46.783,1.0,,8,318.135,1,45,13,794,0.471
14.82,18.302,0.0068,4203.99,9.5,96.108,0.8,,3,-91.592,2,45,9,1782,0.4416
14.923,18.539,0.0,10863.61,9.5,93.169,0.85,,4,-78.273,2,45,13,1873,0.4517
15.206,19.549,0.0,68803.66,9.5,79.739,0.9,,6,37.607,2,45,13,1443,0.4608
15.148,20.591,0.0,275102.15,9.5,81.728,0.95,,8,450.204,2,45,13,1092,0.467
15.679,22.478,0.0,455918.19,9.5,73.543,1.0,,7,811.836,2,45,13,794,0.471
14.322,17.965,0.0065,2816.94,9.5,98.114,0.8,,1,-94.366,3,45,8,1583,0.4491
15.035,18.857,0.0,2828.22,9.5,98.552,0.85,,4,-94.344,3,45,12,1787,0.4527
15.206,19.549,0.0,19550.0,9.5,94.318,0.9,,6,-60.9,3,45,13,1443,0.4608
15.148,20.591,0.0,206116.36,9.5,94.176,0.95,,8,312.233,3,45,13,1092,0.467
15.679,22.478,0.0,529765.74,9.5,87.454,1.0,,7,959.531,3,45,13,794,0.471
13.144,14.636,0.0,2003.45,9.5,98.935,0.8,,0,-95.993,4,45,5,967,0.4685
14.689,19.316,0.0,2121.31,9.5,99.259,0.85,,3,-95.757,4,45,9,1171,0.4466
15.206,19.549,0.0,3413.07,9.5,99.101,0.9,,4,-93.174,4,45,13,1443,0.4608
15.148,20.591,0.0,81643.33,9.5,98.448,0.95,,7,63.287,4,45,13,1092,0.467
15.679,22.478,0.0,357637.14,9.5,94.884,1.0,,7,615.274,4,45,13,794,0.471
13.5,14.546,0.0,1661.41,9.5,99.298,0.8,,0,-96.677,5,45,3,617,0.4716
14.181,18.873,0.0,1569.27,9.5,99.61,0.85,,3,-96.861,5,45,8,1070,0.4523
15.046,20.672,0.0,1446.42,9.5,99.726,0.9,,3,-97.107,5,45,9,920,0.4467
15.148,20.591,0.0,17230.55,9.5,99.653,0.95,,6,-65.539,5,45,13,1092,0.467
15.679,22.478,0.0,130649.19,9.5,98.284,1.0,,7,161.298,5,45,13,794,0.471
13.499,14.713,0.0,1335.39,9.5,99.509,0.8,,0,-97.329,6,45,3,437,0.4645
13.84,18.397,0.0,1423.85,9.5,99.739,0.85,,4,-97.152,6,45,7,990,0.4566
14.776,20.387,0.0,1323.84,9.5,99.825,0.9,,3,-97.352,6,45,8,870,0.4563
15.148,20.591,0.0,2509.29,9.5,99.921,0.95,,6,-94.981,6,45,13,1092,0.467
15.679,22.478,0.0,27447.84,9.5,99.547,1.0,,6,-45.104,6,45,13,794,0.471
13.384,14.748,0.0,1186.81,9.5,99.6,0.8,,0,-97.626,7,45,3,421,0.4703
12.935,16.057,0.0,1174.21,9.5,99.836,0.85,,3,-97.652,7,45,5,735,0.4626
14.427,20.298,0.0,1115.67,9.5,99.895,0.9,,2,-97.769,7,45,8,830,0.4602
15.065,22.431,0.0,733.21,9.5,99.954,0.95,,4,-98.534,7,45,9,691,0.4472
15.679,22.478,0.0,3434.6,9.5,99.906,1.0,,6,-93.131,7,45,13,794,0.471
13.165,15.121,0.0,1055.3,9.5,99.653,0.8,,0,-97.889,8,45,2,334,0.4731
12.933,15.818,0.0,957.13,9.5,99.895,0.85,,2,-98.086,8,45,5,688,0.4709
13.132,15.108,0.0,867.09,9.5,99.941,0.9,,1,-98.266,8,45,5,474,0.4747
14.804,22.54,0.0,1021.7,9.5,99.868,0.95,,4,-97.957,8,45,8,672,0.4568
15.373,25.085,0.0,934.55,9.5,99.954,1.0,,4,-98.131,8,45,9,490,0.4469
13.846,14.618,0.0,908.56,9.5,99.686,0.8,,0,-98.183,9,45,2,235,0.4809
12.855,15.475,0.0,677.83,9.5,99.94,0.85,,0,-98.644,9,45,5,603,0.4842
13.079,14.881,0.0,876.28,9.5,99.955,0.9,,1,-98.247,9,45,3,309,0.4757
14.466,22.619,0.0,829.55,9.5,99.914,0.95,,2,-98.341,9,45,8,619,0.4637
15.138,25.085,0.0,678.87,9.5,99.942,1.0,,4,-98.642,9,45,9,482,0.4544
14.451,15.07,0.0,851.34,9.5,99.699,0.8,,0,-98.297,10,45,2,183,0.4973
12.857,15.274,0.0,803.83,9.5,99.936,0.85,,0,-98.392,10,45,3,403,0.4814
13.078,15.0,0.0,816.16,9.5,99.963,0.9,,0,-98.368,10,45,3,301,0.4817
13.861,21.725,0.0,189.31,9.5,99.982,0.95,,2,-99.621,10,45,7,561,0.4724
14.167,24.126,0.0,377.52,9.5,99.972,1.0,,3,-99.245,10,45,7,398,0.4749
14.909,18.091,0.0118,17268.35,9.5,77.338,0.8,,4,-65.463,1,50,13,2792,0.4481
14.923,18.539,0.0,41022.76,9.5,65.721,0.85,,7,-17.954,1,50,13,1873,0.4517
15.206,19.549,0.0,85081.55,9.5,49.197,0.9,,7,70.163,1,50,13,1443,0.4608
15.148,20.591,0.0,166847.15,9.5,53.207,0.95,,8,233.694,1,50,13,1092,0.467
15.679,22.478,0.0,209067.39,9.5,46.783,1.0,,8,318.135,1,50,13,794,0.471
14.82,18.302,0.0068,4203.99,9.5,96.108,0.8,,3,-91.592,2,50,9,1782,0.4416
14.923,18.539,0.0,10863.61,9.5,93.169,0.85,,4,-78.273,2,50,13,1873,0.4517
15.206,19.549,0.0,68803.66,9.5,79.739,0.9,,6,37.607,2,50,13,1443,0.4608
15.148,20.591,0.0,275102.15,9.5,81.728,0.95,,8,450.204,2,50,13,1092,0.467
15.679,22.478,0.0,455918.19,9.5,73.543,1.0,,7,811.836,2,50,13,794,0.471
14.322,17.965,0.0065,2816.94,9.5,98.114,0.8,,1,-94.366,3,50,8,1583,0.4491
15.035,18.857,0.0,2828.22,9.5,98.552,0.85,,4,-94.344,3,50,12,1787,0.4527
15.206,19.549,0.0,19550.0,9.5,94.318,0.9,,6,-60.9,3,50,13,1443,0.4608
15.148,20.591,0.0,206116.36,9.5,94.176,0.95,,8,312.233,3,50,13,1092,0.467
15.679,22.478,0.0,529765.74,9.5,87.454,1.0,,7,959.531,3,50,13,794,0.471
13.144,14.636,0.0,2003.45,9.5,98.935,0.8,,0,-95.993,4,50,5,967,0.4685
14.689,19.316,0.0,2121.31,9.5,99.259,0.85,,3,-95.757,4,50,9,1171,0.4466
15.206,19.549,0.0,3413.07,9.5,99.101,0.9,,4,-93.174,4,50,13,1443,0.4608
15.148,20.591,0.0,81643.33,9.5,98.448,0.95,,7,63.287,4,50,13,1092,0.467
15.679,22.478,0.0,357637.14,9.5,94.884,1.0,,7,615.274,4,50,13,794,0.471
13.5,14.546,0.0,1661.41,9.5,99.298,0.8,,0,-96.677,5,50,3,617,0.4716
14.181,18.873,0.0,1569.27,9.5,99.61,0.85,,3,-96.861,5,50,8,1070,0.4523
15.046,20.672,0.0,1446.42,9.5,99.726,0.9,,3,-97.107,5,50,9,920,0.4467
15.148,20.591,0.0,17230.55,9.5,99.653,0.95,,6,-65.539,5,50,13,1092,0.467
15.679,22.478,0.0,130649.19,9.5,98.284,1.0,,7,161.298,5,50,13,794,0.471
13.499,14.713,0.0,1335.39,9.5,99.509,0.8,,0,-97.329,6,50,3,437,0.4645
13.84,18.397,0.0,1423.85,9.5,99.739,0.85,,4,-97.152,6,50,7,990,0.4566
14.776,20.387,0.0,1323.84,9.5,99.825,0.9,,3,-97.352,6,50,8,870,0.4563
15.148,20.591,0.0,2509.29,9.5,99.921,0.95,,6,-94.981,6,50,13,1092,0.467
15.679,22.478,0.0,27447.84,9.5,99.547,1.0,,6,-45.104,6,50,13,794,0.471
13.384,14.748,0.0,1186.81,9.5,99.6,0.8,,0,-97.626,7,50,3,421,0.4703
12.935,16.057,0.0,1174.21,9.5,99.836,0.85,,3,-97.652,7,50,5,735,0.4626
14.427,20.298,0.0,1115.67,9.5,99.895,0.9,,2,-97.769,7,50,8,830,0.4602
15.065,22.431,0.0,733.21,9.5,99.954,0.95,,4,-98.534,7,50,9,691,0.4472
15.679,22.478,0.0,3434.6,9.5,99.906,1.0,,6,-93.131,7,50,13,794,0.471
13.165,15.121,0.0,1055.3,9.5,99.653,0.8,,0,-97.889,8,50,2,334,0.4731
12.933,15.818,0.0,957.13,9.5,99.895,0.85,,2,-98.086,8,50,5,688,0.4709
13.132,15.108,0.0,867.09,9.5,99.941,0.9,,1,-98.266,8,50,5,474,0.4747
14.804,22.54,0.0,1021.7,9.5,99.868,0.95,,4,-97.957,8,50,8,672,0.4568
15.373,25.085,0.0,934.55,9.5,99.954,1.0,,4,-98.131,8,50,9,490,0.4469
13.846,14.618,0.0,908.56,9.5,99.686,0.8,,0,-98.183,9,50,2,235,0.4809
12.855,15.475,0.0,677.83,9.5,99.94,0.85,,0,-98.644,9,50,5,603,0.4842
13.079,14.881,0.0,876.28,9.5,99.955,0.9,,1,-98.247,9,50,3,309,0.4757
14.466,22.619,0.0,829.55,9.5,99.914,0.95,,2,-98.341,9,50,8,619,0.4637
15.138,25.085,0.0,678.87,9.5,99.942,1.0,,4,-98.642,9,50,9,482,0.4544
14.451,15.07,0.0,851.34,9.5,99.699,0.8,,0,-98.297,10,50,2,183,0.4973
12.857,15.274,0.0,803.83,9.5,99.936,0.85,,0,-98.392,10,50,3,403,0.4814
13.078,15.0,0.0,816.16,9.5,99.963,0.9,,0,-98.368,10,50,3,301,0.4817
13.861,21.725,0.0,189.31,9.5,99.982,0.95,,2,-99.621,10,50,7,561,0.4724
14.167,24.126,0.0,377.52,9.5,99.972,1.0,,3,-99.245,10,50,7,398,0.4749
14.909,18.091,0.0118,17268.35,9.5,77.338,0.8,,4,-65.463,1,55,13,2792,0.4481
14.923,18.539,0.0,41022.76,9.5,65.721,0.85,,7,-17.954,1,55,13,1873,0.4517
15.206,19.549,0.0,85081.55,9.5,49.197,0.9,,7,70.163,1,55,13,1443,0.4608
15.148,20.591,0.0,166847.15,9.5,53.207,0.95,,8,233.694,1,55,13,1092,0.467
15.679,22.478,0.0,209067.39,9.5,46.783,1.0,,8,318.135,1,55,13,794,0.471
14.82,18.302,0.0068,4203.99,9.5,96.108,0.8,,3,-91.592,2,55,9,1782,0.4416
14.923,18.539,0.0,10863.61,9.5,93.169,0.85,,4,-78.273,2,55,13,1873,0.4517
15.206,19.549,0.0,68803.66,9.5,79.739,0.9,,6,37.607,2,55,13,1443,0.4608
15.148,20.591,0.0,275102.15,9.5,81.728,0.95,,8,450.204,2,55,13,1092,0.467
15.679,22.478,0.0,455918.19,9.5,73.543,1.0,,7,811.836,2,55,13,794,0.471
14.322,17.965,0.0065,2816.94,9.5,98.114,0.8,,1,-94.366,3,55,8,1583,0.4491
15.035,18.857,0.0,2828.22,9.5,98.552,0.85,,4,-94.344,3,55,12,1787,0.4527
15.206,19.549,0.0,19550.0,9.5,94.318,0.9,,6,-60.9,3,55,13,1443,0.4608
15.148,20.591,0.0,206116.36,9.5,94.176,0.95,,8,312.233,3,55,13,1092,0.467
15.679,22.478,0.0,529765.74,9.5,87.454,1.0,,7,959.531,3,55,13,794,0.471
13.144,14.636,0.0,2003.45,9.5,98.935,0.8,,0,-95.993,4,55,5,967,0.4685
14.689,19.316,0.0,2121.31,9.5,99.259,0.85,,3,-95.757,4,55,9,1171,0.4466
15.206,19.549,0.0,3413.07,9.5,99.101,0.9,,4,-93.174,4,55,13,1443,0.4608
15.148,20.591,0.0,81643.33,9.5,98.448,0.95,,7,63.287,4,55,13,1092,0.467
15.679,22.478,0.0,357637.14,9.5,94.884,1.0,,7,615.274,4,55,13,794,0.471
13.5,14.546,0.0,1661.41,9.5,99.298,0.8,,0,-96.677,5,55,3,617,0.4716
14.181,18.873,0.0,1569.27,9.5,99.61,0.85,,3,-96.861,5,55,8,1070,0.4523
15.046,20.672,0.0,1446.42,9.5,99.726,0.9,,3,-97.107,5,55,9,920,0.4467
15.148,20.591,0.0,17230.55,9.5,99.653,0.95,,6,-65.539,5,55,13,1092,0.467
15.679,22.478,0.0,130649.19,9.5,98.284,1.0,,7,161.298,5,55,13,794,0.471
13.499,14.713,0.0,1335.39,9.5,99.509,0.8,,0,-97.329,6,55,3,437,0.4645
13.84,18.397,0.0,1423.85,9.5,99.739,0.85,,4,-97.152,6,55,7,990,0.4566
14.776,20.387,0.0,1323.84,9.5,99.825,0.9,,3,-97.352,6,55,8,870,0.4563
15.148,20.591,0.0,2509.29,9.5,99.921,0.95,,6,-94.981,6,55,13,1092,0.467
15.679,22.478,0.0,27447.84,9.5,99.547,1.0,,6,-45.104,6,55,13,794,0.471
13.384,14.748,0.0,1186.81,9.5,99.6,0.8,,0,-97.626,7,55,3,421,0.4703
12.935,16.057,0.0,1174.21,9.5,99.836,0.85,,3,-97.652,7,55,5,735,0.4626
14.427,20.298,0.0,1115.67,9.5,99.895,0.9,,2,-97.769,7,55,8,830,0.4602
15.065,22.431,0.0,733.21,9.5,99.954,0.95,,4,-98.534,7,55,9,691,0.4472
15.679,22.478,0.0,3434.6,9.5,99.906,1.0,,6,-93.131,7,55,13,794,0.471
13.165,15.121,0.0,1055.3,9.5,99.653,0.8,,0,-97.889,8,55,2,334,0.4731
12.933,15.818,0.0,957.13,9.5,99.895,0.85,,2,-98.086,8,55,5,688,0.4709
13.132,15.108,0.0,867.09,9.5,99.941,0.9,,1,-98.266,8,55,5,474,0.4747
14.804,22.54,0.0,1021.7,9.5,99.868,0.95,,4,-97.957,8,55,8,672,0.4568
15.373,25.085,0.0,934.55,9.5,99.954,1.0,,4,-98.131,8,55,9,490,0.4469
13.846,14.618,0.0,908.56,9.5,99.686,0.8,,0,-98.183,9,55,2,235,0.4809
12.855,15.475,0.0,677.83,9.5,99.94,0.85,,0,-98.644,9,55,5,603,0.4842
13.079,14.881,0.0,876.28,9.5,99.955,0.9,,1,-98.247,9,55,3,309,0.4757
14.466,22.619,0.0,829.55,9.5,99.914,0.95,,2,-98.341,9,55,8,619,0.4637
15.138,25.085,0.0,678.87,9.5,99.942,1.0,,4,-98.642,9,55,9,482,0.4544
14.451,15.07,0.0,851.34,9.5,99.699,0.8,,0,-98.297,10,55,2,183,0.4973
12.857,15.274,0.0,803.83,9.5,99.936,0.85,,0,-98.392,10,55,3,403,0.4814
13.078,15.0,0.0,816.16,9.5,99.963,0.9,,0,-98.368,10,55,3,301,0.4817
13.861,21.725,0.0,189.31,9.5,99.982,0.95,,2,-99.621,10,55,7,561,0.4724
14.167,24.126,0.0,377.52,9.5,99.972,1.0,,3,-99.245,10,55,7,398,0.4749
14.909,18.091,0.0118,17268.35,9.5,77.338,0.8,,4,-65.463,1,60,13,2792,0.4481
14.923,18.539,0.0,41022.76,9.5,65.721,0.85,,7,-17.954,1,60,13,1873,0.4517
15.206,19.549,0.0,85081.55,9.5,49.197,0.9,,7,70.163,1,60,13,1443,0.4608
15.148,20.591,0.0,166847.15,9.5,53.207,0.95,,8,233.694,1,60,13,1092,0.467
15.679,22.478,0.0,209067.39,9.5,46.783,1.0,,8,318.135,1,60,13,794,0.471
14.82,18.302,0.0068,4203.99,9.5,96.108,0.8,,3,-91.592,2,60,9,1782,0.4416
14.923,18.539,0.0,10863.61,9.5,93.169,0.85,,4,-78.273,2,60,13,1873,0.4517
15.206,19.549,0.0,68803.66,9.5,79.739,0.9,,6,37.607,2,60,13,1443,0.4608
15.148,20.591,0.0,275102.15,9.5,81.728,0.95,,8,450.204,2,60,13,1092,0.467
15.679,22.478,0.0,455918.19,9.5,73.543,1.0,,7,811.836,2,60,13,794,0.471
14.322,17.965,0.0065,2816.94,9.5,98.114,0.8,,1,-94.366,3,60,8,1583,0.4491
15.035,18.857,0.0,2828.22,9.5,98.552,0.85,,4,-94.344,3,60,12,1787,0.4527
15.206,19.549,0.0,19550.0,9.5,94.318,0.9,,6,-60.9,3,60,13,1443,0.4608
15.148,20.591,0.0,206116.36,9.5,94.176,0.95,,8,312.233,3,60,13,1092,0.467
15.679,22.478,0.0,529765.74,9.5,87.454,1.0,,7,959.531,3,60,13,794,0.471
13.144,14.636,0.0,2003.45,9.5,98.935,0.8,,0,-95.993,4,60,5,967,0.4685
14.689,19.316,0.0,2121.31,9.5,99.259,0.85,,3,-95.757,4,60,9,1171,0.4466
15.206,19.549,0.0,3413.07,9.5,99.101,0.9,,4,-93.174,4,60,13,1443,0.4608
15.148,20.591,0.0,81643.33,9.5,98.448,0.95,,7,63.287,4,60,13,1092,0.467
15.679,22.478,0.0,357637.14,9.5,94.884,1.0,,7,615.274,4,60,13,794,0.471
13.5,14.546,0.0,1661.41,9.5,99.298,0.8,,0,-96.677,5,60,3,617,0.4716
14.181,18.873,0.0,1569.27,9.5,99.61,0.85,,3,-96.861,5,60,8,1070,0.4523
15.046,20.672,0.0,1446.42,9.5,99.726,0.9,,3,-97.107,5,60,9,920,0.4467
15.148,20.591,0.0,17230.55,9.5,99.653,0.95,,6,-65.539,5,60,13,1092,0.467
15.679,22.478,0.0,130649.19,9.5,98.284,1.0,,7,161.298,5,60,13,794,0.471
13.499,14.713,0.0,1335.39,9.5,99.509,0.8,,0,-97.329,6,60,3,437,0.4645
13.84,18.397,0.0,1423.85,9.5,99.739,0.85,,4,-97.152,6,60,7,990,0.4566
14.776,20.387,0.0,1323.84,9.5,99.825,0.9,,3,-97.352,6,60,8,870,0.4563
15.148,20.591,0.0,2509.29,9.5,99.921,0.95,,6,-94.981,6,60,13,1092,0.467
15.679,22.478,0.0,27447.84,9.5,99.547,1.0,,6,-45.104,6,60,13,794,0.471
13.384,14.748,0.0,1186.81,9.5,99.6,0.8,,0,-97.626,7,60,3,421,0.4703
12.935,16.057,0.0,1174.21,9.5,99.836,0.85,,3,-97.652,7,60,5,735,0.4626
14.427,20.298,0.0,1115.67,9.5,99.895,0.9,,2,-97.769,7,60,8,830,0.4602
15.065,22.431,0.0,733.21,9.5,99.954,0.95,,4,-98.534,7,60,9,691,0.4472
15.679,22.478,0.0,3434.6,9.5,99.906,1.0,,6,-93.131,7,60,13,794,0.471
13.165,15.121,0.0,1055.3,9.5,99.653,0.8,,0,-97.889,8,60,2,334,0.4731
12.933,15.818,0.0,957.13,9.5,99.895,0.85,,2,-98.086,8,60,5,688,0.4709
13.132,15.108,0.0,867.09,9.5,99.941,0.9,,1,-98.266,8,60,5,474,0.4747
14.804,22.54,0.0,1021.7,9.5,99.868,0.95,,4,-97.957,8,60,8,672,0.4568
15.373,25.085,0.0,934.55,9.5,99.954,1.0,,4,-98.131,8,60,9,490,0.4469
13.846,14.618,0.0,908.56,9.5,99.686,0.8,,0,-98.183,9,60,2,235,0.4809
12.855,15.475,0.0,677.83,9.5,99.94,0.85,,0,-98.644,9,60,5,603,0.4842
13.079,14.881,0.0,876.28,9.5,99.955,0.9,,1,-98.247,9,60,3,309,0.4757
14.466,22.619,0.0,829.55,9.5,99.914,0.95,,2,-98.341,9,60,8,619,0.4637
15.138,25.085,0.0,678.87,9.5,99.942,1.0,,4,-98.642,9,60,9,482,0.4544
14.451,15.07,0.0,851.34,9.5,99.699,0.8,,0,-98.297,10,60,2,183,0.4973
12.857,15.274,0.0,803.83,9.5,99.936,0.85,,0,-98.392,10,60,3,403,0.4814
13.078,15.0,0.0,816.16,9.5,99.963,0.9,,0,-98.368,10,60,3,301,0.4817
13.861,21.725,0.0,189.31,9.5,99.982,0.95,,2,-99.621,10,60,7,561,0.4724
14.167,24.126,0.0,377.52,9.5,99.972,1.0,,3,-99.245,10,60,7,398,0.4749
14.891,18.082,0.0,21656.3,10.0,72.086,0.8,,5,-56.687,1,5,13,2788,0.4501
14.831,18.551,0.0,52986.46,10.0,62.018,0.85,,5,5.973,1,5,13,1872,0.4541
15.145,19.447,0.0,105667.59,10.0,48.473,0.9,,7,111.335,1,5,13,1442,0.4646
15.116,20.482,0.0,163894.55,10.0,52.007,0.95,,8,227.789,1,5,13,1091,0.4684
15.598,22.349,0.0,203521.55,10.0,45.132,1.0,,8,307.043,1,5,13,793,0.4729
14.981,18.323,0.0,4302.95,10.0,96.21,0.8,,4,-91.394,2,5,12,2685,0.4499
14.831,18.551,0.0,19062.27,10.0,91.768,0.85,,5,-61.875,2,5,13,1872,0.4541
15.145,19.447,0.0,97846.92,10.0,79.15,0.9,,6,95.694,2,5,13,1442,0.4646
15.116,20.482,0.0,279529.74,10.0,80.42,0.95,,8,459.059,2,5,13,1091,0.4684
15.598,22.349,0.0,470991.99,10.0,71.655,1.0,,7,841.984,2,5,13,793,0.4729
14.686,18.066,0.0,2504.04,10.0,98.503,0.8,,3,-94.992,3,5,8,1655,0.4514
14.831,18.551,0.0,3814.7,10.0,98.374,0.85,,5,-92.371,3,5,13,1872,0.4541
15.145,19.447,0.0,41453.0,10.0,93.223,0.9,,6,-17.094,3,5,13,1442,0.4646
15.116,20.482,0.0,241539.43,10.0,93.477,0.95,,7,383.079,3,5,13,1091,0.4684
15.598,22.349,0.0,631288.4,10.0,85.981,1.0,,7,1162.577,3,5,13,793,0.4729
14.207,17.896,0.0,2212.93,10.0,98.996,0.8,,1,-95.574,4,5,7,1544,0.4553
14.789,19.361,0.0,1777.96,10.0,99.448,0.85,,3,-96.444,4,5,9,1184,0.4468
15.145,19.447,0.0,8571.72,10.0,98.436,0.9,,6,-82.857,4,5,13,1442,0.4646
15.116,20.482,0.0,112439.3,10.0,98.192,0.95,,7,124.879,4,5,13,1091,0.4684
15.598,22.349,0.0,498303.8,10.0,94.191,1.0,,7,896.608,4,5,13,793,0.4729
13.173,14.452,0.0,1780.59,10.0,99.375,0.8,,0,-96.439,5,5,4,766,0.4713
14.527,18.999,0.0,1698.69,10.0,99.639,0.85,,3,-96.603,5,5,8,1117,0.4548
15.531,21.059,0.0,1734.65,10.0,99.691,0.9,,4,-96.531,5,5,10,1036,0.4517
15.116,20.482,0.0,29715.58,10.0,99.581,0.95,,6,-40.569,5,5,13,1091,0.4684
15.598,22.349,0.0,234723.09,10.0,97.899,1.0,,6,369.446,5,5,13,793,0.4729
13.351,14.46,0.0,1411.25,10.0,99.588,0.8,,0,-97.177,6,5,3,613,0.4747
14.179,18.939,0.0,1246.4,10.0,99.812,0.85,,3,-97.507,6,5,8,1069,0.4565
15.17,20.69,0.0,612.99,10.0,99.926,0.9,,3,-98.774,6,5,9,920,0.4533
15.116,20.482,0.0,4306.89,10.0,99.909,0.95,,6,-91.386,6,5,13,1091,0.4684
15.598,22.349,0.0,67706.15,10.0,99.371,1.0,,6,35.412,6,5,13,793,0.4729
13.425,14.61,0.0,1153.21,10.0,99.711,0.8,,0,-97.694,7,5,3,429,0.4709
13.79,18.472,0.0,1278.16,10.0,99.861,0.85,,3,-97.444,7,5,7,992,0.4597
14.716,20.436,0.0,1260.57,10.0,99.895,0.9,,2,-97.479,7,5,8,864,0.4641
15.559,22.425,0.0,1124.86,10.0,99.964,0.95,,4,-97.75,7,5,10,772,0.456
15.598,22.349,0.0,11036.86,10.0,99.871,1.0,,6,-77.926,7,5,13,793,0.4729
13.296,14.691,0.0,1018.29,10.0,99.766,0.8,,0,-97.963,8,5,3,418,0.4761
12.874,16.181,0.0,1039.55,10.0,99.915,0.85,,3,-97.921,8,5,5,735,0.4653
14.142,19.657,0.0,1098.09,10.0,99.935,0.9,,2,-97.804,8,5,7,768,0.4688
15.132,22.486,0.0,994.14,10.0,99.946,0.95,,4,-98.012,8,5,9,680,0.4588
15.598,22.349,0.0,1328.3,10.0,99.974,1.0,,6,-97.343,8,5,13,793,0.4729
12.869,15.129,0.0,950.83,10.0,99.795,0.8,,0,-98.098,9,5,2,333,0.4745
12.819,15.531,0.0,947.68,10.0,99.941,0.85,,3,-98.105,9,5,5,637,0.4804
13.11,15.027,0.0,957.12,10.0,99.959,0.9,,1,-98.086,9,5,4,394,0.4772
14.91,22.451,0.0,933.5,10.0,99.914,0.95,,4,-98.133,9,5,8,648,0.466
15.525,25.016,0.0,691.21,10.0,99.971,1.0,,4,-98.618,9,5,9,490,0.4531
13.903,14.504,0.0,878.11,10.0,99.805,0.8,,0,-98.244,10,5,2,199,0.4975
12.752,15.603,0.0181,892.03,10.0,99.956,0.85,,1,-98.216,10,5,5,622,0.4839
13.158,14.847,0.0611,856.33,10.0,99.972,0.9,,1,-98.287,10,5,3,303,0.4851
13.956,21.705,0.0,344.45,10.0,99.975,0.95,,2,-99.311,10,5,7,561,0.4777
14.381,24.127,0.0,881.0,10.0,99.948,1.0,,3,-98.238,10,5,7,401,0.4813
15.092,18.068,0.0176,18692.94,10.0,74.719,0.8,,5,-62.614,1,10,13,2788,0.4523
15.1,18.506,0.0,43835.97,10.0,64.34,0.85,,5,-12.328,1,10,13,1872,0.4573
15.416,19.439,0.0,97859.26,10.0,48.372,0.9,,7,95.719,1,10,13,1442,0.4667
15.427,20.436,0.0,155642.08,10.0,51.521,0.95,,8,211.284,1,10,13,1091,0.472
15.882,22.264,0.0,189084.31,10.0,44.658,1.0,,8,278.169,1,10,13,793,0.4754
15.111,18.299,0.0,4394.3,10.0,95.808,0.8,,3,-91.211,2,10,9,1781,0.4469
15.1,18.506,0.0,15241.59,10.0,91.822,0.85,,5,-69.517,2,10,13,1872,0.4573
15.416,19.439,0.0,79334.64,10.0,78.898,0.9,,6,58.669,2,10,13,1442,0.4667
15.427,20.436,0.0,241837.36,10.0,80.47,0.95,,7,383.675,2,10,13,1091,0.472
15.882,22.264,0.0,406521.72,10.0,71.667,1.0,,7,713.043,2,10,13,793,0.4754
14.753,17.977,0.0,2717.45,10.0,98.111,0.8,,1,-94.565,3,10,8,1617,0.4539
15.101,18.549,0.0,2980.74,10.0,98.421,0.85,,4,-94.039,3,10,13,1864,0.4565
15.416,19.439,0.0,32447.41,10.0,92.993,0.9,,6,-35.105,3,10,13,1442,0.4667
15.427,20.436,0.0,196254.5,10.0,93.482,0.95,,7,292.509,3,10,13,1091,0.472
15.882,22.264,0.0,497681.15,10.0,85.951,1.0,,7,895.362,3,10,13,793,0.4754
13.481,14.865,0.0,2195.86,10.0,98.776,0.8,,0,-95.608,4,10,5,1029,0.4684
15.061,19.272,0.0,1823.9,10.0,99.341,0.85,,3,-96.352,4,10,9,1184,0.4502
15.416,19.439,0.0,5532.24,10.0,98.545,0.9,,5,-88.936,4,10,13,1442,0.4667
15.427,20.436,0.0,83453.26,10.0,98.199,0.95,,7,66.907,4,10,13,1091,0.472
15.882,22.264,0.0,364453.47,10.0,94.189,1.0,,7,628.907,4,10,13,793,0.4754
13.489,14.449,0.0,1773.76,10.0,99.213,0.8,,0,-96.452,5,10,4,766,0.4752
14.718,18.909,0.0,1698.16,10.0,99.564,0.85,,3,-96.604,5,10,8,1115,0.4592
15.77,20.997,0.0,1693.96,10.0,99.659,0.9,,4,-96.612,5,10,10,1035,0.4541
15.427,20.436,0.0,20925.76,10.0,99.571,0.95,,6,-58.148,5,10,13,1091,0.472
15.882,22.264,0.0,159116.26,10.0,97.899,1.0,,6,218.233,5,10,13,793,0.4754
13.795,14.506,0.0,1405.74,10.0,99.452,0.8,,0,-97.189,6,10,3,606,0.4802
14.482,18.847,0.0,1239.57,10.0,99.764,0.85,,3,-97.521,6,10,8,1069,0.4602
15.373,20.662,0.0,1464.8,10.0,99.797,0.9,,3,-97.07,6,10,9,905,0.4619
15.427,20.436,0.0,3891.35,10.0,99.896,0.95,,6,-92.217,6,10,13,1091,0.472
15.882,22.264,0.0,39628.1,10.0,99.372,1.0,,6,-20.744,6,10,13,793,0.4754
13.727,14.607,0.0,1254.01,10.0,99.56,0.8,,0,-97.492,7,10,3,419,0.4797
13.401,16.183,0.0,1194.16,10.0,99.829,0.85,,3,-97.612,7,10,6,784,0.4668
15.012,20.321,0.0,1195.47,10.0,99.882,0.9,,2,-97.609,7,10,8,866,0.4665
15.813,22.335,0.0,1120.93,10.0,99.945,0.95,,4,-97.758,7,10,10,772,0.4585
15.882,22.264,0.0,5960.64,10.0,99.875,1.0,,6,-88.079,7,10,13,793,0.4754
13.403,14.792,0.0,1084.7,10.0,99.624,0.8,,0,-97.831,8,10,2,342,0.4795
13.224,16.081,0.0,1005.43,10.0,99.887,0.85,,3,-97.989,8,10,5,735,0.4707
13.523,15.218,0.0,1123.81,10.0,99.918,0.9,,1,-97.752,8,10,5,492,0.4817
15.397,22.384,0.0,1067.64,10.0,99.892,0.95,,4,-97.865,8,10,9,678,0.4631
15.882,22.264,0.0,1215.16,10.0,99.96,1.0,,6,-97.57,8,10,13,793,0.4754
13.361,15.018,0.0,910.14,10.0,99.689,0.8,,0,-98.18,9,10,2,334,0.479
13.206,15.478,0.0,938.23,10.0,99.916,0.85,,2,-98.124,9,10,5,625,0.4896
13.49,14.768,0.0,913.81,10.0,99.95,0.9,,1,-98.172,9,10,4,338,0.4822
15.191,22.346,0.0,528.99,10.0,99.944,0.95,,3,-98.942,9,10,8,647,0.4699
15.884,24.85,0.0,379.62,10.0,99.972,1.0,,4,-99.241,9,10,9,490,0.4571
14.685,14.962,0.0,883.89,10.0,99.667,0.8,,0,-98.232,10,10,2,183,0.5027
13.343,15.107,0.0,796.21,10.0,99.941,0.85,,0,-98.408,10,10,3,303,0.4884
13.399,14.918,0.0,803.83,10.0,99.966,0.9,,0,-98.392,10,10,3,296,0.4932
14.31,21.592,0.0,362.3,10.0,99.969,0.95,,3,-99.275,10,10,7,561,0.4813
14.776,23.88,0.0,31.81,10.0,99.998,1.0,,3,-99.936,10,10,7,398,0.4874
15.211,18.139,0.0267,17056.78,10.0,76.846,0.8,,4,-65.886,1,15,13,2788,0.453
15.263,18.577,0.0,41078.41,10.0,66.635,0.85,,5,-17.843,1,15,13,1872,0.4578
15.632,19.527,0.0,90776.75,10.0,48.372,0.9,,7,81.553,1,15,13,1442,0.4674
15.604,20.55,0.0,153626.86,10.0,51.521,0.95,,8,207.254,1,15,13,1091,0.473
16.129,22.415,0.0,187042.32,10.0,44.658,1.0,,8,274.085,1,15,13,793,0.4767
15.111,18.299,0.0,4394.3,10.0,95.808,0.8,,3,-91.211,2,15,9,1781,0.4469
15.263,18.577,0.0,12674.34,10.0,93.131,0.85,,5,-74.651,2,15,13,1872,0.4578
15.632,19.527,0.0,67738.17,10.0,78.898,0.9,,6,35.476,2,15,13,1442,0.4674
15.604,20.55,0.0,232829.15,10.0,80.47,0.95,,7,365.658,2,15,13,1091,0.473
16.129,22.415,0.0,392340.69,10.0,71.667,1.0,,7,684.681,2,15,13,793,0.4767
14.753,17.977,0.0,2717.45,10.0,98.111,0.8,,1,-94.565,3,15,8,1617,0.4539
15.372,18.869,0.0,2929.55,10.0,98.448,0.85,,4,-94.141,3,15,12,1796,0.4582
15.632,19.527,0.0,25016.82,10.0,94.107,0.9,,6,-49.966,3,15,13,1442,0.4674
15.604,20.55,0.0,182689.55,10.0,93.482,0.95,,7,265.379,3,15,13,1091,0.473
16.129,22.415,0.0,464152.55,10.0,85.951,1.0,,7,828.305,3,15,13,793,0.4767
13.481,14.865,0.0,2195.86,10.0,98.776,0.8,,0,-95.608,4,15,5,1029,0.4684
15.061,19.272,0.0,1823.9,10.0,99.341,0.85,,3,-96.352,4,15,9,1184,0.4502
15.632,19.527,0.0,4366.21,10.0,98.81,0.9,,5,-91.268,4,15,13,1442,0.4674
15.604,20.55,0.0,74558.98,10.0,98.199,0.95,,7,49.118,4,15,13,1091,0.473
16.129,22.415,0.0,325613.71,10.0,94.189,1.0,,7,551.227,4,15,13,793,0.4767
13.489,14.449,0.0,1773.76,10.0,99.213,0.8,,0,-96.452,5,15,4,766,0.4752
14.718,18.909,0.0,1698.16,10.0,99.564,0.85,,3,-96.604,5,15,8,1115,0.4592
15.77,20.997,0.0,1693.96,10.0,99.659,0.9,,4,-96.612,5,15,10,1035,0.4541
15.604,20.55,0.0,17296.7,10.0,99.571,0.95,,6,-65.407,5,15,13,1091,0.473
16.129,22.415,0.0,134467.77,10.0,97.899,1.0,,6,168.936,5,15,13,793,0.4767
13.795,14.506,0.0,1405.74,10.0,99.452,0.8,,0,-97.189,6,15,3,606,0.4802
14.482,18.847,0.0,1239.57,10.0,99.764,0.85,,3,-97.521,6,15,8,1069,0.4602
15.373,20.662,0.0,1464.8,10.0,99.797,0.9,,3,-97.07,6,15,9,905,0.4619
15.604,20.55,0.0,2776.25,10.0,99.91,0.95,,6,-94.447,6,15,13,1091,0.473
16.129,22.415,0.0,31870.17,10.0,99.372,1.0,,6,-36.26,6,15,13,793,0.4767
13.727,14.607,0.0,1254.01,10.0,99.56,0.8,,0,-97.492,7,15,3,419,0.4797
13.401,16.183,0.0,1194.16,10.0,99.829,0.85,,3,-97.612,7,15,6,784,0.4668
15.012,20.321,0.0,1195.47,10.0,99.882,0.9,,2,-97.609,7,15,8,866,0.4665
15.813,22.335,0.0,1120.93,10.0,99.945,0.95,,4,-97.758,7,15,10,772,0.4585
16.129,22.415,0.0,4618.74,10.0,99.895,1.0,,6,-90.763,7,15,13,793,0.4767
13.403,14.792,0.0,1084.7,10.0,99.624,0.8,,0,-97.831,8,15,2,342,0.4795
13.224,16.081,0.0,1005.43,10.0,99.887,0.85,,3,-97.989,8,15,5,735,0.4707
13.523,15.218,0.0,1123.81,10.0,99.918,0.9,,1,-97.752,8,15,5,492,0.4817
15.397,22.384,0.0,1067.64,10.0,99.892,0.95,,4,-97.865,8,15,9,678,0.4631
16.122,22.512,0.0,1074.2,10.0,99.962,1.0,,6,-97.852,8,15,13,790,0.4759
13.361,15.018,0.0,910.14,10.0,99.689,0.8,,0,-98.18,9,15,2,334,0.479
13.206,15.478,0.0,938.23,10.0,99.916,0.85,,2,-98.124,9,15,5,625,0.4896
13.49,14.768,0.0,913.81,10.0,99.95,0.9,,1,-98.172,9,15,4,338,0.4822
15.191,22.346,0.0,528.99,10.0,99.944,0.95,,3,-98.942,9,15,8,647,0.4699
15.884,24.85,0.0,379.62,10.0,99.972,1.0,,4,-99.241,9,15,9,490,0.4571
14.685,14.962,0.0,883.89,10.0,99.667,0.8,,0,-98.232,10,15,2,183,0.5027
13.343,15.107,0.0,796.21,10.0,99.941,0.85,,0,-98.408,10,15,3,303,0.4884
13.399,14.918,0.0,803.83,10.0,99.966,0.9,,0,-98.392,10,15,3,296,0.4932
14.31,21.592,0.0,362.3,10.0,99.969,0.95,,3,-99.275,10,15,7,561,0.4813
14.776,23.88,0.0,31.81,10.0,99.998,1.0,,3,-99.936,10,15,7,398,0.4874
15.211,18.139,0.0267,17056.78,10.0,76.846,0.8,,4,-65.886,1,20,13,2788,0.453
15.263,18.577,0.0,41078.41,10.0,66.635,0.85,,5,-17.843,1,20,13,1872,0.4578
15.632,19.527,0.0,90776.75,10.0,48.372,0.9,,7,81.553,1,20,13,1442,0.4674
15.604,20.55,0.0,153626.86,10.0,51.521,0.95,,8,207.254,1,20,13,1091,0.473
16.129,22.415,0.0,187042.32,10.0,44.658,1.0,,8,274.085,1,20,13,793,0.4767
15.111,18.299,0.0,4394.3,10.0,95.808,0.8,,3,-91.211,2,20,9,1781,0.4469
15.263,18.577,0.0,12674.34,10.0,93.131,0.85,,5,-74.651,2,20,13,1872,0.4578
15.632,19.527,0.0,67738.17,10.0,78.898,0.9,,6,35.476,2,20,13,1442,0.4674
15.604,20.55,0.0,232829.15,10.0,80.47,0.95,,7,365.658,2,20,13,1091,0.473
16.129,22.415,0.0,392340.69,10.0,71.667,1.0,,7,684.681,2,20,13,793,0.4767
14.753,17.977,0.0,2717.45,10.0,98.111,0.8,,1,-94.565,3,20,8,1617,0.4539
15.372,18.869,0.0,2929.55,10.0,98.448,0.85,,4,-94.141,3,20,12,1796,0.4582
15.632,19.527,0.0,25016.82,10.0,94.107,0.9,,6,-49.966,3,20,13,1442,0.4674
15.604,20.55,0.0,182689.55,10.0,93.482,0.95,,7,265.379,3,20,13,1091,0.473
16.129,22.415,0.0,464152.55,10.0,85.951,1.0,,7,828.305,3,20,13,793,0.4767
13.481,14.865,0.0,2195.86,10.0,98.776,0.8,,0,-95.608,4,20,5,1029,0.4684
15.061,19.272,0.0,1823.9,10.0,99.341,0.85,,3,-96.352,4,20,9,1184,0.4502
15.632,19.527,0.0,4366.21,10.0,98.81,0.9,,5,-91.268,4,20,13,1442,0.4674
15.604,20.55,0.0,74558.98,10.0,98.199,0.95,,7,49.118,4,20,13,1091,0.473
16.129,22.415,0.0,325613.71,10.0,94.189,1.0,,7,551.227,4,20,13,793,0.4767
13.489,14.449,0.0,1773.76,10.0,99.213,0.8,,0,-96.452,5,20,4,766,0.4752
14.718,18.909,0.0,1698.16,10.0,99.564,0.85,,3,-96.604,5,20,8,1115,0.4592
15.77,20.997,0.0,1693.96,10.0,99.659,0.9,,4,-96.612,5,20,10,1035,0.4541
15.604,20.55,0.0,17296.7,10.0,99.571,0.95,,6,-65.407,5,20,13,1091,0.473
16.129,22.415,0.0,134467.77,10.0,97.899,1.0,,6,168.936,5,20,13,793,0.4767
13.795,14.506,0.0,1405.74,10.0,99.452,0.8,,0,-97.189,6,20,3,606,0.4802
14.482,18.847,0.0,1239.57,10.0,99.764,0.85,,3,-97.521,6,20,8,1069,0.4602
15.373,20.662,0.0,1464.8,10.0,99.797,0.9,,3,-97.07,6,20,9,905,0.4619
15.604,20.55,0.0,2776.25,10.0,99.91,0.95,,6,-94.447,6,20,13,1091,0.473
16.129,22.415,0.0,31870.17,10.0,99.372,1.0,,6,-36.26,6,20,13,793,0.4767
13.727,14.607,0.0,1254.01,10.0,99.56,0.8,,0,-97.492,7,20,3,419,0.4797
13.401,16.183,0.0,1194.16,10.0,99.829,0.85,,3,-97.612,7,20,6,784,0.4668
15.012,20.321,0.0,1195.47,10.0,99.882,0.9,,2,-97.609,7,20,8,866,0.4665
15.813,22.335,0.0,1120.93,10.0,99.945,0.95,,4,-97.758,7,20,10,772,0.4585
16.129,22.415,0.0,4618.74,10.0,99.895,1.0,,6,-90.763,7,20,13,793,0.4767
13.403,14.792,0.0,1084.7,10.0,99.624,0.8,,0,-97.831,8,20,2,342,0.4795
13.224,16.081,0.0,1005.43,10.0,99.887,0.85,,3,-97.989,8,20,5,735,0.4707
13.523,15.218,0.0,1123.81,10.0,99.918,0.9,,1,-97.752,8,20,5,492,0.4817
15.397,22.384,0.0,1067.64,10.0,99.892,0.95,,4,-97.865,8,20,9,678,0.4631
16.122,22.512,0.0,1074.2,10.0,99.962,1.0,,6,-97.852,8,20,13,790,0.4759
13.361,15.018,0.0,910.14,10.0,99.689,0.8,,0,-98.18,9,20,2,334,0.479
13.206,15.478,0.0,938.23,10.0,99.916,0.85,,2,-98.124,9,20,5,625,0.4896
13.49,14.768,0.0,913.81,10.0,99.95,0.9,,1,-98.172,9,20,4,338,0.4822
15.191,22.346,0.0,528.99,10.0,99.944,0.95,,3,-98.942,9,20,8,647,0.4699
15.884,24.85,0.0,379.62,10.0,99.972,1.0,,4,-99.241,9,20,9,490,0.4571
14.685,14.962,0.0,883.89,10.0,99.667,0.8,,0,-98.232,10,20,2,183,0.5027
13.343,15.107,0.0,796.21,10.0,99.941,0.85,,0,-98.408,10,20,3,303,0.4884
13.399,14.918,0.0,803.83,10.0,99.966,0.9,,0,-98.392,10,20,3,296,0.4932
14.31,21.592,0.0,362.3,10.0,99.969,0.95,,3,-99.275,10,20,7,561,0.4813
14.776,23.88,0.0,31.81,10.0,99.998,1.0,,3,-99.936,10,20,7,398,0.4874
15.211,18.139,0.0267,17056.78,10.0,76.846,0.8,,4,-65.886,1,25,13,2788,0.453
15.263,18.577,0.0,41078.41,10.0,66.635,0.85,,5,-17.843,1,25,13,1872,0.4578
15.632,19.527,0.0,90776.75,10.0,48.372,0.9,,7,81.553,1,25,13,1442,0.4674
15.604,20.55,0.0,153626.86,10.0,51.521,0.95,,8,207.254,1,25,13,1091,0.473
16.129,22.415,0.0,187042.32,10.0,44.658,1.0,,8,274.085,1,25,13,793,0.4767
15.111,18.299,0.0,4394.3,10.0,95.808,0.8,,3,-91.211,2,25,9,1781,0.4469
15.263,18.577,0.0,12674.34,10.0,93.131,0.85,,5,-74.651,2,25,13,1872,0.4578
15.632,19.527,0.0,67738.17,10.0,78.898,0.9,,6,35.476,2,25,13,1442,0.4674
15.604,20.55,0.0,232829.15,10.0,80.47,0.95,,7,365.658,2,25,13,1091,0.473
16.129,22.415,0.0,392340.69,10.0,71.667,1.0,,7,684.681,2,25,13,793,0.4767
14.753,17.977,0.0,2717.45,10.0,98.111,0.8,,1,-94.565,3,25,8,1617,0.4539
15.372,18.869,0.0,2929.55,10.0,98.448,0.85,,4,-94.141,3,25,12,1796,0.4582
15.632,19.527,0.0,25016.82,10.0,94.107,0.9,,6,-49.966,3,25,13,1442,0.4674
15.604,20.55,0.0,182689.55,10.0,93.482,0.95,,7,265.379,3,25,13,1091,0.473
16.129,22.415,0.0,464152.55,10.0,85.951,1.0,,7,828.305,3,25,13,793,0.4767
13.481,14.865,0.0,2195.86,10.0,98.776,0.8,,0,-95.608,4,25,5,1029,0.4684
15.061,19.272,0.0,1823.9,10.0,99.341,0.85,,3,-96.352,4,25,9,1184,0.4502
15.632,19.527,0.0,4366.21,10.0,98.81,0.9,,5,-91.268,4,25,13,1442,0.4674
15.604,20.55,0.0,74558.98,10.0,98.199,0.95,,7,49.118,4,25,13,1091,0.473
16.129,22.415,0.0,325613.71,10.0,94.189,1.0,,7,551.227,4,25,13,793,0.4767
13.489,14.449,0.0,1773.76,10.0,99.213,0.8,,0,-96.452,5,25,4,766,0.4752
14.718,18.909,0.0,1698.16,10.0,99.564,0.85,,3,-96.604,5,25,8,1115,0.4592
15.77,20.997,0.0,1693.96,10.0,99.659,0.9,,4,-96.612,5,25,10,1035,0.4541
15.604,20.55,0.0,17296.7,10.0,99.571,0.95,,6,-65.407,5,25,13,1091,0.473
16.129,22.415,0.0,134467.77,10.0,97.899,1.0,,6,168.936,5,25,13,793,0.4767
13.795,14.506,0.0,1405.74,10.0,99.452,0.8,,0,-97.189,6,25,3,606,0.4802
14.482,18.847,0.0,1239.57,10.0,99.764,0.85,,3,-97.521,6,25,8,1069,0.4602
15.373,20.662,0.0,1464.8,10.0,99.797,0.9,,3,-97.07,6,25,9,905,0.4619
15.604,20.55,0.0,2776.25,10.0,99.91,0.95,,6,-94.447,6,25,13,1091,0.473
16.129,22.415,0.0,31870.17,10.0,99.372,1.0,,6,-36.26,6,25,13,793,0.4767
13.727,14.607,0.0,1254.01,10.0,99.56,0.8,,0,-97.492,7,25,3,419,0.4797
13.401,16.183,0.0,1194.16,10.0,99.829,0.85,,3,-97.612,7,25,6,784,0.4668
15.012,20.321,0.0,1195.47,10.0,99.882,0.9,,2,-97.609,7,25,8,866,0.4665
15.813,22.335,0.0,1120.93,10.0,99.945,0.95,,4,-97.758,7,25,10,772,0.4585
16.129,22.415,0.0,4618.74,10.0,99.895,1.0,,6,-90.763,7,25,13,793,0.4767
13.403,14.792,0.0,1084.7,10.0,99.624,0.8,,0,-97.831,8,25,2,342,0.4795
13.224,16.081,0.0,1005.43,10.0,99.887,0.85,,3,-97.989,8,25,5,735,0.4707
13.523,15.218,0.0,1123.81,10.0,99.918,0.9,,1,-97.752,8,25,5,492,0.4817
15.397,22.384,0.0,1067.64,10.0,99.892,0.95,,4,-97.865,8,25,9,678,0.4631
16.122,22.512,0.0,1074.2,10.0,99.962,1.0,,6,-97.852,8,25,13,790,0.4759
13.361,15.018,0.0,910.14,10.0,99.689,0.8,,0,-98.18,9,25,2,334,0.479
13.206,15.478,0.0,938.23,10.0,99.916,0.85,,2,-98.124,9,25,5,625,0.4896
13.49,14.768,0.0,913.81,10.0,99.95,0.9,,1,-98.172,9,25,4,338,0.4822
15.191,22.346,0.0,528.99,10.0,99.944,0.95,,3,-98.942,9,25,8,647,0.4699
15.884,24.85,0.0,379.62,10.0,99.972,1.0,,4,-99.241,9,25,9,490,0.4571
14.685,14.962,0.0,883.89,10.0,99.667,0.8,,0,-98.232,10,25,2,183,0.5027
13.343,15.107,0.0,796.21,10.0,99.941,0.85,,0,-98.408,10,25,3,303,0.4884
13.399,14.918,0.0,803.83,10.0,99.966,0.9,,0,-98.392,10,25,3,296,0.4932
14.31,21.592,0.0,362.3,10.0,99.969,0.95,,3,-99.275,10,25,7,561,0.4813
14.776,23.88,0.0,31.81,10.0,99.998,1.0,,3,-99.936,10,25,7,398,0.4874
15.211,18.139,0.0267,17056.78,10.0,76.846,0.8,,4,-65.886,1,30,13,2788,0.453
15.263,18.577,0.0,41078.41,10.0,66.635,0.85,,5,-17.843,1,30,13,1872,0.4578
15.632,19.527,0.0,90776.75,10.0,48.372,0.9,,7,81.553,1,30,13,1442,0.4674
15.604,20.55,0.0,153626.86,10.0,51.521,0.95,,8,207.254,1,30,13,1091,0.473
16.129,22.415,0.0,187042.32,10.0,44.658,1.0,,8,274.085,1,30,13,793,0.4767
15.111,18.299,0.0,4394.3,10.0,95.808,0.8,,3,-91.211,2,30,9,1781,0.4469
15.263,18.577,0.0,12674.34,10.0,93.131,0.85,,5,-74.651,2,30,13,1872,0.4578
15.632,19.527,0.0,67738.17,10.0,78.898,0.9,,6,35.476,2,30,13,1442,0.4674
15.604,20.55,0.0,232829.15,10.0,80.47,0.95,,7,365.658,2,30,13,1091,0.473
16.129,22.415,0.0,392340.69,10.0,71.667,1.0,,7,684.681,2,30,13,793,0.4767
14.753,17.977,0.0,2717.45,10.0,98.111,0.8,,1,-94.565,3,30,8,1617,0.4539
15.372,18.869,0.0,2929.55,10.0,98.448,0.85,,4,-94.141,3,30,12,1796,0.4582
15.632,19.527,0.0,25016.82,10.0,94.107,0.9,,6,-49.966,3,30,13,1442,0.4674
15.604,20.55,0.0,182689.55,10.0,93.482,0.95,,7,265.379,3,30,13,1091,0.473
16.129,22.415,0.0,464152.55,10.0,85.951,1.0,,7,828.305,3,30,13,793,0.4767
13.481,14.865,0.0,2195.86,10.0,98.776,0.8,,0,-95.608,4,30,5,1029,0.4684
15.061,19.272,0.0,1823.9,10.0,99.341,0.85,,3,-96.352,4,30,9,1184,0.4502
15.632,19.527,0.0,4366.21,10.0,98.81,0.9,,5,-91.268,4,30,13,1442,0.4674
15.604,20.55,0.0,74558.98,10.0,98.199,0.95,,7,49.118,4,30,13,1091,0.473
16.129,22.415,0.0,325613.71,10.0,94.189,1.0,,7,551.227,4,30,13,793,0.4767
13.489,14.449,0.0,1773.76,10.0,99.213,0.8,,0,-96.452,5,30,4,766,0.4752
14.718,18.909,0.0,1698.16,10.0,99.564,0.85,,3,-96.604,5,30,8,1115,0.4592
15.77,20.997,0.0,1693.96,10.0,99.659,0.9,,4,-96.612,5,30,10,1035,0.4541
15.604,20.55,0.0,17296.7,10.0,99.571,0.95,,6,-65.407,5,30,13,1091,0.473
16.129,22.415,0.0,134467.77,10.0,97.899,1.0,,6,168.936,5,30,13,793,0.4767
13.795,14.506,0.0,1405.74,10.0,99.452,0.8,,0,-97.189,6,30,3,606,0.4802
14.482,18.847,0.0,1239.57,10.0,99.764,0.85,,3,-97.521,6,30,8,1069,0.4602
15.373,20.662,0.0,1464.8,10.0,99.797,0.9,,3,-97.07,6,30,9,905,0.4619
15.604,20.55,0.0,2776.25,10.0,99.91,0.95,,6,-94.447,6,30,13,1091,0.473
16.129,22.415,0.0,31870.17,10.0,99.372,1.0,,6,-36.26,6,30,13,793,0.4767
13.727,14.607,0.0,1254.01,10.0,99.56,0.8,,0,-97.492,7,30,3,419,0.4797
13.401,16.183,0.0,1194.16,10.0,99.829,0.85,,3,-97.612,7,30,6,784,0.4668
15.012,20.321,0.0,1195.47,10.0,99.882,0.9,,2,-97.609,7,30,8,866,0.4665
15.813,22.335,0.0,1120.93,10.0,99.945,0.95,,4,-97.758,7,30,10,772,0.4585
16.129,22.415,0.0,4618.74,10.0,99.895,1.0,,6,-90.763,7,30,13,793,0.4767
13.403,14.792,0.0,1084.7,10.0,99.624,0.8,,0,-97.831,8,30,2,342,0.4795
13.224,16.081,0.0,1005.43,10.0,99.887,0.85,,3,-97.989,8,30,5,735,0.4707
13.523,15.218,0.0,1123.81,10.0,99.918,0.9,,1,-97.752,8,30,5,492,0.4817
15.397,22.384,0.0,1067.64,10.0,99.892,0.95,,4,-97.865,8,30,9,678,0.4631
16.122,22.512,0.0,1074.2,10.0,99.962,1.0,,6,-97.852,8,30,13,790,0.4759
13.361,15.018,0.0,910.14,10.0,99.689,0.8,,0,-98.18,9,30,2,334,0.479
13.206,15.478,0.0,938.23,10.0,99.916,0.85,,2,-98.124,9,30,5,625,0.4896
13.49,14.768,0.0,913.81,10.0,99.95,0.9,,1,-98.172,9,30,4,338,0.4822
15.191,22.346,0.0,528.99,10.0,99.944,0.95,,3,-98.942,9,30,8,647,0.4699
15.884,24.85,0.0,379.62,10.0,99.972,1.0,,4,-99.241,9,30,9,490,0.4571
14.685,14.962,0.0,883.89,10.0,99.667,0.8,,0,-98.232,10,30,2,183,0.5027
13.343,15.107,0.0,796.21,10.0,99.941,0.85,,0,-98.408,10,30,3,303,0.4884
13.399,14.918,0.0,803.83,10.0,99.966,0.9,,0,-98.392,10,30,3,296,0.4932
14.31,21.592,0.0,362.3,10.0,99.969,0.95,,3,-99.275,10,30,7,561,0.4813
14.776,23.88,0.0,31.81,10.0,99.998,1.0,,3,-99.936,10,30,7,398,0.4874
15.211,18.139,0.0267,17056.78,10.0,76.846,0.8,,4,-65.886,1,35,13,2788,0.453
15.263,18.577,0.0,41078.41,10.0,66.635,0.85,,5,-17.843,1,35,13,1872,0.4578
15.632,19.527,0.0,90776.75,10.0,48.372,0.9,,7,81.553,1,35,13,1442,0.4674
15.604,20.55,0.0,153626.86,10.0,51.521,0.95,,8,207.254,1,35,13,1091,0.473
16.129,22.415,0.0,187042.32,10.0,44.658,1.0,,8,274.085,1,35,13,793,0.4767
15.111,18.299,0.0,4394.3,10.0,95.808,0.8,,3,-91.211,2,35,9,1781,0.4469
15.263,18.577,0.0,12674.34,10.0,93.131,0.85,,5,-74.651,2,35,13,1872,0.4578
15.632,19.527,0.0,67738.17,10.0,78.898,0.9,,6,35.476,2,35,13,1442,0.4674
15.604,20.55,0.0,232829.15,10.0,80.47,0.95,,7,365.658,2,35,13,1091,0.473
16.129,22.415,0.0,392340.69,10.0,71.667,1.0,,7,684.681,2,35,13,793,0.4767
14.753,17.977,0.0,2717.45,10.0,98.111,0.8,,1,-94.565,3,35,8,1617,0.4539
15.372,18.869,0.0,2929.55,10.0,98.448,0.85,,4,-94.141,3,35,12,1796,0.4582
15.632,19.527,0.0,25016.82,10.0,94.107,0.9,,6,-49.966,3,35,13,1442,0.4674
15.604,20.55,0.0,182689.55,10.0,93.482,0.95,,7,265.379,3,35,13,1091,0.473
16.129,22.415,0.0,464152.55,10.0,85.951,1.0,,7,828.305,3,35,13,793,0.4767
13.481,14.865,0.0,2195.86,10.0,98.776,0.8,,0,-95.608,4,35,5,1029,0.4684
15.061,19.272,0.0,1823.9,10.0,99.341,0.85,,3,-96.352,4,35,9,1184,0.4502
15.632,19.527,0.0,4366.21,10.0,98.81,0.9,,5,-91.268,4,35,13,1442,0.4674
15.604,20.55,0.0,74558.98,10.0,98.199,0.95,,7,49.118,4,35,13,1091,0.473
16.129,22.415,0.0,325613.71,10.0,94.189,1.0,,7,551.227,4,35,13,793,0.4767
13.489,14.449,0.0,1773.76,10.0,99.213,0.8,,0,-96.452,5,35,4,766,0.4752
14.718,18.909,0.0,1698.16,10.0,99.564,0.85,,3,-96.604,5,35,8,1115,0.4592
15.77,20.997,0.0,1693.96,10.0,99.659,0.9,,4,-96.612,5,35,10,1035,0.4541
15.604,20.55,0.0,17296.7,10.0,99.571,0.95,,6,-65.407,5,35,13,1091,0.473
16.129,22.415,0.0,134467.77,10.0,97.899,1.0,,6,168.936,5,35,13,793,0.4767
13.795,14.506,0.0,1405.74,10.0,99.452,0.8,,0,-97.189,6,35,3,606,0.4802
14.482,18.847,0.0,1239.57,10.0,99.764,0.85,,3,-97.521,6,35,8,1069,0.4602
15.373,20.662,0.0,1464.8,10.0,99.797,0.9,,3,-97.07,6,35,9,905,0.4619
15.604,20.55,0.0,2776.25,10.0,99.91,0.95,,6,-94.447,6,35,13,1091,0.473
16.129,22.415,0.0,31870.17,10.0,99.372,1.0,,6,-36.26,6,35,13,793,0.4767
13.727,14.607,0.0,1254.01,10.0,99.56,0.8,,0,-97.492,7,35,3,419,0.4797
13.401,16.183,0.0,1194.16,10.0,99.829,0.85,,3,-97.612,7,35,6,784,0.4668
15.012,20.321,0.0,1195.47,10.0,99.882,0.9,,2,-97.609,7,35,8,866,0.4665
15.813,22.335,0.0,1120.93,10.0,99.945,0.95,,4,-97.758,7,35,10,772,0.4585
16.129,22.415,0.0,4618.74,10.0,99.895,1.0,,6,-90.763,7,35,13,793,0.4767
13.403,14.792,0.0,1084.7,10.0,99.624,0.8,,0,-97.831,8,35,2,342,0.4795
13.224,16.081,0.0,1005.43,10.0,99.887,0.85,,3,-97.989,8,35,5,735,0.4707
13.523,15.218,0.0,1123.81,10.0,99.918,0.9,,1,-97.752,8,35,5,492,0.4817
15.397,22.384,0.0,1067.64,10.0,99.892,0.95,,4,-97.865,8,35,9,678,0.4631
16.122,22.512,0.0,1074.2,10.0,99.962,1.0,,6,-97.852,8,35,13,790,0.4759
13.361,15.018,0.0,910.14,10.0,99.689,0.8,,0,-98.18,9,35,2,334,0.479
13.206,15.478,0.0,938.23,10.0,99.916,0.85,,2,-98.124,9,35,5,625,0.4896
13.49,14.768,0.0,913.81,10.0,99.95,0.9,,1,-98.172,9,35,4,338,0.4822
15.191,22.346,0.0,528.99,10.0,99.944,0.95,,3,-98.942,9,35,8,647,0.4699
15.884,24.85,0.0,379.62,10.0,99.972,1.0,,4,-99.241,9,35,9,490,0.4571
14.685,14.962,0.0,883.89,10.0,99.667,0.8,,0,-98.232,10,35,2,183,0.5027
13.343,15.107,0.0,796.21,10.0,99.941,0.85,,0,-98.408,10,35,3,303,0.4884
13.399,14.918,0.0,803.83,10.0,99.966,0.9,,0,-98.392,10,35,3,296,0.4932
14.31,21.592,0.0,362.3,10.0,99.969,0.95,,3,-99.275,10,35,7,561,0.4813
14.776,23.88,0.0,31.81,10.0,99.998,1.0,,3,-99.936,10,35,7,398,0.4874
15.211,18.139,0.0267,17056.78,10.0,76.846,0.8,,4,-65.886,1,40,13,2788,0.453
15.263,18.577,0.0,41078.41,10.0,66.635,0.85,,5,-17.843,1,40,13,1872,0.4578
15.632,19.527,0.0,90776.75,10.0,48.372,0.9,,7,81.553,1,40,13,1442,0.4674
15.604,20.55,0.0,153626.86,10.0,51.521,0.95,,8,207.254,1,40,13,1091,0.473
16.129,22.415,0.0,187042.32,10.0,44.658,1.0,,8,274.085,1,40,13,793,0.4767
15.111,18.299,0.0,4394.3,10.0,95.808,0.8,,3,-91.211,2,40,9,1781,0.4469
15.263,18.577,0.0,12674.34,10.0,93.131,0.85,,5,-74.651,2,40,13,1872,0.4578
15.632,19.527,0.0,67738.17,10.0,78.898,0.9,,6,35.476,2,40,13,1442,0.4674
15.604,20.55,0.0,232829.15,10.0,80.47,0.95,,7,365.658,2,40,13,1091,0.473
16.129,22.415,0.0,392340.69,10.0,71.667,1.0,,7,684.681,2,40,13,793,0.4767
14.753,17.977,0.0,2717.45,10.0,98.111,0.8,,1,-94.565,3,40,8,1617,0.4539
15.372,18.869,0.0,2929.55,10.0,98.448,0.85,,4,-94.141,3,40,12,1796,0.4582
15.632,19.527,0.0,25016.82,10.0,94.107,0.9,,6,-49.966,3,40,13,1442,0.4674
15.604,20.55,0.0,182689.55,10.0,93.482,0.95,,7,265.379,3,40,13,1091,0.473
16.129,22.415,0.0,464152.55,10.0,85.951,1.0,,7,828.305,3,40,13,793,0.4767
13.481,14.865,0.0,2195.86,10.0,98.776,0.8,,0,-95.608,4,40,5,1029,0.4684
15.061,19.272,0.0,1823.9,10.0,99.341,0.85,,3,-96.352,4,40,9,1184,0.4502
15.632,19.527,0.0,4366.21,10.0,98.81,0.9,,5,-91.268,4,40,13,1442,0.4674
15.604,20.55,0.0,74558.98,10.0,98.199,0.95,,7,49.118,4,40,13,1091,0.473
16.129,22.415,0.0,325613.71,10.0,94.189,1.0,,7,551.227,4,40,13,793,0.4767
13.489,14.449,0.0,1773.76,10.0,99.213,0.8,,0,-96.452,5,40,4,766,0.4752
14.718,18.909,0.0,1698.16,10.0,99.564,0.85,,3,-96.604,5,40,8,1115,0.4592
15.77,20.997,0.0,1693.96,10.0,99.659,0.9,,4,-96.612,5,40,10,1035,0.4541
15.604,20.55,0.0,17296.7,10.0,99.571,0.95,,6,-65.407,5,40,13,1091,0.473
16.129,22.415,0.0,134467.77,10.0,97.899,1.0,,6,168.936,5,40,13,793,0.4767
13.795,14.506,0.0,1405.74,10.0,99.452,0.8,,0,-97.189,6,40,3,606,0.4802
14.482,18.847,0.0,1239.57,10.0,99.764,0.85,,3,-97.521,6,40,8,1069,0.4602
15.373,20.662,0.0,1464.8,10.0,99.797,0.9,,3,-97.07,6,40,9,905,0.4619
15.604,20.55,0.0,2776.25,10.0,99.91,0.95,,6,-94.447,6,40,13,1091,0.473
16.129,22.415,0.0,31870.17,10.0,99.372,1.0,,6,-36.26,6,40,13,793,0.4767
13.727,14.607,0.0,1254.01,10.0,99.56,0.8,,0,-97.492,7,40,3,419,0.4797
13.401,16.183,0.0,1194.16,10.0,99.829,0.85,,3,-97.612,7,40,6,784,0.4668
15.012,20.321,0.0,1195.47,10.0,99.882,0.9,,2,-97.609,7,40,8,866,0.4665
15.813,22.335,0.0,1120.93,10.0,99.945,0.95,,4,-97.758,7,40,10,772,0.4585
16.129,22.415,0.0,4618.74,10.0,99.895,1.0,,6,-90.763,7,40,13,793,0.4767
13.403,14.792,0.0,1084.7,10.0,99.624,0.8,,0,-97.831,8,40,2,342,0.4795
13.224,16.081,0.0,1005.43,10.0,99.887,0.85,,3,-97.989,8,40,5,735,0.4707
13.523,15.218,0.0,1123.81,10.0,99.918,0.9,,1,-97.752,8,40,5,492,0.4817
15.397,22.384,0.0,1067.64,10.0,99.892,0.95,,4,-97.865,8,40,9,678,0.4631
16.122,22.512,0.0,1074.2,10.0,99.962,1.0,,6,-97.852,8,40,13,790,0.4759
13.361,15.018,0.0,910.14,10.0,99.689,0.8,,0,-98.18,9,40,2,334,0.479
13.206,15.478,0.0,938.23,10.0,99.916,0.85,,2,-98.124,9,40,5,625,0.4896
13.49,14.768,0.0,913.81,10.0,99.95,0.9,,1,-98.172,9,40,4,338,0.4822
15.191,22.346,0.0,528.99,10.0,99.944,0.95,,3,-98.942,9,40,8,647,0.4699
15.884,24.85,0.0,379.62,10.0,99.972,1.0,,4,-99.241,9,40,9,490,0.4571
14.685,14.962,0.0,883.89,10.0,99.667,0.8,,0,-98.232,10,40,2,183,0.5027
13.343,15.107,0.0,796.21,10.0,99.941,0.85,,0,-98.408,10,40,3,303,0.4884
13.399,14.918,0.0,803.83,10.0,99.966,0.9,,0,-98.392,10,40,3,296,0.4932
14.31,21.592,0.0,362.3,10.0,99.969,0.95,,3,-99.275,10,40,7,561,0.4813
14.776,23.88,0.0,31.81,10.0,99.998,1.0,,3,-99.936,10,40,7,398,0.4874
15.211,18.139,0.0267,17056.78,10.0,76.846,0.8,,4,-65.886,1,45,13,2788,0.453
15.263,18.577,0.0,41078.41,10.0,66.635,0.85,,5,-17.843,1,45,13,1872,0.4578
15.632,19.527,0.0,90776.75,10.0,48.372,0.9,,7,81.553,1,45,13,1442,0.4674
15.604,20.55,0.0,153626.86,10.0,51.521,0.95,,8,207.254,1,45,13,1091,0.473
16.129,22.415,0.0,187042.32,10.0,44.658,1.0,,8,274.085,1,45,13,793,0.4767
15.111,18.299,0.0,4394.3,10.0,95.808,0.8,,3,-91.211,2,45,9,1781,0.4469
15.263,18.577,0.0,12674.34,10.0,93.131,0.85,,5,-74.651,2,45,13,1872,0.4578
15.632,19.527,0.0,67738.17,10.0,78.898,0.9,,6,35.476,2,45,13,1442,0.4674
15.604,20.55,0.0,232829.15,10.0,80.47,0.95,,7,365.658,2,45,13,1091,0.473
16.129,22.415,0.0,392340.69,10.0,71.667,1.0,,7,684.681,2,45,13,793,0.4767
14.753,17.977,0.0,2717.45,10.0,98.111,0.8,,1,-94.565,3,45,8,1617,0.4539
15.372,18.869,0.0,2929.55,10.0,98.448,0.85,,4,-94.141,3,45,12,1796,0.4582
15.632,19.527,0.0,25016.82,10.0,94.107,0.9,,6,-49.966,3,45,13,1442,0.4674
15.604,20.55,0.0,182689.55,10.0,93.482,0.95,,7,265.379,3,45,13,1091,0.473
16.129,22.415,0.0,464152.55,10.0,85.951,1.0,,7,828.305,3,45,13,793,0.4767
13.481,14.865,0.0,2195.86,10.0,98.776,0.8,,0,-95.608,4,45,5,1029,0.4684
15.061,19.272,0.0,1823.9,10.0,99.341,0.85,,3,-96.352,4,45,9,1184,0.4502
15.632,19.527,0.0,4366.21,10.0,98.81,0.9,,5,-91.268,4,45,13,1442,0.4674
15.604,20.55,0.0,74558.98,10.0,98.199,0.95,,7,49.118,4,45,13,1091,0.473
16.129,22.415,0.0,325613.71,10.0,94.189,1.0,,7,551.227,4,45,13,793,0.4767
13.489,14.449,0.0,1773.76,10.0,99.213,0.8,,0,-96.452,5,45,4,766,0.4752
14.718,18.909,0.0,1698.16,10.0,99.564,0.85,,3,-96.604,5,45,8,1115,0.4592
15.77,20.997,0.0,1693.96,10.0,99.659,0.9,,4,-96.612,5,45,10,1035,0.4541
15.604,20.55,0.0,17296.7,10.0,99.571,0.95,,6,-65.407,5,45,13,1091,0.473
16.129,22.415,0.0,134467.77,10.0,97.899,1.0,,6,168.936,5,45,13,793,0.4767
13.795,14.506,0.0,1405.74,10.0,99.452,0.8,,0,-97.189,6,45,3,606,0.4802
14.482,18.847,0.0,1239.57,10.0,99.764,0.85,,3,-97.521,6,45,8,1069,0.4602
15.373,20.662,0.0,1464.8,10.0,99.797,0.9,,3,-97.07,6,45,9,905,0.4619
15.604,20.55,0.0,2776.25,10.0,99.91,0.95,,6,-94.447,6,45,13,1091,0.473
16.129,22.415,0.0,31870.17,10.0,99.372,1.0,,6,-36.26,6,45,13,793,0.4767
13.727,14.607,0.0,1254.01,10.0,99.56,0.8,,0,-97.492,7,45,3,419,0.4797
13.401,16.183,0.0,1194.16,10.0,99.829,0.85,,3,-97.612,7,45,6,784,0.4668
15.012,20.321,0.0,1195.47,10.0,99.882,0.9,,2,-97.609,7,45,8,866,0.4665
15.813,22.335,0.0,1120.93,10.0,99.945,0.95,,4,-97.758,7,45,10,772,0.4585
16.129,22.415,0.0,4618.74,10.0,99.895,1.0,,6,-90.763,7,45,13,793,0.4767
13.403,14.792,0.0,1084.7,10.0,99.624,0.8,,0,-97.831,8,45,2,342,0.4795
13.224,16.081,0.0,1005.43,10.0,99.887,0.85,,3,-97.989,8,45,5,735,0.4707
13.523,15.218,0.0,1123.81,10.0,99.918,0.9,,1,-97.752,8,45,5,492,0.4817
15.397,22.384,0.0,1067.64,10.0,99.892,0.95,,4,-97.865,8,45,9,678,0.4631
16.122,22.512,0.0,1074.2,10.0,99.962,1.0,,6,-97.852,8,45,13,790,0.4759
13.361,15.018,0.0,910.14,10.0,99.689,0.8,,0,-98.18,9,45,2,334,0.479
13.206,15.478,0.0,938.23,10.0,99.916,0.85,,2,-98.124,9,45,5,625,0.4896
13.49,14.768,0.0,913.81,10.0,99.95,0.9,,1,-98.172,9,45,4,338,0.4822
15.191,22.346,0.0,528.99,10.0,99.944,0.95,,3,-98.942,9,45,8,647,0.4699
15.884,24.85,0.0,379.62,10.0,99.972,1.0,,4,-99.241,9,45,9,490,0.4571
14.685,14.962,0.0,883.89,10.0,99.667,0.8,,0,-98.232,10,45,2,183,0.5027
13.343,15.107,0.0,796.21,10.0,99.941,0.85,,0,-98.408,10,45,3,303,0.4884
13.399,14.918,0.0,803.83,10.0,99.966,0.9,,0,-98.392,10,45,3,296,0.4932
14.31,21.592,0.0,362.3,10.0,99.969,0.95,,3,-99.275,10,45,7,561,0.4813
14.776,23.88,0.0,31.81,10.0,99.998,1.0,,3,-99.936,10,45,7,398,0.4874
15.211,18.139,0.0267,17056.78,10.0,76.846,0.8,,4,-65.886,1,50,13,2788,0.453
15.263,18.577,0.0,41078.41,10.0,66.635,0.85,,5,-17.843,1,50,13,1872,0.4578
15.632,19.527,0.0,90776.75,10.0,48.372,0.9,,7,81.553,1,50,13,1442,0.4674
15.604,20.55,0.0,153626.86,10.0,51.521,0.95,,8,207.254,1,50,13,1091,0.473
16.129,22.415,0.0,187042.32,10.0,44.658,1.0,,8,274.085,1,50,13,793,0.4767
15.111,18.299,0.0,4394.3,10.0,95.808,0.8,,3,-91.211,2,50,9,1781,0.4469
15.263,18.577,0.0,12674.34,10.0,93.131,0.85,,5,-74.651,2,50,13,1872,0.4578
15.632,19.527,0.0,67738.17,10.0,78.898,0.9,,6,35.476,2,50,13,1442,0.4674
15.604,20.55,0.0,232829.15,10.0,80.47,0.95,,7,365.658,2,50,13,1091,0.473
16.129,22.415,0.0,392340.69,10.0,71.667,1.0,,7,684.681,2,50,13,793,0.4767
14.753,17.977,0.0,2717.45,10.0,98.111,0.8,,1,-94.565,3,50,8,1617,0.4539
15.372,18.869,0.0,2929.55,10.0,98.448,0.85,,4,-94.141,3,50,12,1796,0.4582
15.632,19.527,0.0,25016.82,10.0,94.107,0.9,,6,-49.966,3,50,13,1442,0.4674
15.604,20.55,0.0,182689.55,10.0,93.482,0.95,,7,265.379,3,50,13,1091,0.473
16.129,22.415,0.0,464152.55,10.0,85.951,1.0,,7,828.305,3,50,13,793,0.4767
13.481,14.865,0.0,2195.86,10.0,98.776,0.8,,0,-95.608,4,50,5,1029,0.4684
15.061,19.272,0.0,1823.9,10.0,99.341,0.85,,3,-96.352,4,50,9,1184,0.4502
15.632,19.527,0.0,4366.21,10.0,98.81,0.9,,5,-91.268,4,50,13,1442,0.4674
15.604,20.55,0.0,74558.98,10.0,98.199,0.95,,7,49.118,4,50,13,1091,0.473
16.129,22.415,0.0,325613.71,10.0,94.189,1.0,,7,551.227,4,50,13,793,0.4767
13.489,14.449,0.0,1773.76,10.0,99.213,0.8,,0,-96.452,5,50,4,766,0.4752
14.718,18.909,0.0,1698.16,10.0,99.564,0.85,,3,-96.604,5,50,8,1115,0.4592
15.77,20.997,0.0,1693.96,10.0,99.659,0.9,,4,-96.612,5,50,10,1035,0.4541
15.604,20.55,0.0,17296.7,10.0,99.571,0.95,,6,-65.407,5,50,13,1091,0.473
16.129,22.415,0.0,134467.77,10.0,97.899,1.0,,6,168.936,5,50,13,793,0.4767
13.795,14.506,0.0,1405.74,10.0,99.452,0.8,,0,-97.189,6,50,3,606,0.4802
14.482,18.847,0.0,1239.57,10.0,99.764,0.85,,3,-97.521,6,50,8,1069,0.4602
15.373,20.662,0.0,1464.8,10.0,99.797,0.9,,3,-97.07,6,50,9,905,0.4619
15.604,20.55,0.0,2776.25,10.0,99.91,0.95,,6,-94.447,6,50,13,1091,0.473
16.129,22.415,0.0,31870.17,10.0,99.372,1.0,,6,-36.26,6,50,13,793,0.4767
13.727,14.607,0.0,1254.01,10.0,99.56,0.8,,0,-97.492,7,50,3,419,0.4797
13.401,16.183,0.0,1194.16,10.0,99.829,0.85,,3,-97.612,7,50,6,784,0.4668
15.012,20.321,0.0,1195.47,10.0,99.882,0.9,,2,-97.609,7,50,8,866,0.4665
15.813,22.335,0.0,1120.93,10.0,99.945,0.95,,4,-97.758,7,50,10,772,0.4585
16.129,22.415,0.0,4618.74,10.0,99.895,1.0,,6,-90.763,7,50,13,793,0.4767
13.403,14.792,0.0,1084.7,10.0,99.624,0.8,,0,-97.831,8,50,2,342,0.4795
13.224,16.081,0.0,1005.43,10.0,99.887,0.85,,3,-97.989,8,50,5,735,0.4707
13.523,15.218,0.0,1123.81,10.0,99.918,0.9,,1,-97.752,8,50,5,492,0.4817
15.397,22.384,0.0,1067.64,10.0,99.892,0.95,,4,-97.865,8,50,9,678,0.4631
16.122,22.512,0.0,1074.2,10.0,99.962,1.0,,6,-97.852,8,50,13,790,0.4759
13.361,15.018,0.0,910.14,10.0,99.689,0.8,,0,-98.18,9,50,2,334,0.479
13.206,15.478,0.0,938.23,10.0,99.916,0.85,,2,-98.124,9,50,5,625,0.4896
13.49,14.768,0.0,913.81,10.0,99.95,0.9,,1,-98.172,9,50,4,338,0.4822
15.191,22.346,0.0,528.99,10.0,99.944,0.95,,3,-98.942,9,50,8,647,0.4699
15.884,24.85,0.0,379.62,10.0,99.972,1.0,,4,-99.241,9,50,9,490,0.4571
14.685,14.962,0.0,883.89,10.0,99.667,0.8,,0,-98.232,10,50,2,183,0.5027
13.343,15.107,0.0,796.21,10.0,99.941,0.85,,0,-98.408,10,50,3,303,0.4884
13.399,14.918,0.0,803.83,10.0,99.966,0.9,,0,-98.392,10,50,3,296,0.4932
14.31,21.592,0.0,362.3,10.0,99.969,0.95,,3,-99.275,10,50,7,561,0.4813
14.776,23.88,0.0,31.81,10.0,99.998,1.0,,3,-99.936,10,50,7,398,0.4874
15.211,18.139,0.0267,17056.78,10.0,76.846,0.8,,4,-65.886,1,55,13,2788,0.453
15.263,18.577,0.0,41078.41,10.0,66.635,0.85,,5,-17.843,1,55,13,1872,0.4578
15.632,19.527,0.0,90776.75,10.0,48.372,0.9,,7,81.553,1,55,13,1442,0.4674
15.604,20.55,0.0,153626.86,10.0,51.521,0.95,,8,207.254,1,55,13,1091,0.473
16.129,22.415,0.0,187042.32,10.0,44.658,1.0,,8,274.085,1,55,13,793,0.4767
15.111,18.299,0.0,4394.3,10.0,95.808,0.8,,3,-91.211,2,55,9,1781,0.4469
15.263,18.577,0.0,12674.34,10.0,93.131,0.85,,5,-74.651,2,55,13,1872,0.4578
15.632,19.527,0.0,67738.17,10.0,78.898,0.9,,6,35.476,2,55,13,1442,0.4674
15.604,20.55,0.0,232829.15,10.0,80.47,0.95,,7,365.658,2,55,13,1091,0.473
16.129,22.415,0.0,392340.69,10.0,71.667,1.0,,7,684.681,2,55,13,793,0.4767
14.753,17.977,0.0,2717.45,10.0,98.111,0.8,,1,-94.565,3,55,8,1617,0.4539
15.372,18.869,0.0,2929.55,10.0,98.448,0.85,,4,-94.141,3,55,12,1796,0.4582
15.632,19.527,0.0,25016.82,10.0,94.107,0.9,,6,-49.966,3,55,13,1442,0.4674
15.604,20.55,0.0,182689.55,10.0,93.482,0.95,,7,265.379,3,55,13,1091,0.473
16.129,22.415,0.0,464152.55,10.0,85.951,1.0,,7,828.305,3,55,13,793,0.4767
13.481,14.865,0.0,2195.86,10.0,98.776,0.8,,0,-95.608,4,55,5,1029,0.4684
15.061,19.272,0.0,1823.9,10.0,99.341,0.85,,3,-96.352,4,55,9,1184,0.4502
15.632,19.527,0.0,4366.21,10.0,98.81,0.9,,5,-91.268,4,55,13,1442,0.4674
15.604,20.55,0.0,74558.98,10.0,98.199,0.95,,7,49.118,4,55,13,1091,0.473
16.129,22.415,0.0,325613.71,10.0,94.189,1.0,,7,551.227,4,55,13,793,0.4767
13.489,14.449,0.0,1773.76,10.0,99.213,0.8,,0,-96.452,5,55,4,766,0.4752
14.718,18.909,0.0,1698.16,10.0,99.564,0.85,,3,-96.604,5,55,8,1115,0.4592
15.77,20.997,0.0,1693.96,10.0,99.659,0.9,,4,-96.612,5,55,10,1035,0.4541
15.604,20.55,0.0,17296.7,10.0,99.571,0.95,,6,-65.407,5,55,13,1091,0.473
16.129,22.415,0.0,134467.77,10.0,97.899,1.0,,6,168.936,5,55,13,793,0.4767
13.795,14.506,0.0,1405.74,10.0,99.452,0.8,,0,-97.189,6,55,3,606,0.4802
14.482,18.847,0.0,1239.57,10.0,99.764,0.85,,3,-97.521,6,55,8,1069,0.4602
15.373,20.662,0.0,1464.8,10.0,99.797,0.9,,3,-97.07,6,55,9,905,0.4619
15.604,20.55,0.0,2776.25,10.0,99.91,0.95,,6,-94.447,6,55,13,1091,0.473
16.129,22.415,0.0,31870.17,10.0,99.372,1.0,,6,-36.26,6,55,13,793,0.4767
13.727,14.607,0.0,1254.01,10.0,99.56,0.8,,0,-97.492,7,55,3,419,0.4797
13.401,16.183,0.0,1194.16,10.0,99.829,0.85,,3,-97.612,7,55,6,784,0.4668
15.012,20.321,0.0,1195.47,10.0,99.882,0.9,,2,-97.609,7,55,8,866,0.4665
15.813,22.335,0.0,1120.93,10.0,99.945,0.95,,4,-97.758,7,55,10,772,0.4585
16.129,22.415,0.0,4618.74,10.0,99.895,1.0,,6,-90.763,7,55,13,793,0.4767
13.403,14.792,0.0,1084.7,10.0,99.624,0.8,,0,-97.831,8,55,2,342,0.4795
13.224,16.081,0.0,1005.43,10.0,99.887,0.85,,3,-97.989,8,55,5,735,0.4707
13.523,15.218,0.0,1123.81,10.0,99.918,0.9,,1,-97.752,8,55,5,492,0.4817
15.397,22.384,0.0,1067.64,10.0,99.892,0.95,,4,-97.865,8,55,9,678,0.4631
16.122,22.512,0.0,1074.2,10.0,99.962,1.0,,6,-97.852,8,55,13,790,0.4759
13.361,15.018,0.0,910.14,10.0,99.689,0.8,,0,-98.18,9,55,2,334,0.479
13.206,15.478,0.0,938.23,10.0,99.916,0.85,,2,-98.124,9,55,5,625,0.4896
13.49,14.768,0.0,913.81,10.0,99.95,0.9,,1,-98.172,9,55,4,338,0.4822
15.191,22.346,0.0,528.99,10.0,99.944,0.95,,3,-98.942,9,55,8,647,0.4699
15.884,24.85,0.0,379.62,10.0,99.972,1.0,,4,-99.241,9,55,9,490,0.4571
14.685,14.962,0.0,883.89,10.0,99.667,0.8,,0,-98.232,10,55,2,183,0.5027
13.343,15.107,0.0,796.21,10.0,99.941,0.85,,0,-98.408,10,55,3,303,0.4884
13.399,14.918,0.0,803.83,10.0,99.966,0.9,,0,-98.392,10,55,3,296,0.4932
14.31,21.592,0.0,362.3,10.0,99.969,0.95,,3,-99.275,10,55,7,561,0.4813
14.776,23.88,0.0,31.81,10.0,99.998,1.0,,3,-99.936,10,55,7,398,0.4874
15.211,18.139,0.0267,17056.78,10.0,76.846,0.8,,4,-65.886,1,60,13,2788,0.453
15.263,18.577,0.0,41078.41,10.0,66.635,0.85,,5,-17.843,1,60,13,1872,0.4578
15.632,19.527,0.0,90776.75,10.0,48.372,0.9,,7,81.553,1,60,13,1442,0.4674
15.604,20.55,0.0,153626.86,10.0,51.521,0.95,,8,207.254,1,60,13,1091,0.473
16.129,22.415,0.0,187042.32,10.0,44.658,1.0,,8,274.085,1,60,13,793,0.4767
15.111,18.299,0.0,4394.3,10.0,95.808,0.8,,3,-91.211,2,60,9,1781,0.4469
15.263,18.577,0.0,12674.34,10.0,93.131,0.85,,5,-74.651,2,60,13,1872,0.4578
15.632,19.527,0.0,67738.17,10.0,78.898,0.9,,6,35.476,2,60,13,1442,0.4674
15.604,20.55,0.0,232829.15,10.0,80.47,0.95,,7,365.658,2,60,13,1091,0.473
16.129,22.415,0.0,392340.69,10.0,71.667,1.0,,7,684.681,2,60,13,793,0.4767
14.753,17.977,0.0,2717.45,10.0,98.111,0.8,,1,-94.565,3,60,8,1617,0.4539
15.372,18.869,0.0,2929.55,10.0,98.448,0.85,,4,-94.141,3,60,12,1796,0.4582
15.632,19.527,0.0,25016.82,10.0,94.107,0.9,,6,-49.966,3,60,13,1442,0.4674
15.604,20.55,0.0,182689.55,10.0,93.482,0.95,,7,265.379,3,60,13,1091,0.473
16.129,22.415,0.0,464152.55,10.0,85.951,1.0,,7,828.305,3,60,13,793,0.4767
13.481,14.865,0.0,2195.86,10.0,98.776,0.8,,0,-95.608,4,60,5,1029,0.4684
15.061,19.272,0.0,1823.9,10.0,99.341,0.85,,3,-96.352,4,60,9,1184,0.4502
15.632,19.527,0.0,4366.21,10.0,98.81,0.9,,5,-91.268,4,60,13,1442,0.4674
15.604,20.55,0.0,74558.98,10.0,98.199,0.95,,7,49.118,4,60,13,1091,0.473
16.129,22.415,0.0,325613.71,10.0,94.189,1.0,,7,551.227,4,60,13,793,0.4767
13.489,14.449,0.0,1773.76,10.0,99.213,0.8,,0,-96.452,5,60,4,766,0.4752
14.718,18.909,0.0,1698.16,10.0,99.564,0.85,,3,-96.604,5,60,8,1115,0.4592
15.77,20.997,0.0,1693.96,10.0,99.659,0.9,,4,-96.612,5,60,10,1035,0.4541
15.604,20.55,0.0,17296.7,10.0,99.571,0.95,,6,-65.407,5,60,13,1091,0.473
16.129,22.415,0.0,134467.77,10.0,97.899,1.0,,6,168.936,5,60,13,793,0.4767
13.795,14.506,0.0,1405.74,10.0,99.452,0.8,,0,-97.189,6,60,3,606,0.4802
14.482,18.847,0.0,1239.57,10.0,99.764,0.85,,3,-97.521,6,60,8,1069,0.4602
15.373,20.662,0.0,1464.8,10.0,99.797,0.9,,3,-97.07,6,60,9,905,0.4619
15.604,20.55,0.0,2776.25,10.0,99.91,0.95,,6,-94.447,6,60,13,1091,0.473
16.129,22.415,0.0,31870.17,10.0,99.372,1.0,,6,-36.26,6,60,13,793,0.4767
13.727,14.607,0.0,1254.01,10.0,99.56,0.8,,0,-97.492,7,60,3,419,0.4797
13.401,16.183,0.0,1194.16,10.0,99.829,0.85,,3,-97.612,7,60,6,784,0.4668
15.012,20.321,0.0,1195.47,10.0,99.882,0.9,,2,-97.609,7,60,8,866,0.4665
15.813,22.335,0.0,1120.93,10.0,99.945,0.95,,4,-97.758,7,60,10,772,0.4585
16.129,22.415,0.0,4618.74,10.0,99.895,1.0,,6,-90.763,7,60,13,793,0.4767
13.403,14.792,0.0,1084.7,10.0,99.624,0.8,,0,-97.831,8,60,2,342,0.4795
13.224,16.081,0.0,1005.43,10.0,99.887,0.85,,3,-97.989,8,60,5,735,0.4707
13.523,15.218,0.0,1123.81,10.0,99.918,0.9,,1,-97.752,8,60,5,492,0.4817
15.397,22.384,0.0,1067.64,10.0,99.892,0.95,,4,-97.865,8,60,9,678,0.4631
16.122,22.512,0.0,1074.2,10.0,99.962,1.0,,6,-97.852,8,60,13,790,0.4759
13.361,15.018,0.0,910.14,10.0,99.689,0.8,,0,-98.18,9,60,2,334,0.479
13.206,15.478,0.0,938.23,10.0,99.916,0.85,,2,-98.124,9,60,5,625,0.4896
13.49,14.768,0.0,913.81,10.0,99.95,0.9,,1,-98.172,9,60,4,338,0.4822
15.191,22.346,0.0,528.99,10.0,99.944,0.95,,3,-98.942,9,60,8,647,0.4699
15.884,24.85,0.0,379.62,10.0,99.972,1.0,,4,-99.241,9,60,9,490,0.4571
14.685,14.962,0.0,883.89,10.0,99.667,0.8,,0,-98.232,10,60,2,183,0.5027
13.343,15.107,0.0,796.21,10.0,99.941,0.85,,0,-98.408,10,60,3,303,0.4884
13.399,14.918,0.0,803.83,10.0,99.966,0.9,,0,-98.392,10,60,3,296,0.4932
14.31,21.592,0.0,362.3,10.0,99.969,0.95,,3,-99.275,10,60,7,561,0.4813
14.776,23.88,0.0,31.81,10.0,99.998,1.0,,3,-99.936,10,60,7,398,0.4874
