avg_loss_pct,avg_win_pct,consistency_score,final_capital,hard_sl_pct,max_drawdown_pct,min_confidence,note,profitable_months,return_pct,risk_per_trade_pct,time_stop_minutes,total_months,trade_count,win_rate
8.043,10.604,0.0,11885.0,5.0,85.152,0.8,,2,-76.23,1,5,8,1710,0.414
7.867,11.415,0.0,41927.6,5.0,72.03,0.85,,8,-16.145,1,5,13,1758,0.4135
8.048,11.351,0.0,23619.8,5.0,72.536,0.9,,5,-52.76,1,5,13,1322,0.4153
8.013,12.079,0.0,83130.3,5.0,47.347,0.95,,8,66.261,1,5,13,944,0.428
8.36,12.27,0.0,85679.0,5.0,40.366,1.0,,7,71.358,1,5,13,702,0.4416
7.071,8.764,0.0,5897.2,5.0,95.282,0.8,,1,-88.206,2,5,5,877,0.4116
7.906,11.013,0.0,5606.0,5.0,93.903,0.85,,2,-88.788,2,5,8,1108,0.4016
8.063,11.26,0.0,4777.9,5.0,94.32,0.9,,3,-90.444,2,5,8,830,0.3988
8.013,12.079,0.0,63928.6,5.0,78.104,0.95,,8,27.857,2,5,13,944,0.428
8.36,12.27,0.0,78793.8,5.0,66.662,1.0,,6,57.588,2,5,13,702,0.4416
7.165,9.168,0.0,3763.6,5.0,97.891,0.8,,1,-92.473,3,5,4,769,0.4161
7.109,9.34,0.0,3934.4,5.0,96.687,0.85,,1,-92.131,3,5,4,511,0.3855
7.004,8.998,0.0,3883.3,5.0,96.231,0.9,,1,-92.233,3,5,5,431,0.3805
8.013,12.079,0.0,27843.6,5.0,90.272,0.95,,7,-44.313,3,5,13,944,0.428
8.36,12.27,0.0,37358.0,5.0,84.608,1.0,,6,-25.284,3,5,13,702,0.4416
7.253,9.042,0.0,2939.7,5.0,98.779,0.8,,1,-94.121,4,5,3,522,0.4195
7.121,8.862,0.0,2976.8,5.0,97.959,0.85,,1,-94.046,4,5,3,340,0.3882
7.131,9.578,0.0,2922.2,5.0,97.623,0.9,,1,-94.156,4,5,4,360,0.3778
8.177,12.786,0.0,2756.3,5.0,96.761,0.95,,2,-94.487,4,5,9,602,0.4053
8.36,12.27,0.0,10583.0,5.0,95.751,1.0,,5,-78.834,4,5,13,702,0.4416
7.277,8.728,0.0,2114.4,5.0,99.314,0.8,,1,-95.771,5,5,3,422,0.4336
7.225,9.158,0.0,2390.2,5.0,98.617,0.85,,1,-95.22,5,5,3,292,0.3973
7.211,8.997,0.0,2227.1,5.0,98.45,0.9,,1,-95.546,5,5,3,233,0.3777
7.325,9.929,0.0,2221.5,5.0,97.661,0.95,,0,-95.557,5,5,4,291,0.3849
8.346,12.821,0.0317,1956.9,5.0,98.057,1.0,,1,-96.086,5,5,7,360,0.4333
7.277,8.728,0.0,2114.4,5.0,99.314,0.8,,1,-95.771,6,5,3,422,0.4336
7.225,9.158,0.0,2390.2,5.0,98.617,0.85,,1,-95.22,6,5,3,292,0.3973
7.211,8.997,0.0,2227.1,5.0,98.45,0.9,,1,-95.546,6,5,3,233,0.3777
7.325,9.929,0.0,2221.5,5.0,97.661,0.95,,0,-95.557,6,5,4,291,0.3849
8.346,12.821,0.0317,1956.9,5.0,98.057,1.0,,1,-96.086,6,5,7,360,0.4333
7.277,8.728,0.0,2114.4,5.0,99.314,0.8,,1,-95.771,7,5,3,422,0.4336
7.225,9.158,0.0,2390.2,5.0,98.617,0.85,,1,-95.22,7,5,3,292,0.3973
7.211,8.997,0.0,2227.1,5.0,98.45,0.9,,1,-95.546,7,5,3,233,0.3777
7.325,9.929,0.0,2221.5,5.0,97.661,0.95,,0,-95.557,7,5,4,291,0.3849
8.346,12.821,0.0317,1956.9,5.0,98.057,1.0,,1,-96.086,7,5,7,360,0.4333
7.277,8.728,0.0,2114.4,5.0,99.314,0.8,,1,-95.771,8,5,3,422,0.4336
7.225,9.158,0.0,2390.2,5.0,98.617,0.85,,1,-95.22,8,5,3,292,0.3973
7.211,8.997,0.0,2227.1,5.0,98.45,0.9,,1,-95.546,8,5,3,233,0.3777
7.325,9.929,0.0,2221.5,5.0,97.661,0.95,,0,-95.557,8,5,4,291,0.3849
8.346,12.821,0.0317,1956.9,5.0,98.057,1.0,,1,-96.086,8,5,7,360,0.4333
7.277,8.728,0.0,2114.4,5.0,99.314,0.8,,1,-95.771,9,5,3,422,0.4336
7.225,9.158,0.0,2390.2,5.0,98.617,0.85,,1,-95.22,9,5,3,292,0.3973
7.211,8.997,0.0,2227.1,5.0,98.45,0.9,,1,-95.546,9,5,3,233,0.3777
7.325,9.929,0.0,2221.5,5.0,97.661,0.95,,0,-95.557,9,5,4,291,0.3849
8.346,12.821,0.0317,1956.9,5.0,98.057,1.0,,1,-96.086,9,5,7,360,0.4333
7.277,8.728,0.0,2114.4,5.0,99.314,0.8,,1,-95.771,10,5,3,422,0.4336
7.225,9.158,0.0,2390.2,5.0,98.617,0.85,,1,-95.22,10,5,3,292,0.3973
7.211,8.997,0.0,2227.1,5.0,98.45,0.9,,1,-95.546,10,5,3,233,0.3777
7.325,9.929,0.0,2221.5,5.0,97.661,0.95,,0,-95.557,10,5,4,291,0.3849
8.346,12.821,0.0317,1956.9,5.0,98.057,1.0,,1,-96.086,10,5,7,360,0.4333
8.269,10.655,0.0,11799.6,5.0,84.089,0.8,,2,-76.401,1,10,9,1719,0.4206
8.103,11.423,0.0,28942.6,5.0,77.847,0.85,,6,-42.115,1,10,13,1756,0.4203
8.289,11.364,0.0,23303.4,5.0,75.132,0.9,,5,-53.393,1,10,13,1322,0.4213
8.229,12.12,0.0,82408.6,5.0,51.395,0.95,,7,64.817,1,10,13,944,0.4333
8.508,12.234,0.0,77998.6,5.0,40.5,1.0,,7,55.997,1,10,13,702,0.4444
7.529,9.556,0.0,5987.5,5.0,94.657,0.8,,3,-88.025,2,10,7,1333,0.4209
7.957,10.61,0.0,5896.5,5.0,92.857,0.85,,2,-88.207,2,10,8,1012,0.4121
8.312,11.321,0.0,5692.1,5.0,92.635,0.9,,3,-88.616,2,10,8,830,0.406
8.229,12.12,0.0,70546.4,5.0,78.913,0.95,,6,41.093,2,10,13,944,0.4333
8.508,12.234,0.0,77300.0,5.0,67.53,1.0,,6,54.6,2,10,13,702,0.4444
7.374,9.255,0.0,3877.0,5.0,97.454,0.8,,1,-92.246,3,10,4,767,0.4211
7.38,9.601,0.0,3956.8,5.0,96.241,0.85,,1,-92.086,3,10,4,495,0.3879
7.232,9.253,0.0,3928.8,5.0,95.765,0.9,,1,-92.142,3,10,4,412,0.3811
8.229,12.12,0.0,24557.8,5.0,91.019,0.95,,6,-50.884,3,10,13,944,0.4333
8.508,12.234,0.0,33907.7,5.0,84.979,1.0,,6,-32.185,3,10,13,702,0.4444
7.503,9.06,0.0,2985.9,5.0,98.45,0.8,,1,-94.028,4,10,3,518,0.4266
7.461,8.943,0.0,2916.6,5.0,97.605,0.85,,1,-94.167,4,10,3,333,0.3994
7.38,8.707,0.0,2954.4,5.0,97.301,0.9,,1,-94.091,4,10,3,258,0.3798
7.465,9.604,0.0,2839.6,5.0,96.663,0.95,,0,-94.321,4,10,5,310,0.3806
8.508,12.234,0.0,10648.1,5.0,95.914,1.0,,4,-78.704,4,10,13,702,0.4444
7.499,8.696,0.0,2281.7,5.0,99.018,0.8,,1,-95.437,5,10,3,418,0.4402
7.475,9.113,0.0,2177.4,5.0,98.401,0.85,,1,-95.645,5,10,3,284,0.4049
7.447,9.01,0.0,2128.4,5.0,98.266,0.9,,1,-95.743,5,10,3,229,0.3843
7.592,10.187,0.0,2306.2,5.0,97.571,0.95,,0,-95.388,5,10,4,265,0.3849
8.561,12.792,0.0412,2003.1,5.0,98.012,1.0,,1,-95.994,5,10,7,360,0.4361
7.499,8.696,0.0,2281.7,5.0,99.018,0.8,,1,-95.437,6,10,3,418,0.4402
7.475,9.113,0.0,2177.4,5.0,98.401,0.85,,1,-95.645,6,10,3,284,0.4049
7.447,9.01,0.0,2128.4,5.0,98.266,0.9,,1,-95.743,6,10,3,229,0.3843
7.592,10.187,0.0,2306.2,5.0,97.571,0.95,,0,-95.388,6,10,4,265,0.3849
8.561,12.792,0.0412,2003.1,5.0,98.012,1.0,,1,-95.994,6,10,7,360,0.4361
7.499,8.696,0.0,2281.7,5.0,99.018,0.8,,1,-95.437,7,10,3,418,0.4402
7.475,9.113,0.0,2177.4,5.0,98.401,0.85,,1,-95.645,7,10,3,284,0.4049
7.447,9.01,0.0,2128.4,5.0,98.266,0.9,,1,-95.743,7,10,3,229,0.3843
7.592,10.187,0.0,2306.2,5.0,97.571,0.95,,0,-95.388,7,10,4,265,0.3849
8.561,12.792,0.0412,2003.1,5.0,98.012,1.0,,1,-95.994,7,10,7,360,0.4361
7.499,8.696,0.0,2281.7,5.0,99.018,0.8,,1,-95.437,8,10,3,418,0.4402
7.475,9.113,0.0,2177.4,5.0,98.401,0.85,,1,-95.645,8,10,3,284,0.4049
7.447,9.01,0.0,2128.4,5.0,98.266,0.9,,1,-95.743,8,10,3,229,0.3843
7.592,10.187,0.0,2306.2,5.0,97.571,0.95,,0,-95.388,8,10,4,265,0.3849
8.561,12.792,0.0412,2003.1,5.0,98.012,1.0,,1,-95.994,8,10,7,360,0.4361
7.499,8.696,0.0,2281.7,5.0,99.018,0.8,,1,-95.437,9,10,3,418,0.4402
7.475,9.113,0.0,2177.4,5.0,98.401,0.85,,1,-95.645,9,10,3,284,0.4049
7.447,9.01,0.0,2128.4,5.0,98.266,0.9,,1,-95.743,9,10,3,229,0.3843
7.592,10.187,0.0,2306.2,5.0,97.571,0.95,,0,-95.388,9,10,4,265,0.3849
8.561,12.792,0.0412,2003.1,5.0,98.012,1.0,,1,-95.994,9,10,7,360,0.4361
7.499,8.696,0.0,2281.7,5.0,99.018,0.8,,1,-95.437,10,10,3,418,0.4402
7.475,9.113,0.0,2177.4,5.0,98.401,0.85,,1,-95.645,10,10,3,284,0.4049
7.447,9.01,0.0,2128.4,5.0,98.266,0.9,,1,-95.743,10,10,3,229,0.3843
7.592,10.187,0.0,2306.2,5.0,97.571,0.95,,0,-95.388,10,10,4,265,0.3849
8.561,12.792,0.0412,2003.1,5.0,98.012,1.0,,1,-95.994,10,10,7,360,0.4361
8.269,10.655,0.0,11807.3,5.0,84.078,0.8,,2,-76.385,1,15,9,1719,0.4206
8.271,11.659,0.0,27673.5,5.0,77.746,0.85,,6,-44.653,1,15,13,1755,0.4211
8.512,11.677,0.0,27635.0,5.0,75.132,0.9,,5,-44.73,1,15,13,1321,0.4224
8.548,12.545,0.0,83208.7,5.0,51.395,0.95,,7,66.417,1,15,13,943,0.4348
8.995,12.79,0.0,78087.5,5.0,40.5,1.0,,7,56.175,1,15,13,701,0.4465
7.53,9.556,0.0,5968.6,5.0,94.674,0.8,,3,-88.063,2,15,7,1333,0.4209
7.963,10.61,0.0,5999.4,5.0,92.733,0.85,,2,-88.001,2,15,8,1011,0.4125
8.312,11.321,0.0,5692.1,5.0,92.635,0.9,,3,-88.616,2,15,8,830,0.406
8.548,12.545,0.0,67567.2,5.0,78.913,0.95,,6,35.134,2,15,13,943,0.4348
8.995,12.79,0.0,67689.7,5.0,67.53,1.0,,6,35.379,2,15,13,701,0.4465
7.374,9.255,0.0,3877.0,5.0,97.454,0.8,,1,-92.246,3,15,4,767,0.4211
7.38,9.601,0.0,3956.8,5.0,96.241,0.85,,1,-92.086,3,15,4,495,0.3879
7.232,9.253,0.0,3928.8,5.0,95.765,0.9,,1,-92.142,3,15,4,412,0.3811
8.548,12.545,0.0,23584.1,5.0,91.019,0.95,,6,-52.832,3,15,13,943,0.4348
8.995,12.79,0.0,23114.4,5.0,84.979,1.0,,6,-53.771,3,15,13,701,0.4465
7.503,9.06,0.0,2985.9,5.0,98.45,0.8,,1,-94.028,4,15,3,518,0.4266
7.461,8.943,0.0,2916.6,5.0,97.605,0.85,,1,-94.167,4,15,3,333,0.3994
7.38,8.707,0.0,2954.4,5.0,97.301,0.9,,1,-94.091,4,15,3,258,0.3798
7.465,9.604,0.0,2839.6,5.0,96.663,0.95,,0,-94.321,4,15,5,310,0.3806
8.995,12.79,0.0,5322.5,5.0,95.914,1.0,,4,-89.355,4,15,13,701,0.4465
7.499,8.696,0.0,2281.7,5.0,99.018,0.8,,1,-95.437,5,15,3,418,0.4402
7.475,9.113,0.0,2177.4,5.0,98.401,0.85,,1,-95.645,5,15,3,284,0.4049
7.447,9.01,0.0,2128.4,5.0,98.266,0.9,,1,-95.743,5,15,3,229,0.3843
7.592,10.187,0.0,2306.2,5.0,97.571,0.95,,0,-95.388,5,15,4,265,0.3849
8.561,12.792,0.0412,2003.1,5.0,98.012,1.0,,1,-95.994,5,15,7,360,0.4361
7.499,8.696,0.0,2281.7,5.0,99.018,0.8,,1,-95.437,6,15,3,418,0.4402
7.475,9.113,0.0,2177.4,5.0,98.401,0.85,,1,-95.645,6,15,3,284,0.4049
7.447,9.01,0.0,2128.4,5.0,98.266,0.9,,1,-95.743,6,15,3,229,0.3843
7.592,10.187,0.0,2306.2,5.0,97.571,0.95,,0,-95.388,6,15,4,265,0.3849
8.561,12.792,0.0412,2003.1,5.0,98.012,1.0,,1,-95.994,6,15,7,360,0.4361
7.499,8.696,0.0,2281.7,5.0,99.018,0.8,,1,-95.437,7,15,3,418,0.4402
7.475,9.113,0.0,2177.4,5.0,98.401,0.85,,1,-95.645,7,15,3,284,0.4049
7.447,9.01,0.0,2128.4,5.0,98.266,0.9,,1,-95.743,7,15,3,229,0.3843
7.592,10.187,0.0,2306.2,5.0,97.571,0.95,,0,-95.388,7,15,4,265,0.3849
8.561,12.792,0.0412,2003.1,5.0,98.012,1.0,,1,-95.994,7,15,7,360,0.4361
7.499,8.696,0.0,2281.7,5.0,99.018,0.8,,1,-95.437,8,15,3,418,0.4402
7.475,9.113,0.0,2177.4,5.0,98.401,0.85,,1,-95.645,8,15,3,284,0.4049
7.447,9.01,0.0,2128.4,5.0,98.266,0.9,,1,-95.743,8,15,3,229,0.3843
7.592,10.187,0.0,2306.2,5.0,97.571,0.95,,0,-95.388,8,15,4,265,0.3849
8.561,12.792,0.0412,2003.1,5.0,98.012,1.0,,1,-95.994,8,15,7,360,0.4361
7.499,8.696,0.0,2281.7,5.0,99.018,0.8,,1,-95.437,9,15,3,418,0.4402
7.475,9.113,0.0,2177.4,5.0,98.401,0.85,,1,-95.645,9,15,3,284,0.4049
7.447,9.01,0.0,2128.4,5.0,98.266,0.9,,1,-95.743,9,15,3,229,0.3843
7.592,10.187,0.0,2306.2,5.0,97.571,0.95,,0,-95.388,9,15,4,265,0.3849
8.561,12.792,0.0412,2003.1,5.0,98.012,1.0,,1,-95.994,9,15,7,360,0.4361
7.499,8.696,0.0,2281.7,5.0,99.018,0.8,,1,-95.437,10,15,3,418,0.4402
7.475,9.113,0.0,2177.4,5.0,98.401,0.85,,1,-95.645,10,15,3,284,0.4049
7.447,9.01,0.0,2128.4,5.0,98.266,0.9,,1,-95.743,10,15,3,229,0.3843
7.592,10.187,0.0,2306.2,5.0,97.571,0.95,,0,-95.388,10,15,4,265,0.3849
8.561,12.792,0.0412,2003.1,5.0,98.012,1.0,,1,-95.994,10,15,7,360,0.4361
8.269,10.655,0.0,11807.3,5.0,84.078,0.8,,2,-76.385,1,20,9,1719,0.4206
8.271,11.659,0.0,27673.5,5.0,77.746,0.85,,6,-44.653,1,20,13,1755,0.4211
8.512,11.677,0.0,27635.0,5.0,75.132,0.9,,5,-44.73,1,20,13,1321,0.4224
8.548,12.545,0.0,83208.7,5.0,51.395,0.95,,7,66.417,1,20,13,943,0.4348
8.995,12.79,0.0,78087.5,5.0,40.5,1.0,,7,56.175,1,20,13,701,0.4465
7.53,9.556,0.0,5968.6,5.0,94.674,0.8,,3,-88.063,2,20,7,1333,0.4209
7.963,10.61,0.0,5999.4,5.0,92.733,0.85,,2,-88.001,2,20,8,1011,0.4125
8.312,11.321,0.0,5692.1,5.0,92.635,0.9,,3,-88.616,2,20,8,830,0.406
8.548,12.545,0.0,67567.2,5.0,78.913,0.95,,6,35.134,2,20,13,943,0.4348
8.995,12.79,0.0,67689.7,5.0,67.53,1.0,,6,35.379,2,20,13,701,0.4465
7.374,9.255,0.0,3877.0,5.0,97.454,0.8,,1,-92.246,3,20,4,767,0.4211
7.38,9.601,0.0,3956.8,5.0,96.241,0.85,,1,-92.086,3,20,4,495,0.3879
7.232,9.253,0.0,3928.8,5.0,95.765,0.9,,1,-92.142,3,20,4,412,0.3811
8.548,12.545,0.0,23584.1,5.0,91.019,0.95,,6,-52.832,3,20,13,943,0.4348
8.995,12.79,0.0,23114.4,5.0,84.979,1.0,,6,-53.771,3,20,13,701,0.4465
7.503,9.06,0.0,2985.9,5.0,98.45,0.8,,1,-94.028,4,20,3,518,0.4266
7.461,8.943,0.0,2916.6,5.0,97.605,0.85,,1,-94.167,4,20,3,333,0.3994
7.38,8.707,0.0,2954.4,5.0,97.301,0.9,,1,-94.091,4,20,3,258,0.3798
7.465,9.604,0.0,2839.6,5.0,96.663,0.95,,0,-94.321,4,20,5,310,0.3806
8.995,12.79,0.0,5322.5,5.0,95.914,1.0,,4,-89.355,4,20,13,701,0.4465
7.499,8.696,0.0,2281.7,5.0,99.018,0.8,,1,-95.437,5,20,3,418,0.4402
7.475,9.113,0.0,2177.4,5.0,98.401,0.85,,1,-95.645,5,20,3,284,0.4049
7.447,9.01,0.0,2128.4,5.0,98.266,0.9,,1,-95.743,5,20,3,229,0.3843
7.592,10.187,0.0,2306.2,5.0,97.571,0.95,,0,-95.388,5,20,4,265,0.3849
8.561,12.792,0.0412,2003.1,5.0,98.012,1.0,,1,-95.994,5,20,7,360,0.4361
7.499,8.696,0.0,2281.7,5.0,99.018,0.8,,1,-95.437,6,20,3,418,0.4402
7.475,9.113,0.0,2177.4,5.0,98.401,0.85,,1,-95.645,6,20,3,284,0.4049
7.447,9.01,0.0,2128.4,5.0,98.266,0.9,,1,-95.743,6,20,3,229,0.3843
7.592,10.187,0.0,2306.2,5.0,97.571,0.95,,0,-95.388,6,20,4,265,0.3849
8.561,12.792,0.0412,2003.1,5.0,98.012,1.0,,1,-95.994,6,20,7,360,0.4361
7.499,8.696,0.0,2281.7,5.0,99.018,0.8,,1,-95.437,7,20,3,418,0.4402
7.475,9.113,0.0,2177.4,5.0,98.401,0.85,,1,-95.645,7,20,3,284,0.4049
7.447,9.01,0.0,2128.4,5.0,98.266,0.9,,1,-95.743,7,20,3,229,0.3843
7.592,10.187,0.0,2306.2,5.0,97.571,0.95,,0,-95.388,7,20,4,265,0.3849
8.561,12.792,0.0412,2003.1,5.0,98.012,1.0,,1,-95.994,7,20,7,360,0.4361
7.499,8.696,0.0,2281.7,5.0,99.018,0.8,,1,-95.437,8,20,3,418,0.4402
7.475,9.113,0.0,2177.4,5.0,98.401,0.85,,1,-95.645,8,20,3,284,0.4049
7.447,9.01,0.0,2128.4,5.0,98.266,0.9,,1,-95.743,8,20,3,229,0.3843
7.592,10.187,0.0,2306.2,5.0,97.571,0.95,,0,-95.388,8,20,4,265,0.3849
8.561,12.792,0.0412,2003.1,5.0,98.012,1.0,,1,-95.994,8,20,7,360,0.4361
7.499,8.696,0.0,2281.7,5.0,99.018,0.8,,1,-95.437,9,20,3,418,0.4402
7.475,9.113,0.0,2177.4,5.0,98.401,0.85,,1,-95.645,9,20,3,284,0.4049
7.447,9.01,0.0,2128.4,5.0,98.266,0.9,,1,-95.743,9,20,3,229,0.3843
7.592,10.187,0.0,2306.2,5.0,97.571,0.95,,0,-95.388,9,20,4,265,0.3849
8.561,12.792,0.0412,2003.1,5.0,98.012,1.0,,1,-95.994,9,20,7,360,0.4361
7.499,8.696,0.0,2281.7,5.0,99.018,0.8,,1,-95.437,10,20,3,418,0.4402
7.475,9.113,0.0,2177.4,5.0,98.401,0.85,,1,-95.645,10,20,3,284,0.4049
7.447,9.01,0.0,2128.4,5.0,98.266,0.9,,1,-95.743,10,20,3,229,0.3843
7.592,10.187,0.0,2306.2,5.0,97.571,0.95,,0,-95.388,10,20,4,265,0.3849
8.561,12.792,0.0412,2003.1,5.0,98.012,1.0,,1,-95.994,10,20,7,360,0.4361
8.269,10.655,0.0,11807.3,5.0,84.078,0.8,,2,-76.385,1,25,9,1719,0.4206
8.271,11.659,0.0,27673.5,5.0,77.746,0.85,,6,-44.653,1,25,13,1755,0.4211
8.512,11.677,0.0,27635.0,5.0,75.132,0.9,,5,-44.73,1,25,13,1321,0.4224
8.548,12.545,0.0,83208.7,5.0,51.395,0.95,,7,66.417,1,25,13,943,0.4348
8.995,12.79,0.0,78087.5,5.0,40.5,1.0,,7,56.175,1,25,13,701,0.4465
7.53,9.556,0.0,5968.6,5.0,94.674,0.8,,3,-88.063,2,25,7,1333,0.4209
7.963,10.61,0.0,5999.4,5.0,92.733,0.85,,2,-88.001,2,25,8,1011,0.4125
8.312,11.321,0.0,5692.1,5.0,92.635,0.9,,3,-88.616,2,25,8,830,0.406
8.548,12.545,0.0,67567.2,5.0,78.913,0.95,,6,35.134,2,25,13,943,0.4348
8.995,12.79,0.0,67689.7,5.0,67.53,1.0,,6,35.379,2,25,13,701,0.4465
7.374,9.255,0.0,3877.0,5.0,97.454,0.8,,1,-92.246,3,25,4,767,0.4211
7.38,9.601,0.0,3956.8,5.0,96.241,0.85,,1,-92.086,3,25,4,495,0.3879
7.232,9.253,0.0,3928.8,5.0,95.765,0.9,,1,-92.142,3,25,4,412,0.3811
8.548,12.545,0.0,23584.1,5.0,91.019,0.95,,6,-52.832,3,25,13,943,0.4348
8.995,12.79,0.0,23114.4,5.0,84.979,1.0,,6,-53.771,3,25,13,701,0.4465
7.503,9.06,0.0,2985.9,5.0,98.45,0.8,,1,-94.028,4,25,3,518,0.4266
7.461,8.943,0.0,2916.6,5.0,97.605,0.85,,1,-94.167,4,25,3,333,0.3994
7.38,8.707,0.0,2954.4,5.0,97.301,0.9,,1,-94.091,4,25,3,258,0.3798
7.465,9.604,0.0,2839.6,5.0,96.663,0.95,,0,-94.321,4,25,5,310,0.3806
8.995,12.79,0.0,5322.5,5.0,95.914,1.0,,4,-89.355,4,25,13,701,0.4465
7.499,8.696,0.0,2281.7,5.0,99.018,0.8,,1,-95.437,5,25,3,418,0.4402
7.475,9.113,0.0,2177.4,5.0,98.401,0.85,,1,-95.645,5,25,3,284,0.4049
7.447,9.01,0.0,2128.4,5.0,98.266,0.9,,1,-95.743,5,25,3,229,0.3843
7.592,10.187,0.0,2306.2,5.0,97.571,0.95,,0,-95.388,5,25,4,265,0.3849
8.561,12.792,0.0412,2003.1,5.0,98.012,1.0,,1,-95.994,5,25,7,360,0.4361
7.499,8.696,0.0,2281.7,5.0,99.018,0.8,,1,-95.437,6,25,3,418,0.4402
7.475,9.113,0.0,2177.4,5.0,98.401,0.85,,1,-95.645,6,25,3,284,0.4049
7.447,9.01,0.0,2128.4,5.0,98.266,0.9,,1,-95.743,6,25,3,229,0.3843
7.592,10.187,0.0,2306.2,5.0,97.571,0.95,,0,-95.388,6,25,4,265,0.3849
8.561,12.792,0.0412,2003.1,5.0,98.012,1.0,,1,-95.994,6,25,7,360,0.4361
7.499,8.696,0.0,2281.7,5.0,99.018,0.8,,1,-95.437,7,25,3,418,0.4402
7.475,9.113,0.0,2177.4,5.0,98.401,0.85,,1,-95.645,7,25,3,284,0.4049
7.447,9.01,0.0,2128.4,5.0,98.266,0.9,,1,-95.743,7,25,3,229,0.3843
7.592,10.187,0.0,2306.2,5.0,97.571,0.95,,0,-95.388,7,25,4,265,0.3849
8.561,12.792,0.0412,2003.1,5.0,98.012,1.0,,1,-95.994,7,25,7,360,0.4361
7.499,8.696,0.0,2281.7,5.0,99.018,0.8,,1,-95.437,8,25,3,418,0.4402
7.475,9.113,0.0,2177.4,5.0,98.401,0.85,,1,-95.645,8,25,3,284,0.4049
7.447,9.01,0.0,2128.4,5.0,98.266,0.9,,1,-95.743,8,25,3,229,0.3843
7.592,10.187,0.0,2306.2,5.0,97.571,0.95,,0,-95.388,8,25,4,265,0.3849
8.561,12.792,0.0412,2003.1,5.0,98.012,1.0,,1,-95.994,8,25,7,360,0.4361
7.499,8.696,0.0,2281.7,5.0,99.018,0.8,,1,-95.437,9,25,3,418,0.4402
7.475,9.113,0.0,2177.4,5.0,98.401,0.85,,1,-95.645,9,25,3,284,0.4049
7.447,9.01,0.0,2128.4,5.0,98.266,0.9,,1,-95.743,9,25,3,229,0.3843
7.592,10.187,0.0,2306.2,5.0,97.571,0.95,,0,-95.388,9,25,4,265,0.3849
8.561,12.792,0.0412,2003.1,5.0,98.012,1.0,,1,-95.994,9,25,7,360,0.4361
7.499,8.696,0.0,2281.7,5.0,99.018,0.8,,1,-95.437,10,25,3,418,0.4402
7.475,9.113,0.0,2177.4,5.0,98.401,0.85,,1,-95.645,10,25,3,284,0.4049
7.447,9.01,0.0,2128.4,5.0,98.266,0.9,,1,-95.743,10,25,3,229,0.3843
7.592,10.187,0.0,2306.2,5.0,97.571,0.95,,0,-95.388,10,25,4,265,0.3849
8.561,12.792,0.0412,2003.1,5.0,98.012,1.0,,1,-95.994,10,25,7,360,0.4361
8.269,10.655,0.0,11807.3,5.0,84.078,0.8,,2,-76.385,1,30,9,1719,0.4206
8.271,11.659,0.0,27673.5,5.0,77.746,0.85,,6,-44.653,1,30,13,1755,0.4211
8.512,11.677,0.0,27635.0,5.0,75.132,0.9,,5,-44.73,1,30,13,1321,0.4224
8.548,12.545,0.0,83208.7,5.0,51.395,0.95,,7,66.417,1,30,13,943,0.4348
8.995,12.79,0.0,78087.5,5.0,40.5,1.0,,7,56.175,1,30,13,701,0.4465
7.53,9.556,0.0,5968.6,5.0,94.674,0.8,,3,-88.063,2,30,7,1333,0.4209
7.963,10.61,0.0,5999.4,5.0,92.733,0.85,,2,-88.001,2,30,8,1011,0.4125
8.312,11.321,0.0,5692.1,5.0,92.635,0.9,,3,-88.616,2,30,8,830,0.406
8.548,12.545,0.0,67567.2,5.0,78.913,0.95,,6,35.134,2,30,13,943,0.4348
8.995,12.79,0.0,67689.7,5.0,67.53,1.0,,6,35.379,2,30,13,701,0.4465
7.374,9.255,0.0,3877.0,5.0,97.454,0.8,,1,-92.246,3,30,4,767,0.4211
7.38,9.601,0.0,3956.8,5.0,96.241,0.85,,1,-92.086,3,30,4,495,0.3879
7.232,9.253,0.0,3928.8,5.0,95.765,0.9,,1,-92.142,3,30,4,412,0.3811
8.548,12.545,0.0,23584.1,5.0,91.019,0.95,,6,-52.832,3,30,13,943,0.4348
8.995,12.79,0.0,23114.4,5.0,84.979,1.0,,6,-53.771,3,30,13,701,0.4465
7.503,9.06,0.0,2985.9,5.0,98.45,0.8,,1,-94.028,4,30,3,518,0.4266
7.461,8.943,0.0,2916.6,5.0,97.605,0.85,,1,-94.167,4,30,3,333,0.3994
7.38,8.707,0.0,2954.4,5.0,97.301,0.9,,1,-94.091,4,30,3,258,0.3798
7.465,9.604,0.0,2839.6,5.0,96.663,0.95,,0,-94.321,4,30,5,310,0.3806
8.995,12.79,0.0,5322.5,5.0,95.914,1.0,,4,-89.355,4,30,13,701,0.4465
7.499,8.696,0.0,2281.7,5.0,99.018,0.8,,1,-95.437,5,30,3,418,0.4402
7.475,9.113,0.0,2177.4,5.0,98.401,0.85,,1,-95.645,5,30,3,284,0.4049
7.447,9.01,0.0,2128.4,5.0,98.266,0.9,,1,-95.743,5,30,3,229,0.3843
7.592,10.187,0.0,2306.2,5.0,97.571,0.95,,0,-95.388,5,30,4,265,0.3849
8.561,12.792,0.0412,2003.1,5.0,98.012,1.0,,1,-95.994,5,30,7,360,0.4361
7.499,8.696,0.0,2281.7,5.0,99.018,0.8,,1,-95.437,6,30,3,418,0.4402
7.475,9.113,0.0,2177.4,5.0,98.401,0.85,,1,-95.645,6,30,3,284,0.4049
7.447,9.01,0.0,2128.4,5.0,98.266,0.9,,1,-95.743,6,30,3,229,0.3843
7.592,10.187,0.0,2306.2,5.0,97.571,0.95,,0,-95.388,6,30,4,265,0.3849
8.561,12.792,0.0412,2003.1,5.0,98.012,1.0,,1,-95.994,6,30,7,360,0.4361
7.499,8.696,0.0,2281.7,5.0,99.018,0.8,,1,-95.437,7,30,3,418,0.4402
7.475,9.113,0.0,2177.4,5.0,98.401,0.85,,1,-95.645,7,30,3,284,0.4049
7.447,9.01,0.0,2128.4,5.0,98.266,0.9,,1,-95.743,7,30,3,229,0.3843
7.592,10.187,0.0,2306.2,5.0,97.571,0.95,,0,-95.388,7,30,4,265,0.3849
8.561,12.792,0.0412,2003.1,5.0,98.012,1.0,,1,-95.994,7,30,7,360,0.4361
7.499,8.696,0.0,2281.7,5.0,99.018,0.8,,1,-95.437,8,30,3,418,0.4402
7.475,9.113,0.0,2177.4,5.0,98.401,0.85,,1,-95.645,8,30,3,284,0.4049
7.447,9.01,0.0,2128.4,5.0,98.266,0.9,,1,-95.743,8,30,3,229,0.3843
7.592,10.187,0.0,2306.2,5.0,97.571,0.95,,0,-95.388,8,30,4,265,0.3849
8.561,12.792,0.0412,2003.1,5.0,98.012,1.0,,1,-95.994,8,30,7,360,0.4361
7.499,8.696,0.0,2281.7,5.0,99.018,0.8,,1,-95.437,9,30,3,418,0.4402
7.475,9.113,0.0,2177.4,5.0,98.401,0.85,,1,-95.645,9,30,3,284,0.4049
7.447,9.01,0.0,2128.4,5.0,98.266,0.9,,1,-95.743,9,30,3,229,0.3843
7.592,10.187,0.0,2306.2,5.0,97.571,0.95,,0,-95.388,9,30,4,265,0.3849
8.561,12.792,0.0412,2003.1,5.0,98.012,1.0,,1,-95.994,9,30,7,360,0.4361
7.499,8.696,0.0,2281.7,5.0,99.018,0.8,,1,-95.437,10,30,3,418,0.4402
7.475,9.113,0.0,2177.4,5.0,98.401,0.85,,1,-95.645,10,30,3,284,0.4049
7.447,9.01,0.0,2128.4,5.0,98.266,0.9,,1,-95.743,10,30,3,229,0.3843
7.592,10.187,0.0,2306.2,5.0,97.571,0.95,,0,-95.388,10,30,4,265,0.3849
8.561,12.792,0.0412,2003.1,5.0,98.012,1.0,,1,-95.994,10,30,7,360,0.4361
8.269,10.655,0.0,11807.3,5.0,84.078,0.8,,2,-76.385,1,35,9,1719,0.4206
8.271,11.659,0.0,27673.5,5.0,77.746,0.85,,6,-44.653,1,35,13,1755,0.4211
8.512,11.677,0.0,27635.0,5.0,75.132,0.9,,5,-44.73,1,35,13,1321,0.4224
8.548,12.545,0.0,83208.7,5.0,51.395,0.95,,7,66.417,1,35,13,943,0.4348
8.995,12.79,0.0,78087.5,5.0,40.5,1.0,,7,56.175,1,35,13,701,0.4465
7.53,9.556,0.0,5968.6,5.0,94.674,0.8,,3,-88.063,2,35,7,1333,0.4209
7.963,10.61,0.0,5999.4,5.0,92.733,0.85,,2,-88.001,2,35,8,1011,0.4125
8.312,11.321,0.0,5692.1,5.0,92.635,0.9,,3,-88.616,2,35,8,830,0.406
8.548,12.545,0.0,67567.2,5.0,78.913,0.95,,6,35.134,2,35,13,943,0.4348
8.995,12.79,0.0,67689.7,5.0,67.53,1.0,,6,35.379,2,35,13,701,0.4465
7.374,9.255,0.0,3877.0,5.0,97.454,0.8,,1,-92.246,3,35,4,767,0.4211
7.38,9.601,0.0,3956.8,5.0,96.241,0.85,,1,-92.086,3,35,4,495,0.3879
7.232,9.253,0.0,3928.8,5.0,95.765,0.9,,1,-92.142,3,35,4,412,0.3811
8.548,12.545,0.0,23584.1,5.0,91.019,0.95,,6,-52.832,3,35,13,943,0.4348
8.995,12.79,0.0,23114.4,5.0,84.979,1.0,,6,-53.771,3,35,13,701,0.4465
7.503,9.06,0.0,2985.9,5.0,98.45,0.8,,1,-94.028,4,35,3,518,0.4266
7.461,8.943,0.0,2916.6,5.0,97.605,0.85,,1,-94.167,4,35,3,333,0.3994
7.38,8.707,0.0,2954.4,5.0,97.301,0.9,,1,-94.091,4,35,3,258,0.3798
7.465,9.604,0.0,2839.6,5.0,96.663,0.95,,0,-94.321,4,35,5,310,0.3806
8.995,12.79,0.0,5322.5,5.0,95.914,1.0,,4,-89.355,4,35,13,701,0.4465
7.499,8.696,0.0,2281.7,5.0,99.018,0.8,,1,-95.437,5,35,3,418,0.4402
7.475,9.113,0.0,2177.4,5.0,98.401,0.85,,1,-95.645,5,35,3,284,0.4049
7.447,9.01,0.0,2128.4,5.0,98.266,0.9,,1,-95.743,5,35,3,229,0.3843
7.592,10.187,0.0,2306.2,5.0,97.571,0.95,,0,-95.388,5,35,4,265,0.3849
8.561,12.792,0.0412,2003.1,5.0,98.012,1.0,,1,-95.994,5,35,7,360,0.4361
7.499,8.696,0.0,2281.7,5.0,99.018,0.8,,1,-95.437,6,35,3,418,0.4402
7.475,9.113,0.0,2177.4,5.0,98.401,0.85,,1,-95.645,6,35,3,284,0.4049
7.447,9.01,0.0,2128.4,5.0,98.266,0.9,,1,-95.743,6,35,3,229,0.3843
7.592,10.187,0.0,2306.2,5.0,97.571,0.95,,0,-95.388,6,35,4,265,0.3849
8.561,12.792,0.0412,2003.1,5.0,98.012,1.0,,1,-95.994,6,35,7,360,0.4361
7.499,8.696,0.0,2281.7,5.0,99.018,0.8,,1,-95.437,7,35,3,418,0.4402
7.475,9.113,0.0,2177.4,5.0,98.401,0.85,,1,-95.645,7,35,3,284,0.4049
7.447,9.01,0.0,2128.4,5.0,98.266,0.9,,1,-95.743,7,35,3,229,0.3843
7.592,10.187,0.0,2306.2,5.0,97.571,0.95,,0,-95.388,7,35,4,265,0.3849
8.561,12.792,0.0412,2003.1,5.0,98.012,1.0,,1,-95.994,7,35,7,360,0.4361
7.499,8.696,0.0,2281.7,5.0,99.018,0.8,,1,-95.437,8,35,3,418,0.4402
7.475,9.113,0.0,2177.4,5.0,98.401,0.85,,1,-95.645,8,35,3,284,0.4049
7.447,9.01,0.0,2128.4,5.0,98.266,0.9,,1,-95.743,8,35,3,229,0.3843
7.592,10.187,0.0,2306.2,5.0,97.571,0.95,,0,-95.388,8,35,4,265,0.3849
8.561,12.792,0.0412,2003.1,5.0,98.012,1.0,,1,-95.994,8,35,7,360,0.4361
7.499,8.696,0.0,2281.7,5.0,99.018,0.8,,1,-95.437,9,35,3,418,0.4402
7.475,9.113,0.0,2177.4,5.0,98.401,0.85,,1,-95.645,9,35,3,284,0.4049
7.447,9.01,0.0,2128.4,5.0,98.266,0.9,,1,-95.743,9,35,3,229,0.3843
7.592,10.187,0.0,2306.2,5.0,97.571,0.95,,0,-95.388,9,35,4,265,0.3849
8.561,12.792,0.0412,2003.1,5.0,98.012,1.0,,1,-95.994,9,35,7,360,0.4361
7.499,8.696,0.0,2281.7,5.0,99.018,0.8,,1,-95.437,10,35,3,418,0.4402
7.475,9.113,0.0,2177.4,5.0,98.401,0.85,,1,-95.645,10,35,3,284,0.4049
7.447,9.01,0.0,2128.4,5.0,98.266,0.9,,1,-95.743,10,35,3,229,0.3843
7.592,10.187,0.0,2306.2,5.0,97.571,0.95,,0,-95.388,10,35,4,265,0.3849
8.561,12.792,0.0412,2003.1,5.0,98.012,1.0,,1,-95.994,10,35,7,360,0.4361
8.269,10.655,0.0,11807.3,5.0,84.078,0.8,,2,-76.385,1,40,9,1719,0.4206
8.271,11.659,0.0,27673.5,5.0,77.746,0.85,,6,-44.653,1,40,13,1755,0.4211
8.512,11.677,0.0,27635.0,5.0,75.132,0.9,,5,-44.73,1,40,13,1321,0.4224
8.548,12.545,0.0,83208.7,5.0,51.395,0.95,,7,66.417,1,40,13,943,0.4348
8.995,12.79,0.0,78087.5,5.0,40.5,1.0,,7,56.175,1,40,13,701,0.4465
7.53,9.556,0.0,5968.6,5.0,94.674,0.8,,3,-88.063,2,40,7,1333,0.4209
7.963,10.61,0.0,5999.4,5.0,92.733,0.85,,2,-88.001,2,40,8,1011,0.4125
8.312,11.321,0.0,5692.1,5.0,92.635,0.9,,3,-88.616,2,40,8,830,0.406
8.548,12.545,0.0,67567.2,5.0,78.913,0.95,,6,35.134,2,40,13,943,0.4348
8.995,12.79,0.0,67689.7,5.0,67.53,1.0,,6,35.379,2,40,13,701,0.4465
7.374,9.255,0.0,3877.0,5.0,97.454,0.8,,1,-92.246,3,40,4,767,0.4211
7.38,9.601,0.0,3956.8,5.0,96.241,0.85,,1,-92.086,3,40,4,495,0.3879
7.232,9.253,0.0,3928.8,5.0,95.765,0.9,,1,-92.142,3,40,4,412,0.3811
8.548,12.545,0.0,23584.1,5.0,91.019,0.95,,6,-52.832,3,40,13,943,0.4348
8.995,12.79,0.0,23114.4,5.0,84.979,1.0,,6,-53.771,3,40,13,701,0.4465
7.503,9.06,0.0,2985.9,5.0,98.45,0.8,,1,-94.028,4,40,3,518,0.4266
7.461,8.943,0.0,2916.6,5.0,97.605,0.85,,1,-94.167,4,40,3,333,0.3994
7.38,8.707,0.0,2954.4,5.0,97.301,0.9,,1,-94.091,4,40,3,258,0.3798
7.465,9.604,0.0,2839.6,5.0,96.663,0.95,,0,-94.321,4,40,5,310,0.3806
8.995,12.79,0.0,5322.5,5.0,95.914,1.0,,4,-89.355,4,40,13,701,0.4465
7.499,8.696,0.0,2281.7,5.0,99.018,0.8,,1,-95.437,5,40,3,418,0.4402
7.475,9.113,0.0,2177.4,5.0,98.401,0.85,,1,-95.645,5,40,3,284,0.4049
7.447,9.01,0.0,2128.4,5.0,98.266,0.9,,1,-95.743,5,40,3,229,0.3843
7.592,10.187,0.0,2306.2,5.0,97.571,0.95,,0,-95.388,5,40,4,265,0.3849
8.561,12.792,0.0412,2003.1,5.0,98.012,1.0,,1,-95.994,5,40,7,360,0.4361
7.499,8.696,0.0,2281.7,5.0,99.018,0.8,,1,-95.437,6,40,3,418,0.4402
7.475,9.113,0.0,2177.4,5.0,98.401,0.85,,1,-95.645,6,40,3,284,0.4049
7.447,9.01,0.0,2128.4,5.0,98.266,0.9,,1,-95.743,6,40,3,229,0.3843
7.592,10.187,0.0,2306.2,5.0,97.571,0.95,,0,-95.388,6,40,4,265,0.3849
8.561,12.792,0.0412,2003.1,5.0,98.012,1.0,,1,-95.994,6,40,7,360,0.4361
7.499,8.696,0.0,2281.7,5.0,99.018,0.8,,1,-95.437,7,40,3,418,0.4402
7.475,9.113,0.0,2177.4,5.0,98.401,0.85,,1,-95.645,7,40,3,284,0.4049
7.447,9.01,0.0,2128.4,5.0,98.266,0.9,,1,-95.743,7,40,3,229,0.3843
7.592,10.187,0.0,2306.2,5.0,97.571,0.95,,0,-95.388,7,40,4,265,0.3849
8.561,12.792,0.0412,2003.1,5.0,98.012,1.0,,1,-95.994,7,40,7,360,0.4361
7.499,8.696,0.0,2281.7,5.0,99.018,0.8,,1,-95.437,8,40,3,418,0.4402
7.475,9.113,0.0,2177.4,5.0,98.401,0.85,,1,-95.645,8,40,3,284,0.4049
7.447,9.01,0.0,2128.4,5.0,98.266,0.9,,1,-95.743,8,40,3,229,0.3843
7.592,10.187,0.0,2306.2,5.0,97.571,0.95,,0,-95.388,8,40,4,265,0.3849
8.561,12.792,0.0412,2003.1,5.0,98.012,1.0,,1,-95.994,8,40,7,360,0.4361
7.499,8.696,0.0,2281.7,5.0,99.018,0.8,,1,-95.437,9,40,3,418,0.4402
7.475,9.113,0.0,2177.4,5.0,98.401,0.85,,1,-95.645,9,40,3,284,0.4049
7.447,9.01,0.0,2128.4,5.0,98.266,0.9,,1,-95.743,9,40,3,229,0.3843
7.592,10.187,0.0,2306.2,5.0,97.571,0.95,,0,-95.388,9,40,4,265,0.3849
8.561,12.792,0.0412,2003.1,5.0,98.012,1.0,,1,-95.994,9,40,7,360,0.4361
7.499,8.696,0.0,2281.7,5.0,99.018,0.8,,1,-95.437,10,40,3,418,0.4402
7.475,9.113,0.0,2177.4,5.0,98.401,0.85,,1,-95.645,10,40,3,284,0.4049
7.447,9.01,0.0,2128.4,5.0,98.266,0.9,,1,-95.743,10,40,3,229,0.3843
7.592,10.187,0.0,2306.2,5.0,97.571,0.95,,0,-95.388,10,40,4,265,0.3849
8.561,12.792,0.0412,2003.1,5.0,98.012,1.0,,1,-95.994,10,40,7,360,0.4361
8.269,10.655,0.0,11807.3,5.0,84.078,0.8,,2,-76.385,1,45,9,1719,0.4206
8.271,11.659,0.0,27673.5,5.0,77.746,0.85,,6,-44.653,1,45,13,1755,0.4211
8.512,11.677,0.0,27635.0,5.0,75.132,0.9,,5,-44.73,1,45,13,1321,0.4224
8.548,12.545,0.0,83208.7,5.0,51.395,0.95,,7,66.417,1,45,13,943,0.4348
8.995,12.79,0.0,78087.5,5.0,40.5,1.0,,7,56.175,1,45,13,701,0.4465
7.53,9.556,0.0,5968.6,5.0,94.674,0.8,,3,-88.063,2,45,7,1333,0.4209
7.963,10.61,0.0,5999.4,5.0,92.733,0.85,,2,-88.001,2,45,8,1011,0.4125
8.312,11.321,0.0,5692.1,5.0,92.635,0.9,,3,-88.616,2,45,8,830,0.406
8.548,12.545,0.0,67567.2,5.0,78.913,0.95,,6,35.134,2,45,13,943,0.4348
8.995,12.79,0.0,67689.7,5.0,67.53,1.0,,6,35.379,2,45,13,701,0.4465
7.374,9.255,0.0,3877.0,5.0,97.454,0.8,,1,-92.246,3,45,4,767,0.4211
7.38,9.601,0.0,3956.8,5.0,96.241,0.85,,1,-92.086,3,45,4,495,0.3879
7.232,9.253,0.0,3928.8,5.0,95.765,0.9,,1,-92.142,3,45,4,412,0.3811
8.548,12.545,0.0,23584.1,5.0,91.019,0.95,,6,-52.832,3,45,13,943,0.4348
8.995,12.79,0.0,23114.4,5.0,84.979,1.0,,6,-53.771,3,45,13,701,0.4465
7.503,9.06,0.0,2985.9,5.0,98.45,0.8,,1,-94.028,4,45,3,518,0.4266
7.461,8.943,0.0,2916.6,5.0,97.605,0.85,,1,-94.167,4,45,3,333,0.3994
7.38,8.707,0.0,2954.4,5.0,97.301,0.9,,1,-94.091,4,45,3,258,0.3798
7.465,9.604,0.0,2839.6,5.0,96.663,0.95,,0,-94.321,4,45,5,310,0.3806
8.995,12.79,0.0,5322.5,5.0,95.914,1.0,,4,-89.355,4,45,13,701,0.4465
7.499,8.696,0.0,2281.7,5.0,99.018,0.8,,1,-95.437,5,45,3,418,0.4402
7.475,9.113,0.0,2177.4,5.0,98.401,0.85,,1,-95.645,5,45,3,284,0.4049
7.447,9.01,0.0,2128.4,5.0,98.266,0.9,,1,-95.743,5,45,3,229,0.3843
7.592,10.187,0.0,2306.2,5.0,97.571,0.95,,0,-95.388,5,45,4,265,0.3849
8.561,12.792,0.0412,2003.1,5.0,98.012,1.0,,1,-95.994,5,45,7,360,0.4361
7.499,8.696,0.0,2281.7,5.0,99.018,0.8,,1,-95.437,6,45,3,418,0.4402
7.475,9.113,0.0,2177.4,5.0,98.401,0.85,,1,-95.645,6,45,3,284,0.4049
7.447,9.01,0.0,2128.4,5.0,98.266,0.9,,1,-95.743,6,45,3,229,0.3843
7.592,10.187,0.0,2306.2,5.0,97.571,0.95,,0,-95.388,6,45,4,265,0.3849
8.561,12.792,0.0412,2003.1,5.0,98.012,1.0,,1,-95.994,6,45,7,360,0.4361
7.499,8.696,0.0,2281.7,5.0,99.018,0.8,,1,-95.437,7,45,3,418,0.4402
7.475,9.113,0.0,2177.4,5.0,98.401,0.85,,1,-95.645,7,45,3,284,0.4049
7.447,9.01,0.0,2128.4,5.0,98.266,0.9,,1,-95.743,7,45,3,229,0.3843
7.592,10.187,0.0,2306.2,5.0,97.571,0.95,,0,-95.388,7,45,4,265,0.3849
8.561,12.792,0.0412,2003.1,5.0,98.012,1.0,,1,-95.994,7,45,7,360,0.4361
7.499,8.696,0.0,2281.7,5.0,99.018,0.8,,1,-95.437,8,45,3,418,0.4402
7.475,9.113,0.0,2177.4,5.0,98.401,0.85,,1,-95.645,8,45,3,284,0.4049
7.447,9.01,0.0,2128.4,5.0,98.266,0.9,,1,-95.743,8,45,3,229,0.3843
7.592,10.187,0.0,2306.2,5.0,97.571,0.95,,0,-95.388,8,45,4,265,0.3849
8.561,12.792,0.0412,2003.1,5.0,98.012,1.0,,1,-95.994,8,45,7,360,0.4361
7.499,8.696,0.0,2281.7,5.0,99.018,0.8,,1,-95.437,9,45,3,418,0.4402
7.475,9.113,0.0,2177.4,5.0,98.401,0.85,,1,-95.645,9,45,3,284,0.4049
7.447,9.01,0.0,2128.4,5.0,98.266,0.9,,1,-95.743,9,45,3,229,0.3843
7.592,10.187,0.0,2306.2,5.0,97.571,0.95,,0,-95.388,9,45,4,265,0.3849
8.561,12.792,0.0412,2003.1,5.0,98.012,1.0,,1,-95.994,9,45,7,360,0.4361
7.499,8.696,0.0,2281.7,5.0,99.018,0.8,,1,-95.437,10,45,3,418,0.4402
7.475,9.113,0.0,2177.4,5.0,98.401,0.85,,1,-95.645,10,45,3,284,0.4049
7.447,9.01,0.0,2128.4,5.0,98.266,0.9,,1,-95.743,10,45,3,229,0.3843
7.592,10.187,0.0,2306.2,5.0,97.571,0.95,,0,-95.388,10,45,4,265,0.3849
8.561,12.792,0.0412,2003.1,5.0,98.012,1.0,,1,-95.994,10,45,7,360,0.4361
8.269,10.655,0.0,11807.3,5.0,84.078,0.8,,2,-76.385,1,50,9,1719,0.4206
8.271,11.659,0.0,27673.5,5.0,77.746,0.85,,6,-44.653,1,50,13,1755,0.4211
8.512,11.677,0.0,27635.0,5.0,75.132,0.9,,5,-44.73,1,50,13,1321,0.4224
8.548,12.545,0.0,83208.7,5.0,51.395,0.95,,7,66.417,1,50,13,943,0.4348
8.995,12.79,0.0,78087.5,5.0,40.5,1.0,,7,56.175,1,50,13,701,0.4465
7.53,9.556,0.0,5968.6,5.0,94.674,0.8,,3,-88.063,2,50,7,1333,0.4209
7.963,10.61,0.0,5999.4,5.0,92.733,0.85,,2,-88.001,2,50,8,1011,0.4125
8.312,11.321,0.0,5692.1,5.0,92.635,0.9,,3,-88.616,2,50,8,830,0.406
8.548,12.545,0.0,67567.2,5.0,78.913,0.95,,6,35.134,2,50,13,943,0.4348
8.995,12.79,0.0,67689.7,5.0,67.53,1.0,,6,35.379,2,50,13,701,0.4465
7.374,9.255,0.0,3877.0,5.0,97.454,0.8,,1,-92.246,3,50,4,767,0.4211
7.38,9.601,0.0,3956.8,5.0,96.241,0.85,,1,-92.086,3,50,4,495,0.3879
7.232,9.253,0.0,3928.8,5.0,95.765,0.9,,1,-92.142,3,50,4,412,0.3811
8.548,12.545,0.0,23584.1,5.0,91.019,0.95,,6,-52.832,3,50,13,943,0.4348
8.995,12.79,0.0,23114.4,5.0,84.979,1.0,,6,-53.771,3,50,13,701,0.4465
7.503,9.06,0.0,2985.9,5.0,98.45,0.8,,1,-94.028,4,50,3,518,0.4266
7.461,8.943,0.0,2916.6,5.0,97.605,0.85,,1,-94.167,4,50,3,333,0.3994
7.38,8.707,0.0,2954.4,5.0,97.301,0.9,,1,-94.091,4,50,3,258,0.3798
7.465,9.604,0.0,2839.6,5.0,96.663,0.95,,0,-94.321,4,50,5,310,0.3806
8.995,12.79,0.0,5322.5,5.0,95.914,1.0,,4,-89.355,4,50,13,701,0.4465
7.499,8.696,0.0,2281.7,5.0,99.018,0.8,,1,-95.437,5,50,3,418,0.4402
7.475,9.113,0.0,2177.4,5.0,98.401,0.85,,1,-95.645,5,50,3,284,0.4049
7.447,9.01,0.0,2128.4,5.0,98.266,0.9,,1,-95.743,5,50,3,229,0.3843
7.592,10.187,0.0,2306.2,5.0,97.571,0.95,,0,-95.388,5,50,4,265,0.3849
8.561,12.792,0.0412,2003.1,5.0,98.012,1.0,,1,-95.994,5,50,7,360,0.4361
7.499,8.696,0.0,2281.7,5.0,99.018,0.8,,1,-95.437,6,50,3,418,0.4402
7.475,9.113,0.0,2177.4,5.0,98.401,0.85,,1,-95.645,6,50,3,284,0.4049
7.447,9.01,0.0,2128.4,5.0,98.266,0.9,,1,-95.743,6,50,3,229,0.3843
7.592,10.187,0.0,2306.2,5.0,97.571,0.95,,0,-95.388,6,50,4,265,0.3849
8.561,12.792,0.0412,2003.1,5.0,98.012,1.0,,1,-95.994,6,50,7,360,0.4361
7.499,8.696,0.0,2281.7,5.0,99.018,0.8,,1,-95.437,7,50,3,418,0.4402
7.475,9.113,0.0,2177.4,5.0,98.401,0.85,,1,-95.645,7,50,3,284,0.4049
7.447,9.01,0.0,2128.4,5.0,98.266,0.9,,1,-95.743,7,50,3,229,0.3843
7.592,10.187,0.0,2306.2,5.0,97.571,0.95,,0,-95.388,7,50,4,265,0.3849
8.561,12.792,0.0412,2003.1,5.0,98.012,1.0,,1,-95.994,7,50,7,360,0.4361
7.499,8.696,0.0,2281.7,5.0,99.018,0.8,,1,-95.437,8,50,3,418,0.4402
7.475,9.113,0.0,2177.4,5.0,98.401,0.85,,1,-95.645,8,50,3,284,0.4049
7.447,9.01,0.0,2128.4,5.0,98.266,0.9,,1,-95.743,8,50,3,229,0.3843
7.592,10.187,0.0,2306.2,5.0,97.571,0.95,,0,-95.388,8,50,4,265,0.3849
8.561,12.792,0.0412,2003.1,5.0,98.012,1.0,,1,-95.994,8,50,7,360,0.4361
7.499,8.696,0.0,2281.7,5.0,99.018,0.8,,1,-95.437,9,50,3,418,0.4402
7.475,9.113,0.0,2177.4,5.0,98.401,0.85,,1,-95.645,9,50,3,284,0.4049
7.447,9.01,0.0,2128.4,5.0,98.266,0.9,,1,-95.743,9,50,3,229,0.3843
7.592,10.187,0.0,2306.2,5.0,97.571,0.95,,0,-95.388,9,50,4,265,0.3849
8.561,12.792,0.0412,2003.1,5.0,98.012,1.0,,1,-95.994,9,50,7,360,0.4361
7.499,8.696,0.0,2281.7,5.0,99.018,0.8,,1,-95.437,10,50,3,418,0.4402
7.475,9.113,0.0,2177.4,5.0,98.401,0.85,,1,-95.645,10,50,3,284,0.4049
7.447,9.01,0.0,2128.4,5.0,98.266,0.9,,1,-95.743,10,50,3,229,0.3843
7.592,10.187,0.0,2306.2,5.0,97.571,0.95,,0,-95.388,10,50,4,265,0.3849
8.561,12.792,0.0412,2003.1,5.0,98.012,1.0,,1,-95.994,10,50,7,360,0.4361
8.269,10.655,0.0,11807.3,5.0,84.078,0.8,,2,-76.385,1,55,9,1719,0.4206
8.271,11.659,0.0,27673.5,5.0,77.746,0.85,,6,-44.653,1,55,13,1755,0.4211
8.512,11.677,0.0,27635.0,5.0,75.132,0.9,,5,-44.73,1,55,13,1321,0.4224
8.548,12.545,0.0,83208.7,5.0,51.395,0.95,,7,66.417,1,55,13,943,0.4348
8.995,12.79,0.0,78087.5,5.0,40.5,1.0,,7,56.175,1,55,13,701,0.4465
7.53,9.556,0.0,5968.6,5.0,94.674,0.8,,3,-88.063,2,55,7,1333,0.4209
7.963,10.61,0.0,5999.4,5.0,92.733,0.85,,2,-88.001,2,55,8,1011,0.4125
8.312,11.321,0.0,5692.1,5.0,92.635,0.9,,3,-88.616,2,55,8,830,0.406
8.548,12.545,0.0,67567.2,5.0,78.913,0.95,,6,35.134,2,55,13,943,0.4348
8.995,12.79,0.0,67689.7,5.0,67.53,1.0,,6,35.379,2,55,13,701,0.4465
7.374,9.255,0.0,3877.0,5.0,97.454,0.8,,1,-92.246,3,55,4,767,0.4211
7.38,9.601,0.0,3956.8,5.0,96.241,0.85,,1,-92.086,3,55,4,495,0.3879
7.232,9.253,0.0,3928.8,5.0,95.765,0.9,,1,-92.142,3,55,4,412,0.3811
8.548,12.545,0.0,23584.1,5.0,91.019,0.95,,6,-52.832,3,55,13,943,0.4348
8.995,12.79,0.0,23114.4,5.0,84.979,1.0,,6,-53.771,3,55,13,701,0.4465
7.503,9.06,0.0,2985.9,5.0,98.45,0.8,,1,-94.028,4,55,3,518,0.4266
7.461,8.943,0.0,2916.6,5.0,97.605,0.85,,1,-94.167,4,55,3,333,0.3994
7.38,8.707,0.0,2954.4,5.0,97.301,0.9,,1,-94.091,4,55,3,258,0.3798
7.465,9.604,0.0,2839.6,5.0,96.663,0.95,,0,-94.321,4,55,5,310,0.3806
8.995,12.79,0.0,5322.5,5.0,95.914,1.0,,4,-89.355,4,55,13,701,0.4465
7.499,8.696,0.0,2281.7,5.0,99.018,0.8,,1,-95.437,5,55,3,418,0.4402
7.475,9.113,0.0,2177.4,5.0,98.401,0.85,,1,-95.645,5,55,3,284,0.4049
7.447,9.01,0.0,2128.4,5.0,98.266,0.9,,1,-95.743,5,55,3,229,0.3843
7.592,10.187,0.0,2306.2,5.0,97.571,0.95,,0,-95.388,5,55,4,265,0.3849
8.561,12.792,0.0412,2003.1,5.0,98.012,1.0,,1,-95.994,5,55,7,360,0.4361
7.499,8.696,0.0,2281.7,5.0,99.018,0.8,,1,-95.437,6,55,3,418,0.4402
7.475,9.113,0.0,2177.4,5.0,98.401,0.85,,1,-95.645,6,55,3,284,0.4049
7.447,9.01,0.0,2128.4,5.0,98.266,0.9,,1,-95.743,6,55,3,229,0.3843
7.592,10.187,0.0,2306.2,5.0,97.571,0.95,,0,-95.388,6,55,4,265,0.3849
8.561,12.792,0.0412,2003.1,5.0,98.012,1.0,,1,-95.994,6,55,7,360,0.4361
7.499,8.696,0.0,2281.7,5.0,99.018,0.8,,1,-95.437,7,55,3,418,0.4402
7.475,9.113,0.0,2177.4,5.0,98.401,0.85,,1,-95.645,7,55,3,284,0.4049
7.447,9.01,0.0,2128.4,5.0,98.266,0.9,,1,-95.743,7,55,3,229,0.3843
7.592,10.187,0.0,2306.2,5.0,97.571,0.95,,0,-95.388,7,55,4,265,0.3849
8.561,12.792,0.0412,2003.1,5.0,98.012,1.0,,1,-95.994,7,55,7,360,0.4361
7.499,8.696,0.0,2281.7,5.0,99.018,0.8,,1,-95.437,8,55,3,418,0.4402
7.475,9.113,0.0,2177.4,5.0,98.401,0.85,,1,-95.645,8,55,3,284,0.4049
7.447,9.01,0.0,2128.4,5.0,98.266,0.9,,1,-95.743,8,55,3,229,0.3843
7.592,10.187,0.0,2306.2,5.0,97.571,0.95,,0,-95.388,8,55,4,265,0.3849
8.561,12.792,0.0412,2003.1,5.0,98.012,1.0,,1,-95.994,8,55,7,360,0.4361
7.499,8.696,0.0,2281.7,5.0,99.018,0.8,,1,-95.437,9,55,3,418,0.4402
7.475,9.113,0.0,2177.4,5.0,98.401,0.85,,1,-95.645,9,55,3,284,0.4049
7.447,9.01,0.0,2128.4,5.0,98.266,0.9,,1,-95.743,9,55,3,229,0.3843
7.592,10.187,0.0,2306.2,5.0,97.571,0.95,,0,-95.388,9,55,4,265,0.3849
8.561,12.792,0.0412,2003.1,5.0,98.012,1.0,,1,-95.994,9,55,7,360,0.4361
7.499,8.696,0.0,2281.7,5.0,99.018,0.8,,1,-95.437,10,55,3,418,0.4402
7.475,9.113,0.0,2177.4,5.0,98.401,0.85,,1,-95.645,10,55,3,284,0.4049
7.447,9.01,0.0,2128.4,5.0,98.266,0.9,,1,-95.743,10,55,3,229,0.3843
7.592,10.187,0.0,2306.2,5.0,97.571,0.95,,0,-95.388,10,55,4,265,0.3849
8.561,12.792,0.0412,2003.1,5.0,98.012,1.0,,1,-95.994,10,55,7,360,0.4361
8.269,10.655,0.0,11807.3,5.0,84.078,0.8,,2,-76.385,1,60,9,1719,0.4206
8.271,11.659,0.0,27673.5,5.0,77.746,0.85,,6,-44.653,1,60,13,1755,0.4211
8.512,11.677,0.0,27635.0,5.0,75.132,0.9,,5,-44.73,1,60,13,1321,0.4224
8.548,12.545,0.0,83208.7,5.0,51.395,0.95,,7,66.417,1,60,13,943,0.4348
8.995,12.79,0.0,78087.5,5.0,40.5,1.0,,7,56.175,1,60,13,701,0.4465
7.53,9.556,0.0,5968.6,5.0,94.674,0.8,,3,-88.063,2,60,7,1333,0.4209
7.963,10.61,0.0,5999.4,5.0,92.733,0.85,,2,-88.001,2,60,8,1011,0.4125
8.312,11.321,0.0,5692.1,5.0,92.635,0.9,,3,-88.616,2,60,8,830,0.406
8.548,12.545,0.0,67567.2,5.0,78.913,0.95,,6,35.134,2,60,13,943,0.4348
8.995,12.79,0.0,67689.7,5.0,67.53,1.0,,6,35.379,2,60,13,701,0.4465
7.374,9.255,0.0,3877.0,5.0,97.454,0.8,,1,-92.246,3,60,4,767,0.4211
7.38,9.601,0.0,3956.8,5.0,96.241,0.85,,1,-92.086,3,60,4,495,0.3879
7.232,9.253,0.0,3928.8,5.0,95.765,0.9,,1,-92.142,3,60,4,412,0.3811
8.548,12.545,0.0,23584.1,5.0,91.019,0.95,,6,-52.832,3,60,13,943,0.4348
8.995,12.79,0.0,23114.4,5.0,84.979,1.0,,6,-53.771,3,60,13,701,0.4465
7.503,9.06,0.0,2985.9,5.0,98.45,0.8,,1,-94.028,4,60,3,518,0.4266
7.461,8.943,0.0,2916.6,5.0,97.605,0.85,,1,-94.167,4,60,3,333,0.3994
7.38,8.707,0.0,2954.4,5.0,97.301,0.9,,1,-94.091,4,60,3,258,0.3798
7.465,9.604,0.0,2839.6,5.0,96.663,0.95,,0,-94.321,4,60,5,310,0.3806
8.995,12.79,0.0,5322.5,5.0,95.914,1.0,,4,-89.355,4,60,13,701,0.4465
7.499,8.696,0.0,2281.7,5.0,99.018,0.8,,1,-95.437,5,60,3,418,0.4402
7.475,9.113,0.0,2177.4,5.0,98.401,0.85,,1,-95.645,5,60,3,284,0.4049
7.447,9.01,0.0,2128.4,5.0,98.266,0.9,,1,-95.743,5,60,3,229,0.3843
7.592,10.187,0.0,2306.2,5.0,97.571,0.95,,0,-95.388,5,60,4,265,0.3849
8.561,12.792,0.0412,2003.1,5.0,98.012,1.0,,1,-95.994,5,60,7,360,0.4361
7.499,8.696,0.0,2281.7,5.0,99.018,0.8,,1,-95.437,6,60,3,418,0.4402
7.475,9.113,0.0,2177.4,5.0,98.401,0.85,,1,-95.645,6,60,3,284,0.4049
7.447,9.01,0.0,2128.4,5.0,98.266,0.9,,1,-95.743,6,60,3,229,0.3843
7.592,10.187,0.0,2306.2,5.0,97.571,0.95,,0,-95.388,6,60,4,265,0.3849
8.561,12.792,0.0412,2003.1,5.0,98.012,1.0,,1,-95.994,6,60,7,360,0.4361
7.499,8.696,0.0,2281.7,5.0,99.018,0.8,,1,-95.437,7,60,3,418,0.4402
7.475,9.113,0.0,2177.4,5.0,98.401,0.85,,1,-95.645,7,60,3,284,0.4049
7.447,9.01,0.0,2128.4,5.0,98.266,0.9,,1,-95.743,7,60,3,229,0.3843
7.592,10.187,0.0,2306.2,5.0,97.571,0.95,,0,-95.388,7,60,4,265,0.3849
8.561,12.792,0.0412,2003.1,5.0,98.012,1.0,,1,-95.994,7,60,7,360,0.4361
7.499,8.696,0.0,2281.7,5.0,99.018,0.8,,1,-95.437,8,60,3,418,0.4402
7.475,9.113,0.0,2177.4,5.0,98.401,0.85,,1,-95.645,8,60,3,284,0.4049
7.447,9.01,0.0,2128.4,5.0,98.266,0.9,,1,-95.743,8,60,3,229,0.3843
7.592,10.187,0.0,2306.2,5.0,97.571,0.95,,0,-95.388,8,60,4,265,0.3849
8.561,12.792,0.0412,2003.1,5.0,98.012,1.0,,1,-95.994,8,60,7,360,0.4361
7.499,8.696,0.0,2281.7,5.0,99.018,0.8,,1,-95.437,9,60,3,418,0.4402
7.475,9.113,0.0,2177.4,5.0,98.401,0.85,,1,-95.645,9,60,3,284,0.4049
7.447,9.01,0.0,2128.4,5.0,98.266,0.9,,1,-95.743,9,60,3,229,0.3843
7.592,10.187,0.0,2306.2,5.0,97.571,0.95,,0,-95.388,9,60,4,265,0.3849
8.561,12.792,0.0412,2003.1,5.0,98.012,1.0,,1,-95.994,9,60,7,360,0.4361
7.499,8.696,0.0,2281.7,5.0,99.018,0.8,,1,-95.437,10,60,3,418,0.4402
7.475,9.113,0.0,2177.4,5.0,98.401,0.85,,1,-95.645,10,60,3,284,0.4049
7.447,9.01,0.0,2128.4,5.0,98.266,0.9,,1,-95.743,10,60,3,229,0.3843
7.592,10.187,0.0,2306.2,5.0,97.571,0.95,,0,-95.388,10,60,4,265,0.3849
8.561,12.792,0.0412,2003.1,5.0,98.012,1.0,,1,-95.994,10,60,7,360,0.4361
8.301,10.994,0.0,28750.1,5.5,79.322,0.8,,5,-42.5,1,5,13,2681,0.4323
8.215,11.448,0.0,35860.7,5.5,70.48,0.85,,8,-28.279,1,5,13,1755,0.4256
8.409,11.447,0.0,25914.4,5.5,67.262,0.9,,7,-48.171,1,5,13,1319,0.4268
8.348,12.122,0.0,105616.4,5.5,49.139,0.95,,7,111.233,1,5,13,941,0.4421
8.619,12.219,0.0,88054.1,5.5,32.279,1.0,,7,76.108,1,5,13,700,0.4514
7.511,8.59,0.0,6509.7,5.5,94.085,0.8,,1,-86.981,2,5,4,834,0.4269
8.304,10.959,0.0,6513.9,5.5,92.655,0.85,,4,-86.972,2,5,9,1148,0.4111
8.527,11.208,0.0,6578.3,5.5,91.555,0.9,,4,-86.843,2,5,9,853,0.4115
8.348,12.122,0.0,108663.5,5.5,78.822,0.95,,7,117.327,2,5,13,941,0.4421
8.619,12.219,0.0,95094.0,5.5,58.752,1.0,,7,90.188,2,5,13,700,0.4514
7.74,8.939,0.0,4350.9,5.5,97.151,0.8,,1,-91.298,3,5,3,585,0.4359
7.557,9.012,0.0,4334.8,5.5,96.052,0.85,,1,-91.33,3,5,3,375,0.392
7.464,8.812,0.0,4326.4,5.5,95.383,0.9,,1,-91.347,3,5,4,410,0.3878
8.348,12.122,0.0,56664.7,5.5,90.548,0.95,,7,13.329,3,5,13,941,0.4421
8.619,12.219,0.0,63377.0,5.5,76.357,1.0,,7,26.754,3,5,13,700,0.4514
7.762,8.953,0.0,3153.2,5.5,98.43,0.8,,1,-93.694,4,5,3,544,0.4393
7.575,8.908,0.0,3151.8,5.5,97.641,0.85,,1,-93.696,4,5,3,360,0.4
7.683,8.872,0.0,3125.9,5.5,97.166,0.9,,1,-93.748,4,5,3,289,0.3875
7.807,8.96,0.0111,3299.5,5.5,95.927,0.95,,1,-93.401,4,5,5,303,0.4026
8.619,12.219,0.0,18965.5,5.5,90.047,1.0,,5,-62.069,4,5,13,700,0.4514
7.666,8.86,0.0,2593.9,5.5,98.95,0.8,,1,-94.812,5,5,3,495,0.4424
7.493,8.956,0.0,2639.4,5.5,98.342,0.85,,1,-94.721,5,5,3,302,0.404
7.376,8.593,0.0,2605.1,5.5,97.966,0.9,,1,-94.79,5,5,3,257,0.393
7.918,9.424,0.0368,2543.5,5.5,97.199,0.95,,1,-94.913,5,5,4,264,0.4015
8.594,12.634,0.0,2607.2,5.5,97.262,1.0,,2,-94.786,5,5,7,376,0.4415
7.653,8.555,0.0,2213.1,5.5,99.192,0.8,,1,-95.574,6,5,3,422,0.4502
7.451,9.01,0.0,2321.6,5.5,98.642,0.85,,1,-95.357,6,5,3,296,0.4088
7.509,8.936,0.0,2124.2,5.5,98.423,0.9,,1,-95.752,6,5,3,229,0.393
7.984,9.433,0.0,2340.5,5.5,97.535,0.95,,0,-95.319,6,5,4,250,0.404
8.606,12.596,0.0,2351.7,5.5,97.665,1.0,,2,-95.297,6,5,7,359,0.4513
7.653,8.555,0.0,2213.1,5.5,99.192,0.8,,1,-95.574,7,5,3,422,0.4502
7.451,9.01,0.0,2321.6,5.5,98.642,0.85,,1,-95.357,7,5,3,296,0.4088
7.509,8.936,0.0,2124.2,5.5,98.423,0.9,,1,-95.752,7,5,3,229,0.393
7.984,9.433,0.0,2340.5,5.5,97.535,0.95,,0,-95.319,7,5,4,250,0.404
8.606,12.596,0.0,2351.7,5.5,97.665,1.0,,2,-95.297,7,5,7,359,0.4513
7.653,8.555,0.0,2213.1,5.5,99.192,0.8,,1,-95.574,8,5,3,422,0.4502
7.451,9.01,0.0,2321.6,5.5,98.642,0.85,,1,-95.357,8,5,3,296,0.4088
7.509,8.936,0.0,2124.2,5.5,98.423,0.9,,1,-95.752,8,5,3,229,0.393
7.984,9.433,0.0,2340.5,5.5,97.535,0.95,,0,-95.319,8,5,4,250,0.404
8.606,12.596,0.0,2351.7,5.5,97.665,1.0,,2,-95.297,8,5,7,359,0.4513
7.653,8.555,0.0,2213.1,5.5,99.192,0.8,,1,-95.574,9,5,3,422,0.4502
7.451,9.01,0.0,2321.6,5.5,98.642,0.85,,1,-95.357,9,5,3,296,0.4088
7.509,8.936,0.0,2124.2,5.5,98.423,0.9,,1,-95.752,9,5,3,229,0.393
7.984,9.433,0.0,2340.5,5.5,97.535,0.95,,0,-95.319,9,5,4,250,0.404
8.606,12.596,0.0,2351.7,5.5,97.665,1.0,,2,-95.297,9,5,7,359,0.4513
7.653,8.555,0.0,2213.1,5.5,99.192,0.8,,1,-95.574,10,5,3,422,0.4502
7.451,9.01,0.0,2321.6,5.5,98.642,0.85,,1,-95.357,10,5,3,296,0.4088
7.509,8.936,0.0,2124.2,5.5,98.423,0.9,,1,-95.752,10,5,3,229,0.393
7.984,9.433,0.0,2340.5,5.5,97.535,0.95,,0,-95.319,10,5,4,250,0.404
8.606,12.596,0.0,2351.7,5.5,97.665,1.0,,2,-95.297,10,5,7,359,0.4513
8.551,11.08,0.0,29046.2,5.5,77.91,0.8,,6,-41.908,1,10,13,2674,0.4398
8.508,11.455,0.0,35507.2,5.5,68.246,0.85,,7,-28.986,1,10,13,1753,0.4324
8.722,11.458,0.0,25195.5,5.5,66.228,0.9,,7,-49.609,1,10,13,1319,0.4329
8.627,12.162,0.0,78571.9,5.5,52.783,0.95,,6,57.144,1,10,13,941,0.4474
8.819,12.184,0.0,80445.8,5.5,35.981,1.0,,7,60.892,1,10,13,700,0.4543
7.815,8.607,0.0,6537.7,5.5,93.486,0.8,,1,-86.925,2,10,5,856,0.4357
8.626,11.027,0.0,6581.8,5.5,91.545,0.85,,4,-86.836,2,10,9,1149,0.4186
8.839,11.35,0.0,6469.8,5.5,91.16,0.9,,3,-87.06,2,10,8,828,0.4203
8.627,12.162,0.0,94818.2,5.5,81.226,0.95,,7,89.636,2,10,13,941,0.4474
8.819,12.184,0.0,79873.2,5.5,62.231,1.0,,7,59.746,2,10,13,700,0.4543
8.049,8.887,0.0,4196.9,5.5,96.682,0.8,,1,-91.606,3,10,3,597,0.4372
7.955,9.039,0.0,4380.3,5.5,95.363,0.85,,1,-91.239,3,10,3,375,0.3973
8.009,8.969,0.0118,4225.6,5.5,94.963,0.9,,1,-91.549,3,10,4,358,0.3939
8.627,12.162,0.0,47515.0,5.5,92.723,0.95,,6,-4.97,3,10,13,941,0.4474
8.819,12.184,0.0,45650.9,5.5,79.111,1.0,,7,-8.698,3,10,13,700,0.4543
7.929,8.881,0.0,3137.8,5.5,97.977,0.8,,1,-93.724,4,10,3,517,0.4429
7.754,8.714,0.0,3158.1,5.5,97.147,0.85,,1,-93.684,4,10,3,339,0.41
8.036,8.75,0.0,3206.4,5.5,96.7,0.9,,0,-93.587,4,10,3,271,0.3985
8.083,9.273,0.0,3247.7,5.5,95.991,0.95,,0,-93.505,4,10,4,286,0.4021
8.819,12.184,0.0,11640.7,5.5,92.619,1.0,,5,-76.719,4,10,13,700,0.4543
7.913,8.526,0.0,2561.7,5.5,98.559,0.8,,0,-94.877,5,10,3,418,0.4569
7.788,8.907,0.0,2551.2,5.5,97.983,0.85,,1,-94.898,5,10,3,298,0.4128
7.786,8.778,0.0,2633.8,5.5,97.686,0.9,,0,-94.732,5,10,3,232,0.3966
8.19,9.014,0.0,2577.8,5.5,97.161,0.95,,0,-94.844,5,10,3,204,0.402
8.867,12.537,0.0,2589.0,5.5,97.281,1.0,,1,-94.822,5,10,7,366,0.4481
7.913,8.526,0.0,2383.9,5.5,98.728,0.8,,0,-95.232,6,10,3,415,0.4602
7.75,8.919,0.0,2387.4,5.5,98.18,0.85,,0,-95.225,6,10,3,287,0.4181
7.761,8.862,0.0,2359.4,5.5,98.062,0.9,,0,-95.281,6,10,3,227,0.4009
8.149,9.019,0.0,1945.0,5.5,97.952,0.95,,0,-96.11,6,10,3,188,0.4096
8.897,12.57,0.0037,2019.2,5.5,97.996,1.0,,1,-95.962,6,10,7,359,0.454
7.913,8.526,0.0,2383.9,5.5,98.728,0.8,,0,-95.232,7,10,3,415,0.4602
7.75,8.919,0.0,2387.4,5.5,98.18,0.85,,0,-95.225,7,10,3,287,0.4181
7.761,8.862,0.0,2359.4,5.5,98.062,0.9,,0,-95.281,7,10,3,227,0.4009
8.149,9.019,0.0,1945.0,5.5,97.952,0.95,,0,-96.11,7,10,3,188,0.4096
8.897,12.57,0.0037,2019.2,5.5,97.996,1.0,,1,-95.962,7,10,7,359,0.454
7.913,8.526,0.0,2383.9,5.5,98.728,0.8,,0,-95.232,8,10,3,415,0.4602
7.75,8.919,0.0,2387.4,5.5,98.18,0.85,,0,-95.225,8,10,3,287,0.4181
7.761,8.862,0.0,2359.4,5.5,98.062,0.9,,0,-95.281,8,10,3,227,0.4009
8.149,9.019,0.0,1945.0,5.5,97.952,0.95,,0,-96.11,8,10,3,188,0.4096
8.897,12.57,0.0037,2019.2,5.5,97.996,1.0,,1,-95.962,8,10,7,359,0.454
7.913,8.526,0.0,2383.9,5.5,98.728,0.8,,0,-95.232,9,10,3,415,0.4602
7.75,8.919,0.0,2387.4,5.5,98.18,0.85,,0,-95.225,9,10,3,287,0.4181
7.761,8.862,0.0,2359.4,5.5,98.062,0.9,,0,-95.281,9,10,3,227,0.4009
8.149,9.019,0.0,1945.0,5.5,97.952,0.95,,0,-96.11,9,10,3,188,0.4096
8.897,12.57,0.0037,2019.2,5.5,97.996,1.0,,1,-95.962,9,10,7,359,0.454
7.913,8.526,0.0,2383.9,5.5,98.728,0.8,,0,-95.232,10,10,3,415,0.4602
7.75,8.919,0.0,2387.4,5.5,98.18,0.85,,0,-95.225,10,10,3,287,0.4181
7.761,8.862,0.0,2359.4,5.5,98.062,0.9,,0,-95.281,10,10,3,227,0.4009
8.149,9.019,0.0,1945.0,5.5,97.952,0.95,,0,-96.11,10,10,3,188,0.4096
8.897,12.57,0.0037,2019.2,5.5,97.996,1.0,,1,-95.962,10,10,7,359,0.454
8.752,11.227,0.0,24516.5,5.5,77.639,0.8,,4,-50.967,1,15,13,2672,0.4405
8.682,11.685,0.0,29679.0,5.5,68.033,0.85,,7,-40.642,1,15,13,1752,0.4332
8.952,11.764,0.0,29909.3,5.5,66.228,0.9,,7,-40.181,1,15,13,1318,0.434
8.958,12.574,0.0,81874.5,5.5,52.783,0.95,,6,63.749,1,15,13,940,0.4489
9.317,12.729,0.0,76856.2,5.5,35.981,1.0,,7,53.712,1,15,13,699,0.4564
7.824,8.601,0.0,6560.8,5.5,93.463,0.8,,1,-86.878,2,15,5,855,0.4363
8.628,11.027,0.0,6548.9,5.5,91.587,0.85,,4,-86.902,2,15,9,1149,0.4186
8.839,11.35,0.0,6469.8,5.5,91.16,0.9,,3,-87.06,2,15,8,828,0.4203
8.958,12.574,0.0,97195.4,5.5,81.226,0.95,,7,94.391,2,15,13,940,0.4489
9.317,12.729,0.0,73058.7,5.5,62.231,1.0,,7,46.117,2,15,13,699,0.4564
8.049,8.887,0.0,4196.9,5.5,96.682,0.8,,1,-91.606,3,15,3,597,0.4372
7.955,9.039,0.0,4380.3,5.5,95.363,0.85,,1,-91.239,3,15,3,375,0.3973
8.009,8.969,0.0118,4225.6,5.5,94.963,0.9,,1,-91.549,3,15,4,358,0.3939
8.958,12.574,0.0,37565.2,5.5,92.723,0.95,,6,-24.87,3,15,13,940,0.4489
9.317,12.729,0.0,32192.0,5.5,79.111,1.0,,7,-35.616,3,15,13,699,0.4564
7.929,8.881,0.0,3137.8,5.5,97.977,0.8,,1,-93.724,4,15,3,517,0.4429
7.754,8.714,0.0,3158.1,5.5,97.147,0.85,,1,-93.684,4,15,3,339,0.41
8.036,8.75,0.0,3206.4,5.5,96.7,0.9,,0,-93.587,4,15,3,271,0.3985
8.083,9.273,0.0,3247.7,5.5,95.991,0.95,,0,-93.505,4,15,4,286,0.4021
9.317,12.729,0.0,8753.2,5.5,92.7,1.0,,5,-82.494,4,15,13,699,0.4564
7.913,8.526,0.0,2561.7,5.5,98.559,0.8,,0,-94.877,5,15,3,418,0.4569
7.788,8.907,0.0,2551.2,5.5,97.983,0.85,,1,-94.898,5,15,3,298,0.4128
7.786,8.778,0.0,2633.8,5.5,97.686,0.9,,0,-94.732,5,15,3,232,0.3966
8.19,9.014,0.0,2577.8,5.5,97.161,0.95,,0,-94.844,5,15,3,204,0.402
8.867,12.537,0.0,2589.0,5.5,97.281,1.0,,1,-94.822,5,15,7,366,0.4481
7.913,8.526,0.0,2383.9,5.5,98.728,0.8,,0,-95.232,6,15,3,415,0.4602
7.75,8.919,0.0,2387.4,5.5,98.18,0.85,,0,-95.225,6,15,3,287,0.4181
7.761,8.862,0.0,2359.4,5.5,98.062,0.9,,0,-95.281,6,15,3,227,0.4009
8.149,9.019,0.0,1945.0,5.5,97.952,0.95,,0,-96.11,6,15,3,188,0.4096
8.897,12.57,0.0037,2019.2,5.5,97.996,1.0,,1,-95.962,6,15,7,359,0.454
7.913,8.526,0.0,2383.9,5.5,98.728,0.8,,0,-95.232,7,15,3,415,0.4602
7.75,8.919,0.0,2387.4,5.5,98.18,0.85,,0,-95.225,7,15,3,287,0.4181
7.761,8.862,0.0,2359.4,5.5,98.062,0.9,,0,-95.281,7,15,3,227,0.4009
8.149,9.019,0.0,1945.0,5.5,97.952,0.95,,0,-96.11,7,15,3,188,0.4096
8.897,12.57,0.0037,2019.2,5.5,97.996,1.0,,1,-95.962,7,15,7,359,0.454
7.913,8.526,0.0,2383.9,5.5,98.728,0.8,,0,-95.232,8,15,3,415,0.4602
7.75,8.919,0.0,2387.4,5.5,98.18,0.85,,0,-95.225,8,15,3,287,0.4181
7.761,8.862,0.0,2359.4,5.5,98.062,0.9,,0,-95.281,8,15,3,227,0.4009
8.149,9.019,0.0,1945.0,5.5,97.952,0.95,,0,-96.11,8,15,3,188,0.4096
8.897,12.57,0.0037,2019.2,5.5,97.996,1.0,,1,-95.962,8,15,7,359,0.454
7.913,8.526,0.0,2383.9,5.5,98.728,0.8,,0,-95.232,9,15,3,415,0.4602
7.75,8.919,0.0,2387.4,5.5,98.18,0.85,,0,-95.225,9,15,3,287,0.4181
7.761,8.862,0.0,2359.4,5.5,98.062,0.9,,0,-95.281,9,15,3,227,0.4009
8.149,9.019,0.0,1945.0,5.5,97.952,0.95,,0,-96.11,9,15,3,188,0.4096
8.897,12.57,0.0037,2019.2,5.5,97.996,1.0,,1,-95.962,9,15,7,359,0.454
7.913,8.526,0.0,2383.9,5.5,98.728,0.8,,0,-95.232,10,15,3,415,0.4602
7.75,8.919,0.0,2387.4,5.5,98.18,0.85,,0,-95.225,10,15,3,287,0.4181
7.761,8.862,0.0,2359.4,5.5,98.062,0.9,,0,-95.281,10,15,3,227,0.4009
8.149,9.019,0.0,1945.0,5.5,97.952,0.95,,0,-96.11,10,15,3,188,0.4096
8.897,12.57,0.0037,2019.2,5.5,97.996,1.0,,1,-95.962,10,15,7,359,0.454
8.758,11.228,0.0,25071.6,5.5,77.595,0.8,,5,-49.857,1,20,13,2672,0.4409
8.689,11.685,0.0,29681.1,5.5,68.122,0.85,,7,-40.638,1,20,13,1752,0.4338
8.952,11.764,0.0,29909.3,5.5,66.228,0.9,,7,-40.181,1,20,13,1318,0.434
8.958,12.574,0.0,81874.5,5.5,52.783,0.95,,6,63.749,1,20,13,940,0.4489
9.317,12.729,0.0,76856.2,5.5,35.981,1.0,,7,53.712,1,20,13,699,0.4564
7.824,8.601,0.0,6560.8,5.5,93.463,0.8,,1,-86.878,2,20,5,855,0.4363
8.63,11.028,0.0,6563.6,5.5,91.569,0.85,,4,-86.873,2,20,9,1150,0.4191
8.839,11.35,0.0,6469.8,5.5,91.16,0.9,,3,-87.06,2,20,8,828,0.4203
8.958,12.574,0.0,97195.4,5.5,81.226,0.95,,7,94.391,2,20,13,940,0.4489
9.317,12.729,0.0,73058.7,5.5,62.231,1.0,,7,46.117,2,20,13,699,0.4564
8.049,8.887,0.0,4196.9,5.5,96.682,0.8,,1,-91.606,3,20,3,597,0.4372
7.955,9.039,0.0,4380.3,5.5,95.363,0.85,,1,-91.239,3,20,3,375,0.3973
8.009,8.969,0.0118,4225.6,5.5,94.963,0.9,,1,-91.549,3,20,4,358,0.3939
8.958,12.574,0.0,37565.2,5.5,92.723,0.95,,6,-24.87,3,20,13,940,0.4489
9.317,12.729,0.0,32192.0,5.5,79.111,1.0,,7,-35.616,3,20,13,699,0.4564
7.929,8.881,0.0,3137.8,5.5,97.977,0.8,,1,-93.724,4,20,3,517,0.4429
7.754,8.714,0.0,3158.1,5.5,97.147,0.85,,1,-93.684,4,20,3,339,0.41
8.036,8.75,0.0,3206.4,5.5,96.7,0.9,,0,-93.587,4,20,3,271,0.3985
8.083,9.273,0.0,3247.7,5.5,95.991,0.95,,0,-93.505,4,20,4,286,0.4021
9.317,12.729,0.0,8753.2,5.5,92.7,1.0,,5,-82.494,4,20,13,699,0.4564
7.913,8.526,0.0,2561.7,5.5,98.559,0.8,,0,-94.877,5,20,3,418,0.4569
7.788,8.907,0.0,2551.2,5.5,97.983,0.85,,1,-94.898,5,20,3,298,0.4128
7.786,8.778,0.0,2633.8,5.5,97.686,0.9,,0,-94.732,5,20,3,232,0.3966
8.19,9.014,0.0,2577.8,5.5,97.161,0.95,,0,-94.844,5,20,3,204,0.402
8.867,12.537,0.0,2589.0,5.5,97.281,1.0,,1,-94.822,5,20,7,366,0.4481
7.913,8.526,0.0,2383.9,5.5,98.728,0.8,,0,-95.232,6,20,3,415,0.4602
7.75,8.919,0.0,2387.4,5.5,98.18,0.85,,0,-95.225,6,20,3,287,0.4181
7.761,8.862,0.0,2359.4,5.5,98.062,0.9,,0,-95.281,6,20,3,227,0.4009
8.149,9.019,0.0,1945.0,5.5,97.952,0.95,,0,-96.11,6,20,3,188,0.4096
8.897,12.57,0.0037,2019.2,5.5,97.996,1.0,,1,-95.962,6,20,7,359,0.454
7.913,8.526,0.0,2383.9,5.5,98.728,0.8,,0,-95.232,7,20,3,415,0.4602
7.75,8.919,0.0,2387.4,5.5,98.18,0.85,,0,-95.225,7,20,3,287,0.4181
7.761,8.862,0.0,2359.4,5.5,98.062,0.9,,0,-95.281,7,20,3,227,0.4009
8.149,9.019,0.0,1945.0,5.5,97.952,0.95,,0,-96.11,7,20,3,188,0.4096
8.897,12.57,0.0037,2019.2,5.5,97.996,1.0,,1,-95.962,7,20,7,359,0.454
7.913,8.526,0.0,2383.9,5.5,98.728,0.8,,0,-95.232,8,20,3,415,0.4602
7.75,8.919,0.0,2387.4,5.5,98.18,0.85,,0,-95.225,8,20,3,287,0.4181
7.761,8.862,0.0,2359.4,5.5,98.062,0.9,,0,-95.281,8,20,3,227,0.4009
8.149,9.019,0.0,1945.0,5.5,97.952,0.95,,0,-96.11,8,20,3,188,0.4096
8.897,12.57,0.0037,2019.2,5.5,97.996,1.0,,1,-95.962,8,20,7,359,0.454
7.913,8.526,0.0,2383.9,5.5,98.728,0.8,,0,-95.232,9,20,3,415,0.4602
7.75,8.919,0.0,2387.4,5.5,98.18,0.85,,0,-95.225,9,20,3,287,0.4181
7.761,8.862,0.0,2359.4,5.5,98.062,0.9,,0,-95.281,9,20,3,227,0.4009
8.149,9.019,0.0,1945.0,5.5,97.952,0.95,,0,-96.11,9,20,3,188,0.4096
8.897,12.57,0.0037,2019.2,5.5,97.996,1.0,,1,-95.962,9,20,7,359,0.454
7.913,8.526,0.0,2383.9,5.5,98.728,0.8,,0,-95.232,10,20,3,415,0.4602
7.75,8.919,0.0,2387.4,5.5,98.18,0.85,,0,-95.225,10,20,3,287,0.4181
7.761,8.862,0.0,2359.4,5.5,98.062,0.9,,0,-95.281,10,20,3,227,0.4009
8.149,9.019,0.0,1945.0,5.5,97.952,0.95,,0,-96.11,10,20,3,188,0.4096
8.897,12.57,0.0037,2019.2,5.5,97.996,1.0,,1,-95.962,10,20,7,359,0.454
8.758,11.228,0.0,25071.6,5.5,77.595,0.8,,5,-49.857,1,25,13,2672,0.4409
8.689,11.685,0.0,29681.1,5.5,68.122,0.85,,7,-40.638,1,25,13,1752,0.4338
8.952,11.764,0.0,29909.3,5.5,66.228,0.9,,7,-40.181,1,25,13,1318,0.434
8.958,12.574,0.0,81874.5,5.5,52.783,0.95,,6,63.749,1,25,13,940,0.4489
9.317,12.729,0.0,76856.2,5.5,35.981,1.0,,7,53.712,1,25,13,699,0.4564
7.824,8.601,0.0,6560.8,5.5,93.463,0.8,,1,-86.878,2,25,5,855,0.4363
8.63,11.028,0.0,6563.6,5.5,91.569,0.85,,4,-86.873,2,25,9,1150,0.4191
8.839,11.35,0.0,6469.8,5.5,91.16,0.9,,3,-87.06,2,25,8,828,0.4203
8.958,12.574,0.0,97195.4,5.5,81.226,0.95,,7,94.391,2,25,13,940,0.4489
9.317,12.729,0.0,73058.7,5.5,62.231,1.0,,7,46.117,2,25,13,699,0.4564
8.049,8.887,0.0,4196.9,5.5,96.682,0.8,,1,-91.606,3,25,3,597,0.4372
7.955,9.039,0.0,4380.3,5.5,95.363,0.85,,1,-91.239,3,25,3,375,0.3973
8.009,8.969,0.0118,4225.6,5.5,94.963,0.9,,1,-91.549,3,25,4,358,0.3939
8.958,12.574,0.0,37565.2,5.5,92.723,0.95,,6,-24.87,3,25,13,940,0.4489
9.317,12.729,0.0,32192.0,5.5,79.111,1.0,,7,-35.616,3,25,13,699,0.4564
7.929,8.881,0.0,3137.8,5.5,97.977,0.8,,1,-93.724,4,25,3,517,0.4429
7.754,8.714,0.0,3158.1,5.5,97.147,0.85,,1,-93.684,4,25,3,339,0.41
8.036,8.75,0.0,3206.4,5.5,96.7,0.9,,0,-93.587,4,25,3,271,0.3985
8.083,9.273,0.0,3247.7,5.5,95.991,0.95,,0,-93.505,4,25,4,286,0.4021
9.317,12.729,0.0,8753.2,5.5,92.7,1.0,,5,-82.494,4,25,13,699,0.4564
7.913,8.526,0.0,2561.7,5.5,98.559,0.8,,0,-94.877,5,25,3,418,0.4569
7.788,8.907,0.0,2551.2,5.5,97.983,0.85,,1,-94.898,5,25,3,298,0.4128
7.786,8.778,0.0,2633.8,5.5,97.686,0.9,,0,-94.732,5,25,3,232,0.3966
8.19,9.014,0.0,2577.8,5.5,97.161,0.95,,0,-94.844,5,25,3,204,0.402
8.867,12.537,0.0,2589.0,5.5,97.281,1.0,,1,-94.822,5,25,7,366,0.4481
7.913,8.526,0.0,2383.9,5.5,98.728,0.8,,0,-95.232,6,25,3,415,0.4602
7.75,8.919,0.0,2387.4,5.5,98.18,0.85,,0,-95.225,6,25,3,287,0.4181
7.761,8.862,0.0,2359.4,5.5,98.062,0.9,,0,-95.281,6,25,3,227,0.4009
8.149,9.019,0.0,1945.0,5.5,97.952,0.95,,0,-96.11,6,25,3,188,0.4096
8.897,12.57,0.0037,2019.2,5.5,97.996,1.0,,1,-95.962,6,25,7,359,0.454
7.913,8.526,0.0,2383.9,5.5,98.728,0.8,,0,-95.232,7,25,3,415,0.4602
7.75,8.919,0.0,2387.4,5.5,98.18,0.85,,0,-95.225,7,25,3,287,0.4181
7.761,8.862,0.0,2359.4,5.5,98.062,0.9,,0,-95.281,7,25,3,227,0.4009
8.149,9.019,0.0,1945.0,5.5,97.952,0.95,,0,-96.11,7,25,3,188,0.4096
8.897,12.57,0.0037,2019.2,5.5,97.996,1.0,,1,-95.962,7,25,7,359,0.454
7.913,8.526,0.0,2383.9,5.5,98.728,0.8,,0,-95.232,8,25,3,415,0.4602
7.75,8.919,0.0,2387.4,5.5,98.18,0.85,,0,-95.225,8,25,3,287,0.4181
7.761,8.862,0.0,2359.4,5.5,98.062,0.9,,0,-95.281,8,25,3,227,0.4009
8.149,9.019,0.0,1945.0,5.5,97.952,0.95,,0,-96.11,8,25,3,188,0.4096
8.897,12.57,0.0037,2019.2,5.5,97.996,1.0,,1,-95.962,8,25,7,359,0.454
7.913,8.526,0.0,2383.9,5.5,98.728,0.8,,0,-95.232,9,25,3,415,0.4602
7.75,8.919,0.0,2387.4,5.5,98.18,0.85,,0,-95.225,9,25,3,287,0.4181
7.761,8.862,0.0,2359.4,5.5,98.062,0.9,,0,-95.281,9,25,3,227,0.4009
8.149,9.019,0.0,1945.0,5.5,97.952,0.95,,0,-96.11,9,25,3,188,0.4096
8.897,12.57,0.0037,2019.2,5.5,97.996,1.0,,1,-95.962,9,25,7,359,0.454
7.913,8.526,0.0,2383.9,5.5,98.728,0.8,,0,-95.232,10,25,3,415,0.4602
7.75,8.919,0.0,2387.4,5.5,98.18,0.85,,0,-95.225,10,25,3,287,0.4181
7.761,8.862,0.0,2359.4,5.5,98.062,0.9,,0,-95.281,10,25,3,227,0.4009
8.149,9.019,0.0,1945.0,5.5,97.952,0.95,,0,-96.11,10,25,3,188,0.4096
8.897,12.57,0.0037,2019.2,5.5,97.996,1.0,,1,-95.962,10,25,7,359,0.454
8.758,11.228,0.0,25071.6,5.5,77.595,0.8,,5,-49.857,1,30,13,2672,0.4409
8.689,11.685,0.0,29681.1,5.5,68.122,0.85,,7,-40.638,1,30,13,1752,0.4338
8.952,11.764,0.0,29909.3,5.5,66.228,0.9,,7,-40.181,1,30,13,1318,0.434
8.958,12.574,0.0,81874.5,5.5,52.783,0.95,,6,63.749,1,30,13,940,0.4489
9.317,12.729,0.0,76856.2,5.5,35.981,1.0,,7,53.712,1,30,13,699,0.4564
7.824,8.601,0.0,6560.8,5.5,93.463,0.8,,1,-86.878,2,30,5,855,0.4363
8.63,11.028,0.0,6563.6,5.5,91.569,0.85,,4,-86.873,2,30,9,1150,0.4191
8.839,11.35,0.0,6469.8,5.5,91.16,0.9,,3,-87.06,2,30,8,828,0.4203
8.958,12.574,0.0,97195.4,5.5,81.226,0.95,,7,94.391,2,30,13,940,0.4489
9.317,12.729,0.0,73058.7,5.5,62.231,1.0,,7,46.117,2,30,13,699,0.4564
8.049,8.887,0.0,4196.9,5.5,96.682,0.8,,1,-91.606,3,30,3,597,0.4372
7.955,9.039,0.0,4380.3,5.5,95.363,0.85,,1,-91.239,3,30,3,375,0.3973
8.009,8.969,0.0118,4225.6,5.5,94.963,0.9,,1,-91.549,3,30,4,358,0.3939
8.958,12.574,0.0,37565.2,5.5,92.723,0.95,,6,-24.87,3,30,13,940,0.4489
9.317,12.729,0.0,32192.0,5.5,79.111,1.0,,7,-35.616,3,30,13,699,0.4564
7.929,8.881,0.0,3137.8,5.5,97.977,0.8,,1,-93.724,4,30,3,517,0.4429
7.754,8.714,0.0,3158.1,5.5,97.147,0.85,,1,-93.684,4,30,3,339,0.41
8.036,8.75,0.0,3206.4,5.5,96.7,0.9,,0,-93.587,4,30,3,271,0.3985
8.083,9.273,0.0,3247.7,5.5,95.991,0.95,,0,-93.505,4,30,4,286,0.4021
9.317,12.729,0.0,8753.2,5.5,92.7,1.0,,5,-82.494,4,30,13,699,0.4564
7.913,8.526,0.0,2561.7,5.5,98.559,0.8,,0,-94.877,5,30,3,418,0.4569
7.788,8.907,0.0,2551.2,5.5,97.983,0.85,,1,-94.898,5,30,3,298,0.4128
7.786,8.778,0.0,2633.8,5.5,97.686,0.9,,0,-94.732,5,30,3,232,0.3966
8.19,9.014,0.0,2577.8,5.5,97.161,0.95,,0,-94.844,5,30,3,204,0.402
8.867,12.537,0.0,2589.0,5.5,97.281,1.0,,1,-94.822,5,30,7,366,0.4481
7.913,8.526,0.0,2383.9,5.5,98.728,0.8,,0,-95.232,6,30,3,415,0.4602
7.75,8.919,0.0,2387.4,5.5,98.18,0.85,,0,-95.225,6,30,3,287,0.4181
7.761,8.862,0.0,2359.4,5.5,98.062,0.9,,0,-95.281,6,30,3,227,0.4009
8.149,9.019,0.0,1945.0,5.5,97.952,0.95,,0,-96.11,6,30,3,188,0.4096
8.897,12.57,0.0037,2019.2,5.5,97.996,1.0,,1,-95.962,6,30,7,359,0.454
7.913,8.526,0.0,2383.9,5.5,98.728,0.8,,0,-95.232,7,30,3,415,0.4602
7.75,8.919,0.0,2387.4,5.5,98.18,0.85,,0,-95.225,7,30,3,287,0.4181
7.761,8.862,0.0,2359.4,5.5,98.062,0.9,,0,-95.281,7,30,3,227,0.4009
8.149,9.019,0.0,1945.0,5.5,97.952,0.95,,0,-96.11,7,30,3,188,0.4096
8.897,12.57,0.0037,2019.2,5.5,97.996,1.0,,1,-95.962,7,30,7,359,0.454
7.913,8.526,0.0,2383.9,5.5,98.728,0.8,,0,-95.232,8,30,3,415,0.4602
7.75,8.919,0.0,2387.4,5.5,98.18,0.85,,0,-95.225,8,30,3,287,0.4181
7.761,8.862,0.0,2359.4,5.5,98.062,0.9,,0,-95.281,8,30,3,227,0.4009
8.149,9.019,0.0,1945.0,5.5,97.952,0.95,,0,-96.11,8,30,3,188,0.4096
8.897,12.57,0.0037,2019.2,5.5,97.996,1.0,,1,-95.962,8,30,7,359,0.454
7.913,8.526,0.0,2383.9,5.5,98.728,0.8,,0,-95.232,9,30,3,415,0.4602
7.75,8.919,0.0,2387.4,5.5,98.18,0.85,,0,-95.225,9,30,3,287,0.4181
7.761,8.862,0.0,2359.4,5.5,98.062,0.9,,0,-95.281,9,30,3,227,0.4009
8.149,9.019,0.0,1945.0,5.5,97.952,0.95,,0,-96.11,9,30,3,188,0.4096
8.897,12.57,0.0037,2019.2,5.5,97.996,1.0,,1,-95.962,9,30,7,359,0.454
7.913,8.526,0.0,2383.9,5.5,98.728,0.8,,0,-95.232,10,30,3,415,0.4602
7.75,8.919,0.0,2387.4,5.5,98.18,0.85,,0,-95.225,10,30,3,287,0.4181
7.761,8.862,0.0,2359.4,5.5,98.062,0.9,,0,-95.281,10,30,3,227,0.4009
8.149,9.019,0.0,1945.0,5.5,97.952,0.95,,0,-96.11,10,30,3,188,0.4096
8.897,12.57,0.0037,2019.2,5.5,97.996,1.0,,1,-95.962,10,30,7,359,0.454
8.758,11.228,0.0,25071.6,5.5,77.595,0.8,,5,-49.857,1,35,13,2672,0.4409
8.689,11.685,0.0,29681.1,5.5,68.122,0.85,,7,-40.638,1,35,13,1752,0.4338
8.952,11.764,0.0,29909.3,5.5,66.228,0.9,,7,-40.181,1,35,13,1318,0.434
8.958,12.574,0.0,81874.5,5.5,52.783,0.95,,6,63.749,1,35,13,940,0.4489
9.317,12.729,0.0,76856.2,5.5,35.981,1.0,,7,53.712,1,35,13,699,0.4564
7.824,8.601,0.0,6560.8,5.5,93.463,0.8,,1,-86.878,2,35,5,855,0.4363
8.63,11.028,0.0,6563.6,5.5,91.569,0.85,,4,-86.873,2,35,9,1150,0.4191
8.839,11.35,0.0,6469.8,5.5,91.16,0.9,,3,-87.06,2,35,8,828,0.4203
8.958,12.574,0.0,97195.4,5.5,81.226,0.95,,7,94.391,2,35,13,940,0.4489
9.317,12.729,0.0,73058.7,5.5,62.231,1.0,,7,46.117,2,35,13,699,0.4564
8.049,8.887,0.0,4196.9,5.5,96.682,0.8,,1,-91.606,3,35,3,597,0.4372
7.955,9.039,0.0,4380.3,5.5,95.363,0.85,,1,-91.239,3,35,3,375,0.3973
8.009,8.969,0.0118,4225.6,5.5,94.963,0.9,,1,-91.549,3,35,4,358,0.3939
8.958,12.574,0.0,37565.2,5.5,92.723,0.95,,6,-24.87,3,35,13,940,0.4489
9.317,12.729,0.0,32192.0,5.5,79.111,1.0,,7,-35.616,3,35,13,699,0.4564
7.929,8.881,0.0,3137.8,5.5,97.977,0.8,,1,-93.724,4,35,3,517,0.4429
7.754,8.714,0.0,3158.1,5.5,97.147,0.85,,1,-93.684,4,35,3,339,0.41
8.036,8.75,0.0,3206.4,5.5,96.7,0.9,,0,-93.587,4,35,3,271,0.3985
8.083,9.273,0.0,3247.7,5.5,95.991,0.95,,0,-93.505,4,35,4,286,0.4021
9.317,12.729,0.0,8753.2,5.5,92.7,1.0,,5,-82.494,4,35,13,699,0.4564
7.913,8.526,0.0,2561.7,5.5,98.559,0.8,,0,-94.877,5,35,3,418,0.4569
7.788,8.907,0.0,2551.2,5.5,97.983,0.85,,1,-94.898,5,35,3,298,0.4128
7.786,8.778,0.0,2633.8,5.5,97.686,0.9,,0,-94.732,5,35,3,232,0.3966
8.19,9.014,0.0,2577.8,5.5,97.161,0.95,,0,-94.844,5,35,3,204,0.402
8.867,12.537,0.0,2589.0,5.5,97.281,1.0,,1,-94.822,5,35,7,366,0.4481
7.913,8.526,0.0,2383.9,5.5,98.728,0.8,,0,-95.232,6,35,3,415,0.4602
7.75,8.919,0.0,2387.4,5.5,98.18,0.85,,0,-95.225,6,35,3,287,0.4181
7.761,8.862,0.0,2359.4,5.5,98.062,0.9,,0,-95.281,6,35,3,227,0.4009
8.149,9.019,0.0,1945.0,5.5,97.952,0.95,,0,-96.11,6,35,3,188,0.4096
8.897,12.57,0.0037,2019.2,5.5,97.996,1.0,,1,-95.962,6,35,7,359,0.454
7.913,8.526,0.0,2383.9,5.5,98.728,0.8,,0,-95.232,7,35,3,415,0.4602
7.75,8.919,0.0,2387.4,5.5,98.18,0.85,,0,-95.225,7,35,3,287,0.4181
7.761,8.862,0.0,2359.4,5.5,98.062,0.9,,0,-95.281,7,35,3,227,0.4009
8.149,9.019,0.0,1945.0,5.5,97.952,0.95,,0,-96.11,7,35,3,188,0.4096
8.897,12.57,0.0037,2019.2,5.5,97.996,1.0,,1,-95.962,7,35,7,359,0.454
7.913,8.526,0.0,2383.9,5.5,98.728,0.8,,0,-95.232,8,35,3,415,0.4602
7.75,8.919,0.0,2387.4,5.5,98.18,0.85,,0,-95.225,8,35,3,287,0.4181
7.761,8.862,0.0,2359.4,5.5,98.062,0.9,,0,-95.281,8,35,3,227,0.4009
8.149,9.019,0.0,1945.0,5.5,97.952,0.95,,0,-96.11,8,35,3,188,0.4096
8.897,12.57,0.0037,2019.2,5.5,97.996,1.0,,1,-95.962,8,35,7,359,0.454
7.913,8.526,0.0,2383.9,5.5,98.728,0.8,,0,-95.232,9,35,3,415,0.4602
7.75,8.919,0.0,2387.4,5.5,98.18,0.85,,0,-95.225,9,35,3,287,0.4181
7.761,8.862,0.0,2359.4,5.5,98.062,0.9,,0,-95.281,9,35,3,227,0.4009
8.149,9.019,0.0,1945.0,5.5,97.952,0.95,,0,-96.11,9,35,3,188,0.4096
8.897,12.57,0.0037,2019.2,5.5,97.996,1.0,,1,-95.962,9,35,7,359,0.454
7.913,8.526,0.0,2383.9,5.5,98.728,0.8,,0,-95.232,10,35,3,415,0.4602
7.75,8.919,0.0,2387.4,5.5,98.18,0.85,,0,-95.225,10,35,3,287,0.4181
7.761,8.862,0.0,2359.4,5.5,98.062,0.9,,0,-95.281,10,35,3,227,0.4009
8.149,9.019,0.0,1945.0,5.5,97.952,0.95,,0,-96.11,10,35,3,188,0.4096
8.897,12.57,0.0037,2019.2,5.5,97.996,1.0,,1,-95.962,10,35,7,359,0.454
8.758,11.228,0.0,25071.6,5.5,77.595,0.8,,5,-49.857,1,40,13,2672,0.4409
8.689,11.685,0.0,29681.1,5.5,68.122,0.85,,7,-40.638,1,40,13,1752,0.4338
8.952,11.764,0.0,29909.3,5.5,66.228,0.9,,7,-40.181,1,40,13,1318,0.434
8.958,12.574,0.0,81874.5,5.5,52.783,0.95,,6,63.749,1,40,13,940,0.4489
9.317,12.729,0.0,76856.2,5.5,35.981,1.0,,7,53.712,1,40,13,699,0.4564
7.824,8.601,0.0,6560.8,5.5,93.463,0.8,,1,-86.878,2,40,5,855,0.4363
8.63,11.028,0.0,6563.6,5.5,91.569,0.85,,4,-86.873,2,40,9,1150,0.4191
8.839,11.35,0.0,6469.8,5.5,91.16,0.9,,3,-87.06,2,40,8,828,0.4203
8.958,12.574,0.0,97195.4,5.5,81.226,0.95,,7,94.391,2,40,13,940,0.4489
9.317,12.729,0.0,73058.7,5.5,62.231,1.0,,7,46.117,2,40,13,699,0.4564
8.049,8.887,0.0,4196.9,5.5,96.682,0.8,,1,-91.606,3,40,3,597,0.4372
7.955,9.039,0.0,4380.3,5.5,95.363,0.85,,1,-91.239,3,40,3,375,0.3973
8.009,8.969,0.0118,4225.6,5.5,94.963,0.9,,1,-91.549,3,40,4,358,0.3939
8.958,12.574,0.0,37565.2,5.5,92.723,0.95,,6,-24.87,3,40,13,940,0.4489
9.317,12.729,0.0,32192.0,5.5,79.111,1.0,,7,-35.616,3,40,13,699,0.4564
7.929,8.881,0.0,3137.8,5.5,97.977,0.8,,1,-93.724,4,40,3,517,0.4429
7.754,8.714,0.0,3158.1,5.5,97.147,0.85,,1,-93.684,4,40,3,339,0.41
8.036,8.75,0.0,3206.4,5.5,96.7,0.9,,0,-93.587,4,40,3,271,0.3985
8.083,9.273,0.0,3247.7,5.5,95.991,0.95,,0,-93.505,4,40,4,286,0.4021
9.317,12.729,0.0,8753.2,5.5,92.7,1.0,,5,-82.494,4,40,13,699,0.4564
7.913,8.526,0.0,2561.7,5.5,98.559,0.8,,0,-94.877,5,40,3,418,0.4569
7.788,8.907,0.0,2551.2,5.5,97.983,0.85,,1,-94.898,5,40,3,298,0.4128
7.786,8.778,0.0,2633.8,5.5,97.686,0.9,,0,-94.732,5,40,3,232,0.3966
8.19,9.014,0.0,2577.8,5.5,97.161,0.95,,0,-94.844,5,40,3,204,0.402
8.867,12.537,0.0,2589.0,5.5,97.281,1.0,,1,-94.822,5,40,7,366,0.4481
7.913,8.526,0.0,2383.9,5.5,98.728,0.8,,0,-95.232,6,40,3,415,0.4602
7.75,8.919,0.0,2387.4,5.5,98.18,0.85,,0,-95.225,6,40,3,287,0.4181
7.761,8.862,0.0,2359.4,5.5,98.062,0.9,,0,-95.281,6,40,3,227,0.4009
8.149,9.019,0.0,1945.0,5.5,97.952,0.95,,0,-96.11,6,40,3,188,0.4096
8.897,12.57,0.0037,2019.2,5.5,97.996,1.0,,1,-95.962,6,40,7,359,0.454
7.913,8.526,0.0,2383.9,5.5,98.728,0.8,,0,-95.232,7,40,3,415,0.4602
7.75,8.919,0.0,2387.4,5.5,98.18,0.85,,0,-95.225,7,40,3,287,0.4181
7.761,8.862,0.0,2359.4,5.5,98.062,0.9,,0,-95.281,7,40,3,227,0.4009
8.149,9.019,0.0,1945.0,5.5,97.952,0.95,,0,-96.11,7,40,3,188,0.4096
8.897,12.57,0.0037,2019.2,5.5,97.996,1.0,,1,-95.962,7,40,7,359,0.454
7.913,8.526,0.0,2383.9,5.5,98.728,0.8,,0,-95.232,8,40,3,415,0.4602
7.75,8.919,0.0,2387.4,5.5,98.18,0.85,,0,-95.225,8,40,3,287,0.4181
7.761,8.862,0.0,2359.4,5.5,98.062,0.9,,0,-95.281,8,40,3,227,0.4009
8.149,9.019,0.0,1945.0,5.5,97.952,0.95,,0,-96.11,8,40,3,188,0.4096
8.897,12.57,0.0037,2019.2,5.5,97.996,1.0,,1,-95.962,8,40,7,359,0.454
7.913,8.526,0.0,2383.9,5.5,98.728,0.8,,0,-95.232,9,40,3,415,0.4602
7.75,8.919,0.0,2387.4,5.5,98.18,0.85,,0,-95.225,9,40,3,287,0.4181
7.761,8.862,0.0,2359.4,5.5,98.062,0.9,,0,-95.281,9,40,3,227,0.4009
8.149,9.019,0.0,1945.0,5.5,97.952,0.95,,0,-96.11,9,40,3,188,0.4096
8.897,12.57,0.0037,2019.2,5.5,97.996,1.0,,1,-95.962,9,40,7,359,0.454
7.913,8.526,0.0,2383.9,5.5,98.728,0.8,,0,-95.232,10,40,3,415,0.4602
7.75,8.919,0.0,2387.4,5.5,98.18,0.85,,0,-95.225,10,40,3,287,0.4181
7.761,8.862,0.0,2359.4,5.5,98.062,0.9,,0,-95.281,10,40,3,227,0.4009
8.149,9.019,0.0,1945.0,5.5,97.952,0.95,,0,-96.11,10,40,3,188,0.4096
8.897,12.57,0.0037,2019.2,5.5,97.996,1.0,,1,-95.962,10,40,7,359,0.454
8.758,11.228,0.0,25071.6,5.5,77.595,0.8,,5,-49.857,1,45,13,2672,0.4409
8.689,11.685,0.0,29681.1,5.5,68.122,0.85,,7,-40.638,1,45,13,1752,0.4338
8.952,11.764,0.0,29909.3,5.5,66.228,0.9,,7,-40.181,1,45,13,1318,0.434
8.958,12.574,0.0,81874.5,5.5,52.783,0.95,,6,63.749,1,45,13,940,0.4489
9.317,12.729,0.0,76856.2,5.5,35.981,1.0,,7,53.712,1,45,13,699,0.4564
7.824,8.601,0.0,6560.8,5.5,93.463,0.8,,1,-86.878,2,45,5,855,0.4363
8.63,11.028,0.0,6563.6,5.5,91.569,0.85,,4,-86.873,2,45,9,1150,0.4191
8.839,11.35,0.0,6469.8,5.5,91.16,0.9,,3,-87.06,2,45,8,828,0.4203
8.958,12.574,0.0,97195.4,5.5,81.226,0.95,,7,94.391,2,45,13,940,0.4489
9.317,12.729,0.0,73058.7,5.5,62.231,1.0,,7,46.117,2,45,13,699,0.4564
8.049,8.887,0.0,4196.9,5.5,96.682,0.8,,1,-91.606,3,45,3,597,0.4372
7.955,9.039,0.0,4380.3,5.5,95.363,0.85,,1,-91.239,3,45,3,375,0.3973
8.009,8.969,0.0118,4225.6,5.5,94.963,0.9,,1,-91.549,3,45,4,358,0.3939
8.958,12.574,0.0,37565.2,5.5,92.723,0.95,,6,-24.87,3,45,13,940,0.4489
9.317,12.729,0.0,32192.0,5.5,79.111,1.0,,7,-35.616,3,45,13,699,0.4564
7.929,8.881,0.0,3137.8,5.5,97.977,0.8,,1,-93.724,4,45,3,517,0.4429
7.754,8.714,0.0,3158.1,5.5,97.147,0.85,,1,-93.684,4,45,3,339,0.41
8.036,8.75,0.0,3206.4,5.5,96.7,0.9,,0,-93.587,4,45,3,271,0.3985
8.083,9.273,0.0,3247.7,5.5,95.991,0.95,,0,-93.505,4,45,4,286,0.4021
9.317,12.729,0.0,8753.2,5.5,92.7,1.0,,5,-82.494,4,45,13,699,0.4564
7.913,8.526,0.0,2561.7,5.5,98.559,0.8,,0,-94.877,5,45,3,418,0.4569
7.788,8.907,0.0,2551.2,5.5,97.983,0.85,,1,-94.898,5,45,3,298,0.4128
7.786,8.778,0.0,2633.8,5.5,97.686,0.9,,0,-94.732,5,45,3,232,0.3966
8.19,9.014,0.0,2577.8,5.5,97.161,0.95,,0,-94.844,5,45,3,204,0.402
8.867,12.537,0.0,2589.0,5.5,97.281,1.0,,1,-94.822,5,45,7,366,0.4481
7.913,8.526,0.0,2383.9,5.5,98.728,0.8,,0,-95.232,6,45,3,415,0.4602
7.75,8.919,0.0,2387.4,5.5,98.18,0.85,,0,-95.225,6,45,3,287,0.4181
7.761,8.862,0.0,2359.4,5.5,98.062,0.9,,0,-95.281,6,45,3,227,0.4009
8.149,9.019,0.0,1945.0,5.5,97.952,0.95,,0,-96.11,6,45,3,188,0.4096
8.897,12.57,0.0037,2019.2,5.5,97.996,1.0,,1,-95.962,6,45,7,359,0.454
7.913,8.526,0.0,2383.9,5.5,98.728,0.8,,0,-95.232,7,45,3,415,0.4602
7.75,8.919,0.0,2387.4,5.5,98.18,0.85,,0,-95.225,7,45,3,287,0.4181
7.761,8.862,0.0,2359.4,5.5,98.062,0.9,,0,-95.281,7,45,3,227,0.4009
8.149,9.019,0.0,1945.0,5.5,97.952,0.95,,0,-96.11,7,45,3,188,0.4096
8.897,12.57,0.0037,2019.2,5.5,97.996,1.0,,1,-95.962,7,45,7,359,0.454
7.913,8.526,0.0,2383.9,5.5,98.728,0.8,,0,-95.232,8,45,3,415,0.4602
7.75,8.919,0.0,2387.4,5.5,98.18,0.85,,0,-95.225,8,45,3,287,0.4181
7.761,8.862,0.0,2359.4,5.5,98.062,0.9,,0,-95.281,8,45,3,227,0.4009
8.149,9.019,0.0,1945.0,5.5,97.952,0.95,,0,-96.11,8,45,3,188,0.4096
8.897,12.57,0.0037,2019.2,5.5,97.996,1.0,,1,-95.962,8,45,7,359,0.454
7.913,8.526,0.0,2383.9,5.5,98.728,0.8,,0,-95.232,9,45,3,415,0.4602
7.75,8.919,0.0,2387.4,5.5,98.18,0.85,,0,-95.225,9,45,3,287,0.4181
7.761,8.862,0.0,2359.4,5.5,98.062,0.9,,0,-95.281,9,45,3,227,0.4009
8.149,9.019,0.0,1945.0,5.5,97.952,0.95,,0,-96.11,9,45,3,188,0.4096
8.897,12.57,0.0037,2019.2,5.5,97.996,1.0,,1,-95.962,9,45,7,359,0.454
7.913,8.526,0.0,2383.9,5.5,98.728,0.8,,0,-95.232,10,45,3,415,0.4602
7.75,8.919,0.0,2387.4,5.5,98.18,0.85,,0,-95.225,10,45,3,287,0.4181
7.761,8.862,0.0,2359.4,5.5,98.062,0.9,,0,-95.281,10,45,3,227,0.4009
8.149,9.019,0.0,1945.0,5.5,97.952,0.95,,0,-96.11,10,45,3,188,0.4096
8.897,12.57,0.0037,2019.2,5.5,97.996,1.0,,1,-95.962,10,45,7,359,0.454
8.758,11.228,0.0,25071.6,5.5,77.595,0.8,,5,-49.857,1,50,13,2672,0.4409
8.689,11.685,0.0,29681.1,5.5,68.122,0.85,,7,-40.638,1,50,13,1752,0.4338
8.952,11.764,0.0,29909.3,5.5,66.228,0.9,,7,-40.181,1,50,13,1318,0.434
8.958,12.574,0.0,81874.5,5.5,52.783,0.95,,6,63.749,1,50,13,940,0.4489
9.317,12.729,0.0,76856.2,5.5,35.981,1.0,,7,53.712,1,50,13,699,0.4564
7.824,8.601,0.0,6560.8,5.5,93.463,0.8,,1,-86.878,2,50,5,855,0.4363
8.63,11.028,0.0,6563.6,5.5,91.569,0.85,,4,-86.873,2,50,9,1150,0.4191
8.839,11.35,0.0,6469.8,5.5,91.16,0.9,,3,-87.06,2,50,8,828,0.4203
8.958,12.574,0.0,97195.4,5.5,81.226,0.95,,7,94.391,2,50,13,940,0.4489
9.317,12.729,0.0,73058.7,5.5,62.231,1.0,,7,46.117,2,50,13,699,0.4564
8.049,8.887,0.0,4196.9,5.5,96.682,0.8,,1,-91.606,3,50,3,597,0.4372
7.955,9.039,0.0,4380.3,5.5,95.363,0.85,,1,-91.239,3,50,3,375,0.3973
8.009,8.969,0.0118,4225.6,5.5,94.963,0.9,,1,-91.549,3,50,4,358,0.3939
8.958,12.574,0.0,37565.2,5.5,92.723,0.95,,6,-24.87,3,50,13,940,0.4489
9.317,12.729,0.0,32192.0,5.5,79.111,1.0,,7,-35.616,3,50,13,699,0.4564
7.929,8.881,0.0,3137.8,5.5,97.977,0.8,,1,-93.724,4,50,3,517,0.4429
7.754,8.714,0.0,3158.1,5.5,97.147,0.85,,1,-93.684,4,50,3,339,0.41
8.036,8.75,0.0,3206.4,5.5,96.7,0.9,,0,-93.587,4,50,3,271,0.3985
8.083,9.273,0.0,3247.7,5.5,95.991,0.95,,0,-93.505,4,50,4,286,0.4021
9.317,12.729,0.0,8753.2,5.5,92.7,1.0,,5,-82.494,4,50,13,699,0.4564
7.913,8.526,0.0,2561.7,5.5,98.559,0.8,,0,-94.877,5,50,3,418,0.4569
7.788,8.907,0.0,2551.2,5.5,97.983,0.85,,1,-94.898,5,50,3,298,0.4128
7.786,8.778,0.0,2633.8,5.5,97.686,0.9,,0,-94.732,5,50,3,232,0.3966
8.19,9.014,0.0,2577.8,5.5,97.161,0.95,,0,-94.844,5,50,3,204,0.402
8.867,12.537,0.0,2589.0,5.5,97.281,1.0,,1,-94.822,5,50,7,366,0.4481
7.913,8.526,0.0,2383.9,5.5,98.728,0.8,,0,-95.232,6,50,3,415,0.4602
7.75,8.919,0.0,2387.4,5.5,98.18,0.85,,0,-95.225,6,50,3,287,0.4181
7.761,8.862,0.0,2359.4,5.5,98.062,0.9,,0,-95.281,6,50,3,227,0.4009
8.149,9.019,0.0,1945.0,5.5,97.952,0.95,,0,-96.11,6,50,3,188,0.4096
8.897,12.57,0.0037,2019.2,5.5,97.996,1.0,,1,-95.962,6,50,7,359,0.454
7.913,8.526,0.0,2383.9,5.5,98.728,0.8,,0,-95.232,7,50,3,415,0.4602
7.75,8.919,0.0,2387.4,5.5,98.18,0.85,,0,-95.225,7,50,3,287,0.4181
7.761,8.862,0.0,2359.4,5.5,98.062,0.9,,0,-95.281,7,50,3,227,0.4009
8.149,9.019,0.0,1945.0,5.5,97.952,0.95,,0,-96.11,7,50,3,188,0.4096
8.897,12.57,0.0037,2019.2,5.5,97.996,1.0,,1,-95.962,7,50,7,359,0.454
7.913,8.526,0.0,2383.9,5.5,98.728,0.8,,0,-95.232,8,50,3,415,0.4602
7.75,8.919,0.0,2387.4,5.5,98.18,0.85,,0,-95.225,8,50,3,287,0.4181
7.761,8.862,0.0,2359.4,5.5,98.062,0.9,,0,-95.281,8,50,3,227,0.4009
8.149,9.019,0.0,1945.0,5.5,97.952,0.95,,0,-96.11,8,50,3,188,0.4096
8.897,12.57,0.0037,2019.2,5.5,97.996,1.0,,1,-95.962,8,50,7,359,0.454
7.913,8.526,0.0,2383.9,5.5,98.728,0.8,,0,-95.232,9,50,3,415,0.4602
7.75,8.919,0.0,2387.4,5.5,98.18,0.85,,0,-95.225,9,50,3,287,0.4181
7.761,8.862,0.0,2359.4,5.5,98.062,0.9,,0,-95.281,9,50,3,227,0.4009
8.149,9.019,0.0,1945.0,5.5,97.952,0.95,,0,-96.11,9,50,3,188,0.4096
8.897,12.57,0.0037,2019.2,5.5,97.996,1.0,,1,-95.962,9,50,7,359,0.454
7.913,8.526,0.0,2383.9,5.5,98.728,0.8,,0,-95.232,10,50,3,415,0.4602
7.75,8.919,0.0,2387.4,5.5,98.18,0.85,,0,-95.225,10,50,3,287,0.4181
7.761,8.862,0.0,2359.4,5.5,98.062,0.9,,0,-95.281,10,50,3,227,0.4009
8.149,9.019,0.0,1945.0,5.5,97.952,0.95,,0,-96.11,10,50,3,188,0.4096
8.897,12.57,0.0037,2019.2,5.5,97.996,1.0,,1,-95.962,10,50,7,359,0.454
8.758,11.228,0.0,25071.6,5.5,77.595,0.8,,5,-49.857,1,55,13,2672,0.4409
8.689,11.685,0.0,29681.1,5.5,68.122,0.85,,7,-40.638,1,55,13,1752,0.4338
8.952,11.764,0.0,29909.3,5.5,66.228,0.9,,7,-40.181,1,55,13,1318,0.434
8.958,12.574,0.0,81874.5,5.5,52.783,0.95,,6,63.749,1,55,13,940,0.4489
9.317,12.729,0.0,76856.2,5.5,35.981,1.0,,7,53.712,1,55,13,699,0.4564
7.824,8.601,0.0,6560.8,5.5,93.463,0.8,,1,-86.878,2,55,5,855,0.4363
8.63,11.028,0.0,6563.6,5.5,91.569,0.85,,4,-86.873,2,55,9,1150,0.4191
8.839,11.35,0.0,6469.8,5.5,91.16,0.9,,3,-87.06,2,55,8,828,0.4203
8.958,12.574,0.0,97195.4,5.5,81.226,0.95,,7,94.391,2,55,13,940,0.4489
9.317,12.729,0.0,73058.7,5.5,62.231,1.0,,7,46.117,2,55,13,699,0.4564
8.049,8.887,0.0,4196.9,5.5,96.682,0.8,,1,-91.606,3,55,3,597,0.4372
7.955,9.039,0.0,4380.3,5.5,95.363,0.85,,1,-91.239,3,55,3,375,0.3973
8.009,8.969,0.0118,4225.6,5.5,94.963,0.9,,1,-91.549,3,55,4,358,0.3939
8.958,12.574,0.0,37565.2,5.5,92.723,0.95,,6,-24.87,3,55,13,940,0.4489
9.317,12.729,0.0,32192.0,5.5,79.111,1.0,,7,-35.616,3,55,13,699,0.4564
7.929,8.881,0.0,3137.8,5.5,97.977,0.8,,1,-93.724,4,55,3,517,0.4429
7.754,8.714,0.0,3158.1,5.5,97.147,0.85,,1,-93.684,4,55,3,339,0.41
8.036,8.75,0.0,3206.4,5.5,96.7,0.9,,0,-93.587,4,55,3,271,0.3985
8.083,9.273,0.0,3247.7,5.5,95.991,0.95,,0,-93.505,4,55,4,286,0.4021
9.317,12.729,0.0,8753.2,5.5,92.7,1.0,,5,-82.494,4,55,13,699,0.4564
7.913,8.526,0.0,2561.7,5.5,98.559,0.8,,0,-94.877,5,55,3,418,0.4569
7.788,8.907,0.0,2551.2,5.5,97.983,0.85,,1,-94.898,5,55,3,298,0.4128
7.786,8.778,0.0,2633.8,5.5,97.686,0.9,,0,-94.732,5,55,3,232,0.3966
8.19,9.014,0.0,2577.8,5.5,97.161,0.95,,0,-94.844,5,55,3,204,0.402
8.867,12.537,0.0,2589.0,5.5,97.281,1.0,,1,-94.822,5,55,7,366,0.4481
7.913,8.526,0.0,2383.9,5.5,98.728,0.8,,0,-95.232,6,55,3,415,0.4602
7.75,8.919,0.0,2387.4,5.5,98.18,0.85,,0,-95.225,6,55,3,287,0.4181
7.761,8.862,0.0,2359.4,5.5,98.062,0.9,,0,-95.281,6,55,3,227,0.4009
8.149,9.019,0.0,1945.0,5.5,97.952,0.95,,0,-96.11,6,55,3,188,0.4096
8.897,12.57,0.0037,2019.2,5.5,97.996,1.0,,1,-95.962,6,55,7,359,0.454
7.913,8.526,0.0,2383.9,5.5,98.728,0.8,,0,-95.232,7,55,3,415,0.4602
7.75,8.919,0.0,2387.4,5.5,98.18,0.85,,0,-95.225,7,55,3,287,0.4181
7.761,8.862,0.0,2359.4,5.5,98.062,0.9,,0,-95.281,7,55,3,227,0.4009
8.149,9.019,0.0,1945.0,5.5,97.952,0.95,,0,-96.11,7,55,3,188,0.4096
8.897,12.57,0.0037,2019.2,5.5,97.996,1.0,,1,-95.962,7,55,7,359,0.454
7.913,8.526,0.0,2383.9,5.5,98.728,0.8,,0,-95.232,8,55,3,415,0.4602
7.75,8.919,0.0,2387.4,5.5,98.18,0.85,,0,-95.225,8,55,3,287,0.4181
7.761,8.862,0.0,2359.4,5.5,98.062,0.9,,0,-95.281,8,55,3,227,0.4009
8.149,9.019,0.0,1945.0,5.5,97.952,0.95,,0,-96.11,8,55,3,188,0.4096
8.897,12.57,0.0037,2019.2,5.5,97.996,1.0,,1,-95.962,8,55,7,359,0.454
7.913,8.526,0.0,2383.9,5.5,98.728,0.8,,0,-95.232,9,55,3,415,0.4602
7.75,8.919,0.0,2387.4,5.5,98.18,0.85,,0,-95.225,9,55,3,287,0.4181
7.761,8.862,0.0,2359.4,5.5,98.062,0.9,,0,-95.281,9,55,3,227,0.4009
8.149,9.019,0.0,1945.0,5.5,97.952,0.95,,0,-96.11,9,55,3,188,0.4096
8.897,12.57,0.0037,2019.2,5.5,97.996,1.0,,1,-95.962,9,55,7,359,0.454
7.913,8.526,0.0,2383.9,5.5,98.728,0.8,,0,-95.232,10,55,3,415,0.4602
7.75,8.919,0.0,2387.4,5.5,98.18,0.85,,0,-95.225,10,55,3,287,0.4181
7.761,8.862,0.0,2359.4,5.5,98.062,0.9,,0,-95.281,10,55,3,227,0.4009
8.149,9.019,0.0,1945.0,5.5,97.952,0.95,,0,-96.11,10,55,3,188,0.4096
8.897,12.57,0.0037,2019.2,5.5,97.996,1.0,,1,-95.962,10,55,7,359,0.454
8.758,11.228,0.0,25071.6,5.5,77.595,0.8,,5,-49.857,1,60,13,2672,0.4409
8.689,11.685,0.0,29681.1,5.5,68.122,0.85,,7,-40.638,1,60,13,1752,0.4338
8.952,11.764,0.0,29909.3,5.5,66.228,0.9,,7,-40.181,1,60,13,1318,0.434
8.958,12.574,0.0,81874.5,5.5,52.783,0.95,,6,63.749,1,60,13,940,0.4489
9.317,12.729,0.0,76856.2,5.5,35.981,1.0,,7,53.712,1,60,13,699,0.4564
7.824,8.601,0.0,6560.8,5.5,93.463,0.8,,1,-86.878,2,60,5,855,0.4363
8.63,11.028,0.0,6563.6,5.5,91.569,0.85,,4,-86.873,2,60,9,1150,0.4191
8.839,11.35,0.0,6469.8,5.5,91.16,0.9,,3,-87.06,2,60,8,828,0.4203
8.958,12.574,0.0,97195.4,5.5,81.226,0.95,,7,94.391,2,60,13,940,0.4489
9.317,12.729,0.0,73058.7,5.5,62.231,1.0,,7,46.117,2,60,13,699,0.4564
8.049,8.887,0.0,4196.9,5.5,96.682,0.8,,1,-91.606,3,60,3,597,0.4372
7.955,9.039,0.0,4380.3,5.5,95.363,0.85,,1,-91.239,3,60,3,375,0.3973
8.009,8.969,0.0118,4225.6,5.5,94.963,0.9,,1,-91.549,3,60,4,358,0.3939
8.958,12.574,0.0,37565.2,5.5,92.723,0.95,,6,-24.87,3,60,13,940,0.4489
9.317,12.729,0.0,32192.0,5.5,79.111,1.0,,7,-35.616,3,60,13,699,0.4564
7.929,8.881,0.0,3137.8,5.5,97.977,0.8,,1,-93.724,4,60,3,517,0.4429
7.754,8.714,0.0,3158.1,5.5,97.147,0.85,,1,-93.684,4,60,3,339,0.41
8.036,8.75,0.0,3206.4,5.5,96.7,0.9,,0,-93.587,4,60,3,271,0.3985
8.083,9.273,0.0,3247.7,5.5,95.991,0.95,,0,-93.505,4,60,4,286,0.4021
9.317,12.729,0.0,8753.2,5.5,92.7,1.0,,5,-82.494,4,60,13,699,0.4564
7.913,8.526,0.0,2561.7,5.5,98.559,0.8,,0,-94.877,5,60,3,418,0.4569
7.788,8.907,0.0,2551.2,5.5,97.983,0.85,,1,-94.898,5,60,3,298,0.4128
7.786,8.778,0.0,2633.8,5.5,97.686,0.9,,0,-94.732,5,60,3,232,0.3966
8.19,9.014,0.0,2577.8,5.5,97.161,0.95,,0,-94.844,5,60,3,204,0.402
8.867,12.537,0.0,2589.0,5.5,97.281,1.0,,1,-94.822,5,60,7,366,0.4481
7.913,8.526,0.0,2383.9,5.5,98.728,0.8,,0,-95.232,6,60,3,415,0.4602
7.75,8.919,0.0,2387.4,5.5,98.18,0.85,,0,-95.225,6,60,3,287,0.4181
7.761,8.862,0.0,2359.4,5.5,98.062,0.9,,0,-95.281,6,60,3,227,0.4009
8.149,9.019,0.0,1945.0,5.5,97.952,0.95,,0,-96.11,6,60,3,188,0.4096
8.897,12.57,0.0037,2019.2,5.5,97.996,1.0,,1,-95.962,6,60,7,359,0.454
7.913,8.526,0.0,2383.9,5.5,98.728,0.8,,0,-95.232,7,60,3,415,0.4602
7.75,8.919,0.0,2387.4,5.5,98.18,0.85,,0,-95.225,7,60,3,287,0.4181
7.761,8.862,0.0,2359.4,5.5,98.062,0.9,,0,-95.281,7,60,3,227,0.4009
8.149,9.019,0.0,1945.0,5.5,97.952,0.95,,0,-96.11,7,60,3,188,0.4096
8.897,12.57,0.0037,2019.2,5.5,97.996,1.0,,1,-95.962,7,60,7,359,0.454
7.913,8.526,0.0,2383.9,5.5,98.728,0.8,,0,-95.232,8,60,3,415,0.4602
7.75,8.919,0.0,2387.4,5.5,98.18,0.85,,0,-95.225,8,60,3,287,0.4181
7.761,8.862,0.0,2359.4,5.5,98.062,0.9,,0,-95.281,8,60,3,227,0.4009
8.149,9.019,0.0,1945.0,5.5,97.952,0.95,,0,-96.11,8,60,3,188,0.4096
8.897,12.57,0.0037,2019.2,5.5,97.996,1.0,,1,-95.962,8,60,7,359,0.454
7.913,8.526,0.0,2383.9,5.5,98.728,0.8,,0,-95.232,9,60,3,415,0.4602
7.75,8.919,0.0,2387.4,5.5,98.18,0.85,,0,-95.225,9,60,3,287,0.4181
7.761,8.862,0.0,2359.4,5.5,98.062,0.9,,0,-95.281,9,60,3,227,0.4009
8.149,9.019,0.0,1945.0,5.5,97.952,0.95,,0,-96.11,9,60,3,188,0.4096
8.897,12.57,0.0037,2019.2,5.5,97.996,1.0,,1,-95.962,9,60,7,359,0.454
7.913,8.526,0.0,2383.9,5.5,98.728,0.8,,0,-95.232,10,60,3,415,0.4602
7.75,8.919,0.0,2387.4,5.5,98.18,0.85,,0,-95.225,10,60,3,287,0.4181
7.761,8.862,0.0,2359.4,5.5,98.062,0.9,,0,-95.281,10,60,3,227,0.4009
8.149,9.019,0.0,1945.0,5.5,97.952,0.95,,0,-96.11,10,60,3,188,0.4096
8.897,12.57,0.0037,2019.2,5.5,97.996,1.0,,1,-95.962,10,60,7,359,0.454
8.865,10.472,0.0,14266.4,6.0,79.313,0.8,,3,-71.467,1,5,8,1691,0.4347
8.621,11.33,0.0,38860.9,6.0,71.448,0.85,,7,-22.278,1,5,13,1745,0.4355
8.817,11.296,0.0,33678.8,6.0,64.595,0.9,,8,-32.642,1,5,13,1313,0.4387
8.773,11.973,0.0,81097.5,6.0,50.023,0.95,,7,62.195,1,5,13,937,0.4525
9.1,12.074,0.0,79318.8,6.0,32.687,1.0,,7,58.638,1,5,13,696,0.4612
7.999,8.747,0.0,7115.2,6.0,92.808,0.8,,1,-85.77,2,5,4,776,0.433
7.835,8.834,0.0,7167.0,6.0,91.075,0.85,,1,-85.666,2,5,4,547,0.3985
8.766,11.114,0.0,7066.2,6.0,90.483,0.9,,3,-85.868,2,5,8,809,0.424
8.773,11.973,0.0,61242.7,6.0,79.421,0.95,,6,22.485,2,5,13,937,0.4525
9.1,12.074,0.0,76387.9,6.0,61.797,1.0,,7,52.776,2,5,13,696,0.4612
8.0,8.831,0.0,4792.6,6.0,96.358,0.8,,1,-90.415,3,5,3,603,0.4378
7.832,8.924,0.0,4720.5,6.0,95.139,0.85,,1,-90.559,3,5,3,381,0.3911
8.19,8.952,0.0,4792.6,6.0,94.845,0.9,,1,-90.415,3,5,4,370,0.4
8.773,11.973,0.0,44757.0,6.0,91.295,0.95,,7,-10.486,3,5,13,937,0.4525
9.1,12.074,0.0,47279.8,6.0,79.451,1.0,,7,-5.44,3,5,13,696,0.4612
8.029,8.923,0.0,3538.9,6.0,97.912,0.8,,1,-92.922,4,5,3,540,0.4444
7.824,8.881,0.0,3332.4,6.0,97.001,0.85,,1,-93.335,4,5,3,356,0.4045
7.942,8.816,0.0,3503.9,6.0,96.782,0.9,,1,-92.992,4,5,3,290,0.3931
8.295,9.248,0.0499,3595.6,6.0,95.816,0.95,,1,-92.809,4,5,4,289,0.4048
9.1,12.074,0.0,10829.4,6.0,93.435,1.0,,5,-78.341,4,5,13,696,0.4612
7.911,8.828,0.0,2776.6,6.0,98.656,0.8,,1,-94.447,5,5,3,492,0.4472
7.654,8.923,0.0,2714.3,6.0,97.962,0.85,,1,-94.571,5,5,3,302,0.404
7.928,8.754,0.0,2825.6,6.0,97.879,0.9,,1,-94.349,5,5,3,270,0.4037
8.527,9.419,0.041,2500.8,6.0,97.438,0.95,,1,-94.998,5,5,4,252,0.4127
9.141,12.508,0.0,2833.3,6.0,96.854,1.0,,3,-94.333,5,5,7,361,0.4543
7.808,8.534,0.0,2245.3,6.0,99.06,0.8,,1,-95.509,6,5,3,416,0.4567
7.632,8.936,0.0,2319.5,6.0,98.465,0.85,,1,-95.361,6,5,3,286,0.4161
7.723,8.782,0.0,2323.0,6.0,98.527,0.9,,1,-95.354,6,5,3,232,0.4009
8.174,9.028,0.0,2338.4,6.0,97.89,0.95,,0,-95.323,6,5,3,203,0.4089
9.176,12.508,0.0,1677.6,6.0,98.335,1.0,,2,-96.645,6,5,7,357,0.4594
7.808,8.534,0.0,2245.3,6.0,99.06,0.8,,1,-95.509,7,5,3,416,0.4567
7.632,8.936,0.0,2319.5,6.0,98.465,0.85,,1,-95.361,7,5,3,286,0.4161
7.723,8.782,0.0,2323.0,6.0,98.527,0.9,,1,-95.354,7,5,3,232,0.4009
8.174,9.028,0.0,2338.4,6.0,97.89,0.95,,0,-95.323,7,5,3,203,0.4089
9.176,12.508,0.0,1677.6,6.0,98.335,1.0,,2,-96.645,7,5,7,357,0.4594
7.808,8.534,0.0,2245.3,6.0,99.06,0.8,,1,-95.509,8,5,3,416,0.4567
7.632,8.936,0.0,2319.5,6.0,98.465,0.85,,1,-95.361,8,5,3,286,0.4161
7.723,8.782,0.0,2323.0,6.0,98.527,0.9,,1,-95.354,8,5,3,232,0.4009
8.174,9.028,0.0,2338.4,6.0,97.89,0.95,,0,-95.323,8,5,3,203,0.4089
9.176,12.508,0.0,1677.6,6.0,98.335,1.0,,2,-96.645,8,5,7,357,0.4594
7.808,8.534,0.0,2245.3,6.0,99.06,0.8,,1,-95.509,9,5,3,416,0.4567
7.632,8.936,0.0,2319.5,6.0,98.465,0.85,,1,-95.361,9,5,3,286,0.4161
7.723,8.782,0.0,2323.0,6.0,98.527,0.9,,1,-95.354,9,5,3,232,0.4009
8.174,9.028,0.0,2338.4,6.0,97.89,0.95,,0,-95.323,9,5,3,203,0.4089
9.176,12.508,0.0,1677.6,6.0,98.335,1.0,,2,-96.645,9,5,7,357,0.4594
7.808,8.534,0.0,2245.3,6.0,99.06,0.8,,1,-95.509,10,5,3,416,0.4567
7.632,8.936,0.0,2319.5,6.0,98.465,0.85,,1,-95.361,10,5,3,286,0.4161
7.723,8.782,0.0,2323.0,6.0,98.527,0.9,,1,-95.354,10,5,3,232,0.4009
8.174,9.028,0.0,2338.4,6.0,97.89,0.95,,0,-95.323,10,5,3,203,0.4089
9.176,12.508,0.0,1677.6,6.0,98.335,1.0,,2,-96.645,10,5,7,357,0.4594
8.99,11.021,0.0,36051.1,6.0,79.967,0.8,,5,-27.898,1,10,13,2656,0.4541
8.991,11.347,0.0,38703.4,6.0,71.477,0.85,,7,-22.593,1,10,13,1741,0.4457
9.222,11.337,0.0,28154.4,6.0,70.316,0.9,,6,-43.691,1,10,13,1312,0.4489
9.132,11.957,0.0,80388.4,6.0,51.928,0.95,,7,60.777,1,10,13,937,0.461
9.393,11.964,0.0,70431.6,6.0,35.308,1.0,,7,40.863,1,10,13,696,0.4684
8.344,8.777,0.0,7185.2,6.0,93.67,0.8,,1,-85.63,2,10,4,825,0.4473
8.319,8.834,0.0,7141.8,6.0,92.198,0.85,,1,-85.716,2,10,5,557,0.4183
8.431,8.623,0.0,7085.1,6.0,92.023,0.9,,1,-85.83,2,10,5,434,0.4124
9.132,11.957,0.0,67674.3,6.0,81.959,0.95,,7,35.349,2,10,13,937,0.461
9.393,11.964,0.0,61323.9,6.0,67.965,1.0,,7,22.648,2,10,13,696,0.4684
8.409,8.982,0.0,4745.7,6.0,96.953,0.8,,1,-90.509,3,10,4,742,0.4515
8.279,9.25,0.0,4709.3,6.0,96.029,0.85,,1,-90.581,3,10,3,371,0.4097
8.635,9.065,0.0,4782.8,6.0,95.88,0.9,,1,-90.434,3,10,4,373,0.4129
9.132,11.957,0.0,47291.7,6.0,92.746,0.95,,7,-5.417,3,10,13,937,0.461
9.393,11.964,0.0,32216.5,6.0,82.79,1.0,,7,-35.567,3,10,13,696,0.4684
8.368,9.066,0.0,3470.3,6.0,98.346,0.8,,1,-93.059,4,10,3,578,0.4516
8.248,9.155,0.0,3587.2,6.0,97.611,0.85,,1,-92.826,4,10,3,359,0.415
8.41,9.151,0.0,3504.6,6.0,97.628,0.9,,1,-92.991,4,10,3,281,0.4128
8.814,9.199,0.0452,3489.9,6.0,95.939,0.95,,1,-93.02,4,10,4,265,0.4189
9.393,11.964,0.0,10043.3,6.0,92.912,1.0,,5,-79.913,4,10,13,696,0.4684
8.268,9.01,0.0,2774.5,6.0,98.955,0.8,,1,-94.451,5,10,3,491,0.4582
8.077,8.947,0.0,2859.9,6.0,98.436,0.85,,1,-94.28,5,10,3,334,0.4251
8.401,9.083,0.0,2863.4,6.0,98.44,0.9,,1,-94.273,5,10,3,268,0.4179
8.924,9.261,0.0418,2197.7,6.0,97.748,0.95,,1,-95.605,5,10,4,252,0.4246
9.564,12.327,0.0,2809.5,6.0,96.881,1.0,,3,-94.381,5,10,7,361,0.4654
8.136,8.684,0.0,2290.1,6.0,99.304,0.8,,1,-95.42,6,10,3,418,0.4665
8.059,9.165,0.0,2275.4,6.0,98.942,0.85,,1,-95.449,6,10,3,296,0.4257
8.09,8.888,0.0,2371.3,6.0,98.976,0.9,,1,-95.257,6,10,3,252,0.4206
8.523,8.919,0.0,2177.4,6.0,98.035,0.95,,0,-95.645,6,10,3,187,0.4278
9.608,12.327,0.0,1721.7,6.0,98.291,1.0,,3,-96.557,6,10,7,357,0.4706
8.136,8.684,0.0,2290.1,6.0,99.304,0.8,,1,-95.42,7,10,3,418,0.4665
8.059,9.165,0.0,2275.4,6.0,98.942,0.85,,1,-95.449,7,10,3,296,0.4257
8.09,8.888,0.0,2371.3,6.0,98.976,0.9,,1,-95.257,7,10,3,252,0.4206
8.523,8.919,0.0,2177.4,6.0,98.035,0.95,,0,-95.645,7,10,3,187,0.4278
9.608,12.327,0.0,1721.7,6.0,98.291,1.0,,3,-96.557,7,10,7,357,0.4706
8.136,8.684,0.0,2290.1,6.0,99.304,0.8,,1,-95.42,8,10,3,418,0.4665
8.059,9.165,0.0,2275.4,6.0,98.942,0.85,,1,-95.449,8,10,3,296,0.4257
8.09,8.888,0.0,2371.3,6.0,98.976,0.9,,1,-95.257,8,10,3,252,0.4206
8.523,8.919,0.0,2177.4,6.0,98.035,0.95,,0,-95.645,8,10,3,187,0.4278
9.608,12.327,0.0,1721.7,6.0,98.291,1.0,,3,-96.557,8,10,7,357,0.4706
8.136,8.684,0.0,2290.1,6.0,99.304,0.8,,1,-95.42,9,10,3,418,0.4665
8.059,9.165,0.0,2275.4,6.0,98.942,0.85,,1,-95.449,9,10,3,296,0.4257
8.09,8.888,0.0,2371.3,6.0,98.976,0.9,,1,-95.257,9,10,3,252,0.4206
8.523,8.919,0.0,2177.4,6.0,98.035,0.95,,0,-95.645,9,10,3,187,0.4278
9.608,12.327,0.0,1721.7,6.0,98.291,1.0,,3,-96.557,9,10,7,357,0.4706
8.136,8.684,0.0,2290.1,6.0,99.304,0.8,,1,-95.42,10,10,3,418,0.4665
8.059,9.165,0.0,2275.4,6.0,98.942,0.85,,1,-95.449,10,10,3,296,0.4257
8.09,8.888,0.0,2371.3,6.0,98.976,0.9,,1,-95.257,10,10,3,252,0.4206
8.523,8.919,0.0,2177.4,6.0,98.035,0.95,,0,-95.645,10,10,3,187,0.4278
9.608,12.327,0.0,1721.7,6.0,98.291,1.0,,3,-96.557,10,10,7,357,0.4706
9.21,11.153,0.0,28381.9,6.0,79.707,0.8,,4,-43.236,1,15,13,2653,0.455
9.179,11.563,0.0,32880.1,6.0,71.17,0.85,,7,-34.24,1,15,13,1740,0.4471
9.467,11.633,0.0,32189.2,6.0,70.316,0.9,,6,-35.622,1,15,13,1311,0.45
9.484,12.359,0.0,82871.3,6.0,51.928,0.95,,7,65.743,1,15,13,936,0.4626
9.923,12.497,0.0,69992.7,6.0,35.308,1.0,,7,39.985,1,15,13,695,0.4705
8.329,8.751,0.0,7196.4,6.0,93.66,0.8,,1,-85.607,2,15,4,841,0.4483
8.329,8.815,0.0,7164.9,6.0,92.173,0.85,,1,-85.67,2,15,5,558,0.4194
8.431,8.623,0.0,7085.1,6.0,92.023,0.9,,1,-85.83,2,15,5,434,0.4124
9.484,12.359,0.0,65472.8,6.0,81.959,0.95,,7,30.946,2,15,13,936,0.4626
9.923,12.497,0.0,59584.4,6.0,67.965,1.0,,7,19.169,2,15,13,695,0.4705
8.409,8.982,0.0,4745.7,6.0,96.953,0.8,,1,-90.509,3,15,4,742,0.4515
8.279,9.25,0.0,4709.3,6.0,96.029,0.85,,1,-90.581,3,15,3,371,0.4097
8.635,9.065,0.0,4782.8,6.0,95.88,0.9,,1,-90.434,3,15,4,373,0.4129
9.484,12.359,0.0,43436.8,6.0,92.746,0.95,,7,-13.126,3,15,13,936,0.4626
9.923,12.497,0.0,25602.2,6.0,82.79,1.0,,7,-48.796,3,15,13,695,0.4705
8.368,9.066,0.0,3470.3,6.0,98.346,0.8,,1,-93.059,4,15,3,578,0.4516
8.248,9.155,0.0,3587.2,6.0,97.611,0.85,,1,-92.826,4,15,3,359,0.415
8.41,9.151,0.0,3504.6,6.0,97.628,0.9,,1,-92.991,4,15,3,281,0.4128
8.814,9.199,0.0452,3489.9,6.0,95.939,0.95,,1,-93.02,4,15,4,265,0.4189
9.923,12.497,0.0,8088.2,6.0,92.977,1.0,,5,-83.824,4,15,13,695,0.4705
8.268,9.01,0.0,2774.5,6.0,98.955,0.8,,1,-94.451,5,15,3,491,0.4582
8.077,8.947,0.0,2859.9,6.0,98.436,0.85,,1,-94.28,5,15,3,334,0.4251
8.401,9.083,0.0,2863.4,6.0,98.44,0.9,,1,-94.273,5,15,3,268,0.4179
8.924,9.261,0.0418,2197.7,6.0,97.748,0.95,,1,-95.605,5,15,4,252,0.4246
9.564,12.327,0.0,2809.5,6.0,96.881,1.0,,3,-94.381,5,15,7,361,0.4654
8.136,8.684,0.0,2290.1,6.0,99.304,0.8,,1,-95.42,6,15,3,418,0.4665
8.059,9.165,0.0,2275.4,6.0,98.942,0.85,,1,-95.449,6,15,3,296,0.4257
8.09,8.888,0.0,2371.3,6.0,98.976,0.9,,1,-95.257,6,15,3,252,0.4206
8.523,8.919,0.0,2177.4,6.0,98.035,0.95,,0,-95.645,6,15,3,187,0.4278
9.608,12.327,0.0,1721.7,6.0,98.291,1.0,,3,-96.557,6,15,7,357,0.4706
8.136,8.684,0.0,2290.1,6.0,99.304,0.8,,1,-95.42,7,15,3,418,0.4665
8.059,9.165,0.0,2275.4,6.0,98.942,0.85,,1,-95.449,7,15,3,296,0.4257
8.09,8.888,0.0,2371.3,6.0,98.976,0.9,,1,-95.257,7,15,3,252,0.4206
8.523,8.919,0.0,2177.4,6.0,98.035,0.95,,0,-95.645,7,15,3,187,0.4278
9.608,12.327,0.0,1721.7,6.0,98.291,1.0,,3,-96.557,7,15,7,357,0.4706
8.136,8.684,0.0,2290.1,6.0,99.304,0.8,,1,-95.42,8,15,3,418,0.4665
8.059,9.165,0.0,2275.4,6.0,98.942,0.85,,1,-95.449,8,15,3,296,0.4257
8.09,8.888,0.0,2371.3,6.0,98.976,0.9,,1,-95.257,8,15,3,252,0.4206
8.523,8.919,0.0,2177.4,6.0,98.035,0.95,,0,-95.645,8,15,3,187,0.4278
9.608,12.327,0.0,1721.7,6.0,98.291,1.0,,3,-96.557,8,15,7,357,0.4706
8.136,8.684,0.0,2290.1,6.0,99.304,0.8,,1,-95.42,9,15,3,418,0.4665
8.059,9.165,0.0,2275.4,6.0,98.942,0.85,,1,-95.449,9,15,3,296,0.4257
8.09,8.888,0.0,2371.3,6.0,98.976,0.9,,1,-95.257,9,15,3,252,0.4206
8.523,8.919,0.0,2177.4,6.0,98.035,0.95,,0,-95.645,9,15,3,187,0.4278
9.608,12.327,0.0,1721.7,6.0,98.291,1.0,,3,-96.557,9,15,7,357,0.4706
8.136,8.684,0.0,2290.1,6.0,99.304,0.8,,1,-95.42,10,15,3,418,0.4665
8.059,9.165,0.0,2275.4,6.0,98.942,0.85,,1,-95.449,10,15,3,296,0.4257
8.09,8.888,0.0,2371.3,6.0,98.976,0.9,,1,-95.257,10,15,3,252,0.4206
8.523,8.919,0.0,2177.4,6.0,98.035,0.95,,0,-95.645,10,15,3,187,0.4278
9.608,12.327,0.0,1721.7,6.0,98.291,1.0,,3,-96.557,10,15,7,357,0.4706
9.216,11.153,0.0,28206.9,6.0,79.632,0.8,,4,-43.586,1,20,13,2653,0.4553
9.188,11.563,0.0,32832.5,6.0,71.066,0.85,,7,-34.335,1,20,13,1740,0.4477
9.467,11.633,0.0,32189.2,6.0,70.316,0.9,,6,-35.622,1,20,13,1311,0.45
9.484,12.359,0.0,82871.3,6.0,51.928,0.95,,7,65.743,1,20,13,936,0.4626
9.923,12.497,0.0,69992.7,6.0,35.308,1.0,,7,39.985,1,20,13,695,0.4705
8.329,8.751,0.0,7196.4,6.0,93.66,0.8,,1,-85.607,2,20,4,841,0.4483
8.329,8.815,0.0,7164.9,6.0,92.173,0.85,,1,-85.67,2,20,5,558,0.4194
8.431,8.623,0.0,7085.1,6.0,92.023,0.9,,1,-85.83,2,20,5,434,0.4124
9.484,12.359,0.0,65472.8,6.0,81.959,0.95,,7,30.946,2,20,13,936,0.4626
9.923,12.497,0.0,59584.4,6.0,67.965,1.0,,7,19.169,2,20,13,695,0.4705
8.409,8.982,0.0,4745.7,6.0,96.953,0.8,,1,-90.509,3,20,4,742,0.4515
8.279,9.25,0.0,4709.3,6.0,96.029,0.85,,1,-90.581,3,20,3,371,0.4097
8.635,9.065,0.0,4782.8,6.0,95.88,0.9,,1,-90.434,3,20,4,373,0.4129
9.484,12.359,0.0,43436.8,6.0,92.746,0.95,,7,-13.126,3,20,13,936,0.4626
9.923,12.497,0.0,25602.2,6.0,82.79,1.0,,7,-48.796,3,20,13,695,0.4705
8.368,9.066,0.0,3470.3,6.0,98.346,0.8,,1,-93.059,4,20,3,578,0.4516
8.248,9.155,0.0,3587.2,6.0,97.611,0.85,,1,-92.826,4,20,3,359,0.415
8.41,9.151,0.0,3504.6,6.0,97.628,0.9,,1,-92.991,4,20,3,281,0.4128
8.814,9.199,0.0452,3489.9,6.0,95.939,0.95,,1,-93.02,4,20,4,265,0.4189
9.923,12.497,0.0,8088.2,6.0,92.977,1.0,,5,-83.824,4,20,13,695,0.4705
8.268,9.01,0.0,2774.5,6.0,98.955,0.8,,1,-94.451,5,20,3,491,0.4582
8.077,8.947,0.0,2859.9,6.0,98.436,0.85,,1,-94.28,5,20,3,334,0.4251
8.401,9.083,0.0,2863.4,6.0,98.44,0.9,,1,-94.273,5,20,3,268,0.4179
8.924,9.261,0.0418,2197.7,6.0,97.748,0.95,,1,-95.605,5,20,4,252,0.4246
9.564,12.327,0.0,2809.5,6.0,96.881,1.0,,3,-94.381,5,20,7,361,0.4654
8.136,8.684,0.0,2290.1,6.0,99.304,0.8,,1,-95.42,6,20,3,418,0.4665
8.059,9.165,0.0,2275.4,6.0,98.942,0.85,,1,-95.449,6,20,3,296,0.4257
8.09,8.888,0.0,2371.3,6.0,98.976,0.9,,1,-95.257,6,20,3,252,0.4206
8.523,8.919,0.0,2177.4,6.0,98.035,0.95,,0,-95.645,6,20,3,187,0.4278
9.608,12.327,0.0,1721.7,6.0,98.291,1.0,,3,-96.557,6,20,7,357,0.4706
8.136,8.684,0.0,2290.1,6.0,99.304,0.8,,1,-95.42,7,20,3,418,0.4665
8.059,9.165,0.0,2275.4,6.0,98.942,0.85,,1,-95.449,7,20,3,296,0.4257
8.09,8.888,0.0,2371.3,6.0,98.976,0.9,,1,-95.257,7,20,3,252,0.4206
8.523,8.919,0.0,2177.4,6.0,98.035,0.95,,0,-95.645,7,20,3,187,0.4278
9.608,12.327,0.0,1721.7,6.0,98.291,1.0,,3,-96.557,7,20,7,357,0.4706
8.136,8.684,0.0,2290.1,6.0,99.304,0.8,,1,-95.42,8,20,3,418,0.4665
8.059,9.165,0.0,2275.4,6.0,98.942,0.85,,1,-95.449,8,20,3,296,0.4257
8.09,8.888,0.0,2371.3,6.0,98.976,0.9,,1,-95.257,8,20,3,252,0.4206
8.523,8.919,0.0,2177.4,6.0,98.035,0.95,,0,-95.645,8,20,3,187,0.4278
9.608,12.327,0.0,1721.7,6.0,98.291,1.0,,3,-96.557,8,20,7,357,0.4706
8.136,8.684,0.0,2290.1,6.0,99.304,0.8,,1,-95.42,9,20,3,418,0.4665
8.059,9.165,0.0,2275.4,6.0,98.942,0.85,,1,-95.449,9,20,3,296,0.4257
8.09,8.888,0.0,2371.3,6.0,98.976,0.9,,1,-95.257,9,20,3,252,0.4206
8.523,8.919,0.0,2177.4,6.0,98.035,0.95,,0,-95.645,9,20,3,187,0.4278
9.608,12.327,0.0,1721.7,6.0,98.291,1.0,,3,-96.557,9,20,7,357,0.4706
8.136,8.684,0.0,2290.1,6.0,99.304,0.8,,1,-95.42,10,20,3,418,0.4665
8.059,9.165,0.0,2275.4,6.0,98.942,0.85,,1,-95.449,10,20,3,296,0.4257
8.09,8.888,0.0,2371.3,6.0,98.976,0.9,,1,-95.257,10,20,3,252,0.4206
8.523,8.919,0.0,2177.4,6.0,98.035,0.95,,0,-95.645,10,20,3,187,0.4278
9.608,12.327,0.0,1721.7,6.0,98.291,1.0,,3,-96.557,10,20,7,357,0.4706
9.216,11.153,0.0,28206.9,6.0,79.632,0.8,,4,-43.586,1,25,13,2653,0.4553
9.188,11.563,0.0,32832.5,6.0,71.066,0.85,,7,-34.335,1,25,13,1740,0.4477
9.467,11.633,0.0,32189.2,6.0,70.316,0.9,,6,-35.622,1,25,13,1311,0.45
9.484,12.359,0.0,82871.3,6.0,51.928,0.95,,7,65.743,1,25,13,936,0.4626
9.923,12.497,0.0,69992.7,6.0,35.308,1.0,,7,39.985,1,25,13,695,0.4705
8.329,8.751,0.0,7196.4,6.0,93.66,0.8,,1,-85.607,2,25,4,841,0.4483
8.329,8.815,0.0,7164.9,6.0,92.173,0.85,,1,-85.67,2,25,5,558,0.4194
8.431,8.623,0.0,7085.1,6.0,92.023,0.9,,1,-85.83,2,25,5,434,0.4124
9.484,12.359,0.0,65472.8,6.0,81.959,0.95,,7,30.946,2,25,13,936,0.4626
9.923,12.497,0.0,59584.4,6.0,67.965,1.0,,7,19.169,2,25,13,695,0.4705
8.409,8.982,0.0,4745.7,6.0,96.953,0.8,,1,-90.509,3,25,4,742,0.4515
8.279,9.25,0.0,4709.3,6.0,96.029,0.85,,1,-90.581,3,25,3,371,0.4097
8.635,9.065,0.0,4782.8,6.0,95.88,0.9,,1,-90.434,3,25,4,373,0.4129
9.484,12.359,0.0,43436.8,6.0,92.746,0.95,,7,-13.126,3,25,13,936,0.4626
9.923,12.497,0.0,25602.2,6.0,82.79,1.0,,7,-48.796,3,25,13,695,0.4705
8.368,9.066,0.0,3470.3,6.0,98.346,0.8,,1,-93.059,4,25,3,578,0.4516
8.248,9.155,0.0,3587.2,6.0,97.611,0.85,,1,-92.826,4,25,3,359,0.415
8.41,9.151,0.0,3504.6,6.0,97.628,0.9,,1,-92.991,4,25,3,281,0.4128
8.814,9.199,0.0452,3489.9,6.0,95.939,0.95,,1,-93.02,4,25,4,265,0.4189
9.923,12.497,0.0,8088.2,6.0,92.977,1.0,,5,-83.824,4,25,13,695,0.4705
8.268,9.01,0.0,2774.5,6.0,98.955,0.8,,1,-94.451,5,25,3,491,0.4582
8.077,8.947,0.0,2859.9,6.0,98.436,0.85,,1,-94.28,5,25,3,334,0.4251
8.401,9.083,0.0,2863.4,6.0,98.44,0.9,,1,-94.273,5,25,3,268,0.4179
8.924,9.261,0.0418,2197.7,6.0,97.748,0.95,,1,-95.605,5,25,4,252,0.4246
9.564,12.327,0.0,2809.5,6.0,96.881,1.0,,3,-94.381,5,25,7,361,0.4654
8.136,8.684,0.0,2290.1,6.0,99.304,0.8,,1,-95.42,6,25,3,418,0.4665
8.059,9.165,0.0,2275.4,6.0,98.942,0.85,,1,-95.449,6,25,3,296,0.4257
8.09,8.888,0.0,2371.3,6.0,98.976,0.9,,1,-95.257,6,25,3,252,0.4206
8.523,8.919,0.0,2177.4,6.0,98.035,0.95,,0,-95.645,6,25,3,187,0.4278
9.608,12.327,0.0,1721.7,6.0,98.291,1.0,,3,-96.557,6,25,7,357,0.4706
8.136,8.684,0.0,2290.1,6.0,99.304,0.8,,1,-95.42,7,25,3,418,0.4665
8.059,9.165,0.0,2275.4,6.0,98.942,0.85,,1,-95.449,7,25,3,296,0.4257
8.09,8.888,0.0,2371.3,6.0,98.976,0.9,,1,-95.257,7,25,3,252,0.4206
8.523,8.919,0.0,2177.4,6.0,98.035,0.95,,0,-95.645,7,25,3,187,0.4278
9.608,12.327,0.0,1721.7,6.0,98.291,1.0,,3,-96.557,7,25,7,357,0.4706
8.136,8.684,0.0,2290.1,6.0,99.304,0.8,,1,-95.42,8,25,3,418,0.4665
8.059,9.165,0.0,2275.4,6.0,98.942,0.85,,1,-95.449,8,25,3,296,0.4257
8.09,8.888,0.0,2371.3,6.0,98.976,0.9,,1,-95.257,8,25,3,252,0.4206
8.523,8.919,0.0,2177.4,6.0,98.035,0.95,,0,-95.645,8,25,3,187,0.4278
9.608,12.327,0.0,1721.7,6.0,98.291,1.0,,3,-96.557,8,25,7,357,0.4706
8.136,8.684,0.0,2290.1,6.0,99.304,0.8,,1,-95.42,9,25,3,418,0.4665
8.059,9.165,0.0,2275.4,6.0,98.942,0.85,,1,-95.449,9,25,3,296,0.4257
8.09,8.888,0.0,2371.3,6.0,98.976,0.9,,1,-95.257,9,25,3,252,0.4206
8.523,8.919,0.0,2177.4,6.0,98.035,0.95,,0,-95.645,9,25,3,187,0.4278
9.608,12.327,0.0,1721.7,6.0,98.291,1.0,,3,-96.557,9,25,7,357,0.4706
8.136,8.684,0.0,2290.1,6.0,99.304,0.8,,1,-95.42,10,25,3,418,0.4665
8.059,9.165,0.0,2275.4,6.0,98.942,0.85,,1,-95.449,10,25,3,296,0.4257
8.09,8.888,0.0,2371.3,6.0,98.976,0.9,,1,-95.257,10,25,3,252,0.4206
8.523,8.919,0.0,2177.4,6.0,98.035,0.95,,0,-95.645,10,25,3,187,0.4278
9.608,12.327,0.0,1721.7,6.0,98.291,1.0,,3,-96.557,10,25,7,357,0.4706
9.216,11.153,0.0,28206.9,6.0,79.632,0.8,,4,-43.586,1,30,13,2653,0.4553
9.188,11.563,0.0,32832.5,6.0,71.066,0.85,,7,-34.335,1,30,13,1740,0.4477
9.467,11.633,0.0,32189.2,6.0,70.316,0.9,,6,-35.622,1,30,13,1311,0.45
9.484,12.359,0.0,82871.3,6.0,51.928,0.95,,7,65.743,1,30,13,936,0.4626
9.923,12.497,0.0,69992.7,6.0,35.308,1.0,,7,39.985,1,30,13,695,0.4705
8.329,8.751,0.0,7196.4,6.0,93.66,0.8,,1,-85.607,2,30,4,841,0.4483
8.329,8.815,0.0,7164.9,6.0,92.173,0.85,,1,-85.67,2,30,5,558,0.4194
8.431,8.623,0.0,7085.1,6.0,92.023,0.9,,1,-85.83,2,30,5,434,0.4124
9.484,12.359,0.0,65472.8,6.0,81.959,0.95,,7,30.946,2,30,13,936,0.4626
9.923,12.497,0.0,59584.4,6.0,67.965,1.0,,7,19.169,2,30,13,695,0.4705
8.409,8.982,0.0,4745.7,6.0,96.953,0.8,,1,-90.509,3,30,4,742,0.4515
8.279,9.25,0.0,4709.3,6.0,96.029,0.85,,1,-90.581,3,30,3,371,0.4097
8.635,9.065,0.0,4782.8,6.0,95.88,0.9,,1,-90.434,3,30,4,373,0.4129
9.484,12.359,0.0,43436.8,6.0,92.746,0.95,,7,-13.126,3,30,13,936,0.4626
9.923,12.497,0.0,25602.2,6.0,82.79,1.0,,7,-48.796,3,30,13,695,0.4705
8.368,9.066,0.0,3470.3,6.0,98.346,0.8,,1,-93.059,4,30,3,578,0.4516
8.248,9.155,0.0,3587.2,6.0,97.611,0.85,,1,-92.826,4,30,3,359,0.415
8.41,9.151,0.0,3504.6,6.0,97.628,0.9,,1,-92.991,4,30,3,281,0.4128
8.814,9.199,0.0452,3489.9,6.0,95.939,0.95,,1,-93.02,4,30,4,265,0.4189
9.923,12.497,0.0,8088.2,6.0,92.977,1.0,,5,-83.824,4,30,13,695,0.4705
8.268,9.01,0.0,2774.5,6.0,98.955,0.8,,1,-94.451,5,30,3,491,0.4582
8.077,8.947,0.0,2859.9,6.0,98.436,0.85,,1,-94.28,5,30,3,334,0.4251
8.401,9.083,0.0,2863.4,6.0,98.44,0.9,,1,-94.273,5,30,3,268,0.4179
8.924,9.261,0.0418,2197.7,6.0,97.748,0.95,,1,-95.605,5,30,4,252,0.4246
9.564,12.327,0.0,2809.5,6.0,96.881,1.0,,3,-94.381,5,30,7,361,0.4654
8.136,8.684,0.0,2290.1,6.0,99.304,0.8,,1,-95.42,6,30,3,418,0.4665
8.059,9.165,0.0,2275.4,6.0,98.942,0.85,,1,-95.449,6,30,3,296,0.4257
8.09,8.888,0.0,2371.3,6.0,98.976,0.9,,1,-95.257,6,30,3,252,0.4206
8.523,8.919,0.0,2177.4,6.0,98.035,0.95,,0,-95.645,6,30,3,187,0.4278
9.608,12.327,0.0,1721.7,6.0,98.291,1.0,,3,-96.557,6,30,7,357,0.4706
8.136,8.684,0.0,2290.1,6.0,99.304,0.8,,1,-95.42,7,30,3,418,0.4665
8.059,9.165,0.0,2275.4,6.0,98.942,0.85,,1,-95.449,7,30,3,296,0.4257
8.09,8.888,0.0,2371.3,6.0,98.976,0.9,,1,-95.257,7,30,3,252,0.4206
8.523,8.919,0.0,2177.4,6.0,98.035,0.95,,0,-95.645,7,30,3,187,0.4278
9.608,12.327,0.0,1721.7,6.0,98.291,1.0,,3,-96.557,7,30,7,357,0.4706
8.136,8.684,0.0,2290.1,6.0,99.304,0.8,,1,-95.42,8,30,3,418,0.4665
8.059,9.165,0.0,2275.4,6.0,98.942,0.85,,1,-95.449,8,30,3,296,0.4257
8.09,8.888,0.0,2371.3,6.0,98.976,0.9,,1,-95.257,8,30,3,252,0.4206
8.523,8.919,0.0,2177.4,6.0,98.035,0.95,,0,-95.645,8,30,3,187,0.4278
9.608,12.327,0.0,1721.7,6.0,98.291,1.0,,3,-96.557,8,30,7,357,0.4706
8.136,8.684,0.0,2290.1,6.0,99.304,0.8,,1,-95.42,9,30,3,418,0.4665
8.059,9.165,0.0,2275.4,6.0,98.942,0.85,,1,-95.449,9,30,3,296,0.4257
8.09,8.888,0.0,2371.3,6.0,98.976,0.9,,1,-95.257,9,30,3,252,0.4206
8.523,8.919,0.0,2177.4,6.0,98.035,0.95,,0,-95.645,9,30,3,187,0.4278
9.608,12.327,0.0,1721.7,6.0,98.291,1.0,,3,-96.557,9,30,7,357,0.4706
8.136,8.684,0.0,2290.1,6.0,99.304,0.8,,1,-95.42,10,30,3,418,0.4665
8.059,9.165,0.0,2275.4,6.0,98.942,0.85,,1,-95.449,10,30,3,296,0.4257
8.09,8.888,0.0,2371.3,6.0,98.976,0.9,,1,-95.257,10,30,3,252,0.4206
8.523,8.919,0.0,2177.4,6.0,98.035,0.95,,0,-95.645,10,30,3,187,0.4278
9.608,12.327,0.0,1721.7,6.0,98.291,1.0,,3,-96.557,10,30,7,357,0.4706
9.216,11.153,0.0,28206.9,6.0,79.632,0.8,,4,-43.586,1,35,13,2653,0.4553
9.188,11.563,0.0,32832.5,6.0,71.066,0.85,,7,-34.335,1,35,13,1740,0.4477
9.467,11.633,0.0,32189.2,6.0,70.316,0.9,,6,-35.622,1,35,13,1311,0.45
9.484,12.359,0.0,82871.3,6.0,51.928,0.95,,7,65.743,1,35,13,936,0.4626
9.923,12.497,0.0,69992.7,6.0,35.308,1.0,,7,39.985,1,35,13,695,0.4705
8.329,8.751,0.0,7196.4,6.0,93.66,0.8,,1,-85.607,2,35,4,841,0.4483
8.329,8.815,0.0,7164.9,6.0,92.173,0.85,,1,-85.67,2,35,5,558,0.4194
8.431,8.623,0.0,7085.1,6.0,92.023,0.9,,1,-85.83,2,35,5,434,0.4124
9.484,12.359,0.0,65472.8,6.0,81.959,0.95,,7,30.946,2,35,13,936,0.4626
9.923,12.497,0.0,59584.4,6.0,67.965,1.0,,7,19.169,2,35,13,695,0.4705
8.409,8.982,0.0,4745.7,6.0,96.953,0.8,,1,-90.509,3,35,4,742,0.4515
8.279,9.25,0.0,4709.3,6.0,96.029,0.85,,1,-90.581,3,35,3,371,0.4097
8.635,9.065,0.0,4782.8,6.0,95.88,0.9,,1,-90.434,3,35,4,373,0.4129
9.484,12.359,0.0,43436.8,6.0,92.746,0.95,,7,-13.126,3,35,13,936,0.4626
9.923,12.497,0.0,25602.2,6.0,82.79,1.0,,7,-48.796,3,35,13,695,0.4705
8.368,9.066,0.0,3470.3,6.0,98.346,0.8,,1,-93.059,4,35,3,578,0.4516
8.248,9.155,0.0,3587.2,6.0,97.611,0.85,,1,-92.826,4,35,3,359,0.415
8.41,9.151,0.0,3504.6,6.0,97.628,0.9,,1,-92.991,4,35,3,281,0.4128
8.814,9.199,0.0452,3489.9,6.0,95.939,0.95,,1,-93.02,4,35,4,265,0.4189
9.923,12.497,0.0,8088.2,6.0,92.977,1.0,,5,-83.824,4,35,13,695,0.4705
8.268,9.01,0.0,2774.5,6.0,98.955,0.8,,1,-94.451,5,35,3,491,0.4582
8.077,8.947,0.0,2859.9,6.0,98.436,0.85,,1,-94.28,5,35,3,334,0.4251
8.401,9.083,0.0,2863.4,6.0,98.44,0.9,,1,-94.273,5,35,3,268,0.4179
8.924,9.261,0.0418,2197.7,6.0,97.748,0.95,,1,-95.605,5,35,4,252,0.4246
9.564,12.327,0.0,2809.5,6.0,96.881,1.0,,3,-94.381,5,35,7,361,0.4654
8.136,8.684,0.0,2290.1,6.0,99.304,0.8,,1,-95.42,6,35,3,418,0.4665
8.059,9.165,0.0,2275.4,6.0,98.942,0.85,,1,-95.449,6,35,3,296,0.4257
8.09,8.888,0.0,2371.3,6.0,98.976,0.9,,1,-95.257,6,35,3,252,0.4206
8.523,8.919,0.0,2177.4,6.0,98.035,0.95,,0,-95.645,6,35,3,187,0.4278
9.608,12.327,0.0,1721.7,6.0,98.291,1.0,,3,-96.557,6,35,7,357,0.4706
8.136,8.684,0.0,2290.1,6.0,99.304,0.8,,1,-95.42,7,35,3,418,0.4665
8.059,9.165,0.0,2275.4,6.0,98.942,0.85,,1,-95.449,7,35,3,296,0.4257
8.09,8.888,0.0,2371.3,6.0,98.976,0.9,,1,-95.257,7,35,3,252,0.4206
8.523,8.919,0.0,2177.4,6.0,98.035,0.95,,0,-95.645,7,35,3,187,0.4278
9.608,12.327,0.0,1721.7,6.0,98.291,1.0,,3,-96.557,7,35,7,357,0.4706
8.136,8.684,0.0,2290.1,6.0,99.304,0.8,,1,-95.42,8,35,3,418,0.4665
8.059,9.165,0.0,2275.4,6.0,98.942,0.85,,1,-95.449,8,35,3,296,0.4257
8.09,8.888,0.0,2371.3,6.0,98.976,0.9,,1,-95.257,8,35,3,252,0.4206
8.523,8.919,0.0,2177.4,6.0,98.035,0.95,,0,-95.645,8,35,3,187,0.4278
9.608,12.327,0.0,1721.7,6.0,98.291,1.0,,3,-96.557,8,35,7,357,0.4706
8.136,8.684,0.0,2290.1,6.0,99.304,0.8,,1,-95.42,9,35,3,418,0.4665
8.059,9.165,0.0,2275.4,6.0,98.942,0.85,,1,-95.449,9,35,3,296,0.4257
8.09,8.888,0.0,2371.3,6.0,98.976,0.9,,1,-95.257,9,35,3,252,0.4206
8.523,8.919,0.0,2177.4,6.0,98.035,0.95,,0,-95.645,9,35,3,187,0.4278
9.608,12.327,0.0,1721.7,6.0,98.291,1.0,,3,-96.557,9,35,7,357,0.4706
8.136,8.684,0.0,2290.1,6.0,99.304,0.8,,1,-95.42,10,35,3,418,0.4665
8.059,9.165,0.0,2275.4,6.0,98.942,0.85,,1,-95.449,10,35,3,296,0.4257
8.09,8.888,0.0,2371.3,6.0,98.976,0.9,,1,-95.257,10,35,3,252,0.4206
8.523,8.919,0.0,2177.4,6.0,98.035,0.95,,0,-95.645,10,35,3,187,0.4278
9.608,12.327,0.0,1721.7,6.0,98.291,1.0,,3,-96.557,10,35,7,357,0.4706
9.216,11.153,0.0,28206.9,6.0,79.632,0.8,,4,-43.586,1,40,13,2653,0.4553
9.188,11.563,0.0,32832.5,6.0,71.066,0.85,,7,-34.335,1,40,13,1740,0.4477
9.467,11.633,0.0,32189.2,6.0,70.316,0.9,,6,-35.622,1,40,13,1311,0.45
9.484,12.359,0.0,82871.3,6.0,51.928,0.95,,7,65.743,1,40,13,936,0.4626
9.923,12.497,0.0,69992.7,6.0,35.308,1.0,,7,39.985,1,40,13,695,0.4705
8.329,8.751,0.0,7196.4,6.0,93.66,0.8,,1,-85.607,2,40,4,841,0.4483
8.329,8.815,0.0,7164.9,6.0,92.173,0.85,,1,-85.67,2,40,5,558,0.4194
8.431,8.623,0.0,7085.1,6.0,92.023,0.9,,1,-85.83,2,40,5,434,0.4124
9.484,12.359,0.0,65472.8,6.0,81.959,0.95,,7,30.946,2,40,13,936,0.4626
9.923,12.497,0.0,59584.4,6.0,67.965,1.0,,7,19.169,2,40,13,695,0.4705
8.409,8.982,0.0,4745.7,6.0,96.953,0.8,,1,-90.509,3,40,4,742,0.4515
8.279,9.25,0.0,4709.3,6.0,96.029,0.85,,1,-90.581,3,40,3,371,0.4097
8.635,9.065,0.0,4782.8,6.0,95.88,0.9,,1,-90.434,3,40,4,373,0.4129
9.484,12.359,0.0,43436.8,6.0,92.746,0.95,,7,-13.126,3,40,13,936,0.4626
9.923,12.497,0.0,25602.2,6.0,82.79,1.0,,7,-48.796,3,40,13,695,0.4705
8.368,9.066,0.0,3470.3,6.0,98.346,0.8,,1,-93.059,4,40,3,578,0.4516
8.248,9.155,0.0,3587.2,6.0,97.611,0.85,,1,-92.826,4,40,3,359,0.415
8.41,9.151,0.0,3504.6,6.0,97.628,0.9,,1,-92.991,4,40,3,281,0.4128
8.814,9.199,0.0452,3489.9,6.0,95.939,0.95,,1,-93.02,4,40,4,265,0.4189
9.923,12.497,0.0,8088.2,6.0,92.977,1.0,,5,-83.824,4,40,13,695,0.4705
8.268,9.01,0.0,2774.5,6.0,98.955,0.8,,1,-94.451,5,40,3,491,0.4582
8.077,8.947,0.0,2859.9,6.0,98.436,0.85,,1,-94.28,5,40,3,334,0.4251
8.401,9.083,0.0,2863.4,6.0,98.44,0.9,,1,-94.273,5,40,3,268,0.4179
8.924,9.261,0.0418,2197.7,6.0,97.748,0.95,,1,-95.605,5,40,4,252,0.4246
9.564,12.327,0.0,2809.5,6.0,96.881,1.0,,3,-94.381,5,40,7,361,0.4654
8.136,8.684,0.0,2290.1,6.0,99.304,0.8,,1,-95.42,6,40,3,418,0.4665
8.059,9.165,0.0,2275.4,6.0,98.942,0.85,,1,-95.449,6,40,3,296,0.4257
8.09,8.888,0.0,2371.3,6.0,98.976,0.9,,1,-95.257,6,40,3,252,0.4206
8.523,8.919,0.0,2177.4,6.0,98.035,0.95,,0,-95.645,6,40,3,187,0.4278
9.608,12.327,0.0,1721.7,6.0,98.291,1.0,,3,-96.557,6,40,7,357,0.4706
8.136,8.684,0.0,2290.1,6.0,99.304,0.8,,1,-95.42,7,40,3,418,0.4665
8.059,9.165,0.0,2275.4,6.0,98.942,0.85,,1,-95.449,7,40,3,296,0.4257
8.09,8.888,0.0,2371.3,6.0,98.976,0.9,,1,-95.257,7,40,3,252,0.4206
8.523,8.919,0.0,2177.4,6.0,98.035,0.95,,0,-95.645,7,40,3,187,0.4278
9.608,12.327,0.0,1721.7,6.0,98.291,1.0,,3,-96.557,7,40,7,357,0.4706
8.136,8.684,0.0,2290.1,6.0,99.304,0.8,,1,-95.42,8,40,3,418,0.4665
8.059,9.165,0.0,2275.4,6.0,98.942,0.85,,1,-95.449,8,40,3,296,0.4257
8.09,8.888,0.0,2371.3,6.0,98.976,0.9,,1,-95.257,8,40,3,252,0.4206
8.523,8.919,0.0,2177.4,6.0,98.035,0.95,,0,-95.645,8,40,3,187,0.4278
9.608,12.327,0.0,1721.7,6.0,98.291,1.0,,3,-96.557,8,40,7,357,0.4706
8.136,8.684,0.0,2290.1,6.0,99.304,0.8,,1,-95.42,9,40,3,418,0.4665
8.059,9.165,0.0,2275.4,6.0,98.942,0.85,,1,-95.449,9,40,3,296,0.4257
8.09,8.888,0.0,2371.3,6.0,98.976,0.9,,1,-95.257,9,40,3,252,0.4206
8.523,8.919,0.0,2177.4,6.0,98.035,0.95,,0,-95.645,9,40,3,187,0.4278
9.608,12.327,0.0,1721.7,6.0,98.291,1.0,,3,-96.557,9,40,7,357,0.4706
8.136,8.684,0.0,2290.1,6.0,99.304,0.8,,1,-95.42,10,40,3,418,0.4665
8.059,9.165,0.0,2275.4,6.0,98.942,0.85,,1,-95.449,10,40,3,296,0.4257
8.09,8.888,0.0,2371.3,6.0,98.976,0.9,,1,-95.257,10,40,3,252,0.4206
8.523,8.919,0.0,2177.4,6.0,98.035,0.95,,0,-95.645,10,40,3,187,0.4278
9.608,12.327,0.0,1721.7,6.0,98.291,1.0,,3,-96.557,10,40,7,357,0.4706
9.216,11.153,0.0,28206.9,6.0,79.632,0.8,,4,-43.586,1,45,13,2653,0.4553
9.188,11.563,0.0,32832.5,6.0,71.066,0.85,,7,-34.335,1,45,13,1740,0.4477
9.467,11.633,0.0,32189.2,6.0,70.316,0.9,,6,-35.622,1,45,13,1311,0.45
9.484,12.359,0.0,82871.3,6.0,51.928,0.95,,7,65.743,1,45,13,936,0.4626
9.923,12.497,0.0,69992.7,6.0,35.308,1.0,,7,39.985,1,45,13,695,0.4705
8.329,8.751,0.0,7196.4,6.0,93.66,0.8,,1,-85.607,2,45,4,841,0.4483
8.329,8.815,0.0,7164.9,6.0,92.173,0.85,,1,-85.67,2,45,5,558,0.4194
8.431,8.623,0.0,7085.1,6.0,92.023,0.9,,1,-85.83,2,45,5,434,0.4124
9.484,12.359,0.0,65472.8,6.0,81.959,0.95,,7,30.946,2,45,13,936,0.4626
9.923,12.497,0.0,59584.4,6.0,67.965,1.0,,7,19.169,2,45,13,695,0.4705
8.409,8.982,0.0,4745.7,6.0,96.953,0.8,,1,-90.509,3,45,4,742,0.4515
8.279,9.25,0.0,4709.3,6.0,96.029,0.85,,1,-90.581,3,45,3,371,0.4097
8.635,9.065,0.0,4782.8,6.0,95.88,0.9,,1,-90.434,3,45,4,373,0.4129
9.484,12.359,0.0,43436.8,6.0,92.746,0.95,,7,-13.126,3,45,13,936,0.4626
9.923,12.497,0.0,25602.2,6.0,82.79,1.0,,7,-48.796,3,45,13,695,0.4705
8.368,9.066,0.0,3470.3,6.0,98.346,0.8,,1,-93.059,4,45,3,578,0.4516
8.248,9.155,0.0,3587.2,6.0,97.611,0.85,,1,-92.826,4,45,3,359,0.415
8.41,9.151,0.0,3504.6,6.0,97.628,0.9,,1,-92.991,4,45,3,281,0.4128
8.814,9.199,0.0452,3489.9,6.0,95.939,0.95,,1,-93.02,4,45,4,265,0.4189
9.923,12.497,0.0,8088.2,6.0,92.977,1.0,,5,-83.824,4,45,13,695,0.4705
8.268,9.01,0.0,2774.5,6.0,98.955,0.8,,1,-94.451,5,45,3,491,0.4582
8.077,8.947,0.0,2859.9,6.0,98.436,0.85,,1,-94.28,5,45,3,334,0.4251
8.401,9.083,0.0,2863.4,6.0,98.44,0.9,,1,-94.273,5,45,3,268,0.4179
8.924,9.261,0.0418,2197.7,6.0,97.748,0.95,,1,-95.605,5,45,4,252,0.4246
9.564,12.327,0.0,2809.5,6.0,96.881,1.0,,3,-94.381,5,45,7,361,0.4654
8.136,8.684,0.0,2290.1,6.0,99.304,0.8,,1,-95.42,6,45,3,418,0.4665
8.059,9.165,0.0,2275.4,6.0,98.942,0.85,,1,-95.449,6,45,3,296,0.4257
8.09,8.888,0.0,2371.3,6.0,98.976,0.9,,1,-95.257,6,45,3,252,0.4206
8.523,8.919,0.0,2177.4,6.0,98.035,0.95,,0,-95.645,6,45,3,187,0.4278
9.608,12.327,0.0,1721.7,6.0,98.291,1.0,,3,-96.557,6,45,7,357,0.4706
8.136,8.684,0.0,2290.1,6.0,99.304,0.8,,1,-95.42,7,45,3,418,0.4665
8.059,9.165,0.0,2275.4,6.0,98.942,0.85,,1,-95.449,7,45,3,296,0.4257
8.09,8.888,0.0,2371.3,6.0,98.976,0.9,,1,-95.257,7,45,3,252,0.4206
8.523,8.919,0.0,2177.4,6.0,98.035,0.95,,0,-95.645,7,45,3,187,0.4278
9.608,12.327,0.0,1721.7,6.0,98.291,1.0,,3,-96.557,7,45,7,357,0.4706
8.136,8.684,0.0,2290.1,6.0,99.304,0.8,,1,-95.42,8,45,3,418,0.4665
8.059,9.165,0.0,2275.4,6.0,98.942,0.85,,1,-95.449,8,45,3,296,0.4257
8.09,8.888,0.0,2371.3,6.0,98.976,0.9,,1,-95.257,8,45,3,252,0.4206
8.523,8.919,0.0,2177.4,6.0,98.035,0.95,,0,-95.645,8,45,3,187,0.4278
9.608,12.327,0.0,1721.7,6.0,98.291,1.0,,3,-96.557,8,45,7,357,0.4706
8.136,8.684,0.0,2290.1,6.0,99.304,0.8,,1,-95.42,9,45,3,418,0.4665
8.059,9.165,0.0,2275.4,6.0,98.942,0.85,,1,-95.449,9,45,3,296,0.4257
8.09,8.888,0.0,2371.3,6.0,98.976,0.9,,1,-95.257,9,45,3,252,0.4206
8.523,8.919,0.0,2177.4,6.0,98.035,0.95,,0,-95.645,9,45,3,187,0.4278
9.608,12.327,0.0,1721.7,6.0,98.291,1.0,,3,-96.557,9,45,7,357,0.4706
8.136,8.684,0.0,2290.1,6.0,99.304,0.8,,1,-95.42,10,45,3,418,0.4665
8.059,9.165,0.0,2275.4,6.0,98.942,0.85,,1,-95.449,10,45,3,296,0.4257
8.09,8.888,0.0,2371.3,6.0,98.976,0.9,,1,-95.257,10,45,3,252,0.4206
8.523,8.919,0.0,2177.4,6.0,98.035,0.95,,0,-95.645,10,45,3,187,0.4278
9.608,12.327,0.0,1721.7,6.0,98.291,1.0,,3,-96.557,10,45,7,357,0.4706
9.216,11.153,0.0,28206.9,6.0,79.632,0.8,,4,-43.586,1,50,13,2653,0.4553
9.188,11.563,0.0,32832.5,6.0,71.066,0.85,,7,-34.335,1,50,13,1740,0.4477
9.467,11.633,0.0,32189.2,6.0,70.316,0.9,,6,-35.622,1,50,13,1311,0.45
9.484,12.359,0.0,82871.3,6.0,51.928,0.95,,7,65.743,1,50,13,936,0.4626
9.923,12.497,0.0,69992.7,6.0,35.308,1.0,,7,39.985,1,50,13,695,0.4705
8.329,8.751,0.0,7196.4,6.0,93.66,0.8,,1,-85.607,2,50,4,841,0.4483
8.329,8.815,0.0,7164.9,6.0,92.173,0.85,,1,-85.67,2,50,5,558,0.4194
8.431,8.623,0.0,7085.1,6.0,92.023,0.9,,1,-85.83,2,50,5,434,0.4124
9.484,12.359,0.0,65472.8,6.0,81.959,0.95,,7,30.946,2,50,13,936,0.4626
9.923,12.497,0.0,59584.4,6.0,67.965,1.0,,7,19.169,2,50,13,695,0.4705
8.409,8.982,0.0,4745.7,6.0,96.953,0.8,,1,-90.509,3,50,4,742,0.4515
8.279,9.25,0.0,4709.3,6.0,96.029,0.85,,1,-90.581,3,50,3,371,0.4097
8.635,9.065,0.0,4782.8,6.0,95.88,0.9,,1,-90.434,3,50,4,373,0.4129
9.484,12.359,0.0,43436.8,6.0,92.746,0.95,,7,-13.126,3,50,13,936,0.4626
9.923,12.497,0.0,25602.2,6.0,82.79,1.0,,7,-48.796,3,50,13,695,0.4705
8.368,9.066,0.0,3470.3,6.0,98.346,0.8,,1,-93.059,4,50,3,578,0.4516
8.248,9.155,0.0,3587.2,6.0,97.611,0.85,,1,-92.826,4,50,3,359,0.415
8.41,9.151,0.0,3504.6,6.0,97.628,0.9,,1,-92.991,4,50,3,281,0.4128
8.814,9.199,0.0452,3489.9,6.0,95.939,0.95,,1,-93.02,4,50,4,265,0.4189
9.923,12.497,0.0,8088.2,6.0,92.977,1.0,,5,-83.824,4,50,13,695,0.4705
8.268,9.01,0.0,2774.5,6.0,98.955,0.8,,1,-94.451,5,50,3,491,0.4582
8.077,8.947,0.0,2859.9,6.0,98.436,0.85,,1,-94.28,5,50,3,334,0.4251
8.401,9.083,0.0,2863.4,6.0,98.44,0.9,,1,-94.273,5,50,3,268,0.4179
8.924,9.261,0.0418,2197.7,6.0,97.748,0.95,,1,-95.605,5,50,4,252,0.4246
9.564,12.327,0.0,2809.5,6.0,96.881,1.0,,3,-94.381,5,50,7,361,0.4654
8.136,8.684,0.0,2290.1,6.0,99.304,0.8,,1,-95.42,6,50,3,418,0.4665
8.059,9.165,0.0,2275.4,6.0,98.942,0.85,,1,-95.449,6,50,3,296,0.4257
8.09,8.888,0.0,2371.3,6.0,98.976,0.9,,1,-95.257,6,50,3,252,0.4206
8.523,8.919,0.0,2177.4,6.0,98.035,0.95,,0,-95.645,6,50,3,187,0.4278
9.608,12.327,0.0,1721.7,6.0,98.291,1.0,,3,-96.557,6,50,7,357,0.4706
8.136,8.684,0.0,2290.1,6.0,99.304,0.8,,1,-95.42,7,50,3,418,0.4665
8.059,9.165,0.0,2275.4,6.0,98.942,0.85,,1,-95.449,7,50,3,296,0.4257
8.09,8.888,0.0,2371.3,6.0,98.976,0.9,,1,-95.257,7,50,3,252,0.4206
8.523,8.919,0.0,2177.4,6.0,98.035,0.95,,0,-95.645,7,50,3,187,0.4278
9.608,12.327,0.0,1721.7,6.0,98.291,1.0,,3,-96.557,7,50,7,357,0.4706
8.136,8.684,0.0,2290.1,6.0,99.304,0.8,,1,-95.42,8,50,3,418,0.4665
8.059,9.165,0.0,2275.4,6.0,98.942,0.85,,1,-95.449,8,50,3,296,0.4257
8.09,8.888,0.0,2371.3,6.0,98.976,0.9,,1,-95.257,8,50,3,252,0.4206
8.523,8.919,0.0,2177.4,6.0,98.035,0.95,,0,-95.645,8,50,3,187,0.4278
9.608,12.327,0.0,1721.7,6.0,98.291,1.0,,3,-96.557,8,50,7,357,0.4706
8.136,8.684,0.0,2290.1,6.0,99.304,0.8,,1,-95.42,9,50,3,418,0.4665
8.059,9.165,0.0,2275.4,6.0,98.942,0.85,,1,-95.449,9,50,3,296,0.4257
8.09,8.888,0.0,2371.3,6.0,98.976,0.9,,1,-95.257,9,50,3,252,0.4206
8.523,8.919,0.0,2177.4,6.0,98.035,0.95,,0,-95.645,9,50,3,187,0.4278
9.608,12.327,0.0,1721.7,6.0,98.291,1.0,,3,-96.557,9,50,7,357,0.4706
8.136,8.684,0.0,2290.1,6.0,99.304,0.8,,1,-95.42,10,50,3,418,0.4665
8.059,9.165,0.0,2275.4,6.0,98.942,0.85,,1,-95.449,10,50,3,296,0.4257
8.09,8.888,0.0,2371.3,6.0,98.976,0.9,,1,-95.257,10,50,3,252,0.4206
8.523,8.919,0.0,2177.4,6.0,98.035,0.95,,0,-95.645,10,50,3,187,0.4278
9.608,12.327,0.0,1721.7,6.0,98.291,1.0,,3,-96.557,10,50,7,357,0.4706
9.216,11.153,0.0,28206.9,6.0,79.632,0.8,,4,-43.586,1,55,13,2653,0.4553
9.188,11.563,0.0,32832.5,6.0,71.066,0.85,,7,-34.335,1,55,13,1740,0.4477
9.467,11.633,0.0,32189.2,6.0,70.316,0.9,,6,-35.622,1,55,13,1311,0.45
9.484,12.359,0.0,82871.3,6.0,51.928,0.95,,7,65.743,1,55,13,936,0.4626
9.923,12.497,0.0,69992.7,6.0,35.308,1.0,,7,39.985,1,55,13,695,0.4705
8.329,8.751,0.0,7196.4,6.0,93.66,0.8,,1,-85.607,2,55,4,841,0.4483
8.329,8.815,0.0,7164.9,6.0,92.173,0.85,,1,-85.67,2,55,5,558,0.4194
8.431,8.623,0.0,7085.1,6.0,92.023,0.9,,1,-85.83,2,55,5,434,0.4124
9.484,12.359,0.0,65472.8,6.0,81.959,0.95,,7,30.946,2,55,13,936,0.4626
9.923,12.497,0.0,59584.4,6.0,67.965,1.0,,7,19.169,2,55,13,695,0.4705
8.409,8.982,0.0,4745.7,6.0,96.953,0.8,,1,-90.509,3,55,4,742,0.4515
8.279,9.25,0.0,4709.3,6.0,96.029,0.85,,1,-90.581,3,55,3,371,0.4097
8.635,9.065,0.0,4782.8,6.0,95.88,0.9,,1,-90.434,3,55,4,373,0.4129
9.484,12.359,0.0,43436.8,6.0,92.746,0.95,,7,-13.126,3,55,13,936,0.4626
9.923,12.497,0.0,25602.2,6.0,82.79,1.0,,7,-48.796,3,55,13,695,0.4705
8.368,9.066,0.0,3470.3,6.0,98.346,0.8,,1,-93.059,4,55,3,578,0.4516
8.248,9.155,0.0,3587.2,6.0,97.611,0.85,,1,-92.826,4,55,3,359,0.415
8.41,9.151,0.0,3504.6,6.0,97.628,0.9,,1,-92.991,4,55,3,281,0.4128
8.814,9.199,0.0452,3489.9,6.0,95.939,0.95,,1,-93.02,4,55,4,265,0.4189
9.923,12.497,0.0,8088.2,6.0,92.977,1.0,,5,-83.824,4,55,13,695,0.4705
8.268,9.01,0.0,2774.5,6.0,98.955,0.8,,1,-94.451,5,55,3,491,0.4582
8.077,8.947,0.0,2859.9,6.0,98.436,0.85,,1,-94.28,5,55,3,334,0.4251
8.401,9.083,0.0,2863.4,6.0,98.44,0.9,,1,-94.273,5,55,3,268,0.4179
8.924,9.261,0.0418,2197.7,6.0,97.748,0.95,,1,-95.605,5,55,4,252,0.4246
9.564,12.327,0.0,2809.5,6.0,96.881,1.0,,3,-94.381,5,55,7,361,0.4654
8.136,8.684,0.0,2290.1,6.0,99.304,0.8,,1,-95.42,6,55,3,418,0.4665
8.059,9.165,0.0,2275.4,6.0,98.942,0.85,,1,-95.449,6,55,3,296,0.4257
8.09,8.888,0.0,2371.3,6.0,98.976,0.9,,1,-95.257,6,55,3,252,0.4206
8.523,8.919,0.0,2177.4,6.0,98.035,0.95,,0,-95.645,6,55,3,187,0.4278
9.608,12.327,0.0,1721.7,6.0,98.291,1.0,,3,-96.557,6,55,7,357,0.4706
8.136,8.684,0.0,2290.1,6.0,99.304,0.8,,1,-95.42,7,55,3,418,0.4665
8.059,9.165,0.0,2275.4,6.0,98.942,0.85,,1,-95.449,7,55,3,296,0.4257
8.09,8.888,0.0,2371.3,6.0,98.976,0.9,,1,-95.257,7,55,3,252,0.4206
8.523,8.919,0.0,2177.4,6.0,98.035,0.95,,0,-95.645,7,55,3,187,0.4278
9.608,12.327,0.0,1721.7,6.0,98.291,1.0,,3,-96.557,7,55,7,357,0.4706
8.136,8.684,0.0,2290.1,6.0,99.304,0.8,,1,-95.42,8,55,3,418,0.4665
8.059,9.165,0.0,2275.4,6.0,98.942,0.85,,1,-95.449,8,55,3,296,0.4257
8.09,8.888,0.0,2371.3,6.0,98.976,0.9,,1,-95.257,8,55,3,252,0.4206
8.523,8.919,0.0,2177.4,6.0,98.035,0.95,,0,-95.645,8,55,3,187,0.4278
9.608,12.327,0.0,1721.7,6.0,98.291,1.0,,3,-96.557,8,55,7,357,0.4706
8.136,8.684,0.0,2290.1,6.0,99.304,0.8,,1,-95.42,9,55,3,418,0.4665
8.059,9.165,0.0,2275.4,6.0,98.942,0.85,,1,-95.449,9,55,3,296,0.4257
8.09,8.888,0.0,2371.3,6.0,98.976,0.9,,1,-95.257,9,55,3,252,0.4206
8.523,8.919,0.0,2177.4,6.0,98.035,0.95,,0,-95.645,9,55,3,187,0.4278
9.608,12.327,0.0,1721.7,6.0,98.291,1.0,,3,-96.557,9,55,7,357,0.4706
8.136,8.684,0.0,2290.1,6.0,99.304,0.8,,1,-95.42,10,55,3,418,0.4665
8.059,9.165,0.0,2275.4,6.0,98.942,0.85,,1,-95.449,10,55,3,296,0.4257
8.09,8.888,0.0,2371.3,6.0,98.976,0.9,,1,-95.257,10,55,3,252,0.4206
8.523,8.919,0.0,2177.4,6.0,98.035,0.95,,0,-95.645,10,55,3,187,0.4278
9.608,12.327,0.0,1721.7,6.0,98.291,1.0,,3,-96.557,10,55,7,357,0.4706
9.216,11.153,0.0,28206.9,6.0,79.632,0.8,,4,-43.586,1,60,13,2653,0.4553
9.188,11.563,0.0,32832.5,6.0,71.066,0.85,,7,-34.335,1,60,13,1740,0.4477
9.467,11.633,0.0,32189.2,6.0,70.316,0.9,,6,-35.622,1,60,13,1311,0.45
9.484,12.359,0.0,82871.3,6.0,51.928,0.95,,7,65.743,1,60,13,936,0.4626
9.923,12.497,0.0,69992.7,6.0,35.308,1.0,,7,39.985,1,60,13,695,0.4705
8.329,8.751,0.0,7196.4,6.0,93.66,0.8,,1,-85.607,2,60,4,841,0.4483
8.329,8.815,0.0,7164.9,6.0,92.173,0.85,,1,-85.67,2,60,5,558,0.4194
8.431,8.623,0.0,7085.1,6.0,92.023,0.9,,1,-85.83,2,60,5,434,0.4124
9.484,12.359,0.0,65472.8,6.0,81.959,0.95,,7,30.946,2,60,13,936,0.4626
9.923,12.497,0.0,59584.4,6.0,67.965,1.0,,7,19.169,2,60,13,695,0.4705
8.409,8.982,0.0,4745.7,6.0,96.953,0.8,,1,-90.509,3,60,4,742,0.4515
8.279,9.25,0.0,4709.3,6.0,96.029,0.85,,1,-90.581,3,60,3,371,0.4097
8.635,9.065,0.0,4782.8,6.0,95.88,0.9,,1,-90.434,3,60,4,373,0.4129
9.484,12.359,0.0,43436.8,6.0,92.746,0.95,,7,-13.126,3,60,13,936,0.4626
9.923,12.497,0.0,25602.2,6.0,82.79,1.0,,7,-48.796,3,60,13,695,0.4705
8.368,9.066,0.0,3470.3,6.0,98.346,0.8,,1,-93.059,4,60,3,578,0.4516
8.248,9.155,0.0,3587.2,6.0,97.611,0.85,,1,-92.826,4,60,3,359,0.415
8.41,9.151,0.0,3504.6,6.0,97.628,0.9,,1,-92.991,4,60,3,281,0.4128
8.814,9.199,0.0452,3489.9,6.0,95.939,0.95,,1,-93.02,4,60,4,265,0.4189
9.923,12.497,0.0,8088.2,6.0,92.977,1.0,,5,-83.824,4,60,13,695,0.4705
8.268,9.01,0.0,2774.5,6.0,98.955,0.8,,1,-94.451,5,60,3,491,0.4582
8.077,8.947,0.0,2859.9,6.0,98.436,0.85,,1,-94.28,5,60,3,334,0.4251
8.401,9.083,0.0,2863.4,6.0,98.44,0.9,,1,-94.273,5,60,3,268,0.4179
8.924,9.261,0.0418,2197.7,6.0,97.748,0.95,,1,-95.605,5,60,4,252,0.4246
9.564,12.327,0.0,2809.5,6.0,96.881,1.0,,3,-94.381,5,60,7,361,0.4654
8.136,8.684,0.0,2290.1,6.0,99.304,0.8,,1,-95.42,6,60,3,418,0.4665
8.059,9.165,0.0,2275.4,6.0,98.942,0.85,,1,-95.449,6,60,3,296,0.4257
8.09,8.888,0.0,2371.3,6.0,98.976,0.9,,1,-95.257,6,60,3,252,0.4206
8.523,8.919,0.0,2177.4,6.0,98.035,0.95,,0,-95.645,6,60,3,187,0.4278
9.608,12.327,0.0,1721.7,6.0,98.291,1.0,,3,-96.557,6,60,7,357,0.4706
8.136,8.684,0.0,2290.1,6.0,99.304,0.8,,1,-95.42,7,60,3,418,0.4665
8.059,9.165,0.0,2275.4,6.0,98.942,0.85,,1,-95.449,7,60,3,296,0.4257
8.09,8.888,0.0,2371.3,6.0,98.976,0.9,,1,-95.257,7,60,3,252,0.4206
8.523,8.919,0.0,2177.4,6.0,98.035,0.95,,0,-95.645,7,60,3,187,0.4278
9.608,12.327,0.0,1721.7,6.0,98.291,1.0,,3,-96.557,7,60,7,357,0.4706
8.136,8.684,0.0,2290.1,6.0,99.304,0.8,,1,-95.42,8,60,3,418,0.4665
8.059,9.165,0.0,2275.4,6.0,98.942,0.85,,1,-95.449,8,60,3,296,0.4257
8.09,8.888,0.0,2371.3,6.0,98.976,0.9,,1,-95.257,8,60,3,252,0.4206
8.523,8.919,0.0,2177.4,6.0,98.035,0.95,,0,-95.645,8,60,3,187,0.4278
9.608,12.327,0.0,1721.7,6.0,98.291,1.0,,3,-96.557,8,60,7,357,0.4706
8.136,8.684,0.0,2290.1,6.0,99.304,0.8,,1,-95.42,9,60,3,418,0.4665
8.059,9.165,0.0,2275.4,6.0,98.942,0.85,,1,-95.449,9,60,3,296,0.4257
8.09,8.888,0.0,2371.3,6.0,98.976,0.9,,1,-95.257,9,60,3,252,0.4206
8.523,8.919,0.0,2177.4,6.0,98.035,0.95,,0,-95.645,9,60,3,187,0.4278
9.608,12.327,0.0,1721.7,6.0,98.291,1.0,,3,-96.557,9,60,7,357,0.4706
8.136,8.684,0.0,2290.1,6.0,99.304,0.8,,1,-95.42,10,60,3,418,0.4665
8.059,9.165,0.0,2275.4,6.0,98.942,0.85,,1,-95.449,10,60,3,296,0.4257
8.09,8.888,0.0,2371.3,6.0,98.976,0.9,,1,-95.257,10,60,3,252,0.4206
8.523,8.919,0.0,2177.4,6.0,98.035,0.95,,0,-95.645,10,60,3,187,0.4278
9.608,12.327,0.0,1721.7,6.0,98.291,1.0,,3,-96.557,10,60,7,357,0.4706
8.901,10.886,0.0,32854.2,6.5,76.949,0.8,,6,-34.292,1,5,13,2650,0.4525
8.948,11.229,0.0,40095.0,6.5,68.742,0.85,,6,-19.81,1,5,13,1739,0.4462
9.022,11.316,0.0,34917.1,6.5,61.087,0.9,,8,-30.166,1,5,13,1308,0.445
8.993,11.97,0.0,85282.1,6.5,46.164,0.95,,7,70.564,1,5,13,935,0.461
9.362,12.119,0.0,80352.7,6.5,32.049,1.0,,8,60.705,1,5,13,694,0.4697
8.073,8.574,0.0,7729.1,6.5,92.058,0.8,,1,-84.542,2,5,4,815,0.4417
8.199,8.735,0.0,7738.9,6.5,88.601,0.85,,0,-84.522,2,5,4,545,0.4073
9.139,11.234,0.0,7753.6,6.5,89.459,0.9,,3,-84.493,2,5,8,830,0.4277
8.993,11.97,0.0,100821.4,6.5,75.804,0.95,,7,101.643,2,5,13,935,0.461
9.362,12.119,0.0,86338.4,6.5,57.782,1.0,,7,72.677,2,5,13,694,0.4697
8.194,8.753,0.0,5076.8,6.5,96.173,0.8,,1,-89.846,3,5,4,738,0.4472
8.306,8.914,0.0,5127.2,6.5,93.582,0.85,,0,-89.746,3,5,3,370,0.4027
8.291,8.962,0.0,5098.5,6.5,94.183,0.9,,1,-89.803,3,5,4,374,0.4011
8.993,11.97,0.0,62636.4,6.5,88.747,0.95,,7,25.273,3,5,13,935,0.461
9.362,12.119,0.0,60759.0,6.5,76.092,1.0,,7,21.518,3,5,13,694,0.4697
8.188,8.925,0.0,3811.9,6.5,97.738,0.8,,1,-92.376,4,5,3,577,0.4471
8.119,8.656,0.0,3858.8,6.5,95.799,0.85,,0,-92.282,4,5,3,330,0.4152
8.025,9.023,0.0,3741.2,6.5,96.391,0.9,,1,-92.518,4,5,3,284,0.3979
8.993,11.97,0.0,30388.1,6.5,95.033,0.95,,6,-39.224,4,5,13,935,0.461
9.362,12.119,0.0,33754.4,6.5,85.638,1.0,,7,-32.491,4,5,13,694,0.4697
8.056,8.877,0.0,2969.1,6.5,98.565,0.8,,1,-94.062,5,5,3,508,0.4508
8.224,8.91,0.0,3069.9,6.5,97.151,0.85,,0,-93.86,5,5,3,280,0.425
8.024,9.071,0.0,3013.9,6.5,97.558,0.9,,1,-93.972,5,5,3,281,0.3986
8.545,9.452,0.0595,3085.3,6.5,96.699,0.95,,1,-93.829,5,5,4,264,0.4129
9.362,12.119,0.0,7407.1,6.5,95.055,1.0,,6,-85.186,5,5,13,694,0.4697
7.952,8.932,0.0,2568.0,6.5,98.961,0.8,,1,-94.864,6,5,3,444,0.4505
8.207,8.656,0.0,2443.4,6.5,98.016,0.85,,0,-95.113,6,5,2,230,0.4348
7.759,8.994,0.0,2516.2,6.5,98.273,0.9,,1,-94.968,6,5,3,234,0.3974
8.597,9.524,0.0,2047.2,6.5,98.049,0.95,,0,-95.906,6,5,4,251,0.4183
9.364,12.735,0.0,2449.7,6.5,97.459,1.0,,2,-95.101,6,5,7,372,0.4597
7.896,8.591,0.0,2386.0,6.5,99.077,0.8,,1,-95.228,7,5,3,412,0.4636
8.027,9.084,0.0,2293.6,6.5,98.254,0.85,,0,-95.413,7,5,2,201,0.4378
7.82,8.994,0.0,2299.2,6.5,98.543,0.9,,1,-95.402,7,5,3,232,0.4009
8.229,9.266,0.0,2263.5,6.5,97.957,0.95,,0,-95.473,7,5,3,202,0.4109
9.41,12.701,0.0,1170.1,6.5,98.838,1.0,,3,-97.66,7,5,7,356,0.4691
7.896,8.591,0.0,2386.0,6.5,99.077,0.8,,1,-95.228,8,5,3,412,0.4636
8.027,9.084,0.0,2293.6,6.5,98.254,0.85,,0,-95.413,8,5,2,201,0.4378
7.82,8.994,0.0,2299.2,6.5,98.543,0.9,,1,-95.402,8,5,3,232,0.4009
8.229,9.266,0.0,2263.5,6.5,97.957,0.95,,0,-95.473,8,5,3,202,0.4109
9.41,12.701,0.0,1170.1,6.5,98.838,1.0,,3,-97.66,8,5,7,356,0.4691
7.896,8.591,0.0,2386.0,6.5,99.077,0.8,,1,-95.228,9,5,3,412,0.4636
8.027,9.084,0.0,2293.6,6.5,98.254,0.85,,0,-95.413,9,5,2,201,0.4378
7.82,8.994,0.0,2299.2,6.5,98.543,0.9,,1,-95.402,9,5,3,232,0.4009
8.229,9.266,0.0,2263.5,6.5,97.957,0.95,,0,-95.473,9,5,3,202,0.4109
9.41,12.701,0.0,1170.1,6.5,98.838,1.0,,3,-97.66,9,5,7,356,0.4691
7.896,8.591,0.0,2386.0,6.5,99.077,0.8,,1,-95.228,10,5,3,412,0.4636
8.027,9.084,0.0,2293.6,6.5,98.254,0.85,,0,-95.413,10,5,2,201,0.4378
7.82,8.994,0.0,2299.2,6.5,98.543,0.9,,1,-95.402,10,5,3,232,0.4009
8.229,9.266,0.0,2263.5,6.5,97.957,0.95,,0,-95.473,10,5,3,202,0.4109
9.41,12.701,0.0,1170.1,6.5,98.838,1.0,,3,-97.66,10,5,7,356,0.4691
9.377,10.967,0.0,53691.1,6.5,74.759,0.8,,6,7.382,1,10,13,2636,0.4685
9.467,11.229,0.0,41523.7,6.5,67.48,0.85,,7,-16.953,1,10,13,1733,0.4622
9.573,11.342,0.0,37028.3,6.5,63.214,0.9,,8,-25.943,1,10,13,1306,0.4617
9.51,11.908,0.0,88484.6,6.5,47.885,0.95,,8,76.969,1,10,13,934,0.4764
9.797,11.941,0.0,76051.9,6.5,34.785,1.0,,8,52.104,1,10,13,693,0.482
9.445,10.396,0.0,6954.2,6.5,93.393,0.8,,3,-86.092,2,10,8,1536,0.4609
8.859,8.666,0.0205,7752.2,6.5,89.955,0.85,,1,-84.496,2,10,5,554,0.435
9.573,11.342,0.0,20145.0,6.5,89.381,0.9,,8,-59.71,2,10,13,1306,0.4617
9.51,11.908,0.0,89925.2,6.5,78.418,0.95,,8,79.85,2,10,13,934,0.4764
9.797,11.941,0.0,65239.7,6.5,65.324,1.0,,7,30.479,2,10,13,693,0.482
8.741,8.986,0.0,5091.5,6.5,96.528,0.8,,1,-89.817,3,10,4,753,0.4608
8.931,9.159,0.0908,5115.3,6.5,94.696,0.85,,1,-89.769,3,10,3,370,0.4189
8.878,9.147,0.0,5057.9,6.5,95.288,0.9,,1,-89.884,3,10,4,372,0.4167
9.51,11.908,0.0,80103.5,6.5,90.371,0.95,,7,60.207,3,10,13,934,0.4764
9.797,11.941,0.0,49103.3,6.5,79.664,1.0,,7,-1.793,3,10,13,693,0.482
8.684,9.069,0.0,3875.6,6.5,97.932,0.8,,1,-92.249,4,10,3,574,0.4599
8.742,8.887,0.0,3702.7,6.5,96.928,0.85,,0,-92.595,4,10,3,334,0.4311
8.681,9.176,0.0,3876.3,6.5,97.136,0.9,,1,-92.247,4,10,3,290,0.4103
8.953,8.862,0.012,3861.6,6.5,95.331,0.95,,1,-92.277,4,10,5,300,0.43
9.797,11.941,0.0,25485.3,6.5,88.881,1.0,,6,-49.029,4,10,13,693,0.482
8.531,9.04,0.0,2990.1,6.5,98.755,0.8,,1,-94.02,5,10,3,510,0.4608
8.717,9.11,0.0,3041.2,6.5,97.921,0.85,,0,-93.918,5,10,3,283,0.4417
8.688,9.295,0.0,3103.5,6.5,98.148,0.9,,1,-93.793,5,10,3,279,0.4194
9.097,9.351,0.0501,3013.2,6.5,96.776,0.95,,1,-93.974,5,10,4,259,0.4324
10.026,12.701,0.0,3108.4,6.5,96.437,1.0,,3,-93.783,5,10,8,435,0.4644
8.548,9.044,0.0,1820.4,6.5,99.369,0.8,,1,-96.359,6,10,3,487,0.4661
8.689,9.18,0.0,2337.7,6.5,98.665,0.85,,0,-95.325,6,10,3,274,0.4453
8.373,8.987,0.0,2397.2,6.5,98.848,0.9,,1,-95.206,6,10,3,255,0.4235
8.762,9.118,0.0,2597.4,6.5,97.525,0.95,,0,-94.805,6,10,3,202,0.4257
9.983,12.476,0.0,1788.2,6.5,98.145,1.0,,4,-96.424,6,10,7,356,0.4831
8.321,9.113,0.0,2392.3,6.5,99.232,0.8,,1,-95.215,7,10,3,438,0.4635
8.872,9.089,0.0,2328.6,6.5,98.794,0.85,,0,-95.343,7,10,2,214,0.4626
8.329,9.266,0.0,2281.0,6.5,99.015,0.9,,1,-95.438,7,10,3,234,0.4188
8.77,9.283,0.0,2386.0,6.5,97.847,0.95,,0,-95.228,7,10,3,195,0.4308
8.899,8.805,0.0,2224.3,6.5,97.792,1.0,,2,-95.551,7,10,5,227,0.4449
8.321,9.113,0.0,2392.3,6.5,99.232,0.8,,1,-95.215,8,10,3,438,0.4635
8.872,9.089,0.0,2328.6,6.5,98.794,0.85,,0,-95.343,8,10,2,214,0.4626
8.329,9.266,0.0,2281.0,6.5,99.015,0.9,,1,-95.438,8,10,3,234,0.4188
8.77,9.283,0.0,2386.0,6.5,97.847,0.95,,0,-95.228,8,10,3,195,0.4308
8.899,8.805,0.0,2224.3,6.5,97.792,1.0,,2,-95.551,8,10,5,227,0.4449
8.321,9.113,0.0,2392.3,6.5,99.232,0.8,,1,-95.215,9,10,3,438,0.4635
8.872,9.089,0.0,2328.6,6.5,98.794,0.85,,0,-95.343,9,10,2,214,0.4626
8.329,9.266,0.0,2281.0,6.5,99.015,0.9,,1,-95.438,9,10,3,234,0.4188
8.77,9.283,0.0,2386.0,6.5,97.847,0.95,,0,-95.228,9,10,3,195,0.4308
8.899,8.805,0.0,2224.3,6.5,97.792,1.0,,2,-95.551,9,10,5,227,0.4449
8.321,9.113,0.0,2392.3,6.5,99.232,0.8,,1,-95.215,10,10,3,438,0.4635
8.872,9.089,0.0,2328.6,6.5,98.794,0.85,,0,-95.343,10,10,2,214,0.4626
8.329,9.266,0.0,2281.0,6.5,99.015,0.9,,1,-95.438,10,10,3,234,0.4188
8.77,9.283,0.0,2386.0,6.5,97.847,0.95,,0,-95.228,10,10,3,195,0.4308
8.899,8.805,0.0,2224.3,6.5,97.792,1.0,,2,-95.551,10,10,5,227,0.4449
9.609,11.089,0.0,44850.8,6.5,74.739,0.8,,6,-10.298,1,15,13,2633,0.4698
9.659,11.438,0.0,42294.4,6.5,67.15,0.85,,7,-15.411,1,15,13,1732,0.4636
9.82,11.631,0.0,34943.7,6.5,63.214,0.9,,8,-30.113,1,15,13,1305,0.4628
9.866,12.299,0.0,88712.1,6.5,47.885,0.95,,8,77.424,1,15,13,933,0.478
10.335,12.461,0.0,74551.1,6.5,34.785,1.0,,8,49.102,1,15,13,692,0.4841
9.349,10.274,0.0,7792.1,6.5,92.596,0.8,,3,-84.416,2,15,8,1499,0.4623
8.87,8.648,0.0207,7775.3,6.5,89.926,0.85,,1,-84.449,2,15,5,555,0.436
9.82,11.631,0.0,18633.7,6.5,89.381,0.9,,8,-62.733,2,15,13,1305,0.4628
9.866,12.299,0.0,87960.3,6.5,78.418,0.95,,7,75.921,2,15,13,933,0.478
10.335,12.461,0.0,58490.3,6.5,65.324,1.0,,7,16.981,2,15,13,692,0.4841
8.736,8.953,0.0,5197.9,6.5,96.455,0.8,,1,-89.604,3,15,4,736,0.462
8.931,9.159,0.0908,5115.3,6.5,94.696,0.85,,1,-89.769,3,15,3,370,0.4189
8.878,9.147,0.0,5057.9,6.5,95.288,0.9,,1,-89.884,3,15,4,372,0.4167
9.866,12.299,0.0,66242.8,6.5,90.371,0.95,,6,32.486,3,15,13,933,0.478
10.335,12.461,0.0,40898.6,6.5,79.664,1.0,,7,-18.203,3,15,13,692,0.4841
8.678,9.069,0.0,3712.5,6.5,98.019,0.8,,1,-92.575,4,15,3,575,0.4591
8.742,8.887,0.0,3702.7,6.5,96.928,0.85,,0,-92.595,4,15,3,334,0.4311
8.681,9.176,0.0,3876.3,6.5,97.136,0.9,,1,-92.247,4,15,3,290,0.4103
8.953,8.862,0.012,3861.6,6.5,95.331,0.95,,1,-92.277,4,15,5,300,0.43
10.335,12.461,0.0,15752.5,6.5,88.881,1.0,,6,-68.495,4,15,13,692,0.4841
8.522,9.04,0.0,3047.5,6.5,98.731,0.8,,1,-93.905,5,15,3,510,0.4608
8.717,9.11,0.0,3041.2,6.5,97.921,0.85,,0,-93.918,5,15,3,283,0.4417
8.688,9.295,0.0,3103.5,6.5,98.148,0.9,,1,-93.793,5,15,3,279,0.4194
9.097,9.351,0.0501,3013.2,6.5,96.776,0.95,,1,-93.974,5,15,4,259,0.4324
10.026,12.701,0.0,3108.4,6.5,96.437,1.0,,3,-93.783,5,15,8,435,0.4644
8.548,9.044,0.0,1820.4,6.5,99.369,0.8,,1,-96.359,6,15,3,487,0.4661
8.689,9.18,0.0,2337.7,6.5,98.665,0.85,,0,-95.325,6,15,3,274,0.4453
8.373,8.987,0.0,2397.2,6.5,98.848,0.9,,1,-95.206,6,15,3,255,0.4235
8.762,9.118,0.0,2597.4,6.5,97.525,0.95,,0,-94.805,6,15,3,202,0.4257
9.983,12.476,0.0,1788.2,6.5,98.145,1.0,,4,-96.424,6,15,7,356,0.4831
8.321,9.113,0.0,2392.3,6.5,99.232,0.8,,1,-95.215,7,15,3,438,0.4635
8.872,9.089,0.0,2328.6,6.5,98.794,0.85,,0,-95.343,7,15,2,214,0.4626
8.329,9.266,0.0,2281.0,6.5,99.015,0.9,,1,-95.438,7,15,3,234,0.4188
8.77,9.283,0.0,2386.0,6.5,97.847,0.95,,0,-95.228,7,15,3,195,0.4308
8.899,8.805,0.0,2224.3,6.5,97.792,1.0,,2,-95.551,7,15,5,227,0.4449
8.321,9.113,0.0,2392.3,6.5,99.232,0.8,,1,-95.215,8,15,3,438,0.4635
8.872,9.089,0.0,2328.6,6.5,98.794,0.85,,0,-95.343,8,15,2,214,0.4626
8.329,9.266,0.0,2281.0,6.5,99.015,0.9,,1,-95.438,8,15,3,234,0.4188
8.77,9.283,0.0,2386.0,6.5,97.847,0.95,,0,-95.228,8,15,3,195,0.4308
8.899,8.805,0.0,2224.3,6.5,97.792,1.0,,2,-95.551,8,15,5,227,0.4449
8.321,9.113,0.0,2392.3,6.5,99.232,0.8,,1,-95.215,9,15,3,438,0.4635
8.872,9.089,0.0,2328.6,6.5,98.794,0.85,,0,-95.343,9,15,2,214,0.4626
8.329,9.266,0.0,2281.0,6.5,99.015,0.9,,1,-95.438,9,15,3,234,0.4188
8.77,9.283,0.0,2386.0,6.5,97.847,0.95,,0,-95.228,9,15,3,195,0.4308
8.899,8.805,0.0,2224.3,6.5,97.792,1.0,,2,-95.551,9,15,5,227,0.4449
8.321,9.113,0.0,2392.3,6.5,99.232,0.8,,1,-95.215,10,15,3,438,0.4635
8.872,9.089,0.0,2328.6,6.5,98.794,0.85,,0,-95.343,10,15,2,214,0.4626
8.329,9.266,0.0,2281.0,6.5,99.015,0.9,,1,-95.438,10,15,3,234,0.4188
8.77,9.283,0.0,2386.0,6.5,97.847,0.95,,0,-95.228,10,15,3,195,0.4308
8.899,8.805,0.0,2224.3,6.5,97.792,1.0,,2,-95.551,10,15,5,227,0.4449
9.619,11.089,0.0,44680.7,6.5,74.917,0.8,,6,-10.639,1,20,13,2633,0.4702
9.668,11.438,0.0,42003.9,6.5,67.1,0.85,,7,-15.992,1,20,13,1732,0.4642
9.82,11.631,0.0,34943.7,6.5,63.214,0.9,,8,-30.113,1,20,13,1305,0.4628
9.866,12.299,0.0,88712.1,6.5,47.885,0.95,,8,77.424,1,20,13,933,0.478
10.335,12.461,0.0,74551.1,6.5,34.785,1.0,,8,49.102,1,20,13,692,0.4841
9.492,10.365,0.0,6974.5,6.5,93.373,0.8,,3,-86.051,2,20,8,1534,0.4628
8.87,8.648,0.0207,7775.3,6.5,89.926,0.85,,1,-84.449,2,20,5,555,0.436
9.82,11.631,0.0,18633.7,6.5,89.381,0.9,,8,-62.733,2,20,13,1305,0.4628
9.866,12.299,0.0,87960.3,6.5,78.418,0.95,,7,75.921,2,20,13,933,0.478
10.335,12.461,0.0,58490.3,6.5,65.324,1.0,,7,16.981,2,20,13,692,0.4841
8.778,8.968,0.0,5158.0,6.5,96.483,0.8,,1,-89.684,3,20,4,752,0.4628
8.931,9.159,0.0908,5115.3,6.5,94.696,0.85,,1,-89.769,3,20,3,370,0.4189
8.878,9.147,0.0,5057.9,6.5,95.288,0.9,,1,-89.884,3,20,4,372,0.4167
9.866,12.299,0.0,66242.8,6.5,90.371,0.95,,6,32.486,3,20,13,933,0.478
10.335,12.461,0.0,40898.6,6.5,79.664,1.0,,7,-18.203,3,20,13,692,0.4841
8.693,9.069,0.0,3810.5,6.5,97.966,0.8,,1,-92.379,4,20,3,574,0.4599
8.742,8.887,0.0,3702.7,6.5,96.928,0.85,,0,-92.595,4,20,3,334,0.4311
8.681,9.176,0.0,3876.3,6.5,97.136,0.9,,1,-92.247,4,20,3,290,0.4103
8.953,8.862,0.012,3861.6,6.5,95.331,0.95,,1,-92.277,4,20,5,300,0.43
10.335,12.461,0.0,15752.5,6.5,88.881,1.0,,6,-68.495,4,20,13,692,0.4841
8.541,9.04,0.0,2925.0,6.5,98.782,0.8,,1,-94.15,5,20,3,510,0.4608
8.717,9.11,0.0,3041.2,6.5,97.921,0.85,,0,-93.918,5,20,3,283,0.4417
8.688,9.295,0.0,3103.5,6.5,98.148,0.9,,1,-93.793,5,20,3,279,0.4194
9.097,9.351,0.0501,3013.2,6.5,96.776,0.95,,1,-93.974,5,20,4,259,0.4324
10.026,12.701,0.0,3108.4,6.5,96.437,1.0,,3,-93.783,5,20,8,435,0.4644
8.548,9.044,0.0,1820.4,6.5,99.369,0.8,,1,-96.359,6,20,3,487,0.4661
8.689,9.18,0.0,2337.7,6.5,98.665,0.85,,0,-95.325,6,20,3,274,0.4453
8.373,8.987,0.0,2397.2,6.5,98.848,0.9,,1,-95.206,6,20,3,255,0.4235
8.762,9.118,0.0,2597.4,6.5,97.525,0.95,,0,-94.805,6,20,3,202,0.4257
9.983,12.476,0.0,1788.2,6.5,98.145,1.0,,4,-96.424,6,20,7,356,0.4831
8.321,9.113,0.0,2392.3,6.5,99.232,0.8,,1,-95.215,7,20,3,438,0.4635
8.872,9.089,0.0,2328.6,6.5,98.794,0.85,,0,-95.343,7,20,2,214,0.4626
8.329,9.266,0.0,2281.0,6.5,99.015,0.9,,1,-95.438,7,20,3,234,0.4188
8.77,9.283,0.0,2386.0,6.5,97.847,0.95,,0,-95.228,7,20,3,195,0.4308
8.899,8.805,0.0,2224.3,6.5,97.792,1.0,,2,-95.551,7,20,5,227,0.4449
8.321,9.113,0.0,2392.3,6.5,99.232,0.8,,1,-95.215,8,20,3,438,0.4635
8.872,9.089,0.0,2328.6,6.5,98.794,0.85,,0,-95.343,8,20,2,214,0.4626
8.329,9.266,0.0,2281.0,6.5,99.015,0.9,,1,-95.438,8,20,3,234,0.4188
8.77,9.283,0.0,2386.0,6.5,97.847,0.95,,0,-95.228,8,20,3,195,0.4308
8.899,8.805,0.0,2224.3,6.5,97.792,1.0,,2,-95.551,8,20,5,227,0.4449
8.321,9.113,0.0,2392.3,6.5,99.232,0.8,,1,-95.215,9,20,3,438,0.4635
8.872,9.089,0.0,2328.6,6.5,98.794,0.85,,0,-95.343,9,20,2,214,0.4626
8.329,9.266,0.0,2281.0,6.5,99.015,0.9,,1,-95.438,9,20,3,234,0.4188
8.77,9.283,0.0,2386.0,6.5,97.847,0.95,,0,-95.228,9,20,3,195,0.4308
8.899,8.805,0.0,2224.3,6.5,97.792,1.0,,2,-95.551,9,20,5,227,0.4449
8.321,9.113,0.0,2392.3,6.5,99.232,0.8,,1,-95.215,10,20,3,438,0.4635
8.872,9.089,0.0,2328.6,6.5,98.794,0.85,,0,-95.343,10,20,2,214,0.4626
8.329,9.266,0.0,2281.0,6.5,99.015,0.9,,1,-95.438,10,20,3,234,0.4188
8.77,9.283,0.0,2386.0,6.5,97.847,0.95,,0,-95.228,10,20,3,195,0.4308
8.899,8.805,0.0,2224.3,6.5,97.792,1.0,,2,-95.551,10,20,5,227,0.4449
9.619,11.089,0.0,44680.7,6.5,74.917,0.8,,6,-10.639,1,25,13,2633,0.4702
9.668,11.438,0.0,42003.9,6.5,67.1,0.85,,7,-15.992,1,25,13,1732,0.4642
9.82,11.631,0.0,34943.7,6.5,63.214,0.9,,8,-30.113,1,25,13,1305,0.4628
9.866,12.299,0.0,88712.1,6.5,47.885,0.95,,8,77.424,1,25,13,933,0.478
10.335,12.461,0.0,74551.1,6.5,34.785,1.0,,8,49.102,1,25,13,692,0.4841
9.492,10.365,0.0,6974.5,6.5,93.373,0.8,,3,-86.051,2,25,8,1534,0.4628
8.87,8.648,0.0207,7775.3,6.5,89.926,0.85,,1,-84.449,2,25,5,555,0.436
9.82,11.631,0.0,18633.7,6.5,89.381,0.9,,8,-62.733,2,25,13,1305,0.4628
9.866,12.299,0.0,87960.3,6.5,78.418,0.95,,7,75.921,2,25,13,933,0.478
10.335,12.461,0.0,58490.3,6.5,65.324,1.0,,7,16.981,2,25,13,692,0.4841
8.778,8.968,0.0,5158.0,6.5,96.483,0.8,,1,-89.684,3,25,4,752,0.4628
8.931,9.159,0.0908,5115.3,6.5,94.696,0.85,,1,-89.769,3,25,3,370,0.4189
8.878,9.147,0.0,5057.9,6.5,95.288,0.9,,1,-89.884,3,25,4,372,0.4167
9.866,12.299,0.0,66242.8,6.5,90.371,0.95,,6,32.486,3,25,13,933,0.478
10.335,12.461,0.0,40898.6,6.5,79.664,1.0,,7,-18.203,3,25,13,692,0.4841
8.693,9.069,0.0,3810.5,6.5,97.966,0.8,,1,-92.379,4,25,3,574,0.4599
8.742,8.887,0.0,3702.7,6.5,96.928,0.85,,0,-92.595,4,25,3,334,0.4311
8.681,9.176,0.0,3876.3,6.5,97.136,0.9,,1,-92.247,4,25,3,290,0.4103
8.953,8.862,0.012,3861.6,6.5,95.331,0.95,,1,-92.277,4,25,5,300,0.43
10.335,12.461,0.0,15752.5,6.5,88.881,1.0,,6,-68.495,4,25,13,692,0.4841
8.541,9.04,0.0,2925.0,6.5,98.782,0.8,,1,-94.15,5,25,3,510,0.4608
8.717,9.11,0.0,3041.2,6.5,97.921,0.85,,0,-93.918,5,25,3,283,0.4417
8.688,9.295,0.0,3103.5,6.5,98.148,0.9,,1,-93.793,5,25,3,279,0.4194
9.097,9.351,0.0501,3013.2,6.5,96.776,0.95,,1,-93.974,5,25,4,259,0.4324
10.026,12.701,0.0,3108.4,6.5,96.437,1.0,,3,-93.783,5,25,8,435,0.4644
8.548,9.044,0.0,1820.4,6.5,99.369,0.8,,1,-96.359,6,25,3,487,0.4661
8.689,9.18,0.0,2337.7,6.5,98.665,0.85,,0,-95.325,6,25,3,274,0.4453
8.373,8.987,0.0,2397.2,6.5,98.848,0.9,,1,-95.206,6,25,3,255,0.4235
8.762,9.118,0.0,2597.4,6.5,97.525,0.95,,0,-94.805,6,25,3,202,0.4257
9.983,12.476,0.0,1788.2,6.5,98.145,1.0,,4,-96.424,6,25,7,356,0.4831
8.321,9.113,0.0,2392.3,6.5,99.232,0.8,,1,-95.215,7,25,3,438,0.4635
8.872,9.089,0.0,2328.6,6.5,98.794,0.85,,0,-95.343,7,25,2,214,0.4626
8.329,9.266,0.0,2281.0,6.5,99.015,0.9,,1,-95.438,7,25,3,234,0.4188
8.77,9.283,0.0,2386.0,6.5,97.847,0.95,,0,-95.228,7,25,3,195,0.4308
8.899,8.805,0.0,2224.3,6.5,97.792,1.0,,2,-95.551,7,25,5,227,0.4449
8.321,9.113,0.0,2392.3,6.5,99.232,0.8,,1,-95.215,8,25,3,438,0.4635
8.872,9.089,0.0,2328.6,6.5,98.794,0.85,,0,-95.343,8,25,2,214,0.4626
8.329,9.266,0.0,2281.0,6.5,99.015,0.9,,1,-95.438,8,25,3,234,0.4188
8.77,9.283,0.0,2386.0,6.5,97.847,0.95,,0,-95.228,8,25,3,195,0.4308
8.899,8.805,0.0,2224.3,6.5,97.792,1.0,,2,-95.551,8,25,5,227,0.4449
8.321,9.113,0.0,2392.3,6.5,99.232,0.8,,1,-95.215,9,25,3,438,0.4635
8.872,9.089,0.0,2328.6,6.5,98.794,0.85,,0,-95.343,9,25,2,214,0.4626
8.329,9.266,0.0,2281.0,6.5,99.015,0.9,,1,-95.438,9,25,3,234,0.4188
8.77,9.283,0.0,2386.0,6.5,97.847,0.95,,0,-95.228,9,25,3,195,0.4308
8.899,8.805,0.0,2224.3,6.5,97.792,1.0,,2,-95.551,9,25,5,227,0.4449
8.321,9.113,0.0,2392.3,6.5,99.232,0.8,,1,-95.215,10,25,3,438,0.4635
8.872,9.089,0.0,2328.6,6.5,98.794,0.85,,0,-95.343,10,25,2,214,0.4626
8.329,9.266,0.0,2281.0,6.5,99.015,0.9,,1,-95.438,10,25,3,234,0.4188
8.77,9.283,0.0,2386.0,6.5,97.847,0.95,,0,-95.228,10,25,3,195,0.4308
8.899,8.805,0.0,2224.3,6.5,97.792,1.0,,2,-95.551,10,25,5,227,0.4449
9.619,11.089,0.0,44680.7,6.5,74.917,0.8,,6,-10.639,1,30,13,2633,0.4702
9.668,11.438,0.0,42003.9,6.5,67.1,0.85,,7,-15.992,1,30,13,1732,0.4642
9.82,11.631,0.0,34943.7,6.5,63.214,0.9,,8,-30.113,1,30,13,1305,0.4628
9.866,12.299,0.0,88712.1,6.5,47.885,0.95,,8,77.424,1,30,13,933,0.478
10.335,12.461,0.0,74551.1,6.5,34.785,1.0,,8,49.102,1,30,13,692,0.4841
9.492,10.365,0.0,6974.5,6.5,93.373,0.8,,3,-86.051,2,30,8,1534,0.4628
8.87,8.648,0.0207,7775.3,6.5,89.926,0.85,,1,-84.449,2,30,5,555,0.436
9.82,11.631,0.0,18633.7,6.5,89.381,0.9,,8,-62.733,2,30,13,1305,0.4628
9.866,12.299,0.0,87960.3,6.5,78.418,0.95,,7,75.921,2,30,13,933,0.478
10.335,12.461,0.0,58490.3,6.5,65.324,1.0,,7,16.981,2,30,13,692,0.4841
8.778,8.968,0.0,5158.0,6.5,96.483,0.8,,1,-89.684,3,30,4,752,0.4628
8.931,9.159,0.0908,5115.3,6.5,94.696,0.85,,1,-89.769,3,30,3,370,0.4189
8.878,9.147,0.0,5057.9,6.5,95.288,0.9,,1,-89.884,3,30,4,372,0.4167
9.866,12.299,0.0,66242.8,6.5,90.371,0.95,,6,32.486,3,30,13,933,0.478
10.335,12.461,0.0,40898.6,6.5,79.664,1.0,,7,-18.203,3,30,13,692,0.4841
8.693,9.069,0.0,3810.5,6.5,97.966,0.8,,1,-92.379,4,30,3,574,0.4599
8.742,8.887,0.0,3702.7,6.5,96.928,0.85,,0,-92.595,4,30,3,334,0.4311
8.681,9.176,0.0,3876.3,6.5,97.136,0.9,,1,-92.247,4,30,3,290,0.4103
8.953,8.862,0.012,3861.6,6.5,95.331,0.95,,1,-92.277,4,30,5,300,0.43
10.335,12.461,0.0,15752.5,6.5,88.881,1.0,,6,-68.495,4,30,13,692,0.4841
8.541,9.04,0.0,2925.0,6.5,98.782,0.8,,1,-94.15,5,30,3,510,0.4608
8.717,9.11,0.0,3041.2,6.5,97.921,0.85,,0,-93.918,5,30,3,283,0.4417
8.688,9.295,0.0,3103.5,6.5,98.148,0.9,,1,-93.793,5,30,3,279,0.4194
9.097,9.351,0.0501,3013.2,6.5,96.776,0.95,,1,-93.974,5,30,4,259,0.4324
10.026,12.701,0.0,3108.4,6.5,96.437,1.0,,3,-93.783,5,30,8,435,0.4644
8.548,9.044,0.0,1820.4,6.5,99.369,0.8,,1,-96.359,6,30,3,487,0.4661
8.689,9.18,0.0,2337.7,6.5,98.665,0.85,,0,-95.325,6,30,3,274,0.4453
8.373,8.987,0.0,2397.2,6.5,98.848,0.9,,1,-95.206,6,30,3,255,0.4235
8.762,9.118,0.0,2597.4,6.5,97.525,0.95,,0,-94.805,6,30,3,202,0.4257
9.983,12.476,0.0,1788.2,6.5,98.145,1.0,,4,-96.424,6,30,7,356,0.4831
8.321,9.113,0.0,2392.3,6.5,99.232,0.8,,1,-95.215,7,30,3,438,0.4635
8.872,9.089,0.0,2328.6,6.5,98.794,0.85,,0,-95.343,7,30,2,214,0.4626
8.329,9.266,0.0,2281.0,6.5,99.015,0.9,,1,-95.438,7,30,3,234,0.4188
8.77,9.283,0.0,2386.0,6.5,97.847,0.95,,0,-95.228,7,30,3,195,0.4308
8.899,8.805,0.0,2224.3,6.5,97.792,1.0,,2,-95.551,7,30,5,227,0.4449
8.321,9.113,0.0,2392.3,6.5,99.232,0.8,,1,-95.215,8,30,3,438,0.4635
8.872,9.089,0.0,2328.6,6.5,98.794,0.85,,0,-95.343,8,30,2,214,0.4626
8.329,9.266,0.0,2281.0,6.5,99.015,0.9,,1,-95.438,8,30,3,234,0.4188
8.77,9.283,0.0,2386.0,6.5,97.847,0.95,,0,-95.228,8,30,3,195,0.4308
8.899,8.805,0.0,2224.3,6.5,97.792,1.0,,2,-95.551,8,30,5,227,0.4449
8.321,9.113,0.0,2392.3,6.5,99.232,0.8,,1,-95.215,9,30,3,438,0.4635
8.872,9.089,0.0,2328.6,6.5,98.794,0.85,,0,-95.343,9,30,2,214,0.4626
8.329,9.266,0.0,2281.0,6.5,99.015,0.9,,1,-95.438,9,30,3,234,0.4188
8.77,9.283,0.0,2386.0,6.5,97.847,0.95,,0,-95.228,9,30,3,195,0.4308
8.899,8.805,0.0,2224.3,6.5,97.792,1.0,,2,-95.551,9,30,5,227,0.4449
8.321,9.113,0.0,2392.3,6.5,99.232,0.8,,1,-95.215,10,30,3,438,0.4635
8.872,9.089,0.0,2328.6,6.5,98.794,0.85,,0,-95.343,10,30,2,214,0.4626
8.329,9.266,0.0,2281.0,6.5,99.015,0.9,,1,-95.438,10,30,3,234,0.4188
8.77,9.283,0.0,2386.0,6.5,97.847,0.95,,0,-95.228,10,30,3,195,0.4308
8.899,8.805,0.0,2224.3,6.5,97.792,1.0,,2,-95.551,10,30,5,227,0.4449
9.619,11.089,0.0,44680.7,6.5,74.917,0.8,,6,-10.639,1,35,13,2633,0.4702
9.668,11.438,0.0,42003.9,6.5,67.1,0.85,,7,-15.992,1,35,13,1732,0.4642
9.82,11.631,0.0,34943.7,6.5,63.214,0.9,,8,-30.113,1,35,13,1305,0.4628
9.866,12.299,0.0,88712.1,6.5,47.885,0.95,,8,77.424,1,35,13,933,0.478
10.335,12.461,0.0,74551.1,6.5,34.785,1.0,,8,49.102,1,35,13,692,0.4841
9.492,10.365,0.0,6974.5,6.5,93.373,0.8,,3,-86.051,2,35,8,1534,0.4628
8.87,8.648,0.0207,7775.3,6.5,89.926,0.85,,1,-84.449,2,35,5,555,0.436
9.82,11.631,0.0,18633.7,6.5,89.381,0.9,,8,-62.733,2,35,13,1305,0.4628
9.866,12.299,0.0,87960.3,6.5,78.418,0.95,,7,75.921,2,35,13,933,0.478
10.335,12.461,0.0,58490.3,6.5,65.324,1.0,,7,16.981,2,35,13,692,0.4841
8.778,8.968,0.0,5158.0,6.5,96.483,0.8,,1,-89.684,3,35,4,752,0.4628
8.931,9.159,0.0908,5115.3,6.5,94.696,0.85,,1,-89.769,3,35,3,370,0.4189
8.878,9.147,0.0,5057.9,6.5,95.288,0.9,,1,-89.884,3,35,4,372,0.4167
9.866,12.299,0.0,66242.8,6.5,90.371,0.95,,6,32.486,3,35,13,933,0.478
10.335,12.461,0.0,40898.6,6.5,79.664,1.0,,7,-18.203,3,35,13,692,0.4841
8.693,9.069,0.0,3810.5,6.5,97.966,0.8,,1,-92.379,4,35,3,574,0.4599
8.742,8.887,0.0,3702.7,6.5,96.928,0.85,,0,-92.595,4,35,3,334,0.4311
8.681,9.176,0.0,3876.3,6.5,97.136,0.9,,1,-92.247,4,35,3,290,0.4103
8.953,8.862,0.012,3861.6,6.5,95.331,0.95,,1,-92.277,4,35,5,300,0.43
10.335,12.461,0.0,15752.5,6.5,88.881,1.0,,6,-68.495,4,35,13,692,0.4841
8.541,9.04,0.0,2925.0,6.5,98.782,0.8,,1,-94.15,5,35,3,510,0.4608
8.717,9.11,0.0,3041.2,6.5,97.921,0.85,,0,-93.918,5,35,3,283,0.4417
8.688,9.295,0.0,3103.5,6.5,98.148,0.9,,1,-93.793,5,35,3,279,0.4194
9.097,9.351,0.0501,3013.2,6.5,96.776,0.95,,1,-93.974,5,35,4,259,0.4324
10.026,12.701,0.0,3108.4,6.5,96.437,1.0,,3,-93.783,5,35,8,435,0.4644
8.548,9.044,0.0,1820.4,6.5,99.369,0.8,,1,-96.359,6,35,3,487,0.4661
8.689,9.18,0.0,2337.7,6.5,98.665,0.85,,0,-95.325,6,35,3,274,0.4453
8.373,8.987,0.0,2397.2,6.5,98.848,0.9,,1,-95.206,6,35,3,255,0.4235
8.762,9.118,0.0,2597.4,6.5,97.525,0.95,,0,-94.805,6,35,3,202,0.4257
9.983,12.476,0.0,1788.2,6.5,98.145,1.0,,4,-96.424,6,35,7,356,0.4831
8.321,9.113,0.0,2392.3,6.5,99.232,0.8,,1,-95.215,7,35,3,438,0.4635
8.872,9.089,0.0,2328.6,6.5,98.794,0.85,,0,-95.343,7,35,2,214,0.4626
8.329,9.266,0.0,2281.0,6.5,99.015,0.9,,1,-95.438,7,35,3,234,0.4188
8.77,9.283,0.0,2386.0,6.5,97.847,0.95,,0,-95.228,7,35,3,195,0.4308
8.899,8.805,0.0,2224.3,6.5,97.792,1.0,,2,-95.551,7,35,5,227,0.4449
8.321,9.113,0.0,2392.3,6.5,99.232,0.8,,1,-95.215,8,35,3,438,0.4635
8.872,9.089,0.0,2328.6,6.5,98.794,0.85,,0,-95.343,8,35,2,214,0.4626
8.329,9.266,0.0,2281.0,6.5,99.015,0.9,,1,-95.438,8,35,3,234,0.4188
8.77,9.283,0.0,2386.0,6.5,97.847,0.95,,0,-95.228,8,35,3,195,0.4308
8.899,8.805,0.0,2224.3,6.5,97.792,1.0,,2,-95.551,8,35,5,227,0.4449
8.321,9.113,0.0,2392.3,6.5,99.232,0.8,,1,-95.215,9,35,3,438,0.4635
8.872,9.089,0.0,2328.6,6.5,98.794,0.85,,0,-95.343,9,35,2,214,0.4626
8.329,9.266,0.0,2281.0,6.5,99.015,0.9,,1,-95.438,9,35,3,234,0.4188
8.77,9.283,0.0,2386.0,6.5,97.847,0.95,,0,-95.228,9,35,3,195,0.4308
8.899,8.805,0.0,2224.3,6.5,97.792,1.0,,2,-95.551,9,35,5,227,0.4449
8.321,9.113,0.0,2392.3,6.5,99.232,0.8,,1,-95.215,10,35,3,438,0.4635
8.872,9.089,0.0,2328.6,6.5,98.794,0.85,,0,-95.343,10,35,2,214,0.4626
8.329,9.266,0.0,2281.0,6.5,99.015,0.9,,1,-95.438,10,35,3,234,0.4188
8.77,9.283,0.0,2386.0,6.5,97.847,0.95,,0,-95.228,10,35,3,195,0.4308
8.899,8.805,0.0,2224.3,6.5,97.792,1.0,,2,-95.551,10,35,5,227,0.4449
9.619,11.089,0.0,44680.7,6.5,74.917,0.8,,6,-10.639,1,40,13,2633,0.4702
9.668,11.438,0.0,42003.9,6.5,67.1,0.85,,7,-15.992,1,40,13,1732,0.4642
9.82,11.631,0.0,34943.7,6.5,63.214,0.9,,8,-30.113,1,40,13,1305,0.4628
9.866,12.299,0.0,88712.1,6.5,47.885,0.95,,8,77.424,1,40,13,933,0.478
10.335,12.461,0.0,74551.1,6.5,34.785,1.0,,8,49.102,1,40,13,692,0.4841
9.492,10.365,0.0,6974.5,6.5,93.373,0.8,,3,-86.051,2,40,8,1534,0.4628
8.87,8.648,0.0207,7775.3,6.5,89.926,0.85,,1,-84.449,2,40,5,555,0.436
9.82,11.631,0.0,18633.7,6.5,89.381,0.9,,8,-62.733,2,40,13,1305,0.4628
9.866,12.299,0.0,87960.3,6.5,78.418,0.95,,7,75.921,2,40,13,933,0.478
10.335,12.461,0.0,58490.3,6.5,65.324,1.0,,7,16.981,2,40,13,692,0.4841
8.778,8.968,0.0,5158.0,6.5,96.483,0.8,,1,-89.684,3,40,4,752,0.4628
8.931,9.159,0.0908,5115.3,6.5,94.696,0.85,,1,-89.769,3,40,3,370,0.4189
8.878,9.147,0.0,5057.9,6.5,95.288,0.9,,1,-89.884,3,40,4,372,0.4167
9.866,12.299,0.0,66242.8,6.5,90.371,0.95,,6,32.486,3,40,13,933,0.478
10.335,12.461,0.0,40898.6,6.5,79.664,1.0,,7,-18.203,3,40,13,692,0.4841
8.693,9.069,0.0,3810.5,6.5,97.966,0.8,,1,-92.379,4,40,3,574,0.4599
8.742,8.887,0.0,3702.7,6.5,96.928,0.85,,0,-92.595,4,40,3,334,0.4311
8.681,9.176,0.0,3876.3,6.5,97.136,0.9,,1,-92.247,4,40,3,290,0.4103
8.953,8.862,0.012,3861.6,6.5,95.331,0.95,,1,-92.277,4,40,5,300,0.43
10.335,12.461,0.0,15752.5,6.5,88.881,1.0,,6,-68.495,4,40,13,692,0.4841
8.541,9.04,0.0,2925.0,6.5,98.782,0.8,,1,-94.15,5,40,3,510,0.4608
8.717,9.11,0.0,3041.2,6.5,97.921,0.85,,0,-93.918,5,40,3,283,0.4417
8.688,9.295,0.0,3103.5,6.5,98.148,0.9,,1,-93.793,5,40,3,279,0.4194
9.097,9.351,0.0501,3013.2,6.5,96.776,0.95,,1,-93.974,5,40,4,259,0.4324
10.026,12.701,0.0,3108.4,6.5,96.437,1.0,,3,-93.783,5,40,8,435,0.4644
8.548,9.044,0.0,1820.4,6.5,99.369,0.8,,1,-96.359,6,40,3,487,0.4661
8.689,9.18,0.0,2337.7,6.5,98.665,0.85,,0,-95.325,6,40,3,274,0.4453
8.373,8.987,0.0,2397.2,6.5,98.848,0.9,,1,-95.206,6,40,3,255,0.4235
8.762,9.118,0.0,2597.4,6.5,97.525,0.95,,0,-94.805,6,40,3,202,0.4257
9.983,12.476,0.0,1788.2,6.5,98.145,1.0,,4,-96.424,6,40,7,356,0.4831
8.321,9.113,0.0,2392.3,6.5,99.232,0.8,,1,-95.215,7,40,3,438,0.4635
8.872,9.089,0.0,2328.6,6.5,98.794,0.85,,0,-95.343,7,40,2,214,0.4626
8.329,9.266,0.0,2281.0,6.5,99.015,0.9,,1,-95.438,7,40,3,234,0.4188
8.77,9.283,0.0,2386.0,6.5,97.847,0.95,,0,-95.228,7,40,3,195,0.4308
8.899,8.805,0.0,2224.3,6.5,97.792,1.0,,2,-95.551,7,40,5,227,0.4449
8.321,9.113,0.0,2392.3,6.5,99.232,0.8,,1,-95.215,8,40,3,438,0.4635
8.872,9.089,0.0,2328.6,6.5,98.794,0.85,,0,-95.343,8,40,2,214,0.4626
8.329,9.266,0.0,2281.0,6.5,99.015,0.9,,1,-95.438,8,40,3,234,0.4188
8.77,9.283,0.0,2386.0,6.5,97.847,0.95,,0,-95.228,8,40,3,195,0.4308
8.899,8.805,0.0,2224.3,6.5,97.792,1.0,,2,-95.551,8,40,5,227,0.4449
8.321,9.113,0.0,2392.3,6.5,99.232,0.8,,1,-95.215,9,40,3,438,0.4635
8.872,9.089,0.0,2328.6,6.5,98.794,0.85,,0,-95.343,9,40,2,214,0.4626
8.329,9.266,0.0,2281.0,6.5,99.015,0.9,,1,-95.438,9,40,3,234,0.4188
8.77,9.283,0.0,2386.0,6.5,97.847,0.95,,0,-95.228,9,40,3,195,0.4308
8.899,8.805,0.0,2224.3,6.5,97.792,1.0,,2,-95.551,9,40,5,227,0.4449
8.321,9.113,0.0,2392.3,6.5,99.232,0.8,,1,-95.215,10,40,3,438,0.4635
8.872,9.089,0.0,2328.6,6.5,98.794,0.85,,0,-95.343,10,40,2,214,0.4626
8.329,9.266,0.0,2281.0,6.5,99.015,0.9,,1,-95.438,10,40,3,234,0.4188
8.77,9.283,0.0,2386.0,6.5,97.847,0.95,,0,-95.228,10,40,3,195,0.4308
8.899,8.805,0.0,2224.3,6.5,97.792,1.0,,2,-95.551,10,40,5,227,0.4449
9.619,11.089,0.0,44680.7,6.5,74.917,0.8,,6,-10.639,1,45,13,2633,0.4702
9.668,11.438,0.0,42003.9,6.5,67.1,0.85,,7,-15.992,1,45,13,1732,0.4642
9.82,11.631,0.0,34943.7,6.5,63.214,0.9,,8,-30.113,1,45,13,1305,0.4628
9.866,12.299,0.0,88712.1,6.5,47.885,0.95,,8,77.424,1,45,13,933,0.478
10.335,12.461,0.0,74551.1,6.5,34.785,1.0,,8,49.102,1,45,13,692,0.4841
9.492,10.365,0.0,6974.5,6.5,93.373,0.8,,3,-86.051,2,45,8,1534,0.4628
8.87,8.648,0.0207,7775.3,6.5,89.926,0.85,,1,-84.449,2,45,5,555,0.436
9.82,11.631,0.0,18633.7,6.5,89.381,0.9,,8,-62.733,2,45,13,1305,0.4628
9.866,12.299,0.0,87960.3,6.5,78.418,0.95,,7,75.921,2,45,13,933,0.478
10.335,12.461,0.0,58490.3,6.5,65.324,1.0,,7,16.981,2,45,13,692,0.4841
8.778,8.968,0.0,5158.0,6.5,96.483,0.8,,1,-89.684,3,45,4,752,0.4628
8.931,9.159,0.0908,5115.3,6.5,94.696,0.85,,1,-89.769,3,45,3,370,0.4189
8.878,9.147,0.0,5057.9,6.5,95.288,0.9,,1,-89.884,3,45,4,372,0.4167
9.866,12.299,0.0,66242.8,6.5,90.371,0.95,,6,32.486,3,45,13,933,0.478
10.335,12.461,0.0,40898.6,6.5,79.664,1.0,,7,-18.203,3,45,13,692,0.4841
8.693,9.069,0.0,3810.5,6.5,97.966,0.8,,1,-92.379,4,45,3,574,0.4599
8.742,8.887,0.0,3702.7,6.5,96.928,0.85,,0,-92.595,4,45,3,334,0.4311
8.681,9.176,0.0,3876.3,6.5,97.136,0.9,,1,-92.247,4,45,3,290,0.4103
8.953,8.862,0.012,3861.6,6.5,95.331,0.95,,1,-92.277,4,45,5,300,0.43
10.335,12.461,0.0,15752.5,6.5,88.881,1.0,,6,-68.495,4,45,13,692,0.4841
8.541,9.04,0.0,2925.0,6.5,98.782,0.8,,1,-94.15,5,45,3,510,0.4608
8.717,9.11,0.0,3041.2,6.5,97.921,0.85,,0,-93.918,5,45,3,283,0.4417
8.688,9.295,0.0,3103.5,6.5,98.148,0.9,,1,-93.793,5,45,3,279,0.4194
9.097,9.351,0.0501,3013.2,6.5,96.776,0.95,,1,-93.974,5,45,4,259,0.4324
10.026,12.701,0.0,3108.4,6.5,96.437,1.0,,3,-93.783,5,45,8,435,0.4644
8.548,9.044,0.0,1820.4,6.5,99.369,0.8,,1,-96.359,6,45,3,487,0.4661
8.689,9.18,0.0,2337.7,6.5,98.665,0.85,,0,-95.325,6,45,3,274,0.4453
8.373,8.987,0.0,2397.2,6.5,98.848,0.9,,1,-95.206,6,45,3,255,0.4235
8.762,9.118,0.0,2597.4,6.5,97.525,0.95,,0,-94.805,6,45,3,202,0.4257
9.983,12.476,0.0,1788.2,6.5,98.145,1.0,,4,-96.424,6,45,7,356,0.4831
8.321,9.113,0.0,2392.3,6.5,99.232,0.8,,1,-95.215,7,45,3,438,0.4635
8.872,9.089,0.0,2328.6,6.5,98.794,0.85,,0,-95.343,7,45,2,214,0.4626
8.329,9.266,0.0,2281.0,6.5,99.015,0.9,,1,-95.438,7,45,3,234,0.4188
8.77,9.283,0.0,2386.0,6.5,97.847,0.95,,0,-95.228,7,45,3,195,0.4308
8.899,8.805,0.0,2224.3,6.5,97.792,1.0,,2,-95.551,7,45,5,227,0.4449
8.321,9.113,0.0,2392.3,6.5,99.232,0.8,,1,-95.215,8,45,3,438,0.4635
8.872,9.089,0.0,2328.6,6.5,98.794,0.85,,0,-95.343,8,45,2,214,0.4626
8.329,9.266,0.0,2281.0,6.5,99.015,0.9,,1,-95.438,8,45,3,234,0.4188
8.77,9.283,0.0,2386.0,6.5,97.847,0.95,,0,-95.228,8,45,3,195,0.4308
8.899,8.805,0.0,2224.3,6.5,97.792,1.0,,2,-95.551,8,45,5,227,0.4449
8.321,9.113,0.0,2392.3,6.5,99.232,0.8,,1,-95.215,9,45,3,438,0.4635
8.872,9.089,0.0,2328.6,6.5,98.794,0.85,,0,-95.343,9,45,2,214,0.4626
8.329,9.266,0.0,2281.0,6.5,99.015,0.9,,1,-95.438,9,45,3,234,0.4188
8.77,9.283,0.0,2386.0,6.5,97.847,0.95,,0,-95.228,9,45,3,195,0.4308
8.899,8.805,0.0,2224.3,6.5,97.792,1.0,,2,-95.551,9,45,5,227,0.4449
8.321,9.113,0.0,2392.3,6.5,99.232,0.8,,1,-95.215,10,45,3,438,0.4635
8.872,9.089,0.0,2328.6,6.5,98.794,0.85,,0,-95.343,10,45,2,214,0.4626
8.329,9.266,0.0,2281.0,6.5,99.015,0.9,,1,-95.438,10,45,3,234,0.4188
8.77,9.283,0.0,2386.0,6.5,97.847,0.95,,0,-95.228,10,45,3,195,0.4308
8.899,8.805,0.0,2224.3,6.5,97.792,1.0,,2,-95.551,10,45,5,227,0.4449
9.619,11.089,0.0,44680.7,6.5,74.917,0.8,,6,-10.639,1,50,13,2633,0.4702
9.668,11.438,0.0,42003.9,6.5,67.1,0.85,,7,-15.992,1,50,13,1732,0.4642
9.82,11.631,0.0,34943.7,6.5,63.214,0.9,,8,-30.113,1,50,13,1305,0.4628
9.866,12.299,0.0,88712.1,6.5,47.885,0.95,,8,77.424,1,50,13,933,0.478
10.335,12.461,0.0,74551.1,6.5,34.785,1.0,,8,49.102,1,50,13,692,0.4841
9.492,10.365,0.0,6974.5,6.5,93.373,0.8,,3,-86.051,2,50,8,1534,0.4628
8.87,8.648,0.0207,7775.3,6.5,89.926,0.85,,1,-84.449,2,50,5,555,0.436
9.82,11.631,0.0,18633.7,6.5,89.381,0.9,,8,-62.733,2,50,13,1305,0.4628
9.866,12.299,0.0,87960.3,6.5,78.418,0.95,,7,75.921,2,50,13,933,0.478
10.335,12.461,0.0,58490.3,6.5,65.324,1.0,,7,16.981,2,50,13,692,0.4841
8.778,8.968,0.0,5158.0,6.5,96.483,0.8,,1,-89.684,3,50,4,752,0.4628
8.931,9.159,0.0908,5115.3,6.5,94.696,0.85,,1,-89.769,3,50,3,370,0.4189
8.878,9.147,0.0,5057.9,6.5,95.288,0.9,,1,-89.884,3,50,4,372,0.4167
9.866,12.299,0.0,66242.8,6.5,90.371,0.95,,6,32.486,3,50,13,933,0.478
10.335,12.461,0.0,40898.6,6.5,79.664,1.0,,7,-18.203,3,50,13,692,0.4841
8.693,9.069,0.0,3810.5,6.5,97.966,0.8,,1,-92.379,4,50,3,574,0.4599
8.742,8.887,0.0,3702.7,6.5,96.928,0.85,,0,-92.595,4,50,3,334,0.4311
8.681,9.176,0.0,3876.3,6.5,97.136,0.9,,1,-92.247,4,50,3,290,0.4103
8.953,8.862,0.012,3861.6,6.5,95.331,0.95,,1,-92.277,4,50,5,300,0.43
10.335,12.461,0.0,15752.5,6.5,88.881,1.0,,6,-68.495,4,50,13,692,0.4841
8.541,9.04,0.0,2925.0,6.5,98.782,0.8,,1,-94.15,5,50,3,510,0.4608
8.717,9.11,0.0,3041.2,6.5,97.921,0.85,,0,-93.918,5,50,3,283,0.4417
8.688,9.295,0.0,3103.5,6.5,98.148,0.9,,1,-93.793,5,50,3,279,0.4194
9.097,9.351,0.0501,3013.2,6.5,96.776,0.95,,1,-93.974,5,50,4,259,0.4324
10.026,12.701,0.0,3108.4,6.5,96.437,1.0,,3,-93.783,5,50,8,435,0.4644
8.548,9.044,0.0,1820.4,6.5,99.369,0.8,,1,-96.359,6,50,3,487,0.4661
8.689,9.18,0.0,2337.7,6.5,98.665,0.85,,0,-95.325,6,50,3,274,0.4453
8.373,8.987,0.0,2397.2,6.5,98.848,0.9,,1,-95.206,6,50,3,255,0.4235
8.762,9.118,0.0,2597.4,6.5,97.525,0.95,,0,-94.805,6,50,3,202,0.4257
9.983,12.476,0.0,1788.2,6.5,98.145,1.0,,4,-96.424,6,50,7,356,0.4831
8.321,9.113,0.0,2392.3,6.5,99.232,0.8,,1,-95.215,7,50,3,438,0.4635
8.872,9.089,0.0,2328.6,6.5,98.794,0.85,,0,-95.343,7,50,2,214,0.4626
8.329,9.266,0.0,2281.0,6.5,99.015,0.9,,1,-95.438,7,50,3,234,0.4188
8.77,9.283,0.0,2386.0,6.5,97.847,0.95,,0,-95.228,7,50,3,195,0.4308
8.899,8.805,0.0,2224.3,6.5,97.792,1.0,,2,-95.551,7,50,5,227,0.4449
8.321,9.113,0.0,2392.3,6.5,99.232,0.8,,1,-95.215,8,50,3,438,0.4635
8.872,9.089,0.0,2328.6,6.5,98.794,0.85,,0,-95.343,8,50,2,214,0.4626
8.329,9.266,0.0,2281.0,6.5,99.015,0.9,,1,-95.438,8,50,3,234,0.4188
8.77,9.283,0.0,2386.0,6.5,97.847,0.95,,0,-95.228,8,50,3,195,0.4308
8.899,8.805,0.0,2224.3,6.5,97.792,1.0,,2,-95.551,8,50,5,227,0.4449
8.321,9.113,0.0,2392.3,6.5,99.232,0.8,,1,-95.215,9,50,3,438,0.4635
8.872,9.089,0.0,2328.6,6.5,98.794,0.85,,0,-95.343,9,50,2,214,0.4626
8.329,9.266,0.0,2281.0,6.5,99.015,0.9,,1,-95.438,9,50,3,234,0.4188
8.77,9.283,0.0,2386.0,6.5,97.847,0.95,,0,-95.228,9,50,3,195,0.4308
8.899,8.805,0.0,2224.3,6.5,97.792,1.0,,2,-95.551,9,50,5,227,0.4449
8.321,9.113,0.0,2392.3,6.5,99.232,0.8,,1,-95.215,10,50,3,438,0.4635
8.872,9.089,0.0,2328.6,6.5,98.794,0.85,,0,-95.343,10,50,2,214,0.4626
8.329,9.266,0.0,2281.0,6.5,99.015,0.9,,1,-95.438,10,50,3,234,0.4188
8.77,9.283,0.0,2386.0,6.5,97.847,0.95,,0,-95.228,10,50,3,195,0.4308
8.899,8.805,0.0,2224.3,6.5,97.792,1.0,,2,-95.551,10,50,5,227,0.4449
9.619,11.089,0.0,44680.7,6.5,74.917,0.8,,6,-10.639,1,55,13,2633,0.4702
9.668,11.438,0.0,42003.9,6.5,67.1,0.85,,7,-15.992,1,55,13,1732,0.4642
9.82,11.631,0.0,34943.7,6.5,63.214,0.9,,8,-30.113,1,55,13,1305,0.4628
9.866,12.299,0.0,88712.1,6.5,47.885,0.95,,8,77.424,1,55,13,933,0.478
10.335,12.461,0.0,74551.1,6.5,34.785,1.0,,8,49.102,1,55,13,692,0.4841
9.492,10.365,0.0,6974.5,6.5,93.373,0.8,,3,-86.051,2,55,8,1534,0.4628
8.87,8.648,0.0207,7775.3,6.5,89.926,0.85,,1,-84.449,2,55,5,555,0.436
9.82,11.631,0.0,18633.7,6.5,89.381,0.9,,8,-62.733,2,55,13,1305,0.4628
9.866,12.299,0.0,87960.3,6.5,78.418,0.95,,7,75.921,2,55,13,933,0.478
10.335,12.461,0.0,58490.3,6.5,65.324,1.0,,7,16.981,2,55,13,692,0.4841
8.778,8.968,0.0,5158.0,6.5,96.483,0.8,,1,-89.684,3,55,4,752,0.4628
8.931,9.159,0.0908,5115.3,6.5,94.696,0.85,,1,-89.769,3,55,3,370,0.4189
8.878,9.147,0.0,5057.9,6.5,95.288,0.9,,1,-89.884,3,55,4,372,0.4167
9.866,12.299,0.0,66242.8,6.5,90.371,0.95,,6,32.486,3,55,13,933,0.478
10.335,12.461,0.0,40898.6,6.5,79.664,1.0,,7,-18.203,3,55,13,692,0.4841
8.693,9.069,0.0,3810.5,6.5,97.966,0.8,,1,-92.379,4,55,3,574,0.4599
8.742,8.887,0.0,3702.7,6.5,96.928,0.85,,0,-92.595,4,55,3,334,0.4311
8.681,9.176,0.0,3876.3,6.5,97.136,0.9,,1,-92.247,4,55,3,290,0.4103
8.953,8.862,0.012,3861.6,6.5,95.331,0.95,,1,-92.277,4,55,5,300,0.43
10.335,12.461,0.0,15752.5,6.5,88.881,1.0,,6,-68.495,4,55,13,692,0.4841
8.541,9.04,0.0,2925.0,6.5,98.782,0.8,,1,-94.15,5,55,3,510,0.4608
8.717,9.11,0.0,3041.2,6.5,97.921,0.85,,0,-93.918,5,55,3,283,0.4417
8.688,9.295,0.0,3103.5,6.5,98.148,0.9,,1,-93.793,5,55,3,279,0.4194
9.097,9.351,0.0501,3013.2,6.5,96.776,0.95,,1,-93.974,5,55,4,259,0.4324
10.026,12.701,0.0,3108.4,6.5,96.437,1.0,,3,-93.783,5,55,8,435,0.4644
8.548,9.044,0.0,1820.4,6.5,99.369,0.8,,1,-96.359,6,55,3,487,0.4661
8.689,9.18,0.0,2337.7,6.5,98.665,0.85,,0,-95.325,6,55,3,274,0.4453
8.373,8.987,0.0,2397.2,6.5,98.848,0.9,,1,-95.206,6,55,3,255,0.4235
8.762,9.118,0.0,2597.4,6.5,97.525,0.95,,0,-94.805,6,55,3,202,0.4257
9.983,12.476,0.0,1788.2,6.5,98.145,1.0,,4,-96.424,6,55,7,356,0.4831
8.321,9.113,0.0,2392.3,6.5,99.232,0.8,,1,-95.215,7,55,3,438,0.4635
8.872,9.089,0.0,2328.6,6.5,98.794,0.85,,0,-95.343,7,55,2,214,0.4626
8.329,9.266,0.0,2281.0,6.5,99.015,0.9,,1,-95.438,7,55,3,234,0.4188
8.77,9.283,0.0,2386.0,6.5,97.847,0.95,,0,-95.228,7,55,3,195,0.4308
8.899,8.805,0.0,2224.3,6.5,97.792,1.0,,2,-95.551,7,55,5,227,0.4449
8.321,9.113,0.0,2392.3,6.5,99.232,0.8,,1,-95.215,8,55,3,438,0.4635
8.872,9.089,0.0,2328.6,6.5,98.794,0.85,,0,-95.343,8,55,2,214,0.4626
8.329,9.266,0.0,2281.0,6.5,99.015,0.9,,1,-95.438,8,55,3,234,0.4188
8.77,9.283,0.0,2386.0,6.5,97.847,0.95,,0,-95.228,8,55,3,195,0.4308
8.899,8.805,0.0,2224.3,6.5,97.792,1.0,,2,-95.551,8,55,5,227,0.4449
8.321,9.113,0.0,2392.3,6.5,99.232,0.8,,1,-95.215,9,55,3,438,0.4635
8.872,9.089,0.0,2328.6,6.5,98.794,0.85,,0,-95.343,9,55,2,214,0.4626
8.329,9.266,0.0,2281.0,6.5,99.015,0.9,,1,-95.438,9,55,3,234,0.4188
8.77,9.283,0.0,2386.0,6.5,97.847,0.95,,0,-95.228,9,55,3,195,0.4308
8.899,8.805,0.0,2224.3,6.5,97.792,1.0,,2,-95.551,9,55,5,227,0.4449
8.321,9.113,0.0,2392.3,6.5,99.232,0.8,,1,-95.215,10,55,3,438,0.4635
8.872,9.089,0.0,2328.6,6.5,98.794,0.85,,0,-95.343,10,55,2,214,0.4626
8.329,9.266,0.0,2281.0,6.5,99.015,0.9,,1,-95.438,10,55,3,234,0.4188
8.77,9.283,0.0,2386.0,6.5,97.847,0.95,,0,-95.228,10,55,3,195,0.4308
8.899,8.805,0.0,2224.3,6.5,97.792,1.0,,2,-95.551,10,55,5,227,0.4449
9.619,11.089,0.0,44680.7,6.5,74.917,0.8,,6,-10.639,1,60,13,2633,0.4702
9.668,11.438,0.0,42003.9,6.5,67.1,0.85,,7,-15.992,1,60,13,1732,0.4642
9.82,11.631,0.0,34943.7,6.5,63.214,0.9,,8,-30.113,1,60,13,1305,0.4628
9.866,12.299,0.0,88712.1,6.5,47.885,0.95,,8,77.424,1,60,13,933,0.478
10.335,12.461,0.0,74551.1,6.5,34.785,1.0,,8,49.102,1,60,13,692,0.4841
9.492,10.365,0.0,6974.5,6.5,93.373,0.8,,3,-86.051,2,60,8,1534,0.4628
8.87,8.648,0.0207,7775.3,6.5,89.926,0.85,,1,-84.449,2,60,5,555,0.436
9.82,11.631,0.0,18633.7,6.5,89.381,0.9,,8,-62.733,2,60,13,1305,0.4628
9.866,12.299,0.0,87960.3,6.5,78.418,0.95,,7,75.921,2,60,13,933,0.478
10.335,12.461,0.0,58490.3,6.5,65.324,1.0,,7,16.981,2,60,13,692,0.4841
8.778,8.968,0.0,5158.0,6.5,96.483,0.8,,1,-89.684,3,60,4,752,0.4628
8.931,9.159,0.0908,5115.3,6.5,94.696,0.85,,1,-89.769,3,60,3,370,0.4189
8.878,9.147,0.0,5057.9,6.5,95.288,0.9,,1,-89.884,3,60,4,372,0.4167
9.866,12.299,0.0,66242.8,6.5,90.371,0.95,,6,32.486,3,60,13,933,0.478
10.335,12.461,0.0,40898.6,6.5,79.664,1.0,,7,-18.203,3,60,13,692,0.4841
8.693,9.069,0.0,3810.5,6.5,97.966,0.8,,1,-92.379,4,60,3,574,0.4599
8.742,8.887,0.0,3702.7,6.5,96.928,0.85,,0,-92.595,4,60,3,334,0.4311
8.681,9.176,0.0,3876.3,6.5,97.136,0.9,,1,-92.247,4,60,3,290,0.4103
8.953,8.862,0.012,3861.6,6.5,95.331,0.95,,1,-92.277,4,60,5,300,0.43
10.335,12.461,0.0,15752.5,6.5,88.881,1.0,,6,-68.495,4,60,13,692,0.4841
8.541,9.04,0.0,2925.0,6.5,98.782,0.8,,1,-94.15,5,60,3,510,0.4608
8.717,9.11,0.0,3041.2,6.5,97.921,0.85,,0,-93.918,5,60,3,283,0.4417
8.688,9.295,0.0,3103.5,6.5,98.148,0.9,,1,-93.793,5,60,3,279,0.4194
9.097,9.351,0.0501,3013.2,6.5,96.776,0.95,,1,-93.974,5,60,4,259,0.4324
10.026,12.701,0.0,3108.4,6.5,96.437,1.0,,3,-93.783,5,60,8,435,0.4644
8.548,9.044,0.0,1820.4,6.5,99.369,0.8,,1,-96.359,6,60,3,487,0.4661
8.689,9.18,0.0,2337.7,6.5,98.665,0.85,,0,-95.325,6,60,3,274,0.4453
8.373,8.987,0.0,2397.2,6.5,98.848,0.9,,1,-95.206,6,60,3,255,0.4235
8.762,9.118,0.0,2597.4,6.5,97.525,0.95,,0,-94.805,6,60,3,202,0.4257
9.983,12.476,0.0,1788.2,6.5,98.145,1.0,,4,-96.424,6,60,7,356,0.4831
8.321,9.113,0.0,2392.3,6.5,99.232,0.8,,1,-95.215,7,60,3,438,0.4635
8.872,9.089,0.0,2328.6,6.5,98.794,0.85,,0,-95.343,7,60,2,214,0.4626
8.329,9.266,0.0,2281.0,6.5,99.015,0.9,,1,-95.438,7,60,3,234,0.4188
8.77,9.283,0.0,2386.0,6.5,97.847,0.95,,0,-95.228,7,60,3,195,0.4308
8.899,8.805,0.0,2224.3,6.5,97.792,1.0,,2,-95.551,7,60,5,227,0.4449
8.321,9.113,0.0,2392.3,6.5,99.232,0.8,,1,-95.215,8,60,3,438,0.4635
8.872,9.089,0.0,2328.6,6.5,98.794,0.85,,0,-95.343,8,60,2,214,0.4626
8.329,9.266,0.0,2281.0,6.5,99.015,0.9,,1,-95.438,8,60,3,234,0.4188
8.77,9.283,0.0,2386.0,6.5,97.847,0.95,,0,-95.228,8,60,3,195,0.4308
8.899,8.805,0.0,2224.3,6.5,97.792,1.0,,2,-95.551,8,60,5,227,0.4449
8.321,9.113,0.0,2392.3,6.5,99.232,0.8,,1,-95.215,9,60,3,438,0.4635
8.872,9.089,0.0,2328.6,6.5,98.794,0.85,,0,-95.343,9,60,2,214,0.4626
8.329,9.266,0.0,2281.0,6.5,99.015,0.9,,1,-95.438,9,60,3,234,0.4188
8.77,9.283,0.0,2386.0,6.5,97.847,0.95,,0,-95.228,9,60,3,195,0.4308
8.899,8.805,0.0,2224.3,6.5,97.792,1.0,,2,-95.551,9,60,5,227,0.4449
8.321,9.113,0.0,2392.3,6.5,99.232,0.8,,1,-95.215,10,60,3,438,0.4635
8.872,9.089,0.0,2328.6,6.5,98.794,0.85,,0,-95.343,10,60,2,214,0.4626
8.329,9.266,0.0,2281.0,6.5,99.015,0.9,,1,-95.438,10,60,3,234,0.4188
8.77,9.283,0.0,2386.0,6.5,97.847,0.95,,0,-95.228,10,60,3,195,0.4308
8.899,8.805,0.0,2224.3,6.5,97.792,1.0,,2,-95.551,10,60,5,227,0.4449
9.169,11.044,0.0,46579.1,7.0,70.062,0.8,,6,-6.842,1,5,13,2633,0.4592
9.116,11.265,0.0,43030.1,7.0,62.458,0.85,,7,-13.94,1,5,13,1727,0.4534
9.271,11.323,0.0,36203.7,7.0,60.658,0.9,,8,-27.593,1,5,13,1298,0.4522
9.211,11.98,0.0,96637.5,7.0,45.361,0.95,,9,93.275,1,5,13,929,0.4693
9.642,12.131,0.0,81735.2,7.0,30.97,1.0,,8,63.47,1,5,13,687,0.4818
8.273,8.53,0.0,8213.5,7.0,90.563,0.8,,1,-83.573,2,5,5,849,0.4488
9.222,10.918,0.0,8217.0,7.0,89.04,0.85,,3,-83.566,2,5,8,1114,0.4336
9.271,11.323,0.0,24542.4,7.0,86.978,0.9,,8,-50.915,2,5,13,1298,0.4522
9.211,11.98,0.0,99884.1,7.0,74.85,0.95,,8,99.768,2,5,13,929,0.4693
9.642,12.131,0.0,114474.9,7.0,55.6,1.0,,8,128.95,2,5,13,687,0.4818
8.458,8.847,0.0,5508.7,7.0,95.149,0.8,,1,-88.983,3,5,4,753,0.4542
8.507,8.839,0.0,5004.7,7.0,94.357,0.85,,1,-89.991,3,5,4,466,0.4185
8.645,8.939,0.0,5479.3,7.0,93.388,0.9,,1,-89.041,3,5,4,368,0.4049
9.211,11.98,0.0,90371.1,7.0,88.62,0.95,,8,80.742,3,5,13,929,0.4693
9.642,12.131,0.0,87172.1,7.0,74.985,1.0,,8,74.344,3,5,13,687,0.4818
8.51,8.886,0.0,3944.9,7.0,97.267,0.8,,1,-92.11,4,5,3,586,0.4539
8.366,8.737,0.0,4157.0,7.0,96.039,0.85,,1,-91.686,4,5,3,354,0.4153
8.429,8.977,0.0,4083.5,7.0,95.846,0.9,,1,-91.833,4,5,4,349,0.4097
8.795,9.063,0.0435,4058.3,7.0,94.908,0.95,,1,-91.883,4,5,5,296,0.4189
9.642,12.131,0.0,58940.4,7.0,85.607,1.0,,8,17.881,4,5,13,687,0.4818
8.412,8.823,0.0,3273.6,7.0,98.109,0.8,,1,-93.453,5,5,3,487,0.4579
8.228,8.777,0.0,3302.3,7.0,97.174,0.85,,1,-93.395,5,5,3,296,0.4155
8.466,8.777,0.0,3352.7,7.0,97.076,0.9,,1,-93.295,5,5,3,267,0.412
9.043,9.524,0.0,3309.3,7.0,96.279,0.95,,0,-93.381,5,5,4,250,0.42
9.642,12.131,0.0,10290.4,7.0,93.406,1.0,,5,-79.419,5,5,13,687,0.4818
8.292,8.874,0.0,2765.4,7.0,98.642,0.8,,1,-94.469,6,5,3,443,0.456
8.235,8.806,0.0,2748.6,7.0,97.939,0.85,,1,-94.503,6,5,3,283,0.4276
8.238,8.808,0.0,2631.0,7.0,98.052,0.9,,1,-94.738,6,5,3,231,0.4069
9.053,9.524,0.0,2110.9,7.0,97.879,0.95,,0,-95.778,6,5,4,249,0.4217
9.642,12.131,0.0,8022.4,7.0,95.899,1.0,,5,-83.955,6,5,13,687,0.4818
8.254,8.534,0.0,2337.7,7.0,98.98,0.8,,1,-95.325,7,5,3,411,0.4696
8.192,8.85,0.0,2236.9,7.0,98.481,0.85,,1,-95.526,7,5,3,271,0.4317
8.278,8.891,0.0,2327.9,7.0,98.524,0.9,,1,-95.344,7,5,3,224,0.4152
8.83,9.287,0.0,1747.6,7.0,98.423,0.95,,0,-96.505,7,5,3,184,0.4239
9.742,12.619,0.0112,991.6,7.0,99.016,1.0,,2,-98.017,7,5,7,352,0.4773
8.254,8.534,0.0,2337.7,7.0,98.98,0.8,,1,-95.325,8,5,3,411,0.4696
8.192,8.85,0.0,2236.9,7.0,98.481,0.85,,1,-95.526,8,5,3,271,0.4317
8.278,8.891,0.0,2327.9,7.0,98.524,0.9,,1,-95.344,8,5,3,224,0.4152
8.83,9.287,0.0,1747.6,7.0,98.423,0.95,,0,-96.505,8,5,3,184,0.4239
9.742,12.619,0.0112,991.6,7.0,99.016,1.0,,2,-98.017,8,5,7,352,0.4773
8.254,8.534,0.0,2337.7,7.0,98.98,0.8,,1,-95.325,9,5,3,411,0.4696
8.192,8.85,0.0,2236.9,7.0,98.481,0.85,,1,-95.526,9,5,3,271,0.4317
8.278,8.891,0.0,2327.9,7.0,98.524,0.9,,1,-95.344,9,5,3,224,0.4152
8.83,9.287,0.0,1747.6,7.0,98.423,0.95,,0,-96.505,9,5,3,184,0.4239
9.742,12.619,0.0112,991.6,7.0,99.016,1.0,,2,-98.017,9,5,7,352,0.4773
8.254,8.534,0.0,2337.7,7.0,98.98,0.8,,1,-95.325,10,5,3,411,0.4696
8.192,8.85,0.0,2236.9,7.0,98.481,0.85,,1,-95.526,10,5,3,271,0.4317
8.278,8.891,0.0,2327.9,7.0,98.524,0.9,,1,-95.344,10,5,3,224,0.4152
8.83,9.287,0.0,1747.6,7.0,98.423,0.95,,0,-96.505,10,5,3,184,0.4239
9.742,12.619,0.0112,991.6,7.0,99.016,1.0,,2,-98.017,10,5,7,352,0.4773
9.779,11.103,0.0,59325.4,7.0,68.745,0.8,,5,18.651,1,10,13,2614,0.4782
9.749,11.256,0.0,44640.1,7.0,62.913,0.85,,7,-10.72,1,10,13,1719,0.4712
9.925,11.363,0.0,36631.4,7.0,61.535,0.9,,7,-26.737,1,10,13,1296,0.4707
9.869,11.959,0.0,88250.1,7.0,48.542,0.95,,7,76.5,1,10,13,928,0.486
10.165,12.058,0.0,76114.9,7.0,34.362,1.0,,7,52.23,1,10,13,686,0.4927
9.793,10.401,0.0,7829.9,7.0,91.549,0.8,,2,-84.34,2,10,8,1524,0.4698
9.881,10.934,0.0,8230.3,7.0,89.396,0.85,,3,-83.539,2,10,8,1109,0.4518
10.075,11.249,0.0,8077.7,7.0,89.613,0.9,,3,-83.845,2,10,9,838,0.4487
9.869,11.959,0.0,110991.0,7.0,75.795,0.95,,6,121.982,2,10,13,928,0.486
10.165,12.058,0.0,87015.3,7.0,61.502,1.0,,7,74.031,2,10,13,686,0.4927
9.119,8.943,0.0,5436.6,7.0,95.602,0.8,,1,-89.127,3,10,4,754,0.4721
9.045,9.001,0.0,5540.2,7.0,94.505,0.85,,1,-88.92,3,10,3,375,0.4213
9.244,9.086,0.0,5513.6,7.0,94.535,0.9,,1,-88.973,3,10,4,366,0.4208
9.869,11.959,0.0,114057.0,7.0,88.69,0.95,,6,128.114,3,10,13,928,0.486
10.165,12.058,0.0,75263.7,7.0,78.01,1.0,,6,50.527,3,10,13,686,0.4927
9.129,9.047,0.0,4194.1,7.0,97.376,0.8,,1,-91.612,4,10,3,534,0.47
9.049,9.038,0.0,4142.3,7.0,96.533,0.85,,1,-91.715,4,10,3,349,0.4327
9.128,9.119,0.0,3950.5,7.0,96.851,0.9,,1,-92.099,4,10,3,283,0.417
9.4,9.231,0.0,4188.5,7.0,94.745,0.95,,0,-91.623,4,10,4,281,0.427
10.165,12.058,0.0,38725.8,7.0,87.017,1.0,,6,-22.548,4,10,13,686,0.4927
9.02,8.961,0.0,3342.9,7.0,98.384,0.8,,1,-93.314,5,10,3,485,0.4742
8.854,9.022,0.0,3116.1,7.0,97.731,0.85,,1,-93.768,5,10,3,304,0.4342
9.103,9.038,0.0,3345.0,7.0,97.845,0.9,,1,-93.31,5,10,3,266,0.4286
9.51,9.44,0.0,3186.1,7.0,96.418,0.95,,0,-93.628,5,10,4,258,0.4264
10.165,12.058,0.0,11012.1,7.0,93.725,1.0,,3,-77.976,5,10,13,686,0.4927
8.844,8.976,0.0,2792.0,7.0,98.9,0.8,,1,-94.416,6,10,3,441,0.4717
8.825,9.07,0.0,2619.1,7.0,98.395,0.85,,1,-94.762,6,10,3,287,0.439
8.801,8.846,0.0,2686.3,7.0,98.596,0.9,,1,-94.627,6,10,3,250,0.432
9.288,9.248,0.0,2622.6,7.0,97.365,0.95,,0,-94.755,6,10,3,184,0.4293
10.165,12.058,0.0,7503.7,7.0,96.938,1.0,,4,-84.993,6,10,13,686,0.4927
8.832,8.651,0.0,2298.5,7.0,99.264,0.8,,1,-95.403,7,10,3,408,0.4877
8.769,9.1,0.0,2241.1,7.0,98.84,0.85,,1,-95.518,7,10,3,270,0.4481
8.723,9.193,0.0,2301.3,7.0,99.007,0.9,,1,-95.397,7,10,3,223,0.435
9.311,9.401,0.0,2217.3,7.0,97.999,0.95,,0,-95.565,7,10,3,193,0.4249
9.268,9.134,0.0,2234.8,7.0,97.782,1.0,,0,-95.53,7,10,4,214,0.4439
8.832,8.651,0.0,2298.5,7.0,99.264,0.8,,1,-95.403,8,10,3,408,0.4877
8.769,9.1,0.0,2241.1,7.0,98.84,0.85,,1,-95.518,8,10,3,270,0.4481
8.723,9.193,0.0,2301.3,7.0,99.007,0.9,,1,-95.397,8,10,3,223,0.435
9.311,9.401,0.0,2217.3,7.0,97.999,0.95,,0,-95.565,8,10,3,193,0.4249
9.268,9.134,0.0,2234.8,7.0,97.782,1.0,,0,-95.53,8,10,4,214,0.4439
8.832,8.651,0.0,2298.5,7.0,99.264,0.8,,1,-95.403,9,10,3,408,0.4877
8.769,9.1,0.0,2241.1,7.0,98.84,0.85,,1,-95.518,9,10,3,270,0.4481
8.723,9.193,0.0,2301.3,7.0,99.007,0.9,,1,-95.397,9,10,3,223,0.435
9.311,9.401,0.0,2217.3,7.0,97.999,0.95,,0,-95.565,9,10,3,193,0.4249
9.268,9.134,0.0,2234.8,7.0,97.782,1.0,,0,-95.53,9,10,4,214,0.4439
8.832,8.651,0.0,2298.5,7.0,99.264,0.8,,1,-95.403,10,10,3,408,0.4877
8.769,9.1,0.0,2241.1,7.0,98.84,0.85,,1,-95.518,10,10,3,270,0.4481
8.723,9.193,0.0,2301.3,7.0,99.007,0.9,,1,-95.397,10,10,3,223,0.435
9.311,9.401,0.0,2217.3,7.0,97.999,0.95,,0,-95.565,10,10,3,193,0.4249
9.268,9.134,0.0,2234.8,7.0,97.782,1.0,,0,-95.53,10,10,4,214,0.4439
10.034,11.24,0.0,49722.1,7.0,68.797,0.8,,4,-0.556,1,15,13,2611,0.4799
9.962,11.488,0.0,53850.7,7.0,62.464,0.85,,7,7.701,1,15,13,1718,0.4732
10.205,11.682,0.0,36952.7,7.0,61.556,0.9,,7,-26.095,1,15,13,1295,0.4726
10.256,12.344,0.0,88207.4,7.0,48.542,0.95,,7,76.415,1,15,13,927,0.4876
10.75,12.571,0.0,75640.3,7.0,34.362,1.0,,7,51.281,1,15,13,685,0.4949
9.828,10.368,0.0,8084.7,7.0,91.274,0.8,,2,-83.831,2,15,8,1522,0.4711
9.884,10.92,0.0,8373.1,7.0,89.212,0.85,,3,-83.254,2,15,8,1110,0.4523
10.076,11.249,0.0,8065.1,7.0,89.629,0.9,,3,-83.87,2,15,9,838,0.4487
10.256,12.344,0.0,108724.4,7.0,75.795,0.95,,6,117.449,2,15,13,927,0.4876
10.75,12.571,0.0,78595.7,7.0,61.502,1.0,,7,57.191,2,15,13,685,0.4949
9.155,8.926,0.0,5536.0,7.0,95.521,0.8,,1,-88.928,3,15,4,754,0.4735
9.045,9.001,0.0,5540.2,7.0,94.505,0.85,,1,-88.92,3,15,3,375,0.4213
9.262,9.086,0.0,5423.3,7.0,94.625,0.9,,1,-89.153,3,15,4,366,0.4208
10.256,12.344,0.0,99548.8,7.0,88.69,0.95,,6,99.098,3,15,13,927,0.4876
10.75,12.571,0.0,61881.8,7.0,78.01,1.0,,6,23.764,3,15,13,685,0.4949
9.132,9.028,0.0,4199.0,7.0,97.373,0.8,,1,-91.602,4,15,3,538,0.4684
9.049,9.038,0.0,4142.3,7.0,96.533,0.85,,1,-91.715,4,15,3,349,0.4327
9.128,9.119,0.0,3950.5,7.0,96.851,0.9,,1,-92.099,4,15,3,283,0.417
9.4,9.231,0.0,4188.5,7.0,94.745,0.95,,0,-91.623,4,15,4,281,0.427
10.75,12.571,0.0,25991.4,7.0,87.017,1.0,,6,-48.017,4,15,13,685,0.4949
9.039,8.961,0.0,3335.9,7.0,98.388,0.8,,1,-93.328,5,15,3,485,0.4742
8.854,9.022,0.0,3116.1,7.0,97.731,0.85,,1,-93.768,5,15,3,304,0.4342
9.103,9.038,0.0,3345.0,7.0,97.845,0.9,,1,-93.31,5,15,3,266,0.4286
9.51,9.44,0.0,3186.1,7.0,96.418,0.95,,0,-93.628,5,15,4,258,0.4264
10.75,12.571,0.0,8489.3,7.0,93.843,1.0,,3,-83.021,5,15,13,685,0.4949
8.866,8.976,0.0,2796.2,7.0,98.898,0.8,,1,-94.408,6,15,3,441,0.4717
8.825,9.07,0.0,2619.1,7.0,98.395,0.85,,1,-94.762,6,15,3,287,0.439
8.801,8.846,0.0,2686.3,7.0,98.596,0.9,,1,-94.627,6,15,3,250,0.432
9.288,9.248,0.0,2622.6,7.0,97.365,0.95,,0,-94.755,6,15,3,184,0.4293
10.75,12.571,0.0,5100.6,7.0,96.938,1.0,,4,-89.799,6,15,13,685,0.4949
8.856,8.651,0.0,2309.0,7.0,99.261,0.8,,1,-95.382,7,15,3,408,0.4877
8.769,9.1,0.0,2241.1,7.0,98.84,0.85,,1,-95.518,7,15,3,270,0.4481
8.723,9.193,0.0,2301.3,7.0,99.007,0.9,,1,-95.397,7,15,3,223,0.435
9.311,9.401,0.0,2217.3,7.0,97.999,0.95,,0,-95.565,7,15,3,193,0.4249
9.268,9.134,0.0,2234.8,7.0,97.782,1.0,,0,-95.53,7,15,4,214,0.4439
8.856,8.651,0.0,2309.0,7.0,99.261,0.8,,1,-95.382,8,15,3,408,0.4877
8.769,9.1,0.0,2241.1,7.0,98.84,0.85,,1,-95.518,8,15,3,270,0.4481
8.723,9.193,0.0,2301.3,7.0,99.007,0.9,,1,-95.397,8,15,3,223,0.435
9.311,9.401,0.0,2217.3,7.0,97.999,0.95,,0,-95.565,8,15,3,193,0.4249
9.268,9.134,0.0,2234.8,7.0,97.782,1.0,,0,-95.53,8,15,4,214,0.4439
8.856,8.651,0.0,2309.0,7.0,99.261,0.8,,1,-95.382,9,15,3,408,0.4877
8.769,9.1,0.0,2241.1,7.0,98.84,0.85,,1,-95.518,9,15,3,270,0.4481
8.723,9.193,0.0,2301.3,7.0,99.007,0.9,,1,-95.397,9,15,3,223,0.435
9.311,9.401,0.0,2217.3,7.0,97.999,0.95,,0,-95.565,9,15,3,193,0.4249
9.268,9.134,0.0,2234.8,7.0,97.782,1.0,,0,-95.53,9,15,4,214,0.4439
8.856,8.651,0.0,2309.0,7.0,99.261,0.8,,1,-95.382,10,15,3,408,0.4877
8.769,9.1,0.0,2241.1,7.0,98.84,0.85,,1,-95.518,10,15,3,270,0.4481
8.723,9.193,0.0,2301.3,7.0,99.007,0.9,,1,-95.397,10,15,3,223,0.435
9.311,9.401,0.0,2217.3,7.0,97.999,0.95,,0,-95.565,10,15,3,193,0.4249
9.268,9.134,0.0,2234.8,7.0,97.782,1.0,,0,-95.53,10,15,4,214,0.4439
10.044,11.24,0.0,49711.6,7.0,68.711,0.8,,4,-0.577,1,20,13,2611,0.4803
9.971,11.488,0.0,53822.7,7.0,61.959,0.85,,7,7.645,1,20,13,1718,0.4738
10.205,11.682,0.0,36959.7,7.0,61.544,0.9,,7,-26.081,1,20,13,1295,0.4726
10.256,12.344,0.0,88207.4,7.0,48.542,0.95,,7,76.415,1,20,13,927,0.4876
10.75,12.571,0.0,75640.3,7.0,34.362,1.0,,7,51.281,1,20,13,685,0.4949
9.845,10.37,0.0,7824.3,7.0,91.555,0.8,,2,-84.351,2,20,8,1522,0.4717
9.93,10.896,0.0,8256.9,7.0,89.361,0.85,,3,-83.486,2,20,9,1116,0.4543
10.076,11.249,0.0,8072.1,7.0,89.62,0.9,,3,-83.856,2,20,9,838,0.4487
10.256,12.344,0.0,108724.4,7.0,75.795,0.95,,6,117.449,2,20,13,927,0.4876
10.75,12.571,0.0,78595.7,7.0,61.502,1.0,,7,57.191,2,20,13,685,0.4949
9.181,8.934,0.0,5588.5,7.0,95.479,0.8,,1,-88.823,3,20,4,749,0.474
9.045,9.001,0.0,5540.2,7.0,94.505,0.85,,1,-88.92,3,20,3,375,0.4213
9.262,9.086,0.0,5423.3,7.0,94.625,0.9,,1,-89.153,3,20,4,366,0.4208
10.256,12.344,0.0,99548.8,7.0,88.69,0.95,,6,99.098,3,20,13,927,0.4876
10.75,12.571,0.0,61881.8,7.0,78.01,1.0,,6,23.764,3,20,13,685,0.4949
9.15,9.028,0.0,4076.5,7.0,97.45,0.8,,1,-91.847,4,20,3,538,0.4684
9.049,9.038,0.0,4142.3,7.0,96.533,0.85,,1,-91.715,4,20,3,349,0.4327
9.128,9.119,0.0,3950.5,7.0,96.851,0.9,,1,-92.099,4,20,3,283,0.417
9.4,9.231,0.0,4188.5,7.0,94.745,0.95,,0,-91.623,4,20,4,281,0.427
10.75,12.571,0.0,25991.4,7.0,87.017,1.0,,6,-48.017,4,20,13,685,0.4949
9.039,8.961,0.0,3335.9,7.0,98.388,0.8,,1,-93.328,5,20,3,485,0.4742
8.854,9.022,0.0,3116.1,7.0,97.731,0.85,,1,-93.768,5,20,3,304,0.4342
9.103,9.038,0.0,3345.0,7.0,97.845,0.9,,1,-93.31,5,20,3,266,0.4286
9.51,9.44,0.0,3186.1,7.0,96.418,0.95,,0,-93.628,5,20,4,258,0.4264
10.75,12.571,0.0,8489.3,7.0,93.843,1.0,,3,-83.021,5,20,13,685,0.4949
8.866,8.976,0.0,2796.2,7.0,98.898,0.8,,1,-94.408,6,20,3,441,0.4717
8.825,9.07,0.0,2619.1,7.0,98.395,0.85,,1,-94.762,6,20,3,287,0.439
8.801,8.846,0.0,2686.3,7.0,98.596,0.9,,1,-94.627,6,20,3,250,0.432
9.288,9.248,0.0,2622.6,7.0,97.365,0.95,,0,-94.755,6,20,3,184,0.4293
10.75,12.571,0.0,5100.6,7.0,96.938,1.0,,4,-89.799,6,20,13,685,0.4949
8.856,8.651,0.0,2309.0,7.0,99.261,0.8,,1,-95.382,7,20,3,408,0.4877
8.769,9.1,0.0,2241.1,7.0,98.84,0.85,,1,-95.518,7,20,3,270,0.4481
8.723,9.193,0.0,2301.3,7.0,99.007,0.9,,1,-95.397,7,20,3,223,0.435
9.311,9.401,0.0,2217.3,7.0,97.999,0.95,,0,-95.565,7,20,3,193,0.4249
9.268,9.134,0.0,2234.8,7.0,97.782,1.0,,0,-95.53,7,20,4,214,0.4439
8.856,8.651,0.0,2309.0,7.0,99.261,0.8,,1,-95.382,8,20,3,408,0.4877
8.769,9.1,0.0,2241.1,7.0,98.84,0.85,,1,-95.518,8,20,3,270,0.4481
8.723,9.193,0.0,2301.3,7.0,99.007,0.9,,1,-95.397,8,20,3,223,0.435
9.311,9.401,0.0,2217.3,7.0,97.999,0.95,,0,-95.565,8,20,3,193,0.4249
9.268,9.134,0.0,2234.8,7.0,97.782,1.0,,0,-95.53,8,20,4,214,0.4439
8.856,8.651,0.0,2309.0,7.0,99.261,0.8,,1,-95.382,9,20,3,408,0.4877
8.769,9.1,0.0,2241.1,7.0,98.84,0.85,,1,-95.518,9,20,3,270,0.4481
8.723,9.193,0.0,2301.3,7.0,99.007,0.9,,1,-95.397,9,20,3,223,0.435
9.311,9.401,0.0,2217.3,7.0,97.999,0.95,,0,-95.565,9,20,3,193,0.4249
9.268,9.134,0.0,2234.8,7.0,97.782,1.0,,0,-95.53,9,20,4,214,0.4439
8.856,8.651,0.0,2309.0,7.0,99.261,0.8,,1,-95.382,10,20,3,408,0.4877
8.769,9.1,0.0,2241.1,7.0,98.84,0.85,,1,-95.518,10,20,3,270,0.4481
8.723,9.193,0.0,2301.3,7.0,99.007,0.9,,1,-95.397,10,20,3,223,0.435
9.311,9.401,0.0,2217.3,7.0,97.999,0.95,,0,-95.565,10,20,3,193,0.4249
9.268,9.134,0.0,2234.8,7.0,97.782,1.0,,0,-95.53,10,20,4,214,0.4439
10.049,11.24,0.0,49648.6,7.0,69.398,0.8,,4,-0.703,1,25,13,2611,0.4803
9.976,11.488,0.0,53577.7,7.0,62.122,0.85,,7,7.155,1,25,13,1718,0.4738
10.211,11.682,0.0,36820.4,7.0,61.71,0.9,,7,-26.359,1,25,13,1295,0.4726
10.256,12.344,0.0,88207.4,7.0,48.542,0.95,,7,76.415,1,25,13,927,0.4876
10.75,12.571,0.0,75640.3,7.0,34.362,1.0,,7,51.281,1,25,13,685,0.4949
9.853,10.37,0.0,8049.0,7.0,91.313,0.8,,2,-83.902,2,25,8,1522,0.4717
9.905,10.922,0.0,8371.7,7.0,89.214,0.85,,3,-83.257,2,25,8,1110,0.4532
10.073,11.262,0.0,8219.1,7.0,89.431,0.9,,3,-83.562,2,25,8,814,0.4521
10.256,12.344,0.0,108724.4,7.0,75.795,0.95,,6,117.449,2,25,13,927,0.4876
10.75,12.571,0.0,78595.7,7.0,61.502,1.0,,7,57.191,2,25,13,685,0.4949
9.186,8.934,0.0,5540.2,7.0,95.518,0.8,,1,-88.92,3,25,4,749,0.474
9.045,9.001,0.0,5540.2,7.0,94.505,0.85,,1,-88.92,3,25,3,375,0.4213
9.262,9.086,0.0,5423.3,7.0,94.625,0.9,,1,-89.153,3,25,4,366,0.4208
10.256,12.344,0.0,99548.8,7.0,88.69,0.95,,6,99.098,3,25,13,927,0.4876
10.75,12.571,0.0,61881.8,7.0,78.01,1.0,,6,23.764,3,25,13,685,0.4949
9.157,9.028,0.0,4028.2,7.0,97.48,0.8,,1,-91.944,4,25,3,538,0.4684
9.049,9.038,0.0,4142.3,7.0,96.533,0.85,,1,-91.715,4,25,3,349,0.4327
9.128,9.119,0.0,3950.5,7.0,96.851,0.9,,1,-92.099,4,25,3,283,0.417
9.4,9.231,0.0,4188.5,7.0,94.745,0.95,,0,-91.623,4,25,4,281,0.427
10.75,12.571,0.0,25991.4,7.0,87.017,1.0,,6,-48.017,4,25,13,685,0.4949
9.039,8.961,0.0,3335.9,7.0,98.388,0.8,,1,-93.328,5,25,3,485,0.4742
8.854,9.022,0.0,3116.1,7.0,97.731,0.85,,1,-93.768,5,25,3,304,0.4342
9.103,9.038,0.0,3345.0,7.0,97.845,0.9,,1,-93.31,5,25,3,266,0.4286
9.51,9.44,0.0,3186.1,7.0,96.418,0.95,,0,-93.628,5,25,4,258,0.4264
10.75,12.571,0.0,8489.3,7.0,93.843,1.0,,3,-83.021,5,25,13,685,0.4949
8.866,8.976,0.0,2796.2,7.0,98.898,0.8,,1,-94.408,6,25,3,441,0.4717
8.825,9.07,0.0,2619.1,7.0,98.395,0.85,,1,-94.762,6,25,3,287,0.439
8.801,8.846,0.0,2686.3,7.0,98.596,0.9,,1,-94.627,6,25,3,250,0.432
9.288,9.248,0.0,2622.6,7.0,97.365,0.95,,0,-94.755,6,25,3,184,0.4293
10.75,12.571,0.0,5100.6,7.0,96.938,1.0,,4,-89.799,6,25,13,685,0.4949
8.856,8.651,0.0,2309.0,7.0,99.261,0.8,,1,-95.382,7,25,3,408,0.4877
8.769,9.1,0.0,2241.1,7.0,98.84,0.85,,1,-95.518,7,25,3,270,0.4481
8.723,9.193,0.0,2301.3,7.0,99.007,0.9,,1,-95.397,7,25,3,223,0.435
9.311,9.401,0.0,2217.3,7.0,97.999,0.95,,0,-95.565,7,25,3,193,0.4249
9.268,9.134,0.0,2234.8,7.0,97.782,1.0,,0,-95.53,7,25,4,214,0.4439
8.856,8.651,0.0,2309.0,7.0,99.261,0.8,,1,-95.382,8,25,3,408,0.4877
8.769,9.1,0.0,2241.1,7.0,98.84,0.85,,1,-95.518,8,25,3,270,0.4481
8.723,9.193,0.0,2301.3,7.0,99.007,0.9,,1,-95.397,8,25,3,223,0.435
9.311,9.401,0.0,2217.3,7.0,97.999,0.95,,0,-95.565,8,25,3,193,0.4249
9.268,9.134,0.0,2234.8,7.0,97.782,1.0,,0,-95.53,8,25,4,214,0.4439
8.856,8.651,0.0,2309.0,7.0,99.261,0.8,,1,-95.382,9,25,3,408,0.4877
8.769,9.1,0.0,2241.1,7.0,98.84,0.85,,1,-95.518,9,25,3,270,0.4481
8.723,9.193,0.0,2301.3,7.0,99.007,0.9,,1,-95.397,9,25,3,223,0.435
9.311,9.401,0.0,2217.3,7.0,97.999,0.95,,0,-95.565,9,25,3,193,0.4249
9.268,9.134,0.0,2234.8,7.0,97.782,1.0,,0,-95.53,9,25,4,214,0.4439
8.856,8.651,0.0,2309.0,7.0,99.261,0.8,,1,-95.382,10,25,3,408,0.4877
8.769,9.1,0.0,2241.1,7.0,98.84,0.85,,1,-95.518,10,25,3,270,0.4481
8.723,9.193,0.0,2301.3,7.0,99.007,0.9,,1,-95.397,10,25,3,223,0.435
9.311,9.401,0.0,2217.3,7.0,97.999,0.95,,0,-95.565,10,25,3,193,0.4249
9.268,9.134,0.0,2234.8,7.0,97.782,1.0,,0,-95.53,10,25,4,214,0.4439
10.049,11.24,0.0,49648.6,7.0,69.398,0.8,,4,-0.703,1,30,13,2611,0.4803
9.976,11.488,0.0,53577.7,7.0,62.122,0.85,,7,7.155,1,30,13,1718,0.4738
10.211,11.682,0.0,36820.4,7.0,61.71,0.9,,7,-26.359,1,30,13,1295,0.4726
10.256,12.344,0.0,88207.4,7.0,48.542,0.95,,7,76.415,1,30,13,927,0.4876
10.75,12.571,0.0,75640.3,7.0,34.362,1.0,,7,51.281,1,30,13,685,0.4949
9.853,10.37,0.0,8049.0,7.0,91.313,0.8,,2,-83.902,2,30,8,1522,0.4717
9.905,10.922,0.0,8371.7,7.0,89.214,0.85,,3,-83.257,2,30,8,1110,0.4532
10.073,11.262,0.0,8219.1,7.0,89.431,0.9,,3,-83.562,2,30,8,814,0.4521
10.256,12.344,0.0,108724.4,7.0,75.795,0.95,,6,117.449,2,30,13,927,0.4876
10.75,12.571,0.0,78595.7,7.0,61.502,1.0,,7,57.191,2,30,13,685,0.4949
9.186,8.934,0.0,5540.2,7.0,95.518,0.8,,1,-88.92,3,30,4,749,0.474
9.045,9.001,0.0,5540.2,7.0,94.505,0.85,,1,-88.92,3,30,3,375,0.4213
9.262,9.086,0.0,5423.3,7.0,94.625,0.9,,1,-89.153,3,30,4,366,0.4208
10.256,12.344,0.0,99548.8,7.0,88.69,0.95,,6,99.098,3,30,13,927,0.4876
10.75,12.571,0.0,61881.8,7.0,78.01,1.0,,6,23.764,3,30,13,685,0.4949
9.157,9.028,0.0,4028.2,7.0,97.48,0.8,,1,-91.944,4,30,3,538,0.4684
9.049,9.038,0.0,4142.3,7.0,96.533,0.85,,1,-91.715,4,30,3,349,0.4327
9.128,9.119,0.0,3950.5,7.0,96.851,0.9,,1,-92.099,4,30,3,283,0.417
9.4,9.231,0.0,4188.5,7.0,94.745,0.95,,0,-91.623,4,30,4,281,0.427
10.75,12.571,0.0,25991.4,7.0,87.017,1.0,,6,-48.017,4,30,13,685,0.4949
9.039,8.961,0.0,3335.9,7.0,98.388,0.8,,1,-93.328,5,30,3,485,0.4742
8.854,9.022,0.0,3116.1,7.0,97.731,0.85,,1,-93.768,5,30,3,304,0.4342
9.103,9.038,0.0,3345.0,7.0,97.845,0.9,,1,-93.31,5,30,3,266,0.4286
9.51,9.44,0.0,3186.1,7.0,96.418,0.95,,0,-93.628,5,30,4,258,0.4264
10.75,12.571,0.0,8489.3,7.0,93.843,1.0,,3,-83.021,5,30,13,685,0.4949
8.866,8.976,0.0,2796.2,7.0,98.898,0.8,,1,-94.408,6,30,3,441,0.4717
8.825,9.07,0.0,2619.1,7.0,98.395,0.85,,1,-94.762,6,30,3,287,0.439
8.801,8.846,0.0,2686.3,7.0,98.596,0.9,,1,-94.627,6,30,3,250,0.432
9.288,9.248,0.0,2622.6,7.0,97.365,0.95,,0,-94.755,6,30,3,184,0.4293
10.75,12.571,0.0,5100.6,7.0,96.938,1.0,,4,-89.799,6,30,13,685,0.4949
8.856,8.651,0.0,2309.0,7.0,99.261,0.8,,1,-95.382,7,30,3,408,0.4877
8.769,9.1,0.0,2241.1,7.0,98.84,0.85,,1,-95.518,7,30,3,270,0.4481
8.723,9.193,0.0,2301.3,7.0,99.007,0.9,,1,-95.397,7,30,3,223,0.435
9.311,9.401,0.0,2217.3,7.0,97.999,0.95,,0,-95.565,7,30,3,193,0.4249
9.268,9.134,0.0,2234.8,7.0,97.782,1.0,,0,-95.53,7,30,4,214,0.4439
8.856,8.651,0.0,2309.0,7.0,99.261,0.8,,1,-95.382,8,30,3,408,0.4877
8.769,9.1,0.0,2241.1,7.0,98.84,0.85,,1,-95.518,8,30,3,270,0.4481
8.723,9.193,0.0,2301.3,7.0,99.007,0.9,,1,-95.397,8,30,3,223,0.435
9.311,9.401,0.0,2217.3,7.0,97.999,0.95,,0,-95.565,8,30,3,193,0.4249
9.268,9.134,0.0,2234.8,7.0,97.782,1.0,,0,-95.53,8,30,4,214,0.4439
8.856,8.651,0.0,2309.0,7.0,99.261,0.8,,1,-95.382,9,30,3,408,0.4877
8.769,9.1,0.0,2241.1,7.0,98.84,0.85,,1,-95.518,9,30,3,270,0.4481
8.723,9.193,0.0,2301.3,7.0,99.007,0.9,,1,-95.397,9,30,3,223,0.435
9.311,9.401,0.0,2217.3,7.0,97.999,0.95,,0,-95.565,9,30,3,193,0.4249
9.268,9.134,0.0,2234.8,7.0,97.782,1.0,,0,-95.53,9,30,4,214,0.4439
8.856,8.651,0.0,2309.0,7.0,99.261,0.8,,1,-95.382,10,30,3,408,0.4877
8.769,9.1,0.0,2241.1,7.0,98.84,0.85,,1,-95.518,10,30,3,270,0.4481
8.723,9.193,0.0,2301.3,7.0,99.007,0.9,,1,-95.397,10,30,3,223,0.435
9.311,9.401,0.0,2217.3,7.0,97.999,0.95,,0,-95.565,10,30,3,193,0.4249
9.268,9.134,0.0,2234.8,7.0,97.782,1.0,,0,-95.53,10,30,4,214,0.4439
10.049,11.24,0.0,49648.6,7.0,69.398,0.8,,4,-0.703,1,35,13,2611,0.4803
9.976,11.488,0.0,53577.7,7.0,62.122,0.85,,7,7.155,1,35,13,1718,0.4738
10.211,11.682,0.0,36820.4,7.0,61.71,0.9,,7,-26.359,1,35,13,1295,0.4726
10.256,12.344,0.0,88207.4,7.0,48.542,0.95,,7,76.415,1,35,13,927,0.4876
10.75,12.571,0.0,75640.3,7.0,34.362,1.0,,7,51.281,1,35,13,685,0.4949
9.853,10.37,0.0,8049.0,7.0,91.313,0.8,,2,-83.902,2,35,8,1522,0.4717
9.905,10.922,0.0,8371.7,7.0,89.214,0.85,,3,-83.257,2,35,8,1110,0.4532
10.073,11.262,0.0,8219.1,7.0,89.431,0.9,,3,-83.562,2,35,8,814,0.4521
10.256,12.344,0.0,108724.4,7.0,75.795,0.95,,6,117.449,2,35,13,927,0.4876
10.75,12.571,0.0,78595.7,7.0,61.502,1.0,,7,57.191,2,35,13,685,0.4949
9.186,8.934,0.0,5540.2,7.0,95.518,0.8,,1,-88.92,3,35,4,749,0.474
9.045,9.001,0.0,5540.2,7.0,94.505,0.85,,1,-88.92,3,35,3,375,0.4213
9.262,9.086,0.0,5423.3,7.0,94.625,0.9,,1,-89.153,3,35,4,366,0.4208
10.256,12.344,0.0,99548.8,7.0,88.69,0.95,,6,99.098,3,35,13,927,0.4876
10.75,12.571,0.0,61881.8,7.0,78.01,1.0,,6,23.764,3,35,13,685,0.4949
9.157,9.028,0.0,4028.2,7.0,97.48,0.8,,1,-91.944,4,35,3,538,0.4684
9.049,9.038,0.0,4142.3,7.0,96.533,0.85,,1,-91.715,4,35,3,349,0.4327
9.128,9.119,0.0,3950.5,7.0,96.851,0.9,,1,-92.099,4,35,3,283,0.417
9.4,9.231,0.0,4188.5,7.0,94.745,0.95,,0,-91.623,4,35,4,281,0.427
10.75,12.571,0.0,25991.4,7.0,87.017,1.0,,6,-48.017,4,35,13,685,0.4949
9.039,8.961,0.0,3335.9,7.0,98.388,0.8,,1,-93.328,5,35,3,485,0.4742
8.854,9.022,0.0,3116.1,7.0,97.731,0.85,,1,-93.768,5,35,3,304,0.4342
9.103,9.038,0.0,3345.0,7.0,97.845,0.9,,1,-93.31,5,35,3,266,0.4286
9.51,9.44,0.0,3186.1,7.0,96.418,0.95,,0,-93.628,5,35,4,258,0.4264
10.75,12.571,0.0,8489.3,7.0,93.843,1.0,,3,-83.021,5,35,13,685,0.4949
8.866,8.976,0.0,2796.2,7.0,98.898,0.8,,1,-94.408,6,35,3,441,0.4717
8.825,9.07,0.0,2619.1,7.0,98.395,0.85,,1,-94.762,6,35,3,287,0.439
8.801,8.846,0.0,2686.3,7.0,98.596,0.9,,1,-94.627,6,35,3,250,0.432
9.288,9.248,0.0,2622.6,7.0,97.365,0.95,,0,-94.755,6,35,3,184,0.4293
10.75,12.571,0.0,5100.6,7.0,96.938,1.0,,4,-89.799,6,35,13,685,0.4949
8.856,8.651,0.0,2309.0,7.0,99.261,0.8,,1,-95.382,7,35,3,408,0.4877
8.769,9.1,0.0,2241.1,7.0,98.84,0.85,,1,-95.518,7,35,3,270,0.4481
8.723,9.193,0.0,2301.3,7.0,99.007,0.9,,1,-95.397,7,35,3,223,0.435
9.311,9.401,0.0,2217.3,7.0,97.999,0.95,,0,-95.565,7,35,3,193,0.4249
9.268,9.134,0.0,2234.8,7.0,97.782,1.0,,0,-95.53,7,35,4,214,0.4439
8.856,8.651,0.0,2309.0,7.0,99.261,0.8,,1,-95.382,8,35,3,408,0.4877
8.769,9.1,0.0,2241.1,7.0,98.84,0.85,,1,-95.518,8,35,3,270,0.4481
8.723,9.193,0.0,2301.3,7.0,99.007,0.9,,1,-95.397,8,35,3,223,0.435
9.311,9.401,0.0,2217.3,7.0,97.999,0.95,,0,-95.565,8,35,3,193,0.4249
9.268,9.134,0.0,2234.8,7.0,97.782,1.0,,0,-95.53,8,35,4,214,0.4439
8.856,8.651,0.0,2309.0,7.0,99.261,0.8,,1,-95.382,9,35,3,408,0.4877
8.769,9.1,0.0,2241.1,7.0,98.84,0.85,,1,-95.518,9,35,3,270,0.4481
8.723,9.193,0.0,2301.3,7.0,99.007,0.9,,1,-95.397,9,35,3,223,0.435
9.311,9.401,0.0,2217.3,7.0,97.999,0.95,,0,-95.565,9,35,3,193,0.4249
9.268,9.134,0.0,2234.8,7.0,97.782,1.0,,0,-95.53,9,35,4,214,0.4439
8.856,8.651,0.0,2309.0,7.0,99.261,0.8,,1,-95.382,10,35,3,408,0.4877
8.769,9.1,0.0,2241.1,7.0,98.84,0.85,,1,-95.518,10,35,3,270,0.4481
8.723,9.193,0.0,2301.3,7.0,99.007,0.9,,1,-95.397,10,35,3,223,0.435
9.311,9.401,0.0,2217.3,7.0,97.999,0.95,,0,-95.565,10,35,3,193,0.4249
9.268,9.134,0.0,2234.8,7.0,97.782,1.0,,0,-95.53,10,35,4,214,0.4439
10.049,11.24,0.0,49648.6,7.0,69.398,0.8,,4,-0.703,1,40,13,2611,0.4803
9.976,11.488,0.0,53577.7,7.0,62.122,0.85,,7,7.155,1,40,13,1718,0.4738
10.211,11.682,0.0,36820.4,7.0,61.71,0.9,,7,-26.359,1,40,13,1295,0.4726
10.256,12.344,0.0,88207.4,7.0,48.542,0.95,,7,76.415,1,40,13,927,0.4876
10.75,12.571,0.0,75640.3,7.0,34.362,1.0,,7,51.281,1,40,13,685,0.4949
9.853,10.37,0.0,8049.0,7.0,91.313,0.8,,2,-83.902,2,40,8,1522,0.4717
9.905,10.922,0.0,8371.7,7.0,89.214,0.85,,3,-83.257,2,40,8,1110,0.4532
10.073,11.262,0.0,8219.1,7.0,89.431,0.9,,3,-83.562,2,40,8,814,0.4521
10.256,12.344,0.0,108724.4,7.0,75.795,0.95,,6,117.449,2,40,13,927,0.4876
10.75,12.571,0.0,78595.7,7.0,61.502,1.0,,7,57.191,2,40,13,685,0.4949
9.186,8.934,0.0,5540.2,7.0,95.518,0.8,,1,-88.92,3,40,4,749,0.474
9.045,9.001,0.0,5540.2,7.0,94.505,0.85,,1,-88.92,3,40,3,375,0.4213
9.262,9.086,0.0,5423.3,7.0,94.625,0.9,,1,-89.153,3,40,4,366,0.4208
10.256,12.344,0.0,99548.8,7.0,88.69,0.95,,6,99.098,3,40,13,927,0.4876
10.75,12.571,0.0,61881.8,7.0,78.01,1.0,,6,23.764,3,40,13,685,0.4949
9.157,9.028,0.0,4028.2,7.0,97.48,0.8,,1,-91.944,4,40,3,538,0.4684
9.049,9.038,0.0,4142.3,7.0,96.533,0.85,,1,-91.715,4,40,3,349,0.4327
9.128,9.119,0.0,3950.5,7.0,96.851,0.9,,1,-92.099,4,40,3,283,0.417
9.4,9.231,0.0,4188.5,7.0,94.745,0.95,,0,-91.623,4,40,4,281,0.427
10.75,12.571,0.0,25991.4,7.0,87.017,1.0,,6,-48.017,4,40,13,685,0.4949
9.039,8.961,0.0,3335.9,7.0,98.388,0.8,,1,-93.328,5,40,3,485,0.4742
8.854,9.022,0.0,3116.1,7.0,97.731,0.85,,1,-93.768,5,40,3,304,0.4342
9.103,9.038,0.0,3345.0,7.0,97.845,0.9,,1,-93.31,5,40,3,266,0.4286
9.51,9.44,0.0,3186.1,7.0,96.418,0.95,,0,-93.628,5,40,4,258,0.4264
10.75,12.571,0.0,8489.3,7.0,93.843,1.0,,3,-83.021,5,40,13,685,0.4949
8.866,8.976,0.0,2796.2,7.0,98.898,0.8,,1,-94.408,6,40,3,441,0.4717
8.825,9.07,0.0,2619.1,7.0,98.395,0.85,,1,-94.762,6,40,3,287,0.439
8.801,8.846,0.0,2686.3,7.0,98.596,0.9,,1,-94.627,6,40,3,250,0.432
9.288,9.248,0.0,2622.6,7.0,97.365,0.95,,0,-94.755,6,40,3,184,0.4293
10.75,12.571,0.0,5100.6,7.0,96.938,1.0,,4,-89.799,6,40,13,685,0.4949
8.856,8.651,0.0,2309.0,7.0,99.261,0.8,,1,-95.382,7,40,3,408,0.4877
8.769,9.1,0.0,2241.1,7.0,98.84,0.85,,1,-95.518,7,40,3,270,0.4481
8.723,9.193,0.0,2301.3,7.0,99.007,0.9,,1,-95.397,7,40,3,223,0.435
9.311,9.401,0.0,2217.3,7.0,97.999,0.95,,0,-95.565,7,40,3,193,0.4249
9.268,9.134,0.0,2234.8,7.0,97.782,1.0,,0,-95.53,7,40,4,214,0.4439
8.856,8.651,0.0,2309.0,7.0,99.261,0.8,,1,-95.382,8,40,3,408,0.4877
8.769,9.1,0.0,2241.1,7.0,98.84,0.85,,1,-95.518,8,40,3,270,0.4481
8.723,9.193,0.0,2301.3,7.0,99.007,0.9,,1,-95.397,8,40,3,223,0.435
9.311,9.401,0.0,2217.3,7.0,97.999,0.95,,0,-95.565,8,40,3,193,0.4249
9.268,9.134,0.0,2234.8,7.0,97.782,1.0,,0,-95.53,8,40,4,214,0.4439
8.856,8.651,0.0,2309.0,7.0,99.261,0.8,,1,-95.382,9,40,3,408,0.4877
8.769,9.1,0.0,2241.1,7.0,98.84,0.85,,1,-95.518,9,40,3,270,0.4481
8.723,9.193,0.0,2301.3,7.0,99.007,0.9,,1,-95.397,9,40,3,223,0.435
9.311,9.401,0.0,2217.3,7.0,97.999,0.95,,0,-95.565,9,40,3,193,0.4249
9.268,9.134,0.0,2234.8,7.0,97.782,1.0,,0,-95.53,9,40,4,214,0.4439
8.856,8.651,0.0,2309.0,7.0,99.261,0.8,,1,-95.382,10,40,3,408,0.4877
8.769,9.1,0.0,2241.1,7.0,98.84,0.85,,1,-95.518,10,40,3,270,0.4481
8.723,9.193,0.0,2301.3,7.0,99.007,0.9,,1,-95.397,10,40,3,223,0.435
9.311,9.401,0.0,2217.3,7.0,97.999,0.95,,0,-95.565,10,40,3,193,0.4249
9.268,9.134,0.0,2234.8,7.0,97.782,1.0,,0,-95.53,10,40,4,214,0.4439
10.049,11.24,0.0,49648.6,7.0,69.398,0.8,,4,-0.703,1,45,13,2611,0.4803
9.976,11.488,0.0,53577.7,7.0,62.122,0.85,,7,7.155,1,45,13,1718,0.4738
10.211,11.682,0.0,36820.4,7.0,61.71,0.9,,7,-26.359,1,45,13,1295,0.4726
10.256,12.344,0.0,88207.4,7.0,48.542,0.95,,7,76.415,1,45,13,927,0.4876
10.75,12.571,0.0,75640.3,7.0,34.362,1.0,,7,51.281,1,45,13,685,0.4949
9.853,10.37,0.0,8049.0,7.0,91.313,0.8,,2,-83.902,2,45,8,1522,0.4717
9.905,10.922,0.0,8371.7,7.0,89.214,0.85,,3,-83.257,2,45,8,1110,0.4532
10.073,11.262,0.0,8219.1,7.0,89.431,0.9,,3,-83.562,2,45,8,814,0.4521
10.256,12.344,0.0,108724.4,7.0,75.795,0.95,,6,117.449,2,45,13,927,0.4876
10.75,12.571,0.0,78595.7,7.0,61.502,1.0,,7,57.191,2,45,13,685,0.4949
9.186,8.934,0.0,5540.2,7.0,95.518,0.8,,1,-88.92,3,45,4,749,0.474
9.045,9.001,0.0,5540.2,7.0,94.505,0.85,,1,-88.92,3,45,3,375,0.4213
9.262,9.086,0.0,5423.3,7.0,94.625,0.9,,1,-89.153,3,45,4,366,0.4208
10.256,12.344,0.0,99548.8,7.0,88.69,0.95,,6,99.098,3,45,13,927,0.4876
10.75,12.571,0.0,61881.8,7.0,78.01,1.0,,6,23.764,3,45,13,685,0.4949
9.157,9.028,0.0,4028.2,7.0,97.48,0.8,,1,-91.944,4,45,3,538,0.4684
9.049,9.038,0.0,4142.3,7.0,96.533,0.85,,1,-91.715,4,45,3,349,0.4327
9.128,9.119,0.0,3950.5,7.0,96.851,0.9,,1,-92.099,4,45,3,283,0.417
9.4,9.231,0.0,4188.5,7.0,94.745,0.95,,0,-91.623,4,45,4,281,0.427
10.75,12.571,0.0,25991.4,7.0,87.017,1.0,,6,-48.017,4,45,13,685,0.4949
9.039,8.961,0.0,3335.9,7.0,98.388,0.8,,1,-93.328,5,45,3,485,0.4742
8.854,9.022,0.0,3116.1,7.0,97.731,0.85,,1,-93.768,5,45,3,304,0.4342
9.103,9.038,0.0,3345.0,7.0,97.845,0.9,,1,-93.31,5,45,3,266,0.4286
9.51,9.44,0.0,3186.1,7.0,96.418,0.95,,0,-93.628,5,45,4,258,0.4264
10.75,12.571,0.0,8489.3,7.0,93.843,1.0,,3,-83.021,5,45,13,685,0.4949
8.866,8.976,0.0,2796.2,7.0,98.898,0.8,,1,-94.408,6,45,3,441,0.4717
8.825,9.07,0.0,2619.1,7.0,98.395,0.85,,1,-94.762,6,45,3,287,0.439
8.801,8.846,0.0,2686.3,7.0,98.596,0.9,,1,-94.627,6,45,3,250,0.432
9.288,9.248,0.0,2622.6,7.0,97.365,0.95,,0,-94.755,6,45,3,184,0.4293
10.75,12.571,0.0,5100.6,7.0,96.938,1.0,,4,-89.799,6,45,13,685,0.4949
8.856,8.651,0.0,2309.0,7.0,99.261,0.8,,1,-95.382,7,45,3,408,0.4877
8.769,9.1,0.0,2241.1,7.0,98.84,0.85,,1,-95.518,7,45,3,270,0.4481
8.723,9.193,0.0,2301.3,7.0,99.007,0.9,,1,-95.397,7,45,3,223,0.435
9.311,9.401,0.0,2217.3,7.0,97.999,0.95,,0,-95.565,7,45,3,193,0.4249
9.268,9.134,0.0,2234.8,7.0,97.782,1.0,,0,-95.53,7,45,4,214,0.4439
8.856,8.651,0.0,2309.0,7.0,99.261,0.8,,1,-95.382,8,45,3,408,0.4877
8.769,9.1,0.0,2241.1,7.0,98.84,0.85,,1,-95.518,8,45,3,270,0.4481
8.723,9.193,0.0,2301.3,7.0,99.007,0.9,,1,-95.397,8,45,3,223,0.435
9.311,9.401,0.0,2217.3,7.0,97.999,0.95,,0,-95.565,8,45,3,193,0.4249
9.268,9.134,0.0,2234.8,7.0,97.782,1.0,,0,-95.53,8,45,4,214,0.4439
8.856,8.651,0.0,2309.0,7.0,99.261,0.8,,1,-95.382,9,45,3,408,0.4877
8.769,9.1,0.0,2241.1,7.0,98.84,0.85,,1,-95.518,9,45,3,270,0.4481
8.723,9.193,0.0,2301.3,7.0,99.007,0.9,,1,-95.397,9,45,3,223,0.435
9.311,9.401,0.0,2217.3,7.0,97.999,0.95,,0,-95.565,9,45,3,193,0.4249
9.268,9.134,0.0,2234.8,7.0,97.782,1.0,,0,-95.53,9,45,4,214,0.4439
8.856,8.651,0.0,2309.0,7.0,99.261,0.8,,1,-95.382,10,45,3,408,0.4877
8.769,9.1,0.0,2241.1,7.0,98.84,0.85,,1,-95.518,10,45,3,270,0.4481
8.723,9.193,0.0,2301.3,7.0,99.007,0.9,,1,-95.397,10,45,3,223,0.435
9.311,9.401,0.0,2217.3,7.0,97.999,0.95,,0,-95.565,10,45,3,193,0.4249
9.268,9.134,0.0,2234.8,7.0,97.782,1.0,,0,-95.53,10,45,4,214,0.4439
10.049,11.24,0.0,49648.6,7.0,69.398,0.8,,4,-0.703,1,50,13,2611,0.4803
9.976,11.488,0.0,53577.7,7.0,62.122,0.85,,7,7.155,1,50,13,1718,0.4738
10.211,11.682,0.0,36820.4,7.0,61.71,0.9,,7,-26.359,1,50,13,1295,0.4726
10.256,12.344,0.0,88207.4,7.0,48.542,0.95,,7,76.415,1,50,13,927,0.4876
10.75,12.571,0.0,75640.3,7.0,34.362,1.0,,7,51.281,1,50,13,685,0.4949
9.853,10.37,0.0,8049.0,7.0,91.313,0.8,,2,-83.902,2,50,8,1522,0.4717
9.905,10.922,0.0,8371.7,7.0,89.214,0.85,,3,-83.257,2,50,8,1110,0.4532
10.073,11.262,0.0,8219.1,7.0,89.431,0.9,,3,-83.562,2,50,8,814,0.4521
10.256,12.344,0.0,108724.4,7.0,75.795,0.95,,6,117.449,2,50,13,927,0.4876
10.75,12.571,0.0,78595.7,7.0,61.502,1.0,,7,57.191,2,50,13,685,0.4949
9.186,8.934,0.0,5540.2,7.0,95.518,0.8,,1,-88.92,3,50,4,749,0.474
9.045,9.001,0.0,5540.2,7.0,94.505,0.85,,1,-88.92,3,50,3,375,0.4213
9.262,9.086,0.0,5423.3,7.0,94.625,0.9,,1,-89.153,3,50,4,366,0.4208
10.256,12.344,0.0,99548.8,7.0,88.69,0.95,,6,99.098,3,50,13,927,0.4876
10.75,12.571,0.0,61881.8,7.0,78.01,1.0,,6,23.764,3,50,13,685,0.4949
9.157,9.028,0.0,4028.2,7.0,97.48,0.8,,1,-91.944,4,50,3,538,0.4684
9.049,9.038,0.0,4142.3,7.0,96.533,0.85,,1,-91.715,4,50,3,349,0.4327
9.128,9.119,0.0,3950.5,7.0,96.851,0.9,,1,-92.099,4,50,3,283,0.417
9.4,9.231,0.0,4188.5,7.0,94.745,0.95,,0,-91.623,4,50,4,281,0.427
10.75,12.571,0.0,25991.4,7.0,87.017,1.0,,6,-48.017,4,50,13,685,0.4949
9.039,8.961,0.0,3335.9,7.0,98.388,0.8,,1,-93.328,5,50,3,485,0.4742
8.854,9.022,0.0,3116.1,7.0,97.731,0.85,,1,-93.768,5,50,3,304,0.4342
9.103,9.038,0.0,3345.0,7.0,97.845,0.9,,1,-93.31,5,50,3,266,0.4286
9.51,9.44,0.0,3186.1,7.0,96.418,0.95,,0,-93.628,5,50,4,258,0.4264
10.75,12.571,0.0,8489.3,7.0,93.843,1.0,,3,-83.021,5,50,13,685,0.4949
8.866,8.976,0.0,2796.2,7.0,98.898,0.8,,1,-94.408,6,50,3,441,0.4717
8.825,9.07,0.0,2619.1,7.0,98.395,0.85,,1,-94.762,6,50,3,287,0.439
8.801,8.846,0.0,2686.3,7.0,98.596,0.9,,1,-94.627,6,50,3,250,0.432
9.288,9.248,0.0,2622.6,7.0,97.365,0.95,,0,-94.755,6,50,3,184,0.4293
10.75,12.571,0.0,5100.6,7.0,96.938,1.0,,4,-89.799,6,50,13,685,0.4949
8.856,8.651,0.0,2309.0,7.0,99.261,0.8,,1,-95.382,7,50,3,408,0.4877
8.769,9.1,0.0,2241.1,7.0,98.84,0.85,,1,-95.518,7,50,3,270,0.4481
8.723,9.193,0.0,2301.3,7.0,99.007,0.9,,1,-95.397,7,50,3,223,0.435
9.311,9.401,0.0,2217.3,7.0,97.999,0.95,,0,-95.565,7,50,3,193,0.4249
9.268,9.134,0.0,2234.8,7.0,97.782,1.0,,0,-95.53,7,50,4,214,0.4439
8.856,8.651,0.0,2309.0,7.0,99.261,0.8,,1,-95.382,8,50,3,408,0.4877
8.769,9.1,0.0,2241.1,7.0,98.84,0.85,,1,-95.518,8,50,3,270,0.4481
8.723,9.193,0.0,2301.3,7.0,99.007,0.9,,1,-95.397,8,50,3,223,0.435
9.311,9.401,0.0,2217.3,7.0,97.999,0.95,,0,-95.565,8,50,3,193,0.4249
9.268,9.134,0.0,2234.8,7.0,97.782,1.0,,0,-95.53,8,50,4,214,0.4439
8.856,8.651,0.0,2309.0,7.0,99.261,0.8,,1,-95.382,9,50,3,408,0.4877
8.769,9.1,0.0,2241.1,7.0,98.84,0.85,,1,-95.518,9,50,3,270,0.4481
8.723,9.193,0.0,2301.3,7.0,99.007,0.9,,1,-95.397,9,50,3,223,0.435
9.311,9.401,0.0,2217.3,7.0,97.999,0.95,,0,-95.565,9,50,3,193,0.4249
9.268,9.134,0.0,2234.8,7.0,97.782,1.0,,0,-95.53,9,50,4,214,0.4439
8.856,8.651,0.0,2309.0,7.0,99.261,0.8,,1,-95.382,10,50,3,408,0.4877
8.769,9.1,0.0,2241.1,7.0,98.84,0.85,,1,-95.518,10,50,3,270,0.4481
8.723,9.193,0.0,2301.3,7.0,99.007,0.9,,1,-95.397,10,50,3,223,0.435
9.311,9.401,0.0,2217.3,7.0,97.999,0.95,,0,-95.565,10,50,3,193,0.4249
9.268,9.134,0.0,2234.8,7.0,97.782,1.0,,0,-95.53,10,50,4,214,0.4439
10.049,11.24,0.0,49648.6,7.0,69.398,0.8,,4,-0.703,1,55,13,2611,0.4803
9.976,11.488,0.0,53577.7,7.0,62.122,0.85,,7,7.155,1,55,13,1718,0.4738
10.211,11.682,0.0,36820.4,7.0,61.71,0.9,,7,-26.359,1,55,13,1295,0.4726
10.256,12.344,0.0,88207.4,7.0,48.542,0.95,,7,76.415,1,55,13,927,0.4876
10.75,12.571,0.0,75640.3,7.0,34.362,1.0,,7,51.281,1,55,13,685,0.4949
9.853,10.37,0.0,8049.0,7.0,91.313,0.8,,2,-83.902,2,55,8,1522,0.4717
9.905,10.922,0.0,8371.7,7.0,89.214,0.85,,3,-83.257,2,55,8,1110,0.4532
10.073,11.262,0.0,8219.1,7.0,89.431,0.9,,3,-83.562,2,55,8,814,0.4521
10.256,12.344,0.0,108724.4,7.0,75.795,0.95,,6,117.449,2,55,13,927,0.4876
10.75,12.571,0.0,78595.7,7.0,61.502,1.0,,7,57.191,2,55,13,685,0.4949
9.186,8.934,0.0,5540.2,7.0,95.518,0.8,,1,-88.92,3,55,4,749,0.474
9.045,9.001,0.0,5540.2,7.0,94.505,0.85,,1,-88.92,3,55,3,375,0.4213
9.262,9.086,0.0,5423.3,7.0,94.625,0.9,,1,-89.153,3,55,4,366,0.4208
10.256,12.344,0.0,99548.8,7.0,88.69,0.95,,6,99.098,3,55,13,927,0.4876
10.75,12.571,0.0,61881.8,7.0,78.01,1.0,,6,23.764,3,55,13,685,0.4949
9.157,9.028,0.0,4028.2,7.0,97.48,0.8,,1,-91.944,4,55,3,538,0.4684
9.049,9.038,0.0,4142.3,7.0,96.533,0.85,,1,-91.715,4,55,3,349,0.4327
9.128,9.119,0.0,3950.5,7.0,96.851,0.9,,1,-92.099,4,55,3,283,0.417
9.4,9.231,0.0,4188.5,7.0,94.745,0.95,,0,-91.623,4,55,4,281,0.427
10.75,12.571,0.0,25991.4,7.0,87.017,1.0,,6,-48.017,4,55,13,685,0.4949
9.039,8.961,0.0,3335.9,7.0,98.388,0.8,,1,-93.328,5,55,3,485,0.4742
8.854,9.022,0.0,3116.1,7.0,97.731,0.85,,1,-93.768,5,55,3,304,0.4342
9.103,9.038,0.0,3345.0,7.0,97.845,0.9,,1,-93.31,5,55,3,266,0.4286
9.51,9.44,0.0,3186.1,7.0,96.418,0.95,,0,-93.628,5,55,4,258,0.4264
10.75,12.571,0.0,8489.3,7.0,93.843,1.0,,3,-83.021,5,55,13,685,0.4949
8.866,8.976,0.0,2796.2,7.0,98.898,0.8,,1,-94.408,6,55,3,441,0.4717
8.825,9.07,0.0,2619.1,7.0,98.395,0.85,,1,-94.762,6,55,3,287,0.439
8.801,8.846,0.0,2686.3,7.0,98.596,0.9,,1,-94.627,6,55,3,250,0.432
9.288,9.248,0.0,2622.6,7.0,97.365,0.95,,0,-94.755,6,55,3,184,0.4293
10.75,12.571,0.0,5100.6,7.0,96.938,1.0,,4,-89.799,6,55,13,685,0.4949
8.856,8.651,0.0,2309.0,7.0,99.261,0.8,,1,-95.382,7,55,3,408,0.4877
8.769,9.1,0.0,2241.1,7.0,98.84,0.85,,1,-95.518,7,55,3,270,0.4481
8.723,9.193,0.0,2301.3,7.0,99.007,0.9,,1,-95.397,7,55,3,223,0.435
9.311,9.401,0.0,2217.3,7.0,97.999,0.95,,0,-95.565,7,55,3,193,0.4249
9.268,9.134,0.0,2234.8,7.0,97.782,1.0,,0,-95.53,7,55,4,214,0.4439
8.856,8.651,0.0,2309.0,7.0,99.261,0.8,,1,-95.382,8,55,3,408,0.4877
8.769,9.1,0.0,2241.1,7.0,98.84,0.85,,1,-95.518,8,55,3,270,0.4481
8.723,9.193,0.0,2301.3,7.0,99.007,0.9,,1,-95.397,8,55,3,223,0.435
9.311,9.401,0.0,2217.3,7.0,97.999,0.95,,0,-95.565,8,55,3,193,0.4249
9.268,9.134,0.0,2234.8,7.0,97.782,1.0,,0,-95.53,8,55,4,214,0.4439
8.856,8.651,0.0,2309.0,7.0,99.261,0.8,,1,-95.382,9,55,3,408,0.4877
8.769,9.1,0.0,2241.1,7.0,98.84,0.85,,1,-95.518,9,55,3,270,0.4481
8.723,9.193,0.0,2301.3,7.0,99.007,0.9,,1,-95.397,9,55,3,223,0.435
9.311,9.401,0.0,2217.3,7.0,97.999,0.95,,0,-95.565,9,55,3,193,0.4249
9.268,9.134,0.0,2234.8,7.0,97.782,1.0,,0,-95.53,9,55,4,214,0.4439
8.856,8.651,0.0,2309.0,7.0,99.261,0.8,,1,-95.382,10,55,3,408,0.4877
8.769,9.1,0.0,2241.1,7.0,98.84,0.85,,1,-95.518,10,55,3,270,0.4481
8.723,9.193,0.0,2301.3,7.0,99.007,0.9,,1,-95.397,10,55,3,223,0.435
9.311,9.401,0.0,2217.3,7.0,97.999,0.95,,0,-95.565,10,55,3,193,0.4249
9.268,9.134,0.0,2234.8,7.0,97.782,1.0,,0,-95.53,10,55,4,214,0.4439
10.049,11.24,0.0,49648.6,7.0,69.398,0.8,,4,-0.703,1,60,13,2611,0.4803
9.976,11.488,0.0,53577.7,7.0,62.122,0.85,,7,7.155,1,60,13,1718,0.4738
10.211,11.682,0.0,36820.4,7.0,61.71,0.9,,7,-26.359,1,60,13,1295,0.4726
10.256,12.344,0.0,88207.4,7.0,48.542,0.95,,7,76.415,1,60,13,927,0.4876
10.75,12.571,0.0,75640.3,7.0,34.362,1.0,,7,51.281,1,60,13,685,0.4949
9.853,10.37,0.0,8049.0,7.0,91.313,0.8,,2,-83.902,2,60,8,1522,0.4717
9.905,10.922,0.0,8371.7,7.0,89.214,0.85,,3,-83.257,2,60,8,1110,0.4532
10.073,11.262,0.0,8219.1,7.0,89.431,0.9,,3,-83.562,2,60,8,814,0.4521
10.256,12.344,0.0,108724.4,7.0,75.795,0.95,,6,117.449,2,60,13,927,0.4876
10.75,12.571,0.0,78595.7,7.0,61.502,1.0,,7,57.191,2,60,13,685,0.4949
9.186,8.934,0.0,5540.2,7.0,95.518,0.8,,1,-88.92,3,60,4,749,0.474
9.045,9.001,0.0,5540.2,7.0,94.505,0.85,,1,-88.92,3,60,3,375,0.4213
9.262,9.086,0.0,5423.3,7.0,94.625,0.9,,1,-89.153,3,60,4,366,0.4208
10.256,12.344,0.0,99548.8,7.0,88.69,0.95,,6,99.098,3,60,13,927,0.4876
10.75,12.571,0.0,61881.8,7.0,78.01,1.0,,6,23.764,3,60,13,685,0.4949
9.157,9.028,0.0,4028.2,7.0,97.48,0.8,,1,-91.944,4,60,3,538,0.4684
9.049,9.038,0.0,4142.3,7.0,96.533,0.85,,1,-91.715,4,60,3,349,0.4327
9.128,9.119,0.0,3950.5,7.0,96.851,0.9,,1,-92.099,4,60,3,283,0.417
9.4,9.231,0.0,4188.5,7.0,94.745,0.95,,0,-91.623,4,60,4,281,0.427
10.75,12.571,0.0,25991.4,7.0,87.017,1.0,,6,-48.017,4,60,13,685,0.4949
9.039,8.961,0.0,3335.9,7.0,98.388,0.8,,1,-93.328,5,60,3,485,0.4742
8.854,9.022,0.0,3116.1,7.0,97.731,0.85,,1,-93.768,5,60,3,304,0.4342
9.103,9.038,0.0,3345.0,7.0,97.845,0.9,,1,-93.31,5,60,3,266,0.4286
9.51,9.44,0.0,3186.1,7.0,96.418,0.95,,0,-93.628,5,60,4,258,0.4264
10.75,12.571,0.0,8489.3,7.0,93.843,1.0,,3,-83.021,5,60,13,685,0.4949
8.866,8.976,0.0,2796.2,7.0,98.898,0.8,,1,-94.408,6,60,3,441,0.4717
8.825,9.07,0.0,2619.1,7.0,98.395,0.85,,1,-94.762,6,60,3,287,0.439
8.801,8.846,0.0,2686.3,7.0,98.596,0.9,,1,-94.627,6,60,3,250,0.432
9.288,9.248,0.0,2622.6,7.0,97.365,0.95,,0,-94.755,6,60,3,184,0.4293
10.75,12.571,0.0,5100.6,7.0,96.938,1.0,,4,-89.799,6,60,13,685,0.4949
8.856,8.651,0.0,2309.0,7.0,99.261,0.8,,1,-95.382,7,60,3,408,0.4877
8.769,9.1,0.0,2241.1,7.0,98.84,0.85,,1,-95.518,7,60,3,270,0.4481
8.723,9.193,0.0,2301.3,7.0,99.007,0.9,,1,-95.397,7,60,3,223,0.435
9.311,9.401,0.0,2217.3,7.0,97.999,0.95,,0,-95.565,7,60,3,193,0.4249
9.268,9.134,0.0,2234.8,7.0,97.782,1.0,,0,-95.53,7,60,4,214,0.4439
8.856,8.651,0.0,2309.0,7.0,99.261,0.8,,1,-95.382,8,60,3,408,0.4877
8.769,9.1,0.0,2241.1,7.0,98.84,0.85,,1,-95.518,8,60,3,270,0.4481
8.723,9.193,0.0,2301.3,7.0,99.007,0.9,,1,-95.397,8,60,3,223,0.435
9.311,9.401,0.0,2217.3,7.0,97.999,0.95,,0,-95.565,8,60,3,193,0.4249
9.268,9.134,0.0,2234.8,7.0,97.782,1.0,,0,-95.53,8,60,4,214,0.4439
8.856,8.651,0.0,2309.0,7.0,99.261,0.8,,1,-95.382,9,60,3,408,0.4877
8.769,9.1,0.0,2241.1,7.0,98.84,0.85,,1,-95.518,9,60,3,270,0.4481
8.723,9.193,0.0,2301.3,7.0,99.007,0.9,,1,-95.397,9,60,3,223,0.435
9.311,9.401,0.0,2217.3,7.0,97.999,0.95,,0,-95.565,9,60,3,193,0.4249
9.268,9.134,0.0,2234.8,7.0,97.782,1.0,,0,-95.53,9,60,4,214,0.4439
8.856,8.651,0.0,2309.0,7.0,99.261,0.8,,1,-95.382,10,60,3,408,0.4877
8.769,9.1,0.0,2241.1,7.0,98.84,0.85,,1,-95.518,10,60,3,270,0.4481
8.723,9.193,0.0,2301.3,7.0,99.007,0.9,,1,-95.397,10,60,3,223,0.435
9.311,9.401,0.0,2217.3,7.0,97.999,0.95,,0,-95.565,10,60,3,193,0.4249
9.268,9.134,0.0,2234.8,7.0,97.782,1.0,,0,-95.53,10,60,4,214,0.4439
9.466,11.03,0.0,47564.0,7.5,64.766,0.8,,6,-4.872,1,5,13,2612,0.4663
9.422,11.216,0.0,45494.8,7.5,58.273,0.85,,7,-9.01,1,5,13,1713,0.4623
9.573,11.345,0.0,39381.7,7.5,55.057,0.9,,7,-21.237,1,5,13,1290,0.4589
9.541,11.937,0.0,71078.4,7.5,40.702,0.95,,8,42.157,1,5,13,927,0.4757
10.054,12.086,0.0,77496.7,7.5,26.78,1.0,,8,54.993,1,5,13,686,0.4898
9.448,10.36,0.0,8422.1,7.5,90.468,0.8,,3,-83.156,2,5,8,1517,0.4608
9.527,10.845,0.0,8906.5,7.5,87.451,0.85,,3,-82.187,2,5,8,1105,0.4434
9.683,11.22,0.0,7926.5,7.5,88.704,0.9,,3,-84.147,2,5,8,807,0.4399
9.541,11.937,0.0,89279.8,7.5,71.928,0.95,,9,78.56,2,5,13,927,0.4757
10.054,12.086,0.0,89065.6,7.5,54.661,1.0,,8,78.131,2,5,13,686,0.4898
8.631,8.807,0.0,5988.2,7.5,94.691,0.8,,1,-88.024,3,5,4,750,0.4573
8.662,8.82,0.0,5925.2,7.5,93.06,0.85,,1,-88.15,3,5,4,486,0.4259
8.555,8.846,0.0234,5918.9,7.5,92.63,0.9,,1,-88.162,3,5,4,398,0.407
9.541,11.937,0.0,88425.1,7.5,85.86,0.95,,8,76.85,3,5,13,927,0.4757
10.054,12.086,0.0,77937.0,7.5,71.675,1.0,,7,55.874,3,5,13,686,0.4898
8.706,8.866,0.0,4446.1,7.5,96.783,0.8,,1,-91.108,4,5,3,590,0.4559
8.564,8.743,0.0,4448.2,7.5,95.62,0.85,,1,-91.104,4,5,3,348,0.4195
8.802,9.001,0.0,3920.4,7.5,95.835,0.9,,1,-92.159,4,5,4,351,0.416
9.541,11.937,0.0,46836.0,7.5,93.807,0.95,,7,-6.328,4,5,13,927,0.4757
10.054,12.086,0.0,44488.2,7.5,82.753,1.0,,6,-11.024,4,5,13,686,0.4898
8.621,8.803,0.0,3473.1,7.5,97.828,0.8,,1,-93.054,5,5,3,483,0.4617
8.469,8.734,0.0,3476.6,7.5,96.981,0.85,,1,-93.047,5,5,3,292,0.4212
8.641,8.996,0.0012,3477.3,7.5,96.806,0.9,,1,-93.045,5,5,3,278,0.4065
9.123,9.525,0.0,3389.8,7.5,96.056,0.95,,0,-93.22,5,5,4,258,0.4186
10.054,12.086,0.0,21118.0,7.5,89.595,1.0,,5,-57.764,5,5,13,686,0.4898
8.53,8.803,0.0,2815.8,7.5,98.514,0.8,,1,-94.368,6,5,3,481,0.4636
8.49,8.734,0.0,2908.9,7.5,97.776,0.85,,1,-94.182,6,5,3,287,0.4286
8.542,8.825,0.0,2909.6,7.5,97.702,0.9,,1,-94.181,6,5,3,225,0.4133
9.176,9.516,0.0,2913.1,7.5,96.974,0.95,,0,-94.174,6,5,4,248,0.4234
10.054,12.086,0.0,9103.2,7.5,96.44,1.0,,5,-81.794,6,5,13,686,0.4898
8.416,8.506,0.0,2456.7,7.5,98.846,0.8,,1,-95.087,7,5,3,408,0.473
8.464,8.805,0.0,2336.3,7.5,98.389,0.85,,1,-95.327,7,5,3,267,0.4382
8.458,8.909,0.0,2548.4,7.5,98.268,0.9,,1,-94.903,7,5,3,219,0.4201
8.929,9.313,0.0,2165.5,7.5,97.953,0.95,,0,-95.669,7,5,3,182,0.4231
10.084,12.546,0.0,1745.5,7.5,98.19,1.0,,3,-96.509,7,5,7,351,0.4843
8.432,8.506,0.0,2271.2,7.5,98.977,0.8,,1,-95.458,8,5,3,406,0.4754
8.572,8.883,0.0,2386.0,7.5,98.409,0.85,,1,-95.228,8,5,3,260,0.4423
8.431,8.909,0.0,2301.3,7.5,98.541,0.9,,0,-95.397,8,5,3,217,0.424
8.929,9.313,0.0,1763.7,7.5,98.408,0.95,,0,-96.473,8,5,3,182,0.4231
10.084,12.546,0.0163,717.2,7.5,99.288,1.0,,2,-98.566,8,5,7,351,0.4843
8.432,8.506,0.0,2271.2,7.5,98.977,0.8,,1,-95.458,9,5,3,406,0.4754
8.572,8.883,0.0,2386.0,7.5,98.409,0.85,,1,-95.228,9,5,3,260,0.4423
8.431,8.909,0.0,2301.3,7.5,98.541,0.9,,0,-95.397,9,5,3,217,0.424
8.929,9.313,0.0,1763.7,7.5,98.408,0.95,,0,-96.473,9,5,3,182,0.4231
10.084,12.546,0.0163,717.2,7.5,99.288,1.0,,2,-98.566,9,5,7,351,0.4843
8.432,8.506,0.0,2271.2,7.5,98.977,0.8,,1,-95.458,10,5,3,406,0.4754
8.572,8.883,0.0,2386.0,7.5,98.409,0.85,,1,-95.228,10,5,3,260,0.4423
8.431,8.909,0.0,2301.3,7.5,98.541,0.9,,0,-95.397,10,5,3,217,0.424
8.929,9.313,0.0,1763.7,7.5,98.408,0.95,,0,-96.473,10,5,3,182,0.4231
10.084,12.546,0.0163,717.2,7.5,99.288,1.0,,2,-98.566,10,5,7,351,0.4843
10.19,11.281,0.0,74525.2,7.5,64.804,0.8,,6,49.05,1,10,13,2592,0.4877
10.158,11.193,0.0,46168.2,7.5,59.858,0.85,,7,-7.664,1,10,13,1705,0.4815
10.344,11.353,0.0,39237.5,7.5,56.187,0.9,,6,-21.525,1,10,13,1287,0.4802
10.274,11.873,0.0,78252.0,7.5,42.364,0.95,,8,56.504,1,10,13,926,0.4957
10.649,11.982,0.0,71835.8,7.5,27.609,1.0,,8,43.672,1,10,13,685,0.5036
10.249,10.368,0.0,7982.5,7.5,91.014,0.8,,2,-84.035,2,10,8,1507,0.4804
10.195,10.714,0.0,8952.0,7.5,88.191,0.85,,3,-82.096,2,10,8,1046,0.4637
10.545,11.219,0.0,8973.0,7.5,88.154,0.9,,3,-82.054,2,10,9,831,0.4609
10.274,11.873,0.0,95616.9,7.5,74.213,0.95,,6,91.234,2,10,13,926,0.4957
10.649,11.982,0.0,69637.8,7.5,57.437,1.0,,5,39.276,2,10,13,685,0.5036
9.422,8.907,0.0,5994.5,7.5,94.675,0.8,,1,-88.011,3,10,4,747,0.4779
9.311,8.964,0.0,5928.7,7.5,93.681,0.85,,1,-88.143,3,10,3,370,0.427
9.391,8.893,0.0,5917.5,7.5,93.755,0.9,,1,-88.165,3,10,4,396,0.4318
10.274,11.873,0.0,63714.4,7.5,88.685,0.95,,6,27.429,3,10,13,926,0.4957
10.649,11.982,0.0,67608.5,7.5,74.047,1.0,,6,35.217,3,10,13,685,0.5036
9.472,9.056,0.0,4388.0,7.5,97.001,0.8,,1,-91.224,4,10,3,527,0.4744
9.363,9.046,0.0,4481.8,7.5,96.086,0.85,,1,-91.036,4,10,3,344,0.436
9.31,9.129,0.0,4476.9,7.5,96.206,0.9,,1,-91.046,4,10,4,347,0.4323
9.638,9.086,0.0,4455.9,7.5,94.248,0.95,,0,-91.088,4,10,4,284,0.4331
10.649,11.982,0.0,35085.1,7.5,84.116,1.0,,5,-29.83,4,10,13,685,0.5036
9.327,8.942,0.0,3395.4,7.5,98.157,0.8,,1,-93.209,5,10,3,480,0.4792
9.125,8.982,0.0,3402.4,7.5,97.421,0.85,,1,-93.195,5,10,3,300,0.44
9.412,9.166,0.0,3482.9,7.5,97.603,0.9,,1,-93.034,5,10,3,263,0.4297
9.744,9.387,0.0,3590.0,7.5,95.823,0.95,,0,-92.82,5,10,4,257,0.4319
10.649,11.982,0.0,17209.2,7.5,91.991,1.0,,3,-65.582,5,10,13,685,0.5036
9.224,8.942,0.0,2706.6,7.5,98.796,0.8,,1,-94.587,6,10,3,478,0.4812
9.127,9.028,0.0,2963.5,7.5,98.069,0.85,,1,-94.073,6,10,3,283,0.4452
9.1,9.13,0.0,2885.8,7.5,98.357,0.9,,1,-94.228,6,10,3,228,0.4254
9.436,9.274,0.0,2973.3,7.5,96.912,0.95,,0,-94.053,6,10,3,182,0.4286
10.884,12.752,0.0035,2968.4,7.5,96.664,1.0,,1,-94.063,6,10,9,431,0.4826
9.102,8.624,0.0,2554.7,7.5,99.073,0.8,,1,-94.891,7,10,3,404,0.4926
9.095,9.056,0.0,2495.9,7.5,98.611,0.85,,1,-95.008,7,10,3,266,0.4549
9.099,9.213,0.0,2470.0,7.5,98.845,0.9,,1,-95.06,7,10,3,222,0.4324
9.444,9.358,0.0,2356.6,7.5,97.772,0.95,,0,-95.287,7,10,3,195,0.4205
11.047,12.54,0.0227,2341.2,7.5,97.572,1.0,,2,-95.318,7,10,8,395,0.4937
9.102,8.624,0.0,2232.7,7.5,99.251,0.8,,1,-95.535,8,10,3,404,0.4926
9.211,9.136,0.0,2346.1,7.5,98.785,0.85,,1,-95.308,8,10,3,260,0.4577
9.021,9.213,0.0,2353.1,7.5,98.984,0.9,,1,-95.294,8,10,3,220,0.4364
9.46,9.427,0.0,2262.1,7.5,97.959,0.95,,0,-95.476,8,10,3,190,0.4263
10.862,12.463,0.0709,1172.9,7.5,98.836,1.0,,2,-97.654,8,10,7,351,0.5014
9.102,8.624,0.0,2232.7,7.5,99.251,0.8,,1,-95.535,9,10,3,404,0.4926
9.211,9.136,0.0,2346.1,7.5,98.785,0.85,,1,-95.308,9,10,3,260,0.4577
9.021,9.213,0.0,2353.1,7.5,98.984,0.9,,1,-95.294,9,10,3,220,0.4364
9.46,9.427,0.0,2262.1,7.5,97.959,0.95,,0,-95.476,9,10,3,190,0.4263
10.862,12.463,0.0709,1172.9,7.5,98.836,1.0,,2,-97.654,9,10,7,351,0.5014
9.102,8.624,0.0,2232.7,7.5,99.251,0.8,,1,-95.535,10,10,3,404,0.4926
9.211,9.136,0.0,2346.1,7.5,98.785,0.85,,1,-95.308,10,10,3,260,0.4577
9.021,9.213,0.0,2353.1,7.5,98.984,0.9,,1,-95.294,10,10,3,220,0.4364
9.46,9.427,0.0,2262.1,7.5,97.959,0.95,,0,-95.476,10,10,3,190,0.4263
10.862,12.463,0.0709,1172.9,7.5,98.836,1.0,,2,-97.654,10,10,7,351,0.5014
10.457,11.416,0.0,76301.1,7.5,65.241,0.8,,6,52.602,1,15,13,2589,0.4894
10.385,11.427,0.0,47291.7,7.5,58.524,0.85,,7,-5.417,1,15,13,1704,0.4842
10.633,11.668,0.0,39081.4,7.5,56.208,0.9,,6,-21.837,1,15,13,1286,0.4821
10.671,12.251,0.0,77285.3,7.5,42.364,0.95,,8,54.571,1,15,13,925,0.4973
11.251,12.485,0.0,70182.4,7.5,27.609,1.0,,8,40.365,1,15,13,684,0.5058
10.291,10.335,0.0,8025.2,7.5,90.907,0.8,,2,-83.95,2,15,8,1505,0.4817
10.328,10.814,0.0,8994.7,7.5,88.135,0.85,,3,-82.011,2,15,9,1112,0.4649
10.535,11.209,0.0,8779.8,7.5,88.409,0.9,,3,-82.44,2,15,8,815,0.4638
10.671,12.251,0.0,89336.5,7.5,74.213,0.95,,6,78.673,2,15,13,925,0.4973
11.251,12.485,0.0,68146.8,7.5,57.437,1.0,,5,36.294,2,15,13,684,0.5058
9.465,8.878,0.0,5930.1,7.5,94.7,0.8,,1,-88.14,3,15,4,749,0.4793
9.434,8.95,0.0,5800.6,7.5,93.817,0.85,,1,-88.399,3,15,4,460,0.4457
9.545,9.002,0.0,5928.0,7.5,93.744,0.9,,1,-88.144,3,15,4,369,0.4282
10.671,12.251,0.0,59183.3,7.5,88.685,0.95,,6,18.367,3,15,13,925,0.4973
11.251,12.485,0.0,58336.3,7.5,74.047,1.0,,6,16.673,3,15,13,684,0.5058
9.488,9.056,0.0,4446.1,7.5,96.923,0.8,,1,-91.108,4,15,3,527,0.4744
9.371,9.061,0.0,4479.0,7.5,96.088,0.85,,1,-91.042,4,15,3,348,0.4368
9.329,9.129,0.0,4386.6,7.5,96.283,0.9,,1,-91.227,4,15,4,347,0.4323
9.638,9.086,0.0,4455.9,7.5,94.248,0.95,,0,-91.088,4,15,4,284,0.4331
11.251,12.485,0.0,27254.2,7.5,84.116,1.0,,5,-45.492,4,15,13,684,0.5058
9.355,8.942,0.0,3488.5,7.5,98.074,0.8,,1,-93.023,5,15,3,480,0.4792
9.134,8.915,0.0,3537.5,7.5,97.319,0.85,,1,-92.925,5,15,3,318,0.4465
9.412,9.166,0.0,3482.9,7.5,97.603,0.9,,1,-93.034,5,15,3,263,0.4297
9.744,9.387,0.0,3590.0,7.5,95.823,0.95,,0,-92.82,5,15,4,257,0.4319
11.251,12.485,0.0,9752.1,7.5,91.991,1.0,,3,-80.496,5,15,13,684,0.5058
9.148,8.955,0.0,2748.6,7.5,98.768,0.8,,1,-94.503,6,15,3,436,0.4771
9.127,9.028,0.0,2963.5,7.5,98.069,0.85,,1,-94.073,6,15,3,283,0.4452
9.1,9.13,0.0,2885.8,7.5,98.357,0.9,,1,-94.228,6,15,3,228,0.4254
9.436,9.274,0.0,2973.3,7.5,96.912,0.95,,0,-94.053,6,15,3,182,0.4286
10.884,12.752,0.0035,2968.4,7.5,96.664,1.0,,1,-94.063,6,15,9,431,0.4826
9.136,8.624,0.0,2523.9,7.5,99.062,0.8,,1,-94.952,7,15,3,404,0.4926
9.095,9.056,0.0,2495.9,7.5,98.611,0.85,,1,-95.008,7,15,3,266,0.4549
9.099,9.213,0.0,2470.0,7.5,98.845,0.9,,1,-95.06,7,15,3,222,0.4324
9.444,9.358,0.0,2356.6,7.5,97.772,0.95,,0,-95.287,7,15,3,195,0.4205
11.047,12.54,0.0227,2341.2,7.5,97.572,1.0,,2,-95.318,7,15,8,395,0.4937
9.135,8.624,0.0,2118.6,7.5,99.273,0.8,,1,-95.763,8,15,3,403,0.4938
9.211,9.136,0.0,2346.1,7.5,98.785,0.85,,1,-95.308,8,15,3,260,0.4577
9.021,9.213,0.0,2353.1,7.5,98.984,0.9,,1,-95.294,8,15,3,220,0.4364
9.46,9.427,0.0,2262.1,7.5,97.959,0.95,,0,-95.476,8,15,3,190,0.4263
10.862,12.463,0.0709,1172.9,7.5,98.836,1.0,,2,-97.654,8,15,7,351,0.5014
9.135,8.624,0.0,2118.6,7.5,99.273,0.8,,1,-95.763,9,15,3,403,0.4938
9.211,9.136,0.0,2346.1,7.5,98.785,0.85,,1,-95.308,9,15,3,260,0.4577
9.021,9.213,0.0,2353.1,7.5,98.984,0.9,,1,-95.294,9,15,3,220,0.4364
9.46,9.427,0.0,2262.1,7.5,97.959,0.95,,0,-95.476,9,15,3,190,0.4263
10.862,12.463,0.0709,1172.9,7.5,98.836,1.0,,2,-97.654,9,15,7,351,0.5014
9.135,8.624,0.0,2118.6,7.5,99.273,0.8,,1,-95.763,10,15,3,403,0.4938
9.211,9.136,0.0,2346.1,7.5,98.785,0.85,,1,-95.308,10,15,3,260,0.4577
9.021,9.213,0.0,2353.1,7.5,98.984,0.9,,1,-95.294,10,15,3,220,0.4364
9.46,9.427,0.0,2262.1,7.5,97.959,0.95,,0,-95.476,10,15,3,190,0.4263
10.862,12.463,0.0709,1172.9,7.5,98.836,1.0,,2,-97.654,10,15,7,351,0.5014
10.472,11.416,0.0,75945.5,7.5,65.182,0.8,,6,51.891,1,20,13,2589,0.4898
10.395,11.428,0.0,47705.4,7.5,57.992,0.85,,7,-4.589,1,20,13,1704,0.4847
10.633,11.668,0.0,39088.4,7.5,56.196,0.9,,6,-21.823,1,20,13,1286,0.4821
10.671,12.251,0.0,77285.3,7.5,42.364,0.95,,8,54.571,1,20,13,925,0.4973
11.251,12.485,0.0,70182.4,7.5,27.609,1.0,,8,40.365,1,20,13,684,0.5058
10.317,10.337,0.0,7796.3,7.5,91.166,0.8,,2,-84.407,2,20,8,1505,0.4824
10.351,10.838,0.0,8906.5,7.5,88.251,0.85,,3,-82.187,2,20,8,1099,0.4668
10.534,11.209,0.0,8786.8,7.5,88.399,0.9,,3,-82.426,2,20,8,815,0.4638
10.671,12.251,0.0,89336.5,7.5,74.213,0.95,,6,78.673,2,20,13,925,0.4973
11.251,12.485,0.0,68146.8,7.5,57.437,1.0,,5,36.294,2,20,13,684,0.5058
9.506,8.891,0.0,5893.7,7.5,94.733,0.8,,1,-88.213,3,20,4,746,0.4799
9.434,8.95,0.0,5800.6,7.5,93.817,0.85,,1,-88.399,3,20,4,460,0.4457
9.545,9.002,0.0,5928.0,7.5,93.744,0.9,,1,-88.144,3,20,4,369,0.4282
10.671,12.251,0.0,59183.3,7.5,88.685,0.95,,6,18.367,3,20,13,925,0.4973
11.251,12.485,0.0,58336.3,7.5,74.047,1.0,,6,16.673,3,20,13,684,0.5058
9.507,9.056,0.0,4323.6,7.5,97.007,0.8,,1,-91.353,4,20,3,527,0.4744
9.371,9.061,0.0,4479.0,7.5,96.088,0.85,,1,-91.042,4,20,3,348,0.4368
9.329,9.129,0.0,4386.6,7.5,96.283,0.9,,1,-91.227,4,20,4,347,0.4323
9.638,9.086,0.0,4455.9,7.5,94.248,0.95,,0,-91.088,4,20,4,284,0.4331
11.251,12.485,0.0,27254.2,7.5,84.116,1.0,,5,-45.492,4,20,13,684,0.5058
9.355,8.942,0.0,3488.5,7.5,98.074,0.8,,1,-93.023,5,20,3,480,0.4792
9.134,8.915,0.0,3537.5,7.5,97.319,0.85,,1,-92.925,5,20,3,318,0.4465
9.412,9.166,0.0,3482.9,7.5,97.603,0.9,,1,-93.034,5,20,3,263,0.4297
9.744,9.387,0.0,3590.0,7.5,95.823,0.95,,0,-92.82,5,20,4,257,0.4319
11.251,12.485,0.0,9752.1,7.5,91.991,1.0,,3,-80.496,5,20,13,684,0.5058
9.148,8.955,0.0,2748.6,7.5,98.768,0.8,,1,-94.503,6,20,3,436,0.4771
9.127,9.028,0.0,2963.5,7.5,98.069,0.85,,1,-94.073,6,20,3,283,0.4452
9.1,9.13,0.0,2885.8,7.5,98.357,0.9,,1,-94.228,6,20,3,228,0.4254
9.436,9.274,0.0,2973.3,7.5,96.912,0.95,,0,-94.053,6,20,3,182,0.4286
10.884,12.752,0.0035,2968.4,7.5,96.664,1.0,,1,-94.063,6,20,9,431,0.4826
9.136,8.624,0.0,2523.9,7.5,99.062,0.8,,1,-94.952,7,20,3,404,0.4926
9.095,9.056,0.0,2495.9,7.5,98.611,0.85,,1,-95.008,7,20,3,266,0.4549
9.099,9.213,0.0,2470.0,7.5,98.845,0.9,,1,-95.06,7,20,3,222,0.4324
9.444,9.358,0.0,2356.6,7.5,97.772,0.95,,0,-95.287,7,20,3,195,0.4205
11.047,12.54,0.0227,2341.2,7.5,97.572,1.0,,2,-95.318,7,20,8,395,0.4937
9.135,8.624,0.0,2118.6,7.5,99.273,0.8,,1,-95.763,8,20,3,403,0.4938
9.211,9.136,0.0,2346.1,7.5,98.785,0.85,,1,-95.308,8,20,3,260,0.4577
9.021,9.213,0.0,2353.1,7.5,98.984,0.9,,1,-95.294,8,20,3,220,0.4364
9.46,9.427,0.0,2262.1,7.5,97.959,0.95,,0,-95.476,8,20,3,190,0.4263
10.862,12.463,0.0709,1172.9,7.5,98.836,1.0,,2,-97.654,8,20,7,351,0.5014
9.135,8.624,0.0,2118.6,7.5,99.273,0.8,,1,-95.763,9,20,3,403,0.4938
9.211,9.136,0.0,2346.1,7.5,98.785,0.85,,1,-95.308,9,20,3,260,0.4577
9.021,9.213,0.0,2353.1,7.5,98.984,0.9,,1,-95.294,9,20,3,220,0.4364
9.46,9.427,0.0,2262.1,7.5,97.959,0.95,,0,-95.476,9,20,3,190,0.4263
10.862,12.463,0.0709,1172.9,7.5,98.836,1.0,,2,-97.654,9,20,7,351,0.5014
9.135,8.624,0.0,2118.6,7.5,99.273,0.8,,1,-95.763,10,20,3,403,0.4938
9.211,9.136,0.0,2346.1,7.5,98.785,0.85,,1,-95.308,10,20,3,260,0.4577
9.021,9.213,0.0,2353.1,7.5,98.984,0.9,,1,-95.294,10,20,3,220,0.4364
9.46,9.427,0.0,2262.1,7.5,97.959,0.95,,0,-95.476,10,20,3,190,0.4263
10.862,12.463,0.0709,1172.9,7.5,98.836,1.0,,2,-97.654,10,20,7,351,0.5014
10.477,11.416,0.0,76033.7,7.5,65.414,0.8,,6,52.067,1,25,13,2589,0.4898
10.4,11.428,0.0,47284.0,7.5,58.164,0.85,,7,-5.432,1,25,13,1704,0.4847
10.639,11.668,0.0,39089.8,7.5,56.364,0.9,,6,-21.82,1,25,13,1286,0.4821
10.671,12.251,0.0,77285.3,7.5,42.364,0.95,,8,54.571,1,25,13,925,0.4973
11.251,12.485,0.0,70182.4,7.5,27.609,1.0,,8,40.365,1,25,13,684,0.5058
10.325,10.337,0.0,7176.1,7.5,91.869,0.8,,2,-85.648,2,25,8,1505,0.4824
10.358,10.838,0.0,8883.4,7.5,88.282,0.85,,3,-82.233,2,25,8,1099,0.4668
10.554,11.226,0.0,8872.2,7.5,88.287,0.9,,3,-82.256,2,25,9,829,0.4608
10.671,12.251,0.0,89336.5,7.5,74.213,0.95,,6,78.673,2,25,13,925,0.4973
11.251,12.485,0.0,68146.8,7.5,57.437,1.0,,5,36.294,2,25,13,684,0.5058
9.512,8.891,0.0,5845.4,7.5,94.776,0.8,,1,-88.309,3,25,4,746,0.4799
9.434,8.95,0.0,5800.6,7.5,93.817,0.85,,1,-88.399,3,25,4,460,0.4457
9.545,9.002,0.0,5928.0,7.5,93.744,0.9,,1,-88.144,3,25,4,369,0.4282
10.671,12.251,0.0,59183.3,7.5,88.685,0.95,,6,18.367,3,25,13,925,0.4973
11.251,12.485,0.0,58336.3,7.5,74.047,1.0,,6,16.673,3,25,13,684,0.5058
9.514,9.056,0.0,4275.3,7.5,97.041,0.8,,1,-91.449,4,25,3,527,0.4744
9.371,9.061,0.0,4479.0,7.5,96.088,0.85,,1,-91.042,4,25,3,348,0.4368
9.329,9.129,0.0,4386.6,7.5,96.283,0.9,,1,-91.227,4,25,4,347,0.4323
9.638,9.086,0.0,4455.9,7.5,94.248,0.95,,0,-91.088,4,25,4,284,0.4331
11.251,12.485,0.0,27254.2,7.5,84.116,1.0,,5,-45.492,4,25,13,684,0.5058
9.355,8.942,0.0,3488.5,7.5,98.074,0.8,,1,-93.023,5,25,3,480,0.4792
9.134,8.915,0.0,3537.5,7.5,97.319,0.85,,1,-92.925,5,25,3,318,0.4465
9.412,9.166,0.0,3482.9,7.5,97.603,0.9,,1,-93.034,5,25,3,263,0.4297
9.744,9.387,0.0,3590.0,7.5,95.823,0.95,,0,-92.82,5,25,4,257,0.4319
11.251,12.485,0.0,9752.1,7.5,91.991,1.0,,3,-80.496,5,25,13,684,0.5058
9.148,8.955,0.0,2748.6,7.5,98.768,0.8,,1,-94.503,6,25,3,436,0.4771
9.127,9.028,0.0,2963.5,7.5,98.069,0.85,,1,-94.073,6,25,3,283,0.4452
9.1,9.13,0.0,2885.8,7.5,98.357,0.9,,1,-94.228,6,25,3,228,0.4254
9.436,9.274,0.0,2973.3,7.5,96.912,0.95,,0,-94.053,6,25,3,182,0.4286
10.884,12.752,0.0035,2968.4,7.5,96.664,1.0,,1,-94.063,6,25,9,431,0.4826
9.136,8.624,0.0,2523.9,7.5,99.062,0.8,,1,-94.952,7,25,3,404,0.4926
9.095,9.056,0.0,2495.9,7.5,98.611,0.85,,1,-95.008,7,25,3,266,0.4549
9.099,9.213,0.0,2470.0,7.5,98.845,0.9,,1,-95.06,7,25,3,222,0.4324
9.444,9.358,0.0,2356.6,7.5,97.772,0.95,,0,-95.287,7,25,3,195,0.4205
11.047,12.54,0.0227,2341.2,7.5,97.572,1.0,,2,-95.318,7,25,8,395,0.4937
9.135,8.624,0.0,2118.6,7.5,99.273,0.8,,1,-95.763,8,25,3,403,0.4938
9.211,9.136,0.0,2346.1,7.5,98.785,0.85,,1,-95.308,8,25,3,260,0.4577
9.021,9.213,0.0,2353.1,7.5,98.984,0.9,,1,-95.294,8,25,3,220,0.4364
9.46,9.427,0.0,2262.1,7.5,97.959,0.95,,0,-95.476,8,25,3,190,0.4263
10.862,12.463,0.0709,1172.9,7.5,98.836,1.0,,2,-97.654,8,25,7,351,0.5014
9.135,8.624,0.0,2118.6,7.5,99.273,0.8,,1,-95.763,9,25,3,403,0.4938
9.211,9.136,0.0,2346.1,7.5,98.785,0.85,,1,-95.308,9,25,3,260,0.4577
9.021,9.213,0.0,2353.1,7.5,98.984,0.9,,1,-95.294,9,25,3,220,0.4364
9.46,9.427,0.0,2262.1,7.5,97.959,0.95,,0,-95.476,9,25,3,190,0.4263
10.862,12.463,0.0709,1172.9,7.5,98.836,1.0,,2,-97.654,9,25,7,351,0.5014
9.135,8.624,0.0,2118.6,7.5,99.273,0.8,,1,-95.763,10,25,3,403,0.4938
9.211,9.136,0.0,2346.1,7.5,98.785,0.85,,1,-95.308,10,25,3,260,0.4577
9.021,9.213,0.0,2353.1,7.5,98.984,0.9,,1,-95.294,10,25,3,220,0.4364
9.46,9.427,0.0,2262.1,7.5,97.959,0.95,,0,-95.476,10,25,3,190,0.4263
10.862,12.463,0.0709,1172.9,7.5,98.836,1.0,,2,-97.654,10,25,7,351,0.5014
10.477,11.416,0.0,76033.7,7.5,65.414,0.8,,6,52.067,1,30,13,2589,0.4898
10.4,11.428,0.0,47284.0,7.5,58.164,0.85,,7,-5.432,1,30,13,1704,0.4847
10.639,11.668,0.0,39089.8,7.5,56.364,0.9,,6,-21.82,1,30,13,1286,0.4821
10.671,12.251,0.0,77285.3,7.5,42.364,0.95,,8,54.571,1,30,13,925,0.4973
11.251,12.485,0.0,70182.4,7.5,27.609,1.0,,8,40.365,1,30,13,684,0.5058
10.325,10.337,0.0,7176.1,7.5,91.869,0.8,,2,-85.648,2,30,8,1505,0.4824
10.358,10.838,0.0,8883.4,7.5,88.282,0.85,,3,-82.233,2,30,8,1099,0.4668
10.554,11.226,0.0,8872.2,7.5,88.287,0.9,,3,-82.256,2,30,9,829,0.4608
10.671,12.251,0.0,89336.5,7.5,74.213,0.95,,6,78.673,2,30,13,925,0.4973
11.251,12.485,0.0,68146.8,7.5,57.437,1.0,,5,36.294,2,30,13,684,0.5058
9.512,8.891,0.0,5845.4,7.5,94.776,0.8,,1,-88.309,3,30,4,746,0.4799
9.434,8.95,0.0,5800.6,7.5,93.817,0.85,,1,-88.399,3,30,4,460,0.4457
9.545,9.002,0.0,5928.0,7.5,93.744,0.9,,1,-88.144,3,30,4,369,0.4282
10.671,12.251,0.0,59183.3,7.5,88.685,0.95,,6,18.367,3,30,13,925,0.4973
11.251,12.485,0.0,58336.3,7.5,74.047,1.0,,6,16.673,3,30,13,684,0.5058
9.514,9.056,0.0,4275.3,7.5,97.041,0.8,,1,-91.449,4,30,3,527,0.4744
9.371,9.061,0.0,4479.0,7.5,96.088,0.85,,1,-91.042,4,30,3,348,0.4368
9.329,9.129,0.0,4386.6,7.5,96.283,0.9,,1,-91.227,4,30,4,347,0.4323
9.638,9.086,0.0,4455.9,7.5,94.248,0.95,,0,-91.088,4,30,4,284,0.4331
11.251,12.485,0.0,27254.2,7.5,84.116,1.0,,5,-45.492,4,30,13,684,0.5058
9.355,8.942,0.0,3488.5,7.5,98.074,0.8,,1,-93.023,5,30,3,480,0.4792
9.134,8.915,0.0,3537.5,7.5,97.319,0.85,,1,-92.925,5,30,3,318,0.4465
9.412,9.166,0.0,3482.9,7.5,97.603,0.9,,1,-93.034,5,30,3,263,0.4297
9.744,9.387,0.0,3590.0,7.5,95.823,0.95,,0,-92.82,5,30,4,257,0.4319
11.251,12.485,0.0,9752.1,7.5,91.991,1.0,,3,-80.496,5,30,13,684,0.5058
9.148,8.955,0.0,2748.6,7.5,98.768,0.8,,1,-94.503,6,30,3,436,0.4771
9.127,9.028,0.0,2963.5,7.5,98.069,0.85,,1,-94.073,6,30,3,283,0.4452
9.1,9.13,0.0,2885.8,7.5,98.357,0.9,,1,-94.228,6,30,3,228,0.4254
9.436,9.274,0.0,2973.3,7.5,96.912,0.95,,0,-94.053,6,30,3,182,0.4286
10.884,12.752,0.0035,2968.4,7.5,96.664,1.0,,1,-94.063,6,30,9,431,0.4826
9.136,8.624,0.0,2523.9,7.5,99.062,0.8,,1,-94.952,7,30,3,404,0.4926
9.095,9.056,0.0,2495.9,7.5,98.611,0.85,,1,-95.008,7,30,3,266,0.4549
9.099,9.213,0.0,2470.0,7.5,98.845,0.9,,1,-95.06,7,30,3,222,0.4324
9.444,9.358,0.0,2356.6,7.5,97.772,0.95,,0,-95.287,7,30,3,195,0.4205
11.047,12.54,0.0227,2341.2,7.5,97.572,1.0,,2,-95.318,7,30,8,395,0.4937
9.135,8.624,0.0,2118.6,7.5,99.273,0.8,,1,-95.763,8,30,3,403,0.4938
9.211,9.136,0.0,2346.1,7.5,98.785,0.85,,1,-95.308,8,30,3,260,0.4577
9.021,9.213,0.0,2353.1,7.5,98.984,0.9,,1,-95.294,8,30,3,220,0.4364
9.46,9.427,0.0,2262.1,7.5,97.959,0.95,,0,-95.476,8,30,3,190,0.4263
10.862,12.463,0.0709,1172.9,7.5,98.836,1.0,,2,-97.654,8,30,7,351,0.5014
9.135,8.624,0.0,2118.6,7.5,99.273,0.8,,1,-95.763,9,30,3,403,0.4938
9.211,9.136,0.0,2346.1,7.5,98.785,0.85,,1,-95.308,9,30,3,260,0.4577
9.021,9.213,0.0,2353.1,7.5,98.984,0.9,,1,-95.294,9,30,3,220,0.4364
9.46,9.427,0.0,2262.1,7.5,97.959,0.95,,0,-95.476,9,30,3,190,0.4263
10.862,12.463,0.0709,1172.9,7.5,98.836,1.0,,2,-97.654,9,30,7,351,0.5014
9.135,8.624,0.0,2118.6,7.5,99.273,0.8,,1,-95.763,10,30,3,403,0.4938
9.211,9.136,0.0,2346.1,7.5,98.785,0.85,,1,-95.308,10,30,3,260,0.4577
9.021,9.213,0.0,2353.1,7.5,98.984,0.9,,1,-95.294,10,30,3,220,0.4364
9.46,9.427,0.0,2262.1,7.5,97.959,0.95,,0,-95.476,10,30,3,190,0.4263
10.862,12.463,0.0709,1172.9,7.5,98.836,1.0,,2,-97.654,10,30,7,351,0.5014
10.477,11.416,0.0,76033.7,7.5,65.414,0.8,,6,52.067,1,35,13,2589,0.4898
10.4,11.428,0.0,47284.0,7.5,58.164,0.85,,7,-5.432,1,35,13,1704,0.4847
10.639,11.668,0.0,39089.8,7.5,56.364,0.9,,6,-21.82,1,35,13,1286,0.4821
10.671,12.251,0.0,77285.3,7.5,42.364,0.95,,8,54.571,1,35,13,925,0.4973
11.251,12.485,0.0,70182.4,7.5,27.609,1.0,,8,40.365,1,35,13,684,0.5058
10.325,10.337,0.0,7176.1,7.5,91.869,0.8,,2,-85.648,2,35,8,1505,0.4824
10.358,10.838,0.0,8883.4,7.5,88.282,0.85,,3,-82.233,2,35,8,1099,0.4668
10.554,11.226,0.0,8872.2,7.5,88.287,0.9,,3,-82.256,2,35,9,829,0.4608
10.671,12.251,0.0,89336.5,7.5,74.213,0.95,,6,78.673,2,35,13,925,0.4973
11.251,12.485,0.0,68146.8,7.5,57.437,1.0,,5,36.294,2,35,13,684,0.5058
9.512,8.891,0.0,5845.4,7.5,94.776,0.8,,1,-88.309,3,35,4,746,0.4799
9.434,8.95,0.0,5800.6,7.5,93.817,0.85,,1,-88.399,3,35,4,460,0.4457
9.545,9.002,0.0,5928.0,7.5,93.744,0.9,,1,-88.144,3,35,4,369,0.4282
10.671,12.251,0.0,59183.3,7.5,88.685,0.95,,6,18.367,3,35,13,925,0.4973
11.251,12.485,0.0,58336.3,7.5,74.047,1.0,,6,16.673,3,35,13,684,0.5058
9.514,9.056,0.0,4275.3,7.5,97.041,0.8,,1,-91.449,4,35,3,527,0.4744
9.371,9.061,0.0,4479.0,7.5,96.088,0.85,,1,-91.042,4,35,3,348,0.4368
9.329,9.129,0.0,4386.6,7.5,96.283,0.9,,1,-91.227,4,35,4,347,0.4323
9.638,9.086,0.0,4455.9,7.5,94.248,0.95,,0,-91.088,4,35,4,284,0.4331
11.251,12.485,0.0,27254.2,7.5,84.116,1.0,,5,-45.492,4,35,13,684,0.5058
9.355,8.942,0.0,3488.5,7.5,98.074,0.8,,1,-93.023,5,35,3,480,0.4792
9.134,8.915,0.0,3537.5,7.5,97.319,0.85,,1,-92.925,5,35,3,318,0.4465
9.412,9.166,0.0,3482.9,7.5,97.603,0.9,,1,-93.034,5,35,3,263,0.4297
9.744,9.387,0.0,3590.0,7.5,95.823,0.95,,0,-92.82,5,35,4,257,0.4319
11.251,12.485,0.0,9752.1,7.5,91.991,1.0,,3,-80.496,5,35,13,684,0.5058
9.148,8.955,0.0,2748.6,7.5,98.768,0.8,,1,-94.503,6,35,3,436,0.4771
9.127,9.028,0.0,2963.5,7.5,98.069,0.85,,1,-94.073,6,35,3,283,0.4452
9.1,9.13,0.0,2885.8,7.5,98.357,0.9,,1,-94.228,6,35,3,228,0.4254
9.436,9.274,0.0,2973.3,7.5,96.912,0.95,,0,-94.053,6,35,3,182,0.4286
10.884,12.752,0.0035,2968.4,7.5,96.664,1.0,,1,-94.063,6,35,9,431,0.4826
9.136,8.624,0.0,2523.9,7.5,99.062,0.8,,1,-94.952,7,35,3,404,0.4926
9.095,9.056,0.0,2495.9,7.5,98.611,0.85,,1,-95.008,7,35,3,266,0.4549
9.099,9.213,0.0,2470.0,7.5,98.845,0.9,,1,-95.06,7,35,3,222,0.4324
9.444,9.358,0.0,2356.6,7.5,97.772,0.95,,0,-95.287,7,35,3,195,0.4205
11.047,12.54,0.0227,2341.2,7.5,97.572,1.0,,2,-95.318,7,35,8,395,0.4937
9.135,8.624,0.0,2118.6,7.5,99.273,0.8,,1,-95.763,8,35,3,403,0.4938
9.211,9.136,0.0,2346.1,7.5,98.785,0.85,,1,-95.308,8,35,3,260,0.4577
9.021,9.213,0.0,2353.1,7.5,98.984,0.9,,1,-95.294,8,35,3,220,0.4364
9.46,9.427,0.0,2262.1,7.5,97.959,0.95,,0,-95.476,8,35,3,190,0.4263
10.862,12.463,0.0709,1172.9,7.5,98.836,1.0,,2,-97.654,8,35,7,351,0.5014
9.135,8.624,0.0,2118.6,7.5,99.273,0.8,,1,-95.763,9,35,3,403,0.4938
9.211,9.136,0.0,2346.1,7.5,98.785,0.85,,1,-95.308,9,35,3,260,0.4577
9.021,9.213,0.0,2353.1,7.5,98.984,0.9,,1,-95.294,9,35,3,220,0.4364
9.46,9.427,0.0,2262.1,7.5,97.959,0.95,,0,-95.476,9,35,3,190,0.4263
10.862,12.463,0.0709,1172.9,7.5,98.836,1.0,,2,-97.654,9,35,7,351,0.5014
9.135,8.624,0.0,2118.6,7.5,99.273,0.8,,1,-95.763,10,35,3,403,0.4938
9.211,9.136,0.0,2346.1,7.5,98.785,0.85,,1,-95.308,10,35,3,260,0.4577
9.021,9.213,0.0,2353.1,7.5,98.984,0.9,,1,-95.294,10,35,3,220,0.4364
9.46,9.427,0.0,2262.1,7.5,97.959,0.95,,0,-95.476,10,35,3,190,0.4263
10.862,12.463,0.0709,1172.9,7.5,98.836,1.0,,2,-97.654,10,35,7,351,0.5014
10.477,11.416,0.0,76033.7,7.5,65.414,0.8,,6,52.067,1,40,13,2589,0.4898
10.4,11.428,0.0,47284.0,7.5,58.164,0.85,,7,-5.432,1,40,13,1704,0.4847
10.639,11.668,0.0,39089.8,7.5,56.364,0.9,,6,-21.82,1,40,13,1286,0.4821
10.671,12.251,0.0,77285.3,7.5,42.364,0.95,,8,54.571,1,40,13,925,0.4973
11.251,12.485,0.0,70182.4,7.5,27.609,1.0,,8,40.365,1,40,13,684,0.5058
10.325,10.337,0.0,7176.1,7.5,91.869,0.8,,2,-85.648,2,40,8,1505,0.4824
10.358,10.838,0.0,8883.4,7.5,88.282,0.85,,3,-82.233,2,40,8,1099,0.4668
10.554,11.226,0.0,8872.2,7.5,88.287,0.9,,3,-82.256,2,40,9,829,0.4608
10.671,12.251,0.0,89336.5,7.5,74.213,0.95,,6,78.673,2,40,13,925,0.4973
11.251,12.485,0.0,68146.8,7.5,57.437,1.0,,5,36.294,2,40,13,684,0.5058
9.512,8.891,0.0,5845.4,7.5,94.776,0.8,,1,-88.309,3,40,4,746,0.4799
9.434,8.95,0.0,5800.6,7.5,93.817,0.85,,1,-88.399,3,40,4,460,0.4457
9.545,9.002,0.0,5928.0,7.5,93.744,0.9,,1,-88.144,3,40,4,369,0.4282
10.671,12.251,0.0,59183.3,7.5,88.685,0.95,,6,18.367,3,40,13,925,0.4973
11.251,12.485,0.0,58336.3,7.5,74.047,1.0,,6,16.673,3,40,13,684,0.5058
9.514,9.056,0.0,4275.3,7.5,97.041,0.8,,1,-91.449,4,40,3,527,0.4744
9.371,9.061,0.0,4479.0,7.5,96.088,0.85,,1,-91.042,4,40,3,348,0.4368
9.329,9.129,0.0,4386.6,7.5,96.283,0.9,,1,-91.227,4,40,4,347,0.4323
9.638,9.086,0.0,4455.9,7.5,94.248,0.95,,0,-91.088,4,40,4,284,0.4331
11.251,12.485,0.0,27254.2,7.5,84.116,1.0,,5,-45.492,4,40,13,684,0.5058
9.355,8.942,0.0,3488.5,7.5,98.074,0.8,,1,-93.023,5,40,3,480,0.4792
9.134,8.915,0.0,3537.5,7.5,97.319,0.85,,1,-92.925,5,40,3,318,0.4465
9.412,9.166,0.0,3482.9,7.5,97.603,0.9,,1,-93.034,5,40,3,263,0.4297
9.744,9.387,0.0,3590.0,7.5,95.823,0.95,,0,-92.82,5,40,4,257,0.4319
11.251,12.485,0.0,9752.1,7.5,91.991,1.0,,3,-80.496,5,40,13,684,0.5058
9.148,8.955,0.0,2748.6,7.5,98.768,0.8,,1,-94.503,6,40,3,436,0.4771
9.127,9.028,0.0,2963.5,7.5,98.069,0.85,,1,-94.073,6,40,3,283,0.4452
9.1,9.13,0.0,2885.8,7.5,98.357,0.9,,1,-94.228,6,40,3,228,0.4254
9.436,9.274,0.0,2973.3,7.5,96.912,0.95,,0,-94.053,6,40,3,182,0.4286
10.884,12.752,0.0035,2968.4,7.5,96.664,1.0,,1,-94.063,6,40,9,431,0.4826
9.136,8.624,0.0,2523.9,7.5,99.062,0.8,,1,-94.952,7,40,3,404,0.4926
9.095,9.056,0.0,2495.9,7.5,98.611,0.85,,1,-95.008,7,40,3,266,0.4549
9.099,9.213,0.0,2470.0,7.5,98.845,0.9,,1,-95.06,7,40,3,222,0.4324
9.444,9.358,0.0,2356.6,7.5,97.772,0.95,,0,-95.287,7,40,3,195,0.4205
11.047,12.54,0.0227,2341.2,7.5,97.572,1.0,,2,-95.318,7,40,8,395,0.4937
9.135,8.624,0.0,2118.6,7.5,99.273,0.8,,1,-95.763,8,40,3,403,0.4938
9.211,9.136,0.0,2346.1,7.5,98.785,0.85,,1,-95.308,8,40,3,260,0.4577
9.021,9.213,0.0,2353.1,7.5,98.984,0.9,,1,-95.294,8,40,3,220,0.4364
9.46,9.427,0.0,2262.1,7.5,97.959,0.95,,0,-95.476,8,40,3,190,0.4263
10.862,12.463,0.0709,1172.9,7.5,98.836,1.0,,2,-97.654,8,40,7,351,0.5014
9.135,8.624,0.0,2118.6,7.5,99.273,0.8,,1,-95.763,9,40,3,403,0.4938
9.211,9.136,0.0,2346.1,7.5,98.785,0.85,,1,-95.308,9,40,3,260,0.4577
9.021,9.213,0.0,2353.1,7.5,98.984,0.9,,1,-95.294,9,40,3,220,0.4364
9.46,9.427,0.0,2262.1,7.5,97.959,0.95,,0,-95.476,9,40,3,190,0.4263
10.862,12.463,0.0709,1172.9,7.5,98.836,1.0,,2,-97.654,9,40,7,351,0.5014
9.135,8.624,0.0,2118.6,7.5,99.273,0.8,,1,-95.763,10,40,3,403,0.4938
9.211,9.136,0.0,2346.1,7.5,98.785,0.85,,1,-95.308,10,40,3,260,0.4577
9.021,9.213,0.0,2353.1,7.5,98.984,0.9,,1,-95.294,10,40,3,220,0.4364
9.46,9.427,0.0,2262.1,7.5,97.959,0.95,,0,-95.476,10,40,3,190,0.4263
10.862,12.463,0.0709,1172.9,7.5,98.836,1.0,,2,-97.654,10,40,7,351,0.5014
10.477,11.416,0.0,76033.7,7.5,65.414,0.8,,6,52.067,1,45,13,2589,0.4898
10.4,11.428,0.0,47284.0,7.5,58.164,0.85,,7,-5.432,1,45,13,1704,0.4847
10.639,11.668,0.0,39089.8,7.5,56.364,0.9,,6,-21.82,1,45,13,1286,0.4821
10.671,12.251,0.0,77285.3,7.5,42.364,0.95,,8,54.571,1,45,13,925,0.4973
11.251,12.485,0.0,70182.4,7.5,27.609,1.0,,8,40.365,1,45,13,684,0.5058
10.325,10.337,0.0,7176.1,7.5,91.869,0.8,,2,-85.648,2,45,8,1505,0.4824
10.358,10.838,0.0,8883.4,7.5,88.282,0.85,,3,-82.233,2,45,8,1099,0.4668
10.554,11.226,0.0,8872.2,7.5,88.287,0.9,,3,-82.256,2,45,9,829,0.4608
10.671,12.251,0.0,89336.5,7.5,74.213,0.95,,6,78.673,2,45,13,925,0.4973
11.251,12.485,0.0,68146.8,7.5,57.437,1.0,,5,36.294,2,45,13,684,0.5058
9.512,8.891,0.0,5845.4,7.5,94.776,0.8,,1,-88.309,3,45,4,746,0.4799
9.434,8.95,0.0,5800.6,7.5,93.817,0.85,,1,-88.399,3,45,4,460,0.4457
9.545,9.002,0.0,5928.0,7.5,93.744,0.9,,1,-88.144,3,45,4,369,0.4282
10.671,12.251,0.0,59183.3,7.5,88.685,0.95,,6,18.367,3,45,13,925,0.4973
11.251,12.485,0.0,58336.3,7.5,74.047,1.0,,6,16.673,3,45,13,684,0.5058
9.514,9.056,0.0,4275.3,7.5,97.041,0.8,,1,-91.449,4,45,3,527,0.4744
9.371,9.061,0.0,4479.0,7.5,96.088,0.85,,1,-91.042,4,45,3,348,0.4368
9.329,9.129,0.0,4386.6,7.5,96.283,0.9,,1,-91.227,4,45,4,347,0.4323
9.638,9.086,0.0,4455.9,7.5,94.248,0.95,,0,-91.088,4,45,4,284,0.4331
11.251,12.485,0.0,27254.2,7.5,84.116,1.0,,5,-45.492,4,45,13,684,0.5058
9.355,8.942,0.0,3488.5,7.5,98.074,0.8,,1,-93.023,5,45,3,480,0.4792
9.134,8.915,0.0,3537.5,7.5,97.319,0.85,,1,-92.925,5,45,3,318,0.4465
9.412,9.166,0.0,3482.9,7.5,97.603,0.9,,1,-93.034,5,45,3,263,0.4297
9.744,9.387,0.0,3590.0,7.5,95.823,0.95,,0,-92.82,5,45,4,257,0.4319
11.251,12.485,0.0,9752.1,7.5,91.991,1.0,,3,-80.496,5,45,13,684,0.5058
9.148,8.955,0.0,2748.6,7.5,98.768,0.8,,1,-94.503,6,45,3,436,0.4771
9.127,9.028,0.0,2963.5,7.5,98.069,0.85,,1,-94.073,6,45,3,283,0.4452
9.1,9.13,0.0,2885.8,7.5,98.357,0.9,,1,-94.228,6,45,3,228,0.4254
9.436,9.274,0.0,2973.3,7.5,96.912,0.95,,0,-94.053,6,45,3,182,0.4286
10.884,12.752,0.0035,2968.4,7.5,96.664,1.0,,1,-94.063,6,45,9,431,0.4826
9.136,8.624,0.0,2523.9,7.5,99.062,0.8,,1,-94.952,7,45,3,404,0.4926
9.095,9.056,0.0,2495.9,7.5,98.611,0.85,,1,-95.008,7,45,3,266,0.4549
9.099,9.213,0.0,2470.0,7.5,98.845,0.9,,1,-95.06,7,45,3,222,0.4324
9.444,9.358,0.0,2356.6,7.5,97.772,0.95,,0,-95.287,7,45,3,195,0.4205
11.047,12.54,0.0227,2341.2,7.5,97.572,1.0,,2,-95.318,7,45,8,395,0.4937
9.135,8.624,0.0,2118.6,7.5,99.273,0.8,,1,-95.763,8,45,3,403,0.4938
9.211,9.136,0.0,2346.1,7.5,98.785,0.85,,1,-95.308,8,45,3,260,0.4577
9.021,9.213,0.0,2353.1,7.5,98.984,0.9,,1,-95.294,8,45,3,220,0.4364
9.46,9.427,0.0,2262.1,7.5,97.959,0.95,,0,-95.476,8,45,3,190,0.4263
10.862,12.463,0.0709,1172.9,7.5,98.836,1.0,,2,-97.654,8,45,7,351,0.5014
9.135,8.624,0.0,2118.6,7.5,99.273,0.8,,1,-95.763,9,45,3,403,0.4938
9.211,9.136,0.0,2346.1,7.5,98.785,0.85,,1,-95.308,9,45,3,260,0.4577
9.021,9.213,0.0,2353.1,7.5,98.984,0.9,,1,-95.294,9,45,3,220,0.4364
9.46,9.427,0.0,2262.1,7.5,97.959,0.95,,0,-95.476,9,45,3,190,0.4263
10.862,12.463,0.0709,1172.9,7.5,98.836,1.0,,2,-97.654,9,45,7,351,0.5014
9.135,8.624,0.0,2118.6,7.5,99.273,0.8,,1,-95.763,10,45,3,403,0.4938
9.211,9.136,0.0,2346.1,7.5,98.785,0.85,,1,-95.308,10,45,3,260,0.4577
9.021,9.213,0.0,2353.1,7.5,98.984,0.9,,1,-95.294,10,45,3,220,0.4364
9.46,9.427,0.0,2262.1,7.5,97.959,0.95,,0,-95.476,10,45,3,190,0.4263
10.862,12.463,0.0709,1172.9,7.5,98.836,1.0,,2,-97.654,10,45,7,351,0.5014
10.477,11.416,0.0,76033.7,7.5,65.414,0.8,,6,52.067,1,50,13,2589,0.4898
10.4,11.428,0.0,47284.0,7.5,58.164,0.85,,7,-5.432,1,50,13,1704,0.4847
10.639,11.668,0.0,39089.8,7.5,56.364,0.9,,6,-21.82,1,50,13,1286,0.4821
10.671,12.251,0.0,77285.3,7.5,42.364,0.95,,8,54.571,1,50,13,925,0.4973
11.251,12.485,0.0,70182.4,7.5,27.609,1.0,,8,40.365,1,50,13,684,0.5058
10.325,10.337,0.0,7176.1,7.5,91.869,0.8,,2,-85.648,2,50,8,1505,0.4824
10.358,10.838,0.0,8883.4,7.5,88.282,0.85,,3,-82.233,2,50,8,1099,0.4668
10.554,11.226,0.0,8872.2,7.5,88.287,0.9,,3,-82.256,2,50,9,829,0.4608
10.671,12.251,0.0,89336.5,7.5,74.213,0.95,,6,78.673,2,50,13,925,0.4973
11.251,12.485,0.0,68146.8,7.5,57.437,1.0,,5,36.294,2,50,13,684,0.5058
9.512,8.891,0.0,5845.4,7.5,94.776,0.8,,1,-88.309,3,50,4,746,0.4799
9.434,8.95,0.0,5800.6,7.5,93.817,0.85,,1,-88.399,3,50,4,460,0.4457
9.545,9.002,0.0,5928.0,7.5,93.744,0.9,,1,-88.144,3,50,4,369,0.4282
10.671,12.251,0.0,59183.3,7.5,88.685,0.95,,6,18.367,3,50,13,925,0.4973
11.251,12.485,0.0,58336.3,7.5,74.047,1.0,,6,16.673,3,50,13,684,0.5058
9.514,9.056,0.0,4275.3,7.5,97.041,0.8,,1,-91.449,4,50,3,527,0.4744
9.371,9.061,0.0,4479.0,7.5,96.088,0.85,,1,-91.042,4,50,3,348,0.4368
9.329,9.129,0.0,4386.6,7.5,96.283,0.9,,1,-91.227,4,50,4,347,0.4323
9.638,9.086,0.0,4455.9,7.5,94.248,0.95,,0,-91.088,4,50,4,284,0.4331
11.251,12.485,0.0,27254.2,7.5,84.116,1.0,,5,-45.492,4,50,13,684,0.5058
9.355,8.942,0.0,3488.5,7.5,98.074,0.8,,1,-93.023,5,50,3,480,0.4792
9.134,8.915,0.0,3537.5,7.5,97.319,0.85,,1,-92.925,5,50,3,318,0.4465
9.412,9.166,0.0,3482.9,7.5,97.603,0.9,,1,-93.034,5,50,3,263,0.4297
9.744,9.387,0.0,3590.0,7.5,95.823,0.95,,0,-92.82,5,50,4,257,0.4319
11.251,12.485,0.0,9752.1,7.5,91.991,1.0,,3,-80.496,5,50,13,684,0.5058
9.148,8.955,0.0,2748.6,7.5,98.768,0.8,,1,-94.503,6,50,3,436,0.4771
9.127,9.028,0.0,2963.5,7.5,98.069,0.85,,1,-94.073,6,50,3,283,0.4452
9.1,9.13,0.0,2885.8,7.5,98.357,0.9,,1,-94.228,6,50,3,228,0.4254
9.436,9.274,0.0,2973.3,7.5,96.912,0.95,,0,-94.053,6,50,3,182,0.4286
10.884,12.752,0.0035,2968.4,7.5,96.664,1.0,,1,-94.063,6,50,9,431,0.4826
9.136,8.624,0.0,2523.9,7.5,99.062,0.8,,1,-94.952,7,50,3,404,0.4926
9.095,9.056,0.0,2495.9,7.5,98.611,0.85,,1,-95.008,7,50,3,266,0.4549
9.099,9.213,0.0,2470.0,7.5,98.845,0.9,,1,-95.06,7,50,3,222,0.4324
9.444,9.358,0.0,2356.6,7.5,97.772,0.95,,0,-95.287,7,50,3,195,0.4205
11.047,12.54,0.0227,2341.2,7.5,97.572,1.0,,2,-95.318,7,50,8,395,0.4937
9.135,8.624,0.0,2118.6,7.5,99.273,0.8,,1,-95.763,8,50,3,403,0.4938
9.211,9.136,0.0,2346.1,7.5,98.785,0.85,,1,-95.308,8,50,3,260,0.4577
9.021,9.213,0.0,2353.1,7.5,98.984,0.9,,1,-95.294,8,50,3,220,0.4364
9.46,9.427,0.0,2262.1,7.5,97.959,0.95,,0,-95.476,8,50,3,190,0.4263
10.862,12.463,0.0709,1172.9,7.5,98.836,1.0,,2,-97.654,8,50,7,351,0.5014
9.135,8.624,0.0,2118.6,7.5,99.273,0.8,,1,-95.763,9,50,3,403,0.4938
9.211,9.136,0.0,2346.1,7.5,98.785,0.85,,1,-95.308,9,50,3,260,0.4577
9.021,9.213,0.0,2353.1,7.5,98.984,0.9,,1,-95.294,9,50,3,220,0.4364
9.46,9.427,0.0,2262.1,7.5,97.959,0.95,,0,-95.476,9,50,3,190,0.4263
10.862,12.463,0.0709,1172.9,7.5,98.836,1.0,,2,-97.654,9,50,7,351,0.5014
9.135,8.624,0.0,2118.6,7.5,99.273,0.8,,1,-95.763,10,50,3,403,0.4938
9.211,9.136,0.0,2346.1,7.5,98.785,0.85,,1,-95.308,10,50,3,260,0.4577
9.021,9.213,0.0,2353.1,7.5,98.984,0.9,,1,-95.294,10,50,3,220,0.4364
9.46,9.427,0.0,2262.1,7.5,97.959,0.95,,0,-95.476,10,50,3,190,0.4263
10.862,12.463,0.0709,1172.9,7.5,98.836,1.0,,2,-97.654,10,50,7,351,0.5014
10.477,11.416,0.0,76033.7,7.5,65.414,0.8,,6,52.067,1,55,13,2589,0.4898
10.4,11.428,0.0,47284.0,7.5,58.164,0.85,,7,-5.432,1,55,13,1704,0.4847
10.639,11.668,0.0,39089.8,7.5,56.364,0.9,,6,-21.82,1,55,13,1286,0.4821
10.671,12.251,0.0,77285.3,7.5,42.364,0.95,,8,54.571,1,55,13,925,0.4973
11.251,12.485,0.0,70182.4,7.5,27.609,1.0,,8,40.365,1,55,13,684,0.5058
10.325,10.337,0.0,7176.1,7.5,91.869,0.8,,2,-85.648,2,55,8,1505,0.4824
10.358,10.838,0.0,8883.4,7.5,88.282,0.85,,3,-82.233,2,55,8,1099,0.4668
10.554,11.226,0.0,8872.2,7.5,88.287,0.9,,3,-82.256,2,55,9,829,0.4608
10.671,12.251,0.0,89336.5,7.5,74.213,0.95,,6,78.673,2,55,13,925,0.4973
11.251,12.485,0.0,68146.8,7.5,57.437,1.0,,5,36.294,2,55,13,684,0.5058
9.512,8.891,0.0,5845.4,7.5,94.776,0.8,,1,-88.309,3,55,4,746,0.4799
9.434,8.95,0.0,5800.6,7.5,93.817,0.85,,1,-88.399,3,55,4,460,0.4457
9.545,9.002,0.0,5928.0,7.5,93.744,0.9,,1,-88.144,3,55,4,369,0.4282
10.671,12.251,0.0,59183.3,7.5,88.685,0.95,,6,18.367,3,55,13,925,0.4973
11.251,12.485,0.0,58336.3,7.5,74.047,1.0,,6,16.673,3,55,13,684,0.5058
9.514,9.056,0.0,4275.3,7.5,97.041,0.8,,1,-91.449,4,55,3,527,0.4744
9.371,9.061,0.0,4479.0,7.5,96.088,0.85,,1,-91.042,4,55,3,348,0.4368
9.329,9.129,0.0,4386.6,7.5,96.283,0.9,,1,-91.227,4,55,4,347,0.4323
9.638,9.086,0.0,4455.9,7.5,94.248,0.95,,0,-91.088,4,55,4,284,0.4331
11.251,12.485,0.0,27254.2,7.5,84.116,1.0,,5,-45.492,4,55,13,684,0.5058
9.355,8.942,0.0,3488.5,7.5,98.074,0.8,,1,-93.023,5,55,3,480,0.4792
9.134,8.915,0.0,3537.5,7.5,97.319,0.85,,1,-92.925,5,55,3,318,0.4465
9.412,9.166,0.0,3482.9,7.5,97.603,0.9,,1,-93.034,5,55,3,263,0.4297
9.744,9.387,0.0,3590.0,7.5,95.823,0.95,,0,-92.82,5,55,4,257,0.4319
11.251,12.485,0.0,9752.1,7.5,91.991,1.0,,3,-80.496,5,55,13,684,0.5058
9.148,8.955,0.0,2748.6,7.5,98.768,0.8,,1,-94.503,6,55,3,436,0.4771
9.127,9.028,0.0,2963.5,7.5,98.069,0.85,,1,-94.073,6,55,3,283,0.4452
9.1,9.13,0.0,2885.8,7.5,98.357,0.9,,1,-94.228,6,55,3,228,0.4254
9.436,9.274,0.0,2973.3,7.5,96.912,0.95,,0,-94.053,6,55,3,182,0.4286
10.884,12.752,0.0035,2968.4,7.5,96.664,1.0,,1,-94.063,6,55,9,431,0.4826
9.136,8.624,0.0,2523.9,7.5,99.062,0.8,,1,-94.952,7,55,3,404,0.4926
9.095,9.056,0.0,2495.9,7.5,98.611,0.85,,1,-95.008,7,55,3,266,0.4549
9.099,9.213,0.0,2470.0,7.5,98.845,0.9,,1,-95.06,7,55,3,222,0.4324
9.444,9.358,0.0,2356.6,7.5,97.772,0.95,,0,-95.287,7,55,3,195,0.4205
11.047,12.54,0.0227,2341.2,7.5,97.572,1.0,,2,-95.318,7,55,8,395,0.4937
9.135,8.624,0.0,2118.6,7.5,99.273,0.8,,1,-95.763,8,55,3,403,0.4938
9.211,9.136,0.0,2346.1,7.5,98.785,0.85,,1,-95.308,8,55,3,260,0.4577
9.021,9.213,0.0,2353.1,7.5,98.984,0.9,,1,-95.294,8,55,3,220,0.4364
9.46,9.427,0.0,2262.1,7.5,97.959,0.95,,0,-95.476,8,55,3,190,0.4263
10.862,12.463,0.0709,1172.9,7.5,98.836,1.0,,2,-97.654,8,55,7,351,0.5014
9.135,8.624,0.0,2118.6,7.5,99.273,0.8,,1,-95.763,9,55,3,403,0.4938
9.211,9.136,0.0,2346.1,7.5,98.785,0.85,,1,-95.308,9,55,3,260,0.4577
9.021,9.213,0.0,2353.1,7.5,98.984,0.9,,1,-95.294,9,55,3,220,0.4364
9.46,9.427,0.0,2262.1,7.5,97.959,0.95,,0,-95.476,9,55,3,190,0.4263
10.862,12.463,0.0709,1172.9,7.5,98.836,1.0,,2,-97.654,9,55,7,351,0.5014
9.135,8.624,0.0,2118.6,7.5,99.273,0.8,,1,-95.763,10,55,3,403,0.4938
9.211,9.136,0.0,2346.1,7.5,98.785,0.85,,1,-95.308,10,55,3,260,0.4577
9.021,9.213,0.0,2353.1,7.5,98.984,0.9,,1,-95.294,10,55,3,220,0.4364
9.46,9.427,0.0,2262.1,7.5,97.959,0.95,,0,-95.476,10,55,3,190,0.4263
10.862,12.463,0.0709,1172.9,7.5,98.836,1.0,,2,-97.654,10,55,7,351,0.5014
10.477,11.416,0.0,76033.7,7.5,65.414,0.8,,6,52.067,1,60,13,2589,0.4898
10.4,11.428,0.0,47284.0,7.5,58.164,0.85,,7,-5.432,1,60,13,1704,0.4847
10.639,11.668,0.0,39089.8,7.5,56.364,0.9,,6,-21.82,1,60,13,1286,0.4821
10.671,12.251,0.0,77285.3,7.5,42.364,0.95,,8,54.571,1,60,13,925,0.4973
11.251,12.485,0.0,70182.4,7.5,27.609,1.0,,8,40.365,1,60,13,684,0.5058
10.325,10.337,0.0,7176.1,7.5,91.869,0.8,,2,-85.648,2,60,8,1505,0.4824
10.358,10.838,0.0,8883.4,7.5,88.282,0.85,,3,-82.233,2,60,8,1099,0.4668
10.554,11.226,0.0,8872.2,7.5,88.287,0.9,,3,-82.256,2,60,9,829,0.4608
10.671,12.251,0.0,89336.5,7.5,74.213,0.95,,6,78.673,2,60,13,925,0.4973
11.251,12.485,0.0,68146.8,7.5,57.437,1.0,,5,36.294,2,60,13,684,0.5058
9.512,8.891,0.0,5845.4,7.5,94.776,0.8,,1,-88.309,3,60,4,746,0.4799
9.434,8.95,0.0,5800.6,7.5,93.817,0.85,,1,-88.399,3,60,4,460,0.4457
9.545,9.002,0.0,5928.0,7.5,93.744,0.9,,1,-88.144,3,60,4,369,0.4282
10.671,12.251,0.0,59183.3,7.5,88.685,0.95,,6,18.367,3,60,13,925,0.4973
11.251,12.485,0.0,58336.3,7.5,74.047,1.0,,6,16.673,3,60,13,684,0.5058
9.514,9.056,0.0,4275.3,7.5,97.041,0.8,,1,-91.449,4,60,3,527,0.4744
9.371,9.061,0.0,4479.0,7.5,96.088,0.85,,1,-91.042,4,60,3,348,0.4368
9.329,9.129,0.0,4386.6,7.5,96.283,0.9,,1,-91.227,4,60,4,347,0.4323
9.638,9.086,0.0,4455.9,7.5,94.248,0.95,,0,-91.088,4,60,4,284,0.4331
11.251,12.485,0.0,27254.2,7.5,84.116,1.0,,5,-45.492,4,60,13,684,0.5058
9.355,8.942,0.0,3488.5,7.5,98.074,0.8,,1,-93.023,5,60,3,480,0.4792
9.134,8.915,0.0,3537.5,7.5,97.319,0.85,,1,-92.925,5,60,3,318,0.4465
9.412,9.166,0.0,3482.9,7.5,97.603,0.9,,1,-93.034,5,60,3,263,0.4297
9.744,9.387,0.0,3590.0,7.5,95.823,0.95,,0,-92.82,5,60,4,257,0.4319
11.251,12.485,0.0,9752.1,7.5,91.991,1.0,,3,-80.496,5,60,13,684,0.5058
9.148,8.955,0.0,2748.6,7.5,98.768,0.8,,1,-94.503,6,60,3,436,0.4771
9.127,9.028,0.0,2963.5,7.5,98.069,0.85,,1,-94.073,6,60,3,283,0.4452
9.1,9.13,0.0,2885.8,7.5,98.357,0.9,,1,-94.228,6,60,3,228,0.4254
9.436,9.274,0.0,2973.3,7.5,96.912,0.95,,0,-94.053,6,60,3,182,0.4286
10.884,12.752,0.0035,2968.4,7.5,96.664,1.0,,1,-94.063,6,60,9,431,0.4826
9.136,8.624,0.0,2523.9,7.5,99.062,0.8,,1,-94.952,7,60,3,404,0.4926
9.095,9.056,0.0,2495.9,7.5,98.611,0.85,,1,-95.008,7,60,3,266,0.4549
9.099,9.213,0.0,2470.0,7.5,98.845,0.9,,1,-95.06,7,60,3,222,0.4324
9.444,9.358,0.0,2356.6,7.5,97.772,0.95,,0,-95.287,7,60,3,195,0.4205
11.047,12.54,0.0227,2341.2,7.5,97.572,1.0,,2,-95.318,7,60,8,395,0.4937
9.135,8.624,0.0,2118.6,7.5,99.273,0.8,,1,-95.763,8,60,3,403,0.4938
9.211,9.136,0.0,2346.1,7.5,98.785,0.85,,1,-95.308,8,60,3,260,0.4577
9.021,9.213,0.0,2353.1,7.5,98.984,0.9,,1,-95.294,8,60,3,220,0.4364
9.46,9.427,0.0,2262.1,7.5,97.959,0.95,,0,-95.476,8,60,3,190,0.4263
10.862,12.463,0.0709,1172.9,7.5,98.836,1.0,,2,-97.654,8,60,7,351,0.5014
9.135,8.624,0.0,2118.6,7.5,99.273,0.8,,1,-95.763,9,60,3,403,0.4938
9.211,9.136,0.0,2346.1,7.5,98.785,0.85,,1,-95.308,9,60,3,260,0.4577
9.021,9.213,0.0,2353.1,7.5,98.984,0.9,,1,-95.294,9,60,3,220,0.4364
9.46,9.427,0.0,2262.1,7.5,97.959,0.95,,0,-95.476,9,60,3,190,0.4263
10.862,12.463,0.0709,1172.9,7.5,98.836,1.0,,2,-97.654,9,60,7,351,0.5014
9.135,8.624,0.0,2118.6,7.5,99.273,0.8,,1,-95.763,10,60,3,403,0.4938
9.211,9.136,0.0,2346.1,7.5,98.785,0.85,,1,-95.308,10,60,3,260,0.4577
9.021,9.213,0.0,2353.1,7.5,98.984,0.9,,1,-95.294,10,60,3,220,0.4364
9.46,9.427,0.0,2262.1,7.5,97.959,0.95,,0,-95.476,10,60,3,190,0.4263
10.862,12.463,0.0709,1172.9,7.5,98.836,1.0,,2,-97.654,10,60,7,351,0.5014
9.743,11.003,0.0,42132.7,8.0,62.31,0.8,,4,-15.735,1,5,13,2601,0.4748
9.713,11.189,0.0,49666.8,8.0,54.341,0.85,,8,-0.666,1,5,13,1708,0.4701
9.914,11.311,0.0,37711.5,8.0,53.062,0.9,,7,-24.577,1,5,13,1285,0.4669
9.905,11.889,0.0,74299.1,8.0,40.597,0.95,,8,48.598,1,5,13,924,0.4838
10.396,12.057,0.0,68566.8,8.0,28.724,1.0,,7,37.134,1,5,13,685,0.4949
9.715,10.322,0.0,9570.1,8.0,88.535,0.8,,2,-80.86,2,5,8,1511,0.4686
9.784,10.791,0.0,9535.1,8.0,86.256,0.85,,3,-80.93,2,5,8,1104,0.4493
9.914,11.311,0.0,22004.9,8.0,85.593,0.9,,6,-55.99,2,5,13,1285,0.4669
9.905,11.889,0.0,91072.5,8.0,71.594,0.95,,7,82.145,2,5,13,924,0.4838
10.396,12.057,0.0,78506.8,8.0,53.54,1.0,,7,57.014,2,5,13,685,0.4949
8.964,8.786,0.0,6382.3,8.0,94.029,0.8,,1,-87.235,3,5,4,739,0.4696
9.023,8.818,0.0,6388.6,8.0,92.063,0.85,,1,-87.223,3,5,4,482,0.4336
8.939,8.779,0.074,6115.6,8.0,92.176,0.9,,1,-87.769,3,5,4,397,0.4156
9.905,11.889,0.0,78026.6,8.0,85.505,0.95,,6,56.053,3,5,13,924,0.4838
10.396,12.057,0.0,72666.0,8.0,71.899,1.0,,7,45.332,3,5,13,685,0.4949
8.926,8.716,0.0,4744.3,8.0,96.341,0.8,,1,-90.511,4,5,4,709,0.4725
8.907,8.696,0.0,4723.3,8.0,95.046,0.85,,1,-90.553,4,5,3,360,0.4278
9.038,8.932,0.0428,4705.1,8.0,94.807,0.9,,1,-90.59,4,5,4,347,0.4236
9.256,8.907,0.0,4733.1,8.0,93.715,0.95,,0,-90.534,4,5,5,298,0.4262
10.396,12.057,0.0,43172.9,8.0,82.573,1.0,,6,-13.654,4,5,13,685,0.4949
8.911,8.812,0.0,3657.2,8.0,97.612,0.8,,1,-92.686,5,5,3,498,0.4679
8.825,8.601,0.0,3807.7,8.0,96.474,0.85,,1,-92.385,5,5,3,299,0.4314
9.004,8.897,0.0,3648.8,8.0,96.5,0.9,,0,-92.702,5,5,3,277,0.4188
9.563,9.421,0.0,3676.1,8.0,95.565,0.95,,0,-92.648,5,5,4,258,0.4264
10.396,12.057,0.0,19158.0,8.0,90.107,1.0,,5,-61.684,5,5,13,685,0.4949
8.911,8.78,0.0,2558.2,8.0,98.577,0.8,,1,-94.884,6,5,3,478,0.4728
8.865,8.69,0.0,3027.9,8.0,97.425,0.85,,1,-93.944,6,5,3,277,0.444
8.922,8.73,0.0,3167.2,8.0,97.358,0.9,,0,-93.666,6,5,3,224,0.4241
9.642,9.409,0.0,2516.2,8.0,97.246,0.95,,0,-94.968,6,5,4,247,0.4332
10.396,12.057,0.0,8143.5,8.0,95.503,1.0,,4,-83.713,6,5,13,685,0.4949
8.734,8.868,0.0,2625.4,8.0,98.725,0.8,,1,-94.749,7,5,3,430,0.4721
8.764,8.69,0.0,2725.5,8.0,97.924,0.85,,0,-94.549,7,5,3,269,0.4498
8.929,8.811,0.0,2503.6,8.0,98.192,0.9,,0,-94.993,7,5,3,221,0.4253
9.229,9.203,0.0,2575.7,8.0,97.463,0.95,,0,-94.849,7,5,3,182,0.4286
10.396,12.057,0.0,6329.1,8.0,96.858,1.0,,5,-87.342,7,5,13,685,0.4949
8.656,8.483,0.0,2206.1,8.0,99.012,0.8,,0,-95.588,8,5,3,403,0.4864
8.85,8.805,0.0,2239.0,8.0,98.42,0.85,,0,-95.522,8,5,3,259,0.4517
8.796,8.811,0.0,2378.3,8.0,98.492,0.9,,0,-95.243,8,5,3,215,0.4372
9.184,9.261,0.0,2283.8,8.0,97.939,0.95,,0,-95.432,8,5,3,195,0.4256
9.247,8.891,0.0,2361.5,8.0,97.656,1.0,,0,-95.277,8,5,5,220,0.4545
8.656,8.483,0.0,2206.1,8.0,99.012,0.8,,0,-95.588,9,5,3,403,0.4864
8.85,8.805,0.0,2239.0,8.0,98.42,0.85,,0,-95.522,9,5,3,259,0.4517
8.796,8.811,0.0,2378.3,8.0,98.492,0.9,,0,-95.243,9,5,3,215,0.4372
9.184,9.261,0.0,2283.8,8.0,97.939,0.95,,0,-95.432,9,5,3,195,0.4256
9.247,8.891,0.0,2361.5,8.0,97.656,1.0,,0,-95.277,9,5,5,220,0.4545
8.656,8.483,0.0,2206.1,8.0,99.012,0.8,,0,-95.588,10,5,3,403,0.4864
8.85,8.805,0.0,2239.0,8.0,98.42,0.85,,0,-95.522,10,5,3,259,0.4517
8.796,8.811,0.0,2378.3,8.0,98.492,0.9,,0,-95.243,10,5,3,215,0.4372
9.184,9.261,0.0,2283.8,8.0,97.939,0.95,,0,-95.432,10,5,3,195,0.4256
9.247,8.891,0.0,2361.5,8.0,97.656,1.0,,0,-95.277,10,5,5,220,0.4545
10.537,11.235,0.0,80696.4,8.0,61.305,0.8,,7,61.393,1,10,13,2578,0.4961
10.522,11.167,0.0,50301.0,8.0,55.854,0.85,,8,0.602,1,10,13,1698,0.4912
10.75,11.319,0.0,41850.6,8.0,55.356,0.9,,7,-16.299,1,10,13,1281,0.4887
10.688,11.824,0.0,75221.7,8.0,41.736,0.95,,7,50.443,1,10,13,922,0.5043
11.029,11.934,0.0,68376.4,8.0,30.43,1.0,,7,36.753,1,10,13,684,0.5102
10.56,10.307,0.0,9031.1,8.0,89.67,0.8,,2,-81.938,2,10,8,1498,0.4873
10.644,10.801,0.0,9479.1,8.0,87.389,0.85,,3,-81.042,2,10,8,1096,0.4717
10.75,11.319,0.0,22541.1,8.0,85.981,0.9,,6,-54.918,2,10,13,1281,0.4887
10.688,11.824,0.0,94102.1,8.0,73.158,0.95,,7,88.204,2,10,13,922,0.5043
11.029,11.934,0.0,79123.5,8.0,54.974,1.0,,5,58.247,2,10,13,684,0.5102
9.827,8.773,0.0,6326.3,8.0,94.52,0.8,,1,-87.347,3,10,4,718,0.4889
9.886,8.81,0.0,5943.4,8.0,93.222,0.85,,1,-88.113,3,10,4,458,0.4563
10.06,9.042,0.0,5883.2,8.0,93.509,0.9,,1,-88.234,3,10,4,350,0.4429
10.688,11.824,0.0,78294.7,8.0,88.078,0.95,,7,56.589,3,10,13,922,0.5043
11.029,11.934,0.0,64145.6,8.0,73.262,1.0,,4,28.291,3,10,13,684,0.5102
9.872,9.032,0.0,4651.2,8.0,96.952,0.8,,1,-90.698,4,10,3,523,0.4818
9.78,8.95,0.0,4605.7,8.0,95.656,0.85,,1,-90.789,4,10,3,342,0.4474
9.836,9.098,0.0,4665.2,8.0,95.825,0.9,,1,-90.67,4,10,4,344,0.4419
10.062,9.027,0.0,4724.0,8.0,93.727,0.95,,0,-90.552,4,10,4,282,0.4397
11.029,11.934,0.0,36832.3,8.0,84.467,1.0,,5,-26.335,4,10,13,684,0.5102
9.701,8.917,0.0,3745.4,8.0,97.982,0.8,,1,-92.509,5,10,3,475,0.4884
9.551,8.728,0.0,3779.7,8.0,97.024,0.85,,1,-92.441,5,10,3,319,0.4545
9.899,9.082,0.0,3762.9,8.0,97.235,0.9,,1,-92.474,5,10,3,262,0.4389
10.259,9.273,0.0,3706.2,8.0,95.528,0.95,,0,-92.588,5,10,4,248,0.4435
11.029,11.934,0.0,18918.6,8.0,91.491,1.0,,3,-62.163,5,10,13,684,0.5102
9.504,8.927,0.0,3137.8,8.0,98.657,0.8,,1,-93.724,6,10,3,432,0.4861
9.577,8.864,0.0,2914.5,8.0,98.039,0.85,,1,-94.171,6,10,3,285,0.4561
9.55,8.836,0.0,2996.4,8.0,98.146,0.9,,1,-94.007,6,10,3,244,0.4426
9.966,9.29,0.0,2994.3,8.0,96.722,0.95,,0,-94.011,6,10,4,244,0.4426
11.029,11.934,0.0,8935.9,8.0,95.403,1.0,,5,-82.128,6,10,13,684,0.5102
9.403,8.598,0.0,2697.5,8.0,99.068,0.8,,1,-94.605,7,10,3,402,0.5
9.44,8.937,0.0,2668.1,8.0,98.493,0.85,,1,-94.664,7,10,3,264,0.4697
9.555,9.113,0.0,2684.9,8.0,98.62,0.9,,1,-94.63,7,10,3,220,0.4455
9.731,9.225,0.0,2617.0,8.0,97.422,0.95,,0,-94.766,7,10,3,196,0.4286
11.377,12.511,0.0477,2617.0,8.0,97.201,1.0,,2,-94.766,7,10,8,395,0.4962
9.363,8.551,0.0,2314.6,8.0,99.329,0.8,,0,-95.371,8,10,2,330,0.5
9.57,9.013,0.0,2274.7,8.0,98.902,0.85,,1,-95.451,8,10,3,258,0.4729
9.469,9.113,0.0,2239.7,8.0,99.033,0.9,,0,-95.521,8,10,3,214,0.4579
9.741,9.166,0.0,2211.7,8.0,98.004,0.95,,0,-95.577,8,10,3,182,0.4341
10.095,9.162,0.0,2394.4,8.0,97.623,1.0,,0,-95.211,8,10,4,201,0.4677
9.363,8.551,0.0,2314.6,8.0,99.329,0.8,,0,-95.371,9,10,2,330,0.5
9.57,9.013,0.0,2274.7,8.0,98.902,0.85,,1,-95.451,9,10,3,258,0.4729
9.469,9.113,0.0,2239.7,8.0,99.033,0.9,,0,-95.521,9,10,3,214,0.4579
9.741,9.166,0.0,2211.7,8.0,98.004,0.95,,0,-95.577,9,10,3,182,0.4341
10.095,9.162,0.0,2394.4,8.0,97.623,1.0,,0,-95.211,9,10,4,201,0.4677
9.363,8.551,0.0,2314.6,8.0,99.329,0.8,,0,-95.371,10,10,2,330,0.5
9.57,9.013,0.0,2274.7,8.0,98.902,0.85,,1,-95.451,10,10,3,258,0.4729
9.469,9.113,0.0,2239.7,8.0,99.033,0.9,,0,-95.521,10,10,3,214,0.4579
9.741,9.166,0.0,2211.7,8.0,98.004,0.95,,0,-95.577,10,10,3,182,0.4341
10.095,9.162,0.0,2394.4,8.0,97.623,1.0,,0,-95.211,10,10,4,201,0.4677
10.844,11.386,0.0,70706.7,8.0,60.586,0.8,,7,41.413,1,15,13,2574,0.4992
10.805,11.425,0.0,52124.5,8.0,55.222,0.85,,7,4.249,1,15,13,1697,0.4962
11.105,11.664,0.0,41770.8,8.0,53.649,0.9,,6,-16.458,1,15,13,1280,0.4938
11.158,12.239,0.0,80492.7,8.0,39.397,0.95,,8,60.985,1,15,13,921,0.5103
11.666,12.484,0.0,70108.9,8.0,29.398,1.0,,7,40.218,1,15,13,683,0.5139
10.645,10.317,0.0,9313.2,8.0,89.889,0.8,,2,-81.374,2,15,8,1496,0.4906
10.805,11.425,0.0,32814.3,8.0,88.32,0.85,,7,-34.371,2,15,13,1697,0.4962
11.105,11.664,0.0,22592.9,8.0,87.042,0.9,,6,-54.814,2,15,13,1280,0.4938
11.158,12.239,0.0,112930.0,8.0,69.895,0.95,,8,125.86,2,15,13,921,0.5103
11.666,12.484,0.0,73121.7,8.0,56.579,1.0,,5,46.243,2,15,13,683,0.5139
9.901,8.898,0.0,6234.6,8.0,94.776,0.8,,1,-87.531,3,15,4,740,0.4905
9.813,8.782,0.0,6367.6,8.0,93.658,0.85,,1,-87.265,3,15,4,527,0.4668
9.938,8.979,0.0,6265.4,8.0,93.592,0.9,,1,-87.469,3,15,4,399,0.4461
11.158,12.239,0.0,89353.3,8.0,84.432,0.95,,8,78.707,3,15,13,921,0.5103
11.666,12.484,0.0,48632.2,8.0,74.671,1.0,,5,-2.736,3,15,13,683,0.5139
9.787,8.934,0.0,4793.3,8.0,96.887,0.8,,1,-90.413,4,15,4,702,0.4929
9.818,9.169,0.0,4783.5,8.0,96.095,0.85,,1,-90.433,4,15,3,365,0.4521
10.114,9.301,0.0,4357.9,8.0,96.365,0.9,,1,-91.284,4,15,4,350,0.4486
11.158,12.239,0.0,48380.2,8.0,91.798,0.95,,7,-3.24,4,15,13,921,0.5103
11.666,12.484,0.0,25955.7,8.0,83.893,1.0,,5,-48.089,4,15,13,683,0.5139
9.799,9.114,0.0,3766.4,8.0,97.956,0.8,,1,-92.467,5,15,3,496,0.4859
9.851,9.256,0.0,3676.8,8.0,97.555,0.85,,1,-92.646,5,15,3,342,0.4561
9.93,9.473,0.0,3678.2,8.0,97.474,0.9,,1,-92.644,5,15,3,278,0.4388
10.282,9.637,0.0,3748.9,8.0,95.477,0.95,,0,-92.502,5,15,4,257,0.4475
11.666,12.484,0.0,18567.9,8.0,90.637,1.0,,5,-62.864,5,15,13,683,0.5139
9.766,9.092,0.0,3056.6,8.0,98.668,0.8,,1,-93.887,6,15,3,475,0.4926
9.589,9.088,0.0,3036.3,8.0,98.232,0.85,,1,-93.927,6,15,3,299,0.4582
9.942,9.429,0.0,3041.2,8.0,98.203,0.9,,1,-93.918,6,15,3,262,0.4466
10.319,9.632,0.0,2636.6,8.0,97.114,0.95,,0,-94.727,6,15,4,247,0.4534
11.666,12.484,0.0,5382.0,8.0,95.329,1.0,,5,-89.236,6,15,13,683,0.5139
9.528,9.076,0.0,2670.2,8.0,99.062,0.8,,1,-94.66,7,15,3,426,0.4906
9.598,9.084,0.0,2658.3,8.0,98.669,0.85,,1,-94.683,7,15,3,279,0.4659
9.594,9.335,0.0,2677.2,8.0,98.635,0.9,,1,-94.646,7,15,3,221,0.448
9.817,9.764,0.0,2692.6,8.0,97.347,0.95,,0,-94.615,7,15,3,191,0.445
11.403,12.605,0.0,2614.2,8.0,97.424,1.0,,3,-94.772,7,15,8,395,0.4987
9.492,8.709,0.0,2370.6,8.0,99.299,0.8,,1,-95.259,8,15,3,399,0.5063
9.639,9.192,0.0,2368.5,8.0,98.952,0.85,,1,-95.263,8,15,3,257,0.4786
9.529,9.335,0.0,2370.6,8.0,98.977,0.9,,1,-95.259,8,15,3,218,0.4541
9.784,9.694,0.0,2295.0,8.0,97.929,0.95,,0,-95.41,8,15,3,196,0.4388
10.132,9.393,0.0616,2389.5,8.0,97.774,1.0,,1,-95.221,8,15,4,201,0.4726
9.492,8.709,0.0,2370.6,8.0,99.299,0.8,,1,-95.259,9,15,3,399,0.5063
9.639,9.192,0.0,2368.5,8.0,98.952,0.85,,1,-95.263,9,15,3,257,0.4786
9.529,9.335,0.0,2370.6,8.0,98.977,0.9,,1,-95.259,9,15,3,218,0.4541
9.784,9.694,0.0,2295.0,8.0,97.929,0.95,,0,-95.41,9,15,3,196,0.4388
10.132,9.393,0.0616,2389.5,8.0,97.774,1.0,,1,-95.221,9,15,4,201,0.4726
9.492,8.709,0.0,2370.6,8.0,99.299,0.8,,1,-95.259,10,15,3,399,0.5063
9.639,9.192,0.0,2368.5,8.0,98.952,0.85,,1,-95.263,10,15,3,257,0.4786
9.529,9.335,0.0,2370.6,8.0,98.977,0.9,,1,-95.259,10,15,3,218,0.4541
9.784,9.694,0.0,2295.0,8.0,97.929,0.95,,0,-95.41,10,15,3,196,0.4388
10.132,9.393,0.0616,2389.5,8.0,97.774,1.0,,1,-95.221,10,15,4,201,0.4726
10.865,11.403,0.0,63997.9,8.0,62.84,0.8,,6,27.996,1,20,13,2574,0.5
10.822,11.45,0.0,52342.9,8.0,53.683,0.85,,7,4.686,1,20,13,1697,0.4973
11.104,11.664,0.0,41777.8,8.0,53.638,0.9,,6,-16.444,1,20,13,1280,0.4938
11.158,12.239,0.0,80492.7,8.0,39.397,0.95,,8,60.985,1,20,13,921,0.5103
11.666,12.484,0.0,70108.9,8.0,29.398,1.0,,7,40.218,1,20,13,683,0.5139
10.68,10.349,0.0,9347.5,8.0,89.852,0.8,,2,-81.305,2,20,8,1496,0.492
10.822,11.45,0.0,43781.9,8.0,86.824,0.85,,7,-12.436,2,20,13,1697,0.4973
11.104,11.664,0.0,22630.0,8.0,87.191,0.9,,6,-54.74,2,20,13,1280,0.4938
11.158,12.239,0.0,112930.0,8.0,69.895,0.95,,8,125.86,2,20,13,921,0.5103
11.666,12.484,0.0,73121.7,8.0,56.579,1.0,,5,46.243,2,20,13,683,0.5139
9.946,8.971,0.0,6274.5,8.0,94.742,0.8,,1,-87.451,3,20,4,735,0.4925
10.609,10.454,0.0,6381.6,8.0,93.644,0.85,,3,-87.237,3,20,8,962,0.4875
9.936,8.979,0.0,6272.4,8.0,93.585,0.9,,1,-87.455,3,20,4,399,0.4461
11.158,12.239,0.0,89353.3,8.0,84.432,0.95,,8,78.707,3,20,13,921,0.5103
11.666,12.484,0.0,48632.2,8.0,74.671,1.0,,5,-2.736,3,20,13,683,0.5139
9.861,9.052,0.0,4710.7,8.0,96.941,0.8,,1,-90.579,4,20,3,583,0.4854
9.818,9.169,0.0,4783.5,8.0,96.095,0.85,,1,-90.433,4,20,3,365,0.4521
10.114,9.301,0.0,4357.9,8.0,96.365,0.9,,1,-91.284,4,20,4,350,0.4486
11.158,12.239,0.0,48380.2,8.0,91.798,0.95,,7,-3.24,4,20,13,921,0.5103
11.666,12.484,0.0,25955.7,8.0,83.893,1.0,,5,-48.089,4,20,13,683,0.5139
9.819,9.114,0.0,3643.9,8.0,98.022,0.8,,1,-92.712,5,20,3,496,0.4859
9.851,9.256,0.0,3676.8,8.0,97.555,0.85,,1,-92.646,5,20,3,342,0.4561
9.93,9.473,0.0,3678.2,8.0,97.474,0.9,,1,-92.644,5,20,3,278,0.4388
10.282,9.637,0.0,3748.9,8.0,95.477,0.95,,0,-92.502,5,20,4,257,0.4475
11.666,12.484,0.0,18567.9,8.0,90.637,1.0,,5,-62.864,5,20,13,683,0.5139
9.766,9.092,0.0,3056.6,8.0,98.668,0.8,,1,-93.887,6,20,3,475,0.4926
9.589,9.088,0.0,3036.3,8.0,98.232,0.85,,1,-93.927,6,20,3,299,0.4582
9.942,9.429,0.0,3041.2,8.0,98.203,0.9,,1,-93.918,6,20,3,262,0.4466
10.319,9.632,0.0,2636.6,8.0,97.114,0.95,,0,-94.727,6,20,4,247,0.4534
11.666,12.484,0.0,5382.0,8.0,95.329,1.0,,5,-89.236,6,20,13,683,0.5139
9.528,9.076,0.0,2670.2,8.0,99.062,0.8,,1,-94.66,7,20,3,426,0.4906
9.598,9.084,0.0,2658.3,8.0,98.669,0.85,,1,-94.683,7,20,3,279,0.4659
9.594,9.335,0.0,2677.2,8.0,98.635,0.9,,1,-94.646,7,20,3,221,0.448
9.817,9.764,0.0,2692.6,8.0,97.347,0.95,,0,-94.615,7,20,3,191,0.445
11.403,12.605,0.0,2614.2,8.0,97.424,1.0,,3,-94.772,7,20,8,395,0.4987
9.492,8.709,0.0,2370.6,8.0,99.299,0.8,,1,-95.259,8,20,3,399,0.5063
9.639,9.192,0.0,2368.5,8.0,98.952,0.85,,1,-95.263,8,20,3,257,0.4786
9.529,9.335,0.0,2370.6,8.0,98.977,0.9,,1,-95.259,8,20,3,218,0.4541
9.784,9.694,0.0,2295.0,8.0,97.929,0.95,,0,-95.41,8,20,3,196,0.4388
10.132,9.393,0.0616,2389.5,8.0,97.774,1.0,,1,-95.221,8,20,4,201,0.4726
9.492,8.709,0.0,2370.6,8.0,99.299,0.8,,1,-95.259,9,20,3,399,0.5063
9.639,9.192,0.0,2368.5,8.0,98.952,0.85,,1,-95.263,9,20,3,257,0.4786
9.529,9.335,0.0,2370.6,8.0,98.977,0.9,,1,-95.259,9,20,3,218,0.4541
9.784,9.694,0.0,2295.0,8.0,97.929,0.95,,0,-95.41,9,20,3,196,0.4388
10.132,9.393,0.0616,2389.5,8.0,97.774,1.0,,1,-95.221,9,20,4,201,0.4726
9.492,8.709,0.0,2370.6,8.0,99.299,0.8,,1,-95.259,10,20,3,399,0.5063
9.639,9.192,0.0,2368.5,8.0,98.952,0.85,,1,-95.263,10,20,3,257,0.4786
9.529,9.335,0.0,2370.6,8.0,98.977,0.9,,1,-95.259,10,20,3,218,0.4541
9.784,9.694,0.0,2295.0,8.0,97.929,0.95,,0,-95.41,10,20,3,196,0.4388
10.132,9.393,0.0616,2389.5,8.0,97.774,1.0,,1,-95.221,10,20,4,201,0.4726
10.873,11.403,0.0,63748.0,8.0,63.241,0.8,,6,27.496,1,25,13,2574,0.5
10.832,11.45,0.0,52816.8,8.0,54.024,0.85,,7,5.634,1,25,13,1697,0.4973
11.118,11.664,0.0,41830.3,8.0,53.991,0.9,,7,-16.339,1,25,13,1280,0.4938
11.158,12.239,0.0,80492.7,8.0,39.397,0.95,,8,60.985,1,25,13,921,0.5103
11.666,12.484,0.0,70108.9,8.0,29.398,1.0,,7,40.218,1,25,13,683,0.5139
10.694,10.349,0.0,9346.1,8.0,89.853,0.8,,2,-81.308,2,25,8,1496,0.492
10.832,11.45,0.0,44244.6,8.0,86.637,0.85,,7,-11.511,2,25,13,1697,0.4973
11.118,11.664,0.0,22589.4,8.0,86.888,0.9,,6,-54.821,2,25,13,1280,0.4938
11.158,12.239,0.0,112930.0,8.0,69.895,0.95,,8,125.86,2,25,13,921,0.5103
11.666,12.484,0.0,73121.7,8.0,56.579,1.0,,5,46.243,2,25,13,683,0.5139
9.927,8.849,0.0,6177.2,8.0,94.824,0.8,,1,-87.646,3,25,4,753,0.4927
10.618,10.453,0.0,6155.5,8.0,93.869,0.85,,3,-87.689,3,25,8,960,0.4875
9.981,8.999,0.0,6385.1,8.0,93.47,0.9,,1,-87.23,3,25,4,396,0.447
11.158,12.239,0.0,89353.3,8.0,84.432,0.95,,8,78.707,3,25,13,921,0.5103
11.666,12.484,0.0,48632.2,8.0,74.671,1.0,,5,-2.736,3,25,13,683,0.5139
9.868,9.052,0.0,4662.4,8.0,96.972,0.8,,1,-90.675,4,25,3,583,0.4854
9.818,9.169,0.0,4783.5,8.0,96.095,0.85,,1,-90.433,4,25,3,365,0.4521
10.114,9.301,0.0,4357.9,8.0,96.365,0.9,,1,-91.284,4,25,4,350,0.4486
11.158,12.239,0.0,48380.2,8.0,91.798,0.95,,7,-3.24,4,25,13,921,0.5103
11.666,12.484,0.0,25955.7,8.0,83.893,1.0,,5,-48.089,4,25,13,683,0.5139
9.827,9.114,0.0,3595.6,8.0,98.048,0.8,,1,-92.809,5,25,3,496,0.4859
9.851,9.256,0.0,3676.8,8.0,97.555,0.85,,1,-92.646,5,25,3,342,0.4561
9.93,9.473,0.0,3678.2,8.0,97.474,0.9,,1,-92.644,5,25,3,278,0.4388
10.282,9.637,0.0,3748.9,8.0,95.477,0.95,,0,-92.502,5,25,4,257,0.4475
11.666,12.484,0.0,18567.9,8.0,90.637,1.0,,5,-62.864,5,25,13,683,0.5139
9.766,9.092,0.0,3056.6,8.0,98.668,0.8,,1,-93.887,6,25,3,475,0.4926
9.589,9.088,0.0,3036.3,8.0,98.232,0.85,,1,-93.927,6,25,3,299,0.4582
9.942,9.429,0.0,3041.2,8.0,98.203,0.9,,1,-93.918,6,25,3,262,0.4466
10.319,9.632,0.0,2636.6,8.0,97.114,0.95,,0,-94.727,6,25,4,247,0.4534
11.666,12.484,0.0,5382.0,8.0,95.329,1.0,,5,-89.236,6,25,13,683,0.5139
9.528,9.076,0.0,2670.2,8.0,99.062,0.8,,1,-94.66,7,25,3,426,0.4906
9.598,9.084,0.0,2658.3,8.0,98.669,0.85,,1,-94.683,7,25,3,279,0.4659
9.594,9.335,0.0,2677.2,8.0,98.635,0.9,,1,-94.646,7,25,3,221,0.448
9.817,9.764,0.0,2692.6,8.0,97.347,0.95,,0,-94.615,7,25,3,191,0.445
11.403,12.605,0.0,2614.2,8.0,97.424,1.0,,3,-94.772,7,25,8,395,0.4987
9.492,8.709,0.0,2370.6,8.0,99.299,0.8,,1,-95.259,8,25,3,399,0.5063
9.639,9.192,0.0,2368.5,8.0,98.952,0.85,,1,-95.263,8,25,3,257,0.4786
9.529,9.335,0.0,2370.6,8.0,98.977,0.9,,1,-95.259,8,25,3,218,0.4541
9.784,9.694,0.0,2295.0,8.0,97.929,0.95,,0,-95.41,8,25,3,196,0.4388
10.132,9.393,0.0616,2389.5,8.0,97.774,1.0,,1,-95.221,8,25,4,201,0.4726
9.492,8.709,0.0,2370.6,8.0,99.299,0.8,,1,-95.259,9,25,3,399,0.5063
9.639,9.192,0.0,2368.5,8.0,98.952,0.85,,1,-95.263,9,25,3,257,0.4786
9.529,9.335,0.0,2370.6,8.0,98.977,0.9,,1,-95.259,9,25,3,218,0.4541
9.784,9.694,0.0,2295.0,8.0,97.929,0.95,,0,-95.41,9,25,3,196,0.4388
10.132,9.393,0.0616,2389.5,8.0,97.774,1.0,,1,-95.221,9,25,4,201,0.4726
9.492,8.709,0.0,2370.6,8.0,99.299,0.8,,1,-95.259,10,25,3,399,0.5063
9.639,9.192,0.0,2368.5,8.0,98.952,0.85,,1,-95.263,10,25,3,257,0.4786
9.529,9.335,0.0,2370.6,8.0,98.977,0.9,,1,-95.259,10,25,3,218,0.4541
9.784,9.694,0.0,2295.0,8.0,97.929,0.95,,0,-95.41,10,25,3,196,0.4388
10.132,9.393,0.0616,2389.5,8.0,97.774,1.0,,1,-95.221,10,25,4,201,0.4726
10.873,11.403,0.0,63748.0,8.0,63.241,0.8,,6,27.496,1,30,13,2574,0.5
10.832,11.45,0.0,52816.8,8.0,54.024,0.85,,7,5.634,1,30,13,1697,0.4973
11.118,11.664,0.0,41830.3,8.0,53.991,0.9,,7,-16.339,1,30,13,1280,0.4938
11.158,12.239,0.0,80492.7,8.0,39.397,0.95,,8,60.985,1,30,13,921,0.5103
11.666,12.484,0.0,70108.9,8.0,29.398,1.0,,7,40.218,1,30,13,683,0.5139
10.694,10.349,0.0,9346.1,8.0,89.853,0.8,,2,-81.308,2,30,8,1496,0.492
10.832,11.45,0.0,44244.6,8.0,86.637,0.85,,7,-11.511,2,30,13,1697,0.4973
11.118,11.664,0.0,22589.4,8.0,86.888,0.9,,6,-54.821,2,30,13,1280,0.4938
11.158,12.239,0.0,112930.0,8.0,69.895,0.95,,8,125.86,2,30,13,921,0.5103
11.666,12.484,0.0,73121.7,8.0,56.579,1.0,,5,46.243,2,30,13,683,0.5139
9.927,8.849,0.0,6177.2,8.0,94.824,0.8,,1,-87.646,3,30,4,753,0.4927
10.618,10.453,0.0,6155.5,8.0,93.869,0.85,,3,-87.689,3,30,8,960,0.4875
9.981,8.999,0.0,6385.1,8.0,93.47,0.9,,1,-87.23,3,30,4,396,0.447
11.158,12.239,0.0,89353.3,8.0,84.432,0.95,,8,78.707,3,30,13,921,0.5103
11.666,12.484,0.0,48632.2,8.0,74.671,1.0,,5,-2.736,3,30,13,683,0.5139
9.868,9.052,0.0,4662.4,8.0,96.972,0.8,,1,-90.675,4,30,3,583,0.4854
9.818,9.169,0.0,4783.5,8.0,96.095,0.85,,1,-90.433,4,30,3,365,0.4521
10.114,9.301,0.0,4357.9,8.0,96.365,0.9,,1,-91.284,4,30,4,350,0.4486
11.158,12.239,0.0,48380.2,8.0,91.798,0.95,,7,-3.24,4,30,13,921,0.5103
11.666,12.484,0.0,25955.7,8.0,83.893,1.0,,5,-48.089,4,30,13,683,0.5139
9.827,9.114,0.0,3595.6,8.0,98.048,0.8,,1,-92.809,5,30,3,496,0.4859
9.851,9.256,0.0,3676.8,8.0,97.555,0.85,,1,-92.646,5,30,3,342,0.4561
9.93,9.473,0.0,3678.2,8.0,97.474,0.9,,1,-92.644,5,30,3,278,0.4388
10.282,9.637,0.0,3748.9,8.0,95.477,0.95,,0,-92.502,5,30,4,257,0.4475
11.666,12.484,0.0,18567.9,8.0,90.637,1.0,,5,-62.864,5,30,13,683,0.5139
9.766,9.092,0.0,3056.6,8.0,98.668,0.8,,1,-93.887,6,30,3,475,0.4926
9.589,9.088,0.0,3036.3,8.0,98.232,0.85,,1,-93.927,6,30,3,299,0.4582
9.942,9.429,0.0,3041.2,8.0,98.203,0.9,,1,-93.918,6,30,3,262,0.4466
10.319,9.632,0.0,2636.6,8.0,97.114,0.95,,0,-94.727,6,30,4,247,0.4534
11.666,12.484,0.0,5382.0,8.0,95.329,1.0,,5,-89.236,6,30,13,683,0.5139
9.528,9.076,0.0,2670.2,8.0,99.062,0.8,,1,-94.66,7,30,3,426,0.4906
9.598,9.084,0.0,2658.3,8.0,98.669,0.85,,1,-94.683,7,30,3,279,0.4659
9.594,9.335,0.0,2677.2,8.0,98.635,0.9,,1,-94.646,7,30,3,221,0.448
9.817,9.764,0.0,2692.6,8.0,97.347,0.95,,0,-94.615,7,30,3,191,0.445
11.403,12.605,0.0,2614.2,8.0,97.424,1.0,,3,-94.772,7,30,8,395,0.4987
9.492,8.709,0.0,2370.6,8.0,99.299,0.8,,1,-95.259,8,30,3,399,0.5063
9.639,9.192,0.0,2368.5,8.0,98.952,0.85,,1,-95.263,8,30,3,257,0.4786
9.529,9.335,0.0,2370.6,8.0,98.977,0.9,,1,-95.259,8,30,3,218,0.4541
9.784,9.694,0.0,2295.0,8.0,97.929,0.95,,0,-95.41,8,30,3,196,0.4388
10.132,9.393,0.0616,2389.5,8.0,97.774,1.0,,1,-95.221,8,30,4,201,0.4726
9.492,8.709,0.0,2370.6,8.0,99.299,0.8,,1,-95.259,9,30,3,399,0.5063
9.639,9.192,0.0,2368.5,8.0,98.952,0.85,,1,-95.263,9,30,3,257,0.4786
9.529,9.335,0.0,2370.6,8.0,98.977,0.9,,1,-95.259,9,30,3,218,0.4541
9.784,9.694,0.0,2295.0,8.0,97.929,0.95,,0,-95.41,9,30,3,196,0.4388
10.132,9.393,0.0616,2389.5,8.0,97.774,1.0,,1,-95.221,9,30,4,201,0.4726
9.492,8.709,0.0,2370.6,8.0,99.299,0.8,,1,-95.259,10,30,3,399,0.5063
9.639,9.192,0.0,2368.5,8.0,98.952,0.85,,1,-95.263,10,30,3,257,0.4786
9.529,9.335,0.0,2370.6,8.0,98.977,0.9,,1,-95.259,10,30,3,218,0.4541
9.784,9.694,0.0,2295.0,8.0,97.929,0.95,,0,-95.41,10,30,3,196,0.4388
10.132,9.393,0.0616,2389.5,8.0,97.774,1.0,,1,-95.221,10,30,4,201,0.4726
10.873,11.403,0.0,63748.0,8.0,63.241,0.8,,6,27.496,1,35,13,2574,0.5
10.832,11.45,0.0,52816.8,8.0,54.024,0.85,,7,5.634,1,35,13,1697,0.4973
11.118,11.664,0.0,41830.3,8.0,53.991,0.9,,7,-16.339,1,35,13,1280,0.4938
11.158,12.239,0.0,80492.7,8.0,39.397,0.95,,8,60.985,1,35,13,921,0.5103
11.666,12.484,0.0,70108.9,8.0,29.398,1.0,,7,40.218,1,35,13,683,0.5139
10.694,10.349,0.0,9346.1,8.0,89.853,0.8,,2,-81.308,2,35,8,1496,0.492
10.832,11.45,0.0,44244.6,8.0,86.637,0.85,,7,-11.511,2,35,13,1697,0.4973
11.118,11.664,0.0,22589.4,8.0,86.888,0.9,,6,-54.821,2,35,13,1280,0.4938
11.158,12.239,0.0,112930.0,8.0,69.895,0.95,,8,125.86,2,35,13,921,0.5103
11.666,12.484,0.0,73121.7,8.0,56.579,1.0,,5,46.243,2,35,13,683,0.5139
9.927,8.849,0.0,6177.2,8.0,94.824,0.8,,1,-87.646,3,35,4,753,0.4927
10.618,10.453,0.0,6155.5,8.0,93.869,0.85,,3,-87.689,3,35,8,960,0.4875
9.981,8.999,0.0,6385.1,8.0,93.47,0.9,,1,-87.23,3,35,4,396,0.447
11.158,12.239,0.0,89353.3,8.0,84.432,0.95,,8,78.707,3,35,13,921,0.5103
11.666,12.484,0.0,48632.2,8.0,74.671,1.0,,5,-2.736,3,35,13,683,0.5139
9.868,9.052,0.0,4662.4,8.0,96.972,0.8,,1,-90.675,4,35,3,583,0.4854
9.818,9.169,0.0,4783.5,8.0,96.095,0.85,,1,-90.433,4,35,3,365,0.4521
10.114,9.301,0.0,4357.9,8.0,96.365,0.9,,1,-91.284,4,35,4,350,0.4486
11.158,12.239,0.0,48380.2,8.0,91.798,0.95,,7,-3.24,4,35,13,921,0.5103
11.666,12.484,0.0,25955.7,8.0,83.893,1.0,,5,-48.089,4,35,13,683,0.5139
9.827,9.114,0.0,3595.6,8.0,98.048,0.8,,1,-92.809,5,35,3,496,0.4859
9.851,9.256,0.0,3676.8,8.0,97.555,0.85,,1,-92.646,5,35,3,342,0.4561
9.93,9.473,0.0,3678.2,8.0,97.474,0.9,,1,-92.644,5,35,3,278,0.4388
10.282,9.637,0.0,3748.9,8.0,95.477,0.95,,0,-92.502,5,35,4,257,0.4475
11.666,12.484,0.0,18567.9,8.0,90.637,1.0,,5,-62.864,5,35,13,683,0.5139
9.766,9.092,0.0,3056.6,8.0,98.668,0.8,,1,-93.887,6,35,3,475,0.4926
9.589,9.088,0.0,3036.3,8.0,98.232,0.85,,1,-93.927,6,35,3,299,0.4582
9.942,9.429,0.0,3041.2,8.0,98.203,0.9,,1,-93.918,6,35,3,262,0.4466
10.319,9.632,0.0,2636.6,8.0,97.114,0.95,,0,-94.727,6,35,4,247,0.4534
11.666,12.484,0.0,5382.0,8.0,95.329,1.0,,5,-89.236,6,35,13,683,0.5139
9.528,9.076,0.0,2670.2,8.0,99.062,0.8,,1,-94.66,7,35,3,426,0.4906
9.598,9.084,0.0,2658.3,8.0,98.669,0.85,,1,-94.683,7,35,3,279,0.4659
9.594,9.335,0.0,2677.2,8.0,98.635,0.9,,1,-94.646,7,35,3,221,0.448
9.817,9.764,0.0,2692.6,8.0,97.347,0.95,,0,-94.615,7,35,3,191,0.445
11.403,12.605,0.0,2614.2,8.0,97.424,1.0,,3,-94.772,7,35,8,395,0.4987
9.492,8.709,0.0,2370.6,8.0,99.299,0.8,,1,-95.259,8,35,3,399,0.5063
9.639,9.192,0.0,2368.5,8.0,98.952,0.85,,1,-95.263,8,35,3,257,0.4786
9.529,9.335,0.0,2370.6,8.0,98.977,0.9,,1,-95.259,8,35,3,218,0.4541
9.784,9.694,0.0,2295.0,8.0,97.929,0.95,,0,-95.41,8,35,3,196,0.4388
10.132,9.393,0.0616,2389.5,8.0,97.774,1.0,,1,-95.221,8,35,4,201,0.4726
9.492,8.709,0.0,2370.6,8.0,99.299,0.8,,1,-95.259,9,35,3,399,0.5063
9.639,9.192,0.0,2368.5,8.0,98.952,0.85,,1,-95.263,9,35,3,257,0.4786
9.529,9.335,0.0,2370.6,8.0,98.977,0.9,,1,-95.259,9,35,3,218,0.4541
9.784,9.694,0.0,2295.0,8.0,97.929,0.95,,0,-95.41,9,35,3,196,0.4388
10.132,9.393,0.0616,2389.5,8.0,97.774,1.0,,1,-95.221,9,35,4,201,0.4726
9.492,8.709,0.0,2370.6,8.0,99.299,0.8,,1,-95.259,10,35,3,399,0.5063
9.639,9.192,0.0,2368.5,8.0,98.952,0.85,,1,-95.263,10,35,3,257,0.4786
9.529,9.335,0.0,2370.6,8.0,98.977,0.9,,1,-95.259,10,35,3,218,0.4541
9.784,9.694,0.0,2295.0,8.0,97.929,0.95,,0,-95.41,10,35,3,196,0.4388
10.132,9.393,0.0616,2389.5,8.0,97.774,1.0,,1,-95.221,10,35,4,201,0.4726
10.873,11.403,0.0,63748.0,8.0,63.241,0.8,,6,27.496,1,40,13,2574,0.5
10.832,11.45,0.0,52816.8,8.0,54.024,0.85,,7,5.634,1,40,13,1697,0.4973
11.118,11.664,0.0,41830.3,8.0,53.991,0.9,,7,-16.339,1,40,13,1280,0.4938
11.158,12.239,0.0,80492.7,8.0,39.397,0.95,,8,60.985,1,40,13,921,0.5103
11.666,12.484,0.0,70108.9,8.0,29.398,1.0,,7,40.218,1,40,13,683,0.5139
10.694,10.349,0.0,9346.1,8.0,89.853,0.8,,2,-81.308,2,40,8,1496,0.492
10.832,11.45,0.0,44244.6,8.0,86.637,0.85,,7,-11.511,2,40,13,1697,0.4973
11.118,11.664,0.0,22589.4,8.0,86.888,0.9,,6,-54.821,2,40,13,1280,0.4938
11.158,12.239,0.0,112930.0,8.0,69.895,0.95,,8,125.86,2,40,13,921,0.5103
11.666,12.484,0.0,73121.7,8.0,56.579,1.0,,5,46.243,2,40,13,683,0.5139
9.927,8.849,0.0,6177.2,8.0,94.824,0.8,,1,-87.646,3,40,4,753,0.4927
10.618,10.453,0.0,6155.5,8.0,93.869,0.85,,3,-87.689,3,40,8,960,0.4875
9.981,8.999,0.0,6385.1,8.0,93.47,0.9,,1,-87.23,3,40,4,396,0.447
11.158,12.239,0.0,89353.3,8.0,84.432,0.95,,8,78.707,3,40,13,921,0.5103
11.666,12.484,0.0,48632.2,8.0,74.671,1.0,,5,-2.736,3,40,13,683,0.5139
9.868,9.052,0.0,4662.4,8.0,96.972,0.8,,1,-90.675,4,40,3,583,0.4854
9.818,9.169,0.0,4783.5,8.0,96.095,0.85,,1,-90.433,4,40,3,365,0.4521
10.114,9.301,0.0,4357.9,8.0,96.365,0.9,,1,-91.284,4,40,4,350,0.4486
11.158,12.239,0.0,48380.2,8.0,91.798,0.95,,7,-3.24,4,40,13,921,0.5103
11.666,12.484,0.0,25955.7,8.0,83.893,1.0,,5,-48.089,4,40,13,683,0.5139
9.827,9.114,0.0,3595.6,8.0,98.048,0.8,,1,-92.809,5,40,3,496,0.4859
9.851,9.256,0.0,3676.8,8.0,97.555,0.85,,1,-92.646,5,40,3,342,0.4561
9.93,9.473,0.0,3678.2,8.0,97.474,0.9,,1,-92.644,5,40,3,278,0.4388
10.282,9.637,0.0,3748.9,8.0,95.477,0.95,,0,-92.502,5,40,4,257,0.4475
11.666,12.484,0.0,18567.9,8.0,90.637,1.0,,5,-62.864,5,40,13,683,0.5139
9.766,9.092,0.0,3056.6,8.0,98.668,0.8,,1,-93.887,6,40,3,475,0.4926
9.589,9.088,0.0,3036.3,8.0,98.232,0.85,,1,-93.927,6,40,3,299,0.4582
9.942,9.429,0.0,3041.2,8.0,98.203,0.9,,1,-93.918,6,40,3,262,0.4466
10.319,9.632,0.0,2636.6,8.0,97.114,0.95,,0,-94.727,6,40,4,247,0.4534
11.666,12.484,0.0,5382.0,8.0,95.329,1.0,,5,-89.236,6,40,13,683,0.5139
9.528,9.076,0.0,2670.2,8.0,99.062,0.8,,1,-94.66,7,40,3,426,0.4906
9.598,9.084,0.0,2658.3,8.0,98.669,0.85,,1,-94.683,7,40,3,279,0.4659
9.594,9.335,0.0,2677.2,8.0,98.635,0.9,,1,-94.646,7,40,3,221,0.448
9.817,9.764,0.0,2692.6,8.0,97.347,0.95,,0,-94.615,7,40,3,191,0.445
11.403,12.605,0.0,2614.2,8.0,97.424,1.0,,3,-94.772,7,40,8,395,0.4987
9.492,8.709,0.0,2370.6,8.0,99.299,0.8,,1,-95.259,8,40,3,399,0.5063
9.639,9.192,0.0,2368.5,8.0,98.952,0.85,,1,-95.263,8,40,3,257,0.4786
9.529,9.335,0.0,2370.6,8.0,98.977,0.9,,1,-95.259,8,40,3,218,0.4541
9.784,9.694,0.0,2295.0,8.0,97.929,0.95,,0,-95.41,8,40,3,196,0.4388
10.132,9.393,0.0616,2389.5,8.0,97.774,1.0,,1,-95.221,8,40,4,201,0.4726
9.492,8.709,0.0,2370.6,8.0,99.299,0.8,,1,-95.259,9,40,3,399,0.5063
9.639,9.192,0.0,2368.5,8.0,98.952,0.85,,1,-95.263,9,40,3,257,0.4786
9.529,9.335,0.0,2370.6,8.0,98.977,0.9,,1,-95.259,9,40,3,218,0.4541
9.784,9.694,0.0,2295.0,8.0,97.929,0.95,,0,-95.41,9,40,3,196,0.4388
10.132,9.393,0.0616,2389.5,8.0,97.774,1.0,,1,-95.221,9,40,4,201,0.4726
9.492,8.709,0.0,2370.6,8.0,99.299,0.8,,1,-95.259,10,40,3,399,0.5063
9.639,9.192,0.0,2368.5,8.0,98.952,0.85,,1,-95.263,10,40,3,257,0.4786
9.529,9.335,0.0,2370.6,8.0,98.977,0.9,,1,-95.259,10,40,3,218,0.4541
9.784,9.694,0.0,2295.0,8.0,97.929,0.95,,0,-95.41,10,40,3,196,0.4388
10.132,9.393,0.0616,2389.5,8.0,97.774,1.0,,1,-95.221,10,40,4,201,0.4726
10.873,11.403,0.0,63748.0,8.0,63.241,0.8,,6,27.496,1,45,13,2574,0.5
10.832,11.45,0.0,52816.8,8.0,54.024,0.85,,7,5.634,1,45,13,1697,0.4973
11.118,11.664,0.0,41830.3,8.0,53.991,0.9,,7,-16.339,1,45,13,1280,0.4938
11.158,12.239,0.0,80492.7,8.0,39.397,0.95,,8,60.985,1,45,13,921,0.5103
11.666,12.484,0.0,70108.9,8.0,29.398,1.0,,7,40.218,1,45,13,683,0.5139
10.694,10.349,0.0,9346.1,8.0,89.853,0.8,,2,-81.308,2,45,8,1496,0.492
10.832,11.45,0.0,44244.6,8.0,86.637,0.85,,7,-11.511,2,45,13,1697,0.4973
11.118,11.664,0.0,22589.4,8.0,86.888,0.9,,6,-54.821,2,45,13,1280,0.4938
11.158,12.239,0.0,112930.0,8.0,69.895,0.95,,8,125.86,2,45,13,921,0.5103
11.666,12.484,0.0,73121.7,8.0,56.579,1.0,,5,46.243,2,45,13,683,0.5139
9.927,8.849,0.0,6177.2,8.0,94.824,0.8,,1,-87.646,3,45,4,753,0.4927
10.618,10.453,0.0,6155.5,8.0,93.869,0.85,,3,-87.689,3,45,8,960,0.4875
9.981,8.999,0.0,6385.1,8.0,93.47,0.9,,1,-87.23,3,45,4,396,0.447
11.158,12.239,0.0,89353.3,8.0,84.432,0.95,,8,78.707,3,45,13,921,0.5103
11.666,12.484,0.0,48632.2,8.0,74.671,1.0,,5,-2.736,3,45,13,683,0.5139
9.868,9.052,0.0,4662.4,8.0,96.972,0.8,,1,-90.675,4,45,3,583,0.4854
9.818,9.169,0.0,4783.5,8.0,96.095,0.85,,1,-90.433,4,45,3,365,0.4521
10.114,9.301,0.0,4357.9,8.0,96.365,0.9,,1,-91.284,4,45,4,350,0.4486
11.158,12.239,0.0,48380.2,8.0,91.798,0.95,,7,-3.24,4,45,13,921,0.5103
11.666,12.484,0.0,25955.7,8.0,83.893,1.0,,5,-48.089,4,45,13,683,0.5139
9.827,9.114,0.0,3595.6,8.0,98.048,0.8,,1,-92.809,5,45,3,496,0.4859
9.851,9.256,0.0,3676.8,8.0,97.555,0.85,,1,-92.646,5,45,3,342,0.4561
9.93,9.473,0.0,3678.2,8.0,97.474,0.9,,1,-92.644,5,45,3,278,0.4388
10.282,9.637,0.0,3748.9,8.0,95.477,0.95,,0,-92.502,5,45,4,257,0.4475
11.666,12.484,0.0,18567.9,8.0,90.637,1.0,,5,-62.864,5,45,13,683,0.5139
9.766,9.092,0.0,3056.6,8.0,98.668,0.8,,1,-93.887,6,45,3,475,0.4926
9.589,9.088,0.0,3036.3,8.0,98.232,0.85,,1,-93.927,6,45,3,299,0.4582
9.942,9.429,0.0,3041.2,8.0,98.203,0.9,,1,-93.918,6,45,3,262,0.4466
10.319,9.632,0.0,2636.6,8.0,97.114,0.95,,0,-94.727,6,45,4,247,0.4534
11.666,12.484,0.0,5382.0,8.0,95.329,1.0,,5,-89.236,6,45,13,683,0.5139
9.528,9.076,0.0,2670.2,8.0,99.062,0.8,,1,-94.66,7,45,3,426,0.4906
9.598,9.084,0.0,2658.3,8.0,98.669,0.85,,1,-94.683,7,45,3,279,0.4659
9.594,9.335,0.0,2677.2,8.0,98.635,0.9,,1,-94.646,7,45,3,221,0.448
9.817,9.764,0.0,2692.6,8.0,97.347,0.95,,0,-94.615,7,45,3,191,0.445
11.403,12.605,0.0,2614.2,8.0,97.424,1.0,,3,-94.772,7,45,8,395,0.4987
9.492,8.709,0.0,2370.6,8.0,99.299,0.8,,1,-95.259,8,45,3,399,0.5063
9.639,9.192,0.0,2368.5,8.0,98.952,0.85,,1,-95.263,8,45,3,257,0.4786
9.529,9.335,0.0,2370.6,8.0,98.977,0.9,,1,-95.259,8,45,3,218,0.4541
9.784,9.694,0.0,2295.0,8.0,97.929,0.95,,0,-95.41,8,45,3,196,0.4388
10.132,9.393,0.0616,2389.5,8.0,97.774,1.0,,1,-95.221,8,45,4,201,0.4726
9.492,8.709,0.0,2370.6,8.0,99.299,0.8,,1,-95.259,9,45,3,399,0.5063
9.639,9.192,0.0,2368.5,8.0,98.952,0.85,,1,-95.263,9,45,3,257,0.4786
9.529,9.335,0.0,2370.6,8.0,98.977,0.9,,1,-95.259,9,45,3,218,0.4541
9.784,9.694,0.0,2295.0,8.0,97.929,0.95,,0,-95.41,9,45,3,196,0.4388
10.132,9.393,0.0616,2389.5,8.0,97.774,1.0,,1,-95.221,9,45,4,201,0.4726
9.492,8.709,0.0,2370.6,8.0,99.299,0.8,,1,-95.259,10,45,3,399,0.5063
9.639,9.192,0.0,2368.5,8.0,98.952,0.85,,1,-95.263,10,45,3,257,0.4786
9.529,9.335,0.0,2370.6,8.0,98.977,0.9,,1,-95.259,10,45,3,218,0.4541
9.784,9.694,0.0,2295.0,8.0,97.929,0.95,,0,-95.41,10,45,3,196,0.4388
10.132,9.393,0.0616,2389.5,8.0,97.774,1.0,,1,-95.221,10,45,4,201,0.4726
10.873,11.403,0.0,63748.0,8.0,63.241,0.8,,6,27.496,1,50,13,2574,0.5
10.832,11.45,0.0,52816.8,8.0,54.024,0.85,,7,5.634,1,50,13,1697,0.4973
11.118,11.664,0.0,41830.3,8.0,53.991,0.9,,7,-16.339,1,50,13,1280,0.4938
11.158,12.239,0.0,80492.7,8.0,39.397,0.95,,8,60.985,1,50,13,921,0.5103
11.666,12.484,0.0,70108.9,8.0,29.398,1.0,,7,40.218,1,50,13,683,0.5139
10.694,10.349,0.0,9346.1,8.0,89.853,0.8,,2,-81.308,2,50,8,1496,0.492
10.832,11.45,0.0,44244.6,8.0,86.637,0.85,,7,-11.511,2,50,13,1697,0.4973
11.118,11.664,0.0,22589.4,8.0,86.888,0.9,,6,-54.821,2,50,13,1280,0.4938
11.158,12.239,0.0,112930.0,8.0,69.895,0.95,,8,125.86,2,50,13,921,0.5103
11.666,12.484,0.0,73121.7,8.0,56.579,1.0,,5,46.243,2,50,13,683,0.5139
9.927,8.849,0.0,6177.2,8.0,94.824,0.8,,1,-87.646,3,50,4,753,0.4927
10.618,10.453,0.0,6155.5,8.0,93.869,0.85,,3,-87.689,3,50,8,960,0.4875
9.981,8.999,0.0,6385.1,8.0,93.47,0.9,,1,-87.23,3,50,4,396,0.447
11.158,12.239,0.0,89353.3,8.0,84.432,0.95,,8,78.707,3,50,13,921,0.5103
11.666,12.484,0.0,48632.2,8.0,74.671,1.0,,5,-2.736,3,50,13,683,0.5139
9.868,9.052,0.0,4662.4,8.0,96.972,0.8,,1,-90.675,4,50,3,583,0.4854
9.818,9.169,0.0,4783.5,8.0,96.095,0.85,,1,-90.433,4,50,3,365,0.4521
10.114,9.301,0.0,4357.9,8.0,96.365,0.9,,1,-91.284,4,50,4,350,0.4486
11.158,12.239,0.0,48380.2,8.0,91.798,0.95,,7,-3.24,4,50,13,921,0.5103
11.666,12.484,0.0,25955.7,8.0,83.893,1.0,,5,-48.089,4,50,13,683,0.5139
9.827,9.114,0.0,3595.6,8.0,98.048,0.8,,1,-92.809,5,50,3,496,0.4859
9.851,9.256,0.0,3676.8,8.0,97.555,0.85,,1,-92.646,5,50,3,342,0.4561
9.93,9.473,0.0,3678.2,8.0,97.474,0.9,,1,-92.644,5,50,3,278,0.4388
10.282,9.637,0.0,3748.9,8.0,95.477,0.95,,0,-92.502,5,50,4,257,0.4475
11.666,12.484,0.0,18567.9,8.0,90.637,1.0,,5,-62.864,5,50,13,683,0.5139
9.766,9.092,0.0,3056.6,8.0,98.668,0.8,,1,-93.887,6,50,3,475,0.4926
9.589,9.088,0.0,3036.3,8.0,98.232,0.85,,1,-93.927,6,50,3,299,0.4582
9.942,9.429,0.0,3041.2,8.0,98.203,0.9,,1,-93.918,6,50,3,262,0.4466
10.319,9.632,0.0,2636.6,8.0,97.114,0.95,,0,-94.727,6,50,4,247,0.4534
11.666,12.484,0.0,5382.0,8.0,95.329,1.0,,5,-89.236,6,50,13,683,0.5139
9.528,9.076,0.0,2670.2,8.0,99.062,0.8,,1,-94.66,7,50,3,426,0.4906
9.598,9.084,0.0,2658.3,8.0,98.669,0.85,,1,-94.683,7,50,3,279,0.4659
9.594,9.335,0.0,2677.2,8.0,98.635,0.9,,1,-94.646,7,50,3,221,0.448
9.817,9.764,0.0,2692.6,8.0,97.347,0.95,,0,-94.615,7,50,3,191,0.445
11.403,12.605,0.0,2614.2,8.0,97.424,1.0,,3,-94.772,7,50,8,395,0.4987
9.492,8.709,0.0,2370.6,8.0,99.299,0.8,,1,-95.259,8,50,3,399,0.5063
9.639,9.192,0.0,2368.5,8.0,98.952,0.85,,1,-95.263,8,50,3,257,0.4786
9.529,9.335,0.0,2370.6,8.0,98.977,0.9,,1,-95.259,8,50,3,218,0.4541
9.784,9.694,0.0,2295.0,8.0,97.929,0.95,,0,-95.41,8,50,3,196,0.4388
10.132,9.393,0.0616,2389.5,8.0,97.774,1.0,,1,-95.221,8,50,4,201,0.4726
9.492,8.709,0.0,2370.6,8.0,99.299,0.8,,1,-95.259,9,50,3,399,0.5063
9.639,9.192,0.0,2368.5,8.0,98.952,0.85,,1,-95.263,9,50,3,257,0.4786
9.529,9.335,0.0,2370.6,8.0,98.977,0.9,,1,-95.259,9,50,3,218,0.4541
9.784,9.694,0.0,2295.0,8.0,97.929,0.95,,0,-95.41,9,50,3,196,0.4388
10.132,9.393,0.0616,2389.5,8.0,97.774,1.0,,1,-95.221,9,50,4,201,0.4726
9.492,8.709,0.0,2370.6,8.0,99.299,0.8,,1,-95.259,10,50,3,399,0.5063
9.639,9.192,0.0,2368.5,8.0,98.952,0.85,,1,-95.263,10,50,3,257,0.4786
9.529,9.335,0.0,2370.6,8.0,98.977,0.9,,1,-95.259,10,50,3,218,0.4541
9.784,9.694,0.0,2295.0,8.0,97.929,0.95,,0,-95.41,10,50,3,196,0.4388
10.132,9.393,0.0616,2389.5,8.0,97.774,1.0,,1,-95.221,10,50,4,201,0.4726
10.873,11.403,0.0,63748.0,8.0,63.241,0.8,,6,27.496,1,55,13,2574,0.5
10.832,11.45,0.0,52816.8,8.0,54.024,0.85,,7,5.634,1,55,13,1697,0.4973
11.118,11.664,0.0,41830.3,8.0,53.991,0.9,,7,-16.339,1,55,13,1280,0.4938
11.158,12.239,0.0,80492.7,8.0,39.397,0.95,,8,60.985,1,55,13,921,0.5103
11.666,12.484,0.0,70108.9,8.0,29.398,1.0,,7,40.218,1,55,13,683,0.5139
10.694,10.349,0.0,9346.1,8.0,89.853,0.8,,2,-81.308,2,55,8,1496,0.492
10.832,11.45,0.0,44244.6,8.0,86.637,0.85,,7,-11.511,2,55,13,1697,0.4973
11.118,11.664,0.0,22589.4,8.0,86.888,0.9,,6,-54.821,2,55,13,1280,0.4938
11.158,12.239,0.0,112930.0,8.0,69.895,0.95,,8,125.86,2,55,13,921,0.5103
11.666,12.484,0.0,73121.7,8.0,56.579,1.0,,5,46.243,2,55,13,683,0.5139
9.927,8.849,0.0,6177.2,8.0,94.824,0.8,,1,-87.646,3,55,4,753,0.4927
10.618,10.453,0.0,6155.5,8.0,93.869,0.85,,3,-87.689,3,55,8,960,0.4875
9.981,8.999,0.0,6385.1,8.0,93.47,0.9,,1,-87.23,3,55,4,396,0.447
11.158,12.239,0.0,89353.3,8.0,84.432,0.95,,8,78.707,3,55,13,921,0.5103
11.666,12.484,0.0,48632.2,8.0,74.671,1.0,,5,-2.736,3,55,13,683,0.5139
9.868,9.052,0.0,4662.4,8.0,96.972,0.8,,1,-90.675,4,55,3,583,0.4854
9.818,9.169,0.0,4783.5,8.0,96.095,0.85,,1,-90.433,4,55,3,365,0.4521
10.114,9.301,0.0,4357.9,8.0,96.365,0.9,,1,-91.284,4,55,4,350,0.4486
11.158,12.239,0.0,48380.2,8.0,91.798,0.95,,7,-3.24,4,55,13,921,0.5103
11.666,12.484,0.0,25955.7,8.0,83.893,1.0,,5,-48.089,4,55,13,683,0.5139
9.827,9.114,0.0,3595.6,8.0,98.048,0.8,,1,-92.809,5,55,3,496,0.4859
9.851,9.256,0.0,3676.8,8.0,97.555,0.85,,1,-92.646,5,55,3,342,0.4561
9.93,9.473,0.0,3678.2,8.0,97.474,0.9,,1,-92.644,5,55,3,278,0.4388
10.282,9.637,0.0,3748.9,8.0,95.477,0.95,,0,-92.502,5,55,4,257,0.4475
11.666,12.484,0.0,18567.9,8.0,90.637,1.0,,5,-62.864,5,55,13,683,0.5139
9.766,9.092,0.0,3056.6,8.0,98.668,0.8,,1,-93.887,6,55,3,475,0.4926
9.589,9.088,0.0,3036.3,8.0,98.232,0.85,,1,-93.927,6,55,3,299,0.4582
9.942,9.429,0.0,3041.2,8.0,98.203,0.9,,1,-93.918,6,55,3,262,0.4466
10.319,9.632,0.0,2636.6,8.0,97.114,0.95,,0,-94.727,6,55,4,247,0.4534
11.666,12.484,0.0,5382.0,8.0,95.329,1.0,,5,-89.236,6,55,13,683,0.5139
9.528,9.076,0.0,2670.2,8.0,99.062,0.8,,1,-94.66,7,55,3,426,0.4906
9.598,9.084,0.0,2658.3,8.0,98.669,0.85,,1,-94.683,7,55,3,279,0.4659
9.594,9.335,0.0,2677.2,8.0,98.635,0.9,,1,-94.646,7,55,3,221,0.448
9.817,9.764,0.0,2692.6,8.0,97.347,0.95,,0,-94.615,7,55,3,191,0.445
11.403,12.605,0.0,2614.2,8.0,97.424,1.0,,3,-94.772,7,55,8,395,0.4987
9.492,8.709,0.0,2370.6,8.0,99.299,0.8,,1,-95.259,8,55,3,399,0.5063
9.639,9.192,0.0,2368.5,8.0,98.952,0.85,,1,-95.263,8,55,3,257,0.4786
9.529,9.335,0.0,2370.6,8.0,98.977,0.9,,1,-95.259,8,55,3,218,0.4541
9.784,9.694,0.0,2295.0,8.0,97.929,0.95,,0,-95.41,8,55,3,196,0.4388
10.132,9.393,0.0616,2389.5,8.0,97.774,1.0,,1,-95.221,8,55,4,201,0.4726
9.492,8.709,0.0,2370.6,8.0,99.299,0.8,,1,-95.259,9,55,3,399,0.5063
9.639,9.192,0.0,2368.5,8.0,98.952,0.85,,1,-95.263,9,55,3,257,0.4786
9.529,9.335,0.0,2370.6,8.0,98.977,0.9,,1,-95.259,9,55,3,218,0.4541
9.784,9.694,0.0,2295.0,8.0,97.929,0.95,,0,-95.41,9,55,3,196,0.4388
10.132,9.393,0.0616,2389.5,8.0,97.774,1.0,,1,-95.221,9,55,4,201,0.4726
9.492,8.709,0.0,2370.6,8.0,99.299,0.8,,1,-95.259,10,55,3,399,0.5063
9.639,9.192,0.0,2368.5,8.0,98.952,0.85,,1,-95.263,10,55,3,257,0.4786
9.529,9.335,0.0,2370.6,8.0,98.977,0.9,,1,-95.259,10,55,3,218,0.4541
9.784,9.694,0.0,2295.0,8.0,97.929,0.95,,0,-95.41,10,55,3,196,0.4388
10.132,9.393,0.0616,2389.5,8.0,97.774,1.0,,1,-95.221,10,55,4,201,0.4726
10.873,11.403,0.0,63748.0,8.0,63.241,0.8,,6,27.496,1,60,13,2574,0.5
10.832,11.45,0.0,52816.8,8.0,54.024,0.85,,7,5.634,1,60,13,1697,0.4973
11.118,11.664,0.0,41830.3,8.0,53.991,0.9,,7,-16.339,1,60,13,1280,0.4938
11.158,12.239,0.0,80492.7,8.0,39.397,0.95,,8,60.985,1,60,13,921,0.5103
11.666,12.484,0.0,70108.9,8.0,29.398,1.0,,7,40.218,1,60,13,683,0.5139
10.694,10.349,0.0,9346.1,8.0,89.853,0.8,,2,-81.308,2,60,8,1496,0.492
10.832,11.45,0.0,44244.6,8.0,86.637,0.85,,7,-11.511,2,60,13,1697,0.4973
11.118,11.664,0.0,22589.4,8.0,86.888,0.9,,6,-54.821,2,60,13,1280,0.4938
11.158,12.239,0.0,112930.0,8.0,69.895,0.95,,8,125.86,2,60,13,921,0.5103
11.666,12.484,0.0,73121.7,8.0,56.579,1.0,,5,46.243,2,60,13,683,0.5139
9.927,8.849,0.0,6177.2,8.0,94.824,0.8,,1,-87.646,3,60,4,753,0.4927
10.618,10.453,0.0,6155.5,8.0,93.869,0.85,,3,-87.689,3,60,8,960,0.4875
9.981,8.999,0.0,6385.1,8.0,93.47,0.9,,1,-87.23,3,60,4,396,0.447
11.158,12.239,0.0,89353.3,8.0,84.432,0.95,,8,78.707,3,60,13,921,0.5103
11.666,12.484,0.0,48632.2,8.0,74.671,1.0,,5,-2.736,3,60,13,683,0.5139
9.868,9.052,0.0,4662.4,8.0,96.972,0.8,,1,-90.675,4,60,3,583,0.4854
9.818,9.169,0.0,4783.5,8.0,96.095,0.85,,1,-90.433,4,60,3,365,0.4521
10.114,9.301,0.0,4357.9,8.0,96.365,0.9,,1,-91.284,4,60,4,350,0.4486
11.158,12.239,0.0,48380.2,8.0,91.798,0.95,,7,-3.24,4,60,13,921,0.5103
11.666,12.484,0.0,25955.7,8.0,83.893,1.0,,5,-48.089,4,60,13,683,0.5139
9.827,9.114,0.0,3595.6,8.0,98.048,0.8,,1,-92.809,5,60,3,496,0.4859
9.851,9.256,0.0,3676.8,8.0,97.555,0.85,,1,-92.646,5,60,3,342,0.4561
9.93,9.473,0.0,3678.2,8.0,97.474,0.9,,1,-92.644,5,60,3,278,0.4388
10.282,9.637,0.0,3748.9,8.0,95.477,0.95,,0,-92.502,5,60,4,257,0.4475
11.666,12.484,0.0,18567.9,8.0,90.637,1.0,,5,-62.864,5,60,13,683,0.5139
9.766,9.092,0.0,3056.6,8.0,98.668,0.8,,1,-93.887,6,60,3,475,0.4926
9.589,9.088,0.0,3036.3,8.0,98.232,0.85,,1,-93.927,6,60,3,299,0.4582
9.942,9.429,0.0,3041.2,8.0,98.203,0.9,,1,-93.918,6,60,3,262,0.4466
10.319,9.632,0.0,2636.6,8.0,97.114,0.95,,0,-94.727,6,60,4,247,0.4534
11.666,12.484,0.0,5382.0,8.0,95.329,1.0,,5,-89.236,6,60,13,683,0.5139
9.528,9.076,0.0,2670.2,8.0,99.062,0.8,,1,-94.66,7,60,3,426,0.4906
9.598,9.084,0.0,2658.3,8.0,98.669,0.85,,1,-94.683,7,60,3,279,0.4659
9.594,9.335,0.0,2677.2,8.0,98.635,0.9,,1,-94.646,7,60,3,221,0.448
9.817,9.764,0.0,2692.6,8.0,97.347,0.95,,0,-94.615,7,60,3,191,0.445
11.403,12.605,0.0,2614.2,8.0,97.424,1.0,,3,-94.772,7,60,8,395,0.4987
9.492,8.709,0.0,2370.6,8.0,99.299,0.8,,1,-95.259,8,60,3,399,0.5063
9.639,9.192,0.0,2368.5,8.0,98.952,0.85,,1,-95.263,8,60,3,257,0.4786
9.529,9.335,0.0,2370.6,8.0,98.977,0.9,,1,-95.259,8,60,3,218,0.4541
9.784,9.694,0.0,2295.0,8.0,97.929,0.95,,0,-95.41,8,60,3,196,0.4388
10.132,9.393,0.0616,2389.5,8.0,97.774,1.0,,1,-95.221,8,60,4,201,0.4726
9.492,8.709,0.0,2370.6,8.0,99.299,0.8,,1,-95.259,9,60,3,399,0.5063
9.639,9.192,0.0,2368.5,8.0,98.952,0.85,,1,-95.263,9,60,3,257,0.4786
9.529,9.335,0.0,2370.6,8.0,98.977,0.9,,1,-95.259,9,60,3,218,0.4541
9.784,9.694,0.0,2295.0,8.0,97.929,0.95,,0,-95.41,9,60,3,196,0.4388
10.132,9.393,0.0616,2389.5,8.0,97.774,1.0,,1,-95.221,9,60,4,201,0.4726
9.492,8.709,0.0,2370.6,8.0,99.299,0.8,,1,-95.259,10,60,3,399,0.5063
9.639,9.192,0.0,2368.5,8.0,98.952,0.85,,1,-95.263,10,60,3,257,0.4786
9.529,9.335,0.0,2370.6,8.0,98.977,0.9,,1,-95.259,10,60,3,218,0.4541
9.784,9.694,0.0,2295.0,8.0,97.929,0.95,,0,-95.41,10,60,3,196,0.4388
10.132,9.393,0.0616,2389.5,8.0,97.774,1.0,,1,-95.221,10,60,4,201,0.4726
9.964,10.981,0.0,44410.5,8.5,56.227,0.8,,4,-11.179,1,5,13,2586,0.4811
9.978,11.153,0.0,51737.4,8.5,53.36,0.85,,7,3.475,1,5,13,1696,0.4782
10.217,11.233,0.0,40241.3,8.5,50.676,0.9,,6,-19.517,1,5,13,1282,0.4774
10.026,11.816,0.0,79479.1,8.5,37.601,0.95,,8,58.958,1,5,13,921,0.4919
10.547,11.988,0.0,74599.4,8.5,25.742,1.0,,8,49.199,1,5,13,682,0.5044
9.968,10.457,0.0115,10087.4,8.5,86.949,0.8,,2,-79.825,2,5,8,1557,0.4733
9.978,11.153,0.0,29560.0,8.5,83.797,0.85,,6,-40.88,2,5,13,1696,0.4782
10.217,11.233,0.0,29202.3,8.5,81.212,0.9,,6,-41.595,2,5,13,1282,0.4774
10.026,11.816,0.0,105501.6,8.5,69.219,0.95,,7,111.003,2,5,13,921,0.4919
10.547,11.988,0.0,93642.2,8.5,49.388,1.0,,6,87.284,2,5,13,682,0.5044
9.216,8.731,0.0,6792.5,8.5,92.8,0.8,,0,-86.415,3,5,4,755,0.4742
9.272,8.721,0.0,6589.5,8.5,91.238,0.85,,0,-86.821,3,5,4,514,0.4436
9.735,8.957,0.0,6741.4,8.5,91.109,0.9,,0,-86.517,3,5,4,359,0.4373
10.026,11.816,0.0,87504.6,8.5,82.895,0.95,,7,75.009,3,5,13,921,0.4919
10.547,11.988,0.0,95995.6,8.5,66.89,1.0,,6,91.991,3,5,13,682,0.5044
9.306,8.774,0.0,4949.4,8.5,95.481,0.8,,0,-90.101,4,5,4,712,0.4817
9.366,8.621,0.0,4978.8,8.5,94.042,0.85,,0,-90.042,4,5,3,361,0.4432
9.71,8.939,0.0,5095.0,8.5,94.123,0.9,,0,-89.81,4,5,4,350,0.44
10.026,11.816,0.0,94703.4,8.5,90.337,0.95,,7,89.407,4,5,13,921,0.4919
10.547,11.988,0.0,67695.3,8.5,79.989,1.0,,5,35.391,4,5,13,682,0.5044
9.356,8.805,0.0,3747.5,8.5,97.125,0.8,,0,-92.505,5,5,3,477,0.478
9.336,8.61,0.0,3902.2,8.5,95.852,0.85,,0,-92.196,5,5,3,292,0.4418
9.545,8.757,0.0,3896.6,8.5,96.093,0.9,,0,-92.207,5,5,3,278,0.4353
9.78,9.506,0.0,3998.1,8.5,95.047,0.95,,0,-92.004,5,5,4,256,0.4375
10.547,11.988,0.0,41983.6,8.5,86.922,1.0,,4,-16.033,5,5,13,682,0.5044
9.226,8.805,0.0,3308.6,8.5,97.75,0.8,,0,-93.383,6,5,3,474,0.481
9.352,8.694,0.0,3164.4,8.5,96.998,0.85,,0,-93.671,6,5,3,276,0.4565
9.529,8.681,0.0,3201.5,8.5,97.196,0.9,,0,-93.597,6,5,3,223,0.435
9.866,9.496,0.0,2878.1,8.5,96.734,0.95,,0,-94.244,6,5,4,245,0.4449
10.547,11.988,0.0,24331.7,8.5,91.817,1.0,,4,-51.337,6,5,13,682,0.5044
9.0,8.502,0.0,2733.2,8.5,98.342,0.8,,0,-94.534,7,5,3,404,0.4876
9.262,8.675,0.0,2894.2,8.5,97.584,0.85,,0,-94.212,7,5,3,268,0.459
9.418,8.76,0.0,2766.1,8.5,97.887,0.9,,0,-94.468,7,5,3,218,0.4404
9.559,9.518,0.0,2673.0,8.5,97.261,0.95,,0,-94.654,7,5,4,242,0.4421
10.547,11.988,0.0,9031.8,8.5,96.558,1.0,,5,-81.936,7,5,13,682,0.5044
9.002,8.502,0.0,2386.0,8.5,98.642,0.8,,0,-95.228,8,5,3,400,0.4925
9.275,8.825,0.0,2534.4,8.5,98.098,0.85,,0,-94.931,8,5,3,255,0.4627
9.278,8.736,0.0,2366.4,8.5,98.406,0.9,,0,-95.267,8,5,3,208,0.4471
9.866,9.496,0.0,1760.2,8.5,98.336,0.95,,0,-96.48,8,5,4,245,0.4449
10.721,12.618,0.0422,2097.6,8.5,97.824,1.0,,2,-95.805,8,5,7,352,0.4886
8.951,8.242,0.0,2259.3,8.5,98.757,0.8,,0,-95.481,9,5,2,354,0.4972
9.285,8.416,0.0,2372.0,8.5,98.321,0.85,,0,-95.256,9,5,2,224,0.4688
9.288,8.736,0.0,2376.2,8.5,98.494,0.9,,0,-95.248,9,5,3,206,0.4515
9.528,9.589,0.0,2397.9,8.5,97.836,0.95,,0,-95.204,9,5,4,240,0.4417
9.474,9.05,0.0,2352.4,8.5,97.665,1.0,,0,-95.295,9,5,5,219,0.4612
8.951,8.242,0.0,2259.3,8.5,98.757,0.8,,0,-95.481,10,5,2,354,0.4972
9.285,8.416,0.0,2372.0,8.5,98.321,0.85,,0,-95.256,10,5,2,224,0.4688
9.288,8.736,0.0,2376.2,8.5,98.494,0.9,,0,-95.248,10,5,3,206,0.4515
9.528,9.589,0.0,2397.9,8.5,97.836,0.95,,0,-95.204,10,5,4,240,0.4417
9.474,9.05,0.0,2352.4,8.5,97.665,1.0,,0,-95.295,10,5,5,219,0.4612
10.916,11.208,0.0,76563.6,8.5,57.244,0.8,,6,53.127,1,10,13,2562,0.5059
10.969,11.124,0.0,51632.4,8.5,52.884,0.85,,8,3.265,1,10,13,1686,0.5036
11.234,11.248,0.0,43716.1,8.5,53.081,0.9,,7,-12.568,1,10,13,1277,0.5035
11.012,11.738,0.0,85364.0,8.5,37.706,0.95,,7,70.728,1,10,13,919,0.5169
11.423,11.87,0.0,74935.4,8.5,27.917,1.0,,7,49.871,1,10,13,681,0.5242
10.924,10.431,0.0121,9986.6,8.5,87.603,0.8,,2,-80.027,2,10,8,1543,0.4964
10.969,11.124,0.0,28696.9,8.5,83.798,0.85,,7,-42.606,2,10,13,1686,0.5036
11.234,11.248,0.0,26081.7,8.5,83.096,0.9,,5,-47.837,2,10,13,1277,0.5035
11.012,11.738,0.0,108246.3,8.5,69.111,0.95,,7,116.493,2,10,13,919,0.5169
11.423,11.87,0.0,88682.7,8.5,54.325,1.0,,5,77.365,2,10,13,681,0.5242
10.219,8.747,0.0895,6717.6,8.5,93.468,0.8,,1,-86.565,3,10,4,747,0.4993
10.426,8.912,0.0,6678.4,8.5,92.08,0.85,,0,-86.643,3,10,4,470,0.4702
10.636,9.032,0.0,6610.5,8.5,92.521,0.9,,0,-86.779,3,10,4,358,0.4581
11.012,11.738,0.0,95834.6,8.5,84.363,0.95,,7,91.669,3,10,13,919,0.5169
11.423,11.87,0.0,80419.9,8.5,71.629,1.0,,4,60.84,3,10,13,681,0.5242
10.243,8.835,0.0,5055.8,8.5,96.157,0.8,,0,-89.888,4,10,4,707,0.5035
10.319,8.809,0.0,4882.9,8.5,95.129,0.85,,0,-90.234,4,10,3,360,0.4639
10.417,9.026,0.0,4998.4,8.5,95.261,0.9,,0,-90.003,4,10,4,345,0.4609
11.012,11.738,0.0,67297.0,8.5,91.841,0.95,,6,34.594,4,10,13,919,0.5169
11.423,11.87,0.0,66226.7,8.5,81.909,1.0,,5,32.453,4,10,13,681,0.5242
10.167,8.97,0.0,3936.5,8.5,97.526,0.8,,0,-92.127,5,10,3,473,0.4968
10.102,8.874,0.0,4012.1,8.5,96.629,0.85,,0,-91.976,5,10,3,297,0.4646
10.489,8.917,0.0,3846.9,8.5,97.0,0.9,,0,-92.306,5,10,3,262,0.458
10.628,9.319,0.0,4001.6,8.5,95.043,0.95,,0,-91.997,5,10,4,256,0.4531
11.423,11.87,0.0,29203.0,8.5,90.418,1.0,,3,-41.594,5,10,13,681,0.5242
10.066,8.97,0.0,3114.7,8.5,98.371,0.8,,0,-93.771,6,10,3,471,0.4989
10.13,8.913,0.0,3248.4,8.5,97.711,0.85,,0,-93.503,6,10,3,280,0.4714
10.187,8.98,0.0,3313.5,8.5,97.837,0.9,,0,-93.373,6,10,3,225,0.4489
10.373,9.323,0.0,3280.6,8.5,96.277,0.95,,0,-93.439,6,10,4,242,0.4587
11.423,11.87,0.0,14034.0,8.5,94.618,1.0,,3,-71.932,6,10,13,681,0.5242
9.814,8.651,0.0,2868.3,8.5,98.698,0.8,,0,-94.263,7,10,3,399,0.5088
9.996,8.918,0.0,2694.7,8.5,98.377,0.85,,0,-94.611,7,10,3,263,0.4791
10.116,9.058,0.0,2841.7,8.5,98.429,0.9,,0,-94.317,7,10,3,218,0.4587
10.086,8.977,0.0,2836.8,8.5,97.094,0.95,,0,-94.326,7,10,3,182,0.4505
11.69,12.5,0.0869,2899.8,8.5,96.78,1.0,,2,-94.2,7,10,7,355,0.507
9.818,8.651,0.0,2360.8,8.5,99.083,0.8,,0,-95.278,8,10,3,398,0.5101
10.173,8.992,0.0,2252.3,8.5,98.839,0.85,,0,-95.495,8,10,3,256,0.4844
9.957,9.044,0.0,2525.3,8.5,98.83,0.9,,0,-94.949,8,10,3,207,0.4686
10.2,9.172,0.0,2547.0,8.5,97.592,0.95,,0,-94.906,8,10,3,196,0.449
10.45,9.302,0.0,2417.5,8.5,97.493,1.0,,0,-95.165,8,10,4,206,0.4709
9.838,8.613,0.0,2358.7,8.5,99.153,0.8,,0,-95.283,9,10,2,329,0.5106
10.123,8.71,0.0,2324.4,8.5,98.878,0.85,,0,-95.351,9,10,2,223,0.4888
9.998,9.044,0.0,2311.8,8.5,99.002,0.9,,0,-95.376,9,10,3,206,0.4709
9.637,9.074,0.0,2346.1,8.5,97.883,0.95,,0,-95.308,9,10,3,155,0.4258
10.485,9.435,0.0,2227.8,8.5,97.788,1.0,,0,-95.544,9,10,4,194,0.4742
9.838,8.613,0.0,2358.7,8.5,99.153,0.8,,0,-95.283,10,10,2,329,0.5106
10.123,8.71,0.0,2324.4,8.5,98.878,0.85,,0,-95.351,10,10,2,223,0.4888
9.998,9.044,0.0,2311.8,8.5,99.002,0.9,,0,-95.376,10,10,3,206,0.4709
9.637,9.074,0.0,2346.1,8.5,97.883,0.95,,0,-95.308,10,10,3,155,0.4258
10.485,9.435,0.0,2227.8,8.5,97.788,1.0,,0,-95.544,10,10,4,194,0.4742
11.264,11.351,0.0,65726.2,8.5,57.19,0.8,,6,31.452,1,15,13,2558,0.5094
11.299,11.378,0.0,54056.5,8.5,49.478,0.85,,7,8.113,1,15,13,1685,0.5086
11.65,11.585,0.0,43658.7,8.5,51.066,0.9,,7,-12.683,1,15,13,1276,0.5086
11.541,12.145,0.0,83277.3,8.5,37.859,0.95,,8,66.555,1,15,13,918,0.5229
12.105,12.408,0.0,74480.4,8.5,27.629,1.0,,6,48.961,1,15,13,680,0.5279
11.03,10.439,0.0,10032.8,8.5,88.029,0.8,,2,-79.934,2,15,8,1541,0.4997
11.299,11.378,0.0,44284.5,8.5,80.996,0.85,,7,-11.431,2,15,13,1685,0.5086
11.65,11.585,0.0,34009.2,8.5,81.221,0.9,,7,-31.982,2,15,13,1276,0.5086
11.541,12.145,0.0,107620.5,8.5,67.927,0.95,,7,115.241,2,15,13,918,0.5229
12.105,12.408,0.0,89677.4,8.5,51.696,1.0,,5,79.355,2,15,13,680,0.5279
10.33,8.867,0.0317,6797.4,8.5,93.599,0.8,,1,-86.405,3,15,4,743,0.5034
10.372,8.86,0.0328,6670.7,8.5,92.688,0.85,,1,-86.659,3,15,4,520,0.4788
10.506,8.994,0.0738,6755.4,8.5,92.539,0.9,,1,-86.489,3,15,4,397,0.461
11.541,12.145,0.0,105759.2,8.5,81.953,0.95,,7,111.518,3,15,13,918,0.5229
12.105,12.408,0.0,67668.0,8.5,71.001,1.0,,5,35.336,3,15,13,680,0.5279
10.345,8.927,0.0098,5027.1,8.5,96.274,0.8,,1,-89.946,4,15,4,725,0.5062
10.49,9.071,0.0,4189.2,8.5,96.113,0.85,,1,-91.622,4,15,4,454,0.478
10.476,9.278,0.0,5041.1,8.5,95.235,0.9,,0,-89.918,4,15,4,345,0.4667
11.541,12.145,0.0,58794.1,8.5,90.664,0.95,,6,17.588,4,15,13,918,0.5229
12.105,12.408,0.0,49019.3,8.5,80.618,1.0,,5,-1.961,4,15,13,680,0.5279
10.273,9.127,0.0,3843.4,8.5,97.548,0.8,,0,-92.313,5,15,3,493,0.499
10.426,9.184,0.0,3819.6,8.5,96.917,0.85,,0,-92.361,5,15,3,341,0.4721
10.479,9.415,0.0,3879.1,8.5,96.974,0.9,,0,-92.242,5,15,4,335,0.4657
10.54,9.173,0.0,3841.3,8.5,95.241,0.95,,0,-92.317,5,15,5,296,0.4662
12.105,12.408,0.0,27829.6,8.5,88.045,1.0,,5,-44.341,5,15,13,680,0.5279
10.266,9.142,0.0,2850.8,8.5,98.485,0.8,,0,-94.298,6,15,3,473,0.5011
10.176,9.083,0.0,3225.3,8.5,97.755,0.85,,0,-93.549,6,15,3,297,0.4714
10.234,9.196,0.0,3303.7,8.5,97.843,0.9,,0,-93.393,6,15,3,227,0.4493
10.73,9.654,0.0,3216.2,8.5,96.35,0.95,,0,-93.568,6,15,4,246,0.4675
12.105,12.408,0.0,10660.0,8.5,94.503,1.0,,4,-78.68,6,15,13,680,0.5279
9.918,8.761,0.0,2747.9,8.5,98.728,0.8,,0,-94.504,7,15,3,399,0.5113
10.046,9.092,0.0,2901.9,8.5,98.253,0.85,,0,-94.196,7,15,3,263,0.4829
10.195,9.276,0.0,2774.5,8.5,98.466,0.9,,0,-94.451,7,15,3,220,0.4591
10.329,9.642,0.0,2814.4,8.5,97.117,0.95,,0,-94.371,7,15,4,212,0.4623
12.105,12.408,0.0,4479.0,8.5,96.453,1.0,,5,-91.042,7,15,13,680,0.5279
9.926,8.761,0.0,2442.7,8.5,99.027,0.8,,0,-95.115,8,15,3,397,0.5139
10.226,9.168,0.0,2421.7,8.5,98.752,0.85,,0,-95.157,8,15,3,256,0.4883
10.107,9.276,0.0,2524.6,8.5,98.83,0.9,,0,-94.951,8,15,3,215,0.4698
10.141,9.501,0.0,2455.3,8.5,97.679,0.95,,0,-95.089,8,15,3,193,0.4611
11.746,12.632,0.0478,2362.2,8.5,97.55,1.0,,2,-95.276,8,15,7,352,0.5114
9.929,8.746,0.0,2324.4,8.5,99.146,0.8,,0,-95.351,9,15,2,329,0.5137
10.127,9.207,0.0,2395.1,8.5,98.844,0.85,,0,-95.21,9,15,3,254,0.4882
10.131,9.276,0.0,2172.5,8.5,99.062,0.9,,0,-95.655,9,15,3,216,0.4676
10.153,9.462,0.0,2159.9,8.5,98.051,0.95,,0,-95.68,9,15,3,182,0.4615
10.55,9.606,0.0,2282.4,8.5,97.734,1.0,,0,-95.435,9,15,4,200,0.48
9.929,8.746,0.0,2324.4,8.5,99.146,0.8,,0,-95.351,10,15,2,329,0.5137
10.127,9.207,0.0,2395.1,8.5,98.844,0.85,,0,-95.21,10,15,3,254,0.4882
10.131,9.276,0.0,2172.5,8.5,99.062,0.9,,0,-95.655,10,15,3,216,0.4676
10.153,9.462,0.0,2159.9,8.5,98.051,0.95,,0,-95.68,10,15,3,182,0.4615
10.55,9.606,0.0,2282.4,8.5,97.734,1.0,,0,-95.435,10,15,4,200,0.48
11.285,11.368,0.0,65596.0,8.5,55.906,0.8,,6,31.192,1,20,13,2558,0.5102
11.318,11.402,0.0,54191.6,8.5,47.946,0.85,,7,8.383,1,20,13,1685,0.5098
11.649,11.585,0.0,43665.7,8.5,51.054,0.9,,7,-12.669,1,20,13,1276,0.5086
11.541,12.145,0.0,83277.3,8.5,37.859,0.95,,8,66.555,1,20,13,918,0.5229
12.105,12.408,0.0,74480.4,8.5,27.629,1.0,,6,48.961,1,20,13,680,0.5279
11.064,10.47,0.0,9989.4,8.5,88.08,0.8,,2,-80.021,2,20,8,1541,0.501
11.318,11.402,0.0,44285.2,8.5,81.122,0.85,,7,-11.43,2,20,13,1685,0.5098
11.649,11.585,0.0,33417.0,8.5,81.211,0.9,,7,-33.166,2,20,13,1276,0.5086
11.541,12.145,0.0,107620.5,8.5,67.927,0.95,,7,115.241,2,20,13,918,0.5229
12.105,12.408,0.0,89677.4,8.5,51.696,1.0,,5,79.355,2,20,13,680,0.5279
10.372,8.904,0.0319,6779.9,8.5,93.616,0.8,,1,-86.44,3,20,4,747,0.5047
10.392,8.935,0.0333,6593.7,8.5,92.773,0.85,,1,-86.813,3,20,4,523,0.4799
10.505,8.994,0.0738,6762.4,8.5,92.531,0.9,,1,-86.475,3,20,4,397,0.461
11.541,12.145,0.0,105759.2,8.5,81.953,0.95,,7,111.518,3,20,13,918,0.5229
12.105,12.408,0.0,67668.0,8.5,71.001,1.0,,5,35.336,3,20,13,680,0.5279
10.406,9.006,0.0101,4910.9,8.5,96.36,0.8,,1,-90.178,4,20,4,728,0.5069
10.511,9.178,0.0,5099.9,8.5,95.268,0.85,,1,-89.8,4,20,4,454,0.4802
10.476,9.278,0.0,5041.1,8.5,95.235,0.9,,0,-89.918,4,20,4,345,0.4667
11.541,12.145,0.0,58794.1,8.5,90.664,0.95,,6,17.588,4,20,13,918,0.5229
12.105,12.408,0.0,49019.3,8.5,80.618,1.0,,5,-1.961,4,20,13,680,0.5279
10.293,9.127,0.0,3720.9,8.5,97.626,0.8,,0,-92.558,5,20,3,493,0.499
10.426,9.184,0.0,3819.6,8.5,96.917,0.85,,0,-92.361,5,20,3,341,0.4721
10.479,9.415,0.0,3879.1,8.5,96.974,0.9,,0,-92.242,5,20,4,335,0.4657
10.54,9.173,0.0,3841.3,8.5,95.241,0.95,,0,-92.317,5,20,5,296,0.4662
12.105,12.408,0.0,27829.6,8.5,88.045,1.0,,5,-44.341,5,20,13,680,0.5279
10.266,9.142,0.0,2850.8,8.5,98.485,0.8,,0,-94.298,6,20,3,473,0.5011
10.176,9.083,0.0,3225.3,8.5,97.755,0.85,,0,-93.549,6,20,3,297,0.4714
10.234,9.196,0.0,3303.7,8.5,97.843,0.9,,0,-93.393,6,20,3,227,0.4493
10.73,9.654,0.0,3216.2,8.5,96.35,0.95,,0,-93.568,6,20,4,246,0.4675
12.105,12.408,0.0,10660.0,8.5,94.503,1.0,,4,-78.68,6,20,13,680,0.5279
9.918,8.761,0.0,2747.9,8.5,98.728,0.8,,0,-94.504,7,20,3,399,0.5113
10.046,9.092,0.0,2901.9,8.5,98.253,0.85,,0,-94.196,7,20,3,263,0.4829
10.195,9.276,0.0,2774.5,8.5,98.466,0.9,,0,-94.451,7,20,3,220,0.4591
10.329,9.642,0.0,2814.4,8.5,97.117,0.95,,0,-94.371,7,20,4,212,0.4623
12.105,12.408,0.0,4479.0,8.5,96.453,1.0,,5,-91.042,7,20,13,680,0.5279
9.926,8.761,0.0,2442.7,8.5,99.027,0.8,,0,-95.115,8,20,3,397,0.5139
10.226,9.168,0.0,2421.7,8.5,98.752,0.85,,0,-95.157,8,20,3,256,0.4883
10.107,9.276,0.0,2524.6,8.5,98.83,0.9,,0,-94.951,8,20,3,215,0.4698
10.141,9.501,0.0,2455.3,8.5,97.679,0.95,,0,-95.089,8,20,3,193,0.4611
11.746,12.632,0.0478,2362.2,8.5,97.55,1.0,,2,-95.276,8,20,7,352,0.5114
9.929,8.746,0.0,2324.4,8.5,99.146,0.8,,0,-95.351,9,20,2,329,0.5137
10.127,9.207,0.0,2395.1,8.5,98.844,0.85,,0,-95.21,9,20,3,254,0.4882
10.131,9.276,0.0,2172.5,8.5,99.062,0.9,,0,-95.655,9,20,3,216,0.4676
10.153,9.462,0.0,2159.9,8.5,98.051,0.95,,0,-95.68,9,20,3,182,0.4615
10.55,9.606,0.0,2282.4,8.5,97.734,1.0,,0,-95.435,9,20,4,200,0.48
9.929,8.746,0.0,2324.4,8.5,99.146,0.8,,0,-95.351,10,20,2,329,0.5137
10.127,9.207,0.0,2395.1,8.5,98.844,0.85,,0,-95.21,10,20,3,254,0.4882
10.131,9.276,0.0,2172.5,8.5,99.062,0.9,,0,-95.655,10,20,3,216,0.4676
10.153,9.462,0.0,2159.9,8.5,98.051,0.95,,0,-95.68,10,20,3,182,0.4615
10.55,9.606,0.0,2282.4,8.5,97.734,1.0,,0,-95.435,10,20,4,200,0.48
11.294,11.368,0.0,65717.1,8.5,56.093,0.8,,6,31.434,1,25,13,2558,0.5102
11.328,11.402,0.0,54204.2,8.5,48.297,0.85,,7,8.408,1,25,13,1685,0.5098
11.663,11.585,0.0,43648.9,8.5,51.407,0.9,,7,-12.702,1,25,13,1276,0.5086
11.541,12.145,0.0,83277.3,8.5,37.859,0.95,,8,66.555,1,25,13,918,0.5229
12.105,12.408,0.0,74480.4,8.5,27.629,1.0,,6,48.961,1,25,13,680,0.5279
11.177,10.539,0.0,9600.2,8.5,88.545,0.8,,2,-80.8,2,25,8,1575,0.501
11.328,11.402,0.0,44294.3,8.5,81.11,0.85,,7,-11.411,2,25,13,1685,0.5098
11.663,11.585,0.0,33969.3,8.5,81.501,0.9,,7,-32.061,2,25,13,1276,0.5086
11.541,12.145,0.0,107620.5,8.5,67.927,0.95,,7,115.241,2,25,13,918,0.5229
12.105,12.408,0.0,89677.4,8.5,51.696,1.0,,5,79.355,2,25,13,680,0.5279
10.377,8.904,0.0317,6710.6,8.5,93.681,0.8,,1,-86.579,3,25,4,747,0.5047
10.424,8.935,0.0331,6634.3,8.5,92.728,0.85,,1,-86.731,3,25,4,522,0.4808
10.552,8.994,0.0737,6772.2,8.5,92.52,0.9,,1,-86.456,3,25,4,396,0.4621
11.541,12.145,0.0,105759.2,8.5,81.953,0.95,,7,111.518,3,25,13,918,0.5229
12.105,12.408,0.0,67668.0,8.5,71.001,1.0,,5,35.336,3,25,13,680,0.5279
10.396,8.991,0.0088,5062.8,8.5,96.247,0.8,,1,-89.874,4,25,4,725,0.5076
10.511,9.178,0.0,5099.9,8.5,95.268,0.85,,1,-89.8,4,25,4,454,0.4802
10.476,9.278,0.0,5041.1,8.5,95.235,0.9,,0,-89.918,4,25,4,345,0.4667
11.541,12.145,0.0,58794.1,8.5,90.664,0.95,,6,17.588,4,25,13,918,0.5229
12.105,12.408,0.0,49019.3,8.5,80.618,1.0,,5,-1.961,4,25,13,680,0.5279
10.278,9.127,0.0,4061.1,8.5,97.409,0.8,,0,-91.878,5,25,3,492,0.5
10.426,9.184,0.0,3819.6,8.5,96.917,0.85,,0,-92.361,5,25,3,341,0.4721
10.479,9.415,0.0,3879.1,8.5,96.974,0.9,,0,-92.242,5,25,4,335,0.4657
10.54,9.173,0.0,3841.3,8.5,95.241,0.95,,0,-92.317,5,25,5,296,0.4662
12.105,12.408,0.0,27829.6,8.5,88.045,1.0,,5,-44.341,5,25,13,680,0.5279
10.266,9.142,0.0,2850.8,8.5,98.485,0.8,,0,-94.298,6,25,3,473,0.5011
10.176,9.083,0.0,3225.3,8.5,97.755,0.85,,0,-93.549,6,25,3,297,0.4714
10.234,9.196,0.0,3303.7,8.5,97.843,0.9,,0,-93.393,6,25,3,227,0.4493
10.73,9.654,0.0,3216.2,8.5,96.35,0.95,,0,-93.568,6,25,4,246,0.4675
12.105,12.408,0.0,10660.0,8.5,94.503,1.0,,4,-78.68,6,25,13,680,0.5279
9.918,8.761,0.0,2747.9,8.5,98.728,0.8,,0,-94.504,7,25,3,399,0.5113
10.046,9.092,0.0,2901.9,8.5,98.253,0.85,,0,-94.196,7,25,3,263,0.4829
10.195,9.276,0.0,2774.5,8.5,98.466,0.9,,0,-94.451,7,25,3,220,0.4591
10.329,9.642,0.0,2814.4,8.5,97.117,0.95,,0,-94.371,7,25,4,212,0.4623
12.105,12.408,0.0,4479.0,8.5,96.453,1.0,,5,-91.042,7,25,13,680,0.5279
9.926,8.761,0.0,2442.7,8.5,99.027,0.8,,0,-95.115,8,25,3,397,0.5139
10.226,9.168,0.0,2421.7,8.5,98.752,0.85,,0,-95.157,8,25,3,256,0.4883
10.107,9.276,0.0,2524.6,8.5,98.83,0.9,,0,-94.951,8,25,3,215,0.4698
10.141,9.501,0.0,2455.3,8.5,97.679,0.95,,0,-95.089,8,25,3,193,0.4611
11.746,12.632,0.0478,2362.2,8.5,97.55,1.0,,2,-95.276,8,25,7,352,0.5114
9.929,8.746,0.0,2324.4,8.5,99.146,0.8,,0,-95.351,9,25,2,329,0.5137
10.127,9.207,0.0,2395.1,8.5,98.844,0.85,,0,-95.21,9,25,3,254,0.4882
10.131,9.276,0.0,2172.5,8.5,99.062,0.9,,0,-95.655,9,25,3,216,0.4676
10.153,9.462,0.0,2159.9,8.5,98.051,0.95,,0,-95.68,9,25,3,182,0.4615
10.55,9.606,0.0,2282.4,8.5,97.734,1.0,,0,-95.435,9,25,4,200,0.48
9.929,8.746,0.0,2324.4,8.5,99.146,0.8,,0,-95.351,10,25,2,329,0.5137
10.127,9.207,0.0,2395.1,8.5,98.844,0.85,,0,-95.21,10,25,3,254,0.4882
10.131,9.276,0.0,2172.5,8.5,99.062,0.9,,0,-95.655,10,25,3,216,0.4676
10.153,9.462,0.0,2159.9,8.5,98.051,0.95,,0,-95.68,10,25,3,182,0.4615
10.55,9.606,0.0,2282.4,8.5,97.734,1.0,,0,-95.435,10,25,4,200,0.48
11.294,11.368,0.0,65717.1,8.5,56.093,0.8,,6,31.434,1,30,13,2558,0.5102
11.328,11.402,0.0,54204.2,8.5,48.297,0.85,,7,8.408,1,30,13,1685,0.5098
11.663,11.585,0.0,43648.9,8.5,51.407,0.9,,7,-12.702,1,30,13,1276,0.5086
11.541,12.145,0.0,83277.3,8.5,37.859,0.95,,8,66.555,1,30,13,918,0.5229
12.105,12.408,0.0,74480.4,8.5,27.629,1.0,,6,48.961,1,30,13,680,0.5279
11.177,10.539,0.0,9600.2,8.5,88.545,0.8,,2,-80.8,2,30,8,1575,0.501
11.328,11.402,0.0,44294.3,8.5,81.11,0.85,,7,-11.411,2,30,13,1685,0.5098
11.663,11.585,0.0,33969.3,8.5,81.501,0.9,,7,-32.061,2,30,13,1276,0.5086
11.541,12.145,0.0,107620.5,8.5,67.927,0.95,,7,115.241,2,30,13,918,0.5229
12.105,12.408,0.0,89677.4,8.5,51.696,1.0,,5,79.355,2,30,13,680,0.5279
10.377,8.904,0.0317,6710.6,8.5,93.681,0.8,,1,-86.579,3,30,4,747,0.5047
10.424,8.935,0.0331,6634.3,8.5,92.728,0.85,,1,-86.731,3,30,4,522,0.4808
10.552,8.994,0.0737,6772.2,8.5,92.52,0.9,,1,-86.456,3,30,4,396,0.4621
11.541,12.145,0.0,105759.2,8.5,81.953,0.95,,7,111.518,3,30,13,918,0.5229
12.105,12.408,0.0,67668.0,8.5,71.001,1.0,,5,35.336,3,30,13,680,0.5279
10.396,8.991,0.0088,5062.8,8.5,96.247,0.8,,1,-89.874,4,30,4,725,0.5076
10.511,9.178,0.0,5099.9,8.5,95.268,0.85,,1,-89.8,4,30,4,454,0.4802
10.476,9.278,0.0,5041.1,8.5,95.235,0.9,,0,-89.918,4,30,4,345,0.4667
11.541,12.145,0.0,58794.1,8.5,90.664,0.95,,6,17.588,4,30,13,918,0.5229
12.105,12.408,0.0,49019.3,8.5,80.618,1.0,,5,-1.961,4,30,13,680,0.5279
10.278,9.127,0.0,4061.1,8.5,97.409,0.8,,0,-91.878,5,30,3,492,0.5
10.426,9.184,0.0,3819.6,8.5,96.917,0.85,,0,-92.361,5,30,3,341,0.4721
10.479,9.415,0.0,3879.1,8.5,96.974,0.9,,0,-92.242,5,30,4,335,0.4657
10.54,9.173,0.0,3841.3,8.5,95.241,0.95,,0,-92.317,5,30,5,296,0.4662
12.105,12.408,0.0,27829.6,8.5,88.045,1.0,,5,-44.341,5,30,13,680,0.5279
10.266,9.142,0.0,2850.8,8.5,98.485,0.8,,0,-94.298,6,30,3,473,0.5011
10.176,9.083,0.0,3225.3,8.5,97.755,0.85,,0,-93.549,6,30,3,297,0.4714
10.234,9.196,0.0,3303.7,8.5,97.843,0.9,,0,-93.393,6,30,3,227,0.4493
10.73,9.654,0.0,3216.2,8.5,96.35,0.95,,0,-93.568,6,30,4,246,0.4675
12.105,12.408,0.0,10660.0,8.5,94.503,1.0,,4,-78.68,6,30,13,680,0.5279
9.918,8.761,0.0,2747.9,8.5,98.728,0.8,,0,-94.504,7,30,3,399,0.5113
10.046,9.092,0.0,2901.9,8.5,98.253,0.85,,0,-94.196,7,30,3,263,0.4829
10.195,9.276,0.0,2774.5,8.5,98.466,0.9,,0,-94.451,7,30,3,220,0.4591
10.329,9.642,0.0,2814.4,8.5,97.117,0.95,,0,-94.371,7,30,4,212,0.4623
12.105,12.408,0.0,4479.0,8.5,96.453,1.0,,5,-91.042,7,30,13,680,0.5279
9.926,8.761,0.0,2442.7,8.5,99.027,0.8,,0,-95.115,8,30,3,397,0.5139
10.226,9.168,0.0,2421.7,8.5,98.752,0.85,,0,-95.157,8,30,3,256,0.4883
10.107,9.276,0.0,2524.6,8.5,98.83,0.9,,0,-94.951,8,30,3,215,0.4698
10.141,9.501,0.0,2455.3,8.5,97.679,0.95,,0,-95.089,8,30,3,193,0.4611
11.746,12.632,0.0478,2362.2,8.5,97.55,1.0,,2,-95.276,8,30,7,352,0.5114
9.929,8.746,0.0,2324.4,8.5,99.146,0.8,,0,-95.351,9,30,2,329,0.5137
10.127,9.207,0.0,2395.1,8.5,98.844,0.85,,0,-95.21,9,30,3,254,0.4882
10.131,9.276,0.0,2172.5,8.5,99.062,0.9,,0,-95.655,9,30,3,216,0.4676
10.153,9.462,0.0,2159.9,8.5,98.051,0.95,,0,-95.68,9,30,3,182,0.4615
10.55,9.606,0.0,2282.4,8.5,97.734,1.0,,0,-95.435,9,30,4,200,0.48
9.929,8.746,0.0,2324.4,8.5,99.146,0.8,,0,-95.351,10,30,2,329,0.5137
10.127,9.207,0.0,2395.1,8.5,98.844,0.85,,0,-95.21,10,30,3,254,0.4882
10.131,9.276,0.0,2172.5,8.5,99.062,0.9,,0,-95.655,10,30,3,216,0.4676
10.153,9.462,0.0,2159.9,8.5,98.051,0.95,,0,-95.68,10,30,3,182,0.4615
10.55,9.606,0.0,2282.4,8.5,97.734,1.0,,0,-95.435,10,30,4,200,0.48
11.294,11.368,0.0,65717.1,8.5,56.093,0.8,,6,31.434,1,35,13,2558,0.5102
11.328,11.402,0.0,54204.2,8.5,48.297,0.85,,7,8.408,1,35,13,1685,0.5098
11.663,11.585,0.0,43648.9,8.5,51.407,0.9,,7,-12.702,1,35,13,1276,0.5086
11.541,12.145,0.0,83277.3,8.5,37.859,0.95,,8,66.555,1,35,13,918,0.5229
12.105,12.408,0.0,74480.4,8.5,27.629,1.0,,6,48.961,1,35,13,680,0.5279
11.177,10.539,0.0,9600.2,8.5,88.545,0.8,,2,-80.8,2,35,8,1575,0.501
11.328,11.402,0.0,44294.3,8.5,81.11,0.85,,7,-11.411,2,35,13,1685,0.5098
11.663,11.585,0.0,33969.3,8.5,81.501,0.9,,7,-32.061,2,35,13,1276,0.5086
11.541,12.145,0.0,107620.5,8.5,67.927,0.95,,7,115.241,2,35,13,918,0.5229
12.105,12.408,0.0,89677.4,8.5,51.696,1.0,,5,79.355,2,35,13,680,0.5279
10.377,8.904,0.0317,6710.6,8.5,93.681,0.8,,1,-86.579,3,35,4,747,0.5047
10.424,8.935,0.0331,6634.3,8.5,92.728,0.85,,1,-86.731,3,35,4,522,0.4808
10.552,8.994,0.0737,6772.2,8.5,92.52,0.9,,1,-86.456,3,35,4,396,0.4621
11.541,12.145,0.0,105759.2,8.5,81.953,0.95,,7,111.518,3,35,13,918,0.5229
12.105,12.408,0.0,67668.0,8.5,71.001,1.0,,5,35.336,3,35,13,680,0.5279
10.396,8.991,0.0088,5062.8,8.5,96.247,0.8,,1,-89.874,4,35,4,725,0.5076
10.511,9.178,0.0,5099.9,8.5,95.268,0.85,,1,-89.8,4,35,4,454,0.4802
10.476,9.278,0.0,5041.1,8.5,95.235,0.9,,0,-89.918,4,35,4,345,0.4667
11.541,12.145,0.0,58794.1,8.5,90.664,0.95,,6,17.588,4,35,13,918,0.5229
12.105,12.408,0.0,49019.3,8.5,80.618,1.0,,5,-1.961,4,35,13,680,0.5279
10.278,9.127,0.0,4061.1,8.5,97.409,0.8,,0,-91.878,5,35,3,492,0.5
10.426,9.184,0.0,3819.6,8.5,96.917,0.85,,0,-92.361,5,35,3,341,0.4721
10.479,9.415,0.0,3879.1,8.5,96.974,0.9,,0,-92.242,5,35,4,335,0.4657
10.54,9.173,0.0,3841.3,8.5,95.241,0.95,,0,-92.317,5,35,5,296,0.4662
12.105,12.408,0.0,27829.6,8.5,88.045,1.0,,5,-44.341,5,35,13,680,0.5279
10.266,9.142,0.0,2850.8,8.5,98.485,0.8,,0,-94.298,6,35,3,473,0.5011
10.176,9.083,0.0,3225.3,8.5,97.755,0.85,,0,-93.549,6,35,3,297,0.4714
10.234,9.196,0.0,3303.7,8.5,97.843,0.9,,0,-93.393,6,35,3,227,0.4493
10.73,9.654,0.0,3216.2,8.5,96.35,0.95,,0,-93.568,6,35,4,246,0.4675
12.105,12.408,0.0,10660.0,8.5,94.503,1.0,,4,-78.68,6,35,13,680,0.5279
9.918,8.761,0.0,2747.9,8.5,98.728,0.8,,0,-94.504,7,35,3,399,0.5113
10.046,9.092,0.0,2901.9,8.5,98.253,0.85,,0,-94.196,7,35,3,263,0.4829
10.195,9.276,0.0,2774.5,8.5,98.466,0.9,,0,-94.451,7,35,3,220,0.4591
10.329,9.642,0.0,2814.4,8.5,97.117,0.95,,0,-94.371,7,35,4,212,0.4623
12.105,12.408,0.0,4479.0,8.5,96.453,1.0,,5,-91.042,7,35,13,680,0.5279
9.926,8.761,0.0,2442.7,8.5,99.027,0.8,,0,-95.115,8,35,3,397,0.5139
10.226,9.168,0.0,2421.7,8.5,98.752,0.85,,0,-95.157,8,35,3,256,0.4883
10.107,9.276,0.0,2524.6,8.5,98.83,0.9,,0,-94.951,8,35,3,215,0.4698
10.141,9.501,0.0,2455.3,8.5,97.679,0.95,,0,-95.089,8,35,3,193,0.4611
11.746,12.632,0.0478,2362.2,8.5,97.55,1.0,,2,-95.276,8,35,7,352,0.5114
9.929,8.746,0.0,2324.4,8.5,99.146,0.8,,0,-95.351,9,35,2,329,0.5137
10.127,9.207,0.0,2395.1,8.5,98.844,0.85,,0,-95.21,9,35,3,254,0.4882
10.131,9.276,0.0,2172.5,8.5,99.062,0.9,,0,-95.655,9,35,3,216,0.4676
10.153,9.462,0.0,2159.9,8.5,98.051,0.95,,0,-95.68,9,35,3,182,0.4615
10.55,9.606,0.0,2282.4,8.5,97.734,1.0,,0,-95.435,9,35,4,200,0.48
9.929,8.746,0.0,2324.4,8.5,99.146,0.8,,0,-95.351,10,35,2,329,0.5137
10.127,9.207,0.0,2395.1,8.5,98.844,0.85,,0,-95.21,10,35,3,254,0.4882
10.131,9.276,0.0,2172.5,8.5,99.062,0.9,,0,-95.655,10,35,3,216,0.4676
10.153,9.462,0.0,2159.9,8.5,98.051,0.95,,0,-95.68,10,35,3,182,0.4615
10.55,9.606,0.0,2282.4,8.5,97.734,1.0,,0,-95.435,10,35,4,200,0.48
11.294,11.368,0.0,65717.1,8.5,56.093,0.8,,6,31.434,1,40,13,2558,0.5102
11.328,11.402,0.0,54204.2,8.5,48.297,0.85,,7,8.408,1,40,13,1685,0.5098
11.663,11.585,0.0,43648.9,8.5,51.407,0.9,,7,-12.702,1,40,13,1276,0.5086
11.541,12.145,0.0,83277.3,8.5,37.859,0.95,,8,66.555,1,40,13,918,0.5229
12.105,12.408,0.0,74480.4,8.5,27.629,1.0,,6,48.961,1,40,13,680,0.5279
11.177,10.539,0.0,9600.2,8.5,88.545,0.8,,2,-80.8,2,40,8,1575,0.501
11.328,11.402,0.0,44294.3,8.5,81.11,0.85,,7,-11.411,2,40,13,1685,0.5098
11.663,11.585,0.0,33969.3,8.5,81.501,0.9,,7,-32.061,2,40,13,1276,0.5086
11.541,12.145,0.0,107620.5,8.5,67.927,0.95,,7,115.241,2,40,13,918,0.5229
12.105,12.408,0.0,89677.4,8.5,51.696,1.0,,5,79.355,2,40,13,680,0.5279
10.377,8.904,0.0317,6710.6,8.5,93.681,0.8,,1,-86.579,3,40,4,747,0.5047
10.424,8.935,0.0331,6634.3,8.5,92.728,0.85,,1,-86.731,3,40,4,522,0.4808
10.552,8.994,0.0737,6772.2,8.5,92.52,0.9,,1,-86.456,3,40,4,396,0.4621
11.541,12.145,0.0,105759.2,8.5,81.953,0.95,,7,111.518,3,40,13,918,0.5229
12.105,12.408,0.0,67668.0,8.5,71.001,1.0,,5,35.336,3,40,13,680,0.5279
10.396,8.991,0.0088,5062.8,8.5,96.247,0.8,,1,-89.874,4,40,4,725,0.5076
10.511,9.178,0.0,5099.9,8.5,95.268,0.85,,1,-89.8,4,40,4,454,0.4802
10.476,9.278,0.0,5041.1,8.5,95.235,0.9,,0,-89.918,4,40,4,345,0.4667
11.541,12.145,0.0,58794.1,8.5,90.664,0.95,,6,17.588,4,40,13,918,0.5229
12.105,12.408,0.0,49019.3,8.5,80.618,1.0,,5,-1.961,4,40,13,680,0.5279
10.278,9.127,0.0,4061.1,8.5,97.409,0.8,,0,-91.878,5,40,3,492,0.5
10.426,9.184,0.0,3819.6,8.5,96.917,0.85,,0,-92.361,5,40,3,341,0.4721
10.479,9.415,0.0,3879.1,8.5,96.974,0.9,,0,-92.242,5,40,4,335,0.4657
10.54,9.173,0.0,3841.3,8.5,95.241,0.95,,0,-92.317,5,40,5,296,0.4662
12.105,12.408,0.0,27829.6,8.5,88.045,1.0,,5,-44.341,5,40,13,680,0.5279
10.266,9.142,0.0,2850.8,8.5,98.485,0.8,,0,-94.298,6,40,3,473,0.5011
10.176,9.083,0.0,3225.3,8.5,97.755,0.85,,0,-93.549,6,40,3,297,0.4714
10.234,9.196,0.0,3303.7,8.5,97.843,0.9,,0,-93.393,6,40,3,227,0.4493
10.73,9.654,0.0,3216.2,8.5,96.35,0.95,,0,-93.568,6,40,4,246,0.4675
12.105,12.408,0.0,10660.0,8.5,94.503,1.0,,4,-78.68,6,40,13,680,0.5279
9.918,8.761,0.0,2747.9,8.5,98.728,0.8,,0,-94.504,7,40,3,399,0.5113
10.046,9.092,0.0,2901.9,8.5,98.253,0.85,,0,-94.196,7,40,3,263,0.4829
10.195,9.276,0.0,2774.5,8.5,98.466,0.9,,0,-94.451,7,40,3,220,0.4591
10.329,9.642,0.0,2814.4,8.5,97.117,0.95,,0,-94.371,7,40,4,212,0.4623
12.105,12.408,0.0,4479.0,8.5,96.453,1.0,,5,-91.042,7,40,13,680,0.5279
9.926,8.761,0.0,2442.7,8.5,99.027,0.8,,0,-95.115,8,40,3,397,0.5139
10.226,9.168,0.0,2421.7,8.5,98.752,0.85,,0,-95.157,8,40,3,256,0.4883
10.107,9.276,0.0,2524.6,8.5,98.83,0.9,,0,-94.951,8,40,3,215,0.4698
10.141,9.501,0.0,2455.3,8.5,97.679,0.95,,0,-95.089,8,40,3,193,0.4611
11.746,12.632,0.0478,2362.2,8.5,97.55,1.0,,2,-95.276,8,40,7,352,0.5114
9.929,8.746,0.0,2324.4,8.5,99.146,0.8,,0,-95.351,9,40,2,329,0.5137
10.127,9.207,0.0,2395.1,8.5,98.844,0.85,,0,-95.21,9,40,3,254,0.4882
10.131,9.276,0.0,2172.5,8.5,99.062,0.9,,0,-95.655,9,40,3,216,0.4676
10.153,9.462,0.0,2159.9,8.5,98.051,0.95,,0,-95.68,9,40,3,182,0.4615
10.55,9.606,0.0,2282.4,8.5,97.734,1.0,,0,-95.435,9,40,4,200,0.48
9.929,8.746,0.0,2324.4,8.5,99.146,0.8,,0,-95.351,10,40,2,329,0.5137
10.127,9.207,0.0,2395.1,8.5,98.844,0.85,,0,-95.21,10,40,3,254,0.4882
10.131,9.276,0.0,2172.5,8.5,99.062,0.9,,0,-95.655,10,40,3,216,0.4676
10.153,9.462,0.0,2159.9,8.5,98.051,0.95,,0,-95.68,10,40,3,182,0.4615
10.55,9.606,0.0,2282.4,8.5,97.734,1.0,,0,-95.435,10,40,4,200,0.48
11.294,11.368,0.0,65717.1,8.5,56.093,0.8,,6,31.434,1,45,13,2558,0.5102
11.328,11.402,0.0,54204.2,8.5,48.297,0.85,,7,8.408,1,45,13,1685,0.5098
11.663,11.585,0.0,43648.9,8.5,51.407,0.9,,7,-12.702,1,45,13,1276,0.5086
11.541,12.145,0.0,83277.3,8.5,37.859,0.95,,8,66.555,1,45,13,918,0.5229
12.105,12.408,0.0,74480.4,8.5,27.629,1.0,,6,48.961,1,45,13,680,0.5279
11.177,10.539,0.0,9600.2,8.5,88.545,0.8,,2,-80.8,2,45,8,1575,0.501
11.328,11.402,0.0,44294.3,8.5,81.11,0.85,,7,-11.411,2,45,13,1685,0.5098
11.663,11.585,0.0,33969.3,8.5,81.501,0.9,,7,-32.061,2,45,13,1276,0.5086
11.541,12.145,0.0,107620.5,8.5,67.927,0.95,,7,115.241,2,45,13,918,0.5229
12.105,12.408,0.0,89677.4,8.5,51.696,1.0,,5,79.355,2,45,13,680,0.5279
10.377,8.904,0.0317,6710.6,8.5,93.681,0.8,,1,-86.579,3,45,4,747,0.5047
10.424,8.935,0.0331,6634.3,8.5,92.728,0.85,,1,-86.731,3,45,4,522,0.4808
10.552,8.994,0.0737,6772.2,8.5,92.52,0.9,,1,-86.456,3,45,4,396,0.4621
11.541,12.145,0.0,105759.2,8.5,81.953,0.95,,7,111.518,3,45,13,918,0.5229
12.105,12.408,0.0,67668.0,8.5,71.001,1.0,,5,35.336,3,45,13,680,0.5279
10.396,8.991,0.0088,5062.8,8.5,96.247,0.8,,1,-89.874,4,45,4,725,0.5076
10.511,9.178,0.0,5099.9,8.5,95.268,0.85,,1,-89.8,4,45,4,454,0.4802
10.476,9.278,0.0,5041.1,8.5,95.235,0.9,,0,-89.918,4,45,4,345,0.4667
11.541,12.145,0.0,58794.1,8.5,90.664,0.95,,6,17.588,4,45,13,918,0.5229
12.105,12.408,0.0,49019.3,8.5,80.618,1.0,,5,-1.961,4,45,13,680,0.5279
10.278,9.127,0.0,4061.1,8.5,97.409,0.8,,0,-91.878,5,45,3,492,0.5
10.426,9.184,0.0,3819.6,8.5,96.917,0.85,,0,-92.361,5,45,3,341,0.4721
10.479,9.415,0.0,3879.1,8.5,96.974,0.9,,0,-92.242,5,45,4,335,0.4657
10.54,9.173,0.0,3841.3,8.5,95.241,0.95,,0,-92.317,5,45,5,296,0.4662
12.105,12.408,0.0,27829.6,8.5,88.045,1.0,,5,-44.341,5,45,13,680,0.5279
10.266,9.142,0.0,2850.8,8.5,98.485,0.8,,0,-94.298,6,45,3,473,0.5011
10.176,9.083,0.0,3225.3,8.5,97.755,0.85,,0,-93.549,6,45,3,297,0.4714
10.234,9.196,0.0,3303.7,8.5,97.843,0.9,,0,-93.393,6,45,3,227,0.4493
10.73,9.654,0.0,3216.2,8.5,96.35,0.95,,0,-93.568,6,45,4,246,0.4675
12.105,12.408,0.0,10660.0,8.5,94.503,1.0,,4,-78.68,6,45,13,680,0.5279
9.918,8.761,0.0,2747.9,8.5,98.728,0.8,,0,-94.504,7,45,3,399,0.5113
10.046,9.092,0.0,2901.9,8.5,98.253,0.85,,0,-94.196,7,45,3,263,0.4829
10.195,9.276,0.0,2774.5,8.5,98.466,0.9,,0,-94.451,7,45,3,220,0.4591
10.329,9.642,0.0,2814.4,8.5,97.117,0.95,,0,-94.371,7,45,4,212,0.4623
12.105,12.408,0.0,4479.0,8.5,96.453,1.0,,5,-91.042,7,45,13,680,0.5279
9.926,8.761,0.0,2442.7,8.5,99.027,0.8,,0,-95.115,8,45,3,397,0.5139
10.226,9.168,0.0,2421.7,8.5,98.752,0.85,,0,-95.157,8,45,3,256,0.4883
10.107,9.276,0.0,2524.6,8.5,98.83,0.9,,0,-94.951,8,45,3,215,0.4698
10.141,9.501,0.0,2455.3,8.5,97.679,0.95,,0,-95.089,8,45,3,193,0.4611
11.746,12.632,0.0478,2362.2,8.5,97.55,1.0,,2,-95.276,8,45,7,352,0.5114
9.929,8.746,0.0,2324.4,8.5,99.146,0.8,,0,-95.351,9,45,2,329,0.5137
10.127,9.207,0.0,2395.1,8.5,98.844,0.85,,0,-95.21,9,45,3,254,0.4882
10.131,9.276,0.0,2172.5,8.5,99.062,0.9,,0,-95.655,9,45,3,216,0.4676
10.153,9.462,0.0,2159.9,8.5,98.051,0.95,,0,-95.68,9,45,3,182,0.4615
10.55,9.606,0.0,2282.4,8.5,97.734,1.0,,0,-95.435,9,45,4,200,0.48
9.929,8.746,0.0,2324.4,8.5,99.146,0.8,,0,-95.351,10,45,2,329,0.5137
10.127,9.207,0.0,2395.1,8.5,98.844,0.85,,0,-95.21,10,45,3,254,0.4882
10.131,9.276,0.0,2172.5,8.5,99.062,0.9,,0,-95.655,10,45,3,216,0.4676
10.153,9.462,0.0,2159.9,8.5,98.051,0.95,,0,-95.68,10,45,3,182,0.4615
10.55,9.606,0.0,2282.4,8.5,97.734,1.0,,0,-95.435,10,45,4,200,0.48
11.294,11.368,0.0,65717.1,8.5,56.093,0.8,,6,31.434,1,50,13,2558,0.5102
11.328,11.402,0.0,54204.2,8.5,48.297,0.85,,7,8.408,1,50,13,1685,0.5098
11.663,11.585,0.0,43648.9,8.5,51.407,0.9,,7,-12.702,1,50,13,1276,0.5086
11.541,12.145,0.0,83277.3,8.5,37.859,0.95,,8,66.555,1,50,13,918,0.5229
12.105,12.408,0.0,74480.4,8.5,27.629,1.0,,6,48.961,1,50,13,680,0.5279
11.177,10.539,0.0,9600.2,8.5,88.545,0.8,,2,-80.8,2,50,8,1575,0.501
11.328,11.402,0.0,44294.3,8.5,81.11,0.85,,7,-11.411,2,50,13,1685,0.5098
11.663,11.585,0.0,33969.3,8.5,81.501,0.9,,7,-32.061,2,50,13,1276,0.5086
11.541,12.145,0.0,107620.5,8.5,67.927,0.95,,7,115.241,2,50,13,918,0.5229
12.105,12.408,0.0,89677.4,8.5,51.696,1.0,,5,79.355,2,50,13,680,0.5279
10.377,8.904,0.0317,6710.6,8.5,93.681,0.8,,1,-86.579,3,50,4,747,0.5047
10.424,8.935,0.0331,6634.3,8.5,92.728,0.85,,1,-86.731,3,50,4,522,0.4808
10.552,8.994,0.0737,6772.2,8.5,92.52,0.9,,1,-86.456,3,50,4,396,0.4621
11.541,12.145,0.0,105759.2,8.5,81.953,0.95,,7,111.518,3,50,13,918,0.5229
12.105,12.408,0.0,67668.0,8.5,71.001,1.0,,5,35.336,3,50,13,680,0.5279
10.396,8.991,0.0088,5062.8,8.5,96.247,0.8,,1,-89.874,4,50,4,725,0.5076
10.511,9.178,0.0,5099.9,8.5,95.268,0.85,,1,-89.8,4,50,4,454,0.4802
10.476,9.278,0.0,5041.1,8.5,95.235,0.9,,0,-89.918,4,50,4,345,0.4667
11.541,12.145,0.0,58794.1,8.5,90.664,0.95,,6,17.588,4,50,13,918,0.5229
12.105,12.408,0.0,49019.3,8.5,80.618,1.0,,5,-1.961,4,50,13,680,0.5279
10.278,9.127,0.0,4061.1,8.5,97.409,0.8,,0,-91.878,5,50,3,492,0.5
10.426,9.184,0.0,3819.6,8.5,96.917,0.85,,0,-92.361,5,50,3,341,0.4721
10.479,9.415,0.0,3879.1,8.5,96.974,0.9,,0,-92.242,5,50,4,335,0.4657
10.54,9.173,0.0,3841.3,8.5,95.241,0.95,,0,-92.317,5,50,5,296,0.4662
12.105,12.408,0.0,27829.6,8.5,88.045,1.0,,5,-44.341,5,50,13,680,0.5279
10.266,9.142,0.0,2850.8,8.5,98.485,0.8,,0,-94.298,6,50,3,473,0.5011
10.176,9.083,0.0,3225.3,8.5,97.755,0.85,,0,-93.549,6,50,3,297,0.4714
10.234,9.196,0.0,3303.7,8.5,97.843,0.9,,0,-93.393,6,50,3,227,0.4493
10.73,9.654,0.0,3216.2,8.5,96.35,0.95,,0,-93.568,6,50,4,246,0.4675
12.105,12.408,0.0,10660.0,8.5,94.503,1.0,,4,-78.68,6,50,13,680,0.5279
9.918,8.761,0.0,2747.9,8.5,98.728,0.8,,0,-94.504,7,50,3,399,0.5113
10.046,9.092,0.0,2901.9,8.5,98.253,0.85,,0,-94.196,7,50,3,263,0.4829
10.195,9.276,0.0,2774.5,8.5,98.466,0.9,,0,-94.451,7,50,3,220,0.4591
10.329,9.642,0.0,2814.4,8.5,97.117,0.95,,0,-94.371,7,50,4,212,0.4623
12.105,12.408,0.0,4479.0,8.5,96.453,1.0,,5,-91.042,7,50,13,680,0.5279
9.926,8.761,0.0,2442.7,8.5,99.027,0.8,,0,-95.115,8,50,3,397,0.5139
10.226,9.168,0.0,2421.7,8.5,98.752,0.85,,0,-95.157,8,50,3,256,0.4883
10.107,9.276,0.0,2524.6,8.5,98.83,0.9,,0,-94.951,8,50,3,215,0.4698
10.141,9.501,0.0,2455.3,8.5,97.679,0.95,,0,-95.089,8,50,3,193,0.4611
11.746,12.632,0.0478,2362.2,8.5,97.55,1.0,,2,-95.276,8,50,7,352,0.5114
9.929,8.746,0.0,2324.4,8.5,99.146,0.8,,0,-95.351,9,50,2,329,0.5137
10.127,9.207,0.0,2395.1,8.5,98.844,0.85,,0,-95.21,9,50,3,254,0.4882
10.131,9.276,0.0,2172.5,8.5,99.062,0.9,,0,-95.655,9,50,3,216,0.4676
10.153,9.462,0.0,2159.9,8.5,98.051,0.95,,0,-95.68,9,50,3,182,0.4615
10.55,9.606,0.0,2282.4,8.5,97.734,1.0,,0,-95.435,9,50,4,200,0.48
9.929,8.746,0.0,2324.4,8.5,99.146,0.8,,0,-95.351,10,50,2,329,0.5137
10.127,9.207,0.0,2395.1,8.5,98.844,0.85,,0,-95.21,10,50,3,254,0.4882
10.131,9.276,0.0,2172.5,8.5,99.062,0.9,,0,-95.655,10,50,3,216,0.4676
10.153,9.462,0.0,2159.9,8.5,98.051,0.95,,0,-95.68,10,50,3,182,0.4615
10.55,9.606,0.0,2282.4,8.5,97.734,1.0,,0,-95.435,10,50,4,200,0.48
11.294,11.368,0.0,65717.1,8.5,56.093,0.8,,6,31.434,1,55,13,2558,0.5102
11.328,11.402,0.0,54204.2,8.5,48.297,0.85,,7,8.408,1,55,13,1685,0.5098
11.663,11.585,0.0,43648.9,8.5,51.407,0.9,,7,-12.702,1,55,13,1276,0.5086
11.541,12.145,0.0,83277.3,8.5,37.859,0.95,,8,66.555,1,55,13,918,0.5229
12.105,12.408,0.0,74480.4,8.5,27.629,1.0,,6,48.961,1,55,13,680,0.5279
11.177,10.539,0.0,9600.2,8.5,88.545,0.8,,2,-80.8,2,55,8,1575,0.501
11.328,11.402,0.0,44294.3,8.5,81.11,0.85,,7,-11.411,2,55,13,1685,0.5098
11.663,11.585,0.0,33969.3,8.5,81.501,0.9,,7,-32.061,2,55,13,1276,0.5086
11.541,12.145,0.0,107620.5,8.5,67.927,0.95,,7,115.241,2,55,13,918,0.5229
12.105,12.408,0.0,89677.4,8.5,51.696,1.0,,5,79.355,2,55,13,680,0.5279
10.377,8.904,0.0317,6710.6,8.5,93.681,0.8,,1,-86.579,3,55,4,747,0.5047
10.424,8.935,0.0331,6634.3,8.5,92.728,0.85,,1,-86.731,3,55,4,522,0.4808
10.552,8.994,0.0737,6772.2,8.5,92.52,0.9,,1,-86.456,3,55,4,396,0.4621
11.541,12.145,0.0,105759.2,8.5,81.953,0.95,,7,111.518,3,55,13,918,0.5229
12.105,12.408,0.0,67668.0,8.5,71.001,1.0,,5,35.336,3,55,13,680,0.5279
10.396,8.991,0.0088,5062.8,8.5,96.247,0.8,,1,-89.874,4,55,4,725,0.5076
10.511,9.178,0.0,5099.9,8.5,95.268,0.85,,1,-89.8,4,55,4,454,0.4802
10.476,9.278,0.0,5041.1,8.5,95.235,0.9,,0,-89.918,4,55,4,345,0.4667
11.541,12.145,0.0,58794.1,8.5,90.664,0.95,,6,17.588,4,55,13,918,0.5229
12.105,12.408,0.0,49019.3,8.5,80.618,1.0,,5,-1.961,4,55,13,680,0.5279
10.278,9.127,0.0,4061.1,8.5,97.409,0.8,,0,-91.878,5,55,3,492,0.5
10.426,9.184,0.0,3819.6,8.5,96.917,0.85,,0,-92.361,5,55,3,341,0.4721
10.479,9.415,0.0,3879.1,8.5,96.974,0.9,,0,-92.242,5,55,4,335,0.4657
10.54,9.173,0.0,3841.3,8.5,95.241,0.95,,0,-92.317,5,55,5,296,0.4662
12.105,12.408,0.0,27829.6,8.5,88.045,1.0,,5,-44.341,5,55,13,680,0.5279
10.266,9.142,0.0,2850.8,8.5,98.485,0.8,,0,-94.298,6,55,3,473,0.5011
10.176,9.083,0.0,3225.3,8.5,97.755,0.85,,0,-93.549,6,55,3,297,0.4714
10.234,9.196,0.0,3303.7,8.5,97.843,0.9,,0,-93.393,6,55,3,227,0.4493
10.73,9.654,0.0,3216.2,8.5,96.35,0.95,,0,-93.568,6,55,4,246,0.4675
12.105,12.408,0.0,10660.0,8.5,94.503,1.0,,4,-78.68,6,55,13,680,0.5279
9.918,8.761,0.0,2747.9,8.5,98.728,0.8,,0,-94.504,7,55,3,399,0.5113
10.046,9.092,0.0,2901.9,8.5,98.253,0.85,,0,-94.196,7,55,3,263,0.4829
10.195,9.276,0.0,2774.5,8.5,98.466,0.9,,0,-94.451,7,55,3,220,0.4591
10.329,9.642,0.0,2814.4,8.5,97.117,0.95,,0,-94.371,7,55,4,212,0.4623
12.105,12.408,0.0,4479.0,8.5,96.453,1.0,,5,-91.042,7,55,13,680,0.5279
9.926,8.761,0.0,2442.7,8.5,99.027,0.8,,0,-95.115,8,55,3,397,0.5139
10.226,9.168,0.0,2421.7,8.5,98.752,0.85,,0,-95.157,8,55,3,256,0.4883
10.107,9.276,0.0,2524.6,8.5,98.83,0.9,,0,-94.951,8,55,3,215,0.4698
10.141,9.501,0.0,2455.3,8.5,97.679,0.95,,0,-95.089,8,55,3,193,0.4611
11.746,12.632,0.0478,2362.2,8.5,97.55,1.0,,2,-95.276,8,55,7,352,0.5114
9.929,8.746,0.0,2324.4,8.5,99.146,0.8,,0,-95.351,9,55,2,329,0.5137
10.127,9.207,0.0,2395.1,8.5,98.844,0.85,,0,-95.21,9,55,3,254,0.4882
10.131,9.276,0.0,2172.5,8.5,99.062,0.9,,0,-95.655,9,55,3,216,0.4676
10.153,9.462,0.0,2159.9,8.5,98.051,0.95,,0,-95.68,9,55,3,182,0.4615
10.55,9.606,0.0,2282.4,8.5,97.734,1.0,,0,-95.435,9,55,4,200,0.48
9.929,8.746,0.0,2324.4,8.5,99.146,0.8,,0,-95.351,10,55,2,329,0.5137
10.127,9.207,0.0,2395.1,8.5,98.844,0.85,,0,-95.21,10,55,3,254,0.4882
10.131,9.276,0.0,2172.5,8.5,99.062,0.9,,0,-95.655,10,55,3,216,0.4676
10.153,9.462,0.0,2159.9,8.5,98.051,0.95,,0,-95.68,10,55,3,182,0.4615
10.55,9.606,0.0,2282.4,8.5,97.734,1.0,,0,-95.435,10,55,4,200,0.48
11.294,11.368,0.0,65717.1,8.5,56.093,0.8,,6,31.434,1,60,13,2558,0.5102
11.328,11.402,0.0,54204.2,8.5,48.297,0.85,,7,8.408,1,60,13,1685,0.5098
11.663,11.585,0.0,43648.9,8.5,51.407,0.9,,7,-12.702,1,60,13,1276,0.5086
11.541,12.145,0.0,83277.3,8.5,37.859,0.95,,8,66.555,1,60,13,918,0.5229
12.105,12.408,0.0,74480.4,8.5,27.629,1.0,,6,48.961,1,60,13,680,0.5279
11.177,10.539,0.0,9600.2,8.5,88.545,0.8,,2,-80.8,2,60,8,1575,0.501
11.328,11.402,0.0,44294.3,8.5,81.11,0.85,,7,-11.411,2,60,13,1685,0.5098
11.663,11.585,0.0,33969.3,8.5,81.501,0.9,,7,-32.061,2,60,13,1276,0.5086
11.541,12.145,0.0,107620.5,8.5,67.927,0.95,,7,115.241,2,60,13,918,0.5229
12.105,12.408,0.0,89677.4,8.5,51.696,1.0,,5,79.355,2,60,13,680,0.5279
10.377,8.904,0.0317,6710.6,8.5,93.681,0.8,,1,-86.579,3,60,4,747,0.5047
10.424,8.935,0.0331,6634.3,8.5,92.728,0.85,,1,-86.731,3,60,4,522,0.4808
10.552,8.994,0.0737,6772.2,8.5,92.52,0.9,,1,-86.456,3,60,4,396,0.4621
11.541,12.145,0.0,105759.2,8.5,81.953,0.95,,7,111.518,3,60,13,918,0.5229
12.105,12.408,0.0,67668.0,8.5,71.001,1.0,,5,35.336,3,60,13,680,0.5279
10.396,8.991,0.0088,5062.8,8.5,96.247,0.8,,1,-89.874,4,60,4,725,0.5076
10.511,9.178,0.0,5099.9,8.5,95.268,0.85,,1,-89.8,4,60,4,454,0.4802
10.476,9.278,0.0,5041.1,8.5,95.235,0.9,,0,-89.918,4,60,4,345,0.4667
11.541,12.145,0.0,58794.1,8.5,90.664,0.95,,6,17.588,4,60,13,918,0.5229
12.105,12.408,0.0,49019.3,8.5,80.618,1.0,,5,-1.961,4,60,13,680,0.5279
10.278,9.127,0.0,4061.1,8.5,97.409,0.8,,0,-91.878,5,60,3,492,0.5
10.426,9.184,0.0,3819.6,8.5,96.917,0.85,,0,-92.361,5,60,3,341,0.4721
10.479,9.415,0.0,3879.1,8.5,96.974,0.9,,0,-92.242,5,60,4,335,0.4657
10.54,9.173,0.0,3841.3,8.5,95.241,0.95,,0,-92.317,5,60,5,296,0.4662
12.105,12.408,0.0,27829.6,8.5,88.045,1.0,,5,-44.341,5,60,13,680,0.5279
10.266,9.142,0.0,2850.8,8.5,98.485,0.8,,0,-94.298,6,60,3,473,0.5011
10.176,9.083,0.0,3225.3,8.5,97.755,0.85,,0,-93.549,6,60,3,297,0.4714
10.234,9.196,0.0,3303.7,8.5,97.843,0.9,,0,-93.393,6,60,3,227,0.4493
10.73,9.654,0.0,3216.2,8.5,96.35,0.95,,0,-93.568,6,60,4,246,0.4675
12.105,12.408,0.0,10660.0,8.5,94.503,1.0,,4,-78.68,6,60,13,680,0.5279
9.918,8.761,0.0,2747.9,8.5,98.728,0.8,,0,-94.504,7,60,3,399,0.5113
10.046,9.092,0.0,2901.9,8.5,98.253,0.85,,0,-94.196,7,60,3,263,0.4829
10.195,9.276,0.0,2774.5,8.5,98.466,0.9,,0,-94.451,7,60,3,220,0.4591
10.329,9.642,0.0,2814.4,8.5,97.117,0.95,,0,-94.371,7,60,4,212,0.4623
12.105,12.408,0.0,4479.0,8.5,96.453,1.0,,5,-91.042,7,60,13,680,0.5279
9.926,8.761,0.0,2442.7,8.5,99.027,0.8,,0,-95.115,8,60,3,397,0.5139
10.226,9.168,0.0,2421.7,8.5,98.752,0.85,,0,-95.157,8,60,3,256,0.4883
10.107,9.276,0.0,2524.6,8.5,98.83,0.9,,0,-94.951,8,60,3,215,0.4698
10.141,9.501,0.0,2455.3,8.5,97.679,0.95,,0,-95.089,8,60,3,193,0.4611
11.746,12.632,0.0478,2362.2,8.5,97.55,1.0,,2,-95.276,8,60,7,352,0.5114
9.929,8.746,0.0,2324.4,8.5,99.146,0.8,,0,-95.351,9,60,2,329,0.5137
10.127,9.207,0.0,2395.1,8.5,98.844,0.85,,0,-95.21,9,60,3,254,0.4882
10.131,9.276,0.0,2172.5,8.5,99.062,0.9,,0,-95.655,9,60,3,216,0.4676
10.153,9.462,0.0,2159.9,8.5,98.051,0.95,,0,-95.68,9,60,3,182,0.4615
10.55,9.606,0.0,2282.4,8.5,97.734,1.0,,0,-95.435,9,60,4,200,0.48
9.929,8.746,0.0,2324.4,8.5,99.146,0.8,,0,-95.351,10,60,2,329,0.5137
10.127,9.207,0.0,2395.1,8.5,98.844,0.85,,0,-95.21,10,60,3,254,0.4882
10.131,9.276,0.0,2172.5,8.5,99.062,0.9,,0,-95.655,10,60,3,216,0.4676
10.153,9.462,0.0,2159.9,8.5,98.051,0.95,,0,-95.68,10,60,3,182,0.4615
10.55,9.606,0.0,2282.4,8.5,97.734,1.0,,0,-95.435,10,60,4,200,0.48
10.231,10.946,0.0,41177.9,9.0,53.735,0.8,,5,-17.644,1,5,13,2582,0.4841
10.206,11.147,0.0,47545.1,9.0,49.935,0.85,,7,-4.91,1,5,13,1693,0.4808
10.417,11.222,0.0,41615.4,9.0,49.642,0.9,,5,-16.769,1,5,13,1280,0.4797
10.145,11.81,0.0,83993.4,9.0,34.443,0.95,,7,67.987,1,5,13,920,0.4935
10.708,11.97,0.0,76712.7,9.0,23.207,1.0,,9,53.425,1,5,13,682,0.5073
10.297,10.464,0.0254,8781.9,9.0,88.305,0.8,,2,-82.436,2,5,8,1589,0.4758
10.206,11.147,0.0,26683.0,9.0,82.517,0.85,,6,-46.634,2,5,13,1693,0.4808
9.521,8.715,0.0,10535.4,9.0,83.484,0.9,,0,-78.929,2,5,5,441,0.4286
10.145,11.81,0.0,99416.5,9.0,66.241,0.95,,7,98.833,2,5,13,920,0.4935
10.708,11.97,0.0,96666.2,9.0,46.062,1.0,,6,93.332,2,5,13,682,0.5073
9.221,8.682,0.0,6948.6,9.0,92.027,0.8,,0,-86.103,3,5,4,793,0.4729
9.367,8.795,0.0,7099.8,9.0,90.117,0.85,,0,-85.8,3,5,4,524,0.4447
9.873,8.946,0.0,7197.1,9.0,90.161,0.9,,0,-85.606,3,5,4,363,0.438
10.145,11.81,0.0,87525.6,9.0,81.064,0.95,,6,75.051,3,5,13,920,0.4935
10.708,11.97,0.0,98104.0,9.0,63.386,1.0,,6,96.208,3,5,13,682,0.5073
9.399,8.843,0.0,5349.1,9.0,94.582,0.8,,0,-89.302,4,5,4,731,0.4829
9.565,8.606,0.0,5355.4,9.0,93.42,0.85,,0,-89.289,4,5,3,346,0.4451
9.925,8.999,0.0,5130.0,9.0,93.939,0.9,,0,-89.74,4,5,4,357,0.4426
10.145,11.81,0.0,58542.1,9.0,90.462,0.95,,6,17.084,4,5,13,920,0.4935
10.708,11.97,0.0,75778.2,9.0,76.615,1.0,,5,51.556,4,5,13,682,0.5073
9.565,8.771,0.0,4084.9,9.0,96.566,0.8,,0,-91.83,5,5,3,477,0.4822
9.48,8.583,0.0,4187.1,9.0,95.392,0.85,,0,-91.626,5,5,3,300,0.4433
9.759,8.729,0.0,4287.9,9.0,95.561,0.9,,0,-91.424,5,5,3,278,0.4388
9.75,9.406,0.0,4061.8,9.0,94.845,0.95,,0,-91.876,5,5,4,281,0.4342
10.708,11.97,0.0,40416.3,9.0,85.277,1.0,,4,-19.167,5,5,13,682,0.5073
9.438,8.799,0.0,3592.1,9.0,97.227,0.8,,0,-92.816,6,5,3,466,0.485
9.528,8.691,0.0,3403.1,9.0,96.67,0.85,,0,-93.194,6,5,3,282,0.4539
9.749,8.647,0.0,3453.5,9.0,96.828,0.9,,0,-93.093,6,5,3,224,0.4375
9.88,9.452,0.0,3493.4,9.0,95.935,0.95,,0,-93.013,6,5,4,258,0.4419
10.708,11.97,0.0,24543.8,9.0,91.158,1.0,,4,-50.912,6,5,13,682,0.5073
9.321,8.856,0.0,3081.8,9.0,97.834,0.8,,0,-93.836,7,5,3,427,0.4848
9.404,8.628,0.0,3048.9,9.0,97.323,0.85,,0,-93.902,7,5,3,272,0.4596
9.6,8.725,0.0,2869.0,9.0,97.684,0.9,,0,-94.262,7,5,3,218,0.445
9.979,9.522,0.0,2365.7,9.0,97.493,0.95,,0,-95.269,7,5,4,245,0.449
10.708,11.97,0.0,10835.7,9.0,96.074,1.0,,4,-78.329,7,5,13,682,0.5073
9.225,8.466,0.0,2655.5,9.0,98.316,0.8,,0,-94.689,8,5,3,401,0.4963
9.531,8.758,0.0,2555.4,9.0,98.003,0.85,,0,-94.889,8,5,3,258,0.4651
9.47,8.7,0.0,2514.1,9.0,98.212,0.9,,0,-94.972,8,5,3,208,0.4519
9.979,9.522,0.0,2161.3,9.0,97.875,0.95,,0,-95.677,8,5,4,245,0.449
10.906,12.586,0.0451,2570.1,9.0,97.256,1.0,,2,-94.86,8,5,7,354,0.4915
9.178,8.299,0.0,2218.7,9.0,98.712,0.8,,0,-95.563,9,5,2,349,0.4986
9.308,8.416,0.0,2267.7,9.0,98.395,0.85,,0,-95.465,9,5,2,224,0.4688
9.444,8.706,0.0,2390.2,9.0,98.485,0.9,,0,-95.22,9,5,3,204,0.4559
9.979,9.522,0.0,1750.4,9.0,98.42,0.95,,0,-96.499,9,5,4,245,0.449
9.653,9.082,0.0,2358.7,9.0,97.659,1.0,,0,-95.283,9,5,5,219,0.4658
9.178,8.299,0.0,2218.7,9.0,98.712,0.8,,0,-95.563,10,5,2,349,0.4986
9.308,8.416,0.0,2267.7,9.0,98.395,0.85,,0,-95.465,10,5,2,224,0.4688
9.444,8.706,0.0,2390.2,9.0,98.485,0.9,,0,-95.22,10,5,3,204,0.4559
9.979,9.522,0.0,1750.4,9.0,98.42,0.95,,0,-96.499,10,5,4,245,0.449
9.653,9.082,0.0,2358.7,9.0,97.659,1.0,,0,-95.283,10,5,5,219,0.4658
11.288,11.171,0.0,54238.5,9.0,55.263,0.8,,6,8.477,1,10,13,2556,0.5098
11.313,11.122,0.0,46593.8,9.0,50.641,0.85,,8,-6.812,1,10,13,1682,0.5065
11.538,11.233,0.0,41756.1,9.0,52.42,0.9,,7,-16.488,1,10,13,1275,0.5067
11.264,11.725,0.0,59151.1,9.0,36.726,0.95,,7,18.302,1,10,13,918,0.5196
11.692,11.842,0.0,72825.6,9.0,24.928,1.0,,6,45.651,1,10,13,681,0.5286
11.273,10.287,0.0138,9958.6,9.0,87.127,0.8,,2,-80.083,2,10,8,1486,0.5034
11.313,11.122,0.0,26121.6,9.0,84.094,0.85,,7,-47.757,2,10,13,1682,0.5065
11.538,11.233,0.0,30461.6,9.0,81.902,0.9,,6,-39.077,2,10,13,1275,0.5067
11.264,11.725,0.0,100568.0,9.0,65.955,0.95,,7,101.136,2,10,13,918,0.5196
11.692,11.842,0.0,81575.6,9.0,49.582,1.0,,5,63.151,2,10,13,681,0.5286
10.377,8.693,0.0,7019.3,9.0,92.793,0.8,,0,-85.961,3,10,4,780,0.5038
10.659,8.831,0.0,7146.7,9.0,91.355,0.85,,0,-85.707,3,10,4,478,0.477
10.866,9.065,0.0,7097.0,9.0,91.792,0.9,,0,-85.806,3,10,4,360,0.4611
11.264,11.725,0.0,87697.1,9.0,82.215,0.95,,7,75.394,3,10,13,918,0.5196
11.692,11.842,0.0,70807.5,9.0,69.331,1.0,,4,41.615,3,10,13,681,0.5286
10.506,8.863,0.0,5228.7,9.0,95.626,0.8,,0,-89.543,4,10,4,725,0.509
10.563,8.863,0.0,5333.7,9.0,94.509,0.85,,0,-89.333,4,10,3,340,0.4676
10.883,9.051,0.0,5129.3,9.0,94.95,0.9,,0,-89.741,4,10,4,348,0.4684
11.264,11.725,0.0,67682.7,9.0,90.499,0.95,,7,35.365,4,10,13,918,0.5196
11.692,11.842,0.0,61157.3,9.0,79.798,1.0,,4,22.315,4,10,13,681,0.5286
10.462,8.921,0.0,4123.4,9.0,97.094,0.8,,0,-91.753,5,10,3,473,0.5032
10.331,8.849,0.0,4230.5,9.0,96.298,0.85,,0,-91.539,5,10,3,298,0.4664
10.739,8.994,0.0,4120.6,9.0,96.578,0.9,,0,-91.759,5,10,3,272,0.4596
10.676,9.288,0.0,4221.4,9.0,94.643,0.95,,0,-91.557,5,10,4,273,0.4579
11.692,11.842,0.0,33496.1,9.0,88.358,1.0,,4,-33.008,5,10,13,681,0.5286
10.334,8.952,0.0,3498.3,9.0,97.932,0.8,,0,-93.003,6,10,3,463,0.5054
10.332,8.838,0.0,3520.0,9.0,97.382,0.85,,0,-92.96,6,10,3,284,0.4718
10.412,8.944,0.0,3537.5,9.0,97.565,0.9,,0,-92.925,6,10,3,225,0.4533
10.882,9.32,0.0,3551.5,9.0,95.868,0.95,,0,-92.897,6,10,4,245,0.4694
11.692,11.842,0.0,14963.6,9.0,93.899,1.0,,3,-70.073,6,10,13,681,0.5286
10.101,8.6,0.0,2995.7,9.0,98.476,0.8,,0,-94.009,7,10,3,401,0.5137
10.17,8.851,0.0,2900.5,9.0,98.126,0.85,,0,-94.199,7,10,3,268,0.4813
10.361,9.022,0.0,2955.8,9.0,98.253,0.9,,0,-94.088,7,10,3,220,0.4591
10.882,9.32,0.0,3044.7,9.0,96.773,0.95,,0,-93.911,7,10,4,245,0.4694
12.173,12.607,0.0655,2684.2,9.0,96.926,1.0,,2,-94.632,7,10,8,392,0.5077
10.207,8.38,0.0,2496.6,9.0,98.891,0.8,,0,-95.007,8,10,2,351,0.5242
10.349,8.963,0.0,2657.6,9.0,98.532,0.85,,0,-94.685,8,10,3,256,0.4883
10.281,9.022,0.0,2684.2,9.0,98.669,0.9,,0,-94.632,8,10,3,216,0.4676
10.285,9.045,0.0,2561.0,9.0,97.481,0.95,,0,-94.878,8,10,3,193,0.4508
11.993,12.503,0.0892,2619.1,9.0,97.204,1.0,,2,-94.762,8,10,7,352,0.5142
10.038,8.571,0.0,2342.6,9.0,99.079,0.8,,0,-95.315,9,10,2,328,0.5183
10.147,8.71,0.0,2271.2,9.0,98.904,0.85,,0,-95.458,9,10,2,223,0.4888
10.12,9.016,0.0,2389.5,9.0,98.968,0.9,,0,-95.221,9,10,3,204,0.4755
9.845,9.074,0.0,2243.2,9.0,97.976,0.95,,0,-95.514,9,10,3,154,0.4286
10.592,9.326,0.0,2388.1,9.0,97.629,1.0,,0,-95.224,9,10,4,204,0.4804
10.038,8.571,0.0,2342.6,9.0,99.079,0.8,,0,-95.315,10,10,2,328,0.5183
10.147,8.71,0.0,2271.2,9.0,98.904,0.85,,0,-95.458,10,10,2,223,0.4888
10.12,9.016,0.0,2389.5,9.0,98.968,0.9,,0,-95.221,10,10,3,204,0.4755
9.845,9.074,0.0,2243.2,9.0,97.976,0.95,,0,-95.514,10,10,3,154,0.4286
10.592,9.326,0.0,2388.1,9.0,97.629,1.0,,0,-95.224,10,10,4,204,0.4804
11.654,11.314,0.0,44591.1,9.0,55.556,0.8,,7,-10.818,1,15,13,2552,0.5133
11.682,11.384,0.0,46973.9,9.0,48.59,0.85,,8,-6.052,1,15,13,1680,0.5119
12.001,11.581,0.0,44926.4,9.0,48.822,0.9,,7,-10.147,1,15,13,1273,0.5122
11.855,12.149,0.0,82354.7,9.0,31.824,0.95,,8,64.709,1,15,13,916,0.5262
12.427,12.376,0.0,74260.6,9.0,24.774,1.0,,6,48.521,1,15,13,680,0.5324
11.386,10.297,0.0037,10660.0,9.0,86.261,0.8,,2,-78.68,2,15,8,1484,0.5067
11.682,11.384,0.0,25098.2,9.0,81.12,0.85,,7,-49.804,2,15,13,1680,0.5119
12.001,11.581,0.0,28411.3,9.0,80.673,0.9,,7,-43.177,2,15,13,1273,0.5122
11.855,12.149,0.0,94709.0,9.0,65.301,0.95,,8,89.418,2,15,13,916,0.5262
12.427,12.376,0.0,79530.9,9.0,49.772,1.0,,5,59.062,2,15,13,680,0.5324
10.546,8.751,0.0312,7120.1,9.0,92.705,0.8,,1,-85.76,3,15,4,779,0.5109
11.388,10.475,0.0,7142.5,9.0,91.811,0.85,,3,-85.715,3,15,8,965,0.5005
10.749,9.001,0.0382,7193.6,9.0,91.684,0.9,,1,-85.613,3,15,5,438,0.468
11.855,12.149,0.0,93887.9,9.0,79.32,0.95,,7,87.776,3,15,13,916,0.5262
12.427,12.376,0.0,82857.3,9.0,64.729,1.0,,6,65.715,3,15,13,680,0.5324
10.641,8.957,0.0304,5263.0,9.0,95.509,0.8,,1,-89.474,4,15,4,726,0.5124
10.77,9.223,0.008,5321.8,9.0,94.815,0.85,,1,-89.356,4,15,4,463,0.4838
10.994,9.35,0.0,4990.0,9.0,95.087,0.9,,0,-90.02,4,15,4,347,0.4755
11.855,12.149,0.0,56183.1,9.0,88.453,0.95,,6,12.366,4,15,13,916,0.5262
12.427,12.376,0.0,39539.9,9.0,79.273,1.0,,5,-20.92,4,15,13,680,0.5324
10.709,9.15,0.0,4255.7,9.0,96.928,0.8,,0,-91.489,5,15,3,519,0.5048
10.716,9.177,0.0,4250.8,9.0,96.322,0.85,,0,-91.498,5,15,3,353,0.4788
10.994,9.35,0.0,3582.3,9.0,97.025,0.9,,0,-92.835,5,15,4,347,0.4755
11.855,12.149,0.0,30773.8,9.0,94.158,0.95,,5,-38.452,5,15,13,916,0.5262
12.427,12.376,0.0,24112.6,9.0,85.94,1.0,,4,-51.775,5,15,13,680,0.5324
10.341,9.034,0.0,3418.5,9.0,97.93,0.8,,0,-93.163,6,15,3,430,0.5047
10.454,9.118,0.0,3562.0,9.0,97.351,0.85,,0,-92.876,6,15,3,296,0.4764
10.853,9.383,0.0,3516.5,9.0,97.579,0.9,,0,-92.967,6,15,3,270,0.4704
10.929,9.74,0.0,3487.8,9.0,95.942,0.95,,0,-93.024,6,15,4,255,0.4706
12.427,12.376,0.0,9735.3,9.0,94.098,1.0,,4,-80.529,6,15,13,680,0.5324
10.215,8.709,0.0,2967.7,9.0,98.446,0.8,,0,-94.065,7,15,3,401,0.5162
10.461,9.117,0.0,2868.3,9.0,98.147,0.85,,0,-94.263,7,15,3,283,0.4806
10.5,9.243,0.0,2986.6,9.0,98.235,0.9,,0,-94.027,7,15,3,222,0.464
10.938,9.74,0.0,2829.8,9.0,97.001,0.95,,0,-94.34,7,15,4,254,0.4724
12.205,12.699,0.0104,2837.5,9.0,96.75,1.0,,2,-94.325,7,15,8,392,0.5102
10.231,8.709,0.0,2520.4,9.0,98.841,0.8,,0,-94.959,8,15,3,399,0.5188
10.257,9.088,0.0,2647.8,9.0,98.538,0.85,,0,-94.704,8,15,3,266,0.4887
10.4,9.322,0.0,2549.1,9.0,98.736,0.9,,0,-94.902,8,15,3,218,0.4679
10.539,9.717,0.0,2694.0,9.0,97.351,0.95,,0,-94.612,8,15,3,195,0.4615
12.028,12.605,0.0486,2571.5,9.0,97.254,1.0,,2,-94.857,8,15,7,352,0.517
10.152,8.703,0.0,2171.8,9.0,99.111,0.8,,0,-95.656,9,15,2,330,0.5182
10.428,9.207,0.0,2356.6,9.0,98.863,0.85,,0,-95.287,9,15,3,256,0.4922
10.356,9.322,0.0,2220.1,9.0,99.042,0.9,,0,-95.56,9,15,3,214,0.4766
10.435,9.565,0.0,2089.9,9.0,98.114,0.95,,0,-95.82,9,15,3,181,0.4641
10.735,9.496,0.0,2365.0,9.0,97.652,1.0,,0,-95.27,9,15,4,210,0.481
10.152,8.703,0.0,2171.8,9.0,99.111,0.8,,0,-95.656,10,15,2,330,0.5182
10.428,9.207,0.0,2356.6,9.0,98.863,0.85,,0,-95.287,10,15,3,256,0.4922
10.356,9.322,0.0,2220.1,9.0,99.042,0.9,,0,-95.56,10,15,3,214,0.4766
10.435,9.565,0.0,2089.9,9.0,98.114,0.95,,0,-95.82,10,15,3,181,0.4641
10.735,9.496,0.0,2365.0,9.0,97.652,1.0,,0,-95.27,10,15,4,210,0.481
11.678,11.331,0.0,44559.6,9.0,54.304,0.8,,7,-10.881,1,20,13,2552,0.5141
11.702,11.409,0.0,46215.1,9.0,49.483,0.85,,7,-7.57,1,20,13,1680,0.5131
12.0,11.581,0.0,44933.4,9.0,48.81,0.9,,7,-10.133,1,20,13,1273,0.5122
11.855,12.149,0.0,82354.7,9.0,31.824,0.95,,8,64.709,1,20,13,916,0.5262
12.427,12.376,0.0,74260.6,9.0,24.774,1.0,,6,48.521,1,20,13,680,0.5324
11.425,10.328,0.0041,10552.2,9.0,86.4,0.8,,2,-78.896,2,20,8,1485,0.5077
11.702,11.409,0.0,25226.3,9.0,83.147,0.85,,7,-49.547,2,20,13,1680,0.5131
12.0,11.581,0.0,28418.3,9.0,80.663,0.9,,7,-43.163,2,20,13,1273,0.5122
11.855,12.149,0.0,94709.0,9.0,65.301,0.95,,8,89.418,2,20,13,916,0.5262
12.427,12.376,0.0,79530.9,9.0,49.772,1.0,,5,59.062,2,20,13,680,0.5324
10.552,8.718,0.0311,7139.7,9.0,92.685,0.8,,1,-85.721,3,20,4,798,0.5138
11.421,10.523,0.0,7193.6,9.0,91.753,0.85,,3,-85.613,3,20,8,965,0.5026
10.75,9.001,0.0397,6929.7,9.0,91.989,0.9,,1,-86.141,3,20,5,439,0.467
11.855,12.149,0.0,93887.9,9.0,79.32,0.95,,7,87.776,3,20,13,916,0.5262
12.427,12.376,0.0,82857.3,9.0,64.729,1.0,,6,65.715,3,20,13,680,0.5324
10.682,9.012,0.0298,5280.5,9.0,95.494,0.8,,1,-89.439,4,20,4,732,0.5123
10.807,9.301,0.0075,5384.8,9.0,94.754,0.85,,1,-89.23,4,20,4,471,0.4841
10.994,9.35,0.0,4990.0,9.0,95.087,0.9,,0,-90.02,4,20,4,347,0.4755
11.855,12.149,0.0,56183.1,9.0,88.453,0.95,,6,12.366,4,20,13,916,0.5262
12.427,12.376,0.0,39539.9,9.0,79.273,1.0,,5,-20.92,4,20,13,680,0.5324
10.729,9.15,0.0,4133.2,9.0,97.016,0.8,,0,-91.734,5,20,3,519,0.5048
10.716,9.177,0.0,4250.8,9.0,96.322,0.85,,0,-91.498,5,20,3,353,0.4788
10.994,9.35,0.0,3582.3,9.0,97.025,0.9,,0,-92.835,5,20,4,347,0.4755
11.855,12.149,0.0,30773.8,9.0,94.158,0.95,,5,-38.452,5,20,13,916,0.5262
12.427,12.376,0.0,24112.6,9.0,85.94,1.0,,4,-51.775,5,20,13,680,0.5324
10.341,9.034,0.0,3418.5,9.0,97.93,0.8,,0,-93.163,6,20,3,430,0.5047
10.454,9.118,0.0,3562.0,9.0,97.351,0.85,,0,-92.876,6,20,3,296,0.4764
10.853,9.383,0.0,3516.5,9.0,97.579,0.9,,0,-92.967,6,20,3,270,0.4704
10.929,9.74,0.0,3487.8,9.0,95.942,0.95,,0,-93.024,6,20,4,255,0.4706
12.427,12.376,0.0,9735.3,9.0,94.098,1.0,,4,-80.529,6,20,13,680,0.5324
10.215,8.709,0.0,2967.7,9.0,98.446,0.8,,0,-94.065,7,20,3,401,0.5162
10.461,9.117,0.0,2868.3,9.0,98.147,0.85,,0,-94.263,7,20,3,283,0.4806
10.5,9.243,0.0,2986.6,9.0,98.235,0.9,,0,-94.027,7,20,3,222,0.464
10.938,9.74,0.0,2829.8,9.0,97.001,0.95,,0,-94.34,7,20,4,254,0.4724
12.205,12.699,0.0104,2837.5,9.0,96.75,1.0,,2,-94.325,7,20,8,392,0.5102
10.231,8.709,0.0,2520.4,9.0,98.841,0.8,,0,-94.959,8,20,3,399,0.5188
10.257,9.088,0.0,2647.8,9.0,98.538,0.85,,0,-94.704,8,20,3,266,0.4887
10.4,9.322,0.0,2549.1,9.0,98.736,0.9,,0,-94.902,8,20,3,218,0.4679
10.539,9.717,0.0,2694.0,9.0,97.351,0.95,,0,-94.612,8,20,3,195,0.4615
12.028,12.605,0.0486,2571.5,9.0,97.254,1.0,,2,-94.857,8,20,7,352,0.517
10.152,8.703,0.0,2171.8,9.0,99.111,0.8,,0,-95.656,9,20,2,330,0.5182
10.428,9.207,0.0,2356.6,9.0,98.863,0.85,,0,-95.287,9,20,3,256,0.4922
10.356,9.322,0.0,2220.1,9.0,99.042,0.9,,0,-95.56,9,20,3,214,0.4766
10.435,9.565,0.0,2089.9,9.0,98.114,0.95,,0,-95.82,9,20,3,181,0.4641
10.735,9.496,0.0,2365.0,9.0,97.652,1.0,,0,-95.27,9,20,4,210,0.481
10.152,8.703,0.0,2171.8,9.0,99.111,0.8,,0,-95.656,10,20,2,330,0.5182
10.428,9.207,0.0,2356.6,9.0,98.863,0.85,,0,-95.287,10,20,3,256,0.4922
10.356,9.322,0.0,2220.1,9.0,99.042,0.9,,0,-95.56,10,20,3,214,0.4766
10.435,9.565,0.0,2089.9,9.0,98.114,0.95,,0,-95.82,10,20,3,181,0.4641
10.735,9.496,0.0,2365.0,9.0,97.652,1.0,,0,-95.27,10,20,4,210,0.481
11.695,11.328,0.0,44588.3,9.0,57.333,0.8,,6,-10.823,1,25,13,2550,0.5149
11.713,11.409,0.0,46024.7,9.0,49.835,0.85,,7,-7.951,1,25,13,1680,0.5131
12.014,11.581,0.0,45369.5,9.0,49.164,0.9,,7,-9.261,1,25,13,1273,0.5122
11.855,12.149,0.0,82354.7,9.0,31.824,0.95,,8,64.709,1,25,13,916,0.5262
12.427,12.376,0.0,74260.6,9.0,24.774,1.0,,6,48.521,1,25,13,680,0.5324
11.454,10.325,0.0043,10559.9,9.0,86.39,0.8,,2,-78.88,2,25,8,1483,0.5091
11.713,11.409,0.0,25237.5,9.0,83.303,0.85,,7,-49.525,2,25,13,1680,0.5131
12.014,11.581,0.0,24088.1,9.0,82.3,0.9,,6,-51.824,2,25,13,1273,0.5122
11.855,12.149,0.0,94709.0,9.0,65.301,0.95,,8,89.418,2,25,13,916,0.5262
12.427,12.376,0.0,79530.9,9.0,49.772,1.0,,5,59.062,2,25,13,680,0.5324
10.599,8.716,0.0293,7194.3,9.0,92.629,0.8,,1,-85.611,3,25,4,798,0.515
11.444,10.517,0.0,7087.9,9.0,91.874,0.85,,3,-85.824,3,25,8,967,0.5026
10.819,9.041,0.0383,7123.6,9.0,91.765,0.9,,1,-85.753,3,25,5,432,0.4676
11.855,12.149,0.0,93887.9,9.0,79.32,0.95,,7,87.776,3,25,13,916,0.5262
12.427,12.376,0.0,82857.3,9.0,64.729,1.0,,6,65.715,3,25,13,680,0.5324
10.688,9.012,0.03,5228.0,9.0,95.539,0.8,,1,-89.544,4,25,4,732,0.5123
10.807,9.301,0.0075,5384.8,9.0,94.754,0.85,,1,-89.23,4,25,4,471,0.4841
10.994,9.35,0.0,4990.0,9.0,95.087,0.9,,0,-90.02,4,25,4,347,0.4755
11.855,12.149,0.0,56183.1,9.0,88.453,0.95,,6,12.366,4,25,13,916,0.5262
12.427,12.376,0.0,39539.9,9.0,79.273,1.0,,5,-20.92,4,25,13,680,0.5324
10.737,9.15,0.0,4080.7,9.0,97.054,0.8,,0,-91.839,5,25,3,519,0.5048
10.716,9.177,0.0,4250.8,9.0,96.322,0.85,,0,-91.498,5,25,3,353,0.4788
10.994,9.35,0.0,3582.3,9.0,97.025,0.9,,0,-92.835,5,25,4,347,0.4755
11.855,12.149,0.0,30773.8,9.0,94.158,0.95,,5,-38.452,5,25,13,916,0.5262
12.427,12.376,0.0,24112.6,9.0,85.94,1.0,,4,-51.775,5,25,13,680,0.5324
10.341,9.034,0.0,3418.5,9.0,97.93,0.8,,0,-93.163,6,25,3,430,0.5047
10.454,9.118,0.0,3562.0,9.0,97.351,0.85,,0,-92.876,6,25,3,296,0.4764
10.853,9.383,0.0,3516.5,9.0,97.579,0.9,,0,-92.967,6,25,3,270,0.4704
10.929,9.74,0.0,3487.8,9.0,95.942,0.95,,0,-93.024,6,25,4,255,0.4706
12.427,12.376,0.0,9735.3,9.0,94.098,1.0,,4,-80.529,6,25,13,680,0.5324
10.215,8.709,0.0,2967.7,9.0,98.446,0.8,,0,-94.065,7,25,3,401,0.5162
10.461,9.117,0.0,2868.3,9.0,98.147,0.85,,0,-94.263,7,25,3,283,0.4806
10.5,9.243,0.0,2986.6,9.0,98.235,0.9,,0,-94.027,7,25,3,222,0.464
10.938,9.74,0.0,2829.8,9.0,97.001,0.95,,0,-94.34,7,25,4,254,0.4724
12.205,12.699,0.0104,2837.5,9.0,96.75,1.0,,2,-94.325,7,25,8,392,0.5102
10.231,8.709,0.0,2520.4,9.0,98.841,0.8,,0,-94.959,8,25,3,399,0.5188
10.257,9.088,0.0,2647.8,9.0,98.538,0.85,,0,-94.704,8,25,3,266,0.4887
10.4,9.322,0.0,2549.1,9.0,98.736,0.9,,0,-94.902,8,25,3,218,0.4679
10.539,9.717,0.0,2694.0,9.0,97.351,0.95,,0,-94.612,8,25,3,195,0.4615
12.028,12.605,0.0486,2571.5,9.0,97.254,1.0,,2,-94.857,8,25,7,352,0.517
10.152,8.703,0.0,2171.8,9.0,99.111,0.8,,0,-95.656,9,25,2,330,0.5182
10.428,9.207,0.0,2356.6,9.0,98.863,0.85,,0,-95.287,9,25,3,256,0.4922
10.356,9.322,0.0,2220.1,9.0,99.042,0.9,,0,-95.56,9,25,3,214,0.4766
10.435,9.565,0.0,2089.9,9.0,98.114,0.95,,0,-95.82,9,25,3,181,0.4641
10.735,9.496,0.0,2365.0,9.0,97.652,1.0,,0,-95.27,9,25,4,210,0.481
10.152,8.703,0.0,2171.8,9.0,99.111,0.8,,0,-95.656,10,25,2,330,0.5182
10.428,9.207,0.0,2356.6,9.0,98.863,0.85,,0,-95.287,10,25,3,256,0.4922
10.356,9.322,0.0,2220.1,9.0,99.042,0.9,,0,-95.56,10,25,3,214,0.4766
10.435,9.565,0.0,2089.9,9.0,98.114,0.95,,0,-95.82,10,25,3,181,0.4641
10.735,9.496,0.0,2365.0,9.0,97.652,1.0,,0,-95.27,10,25,4,210,0.481
11.695,11.328,0.0,44588.3,9.0,57.333,0.8,,6,-10.823,1,30,13,2550,0.5149
11.713,11.409,0.0,46024.7,9.0,49.835,0.85,,7,-7.951,1,30,13,1680,0.5131
12.014,11.581,0.0,45369.5,9.0,49.164,0.9,,7,-9.261,1,30,13,1273,0.5122
11.855,12.149,0.0,82354.7,9.0,31.824,0.95,,8,64.709,1,30,13,916,0.5262
12.427,12.376,0.0,74260.6,9.0,24.774,1.0,,6,48.521,1,30,13,680,0.5324
11.454,10.325,0.0043,10559.9,9.0,86.39,0.8,,2,-78.88,2,30,8,1483,0.5091
11.713,11.409,0.0,25237.5,9.0,83.303,0.85,,7,-49.525,2,30,13,1680,0.5131
12.014,11.581,0.0,24088.1,9.0,82.3,0.9,,6,-51.824,2,30,13,1273,0.5122
11.855,12.149,0.0,94709.0,9.0,65.301,0.95,,8,89.418,2,30,13,916,0.5262
12.427,12.376,0.0,79530.9,9.0,49.772,1.0,,5,59.062,2,30,13,680,0.5324
10.599,8.716,0.0293,7194.3,9.0,92.629,0.8,,1,-85.611,3,30,4,798,0.515
11.444,10.517,0.0,7087.9,9.0,91.874,0.85,,3,-85.824,3,30,8,967,0.5026
10.819,9.041,0.0383,7123.6,9.0,91.765,0.9,,1,-85.753,3,30,5,432,0.4676
11.855,12.149,0.0,93887.9,9.0,79.32,0.95,,7,87.776,3,30,13,916,0.5262
12.427,12.376,0.0,82857.3,9.0,64.729,1.0,,6,65.715,3,30,13,680,0.5324
10.688,9.012,0.03,5228.0,9.0,95.539,0.8,,1,-89.544,4,30,4,732,0.5123
10.807,9.301,0.0075,5384.8,9.0,94.754,0.85,,1,-89.23,4,30,4,471,0.4841
10.994,9.35,0.0,4990.0,9.0,95.087,0.9,,0,-90.02,4,30,4,347,0.4755
11.855,12.149,0.0,56183.1,9.0,88.453,0.95,,6,12.366,4,30,13,916,0.5262
12.427,12.376,0.0,39539.9,9.0,79.273,1.0,,5,-20.92,4,30,13,680,0.5324
10.737,9.15,0.0,4080.7,9.0,97.054,0.8,,0,-91.839,5,30,3,519,0.5048
10.716,9.177,0.0,4250.8,9.0,96.322,0.85,,0,-91.498,5,30,3,353,0.4788
10.994,9.35,0.0,3582.3,9.0,97.025,0.9,,0,-92.835,5,30,4,347,0.4755
11.855,12.149,0.0,30773.8,9.0,94.158,0.95,,5,-38.452,5,30,13,916,0.5262
12.427,12.376,0.0,24112.6,9.0,85.94,1.0,,4,-51.775,5,30,13,680,0.5324
10.341,9.034,0.0,3418.5,9.0,97.93,0.8,,0,-93.163,6,30,3,430,0.5047
10.454,9.118,0.0,3562.0,9.0,97.351,0.85,,0,-92.876,6,30,3,296,0.4764
10.853,9.383,0.0,3516.5,9.0,97.579,0.9,,0,-92.967,6,30,3,270,0.4704
10.929,9.74,0.0,3487.8,9.0,95.942,0.95,,0,-93.024,6,30,4,255,0.4706
12.427,12.376,0.0,9735.3,9.0,94.098,1.0,,4,-80.529,6,30,13,680,0.5324
10.215,8.709,0.0,2967.7,9.0,98.446,0.8,,0,-94.065,7,30,3,401,0.5162
10.461,9.117,0.0,2868.3,9.0,98.147,0.85,,0,-94.263,7,30,3,283,0.4806
10.5,9.243,0.0,2986.6,9.0,98.235,0.9,,0,-94.027,7,30,3,222,0.464
10.938,9.74,0.0,2829.8,9.0,97.001,0.95,,0,-94.34,7,30,4,254,0.4724
12.205,12.699,0.0104,2837.5,9.0,96.75,1.0,,2,-94.325,7,30,8,392,0.5102
10.231,8.709,0.0,2520.4,9.0,98.841,0.8,,0,-94.959,8,30,3,399,0.5188
10.257,9.088,0.0,2647.8,9.0,98.538,0.85,,0,-94.704,8,30,3,266,0.4887
10.4,9.322,0.0,2549.1,9.0,98.736,0.9,,0,-94.902,8,30,3,218,0.4679
10.539,9.717,0.0,2694.0,9.0,97.351,0.95,,0,-94.612,8,30,3,195,0.4615
12.028,12.605,0.0486,2571.5,9.0,97.254,1.0,,2,-94.857,8,30,7,352,0.517
10.152,8.703,0.0,2171.8,9.0,99.111,0.8,,0,-95.656,9,30,2,330,0.5182
10.428,9.207,0.0,2356.6,9.0,98.863,0.85,,0,-95.287,9,30,3,256,0.4922
10.356,9.322,0.0,2220.1,9.0,99.042,0.9,,0,-95.56,9,30,3,214,0.4766
10.435,9.565,0.0,2089.9,9.0,98.114,0.95,,0,-95.82,9,30,3,181,0.4641
10.735,9.496,0.0,2365.0,9.0,97.652,1.0,,0,-95.27,9,30,4,210,0.481
10.152,8.703,0.0,2171.8,9.0,99.111,0.8,,0,-95.656,10,30,2,330,0.5182
10.428,9.207,0.0,2356.6,9.0,98.863,0.85,,0,-95.287,10,30,3,256,0.4922
10.356,9.322,0.0,2220.1,9.0,99.042,0.9,,0,-95.56,10,30,3,214,0.4766
10.435,9.565,0.0,2089.9,9.0,98.114,0.95,,0,-95.82,10,30,3,181,0.4641
10.735,9.496,0.0,2365.0,9.0,97.652,1.0,,0,-95.27,10,30,4,210,0.481
11.695,11.328,0.0,44588.3,9.0,57.333,0.8,,6,-10.823,1,35,13,2550,0.5149
11.713,11.409,0.0,46024.7,9.0,49.835,0.85,,7,-7.951,1,35,13,1680,0.5131
12.014,11.581,0.0,45369.5,9.0,49.164,0.9,,7,-9.261,1,35,13,1273,0.5122
11.855,12.149,0.0,82354.7,9.0,31.824,0.95,,8,64.709,1,35,13,916,0.5262
12.427,12.376,0.0,74260.6,9.0,24.774,1.0,,6,48.521,1,35,13,680,0.5324
11.454,10.325,0.0043,10559.9,9.0,86.39,0.8,,2,-78.88,2,35,8,1483,0.5091
11.713,11.409,0.0,25237.5,9.0,83.303,0.85,,7,-49.525,2,35,13,1680,0.5131
12.014,11.581,0.0,24088.1,9.0,82.3,0.9,,6,-51.824,2,35,13,1273,0.5122
11.855,12.149,0.0,94709.0,9.0,65.301,0.95,,8,89.418,2,35,13,916,0.5262
12.427,12.376,0.0,79530.9,9.0,49.772,1.0,,5,59.062,2,35,13,680,0.5324
10.599,8.716,0.0293,7194.3,9.0,92.629,0.8,,1,-85.611,3,35,4,798,0.515
11.444,10.517,0.0,7087.9,9.0,91.874,0.85,,3,-85.824,3,35,8,967,0.5026
10.819,9.041,0.0383,7123.6,9.0,91.765,0.9,,1,-85.753,3,35,5,432,0.4676
11.855,12.149,0.0,93887.9,9.0,79.32,0.95,,7,87.776,3,35,13,916,0.5262
12.427,12.376,0.0,82857.3,9.0,64.729,1.0,,6,65.715,3,35,13,680,0.5324
10.688,9.012,0.03,5228.0,9.0,95.539,0.8,,1,-89.544,4,35,4,732,0.5123
10.807,9.301,0.0075,5384.8,9.0,94.754,0.85,,1,-89.23,4,35,4,471,0.4841
10.994,9.35,0.0,4990.0,9.0,95.087,0.9,,0,-90.02,4,35,4,347,0.4755
11.855,12.149,0.0,56183.1,9.0,88.453,0.95,,6,12.366,4,35,13,916,0.5262
12.427,12.376,0.0,39539.9,9.0,79.273,1.0,,5,-20.92,4,35,13,680,0.5324
10.737,9.15,0.0,4080.7,9.0,97.054,0.8,,0,-91.839,5,35,3,519,0.5048
10.716,9.177,0.0,4250.8,9.0,96.322,0.85,,0,-91.498,5,35,3,353,0.4788
10.994,9.35,0.0,3582.3,9.0,97.025,0.9,,0,-92.835,5,35,4,347,0.4755
11.855,12.149,0.0,30773.8,9.0,94.158,0.95,,5,-38.452,5,35,13,916,0.5262
12.427,12.376,0.0,24112.6,9.0,85.94,1.0,,4,-51.775,5,35,13,680,0.5324
10.341,9.034,0.0,3418.5,9.0,97.93,0.8,,0,-93.163,6,35,3,430,0.5047
10.454,9.118,0.0,3562.0,9.0,97.351,0.85,,0,-92.876,6,35,3,296,0.4764
10.853,9.383,0.0,3516.5,9.0,97.579,0.9,,0,-92.967,6,35,3,270,0.4704
10.929,9.74,0.0,3487.8,9.0,95.942,0.95,,0,-93.024,6,35,4,255,0.4706
12.427,12.376,0.0,9735.3,9.0,94.098,1.0,,4,-80.529,6,35,13,680,0.5324
10.215,8.709,0.0,2967.7,9.0,98.446,0.8,,0,-94.065,7,35,3,401,0.5162
10.461,9.117,0.0,2868.3,9.0,98.147,0.85,,0,-94.263,7,35,3,283,0.4806
10.5,9.243,0.0,2986.6,9.0,98.235,0.9,,0,-94.027,7,35,3,222,0.464
10.938,9.74,0.0,2829.8,9.0,97.001,0.95,,0,-94.34,7,35,4,254,0.4724
12.205,12.699,0.0104,2837.5,9.0,96.75,1.0,,2,-94.325,7,35,8,392,0.5102
10.231,8.709,0.0,2520.4,9.0,98.841,0.8,,0,-94.959,8,35,3,399,0.5188
10.257,9.088,0.0,2647.8,9.0,98.538,0.85,,0,-94.704,8,35,3,266,0.4887
10.4,9.322,0.0,2549.1,9.0,98.736,0.9,,0,-94.902,8,35,3,218,0.4679
10.539,9.717,0.0,2694.0,9.0,97.351,0.95,,0,-94.612,8,35,3,195,0.4615
12.028,12.605,0.0486,2571.5,9.0,97.254,1.0,,2,-94.857,8,35,7,352,0.517
10.152,8.703,0.0,2171.8,9.0,99.111,0.8,,0,-95.656,9,35,2,330,0.5182
10.428,9.207,0.0,2356.6,9.0,98.863,0.85,,0,-95.287,9,35,3,256,0.4922
10.356,9.322,0.0,2220.1,9.0,99.042,0.9,,0,-95.56,9,35,3,214,0.4766
10.435,9.565,0.0,2089.9,9.0,98.114,0.95,,0,-95.82,9,35,3,181,0.4641
10.735,9.496,0.0,2365.0,9.0,97.652,1.0,,0,-95.27,9,35,4,210,0.481
10.152,8.703,0.0,2171.8,9.0,99.111,0.8,,0,-95.656,10,35,2,330,0.5182
10.428,9.207,0.0,2356.6,9.0,98.863,0.85,,0,-95.287,10,35,3,256,0.4922
10.356,9.322,0.0,2220.1,9.0,99.042,0.9,,0,-95.56,10,35,3,214,0.4766
10.435,9.565,0.0,2089.9,9.0,98.114,0.95,,0,-95.82,10,35,3,181,0.4641
10.735,9.496,0.0,2365.0,9.0,97.652,1.0,,0,-95.27,10,35,4,210,0.481
11.695,11.328,0.0,44588.3,9.0,57.333,0.8,,6,-10.823,1,40,13,2550,0.5149
11.713,11.409,0.0,46024.7,9.0,49.835,0.85,,7,-7.951,1,40,13,1680,0.5131
12.014,11.581,0.0,45369.5,9.0,49.164,0.9,,7,-9.261,1,40,13,1273,0.5122
11.855,12.149,0.0,82354.7,9.0,31.824,0.95,,8,64.709,1,40,13,916,0.5262
12.427,12.376,0.0,74260.6,9.0,24.774,1.0,,6,48.521,1,40,13,680,0.5324
11.454,10.325,0.0043,10559.9,9.0,86.39,0.8,,2,-78.88,2,40,8,1483,0.5091
11.713,11.409,0.0,25237.5,9.0,83.303,0.85,,7,-49.525,2,40,13,1680,0.5131
12.014,11.581,0.0,24088.1,9.0,82.3,0.9,,6,-51.824,2,40,13,1273,0.5122
11.855,12.149,0.0,94709.0,9.0,65.301,0.95,,8,89.418,2,40,13,916,0.5262
12.427,12.376,0.0,79530.9,9.0,49.772,1.0,,5,59.062,2,40,13,680,0.5324
10.599,8.716,0.0293,7194.3,9.0,92.629,0.8,,1,-85.611,3,40,4,798,0.515
11.444,10.517,0.0,7087.9,9.0,91.874,0.85,,3,-85.824,3,40,8,967,0.5026
10.819,9.041,0.0383,7123.6,9.0,91.765,0.9,,1,-85.753,3,40,5,432,0.4676
11.855,12.149,0.0,93887.9,9.0,79.32,0.95,,7,87.776,3,40,13,916,0.5262
12.427,12.376,0.0,82857.3,9.0,64.729,1.0,,6,65.715,3,40,13,680,0.5324
10.688,9.012,0.03,5228.0,9.0,95.539,0.8,,1,-89.544,4,40,4,732,0.5123
10.807,9.301,0.0075,5384.8,9.0,94.754,0.85,,1,-89.23,4,40,4,471,0.4841
10.994,9.35,0.0,4990.0,9.0,95.087,0.9,,0,-90.02,4,40,4,347,0.4755
11.855,12.149,0.0,56183.1,9.0,88.453,0.95,,6,12.366,4,40,13,916,0.5262
12.427,12.376,0.0,39539.9,9.0,79.273,1.0,,5,-20.92,4,40,13,680,0.5324
10.737,9.15,0.0,4080.7,9.0,97.054,0.8,,0,-91.839,5,40,3,519,0.5048
10.716,9.177,0.0,4250.8,9.0,96.322,0.85,,0,-91.498,5,40,3,353,0.4788
10.994,9.35,0.0,3582.3,9.0,97.025,0.9,,0,-92.835,5,40,4,347,0.4755
11.855,12.149,0.0,30773.8,9.0,94.158,0.95,,5,-38.452,5,40,13,916,0.5262
12.427,12.376,0.0,24112.6,9.0,85.94,1.0,,4,-51.775,5,40,13,680,0.5324
10.341,9.034,0.0,3418.5,9.0,97.93,0.8,,0,-93.163,6,40,3,430,0.5047
10.454,9.118,0.0,3562.0,9.0,97.351,0.85,,0,-92.876,6,40,3,296,0.4764
10.853,9.383,0.0,3516.5,9.0,97.579,0.9,,0,-92.967,6,40,3,270,0.4704
10.929,9.74,0.0,3487.8,9.0,95.942,0.95,,0,-93.024,6,40,4,255,0.4706
12.427,12.376,0.0,9735.3,9.0,94.098,1.0,,4,-80.529,6,40,13,680,0.5324
10.215,8.709,0.0,2967.7,9.0,98.446,0.8,,0,-94.065,7,40,3,401,0.5162
10.461,9.117,0.0,2868.3,9.0,98.147,0.85,,0,-94.263,7,40,3,283,0.4806
10.5,9.243,0.0,2986.6,9.0,98.235,0.9,,0,-94.027,7,40,3,222,0.464
10.938,9.74,0.0,2829.8,9.0,97.001,0.95,,0,-94.34,7,40,4,254,0.4724
12.205,12.699,0.0104,2837.5,9.0,96.75,1.0,,2,-94.325,7,40,8,392,0.5102
10.231,8.709,0.0,2520.4,9.0,98.841,0.8,,0,-94.959,8,40,3,399,0.5188
10.257,9.088,0.0,2647.8,9.0,98.538,0.85,,0,-94.704,8,40,3,266,0.4887
10.4,9.322,0.0,2549.1,9.0,98.736,0.9,,0,-94.902,8,40,3,218,0.4679
10.539,9.717,0.0,2694.0,9.0,97.351,0.95,,0,-94.612,8,40,3,195,0.4615
12.028,12.605,0.0486,2571.5,9.0,97.254,1.0,,2,-94.857,8,40,7,352,0.517
10.152,8.703,0.0,2171.8,9.0,99.111,0.8,,0,-95.656,9,40,2,330,0.5182
10.428,9.207,0.0,2356.6,9.0,98.863,0.85,,0,-95.287,9,40,3,256,0.4922
10.356,9.322,0.0,2220.1,9.0,99.042,0.9,,0,-95.56,9,40,3,214,0.4766
10.435,9.565,0.0,2089.9,9.0,98.114,0.95,,0,-95.82,9,40,3,181,0.4641
10.735,9.496,0.0,2365.0,9.0,97.652,1.0,,0,-95.27,9,40,4,210,0.481
10.152,8.703,0.0,2171.8,9.0,99.111,0.8,,0,-95.656,10,40,2,330,0.5182
10.428,9.207,0.0,2356.6,9.0,98.863,0.85,,0,-95.287,10,40,3,256,0.4922
10.356,9.322,0.0,2220.1,9.0,99.042,0.9,,0,-95.56,10,40,3,214,0.4766
10.435,9.565,0.0,2089.9,9.0,98.114,0.95,,0,-95.82,10,40,3,181,0.4641
10.735,9.496,0.0,2365.0,9.0,97.652,1.0,,0,-95.27,10,40,4,210,0.481
11.695,11.328,0.0,44588.3,9.0,57.333,0.8,,6,-10.823,1,45,13,2550,0.5149
11.713,11.409,0.0,46024.7,9.0,49.835,0.85,,7,-7.951,1,45,13,1680,0.5131
12.014,11.581,0.0,45369.5,9.0,49.164,0.9,,7,-9.261,1,45,13,1273,0.5122
11.855,12.149,0.0,82354.7,9.0,31.824,0.95,,8,64.709,1,45,13,916,0.5262
12.427,12.376,0.0,74260.6,9.0,24.774,1.0,,6,48.521,1,45,13,680,0.5324
11.454,10.325,0.0043,10559.9,9.0,86.39,0.8,,2,-78.88,2,45,8,1483,0.5091
11.713,11.409,0.0,25237.5,9.0,83.303,0.85,,7,-49.525,2,45,13,1680,0.5131
12.014,11.581,0.0,24088.1,9.0,82.3,0.9,,6,-51.824,2,45,13,1273,0.5122
11.855,12.149,0.0,94709.0,9.0,65.301,0.95,,8,89.418,2,45,13,916,0.5262
12.427,12.376,0.0,79530.9,9.0,49.772,1.0,,5,59.062,2,45,13,680,0.5324
10.599,8.716,0.0293,7194.3,9.0,92.629,0.8,,1,-85.611,3,45,4,798,0.515
11.444,10.517,0.0,7087.9,9.0,91.874,0.85,,3,-85.824,3,45,8,967,0.5026
10.819,9.041,0.0383,7123.6,9.0,91.765,0.9,,1,-85.753,3,45,5,432,0.4676
11.855,12.149,0.0,93887.9,9.0,79.32,0.95,,7,87.776,3,45,13,916,0.5262
12.427,12.376,0.0,82857.3,9.0,64.729,1.0,,6,65.715,3,45,13,680,0.5324
10.688,9.012,0.03,5228.0,9.0,95.539,0.8,,1,-89.544,4,45,4,732,0.5123
10.807,9.301,0.0075,5384.8,9.0,94.754,0.85,,1,-89.23,4,45,4,471,0.4841
10.994,9.35,0.0,4990.0,9.0,95.087,0.9,,0,-90.02,4,45,4,347,0.4755
11.855,12.149,0.0,56183.1,9.0,88.453,0.95,,6,12.366,4,45,13,916,0.5262
12.427,12.376,0.0,39539.9,9.0,79.273,1.0,,5,-20.92,4,45,13,680,0.5324
10.737,9.15,0.0,4080.7,9.0,97.054,0.8,,0,-91.839,5,45,3,519,0.5048
10.716,9.177,0.0,4250.8,9.0,96.322,0.85,,0,-91.498,5,45,3,353,0.4788
10.994,9.35,0.0,3582.3,9.0,97.025,0.9,,0,-92.835,5,45,4,347,0.4755
11.855,12.149,0.0,30773.8,9.0,94.158,0.95,,5,-38.452,5,45,13,916,0.5262
12.427,12.376,0.0,24112.6,9.0,85.94,1.0,,4,-51.775,5,45,13,680,0.5324
10.341,9.034,0.0,3418.5,9.0,97.93,0.8,,0,-93.163,6,45,3,430,0.5047
10.454,9.118,0.0,3562.0,9.0,97.351,0.85,,0,-92.876,6,45,3,296,0.4764
10.853,9.383,0.0,3516.5,9.0,97.579,0.9,,0,-92.967,6,45,3,270,0.4704
10.929,9.74,0.0,3487.8,9.0,95.942,0.95,,0,-93.024,6,45,4,255,0.4706
12.427,12.376,0.0,9735.3,9.0,94.098,1.0,,4,-80.529,6,45,13,680,0.5324
10.215,8.709,0.0,2967.7,9.0,98.446,0.8,,0,-94.065,7,45,3,401,0.5162
10.461,9.117,0.0,2868.3,9.0,98.147,0.85,,0,-94.263,7,45,3,283,0.4806
10.5,9.243,0.0,2986.6,9.0,98.235,0.9,,0,-94.027,7,45,3,222,0.464
10.938,9.74,0.0,2829.8,9.0,97.001,0.95,,0,-94.34,7,45,4,254,0.4724
12.205,12.699,0.0104,2837.5,9.0,96.75,1.0,,2,-94.325,7,45,8,392,0.5102
10.231,8.709,0.0,2520.4,9.0,98.841,0.8,,0,-94.959,8,45,3,399,0.5188
10.257,9.088,0.0,2647.8,9.0,98.538,0.85,,0,-94.704,8,45,3,266,0.4887
10.4,9.322,0.0,2549.1,9.0,98.736,0.9,,0,-94.902,8,45,3,218,0.4679
10.539,9.717,0.0,2694.0,9.0,97.351,0.95,,0,-94.612,8,45,3,195,0.4615
12.028,12.605,0.0486,2571.5,9.0,97.254,1.0,,2,-94.857,8,45,7,352,0.517
10.152,8.703,0.0,2171.8,9.0,99.111,0.8,,0,-95.656,9,45,2,330,0.5182
10.428,9.207,0.0,2356.6,9.0,98.863,0.85,,0,-95.287,9,45,3,256,0.4922
10.356,9.322,0.0,2220.1,9.0,99.042,0.9,,0,-95.56,9,45,3,214,0.4766
10.435,9.565,0.0,2089.9,9.0,98.114,0.95,,0,-95.82,9,45,3,181,0.4641
10.735,9.496,0.0,2365.0,9.0,97.652,1.0,,0,-95.27,9,45,4,210,0.481
10.152,8.703,0.0,2171.8,9.0,99.111,0.8,,0,-95.656,10,45,2,330,0.5182
10.428,9.207,0.0,2356.6,9.0,98.863,0.85,,0,-95.287,10,45,3,256,0.4922
10.356,9.322,0.0,2220.1,9.0,99.042,0.9,,0,-95.56,10,45,3,214,0.4766
10.435,9.565,0.0,2089.9,9.0,98.114,0.95,,0,-95.82,10,45,3,181,0.4641
10.735,9.496,0.0,2365.0,9.0,97.652,1.0,,0,-95.27,10,45,4,210,0.481
11.695,11.328,0.0,44588.3,9.0,57.333,0.8,,6,-10.823,1,50,13,2550,0.5149
11.713,11.409,0.0,46024.7,9.0,49.835,0.85,,7,-7.951,1,50,13,1680,0.5131
12.014,11.581,0.0,45369.5,9.0,49.164,0.9,,7,-9.261,1,50,13,1273,0.5122
11.855,12.149,0.0,82354.7,9.0,31.824,0.95,,8,64.709,1,50,13,916,0.5262
12.427,12.376,0.0,74260.6,9.0,24.774,1.0,,6,48.521,1,50,13,680,0.5324
11.454,10.325,0.0043,10559.9,9.0,86.39,0.8,,2,-78.88,2,50,8,1483,0.5091
11.713,11.409,0.0,25237.5,9.0,83.303,0.85,,7,-49.525,2,50,13,1680,0.5131
12.014,11.581,0.0,24088.1,9.0,82.3,0.9,,6,-51.824,2,50,13,1273,0.5122
11.855,12.149,0.0,94709.0,9.0,65.301,0.95,,8,89.418,2,50,13,916,0.5262
12.427,12.376,0.0,79530.9,9.0,49.772,1.0,,5,59.062,2,50,13,680,0.5324
10.599,8.716,0.0293,7194.3,9.0,92.629,0.8,,1,-85.611,3,50,4,798,0.515
11.444,10.517,0.0,7087.9,9.0,91.874,0.85,,3,-85.824,3,50,8,967,0.5026
10.819,9.041,0.0383,7123.6,9.0,91.765,0.9,,1,-85.753,3,50,5,432,0.4676
11.855,12.149,0.0,93887.9,9.0,79.32,0.95,,7,87.776,3,50,13,916,0.5262
12.427,12.376,0.0,82857.3,9.0,64.729,1.0,,6,65.715,3,50,13,680,0.5324
10.688,9.012,0.03,5228.0,9.0,95.539,0.8,,1,-89.544,4,50,4,732,0.5123
10.807,9.301,0.0075,5384.8,9.0,94.754,0.85,,1,-89.23,4,50,4,471,0.4841
10.994,9.35,0.0,4990.0,9.0,95.087,0.9,,0,-90.02,4,50,4,347,0.4755
11.855,12.149,0.0,56183.1,9.0,88.453,0.95,,6,12.366,4,50,13,916,0.5262
12.427,12.376,0.0,39539.9,9.0,79.273,1.0,,5,-20.92,4,50,13,680,0.5324
10.737,9.15,0.0,4080.7,9.0,97.054,0.8,,0,-91.839,5,50,3,519,0.5048
10.716,9.177,0.0,4250.8,9.0,96.322,0.85,,0,-91.498,5,50,3,353,0.4788
10.994,9.35,0.0,3582.3,9.0,97.025,0.9,,0,-92.835,5,50,4,347,0.4755
11.855,12.149,0.0,30773.8,9.0,94.158,0.95,,5,-38.452,5,50,13,916,0.5262
12.427,12.376,0.0,24112.6,9.0,85.94,1.0,,4,-51.775,5,50,13,680,0.5324
10.341,9.034,0.0,3418.5,9.0,97.93,0.8,,0,-93.163,6,50,3,430,0.5047
10.454,9.118,0.0,3562.0,9.0,97.351,0.85,,0,-92.876,6,50,3,296,0.4764
10.853,9.383,0.0,3516.5,9.0,97.579,0.9,,0,-92.967,6,50,3,270,0.4704
10.929,9.74,0.0,3487.8,9.0,95.942,0.95,,0,-93.024,6,50,4,255,0.4706
12.427,12.376,0.0,9735.3,9.0,94.098,1.0,,4,-80.529,6,50,13,680,0.5324
10.215,8.709,0.0,2967.7,9.0,98.446,0.8,,0,-94.065,7,50,3,401,0.5162
10.461,9.117,0.0,2868.3,9.0,98.147,0.85,,0,-94.263,7,50,3,283,0.4806
10.5,9.243,0.0,2986.6,9.0,98.235,0.9,,0,-94.027,7,50,3,222,0.464
10.938,9.74,0.0,2829.8,9.0,97.001,0.95,,0,-94.34,7,50,4,254,0.4724
12.205,12.699,0.0104,2837.5,9.0,96.75,1.0,,2,-94.325,7,50,8,392,0.5102
10.231,8.709,0.0,2520.4,9.0,98.841,0.8,,0,-94.959,8,50,3,399,0.5188
10.257,9.088,0.0,2647.8,9.0,98.538,0.85,,0,-94.704,8,50,3,266,0.4887
10.4,9.322,0.0,2549.1,9.0,98.736,0.9,,0,-94.902,8,50,3,218,0.4679
10.539,9.717,0.0,2694.0,9.0,97.351,0.95,,0,-94.612,8,50,3,195,0.4615
12.028,12.605,0.0486,2571.5,9.0,97.254,1.0,,2,-94.857,8,50,7,352,0.517
10.152,8.703,0.0,2171.8,9.0,99.111,0.8,,0,-95.656,9,50,2,330,0.5182
10.428,9.207,0.0,2356.6,9.0,98.863,0.85,,0,-95.287,9,50,3,256,0.4922
10.356,9.322,0.0,2220.1,9.0,99.042,0.9,,0,-95.56,9,50,3,214,0.4766
10.435,9.565,0.0,2089.9,9.0,98.114,0.95,,0,-95.82,9,50,3,181,0.4641
10.735,9.496,0.0,2365.0,9.0,97.652,1.0,,0,-95.27,9,50,4,210,0.481
10.152,8.703,0.0,2171.8,9.0,99.111,0.8,,0,-95.656,10,50,2,330,0.5182
10.428,9.207,0.0,2356.6,9.0,98.863,0.85,,0,-95.287,10,50,3,256,0.4922
10.356,9.322,0.0,2220.1,9.0,99.042,0.9,,0,-95.56,10,50,3,214,0.4766
10.435,9.565,0.0,2089.9,9.0,98.114,0.95,,0,-95.82,10,50,3,181,0.4641
10.735,9.496,0.0,2365.0,9.0,97.652,1.0,,0,-95.27,10,50,4,210,0.481
11.695,11.328,0.0,44588.3,9.0,57.333,0.8,,6,-10.823,1,55,13,2550,0.5149
11.713,11.409,0.0,46024.7,9.0,49.835,0.85,,7,-7.951,1,55,13,1680,0.5131
12.014,11.581,0.0,45369.5,9.0,49.164,0.9,,7,-9.261,1,55,13,1273,0.5122
11.855,12.149,0.0,82354.7,9.0,31.824,0.95,,8,64.709,1,55,13,916,0.5262
12.427,12.376,0.0,74260.6,9.0,24.774,1.0,,6,48.521,1,55,13,680,0.5324
11.454,10.325,0.0043,10559.9,9.0,86.39,0.8,,2,-78.88,2,55,8,1483,0.5091
11.713,11.409,0.0,25237.5,9.0,83.303,0.85,,7,-49.525,2,55,13,1680,0.5131
12.014,11.581,0.0,24088.1,9.0,82.3,0.9,,6,-51.824,2,55,13,1273,0.5122
11.855,12.149,0.0,94709.0,9.0,65.301,0.95,,8,89.418,2,55,13,916,0.5262
12.427,12.376,0.0,79530.9,9.0,49.772,1.0,,5,59.062,2,55,13,680,0.5324
10.599,8.716,0.0293,7194.3,9.0,92.629,0.8,,1,-85.611,3,55,4,798,0.515
11.444,10.517,0.0,7087.9,9.0,91.874,0.85,,3,-85.824,3,55,8,967,0.5026
10.819,9.041,0.0383,7123.6,9.0,91.765,0.9,,1,-85.753,3,55,5,432,0.4676
11.855,12.149,0.0,93887.9,9.0,79.32,0.95,,7,87.776,3,55,13,916,0.5262
12.427,12.376,0.0,82857.3,9.0,64.729,1.0,,6,65.715,3,55,13,680,0.5324
10.688,9.012,0.03,5228.0,9.0,95.539,0.8,,1,-89.544,4,55,4,732,0.5123
10.807,9.301,0.0075,5384.8,9.0,94.754,0.85,,1,-89.23,4,55,4,471,0.4841
10.994,9.35,0.0,4990.0,9.0,95.087,0.9,,0,-90.02,4,55,4,347,0.4755
11.855,12.149,0.0,56183.1,9.0,88.453,0.95,,6,12.366,4,55,13,916,0.5262
12.427,12.376,0.0,39539.9,9.0,79.273,1.0,,5,-20.92,4,55,13,680,0.5324
10.737,9.15,0.0,4080.7,9.0,97.054,0.8,,0,-91.839,5,55,3,519,0.5048
10.716,9.177,0.0,4250.8,9.0,96.322,0.85,,0,-91.498,5,55,3,353,0.4788
10.994,9.35,0.0,3582.3,9.0,97.025,0.9,,0,-92.835,5,55,4,347,0.4755
11.855,12.149,0.0,30773.8,9.0,94.158,0.95,,5,-38.452,5,55,13,916,0.5262
12.427,12.376,0.0,24112.6,9.0,85.94,1.0,,4,-51.775,5,55,13,680,0.5324
10.341,9.034,0.0,3418.5,9.0,97.93,0.8,,0,-93.163,6,55,3,430,0.5047
10.454,9.118,0.0,3562.0,9.0,97.351,0.85,,0,-92.876,6,55,3,296,0.4764
10.853,9.383,0.0,3516.5,9.0,97.579,0.9,,0,-92.967,6,55,3,270,0.4704
10.929,9.74,0.0,3487.8,9.0,95.942,0.95,,0,-93.024,6,55,4,255,0.4706
12.427,12.376,0.0,9735.3,9.0,94.098,1.0,,4,-80.529,6,55,13,680,0.5324
10.215,8.709,0.0,2967.7,9.0,98.446,0.8,,0,-94.065,7,55,3,401,0.5162
10.461,9.117,0.0,2868.3,9.0,98.147,0.85,,0,-94.263,7,55,3,283,0.4806
10.5,9.243,0.0,2986.6,9.0,98.235,0.9,,0,-94.027,7,55,3,222,0.464
10.938,9.74,0.0,2829.8,9.0,97.001,0.95,,0,-94.34,7,55,4,254,0.4724
12.205,12.699,0.0104,2837.5,9.0,96.75,1.0,,2,-94.325,7,55,8,392,0.5102
10.231,8.709,0.0,2520.4,9.0,98.841,0.8,,0,-94.959,8,55,3,399,0.5188
10.257,9.088,0.0,2647.8,9.0,98.538,0.85,,0,-94.704,8,55,3,266,0.4887
10.4,9.322,0.0,2549.1,9.0,98.736,0.9,,0,-94.902,8,55,3,218,0.4679
10.539,9.717,0.0,2694.0,9.0,97.351,0.95,,0,-94.612,8,55,3,195,0.4615
12.028,12.605,0.0486,2571.5,9.0,97.254,1.0,,2,-94.857,8,55,7,352,0.517
10.152,8.703,0.0,2171.8,9.0,99.111,0.8,,0,-95.656,9,55,2,330,0.5182
10.428,9.207,0.0,2356.6,9.0,98.863,0.85,,0,-95.287,9,55,3,256,0.4922
10.356,9.322,0.0,2220.1,9.0,99.042,0.9,,0,-95.56,9,55,3,214,0.4766
10.435,9.565,0.0,2089.9,9.0,98.114,0.95,,0,-95.82,9,55,3,181,0.4641
10.735,9.496,0.0,2365.0,9.0,97.652,1.0,,0,-95.27,9,55,4,210,0.481
10.152,8.703,0.0,2171.8,9.0,99.111,0.8,,0,-95.656,10,55,2,330,0.5182
10.428,9.207,0.0,2356.6,9.0,98.863,0.85,,0,-95.287,10,55,3,256,0.4922
10.356,9.322,0.0,2220.1,9.0,99.042,0.9,,0,-95.56,10,55,3,214,0.4766
10.435,9.565,0.0,2089.9,9.0,98.114,0.95,,0,-95.82,10,55,3,181,0.4641
10.735,9.496,0.0,2365.0,9.0,97.652,1.0,,0,-95.27,10,55,4,210,0.481
11.695,11.328,0.0,44588.3,9.0,57.333,0.8,,6,-10.823,1,60,13,2550,0.5149
11.713,11.409,0.0,46024.7,9.0,49.835,0.85,,7,-7.951,1,60,13,1680,0.5131
12.014,11.581,0.0,45369.5,9.0,49.164,0.9,,7,-9.261,1,60,13,1273,0.5122
11.855,12.149,0.0,82354.7,9.0,31.824,0.95,,8,64.709,1,60,13,916,0.5262
12.427,12.376,0.0,74260.6,9.0,24.774,1.0,,6,48.521,1,60,13,680,0.5324
11.454,10.325,0.0043,10559.9,9.0,86.39,0.8,,2,-78.88,2,60,8,1483,0.5091
11.713,11.409,0.0,25237.5,9.0,83.303,0.85,,7,-49.525,2,60,13,1680,0.5131
12.014,11.581,0.0,24088.1,9.0,82.3,0.9,,6,-51.824,2,60,13,1273,0.5122
11.855,12.149,0.0,94709.0,9.0,65.301,0.95,,8,89.418,2,60,13,916,0.5262
12.427,12.376,0.0,79530.9,9.0,49.772,1.0,,5,59.062,2,60,13,680,0.5324
10.599,8.716,0.0293,7194.3,9.0,92.629,0.8,,1,-85.611,3,60,4,798,0.515
11.444,10.517,0.0,7087.9,9.0,91.874,0.85,,3,-85.824,3,60,8,967,0.5026
10.819,9.041,0.0383,7123.6,9.0,91.765,0.9,,1,-85.753,3,60,5,432,0.4676
11.855,12.149,0.0,93887.9,9.0,79.32,0.95,,7,87.776,3,60,13,916,0.5262
12.427,12.376,0.0,82857.3,9.0,64.729,1.0,,6,65.715,3,60,13,680,0.5324
10.688,9.012,0.03,5228.0,9.0,95.539,0.8,,1,-89.544,4,60,4,732,0.5123
10.807,9.301,0.0075,5384.8,9.0,94.754,0.85,,1,-89.23,4,60,4,471,0.4841
10.994,9.35,0.0,4990.0,9.0,95.087,0.9,,0,-90.02,4,60,4,347,0.4755
11.855,12.149,0.0,56183.1,9.0,88.453,0.95,,6,12.366,4,60,13,916,0.5262
12.427,12.376,0.0,39539.9,9.0,79.273,1.0,,5,-20.92,4,60,13,680,0.5324
10.737,9.15,0.0,4080.7,9.0,97.054,0.8,,0,-91.839,5,60,3,519,0.5048
10.716,9.177,0.0,4250.8,9.0,96.322,0.85,,0,-91.498,5,60,3,353,0.4788
10.994,9.35,0.0,3582.3,9.0,97.025,0.9,,0,-92.835,5,60,4,347,0.4755
11.855,12.149,0.0,30773.8,9.0,94.158,0.95,,5,-38.452,5,60,13,916,0.5262
12.427,12.376,0.0,24112.6,9.0,85.94,1.0,,4,-51.775,5,60,13,680,0.5324
10.341,9.034,0.0,3418.5,9.0,97.93,0.8,,0,-93.163,6,60,3,430,0.5047
10.454,9.118,0.0,3562.0,9.0,97.351,0.85,,0,-92.876,6,60,3,296,0.4764
10.853,9.383,0.0,3516.5,9.0,97.579,0.9,,0,-92.967,6,60,3,270,0.4704
10.929,9.74,0.0,3487.8,9.0,95.942,0.95,,0,-93.024,6,60,4,255,0.4706
12.427,12.376,0.0,9735.3,9.0,94.098,1.0,,4,-80.529,6,60,13,680,0.5324
10.215,8.709,0.0,2967.7,9.0,98.446,0.8,,0,-94.065,7,60,3,401,0.5162
10.461,9.117,0.0,2868.3,9.0,98.147,0.85,,0,-94.263,7,60,3,283,0.4806
10.5,9.243,0.0,2986.6,9.0,98.235,0.9,,0,-94.027,7,60,3,222,0.464
10.938,9.74,0.0,2829.8,9.0,97.001,0.95,,0,-94.34,7,60,4,254,0.4724
12.205,12.699,0.0104,2837.5,9.0,96.75,1.0,,2,-94.325,7,60,8,392,0.5102
10.231,8.709,0.0,2520.4,9.0,98.841,0.8,,0,-94.959,8,60,3,399,0.5188
10.257,9.088,0.0,2647.8,9.0,98.538,0.85,,0,-94.704,8,60,3,266,0.4887
10.4,9.322,0.0,2549.1,9.0,98.736,0.9,,0,-94.902,8,60,3,218,0.4679
10.539,9.717,0.0,2694.0,9.0,97.351,0.95,,0,-94.612,8,60,3,195,0.4615
12.028,12.605,0.0486,2571.5,9.0,97.254,1.0,,2,-94.857,8,60,7,352,0.517
10.152,8.703,0.0,2171.8,9.0,99.111,0.8,,0,-95.656,9,60,2,330,0.5182
10.428,9.207,0.0,2356.6,9.0,98.863,0.85,,0,-95.287,9,60,3,256,0.4922
10.356,9.322,0.0,2220.1,9.0,99.042,0.9,,0,-95.56,9,60,3,214,0.4766
10.435,9.565,0.0,2089.9,9.0,98.114,0.95,,0,-95.82,9,60,3,181,0.4641
10.735,9.496,0.0,2365.0,9.0,97.652,1.0,,0,-95.27,9,60,4,210,0.481
10.152,8.703,0.0,2171.8,9.0,99.111,0.8,,0,-95.656,10,60,2,330,0.5182
10.428,9.207,0.0,2356.6,9.0,98.863,0.85,,0,-95.287,10,60,3,256,0.4922
10.356,9.322,0.0,2220.1,9.0,99.042,0.9,,0,-95.56,10,60,3,214,0.4766
10.435,9.565,0.0,2089.9,9.0,98.114,0.95,,0,-95.82,10,60,3,181,0.4641
10.735,9.496,0.0,2365.0,9.0,97.652,1.0,,0,-95.27,10,60,4,210,0.481
10.483,10.966,0.0,43450.8,9.5,52.053,0.8,,5,-13.098,1,5,13,2572,0.4891
10.462,11.191,0.0,48810.7,9.5,48.366,0.85,,6,-2.379,1,5,13,1689,0.4855
10.655,11.283,0.0,44583.4,9.5,49.003,0.9,,5,-10.833,1,5,13,1279,0.484
10.397,11.866,0.0,59874.2,9.5,34.347,0.95,,7,19.748,1,5,13,919,0.4973
10.997,12.04,0.0,76117.0,9.5,23.117,1.0,,8,52.234,1,5,13,682,0.5117
10.579,10.435,0.0223,9942.5,9.5,85.959,0.8,,1,-80.115,2,5,8,1582,0.4829
10.462,11.191,0.0,27653.2,9.5,80.011,0.85,,5,-44.694,2,5,13,1689,0.4855
10.655,11.283,0.0,22060.2,9.5,79.241,0.9,,4,-55.88,2,5,13,1279,0.484
10.397,11.866,0.0,88299.8,9.5,64.365,0.95,,6,76.6,2,5,13,919,0.4973
10.997,12.04,0.0,86708.0,9.5,46.186,1.0,,8,73.416,2,5,13,682,0.5117
9.59,8.747,0.0,7519.8,9.5,91.039,0.8,,0,-84.96,3,5,4,779,0.4801
9.751,8.849,0.0,7531.0,9.5,89.145,0.85,,0,-84.938,3,5,4,512,0.4512
10.176,9.021,0.0,7493.2,9.5,89.698,0.9,,0,-85.014,3,5,4,363,0.4408
10.397,11.866,0.0,75094.3,9.5,81.174,0.95,,6,50.189,3,5,13,919,0.4973
10.997,12.04,0.0,82568.9,9.5,66.081,1.0,,6,65.138,3,5,13,682,0.5117
9.714,8.899,0.0,5669.0,9.5,94.433,0.8,,0,-88.662,4,5,4,726,0.4876
9.889,8.779,0.0,5597.6,9.5,92.836,0.85,,0,-88.805,4,5,3,356,0.4466
10.187,9.059,0.0,5402.3,9.5,93.406,0.9,,0,-89.195,4,5,4,349,0.447
10.397,11.866,0.0,61568.9,9.5,90.269,0.95,,6,23.138,4,5,13,919,0.4973
10.997,12.04,0.0,66162.3,9.5,77.072,1.0,,5,32.325,4,5,13,682,0.5117
9.817,8.852,0.0,4376.1,9.5,96.085,0.8,,0,-91.248,5,5,3,496,0.4839
9.829,8.797,0.0,4339.0,9.5,95.074,0.85,,0,-91.322,5,5,3,289,0.4464
10.009,8.829,0.0,4451.0,9.5,95.225,0.9,,0,-91.098,5,5,3,279,0.4409
10.079,9.358,0.0,4558.1,9.5,94.052,0.95,,0,-90.884,5,5,4,281,0.4377
10.997,12.04,0.0,51788.5,9.5,84.839,1.0,,5,3.577,5,5,13,682,0.5117
9.732,8.887,0.0,3639.7,9.5,97.162,0.8,,0,-92.721,6,5,3,465,0.4882
9.868,8.797,0.0,3758.7,9.5,96.181,0.85,,0,-92.483,6,5,3,283,0.4558
9.962,8.772,0.0,3732.8,9.5,96.418,0.9,,0,-92.534,6,5,3,227,0.4361
10.242,9.522,0.0,3720.2,9.5,95.579,0.95,,0,-92.56,6,5,4,245,0.449
10.997,12.04,0.0,22216.3,9.5,91.788,1.0,,4,-55.567,6,5,13,682,0.5117
9.632,8.952,0.0,3047.5,9.5,97.889,0.8,,0,-93.905,7,5,3,427,0.4871
9.78,8.809,0.0,3232.3,9.5,97.065,0.85,,0,-93.535,7,5,3,268,0.4627
9.897,8.85,0.0,3139.9,9.5,97.361,0.9,,0,-93.72,7,5,3,219,0.4475
10.242,9.522,0.0,3207.8,9.5,96.479,0.95,,0,-93.584,7,5,4,245,0.449
10.997,12.04,0.0,11280.2,9.5,95.597,1.0,,4,-77.44,7,5,13,682,0.5117
9.602,8.264,0.0,2629.6,9.5,98.357,0.8,,0,-94.741,8,5,2,353,0.5014
9.88,8.554,0.0,2842.4,9.5,97.654,0.85,,0,-94.315,8,5,2,231,0.4675
9.864,8.85,0.0,2690.5,9.5,97.986,0.9,,0,-94.619,8,5,3,216,0.4537
10.242,9.522,0.0,2457.4,9.5,97.504,0.95,,0,-95.085,8,5,4,245,0.449
11.084,12.601,0.0665,2263.5,9.5,97.51,1.0,,2,-95.473,8,5,7,348,0.4971
9.335,8.401,0.0,2470.0,9.5,98.626,0.8,,0,-95.06,9,5,2,318,0.5
9.823,8.617,0.0,2509.2,9.5,98.134,0.85,,0,-94.982,9,5,2,207,0.4734
9.784,8.829,0.0,2444.8,9.5,98.369,0.9,,0,-95.11,9,5,3,206,0.4612
9.601,9.118,0.0,2489.6,9.5,97.668,0.95,,0,-95.021,9,5,3,155,0.4194
10.059,9.029,0.0,2418.2,9.5,97.532,1.0,,0,-95.164,9,5,5,220,0.4682
9.335,8.401,0.0,2372.7,9.5,98.718,0.8,,0,-95.255,10,5,2,318,0.5
9.811,8.617,0.0,2185.1,9.5,98.453,0.85,,0,-95.63,10,5,2,206,0.4757
9.88,8.676,0.0,2296.4,9.5,98.544,0.9,,0,-95.407,10,5,2,177,0.4633
9.578,9.118,0.0,2343.3,9.5,97.885,0.95,,0,-95.313,10,5,3,154,0.4221
10.133,9.455,0.0,2261.4,9.5,97.755,1.0,,0,-95.477,10,5,4,207,0.4638
11.64,11.191,0.0,55625.9,9.5,52.085,0.8,,6,11.252,1,10,13,2544,0.5169
11.685,11.164,0.0,48175.8,9.5,48.611,0.85,,7,-3.648,1,10,13,1675,0.514
11.886,11.276,0.0,43774.2,9.5,48.744,0.9,,6,-12.452,1,10,13,1272,0.5134
11.614,11.756,0.0,61434.5,9.5,34.201,0.95,,7,22.869,1,10,13,917,0.5256
12.093,11.904,0.0,55488.7,9.5,25.221,1.0,,7,10.977,1,10,13,681,0.5345
11.642,10.258,0.0127,11177.3,9.5,85.946,0.8,,2,-77.645,2,10,8,1476,0.5136
11.685,11.164,0.0,26771.2,9.5,80.002,0.85,,5,-46.458,2,10,13,1675,0.514
11.886,11.276,0.0,26990.3,9.5,79.325,0.9,,5,-46.019,2,10,13,1272,0.5134
11.614,11.756,0.0,85210.7,9.5,65.072,0.95,,7,70.421,2,10,13,917,0.5256
12.093,11.904,0.0,85518.7,9.5,47.118,1.0,,8,71.037,2,10,13,681,0.5345
10.777,8.733,0.0,7356.0,9.5,92.496,0.8,,0,-85.288,3,10,4,773,0.5136
10.899,8.808,0.0,7404.3,9.5,90.722,0.85,,0,-85.191,3,10,4,516,0.4845
11.182,9.14,0.0,7570.9,9.5,90.716,0.9,,0,-84.858,3,10,4,359,0.468
11.614,11.756,0.0,88301.2,9.5,80.733,0.95,,6,76.602,3,10,13,917,0.5256
12.093,11.904,0.0,81069.5,9.5,67.676,1.0,,5,62.139,3,10,13,681,0.5345
10.91,8.91,0.0,5398.8,9.5,95.629,0.8,,0,-89.202,4,10,4,725,0.5159
10.937,8.92,0.0,5564.0,9.5,93.909,0.85,,0,-88.872,4,10,3,355,0.4761
11.192,9.14,0.0,5548.6,9.5,94.22,0.9,,0,-88.903,4,10,4,355,0.4732
11.614,11.756,0.0,68843.3,9.5,89.115,0.95,,6,37.687,4,10,13,917,0.5256
12.093,11.904,0.0,61101.3,9.5,79.457,1.0,,5,22.203,4,10,13,681,0.5345
10.792,9.012,0.0,4489.5,9.5,97.067,0.8,,0,-91.021,5,10,3,490,0.5082
10.683,8.831,0.0,4490.9,9.5,95.834,0.85,,0,-91.018,5,10,3,317,0.4763
11.022,9.021,0.0,4392.2,9.5,96.149,0.9,,0,-91.216,5,10,3,276,0.4674
11.08,9.23,0.0,4377.5,9.5,94.287,0.95,,0,-91.245,5,10,4,275,0.4618
12.093,11.904,0.0,43317.8,9.5,87.126,1.0,,4,-13.364,5,10,13,681,0.5345
10.702,9.022,0.0,3737.7,9.5,97.945,0.8,,0,-92.525,6,10,3,468,0.5128
10.683,9.049,0.0,3791.6,9.5,96.953,0.85,,0,-92.417,6,10,3,286,0.4755
11.009,9.048,0.0,3776.2,9.5,97.159,0.9,,0,-92.448,6,10,3,257,0.4747
11.159,9.324,0.0,3695.0,9.5,95.609,0.95,,0,-92.61,6,10,4,245,0.4735
12.093,11.904,0.0,13576.9,9.5,93.302,1.0,,3,-72.846,6,10,13,681,0.5345
10.59,9.043,0.0,3166.5,9.5,98.554,0.8,,0,-93.667,7,10,3,426,0.5117
10.7,9.083,0.0,3037.7,9.5,97.871,0.85,,0,-93.925,7,10,3,274,0.4854
10.739,9.068,0.0,3055.2,9.5,98.017,0.9,,0,-93.89,7,10,3,222,0.4685
11.189,9.324,0.0,3061.5,9.5,96.64,0.95,,0,-93.877,7,10,4,246,0.4715
12.093,11.904,0.0,12602.5,9.5,95.618,1.0,,5,-74.795,7,10,13,681,0.5345
10.56,9.085,0.0,2799.7,9.5,98.917,0.8,,0,-94.401,8,10,3,420,0.5143
10.574,9.054,0.0,2769.6,9.5,98.3,0.85,,0,-94.461,8,10,3,264,0.4886
10.684,9.145,0.0,2608.6,9.5,98.529,0.9,,0,-94.783,8,10,3,218,0.4725
10.146,9.085,0.0,2707.3,9.5,97.25,0.95,,0,-94.585,8,10,3,156,0.4295
11.196,9.324,0.0,2838.2,9.5,96.878,1.0,,0,-94.324,8,10,4,207,0.4831
10.485,8.653,0.0,2282.4,9.5,99.243,0.8,,0,-95.435,9,10,2,326,0.5215
10.578,9.096,0.0,2482.6,9.5,98.682,0.85,,0,-95.035,9,10,3,259,0.4903
10.592,9.145,0.0,2234.1,9.5,98.929,0.9,,0,-95.532,9,10,3,213,0.4836
10.148,9.085,0.0,2374.1,9.5,97.776,0.95,,0,-95.252,9,10,3,155,0.4323
11.105,9.331,0.0,2481.2,9.5,97.468,1.0,,0,-95.038,9,10,4,203,0.4877
10.479,8.653,0.0,2386.7,9.5,99.249,0.8,,0,-95.227,10,10,2,324,0.5247
10.621,8.83,0.0,2355.2,9.5,98.816,0.85,,0,-95.29,10,10,2,215,0.4977
10.459,9.104,0.0,2359.4,9.5,98.937,0.9,,0,-95.281,10,10,3,208,0.4856
10.095,9.206,0.0,2350.3,9.5,97.879,0.95,,0,-95.299,10,10,3,151,0.4371
11.198,9.549,0.0,2163.4,9.5,97.852,1.0,,0,-95.673,10,10,4,191,0.4921
12.04,11.334,0.0,46666.6,9.5,50.464,0.8,,4,-6.667,1,15,13,2539,0.5219
12.079,11.423,0.0,49307.0,9.5,44.852,0.85,,6,-1.386,1,15,13,1672,0.5209
12.373,11.619,0.0,46600.1,9.5,47.926,0.9,,6,-6.8,1,15,13,1270,0.5205
12.241,12.171,0.0,87085.3,9.5,30.577,0.95,,8,74.171,1,15,13,915,0.5344
12.853,12.458,0.0,79597.4,9.5,22.587,1.0,,9,59.195,1,15,13,680,0.5397
11.776,10.362,0.0096,11210.2,9.5,85.807,0.8,,2,-77.58,2,15,8,1527,0.5154
12.079,11.423,0.0,26669.0,9.5,80.134,0.85,,6,-46.662,2,15,13,1672,0.5209
12.373,11.619,0.0,26543.7,9.5,77.204,0.9,,6,-46.913,2,15,13,1270,0.5205
12.241,12.171,0.0,101305.8,9.5,62.724,0.95,,7,102.612,2,15,13,915,0.5344
12.853,12.458,0.0,82466.7,9.5,47.089,1.0,,9,64.933,2,15,13,680,0.5397
10.929,8.621,0.0403,7458.9,9.5,92.291,0.8,,1,-85.082,3,15,5,849,0.5253
11.823,10.489,0.0,7572.3,9.5,91.118,0.85,,1,-84.855,3,15,8,968,0.5103
12.373,11.619,0.0,17498.3,9.5,91.092,0.9,,6,-65.003,3,15,13,1270,0.5205
12.241,12.171,0.0,85319.9,9.5,77.925,0.95,,6,70.64,3,15,13,915,0.5344
12.853,12.458,0.0,73202.9,9.5,66.484,1.0,,6,46.406,3,15,13,680,0.5397
11.065,9.017,0.0,5572.4,9.5,95.423,0.8,,0,-88.855,4,15,4,724,0.5221
11.234,9.311,0.0,5669.7,9.5,94.208,0.85,,0,-88.661,4,15,4,464,0.4914
11.294,9.378,0.0,5626.3,9.5,94.591,0.9,,0,-88.747,4,15,4,360,0.475
12.241,12.171,0.0,83446.7,9.5,87.069,0.95,,5,66.893,4,15,13,915,0.5344
12.853,12.458,0.0,53516.1,9.5,78.182,1.0,,4,7.032,4,15,13,680,0.5397
11.037,9.101,0.0,4535.7,9.5,96.995,0.8,,0,-90.929,5,15,3,564,0.5177
11.105,9.249,0.0,4299.1,9.5,96.375,0.85,,0,-91.402,5,15,3,355,0.4845
11.057,9.435,0.0,4290.7,9.5,96.529,0.9,,0,-91.419,5,15,4,341,0.4839
12.241,12.171,0.0,43985.6,9.5,93.814,0.95,,5,-12.029,5,15,13,915,0.5344
12.853,12.458,0.0,32570.0,9.5,84.73,1.0,,3,-34.86,5,15,13,680,0.5397
10.905,9.195,0.0,3781.1,9.5,97.873,0.8,,0,-92.438,6,15,3,488,0.5164
11.081,9.391,0.0,3438.8,9.5,97.41,0.85,,0,-93.122,6,15,3,332,0.488
11.057,9.435,0.0,3548.7,9.5,97.541,0.9,,0,-92.903,6,15,4,341,0.4839
11.254,9.74,0.0,3610.3,9.5,95.709,0.95,,0,-92.779,6,15,4,255,0.4745
12.853,12.458,0.0,17823.1,9.5,90.306,1.0,,4,-64.354,6,15,13,680,0.5397
10.816,9.168,0.0,3111.2,9.5,98.54,0.8,,0,-93.778,7,15,3,459,0.5185
10.851,9.312,0.0,3208.5,9.5,97.819,0.85,,0,-93.583,7,15,3,273,0.4908
11.134,9.388,0.0,3230.2,9.5,98.02,0.9,,0,-93.54,7,15,3,259,0.4826
11.29,9.737,0.0,2969.1,9.5,96.741,0.95,,0,-94.062,7,15,4,244,0.4836
12.853,12.458,0.0,7747.3,9.5,94.709,1.0,,4,-84.505,7,15,13,680,0.5397
10.738,9.166,0.0,2544.2,9.5,98.987,0.8,,0,-94.912,8,15,3,426,0.5164
10.812,9.294,0.0,2747.9,9.5,98.313,0.85,,0,-94.504,8,15,3,269,0.4944
10.811,9.359,0.0,2514.1,9.5,98.612,0.9,,0,-94.972,8,15,3,220,0.4773
11.29,9.737,0.0,2181.6,9.5,97.784,0.95,,0,-95.637,8,15,4,244,0.4836
12.465,12.541,0.0783,2834.7,9.5,96.882,1.0,,2,-94.331,8,15,7,352,0.5227
10.771,8.578,0.0,2526.7,9.5,99.135,0.8,,0,-94.947,9,15,2,347,0.5331
10.73,9.289,0.0,2382.5,9.5,98.735,0.85,,0,-95.235,9,15,3,263,0.4943
10.772,9.439,0.0,2208.9,9.5,98.941,0.9,,0,-95.582,9,15,3,217,0.4793
10.725,9.568,0.0,2235.5,9.5,97.906,0.95,,0,-95.529,9,15,3,181,0.4696
11.244,9.539,0.0,2146.6,9.5,97.809,1.0,,0,-95.707,9,15,4,207,0.4879
10.634,8.784,0.0,2310.4,9.5,99.246,0.8,,0,-95.379,10,15,2,323,0.5294
10.813,9.122,0.0,2173.9,9.5,98.907,0.85,,0,-95.652,10,15,2,218,0.5
10.702,9.439,0.0,2129.1,9.5,99.041,0.9,,0,-95.742,10,15,3,213,0.4883
10.27,9.535,0.0,2267.7,9.5,97.954,0.95,,0,-95.465,10,15,3,156,0.4359
11.154,9.548,0.0,2348.9,9.5,97.668,1.0,,0,-95.302,10,15,4,203,0.4926
12.087,11.329,0.0,47074.7,9.5,52.017,0.8,,5,-5.851,1,20,13,2539,0.5238
12.133,11.422,0.0,49029.8,9.5,44.083,0.85,,6,-1.94,1,20,13,1672,0.5233
12.414,11.586,0.0,46822.7,9.5,48.327,0.9,,6,-6.355,1,20,13,1270,0.522
12.287,12.124,0.0,87548.7,9.5,30.577,0.95,,8,75.097,1,20,13,915,0.5366
12.853,12.458,0.0,79597.4,9.5,22.587,1.0,,9,59.195,1,20,13,680,0.5397
11.858,10.277,0.0221,11174.5,9.5,85.763,0.8,,2,-77.651,2,20,8,1475,0.52
12.133,11.422,0.0,38993.2,9.5,76.921,0.85,,6,-22.014,2,20,13,1672,0.5233
12.414,11.586,0.0,26592.7,9.5,77.764,0.9,,6,-46.815,2,20,13,1270,0.522
12.287,12.124,0.0,101515.8,9.5,62.724,0.95,,7,103.032,2,20,13,915,0.5366
12.853,12.458,0.0,82466.7,9.5,47.089,1.0,,9,64.933,2,20,13,680,0.5397
10.997,8.677,0.0372,7583.5,9.5,92.081,0.8,,1,-84.833,3,20,5,851,0.5264
11.856,10.493,0.0,7591.9,9.5,91.003,0.85,,1,-84.816,3,20,8,956,0.5146
12.414,11.586,0.0,17677.5,9.5,90.559,0.9,,6,-64.645,3,20,13,1270,0.522
12.287,12.124,0.0,86059.8,9.5,77.925,0.95,,6,72.12,3,20,13,915,0.5366
12.853,12.458,0.0,73202.9,9.5,66.484,1.0,,6,46.406,3,20,13,680,0.5397
11.135,9.023,0.0,5579.4,9.5,95.354,0.8,,0,-88.841,4,20,4,731,0.5226
11.279,9.265,0.0,5601.1,9.5,94.202,0.85,,0,-88.798,4,20,4,473,0.4947
11.324,9.378,0.0,5529.7,9.5,94.683,0.9,,0,-88.941,4,20,4,360,0.475
12.287,12.124,0.0,85107.1,9.5,87.069,0.95,,5,70.214,4,20,13,915,0.5366
12.853,12.458,0.0,53516.1,9.5,78.182,1.0,,4,7.032,4,20,13,680,0.5397
11.079,9.101,0.0,4413.2,9.5,97.026,0.8,,0,-91.174,5,20,3,564,0.5177
11.174,9.306,0.0,4395.0,9.5,96.157,0.85,,0,-91.21,5,20,3,350,0.4857
11.146,9.48,0.0,4554.6,9.5,96.315,0.9,,0,-90.891,5,20,3,278,0.4748
12.287,12.124,0.0,45072.7,9.5,93.814,0.95,,5,-9.855,5,20,13,915,0.5366
12.853,12.458,0.0,32570.0,9.5,84.73,1.0,,3,-34.86,5,20,13,680,0.5397
10.953,9.195,0.0,3653.0,9.5,97.897,0.8,,0,-92.694,6,20,3,488,0.5164
11.119,9.391,0.0,3375.8,9.5,97.375,0.85,,0,-93.248,6,20,3,332,0.488
11.14,9.398,0.0,3591.4,9.5,97.512,0.9,,0,-92.817,6,20,3,275,0.4764
11.254,9.74,0.0,3610.3,9.5,95.709,0.95,,0,-92.779,6,20,4,255,0.4745
12.853,12.458,0.0,17823.1,9.5,90.306,1.0,,4,-64.354,6,20,13,680,0.5397
10.77,9.166,0.0,3218.3,9.5,98.449,0.8,,0,-93.563,7,20,3,426,0.5164
10.898,9.312,0.0,3213.4,9.5,97.755,0.85,,0,-93.573,7,20,3,273,0.4908
11.156,9.388,0.0,3143.4,9.5,98.073,0.9,,0,-93.713,7,20,3,259,0.4826
11.29,9.737,0.0,2969.1,9.5,96.741,0.95,,0,-94.062,7,20,4,244,0.4836
12.853,12.458,0.0,7747.3,9.5,94.709,1.0,,4,-84.505,7,20,13,680,0.5397
10.645,8.812,0.0,2785.0,9.5,98.857,0.8,,0,-94.43,8,20,3,400,0.525
10.869,9.294,0.0,2608.6,9.5,98.398,0.85,,0,-94.783,8,20,3,270,0.4926
10.837,9.359,0.0,2617.0,9.5,98.555,0.9,,0,-94.766,8,20,3,220,0.4773
11.29,9.737,0.0,2181.6,9.5,97.784,0.95,,0,-95.637,8,20,4,244,0.4836
12.465,12.541,0.0783,2834.7,9.5,96.882,1.0,,2,-94.331,8,20,7,352,0.5227
10.675,8.784,0.0,2411.9,9.5,99.145,0.8,,0,-95.176,9,20,2,326,0.5245
10.787,9.335,0.0,2522.5,9.5,98.661,0.85,,0,-94.955,9,20,3,258,0.4961
10.743,9.439,0.0,2463.7,9.5,98.819,0.9,,0,-95.073,9,20,3,216,0.4815
10.725,9.568,0.0,2235.5,9.5,97.906,0.95,,0,-95.529,9,20,3,181,0.4696
11.244,9.539,0.0,2146.6,9.5,97.809,1.0,,0,-95.707,9,20,4,207,0.4879
10.676,8.784,0.0,2288.7,9.5,99.224,0.8,,0,-95.423,10,20,2,323,0.5294
10.872,9.122,0.0,2390.9,9.5,98.798,0.85,,0,-95.218,10,20,2,217,0.5023
10.73,9.439,0.0,2393.0,9.5,98.922,0.9,,0,-95.214,10,20,3,213,0.4883
10.27,9.535,0.0,2267.7,9.5,97.954,0.95,,0,-95.465,10,20,3,156,0.4359
11.154,9.548,0.0,2348.9,9.5,97.668,1.0,,0,-95.302,10,20,4,203,0.4926
12.102,11.327,0.0,47198.6,9.5,51.532,0.8,,5,-5.603,1,25,13,2537,0.5246
12.146,11.422,0.0,48734.4,9.5,44.61,0.85,,6,-2.531,1,25,13,1672,0.5233
12.432,11.586,0.0,46763.2,9.5,48.347,0.9,,6,-6.474,1,25,13,1270,0.522
12.287,12.124,0.0,87548.7,9.5,30.577,0.95,,8,75.097,1,25,13,915,0.5366
12.853,12.458,0.0,79597.4,9.5,22.587,1.0,,9,59.195,1,25,13,680,0.5397
11.864,10.376,0.0287,11227.7,9.5,85.695,0.8,,2,-77.545,2,25,8,1525,0.5187
12.146,11.422,0.0,38622.2,9.5,75.767,0.85,,6,-22.756,2,25,13,1672,0.5233
12.432,11.586,0.0,26721.5,9.5,78.34,0.9,,6,-46.557,2,25,13,1270,0.522
12.287,12.124,0.0,101515.8,9.5,62.724,0.95,,7,103.032,2,25,13,915,0.5366
12.853,12.458,0.0,82466.7,9.5,47.089,1.0,,9,64.933,2,25,13,680,0.5397
11.03,8.66,0.0383,7400.8,9.5,92.272,0.8,,1,-85.198,3,25,5,857,0.5274
11.915,10.515,0.0,7573.7,9.5,91.025,0.85,,1,-84.853,3,25,8,968,0.5134
12.432,11.586,0.0,17657.9,9.5,90.801,0.9,,6,-64.684,3,25,13,1270,0.522
12.287,12.124,0.0,86059.8,9.5,77.925,0.95,,6,72.12,3,25,13,915,0.5366
12.853,12.458,0.0,73202.9,9.5,66.484,1.0,,6,46.406,3,25,13,680,0.5397
11.138,9.011,0.0,5629.1,9.5,95.313,0.8,,0,-88.742,4,25,4,733,0.5225
11.288,9.265,0.0,5597.6,9.5,94.205,0.85,,0,-88.805,4,25,4,473,0.4947
11.336,9.378,0.0,5422.6,9.5,94.786,0.9,,0,-89.155,4,25,4,360,0.475
12.287,12.124,0.0,85107.1,9.5,87.069,0.95,,5,70.214,4,25,13,915,0.5366
12.853,12.458,0.0,53516.1,9.5,78.182,1.0,,4,7.032,4,25,13,680,0.5397
11.083,9.101,0.0,4545.5,9.5,96.937,0.8,,0,-90.909,5,25,3,563,0.5187
11.186,9.306,0.0,4472.0,9.5,96.09,0.85,,0,-91.056,5,25,3,350,0.4857
11.102,9.435,0.0,4297.0,9.5,96.524,0.9,,0,-91.406,5,25,4,341,0.4839
12.287,12.124,0.0,45072.7,9.5,93.814,0.95,,5,-9.855,5,25,13,915,0.5366
12.853,12.458,0.0,32570.0,9.5,84.73,1.0,,3,-34.86,5,25,13,680,0.5397
10.981,9.195,0.0,3493.4,9.5,97.989,0.8,,0,-93.013,6,25,3,489,0.5153
11.132,9.391,0.0,3647.4,9.5,97.164,0.85,,0,-92.705,6,25,3,332,0.488
11.153,9.398,0.0,3776.9,9.5,97.383,0.9,,0,-92.446,6,25,3,274,0.4781
11.254,9.74,0.0,3610.3,9.5,95.709,0.95,,0,-92.779,6,25,4,255,0.4745
12.853,12.458,0.0,17823.1,9.5,90.306,1.0,,4,-64.354,6,25,13,680,0.5397
10.855,9.168,0.0,2992.2,9.5,98.558,0.8,,0,-94.016,7,25,3,459,0.5185
10.913,9.312,0.0,3075.5,9.5,97.851,0.85,,0,-93.849,7,25,3,273,0.4908
11.173,9.388,0.0,2981.7,9.5,98.172,0.9,,0,-94.037,7,25,3,259,0.4826
11.29,9.737,0.0,2969.1,9.5,96.741,0.95,,0,-94.062,7,25,4,244,0.4836
12.853,12.458,0.0,7747.3,9.5,94.709,1.0,,4,-84.505,7,25,13,680,0.5397
10.657,8.812,0.0,2816.5,9.5,98.844,0.8,,0,-94.367,8,25,3,400,0.525
10.876,9.294,0.0,2814.4,9.5,98.272,0.85,,0,-94.371,8,25,3,269,0.4944
10.856,9.359,0.0,2514.8,9.5,98.611,0.9,,0,-94.97,8,25,3,220,0.4773
11.29,9.737,0.0,2181.6,9.5,97.784,0.95,,0,-95.637,8,25,4,244,0.4836
12.465,12.541,0.0783,2834.7,9.5,96.882,1.0,,2,-94.331,8,25,7,352,0.5227
10.689,8.784,0.0,2409.1,9.5,99.146,0.8,,0,-95.182,9,25,2,326,0.5245
10.804,9.335,0.0,2471.4,9.5,98.688,0.85,,0,-95.057,9,25,3,258,0.4961
10.762,9.439,0.0,2479.8,9.5,98.811,0.9,,0,-95.04,9,25,3,216,0.4815
10.725,9.568,0.0,2235.5,9.5,97.906,0.95,,0,-95.529,9,25,3,181,0.4696
11.244,9.539,0.0,2146.6,9.5,97.809,1.0,,0,-95.707,9,25,4,207,0.4879
10.69,8.784,0.0,2216.6,9.5,99.249,0.8,,0,-95.567,10,25,2,323,0.5294
10.892,9.122,0.0,2220.8,9.5,98.883,0.85,,0,-95.558,10,25,2,218,0.5
10.73,9.439,0.0,2337.7,9.5,98.947,0.9,,0,-95.325,10,25,3,212,0.4906
10.27,9.535,0.0,2267.7,9.5,97.954,0.95,,0,-95.465,10,25,3,156,0.4359
11.154,9.548,0.0,2348.9,9.5,97.668,1.0,,0,-95.302,10,25,4,203,0.4926
12.107,11.324,0.0,47011.7,9.5,50.984,0.8,,5,-5.977,1,30,13,2537,0.525
12.146,11.422,0.0,48734.4,9.5,44.61,0.85,,6,-2.531,1,30,13,1672,0.5233
12.432,11.586,0.0,46763.2,9.5,48.347,0.9,,6,-6.474,1,30,13,1270,0.522
12.287,12.124,0.0,87548.7,9.5,30.577,0.95,,8,75.097,1,30,13,915,0.5366
12.853,12.458,0.0,79597.4,9.5,22.587,1.0,,9,59.195,1,30,13,680,0.5397
11.872,10.374,0.0185,11295.6,9.5,85.609,0.8,,2,-77.409,2,30,8,1525,0.5193
12.146,11.422,0.0,38622.2,9.5,75.767,0.85,,6,-22.756,2,30,13,1672,0.5233
12.432,11.586,0.0,26721.5,9.5,78.34,0.9,,6,-46.557,2,30,13,1270,0.522
12.287,12.124,0.0,101515.8,9.5,62.724,0.95,,7,103.032,2,30,13,915,0.5366
12.853,12.458,0.0,82466.7,9.5,47.089,1.0,,9,64.933,2,30,13,680,0.5397
11.705,10.15,0.0,7461.0,9.5,92.209,0.8,,2,-85.078,3,30,8,1415,0.5258
11.915,10.515,0.0,7573.7,9.5,91.025,0.85,,1,-84.853,3,30,8,968,0.5134
12.432,11.586,0.0,17657.9,9.5,90.801,0.9,,6,-64.684,3,30,13,1270,0.522
12.287,12.124,0.0,86059.8,9.5,77.925,0.95,,6,72.12,3,30,13,915,0.5366
12.853,12.458,0.0,73202.9,9.5,66.484,1.0,,6,46.406,3,30,13,680,0.5397
11.169,9.077,0.0,5446.4,9.5,95.465,0.8,,0,-89.107,4,30,4,725,0.5241
11.288,9.265,0.0,5597.6,9.5,94.205,0.85,,0,-88.805,4,30,4,473,0.4947
11.336,9.378,0.0,5422.6,9.5,94.786,0.9,,0,-89.155,4,30,4,360,0.475
12.287,12.124,0.0,85107.1,9.5,87.069,0.95,,5,70.214,4,30,13,915,0.5366
12.853,12.458,0.0,53516.1,9.5,78.182,1.0,,4,7.032,4,30,13,680,0.5397
11.113,9.073,0.0,4550.4,9.5,96.934,0.8,,0,-90.899,5,30,4,702,0.5271
11.186,9.306,0.0,4472.0,9.5,96.09,0.85,,0,-91.056,5,30,3,350,0.4857
11.102,9.435,0.0,4297.0,9.5,96.524,0.9,,0,-91.406,5,30,4,341,0.4839
12.287,12.124,0.0,45072.7,9.5,93.814,0.95,,5,-9.855,5,30,13,915,0.5366
12.853,12.458,0.0,32570.0,9.5,84.73,1.0,,3,-34.86,5,30,13,680,0.5397
11.002,9.191,0.0,3575.3,9.5,97.942,0.8,,0,-92.849,6,30,3,490,0.5163
11.132,9.391,0.0,3647.4,9.5,97.164,0.85,,0,-92.705,6,30,3,332,0.488
11.153,9.398,0.0,3776.9,9.5,97.383,0.9,,0,-92.446,6,30,3,274,0.4781
11.254,9.74,0.0,3610.3,9.5,95.709,0.95,,0,-92.779,6,30,4,255,0.4745
12.853,12.458,0.0,17823.1,9.5,90.306,1.0,,4,-64.354,6,30,13,680,0.5397
10.855,9.168,0.0,2992.2,9.5,98.558,0.8,,0,-94.016,7,30,3,459,0.5185
10.913,9.312,0.0,3075.5,9.5,97.851,0.85,,0,-93.849,7,30,3,273,0.4908
11.173,9.388,0.0,2981.7,9.5,98.172,0.9,,0,-94.037,7,30,3,259,0.4826
11.29,9.737,0.0,2969.1,9.5,96.741,0.95,,0,-94.062,7,30,4,244,0.4836
12.853,12.458,0.0,7747.3,9.5,94.709,1.0,,4,-84.505,7,30,13,680,0.5397
10.657,8.812,0.0,2816.5,9.5,98.844,0.8,,0,-94.367,8,30,3,400,0.525
10.876,9.294,0.0,2814.4,9.5,98.272,0.85,,0,-94.371,8,30,3,269,0.4944
10.856,9.359,0.0,2514.8,9.5,98.611,0.9,,0,-94.97,8,30,3,220,0.4773
11.29,9.737,0.0,2181.6,9.5,97.784,0.95,,0,-95.637,8,30,4,244,0.4836
12.465,12.541,0.0783,2834.7,9.5,96.882,1.0,,2,-94.331,8,30,7,352,0.5227
10.689,8.784,0.0,2409.1,9.5,99.146,0.8,,0,-95.182,9,30,2,326,0.5245
10.804,9.335,0.0,2471.4,9.5,98.688,0.85,,0,-95.057,9,30,3,258,0.4961
10.762,9.439,0.0,2479.8,9.5,98.811,0.9,,0,-95.04,9,30,3,216,0.4815
10.725,9.568,0.0,2235.5,9.5,97.906,0.95,,0,-95.529,9,30,3,181,0.4696
11.244,9.539,0.0,2146.6,9.5,97.809,1.0,,0,-95.707,9,30,4,207,0.4879
10.69,8.784,0.0,2216.6,9.5,99.249,0.8,,0,-95.567,10,30,2,323,0.5294
10.892,9.122,0.0,2220.8,9.5,98.883,0.85,,0,-95.558,10,30,2,218,0.5
10.73,9.439,0.0,2337.7,9.5,98.947,0.9,,0,-95.325,10,30,3,212,0.4906
10.27,9.535,0.0,2267.7,9.5,97.954,0.95,,0,-95.465,10,30,3,156,0.4359
11.154,9.548,0.0,2348.9,9.5,97.668,1.0,,0,-95.302,10,30,4,203,0.4926
12.107,11.324,0.0,47011.7,9.5,50.984,0.8,,5,-5.977,1,35,13,2537,0.525
12.146,11.422,0.0,48734.4,9.5,44.61,0.85,,6,-2.531,1,35,13,1672,0.5233
12.432,11.586,0.0,46763.2,9.5,48.347,0.9,,6,-6.474,1,35,13,1270,0.522
12.287,12.124,0.0,87548.7,9.5,30.577,0.95,,8,75.097,1,35,13,915,0.5366
12.853,12.458,0.0,79597.4,9.5,22.587,1.0,,9,59.195,1,35,13,680,0.5397
11.872,10.374,0.0185,11295.6,9.5,85.609,0.8,,2,-77.409,2,35,8,1525,0.5193
12.146,11.422,0.0,38622.2,9.5,75.767,0.85,,6,-22.756,2,35,13,1672,0.5233
12.432,11.586,0.0,26721.5,9.5,78.34,0.9,,6,-46.557,2,35,13,1270,0.522
12.287,12.124,0.0,101515.8,9.5,62.724,0.95,,7,103.032,2,35,13,915,0.5366
12.853,12.458,0.0,82466.7,9.5,47.089,1.0,,9,64.933,2,35,13,680,0.5397
11.705,10.15,0.0,7461.0,9.5,92.209,0.8,,2,-85.078,3,35,8,1415,0.5258
11.915,10.515,0.0,7573.7,9.5,91.025,0.85,,1,-84.853,3,35,8,968,0.5134
12.432,11.586,0.0,17657.9,9.5,90.801,0.9,,6,-64.684,3,35,13,1270,0.522
12.287,12.124,0.0,86059.8,9.5,77.925,0.95,,6,72.12,3,35,13,915,0.5366
12.853,12.458,0.0,73202.9,9.5,66.484,1.0,,6,46.406,3,35,13,680,0.5397
11.169,9.077,0.0,5446.4,9.5,95.465,0.8,,0,-89.107,4,35,4,725,0.5241
11.288,9.265,0.0,5597.6,9.5,94.205,0.85,,0,-88.805,4,35,4,473,0.4947
11.336,9.378,0.0,5422.6,9.5,94.786,0.9,,0,-89.155,4,35,4,360,0.475
12.287,12.124,0.0,85107.1,9.5,87.069,0.95,,5,70.214,4,35,13,915,0.5366
12.853,12.458,0.0,53516.1,9.5,78.182,1.0,,4,7.032,4,35,13,680,0.5397
11.113,9.073,0.0,4550.4,9.5,96.934,0.8,,0,-90.899,5,35,4,702,0.5271
11.186,9.306,0.0,4472.0,9.5,96.09,0.85,,0,-91.056,5,35,3,350,0.4857
11.102,9.435,0.0,4297.0,9.5,96.524,0.9,,0,-91.406,5,35,4,341,0.4839
12.287,12.124,0.0,45072.7,9.5,93.814,0.95,,5,-9.855,5,35,13,915,0.5366
12.853,12.458,0.0,32570.0,9.5,84.73,1.0,,3,-34.86,5,35,13,680,0.5397
11.002,9.191,0.0,3575.3,9.5,97.942,0.8,,0,-92.849,6,35,3,490,0.5163
11.132,9.391,0.0,3647.4,9.5,97.164,0.85,,0,-92.705,6,35,3,332,0.488
11.153,9.398,0.0,3776.9,9.5,97.383,0.9,,0,-92.446,6,35,3,274,0.4781
11.254,9.74,0.0,3610.3,9.5,95.709,0.95,,0,-92.779,6,35,4,255,0.4745
12.853,12.458,0.0,17823.1,9.5,90.306,1.0,,4,-64.354,6,35,13,680,0.5397
10.855,9.168,0.0,2992.2,9.5,98.558,0.8,,0,-94.016,7,35,3,459,0.5185
10.913,9.312,0.0,3075.5,9.5,97.851,0.85,,0,-93.849,7,35,3,273,0.4908
11.173,9.388,0.0,2981.7,9.5,98.172,0.9,,0,-94.037,7,35,3,259,0.4826
11.29,9.737,0.0,2969.1,9.5,96.741,0.95,,0,-94.062,7,35,4,244,0.4836
12.853,12.458,0.0,7747.3,9.5,94.709,1.0,,4,-84.505,7,35,13,680,0.5397
10.657,8.812,0.0,2816.5,9.5,98.844,0.8,,0,-94.367,8,35,3,400,0.525
10.876,9.294,0.0,2814.4,9.5,98.272,0.85,,0,-94.371,8,35,3,269,0.4944
10.856,9.359,0.0,2514.8,9.5,98.611,0.9,,0,-94.97,8,35,3,220,0.4773
11.29,9.737,0.0,2181.6,9.5,97.784,0.95,,0,-95.637,8,35,4,244,0.4836
12.465,12.541,0.0783,2834.7,9.5,96.882,1.0,,2,-94.331,8,35,7,352,0.5227
10.689,8.784,0.0,2409.1,9.5,99.146,0.8,,0,-95.182,9,35,2,326,0.5245
10.804,9.335,0.0,2471.4,9.5,98.688,0.85,,0,-95.057,9,35,3,258,0.4961
10.762,9.439,0.0,2479.8,9.5,98.811,0.9,,0,-95.04,9,35,3,216,0.4815
10.725,9.568,0.0,2235.5,9.5,97.906,0.95,,0,-95.529,9,35,3,181,0.4696
11.244,9.539,0.0,2146.6,9.5,97.809,1.0,,0,-95.707,9,35,4,207,0.4879
10.69,8.784,0.0,2216.6,9.5,99.249,0.8,,0,-95.567,10,35,2,323,0.5294
10.892,9.122,0.0,2220.8,9.5,98.883,0.85,,0,-95.558,10,35,2,218,0.5
10.73,9.439,0.0,2337.7,9.5,98.947,0.9,,0,-95.325,10,35,3,212,0.4906
10.27,9.535,0.0,2267.7,9.5,97.954,0.95,,0,-95.465,10,35,3,156,0.4359
11.154,9.548,0.0,2348.9,9.5,97.668,1.0,,0,-95.302,10,35,4,203,0.4926
12.107,11.324,0.0,47011.7,9.5,50.984,0.8,,5,-5.977,1,40,13,2537,0.525
12.146,11.422,0.0,48734.4,9.5,44.61,0.85,,6,-2.531,1,40,13,1672,0.5233
12.432,11.586,0.0,46763.2,9.5,48.347,0.9,,6,-6.474,1,40,13,1270,0.522
12.287,12.124,0.0,87548.7,9.5,30.577,0.95,,8,75.097,1,40,13,915,0.5366
12.853,12.458,0.0,79597.4,9.5,22.587,1.0,,9,59.195,1,40,13,680,0.5397
11.872,10.374,0.0185,11295.6,9.5,85.609,0.8,,2,-77.409,2,40,8,1525,0.5193
12.146,11.422,0.0,38622.2,9.5,75.767,0.85,,6,-22.756,2,40,13,1672,0.5233
12.432,11.586,0.0,26721.5,9.5,78.34,0.9,,6,-46.557,2,40,13,1270,0.522
12.287,12.124,0.0,101515.8,9.5,62.724,0.95,,7,103.032,2,40,13,915,0.5366
12.853,12.458,0.0,82466.7,9.5,47.089,1.0,,9,64.933,2,40,13,680,0.5397
11.705,10.15,0.0,7461.0,9.5,92.209,0.8,,2,-85.078,3,40,8,1415,0.5258
11.915,10.515,0.0,7573.7,9.5,91.025,0.85,,1,-84.853,3,40,8,968,0.5134
12.432,11.586,0.0,17657.9,9.5,90.801,0.9,,6,-64.684,3,40,13,1270,0.522
12.287,12.124,0.0,86059.8,9.5,77.925,0.95,,6,72.12,3,40,13,915,0.5366
12.853,12.458,0.0,73202.9,9.5,66.484,1.0,,6,46.406,3,40,13,680,0.5397
11.169,9.077,0.0,5446.4,9.5,95.465,0.8,,0,-89.107,4,40,4,725,0.5241
11.288,9.265,0.0,5597.6,9.5,94.205,0.85,,0,-88.805,4,40,4,473,0.4947
11.336,9.378,0.0,5422.6,9.5,94.786,0.9,,0,-89.155,4,40,4,360,0.475
12.287,12.124,0.0,85107.1,9.5,87.069,0.95,,5,70.214,4,40,13,915,0.5366
12.853,12.458,0.0,53516.1,9.5,78.182,1.0,,4,7.032,4,40,13,680,0.5397
11.113,9.073,0.0,4550.4,9.5,96.934,0.8,,0,-90.899,5,40,4,702,0.5271
11.186,9.306,0.0,4472.0,9.5,96.09,0.85,,0,-91.056,5,40,3,350,0.4857
11.102,9.435,0.0,4297.0,9.5,96.524,0.9,,0,-91.406,5,40,4,341,0.4839
12.287,12.124,0.0,45072.7,9.5,93.814,0.95,,5,-9.855,5,40,13,915,0.5366
12.853,12.458,0.0,32570.0,9.5,84.73,1.0,,3,-34.86,5,40,13,680,0.5397
11.002,9.191,0.0,3575.3,9.5,97.942,0.8,,0,-92.849,6,40,3,490,0.5163
11.132,9.391,0.0,3647.4,9.5,97.164,0.85,,0,-92.705,6,40,3,332,0.488
11.153,9.398,0.0,3776.9,9.5,97.383,0.9,,0,-92.446,6,40,3,274,0.4781
11.254,9.74,0.0,3610.3,9.5,95.709,0.95,,0,-92.779,6,40,4,255,0.4745
12.853,12.458,0.0,17823.1,9.5,90.306,1.0,,4,-64.354,6,40,13,680,0.5397
10.855,9.168,0.0,2992.2,9.5,98.558,0.8,,0,-94.016,7,40,3,459,0.5185
10.913,9.312,0.0,3075.5,9.5,97.851,0.85,,0,-93.849,7,40,3,273,0.4908
11.173,9.388,0.0,2981.7,9.5,98.172,0.9,,0,-94.037,7,40,3,259,0.4826
11.29,9.737,0.0,2969.1,9.5,96.741,0.95,,0,-94.062,7,40,4,244,0.4836
12.853,12.458,0.0,7747.3,9.5,94.709,1.0,,4,-84.505,7,40,13,680,0.5397
10.657,8.812,0.0,2816.5,9.5,98.844,0.8,,0,-94.367,8,40,3,400,0.525
10.876,9.294,0.0,2814.4,9.5,98.272,0.85,,0,-94.371,8,40,3,269,0.4944
10.856,9.359,0.0,2514.8,9.5,98.611,0.9,,0,-94.97,8,40,3,220,0.4773
11.29,9.737,0.0,2181.6,9.5,97.784,0.95,,0,-95.637,8,40,4,244,0.4836
12.465,12.541,0.0783,2834.7,9.5,96.882,1.0,,2,-94.331,8,40,7,352,0.5227
10.689,8.784,0.0,2409.1,9.5,99.146,0.8,,0,-95.182,9,40,2,326,0.5245
10.804,9.335,0.0,2471.4,9.5,98.688,0.85,,0,-95.057,9,40,3,258,0.4961
10.762,9.439,0.0,2479.8,9.5,98.811,0.9,,0,-95.04,9,40,3,216,0.4815
10.725,9.568,0.0,2235.5,9.5,97.906,0.95,,0,-95.529,9,40,3,181,0.4696
11.244,9.539,0.0,2146.6,9.5,97.809,1.0,,0,-95.707,9,40,4,207,0.4879
10.69,8.784,0.0,2216.6,9.5,99.249,0.8,,0,-95.567,10,40,2,323,0.5294
10.892,9.122,0.0,2220.8,9.5,98.883,0.85,,0,-95.558,10,40,2,218,0.5
10.73,9.439,0.0,2337.7,9.5,98.947,0.9,,0,-95.325,10,40,3,212,0.4906
10.27,9.535,0.0,2267.7,9.5,97.954,0.95,,0,-95.465,10,40,3,156,0.4359
11.154,9.548,0.0,2348.9,9.5,97.668,1.0,,0,-95.302,10,40,4,203,0.4926
12.107,11.324,0.0,47011.7,9.5,50.984,0.8,,5,-5.977,1,45,13,2537,0.525
12.146,11.422,0.0,48734.4,9.5,44.61,0.85,,6,-2.531,1,45,13,1672,0.5233
12.432,11.586,0.0,46763.2,9.5,48.347,0.9,,6,-6.474,1,45,13,1270,0.522
12.287,12.124,0.0,87548.7,9.5,30.577,0.95,,8,75.097,1,45,13,915,0.5366
12.853,12.458,0.0,79597.4,9.5,22.587,1.0,,9,59.195,1,45,13,680,0.5397
11.872,10.374,0.0185,11295.6,9.5,85.609,0.8,,2,-77.409,2,45,8,1525,0.5193
12.146,11.422,0.0,38622.2,9.5,75.767,0.85,,6,-22.756,2,45,13,1672,0.5233
12.432,11.586,0.0,26721.5,9.5,78.34,0.9,,6,-46.557,2,45,13,1270,0.522
12.287,12.124,0.0,101515.8,9.5,62.724,0.95,,7,103.032,2,45,13,915,0.5366
12.853,12.458,0.0,82466.7,9.5,47.089,1.0,,9,64.933,2,45,13,680,0.5397
11.705,10.15,0.0,7461.0,9.5,92.209,0.8,,2,-85.078,3,45,8,1415,0.5258
11.915,10.515,0.0,7573.7,9.5,91.025,0.85,,1,-84.853,3,45,8,968,0.5134
12.432,11.586,0.0,17657.9,9.5,90.801,0.9,,6,-64.684,3,45,13,1270,0.522
12.287,12.124,0.0,86059.8,9.5,77.925,0.95,,6,72.12,3,45,13,915,0.5366
12.853,12.458,0.0,73202.9,9.5,66.484,1.0,,6,46.406,3,45,13,680,0.5397
11.169,9.077,0.0,5446.4,9.5,95.465,0.8,,0,-89.107,4,45,4,725,0.5241
11.288,9.265,0.0,5597.6,9.5,94.205,0.85,,0,-88.805,4,45,4,473,0.4947
11.336,9.378,0.0,5422.6,9.5,94.786,0.9,,0,-89.155,4,45,4,360,0.475
12.287,12.124,0.0,85107.1,9.5,87.069,0.95,,5,70.214,4,45,13,915,0.5366
12.853,12.458,0.0,53516.1,9.5,78.182,1.0,,4,7.032,4,45,13,680,0.5397
11.113,9.073,0.0,4550.4,9.5,96.934,0.8,,0,-90.899,5,45,4,702,0.5271
11.186,9.306,0.0,4472.0,9.5,96.09,0.85,,0,-91.056,5,45,3,350,0.4857
11.102,9.435,0.0,4297.0,9.5,96.524,0.9,,0,-91.406,5,45,4,341,0.4839
12.287,12.124,0.0,45072.7,9.5,93.814,0.95,,5,-9.855,5,45,13,915,0.5366
12.853,12.458,0.0,32570.0,9.5,84.73,1.0,,3,-34.86,5,45,13,680,0.5397
11.002,9.191,0.0,3575.3,9.5,97.942,0.8,,0,-92.849,6,45,3,490,0.5163
11.132,9.391,0.0,3647.4,9.5,97.164,0.85,,0,-92.705,6,45,3,332,0.488
11.153,9.398,0.0,3776.9,9.5,97.383,0.9,,0,-92.446,6,45,3,274,0.4781
11.254,9.74,0.0,3610.3,9.5,95.709,0.95,,0,-92.779,6,45,4,255,0.4745
12.853,12.458,0.0,17823.1,9.5,90.306,1.0,,4,-64.354,6,45,13,680,0.5397
10.855,9.168,0.0,2992.2,9.5,98.558,0.8,,0,-94.016,7,45,3,459,0.5185
10.913,9.312,0.0,3075.5,9.5,97.851,0.85,,0,-93.849,7,45,3,273,0.4908
11.173,9.388,0.0,2981.7,9.5,98.172,0.9,,0,-94.037,7,45,3,259,0.4826
11.29,9.737,0.0,2969.1,9.5,96.741,0.95,,0,-94.062,7,45,4,244,0.4836
12.853,12.458,0.0,7747.3,9.5,94.709,1.0,,4,-84.505,7,45,13,680,0.5397
10.657,8.812,0.0,2816.5,9.5,98.844,0.8,,0,-94.367,8,45,3,400,0.525
10.876,9.294,0.0,2814.4,9.5,98.272,0.85,,0,-94.371,8,45,3,269,0.4944
10.856,9.359,0.0,2514.8,9.5,98.611,0.9,,0,-94.97,8,45,3,220,0.4773
11.29,9.737,0.0,2181.6,9.5,97.784,0.95,,0,-95.637,8,45,4,244,0.4836
12.465,12.541,0.0783,2834.7,9.5,96.882,1.0,,2,-94.331,8,45,7,352,0.5227
10.689,8.784,0.0,2409.1,9.5,99.146,0.8,,0,-95.182,9,45,2,326,0.5245
10.804,9.335,0.0,2471.4,9.5,98.688,0.85,,0,-95.057,9,45,3,258,0.4961
10.762,9.439,0.0,2479.8,9.5,98.811,0.9,,0,-95.04,9,45,3,216,0.4815
10.725,9.568,0.0,2235.5,9.5,97.906,0.95,,0,-95.529,9,45,3,181,0.4696
11.244,9.539,0.0,2146.6,9.5,97.809,1.0,,0,-95.707,9,45,4,207,0.4879
10.69,8.784,0.0,2216.6,9.5,99.249,0.8,,0,-95.567,10,45,2,323,0.5294
10.892,9.122,0.0,2220.8,9.5,98.883,0.85,,0,-95.558,10,45,2,218,0.5
10.73,9.439,0.0,2337.7,9.5,98.947,0.9,,0,-95.325,10,45,3,212,0.4906
10.27,9.535,0.0,2267.7,9.5,97.954,0.95,,0,-95.465,10,45,3,156,0.4359
11.154,9.548,0.0,2348.9,9.5,97.668,1.0,,0,-95.302,10,45,4,203,0.4926
12.107,11.324,0.0,47011.7,9.5,50.984,0.8,,5,-5.977,1,50,13,2537,0.525
12.146,11.422,0.0,48734.4,9.5,44.61,0.85,,6,-2.531,1,50,13,1672,0.5233
12.432,11.586,0.0,46763.2,9.5,48.347,0.9,,6,-6.474,1,50,13,1270,0.522
12.287,12.124,0.0,87548.7,9.5,30.577,0.95,,8,75.097,1,50,13,915,0.5366
12.853,12.458,0.0,79597.4,9.5,22.587,1.0,,9,59.195,1,50,13,680,0.5397
11.872,10.374,0.0185,11295.6,9.5,85.609,0.8,,2,-77.409,2,50,8,1525,0.5193
12.146,11.422,0.0,38622.2,9.5,75.767,0.85,,6,-22.756,2,50,13,1672,0.5233
12.432,11.586,0.0,26721.5,9.5,78.34,0.9,,6,-46.557,2,50,13,1270,0.522
12.287,12.124,0.0,101515.8,9.5,62.724,0.95,,7,103.032,2,50,13,915,0.5366
12.853,12.458,0.0,82466.7,9.5,47.089,1.0,,9,64.933,2,50,13,680,0.5397
11.705,10.15,0.0,7461.0,9.5,92.209,0.8,,2,-85.078,3,50,8,1415,0.5258
11.915,10.515,0.0,7573.7,9.5,91.025,0.85,,1,-84.853,3,50,8,968,0.5134
12.432,11.586,0.0,17657.9,9.5,90.801,0.9,,6,-64.684,3,50,13,1270,0.522
12.287,12.124,0.0,86059.8,9.5,77.925,0.95,,6,72.12,3,50,13,915,0.5366
12.853,12.458,0.0,73202.9,9.5,66.484,1.0,,6,46.406,3,50,13,680,0.5397
11.169,9.077,0.0,5446.4,9.5,95.465,0.8,,0,-89.107,4,50,4,725,0.5241
11.288,9.265,0.0,5597.6,9.5,94.205,0.85,,0,-88.805,4,50,4,473,0.4947
11.336,9.378,0.0,5422.6,9.5,94.786,0.9,,0,-89.155,4,50,4,360,0.475
12.287,12.124,0.0,85107.1,9.5,87.069,0.95,,5,70.214,4,50,13,915,0.5366
12.853,12.458,0.0,53516.1,9.5,78.182,1.0,,4,7.032,4,50,13,680,0.5397
11.113,9.073,0.0,4550.4,9.5,96.934,0.8,,0,-90.899,5,50,4,702,0.5271
11.186,9.306,0.0,4472.0,9.5,96.09,0.85,,0,-91.056,5,50,3,350,0.4857
11.102,9.435,0.0,4297.0,9.5,96.524,0.9,,0,-91.406,5,50,4,341,0.4839
12.287,12.124,0.0,45072.7,9.5,93.814,0.95,,5,-9.855,5,50,13,915,0.5366
12.853,12.458,0.0,32570.0,9.5,84.73,1.0,,3,-34.86,5,50,13,680,0.5397
11.002,9.191,0.0,3575.3,9.5,97.942,0.8,,0,-92.849,6,50,3,490,0.5163
11.132,9.391,0.0,3647.4,9.5,97.164,0.85,,0,-92.705,6,50,3,332,0.488
11.153,9.398,0.0,3776.9,9.5,97.383,0.9,,0,-92.446,6,50,3,274,0.4781
11.254,9.74,0.0,3610.3,9.5,95.709,0.95,,0,-92.779,6,50,4,255,0.4745
12.853,12.458,0.0,17823.1,9.5,90.306,1.0,,4,-64.354,6,50,13,680,0.5397
10.855,9.168,0.0,2992.2,9.5,98.558,0.8,,0,-94.016,7,50,3,459,0.5185
10.913,9.312,0.0,3075.5,9.5,97.851,0.85,,0,-93.849,7,50,3,273,0.4908
11.173,9.388,0.0,2981.7,9.5,98.172,0.9,,0,-94.037,7,50,3,259,0.4826
11.29,9.737,0.0,2969.1,9.5,96.741,0.95,,0,-94.062,7,50,4,244,0.4836
12.853,12.458,0.0,7747.3,9.5,94.709,1.0,,4,-84.505,7,50,13,680,0.5397
10.657,8.812,0.0,2816.5,9.5,98.844,0.8,,0,-94.367,8,50,3,400,0.525
10.876,9.294,0.0,2814.4,9.5,98.272,0.85,,0,-94.371,8,50,3,269,0.4944
10.856,9.359,0.0,2514.8,9.5,98.611,0.9,,0,-94.97,8,50,3,220,0.4773
11.29,9.737,0.0,2181.6,9.5,97.784,0.95,,0,-95.637,8,50,4,244,0.4836
12.465,12.541,0.0783,2834.7,9.5,96.882,1.0,,2,-94.331,8,50,7,352,0.5227
10.689,8.784,0.0,2409.1,9.5,99.146,0.8,,0,-95.182,9,50,2,326,0.5245
10.804,9.335,0.0,2471.4,9.5,98.688,0.85,,0,-95.057,9,50,3,258,0.4961
10.762,9.439,0.0,2479.8,9.5,98.811,0.9,,0,-95.04,9,50,3,216,0.4815
10.725,9.568,0.0,2235.5,9.5,97.906,0.95,,0,-95.529,9,50,3,181,0.4696
11.244,9.539,0.0,2146.6,9.5,97.809,1.0,,0,-95.707,9,50,4,207,0.4879
10.69,8.784,0.0,2216.6,9.5,99.249,0.8,,0,-95.567,10,50,2,323,0.5294
10.892,9.122,0.0,2220.8,9.5,98.883,0.85,,0,-95.558,10,50,2,218,0.5
10.73,9.439,0.0,2337.7,9.5,98.947,0.9,,0,-95.325,10,50,3,212,0.4906
10.27,9.535,0.0,2267.7,9.5,97.954,0.95,,0,-95.465,10,50,3,156,0.4359
11.154,9.548,0.0,2348.9,9.5,97.668,1.0,,0,-95.302,10,50,4,203,0.4926
12.107,11.324,0.0,47011.7,9.5,50.984,0.8,,5,-5.977,1,55,13,2537,0.525
12.146,11.422,0.0,48734.4,9.5,44.61,0.85,,6,-2.531,1,55,13,1672,0.5233
12.432,11.586,0.0,46763.2,9.5,48.347,0.9,,6,-6.474,1,55,13,1270,0.522
12.287,12.124,0.0,87548.7,9.5,30.577,0.95,,8,75.097,1,55,13,915,0.5366
12.853,12.458,0.0,79597.4,9.5,22.587,1.0,,9,59.195,1,55,13,680,0.5397
11.872,10.374,0.0185,11295.6,9.5,85.609,0.8,,2,-77.409,2,55,8,1525,0.5193
12.146,11.422,0.0,38622.2,9.5,75.767,0.85,,6,-22.756,2,55,13,1672,0.5233
12.432,11.586,0.0,26721.5,9.5,78.34,0.9,,6,-46.557,2,55,13,1270,0.522
12.287,12.124,0.0,101515.8,9.5,62.724,0.95,,7,103.032,2,55,13,915,0.5366
12.853,12.458,0.0,82466.7,9.5,47.089,1.0,,9,64.933,2,55,13,680,0.5397
11.705,10.15,0.0,7461.0,9.5,92.209,0.8,,2,-85.078,3,55,8,1415,0.5258
11.915,10.515,0.0,7573.7,9.5,91.025,0.85,,1,-84.853,3,55,8,968,0.5134
12.432,11.586,0.0,17657.9,9.5,90.801,0.9,,6,-64.684,3,55,13,1270,0.522
12.287,12.124,0.0,86059.8,9.5,77.925,0.95,,6,72.12,3,55,13,915,0.5366
12.853,12.458,0.0,73202.9,9.5,66.484,1.0,,6,46.406,3,55,13,680,0.5397
11.169,9.077,0.0,5446.4,9.5,95.465,0.8,,0,-89.107,4,55,4,725,0.5241
11.288,9.265,0.0,5597.6,9.5,94.205,0.85,,0,-88.805,4,55,4,473,0.4947
11.336,9.378,0.0,5422.6,9.5,94.786,0.9,,0,-89.155,4,55,4,360,0.475
12.287,12.124,0.0,85107.1,9.5,87.069,0.95,,5,70.214,4,55,13,915,0.5366
12.853,12.458,0.0,53516.1,9.5,78.182,1.0,,4,7.032,4,55,13,680,0.5397
11.113,9.073,0.0,4550.4,9.5,96.934,0.8,,0,-90.899,5,55,4,702,0.5271
11.186,9.306,0.0,4472.0,9.5,96.09,0.85,,0,-91.056,5,55,3,350,0.4857
11.102,9.435,0.0,4297.0,9.5,96.524,0.9,,0,-91.406,5,55,4,341,0.4839
12.287,12.124,0.0,45072.7,9.5,93.814,0.95,,5,-9.855,5,55,13,915,0.5366
12.853,12.458,0.0,32570.0,9.5,84.73,1.0,,3,-34.86,5,55,13,680,0.5397
11.002,9.191,0.0,3575.3,9.5,97.942,0.8,,0,-92.849,6,55,3,490,0.5163
11.132,9.391,0.0,3647.4,9.5,97.164,0.85,,0,-92.705,6,55,3,332,0.488
11.153,9.398,0.0,3776.9,9.5,97.383,0.9,,0,-92.446,6,55,3,274,0.4781
11.254,9.74,0.0,3610.3,9.5,95.709,0.95,,0,-92.779,6,55,4,255,0.4745
12.853,12.458,0.0,17823.1,9.5,90.306,1.0,,4,-64.354,6,55,13,680,0.5397
10.855,9.168,0.0,2992.2,9.5,98.558,0.8,,0,-94.016,7,55,3,459,0.5185
10.913,9.312,0.0,3075.5,9.5,97.851,0.85,,0,-93.849,7,55,3,273,0.4908
11.173,9.388,0.0,2981.7,9.5,98.172,0.9,,0,-94.037,7,55,3,259,0.4826
11.29,9.737,0.0,2969.1,9.5,96.741,0.95,,0,-94.062,7,55,4,244,0.4836
12.853,12.458,0.0,7747.3,9.5,94.709,1.0,,4,-84.505,7,55,13,680,0.5397
10.657,8.812,0.0,2816.5,9.5,98.844,0.8,,0,-94.367,8,55,3,400,0.525
10.876,9.294,0.0,2814.4,9.5,98.272,0.85,,0,-94.371,8,55,3,269,0.4944
10.856,9.359,0.0,2514.8,9.5,98.611,0.9,,0,-94.97,8,55,3,220,0.4773
11.29,9.737,0.0,2181.6,9.5,97.784,0.95,,0,-95.637,8,55,4,244,0.4836
12.465,12.541,0.0783,2834.7,9.5,96.882,1.0,,2,-94.331,8,55,7,352,0.5227
10.689,8.784,0.0,2409.1,9.5,99.146,0.8,,0,-95.182,9,55,2,326,0.5245
10.804,9.335,0.0,2471.4,9.5,98.688,0.85,,0,-95.057,9,55,3,258,0.4961
10.762,9.439,0.0,2479.8,9.5,98.811,0.9,,0,-95.04,9,55,3,216,0.4815
10.725,9.568,0.0,2235.5,9.5,97.906,0.95,,0,-95.529,9,55,3,181,0.4696
11.244,9.539,0.0,2146.6,9.5,97.809,1.0,,0,-95.707,9,55,4,207,0.4879
10.69,8.784,0.0,2216.6,9.5,99.249,0.8,,0,-95.567,10,55,2,323,0.5294
10.892,9.122,0.0,2220.8,9.5,98.883,0.85,,0,-95.558,10,55,2,218,0.5
10.73,9.439,0.0,2337.7,9.5,98.947,0.9,,0,-95.325,10,55,3,212,0.4906
10.27,9.535,0.0,2267.7,9.5,97.954,0.95,,0,-95.465,10,55,3,156,0.4359
11.154,9.548,0.0,2348.9,9.5,97.668,1.0,,0,-95.302,10,55,4,203,0.4926
12.107,11.324,0.0,47011.7,9.5,50.984,0.8,,5,-5.977,1,60,13,2537,0.525
12.146,11.422,0.0,48734.4,9.5,44.61,0.85,,6,-2.531,1,60,13,1672,0.5233
12.432,11.586,0.0,46763.2,9.5,48.347,0.9,,6,-6.474,1,60,13,1270,0.522
12.287,12.124,0.0,87548.7,9.5,30.577,0.95,,8,75.097,1,60,13,915,0.5366
12.853,12.458,0.0,79597.4,9.5,22.587,1.0,,9,59.195,1,60,13,680,0.5397
11.872,10.374,0.0185,11295.6,9.5,85.609,0.8,,2,-77.409,2,60,8,1525,0.5193
12.146,11.422,0.0,38622.2,9.5,75.767,0.85,,6,-22.756,2,60,13,1672,0.5233
12.432,11.586,0.0,26721.5,9.5,78.34,0.9,,6,-46.557,2,60,13,1270,0.522
12.287,12.124,0.0,101515.8,9.5,62.724,0.95,,7,103.032,2,60,13,915,0.5366
12.853,12.458,0.0,82466.7,9.5,47.089,1.0,,9,64.933,2,60,13,680,0.5397
11.705,10.15,0.0,7461.0,9.5,92.209,0.8,,2,-85.078,3,60,8,1415,0.5258
11.915,10.515,0.0,7573.7,9.5,91.025,0.85,,1,-84.853,3,60,8,968,0.5134
12.432,11.586,0.0,17657.9,9.5,90.801,0.9,,6,-64.684,3,60,13,1270,0.522
12.287,12.124,0.0,86059.8,9.5,77.925,0.95,,6,72.12,3,60,13,915,0.5366
12.853,12.458,0.0,73202.9,9.5,66.484,1.0,,6,46.406,3,60,13,680,0.5397
11.169,9.077,0.0,5446.4,9.5,95.465,0.8,,0,-89.107,4,60,4,725,0.5241
11.288,9.265,0.0,5597.6,9.5,94.205,0.85,,0,-88.805,4,60,4,473,0.4947
11.336,9.378,0.0,5422.6,9.5,94.786,0.9,,0,-89.155,4,60,4,360,0.475
12.287,12.124,0.0,85107.1,9.5,87.069,0.95,,5,70.214,4,60,13,915,0.5366
12.853,12.458,0.0,53516.1,9.5,78.182,1.0,,4,7.032,4,60,13,680,0.5397
11.113,9.073,0.0,4550.4,9.5,96.934,0.8,,0,-90.899,5,60,4,702,0.5271
11.186,9.306,0.0,4472.0,9.5,96.09,0.85,,0,-91.056,5,60,3,350,0.4857
11.102,9.435,0.0,4297.0,9.5,96.524,0.9,,0,-91.406,5,60,4,341,0.4839
12.287,12.124,0.0,45072.7,9.5,93.814,0.95,,5,-9.855,5,60,13,915,0.5366
12.853,12.458,0.0,32570.0,9.5,84.73,1.0,,3,-34.86,5,60,13,680,0.5397
11.002,9.191,0.0,3575.3,9.5,97.942,0.8,,0,-92.849,6,60,3,490,0.5163
11.132,9.391,0.0,3647.4,9.5,97.164,0.85,,0,-92.705,6,60,3,332,0.488
11.153,9.398,0.0,3776.9,9.5,97.383,0.9,,0,-92.446,6,60,3,274,0.4781
11.254,9.74,0.0,3610.3,9.5,95.709,0.95,,0,-92.779,6,60,4,255,0.4745
12.853,12.458,0.0,17823.1,9.5,90.306,1.0,,4,-64.354,6,60,13,680,0.5397
10.855,9.168,0.0,2992.2,9.5,98.558,0.8,,0,-94.016,7,60,3,459,0.5185
10.913,9.312,0.0,3075.5,9.5,97.851,0.85,,0,-93.849,7,60,3,273,0.4908
11.173,9.388,0.0,2981.7,9.5,98.172,0.9,,0,-94.037,7,60,3,259,0.4826
11.29,9.737,0.0,2969.1,9.5,96.741,0.95,,0,-94.062,7,60,4,244,0.4836
12.853,12.458,0.0,7747.3,9.5,94.709,1.0,,4,-84.505,7,60,13,680,0.5397
10.657,8.812,0.0,2816.5,9.5,98.844,0.8,,0,-94.367,8,60,3,400,0.525
10.876,9.294,0.0,2814.4,9.5,98.272,0.85,,0,-94.371,8,60,3,269,0.4944
10.856,9.359,0.0,2514.8,9.5,98.611,0.9,,0,-94.97,8,60,3,220,0.4773
11.29,9.737,0.0,2181.6,9.5,97.784,0.95,,0,-95.637,8,60,4,244,0.4836
12.465,12.541,0.0783,2834.7,9.5,96.882,1.0,,2,-94.331,8,60,7,352,0.5227
10.689,8.784,0.0,2409.1,9.5,99.146,0.8,,0,-95.182,9,60,2,326,0.5245
10.804,9.335,0.0,2471.4,9.5,98.688,0.85,,0,-95.057,9,60,3,258,0.4961
10.762,9.439,0.0,2479.8,9.5,98.811,0.9,,0,-95.04,9,60,3,216,0.4815
10.725,9.568,0.0,2235.5,9.5,97.906,0.95,,0,-95.529,9,60,3,181,0.4696
11.244,9.539,0.0,2146.6,9.5,97.809,1.0,,0,-95.707,9,60,4,207,0.4879
10.69,8.784,0.0,2216.6,9.5,99.249,0.8,,0,-95.567,10,60,2,323,0.5294
10.892,9.122,0.0,2220.8,9.5,98.883,0.85,,0,-95.558,10,60,2,218,0.5
10.73,9.439,0.0,2337.7,9.5,98.947,0.9,,0,-95.325,10,60,3,212,0.4906
10.27,9.535,0.0,2267.7,9.5,97.954,0.95,,0,-95.465,10,60,3,156,0.4359
11.154,9.548,0.0,2348.9,9.5,97.668,1.0,,0,-95.302,10,60,4,203,0.4926
10.657,11.02,0.0,50046.9,10.0,45.91,0.8,,5,0.094,1,5,13,2561,0.4955
10.666,11.201,0.0,52202.2,10.0,43.33,0.85,,6,4.404,1,5,13,1683,0.492
10.86,11.297,0.0,46999.1,10.0,44.321,0.9,,5,-6.002,1,5,13,1276,0.4906
10.614,11.869,0.0,61848.9,10.0,33.462,0.95,,6,23.698,1,5,13,918,0.5
11.193,12.03,0.0,57213.5,10.0,22.664,1.0,,7,14.427,1,5,13,682,0.5161
10.771,10.48,0.0249,11017.7,10.0,84.311,0.8,,1,-77.965,2,5,8,1578,0.488
10.666,11.201,0.0,29949.9,10.0,76.929,0.85,,5,-40.1,2,5,13,1683,0.492
10.86,11.297,0.0,31339.4,10.0,74.805,0.9,,5,-37.321,2,5,13,1276,0.4906
10.614,11.869,0.0,81574.9,10.0,63.119,0.95,,6,63.15,2,5,13,918,0.5
11.193,12.03,0.0,83093.2,10.0,44.697,1.0,,9,66.186,2,5,13,682,0.5161
9.64,8.593,0.0,7974.1,10.0,90.064,0.8,,0,-84.052,3,5,5,873,0.488
9.908,8.949,0.0,7962.2,10.0,88.438,0.85,,0,-84.076,3,5,4,519,0.4605
9.998,8.752,0.0,7983.9,10.0,88.647,0.9,,0,-84.032,3,5,5,421,0.4466
10.614,11.869,0.0,71200.9,10.0,80.161,0.95,,6,42.402,3,5,13,918,0.5
11.193,12.03,0.0,80121.0,10.0,63.451,1.0,,6,60.242,3,5,13,682,0.5161
9.838,8.983,0.0,5870.6,10.0,93.722,0.8,,0,-88.259,4,5,4,733,0.4925
9.99,8.974,0.0,5953.2,10.0,92.259,0.85,,0,-88.094,4,5,4,501,0.4651
10.067,9.042,0.0,5850.3,10.0,92.697,0.9,,0,-88.299,4,5,4,393,0.4478
10.614,11.869,0.0,64749.0,10.0,88.848,0.95,,6,29.498,4,5,13,918,0.5
11.193,12.03,0.0,67780.7,10.0,75.543,1.0,,6,35.561,4,5,13,682,0.5161
9.835,8.982,0.0,4691.1,10.0,95.637,0.8,,0,-90.618,5,5,4,724,0.4959
10.014,8.835,0.0,4633.7,10.0,94.592,0.85,,0,-90.733,5,5,3,359,0.4624
10.132,9.172,0.0,4623.2,10.0,94.897,0.9,,0,-90.754,5,5,4,343,0.4636
10.332,9.365,0.0,4738.0,10.0,93.708,0.95,,0,-90.524,5,5,4,277,0.444
11.193,12.03,0.0,55667.9,10.0,83.201,1.0,,5,11.336,5,5,13,682,0.5161
9.998,9.102,0.0,3894.5,10.0,96.833,0.8,,0,-92.211,6,5,3,516,0.4961
9.897,8.67,0.0,3906.4,10.0,95.883,0.85,,0,-92.187,6,5,3,320,0.4688
10.112,9.218,0.0,3964.5,10.0,96.1,0.9,,0,-92.071,6,5,4,341,0.4633
10.472,9.45,0.0,3840.6,10.0,95.256,0.95,,0,-92.319,6,5,4,256,0.4492
11.193,12.03,0.0,18838.8,10.0,91.204,1.0,,4,-62.322,6,5,13,682,0.5161
9.915,8.976,0.0,3307.9,10.0,97.557,0.8,,0,-93.384,7,5,3,493,0.497
10.003,8.87,0.0,3153.2,10.0,97.012,0.85,,0,-93.694,7,5,3,290,0.4655
10.185,8.967,0.0,3415.7,10.0,97.0,0.9,,0,-93.169,7,5,3,276,0.4638
10.492,9.439,0.0,2796.9,10.0,96.826,0.95,,0,-94.406,7,5,4,245,0.4571
11.193,12.03,0.0,12594.8,10.0,95.079,1.0,,3,-74.81,7,5,13,682,0.5161
9.817,8.985,0.0,2927.1,10.0,98.051,0.8,,0,-94.146,8,5,3,470,0.5021
10.038,8.977,0.0,2931.3,10.0,97.487,0.85,,0,-94.137,8,5,3,278,0.4784
10.173,8.941,0.0,2838.2,10.0,97.758,0.9,,0,-94.324,8,5,3,223,0.4664
10.492,9.439,0.0,2810.2,10.0,97.081,0.95,,0,-94.38,8,5,4,245,0.4571
11.559,12.586,0.0289,2666.0,10.0,97.004,1.0,,2,-94.668,8,5,8,392,0.4949
9.751,9.052,0.0,2579.2,10.0,98.475,0.8,,0,-94.842,9,5,3,426,0.5023
10.043,8.957,0.0,2473.5,10.0,98.076,0.85,,0,-95.053,9,5,3,274,0.4818
10.13,9.017,0.0,2447.6,10.0,98.268,0.9,,0,-95.105,9,5,3,221,0.4661
10.155,9.528,0.0,2650.6,10.0,97.415,0.95,,0,-94.699,9,5,4,240,0.4542
10.288,8.95,0.0,2391.6,10.0,97.447,1.0,,0,-95.217,9,5,5,220,0.4773
9.699,8.43,0.0,2304.1,10.0,98.751,0.8,,0,-95.392,10,5,2,352,0.517
10.028,8.709,0.0,2386.7,10.0,98.31,0.85,,0,-95.227,10,5,2,233,0.4893
10.008,9.017,0.0,2376.2,10.0,98.494,0.9,,0,-95.248,10,5,3,215,0.4791
9.795,8.992,0.0,2276.8,10.0,97.945,0.95,,0,-95.446,10,5,3,155,0.4323
10.264,9.369,0.0,2367.1,10.0,97.65,1.0,,0,-95.266,10,5,4,204,0.4755
11.891,11.241,0.0,59533.3,10.0,48.17,0.8,,6,19.067,1,10,13,2530,0.5245
11.963,11.173,0.0,52517.2,10.0,44.731,0.85,,7,5.034,1,10,13,1667,0.5219
12.186,11.286,0.0,46012.1,10.0,45.198,0.9,,6,-7.976,1,10,13,1268,0.5205
11.904,11.76,0.0,62341.0,10.0,33.657,0.95,,7,24.682,1,10,13,916,0.5284
12.371,11.896,0.0,58078.7,10.0,22.367,1.0,,5,16.157,1,10,13,681,0.5389
11.913,10.292,0.0505,11897.6,10.0,84.756,0.8,,2,-76.205,2,10,8,1472,0.519
11.963,11.173,0.0,34448.8,10.0,74.524,0.85,,6,-31.102,2,10,13,1667,0.5219
12.186,11.286,0.0,28618.5,10.0,74.908,0.9,,5,-42.763,2,10,13,1268,0.5205
11.904,11.76,0.0,87790.2,10.0,63.759,0.95,,8,75.58,2,10,13,916,0.5284
12.371,11.896,0.0,82506.6,10.0,47.501,1.0,,6,65.013,2,10,13,681,0.5389
10.998,8.656,0.053,7752.2,10.0,91.87,0.8,,1,-84.496,3,10,5,806,0.5248
11.949,10.434,0.0153,7969.2,10.0,89.72,0.85,,1,-84.062,3,10,8,956,0.5115
12.186,11.286,0.0,19772.6,10.0,89.089,0.9,,5,-60.455,3,10,13,1268,0.5205
11.904,11.76,0.0,68672.5,10.0,80.013,0.95,,6,37.345,3,10,13,916,0.5284
12.371,11.896,0.0,73783.2,10.0,65.747,1.0,,5,47.566,3,10,13,681,0.5389
11.127,8.934,0.0,5784.5,10.0,95.107,0.8,,0,-88.431,4,10,4,728,0.5247
11.352,9.083,0.0,5714.5,10.0,93.694,0.85,,0,-88.571,4,10,4,446,0.5
11.499,9.153,0.0,5853.1,10.0,93.735,0.9,,0,-88.294,4,10,4,362,0.4834
11.904,11.76,0.0,51255.8,10.0,89.925,0.95,,6,2.512,4,10,13,916,0.5284
12.371,11.896,0.0,61404.4,10.0,77.789,1.0,,5,22.809,4,10,13,681,0.5389
11.112,8.967,0.0,4609.2,10.0,96.741,0.8,,0,-90.782,5,10,4,699,0.5293
11.197,9.019,0.0,4779.3,10.0,95.411,0.85,,0,-90.441,5,10,3,354,0.4915
11.472,9.234,0.0,4738.0,10.0,95.684,0.9,,0,-90.524,5,10,4,354,0.4887
11.489,9.193,0.0,4727.5,10.0,93.722,0.95,,0,-90.545,5,10,4,259,0.471
12.371,11.896,0.0,41465.6,10.0,86.512,1.0,,4,-17.069,5,10,13,681,0.5389
11.12,9.044,0.0,3839.2,10.0,97.71,0.8,,0,-92.322,6,10,3,560,0.525
11.188,9.104,0.0,3877.0,10.0,96.741,0.85,,0,-92.246,6,10,3,334,0.494
11.24,9.234,0.0,3907.1,10.0,96.903,0.9,,0,-92.186,6,10,4,341,0.4927
11.504,9.249,0.0,3730.0,10.0,95.393,0.95,,0,-92.54,6,10,4,246,0.4797
12.371,11.896,0.0,15037.8,10.0,92.452,1.0,,4,-69.924,6,10,13,681,0.5389
10.99,9.142,0.0,3303.7,10.0,98.325,0.8,,0,-93.393,7,10,3,467,0.5246
10.955,9.15,0.0,3219.7,10.0,97.624,0.85,,0,-93.561,7,10,3,292,0.4932
11.342,9.218,0.0,3134.3,10.0,97.853,0.9,,0,-93.731,7,10,3,269,0.4907
10.823,8.961,0.0,3405.9,10.0,96.135,0.95,,0,-93.188,7,10,3,194,0.4639
12.371,11.896,0.0,13194.0,10.0,95.273,1.0,,4,-73.612,7,10,13,681,0.5389
10.867,9.142,0.0,2672.3,10.0,98.825,0.8,,0,-94.655,8,10,3,464,0.528
10.973,9.151,0.0,2864.8,10.0,98.174,0.85,,0,-94.27,8,10,3,279,0.4982
10.99,9.216,0.0,2925.0,10.0,98.283,0.9,,0,-94.15,8,10,3,225,0.4844
11.476,9.249,0.0,2218.0,10.0,97.696,0.95,,0,-95.564,8,10,4,245,0.4816
12.676,12.391,0.0295,2453.9,10.0,97.242,1.0,,1,-95.092,8,10,7,348,0.5287
10.804,9.136,0.0,2386.7,10.0,99.103,0.8,,0,-95.227,9,10,3,425,0.5271
10.936,9.182,0.0,2496.6,10.0,98.597,0.85,,0,-95.007,9,10,3,270,0.5074
10.969,9.216,0.0,2632.4,10.0,98.656,0.9,,0,-94.735,9,10,3,221,0.4932
10.413,8.963,0.0,2449.7,10.0,97.611,0.95,,0,-95.101,9,10,3,157,0.4395
11.422,9.243,0.0,2465.8,10.0,97.367,1.0,,0,-95.068,9,10,4,204,0.4951
10.777,9.178,0.0,2205.4,10.0,99.266,0.8,,0,-95.589,10,10,3,419,0.5298
10.821,9.152,0.0,2397.9,10.0,98.794,0.85,,0,-95.204,10,10,3,265,0.5094
10.873,9.291,0.0,2266.3,10.0,98.979,0.9,,0,-95.467,10,10,3,216,0.5
10.38,9.079,0.0,2305.5,10.0,97.92,0.95,,0,-95.389,10,10,3,152,0.4474
11.56,9.348,0.0,2309.0,10.0,97.708,1.0,,0,-95.382,10,10,4,198,0.5
12.351,11.379,0.0,49820.8,10.0,47.301,0.8,,5,-0.358,1,15,13,2525,0.5299
12.398,11.424,0.0,52844.1,10.0,41.352,0.85,,7,5.688,1,15,13,1664,0.5294
12.704,11.625,0.0,49385.4,10.0,41.755,0.9,,6,-1.229,1,15,13,1266,0.5276
12.564,12.173,0.0,62714.8,10.0,28.919,0.95,,7,25.43,1,15,13,914,0.5372
13.163,12.445,0.0,56660.5,10.0,21.504,1.0,,7,13.321,1,15,13,680,0.5441
12.193,10.479,0.0508,11352.3,10.0,85.264,0.8,,2,-77.295,2,15,8,1556,0.5212
12.398,11.424,0.0,43448.0,10.0,72.813,0.85,,5,-13.104,2,15,13,1664,0.5294
12.704,11.625,0.0,28505.8,10.0,74.263,0.9,,6,-42.988,2,15,13,1266,0.5276
12.564,12.173,0.0,83093.9,10.0,61.788,0.95,,7,66.188,2,15,13,914,0.5372
13.163,12.445,0.0,78590.1,10.0,43.922,1.0,,7,57.18,2,15,13,680,0.5441
11.92,10.214,0.0094,7640.2,10.0,91.957,0.8,,2,-84.72,3,15,8,1432,0.5258
12.398,11.424,0.0,29183.4,10.0,88.735,0.85,,6,-41.633,3,15,13,1664,0.5294
12.704,11.625,0.0,18933.3,10.0,87.176,0.9,,6,-62.133,3,15,13,1266,0.5276
12.564,12.173,0.0,89433.1,10.0,77.074,0.95,,7,78.866,3,15,13,914,0.5372
13.163,12.445,0.0,68863.6,10.0,65.085,1.0,,7,37.727,3,15,13,680,0.5441
11.275,8.878,0.0762,5886.0,10.0,94.946,0.8,,1,-88.228,4,15,4,769,0.5306
11.453,9.075,0.0809,5839.8,10.0,93.881,0.85,,1,-88.32,4,15,4,510,0.5078
11.605,9.43,0.0771,5949.7,10.0,93.833,0.9,,1,-88.101,4,15,4,361,0.4903
12.564,12.173,0.0,65165.5,10.0,86.512,0.95,,6,30.331,4,15,13,914,0.5372
13.163,12.445,0.0,48474.0,10.0,76.225,1.0,,5,-3.052,4,15,13,680,0.5441
11.345,9.102,0.0,4794.7,10.0,96.539,0.8,,0,-90.411,5,15,4,717,0.5314
11.379,9.399,0.0,4756.2,10.0,95.508,0.85,,0,-90.488,5,15,3,357,0.4986
11.578,9.513,0.0752,4594.5,10.0,95.981,0.9,,1,-90.811,5,15,4,354,0.4944
12.564,12.173,0.0,43139.3,10.0,92.386,0.95,,5,-13.721,5,15,13,914,0.5372
13.163,12.445,0.0,36072.1,10.0,83.722,1.0,,4,-27.856,5,15,13,680,0.5441
11.344,9.113,0.0,3697.1,10.0,97.756,0.8,,0,-92.606,6,15,4,694,0.5346
11.377,9.337,0.0,3935.8,10.0,96.692,0.85,,0,-92.128,6,15,3,354,0.5
11.603,9.507,0.0,3787.4,10.0,97.045,0.9,,0,-92.425,6,15,4,345,0.4986
11.613,9.661,0.0,3794.4,10.0,95.313,0.95,,0,-92.411,6,15,4,255,0.4824
13.163,12.445,0.0,21384.0,10.0,89.201,1.0,,5,-57.232,6,15,13,680,0.5441
11.336,9.347,0.0,3164.4,10.0,98.356,0.8,,0,-93.671,7,15,3,512,0.5293
11.379,9.438,0.0,3415.7,10.0,97.479,0.85,,0,-93.169,7,15,3,333,0.5045
11.454,9.583,0.0,3169.3,10.0,97.829,0.9,,0,-93.661,7,15,3,268,0.5
11.582,9.661,0.0,3244.9,10.0,96.317,0.95,,0,-93.51,7,15,4,252,0.4881
13.163,12.445,0.0,7498.8,10.0,94.974,1.0,,4,-85.002,7,15,13,680,0.5441
11.184,9.326,0.0,2785.7,10.0,98.742,0.8,,0,-94.429,8,15,3,466,0.5322
11.142,9.406,0.0,2747.9,10.0,98.248,0.85,,0,-94.504,8,15,3,291,0.5017
11.399,9.503,0.0,2874.6,10.0,98.313,0.9,,0,-94.251,8,15,3,257,0.5058
11.087,9.614,0.0,2983.1,10.0,96.901,0.95,,0,-94.034,8,15,3,195,0.4769
12.79,12.431,0.0216,2770.3,10.0,96.887,1.0,,1,-94.459,8,15,7,355,0.5268
11.184,9.326,0.0,2079.4,10.0,99.197,0.8,,0,-95.841,9,15,3,466,0.5322
11.129,9.419,0.0,2481.9,10.0,98.605,0.85,,0,-95.036,9,15,3,274,0.5073
11.082,9.493,0.0,2452.5,10.0,98.747,0.9,,0,-95.095,9,15,3,224,0.4911
10.976,9.499,0.0,2456.7,10.0,97.604,0.95,,0,-95.087,9,15,3,192,0.4792
11.57,9.449,0.0,2337.0,10.0,97.505,1.0,,0,-95.326,9,15,4,207,0.4976
10.938,9.298,0.0,2278.2,10.0,99.212,0.8,,0,-95.444,10,15,3,421,0.5321
11.093,9.403,0.0,2243.9,10.0,98.872,0.85,,0,-95.512,10,15,3,268,0.5149
11.064,9.493,0.0,2127.0,10.0,99.042,0.9,,0,-95.746,10,15,3,220,0.5
10.986,9.46,0.0,2030.4,10.0,98.168,0.95,,0,-95.939,10,15,3,181,0.4807
11.488,9.457,0.0,2250.2,10.0,97.766,1.0,,0,-95.5,10,15,4,203,0.5025
12.4,11.374,0.0,54784.5,10.0,46.297,0.8,,5,9.569,1,20,13,2525,0.5319
12.455,11.423,0.0,53100.3,10.0,40.116,0.85,,6,6.201,1,20,13,1664,0.5319
12.747,11.593,0.0,49672.4,10.0,42.09,0.9,,6,-0.655,1,20,13,1266,0.5292
12.612,12.126,0.0,62934.6,10.0,28.919,0.95,,8,25.869,1,20,13,914,0.5394
13.163,12.445,0.0,56660.5,10.0,21.504,1.0,,7,13.321,1,20,13,680,0.5441
12.259,10.495,0.0578,11281.6,10.0,85.255,0.8,,2,-77.437,2,20,8,1556,0.5231
12.455,11.423,0.0,43697.2,10.0,72.4,0.85,,5,-12.606,2,20,13,1664,0.5319
12.747,11.593,0.0,29370.3,10.0,74.11,0.9,,6,-41.259,2,20,13,1266,0.5292
12.612,12.126,0.0,84363.0,10.0,61.788,0.95,,7,68.726,2,20,13,914,0.5394
13.163,12.445,0.0,78590.1,10.0,43.922,1.0,,7,57.18,2,20,13,680,0.5441
11.992,10.232,0.0143,7292.3,10.0,92.244,0.8,,2,-85.415,3,20,8,1432,0.5279
12.455,11.423,0.0,29436.8,10.0,88.556,0.85,,6,-41.126,3,20,13,1664,0.5319
12.747,11.593,0.0,19543.7,10.0,86.834,0.9,,6,-60.913,3,20,13,1266,0.5292
12.612,12.126,0.0,90769.4,10.0,77.074,0.95,,7,81.539,3,20,13,914,0.5394
13.163,12.445,0.0,68863.6,10.0,65.085,1.0,,7,37.727,3,20,13,680,0.5441
11.364,8.936,0.0989,5991.7,10.0,94.784,0.8,,1,-88.017,4,20,4,767,0.5332
11.388,9.041,0.0,5950.4,10.0,93.606,0.85,,0,-88.099,4,20,5,563,0.5115
11.453,9.038,0.0537,5710.3,10.0,94.082,0.9,,1,-88.579,4,20,5,414,0.4928
12.612,12.126,0.0,65906.1,10.0,86.512,0.95,,5,31.812,4,20,13,914,0.5394
13.163,12.445,0.0,48474.0,10.0,76.225,1.0,,5,-3.052,4,20,13,680,0.5441
11.376,9.153,0.0,4716.3,10.0,96.529,0.8,,0,-90.567,5,20,4,700,0.5343
11.623,9.379,0.0,4598.7,10.0,95.633,0.85,,0,-90.803,5,20,4,467,0.5075
11.613,9.513,0.0741,4755.5,10.0,95.84,0.9,,1,-90.489,5,20,4,353,0.4958
12.612,12.126,0.0,41943.0,10.0,92.386,0.95,,5,-16.114,5,20,13,914,0.5394
13.163,12.445,0.0,36072.1,10.0,83.722,1.0,,4,-27.856,5,20,13,680,0.5441
11.412,9.16,0.0,3975.0,10.0,97.531,0.8,,0,-92.05,6,20,4,696,0.5359
11.415,9.337,0.0,3955.4,10.0,96.675,0.85,,0,-92.089,6,20,3,354,0.5
11.635,9.507,0.0,3706.2,10.0,97.109,0.9,,0,-92.588,6,20,4,345,0.4986
11.613,9.661,0.0,3794.4,10.0,95.313,0.95,,0,-92.411,6,20,4,255,0.4824
13.163,12.445,0.0,21384.0,10.0,89.201,1.0,,5,-57.232,6,20,13,680,0.5441
11.367,9.373,0.0,3382.1,10.0,98.196,0.8,,0,-93.236,7,20,3,510,0.5294
11.42,9.438,0.0,3205.7,10.0,97.634,0.85,,0,-93.589,7,20,3,333,0.5045
11.462,9.583,0.0,3298.8,10.0,97.74,0.9,,0,-93.402,7,20,3,267,0.5019
11.582,9.661,0.0,3244.9,10.0,96.317,0.95,,0,-93.51,7,20,4,252,0.4881
13.163,12.445,0.0,7498.8,10.0,94.974,1.0,,4,-85.002,7,20,13,680,0.5441
11.215,9.326,0.0,2768.9,10.0,98.71,0.8,,0,-94.462,8,20,3,466,0.5322
11.184,9.406,0.0,2995.0,10.0,98.091,0.85,,0,-94.01,8,20,3,290,0.5034
11.419,9.559,0.0,2999.2,10.0,98.24,0.9,,0,-94.002,8,20,3,255,0.5059
11.087,9.614,0.0,2983.1,10.0,96.901,0.95,,0,-94.034,8,20,3,195,0.4769
12.79,12.431,0.0216,2770.3,10.0,96.887,1.0,,1,-94.459,8,20,7,355,0.5268
11.084,9.281,0.0,2652.0,10.0,98.938,0.8,,0,-94.696,9,20,3,458,0.5328
11.178,9.419,0.0,2632.4,10.0,98.52,0.85,,0,-94.735,9,20,3,274,0.5073
11.116,9.493,0.0,2547.0,10.0,98.699,0.9,,0,-94.906,9,20,3,223,0.4933
10.976,9.499,0.0,2456.7,10.0,97.604,0.95,,0,-95.087,9,20,3,192,0.4792
11.57,9.449,0.0,2337.0,10.0,97.505,1.0,,0,-95.326,9,20,4,207,0.4976
10.971,9.298,0.0,2297.1,10.0,99.174,0.8,,0,-95.406,10,20,3,421,0.5321
11.144,9.403,0.0,2181.6,10.0,98.903,0.85,,0,-95.637,10,20,3,268,0.5149
11.104,9.493,0.0,2106.7,10.0,99.051,0.9,,0,-95.787,10,20,3,221,0.4977
10.986,9.46,0.0,2030.4,10.0,98.168,0.95,,0,-95.939,10,20,3,181,0.4807
11.488,9.457,0.0,2250.2,10.0,97.766,1.0,,0,-95.5,10,20,4,203,0.5025
12.409,11.371,0.0,54486.3,10.0,46.214,0.8,,5,8.973,1,25,13,2523,0.5327
12.458,11.423,0.0,52516.5,10.0,40.605,0.85,,6,5.033,1,25,13,1664,0.5319
12.751,11.593,0.0,45916.9,10.0,42.402,0.9,,6,-8.166,1,25,13,1266,0.5292
12.612,12.126,0.0,62934.6,10.0,28.919,0.95,,8,25.869,1,25,13,914,0.5394
13.163,12.445,0.0,56660.5,10.0,21.504,1.0,,7,13.321,1,25,13,680,0.5441
12.183,10.308,0.0629,11882.2,10.0,84.47,0.8,,2,-76.236,2,25,8,1468,0.5272
12.458,11.423,0.0,43700.0,10.0,72.396,0.85,,5,-12.6,2,25,13,1664,0.5319
12.751,11.593,0.0,29372.4,10.0,74.277,0.9,,6,-41.255,2,25,13,1266,0.5292
12.612,12.126,0.0,84363.0,10.0,61.788,0.95,,7,68.726,2,25,13,914,0.5394
13.163,12.445,0.0,78590.1,10.0,43.922,1.0,,7,57.18,2,25,13,680,0.5441
11.977,10.229,0.0154,7792.1,10.0,91.712,0.8,,2,-84.416,3,25,8,1429,0.5297
12.458,11.423,0.0,19645.2,10.0,89.69,0.85,,5,-60.71,3,25,13,1664,0.5319
12.751,11.593,0.0,19546.5,10.0,87.428,0.9,,6,-60.907,3,25,13,1266,0.5292
12.612,12.126,0.0,90769.4,10.0,77.074,0.95,,7,81.539,3,25,13,914,0.5394
13.163,12.445,0.0,68863.6,10.0,65.085,1.0,,7,37.727,3,25,13,680,0.5441
11.349,8.828,0.0996,5936.4,10.0,94.832,0.8,,1,-88.127,4,25,4,787,0.5362
11.444,9.059,0.0,5972.1,10.0,93.583,0.85,,0,-88.056,4,25,5,535,0.5103
11.489,9.223,0.0949,5842.6,10.0,93.944,0.9,,1,-88.315,4,25,4,391,0.491
12.612,12.126,0.0,65906.1,10.0,86.512,0.95,,5,31.812,4,25,13,914,0.5394
13.163,12.445,0.0,48474.0,10.0,76.225,1.0,,5,-3.052,4,25,13,680,0.5441
11.403,9.163,0.0,4682.0,10.0,96.554,0.8,,0,-90.636,5,25,4,716,0.5335
11.585,9.453,0.0,4741.5,10.0,95.497,0.85,,0,-90.517,5,25,4,464,0.5065
11.576,9.513,0.0745,4784.9,10.0,95.814,0.9,,1,-90.43,5,25,4,353,0.4958
12.612,12.126,0.0,41943.0,10.0,92.386,0.95,,5,-16.114,5,25,13,914,0.5394
13.163,12.445,0.0,36072.1,10.0,83.722,1.0,,4,-27.856,5,25,13,680,0.5441
11.388,9.16,0.0,3878.4,10.0,97.591,0.8,,0,-92.243,6,25,4,696,0.5359
11.378,9.337,0.0,3956.8,10.0,96.674,0.85,,0,-92.086,6,25,3,354,0.5
11.578,9.507,0.0,3957.5,10.0,96.913,0.9,,0,-92.085,6,25,4,344,0.5
11.613,9.661,0.0,3794.4,10.0,95.313,0.95,,0,-92.411,6,25,4,255,0.4824
13.163,12.445,0.0,21384.0,10.0,89.201,1.0,,5,-57.232,6,25,13,680,0.5441
11.111,9.305,0.0,3412.2,10.0,98.18,0.8,,0,-93.176,7,25,3,502,0.5259
11.389,9.438,0.0,3307.2,10.0,97.559,0.85,,0,-93.386,7,25,3,334,0.503
11.345,9.521,0.0,3256.1,10.0,97.769,0.9,,0,-93.488,7,25,4,340,0.5
11.582,9.661,0.0,3244.9,10.0,96.317,0.95,,0,-93.51,7,25,4,252,0.4881
13.163,12.445,0.0,7498.8,10.0,94.974,1.0,,4,-85.002,7,25,13,680,0.5441
11.185,9.326,0.0,2841.0,10.0,98.676,0.8,,0,-94.318,8,25,3,466,0.5322
11.144,9.406,0.0,2764.7,10.0,98.238,0.85,,0,-94.471,8,25,3,291,0.5017
11.377,9.507,0.0,2763.3,10.0,98.378,0.9,,0,-94.473,8,25,3,273,0.4982
11.087,9.614,0.0,2983.1,10.0,96.901,0.95,,0,-94.034,8,25,3,195,0.4769
12.79,12.431,0.0216,2770.3,10.0,96.887,1.0,,1,-94.459,8,25,7,355,0.5268
10.97,9.256,0.0,2584.1,10.0,98.966,0.8,,0,-94.832,9,25,3,425,0.5318
11.13,9.419,0.0,2501.5,10.0,98.594,0.85,,0,-94.997,9,25,3,274,0.5073
11.383,9.503,0.0,2665.3,10.0,98.639,0.9,,0,-94.669,9,25,3,258,0.5039
10.976,9.499,0.0,2456.7,10.0,97.604,0.95,,0,-95.087,9,25,3,192,0.4792
11.57,9.449,0.0,2337.0,10.0,97.505,1.0,,0,-95.326,9,25,4,207,0.4976
10.938,9.298,0.0,2317.4,10.0,99.167,0.8,,0,-95.365,10,25,3,421,0.5321
11.094,9.403,0.0,2255.8,10.0,98.866,0.85,,0,-95.488,10,25,3,268,0.5149
11.045,9.493,0.0,2168.3,10.0,99.023,0.9,,0,-95.663,10,25,3,221,0.4977
10.986,9.46,0.0,2030.4,10.0,98.168,0.95,,0,-95.939,10,25,3,181,0.4807
11.488,9.457,0.0,2250.2,10.0,97.766,1.0,,0,-95.5,10,25,4,203,0.5025
12.414,11.369,0.0,54750.2,10.0,45.411,0.8,,5,9.5,1,30,13,2523,0.5331
12.458,11.423,0.0,52516.5,10.0,40.605,0.85,,6,5.033,1,30,13,1664,0.5319
12.751,11.593,0.0,45916.9,10.0,42.402,0.9,,6,-8.166,1,30,13,1266,0.5292
12.612,12.126,0.0,62934.6,10.0,28.919,0.95,,8,25.869,1,30,13,914,0.5394
13.163,12.445,0.0,56660.5,10.0,21.504,1.0,,7,13.321,1,30,13,680,0.5441
12.282,10.489,0.0633,11343.2,10.0,85.174,0.8,,2,-77.314,2,30,8,1554,0.5251
12.458,11.423,0.0,43700.0,10.0,72.396,0.85,,5,-12.6,2,30,13,1664,0.5319
12.751,11.593,0.0,29372.4,10.0,74.277,0.9,,6,-41.255,2,30,13,1266,0.5292
12.612,12.126,0.0,84363.0,10.0,61.788,0.95,,7,68.726,2,30,13,914,0.5394
13.163,12.445,0.0,78590.1,10.0,43.922,1.0,,7,57.18,2,30,13,680,0.5441
12.014,10.226,0.0254,7722.8,10.0,91.786,0.8,,2,-84.554,3,30,8,1430,0.5301
12.458,11.423,0.0,19645.2,10.0,89.69,0.85,,5,-60.71,3,30,13,1664,0.5319
12.751,11.593,0.0,19546.5,10.0,87.428,0.9,,6,-60.907,3,30,13,1266,0.5292
12.612,12.126,0.0,90769.4,10.0,77.074,0.95,,7,81.539,3,30,13,914,0.5394
13.163,12.445,0.0,68863.6,10.0,65.085,1.0,,7,37.727,3,30,13,680,0.5441
11.421,9.059,0.0844,5984.7,10.0,94.79,0.8,,1,-88.031,4,30,4,734,0.5327
11.444,9.059,0.0,5972.1,10.0,93.583,0.85,,0,-88.056,4,30,5,535,0.5103
11.489,9.223,0.0949,5842.6,10.0,93.944,0.9,,1,-88.315,4,30,4,391,0.491
12.612,12.126,0.0,65906.1,10.0,86.512,0.95,,5,31.812,4,30,13,914,0.5394
13.163,12.445,0.0,48474.0,10.0,76.225,1.0,,5,-3.052,4,30,13,680,0.5441
11.426,9.152,0.0,4561.6,10.0,96.643,0.8,,0,-90.877,5,30,4,722,0.5332
11.585,9.453,0.0,4741.5,10.0,95.497,0.85,,0,-90.517,5,30,4,464,0.5065
11.576,9.513,0.0745,4784.9,10.0,95.814,0.9,,1,-90.43,5,30,4,353,0.4958
12.612,12.126,0.0,41943.0,10.0,92.386,0.95,,5,-16.114,5,30,13,914,0.5394
13.163,12.445,0.0,36072.1,10.0,83.722,1.0,,4,-27.856,5,30,13,680,0.5441
11.406,9.157,0.0,3757.3,10.0,97.666,0.8,,0,-92.485,6,30,4,696,0.5374
11.378,9.337,0.0,3956.8,10.0,96.674,0.85,,0,-92.086,6,30,3,354,0.5
11.578,9.507,0.0,3957.5,10.0,96.913,0.9,,0,-92.085,6,30,4,344,0.5
11.613,9.661,0.0,3794.4,10.0,95.313,0.95,,0,-92.411,6,30,4,255,0.4824
13.163,12.445,0.0,21384.0,10.0,89.201,1.0,,5,-57.232,6,30,13,680,0.5441
11.377,9.343,0.0,3382.8,10.0,98.196,0.8,,0,-93.234,7,30,3,512,0.5312
11.389,9.438,0.0,3307.2,10.0,97.559,0.85,,0,-93.386,7,30,3,334,0.503
11.345,9.521,0.0,3256.1,10.0,97.769,0.9,,0,-93.488,7,30,4,340,0.5
11.582,9.661,0.0,3244.9,10.0,96.317,0.95,,0,-93.51,7,30,4,252,0.4881
13.163,12.445,0.0,7498.8,10.0,94.974,1.0,,4,-85.002,7,30,13,680,0.5441
11.185,9.326,0.0,2841.0,10.0,98.676,0.8,,0,-94.318,8,30,3,466,0.5322
11.144,9.406,0.0,2764.7,10.0,98.238,0.85,,0,-94.471,8,30,3,291,0.5017
11.377,9.507,0.0,2763.3,10.0,98.378,0.9,,0,-94.473,8,30,3,273,0.4982
11.087,9.614,0.0,2983.1,10.0,96.901,0.95,,0,-94.034,8,30,3,195,0.4769
12.79,12.431,0.0216,2770.3,10.0,96.887,1.0,,1,-94.459,8,30,7,355,0.5268
10.97,9.256,0.0,2584.1,10.0,98.966,0.8,,0,-94.832,9,30,3,425,0.5318
11.13,9.419,0.0,2501.5,10.0,98.594,0.85,,0,-94.997,9,30,3,274,0.5073
11.383,9.503,0.0,2665.3,10.0,98.639,0.9,,0,-94.669,9,30,3,258,0.5039
10.976,9.499,0.0,2456.7,10.0,97.604,0.95,,0,-95.087,9,30,3,192,0.4792
11.57,9.449,0.0,2337.0,10.0,97.505,1.0,,0,-95.326,9,30,4,207,0.4976
10.938,9.298,0.0,2317.4,10.0,99.167,0.8,,0,-95.365,10,30,3,421,0.5321
11.094,9.403,0.0,2255.8,10.0,98.866,0.85,,0,-95.488,10,30,3,268,0.5149
11.045,9.493,0.0,2168.3,10.0,99.023,0.9,,0,-95.663,10,30,3,221,0.4977
10.986,9.46,0.0,2030.4,10.0,98.168,0.95,,0,-95.939,10,30,3,181,0.4807
11.488,9.457,0.0,2250.2,10.0,97.766,1.0,,0,-95.5,10,30,4,203,0.5025
12.414,11.369,0.0,54750.2,10.0,45.411,0.8,,5,9.5,1,35,13,2523,0.5331
12.458,11.423,0.0,52516.5,10.0,40.605,0.85,,6,5.033,1,35,13,1664,0.5319
12.751,11.593,0.0,45916.9,10.0,42.402,0.9,,6,-8.166,1,35,13,1266,0.5292
12.612,12.126,0.0,62934.6,10.0,28.919,0.95,,8,25.869,1,35,13,914,0.5394
13.163,12.445,0.0,56660.5,10.0,21.504,1.0,,7,13.321,1,35,13,680,0.5441
12.282,10.489,0.0633,11343.2,10.0,85.174,0.8,,2,-77.314,2,35,8,1554,0.5251
12.458,11.423,0.0,43700.0,10.0,72.396,0.85,,5,-12.6,2,35,13,1664,0.5319
12.751,11.593,0.0,29372.4,10.0,74.277,0.9,,6,-41.255,2,35,13,1266,0.5292
12.612,12.126,0.0,84363.0,10.0,61.788,0.95,,7,68.726,2,35,13,914,0.5394
13.163,12.445,0.0,78590.1,10.0,43.922,1.0,,7,57.18,2,35,13,680,0.5441
12.014,10.226,0.0254,7722.8,10.0,91.786,0.8,,2,-84.554,3,35,8,1430,0.5301
12.458,11.423,0.0,19645.2,10.0,89.69,0.85,,5,-60.71,3,35,13,1664,0.5319
12.751,11.593,0.0,19546.5,10.0,87.428,0.9,,6,-60.907,3,35,13,1266,0.5292
12.612,12.126,0.0,90769.4,10.0,77.074,0.95,,7,81.539,3,35,13,914,0.5394
13.163,12.445,0.0,68863.6,10.0,65.085,1.0,,7,37.727,3,35,13,680,0.5441
11.421,9.059,0.0844,5984.7,10.0,94.79,0.8,,1,-88.031,4,35,4,734,0.5327
11.444,9.059,0.0,5972.1,10.0,93.583,0.85,,0,-88.056,4,35,5,535,0.5103
11.489,9.223,0.0949,5842.6,10.0,93.944,0.9,,1,-88.315,4,35,4,391,0.491
12.612,12.126,0.0,65906.1,10.0,86.512,0.95,,5,31.812,4,35,13,914,0.5394
13.163,12.445,0.0,48474.0,10.0,76.225,1.0,,5,-3.052,4,35,13,680,0.5441
11.426,9.152,0.0,4561.6,10.0,96.643,0.8,,0,-90.877,5,35,4,722,0.5332
11.585,9.453,0.0,4741.5,10.0,95.497,0.85,,0,-90.517,5,35,4,464,0.5065
11.576,9.513,0.0745,4784.9,10.0,95.814,0.9,,1,-90.43,5,35,4,353,0.4958
12.612,12.126,0.0,41943.0,10.0,92.386,0.95,,5,-16.114,5,35,13,914,0.5394
13.163,12.445,0.0,36072.1,10.0,83.722,1.0,,4,-27.856,5,35,13,680,0.5441
11.406,9.157,0.0,3757.3,10.0,97.666,0.8,,0,-92.485,6,35,4,696,0.5374
11.378,9.337,0.0,3956.8,10.0,96.674,0.85,,0,-92.086,6,35,3,354,0.5
11.578,9.507,0.0,3957.5,10.0,96.913,0.9,,0,-92.085,6,35,4,344,0.5
11.613,9.661,0.0,3794.4,10.0,95.313,0.95,,0,-92.411,6,35,4,255,0.4824
13.163,12.445,0.0,21384.0,10.0,89.201,1.0,,5,-57.232,6,35,13,680,0.5441
11.377,9.343,0.0,3382.8,10.0,98.196,0.8,,0,-93.234,7,35,3,512,0.5312
11.389,9.438,0.0,3307.2,10.0,97.559,0.85,,0,-93.386,7,35,3,334,0.503
11.345,9.521,0.0,3256.1,10.0,97.769,0.9,,0,-93.488,7,35,4,340,0.5
11.582,9.661,0.0,3244.9,10.0,96.317,0.95,,0,-93.51,7,35,4,252,0.4881
13.163,12.445,0.0,7498.8,10.0,94.974,1.0,,4,-85.002,7,35,13,680,0.5441
11.185,9.326,0.0,2841.0,10.0,98.676,0.8,,0,-94.318,8,35,3,466,0.5322
11.144,9.406,0.0,2764.7,10.0,98.238,0.85,,0,-94.471,8,35,3,291,0.5017
11.377,9.507,0.0,2763.3,10.0,98.378,0.9,,0,-94.473,8,35,3,273,0.4982
11.087,9.614,0.0,2983.1,10.0,96.901,0.95,,0,-94.034,8,35,3,195,0.4769
12.79,12.431,0.0216,2770.3,10.0,96.887,1.0,,1,-94.459,8,35,7,355,0.5268
10.97,9.256,0.0,2584.1,10.0,98.966,0.8,,0,-94.832,9,35,3,425,0.5318
11.13,9.419,0.0,2501.5,10.0,98.594,0.85,,0,-94.997,9,35,3,274,0.5073
11.383,9.503,0.0,2665.3,10.0,98.639,0.9,,0,-94.669,9,35,3,258,0.5039
10.976,9.499,0.0,2456.7,10.0,97.604,0.95,,0,-95.087,9,35,3,192,0.4792
11.57,9.449,0.0,2337.0,10.0,97.505,1.0,,0,-95.326,9,35,4,207,0.4976
10.938,9.298,0.0,2317.4,10.0,99.167,0.8,,0,-95.365,10,35,3,421,0.5321
11.094,9.403,0.0,2255.8,10.0,98.866,0.85,,0,-95.488,10,35,3,268,0.5149
11.045,9.493,0.0,2168.3,10.0,99.023,0.9,,0,-95.663,10,35,3,221,0.4977
10.986,9.46,0.0,2030.4,10.0,98.168,0.95,,0,-95.939,10,35,3,181,0.4807
11.488,9.457,0.0,2250.2,10.0,97.766,1.0,,0,-95.5,10,35,4,203,0.5025
12.414,11.369,0.0,54750.2,10.0,45.411,0.8,,5,9.5,1,40,13,2523,0.5331
12.458,11.423,0.0,52516.5,10.0,40.605,0.85,,6,5.033,1,40,13,1664,0.5319
12.751,11.593,0.0,45916.9,10.0,42.402,0.9,,6,-8.166,1,40,13,1266,0.5292
12.612,12.126,0.0,62934.6,10.0,28.919,0.95,,8,25.869,1,40,13,914,0.5394
13.163,12.445,0.0,56660.5,10.0,21.504,1.0,,7,13.321,1,40,13,680,0.5441
12.282,10.489,0.0633,11343.2,10.0,85.174,0.8,,2,-77.314,2,40,8,1554,0.5251
12.458,11.423,0.0,43700.0,10.0,72.396,0.85,,5,-12.6,2,40,13,1664,0.5319
12.751,11.593,0.0,29372.4,10.0,74.277,0.9,,6,-41.255,2,40,13,1266,0.5292
12.612,12.126,0.0,84363.0,10.0,61.788,0.95,,7,68.726,2,40,13,914,0.5394
13.163,12.445,0.0,78590.1,10.0,43.922,1.0,,7,57.18,2,40,13,680,0.5441
12.014,10.226,0.0254,7722.8,10.0,91.786,0.8,,2,-84.554,3,40,8,1430,0.5301
12.458,11.423,0.0,19645.2,10.0,89.69,0.85,,5,-60.71,3,40,13,1664,0.5319
12.751,11.593,0.0,19546.5,10.0,87.428,0.9,,6,-60.907,3,40,13,1266,0.5292
12.612,12.126,0.0,90769.4,10.0,77.074,0.95,,7,81.539,3,40,13,914,0.5394
13.163,12.445,0.0,68863.6,10.0,65.085,1.0,,7,37.727,3,40,13,680,0.5441
11.421,9.059,0.0844,5984.7,10.0,94.79,0.8,,1,-88.031,4,40,4,734,0.5327
11.444,9.059,0.0,5972.1,10.0,93.583,0.85,,0,-88.056,4,40,5,535,0.5103
11.489,9.223,0.0949,5842.6,10.0,93.944,0.9,,1,-88.315,4,40,4,391,0.491
12.612,12.126,0.0,65906.1,10.0,86.512,0.95,,5,31.812,4,40,13,914,0.5394
13.163,12.445,0.0,48474.0,10.0,76.225,1.0,,5,-3.052,4,40,13,680,0.5441
11.426,9.152,0.0,4561.6,10.0,96.643,0.8,,0,-90.877,5,40,4,722,0.5332
11.585,9.453,0.0,4741.5,10.0,95.497,0.85,,0,-90.517,5,40,4,464,0.5065
11.576,9.513,0.0745,4784.9,10.0,95.814,0.9,,1,-90.43,5,40,4,353,0.4958
12.612,12.126,0.0,41943.0,10.0,92.386,0.95,,5,-16.114,5,40,13,914,0.5394
13.163,12.445,0.0,36072.1,10.0,83.722,1.0,,4,-27.856,5,40,13,680,0.5441
11.406,9.157,0.0,3757.3,10.0,97.666,0.8,,0,-92.485,6,40,4,696,0.5374
11.378,9.337,0.0,3956.8,10.0,96.674,0.85,,0,-92.086,6,40,3,354,0.5
11.578,9.507,0.0,3957.5,10.0,96.913,0.9,,0,-92.085,6,40,4,344,0.5
11.613,9.661,0.0,3794.4,10.0,95.313,0.95,,0,-92.411,6,40,4,255,0.4824
13.163,12.445,0.0,21384.0,10.0,89.201,1.0,,5,-57.232,6,40,13,680,0.5441
11.377,9.343,0.0,3382.8,10.0,98.196,0.8,,0,-93.234,7,40,3,512,0.5312
11.389,9.438,0.0,3307.2,10.0,97.559,0.85,,0,-93.386,7,40,3,334,0.503
11.345,9.521,0.0,3256.1,10.0,97.769,0.9,,0,-93.488,7,40,4,340,0.5
11.582,9.661,0.0,3244.9,10.0,96.317,0.95,,0,-93.51,7,40,4,252,0.4881
13.163,12.445,0.0,7498.8,10.0,94.974,1.0,,4,-85.002,7,40,13,680,0.5441
11.185,9.326,0.0,2841.0,10.0,98.676,0.8,,0,-94.318,8,40,3,466,0.5322
11.144,9.406,0.0,2764.7,10.0,98.238,0.85,,0,-94.471,8,40,3,291,0.5017
11.377,9.507,0.0,2763.3,10.0,98.378,0.9,,0,-94.473,8,40,3,273,0.4982
11.087,9.614,0.0,2983.1,10.0,96.901,0.95,,0,-94.034,8,40,3,195,0.4769
12.79,12.431,0.0216,2770.3,10.0,96.887,1.0,,1,-94.459,8,40,7,355,0.5268
10.97,9.256,0.0,2584.1,10.0,98.966,0.8,,0,-94.832,9,40,3,425,0.5318
11.13,9.419,0.0,2501.5,10.0,98.594,0.85,,0,-94.997,9,40,3,274,0.5073
11.383,9.503,0.0,2665.3,10.0,98.639,0.9,,0,-94.669,9,40,3,258,0.5039
10.976,9.499,0.0,2456.7,10.0,97.604,0.95,,0,-95.087,9,40,3,192,0.4792
11.57,9.449,0.0,2337.0,10.0,97.505,1.0,,0,-95.326,9,40,4,207,0.4976
10.938,9.298,0.0,2317.4,10.0,99.167,0.8,,0,-95.365,10,40,3,421,0.5321
11.094,9.403,0.0,2255.8,10.0,98.866,0.85,,0,-95.488,10,40,3,268,0.5149
11.045,9.493,0.0,2168.3,10.0,99.023,0.9,,0,-95.663,10,40,3,221,0.4977
10.986,9.46,0.0,2030.4,10.0,98.168,0.95,,0,-95.939,10,40,3,181,0.4807
11.488,9.457,0.0,2250.2,10.0,97.766,1.0,,0,-95.5,10,40,4,203,0.5025
12.414,11.369,0.0,54750.2,10.0,45.411,0.8,,5,9.5,1,45,13,2523,0.5331
12.458,11.423,0.0,52516.5,10.0,40.605,0.85,,6,5.033,1,45,13,1664,0.5319
12.751,11.593,0.0,45916.9,10.0,42.402,0.9,,6,-8.166,1,45,13,1266,0.5292
12.612,12.126,0.0,62934.6,10.0,28.919,0.95,,8,25.869,1,45,13,914,0.5394
13.163,12.445,0.0,56660.5,10.0,21.504,1.0,,7,13.321,1,45,13,680,0.5441
12.282,10.489,0.0633,11343.2,10.0,85.174,0.8,,2,-77.314,2,45,8,1554,0.5251
12.458,11.423,0.0,43700.0,10.0,72.396,0.85,,5,-12.6,2,45,13,1664,0.5319
12.751,11.593,0.0,29372.4,10.0,74.277,0.9,,6,-41.255,2,45,13,1266,0.5292
12.612,12.126,0.0,84363.0,10.0,61.788,0.95,,7,68.726,2,45,13,914,0.5394
13.163,12.445,0.0,78590.1,10.0,43.922,1.0,,7,57.18,2,45,13,680,0.5441
12.014,10.226,0.0254,7722.8,10.0,91.786,0.8,,2,-84.554,3,45,8,1430,0.5301
12.458,11.423,0.0,19645.2,10.0,89.69,0.85,,5,-60.71,3,45,13,1664,0.5319
12.751,11.593,0.0,19546.5,10.0,87.428,0.9,,6,-60.907,3,45,13,1266,0.5292
12.612,12.126,0.0,90769.4,10.0,77.074,0.95,,7,81.539,3,45,13,914,0.5394
13.163,12.445,0.0,68863.6,10.0,65.085,1.0,,7,37.727,3,45,13,680,0.5441
11.421,9.059,0.0844,5984.7,10.0,94.79,0.8,,1,-88.031,4,45,4,734,0.5327
11.444,9.059,0.0,5972.1,10.0,93.583,0.85,,0,-88.056,4,45,5,535,0.5103
11.489,9.223,0.0949,5842.6,10.0,93.944,0.9,,1,-88.315,4,45,4,391,0.491
12.612,12.126,0.0,65906.1,10.0,86.512,0.95,,5,31.812,4,45,13,914,0.5394
13.163,12.445,0.0,48474.0,10.0,76.225,1.0,,5,-3.052,4,45,13,680,0.5441
11.426,9.152,0.0,4561.6,10.0,96.643,0.8,,0,-90.877,5,45,4,722,0.5332
11.585,9.453,0.0,4741.5,10.0,95.497,0.85,,0,-90.517,5,45,4,464,0.5065
11.576,9.513,0.0745,4784.9,10.0,95.814,0.9,,1,-90.43,5,45,4,353,0.4958
12.612,12.126,0.0,41943.0,10.0,92.386,0.95,,5,-16.114,5,45,13,914,0.5394
13.163,12.445,0.0,36072.1,10.0,83.722,1.0,,4,-27.856,5,45,13,680,0.5441
11.406,9.157,0.0,3757.3,10.0,97.666,0.8,,0,-92.485,6,45,4,696,0.5374
11.378,9.337,0.0,3956.8,10.0,96.674,0.85,,0,-92.086,6,45,3,354,0.5
11.578,9.507,0.0,3957.5,10.0,96.913,0.9,,0,-92.085,6,45,4,344,0.5
11.613,9.661,0.0,3794.4,10.0,95.313,0.95,,0,-92.411,6,45,4,255,0.4824
13.163,12.445,0.0,21384.0,10.0,89.201,1.0,,5,-57.232,6,45,13,680,0.5441
11.377,9.343,0.0,3382.8,10.0,98.196,0.8,,0,-93.234,7,45,3,512,0.5312
11.389,9.438,0.0,3307.2,10.0,97.559,0.85,,0,-93.386,7,45,3,334,0.503
11.345,9.521,0.0,3256.1,10.0,97.769,0.9,,0,-93.488,7,45,4,340,0.5
11.582,9.661,0.0,3244.9,10.0,96.317,0.95,,0,-93.51,7,45,4,252,0.4881
13.163,12.445,0.0,7498.8,10.0,94.974,1.0,,4,-85.002,7,45,13,680,0.5441
11.185,9.326,0.0,2841.0,10.0,98.676,0.8,,0,-94.318,8,45,3,466,0.5322
11.144,9.406,0.0,2764.7,10.0,98.238,0.85,,0,-94.471,8,45,3,291,0.5017
11.377,9.507,0.0,2763.3,10.0,98.378,0.9,,0,-94.473,8,45,3,273,0.4982
11.087,9.614,0.0,2983.1,10.0,96.901,0.95,,0,-94.034,8,45,3,195,0.4769
12.79,12.431,0.0216,2770.3,10.0,96.887,1.0,,1,-94.459,8,45,7,355,0.5268
10.97,9.256,0.0,2584.1,10.0,98.966,0.8,,0,-94.832,9,45,3,425,0.5318
11.13,9.419,0.0,2501.5,10.0,98.594,0.85,,0,-94.997,9,45,3,274,0.5073
11.383,9.503,0.0,2665.3,10.0,98.639,0.9,,0,-94.669,9,45,3,258,0.5039
10.976,9.499,0.0,2456.7,10.0,97.604,0.95,,0,-95.087,9,45,3,192,0.4792
11.57,9.449,0.0,2337.0,10.0,97.505,1.0,,0,-95.326,9,45,4,207,0.4976
10.938,9.298,0.0,2317.4,10.0,99.167,0.8,,0,-95.365,10,45,3,421,0.5321
11.094,9.403,0.0,2255.8,10.0,98.866,0.85,,0,-95.488,10,45,3,268,0.5149
11.045,9.493,0.0,2168.3,10.0,99.023,0.9,,0,-95.663,10,45,3,221,0.4977
10.986,9.46,0.0,2030.4,10.0,98.168,0.95,,0,-95.939,10,45,3,181,0.4807
11.488,9.457,0.0,2250.2,10.0,97.766,1.0,,0,-95.5,10,45,4,203,0.5025
12.414,11.369,0.0,54750.2,10.0,45.411,0.8,,5,9.5,1,50,13,2523,0.5331
12.458,11.423,0.0,52516.5,10.0,40.605,0.85,,6,5.033,1,50,13,1664,0.5319
12.751,11.593,0.0,45916.9,10.0,42.402,0.9,,6,-8.166,1,50,13,1266,0.5292
12.612,12.126,0.0,62934.6,10.0,28.919,0.95,,8,25.869,1,50,13,914,0.5394
13.163,12.445,0.0,56660.5,10.0,21.504,1.0,,7,13.321,1,50,13,680,0.5441
12.282,10.489,0.0633,11343.2,10.0,85.174,0.8,,2,-77.314,2,50,8,1554,0.5251
12.458,11.423,0.0,43700.0,10.0,72.396,0.85,,5,-12.6,2,50,13,1664,0.5319
12.751,11.593,0.0,29372.4,10.0,74.277,0.9,,6,-41.255,2,50,13,1266,0.5292
12.612,12.126,0.0,84363.0,10.0,61.788,0.95,,7,68.726,2,50,13,914,0.5394
13.163,12.445,0.0,78590.1,10.0,43.922,1.0,,7,57.18,2,50,13,680,0.5441
12.014,10.226,0.0254,7722.8,10.0,91.786,0.8,,2,-84.554,3,50,8,1430,0.5301
12.458,11.423,0.0,19645.2,10.0,89.69,0.85,,5,-60.71,3,50,13,1664,0.5319
12.751,11.593,0.0,19546.5,10.0,87.428,0.9,,6,-60.907,3,50,13,1266,0.5292
12.612,12.126,0.0,90769.4,10.0,77.074,0.95,,7,81.539,3,50,13,914,0.5394
13.163,12.445,0.0,68863.6,10.0,65.085,1.0,,7,37.727,3,50,13,680,0.5441
11.421,9.059,0.0844,5984.7,10.0,94.79,0.8,,1,-88.031,4,50,4,734,0.5327
11.444,9.059,0.0,5972.1,10.0,93.583,0.85,,0,-88.056,4,50,5,535,0.5103
11.489,9.223,0.0949,5842.6,10.0,93.944,0.9,,1,-88.315,4,50,4,391,0.491
12.612,12.126,0.0,65906.1,10.0,86.512,0.95,,5,31.812,4,50,13,914,0.5394
13.163,12.445,0.0,48474.0,10.0,76.225,1.0,,5,-3.052,4,50,13,680,0.5441
11.426,9.152,0.0,4561.6,10.0,96.643,0.8,,0,-90.877,5,50,4,722,0.5332
11.585,9.453,0.0,4741.5,10.0,95.497,0.85,,0,-90.517,5,50,4,464,0.5065
11.576,9.513,0.0745,4784.9,10.0,95.814,0.9,,1,-90.43,5,50,4,353,0.4958
12.612,12.126,0.0,41943.0,10.0,92.386,0.95,,5,-16.114,5,50,13,914,0.5394
13.163,12.445,0.0,36072.1,10.0,83.722,1.0,,4,-27.856,5,50,13,680,0.5441
11.406,9.157,0.0,3757.3,10.0,97.666,0.8,,0,-92.485,6,50,4,696,0.5374
11.378,9.337,0.0,3956.8,10.0,96.674,0.85,,0,-92.086,6,50,3,354,0.5
11.578,9.507,0.0,3957.5,10.0,96.913,0.9,,0,-92.085,6,50,4,344,0.5
11.613,9.661,0.0,3794.4,10.0,95.313,0.95,,0,-92.411,6,50,4,255,0.4824
13.163,12.445,0.0,21384.0,10.0,89.201,1.0,,5,-57.232,6,50,13,680,0.5441
11.377,9.343,0.0,3382.8,10.0,98.196,0.8,,0,-93.234,7,50,3,512,0.5312
11.389,9.438,0.0,3307.2,10.0,97.559,0.85,,0,-93.386,7,50,3,334,0.503
11.345,9.521,0.0,3256.1,10.0,97.769,0.9,,0,-93.488,7,50,4,340,0.5
11.582,9.661,0.0,3244.9,10.0,96.317,0.95,,0,-93.51,7,50,4,252,0.4881
13.163,12.445,0.0,7498.8,10.0,94.974,1.0,,4,-85.002,7,50,13,680,0.5441
11.185,9.326,0.0,2841.0,10.0,98.676,0.8,,0,-94.318,8,50,3,466,0.5322
11.144,9.406,0.0,2764.7,10.0,98.238,0.85,,0,-94.471,8,50,3,291,0.5017
11.377,9.507,0.0,2763.3,10.0,98.378,0.9,,0,-94.473,8,50,3,273,0.4982
11.087,9.614,0.0,2983.1,10.0,96.901,0.95,,0,-94.034,8,50,3,195,0.4769
12.79,12.431,0.0216,2770.3,10.0,96.887,1.0,,1,-94.459,8,50,7,355,0.5268
10.97,9.256,0.0,2584.1,10.0,98.966,0.8,,0,-94.832,9,50,3,425,0.5318
11.13,9.419,0.0,2501.5,10.0,98.594,0.85,,0,-94.997,9,50,3,274,0.5073
11.383,9.503,0.0,2665.3,10.0,98.639,0.9,,0,-94.669,9,50,3,258,0.5039
10.976,9.499,0.0,2456.7,10.0,97.604,0.95,,0,-95.087,9,50,3,192,0.4792
11.57,9.449,0.0,2337.0,10.0,97.505,1.0,,0,-95.326,9,50,4,207,0.4976
10.938,9.298,0.0,2317.4,10.0,99.167,0.8,,0,-95.365,10,50,3,421,0.5321
11.094,9.403,0.0,2255.8,10.0,98.866,0.85,,0,-95.488,10,50,3,268,0.5149
11.045,9.493,0.0,2168.3,10.0,99.023,0.9,,0,-95.663,10,50,3,221,0.4977
10.986,9.46,0.0,2030.4,10.0,98.168,0.95,,0,-95.939,10,50,3,181,0.4807
11.488,9.457,0.0,2250.2,10.0,97.766,1.0,,0,-95.5,10,50,4,203,0.5025
12.414,11.369,0.0,54750.2,10.0,45.411,0.8,,5,9.5,1,55,13,2523,0.5331
12.458,11.423,0.0,52516.5,10.0,40.605,0.85,,6,5.033,1,55,13,1664,0.5319
12.751,11.593,0.0,45916.9,10.0,42.402,0.9,,6,-8.166,1,55,13,1266,0.5292
12.612,12.126,0.0,62934.6,10.0,28.919,0.95,,8,25.869,1,55,13,914,0.5394
13.163,12.445,0.0,56660.5,10.0,21.504,1.0,,7,13.321,1,55,13,680,0.5441
12.282,10.489,0.0633,11343.2,10.0,85.174,0.8,,2,-77.314,2,55,8,1554,0.5251
12.458,11.423,0.0,43700.0,10.0,72.396,0.85,,5,-12.6,2,55,13,1664,0.5319
12.751,11.593,0.0,29372.4,10.0,74.277,0.9,,6,-41.255,2,55,13,1266,0.5292
12.612,12.126,0.0,84363.0,10.0,61.788,0.95,,7,68.726,2,55,13,914,0.5394
13.163,12.445,0.0,78590.1,10.0,43.922,1.0,,7,57.18,2,55,13,680,0.5441
12.014,10.226,0.0254,7722.8,10.0,91.786,0.8,,2,-84.554,3,55,8,1430,0.5301
12.458,11.423,0.0,19645.2,10.0,89.69,0.85,,5,-60.71,3,55,13,1664,0.5319
12.751,11.593,0.0,19546.5,10.0,87.428,0.9,,6,-60.907,3,55,13,1266,0.5292
12.612,12.126,0.0,90769.4,10.0,77.074,0.95,,7,81.539,3,55,13,914,0.5394
13.163,12.445,0.0,68863.6,10.0,65.085,1.0,,7,37.727,3,55,13,680,0.5441
11.421,9.059,0.0844,5984.7,10.0,94.79,0.8,,1,-88.031,4,55,4,734,0.5327
11.444,9.059,0.0,5972.1,10.0,93.583,0.85,,0,-88.056,4,55,5,535,0.5103
11.489,9.223,0.0949,5842.6,10.0,93.944,0.9,,1,-88.315,4,55,4,391,0.491
12.612,12.126,0.0,65906.1,10.0,86.512,0.95,,5,31.812,4,55,13,914,0.5394
13.163,12.445,0.0,48474.0,10.0,76.225,1.0,,5,-3.052,4,55,13,680,0.5441
11.426,9.152,0.0,4561.6,10.0,96.643,0.8,,0,-90.877,5,55,4,722,0.5332
11.585,9.453,0.0,4741.5,10.0,95.497,0.85,,0,-90.517,5,55,4,464,0.5065
11.576,9.513,0.0745,4784.9,10.0,95.814,0.9,,1,-90.43,5,55,4,353,0.4958
12.612,12.126,0.0,41943.0,10.0,92.386,0.95,,5,-16.114,5,55,13,914,0.5394
13.163,12.445,0.0,36072.1,10.0,83.722,1.0,,4,-27.856,5,55,13,680,0.5441
11.406,9.157,0.0,3757.3,10.0,97.666,0.8,,0,-92.485,6,55,4,696,0.5374
11.378,9.337,0.0,3956.8,10.0,96.674,0.85,,0,-92.086,6,55,3,354,0.5
11.578,9.507,0.0,3957.5,10.0,96.913,0.9,,0,-92.085,6,55,4,344,0.5
11.613,9.661,0.0,3794.4,10.0,95.313,0.95,,0,-92.411,6,55,4,255,0.4824
13.163,12.445,0.0,21384.0,10.0,89.201,1.0,,5,-57.232,6,55,13,680,0.5441
11.377,9.343,0.0,3382.8,10.0,98.196,0.8,,0,-93.234,7,55,3,512,0.5312
11.389,9.438,0.0,3307.2,10.0,97.559,0.85,,0,-93.386,7,55,3,334,0.503
11.345,9.521,0.0,3256.1,10.0,97.769,0.9,,0,-93.488,7,55,4,340,0.5
11.582,9.661,0.0,3244.9,10.0,96.317,0.95,,0,-93.51,7,55,4,252,0.4881
13.163,12.445,0.0,7498.8,10.0,94.974,1.0,,4,-85.002,7,55,13,680,0.5441
11.185,9.326,0.0,2841.0,10.0,98.676,0.8,,0,-94.318,8,55,3,466,0.5322
11.144,9.406,0.0,2764.7,10.0,98.238,0.85,,0,-94.471,8,55,3,291,0.5017
11.377,9.507,0.0,2763.3,10.0,98.378,0.9,,0,-94.473,8,55,3,273,0.4982
11.087,9.614,0.0,2983.1,10.0,96.901,0.95,,0,-94.034,8,55,3,195,0.4769
12.79,12.431,0.0216,2770.3,10.0,96.887,1.0,,1,-94.459,8,55,7,355,0.5268
10.97,9.256,0.0,2584.1,10.0,98.966,0.8,,0,-94.832,9,55,3,425,0.5318
11.13,9.419,0.0,2501.5,10.0,98.594,0.85,,0,-94.997,9,55,3,274,0.5073
11.383,9.503,0.0,2665.3,10.0,98.639,0.9,,0,-94.669,9,55,3,258,0.5039
10.976,9.499,0.0,2456.7,10.0,97.604,0.95,,0,-95.087,9,55,3,192,0.4792
11.57,9.449,0.0,2337.0,10.0,97.505,1.0,,0,-95.326,9,55,4,207,0.4976
10.938,9.298,0.0,2317.4,10.0,99.167,0.8,,0,-95.365,10,55,3,421,0.5321
11.094,9.403,0.0,2255.8,10.0,98.866,0.85,,0,-95.488,10,55,3,268,0.5149
11.045,9.493,0.0,2168.3,10.0,99.023,0.9,,0,-95.663,10,55,3,221,0.4977
10.986,9.46,0.0,2030.4,10.0,98.168,0.95,,0,-95.939,10,55,3,181,0.4807
11.488,9.457,0.0,2250.2,10.0,97.766,1.0,,0,-95.5,10,55,4,203,0.5025
12.414,11.369,0.0,54750.2,10.0,45.411,0.8,,5,9.5,1,60,13,2523,0.5331
12.458,11.423,0.0,52516.5,10.0,40.605,0.85,,6,5.033,1,60,13,1664,0.5319
12.751,11.593,0.0,45916.9,10.0,42.402,0.9,,6,-8.166,1,60,13,1266,0.5292
12.612,12.126,0.0,62934.6,10.0,28.919,0.95,,8,25.869,1,60,13,914,0.5394
13.163,12.445,0.0,56660.5,10.0,21.504,1.0,,7,13.321,1,60,13,680,0.5441
12.282,10.489,0.0633,11343.2,10.0,85.174,0.8,,2,-77.314,2,60,8,1554,0.5251
12.458,11.423,0.0,43700.0,10.0,72.396,0.85,,5,-12.6,2,60,13,1664,0.5319
12.751,11.593,0.0,29372.4,10.0,74.277,0.9,,6,-41.255,2,60,13,1266,0.5292
12.612,12.126,0.0,84363.0,10.0,61.788,0.95,,7,68.726,2,60,13,914,0.5394
13.163,12.445,0.0,78590.1,10.0,43.922,1.0,,7,57.18,2,60,13,680,0.5441
12.014,10.226,0.0254,7722.8,10.0,91.786,0.8,,2,-84.554,3,60,8,1430,0.5301
12.458,11.423,0.0,19645.2,10.0,89.69,0.85,,5,-60.71,3,60,13,1664,0.5319
12.751,11.593,0.0,19546.5,10.0,87.428,0.9,,6,-60.907,3,60,13,1266,0.5292
12.612,12.126,0.0,90769.4,10.0,77.074,0.95,,7,81.539,3,60,13,914,0.5394
13.163,12.445,0.0,68863.6,10.0,65.085,1.0,,7,37.727,3,60,13,680,0.5441
11.421,9.059,0.0844,5984.7,10.0,94.79,0.8,,1,-88.031,4,60,4,734,0.5327
11.444,9.059,0.0,5972.1,10.0,93.583,0.85,,0,-88.056,4,60,5,535,0.5103
11.489,9.223,0.0949,5842.6,10.0,93.944,0.9,,1,-88.315,4,60,4,391,0.491
12.612,12.126,0.0,65906.1,10.0,86.512,0.95,,5,31.812,4,60,13,914,0.5394
13.163,12.445,0.0,48474.0,10.0,76.225,1.0,,5,-3.052,4,60,13,680,0.5441
11.426,9.152,0.0,4561.6,10.0,96.643,0.8,,0,-90.877,5,60,4,722,0.5332
11.585,9.453,0.0,4741.5,10.0,95.497,0.85,,0,-90.517,5,60,4,464,0.5065
11.576,9.513,0.0745,4784.9,10.0,95.814,0.9,,1,-90.43,5,60,4,353,0.4958
12.612,12.126,0.0,41943.0,10.0,92.386,0.95,,5,-16.114,5,60,13,914,0.5394
13.163,12.445,0.0,36072.1,10.0,83.722,1.0,,4,-27.856,5,60,13,680,0.5441
11.406,9.157,0.0,3757.3,10.0,97.666,0.8,,0,-92.485,6,60,4,696,0.5374
11.378,9.337,0.0,3956.8,10.0,96.674,0.85,,0,-92.086,6,60,3,354,0.5
11.578,9.507,0.0,3957.5,10.0,96.913,0.9,,0,-92.085,6,60,4,344,0.5
11.613,9.661,0.0,3794.4,10.0,95.313,0.95,,0,-92.411,6,60,4,255,0.4824
13.163,12.445,0.0,21384.0,10.0,89.201,1.0,,5,-57.232,6,60,13,680,0.5441
11.377,9.343,0.0,3382.8,10.0,98.196,0.8,,0,-93.234,7,60,3,512,0.5312
11.389,9.438,0.0,3307.2,10.0,97.559,0.85,,0,-93.386,7,60,3,334,0.503
11.345,9.521,0.0,3256.1,10.0,97.769,0.9,,0,-93.488,7,60,4,340,0.5
11.582,9.661,0.0,3244.9,10.0,96.317,0.95,,0,-93.51,7,60,4,252,0.4881
13.163,12.445,0.0,7498.8,10.0,94.974,1.0,,4,-85.002,7,60,13,680,0.5441
11.185,9.326,0.0,2841.0,10.0,98.676,0.8,,0,-94.318,8,60,3,466,0.5322
11.144,9.406,0.0,2764.7,10.0,98.238,0.85,,0,-94.471,8,60,3,291,0.5017
11.377,9.507,0.0,2763.3,10.0,98.378,0.9,,0,-94.473,8,60,3,273,0.4982
11.087,9.614,0.0,2983.1,10.0,96.901,0.95,,0,-94.034,8,60,3,195,0.4769
12.79,12.431,0.0216,2770.3,10.0,96.887,1.0,,1,-94.459,8,60,7,355,0.5268
10.97,9.256,0.0,2584.1,10.0,98.966,0.8,,0,-94.832,9,60,3,425,0.5318
11.13,9.419,0.0,2501.5,10.0,98.594,0.85,,0,-94.997,9,60,3,274,0.5073
11.383,9.503,0.0,2665.3,10.0,98.639,0.9,,0,-94.669,9,60,3,258,0.5039
10.976,9.499,0.0,2456.7,10.0,97.604,0.95,,0,-95.087,9,60,3,192,0.4792
11.57,9.449,0.0,2337.0,10.0,97.505,1.0,,0,-95.326,9,60,4,207,0.4976
10.938,9.298,0.0,2317.4,10.0,99.167,0.8,,0,-95.365,10,60,3,421,0.5321
11.094,9.403,0.0,2255.8,10.0,98.866,0.85,,0,-95.488,10,60,3,268,0.5149
11.045,9.493,0.0,2168.3,10.0,99.023,0.9,,0,-95.663,10,60,3,221,0.4977
10.986,9.46,0.0,2030.4,10.0,98.168,0.95,,0,-95.939,10,60,3,181,0.4807
11.488,9.457,0.0,2250.2,10.0,97.766,1.0,,0,-95.5,10,60,4,203,0.5025
