avg_loss_pct,avg_win_pct,consistency_score,final_capital,hard_sl_pct,max_drawdown_pct,min_confidence,note,profitable_months,return_pct,risk_per_trade_pct,time_stop_minutes,total_months,trade_count,win_rate
12.151,19.327,0.0,12027.28,5.0,94.377,0.8,,3,-75.945,1,5,9,1960,0.3898
12.124,20.458,0.0,33457.25,5.0,83.253,0.85,,5,-33.085,1,5,9,1285,0.3852
12.459,21.958,0.0,88794.61,5.0,75.053,0.9,,4,77.589,1,5,9,988,0.3917
12.611,23.608,0.0,187251.28,5.0,75.726,0.95,,5,274.503,1,5,9,736,0.3967
13.203,26.364,0.0,291601.85,5.0,68.722,1.0,,6,483.204,1,5,9,525,0.4038
10.666,15.867,0.0,2228.68,5.0,98.825,0.8,,2,-95.543,2,5,7,1436,0.3955
11.812,19.952,0.0,2227.89,5.0,98.998,0.85,,3,-95.544,2,5,9,1189,0.381
12.459,21.958,0.0,17409.31,5.0,96.972,0.9,,4,-65.181,2,5,9,988,0.3917
12.611,23.608,0.0,106742.53,5.0,96.385,0.95,,4,113.485,2,5,9,736,0.3967
13.203,26.364,0.0,348153.54,5.0,92.887,1.0,,5,596.307,2,5,9,525,0.4038
10.287,14.769,0.0,1363.48,5.0,99.503,0.8,,0,-97.273,3,5,4,724,0.4033
10.557,16.72,0.0,1459.29,5.0,99.629,0.85,,2,-97.081,3,5,7,959,0.3889
12.147,21.573,0.0,1312.02,5.0,99.761,0.9,,4,-97.376,3,5,9,913,0.391
12.611,23.608,0.0,12391.1,5.0,99.629,0.95,,4,-75.218,3,5,9,736,0.3967
13.203,26.364,0.0,94732.89,5.0,99.105,1.0,,5,89.466,3,5,9,525,0.4038
10.462,14.697,0.0,1112.26,5.0,99.669,0.8,,0,-97.775,4,5,3,478,0.4121
10.26,15.463,0.0527,1051.1,5.0,99.83,0.85,,1,-97.898,4,5,4,511,0.4012
10.539,15.231,0.0,1104.13,5.0,99.889,0.9,,1,-97.792,4,5,4,397,0.4055
12.272,23.553,0.0,984.16,5.0,99.809,0.95,,3,-98.032,4,5,9,683,0.3924
13.203,26.364,0.0,5663.75,5.0,99.926,1.0,,4,-88.672,4,5,9,525,0.4038
10.301,15.506,0.0,816.95,5.0,99.755,0.8,,0,-98.366,5,5,2,344,0.4128
10.494,15.876,0.0,888.09,5.0,99.899,0.85,,0,-98.224,5,5,3,302,0.4139
10.315,15.243,0.0,872.86,5.0,99.947,0.9,,0,-98.254,5,5,3,297,0.4175
11.08,22.774,0.0,299.3,5.0,99.96,0.95,,2,-99.401,5,5,7,564,0.4025
11.433,25.61,0.0,107.68,5.0,99.989,1.0,,3,-99.785,5,5,7,401,0.414
10.301,15.506,0.0,816.95,5.0,99.755,0.8,,0,-98.366,6,5,2,344,0.4128
10.494,15.876,0.0,888.09,5.0,99.899,0.85,,0,-98.224,6,5,3,302,0.4139
10.315,15.243,0.0,872.86,5.0,99.947,0.9,,0,-98.254,6,5,3,297,0.4175
11.08,22.774,0.0,299.3,5.0,99.96,0.95,,2,-99.401,6,5,7,564,0.4025
11.433,25.61,0.0,107.68,5.0,99.989,1.0,,3,-99.785,6,5,7,401,0.414
10.301,15.506,0.0,816.95,5.0,99.755,0.8,,0,-98.366,7,5,2,344,0.4128
10.494,15.876,0.0,888.09,5.0,99.899,0.85,,0,-98.224,7,5,3,302,0.4139
10.315,15.243,0.0,872.86,5.0,99.947,0.9,,0,-98.254,7,5,3,297,0.4175
11.08,22.774,0.0,299.3,5.0,99.96,0.95,,2,-99.401,7,5,7,564,0.4025
11.433,25.61,0.0,107.68,5.0,99.989,1.0,,3,-99.785,7,5,7,401,0.414
10.301,15.506,0.0,816.95,5.0,99.755,0.8,,0,-98.366,8,5,2,344,0.4128
10.494,15.876,0.0,888.09,5.0,99.899,0.85,,0,-98.224,8,5,3,302,0.4139
10.315,15.243,0.0,872.86,5.0,99.947,0.9,,0,-98.254,8,5,3,297,0.4175
11.08,22.774,0.0,299.3,5.0,99.96,0.95,,2,-99.401,8,5,7,564,0.4025
11.433,25.61,0.0,107.68,5.0,99.989,1.0,,3,-99.785,8,5,7,401,0.414
10.301,15.506,0.0,816.95,5.0,99.755,0.8,,0,-98.366,9,5,2,344,0.4128
10.494,15.876,0.0,888.09,5.0,99.899,0.85,,0,-98.224,9,5,3,302,0.4139
10.315,15.243,0.0,872.86,5.0,99.947,0.9,,0,-98.254,9,5,3,297,0.4175
11.08,22.774,0.0,299.3,5.0,99.96,0.95,,2,-99.401,9,5,7,564,0.4025
11.433,25.61,0.0,107.68,5.0,99.989,1.0,,3,-99.785,9,5,7,401,0.414
10.301,15.506,0.0,816.95,5.0,99.755,0.8,,0,-98.366,10,5,2,344,0.4128
10.494,15.876,0.0,888.09,5.0,99.899,0.85,,0,-98.224,10,5,3,302,0.4139
10.315,15.243,0.0,872.86,5.0,99.947,0.9,,0,-98.254,10,5,3,297,0.4175
11.08,22.774,0.0,299.3,5.0,99.96,0.95,,2,-99.401,10,5,7,564,0.4025
11.433,25.61,0.0,107.68,5.0,99.989,1.0,,3,-99.785,10,5,7,401,0.414
12.154,19.327,0.0,11881.06,5.0,95.44,0.8,,3,-76.238,1,10,9,1960,0.3898
12.129,20.458,0.0,33462.24,5.0,83.249,0.85,,5,-33.076,1,10,9,1285,0.3852
12.465,21.958,0.0,88777.81,5.0,75.048,0.9,,4,77.556,1,10,9,988,0.3917
12.619,23.608,0.0,187225.03,5.0,75.731,0.95,,5,274.45,1,10,9,736,0.3967
13.203,26.364,0.0,291601.85,5.0,68.722,1.0,,6,483.204,1,10,9,525,0.4038
10.674,15.888,0.0,2110.03,5.0,98.887,0.8,,2,-95.78,2,10,7,1431,0.3955
11.803,19.952,0.0,2206.36,5.0,99.008,0.85,,3,-95.587,2,10,9,1191,0.3804
12.465,21.958,0.0,18020.15,5.0,96.942,0.9,,4,-63.96,2,10,9,988,0.3917
12.619,23.608,0.0,104912.64,5.0,96.369,0.95,,4,109.825,2,10,9,736,0.3967
13.203,26.364,0.0,348153.54,5.0,92.887,1.0,,5,596.307,2,10,9,525,0.4038
10.287,14.769,0.0,1363.48,5.0,99.503,0.8,,0,-97.273,3,10,4,724,0.4033
10.558,16.706,0.0,1418.6,5.0,99.639,0.85,,3,-97.163,3,10,7,963,0.3884
12.154,21.573,0.0,1312.55,5.0,99.761,0.9,,4,-97.375,3,10,9,913,0.391
12.619,23.608,0.0,12269.04,5.0,99.638,0.95,,4,-75.462,3,10,9,736,0.3967
13.203,26.364,0.0,94732.89,5.0,99.105,1.0,,5,89.466,3,10,9,525,0.4038
10.462,14.697,0.0,1112.26,5.0,99.669,0.8,,0,-97.775,4,10,3,478,0.4121
10.26,15.463,0.0527,1051.1,5.0,99.83,0.85,,1,-97.898,4,10,4,511,0.4012
10.539,15.231,0.0,1104.13,5.0,99.889,0.9,,1,-97.792,4,10,4,397,0.4055
12.237,23.553,0.0,1112.53,5.0,99.784,0.95,,3,-97.775,4,10,9,680,0.3941
13.203,26.364,0.0,5663.75,5.0,99.926,1.0,,4,-88.672,4,10,9,525,0.4038
10.301,15.506,0.0,816.95,5.0,99.755,0.8,,0,-98.366,5,10,2,344,0.4128
10.494,15.876,0.0,888.09,5.0,99.899,0.85,,0,-98.224,5,10,3,302,0.4139
10.315,15.243,0.0,872.86,5.0,99.947,0.9,,0,-98.254,5,10,3,297,0.4175
11.09,22.774,0.0,178.81,5.0,99.976,0.95,,2,-99.642,5,10,7,564,0.4025
11.433,25.61,0.0,107.68,5.0,99.989,1.0,,3,-99.785,5,10,7,401,0.414
10.301,15.506,0.0,816.95,5.0,99.755,0.8,,0,-98.366,6,10,2,344,0.4128
10.494,15.876,0.0,888.09,5.0,99.899,0.85,,0,-98.224,6,10,3,302,0.4139
10.315,15.243,0.0,872.86,5.0,99.947,0.9,,0,-98.254,6,10,3,297,0.4175
11.09,22.774,0.0,178.81,5.0,99.976,0.95,,2,-99.642,6,10,7,564,0.4025
11.433,25.61,0.0,107.68,5.0,99.989,1.0,,3,-99.785,6,10,7,401,0.414
10.301,15.506,0.0,816.95,5.0,99.755,0.8,,0,-98.366,7,10,2,344,0.4128
10.494,15.876,0.0,888.09,5.0,99.899,0.85,,0,-98.224,7,10,3,302,0.4139
10.315,15.243,0.0,872.86,5.0,99.947,0.9,,0,-98.254,7,10,3,297,0.4175
11.09,22.774,0.0,178.81,5.0,99.976,0.95,,2,-99.642,7,10,7,564,0.4025
11.433,25.61,0.0,107.68,5.0,99.989,1.0,,3,-99.785,7,10,7,401,0.414
10.301,15.506,0.0,816.95,5.0,99.755,0.8,,0,-98.366,8,10,2,344,0.4128
10.494,15.876,0.0,888.09,5.0,99.899,0.85,,0,-98.224,8,10,3,302,0.4139
10.315,15.243,0.0,872.86,5.0,99.947,0.9,,0,-98.254,8,10,3,297,0.4175
11.09,22.774,0.0,178.81,5.0,99.976,0.95,,2,-99.642,8,10,7,564,0.4025
11.433,25.61,0.0,107.68,5.0,99.989,1.0,,3,-99.785,8,10,7,401,0.414
10.301,15.506,0.0,816.95,5.0,99.755,0.8,,0,-98.366,9,10,2,344,0.4128
10.494,15.876,0.0,888.09,5.0,99.899,0.85,,0,-98.224,9,10,3,302,0.4139
10.315,15.243,0.0,872.86,5.0,99.947,0.9,,0,-98.254,9,10,3,297,0.4175
11.09,22.774,0.0,178.81,5.0,99.976,0.95,,2,-99.642,9,10,7,564,0.4025
11.433,25.61,0.0,107.68,5.0,99.989,1.0,,3,-99.785,9,10,7,401,0.414
10.301,15.506,0.0,816.95,5.0,99.755,0.8,,0,-98.366,10,10,2,344,0.4128
10.494,15.876,0.0,888.09,5.0,99.899,0.85,,0,-98.224,10,10,3,302,0.4139
10.315,15.243,0.0,872.86,5.0,99.947,0.9,,0,-98.254,10,10,3,297,0.4175
11.09,22.774,0.0,178.81,5.0,99.976,0.95,,2,-99.642,10,10,7,564,0.4025
11.433,25.61,0.0,107.68,5.0,99.989,1.0,,3,-99.785,10,10,7,401,0.414
12.154,19.327,0.0,11881.06,5.0,95.44,0.8,,3,-76.238,1,15,9,1960,0.3898
12.129,20.458,0.0,33462.24,5.0,83.249,0.85,,5,-33.076,1,15,9,1285,0.3852
12.465,21.958,0.0,88777.81,5.0,75.048,0.9,,4,77.556,1,15,9,988,0.3917
12.619,23.608,0.0,187225.03,5.0,75.731,0.95,,5,274.45,1,15,9,736,0.3967
13.203,26.364,0.0,291601.85,5.0,68.722,1.0,,6,483.204,1,15,9,525,0.4038
10.674,15.888,0.0,2110.03,5.0,98.887,0.8,,2,-95.78,2,15,7,1431,0.3955
11.803,19.952,0.0,2206.36,5.0,99.008,0.85,,3,-95.587,2,15,9,1191,0.3804
12.465,21.958,0.0,18020.15,5.0,96.942,0.9,,4,-63.96,2,15,9,988,0.3917
12.619,23.608,0.0,104912.64,5.0,96.369,0.95,,4,109.825,2,15,9,736,0.3967
13.203,26.364,0.0,348153.54,5.0,92.887,1.0,,5,596.307,2,15,9,525,0.4038
10.287,14.769,0.0,1363.48,5.0,99.503,0.8,,0,-97.273,3,15,4,724,0.4033
10.558,16.706,0.0,1418.6,5.0,99.639,0.85,,3,-97.163,3,15,7,963,0.3884
12.154,21.573,0.0,1312.55,5.0,99.761,0.9,,4,-97.375,3,15,9,913,0.391
12.619,23.608,0.0,12269.04,5.0,99.638,0.95,,4,-75.462,3,15,9,736,0.3967
13.203,26.364,0.0,94732.89,5.0,99.105,1.0,,5,89.466,3,15,9,525,0.4038
10.462,14.697,0.0,1112.26,5.0,99.669,0.8,,0,-97.775,4,15,3,478,0.4121
10.26,15.463,0.0527,1051.1,5.0,99.83,0.85,,1,-97.898,4,15,4,511,0.4012
10.539,15.231,0.0,1104.13,5.0,99.889,0.9,,1,-97.792,4,15,4,397,0.4055
12.237,23.553,0.0,1112.53,5.0,99.784,0.95,,3,-97.775,4,15,9,680,0.3941
13.203,26.364,0.0,5663.75,5.0,99.926,1.0,,4,-88.672,4,15,9,525,0.4038
10.301,15.506,0.0,816.95,5.0,99.755,0.8,,0,-98.366,5,15,2,344,0.4128
10.494,15.876,0.0,888.09,5.0,99.899,0.85,,0,-98.224,5,15,3,302,0.4139
10.315,15.243,0.0,872.86,5.0,99.947,0.9,,0,-98.254,5,15,3,297,0.4175
11.09,22.774,0.0,178.81,5.0,99.976,0.95,,2,-99.642,5,15,7,564,0.4025
11.433,25.61,0.0,107.68,5.0,99.989,1.0,,3,-99.785,5,15,7,401,0.414
10.301,15.506,0.0,816.95,5.0,99.755,0.8,,0,-98.366,6,15,2,344,0.4128
10.494,15.876,0.0,888.09,5.0,99.899,0.85,,0,-98.224,6,15,3,302,0.4139
10.315,15.243,0.0,872.86,5.0,99.947,0.9,,0,-98.254,6,15,3,297,0.4175
11.09,22.774,0.0,178.81,5.0,99.976,0.95,,2,-99.642,6,15,7,564,0.4025
11.433,25.61,0.0,107.68,5.0,99.989,1.0,,3,-99.785,6,15,7,401,0.414
10.301,15.506,0.0,816.95,5.0,99.755,0.8,,0,-98.366,7,15,2,344,0.4128
10.494,15.876,0.0,888.09,5.0,99.899,0.85,,0,-98.224,7,15,3,302,0.4139
10.315,15.243,0.0,872.86,5.0,99.947,0.9,,0,-98.254,7,15,3,297,0.4175
11.09,22.774,0.0,178.81,5.0,99.976,0.95,,2,-99.642,7,15,7,564,0.4025
11.433,25.61,0.0,107.68,5.0,99.989,1.0,,3,-99.785,7,15,7,401,0.414
10.301,15.506,0.0,816.95,5.0,99.755,0.8,,0,-98.366,8,15,2,344,0.4128
10.494,15.876,0.0,888.09,5.0,99.899,0.85,,0,-98.224,8,15,3,302,0.4139
10.315,15.243,0.0,872.86,5.0,99.947,0.9,,0,-98.254,8,15,3,297,0.4175
11.09,22.774,0.0,178.81,5.0,99.976,0.95,,2,-99.642,8,15,7,564,0.4025
11.433,25.61,0.0,107.68,5.0,99.989,1.0,,3,-99.785,8,15,7,401,0.414
10.301,15.506,0.0,816.95,5.0,99.755,0.8,,0,-98.366,9,15,2,344,0.4128
10.494,15.876,0.0,888.09,5.0,99.899,0.85,,0,-98.224,9,15,3,302,0.4139
10.315,15.243,0.0,872.86,5.0,99.947,0.9,,0,-98.254,9,15,3,297,0.4175
11.09,22.774,0.0,178.81,5.0,99.976,0.95,,2,-99.642,9,15,7,564,0.4025
11.433,25.61,0.0,107.68,5.0,99.989,1.0,,3,-99.785,9,15,7,401,0.414
10.301,15.506,0.0,816.95,5.0,99.755,0.8,,0,-98.366,10,15,2,344,0.4128
10.494,15.876,0.0,888.09,5.0,99.899,0.85,,0,-98.224,10,15,3,302,0.4139
10.315,15.243,0.0,872.86,5.0,99.947,0.9,,0,-98.254,10,15,3,297,0.4175
11.09,22.774,0.0,178.81,5.0,99.976,0.95,,2,-99.642,10,15,7,564,0.4025
11.433,25.61,0.0,107.68,5.0,99.989,1.0,,3,-99.785,10,15,7,401,0.414
12.154,19.327,0.0,11881.06,5.0,95.44,0.8,,3,-76.238,1,20,9,1960,0.3898
12.129,20.458,0.0,33462.24,5.0,83.249,0.85,,5,-33.076,1,20,9,1285,0.3852
12.465,21.958,0.0,88777.81,5.0,75.048,0.9,,4,77.556,1,20,9,988,0.3917
12.619,23.608,0.0,187225.03,5.0,75.731,0.95,,5,274.45,1,20,9,736,0.3967
13.203,26.364,0.0,291601.85,5.0,68.722,1.0,,6,483.204,1,20,9,525,0.4038
10.674,15.888,0.0,2110.03,5.0,98.887,0.8,,2,-95.78,2,20,7,1431,0.3955
11.803,19.952,0.0,2206.36,5.0,99.008,0.85,,3,-95.587,2,20,9,1191,0.3804
12.465,21.958,0.0,18020.15,5.0,96.942,0.9,,4,-63.96,2,20,9,988,0.3917
12.619,23.608,0.0,104912.64,5.0,96.369,0.95,,4,109.825,2,20,9,736,0.3967
13.203,26.364,0.0,348153.54,5.0,92.887,1.0,,5,596.307,2,20,9,525,0.4038
10.287,14.769,0.0,1363.48,5.0,99.503,0.8,,0,-97.273,3,20,4,724,0.4033
10.558,16.706,0.0,1418.6,5.0,99.639,0.85,,3,-97.163,3,20,7,963,0.3884
12.154,21.573,0.0,1312.55,5.0,99.761,0.9,,4,-97.375,3,20,9,913,0.391
12.619,23.608,0.0,12269.04,5.0,99.638,0.95,,4,-75.462,3,20,9,736,0.3967
13.203,26.364,0.0,94732.89,5.0,99.105,1.0,,5,89.466,3,20,9,525,0.4038
10.462,14.697,0.0,1112.26,5.0,99.669,0.8,,0,-97.775,4,20,3,478,0.4121
10.26,15.463,0.0527,1051.1,5.0,99.83,0.85,,1,-97.898,4,20,4,511,0.4012
10.539,15.231,0.0,1104.13,5.0,99.889,0.9,,1,-97.792,4,20,4,397,0.4055
12.237,23.553,0.0,1112.53,5.0,99.784,0.95,,3,-97.775,4,20,9,680,0.3941
13.203,26.364,0.0,5663.75,5.0,99.926,1.0,,4,-88.672,4,20,9,525,0.4038
10.301,15.506,0.0,816.95,5.0,99.755,0.8,,0,-98.366,5,20,2,344,0.4128
10.494,15.876,0.0,888.09,5.0,99.899,0.85,,0,-98.224,5,20,3,302,0.4139
10.315,15.243,0.0,872.86,5.0,99.947,0.9,,0,-98.254,5,20,3,297,0.4175
11.09,22.774,0.0,178.81,5.0,99.976,0.95,,2,-99.642,5,20,7,564,0.4025
11.433,25.61,0.0,107.68,5.0,99.989,1.0,,3,-99.785,5,20,7,401,0.414
10.301,15.506,0.0,816.95,5.0,99.755,0.8,,0,-98.366,6,20,2,344,0.4128
10.494,15.876,0.0,888.09,5.0,99.899,0.85,,0,-98.224,6,20,3,302,0.4139
10.315,15.243,0.0,872.86,5.0,99.947,0.9,,0,-98.254,6,20,3,297,0.4175
11.09,22.774,0.0,178.81,5.0,99.976,0.95,,2,-99.642,6,20,7,564,0.4025
11.433,25.61,0.0,107.68,5.0,99.989,1.0,,3,-99.785,6,20,7,401,0.414
10.301,15.506,0.0,816.95,5.0,99.755,0.8,,0,-98.366,7,20,2,344,0.4128
10.494,15.876,0.0,888.09,5.0,99.899,0.85,,0,-98.224,7,20,3,302,0.4139
10.315,15.243,0.0,872.86,5.0,99.947,0.9,,0,-98.254,7,20,3,297,0.4175
11.09,22.774,0.0,178.81,5.0,99.976,0.95,,2,-99.642,7,20,7,564,0.4025
11.433,25.61,0.0,107.68,5.0,99.989,1.0,,3,-99.785,7,20,7,401,0.414
10.301,15.506,0.0,816.95,5.0,99.755,0.8,,0,-98.366,8,20,2,344,0.4128
10.494,15.876,0.0,888.09,5.0,99.899,0.85,,0,-98.224,8,20,3,302,0.4139
10.315,15.243,0.0,872.86,5.0,99.947,0.9,,0,-98.254,8,20,3,297,0.4175
11.09,22.774,0.0,178.81,5.0,99.976,0.95,,2,-99.642,8,20,7,564,0.4025
11.433,25.61,0.0,107.68,5.0,99.989,1.0,,3,-99.785,8,20,7,401,0.414
10.301,15.506,0.0,816.95,5.0,99.755,0.8,,0,-98.366,9,20,2,344,0.4128
10.494,15.876,0.0,888.09,5.0,99.899,0.85,,0,-98.224,9,20,3,302,0.4139
10.315,15.243,0.0,872.86,5.0,99.947,0.9,,0,-98.254,9,20,3,297,0.4175
11.09,22.774,0.0,178.81,5.0,99.976,0.95,,2,-99.642,9,20,7,564,0.4025
11.433,25.61,0.0,107.68,5.0,99.989,1.0,,3,-99.785,9,20,7,401,0.414
10.301,15.506,0.0,816.95,5.0,99.755,0.8,,0,-98.366,10,20,2,344,0.4128
10.494,15.876,0.0,888.09,5.0,99.899,0.85,,0,-98.224,10,20,3,302,0.4139
10.315,15.243,0.0,872.86,5.0,99.947,0.9,,0,-98.254,10,20,3,297,0.4175
11.09,22.774,0.0,178.81,5.0,99.976,0.95,,2,-99.642,10,20,7,564,0.4025
11.433,25.61,0.0,107.68,5.0,99.989,1.0,,3,-99.785,10,20,7,401,0.414
12.154,19.327,0.0,11881.06,5.0,95.44,0.8,,3,-76.238,1,25,9,1960,0.3898
12.129,20.458,0.0,33462.24,5.0,83.249,0.85,,5,-33.076,1,25,9,1285,0.3852
12.465,21.958,0.0,88777.81,5.0,75.048,0.9,,4,77.556,1,25,9,988,0.3917
12.619,23.608,0.0,187225.03,5.0,75.731,0.95,,5,274.45,1,25,9,736,0.3967
13.203,26.364,0.0,291601.85,5.0,68.722,1.0,,6,483.204,1,25,9,525,0.4038
10.674,15.888,0.0,2110.03,5.0,98.887,0.8,,2,-95.78,2,25,7,1431,0.3955
11.803,19.952,0.0,2206.36,5.0,99.008,0.85,,3,-95.587,2,25,9,1191,0.3804
12.465,21.958,0.0,18020.15,5.0,96.942,0.9,,4,-63.96,2,25,9,988,0.3917
12.619,23.608,0.0,104912.64,5.0,96.369,0.95,,4,109.825,2,25,9,736,0.3967
13.203,26.364,0.0,348153.54,5.0,92.887,1.0,,5,596.307,2,25,9,525,0.4038
10.287,14.769,0.0,1363.48,5.0,99.503,0.8,,0,-97.273,3,25,4,724,0.4033
10.558,16.706,0.0,1418.6,5.0,99.639,0.85,,3,-97.163,3,25,7,963,0.3884
12.154,21.573,0.0,1312.55,5.0,99.761,0.9,,4,-97.375,3,25,9,913,0.391
12.619,23.608,0.0,12269.04,5.0,99.638,0.95,,4,-75.462,3,25,9,736,0.3967
13.203,26.364,0.0,94732.89,5.0,99.105,1.0,,5,89.466,3,25,9,525,0.4038
10.462,14.697,0.0,1112.26,5.0,99.669,0.8,,0,-97.775,4,25,3,478,0.4121
10.26,15.463,0.0527,1051.1,5.0,99.83,0.85,,1,-97.898,4,25,4,511,0.4012
10.539,15.231,0.0,1104.13,5.0,99.889,0.9,,1,-97.792,4,25,4,397,0.4055
12.237,23.553,0.0,1112.53,5.0,99.784,0.95,,3,-97.775,4,25,9,680,0.3941
13.203,26.364,0.0,5663.75,5.0,99.926,1.0,,4,-88.672,4,25,9,525,0.4038
10.301,15.506,0.0,816.95,5.0,99.755,0.8,,0,-98.366,5,25,2,344,0.4128
10.494,15.876,0.0,888.09,5.0,99.899,0.85,,0,-98.224,5,25,3,302,0.4139
10.315,15.243,0.0,872.86,5.0,99.947,0.9,,0,-98.254,5,25,3,297,0.4175
11.09,22.774,0.0,178.81,5.0,99.976,0.95,,2,-99.642,5,25,7,564,0.4025
11.433,25.61,0.0,107.68,5.0,99.989,1.0,,3,-99.785,5,25,7,401,0.414
10.301,15.506,0.0,816.95,5.0,99.755,0.8,,0,-98.366,6,25,2,344,0.4128
10.494,15.876,0.0,888.09,5.0,99.899,0.85,,0,-98.224,6,25,3,302,0.4139
10.315,15.243,0.0,872.86,5.0,99.947,0.9,,0,-98.254,6,25,3,297,0.4175
11.09,22.774,0.0,178.81,5.0,99.976,0.95,,2,-99.642,6,25,7,564,0.4025
11.433,25.61,0.0,107.68,5.0,99.989,1.0,,3,-99.785,6,25,7,401,0.414
10.301,15.506,0.0,816.95,5.0,99.755,0.8,,0,-98.366,7,25,2,344,0.4128
10.494,15.876,0.0,888.09,5.0,99.899,0.85,,0,-98.224,7,25,3,302,0.4139
10.315,15.243,0.0,872.86,5.0,99.947,0.9,,0,-98.254,7,25,3,297,0.4175
11.09,22.774,0.0,178.81,5.0,99.976,0.95,,2,-99.642,7,25,7,564,0.4025
11.433,25.61,0.0,107.68,5.0,99.989,1.0,,3,-99.785,7,25,7,401,0.414
10.301,15.506,0.0,816.95,5.0,99.755,0.8,,0,-98.366,8,25,2,344,0.4128
10.494,15.876,0.0,888.09,5.0,99.899,0.85,,0,-98.224,8,25,3,302,0.4139
10.315,15.243,0.0,872.86,5.0,99.947,0.9,,0,-98.254,8,25,3,297,0.4175
11.09,22.774,0.0,178.81,5.0,99.976,0.95,,2,-99.642,8,25,7,564,0.4025
11.433,25.61,0.0,107.68,5.0,99.989,1.0,,3,-99.785,8,25,7,401,0.414
10.301,15.506,0.0,816.95,5.0,99.755,0.8,,0,-98.366,9,25,2,344,0.4128
10.494,15.876,0.0,888.09,5.0,99.899,0.85,,0,-98.224,9,25,3,302,0.4139
10.315,15.243,0.0,872.86,5.0,99.947,0.9,,0,-98.254,9,25,3,297,0.4175
11.09,22.774,0.0,178.81,5.0,99.976,0.95,,2,-99.642,9,25,7,564,0.4025
11.433,25.61,0.0,107.68,5.0,99.989,1.0,,3,-99.785,9,25,7,401,0.414
10.301,15.506,0.0,816.95,5.0,99.755,0.8,,0,-98.366,10,25,2,344,0.4128
10.494,15.876,0.0,888.09,5.0,99.899,0.85,,0,-98.224,10,25,3,302,0.4139
10.315,15.243,0.0,872.86,5.0,99.947,0.9,,0,-98.254,10,25,3,297,0.4175
11.09,22.774,0.0,178.81,5.0,99.976,0.95,,2,-99.642,10,25,7,564,0.4025
11.433,25.61,0.0,107.68,5.0,99.989,1.0,,3,-99.785,10,25,7,401,0.414
12.154,19.327,0.0,11881.06,5.0,95.44,0.8,,3,-76.238,1,30,9,1960,0.3898
12.129,20.458,0.0,33462.24,5.0,83.249,0.85,,5,-33.076,1,30,9,1285,0.3852
12.465,21.958,0.0,88777.81,5.0,75.048,0.9,,4,77.556,1,30,9,988,0.3917
12.619,23.608,0.0,187225.03,5.0,75.731,0.95,,5,274.45,1,30,9,736,0.3967
13.203,26.364,0.0,291601.85,5.0,68.722,1.0,,6,483.204,1,30,9,525,0.4038
10.674,15.888,0.0,2110.03,5.0,98.887,0.8,,2,-95.78,2,30,7,1431,0.3955
11.803,19.952,0.0,2206.36,5.0,99.008,0.85,,3,-95.587,2,30,9,1191,0.3804
12.465,21.958,0.0,18020.15,5.0,96.942,0.9,,4,-63.96,2,30,9,988,0.3917
12.619,23.608,0.0,104912.64,5.0,96.369,0.95,,4,109.825,2,30,9,736,0.3967
13.203,26.364,0.0,348153.54,5.0,92.887,1.0,,5,596.307,2,30,9,525,0.4038
10.287,14.769,0.0,1363.48,5.0,99.503,0.8,,0,-97.273,3,30,4,724,0.4033
10.558,16.706,0.0,1418.6,5.0,99.639,0.85,,3,-97.163,3,30,7,963,0.3884
12.154,21.573,0.0,1312.55,5.0,99.761,0.9,,4,-97.375,3,30,9,913,0.391
12.619,23.608,0.0,12269.04,5.0,99.638,0.95,,4,-75.462,3,30,9,736,0.3967
13.203,26.364,0.0,94732.89,5.0,99.105,1.0,,5,89.466,3,30,9,525,0.4038
10.462,14.697,0.0,1112.26,5.0,99.669,0.8,,0,-97.775,4,30,3,478,0.4121
10.26,15.463,0.0527,1051.1,5.0,99.83,0.85,,1,-97.898,4,30,4,511,0.4012
10.539,15.231,0.0,1104.13,5.0,99.889,0.9,,1,-97.792,4,30,4,397,0.4055
12.237,23.553,0.0,1112.53,5.0,99.784,0.95,,3,-97.775,4,30,9,680,0.3941
13.203,26.364,0.0,5663.75,5.0,99.926,1.0,,4,-88.672,4,30,9,525,0.4038
10.301,15.506,0.0,816.95,5.0,99.755,0.8,,0,-98.366,5,30,2,344,0.4128
10.494,15.876,0.0,888.09,5.0,99.899,0.85,,0,-98.224,5,30,3,302,0.4139
10.315,15.243,0.0,872.86,5.0,99.947,0.9,,0,-98.254,5,30,3,297,0.4175
11.09,22.774,0.0,178.81,5.0,99.976,0.95,,2,-99.642,5,30,7,564,0.4025
11.433,25.61,0.0,107.68,5.0,99.989,1.0,,3,-99.785,5,30,7,401,0.414
10.301,15.506,0.0,816.95,5.0,99.755,0.8,,0,-98.366,6,30,2,344,0.4128
10.494,15.876,0.0,888.09,5.0,99.899,0.85,,0,-98.224,6,30,3,302,0.4139
10.315,15.243,0.0,872.86,5.0,99.947,0.9,,0,-98.254,6,30,3,297,0.4175
11.09,22.774,0.0,178.81,5.0,99.976,0.95,,2,-99.642,6,30,7,564,0.4025
11.433,25.61,0.0,107.68,5.0,99.989,1.0,,3,-99.785,6,30,7,401,0.414
10.301,15.506,0.0,816.95,5.0,99.755,0.8,,0,-98.366,7,30,2,344,0.4128
10.494,15.876,0.0,888.09,5.0,99.899,0.85,,0,-98.224,7,30,3,302,0.4139
10.315,15.243,0.0,872.86,5.0,99.947,0.9,,0,-98.254,7,30,3,297,0.4175
11.09,22.774,0.0,178.81,5.0,99.976,0.95,,2,-99.642,7,30,7,564,0.4025
11.433,25.61,0.0,107.68,5.0,99.989,1.0,,3,-99.785,7,30,7,401,0.414
10.301,15.506,0.0,816.95,5.0,99.755,0.8,,0,-98.366,8,30,2,344,0.4128
10.494,15.876,0.0,888.09,5.0,99.899,0.85,,0,-98.224,8,30,3,302,0.4139
10.315,15.243,0.0,872.86,5.0,99.947,0.9,,0,-98.254,8,30,3,297,0.4175
11.09,22.774,0.0,178.81,5.0,99.976,0.95,,2,-99.642,8,30,7,564,0.4025
11.433,25.61,0.0,107.68,5.0,99.989,1.0,,3,-99.785,8,30,7,401,0.414
10.301,15.506,0.0,816.95,5.0,99.755,0.8,,0,-98.366,9,30,2,344,0.4128
10.494,15.876,0.0,888.09,5.0,99.899,0.85,,0,-98.224,9,30,3,302,0.4139
10.315,15.243,0.0,872.86,5.0,99.947,0.9,,0,-98.254,9,30,3,297,0.4175
11.09,22.774,0.0,178.81,5.0,99.976,0.95,,2,-99.642,9,30,7,564,0.4025
11.433,25.61,0.0,107.68,5.0,99.989,1.0,,3,-99.785,9,30,7,401,0.414
10.301,15.506,0.0,816.95,5.0,99.755,0.8,,0,-98.366,10,30,2,344,0.4128
10.494,15.876,0.0,888.09,5.0,99.899,0.85,,0,-98.224,10,30,3,302,0.4139
10.315,15.243,0.0,872.86,5.0,99.947,0.9,,0,-98.254,10,30,3,297,0.4175
11.09,22.774,0.0,178.81,5.0,99.976,0.95,,2,-99.642,10,30,7,564,0.4025
11.433,25.61,0.0,107.68,5.0,99.989,1.0,,3,-99.785,10,30,7,401,0.414
12.154,19.327,0.0,11881.06,5.0,95.44,0.8,,3,-76.238,1,35,9,1960,0.3898
12.129,20.458,0.0,33462.24,5.0,83.249,0.85,,5,-33.076,1,35,9,1285,0.3852
12.465,21.958,0.0,88777.81,5.0,75.048,0.9,,4,77.556,1,35,9,988,0.3917
12.619,23.608,0.0,187225.03,5.0,75.731,0.95,,5,274.45,1,35,9,736,0.3967
13.203,26.364,0.0,291601.85,5.0,68.722,1.0,,6,483.204,1,35,9,525,0.4038
10.674,15.888,0.0,2110.03,5.0,98.887,0.8,,2,-95.78,2,35,7,1431,0.3955
11.803,19.952,0.0,2206.36,5.0,99.008,0.85,,3,-95.587,2,35,9,1191,0.3804
12.465,21.958,0.0,18020.15,5.0,96.942,0.9,,4,-63.96,2,35,9,988,0.3917
12.619,23.608,0.0,104912.64,5.0,96.369,0.95,,4,109.825,2,35,9,736,0.3967
13.203,26.364,0.0,348153.54,5.0,92.887,1.0,,5,596.307,2,35,9,525,0.4038
10.287,14.769,0.0,1363.48,5.0,99.503,0.8,,0,-97.273,3,35,4,724,0.4033
10.558,16.706,0.0,1418.6,5.0,99.639,0.85,,3,-97.163,3,35,7,963,0.3884
12.154,21.573,0.0,1312.55,5.0,99.761,0.9,,4,-97.375,3,35,9,913,0.391
12.619,23.608,0.0,12269.04,5.0,99.638,0.95,,4,-75.462,3,35,9,736,0.3967
13.203,26.364,0.0,94732.89,5.0,99.105,1.0,,5,89.466,3,35,9,525,0.4038
10.462,14.697,0.0,1112.26,5.0,99.669,0.8,,0,-97.775,4,35,3,478,0.4121
10.26,15.463,0.0527,1051.1,5.0,99.83,0.85,,1,-97.898,4,35,4,511,0.4012
10.539,15.231,0.0,1104.13,5.0,99.889,0.9,,1,-97.792,4,35,4,397,0.4055
12.237,23.553,0.0,1112.53,5.0,99.784,0.95,,3,-97.775,4,35,9,680,0.3941
13.203,26.364,0.0,5663.75,5.0,99.926,1.0,,4,-88.672,4,35,9,525,0.4038
10.301,15.506,0.0,816.95,5.0,99.755,0.8,,0,-98.366,5,35,2,344,0.4128
10.494,15.876,0.0,888.09,5.0,99.899,0.85,,0,-98.224,5,35,3,302,0.4139
10.315,15.243,0.0,872.86,5.0,99.947,0.9,,0,-98.254,5,35,3,297,0.4175
11.09,22.774,0.0,178.81,5.0,99.976,0.95,,2,-99.642,5,35,7,564,0.4025
11.433,25.61,0.0,107.68,5.0,99.989,1.0,,3,-99.785,5,35,7,401,0.414
10.301,15.506,0.0,816.95,5.0,99.755,0.8,,0,-98.366,6,35,2,344,0.4128
10.494,15.876,0.0,888.09,5.0,99.899,0.85,,0,-98.224,6,35,3,302,0.4139
10.315,15.243,0.0,872.86,5.0,99.947,0.9,,0,-98.254,6,35,3,297,0.4175
11.09,22.774,0.0,178.81,5.0,99.976,0.95,,2,-99.642,6,35,7,564,0.4025
11.433,25.61,0.0,107.68,5.0,99.989,1.0,,3,-99.785,6,35,7,401,0.414
10.301,15.506,0.0,816.95,5.0,99.755,0.8,,0,-98.366,7,35,2,344,0.4128
10.494,15.876,0.0,888.09,5.0,99.899,0.85,,0,-98.224,7,35,3,302,0.4139
10.315,15.243,0.0,872.86,5.0,99.947,0.9,,0,-98.254,7,35,3,297,0.4175
11.09,22.774,0.0,178.81,5.0,99.976,0.95,,2,-99.642,7,35,7,564,0.4025
11.433,25.61,0.0,107.68,5.0,99.989,1.0,,3,-99.785,7,35,7,401,0.414
10.301,15.506,0.0,816.95,5.0,99.755,0.8,,0,-98.366,8,35,2,344,0.4128
10.494,15.876,0.0,888.09,5.0,99.899,0.85,,0,-98.224,8,35,3,302,0.4139
10.315,15.243,0.0,872.86,5.0,99.947,0.9,,0,-98.254,8,35,3,297,0.4175
11.09,22.774,0.0,178.81,5.0,99.976,0.95,,2,-99.642,8,35,7,564,0.4025
11.433,25.61,0.0,107.68,5.0,99.989,1.0,,3,-99.785,8,35,7,401,0.414
10.301,15.506,0.0,816.95,5.0,99.755,0.8,,0,-98.366,9,35,2,344,0.4128
10.494,15.876,0.0,888.09,5.0,99.899,0.85,,0,-98.224,9,35,3,302,0.4139
10.315,15.243,0.0,872.86,5.0,99.947,0.9,,0,-98.254,9,35,3,297,0.4175
11.09,22.774,0.0,178.81,5.0,99.976,0.95,,2,-99.642,9,35,7,564,0.4025
11.433,25.61,0.0,107.68,5.0,99.989,1.0,,3,-99.785,9,35,7,401,0.414
10.301,15.506,0.0,816.95,5.0,99.755,0.8,,0,-98.366,10,35,2,344,0.4128
10.494,15.876,0.0,888.09,5.0,99.899,0.85,,0,-98.224,10,35,3,302,0.4139
10.315,15.243,0.0,872.86,5.0,99.947,0.9,,0,-98.254,10,35,3,297,0.4175
11.09,22.774,0.0,178.81,5.0,99.976,0.95,,2,-99.642,10,35,7,564,0.4025
11.433,25.61,0.0,107.68,5.0,99.989,1.0,,3,-99.785,10,35,7,401,0.414
12.154,19.327,0.0,11881.06,5.0,95.44,0.8,,3,-76.238,1,40,9,1960,0.3898
12.129,20.458,0.0,33462.24,5.0,83.249,0.85,,5,-33.076,1,40,9,1285,0.3852
12.465,21.958,0.0,88777.81,5.0,75.048,0.9,,4,77.556,1,40,9,988,0.3917
12.619,23.608,0.0,187225.03,5.0,75.731,0.95,,5,274.45,1,40,9,736,0.3967
13.203,26.364,0.0,291601.85,5.0,68.722,1.0,,6,483.204,1,40,9,525,0.4038
10.674,15.888,0.0,2110.03,5.0,98.887,0.8,,2,-95.78,2,40,7,1431,0.3955
11.803,19.952,0.0,2206.36,5.0,99.008,0.85,,3,-95.587,2,40,9,1191,0.3804
12.465,21.958,0.0,18020.15,5.0,96.942,0.9,,4,-63.96,2,40,9,988,0.3917
12.619,23.608,0.0,104912.64,5.0,96.369,0.95,,4,109.825,2,40,9,736,0.3967
13.203,26.364,0.0,348153.54,5.0,92.887,1.0,,5,596.307,2,40,9,525,0.4038
10.287,14.769,0.0,1363.48,5.0,99.503,0.8,,0,-97.273,3,40,4,724,0.4033
10.558,16.706,0.0,1418.6,5.0,99.639,0.85,,3,-97.163,3,40,7,963,0.3884
12.154,21.573,0.0,1312.55,5.0,99.761,0.9,,4,-97.375,3,40,9,913,0.391
12.619,23.608,0.0,12269.04,5.0,99.638,0.95,,4,-75.462,3,40,9,736,0.3967
13.203,26.364,0.0,94732.89,5.0,99.105,1.0,,5,89.466,3,40,9,525,0.4038
10.462,14.697,0.0,1112.26,5.0,99.669,0.8,,0,-97.775,4,40,3,478,0.4121
10.26,15.463,0.0527,1051.1,5.0,99.83,0.85,,1,-97.898,4,40,4,511,0.4012
10.539,15.231,0.0,1104.13,5.0,99.889,0.9,,1,-97.792,4,40,4,397,0.4055
12.237,23.553,0.0,1112.53,5.0,99.784,0.95,,3,-97.775,4,40,9,680,0.3941
13.203,26.364,0.0,5663.75,5.0,99.926,1.0,,4,-88.672,4,40,9,525,0.4038
10.301,15.506,0.0,816.95,5.0,99.755,0.8,,0,-98.366,5,40,2,344,0.4128
10.494,15.876,0.0,888.09,5.0,99.899,0.85,,0,-98.224,5,40,3,302,0.4139
10.315,15.243,0.0,872.86,5.0,99.947,0.9,,0,-98.254,5,40,3,297,0.4175
11.09,22.774,0.0,178.81,5.0,99.976,0.95,,2,-99.642,5,40,7,564,0.4025
11.433,25.61,0.0,107.68,5.0,99.989,1.0,,3,-99.785,5,40,7,401,0.414
10.301,15.506,0.0,816.95,5.0,99.755,0.8,,0,-98.366,6,40,2,344,0.4128
10.494,15.876,0.0,888.09,5.0,99.899,0.85,,0,-98.224,6,40,3,302,0.4139
10.315,15.243,0.0,872.86,5.0,99.947,0.9,,0,-98.254,6,40,3,297,0.4175
11.09,22.774,0.0,178.81,5.0,99.976,0.95,,2,-99.642,6,40,7,564,0.4025
11.433,25.61,0.0,107.68,5.0,99.989,1.0,,3,-99.785,6,40,7,401,0.414
10.301,15.506,0.0,816.95,5.0,99.755,0.8,,0,-98.366,7,40,2,344,0.4128
10.494,15.876,0.0,888.09,5.0,99.899,0.85,,0,-98.224,7,40,3,302,0.4139
10.315,15.243,0.0,872.86,5.0,99.947,0.9,,0,-98.254,7,40,3,297,0.4175
11.09,22.774,0.0,178.81,5.0,99.976,0.95,,2,-99.642,7,40,7,564,0.4025
11.433,25.61,0.0,107.68,5.0,99.989,1.0,,3,-99.785,7,40,7,401,0.414
10.301,15.506,0.0,816.95,5.0,99.755,0.8,,0,-98.366,8,40,2,344,0.4128
10.494,15.876,0.0,888.09,5.0,99.899,0.85,,0,-98.224,8,40,3,302,0.4139
10.315,15.243,0.0,872.86,5.0,99.947,0.9,,0,-98.254,8,40,3,297,0.4175
11.09,22.774,0.0,178.81,5.0,99.976,0.95,,2,-99.642,8,40,7,564,0.4025
11.433,25.61,0.0,107.68,5.0,99.989,1.0,,3,-99.785,8,40,7,401,0.414
10.301,15.506,0.0,816.95,5.0,99.755,0.8,,0,-98.366,9,40,2,344,0.4128
10.494,15.876,0.0,888.09,5.0,99.899,0.85,,0,-98.224,9,40,3,302,0.4139
10.315,15.243,0.0,872.86,5.0,99.947,0.9,,0,-98.254,9,40,3,297,0.4175
11.09,22.774,0.0,178.81,5.0,99.976,0.95,,2,-99.642,9,40,7,564,0.4025
11.433,25.61,0.0,107.68,5.0,99.989,1.0,,3,-99.785,9,40,7,401,0.414
10.301,15.506,0.0,816.95,5.0,99.755,0.8,,0,-98.366,10,40,2,344,0.4128
10.494,15.876,0.0,888.09,5.0,99.899,0.85,,0,-98.224,10,40,3,302,0.4139
10.315,15.243,0.0,872.86,5.0,99.947,0.9,,0,-98.254,10,40,3,297,0.4175
11.09,22.774,0.0,178.81,5.0,99.976,0.95,,2,-99.642,10,40,7,564,0.4025
11.433,25.61,0.0,107.68,5.0,99.989,1.0,,3,-99.785,10,40,7,401,0.414
12.154,19.327,0.0,11881.06,5.0,95.44,0.8,,3,-76.238,1,45,9,1960,0.3898
12.129,20.458,0.0,33462.24,5.0,83.249,0.85,,5,-33.076,1,45,9,1285,0.3852
12.465,21.958,0.0,88777.81,5.0,75.048,0.9,,4,77.556,1,45,9,988,0.3917
12.619,23.608,0.0,187225.03,5.0,75.731,0.95,,5,274.45,1,45,9,736,0.3967
13.203,26.364,0.0,291601.85,5.0,68.722,1.0,,6,483.204,1,45,9,525,0.4038
10.674,15.888,0.0,2110.03,5.0,98.887,0.8,,2,-95.78,2,45,7,1431,0.3955
11.803,19.952,0.0,2206.36,5.0,99.008,0.85,,3,-95.587,2,45,9,1191,0.3804
12.465,21.958,0.0,18020.15,5.0,96.942,0.9,,4,-63.96,2,45,9,988,0.3917
12.619,23.608,0.0,104912.64,5.0,96.369,0.95,,4,109.825,2,45,9,736,0.3967
13.203,26.364,0.0,348153.54,5.0,92.887,1.0,,5,596.307,2,45,9,525,0.4038
10.287,14.769,0.0,1363.48,5.0,99.503,0.8,,0,-97.273,3,45,4,724,0.4033
10.558,16.706,0.0,1418.6,5.0,99.639,0.85,,3,-97.163,3,45,7,963,0.3884
12.154,21.573,0.0,1312.55,5.0,99.761,0.9,,4,-97.375,3,45,9,913,0.391
12.619,23.608,0.0,12269.04,5.0,99.638,0.95,,4,-75.462,3,45,9,736,0.3967
13.203,26.364,0.0,94732.89,5.0,99.105,1.0,,5,89.466,3,45,9,525,0.4038
10.462,14.697,0.0,1112.26,5.0,99.669,0.8,,0,-97.775,4,45,3,478,0.4121
10.26,15.463,0.0527,1051.1,5.0,99.83,0.85,,1,-97.898,4,45,4,511,0.4012
10.539,15.231,0.0,1104.13,5.0,99.889,0.9,,1,-97.792,4,45,4,397,0.4055
12.237,23.553,0.0,1112.53,5.0,99.784,0.95,,3,-97.775,4,45,9,680,0.3941
13.203,26.364,0.0,5663.75,5.0,99.926,1.0,,4,-88.672,4,45,9,525,0.4038
10.301,15.506,0.0,816.95,5.0,99.755,0.8,,0,-98.366,5,45,2,344,0.4128
10.494,15.876,0.0,888.09,5.0,99.899,0.85,,0,-98.224,5,45,3,302,0.4139
10.315,15.243,0.0,872.86,5.0,99.947,0.9,,0,-98.254,5,45,3,297,0.4175
11.09,22.774,0.0,178.81,5.0,99.976,0.95,,2,-99.642,5,45,7,564,0.4025
11.433,25.61,0.0,107.68,5.0,99.989,1.0,,3,-99.785,5,45,7,401,0.414
10.301,15.506,0.0,816.95,5.0,99.755,0.8,,0,-98.366,6,45,2,344,0.4128
10.494,15.876,0.0,888.09,5.0,99.899,0.85,,0,-98.224,6,45,3,302,0.4139
10.315,15.243,0.0,872.86,5.0,99.947,0.9,,0,-98.254,6,45,3,297,0.4175
11.09,22.774,0.0,178.81,5.0,99.976,0.95,,2,-99.642,6,45,7,564,0.4025
11.433,25.61,0.0,107.68,5.0,99.989,1.0,,3,-99.785,6,45,7,401,0.414
10.301,15.506,0.0,816.95,5.0,99.755,0.8,,0,-98.366,7,45,2,344,0.4128
10.494,15.876,0.0,888.09,5.0,99.899,0.85,,0,-98.224,7,45,3,302,0.4139
10.315,15.243,0.0,872.86,5.0,99.947,0.9,,0,-98.254,7,45,3,297,0.4175
11.09,22.774,0.0,178.81,5.0,99.976,0.95,,2,-99.642,7,45,7,564,0.4025
11.433,25.61,0.0,107.68,5.0,99.989,1.0,,3,-99.785,7,45,7,401,0.414
10.301,15.506,0.0,816.95,5.0,99.755,0.8,,0,-98.366,8,45,2,344,0.4128
10.494,15.876,0.0,888.09,5.0,99.899,0.85,,0,-98.224,8,45,3,302,0.4139
10.315,15.243,0.0,872.86,5.0,99.947,0.9,,0,-98.254,8,45,3,297,0.4175
11.09,22.774,0.0,178.81,5.0,99.976,0.95,,2,-99.642,8,45,7,564,0.4025
11.433,25.61,0.0,107.68,5.0,99.989,1.0,,3,-99.785,8,45,7,401,0.414
10.301,15.506,0.0,816.95,5.0,99.755,0.8,,0,-98.366,9,45,2,344,0.4128
10.494,15.876,0.0,888.09,5.0,99.899,0.85,,0,-98.224,9,45,3,302,0.4139
10.315,15.243,0.0,872.86,5.0,99.947,0.9,,0,-98.254,9,45,3,297,0.4175
11.09,22.774,0.0,178.81,5.0,99.976,0.95,,2,-99.642,9,45,7,564,0.4025
11.433,25.61,0.0,107.68,5.0,99.989,1.0,,3,-99.785,9,45,7,401,0.414
10.301,15.506,0.0,816.95,5.0,99.755,0.8,,0,-98.366,10,45,2,344,0.4128
10.494,15.876,0.0,888.09,5.0,99.899,0.85,,0,-98.224,10,45,3,302,0.4139
10.315,15.243,0.0,872.86,5.0,99.947,0.9,,0,-98.254,10,45,3,297,0.4175
11.09,22.774,0.0,178.81,5.0,99.976,0.95,,2,-99.642,10,45,7,564,0.4025
11.433,25.61,0.0,107.68,5.0,99.989,1.0,,3,-99.785,10,45,7,401,0.414
12.154,19.327,0.0,11881.06,5.0,95.44,0.8,,3,-76.238,1,50,9,1960,0.3898
12.129,20.458,0.0,33462.24,5.0,83.249,0.85,,5,-33.076,1,50,9,1285,0.3852
12.465,21.958,0.0,88777.81,5.0,75.048,0.9,,4,77.556,1,50,9,988,0.3917
12.619,23.608,0.0,187225.03,5.0,75.731,0.95,,5,274.45,1,50,9,736,0.3967
13.203,26.364,0.0,291601.85,5.0,68.722,1.0,,6,483.204,1,50,9,525,0.4038
10.674,15.888,0.0,2110.03,5.0,98.887,0.8,,2,-95.78,2,50,7,1431,0.3955
11.803,19.952,0.0,2206.36,5.0,99.008,0.85,,3,-95.587,2,50,9,1191,0.3804
12.465,21.958,0.0,18020.15,5.0,96.942,0.9,,4,-63.96,2,50,9,988,0.3917
12.619,23.608,0.0,104912.64,5.0,96.369,0.95,,4,109.825,2,50,9,736,0.3967
13.203,26.364,0.0,348153.54,5.0,92.887,1.0,,5,596.307,2,50,9,525,0.4038
10.287,14.769,0.0,1363.48,5.0,99.503,0.8,,0,-97.273,3,50,4,724,0.4033
10.558,16.706,0.0,1418.6,5.0,99.639,0.85,,3,-97.163,3,50,7,963,0.3884
12.154,21.573,0.0,1312.55,5.0,99.761,0.9,,4,-97.375,3,50,9,913,0.391
12.619,23.608,0.0,12269.04,5.0,99.638,0.95,,4,-75.462,3,50,9,736,0.3967
13.203,26.364,0.0,94732.89,5.0,99.105,1.0,,5,89.466,3,50,9,525,0.4038
10.462,14.697,0.0,1112.26,5.0,99.669,0.8,,0,-97.775,4,50,3,478,0.4121
10.26,15.463,0.0527,1051.1,5.0,99.83,0.85,,1,-97.898,4,50,4,511,0.4012
10.539,15.231,0.0,1104.13,5.0,99.889,0.9,,1,-97.792,4,50,4,397,0.4055
12.237,23.553,0.0,1112.53,5.0,99.784,0.95,,3,-97.775,4,50,9,680,0.3941
13.203,26.364,0.0,5663.75,5.0,99.926,1.0,,4,-88.672,4,50,9,525,0.4038
10.301,15.506,0.0,816.95,5.0,99.755,0.8,,0,-98.366,5,50,2,344,0.4128
10.494,15.876,0.0,888.09,5.0,99.899,0.85,,0,-98.224,5,50,3,302,0.4139
10.315,15.243,0.0,872.86,5.0,99.947,0.9,,0,-98.254,5,50,3,297,0.4175
11.09,22.774,0.0,178.81,5.0,99.976,0.95,,2,-99.642,5,50,7,564,0.4025
11.433,25.61,0.0,107.68,5.0,99.989,1.0,,3,-99.785,5,50,7,401,0.414
10.301,15.506,0.0,816.95,5.0,99.755,0.8,,0,-98.366,6,50,2,344,0.4128
10.494,15.876,0.0,888.09,5.0,99.899,0.85,,0,-98.224,6,50,3,302,0.4139
10.315,15.243,0.0,872.86,5.0,99.947,0.9,,0,-98.254,6,50,3,297,0.4175
11.09,22.774,0.0,178.81,5.0,99.976,0.95,,2,-99.642,6,50,7,564,0.4025
11.433,25.61,0.0,107.68,5.0,99.989,1.0,,3,-99.785,6,50,7,401,0.414
10.301,15.506,0.0,816.95,5.0,99.755,0.8,,0,-98.366,7,50,2,344,0.4128
10.494,15.876,0.0,888.09,5.0,99.899,0.85,,0,-98.224,7,50,3,302,0.4139
10.315,15.243,0.0,872.86,5.0,99.947,0.9,,0,-98.254,7,50,3,297,0.4175
11.09,22.774,0.0,178.81,5.0,99.976,0.95,,2,-99.642,7,50,7,564,0.4025
11.433,25.61,0.0,107.68,5.0,99.989,1.0,,3,-99.785,7,50,7,401,0.414
10.301,15.506,0.0,816.95,5.0,99.755,0.8,,0,-98.366,8,50,2,344,0.4128
10.494,15.876,0.0,888.09,5.0,99.899,0.85,,0,-98.224,8,50,3,302,0.4139
10.315,15.243,0.0,872.86,5.0,99.947,0.9,,0,-98.254,8,50,3,297,0.4175
11.09,22.774,0.0,178.81,5.0,99.976,0.95,,2,-99.642,8,50,7,564,0.4025
11.433,25.61,0.0,107.68,5.0,99.989,1.0,,3,-99.785,8,50,7,401,0.414
10.301,15.506,0.0,816.95,5.0,99.755,0.8,,0,-98.366,9,50,2,344,0.4128
10.494,15.876,0.0,888.09,5.0,99.899,0.85,,0,-98.224,9,50,3,302,0.4139
10.315,15.243,0.0,872.86,5.0,99.947,0.9,,0,-98.254,9,50,3,297,0.4175
11.09,22.774,0.0,178.81,5.0,99.976,0.95,,2,-99.642,9,50,7,564,0.4025
11.433,25.61,0.0,107.68,5.0,99.989,1.0,,3,-99.785,9,50,7,401,0.414
10.301,15.506,0.0,816.95,5.0,99.755,0.8,,0,-98.366,10,50,2,344,0.4128
10.494,15.876,0.0,888.09,5.0,99.899,0.85,,0,-98.224,10,50,3,302,0.4139
10.315,15.243,0.0,872.86,5.0,99.947,0.9,,0,-98.254,10,50,3,297,0.4175
11.09,22.774,0.0,178.81,5.0,99.976,0.95,,2,-99.642,10,50,7,564,0.4025
11.433,25.61,0.0,107.68,5.0,99.989,1.0,,3,-99.785,10,50,7,401,0.414
12.154,19.327,0.0,11881.06,5.0,95.44,0.8,,3,-76.238,1,55,9,1960,0.3898
12.129,20.458,0.0,33462.24,5.0,83.249,0.85,,5,-33.076,1,55,9,1285,0.3852
12.465,21.958,0.0,88777.81,5.0,75.048,0.9,,4,77.556,1,55,9,988,0.3917
12.619,23.608,0.0,187225.03,5.0,75.731,0.95,,5,274.45,1,55,9,736,0.3967
13.203,26.364,0.0,291601.85,5.0,68.722,1.0,,6,483.204,1,55,9,525,0.4038
10.674,15.888,0.0,2110.03,5.0,98.887,0.8,,2,-95.78,2,55,7,1431,0.3955
11.803,19.952,0.0,2206.36,5.0,99.008,0.85,,3,-95.587,2,55,9,1191,0.3804
12.465,21.958,0.0,18020.15,5.0,96.942,0.9,,4,-63.96,2,55,9,988,0.3917
12.619,23.608,0.0,104912.64,5.0,96.369,0.95,,4,109.825,2,55,9,736,0.3967
13.203,26.364,0.0,348153.54,5.0,92.887,1.0,,5,596.307,2,55,9,525,0.4038
10.287,14.769,0.0,1363.48,5.0,99.503,0.8,,0,-97.273,3,55,4,724,0.4033
10.558,16.706,0.0,1418.6,5.0,99.639,0.85,,3,-97.163,3,55,7,963,0.3884
12.154,21.573,0.0,1312.55,5.0,99.761,0.9,,4,-97.375,3,55,9,913,0.391
12.619,23.608,0.0,12269.04,5.0,99.638,0.95,,4,-75.462,3,55,9,736,0.3967
13.203,26.364,0.0,94732.89,5.0,99.105,1.0,,5,89.466,3,55,9,525,0.4038
10.462,14.697,0.0,1112.26,5.0,99.669,0.8,,0,-97.775,4,55,3,478,0.4121
10.26,15.463,0.0527,1051.1,5.0,99.83,0.85,,1,-97.898,4,55,4,511,0.4012
10.539,15.231,0.0,1104.13,5.0,99.889,0.9,,1,-97.792,4,55,4,397,0.4055
12.237,23.553,0.0,1112.53,5.0,99.784,0.95,,3,-97.775,4,55,9,680,0.3941
13.203,26.364,0.0,5663.75,5.0,99.926,1.0,,4,-88.672,4,55,9,525,0.4038
10.301,15.506,0.0,816.95,5.0,99.755,0.8,,0,-98.366,5,55,2,344,0.4128
10.494,15.876,0.0,888.09,5.0,99.899,0.85,,0,-98.224,5,55,3,302,0.4139
10.315,15.243,0.0,872.86,5.0,99.947,0.9,,0,-98.254,5,55,3,297,0.4175
11.09,22.774,0.0,178.81,5.0,99.976,0.95,,2,-99.642,5,55,7,564,0.4025
11.433,25.61,0.0,107.68,5.0,99.989,1.0,,3,-99.785,5,55,7,401,0.414
10.301,15.506,0.0,816.95,5.0,99.755,0.8,,0,-98.366,6,55,2,344,0.4128
10.494,15.876,0.0,888.09,5.0,99.899,0.85,,0,-98.224,6,55,3,302,0.4139
10.315,15.243,0.0,872.86,5.0,99.947,0.9,,0,-98.254,6,55,3,297,0.4175
11.09,22.774,0.0,178.81,5.0,99.976,0.95,,2,-99.642,6,55,7,564,0.4025
11.433,25.61,0.0,107.68,5.0,99.989,1.0,,3,-99.785,6,55,7,401,0.414
10.301,15.506,0.0,816.95,5.0,99.755,0.8,,0,-98.366,7,55,2,344,0.4128
10.494,15.876,0.0,888.09,5.0,99.899,0.85,,0,-98.224,7,55,3,302,0.4139
10.315,15.243,0.0,872.86,5.0,99.947,0.9,,0,-98.254,7,55,3,297,0.4175
11.09,22.774,0.0,178.81,5.0,99.976,0.95,,2,-99.642,7,55,7,564,0.4025
11.433,25.61,0.0,107.68,5.0,99.989,1.0,,3,-99.785,7,55,7,401,0.414
10.301,15.506,0.0,816.95,5.0,99.755,0.8,,0,-98.366,8,55,2,344,0.4128
10.494,15.876,0.0,888.09,5.0,99.899,0.85,,0,-98.224,8,55,3,302,0.4139
10.315,15.243,0.0,872.86,5.0,99.947,0.9,,0,-98.254,8,55,3,297,0.4175
11.09,22.774,0.0,178.81,5.0,99.976,0.95,,2,-99.642,8,55,7,564,0.4025
11.433,25.61,0.0,107.68,5.0,99.989,1.0,,3,-99.785,8,55,7,401,0.414
10.301,15.506,0.0,816.95,5.0,99.755,0.8,,0,-98.366,9,55,2,344,0.4128
10.494,15.876,0.0,888.09,5.0,99.899,0.85,,0,-98.224,9,55,3,302,0.4139
10.315,15.243,0.0,872.86,5.0,99.947,0.9,,0,-98.254,9,55,3,297,0.4175
11.09,22.774,0.0,178.81,5.0,99.976,0.95,,2,-99.642,9,55,7,564,0.4025
11.433,25.61,0.0,107.68,5.0,99.989,1.0,,3,-99.785,9,55,7,401,0.414
10.301,15.506,0.0,816.95,5.0,99.755,0.8,,0,-98.366,10,55,2,344,0.4128
10.494,15.876,0.0,888.09,5.0,99.899,0.85,,0,-98.224,10,55,3,302,0.4139
10.315,15.243,0.0,872.86,5.0,99.947,0.9,,0,-98.254,10,55,3,297,0.4175
11.09,22.774,0.0,178.81,5.0,99.976,0.95,,2,-99.642,10,55,7,564,0.4025
11.433,25.61,0.0,107.68,5.0,99.989,1.0,,3,-99.785,10,55,7,401,0.414
12.154,19.327,0.0,11881.06,5.0,95.44,0.8,,3,-76.238,1,60,9,1960,0.3898
12.129,20.458,0.0,33462.24,5.0,83.249,0.85,,5,-33.076,1,60,9,1285,0.3852
12.465,21.958,0.0,88777.81,5.0,75.048,0.9,,4,77.556,1,60,9,988,0.3917
12.619,23.608,0.0,187225.03,5.0,75.731,0.95,,5,274.45,1,60,9,736,0.3967
13.203,26.364,0.0,291601.85,5.0,68.722,1.0,,6,483.204,1,60,9,525,0.4038
10.674,15.888,0.0,2110.03,5.0,98.887,0.8,,2,-95.78,2,60,7,1431,0.3955
11.803,19.952,0.0,2206.36,5.0,99.008,0.85,,3,-95.587,2,60,9,1191,0.3804
12.465,21.958,0.0,18020.15,5.0,96.942,0.9,,4,-63.96,2,60,9,988,0.3917
12.619,23.608,0.0,104912.64,5.0,96.369,0.95,,4,109.825,2,60,9,736,0.3967
13.203,26.364,0.0,348153.54,5.0,92.887,1.0,,5,596.307,2,60,9,525,0.4038
10.287,14.769,0.0,1363.48,5.0,99.503,0.8,,0,-97.273,3,60,4,724,0.4033
10.558,16.706,0.0,1418.6,5.0,99.639,0.85,,3,-97.163,3,60,7,963,0.3884
12.154,21.573,0.0,1312.55,5.0,99.761,0.9,,4,-97.375,3,60,9,913,0.391
12.619,23.608,0.0,12269.04,5.0,99.638,0.95,,4,-75.462,3,60,9,736,0.3967
13.203,26.364,0.0,94732.89,5.0,99.105,1.0,,5,89.466,3,60,9,525,0.4038
10.462,14.697,0.0,1112.26,5.0,99.669,0.8,,0,-97.775,4,60,3,478,0.4121
10.26,15.463,0.0527,1051.1,5.0,99.83,0.85,,1,-97.898,4,60,4,511,0.4012
10.539,15.231,0.0,1104.13,5.0,99.889,0.9,,1,-97.792,4,60,4,397,0.4055
12.237,23.553,0.0,1112.53,5.0,99.784,0.95,,3,-97.775,4,60,9,680,0.3941
13.203,26.364,0.0,5663.75,5.0,99.926,1.0,,4,-88.672,4,60,9,525,0.4038
10.301,15.506,0.0,816.95,5.0,99.755,0.8,,0,-98.366,5,60,2,344,0.4128
10.494,15.876,0.0,888.09,5.0,99.899,0.85,,0,-98.224,5,60,3,302,0.4139
10.315,15.243,0.0,872.86,5.0,99.947,0.9,,0,-98.254,5,60,3,297,0.4175
11.09,22.774,0.0,178.81,5.0,99.976,0.95,,2,-99.642,5,60,7,564,0.4025
11.433,25.61,0.0,107.68,5.0,99.989,1.0,,3,-99.785,5,60,7,401,0.414
10.301,15.506,0.0,816.95,5.0,99.755,0.8,,0,-98.366,6,60,2,344,0.4128
10.494,15.876,0.0,888.09,5.0,99.899,0.85,,0,-98.224,6,60,3,302,0.4139
10.315,15.243,0.0,872.86,5.0,99.947,0.9,,0,-98.254,6,60,3,297,0.4175
11.09,22.774,0.0,178.81,5.0,99.976,0.95,,2,-99.642,6,60,7,564,0.4025
11.433,25.61,0.0,107.68,5.0,99.989,1.0,,3,-99.785,6,60,7,401,0.414
10.301,15.506,0.0,816.95,5.0,99.755,0.8,,0,-98.366,7,60,2,344,0.4128
10.494,15.876,0.0,888.09,5.0,99.899,0.85,,0,-98.224,7,60,3,302,0.4139
10.315,15.243,0.0,872.86,5.0,99.947,0.9,,0,-98.254,7,60,3,297,0.4175
11.09,22.774,0.0,178.81,5.0,99.976,0.95,,2,-99.642,7,60,7,564,0.4025
11.433,25.61,0.0,107.68,5.0,99.989,1.0,,3,-99.785,7,60,7,401,0.414
10.301,15.506,0.0,816.95,5.0,99.755,0.8,,0,-98.366,8,60,2,344,0.4128
10.494,15.876,0.0,888.09,5.0,99.899,0.85,,0,-98.224,8,60,3,302,0.4139
10.315,15.243,0.0,872.86,5.0,99.947,0.9,,0,-98.254,8,60,3,297,0.4175
11.09,22.774,0.0,178.81,5.0,99.976,0.95,,2,-99.642,8,60,7,564,0.4025
11.433,25.61,0.0,107.68,5.0,99.989,1.0,,3,-99.785,8,60,7,401,0.414
10.301,15.506,0.0,816.95,5.0,99.755,0.8,,0,-98.366,9,60,2,344,0.4128
10.494,15.876,0.0,888.09,5.0,99.899,0.85,,0,-98.224,9,60,3,302,0.4139
10.315,15.243,0.0,872.86,5.0,99.947,0.9,,0,-98.254,9,60,3,297,0.4175
11.09,22.774,0.0,178.81,5.0,99.976,0.95,,2,-99.642,9,60,7,564,0.4025
11.433,25.61,0.0,107.68,5.0,99.989,1.0,,3,-99.785,9,60,7,401,0.414
10.301,15.506,0.0,816.95,5.0,99.755,0.8,,0,-98.366,10,60,2,344,0.4128
10.494,15.876,0.0,888.09,5.0,99.899,0.85,,0,-98.224,10,60,3,302,0.4139
10.315,15.243,0.0,872.86,5.0,99.947,0.9,,0,-98.254,10,60,3,297,0.4175
11.09,22.774,0.0,178.81,5.0,99.976,0.95,,2,-99.642,10,60,7,564,0.4025
11.433,25.61,0.0,107.68,5.0,99.989,1.0,,3,-99.785,10,60,7,401,0.414
12.432,19.294,0.0,13051.03,5.5,93.653,0.8,,2,-73.898,1,5,9,1957,0.396
12.448,20.385,0.0,33810.31,5.5,79.296,0.85,,4,-32.379,1,5,9,1282,0.3916
12.707,21.907,0.0,98365.62,5.5,67.481,0.9,,4,96.731,1,5,9,985,0.398
12.826,23.465,0.0,173271.58,5.5,71.794,0.95,,5,246.543,1,5,9,735,0.4014
13.472,26.129,0.0,268560.39,5.5,64.812,1.0,,6,437.121,1,5,9,524,0.4103
10.992,15.807,0.0191,2391.43,5.5,98.476,0.8,,2,-95.217,2,5,7,1429,0.4024
12.112,19.845,0.0,2439.72,5.5,98.674,0.85,,3,-95.121,2,5,9,1194,0.3861
12.707,21.907,0.0,30037.92,5.5,93.55,0.9,,4,-39.924,2,5,9,985,0.398
12.826,23.465,0.0,125896.1,5.5,94.654,0.95,,4,151.792,2,5,9,735,0.4014
13.472,26.129,0.0,362107.77,5.5,90.235,1.0,,6,624.216,2,5,9,524,0.4103
10.486,14.66,0.0,1637.79,5.5,99.258,0.8,,0,-96.724,3,5,4,734,0.4074
10.931,16.569,0.0,1619.94,5.5,99.466,0.85,,2,-96.76,3,5,7,961,0.3954
12.519,21.473,0.0,1567.96,5.5,99.618,0.9,,4,-96.864,3,5,9,925,0.3924
12.826,23.465,0.0,22688.98,5.5,99.336,0.95,,4,-54.622,3,5,9,735,0.4014
13.472,26.129,0.0,151406.64,5.5,98.333,1.0,,6,202.813,3,5,9,524,0.4103
10.442,14.644,0.0,1149.01,5.5,99.567,0.8,,0,-97.702,4,5,3,612,0.4134
10.361,15.823,0.0,1100.45,5.5,99.755,0.85,,2,-97.799,4,5,5,698,0.4011
12.031,21.14,0.0,1050.57,5.5,99.848,0.9,,2,-97.899,4,5,8,872,0.4014
12.64,23.326,0.0,813.28,5.5,99.881,0.95,,3,-98.373,4,5,9,693,0.3925
13.472,26.129,0.0,17026.33,5.5,99.833,1.0,,6,-65.947,4,5,9,524,0.4103
10.455,15.373,0.0,937.44,5.5,99.656,0.8,,0,-98.125,5,5,2,352,0.4091
10.46,15.235,0.0,951.61,5.5,99.846,0.85,,0,-98.097,5,5,3,400,0.4175
10.764,14.872,0.0,954.24,5.5,99.912,0.9,,1,-98.092,5,5,3,310,0.4194
12.156,23.411,0.0,540.8,5.5,99.9,0.95,,2,-98.918,5,5,8,649,0.4037
13.231,26.227,0.0,658.14,5.5,99.962,1.0,,3,-98.684,5,5,9,492,0.4024
10.494,15.506,0.0,894.39,5.5,99.662,0.8,,0,-98.211,6,5,2,344,0.4128
10.482,15.126,0.0,891.76,5.5,99.873,0.85,,0,-98.216,6,5,3,339,0.4189
10.605,15.147,0.0,838.74,5.5,99.937,0.9,,0,-98.323,6,5,3,297,0.4242
11.348,22.601,0.0,444.72,5.5,99.93,0.95,,2,-99.111,6,5,7,563,0.4085
11.762,25.325,0.0,432.91,5.5,99.948,1.0,,3,-99.134,6,5,7,400,0.4225
10.494,15.506,0.0,894.39,5.5,99.662,0.8,,0,-98.211,7,5,2,344,0.4128
10.482,15.126,0.0,891.76,5.5,99.873,0.85,,0,-98.216,7,5,3,339,0.4189
10.605,15.147,0.0,838.74,5.5,99.937,0.9,,0,-98.323,7,5,3,297,0.4242
11.348,22.601,0.0,444.72,5.5,99.93,0.95,,2,-99.111,7,5,7,563,0.4085
11.762,25.325,0.0,432.91,5.5,99.948,1.0,,3,-99.134,7,5,7,400,0.4225
10.494,15.506,0.0,894.39,5.5,99.662,0.8,,0,-98.211,8,5,2,344,0.4128
10.482,15.126,0.0,891.76,5.5,99.873,0.85,,0,-98.216,8,5,3,339,0.4189
10.605,15.147,0.0,838.74,5.5,99.937,0.9,,0,-98.323,8,5,3,297,0.4242
11.348,22.601,0.0,444.72,5.5,99.93,0.95,,2,-99.111,8,5,7,563,0.4085
11.762,25.325,0.0,432.91,5.5,99.948,1.0,,3,-99.134,8,5,7,400,0.4225
10.494,15.506,0.0,894.39,5.5,99.662,0.8,,0,-98.211,9,5,2,344,0.4128
10.482,15.126,0.0,891.76,5.5,99.873,0.85,,0,-98.216,9,5,3,339,0.4189
10.605,15.147,0.0,838.74,5.5,99.937,0.9,,0,-98.323,9,5,3,297,0.4242
11.348,22.601,0.0,444.72,5.5,99.93,0.95,,2,-99.111,9,5,7,563,0.4085
11.762,25.325,0.0,432.91,5.5,99.948,1.0,,3,-99.134,9,5,7,400,0.4225
10.494,15.506,0.0,894.39,5.5,99.662,0.8,,0,-98.211,10,5,2,344,0.4128
10.482,15.126,0.0,891.76,5.5,99.873,0.85,,0,-98.216,10,5,3,339,0.4189
10.605,15.147,0.0,838.74,5.5,99.937,0.9,,0,-98.323,10,5,3,297,0.4242
11.348,22.601,0.0,444.72,5.5,99.93,0.95,,2,-99.111,10,5,7,563,0.4085
11.762,25.325,0.0,432.91,5.5,99.948,1.0,,3,-99.134,10,5,7,400,0.4225
12.441,19.294,0.0,11928.31,5.5,93.98,0.8,,2,-76.143,1,10,9,1957,0.396
12.462,20.385,0.0,33191.34,5.5,79.931,0.85,,4,-33.617,1,10,9,1282,0.3916
12.713,21.907,0.0,98295.8,5.5,67.516,0.9,,4,96.592,1,10,9,985,0.398
12.834,23.465,0.0,171804.99,5.5,71.529,0.95,,5,243.61,1,10,9,735,0.4014
13.472,26.129,0.0,268560.39,5.5,64.812,1.0,,6,437.121,1,10,9,524,0.4103
11.005,15.807,0.019,2385.65,5.5,98.479,0.8,,2,-95.229,2,10,7,1429,0.4024
12.127,19.845,0.0,2462.3,5.5,98.662,0.85,,3,-95.075,2,10,9,1194,0.3861
12.713,21.907,0.0,30045.54,5.5,93.546,0.9,,4,-39.909,2,10,9,985,0.398
12.834,23.465,0.0,125912.11,5.5,94.651,0.95,,4,151.824,2,10,9,735,0.4014
13.472,26.129,0.0,362107.77,5.5,90.235,1.0,,6,624.216,2,10,9,524,0.4103
10.512,14.66,0.0,1623.09,5.5,99.265,0.8,,0,-96.754,3,10,4,733,0.4079
10.949,16.569,0.0,1619.41,5.5,99.467,0.85,,2,-96.761,3,10,7,961,0.3954
12.526,21.473,0.0,1546.44,5.5,99.623,0.9,,4,-96.907,3,10,9,925,0.3924
12.834,23.465,0.0,22656.43,5.5,99.335,0.95,,4,-54.687,3,10,9,735,0.4014
13.472,26.129,0.0,151406.64,5.5,98.333,1.0,,6,202.813,3,10,9,524,0.4103
10.331,14.734,0.0,1214.64,5.5,99.543,0.8,,0,-97.571,4,10,3,605,0.4132
10.387,15.823,0.0,1082.34,5.5,99.759,0.85,,2,-97.835,4,10,5,698,0.4011
12.038,21.14,0.0,998.07,5.5,99.856,0.9,,3,-98.004,4,10,8,872,0.4014
12.648,23.326,0.0,644.49,5.5,99.901,0.95,,3,-98.711,4,10,9,693,0.3925
13.472,26.129,0.0,17026.33,5.5,99.833,1.0,,6,-65.947,4,10,9,524,0.4103
10.455,15.373,0.0,937.44,5.5,99.656,0.8,,0,-98.125,5,10,2,352,0.4091
10.491,15.235,0.0,952.66,5.5,99.846,0.85,,0,-98.095,5,10,3,400,0.4175
10.764,14.872,0.0,954.24,5.5,99.912,0.9,,1,-98.092,5,10,3,310,0.4194
12.166,23.411,0.0,631.1,5.5,99.884,0.95,,2,-98.738,5,10,8,649,0.4037
13.231,26.227,0.0,658.14,5.5,99.962,1.0,,3,-98.684,5,10,9,492,0.4024
10.494,15.506,0.0,894.39,5.5,99.662,0.8,,0,-98.211,6,10,2,344,0.4128
10.482,15.126,0.0,891.76,5.5,99.873,0.85,,0,-98.216,6,10,3,339,0.4189
10.605,15.147,0.0,838.74,5.5,99.937,0.9,,0,-98.323,6,10,3,297,0.4242
11.359,22.601,0.0,360.46,5.5,99.943,0.95,,2,-99.279,6,10,7,563,0.4085
11.762,25.325,0.0,432.91,5.5,99.948,1.0,,3,-99.134,6,10,7,400,0.4225
10.494,15.506,0.0,894.39,5.5,99.662,0.8,,0,-98.211,7,10,2,344,0.4128
10.482,15.126,0.0,891.76,5.5,99.873,0.85,,0,-98.216,7,10,3,339,0.4189
10.605,15.147,0.0,838.74,5.5,99.937,0.9,,0,-98.323,7,10,3,297,0.4242
11.359,22.601,0.0,360.46,5.5,99.943,0.95,,2,-99.279,7,10,7,563,0.4085
11.762,25.325,0.0,432.91,5.5,99.948,1.0,,3,-99.134,7,10,7,400,0.4225
10.494,15.506,0.0,894.39,5.5,99.662,0.8,,0,-98.211,8,10,2,344,0.4128
10.482,15.126,0.0,891.76,5.5,99.873,0.85,,0,-98.216,8,10,3,339,0.4189
10.605,15.147,0.0,838.74,5.5,99.937,0.9,,0,-98.323,8,10,3,297,0.4242
11.359,22.601,0.0,360.46,5.5,99.943,0.95,,2,-99.279,8,10,7,563,0.4085
11.762,25.325,0.0,432.91,5.5,99.948,1.0,,3,-99.134,8,10,7,400,0.4225
10.494,15.506,0.0,894.39,5.5,99.662,0.8,,0,-98.211,9,10,2,344,0.4128
10.482,15.126,0.0,891.76,5.5,99.873,0.85,,0,-98.216,9,10,3,339,0.4189
10.605,15.147,0.0,838.74,5.5,99.937,0.9,,0,-98.323,9,10,3,297,0.4242
11.359,22.601,0.0,360.46,5.5,99.943,0.95,,2,-99.279,9,10,7,563,0.4085
11.762,25.325,0.0,432.91,5.5,99.948,1.0,,3,-99.134,9,10,7,400,0.4225
10.494,15.506,0.0,894.39,5.5,99.662,0.8,,0,-98.211,10,10,2,344,0.4128
10.482,15.126,0.0,891.76,5.5,99.873,0.85,,0,-98.216,10,10,3,339,0.4189
10.605,15.147,0.0,838.74,5.5,99.937,0.9,,0,-98.323,10,10,3,297,0.4242
11.359,22.601,0.0,360.46,5.5,99.943,0.95,,2,-99.279,10,10,7,563,0.4085
11.762,25.325,0.0,432.91,5.5,99.948,1.0,,3,-99.134,10,10,7,400,0.4225
12.441,19.294,0.0,11928.31,5.5,93.98,0.8,,2,-76.143,1,15,9,1957,0.396
12.462,20.385,0.0,33191.34,5.5,79.931,0.85,,4,-33.617,1,15,9,1282,0.3916
12.713,21.907,0.0,98295.8,5.5,67.516,0.9,,4,96.592,1,15,9,985,0.398
12.834,23.465,0.0,171804.99,5.5,71.529,0.95,,5,243.61,1,15,9,735,0.4014
13.472,26.129,0.0,268560.39,5.5,64.812,1.0,,6,437.121,1,15,9,524,0.4103
11.005,15.807,0.019,2385.65,5.5,98.479,0.8,,2,-95.229,2,15,7,1429,0.4024
12.127,19.845,0.0,2462.3,5.5,98.662,0.85,,3,-95.075,2,15,9,1194,0.3861
12.713,21.907,0.0,30045.54,5.5,93.546,0.9,,4,-39.909,2,15,9,985,0.398
12.834,23.465,0.0,125912.11,5.5,94.651,0.95,,4,151.824,2,15,9,735,0.4014
13.472,26.129,0.0,362107.77,5.5,90.235,1.0,,6,624.216,2,15,9,524,0.4103
10.512,14.66,0.0,1623.09,5.5,99.265,0.8,,0,-96.754,3,15,4,733,0.4079
10.949,16.569,0.0,1619.41,5.5,99.467,0.85,,2,-96.761,3,15,7,961,0.3954
12.526,21.473,0.0,1546.44,5.5,99.623,0.9,,4,-96.907,3,15,9,925,0.3924
12.834,23.465,0.0,22656.43,5.5,99.335,0.95,,4,-54.687,3,15,9,735,0.4014
13.472,26.129,0.0,151406.64,5.5,98.333,1.0,,6,202.813,3,15,9,524,0.4103
10.331,14.734,0.0,1214.64,5.5,99.543,0.8,,0,-97.571,4,15,3,605,0.4132
10.387,15.823,0.0,1082.34,5.5,99.759,0.85,,2,-97.835,4,15,5,698,0.4011
12.038,21.14,0.0,998.07,5.5,99.856,0.9,,3,-98.004,4,15,8,872,0.4014
12.648,23.326,0.0,644.49,5.5,99.901,0.95,,3,-98.711,4,15,9,693,0.3925
13.472,26.129,0.0,17026.33,5.5,99.833,1.0,,6,-65.947,4,15,9,524,0.4103
10.455,15.373,0.0,937.44,5.5,99.656,0.8,,0,-98.125,5,15,2,352,0.4091
10.491,15.235,0.0,952.66,5.5,99.846,0.85,,0,-98.095,5,15,3,400,0.4175
10.764,14.872,0.0,954.24,5.5,99.912,0.9,,1,-98.092,5,15,3,310,0.4194
12.166,23.411,0.0,631.1,5.5,99.884,0.95,,2,-98.738,5,15,8,649,0.4037
13.231,26.227,0.0,658.14,5.5,99.962,1.0,,3,-98.684,5,15,9,492,0.4024
10.494,15.506,0.0,894.39,5.5,99.662,0.8,,0,-98.211,6,15,2,344,0.4128
10.482,15.126,0.0,891.76,5.5,99.873,0.85,,0,-98.216,6,15,3,339,0.4189
10.605,15.147,0.0,838.74,5.5,99.937,0.9,,0,-98.323,6,15,3,297,0.4242
11.359,22.601,0.0,360.46,5.5,99.943,0.95,,2,-99.279,6,15,7,563,0.4085
11.762,25.325,0.0,432.91,5.5,99.948,1.0,,3,-99.134,6,15,7,400,0.4225
10.494,15.506,0.0,894.39,5.5,99.662,0.8,,0,-98.211,7,15,2,344,0.4128
10.482,15.126,0.0,891.76,5.5,99.873,0.85,,0,-98.216,7,15,3,339,0.4189
10.605,15.147,0.0,838.74,5.5,99.937,0.9,,0,-98.323,7,15,3,297,0.4242
11.359,22.601,0.0,360.46,5.5,99.943,0.95,,2,-99.279,7,15,7,563,0.4085
11.762,25.325,0.0,432.91,5.5,99.948,1.0,,3,-99.134,7,15,7,400,0.4225
10.494,15.506,0.0,894.39,5.5,99.662,0.8,,0,-98.211,8,15,2,344,0.4128
10.482,15.126,0.0,891.76,5.5,99.873,0.85,,0,-98.216,8,15,3,339,0.4189
10.605,15.147,0.0,838.74,5.5,99.937,0.9,,0,-98.323,8,15,3,297,0.4242
11.359,22.601,0.0,360.46,5.5,99.943,0.95,,2,-99.279,8,15,7,563,0.4085
11.762,25.325,0.0,432.91,5.5,99.948,1.0,,3,-99.134,8,15,7,400,0.4225
10.494,15.506,0.0,894.39,5.5,99.662,0.8,,0,-98.211,9,15,2,344,0.4128
10.482,15.126,0.0,891.76,5.5,99.873,0.85,,0,-98.216,9,15,3,339,0.4189
10.605,15.147,0.0,838.74,5.5,99.937,0.9,,0,-98.323,9,15,3,297,0.4242
11.359,22.601,0.0,360.46,5.5,99.943,0.95,,2,-99.279,9,15,7,563,0.4085
11.762,25.325,0.0,432.91,5.5,99.948,1.0,,3,-99.134,9,15,7,400,0.4225
10.494,15.506,0.0,894.39,5.5,99.662,0.8,,0,-98.211,10,15,2,344,0.4128
10.482,15.126,0.0,891.76,5.5,99.873,0.85,,0,-98.216,10,15,3,339,0.4189
10.605,15.147,0.0,838.74,5.5,99.937,0.9,,0,-98.323,10,15,3,297,0.4242
11.359,22.601,0.0,360.46,5.5,99.943,0.95,,2,-99.279,10,15,7,563,0.4085
11.762,25.325,0.0,432.91,5.5,99.948,1.0,,3,-99.134,10,15,7,400,0.4225
12.441,19.294,0.0,11928.31,5.5,93.98,0.8,,2,-76.143,1,20,9,1957,0.396
12.462,20.385,0.0,33191.34,5.5,79.931,0.85,,4,-33.617,1,20,9,1282,0.3916
12.713,21.907,0.0,98295.8,5.5,67.516,0.9,,4,96.592,1,20,9,985,0.398
12.834,23.465,0.0,171804.99,5.5,71.529,0.95,,5,243.61,1,20,9,735,0.4014
13.472,26.129,0.0,268560.39,5.5,64.812,1.0,,6,437.121,1,20,9,524,0.4103
11.005,15.807,0.019,2385.65,5.5,98.479,0.8,,2,-95.229,2,20,7,1429,0.4024
12.127,19.845,0.0,2462.3,5.5,98.662,0.85,,3,-95.075,2,20,9,1194,0.3861
12.713,21.907,0.0,30045.54,5.5,93.546,0.9,,4,-39.909,2,20,9,985,0.398
12.834,23.465,0.0,125912.11,5.5,94.651,0.95,,4,151.824,2,20,9,735,0.4014
13.472,26.129,0.0,362107.77,5.5,90.235,1.0,,6,624.216,2,20,9,524,0.4103
10.512,14.66,0.0,1623.09,5.5,99.265,0.8,,0,-96.754,3,20,4,733,0.4079
10.949,16.569,0.0,1619.41,5.5,99.467,0.85,,2,-96.761,3,20,7,961,0.3954
12.526,21.473,0.0,1546.44,5.5,99.623,0.9,,4,-96.907,3,20,9,925,0.3924
12.834,23.465,0.0,22656.43,5.5,99.335,0.95,,4,-54.687,3,20,9,735,0.4014
13.472,26.129,0.0,151406.64,5.5,98.333,1.0,,6,202.813,3,20,9,524,0.4103
10.331,14.734,0.0,1214.64,5.5,99.543,0.8,,0,-97.571,4,20,3,605,0.4132
10.387,15.823,0.0,1082.34,5.5,99.759,0.85,,2,-97.835,4,20,5,698,0.4011
12.038,21.14,0.0,998.07,5.5,99.856,0.9,,3,-98.004,4,20,8,872,0.4014
12.648,23.326,0.0,644.49,5.5,99.901,0.95,,3,-98.711,4,20,9,693,0.3925
13.472,26.129,0.0,17026.33,5.5,99.833,1.0,,6,-65.947,4,20,9,524,0.4103
10.455,15.373,0.0,937.44,5.5,99.656,0.8,,0,-98.125,5,20,2,352,0.4091
10.491,15.235,0.0,952.66,5.5,99.846,0.85,,0,-98.095,5,20,3,400,0.4175
10.764,14.872,0.0,954.24,5.5,99.912,0.9,,1,-98.092,5,20,3,310,0.4194
12.166,23.411,0.0,631.1,5.5,99.884,0.95,,2,-98.738,5,20,8,649,0.4037
13.231,26.227,0.0,658.14,5.5,99.962,1.0,,3,-98.684,5,20,9,492,0.4024
10.494,15.506,0.0,894.39,5.5,99.662,0.8,,0,-98.211,6,20,2,344,0.4128
10.482,15.126,0.0,891.76,5.5,99.873,0.85,,0,-98.216,6,20,3,339,0.4189
10.605,15.147,0.0,838.74,5.5,99.937,0.9,,0,-98.323,6,20,3,297,0.4242
11.359,22.601,0.0,360.46,5.5,99.943,0.95,,2,-99.279,6,20,7,563,0.4085
11.762,25.325,0.0,432.91,5.5,99.948,1.0,,3,-99.134,6,20,7,400,0.4225
10.494,15.506,0.0,894.39,5.5,99.662,0.8,,0,-98.211,7,20,2,344,0.4128
10.482,15.126,0.0,891.76,5.5,99.873,0.85,,0,-98.216,7,20,3,339,0.4189
10.605,15.147,0.0,838.74,5.5,99.937,0.9,,0,-98.323,7,20,3,297,0.4242
11.359,22.601,0.0,360.46,5.5,99.943,0.95,,2,-99.279,7,20,7,563,0.4085
11.762,25.325,0.0,432.91,5.5,99.948,1.0,,3,-99.134,7,20,7,400,0.4225
10.494,15.506,0.0,894.39,5.5,99.662,0.8,,0,-98.211,8,20,2,344,0.4128
10.482,15.126,0.0,891.76,5.5,99.873,0.85,,0,-98.216,8,20,3,339,0.4189
10.605,15.147,0.0,838.74,5.5,99.937,0.9,,0,-98.323,8,20,3,297,0.4242
11.359,22.601,0.0,360.46,5.5,99.943,0.95,,2,-99.279,8,20,7,563,0.4085
11.762,25.325,0.0,432.91,5.5,99.948,1.0,,3,-99.134,8,20,7,400,0.4225
10.494,15.506,0.0,894.39,5.5,99.662,0.8,,0,-98.211,9,20,2,344,0.4128
10.482,15.126,0.0,891.76,5.5,99.873,0.85,,0,-98.216,9,20,3,339,0.4189
10.605,15.147,0.0,838.74,5.5,99.937,0.9,,0,-98.323,9,20,3,297,0.4242
11.359,22.601,0.0,360.46,5.5,99.943,0.95,,2,-99.279,9,20,7,563,0.4085
11.762,25.325,0.0,432.91,5.5,99.948,1.0,,3,-99.134,9,20,7,400,0.4225
10.494,15.506,0.0,894.39,5.5,99.662,0.8,,0,-98.211,10,20,2,344,0.4128
10.482,15.126,0.0,891.76,5.5,99.873,0.85,,0,-98.216,10,20,3,339,0.4189
10.605,15.147,0.0,838.74,5.5,99.937,0.9,,0,-98.323,10,20,3,297,0.4242
11.359,22.601,0.0,360.46,5.5,99.943,0.95,,2,-99.279,10,20,7,563,0.4085
11.762,25.325,0.0,432.91,5.5,99.948,1.0,,3,-99.134,10,20,7,400,0.4225
12.441,19.294,0.0,11928.31,5.5,93.98,0.8,,2,-76.143,1,25,9,1957,0.396
12.462,20.385,0.0,33191.34,5.5,79.931,0.85,,4,-33.617,1,25,9,1282,0.3916
12.713,21.907,0.0,98295.8,5.5,67.516,0.9,,4,96.592,1,25,9,985,0.398
12.834,23.465,0.0,171804.99,5.5,71.529,0.95,,5,243.61,1,25,9,735,0.4014
13.472,26.129,0.0,268560.39,5.5,64.812,1.0,,6,437.121,1,25,9,524,0.4103
11.005,15.807,0.019,2385.65,5.5,98.479,0.8,,2,-95.229,2,25,7,1429,0.4024
12.127,19.845,0.0,2462.3,5.5,98.662,0.85,,3,-95.075,2,25,9,1194,0.3861
12.713,21.907,0.0,30045.54,5.5,93.546,0.9,,4,-39.909,2,25,9,985,0.398
12.834,23.465,0.0,125912.11,5.5,94.651,0.95,,4,151.824,2,25,9,735,0.4014
13.472,26.129,0.0,362107.77,5.5,90.235,1.0,,6,624.216,2,25,9,524,0.4103
10.512,14.66,0.0,1623.09,5.5,99.265,0.8,,0,-96.754,3,25,4,733,0.4079
10.949,16.569,0.0,1619.41,5.5,99.467,0.85,,2,-96.761,3,25,7,961,0.3954
12.526,21.473,0.0,1546.44,5.5,99.623,0.9,,4,-96.907,3,25,9,925,0.3924
12.834,23.465,0.0,22656.43,5.5,99.335,0.95,,4,-54.687,3,25,9,735,0.4014
13.472,26.129,0.0,151406.64,5.5,98.333,1.0,,6,202.813,3,25,9,524,0.4103
10.331,14.734,0.0,1214.64,5.5,99.543,0.8,,0,-97.571,4,25,3,605,0.4132
10.387,15.823,0.0,1082.34,5.5,99.759,0.85,,2,-97.835,4,25,5,698,0.4011
12.038,21.14,0.0,998.07,5.5,99.856,0.9,,3,-98.004,4,25,8,872,0.4014
12.648,23.326,0.0,644.49,5.5,99.901,0.95,,3,-98.711,4,25,9,693,0.3925
13.472,26.129,0.0,17026.33,5.5,99.833,1.0,,6,-65.947,4,25,9,524,0.4103
10.455,15.373,0.0,937.44,5.5,99.656,0.8,,0,-98.125,5,25,2,352,0.4091
10.491,15.235,0.0,952.66,5.5,99.846,0.85,,0,-98.095,5,25,3,400,0.4175
10.764,14.872,0.0,954.24,5.5,99.912,0.9,,1,-98.092,5,25,3,310,0.4194
12.166,23.411,0.0,631.1,5.5,99.884,0.95,,2,-98.738,5,25,8,649,0.4037
13.231,26.227,0.0,658.14,5.5,99.962,1.0,,3,-98.684,5,25,9,492,0.4024
10.494,15.506,0.0,894.39,5.5,99.662,0.8,,0,-98.211,6,25,2,344,0.4128
10.482,15.126,0.0,891.76,5.5,99.873,0.85,,0,-98.216,6,25,3,339,0.4189
10.605,15.147,0.0,838.74,5.5,99.937,0.9,,0,-98.323,6,25,3,297,0.4242
11.359,22.601,0.0,360.46,5.5,99.943,0.95,,2,-99.279,6,25,7,563,0.4085
11.762,25.325,0.0,432.91,5.5,99.948,1.0,,3,-99.134,6,25,7,400,0.4225
10.494,15.506,0.0,894.39,5.5,99.662,0.8,,0,-98.211,7,25,2,344,0.4128
10.482,15.126,0.0,891.76,5.5,99.873,0.85,,0,-98.216,7,25,3,339,0.4189
10.605,15.147,0.0,838.74,5.5,99.937,0.9,,0,-98.323,7,25,3,297,0.4242
11.359,22.601,0.0,360.46,5.5,99.943,0.95,,2,-99.279,7,25,7,563,0.4085
11.762,25.325,0.0,432.91,5.5,99.948,1.0,,3,-99.134,7,25,7,400,0.4225
10.494,15.506,0.0,894.39,5.5,99.662,0.8,,0,-98.211,8,25,2,344,0.4128
10.482,15.126,0.0,891.76,5.5,99.873,0.85,,0,-98.216,8,25,3,339,0.4189
10.605,15.147,0.0,838.74,5.5,99.937,0.9,,0,-98.323,8,25,3,297,0.4242
11.359,22.601,0.0,360.46,5.5,99.943,0.95,,2,-99.279,8,25,7,563,0.4085
11.762,25.325,0.0,432.91,5.5,99.948,1.0,,3,-99.134,8,25,7,400,0.4225
10.494,15.506,0.0,894.39,5.5,99.662,0.8,,0,-98.211,9,25,2,344,0.4128
10.482,15.126,0.0,891.76,5.5,99.873,0.85,,0,-98.216,9,25,3,339,0.4189
10.605,15.147,0.0,838.74,5.5,99.937,0.9,,0,-98.323,9,25,3,297,0.4242
11.359,22.601,0.0,360.46,5.5,99.943,0.95,,2,-99.279,9,25,7,563,0.4085
11.762,25.325,0.0,432.91,5.5,99.948,1.0,,3,-99.134,9,25,7,400,0.4225
10.494,15.506,0.0,894.39,5.5,99.662,0.8,,0,-98.211,10,25,2,344,0.4128
10.482,15.126,0.0,891.76,5.5,99.873,0.85,,0,-98.216,10,25,3,339,0.4189
10.605,15.147,0.0,838.74,5.5,99.937,0.9,,0,-98.323,10,25,3,297,0.4242
11.359,22.601,0.0,360.46,5.5,99.943,0.95,,2,-99.279,10,25,7,563,0.4085
11.762,25.325,0.0,432.91,5.5,99.948,1.0,,3,-99.134,10,25,7,400,0.4225
12.441,19.294,0.0,11928.31,5.5,93.98,0.8,,2,-76.143,1,30,9,1957,0.396
12.462,20.385,0.0,33191.34,5.5,79.931,0.85,,4,-33.617,1,30,9,1282,0.3916
12.713,21.907,0.0,98295.8,5.5,67.516,0.9,,4,96.592,1,30,9,985,0.398
12.834,23.465,0.0,171804.99,5.5,71.529,0.95,,5,243.61,1,30,9,735,0.4014
13.472,26.129,0.0,268560.39,5.5,64.812,1.0,,6,437.121,1,30,9,524,0.4103
11.005,15.807,0.019,2385.65,5.5,98.479,0.8,,2,-95.229,2,30,7,1429,0.4024
12.127,19.845,0.0,2462.3,5.5,98.662,0.85,,3,-95.075,2,30,9,1194,0.3861
12.713,21.907,0.0,30045.54,5.5,93.546,0.9,,4,-39.909,2,30,9,985,0.398
12.834,23.465,0.0,125912.11,5.5,94.651,0.95,,4,151.824,2,30,9,735,0.4014
13.472,26.129,0.0,362107.77,5.5,90.235,1.0,,6,624.216,2,30,9,524,0.4103
10.512,14.66,0.0,1623.09,5.5,99.265,0.8,,0,-96.754,3,30,4,733,0.4079
10.949,16.569,0.0,1619.41,5.5,99.467,0.85,,2,-96.761,3,30,7,961,0.3954
12.526,21.473,0.0,1546.44,5.5,99.623,0.9,,4,-96.907,3,30,9,925,0.3924
12.834,23.465,0.0,22656.43,5.5,99.335,0.95,,4,-54.687,3,30,9,735,0.4014
13.472,26.129,0.0,151406.64,5.5,98.333,1.0,,6,202.813,3,30,9,524,0.4103
10.331,14.734,0.0,1214.64,5.5,99.543,0.8,,0,-97.571,4,30,3,605,0.4132
10.387,15.823,0.0,1082.34,5.5,99.759,0.85,,2,-97.835,4,30,5,698,0.4011
12.038,21.14,0.0,998.07,5.5,99.856,0.9,,3,-98.004,4,30,8,872,0.4014
12.648,23.326,0.0,644.49,5.5,99.901,0.95,,3,-98.711,4,30,9,693,0.3925
13.472,26.129,0.0,17026.33,5.5,99.833,1.0,,6,-65.947,4,30,9,524,0.4103
10.455,15.373,0.0,937.44,5.5,99.656,0.8,,0,-98.125,5,30,2,352,0.4091
10.491,15.235,0.0,952.66,5.5,99.846,0.85,,0,-98.095,5,30,3,400,0.4175
10.764,14.872,0.0,954.24,5.5,99.912,0.9,,1,-98.092,5,30,3,310,0.4194
12.166,23.411,0.0,631.1,5.5,99.884,0.95,,2,-98.738,5,30,8,649,0.4037
13.231,26.227,0.0,658.14,5.5,99.962,1.0,,3,-98.684,5,30,9,492,0.4024
10.494,15.506,0.0,894.39,5.5,99.662,0.8,,0,-98.211,6,30,2,344,0.4128
10.482,15.126,0.0,891.76,5.5,99.873,0.85,,0,-98.216,6,30,3,339,0.4189
10.605,15.147,0.0,838.74,5.5,99.937,0.9,,0,-98.323,6,30,3,297,0.4242
11.359,22.601,0.0,360.46,5.5,99.943,0.95,,2,-99.279,6,30,7,563,0.4085
11.762,25.325,0.0,432.91,5.5,99.948,1.0,,3,-99.134,6,30,7,400,0.4225
10.494,15.506,0.0,894.39,5.5,99.662,0.8,,0,-98.211,7,30,2,344,0.4128
10.482,15.126,0.0,891.76,5.5,99.873,0.85,,0,-98.216,7,30,3,339,0.4189
10.605,15.147,0.0,838.74,5.5,99.937,0.9,,0,-98.323,7,30,3,297,0.4242
11.359,22.601,0.0,360.46,5.5,99.943,0.95,,2,-99.279,7,30,7,563,0.4085
11.762,25.325,0.0,432.91,5.5,99.948,1.0,,3,-99.134,7,30,7,400,0.4225
10.494,15.506,0.0,894.39,5.5,99.662,0.8,,0,-98.211,8,30,2,344,0.4128
10.482,15.126,0.0,891.76,5.5,99.873,0.85,,0,-98.216,8,30,3,339,0.4189
10.605,15.147,0.0,838.74,5.5,99.937,0.9,,0,-98.323,8,30,3,297,0.4242
11.359,22.601,0.0,360.46,5.5,99.943,0.95,,2,-99.279,8,30,7,563,0.4085
11.762,25.325,0.0,432.91,5.5,99.948,1.0,,3,-99.134,8,30,7,400,0.4225
10.494,15.506,0.0,894.39,5.5,99.662,0.8,,0,-98.211,9,30,2,344,0.4128
10.482,15.126,0.0,891.76,5.5,99.873,0.85,,0,-98.216,9,30,3,339,0.4189
10.605,15.147,0.0,838.74,5.5,99.937,0.9,,0,-98.323,9,30,3,297,0.4242
11.359,22.601,0.0,360.46,5.5,99.943,0.95,,2,-99.279,9,30,7,563,0.4085
11.762,25.325,0.0,432.91,5.5,99.948,1.0,,3,-99.134,9,30,7,400,0.4225
10.494,15.506,0.0,894.39,5.5,99.662,0.8,,0,-98.211,10,30,2,344,0.4128
10.482,15.126,0.0,891.76,5.5,99.873,0.85,,0,-98.216,10,30,3,339,0.4189
10.605,15.147,0.0,838.74,5.5,99.937,0.9,,0,-98.323,10,30,3,297,0.4242
11.359,22.601,0.0,360.46,5.5,99.943,0.95,,2,-99.279,10,30,7,563,0.4085
11.762,25.325,0.0,432.91,5.5,99.948,1.0,,3,-99.134,10,30,7,400,0.4225
12.441,19.294,0.0,11928.31,5.5,93.98,0.8,,2,-76.143,1,35,9,1957,0.396
12.462,20.385,0.0,33191.34,5.5,79.931,0.85,,4,-33.617,1,35,9,1282,0.3916
12.713,21.907,0.0,98295.8,5.5,67.516,0.9,,4,96.592,1,35,9,985,0.398
12.834,23.465,0.0,171804.99,5.5,71.529,0.95,,5,243.61,1,35,9,735,0.4014
13.472,26.129,0.0,268560.39,5.5,64.812,1.0,,6,437.121,1,35,9,524,0.4103
11.005,15.807,0.019,2385.65,5.5,98.479,0.8,,2,-95.229,2,35,7,1429,0.4024
12.127,19.845,0.0,2462.3,5.5,98.662,0.85,,3,-95.075,2,35,9,1194,0.3861
12.713,21.907,0.0,30045.54,5.5,93.546,0.9,,4,-39.909,2,35,9,985,0.398
12.834,23.465,0.0,125912.11,5.5,94.651,0.95,,4,151.824,2,35,9,735,0.4014
13.472,26.129,0.0,362107.77,5.5,90.235,1.0,,6,624.216,2,35,9,524,0.4103
10.512,14.66,0.0,1623.09,5.5,99.265,0.8,,0,-96.754,3,35,4,733,0.4079
10.949,16.569,0.0,1619.41,5.5,99.467,0.85,,2,-96.761,3,35,7,961,0.3954
12.526,21.473,0.0,1546.44,5.5,99.623,0.9,,4,-96.907,3,35,9,925,0.3924
12.834,23.465,0.0,22656.43,5.5,99.335,0.95,,4,-54.687,3,35,9,735,0.4014
13.472,26.129,0.0,151406.64,5.5,98.333,1.0,,6,202.813,3,35,9,524,0.4103
10.331,14.734,0.0,1214.64,5.5,99.543,0.8,,0,-97.571,4,35,3,605,0.4132
10.387,15.823,0.0,1082.34,5.5,99.759,0.85,,2,-97.835,4,35,5,698,0.4011
12.038,21.14,0.0,998.07,5.5,99.856,0.9,,3,-98.004,4,35,8,872,0.4014
12.648,23.326,0.0,644.49,5.5,99.901,0.95,,3,-98.711,4,35,9,693,0.3925
13.472,26.129,0.0,17026.33,5.5,99.833,1.0,,6,-65.947,4,35,9,524,0.4103
10.455,15.373,0.0,937.44,5.5,99.656,0.8,,0,-98.125,5,35,2,352,0.4091
10.491,15.235,0.0,952.66,5.5,99.846,0.85,,0,-98.095,5,35,3,400,0.4175
10.764,14.872,0.0,954.24,5.5,99.912,0.9,,1,-98.092,5,35,3,310,0.4194
12.166,23.411,0.0,631.1,5.5,99.884,0.95,,2,-98.738,5,35,8,649,0.4037
13.231,26.227,0.0,658.14,5.5,99.962,1.0,,3,-98.684,5,35,9,492,0.4024
10.494,15.506,0.0,894.39,5.5,99.662,0.8,,0,-98.211,6,35,2,344,0.4128
10.482,15.126,0.0,891.76,5.5,99.873,0.85,,0,-98.216,6,35,3,339,0.4189
10.605,15.147,0.0,838.74,5.5,99.937,0.9,,0,-98.323,6,35,3,297,0.4242
11.359,22.601,0.0,360.46,5.5,99.943,0.95,,2,-99.279,6,35,7,563,0.4085
11.762,25.325,0.0,432.91,5.5,99.948,1.0,,3,-99.134,6,35,7,400,0.4225
10.494,15.506,0.0,894.39,5.5,99.662,0.8,,0,-98.211,7,35,2,344,0.4128
10.482,15.126,0.0,891.76,5.5,99.873,0.85,,0,-98.216,7,35,3,339,0.4189
10.605,15.147,0.0,838.74,5.5,99.937,0.9,,0,-98.323,7,35,3,297,0.4242
11.359,22.601,0.0,360.46,5.5,99.943,0.95,,2,-99.279,7,35,7,563,0.4085
11.762,25.325,0.0,432.91,5.5,99.948,1.0,,3,-99.134,7,35,7,400,0.4225
10.494,15.506,0.0,894.39,5.5,99.662,0.8,,0,-98.211,8,35,2,344,0.4128
10.482,15.126,0.0,891.76,5.5,99.873,0.85,,0,-98.216,8,35,3,339,0.4189
10.605,15.147,0.0,838.74,5.5,99.937,0.9,,0,-98.323,8,35,3,297,0.4242
11.359,22.601,0.0,360.46,5.5,99.943,0.95,,2,-99.279,8,35,7,563,0.4085
11.762,25.325,0.0,432.91,5.5,99.948,1.0,,3,-99.134,8,35,7,400,0.4225
10.494,15.506,0.0,894.39,5.5,99.662,0.8,,0,-98.211,9,35,2,344,0.4128
10.482,15.126,0.0,891.76,5.5,99.873,0.85,,0,-98.216,9,35,3,339,0.4189
10.605,15.147,0.0,838.74,5.5,99.937,0.9,,0,-98.323,9,35,3,297,0.4242
11.359,22.601,0.0,360.46,5.5,99.943,0.95,,2,-99.279,9,35,7,563,0.4085
11.762,25.325,0.0,432.91,5.5,99.948,1.0,,3,-99.134,9,35,7,400,0.4225
10.494,15.506,0.0,894.39,5.5,99.662,0.8,,0,-98.211,10,35,2,344,0.4128
10.482,15.126,0.0,891.76,5.5,99.873,0.85,,0,-98.216,10,35,3,339,0.4189
10.605,15.147,0.0,838.74,5.5,99.937,0.9,,0,-98.323,10,35,3,297,0.4242
11.359,22.601,0.0,360.46,5.5,99.943,0.95,,2,-99.279,10,35,7,563,0.4085
11.762,25.325,0.0,432.91,5.5,99.948,1.0,,3,-99.134,10,35,7,400,0.4225
12.441,19.294,0.0,11928.31,5.5,93.98,0.8,,2,-76.143,1,40,9,1957,0.396
12.462,20.385,0.0,33191.34,5.5,79.931,0.85,,4,-33.617,1,40,9,1282,0.3916
12.713,21.907,0.0,98295.8,5.5,67.516,0.9,,4,96.592,1,40,9,985,0.398
12.834,23.465,0.0,171804.99,5.5,71.529,0.95,,5,243.61,1,40,9,735,0.4014
13.472,26.129,0.0,268560.39,5.5,64.812,1.0,,6,437.121,1,40,9,524,0.4103
11.005,15.807,0.019,2385.65,5.5,98.479,0.8,,2,-95.229,2,40,7,1429,0.4024
12.127,19.845,0.0,2462.3,5.5,98.662,0.85,,3,-95.075,2,40,9,1194,0.3861
12.713,21.907,0.0,30045.54,5.5,93.546,0.9,,4,-39.909,2,40,9,985,0.398
12.834,23.465,0.0,125912.11,5.5,94.651,0.95,,4,151.824,2,40,9,735,0.4014
13.472,26.129,0.0,362107.77,5.5,90.235,1.0,,6,624.216,2,40,9,524,0.4103
10.512,14.66,0.0,1623.09,5.5,99.265,0.8,,0,-96.754,3,40,4,733,0.4079
10.949,16.569,0.0,1619.41,5.5,99.467,0.85,,2,-96.761,3,40,7,961,0.3954
12.526,21.473,0.0,1546.44,5.5,99.623,0.9,,4,-96.907,3,40,9,925,0.3924
12.834,23.465,0.0,22656.43,5.5,99.335,0.95,,4,-54.687,3,40,9,735,0.4014
13.472,26.129,0.0,151406.64,5.5,98.333,1.0,,6,202.813,3,40,9,524,0.4103
10.331,14.734,0.0,1214.64,5.5,99.543,0.8,,0,-97.571,4,40,3,605,0.4132
10.387,15.823,0.0,1082.34,5.5,99.759,0.85,,2,-97.835,4,40,5,698,0.4011
12.038,21.14,0.0,998.07,5.5,99.856,0.9,,3,-98.004,4,40,8,872,0.4014
12.648,23.326,0.0,644.49,5.5,99.901,0.95,,3,-98.711,4,40,9,693,0.3925
13.472,26.129,0.0,17026.33,5.5,99.833,1.0,,6,-65.947,4,40,9,524,0.4103
10.455,15.373,0.0,937.44,5.5,99.656,0.8,,0,-98.125,5,40,2,352,0.4091
10.491,15.235,0.0,952.66,5.5,99.846,0.85,,0,-98.095,5,40,3,400,0.4175
10.764,14.872,0.0,954.24,5.5,99.912,0.9,,1,-98.092,5,40,3,310,0.4194
12.166,23.411,0.0,631.1,5.5,99.884,0.95,,2,-98.738,5,40,8,649,0.4037
13.231,26.227,0.0,658.14,5.5,99.962,1.0,,3,-98.684,5,40,9,492,0.4024
10.494,15.506,0.0,894.39,5.5,99.662,0.8,,0,-98.211,6,40,2,344,0.4128
10.482,15.126,0.0,891.76,5.5,99.873,0.85,,0,-98.216,6,40,3,339,0.4189
10.605,15.147,0.0,838.74,5.5,99.937,0.9,,0,-98.323,6,40,3,297,0.4242
11.359,22.601,0.0,360.46,5.5,99.943,0.95,,2,-99.279,6,40,7,563,0.4085
11.762,25.325,0.0,432.91,5.5,99.948,1.0,,3,-99.134,6,40,7,400,0.4225
10.494,15.506,0.0,894.39,5.5,99.662,0.8,,0,-98.211,7,40,2,344,0.4128
10.482,15.126,0.0,891.76,5.5,99.873,0.85,,0,-98.216,7,40,3,339,0.4189
10.605,15.147,0.0,838.74,5.5,99.937,0.9,,0,-98.323,7,40,3,297,0.4242
11.359,22.601,0.0,360.46,5.5,99.943,0.95,,2,-99.279,7,40,7,563,0.4085
11.762,25.325,0.0,432.91,5.5,99.948,1.0,,3,-99.134,7,40,7,400,0.4225
10.494,15.506,0.0,894.39,5.5,99.662,0.8,,0,-98.211,8,40,2,344,0.4128
10.482,15.126,0.0,891.76,5.5,99.873,0.85,,0,-98.216,8,40,3,339,0.4189
10.605,15.147,0.0,838.74,5.5,99.937,0.9,,0,-98.323,8,40,3,297,0.4242
11.359,22.601,0.0,360.46,5.5,99.943,0.95,,2,-99.279,8,40,7,563,0.4085
11.762,25.325,0.0,432.91,5.5,99.948,1.0,,3,-99.134,8,40,7,400,0.4225
10.494,15.506,0.0,894.39,5.5,99.662,0.8,,0,-98.211,9,40,2,344,0.4128
10.482,15.126,0.0,891.76,5.5,99.873,0.85,,0,-98.216,9,40,3,339,0.4189
10.605,15.147,0.0,838.74,5.5,99.937,0.9,,0,-98.323,9,40,3,297,0.4242
11.359,22.601,0.0,360.46,5.5,99.943,0.95,,2,-99.279,9,40,7,563,0.4085
11.762,25.325,0.0,432.91,5.5,99.948,1.0,,3,-99.134,9,40,7,400,0.4225
10.494,15.506,0.0,894.39,5.5,99.662,0.8,,0,-98.211,10,40,2,344,0.4128
10.482,15.126,0.0,891.76,5.5,99.873,0.85,,0,-98.216,10,40,3,339,0.4189
10.605,15.147,0.0,838.74,5.5,99.937,0.9,,0,-98.323,10,40,3,297,0.4242
11.359,22.601,0.0,360.46,5.5,99.943,0.95,,2,-99.279,10,40,7,563,0.4085
11.762,25.325,0.0,432.91,5.5,99.948,1.0,,3,-99.134,10,40,7,400,0.4225
12.441,19.294,0.0,11928.31,5.5,93.98,0.8,,2,-76.143,1,45,9,1957,0.396
12.462,20.385,0.0,33191.34,5.5,79.931,0.85,,4,-33.617,1,45,9,1282,0.3916
12.713,21.907,0.0,98295.8,5.5,67.516,0.9,,4,96.592,1,45,9,985,0.398
12.834,23.465,0.0,171804.99,5.5,71.529,0.95,,5,243.61,1,45,9,735,0.4014
13.472,26.129,0.0,268560.39,5.5,64.812,1.0,,6,437.121,1,45,9,524,0.4103
11.005,15.807,0.019,2385.65,5.5,98.479,0.8,,2,-95.229,2,45,7,1429,0.4024
12.127,19.845,0.0,2462.3,5.5,98.662,0.85,,3,-95.075,2,45,9,1194,0.3861
12.713,21.907,0.0,30045.54,5.5,93.546,0.9,,4,-39.909,2,45,9,985,0.398
12.834,23.465,0.0,125912.11,5.5,94.651,0.95,,4,151.824,2,45,9,735,0.4014
13.472,26.129,0.0,362107.77,5.5,90.235,1.0,,6,624.216,2,45,9,524,0.4103
10.512,14.66,0.0,1623.09,5.5,99.265,0.8,,0,-96.754,3,45,4,733,0.4079
10.949,16.569,0.0,1619.41,5.5,99.467,0.85,,2,-96.761,3,45,7,961,0.3954
12.526,21.473,0.0,1546.44,5.5,99.623,0.9,,4,-96.907,3,45,9,925,0.3924
12.834,23.465,0.0,22656.43,5.5,99.335,0.95,,4,-54.687,3,45,9,735,0.4014
13.472,26.129,0.0,151406.64,5.5,98.333,1.0,,6,202.813,3,45,9,524,0.4103
10.331,14.734,0.0,1214.64,5.5,99.543,0.8,,0,-97.571,4,45,3,605,0.4132
10.387,15.823,0.0,1082.34,5.5,99.759,0.85,,2,-97.835,4,45,5,698,0.4011
12.038,21.14,0.0,998.07,5.5,99.856,0.9,,3,-98.004,4,45,8,872,0.4014
12.648,23.326,0.0,644.49,5.5,99.901,0.95,,3,-98.711,4,45,9,693,0.3925
13.472,26.129,0.0,17026.33,5.5,99.833,1.0,,6,-65.947,4,45,9,524,0.4103
10.455,15.373,0.0,937.44,5.5,99.656,0.8,,0,-98.125,5,45,2,352,0.4091
10.491,15.235,0.0,952.66,5.5,99.846,0.85,,0,-98.095,5,45,3,400,0.4175
10.764,14.872,0.0,954.24,5.5,99.912,0.9,,1,-98.092,5,45,3,310,0.4194
12.166,23.411,0.0,631.1,5.5,99.884,0.95,,2,-98.738,5,45,8,649,0.4037
13.231,26.227,0.0,658.14,5.5,99.962,1.0,,3,-98.684,5,45,9,492,0.4024
10.494,15.506,0.0,894.39,5.5,99.662,0.8,,0,-98.211,6,45,2,344,0.4128
10.482,15.126,0.0,891.76,5.5,99.873,0.85,,0,-98.216,6,45,3,339,0.4189
10.605,15.147,0.0,838.74,5.5,99.937,0.9,,0,-98.323,6,45,3,297,0.4242
11.359,22.601,0.0,360.46,5.5,99.943,0.95,,2,-99.279,6,45,7,563,0.4085
11.762,25.325,0.0,432.91,5.5,99.948,1.0,,3,-99.134,6,45,7,400,0.4225
10.494,15.506,0.0,894.39,5.5,99.662,0.8,,0,-98.211,7,45,2,344,0.4128
10.482,15.126,0.0,891.76,5.5,99.873,0.85,,0,-98.216,7,45,3,339,0.4189
10.605,15.147,0.0,838.74,5.5,99.937,0.9,,0,-98.323,7,45,3,297,0.4242
11.359,22.601,0.0,360.46,5.5,99.943,0.95,,2,-99.279,7,45,7,563,0.4085
11.762,25.325,0.0,432.91,5.5,99.948,1.0,,3,-99.134,7,45,7,400,0.4225
10.494,15.506,0.0,894.39,5.5,99.662,0.8,,0,-98.211,8,45,2,344,0.4128
10.482,15.126,0.0,891.76,5.5,99.873,0.85,,0,-98.216,8,45,3,339,0.4189
10.605,15.147,0.0,838.74,5.5,99.937,0.9,,0,-98.323,8,45,3,297,0.4242
11.359,22.601,0.0,360.46,5.5,99.943,0.95,,2,-99.279,8,45,7,563,0.4085
11.762,25.325,0.0,432.91,5.5,99.948,1.0,,3,-99.134,8,45,7,400,0.4225
10.494,15.506,0.0,894.39,5.5,99.662,0.8,,0,-98.211,9,45,2,344,0.4128
10.482,15.126,0.0,891.76,5.5,99.873,0.85,,0,-98.216,9,45,3,339,0.4189
10.605,15.147,0.0,838.74,5.5,99.937,0.9,,0,-98.323,9,45,3,297,0.4242
11.359,22.601,0.0,360.46,5.5,99.943,0.95,,2,-99.279,9,45,7,563,0.4085
11.762,25.325,0.0,432.91,5.5,99.948,1.0,,3,-99.134,9,45,7,400,0.4225
10.494,15.506,0.0,894.39,5.5,99.662,0.8,,0,-98.211,10,45,2,344,0.4128
10.482,15.126,0.0,891.76,5.5,99.873,0.85,,0,-98.216,10,45,3,339,0.4189
10.605,15.147,0.0,838.74,5.5,99.937,0.9,,0,-98.323,10,45,3,297,0.4242
11.359,22.601,0.0,360.46,5.5,99.943,0.95,,2,-99.279,10,45,7,563,0.4085
11.762,25.325,0.0,432.91,5.5,99.948,1.0,,3,-99.134,10,45,7,400,0.4225
12.441,19.294,0.0,11928.31,5.5,93.98,0.8,,2,-76.143,1,50,9,1957,0.396
12.462,20.385,0.0,33191.34,5.5,79.931,0.85,,4,-33.617,1,50,9,1282,0.3916
12.713,21.907,0.0,98295.8,5.5,67.516,0.9,,4,96.592,1,50,9,985,0.398
12.834,23.465,0.0,171804.99,5.5,71.529,0.95,,5,243.61,1,50,9,735,0.4014
13.472,26.129,0.0,268560.39,5.5,64.812,1.0,,6,437.121,1,50,9,524,0.4103
11.005,15.807,0.019,2385.65,5.5,98.479,0.8,,2,-95.229,2,50,7,1429,0.4024
12.127,19.845,0.0,2462.3,5.5,98.662,0.85,,3,-95.075,2,50,9,1194,0.3861
12.713,21.907,0.0,30045.54,5.5,93.546,0.9,,4,-39.909,2,50,9,985,0.398
12.834,23.465,0.0,125912.11,5.5,94.651,0.95,,4,151.824,2,50,9,735,0.4014
13.472,26.129,0.0,362107.77,5.5,90.235,1.0,,6,624.216,2,50,9,524,0.4103
10.512,14.66,0.0,1623.09,5.5,99.265,0.8,,0,-96.754,3,50,4,733,0.4079
10.949,16.569,0.0,1619.41,5.5,99.467,0.85,,2,-96.761,3,50,7,961,0.3954
12.526,21.473,0.0,1546.44,5.5,99.623,0.9,,4,-96.907,3,50,9,925,0.3924
12.834,23.465,0.0,22656.43,5.5,99.335,0.95,,4,-54.687,3,50,9,735,0.4014
13.472,26.129,0.0,151406.64,5.5,98.333,1.0,,6,202.813,3,50,9,524,0.4103
10.331,14.734,0.0,1214.64,5.5,99.543,0.8,,0,-97.571,4,50,3,605,0.4132
10.387,15.823,0.0,1082.34,5.5,99.759,0.85,,2,-97.835,4,50,5,698,0.4011
12.038,21.14,0.0,998.07,5.5,99.856,0.9,,3,-98.004,4,50,8,872,0.4014
12.648,23.326,0.0,644.49,5.5,99.901,0.95,,3,-98.711,4,50,9,693,0.3925
13.472,26.129,0.0,17026.33,5.5,99.833,1.0,,6,-65.947,4,50,9,524,0.4103
10.455,15.373,0.0,937.44,5.5,99.656,0.8,,0,-98.125,5,50,2,352,0.4091
10.491,15.235,0.0,952.66,5.5,99.846,0.85,,0,-98.095,5,50,3,400,0.4175
10.764,14.872,0.0,954.24,5.5,99.912,0.9,,1,-98.092,5,50,3,310,0.4194
12.166,23.411,0.0,631.1,5.5,99.884,0.95,,2,-98.738,5,50,8,649,0.4037
13.231,26.227,0.0,658.14,5.5,99.962,1.0,,3,-98.684,5,50,9,492,0.4024
10.494,15.506,0.0,894.39,5.5,99.662,0.8,,0,-98.211,6,50,2,344,0.4128
10.482,15.126,0.0,891.76,5.5,99.873,0.85,,0,-98.216,6,50,3,339,0.4189
10.605,15.147,0.0,838.74,5.5,99.937,0.9,,0,-98.323,6,50,3,297,0.4242
11.359,22.601,0.0,360.46,5.5,99.943,0.95,,2,-99.279,6,50,7,563,0.4085
11.762,25.325,0.0,432.91,5.5,99.948,1.0,,3,-99.134,6,50,7,400,0.4225
10.494,15.506,0.0,894.39,5.5,99.662,0.8,,0,-98.211,7,50,2,344,0.4128
10.482,15.126,0.0,891.76,5.5,99.873,0.85,,0,-98.216,7,50,3,339,0.4189
10.605,15.147,0.0,838.74,5.5,99.937,0.9,,0,-98.323,7,50,3,297,0.4242
11.359,22.601,0.0,360.46,5.5,99.943,0.95,,2,-99.279,7,50,7,563,0.4085
11.762,25.325,0.0,432.91,5.5,99.948,1.0,,3,-99.134,7,50,7,400,0.4225
10.494,15.506,0.0,894.39,5.5,99.662,0.8,,0,-98.211,8,50,2,344,0.4128
10.482,15.126,0.0,891.76,5.5,99.873,0.85,,0,-98.216,8,50,3,339,0.4189
10.605,15.147,0.0,838.74,5.5,99.937,0.9,,0,-98.323,8,50,3,297,0.4242
11.359,22.601,0.0,360.46,5.5,99.943,0.95,,2,-99.279,8,50,7,563,0.4085
11.762,25.325,0.0,432.91,5.5,99.948,1.0,,3,-99.134,8,50,7,400,0.4225
10.494,15.506,0.0,894.39,5.5,99.662,0.8,,0,-98.211,9,50,2,344,0.4128
10.482,15.126,0.0,891.76,5.5,99.873,0.85,,0,-98.216,9,50,3,339,0.4189
10.605,15.147,0.0,838.74,5.5,99.937,0.9,,0,-98.323,9,50,3,297,0.4242
11.359,22.601,0.0,360.46,5.5,99.943,0.95,,2,-99.279,9,50,7,563,0.4085
11.762,25.325,0.0,432.91,5.5,99.948,1.0,,3,-99.134,9,50,7,400,0.4225
10.494,15.506,0.0,894.39,5.5,99.662,0.8,,0,-98.211,10,50,2,344,0.4128
10.482,15.126,0.0,891.76,5.5,99.873,0.85,,0,-98.216,10,50,3,339,0.4189
10.605,15.147,0.0,838.74,5.5,99.937,0.9,,0,-98.323,10,50,3,297,0.4242
11.359,22.601,0.0,360.46,5.5,99.943,0.95,,2,-99.279,10,50,7,563,0.4085
11.762,25.325,0.0,432.91,5.5,99.948,1.0,,3,-99.134,10,50,7,400,0.4225
12.441,19.294,0.0,11928.31,5.5,93.98,0.8,,2,-76.143,1,55,9,1957,0.396
12.462,20.385,0.0,33191.34,5.5,79.931,0.85,,4,-33.617,1,55,9,1282,0.3916
12.713,21.907,0.0,98295.8,5.5,67.516,0.9,,4,96.592,1,55,9,985,0.398
12.834,23.465,0.0,171804.99,5.5,71.529,0.95,,5,243.61,1,55,9,735,0.4014
13.472,26.129,0.0,268560.39,5.5,64.812,1.0,,6,437.121,1,55,9,524,0.4103
11.005,15.807,0.019,2385.65,5.5,98.479,0.8,,2,-95.229,2,55,7,1429,0.4024
12.127,19.845,0.0,2462.3,5.5,98.662,0.85,,3,-95.075,2,55,9,1194,0.3861
12.713,21.907,0.0,30045.54,5.5,93.546,0.9,,4,-39.909,2,55,9,985,0.398
12.834,23.465,0.0,125912.11,5.5,94.651,0.95,,4,151.824,2,55,9,735,0.4014
13.472,26.129,0.0,362107.77,5.5,90.235,1.0,,6,624.216,2,55,9,524,0.4103
10.512,14.66,0.0,1623.09,5.5,99.265,0.8,,0,-96.754,3,55,4,733,0.4079
10.949,16.569,0.0,1619.41,5.5,99.467,0.85,,2,-96.761,3,55,7,961,0.3954
12.526,21.473,0.0,1546.44,5.5,99.623,0.9,,4,-96.907,3,55,9,925,0.3924
12.834,23.465,0.0,22656.43,5.5,99.335,0.95,,4,-54.687,3,55,9,735,0.4014
13.472,26.129,0.0,151406.64,5.5,98.333,1.0,,6,202.813,3,55,9,524,0.4103
10.331,14.734,0.0,1214.64,5.5,99.543,0.8,,0,-97.571,4,55,3,605,0.4132
10.387,15.823,0.0,1082.34,5.5,99.759,0.85,,2,-97.835,4,55,5,698,0.4011
12.038,21.14,0.0,998.07,5.5,99.856,0.9,,3,-98.004,4,55,8,872,0.4014
12.648,23.326,0.0,644.49,5.5,99.901,0.95,,3,-98.711,4,55,9,693,0.3925
13.472,26.129,0.0,17026.33,5.5,99.833,1.0,,6,-65.947,4,55,9,524,0.4103
10.455,15.373,0.0,937.44,5.5,99.656,0.8,,0,-98.125,5,55,2,352,0.4091
10.491,15.235,0.0,952.66,5.5,99.846,0.85,,0,-98.095,5,55,3,400,0.4175
10.764,14.872,0.0,954.24,5.5,99.912,0.9,,1,-98.092,5,55,3,310,0.4194
12.166,23.411,0.0,631.1,5.5,99.884,0.95,,2,-98.738,5,55,8,649,0.4037
13.231,26.227,0.0,658.14,5.5,99.962,1.0,,3,-98.684,5,55,9,492,0.4024
10.494,15.506,0.0,894.39,5.5,99.662,0.8,,0,-98.211,6,55,2,344,0.4128
10.482,15.126,0.0,891.76,5.5,99.873,0.85,,0,-98.216,6,55,3,339,0.4189
10.605,15.147,0.0,838.74,5.5,99.937,0.9,,0,-98.323,6,55,3,297,0.4242
11.359,22.601,0.0,360.46,5.5,99.943,0.95,,2,-99.279,6,55,7,563,0.4085
11.762,25.325,0.0,432.91,5.5,99.948,1.0,,3,-99.134,6,55,7,400,0.4225
10.494,15.506,0.0,894.39,5.5,99.662,0.8,,0,-98.211,7,55,2,344,0.4128
10.482,15.126,0.0,891.76,5.5,99.873,0.85,,0,-98.216,7,55,3,339,0.4189
10.605,15.147,0.0,838.74,5.5,99.937,0.9,,0,-98.323,7,55,3,297,0.4242
11.359,22.601,0.0,360.46,5.5,99.943,0.95,,2,-99.279,7,55,7,563,0.4085
11.762,25.325,0.0,432.91,5.5,99.948,1.0,,3,-99.134,7,55,7,400,0.4225
10.494,15.506,0.0,894.39,5.5,99.662,0.8,,0,-98.211,8,55,2,344,0.4128
10.482,15.126,0.0,891.76,5.5,99.873,0.85,,0,-98.216,8,55,3,339,0.4189
10.605,15.147,0.0,838.74,5.5,99.937,0.9,,0,-98.323,8,55,3,297,0.4242
11.359,22.601,0.0,360.46,5.5,99.943,0.95,,2,-99.279,8,55,7,563,0.4085
11.762,25.325,0.0,432.91,5.5,99.948,1.0,,3,-99.134,8,55,7,400,0.4225
10.494,15.506,0.0,894.39,5.5,99.662,0.8,,0,-98.211,9,55,2,344,0.4128
10.482,15.126,0.0,891.76,5.5,99.873,0.85,,0,-98.216,9,55,3,339,0.4189
10.605,15.147,0.0,838.74,5.5,99.937,0.9,,0,-98.323,9,55,3,297,0.4242
11.359,22.601,0.0,360.46,5.5,99.943,0.95,,2,-99.279,9,55,7,563,0.4085
11.762,25.325,0.0,432.91,5.5,99.948,1.0,,3,-99.134,9,55,7,400,0.4225
10.494,15.506,0.0,894.39,5.5,99.662,0.8,,0,-98.211,10,55,2,344,0.4128
10.482,15.126,0.0,891.76,5.5,99.873,0.85,,0,-98.216,10,55,3,339,0.4189
10.605,15.147,0.0,838.74,5.5,99.937,0.9,,0,-98.323,10,55,3,297,0.4242
11.359,22.601,0.0,360.46,5.5,99.943,0.95,,2,-99.279,10,55,7,563,0.4085
11.762,25.325,0.0,432.91,5.5,99.948,1.0,,3,-99.134,10,55,7,400,0.4225
12.441,19.294,0.0,11928.31,5.5,93.98,0.8,,2,-76.143,1,60,9,1957,0.396
12.462,20.385,0.0,33191.34,5.5,79.931,0.85,,4,-33.617,1,60,9,1282,0.3916
12.713,21.907,0.0,98295.8,5.5,67.516,0.9,,4,96.592,1,60,9,985,0.398
12.834,23.465,0.0,171804.99,5.5,71.529,0.95,,5,243.61,1,60,9,735,0.4014
13.472,26.129,0.0,268560.39,5.5,64.812,1.0,,6,437.121,1,60,9,524,0.4103
11.005,15.807,0.019,2385.65,5.5,98.479,0.8,,2,-95.229,2,60,7,1429,0.4024
12.127,19.845,0.0,2462.3,5.5,98.662,0.85,,3,-95.075,2,60,9,1194,0.3861
12.713,21.907,0.0,30045.54,5.5,93.546,0.9,,4,-39.909,2,60,9,985,0.398
12.834,23.465,0.0,125912.11,5.5,94.651,0.95,,4,151.824,2,60,9,735,0.4014
13.472,26.129,0.0,362107.77,5.5,90.235,1.0,,6,624.216,2,60,9,524,0.4103
10.512,14.66,0.0,1623.09,5.5,99.265,0.8,,0,-96.754,3,60,4,733,0.4079
10.949,16.569,0.0,1619.41,5.5,99.467,0.85,,2,-96.761,3,60,7,961,0.3954
12.526,21.473,0.0,1546.44,5.5,99.623,0.9,,4,-96.907,3,60,9,925,0.3924
12.834,23.465,0.0,22656.43,5.5,99.335,0.95,,4,-54.687,3,60,9,735,0.4014
13.472,26.129,0.0,151406.64,5.5,98.333,1.0,,6,202.813,3,60,9,524,0.4103
10.331,14.734,0.0,1214.64,5.5,99.543,0.8,,0,-97.571,4,60,3,605,0.4132
10.387,15.823,0.0,1082.34,5.5,99.759,0.85,,2,-97.835,4,60,5,698,0.4011
12.038,21.14,0.0,998.07,5.5,99.856,0.9,,3,-98.004,4,60,8,872,0.4014
12.648,23.326,0.0,644.49,5.5,99.901,0.95,,3,-98.711,4,60,9,693,0.3925
13.472,26.129,0.0,17026.33,5.5,99.833,1.0,,6,-65.947,4,60,9,524,0.4103
10.455,15.373,0.0,937.44,5.5,99.656,0.8,,0,-98.125,5,60,2,352,0.4091
10.491,15.235,0.0,952.66,5.5,99.846,0.85,,0,-98.095,5,60,3,400,0.4175
10.764,14.872,0.0,954.24,5.5,99.912,0.9,,1,-98.092,5,60,3,310,0.4194
12.166,23.411,0.0,631.1,5.5,99.884,0.95,,2,-98.738,5,60,8,649,0.4037
13.231,26.227,0.0,658.14,5.5,99.962,1.0,,3,-98.684,5,60,9,492,0.4024
10.494,15.506,0.0,894.39,5.5,99.662,0.8,,0,-98.211,6,60,2,344,0.4128
10.482,15.126,0.0,891.76,5.5,99.873,0.85,,0,-98.216,6,60,3,339,0.4189
10.605,15.147,0.0,838.74,5.5,99.937,0.9,,0,-98.323,6,60,3,297,0.4242
11.359,22.601,0.0,360.46,5.5,99.943,0.95,,2,-99.279,6,60,7,563,0.4085
11.762,25.325,0.0,432.91,5.5,99.948,1.0,,3,-99.134,6,60,7,400,0.4225
10.494,15.506,0.0,894.39,5.5,99.662,0.8,,0,-98.211,7,60,2,344,0.4128
10.482,15.126,0.0,891.76,5.5,99.873,0.85,,0,-98.216,7,60,3,339,0.4189
10.605,15.147,0.0,838.74,5.5,99.937,0.9,,0,-98.323,7,60,3,297,0.4242
11.359,22.601,0.0,360.46,5.5,99.943,0.95,,2,-99.279,7,60,7,563,0.4085
11.762,25.325,0.0,432.91,5.5,99.948,1.0,,3,-99.134,7,60,7,400,0.4225
10.494,15.506,0.0,894.39,5.5,99.662,0.8,,0,-98.211,8,60,2,344,0.4128
10.482,15.126,0.0,891.76,5.5,99.873,0.85,,0,-98.216,8,60,3,339,0.4189
10.605,15.147,0.0,838.74,5.5,99.937,0.9,,0,-98.323,8,60,3,297,0.4242
11.359,22.601,0.0,360.46,5.5,99.943,0.95,,2,-99.279,8,60,7,563,0.4085
11.762,25.325,0.0,432.91,5.5,99.948,1.0,,3,-99.134,8,60,7,400,0.4225
10.494,15.506,0.0,894.39,5.5,99.662,0.8,,0,-98.211,9,60,2,344,0.4128
10.482,15.126,0.0,891.76,5.5,99.873,0.85,,0,-98.216,9,60,3,339,0.4189
10.605,15.147,0.0,838.74,5.5,99.937,0.9,,0,-98.323,9,60,3,297,0.4242
11.359,22.601,0.0,360.46,5.5,99.943,0.95,,2,-99.279,9,60,7,563,0.4085
11.762,25.325,0.0,432.91,5.5,99.948,1.0,,3,-99.134,9,60,7,400,0.4225
10.494,15.506,0.0,894.39,5.5,99.662,0.8,,0,-98.211,10,60,2,344,0.4128
10.482,15.126,0.0,891.76,5.5,99.873,0.85,,0,-98.216,10,60,3,339,0.4189
10.605,15.147,0.0,838.74,5.5,99.937,0.9,,0,-98.323,10,60,3,297,0.4242
11.359,22.601,0.0,360.46,5.5,99.943,0.95,,2,-99.279,10,60,7,563,0.4085
11.762,25.325,0.0,432.91,5.5,99.948,1.0,,3,-99.134,10,60,7,400,0.4225
12.726,19.238,0.0,14925.01,6.0,89.949,0.8,,1,-70.15,1,5,9,1955,0.402
12.672,20.313,0.0,45192.57,6.0,72.167,0.85,,4,-9.615,1,5,9,1281,0.3989
12.952,21.88,0.0,114503.07,6.0,63.685,0.9,,5,129.006,1,5,9,985,0.4051
13.033,23.486,0.0,163145.64,6.0,68.454,0.95,,5,226.291,1,5,9,735,0.4041
13.768,26.133,0.0,229968.42,6.0,62.365,1.0,,7,359.937,1,5,9,524,0.4141
12.069,18.154,0.0,2647.36,6.0,98.266,0.8,,1,-94.705,2,5,8,1625,0.4018
12.672,20.313,0.0,5614.92,6.0,97.783,0.85,,4,-88.77,2,5,9,1281,0.3989
12.952,21.88,0.0,53772.91,6.0,90.81,0.9,,5,7.546,2,5,9,985,0.4051
13.033,23.486,0.0,136842.35,6.0,93.159,0.95,,5,173.685,2,5,9,735,0.4041
13.768,26.133,0.0,361655.49,6.0,88.404,1.0,,6,623.311,2,5,9,524,0.4141
10.825,14.213,0.0,1686.09,6.0,99.226,0.8,,0,-96.628,3,5,4,774,0.416
12.057,19.378,0.0,1728.61,6.0,99.393,0.85,,2,-96.543,3,5,8,1126,0.4005
12.952,21.88,0.0,6201.61,6.0,99.223,0.9,,4,-87.597,3,5,9,985,0.4051
13.033,23.486,0.0,33930.28,6.0,98.995,0.95,,5,-32.139,3,5,9,735,0.4041
13.768,26.133,0.0,192658.51,6.0,97.596,1.0,,5,285.317,3,5,9,524,0.4141
10.8,14.53,0.0,1247.45,6.0,99.541,0.8,,0,-97.505,4,5,3,612,0.4216
10.768,16.18,0.0,1268.97,6.0,99.704,0.85,,2,-97.462,4,5,6,758,0.4063
12.427,21.125,0.0,1312.02,6.0,99.814,0.9,,3,-97.376,4,5,8,875,0.408
13.033,23.486,0.0,4127.6,6.0,99.823,0.95,,3,-91.745,4,5,9,735,0.4041
13.768,26.133,0.0,35820.54,6.0,99.667,1.0,,5,-28.359,4,5,9,524,0.4141
11.089,15.093,0.0,1063.96,6.0,99.643,0.8,,0,-97.872,5,5,3,425,0.4235
10.825,15.637,0.0,1074.72,6.0,99.82,0.85,,0,-97.851,5,5,4,483,0.4161
11.117,15.226,0.0,981.27,6.0,99.914,0.9,,1,-98.037,5,5,4,395,0.4203
12.537,23.479,0.0,961.32,6.0,99.793,0.95,,2,-98.077,5,5,8,674,0.4036
13.768,26.133,0.0,2705.9,6.0,99.962,1.0,,4,-94.588,5,5,9,524,0.4141
10.746,15.341,0.0,890.45,6.0,99.693,0.8,,0,-98.219,6,5,2,342,0.4211
10.97,15.572,0.0,885.2,6.0,99.887,0.85,,0,-98.23,6,5,3,305,0.4262
10.959,15.237,0.0,838.74,6.0,99.951,0.9,,0,-98.323,6,5,3,297,0.4343
11.543,22.636,0.0,196.14,6.0,99.968,0.95,,2,-99.608,6,5,7,563,0.4121
12.044,25.34,0.0,393.54,6.0,99.951,1.0,,3,-99.213,6,5,7,400,0.4275
10.746,15.341,0.0,890.45,6.0,99.693,0.8,,0,-98.219,7,5,2,342,0.4211
10.97,15.572,0.0,885.2,6.0,99.887,0.85,,0,-98.23,7,5,3,305,0.4262
10.959,15.237,0.0,838.74,6.0,99.951,0.9,,0,-98.323,7,5,3,297,0.4343
11.543,22.636,0.0,196.14,6.0,99.968,0.95,,2,-99.608,7,5,7,563,0.4121
12.044,25.34,0.0,393.54,6.0,99.951,1.0,,3,-99.213,7,5,7,400,0.4275
10.746,15.341,0.0,890.45,6.0,99.693,0.8,,0,-98.219,8,5,2,342,0.4211
10.97,15.572,0.0,885.2,6.0,99.887,0.85,,0,-98.23,8,5,3,305,0.4262
10.959,15.237,0.0,838.74,6.0,99.951,0.9,,0,-98.323,8,5,3,297,0.4343
11.543,22.636,0.0,196.14,6.0,99.968,0.95,,2,-99.608,8,5,7,563,0.4121
12.044,25.34,0.0,393.54,6.0,99.951,1.0,,3,-99.213,8,5,7,400,0.4275
10.746,15.341,0.0,890.45,6.0,99.693,0.8,,0,-98.219,9,5,2,342,0.4211
10.97,15.572,0.0,885.2,6.0,99.887,0.85,,0,-98.23,9,5,3,305,0.4262
10.959,15.237,0.0,838.74,6.0,99.951,0.9,,0,-98.323,9,5,3,297,0.4343
11.543,22.636,0.0,196.14,6.0,99.968,0.95,,2,-99.608,9,5,7,563,0.4121
12.044,25.34,0.0,393.54,6.0,99.951,1.0,,3,-99.213,9,5,7,400,0.4275
10.746,15.341,0.0,890.45,6.0,99.693,0.8,,0,-98.219,10,5,2,342,0.4211
10.97,15.572,0.0,885.2,6.0,99.887,0.85,,0,-98.23,10,5,3,305,0.4262
10.959,15.237,0.0,838.74,6.0,99.951,0.9,,0,-98.323,10,5,3,297,0.4343
11.543,22.636,0.0,196.14,6.0,99.968,0.95,,2,-99.608,10,5,7,563,0.4121
12.044,25.34,0.0,393.54,6.0,99.951,1.0,,3,-99.213,10,5,7,400,0.4275
12.746,19.238,0.0,14918.19,6.0,89.893,0.8,,1,-70.164,1,10,9,1955,0.402
12.69,20.313,0.0,41596.06,6.0,72.642,0.85,,4,-16.808,1,10,9,1281,0.3989
12.963,21.88,0.0,113476.7,6.0,63.98,0.9,,5,126.953,1,10,9,985,0.4051
13.041,23.486,0.0,156678.69,6.0,68.843,0.95,,5,213.357,1,10,9,735,0.4041
13.768,26.133,0.0,229968.42,6.0,62.365,1.0,,7,359.937,1,10,9,524,0.4141
12.005,18.153,0.0,2677.55,6.0,98.215,0.8,,1,-94.645,2,10,8,1603,0.4024
12.69,20.313,0.0,5137.7,6.0,98.073,0.85,,4,-89.725,2,10,9,1281,0.3989
12.963,21.88,0.0,53932.25,6.0,90.852,0.9,,5,7.864,2,10,9,985,0.4051
13.041,23.486,0.0,136664.9,6.0,93.121,0.95,,5,173.33,2,10,9,735,0.4041
13.768,26.133,0.0,361655.49,6.0,88.404,1.0,,6,623.311,2,10,9,524,0.4141
10.869,14.213,0.0,1673.49,6.0,99.196,0.8,,0,-96.653,3,10,4,774,0.416
12.158,19.378,0.0,1218.05,6.0,99.566,0.85,,2,-97.564,3,10,8,1127,0.4002
12.963,21.88,0.0,6180.61,6.0,99.22,0.9,,4,-87.639,3,10,9,985,0.4051
13.041,23.486,0.0,36119.79,6.0,98.945,0.95,,5,-27.76,3,10,9,735,0.4041
13.768,26.133,0.0,192658.51,6.0,97.596,1.0,,5,285.317,3,10,9,524,0.4141
10.856,14.53,0.0,1214.38,6.0,99.529,0.8,,0,-97.571,4,10,3,612,0.4216
10.797,16.18,0.0,1275.54,6.0,99.697,0.85,,2,-97.449,4,10,6,758,0.4063
12.439,21.125,0.0,1210.44,6.0,99.825,0.9,,2,-97.579,4,10,8,875,0.408
13.041,23.486,0.0,3685.29,6.0,99.833,0.95,,3,-92.629,4,10,9,735,0.4041
13.768,26.133,0.0,35820.54,6.0,99.667,1.0,,5,-28.359,4,10,9,524,0.4141
10.853,15.163,0.0,1066.06,6.0,99.621,0.8,,0,-97.868,5,10,2,358,0.4134
10.88,15.637,0.0,958.44,6.0,99.836,0.85,,0,-98.083,5,10,4,484,0.4153
11.128,15.226,0.0,942.16,6.0,99.915,0.9,,1,-98.116,5,10,4,395,0.4203
12.546,23.479,0.0,918.27,6.0,99.802,0.95,,2,-98.163,5,10,8,674,0.4036
13.768,26.133,0.0,2705.9,6.0,99.962,1.0,,4,-94.588,5,10,9,524,0.4141
10.781,15.341,0.0,885.2,6.0,99.671,0.8,,0,-98.23,6,10,2,342,0.4211
10.984,15.572,0.0,899.64,6.0,99.881,0.85,,0,-98.201,6,10,3,305,0.4262
11.077,15.097,0.0,843.72,6.0,99.95,0.9,,0,-98.313,6,10,3,302,0.4338
11.554,22.636,0.0,276.99,6.0,99.955,0.95,,2,-99.446,6,10,7,563,0.4121
12.044,25.34,0.0,393.54,6.0,99.951,1.0,,3,-99.213,6,10,7,400,0.4275
10.781,15.341,0.0,885.2,6.0,99.671,0.8,,0,-98.23,7,10,2,342,0.4211
10.984,15.572,0.0,899.64,6.0,99.881,0.85,,0,-98.201,7,10,3,305,0.4262
11.077,15.097,0.0,843.72,6.0,99.95,0.9,,0,-98.313,7,10,3,302,0.4338
11.554,22.636,0.0,276.99,6.0,99.955,0.95,,2,-99.446,7,10,7,563,0.4121
12.044,25.34,0.0,393.54,6.0,99.951,1.0,,3,-99.213,7,10,7,400,0.4275
10.781,15.341,0.0,885.2,6.0,99.671,0.8,,0,-98.23,8,10,2,342,0.4211
10.984,15.572,0.0,899.64,6.0,99.881,0.85,,0,-98.201,8,10,3,305,0.4262
11.077,15.097,0.0,843.72,6.0,99.95,0.9,,0,-98.313,8,10,3,302,0.4338
11.554,22.636,0.0,276.99,6.0,99.955,0.95,,2,-99.446,8,10,7,563,0.4121
12.044,25.34,0.0,393.54,6.0,99.951,1.0,,3,-99.213,8,10,7,400,0.4275
10.781,15.341,0.0,885.2,6.0,99.671,0.8,,0,-98.23,9,10,2,342,0.4211
10.984,15.572,0.0,899.64,6.0,99.881,0.85,,0,-98.201,9,10,3,305,0.4262
11.077,15.097,0.0,843.72,6.0,99.95,0.9,,0,-98.313,9,10,3,302,0.4338
11.554,22.636,0.0,276.99,6.0,99.955,0.95,,2,-99.446,9,10,7,563,0.4121
12.044,25.34,0.0,393.54,6.0,99.951,1.0,,3,-99.213,9,10,7,400,0.4275
10.781,15.341,0.0,885.2,6.0,99.671,0.8,,0,-98.23,10,10,2,342,0.4211
10.984,15.572,0.0,899.64,6.0,99.881,0.85,,0,-98.201,10,10,3,305,0.4262
11.077,15.097,0.0,843.72,6.0,99.95,0.9,,0,-98.313,10,10,3,302,0.4338
11.554,22.636,0.0,276.99,6.0,99.955,0.95,,2,-99.446,10,10,7,563,0.4121
12.044,25.34,0.0,393.54,6.0,99.951,1.0,,3,-99.213,10,10,7,400,0.4275
12.746,19.238,0.0,14918.19,6.0,89.893,0.8,,1,-70.164,1,15,9,1955,0.402
12.69,20.313,0.0,41596.06,6.0,72.642,0.85,,4,-16.808,1,15,9,1281,0.3989
12.963,21.88,0.0,113476.7,6.0,63.98,0.9,,5,126.953,1,15,9,985,0.4051
13.041,23.486,0.0,156678.69,6.0,68.843,0.95,,5,213.357,1,15,9,735,0.4041
13.768,26.133,0.0,229968.42,6.0,62.365,1.0,,7,359.937,1,15,9,524,0.4141
12.005,18.153,0.0,2677.55,6.0,98.215,0.8,,1,-94.645,2,15,8,1603,0.4024
12.69,20.313,0.0,5137.7,6.0,98.073,0.85,,4,-89.725,2,15,9,1281,0.3989
12.963,21.88,0.0,53932.25,6.0,90.852,0.9,,5,7.864,2,15,9,985,0.4051
13.041,23.486,0.0,136664.9,6.0,93.121,0.95,,5,173.33,2,15,9,735,0.4041
13.768,26.133,0.0,361655.49,6.0,88.404,1.0,,6,623.311,2,15,9,524,0.4141
10.869,14.213,0.0,1673.49,6.0,99.196,0.8,,0,-96.653,3,15,4,774,0.416
12.158,19.378,0.0,1218.05,6.0,99.566,0.85,,2,-97.564,3,15,8,1127,0.4002
12.963,21.88,0.0,6180.61,6.0,99.22,0.9,,4,-87.639,3,15,9,985,0.4051
13.041,23.486,0.0,36119.79,6.0,98.945,0.95,,5,-27.76,3,15,9,735,0.4041
13.768,26.133,0.0,192658.51,6.0,97.596,1.0,,5,285.317,3,15,9,524,0.4141
10.856,14.53,0.0,1214.38,6.0,99.529,0.8,,0,-97.571,4,15,3,612,0.4216
10.797,16.18,0.0,1275.54,6.0,99.697,0.85,,2,-97.449,4,15,6,758,0.4063
12.439,21.125,0.0,1210.44,6.0,99.825,0.9,,2,-97.579,4,15,8,875,0.408
13.041,23.486,0.0,3685.29,6.0,99.833,0.95,,3,-92.629,4,15,9,735,0.4041
13.768,26.133,0.0,35820.54,6.0,99.667,1.0,,5,-28.359,4,15,9,524,0.4141
10.853,15.163,0.0,1066.06,6.0,99.621,0.8,,0,-97.868,5,15,2,358,0.4134
10.88,15.637,0.0,958.44,6.0,99.836,0.85,,0,-98.083,5,15,4,484,0.4153
11.128,15.226,0.0,942.16,6.0,99.915,0.9,,1,-98.116,5,15,4,395,0.4203
12.546,23.479,0.0,918.27,6.0,99.802,0.95,,2,-98.163,5,15,8,674,0.4036
13.768,26.133,0.0,2705.9,6.0,99.962,1.0,,4,-94.588,5,15,9,524,0.4141
10.781,15.341,0.0,885.2,6.0,99.671,0.8,,0,-98.23,6,15,2,342,0.4211
10.984,15.572,0.0,899.64,6.0,99.881,0.85,,0,-98.201,6,15,3,305,0.4262
11.077,15.097,0.0,843.72,6.0,99.95,0.9,,0,-98.313,6,15,3,302,0.4338
11.554,22.636,0.0,276.99,6.0,99.955,0.95,,2,-99.446,6,15,7,563,0.4121
12.044,25.34,0.0,393.54,6.0,99.951,1.0,,3,-99.213,6,15,7,400,0.4275
10.781,15.341,0.0,885.2,6.0,99.671,0.8,,0,-98.23,7,15,2,342,0.4211
10.984,15.572,0.0,899.64,6.0,99.881,0.85,,0,-98.201,7,15,3,305,0.4262
11.077,15.097,0.0,843.72,6.0,99.95,0.9,,0,-98.313,7,15,3,302,0.4338
11.554,22.636,0.0,276.99,6.0,99.955,0.95,,2,-99.446,7,15,7,563,0.4121
12.044,25.34,0.0,393.54,6.0,99.951,1.0,,3,-99.213,7,15,7,400,0.4275
10.781,15.341,0.0,885.2,6.0,99.671,0.8,,0,-98.23,8,15,2,342,0.4211
10.984,15.572,0.0,899.64,6.0,99.881,0.85,,0,-98.201,8,15,3,305,0.4262
11.077,15.097,0.0,843.72,6.0,99.95,0.9,,0,-98.313,8,15,3,302,0.4338
11.554,22.636,0.0,276.99,6.0,99.955,0.95,,2,-99.446,8,15,7,563,0.4121
12.044,25.34,0.0,393.54,6.0,99.951,1.0,,3,-99.213,8,15,7,400,0.4275
10.781,15.341,0.0,885.2,6.0,99.671,0.8,,0,-98.23,9,15,2,342,0.4211
10.984,15.572,0.0,899.64,6.0,99.881,0.85,,0,-98.201,9,15,3,305,0.4262
11.077,15.097,0.0,843.72,6.0,99.95,0.9,,0,-98.313,9,15,3,302,0.4338
11.554,22.636,0.0,276.99,6.0,99.955,0.95,,2,-99.446,9,15,7,563,0.4121
12.044,25.34,0.0,393.54,6.0,99.951,1.0,,3,-99.213,9,15,7,400,0.4275
10.781,15.341,0.0,885.2,6.0,99.671,0.8,,0,-98.23,10,15,2,342,0.4211
10.984,15.572,0.0,899.64,6.0,99.881,0.85,,0,-98.201,10,15,3,305,0.4262
11.077,15.097,0.0,843.72,6.0,99.95,0.9,,0,-98.313,10,15,3,302,0.4338
11.554,22.636,0.0,276.99,6.0,99.955,0.95,,2,-99.446,10,15,7,563,0.4121
12.044,25.34,0.0,393.54,6.0,99.951,1.0,,3,-99.213,10,15,7,400,0.4275
12.746,19.238,0.0,14918.19,6.0,89.893,0.8,,1,-70.164,1,20,9,1955,0.402
12.69,20.313,0.0,41596.06,6.0,72.642,0.85,,4,-16.808,1,20,9,1281,0.3989
12.963,21.88,0.0,113476.7,6.0,63.98,0.9,,5,126.953,1,20,9,985,0.4051
13.041,23.486,0.0,156678.69,6.0,68.843,0.95,,5,213.357,1,20,9,735,0.4041
13.768,26.133,0.0,229968.42,6.0,62.365,1.0,,7,359.937,1,20,9,524,0.4141
12.005,18.153,0.0,2677.55,6.0,98.215,0.8,,1,-94.645,2,20,8,1603,0.4024
12.69,20.313,0.0,5137.7,6.0,98.073,0.85,,4,-89.725,2,20,9,1281,0.3989
12.963,21.88,0.0,53932.25,6.0,90.852,0.9,,5,7.864,2,20,9,985,0.4051
13.041,23.486,0.0,136664.9,6.0,93.121,0.95,,5,173.33,2,20,9,735,0.4041
13.768,26.133,0.0,361655.49,6.0,88.404,1.0,,6,623.311,2,20,9,524,0.4141
10.869,14.213,0.0,1673.49,6.0,99.196,0.8,,0,-96.653,3,20,4,774,0.416
12.158,19.378,0.0,1218.05,6.0,99.566,0.85,,2,-97.564,3,20,8,1127,0.4002
12.963,21.88,0.0,6180.61,6.0,99.22,0.9,,4,-87.639,3,20,9,985,0.4051
13.041,23.486,0.0,36119.79,6.0,98.945,0.95,,5,-27.76,3,20,9,735,0.4041
13.768,26.133,0.0,192658.51,6.0,97.596,1.0,,5,285.317,3,20,9,524,0.4141
10.856,14.53,0.0,1214.38,6.0,99.529,0.8,,0,-97.571,4,20,3,612,0.4216
10.797,16.18,0.0,1275.54,6.0,99.697,0.85,,2,-97.449,4,20,6,758,0.4063
12.439,21.125,0.0,1210.44,6.0,99.825,0.9,,2,-97.579,4,20,8,875,0.408
13.041,23.486,0.0,3685.29,6.0,99.833,0.95,,3,-92.629,4,20,9,735,0.4041
13.768,26.133,0.0,35820.54,6.0,99.667,1.0,,5,-28.359,4,20,9,524,0.4141
10.853,15.163,0.0,1066.06,6.0,99.621,0.8,,0,-97.868,5,20,2,358,0.4134
10.88,15.637,0.0,958.44,6.0,99.836,0.85,,0,-98.083,5,20,4,484,0.4153
11.128,15.226,0.0,942.16,6.0,99.915,0.9,,1,-98.116,5,20,4,395,0.4203
12.546,23.479,0.0,918.27,6.0,99.802,0.95,,2,-98.163,5,20,8,674,0.4036
13.768,26.133,0.0,2705.9,6.0,99.962,1.0,,4,-94.588,5,20,9,524,0.4141
10.781,15.341,0.0,885.2,6.0,99.671,0.8,,0,-98.23,6,20,2,342,0.4211
10.984,15.572,0.0,899.64,6.0,99.881,0.85,,0,-98.201,6,20,3,305,0.4262
11.077,15.097,0.0,843.72,6.0,99.95,0.9,,0,-98.313,6,20,3,302,0.4338
11.554,22.636,0.0,276.99,6.0,99.955,0.95,,2,-99.446,6,20,7,563,0.4121
12.044,25.34,0.0,393.54,6.0,99.951,1.0,,3,-99.213,6,20,7,400,0.4275
10.781,15.341,0.0,885.2,6.0,99.671,0.8,,0,-98.23,7,20,2,342,0.4211
10.984,15.572,0.0,899.64,6.0,99.881,0.85,,0,-98.201,7,20,3,305,0.4262
11.077,15.097,0.0,843.72,6.0,99.95,0.9,,0,-98.313,7,20,3,302,0.4338
11.554,22.636,0.0,276.99,6.0,99.955,0.95,,2,-99.446,7,20,7,563,0.4121
12.044,25.34,0.0,393.54,6.0,99.951,1.0,,3,-99.213,7,20,7,400,0.4275
10.781,15.341,0.0,885.2,6.0,99.671,0.8,,0,-98.23,8,20,2,342,0.4211
10.984,15.572,0.0,899.64,6.0,99.881,0.85,,0,-98.201,8,20,3,305,0.4262
11.077,15.097,0.0,843.72,6.0,99.95,0.9,,0,-98.313,8,20,3,302,0.4338
11.554,22.636,0.0,276.99,6.0,99.955,0.95,,2,-99.446,8,20,7,563,0.4121
12.044,25.34,0.0,393.54,6.0,99.951,1.0,,3,-99.213,8,20,7,400,0.4275
10.781,15.341,0.0,885.2,6.0,99.671,0.8,,0,-98.23,9,20,2,342,0.4211
10.984,15.572,0.0,899.64,6.0,99.881,0.85,,0,-98.201,9,20,3,305,0.4262
11.077,15.097,0.0,843.72,6.0,99.95,0.9,,0,-98.313,9,20,3,302,0.4338
11.554,22.636,0.0,276.99,6.0,99.955,0.95,,2,-99.446,9,20,7,563,0.4121
12.044,25.34,0.0,393.54,6.0,99.951,1.0,,3,-99.213,9,20,7,400,0.4275
10.781,15.341,0.0,885.2,6.0,99.671,0.8,,0,-98.23,10,20,2,342,0.4211
10.984,15.572,0.0,899.64,6.0,99.881,0.85,,0,-98.201,10,20,3,305,0.4262
11.077,15.097,0.0,843.72,6.0,99.95,0.9,,0,-98.313,10,20,3,302,0.4338
11.554,22.636,0.0,276.99,6.0,99.955,0.95,,2,-99.446,10,20,7,563,0.4121
12.044,25.34,0.0,393.54,6.0,99.951,1.0,,3,-99.213,10,20,7,400,0.4275
12.746,19.238,0.0,14918.19,6.0,89.893,0.8,,1,-70.164,1,25,9,1955,0.402
12.69,20.313,0.0,41596.06,6.0,72.642,0.85,,4,-16.808,1,25,9,1281,0.3989
12.963,21.88,0.0,113476.7,6.0,63.98,0.9,,5,126.953,1,25,9,985,0.4051
13.041,23.486,0.0,156678.69,6.0,68.843,0.95,,5,213.357,1,25,9,735,0.4041
13.768,26.133,0.0,229968.42,6.0,62.365,1.0,,7,359.937,1,25,9,524,0.4141
12.005,18.153,0.0,2677.55,6.0,98.215,0.8,,1,-94.645,2,25,8,1603,0.4024
12.69,20.313,0.0,5137.7,6.0,98.073,0.85,,4,-89.725,2,25,9,1281,0.3989
12.963,21.88,0.0,53932.25,6.0,90.852,0.9,,5,7.864,2,25,9,985,0.4051
13.041,23.486,0.0,136664.9,6.0,93.121,0.95,,5,173.33,2,25,9,735,0.4041
13.768,26.133,0.0,361655.49,6.0,88.404,1.0,,6,623.311,2,25,9,524,0.4141
10.869,14.213,0.0,1673.49,6.0,99.196,0.8,,0,-96.653,3,25,4,774,0.416
12.158,19.378,0.0,1218.05,6.0,99.566,0.85,,2,-97.564,3,25,8,1127,0.4002
12.963,21.88,0.0,6180.61,6.0,99.22,0.9,,4,-87.639,3,25,9,985,0.4051
13.041,23.486,0.0,36119.79,6.0,98.945,0.95,,5,-27.76,3,25,9,735,0.4041
13.768,26.133,0.0,192658.51,6.0,97.596,1.0,,5,285.317,3,25,9,524,0.4141
10.856,14.53,0.0,1214.38,6.0,99.529,0.8,,0,-97.571,4,25,3,612,0.4216
10.797,16.18,0.0,1275.54,6.0,99.697,0.85,,2,-97.449,4,25,6,758,0.4063
12.439,21.125,0.0,1210.44,6.0,99.825,0.9,,2,-97.579,4,25,8,875,0.408
13.041,23.486,0.0,3685.29,6.0,99.833,0.95,,3,-92.629,4,25,9,735,0.4041
13.768,26.133,0.0,35820.54,6.0,99.667,1.0,,5,-28.359,4,25,9,524,0.4141
10.853,15.163,0.0,1066.06,6.0,99.621,0.8,,0,-97.868,5,25,2,358,0.4134
10.88,15.637,0.0,958.44,6.0,99.836,0.85,,0,-98.083,5,25,4,484,0.4153
11.128,15.226,0.0,942.16,6.0,99.915,0.9,,1,-98.116,5,25,4,395,0.4203
12.546,23.479,0.0,918.27,6.0,99.802,0.95,,2,-98.163,5,25,8,674,0.4036
13.768,26.133,0.0,2705.9,6.0,99.962,1.0,,4,-94.588,5,25,9,524,0.4141
10.781,15.341,0.0,885.2,6.0,99.671,0.8,,0,-98.23,6,25,2,342,0.4211
10.984,15.572,0.0,899.64,6.0,99.881,0.85,,0,-98.201,6,25,3,305,0.4262
11.077,15.097,0.0,843.72,6.0,99.95,0.9,,0,-98.313,6,25,3,302,0.4338
11.554,22.636,0.0,276.99,6.0,99.955,0.95,,2,-99.446,6,25,7,563,0.4121
12.044,25.34,0.0,393.54,6.0,99.951,1.0,,3,-99.213,6,25,7,400,0.4275
10.781,15.341,0.0,885.2,6.0,99.671,0.8,,0,-98.23,7,25,2,342,0.4211
10.984,15.572,0.0,899.64,6.0,99.881,0.85,,0,-98.201,7,25,3,305,0.4262
11.077,15.097,0.0,843.72,6.0,99.95,0.9,,0,-98.313,7,25,3,302,0.4338
11.554,22.636,0.0,276.99,6.0,99.955,0.95,,2,-99.446,7,25,7,563,0.4121
12.044,25.34,0.0,393.54,6.0,99.951,1.0,,3,-99.213,7,25,7,400,0.4275
10.781,15.341,0.0,885.2,6.0,99.671,0.8,,0,-98.23,8,25,2,342,0.4211
10.984,15.572,0.0,899.64,6.0,99.881,0.85,,0,-98.201,8,25,3,305,0.4262
11.077,15.097,0.0,843.72,6.0,99.95,0.9,,0,-98.313,8,25,3,302,0.4338
11.554,22.636,0.0,276.99,6.0,99.955,0.95,,2,-99.446,8,25,7,563,0.4121
12.044,25.34,0.0,393.54,6.0,99.951,1.0,,3,-99.213,8,25,7,400,0.4275
10.781,15.341,0.0,885.2,6.0,99.671,0.8,,0,-98.23,9,25,2,342,0.4211
10.984,15.572,0.0,899.64,6.0,99.881,0.85,,0,-98.201,9,25,3,305,0.4262
11.077,15.097,0.0,843.72,6.0,99.95,0.9,,0,-98.313,9,25,3,302,0.4338
11.554,22.636,0.0,276.99,6.0,99.955,0.95,,2,-99.446,9,25,7,563,0.4121
12.044,25.34,0.0,393.54,6.0,99.951,1.0,,3,-99.213,9,25,7,400,0.4275
10.781,15.341,0.0,885.2,6.0,99.671,0.8,,0,-98.23,10,25,2,342,0.4211
10.984,15.572,0.0,899.64,6.0,99.881,0.85,,0,-98.201,10,25,3,305,0.4262
11.077,15.097,0.0,843.72,6.0,99.95,0.9,,0,-98.313,10,25,3,302,0.4338
11.554,22.636,0.0,276.99,6.0,99.955,0.95,,2,-99.446,10,25,7,563,0.4121
12.044,25.34,0.0,393.54,6.0,99.951,1.0,,3,-99.213,10,25,7,400,0.4275
12.746,19.238,0.0,14918.19,6.0,89.893,0.8,,1,-70.164,1,30,9,1955,0.402
12.69,20.313,0.0,41596.06,6.0,72.642,0.85,,4,-16.808,1,30,9,1281,0.3989
12.963,21.88,0.0,113476.7,6.0,63.98,0.9,,5,126.953,1,30,9,985,0.4051
13.041,23.486,0.0,156678.69,6.0,68.843,0.95,,5,213.357,1,30,9,735,0.4041
13.768,26.133,0.0,229968.42,6.0,62.365,1.0,,7,359.937,1,30,9,524,0.4141
12.005,18.153,0.0,2677.55,6.0,98.215,0.8,,1,-94.645,2,30,8,1603,0.4024
12.69,20.313,0.0,5137.7,6.0,98.073,0.85,,4,-89.725,2,30,9,1281,0.3989
12.963,21.88,0.0,53932.25,6.0,90.852,0.9,,5,7.864,2,30,9,985,0.4051
13.041,23.486,0.0,136664.9,6.0,93.121,0.95,,5,173.33,2,30,9,735,0.4041
13.768,26.133,0.0,361655.49,6.0,88.404,1.0,,6,623.311,2,30,9,524,0.4141
10.869,14.213,0.0,1673.49,6.0,99.196,0.8,,0,-96.653,3,30,4,774,0.416
12.158,19.378,0.0,1218.05,6.0,99.566,0.85,,2,-97.564,3,30,8,1127,0.4002
12.963,21.88,0.0,6180.61,6.0,99.22,0.9,,4,-87.639,3,30,9,985,0.4051
13.041,23.486,0.0,36119.79,6.0,98.945,0.95,,5,-27.76,3,30,9,735,0.4041
13.768,26.133,0.0,192658.51,6.0,97.596,1.0,,5,285.317,3,30,9,524,0.4141
10.856,14.53,0.0,1214.38,6.0,99.529,0.8,,0,-97.571,4,30,3,612,0.4216
10.797,16.18,0.0,1275.54,6.0,99.697,0.85,,2,-97.449,4,30,6,758,0.4063
12.439,21.125,0.0,1210.44,6.0,99.825,0.9,,2,-97.579,4,30,8,875,0.408
13.041,23.486,0.0,3685.29,6.0,99.833,0.95,,3,-92.629,4,30,9,735,0.4041
13.768,26.133,0.0,35820.54,6.0,99.667,1.0,,5,-28.359,4,30,9,524,0.4141
10.853,15.163,0.0,1066.06,6.0,99.621,0.8,,0,-97.868,5,30,2,358,0.4134
10.88,15.637,0.0,958.44,6.0,99.836,0.85,,0,-98.083,5,30,4,484,0.4153
11.128,15.226,0.0,942.16,6.0,99.915,0.9,,1,-98.116,5,30,4,395,0.4203
12.546,23.479,0.0,918.27,6.0,99.802,0.95,,2,-98.163,5,30,8,674,0.4036
13.768,26.133,0.0,2705.9,6.0,99.962,1.0,,4,-94.588,5,30,9,524,0.4141
10.781,15.341,0.0,885.2,6.0,99.671,0.8,,0,-98.23,6,30,2,342,0.4211
10.984,15.572,0.0,899.64,6.0,99.881,0.85,,0,-98.201,6,30,3,305,0.4262
11.077,15.097,0.0,843.72,6.0,99.95,0.9,,0,-98.313,6,30,3,302,0.4338
11.554,22.636,0.0,276.99,6.0,99.955,0.95,,2,-99.446,6,30,7,563,0.4121
12.044,25.34,0.0,393.54,6.0,99.951,1.0,,3,-99.213,6,30,7,400,0.4275
10.781,15.341,0.0,885.2,6.0,99.671,0.8,,0,-98.23,7,30,2,342,0.4211
10.984,15.572,0.0,899.64,6.0,99.881,0.85,,0,-98.201,7,30,3,305,0.4262
11.077,15.097,0.0,843.72,6.0,99.95,0.9,,0,-98.313,7,30,3,302,0.4338
11.554,22.636,0.0,276.99,6.0,99.955,0.95,,2,-99.446,7,30,7,563,0.4121
12.044,25.34,0.0,393.54,6.0,99.951,1.0,,3,-99.213,7,30,7,400,0.4275
10.781,15.341,0.0,885.2,6.0,99.671,0.8,,0,-98.23,8,30,2,342,0.4211
10.984,15.572,0.0,899.64,6.0,99.881,0.85,,0,-98.201,8,30,3,305,0.4262
11.077,15.097,0.0,843.72,6.0,99.95,0.9,,0,-98.313,8,30,3,302,0.4338
11.554,22.636,0.0,276.99,6.0,99.955,0.95,,2,-99.446,8,30,7,563,0.4121
12.044,25.34,0.0,393.54,6.0,99.951,1.0,,3,-99.213,8,30,7,400,0.4275
10.781,15.341,0.0,885.2,6.0,99.671,0.8,,0,-98.23,9,30,2,342,0.4211
10.984,15.572,0.0,899.64,6.0,99.881,0.85,,0,-98.201,9,30,3,305,0.4262
11.077,15.097,0.0,843.72,6.0,99.95,0.9,,0,-98.313,9,30,3,302,0.4338
11.554,22.636,0.0,276.99,6.0,99.955,0.95,,2,-99.446,9,30,7,563,0.4121
12.044,25.34,0.0,393.54,6.0,99.951,1.0,,3,-99.213,9,30,7,400,0.4275
10.781,15.341,0.0,885.2,6.0,99.671,0.8,,0,-98.23,10,30,2,342,0.4211
10.984,15.572,0.0,899.64,6.0,99.881,0.85,,0,-98.201,10,30,3,305,0.4262
11.077,15.097,0.0,843.72,6.0,99.95,0.9,,0,-98.313,10,30,3,302,0.4338
11.554,22.636,0.0,276.99,6.0,99.955,0.95,,2,-99.446,10,30,7,563,0.4121
12.044,25.34,0.0,393.54,6.0,99.951,1.0,,3,-99.213,10,30,7,400,0.4275
12.746,19.238,0.0,14918.19,6.0,89.893,0.8,,1,-70.164,1,35,9,1955,0.402
12.69,20.313,0.0,41596.06,6.0,72.642,0.85,,4,-16.808,1,35,9,1281,0.3989
12.963,21.88,0.0,113476.7,6.0,63.98,0.9,,5,126.953,1,35,9,985,0.4051
13.041,23.486,0.0,156678.69,6.0,68.843,0.95,,5,213.357,1,35,9,735,0.4041
13.768,26.133,0.0,229968.42,6.0,62.365,1.0,,7,359.937,1,35,9,524,0.4141
12.005,18.153,0.0,2677.55,6.0,98.215,0.8,,1,-94.645,2,35,8,1603,0.4024
12.69,20.313,0.0,5137.7,6.0,98.073,0.85,,4,-89.725,2,35,9,1281,0.3989
12.963,21.88,0.0,53932.25,6.0,90.852,0.9,,5,7.864,2,35,9,985,0.4051
13.041,23.486,0.0,136664.9,6.0,93.121,0.95,,5,173.33,2,35,9,735,0.4041
13.768,26.133,0.0,361655.49,6.0,88.404,1.0,,6,623.311,2,35,9,524,0.4141
10.869,14.213,0.0,1673.49,6.0,99.196,0.8,,0,-96.653,3,35,4,774,0.416
12.158,19.378,0.0,1218.05,6.0,99.566,0.85,,2,-97.564,3,35,8,1127,0.4002
12.963,21.88,0.0,6180.61,6.0,99.22,0.9,,4,-87.639,3,35,9,985,0.4051
13.041,23.486,0.0,36119.79,6.0,98.945,0.95,,5,-27.76,3,35,9,735,0.4041
13.768,26.133,0.0,192658.51,6.0,97.596,1.0,,5,285.317,3,35,9,524,0.4141
10.856,14.53,0.0,1214.38,6.0,99.529,0.8,,0,-97.571,4,35,3,612,0.4216
10.797,16.18,0.0,1275.54,6.0,99.697,0.85,,2,-97.449,4,35,6,758,0.4063
12.439,21.125,0.0,1210.44,6.0,99.825,0.9,,2,-97.579,4,35,8,875,0.408
13.041,23.486,0.0,3685.29,6.0,99.833,0.95,,3,-92.629,4,35,9,735,0.4041
13.768,26.133,0.0,35820.54,6.0,99.667,1.0,,5,-28.359,4,35,9,524,0.4141
10.853,15.163,0.0,1066.06,6.0,99.621,0.8,,0,-97.868,5,35,2,358,0.4134
10.88,15.637,0.0,958.44,6.0,99.836,0.85,,0,-98.083,5,35,4,484,0.4153
11.128,15.226,0.0,942.16,6.0,99.915,0.9,,1,-98.116,5,35,4,395,0.4203
12.546,23.479,0.0,918.27,6.0,99.802,0.95,,2,-98.163,5,35,8,674,0.4036
13.768,26.133,0.0,2705.9,6.0,99.962,1.0,,4,-94.588,5,35,9,524,0.4141
10.781,15.341,0.0,885.2,6.0,99.671,0.8,,0,-98.23,6,35,2,342,0.4211
10.984,15.572,0.0,899.64,6.0,99.881,0.85,,0,-98.201,6,35,3,305,0.4262
11.077,15.097,0.0,843.72,6.0,99.95,0.9,,0,-98.313,6,35,3,302,0.4338
11.554,22.636,0.0,276.99,6.0,99.955,0.95,,2,-99.446,6,35,7,563,0.4121
12.044,25.34,0.0,393.54,6.0,99.951,1.0,,3,-99.213,6,35,7,400,0.4275
10.781,15.341,0.0,885.2,6.0,99.671,0.8,,0,-98.23,7,35,2,342,0.4211
10.984,15.572,0.0,899.64,6.0,99.881,0.85,,0,-98.201,7,35,3,305,0.4262
11.077,15.097,0.0,843.72,6.0,99.95,0.9,,0,-98.313,7,35,3,302,0.4338
11.554,22.636,0.0,276.99,6.0,99.955,0.95,,2,-99.446,7,35,7,563,0.4121
12.044,25.34,0.0,393.54,6.0,99.951,1.0,,3,-99.213,7,35,7,400,0.4275
10.781,15.341,0.0,885.2,6.0,99.671,0.8,,0,-98.23,8,35,2,342,0.4211
10.984,15.572,0.0,899.64,6.0,99.881,0.85,,0,-98.201,8,35,3,305,0.4262
11.077,15.097,0.0,843.72,6.0,99.95,0.9,,0,-98.313,8,35,3,302,0.4338
11.554,22.636,0.0,276.99,6.0,99.955,0.95,,2,-99.446,8,35,7,563,0.4121
12.044,25.34,0.0,393.54,6.0,99.951,1.0,,3,-99.213,8,35,7,400,0.4275
10.781,15.341,0.0,885.2,6.0,99.671,0.8,,0,-98.23,9,35,2,342,0.4211
10.984,15.572,0.0,899.64,6.0,99.881,0.85,,0,-98.201,9,35,3,305,0.4262
11.077,15.097,0.0,843.72,6.0,99.95,0.9,,0,-98.313,9,35,3,302,0.4338
11.554,22.636,0.0,276.99,6.0,99.955,0.95,,2,-99.446,9,35,7,563,0.4121
12.044,25.34,0.0,393.54,6.0,99.951,1.0,,3,-99.213,9,35,7,400,0.4275
10.781,15.341,0.0,885.2,6.0,99.671,0.8,,0,-98.23,10,35,2,342,0.4211
10.984,15.572,0.0,899.64,6.0,99.881,0.85,,0,-98.201,10,35,3,305,0.4262
11.077,15.097,0.0,843.72,6.0,99.95,0.9,,0,-98.313,10,35,3,302,0.4338
11.554,22.636,0.0,276.99,6.0,99.955,0.95,,2,-99.446,10,35,7,563,0.4121
12.044,25.34,0.0,393.54,6.0,99.951,1.0,,3,-99.213,10,35,7,400,0.4275
12.746,19.238,0.0,14918.19,6.0,89.893,0.8,,1,-70.164,1,40,9,1955,0.402
12.69,20.313,0.0,41596.06,6.0,72.642,0.85,,4,-16.808,1,40,9,1281,0.3989
12.963,21.88,0.0,113476.7,6.0,63.98,0.9,,5,126.953,1,40,9,985,0.4051
13.041,23.486,0.0,156678.69,6.0,68.843,0.95,,5,213.357,1,40,9,735,0.4041
13.768,26.133,0.0,229968.42,6.0,62.365,1.0,,7,359.937,1,40,9,524,0.4141
12.005,18.153,0.0,2677.55,6.0,98.215,0.8,,1,-94.645,2,40,8,1603,0.4024
12.69,20.313,0.0,5137.7,6.0,98.073,0.85,,4,-89.725,2,40,9,1281,0.3989
12.963,21.88,0.0,53932.25,6.0,90.852,0.9,,5,7.864,2,40,9,985,0.4051
13.041,23.486,0.0,136664.9,6.0,93.121,0.95,,5,173.33,2,40,9,735,0.4041
13.768,26.133,0.0,361655.49,6.0,88.404,1.0,,6,623.311,2,40,9,524,0.4141
10.869,14.213,0.0,1673.49,6.0,99.196,0.8,,0,-96.653,3,40,4,774,0.416
12.158,19.378,0.0,1218.05,6.0,99.566,0.85,,2,-97.564,3,40,8,1127,0.4002
12.963,21.88,0.0,6180.61,6.0,99.22,0.9,,4,-87.639,3,40,9,985,0.4051
13.041,23.486,0.0,36119.79,6.0,98.945,0.95,,5,-27.76,3,40,9,735,0.4041
13.768,26.133,0.0,192658.51,6.0,97.596,1.0,,5,285.317,3,40,9,524,0.4141
10.856,14.53,0.0,1214.38,6.0,99.529,0.8,,0,-97.571,4,40,3,612,0.4216
10.797,16.18,0.0,1275.54,6.0,99.697,0.85,,2,-97.449,4,40,6,758,0.4063
12.439,21.125,0.0,1210.44,6.0,99.825,0.9,,2,-97.579,4,40,8,875,0.408
13.041,23.486,0.0,3685.29,6.0,99.833,0.95,,3,-92.629,4,40,9,735,0.4041
13.768,26.133,0.0,35820.54,6.0,99.667,1.0,,5,-28.359,4,40,9,524,0.4141
10.853,15.163,0.0,1066.06,6.0,99.621,0.8,,0,-97.868,5,40,2,358,0.4134
10.88,15.637,0.0,958.44,6.0,99.836,0.85,,0,-98.083,5,40,4,484,0.4153
11.128,15.226,0.0,942.16,6.0,99.915,0.9,,1,-98.116,5,40,4,395,0.4203
12.546,23.479,0.0,918.27,6.0,99.802,0.95,,2,-98.163,5,40,8,674,0.4036
13.768,26.133,0.0,2705.9,6.0,99.962,1.0,,4,-94.588,5,40,9,524,0.4141
10.781,15.341,0.0,885.2,6.0,99.671,0.8,,0,-98.23,6,40,2,342,0.4211
10.984,15.572,0.0,899.64,6.0,99.881,0.85,,0,-98.201,6,40,3,305,0.4262
11.077,15.097,0.0,843.72,6.0,99.95,0.9,,0,-98.313,6,40,3,302,0.4338
11.554,22.636,0.0,276.99,6.0,99.955,0.95,,2,-99.446,6,40,7,563,0.4121
12.044,25.34,0.0,393.54,6.0,99.951,1.0,,3,-99.213,6,40,7,400,0.4275
10.781,15.341,0.0,885.2,6.0,99.671,0.8,,0,-98.23,7,40,2,342,0.4211
10.984,15.572,0.0,899.64,6.0,99.881,0.85,,0,-98.201,7,40,3,305,0.4262
11.077,15.097,0.0,843.72,6.0,99.95,0.9,,0,-98.313,7,40,3,302,0.4338
11.554,22.636,0.0,276.99,6.0,99.955,0.95,,2,-99.446,7,40,7,563,0.4121
12.044,25.34,0.0,393.54,6.0,99.951,1.0,,3,-99.213,7,40,7,400,0.4275
10.781,15.341,0.0,885.2,6.0,99.671,0.8,,0,-98.23,8,40,2,342,0.4211
10.984,15.572,0.0,899.64,6.0,99.881,0.85,,0,-98.201,8,40,3,305,0.4262
11.077,15.097,0.0,843.72,6.0,99.95,0.9,,0,-98.313,8,40,3,302,0.4338
11.554,22.636,0.0,276.99,6.0,99.955,0.95,,2,-99.446,8,40,7,563,0.4121
12.044,25.34,0.0,393.54,6.0,99.951,1.0,,3,-99.213,8,40,7,400,0.4275
10.781,15.341,0.0,885.2,6.0,99.671,0.8,,0,-98.23,9,40,2,342,0.4211
10.984,15.572,0.0,899.64,6.0,99.881,0.85,,0,-98.201,9,40,3,305,0.4262
11.077,15.097,0.0,843.72,6.0,99.95,0.9,,0,-98.313,9,40,3,302,0.4338
11.554,22.636,0.0,276.99,6.0,99.955,0.95,,2,-99.446,9,40,7,563,0.4121
12.044,25.34,0.0,393.54,6.0,99.951,1.0,,3,-99.213,9,40,7,400,0.4275
10.781,15.341,0.0,885.2,6.0,99.671,0.8,,0,-98.23,10,40,2,342,0.4211
10.984,15.572,0.0,899.64,6.0,99.881,0.85,,0,-98.201,10,40,3,305,0.4262
11.077,15.097,0.0,843.72,6.0,99.95,0.9,,0,-98.313,10,40,3,302,0.4338
11.554,22.636,0.0,276.99,6.0,99.955,0.95,,2,-99.446,10,40,7,563,0.4121
12.044,25.34,0.0,393.54,6.0,99.951,1.0,,3,-99.213,10,40,7,400,0.4275
12.746,19.238,0.0,14918.19,6.0,89.893,0.8,,1,-70.164,1,45,9,1955,0.402
12.69,20.313,0.0,41596.06,6.0,72.642,0.85,,4,-16.808,1,45,9,1281,0.3989
12.963,21.88,0.0,113476.7,6.0,63.98,0.9,,5,126.953,1,45,9,985,0.4051
13.041,23.486,0.0,156678.69,6.0,68.843,0.95,,5,213.357,1,45,9,735,0.4041
13.768,26.133,0.0,229968.42,6.0,62.365,1.0,,7,359.937,1,45,9,524,0.4141
12.005,18.153,0.0,2677.55,6.0,98.215,0.8,,1,-94.645,2,45,8,1603,0.4024
12.69,20.313,0.0,5137.7,6.0,98.073,0.85,,4,-89.725,2,45,9,1281,0.3989
12.963,21.88,0.0,53932.25,6.0,90.852,0.9,,5,7.864,2,45,9,985,0.4051
13.041,23.486,0.0,136664.9,6.0,93.121,0.95,,5,173.33,2,45,9,735,0.4041
13.768,26.133,0.0,361655.49,6.0,88.404,1.0,,6,623.311,2,45,9,524,0.4141
10.869,14.213,0.0,1673.49,6.0,99.196,0.8,,0,-96.653,3,45,4,774,0.416
12.158,19.378,0.0,1218.05,6.0,99.566,0.85,,2,-97.564,3,45,8,1127,0.4002
12.963,21.88,0.0,6180.61,6.0,99.22,0.9,,4,-87.639,3,45,9,985,0.4051
13.041,23.486,0.0,36119.79,6.0,98.945,0.95,,5,-27.76,3,45,9,735,0.4041
13.768,26.133,0.0,192658.51,6.0,97.596,1.0,,5,285.317,3,45,9,524,0.4141
10.856,14.53,0.0,1214.38,6.0,99.529,0.8,,0,-97.571,4,45,3,612,0.4216
10.797,16.18,0.0,1275.54,6.0,99.697,0.85,,2,-97.449,4,45,6,758,0.4063
12.439,21.125,0.0,1210.44,6.0,99.825,0.9,,2,-97.579,4,45,8,875,0.408
13.041,23.486,0.0,3685.29,6.0,99.833,0.95,,3,-92.629,4,45,9,735,0.4041
13.768,26.133,0.0,35820.54,6.0,99.667,1.0,,5,-28.359,4,45,9,524,0.4141
10.853,15.163,0.0,1066.06,6.0,99.621,0.8,,0,-97.868,5,45,2,358,0.4134
10.88,15.637,0.0,958.44,6.0,99.836,0.85,,0,-98.083,5,45,4,484,0.4153
11.128,15.226,0.0,942.16,6.0,99.915,0.9,,1,-98.116,5,45,4,395,0.4203
12.546,23.479,0.0,918.27,6.0,99.802,0.95,,2,-98.163,5,45,8,674,0.4036
13.768,26.133,0.0,2705.9,6.0,99.962,1.0,,4,-94.588,5,45,9,524,0.4141
10.781,15.341,0.0,885.2,6.0,99.671,0.8,,0,-98.23,6,45,2,342,0.4211
10.984,15.572,0.0,899.64,6.0,99.881,0.85,,0,-98.201,6,45,3,305,0.4262
11.077,15.097,0.0,843.72,6.0,99.95,0.9,,0,-98.313,6,45,3,302,0.4338
11.554,22.636,0.0,276.99,6.0,99.955,0.95,,2,-99.446,6,45,7,563,0.4121
12.044,25.34,0.0,393.54,6.0,99.951,1.0,,3,-99.213,6,45,7,400,0.4275
10.781,15.341,0.0,885.2,6.0,99.671,0.8,,0,-98.23,7,45,2,342,0.4211
10.984,15.572,0.0,899.64,6.0,99.881,0.85,,0,-98.201,7,45,3,305,0.4262
11.077,15.097,0.0,843.72,6.0,99.95,0.9,,0,-98.313,7,45,3,302,0.4338
11.554,22.636,0.0,276.99,6.0,99.955,0.95,,2,-99.446,7,45,7,563,0.4121
12.044,25.34,0.0,393.54,6.0,99.951,1.0,,3,-99.213,7,45,7,400,0.4275
10.781,15.341,0.0,885.2,6.0,99.671,0.8,,0,-98.23,8,45,2,342,0.4211
10.984,15.572,0.0,899.64,6.0,99.881,0.85,,0,-98.201,8,45,3,305,0.4262
11.077,15.097,0.0,843.72,6.0,99.95,0.9,,0,-98.313,8,45,3,302,0.4338
11.554,22.636,0.0,276.99,6.0,99.955,0.95,,2,-99.446,8,45,7,563,0.4121
12.044,25.34,0.0,393.54,6.0,99.951,1.0,,3,-99.213,8,45,7,400,0.4275
10.781,15.341,0.0,885.2,6.0,99.671,0.8,,0,-98.23,9,45,2,342,0.4211
10.984,15.572,0.0,899.64,6.0,99.881,0.85,,0,-98.201,9,45,3,305,0.4262
11.077,15.097,0.0,843.72,6.0,99.95,0.9,,0,-98.313,9,45,3,302,0.4338
11.554,22.636,0.0,276.99,6.0,99.955,0.95,,2,-99.446,9,45,7,563,0.4121
12.044,25.34,0.0,393.54,6.0,99.951,1.0,,3,-99.213,9,45,7,400,0.4275
10.781,15.341,0.0,885.2,6.0,99.671,0.8,,0,-98.23,10,45,2,342,0.4211
10.984,15.572,0.0,899.64,6.0,99.881,0.85,,0,-98.201,10,45,3,305,0.4262
11.077,15.097,0.0,843.72,6.0,99.95,0.9,,0,-98.313,10,45,3,302,0.4338
11.554,22.636,0.0,276.99,6.0,99.955,0.95,,2,-99.446,10,45,7,563,0.4121
12.044,25.34,0.0,393.54,6.0,99.951,1.0,,3,-99.213,10,45,7,400,0.4275
12.746,19.238,0.0,14918.19,6.0,89.893,0.8,,1,-70.164,1,50,9,1955,0.402
12.69,20.313,0.0,41596.06,6.0,72.642,0.85,,4,-16.808,1,50,9,1281,0.3989
12.963,21.88,0.0,113476.7,6.0,63.98,0.9,,5,126.953,1,50,9,985,0.4051
13.041,23.486,0.0,156678.69,6.0,68.843,0.95,,5,213.357,1,50,9,735,0.4041
13.768,26.133,0.0,229968.42,6.0,62.365,1.0,,7,359.937,1,50,9,524,0.4141
12.005,18.153,0.0,2677.55,6.0,98.215,0.8,,1,-94.645,2,50,8,1603,0.4024
12.69,20.313,0.0,5137.7,6.0,98.073,0.85,,4,-89.725,2,50,9,1281,0.3989
12.963,21.88,0.0,53932.25,6.0,90.852,0.9,,5,7.864,2,50,9,985,0.4051
13.041,23.486,0.0,136664.9,6.0,93.121,0.95,,5,173.33,2,50,9,735,0.4041
13.768,26.133,0.0,361655.49,6.0,88.404,1.0,,6,623.311,2,50,9,524,0.4141
10.869,14.213,0.0,1673.49,6.0,99.196,0.8,,0,-96.653,3,50,4,774,0.416
12.158,19.378,0.0,1218.05,6.0,99.566,0.85,,2,-97.564,3,50,8,1127,0.4002
12.963,21.88,0.0,6180.61,6.0,99.22,0.9,,4,-87.639,3,50,9,985,0.4051
13.041,23.486,0.0,36119.79,6.0,98.945,0.95,,5,-27.76,3,50,9,735,0.4041
13.768,26.133,0.0,192658.51,6.0,97.596,1.0,,5,285.317,3,50,9,524,0.4141
10.856,14.53,0.0,1214.38,6.0,99.529,0.8,,0,-97.571,4,50,3,612,0.4216
10.797,16.18,0.0,1275.54,6.0,99.697,0.85,,2,-97.449,4,50,6,758,0.4063
12.439,21.125,0.0,1210.44,6.0,99.825,0.9,,2,-97.579,4,50,8,875,0.408
13.041,23.486,0.0,3685.29,6.0,99.833,0.95,,3,-92.629,4,50,9,735,0.4041
13.768,26.133,0.0,35820.54,6.0,99.667,1.0,,5,-28.359,4,50,9,524,0.4141
10.853,15.163,0.0,1066.06,6.0,99.621,0.8,,0,-97.868,5,50,2,358,0.4134
10.88,15.637,0.0,958.44,6.0,99.836,0.85,,0,-98.083,5,50,4,484,0.4153
11.128,15.226,0.0,942.16,6.0,99.915,0.9,,1,-98.116,5,50,4,395,0.4203
12.546,23.479,0.0,918.27,6.0,99.802,0.95,,2,-98.163,5,50,8,674,0.4036
13.768,26.133,0.0,2705.9,6.0,99.962,1.0,,4,-94.588,5,50,9,524,0.4141
10.781,15.341,0.0,885.2,6.0,99.671,0.8,,0,-98.23,6,50,2,342,0.4211
10.984,15.572,0.0,899.64,6.0,99.881,0.85,,0,-98.201,6,50,3,305,0.4262
11.077,15.097,0.0,843.72,6.0,99.95,0.9,,0,-98.313,6,50,3,302,0.4338
11.554,22.636,0.0,276.99,6.0,99.955,0.95,,2,-99.446,6,50,7,563,0.4121
12.044,25.34,0.0,393.54,6.0,99.951,1.0,,3,-99.213,6,50,7,400,0.4275
10.781,15.341,0.0,885.2,6.0,99.671,0.8,,0,-98.23,7,50,2,342,0.4211
10.984,15.572,0.0,899.64,6.0,99.881,0.85,,0,-98.201,7,50,3,305,0.4262
11.077,15.097,0.0,843.72,6.0,99.95,0.9,,0,-98.313,7,50,3,302,0.4338
11.554,22.636,0.0,276.99,6.0,99.955,0.95,,2,-99.446,7,50,7,563,0.4121
12.044,25.34,0.0,393.54,6.0,99.951,1.0,,3,-99.213,7,50,7,400,0.4275
10.781,15.341,0.0,885.2,6.0,99.671,0.8,,0,-98.23,8,50,2,342,0.4211
10.984,15.572,0.0,899.64,6.0,99.881,0.85,,0,-98.201,8,50,3,305,0.4262
11.077,15.097,0.0,843.72,6.0,99.95,0.9,,0,-98.313,8,50,3,302,0.4338
11.554,22.636,0.0,276.99,6.0,99.955,0.95,,2,-99.446,8,50,7,563,0.4121
12.044,25.34,0.0,393.54,6.0,99.951,1.0,,3,-99.213,8,50,7,400,0.4275
10.781,15.341,0.0,885.2,6.0,99.671,0.8,,0,-98.23,9,50,2,342,0.4211
10.984,15.572,0.0,899.64,6.0,99.881,0.85,,0,-98.201,9,50,3,305,0.4262
11.077,15.097,0.0,843.72,6.0,99.95,0.9,,0,-98.313,9,50,3,302,0.4338
11.554,22.636,0.0,276.99,6.0,99.955,0.95,,2,-99.446,9,50,7,563,0.4121
12.044,25.34,0.0,393.54,6.0,99.951,1.0,,3,-99.213,9,50,7,400,0.4275
10.781,15.341,0.0,885.2,6.0,99.671,0.8,,0,-98.23,10,50,2,342,0.4211
10.984,15.572,0.0,899.64,6.0,99.881,0.85,,0,-98.201,10,50,3,305,0.4262
11.077,15.097,0.0,843.72,6.0,99.95,0.9,,0,-98.313,10,50,3,302,0.4338
11.554,22.636,0.0,276.99,6.0,99.955,0.95,,2,-99.446,10,50,7,563,0.4121
12.044,25.34,0.0,393.54,6.0,99.951,1.0,,3,-99.213,10,50,7,400,0.4275
12.746,19.238,0.0,14918.19,6.0,89.893,0.8,,1,-70.164,1,55,9,1955,0.402
12.69,20.313,0.0,41596.06,6.0,72.642,0.85,,4,-16.808,1,55,9,1281,0.3989
12.963,21.88,0.0,113476.7,6.0,63.98,0.9,,5,126.953,1,55,9,985,0.4051
13.041,23.486,0.0,156678.69,6.0,68.843,0.95,,5,213.357,1,55,9,735,0.4041
13.768,26.133,0.0,229968.42,6.0,62.365,1.0,,7,359.937,1,55,9,524,0.4141
12.005,18.153,0.0,2677.55,6.0,98.215,0.8,,1,-94.645,2,55,8,1603,0.4024
12.69,20.313,0.0,5137.7,6.0,98.073,0.85,,4,-89.725,2,55,9,1281,0.3989
12.963,21.88,0.0,53932.25,6.0,90.852,0.9,,5,7.864,2,55,9,985,0.4051
13.041,23.486,0.0,136664.9,6.0,93.121,0.95,,5,173.33,2,55,9,735,0.4041
13.768,26.133,0.0,361655.49,6.0,88.404,1.0,,6,623.311,2,55,9,524,0.4141
10.869,14.213,0.0,1673.49,6.0,99.196,0.8,,0,-96.653,3,55,4,774,0.416
12.158,19.378,0.0,1218.05,6.0,99.566,0.85,,2,-97.564,3,55,8,1127,0.4002
12.963,21.88,0.0,6180.61,6.0,99.22,0.9,,4,-87.639,3,55,9,985,0.4051
13.041,23.486,0.0,36119.79,6.0,98.945,0.95,,5,-27.76,3,55,9,735,0.4041
13.768,26.133,0.0,192658.51,6.0,97.596,1.0,,5,285.317,3,55,9,524,0.4141
10.856,14.53,0.0,1214.38,6.0,99.529,0.8,,0,-97.571,4,55,3,612,0.4216
10.797,16.18,0.0,1275.54,6.0,99.697,0.85,,2,-97.449,4,55,6,758,0.4063
12.439,21.125,0.0,1210.44,6.0,99.825,0.9,,2,-97.579,4,55,8,875,0.408
13.041,23.486,0.0,3685.29,6.0,99.833,0.95,,3,-92.629,4,55,9,735,0.4041
13.768,26.133,0.0,35820.54,6.0,99.667,1.0,,5,-28.359,4,55,9,524,0.4141
10.853,15.163,0.0,1066.06,6.0,99.621,0.8,,0,-97.868,5,55,2,358,0.4134
10.88,15.637,0.0,958.44,6.0,99.836,0.85,,0,-98.083,5,55,4,484,0.4153
11.128,15.226,0.0,942.16,6.0,99.915,0.9,,1,-98.116,5,55,4,395,0.4203
12.546,23.479,0.0,918.27,6.0,99.802,0.95,,2,-98.163,5,55,8,674,0.4036
13.768,26.133,0.0,2705.9,6.0,99.962,1.0,,4,-94.588,5,55,9,524,0.4141
10.781,15.341,0.0,885.2,6.0,99.671,0.8,,0,-98.23,6,55,2,342,0.4211
10.984,15.572,0.0,899.64,6.0,99.881,0.85,,0,-98.201,6,55,3,305,0.4262
11.077,15.097,0.0,843.72,6.0,99.95,0.9,,0,-98.313,6,55,3,302,0.4338
11.554,22.636,0.0,276.99,6.0,99.955,0.95,,2,-99.446,6,55,7,563,0.4121
12.044,25.34,0.0,393.54,6.0,99.951,1.0,,3,-99.213,6,55,7,400,0.4275
10.781,15.341,0.0,885.2,6.0,99.671,0.8,,0,-98.23,7,55,2,342,0.4211
10.984,15.572,0.0,899.64,6.0,99.881,0.85,,0,-98.201,7,55,3,305,0.4262
11.077,15.097,0.0,843.72,6.0,99.95,0.9,,0,-98.313,7,55,3,302,0.4338
11.554,22.636,0.0,276.99,6.0,99.955,0.95,,2,-99.446,7,55,7,563,0.4121
12.044,25.34,0.0,393.54,6.0,99.951,1.0,,3,-99.213,7,55,7,400,0.4275
10.781,15.341,0.0,885.2,6.0,99.671,0.8,,0,-98.23,8,55,2,342,0.4211
10.984,15.572,0.0,899.64,6.0,99.881,0.85,,0,-98.201,8,55,3,305,0.4262
11.077,15.097,0.0,843.72,6.0,99.95,0.9,,0,-98.313,8,55,3,302,0.4338
11.554,22.636,0.0,276.99,6.0,99.955,0.95,,2,-99.446,8,55,7,563,0.4121
12.044,25.34,0.0,393.54,6.0,99.951,1.0,,3,-99.213,8,55,7,400,0.4275
10.781,15.341,0.0,885.2,6.0,99.671,0.8,,0,-98.23,9,55,2,342,0.4211
10.984,15.572,0.0,899.64,6.0,99.881,0.85,,0,-98.201,9,55,3,305,0.4262
11.077,15.097,0.0,843.72,6.0,99.95,0.9,,0,-98.313,9,55,3,302,0.4338
11.554,22.636,0.0,276.99,6.0,99.955,0.95,,2,-99.446,9,55,7,563,0.4121
12.044,25.34,0.0,393.54,6.0,99.951,1.0,,3,-99.213,9,55,7,400,0.4275
10.781,15.341,0.0,885.2,6.0,99.671,0.8,,0,-98.23,10,55,2,342,0.4211
10.984,15.572,0.0,899.64,6.0,99.881,0.85,,0,-98.201,10,55,3,305,0.4262
11.077,15.097,0.0,843.72,6.0,99.95,0.9,,0,-98.313,10,55,3,302,0.4338
11.554,22.636,0.0,276.99,6.0,99.955,0.95,,2,-99.446,10,55,7,563,0.4121
12.044,25.34,0.0,393.54,6.0,99.951,1.0,,3,-99.213,10,55,7,400,0.4275
12.746,19.238,0.0,14918.19,6.0,89.893,0.8,,1,-70.164,1,60,9,1955,0.402
12.69,20.313,0.0,41596.06,6.0,72.642,0.85,,4,-16.808,1,60,9,1281,0.3989
12.963,21.88,0.0,113476.7,6.0,63.98,0.9,,5,126.953,1,60,9,985,0.4051
13.041,23.486,0.0,156678.69,6.0,68.843,0.95,,5,213.357,1,60,9,735,0.4041
13.768,26.133,0.0,229968.42,6.0,62.365,1.0,,7,359.937,1,60,9,524,0.4141
12.005,18.153,0.0,2677.55,6.0,98.215,0.8,,1,-94.645,2,60,8,1603,0.4024
12.69,20.313,0.0,5137.7,6.0,98.073,0.85,,4,-89.725,2,60,9,1281,0.3989
12.963,21.88,0.0,53932.25,6.0,90.852,0.9,,5,7.864,2,60,9,985,0.4051
13.041,23.486,0.0,136664.9,6.0,93.121,0.95,,5,173.33,2,60,9,735,0.4041
13.768,26.133,0.0,361655.49,6.0,88.404,1.0,,6,623.311,2,60,9,524,0.4141
10.869,14.213,0.0,1673.49,6.0,99.196,0.8,,0,-96.653,3,60,4,774,0.416
12.158,19.378,0.0,1218.05,6.0,99.566,0.85,,2,-97.564,3,60,8,1127,0.4002
12.963,21.88,0.0,6180.61,6.0,99.22,0.9,,4,-87.639,3,60,9,985,0.4051
13.041,23.486,0.0,36119.79,6.0,98.945,0.95,,5,-27.76,3,60,9,735,0.4041
13.768,26.133,0.0,192658.51,6.0,97.596,1.0,,5,285.317,3,60,9,524,0.4141
10.856,14.53,0.0,1214.38,6.0,99.529,0.8,,0,-97.571,4,60,3,612,0.4216
10.797,16.18,0.0,1275.54,6.0,99.697,0.85,,2,-97.449,4,60,6,758,0.4063
12.439,21.125,0.0,1210.44,6.0,99.825,0.9,,2,-97.579,4,60,8,875,0.408
13.041,23.486,0.0,3685.29,6.0,99.833,0.95,,3,-92.629,4,60,9,735,0.4041
13.768,26.133,0.0,35820.54,6.0,99.667,1.0,,5,-28.359,4,60,9,524,0.4141
10.853,15.163,0.0,1066.06,6.0,99.621,0.8,,0,-97.868,5,60,2,358,0.4134
10.88,15.637,0.0,958.44,6.0,99.836,0.85,,0,-98.083,5,60,4,484,0.4153
11.128,15.226,0.0,942.16,6.0,99.915,0.9,,1,-98.116,5,60,4,395,0.4203
12.546,23.479,0.0,918.27,6.0,99.802,0.95,,2,-98.163,5,60,8,674,0.4036
13.768,26.133,0.0,2705.9,6.0,99.962,1.0,,4,-94.588,5,60,9,524,0.4141
10.781,15.341,0.0,885.2,6.0,99.671,0.8,,0,-98.23,6,60,2,342,0.4211
10.984,15.572,0.0,899.64,6.0,99.881,0.85,,0,-98.201,6,60,3,305,0.4262
11.077,15.097,0.0,843.72,6.0,99.95,0.9,,0,-98.313,6,60,3,302,0.4338
11.554,22.636,0.0,276.99,6.0,99.955,0.95,,2,-99.446,6,60,7,563,0.4121
12.044,25.34,0.0,393.54,6.0,99.951,1.0,,3,-99.213,6,60,7,400,0.4275
10.781,15.341,0.0,885.2,6.0,99.671,0.8,,0,-98.23,7,60,2,342,0.4211
10.984,15.572,0.0,899.64,6.0,99.881,0.85,,0,-98.201,7,60,3,305,0.4262
11.077,15.097,0.0,843.72,6.0,99.95,0.9,,0,-98.313,7,60,3,302,0.4338
11.554,22.636,0.0,276.99,6.0,99.955,0.95,,2,-99.446,7,60,7,563,0.4121
12.044,25.34,0.0,393.54,6.0,99.951,1.0,,3,-99.213,7,60,7,400,0.4275
10.781,15.341,0.0,885.2,6.0,99.671,0.8,,0,-98.23,8,60,2,342,0.4211
10.984,15.572,0.0,899.64,6.0,99.881,0.85,,0,-98.201,8,60,3,305,0.4262
11.077,15.097,0.0,843.72,6.0,99.95,0.9,,0,-98.313,8,60,3,302,0.4338
11.554,22.636,0.0,276.99,6.0,99.955,0.95,,2,-99.446,8,60,7,563,0.4121
12.044,25.34,0.0,393.54,6.0,99.951,1.0,,3,-99.213,8,60,7,400,0.4275
10.781,15.341,0.0,885.2,6.0,99.671,0.8,,0,-98.23,9,60,2,342,0.4211
10.984,15.572,0.0,899.64,6.0,99.881,0.85,,0,-98.201,9,60,3,305,0.4262
11.077,15.097,0.0,843.72,6.0,99.95,0.9,,0,-98.313,9,60,3,302,0.4338
11.554,22.636,0.0,276.99,6.0,99.955,0.95,,2,-99.446,9,60,7,563,0.4121
12.044,25.34,0.0,393.54,6.0,99.951,1.0,,3,-99.213,9,60,7,400,0.4275
10.781,15.341,0.0,885.2,6.0,99.671,0.8,,0,-98.23,10,60,2,342,0.4211
10.984,15.572,0.0,899.64,6.0,99.881,0.85,,0,-98.201,10,60,3,305,0.4262
11.077,15.097,0.0,843.72,6.0,99.95,0.9,,0,-98.313,10,60,3,302,0.4338
11.554,22.636,0.0,276.99,6.0,99.955,0.95,,2,-99.446,10,60,7,563,0.4121
12.044,25.34,0.0,393.54,6.0,99.951,1.0,,3,-99.213,10,60,7,400,0.4275
13.066,19.259,0.0,18530.71,6.5,87.736,0.8,,4,-62.939,1,5,9,1952,0.4073
12.955,20.273,0.0,55411.17,6.5,69.755,0.85,,4,10.822,1,5,9,1280,0.4062
13.253,21.709,0.0,106286.82,6.5,60.527,0.9,,5,112.574,1,5,9,985,0.4122
13.29,23.28,0.0,170289.05,6.5,65.486,0.95,,6,240.578,1,5,9,735,0.4122
14.103,25.892,0.0,231248.37,6.5,59.16,1.0,,7,362.497,1,5,9,524,0.4237
12.357,18.245,0.0,2846.86,6.5,97.888,0.8,,1,-94.306,2,5,8,1618,0.4073
12.955,20.273,0.0,9927.54,6.5,96.205,0.85,,4,-80.145,2,5,9,1280,0.4062
13.253,21.709,0.0,65477.52,6.5,88.33,0.9,,4,30.955,2,5,9,985,0.4122
13.29,23.28,0.0,172658.9,6.5,91.271,0.95,,6,245.318,2,5,9,735,0.4122
14.103,25.892,0.0,404822.04,6.5,85.756,1.0,,6,709.644,2,5,9,524,0.4237
11.302,14.452,0.0,1887.69,6.5,98.978,0.8,,0,-96.225,3,5,4,774,0.4212
12.669,19.816,0.0,1743.57,6.5,99.262,0.85,,3,-96.513,3,5,9,1181,0.4039
13.253,21.709,0.0,10869.65,6.5,98.209,0.9,,4,-78.261,3,5,9,985,0.4122
13.29,23.28,0.0,65493.28,6.5,98.381,0.95,,6,30.987,3,5,9,735,0.4122
14.103,25.892,0.0,289253.79,6.5,96.435,1.0,,6,478.508,3,5,9,524,0.4237
11.279,14.613,0.0,1419.39,6.5,99.368,0.8,,0,-97.161,4,5,3,607,0.4283
11.472,16.646,0.0,1411.25,6.5,99.585,0.85,,3,-97.178,4,5,7,955,0.4147
12.955,21.378,0.0,1328.56,6.5,99.737,0.9,,3,-97.343,4,5,9,910,0.4121
13.29,23.28,0.0,9207.76,6.5,99.74,0.95,,4,-81.584,4,5,9,735,0.4122
14.103,25.892,0.0,83005.17,6.5,99.372,1.0,,5,66.01,4,5,9,524,0.4237
11.461,15.095,0.0,1058.45,6.5,99.579,0.8,,0,-97.883,5,5,3,432,0.4259
11.056,16.285,0.0,1060.55,6.5,99.774,0.85,,1,-97.879,5,5,5,746,0.4155
11.683,17.396,0.0,1069.74,6.5,99.861,0.9,,2,-97.861,5,5,7,739,0.4235
12.892,23.28,0.0,1168.44,6.5,99.827,0.95,,2,-97.663,5,5,9,686,0.4052
14.103,25.892,0.0,9424.85,6.5,99.92,1.0,,5,-81.15,5,5,9,524,0.4237
11.169,15.464,0.0,961.85,6.5,99.595,0.8,,0,-98.076,6,5,2,341,0.4252
11.138,15.072,0.0,885.2,6.5,99.852,0.85,,0,-98.23,6,5,3,406,0.4335
11.388,15.111,0.0026,963.42,6.5,99.913,0.9,,1,-98.073,6,5,4,340,0.4324
12.616,23.288,0.0,456.01,6.5,99.898,0.95,,2,-99.088,6,5,8,649,0.4145
13.812,26.089,0.0,481.74,6.5,99.973,1.0,,3,-99.037,6,5,9,492,0.4146
12.1,14.8,0.0,843.46,6.5,99.63,0.8,,0,-98.313,7,5,2,202,0.4505
11.181,15.042,0.0,797.26,6.5,99.879,0.85,,0,-98.405,7,5,3,337,0.4392
11.25,15.302,0.0,891.24,6.5,99.931,0.9,,0,-98.218,7,5,3,298,0.443
11.823,22.486,0.0,166.21,6.5,99.967,0.95,,2,-99.668,7,5,7,563,0.421
12.423,25.195,0.0,426.35,6.5,99.939,1.0,,3,-99.147,7,5,7,400,0.4375
12.1,14.8,0.0,843.46,6.5,99.63,0.8,,0,-98.313,8,5,2,202,0.4505
11.181,15.042,0.0,797.26,6.5,99.879,0.85,,0,-98.405,8,5,3,337,0.4392
11.25,15.302,0.0,891.24,6.5,99.931,0.9,,0,-98.218,8,5,3,298,0.443
11.823,22.486,0.0,166.21,6.5,99.967,0.95,,2,-99.668,8,5,7,563,0.421
12.423,25.195,0.0,426.35,6.5,99.939,1.0,,3,-99.147,8,5,7,400,0.4375
12.1,14.8,0.0,843.46,6.5,99.63,0.8,,0,-98.313,9,5,2,202,0.4505
11.181,15.042,0.0,797.26,6.5,99.879,0.85,,0,-98.405,9,5,3,337,0.4392
11.25,15.302,0.0,891.24,6.5,99.931,0.9,,0,-98.218,9,5,3,298,0.443
11.823,22.486,0.0,166.21,6.5,99.967,0.95,,2,-99.668,9,5,7,563,0.421
12.423,25.195,0.0,426.35,6.5,99.939,1.0,,3,-99.147,9,5,7,400,0.4375
12.1,14.8,0.0,843.46,6.5,99.63,0.8,,0,-98.313,10,5,2,202,0.4505
11.181,15.042,0.0,797.26,6.5,99.879,0.85,,0,-98.405,10,5,3,337,0.4392
11.25,15.302,0.0,891.24,6.5,99.931,0.9,,0,-98.218,10,5,3,298,0.443
11.823,22.486,0.0,166.21,6.5,99.967,0.95,,2,-99.668,10,5,7,563,0.421
12.423,25.195,0.0,426.35,6.5,99.939,1.0,,3,-99.147,10,5,7,400,0.4375
13.103,19.259,0.0,11851.66,6.5,91.087,0.8,,3,-76.297,1,10,9,1952,0.4073
12.993,20.273,0.0,48657.05,6.5,70.085,0.85,,4,-2.686,1,10,9,1280,0.4062
13.278,21.709,0.0,106207.29,6.5,60.583,0.9,,5,112.415,1,10,9,985,0.4122
13.314,23.28,0.0,167354.56,6.5,65.255,0.95,,6,234.709,1,10,9,735,0.4122
14.103,25.892,0.0,231248.37,6.5,59.16,1.0,,7,362.497,1,10,9,524,0.4237
12.466,18.22,0.0,2895.16,6.5,97.723,0.8,,0,-94.21,2,10,8,1624,0.407
12.993,20.273,0.0,9964.55,6.5,96.048,0.85,,4,-80.071,2,10,9,1280,0.4062
13.278,21.709,0.0,62236.7,6.5,88.302,0.9,,4,24.473,2,10,9,985,0.4122
13.314,23.28,0.0,166504.06,6.5,91.224,0.95,,6,233.008,2,10,9,735,0.4122
14.103,25.892,0.0,404822.04,6.5,85.756,1.0,,6,709.644,2,10,9,524,0.4237
11.375,14.452,0.0,1908.16,6.5,98.892,0.8,,0,-96.184,3,10,4,772,0.4223
12.464,19.391,0.0,1590.27,6.5,99.288,0.85,,3,-96.819,3,10,8,1126,0.4076
13.278,21.709,0.0,10788.01,6.5,98.441,0.9,,4,-78.424,3,10,9,985,0.4122
13.314,23.28,0.0,62812.36,6.5,98.373,0.95,,6,25.625,3,10,9,735,0.4122
14.103,25.892,0.0,289253.79,6.5,96.435,1.0,,6,478.508,3,10,9,524,0.4237
11.361,14.613,0.0,1343.0,6.5,99.336,0.8,,0,-97.314,4,10,3,607,0.4283
11.524,16.646,0.0,1432.25,6.5,99.551,0.85,,3,-97.136,4,10,7,955,0.4147
12.941,21.378,0.0,1444.85,6.5,99.709,0.9,,3,-97.11,4,10,9,909,0.4125
13.314,23.28,0.0,8788.55,6.5,99.752,0.95,,4,-82.423,4,10,9,735,0.4122
14.103,25.892,0.0,83005.17,6.5,99.372,1.0,,5,66.01,4,10,9,524,0.4237
11.522,15.095,0.0,1087.85,6.5,99.499,0.8,,0,-97.824,5,10,3,432,0.4259
11.091,16.285,0.0,1157.94,6.5,99.73,0.85,,1,-97.684,5,10,5,743,0.4172
11.717,17.396,0.0,1056.87,6.5,99.86,0.9,,2,-97.886,5,10,7,739,0.4235
12.939,23.28,0.0,1168.96,6.5,99.807,0.95,,2,-97.662,5,10,9,685,0.4058
14.103,25.892,0.0,9424.85,6.5,99.92,1.0,,5,-81.15,5,10,9,524,0.4237
11.211,15.39,0.0,948.99,6.5,99.531,0.8,,0,-98.102,6,10,2,345,0.4232
11.237,15.173,0.0,955.29,6.5,99.822,0.85,,0,-98.089,6,10,3,399,0.4361
11.409,15.111,0.0142,968.67,6.5,99.91,0.9,,1,-98.063,6,10,4,340,0.4324
12.644,23.288,0.0,418.21,6.5,99.907,0.95,,2,-99.164,6,10,8,649,0.4145
13.812,26.089,0.0,481.74,6.5,99.973,1.0,,3,-99.037,6,10,9,492,0.4146
12.297,14.8,0.0,848.45,6.5,99.567,0.8,,0,-98.303,7,10,2,200,0.455
11.24,15.042,0.0,828.5,6.5,99.859,0.85,,0,-98.343,7,10,3,337,0.4392
11.274,15.302,0.0,892.55,6.5,99.929,0.9,,0,-98.215,7,10,3,298,0.443
11.855,22.486,0.0,214.25,6.5,99.957,0.95,,2,-99.572,7,10,7,563,0.421
12.423,25.195,0.0,426.35,6.5,99.939,1.0,,3,-99.147,7,10,7,400,0.4375
12.297,14.8,0.0,848.45,6.5,99.567,0.8,,0,-98.303,8,10,2,200,0.455
11.24,15.042,0.0,828.5,6.5,99.859,0.85,,0,-98.343,8,10,3,337,0.4392
11.274,15.302,0.0,892.55,6.5,99.929,0.9,,0,-98.215,8,10,3,298,0.443
11.855,22.486,0.0,214.25,6.5,99.957,0.95,,2,-99.572,8,10,7,563,0.421
12.423,25.195,0.0,426.35,6.5,99.939,1.0,,3,-99.147,8,10,7,400,0.4375
12.297,14.8,0.0,848.45,6.5,99.567,0.8,,0,-98.303,9,10,2,200,0.455
11.24,15.042,0.0,828.5,6.5,99.859,0.85,,0,-98.343,9,10,3,337,0.4392
11.274,15.302,0.0,892.55,6.5,99.929,0.9,,0,-98.215,9,10,3,298,0.443
11.855,22.486,0.0,214.25,6.5,99.957,0.95,,2,-99.572,9,10,7,563,0.421
12.423,25.195,0.0,426.35,6.5,99.939,1.0,,3,-99.147,9,10,7,400,0.4375
12.297,14.8,0.0,848.45,6.5,99.567,0.8,,0,-98.303,10,10,2,200,0.455
11.24,15.042,0.0,828.5,6.5,99.859,0.85,,0,-98.343,10,10,3,337,0.4392
11.274,15.302,0.0,892.55,6.5,99.929,0.9,,0,-98.215,10,10,3,298,0.443
11.855,22.486,0.0,214.25,6.5,99.957,0.95,,2,-99.572,10,10,7,563,0.421
12.423,25.195,0.0,426.35,6.5,99.939,1.0,,3,-99.147,10,10,7,400,0.4375
13.103,19.259,0.0,11851.66,6.5,91.087,0.8,,3,-76.297,1,15,9,1952,0.4073
12.993,20.273,0.0,48657.05,6.5,70.085,0.85,,4,-2.686,1,15,9,1280,0.4062
13.278,21.709,0.0,106207.29,6.5,60.583,0.9,,5,112.415,1,15,9,985,0.4122
13.314,23.28,0.0,167354.56,6.5,65.255,0.95,,6,234.709,1,15,9,735,0.4122
14.103,25.892,0.0,231248.37,6.5,59.16,1.0,,7,362.497,1,15,9,524,0.4237
12.466,18.22,0.0,2895.16,6.5,97.723,0.8,,0,-94.21,2,15,8,1624,0.407
12.993,20.273,0.0,9964.55,6.5,96.048,0.85,,4,-80.071,2,15,9,1280,0.4062
13.278,21.709,0.0,62236.7,6.5,88.302,0.9,,4,24.473,2,15,9,985,0.4122
13.314,23.28,0.0,166504.06,6.5,91.224,0.95,,6,233.008,2,15,9,735,0.4122
14.103,25.892,0.0,404822.04,6.5,85.756,1.0,,6,709.644,2,15,9,524,0.4237
11.375,14.452,0.0,1908.16,6.5,98.892,0.8,,0,-96.184,3,15,4,772,0.4223
12.464,19.391,0.0,1590.27,6.5,99.288,0.85,,3,-96.819,3,15,8,1126,0.4076
13.278,21.709,0.0,10788.01,6.5,98.441,0.9,,4,-78.424,3,15,9,985,0.4122
13.314,23.28,0.0,62812.36,6.5,98.373,0.95,,6,25.625,3,15,9,735,0.4122
14.103,25.892,0.0,289253.79,6.5,96.435,1.0,,6,478.508,3,15,9,524,0.4237
11.361,14.613,0.0,1343.0,6.5,99.336,0.8,,0,-97.314,4,15,3,607,0.4283
11.524,16.646,0.0,1432.25,6.5,99.551,0.85,,3,-97.136,4,15,7,955,0.4147
12.941,21.378,0.0,1444.85,6.5,99.709,0.9,,3,-97.11,4,15,9,909,0.4125
13.314,23.28,0.0,8788.55,6.5,99.752,0.95,,4,-82.423,4,15,9,735,0.4122
14.103,25.892,0.0,83005.17,6.5,99.372,1.0,,5,66.01,4,15,9,524,0.4237
11.522,15.095,0.0,1087.85,6.5,99.499,0.8,,0,-97.824,5,15,3,432,0.4259
11.091,16.285,0.0,1157.94,6.5,99.73,0.85,,1,-97.684,5,15,5,743,0.4172
11.717,17.396,0.0,1056.87,6.5,99.86,0.9,,2,-97.886,5,15,7,739,0.4235
12.939,23.28,0.0,1168.96,6.5,99.807,0.95,,2,-97.662,5,15,9,685,0.4058
14.103,25.892,0.0,9424.85,6.5,99.92,1.0,,5,-81.15,5,15,9,524,0.4237
11.211,15.39,0.0,948.99,6.5,99.531,0.8,,0,-98.102,6,15,2,345,0.4232
11.237,15.173,0.0,955.29,6.5,99.822,0.85,,0,-98.089,6,15,3,399,0.4361
11.409,15.111,0.0142,968.67,6.5,99.91,0.9,,1,-98.063,6,15,4,340,0.4324
12.644,23.288,0.0,418.21,6.5,99.907,0.95,,2,-99.164,6,15,8,649,0.4145
13.812,26.089,0.0,481.74,6.5,99.973,1.0,,3,-99.037,6,15,9,492,0.4146
12.297,14.8,0.0,848.45,6.5,99.567,0.8,,0,-98.303,7,15,2,200,0.455
11.24,15.042,0.0,828.5,6.5,99.859,0.85,,0,-98.343,7,15,3,337,0.4392
11.274,15.302,0.0,892.55,6.5,99.929,0.9,,0,-98.215,7,15,3,298,0.443
11.855,22.486,0.0,214.25,6.5,99.957,0.95,,2,-99.572,7,15,7,563,0.421
12.423,25.195,0.0,426.35,6.5,99.939,1.0,,3,-99.147,7,15,7,400,0.4375
12.297,14.8,0.0,848.45,6.5,99.567,0.8,,0,-98.303,8,15,2,200,0.455
11.24,15.042,0.0,828.5,6.5,99.859,0.85,,0,-98.343,8,15,3,337,0.4392
11.274,15.302,0.0,892.55,6.5,99.929,0.9,,0,-98.215,8,15,3,298,0.443
11.855,22.486,0.0,214.25,6.5,99.957,0.95,,2,-99.572,8,15,7,563,0.421
12.423,25.195,0.0,426.35,6.5,99.939,1.0,,3,-99.147,8,15,7,400,0.4375
12.297,14.8,0.0,848.45,6.5,99.567,0.8,,0,-98.303,9,15,2,200,0.455
11.24,15.042,0.0,828.5,6.5,99.859,0.85,,0,-98.343,9,15,3,337,0.4392
11.274,15.302,0.0,892.55,6.5,99.929,0.9,,0,-98.215,9,15,3,298,0.443
11.855,22.486,0.0,214.25,6.5,99.957,0.95,,2,-99.572,9,15,7,563,0.421
12.423,25.195,0.0,426.35,6.5,99.939,1.0,,3,-99.147,9,15,7,400,0.4375
12.297,14.8,0.0,848.45,6.5,99.567,0.8,,0,-98.303,10,15,2,200,0.455
11.24,15.042,0.0,828.5,6.5,99.859,0.85,,0,-98.343,10,15,3,337,0.4392
11.274,15.302,0.0,892.55,6.5,99.929,0.9,,0,-98.215,10,15,3,298,0.443
11.855,22.486,0.0,214.25,6.5,99.957,0.95,,2,-99.572,10,15,7,563,0.421
12.423,25.195,0.0,426.35,6.5,99.939,1.0,,3,-99.147,10,15,7,400,0.4375
13.103,19.259,0.0,11851.66,6.5,91.087,0.8,,3,-76.297,1,20,9,1952,0.4073
12.993,20.273,0.0,48657.05,6.5,70.085,0.85,,4,-2.686,1,20,9,1280,0.4062
13.278,21.709,0.0,106207.29,6.5,60.583,0.9,,5,112.415,1,20,9,985,0.4122
13.314,23.28,0.0,167354.56,6.5,65.255,0.95,,6,234.709,1,20,9,735,0.4122
14.103,25.892,0.0,231248.37,6.5,59.16,1.0,,7,362.497,1,20,9,524,0.4237
12.466,18.22,0.0,2895.16,6.5,97.723,0.8,,0,-94.21,2,20,8,1624,0.407
12.993,20.273,0.0,9964.55,6.5,96.048,0.85,,4,-80.071,2,20,9,1280,0.4062
13.278,21.709,0.0,62236.7,6.5,88.302,0.9,,4,24.473,2,20,9,985,0.4122
13.314,23.28,0.0,166504.06,6.5,91.224,0.95,,6,233.008,2,20,9,735,0.4122
14.103,25.892,0.0,404822.04,6.5,85.756,1.0,,6,709.644,2,20,9,524,0.4237
11.375,14.452,0.0,1908.16,6.5,98.892,0.8,,0,-96.184,3,20,4,772,0.4223
12.464,19.391,0.0,1590.27,6.5,99.288,0.85,,3,-96.819,3,20,8,1126,0.4076
13.278,21.709,0.0,10788.01,6.5,98.441,0.9,,4,-78.424,3,20,9,985,0.4122
13.314,23.28,0.0,62812.36,6.5,98.373,0.95,,6,25.625,3,20,9,735,0.4122
14.103,25.892,0.0,289253.79,6.5,96.435,1.0,,6,478.508,3,20,9,524,0.4237
11.361,14.613,0.0,1343.0,6.5,99.336,0.8,,0,-97.314,4,20,3,607,0.4283
11.524,16.646,0.0,1432.25,6.5,99.551,0.85,,3,-97.136,4,20,7,955,0.4147
12.941,21.378,0.0,1444.85,6.5,99.709,0.9,,3,-97.11,4,20,9,909,0.4125
13.314,23.28,0.0,8788.55,6.5,99.752,0.95,,4,-82.423,4,20,9,735,0.4122
14.103,25.892,0.0,83005.17,6.5,99.372,1.0,,5,66.01,4,20,9,524,0.4237
11.522,15.095,0.0,1087.85,6.5,99.499,0.8,,0,-97.824,5,20,3,432,0.4259
11.091,16.285,0.0,1157.94,6.5,99.73,0.85,,1,-97.684,5,20,5,743,0.4172
11.717,17.396,0.0,1056.87,6.5,99.86,0.9,,2,-97.886,5,20,7,739,0.4235
12.939,23.28,0.0,1168.96,6.5,99.807,0.95,,2,-97.662,5,20,9,685,0.4058
14.103,25.892,0.0,9424.85,6.5,99.92,1.0,,5,-81.15,5,20,9,524,0.4237
11.211,15.39,0.0,948.99,6.5,99.531,0.8,,0,-98.102,6,20,2,345,0.4232
11.237,15.173,0.0,955.29,6.5,99.822,0.85,,0,-98.089,6,20,3,399,0.4361
11.409,15.111,0.0142,968.67,6.5,99.91,0.9,,1,-98.063,6,20,4,340,0.4324
12.644,23.288,0.0,418.21,6.5,99.907,0.95,,2,-99.164,6,20,8,649,0.4145
13.812,26.089,0.0,481.74,6.5,99.973,1.0,,3,-99.037,6,20,9,492,0.4146
12.297,14.8,0.0,848.45,6.5,99.567,0.8,,0,-98.303,7,20,2,200,0.455
11.24,15.042,0.0,828.5,6.5,99.859,0.85,,0,-98.343,7,20,3,337,0.4392
11.274,15.302,0.0,892.55,6.5,99.929,0.9,,0,-98.215,7,20,3,298,0.443
11.855,22.486,0.0,214.25,6.5,99.957,0.95,,2,-99.572,7,20,7,563,0.421
12.423,25.195,0.0,426.35,6.5,99.939,1.0,,3,-99.147,7,20,7,400,0.4375
12.297,14.8,0.0,848.45,6.5,99.567,0.8,,0,-98.303,8,20,2,200,0.455
11.24,15.042,0.0,828.5,6.5,99.859,0.85,,0,-98.343,8,20,3,337,0.4392
11.274,15.302,0.0,892.55,6.5,99.929,0.9,,0,-98.215,8,20,3,298,0.443
11.855,22.486,0.0,214.25,6.5,99.957,0.95,,2,-99.572,8,20,7,563,0.421
12.423,25.195,0.0,426.35,6.5,99.939,1.0,,3,-99.147,8,20,7,400,0.4375
12.297,14.8,0.0,848.45,6.5,99.567,0.8,,0,-98.303,9,20,2,200,0.455
11.24,15.042,0.0,828.5,6.5,99.859,0.85,,0,-98.343,9,20,3,337,0.4392
11.274,15.302,0.0,892.55,6.5,99.929,0.9,,0,-98.215,9,20,3,298,0.443
11.855,22.486,0.0,214.25,6.5,99.957,0.95,,2,-99.572,9,20,7,563,0.421
12.423,25.195,0.0,426.35,6.5,99.939,1.0,,3,-99.147,9,20,7,400,0.4375
12.297,14.8,0.0,848.45,6.5,99.567,0.8,,0,-98.303,10,20,2,200,0.455
11.24,15.042,0.0,828.5,6.5,99.859,0.85,,0,-98.343,10,20,3,337,0.4392
11.274,15.302,0.0,892.55,6.5,99.929,0.9,,0,-98.215,10,20,3,298,0.443
11.855,22.486,0.0,214.25,6.5,99.957,0.95,,2,-99.572,10,20,7,563,0.421
12.423,25.195,0.0,426.35,6.5,99.939,1.0,,3,-99.147,10,20,7,400,0.4375
13.103,19.259,0.0,11851.66,6.5,91.087,0.8,,3,-76.297,1,25,9,1952,0.4073
12.993,20.273,0.0,48657.05,6.5,70.085,0.85,,4,-2.686,1,25,9,1280,0.4062
13.278,21.709,0.0,106207.29,6.5,60.583,0.9,,5,112.415,1,25,9,985,0.4122
13.314,23.28,0.0,167354.56,6.5,65.255,0.95,,6,234.709,1,25,9,735,0.4122
14.103,25.892,0.0,231248.37,6.5,59.16,1.0,,7,362.497,1,25,9,524,0.4237
12.466,18.22,0.0,2895.16,6.5,97.723,0.8,,0,-94.21,2,25,8,1624,0.407
12.993,20.273,0.0,9964.55,6.5,96.048,0.85,,4,-80.071,2,25,9,1280,0.4062
13.278,21.709,0.0,62236.7,6.5,88.302,0.9,,4,24.473,2,25,9,985,0.4122
13.314,23.28,0.0,166504.06,6.5,91.224,0.95,,6,233.008,2,25,9,735,0.4122
14.103,25.892,0.0,404822.04,6.5,85.756,1.0,,6,709.644,2,25,9,524,0.4237
11.375,14.452,0.0,1908.16,6.5,98.892,0.8,,0,-96.184,3,25,4,772,0.4223
12.464,19.391,0.0,1590.27,6.5,99.288,0.85,,3,-96.819,3,25,8,1126,0.4076
13.278,21.709,0.0,10788.01,6.5,98.441,0.9,,4,-78.424,3,25,9,985,0.4122
13.314,23.28,0.0,62812.36,6.5,98.373,0.95,,6,25.625,3,25,9,735,0.4122
14.103,25.892,0.0,289253.79,6.5,96.435,1.0,,6,478.508,3,25,9,524,0.4237
11.361,14.613,0.0,1343.0,6.5,99.336,0.8,,0,-97.314,4,25,3,607,0.4283
11.524,16.646,0.0,1432.25,6.5,99.551,0.85,,3,-97.136,4,25,7,955,0.4147
12.941,21.378,0.0,1444.85,6.5,99.709,0.9,,3,-97.11,4,25,9,909,0.4125
13.314,23.28,0.0,8788.55,6.5,99.752,0.95,,4,-82.423,4,25,9,735,0.4122
14.103,25.892,0.0,83005.17,6.5,99.372,1.0,,5,66.01,4,25,9,524,0.4237
11.522,15.095,0.0,1087.85,6.5,99.499,0.8,,0,-97.824,5,25,3,432,0.4259
11.091,16.285,0.0,1157.94,6.5,99.73,0.85,,1,-97.684,5,25,5,743,0.4172
11.717,17.396,0.0,1056.87,6.5,99.86,0.9,,2,-97.886,5,25,7,739,0.4235
12.939,23.28,0.0,1168.96,6.5,99.807,0.95,,2,-97.662,5,25,9,685,0.4058
14.103,25.892,0.0,9424.85,6.5,99.92,1.0,,5,-81.15,5,25,9,524,0.4237
11.211,15.39,0.0,948.99,6.5,99.531,0.8,,0,-98.102,6,25,2,345,0.4232
11.237,15.173,0.0,955.29,6.5,99.822,0.85,,0,-98.089,6,25,3,399,0.4361
11.409,15.111,0.0142,968.67,6.5,99.91,0.9,,1,-98.063,6,25,4,340,0.4324
12.644,23.288,0.0,418.21,6.5,99.907,0.95,,2,-99.164,6,25,8,649,0.4145
13.812,26.089,0.0,481.74,6.5,99.973,1.0,,3,-99.037,6,25,9,492,0.4146
12.297,14.8,0.0,848.45,6.5,99.567,0.8,,0,-98.303,7,25,2,200,0.455
11.24,15.042,0.0,828.5,6.5,99.859,0.85,,0,-98.343,7,25,3,337,0.4392
11.274,15.302,0.0,892.55,6.5,99.929,0.9,,0,-98.215,7,25,3,298,0.443
11.855,22.486,0.0,214.25,6.5,99.957,0.95,,2,-99.572,7,25,7,563,0.421
12.423,25.195,0.0,426.35,6.5,99.939,1.0,,3,-99.147,7,25,7,400,0.4375
12.297,14.8,0.0,848.45,6.5,99.567,0.8,,0,-98.303,8,25,2,200,0.455
11.24,15.042,0.0,828.5,6.5,99.859,0.85,,0,-98.343,8,25,3,337,0.4392
11.274,15.302,0.0,892.55,6.5,99.929,0.9,,0,-98.215,8,25,3,298,0.443
11.855,22.486,0.0,214.25,6.5,99.957,0.95,,2,-99.572,8,25,7,563,0.421
12.423,25.195,0.0,426.35,6.5,99.939,1.0,,3,-99.147,8,25,7,400,0.4375
12.297,14.8,0.0,848.45,6.5,99.567,0.8,,0,-98.303,9,25,2,200,0.455
11.24,15.042,0.0,828.5,6.5,99.859,0.85,,0,-98.343,9,25,3,337,0.4392
11.274,15.302,0.0,892.55,6.5,99.929,0.9,,0,-98.215,9,25,3,298,0.443
11.855,22.486,0.0,214.25,6.5,99.957,0.95,,2,-99.572,9,25,7,563,0.421
12.423,25.195,0.0,426.35,6.5,99.939,1.0,,3,-99.147,9,25,7,400,0.4375
12.297,14.8,0.0,848.45,6.5,99.567,0.8,,0,-98.303,10,25,2,200,0.455
11.24,15.042,0.0,828.5,6.5,99.859,0.85,,0,-98.343,10,25,3,337,0.4392
11.274,15.302,0.0,892.55,6.5,99.929,0.9,,0,-98.215,10,25,3,298,0.443
11.855,22.486,0.0,214.25,6.5,99.957,0.95,,2,-99.572,10,25,7,563,0.421
12.423,25.195,0.0,426.35,6.5,99.939,1.0,,3,-99.147,10,25,7,400,0.4375
13.103,19.259,0.0,11851.66,6.5,91.087,0.8,,3,-76.297,1,30,9,1952,0.4073
12.993,20.273,0.0,48657.05,6.5,70.085,0.85,,4,-2.686,1,30,9,1280,0.4062
13.278,21.709,0.0,106207.29,6.5,60.583,0.9,,5,112.415,1,30,9,985,0.4122
13.314,23.28,0.0,167354.56,6.5,65.255,0.95,,6,234.709,1,30,9,735,0.4122
14.103,25.892,0.0,231248.37,6.5,59.16,1.0,,7,362.497,1,30,9,524,0.4237
12.466,18.22,0.0,2895.16,6.5,97.723,0.8,,0,-94.21,2,30,8,1624,0.407
12.993,20.273,0.0,9964.55,6.5,96.048,0.85,,4,-80.071,2,30,9,1280,0.4062
13.278,21.709,0.0,62236.7,6.5,88.302,0.9,,4,24.473,2,30,9,985,0.4122
13.314,23.28,0.0,166504.06,6.5,91.224,0.95,,6,233.008,2,30,9,735,0.4122
14.103,25.892,0.0,404822.04,6.5,85.756,1.0,,6,709.644,2,30,9,524,0.4237
11.375,14.452,0.0,1908.16,6.5,98.892,0.8,,0,-96.184,3,30,4,772,0.4223
12.464,19.391,0.0,1590.27,6.5,99.288,0.85,,3,-96.819,3,30,8,1126,0.4076
13.278,21.709,0.0,10788.01,6.5,98.441,0.9,,4,-78.424,3,30,9,985,0.4122
13.314,23.28,0.0,62812.36,6.5,98.373,0.95,,6,25.625,3,30,9,735,0.4122
14.103,25.892,0.0,289253.79,6.5,96.435,1.0,,6,478.508,3,30,9,524,0.4237
11.361,14.613,0.0,1343.0,6.5,99.336,0.8,,0,-97.314,4,30,3,607,0.4283
11.524,16.646,0.0,1432.25,6.5,99.551,0.85,,3,-97.136,4,30,7,955,0.4147
12.941,21.378,0.0,1444.85,6.5,99.709,0.9,,3,-97.11,4,30,9,909,0.4125
13.314,23.28,0.0,8788.55,6.5,99.752,0.95,,4,-82.423,4,30,9,735,0.4122
14.103,25.892,0.0,83005.17,6.5,99.372,1.0,,5,66.01,4,30,9,524,0.4237
11.522,15.095,0.0,1087.85,6.5,99.499,0.8,,0,-97.824,5,30,3,432,0.4259
11.091,16.285,0.0,1157.94,6.5,99.73,0.85,,1,-97.684,5,30,5,743,0.4172
11.717,17.396,0.0,1056.87,6.5,99.86,0.9,,2,-97.886,5,30,7,739,0.4235
12.939,23.28,0.0,1168.96,6.5,99.807,0.95,,2,-97.662,5,30,9,685,0.4058
14.103,25.892,0.0,9424.85,6.5,99.92,1.0,,5,-81.15,5,30,9,524,0.4237
11.211,15.39,0.0,948.99,6.5,99.531,0.8,,0,-98.102,6,30,2,345,0.4232
11.237,15.173,0.0,955.29,6.5,99.822,0.85,,0,-98.089,6,30,3,399,0.4361
11.409,15.111,0.0142,968.67,6.5,99.91,0.9,,1,-98.063,6,30,4,340,0.4324
12.644,23.288,0.0,418.21,6.5,99.907,0.95,,2,-99.164,6,30,8,649,0.4145
13.812,26.089,0.0,481.74,6.5,99.973,1.0,,3,-99.037,6,30,9,492,0.4146
12.297,14.8,0.0,848.45,6.5,99.567,0.8,,0,-98.303,7,30,2,200,0.455
11.24,15.042,0.0,828.5,6.5,99.859,0.85,,0,-98.343,7,30,3,337,0.4392
11.274,15.302,0.0,892.55,6.5,99.929,0.9,,0,-98.215,7,30,3,298,0.443
11.855,22.486,0.0,214.25,6.5,99.957,0.95,,2,-99.572,7,30,7,563,0.421
12.423,25.195,0.0,426.35,6.5,99.939,1.0,,3,-99.147,7,30,7,400,0.4375
12.297,14.8,0.0,848.45,6.5,99.567,0.8,,0,-98.303,8,30,2,200,0.455
11.24,15.042,0.0,828.5,6.5,99.859,0.85,,0,-98.343,8,30,3,337,0.4392
11.274,15.302,0.0,892.55,6.5,99.929,0.9,,0,-98.215,8,30,3,298,0.443
11.855,22.486,0.0,214.25,6.5,99.957,0.95,,2,-99.572,8,30,7,563,0.421
12.423,25.195,0.0,426.35,6.5,99.939,1.0,,3,-99.147,8,30,7,400,0.4375
12.297,14.8,0.0,848.45,6.5,99.567,0.8,,0,-98.303,9,30,2,200,0.455
11.24,15.042,0.0,828.5,6.5,99.859,0.85,,0,-98.343,9,30,3,337,0.4392
11.274,15.302,0.0,892.55,6.5,99.929,0.9,,0,-98.215,9,30,3,298,0.443
11.855,22.486,0.0,214.25,6.5,99.957,0.95,,2,-99.572,9,30,7,563,0.421
12.423,25.195,0.0,426.35,6.5,99.939,1.0,,3,-99.147,9,30,7,400,0.4375
12.297,14.8,0.0,848.45,6.5,99.567,0.8,,0,-98.303,10,30,2,200,0.455
11.24,15.042,0.0,828.5,6.5,99.859,0.85,,0,-98.343,10,30,3,337,0.4392
11.274,15.302,0.0,892.55,6.5,99.929,0.9,,0,-98.215,10,30,3,298,0.443
11.855,22.486,0.0,214.25,6.5,99.957,0.95,,2,-99.572,10,30,7,563,0.421
12.423,25.195,0.0,426.35,6.5,99.939,1.0,,3,-99.147,10,30,7,400,0.4375
13.103,19.259,0.0,11851.66,6.5,91.087,0.8,,3,-76.297,1,35,9,1952,0.4073
12.993,20.273,0.0,48657.05,6.5,70.085,0.85,,4,-2.686,1,35,9,1280,0.4062
13.278,21.709,0.0,106207.29,6.5,60.583,0.9,,5,112.415,1,35,9,985,0.4122
13.314,23.28,0.0,167354.56,6.5,65.255,0.95,,6,234.709,1,35,9,735,0.4122
14.103,25.892,0.0,231248.37,6.5,59.16,1.0,,7,362.497,1,35,9,524,0.4237
12.466,18.22,0.0,2895.16,6.5,97.723,0.8,,0,-94.21,2,35,8,1624,0.407
12.993,20.273,0.0,9964.55,6.5,96.048,0.85,,4,-80.071,2,35,9,1280,0.4062
13.278,21.709,0.0,62236.7,6.5,88.302,0.9,,4,24.473,2,35,9,985,0.4122
13.314,23.28,0.0,166504.06,6.5,91.224,0.95,,6,233.008,2,35,9,735,0.4122
14.103,25.892,0.0,404822.04,6.5,85.756,1.0,,6,709.644,2,35,9,524,0.4237
11.375,14.452,0.0,1908.16,6.5,98.892,0.8,,0,-96.184,3,35,4,772,0.4223
12.464,19.391,0.0,1590.27,6.5,99.288,0.85,,3,-96.819,3,35,8,1126,0.4076
13.278,21.709,0.0,10788.01,6.5,98.441,0.9,,4,-78.424,3,35,9,985,0.4122
13.314,23.28,0.0,62812.36,6.5,98.373,0.95,,6,25.625,3,35,9,735,0.4122
14.103,25.892,0.0,289253.79,6.5,96.435,1.0,,6,478.508,3,35,9,524,0.4237
11.361,14.613,0.0,1343.0,6.5,99.336,0.8,,0,-97.314,4,35,3,607,0.4283
11.524,16.646,0.0,1432.25,6.5,99.551,0.85,,3,-97.136,4,35,7,955,0.4147
12.941,21.378,0.0,1444.85,6.5,99.709,0.9,,3,-97.11,4,35,9,909,0.4125
13.314,23.28,0.0,8788.55,6.5,99.752,0.95,,4,-82.423,4,35,9,735,0.4122
14.103,25.892,0.0,83005.17,6.5,99.372,1.0,,5,66.01,4,35,9,524,0.4237
11.522,15.095,0.0,1087.85,6.5,99.499,0.8,,0,-97.824,5,35,3,432,0.4259
11.091,16.285,0.0,1157.94,6.5,99.73,0.85,,1,-97.684,5,35,5,743,0.4172
11.717,17.396,0.0,1056.87,6.5,99.86,0.9,,2,-97.886,5,35,7,739,0.4235
12.939,23.28,0.0,1168.96,6.5,99.807,0.95,,2,-97.662,5,35,9,685,0.4058
14.103,25.892,0.0,9424.85,6.5,99.92,1.0,,5,-81.15,5,35,9,524,0.4237
11.211,15.39,0.0,948.99,6.5,99.531,0.8,,0,-98.102,6,35,2,345,0.4232
11.237,15.173,0.0,955.29,6.5,99.822,0.85,,0,-98.089,6,35,3,399,0.4361
11.409,15.111,0.0142,968.67,6.5,99.91,0.9,,1,-98.063,6,35,4,340,0.4324
12.644,23.288,0.0,418.21,6.5,99.907,0.95,,2,-99.164,6,35,8,649,0.4145
13.812,26.089,0.0,481.74,6.5,99.973,1.0,,3,-99.037,6,35,9,492,0.4146
12.297,14.8,0.0,848.45,6.5,99.567,0.8,,0,-98.303,7,35,2,200,0.455
11.24,15.042,0.0,828.5,6.5,99.859,0.85,,0,-98.343,7,35,3,337,0.4392
11.274,15.302,0.0,892.55,6.5,99.929,0.9,,0,-98.215,7,35,3,298,0.443
11.855,22.486,0.0,214.25,6.5,99.957,0.95,,2,-99.572,7,35,7,563,0.421
12.423,25.195,0.0,426.35,6.5,99.939,1.0,,3,-99.147,7,35,7,400,0.4375
12.297,14.8,0.0,848.45,6.5,99.567,0.8,,0,-98.303,8,35,2,200,0.455
11.24,15.042,0.0,828.5,6.5,99.859,0.85,,0,-98.343,8,35,3,337,0.4392
11.274,15.302,0.0,892.55,6.5,99.929,0.9,,0,-98.215,8,35,3,298,0.443
11.855,22.486,0.0,214.25,6.5,99.957,0.95,,2,-99.572,8,35,7,563,0.421
12.423,25.195,0.0,426.35,6.5,99.939,1.0,,3,-99.147,8,35,7,400,0.4375
12.297,14.8,0.0,848.45,6.5,99.567,0.8,,0,-98.303,9,35,2,200,0.455
11.24,15.042,0.0,828.5,6.5,99.859,0.85,,0,-98.343,9,35,3,337,0.4392
11.274,15.302,0.0,892.55,6.5,99.929,0.9,,0,-98.215,9,35,3,298,0.443
11.855,22.486,0.0,214.25,6.5,99.957,0.95,,2,-99.572,9,35,7,563,0.421
12.423,25.195,0.0,426.35,6.5,99.939,1.0,,3,-99.147,9,35,7,400,0.4375
12.297,14.8,0.0,848.45,6.5,99.567,0.8,,0,-98.303,10,35,2,200,0.455
11.24,15.042,0.0,828.5,6.5,99.859,0.85,,0,-98.343,10,35,3,337,0.4392
11.274,15.302,0.0,892.55,6.5,99.929,0.9,,0,-98.215,10,35,3,298,0.443
11.855,22.486,0.0,214.25,6.5,99.957,0.95,,2,-99.572,10,35,7,563,0.421
12.423,25.195,0.0,426.35,6.5,99.939,1.0,,3,-99.147,10,35,7,400,0.4375
13.103,19.259,0.0,11851.66,6.5,91.087,0.8,,3,-76.297,1,40,9,1952,0.4073
12.993,20.273,0.0,48657.05,6.5,70.085,0.85,,4,-2.686,1,40,9,1280,0.4062
13.278,21.709,0.0,106207.29,6.5,60.583,0.9,,5,112.415,1,40,9,985,0.4122
13.314,23.28,0.0,167354.56,6.5,65.255,0.95,,6,234.709,1,40,9,735,0.4122
14.103,25.892,0.0,231248.37,6.5,59.16,1.0,,7,362.497,1,40,9,524,0.4237
12.466,18.22,0.0,2895.16,6.5,97.723,0.8,,0,-94.21,2,40,8,1624,0.407
12.993,20.273,0.0,9964.55,6.5,96.048,0.85,,4,-80.071,2,40,9,1280,0.4062
13.278,21.709,0.0,62236.7,6.5,88.302,0.9,,4,24.473,2,40,9,985,0.4122
13.314,23.28,0.0,166504.06,6.5,91.224,0.95,,6,233.008,2,40,9,735,0.4122
14.103,25.892,0.0,404822.04,6.5,85.756,1.0,,6,709.644,2,40,9,524,0.4237
11.375,14.452,0.0,1908.16,6.5,98.892,0.8,,0,-96.184,3,40,4,772,0.4223
12.464,19.391,0.0,1590.27,6.5,99.288,0.85,,3,-96.819,3,40,8,1126,0.4076
13.278,21.709,0.0,10788.01,6.5,98.441,0.9,,4,-78.424,3,40,9,985,0.4122
13.314,23.28,0.0,62812.36,6.5,98.373,0.95,,6,25.625,3,40,9,735,0.4122
14.103,25.892,0.0,289253.79,6.5,96.435,1.0,,6,478.508,3,40,9,524,0.4237
11.361,14.613,0.0,1343.0,6.5,99.336,0.8,,0,-97.314,4,40,3,607,0.4283
11.524,16.646,0.0,1432.25,6.5,99.551,0.85,,3,-97.136,4,40,7,955,0.4147
12.941,21.378,0.0,1444.85,6.5,99.709,0.9,,3,-97.11,4,40,9,909,0.4125
13.314,23.28,0.0,8788.55,6.5,99.752,0.95,,4,-82.423,4,40,9,735,0.4122
14.103,25.892,0.0,83005.17,6.5,99.372,1.0,,5,66.01,4,40,9,524,0.4237
11.522,15.095,0.0,1087.85,6.5,99.499,0.8,,0,-97.824,5,40,3,432,0.4259
11.091,16.285,0.0,1157.94,6.5,99.73,0.85,,1,-97.684,5,40,5,743,0.4172
11.717,17.396,0.0,1056.87,6.5,99.86,0.9,,2,-97.886,5,40,7,739,0.4235
12.939,23.28,0.0,1168.96,6.5,99.807,0.95,,2,-97.662,5,40,9,685,0.4058
14.103,25.892,0.0,9424.85,6.5,99.92,1.0,,5,-81.15,5,40,9,524,0.4237
11.211,15.39,0.0,948.99,6.5,99.531,0.8,,0,-98.102,6,40,2,345,0.4232
11.237,15.173,0.0,955.29,6.5,99.822,0.85,,0,-98.089,6,40,3,399,0.4361
11.409,15.111,0.0142,968.67,6.5,99.91,0.9,,1,-98.063,6,40,4,340,0.4324
12.644,23.288,0.0,418.21,6.5,99.907,0.95,,2,-99.164,6,40,8,649,0.4145
13.812,26.089,0.0,481.74,6.5,99.973,1.0,,3,-99.037,6,40,9,492,0.4146
12.297,14.8,0.0,848.45,6.5,99.567,0.8,,0,-98.303,7,40,2,200,0.455
11.24,15.042,0.0,828.5,6.5,99.859,0.85,,0,-98.343,7,40,3,337,0.4392
11.274,15.302,0.0,892.55,6.5,99.929,0.9,,0,-98.215,7,40,3,298,0.443
11.855,22.486,0.0,214.25,6.5,99.957,0.95,,2,-99.572,7,40,7,563,0.421
12.423,25.195,0.0,426.35,6.5,99.939,1.0,,3,-99.147,7,40,7,400,0.4375
12.297,14.8,0.0,848.45,6.5,99.567,0.8,,0,-98.303,8,40,2,200,0.455
11.24,15.042,0.0,828.5,6.5,99.859,0.85,,0,-98.343,8,40,3,337,0.4392
11.274,15.302,0.0,892.55,6.5,99.929,0.9,,0,-98.215,8,40,3,298,0.443
11.855,22.486,0.0,214.25,6.5,99.957,0.95,,2,-99.572,8,40,7,563,0.421
12.423,25.195,0.0,426.35,6.5,99.939,1.0,,3,-99.147,8,40,7,400,0.4375
12.297,14.8,0.0,848.45,6.5,99.567,0.8,,0,-98.303,9,40,2,200,0.455
11.24,15.042,0.0,828.5,6.5,99.859,0.85,,0,-98.343,9,40,3,337,0.4392
11.274,15.302,0.0,892.55,6.5,99.929,0.9,,0,-98.215,9,40,3,298,0.443
11.855,22.486,0.0,214.25,6.5,99.957,0.95,,2,-99.572,9,40,7,563,0.421
12.423,25.195,0.0,426.35,6.5,99.939,1.0,,3,-99.147,9,40,7,400,0.4375
12.297,14.8,0.0,848.45,6.5,99.567,0.8,,0,-98.303,10,40,2,200,0.455
11.24,15.042,0.0,828.5,6.5,99.859,0.85,,0,-98.343,10,40,3,337,0.4392
11.274,15.302,0.0,892.55,6.5,99.929,0.9,,0,-98.215,10,40,3,298,0.443
11.855,22.486,0.0,214.25,6.5,99.957,0.95,,2,-99.572,10,40,7,563,0.421
12.423,25.195,0.0,426.35,6.5,99.939,1.0,,3,-99.147,10,40,7,400,0.4375
13.103,19.259,0.0,11851.66,6.5,91.087,0.8,,3,-76.297,1,45,9,1952,0.4073
12.993,20.273,0.0,48657.05,6.5,70.085,0.85,,4,-2.686,1,45,9,1280,0.4062
13.278,21.709,0.0,106207.29,6.5,60.583,0.9,,5,112.415,1,45,9,985,0.4122
13.314,23.28,0.0,167354.56,6.5,65.255,0.95,,6,234.709,1,45,9,735,0.4122
14.103,25.892,0.0,231248.37,6.5,59.16,1.0,,7,362.497,1,45,9,524,0.4237
12.466,18.22,0.0,2895.16,6.5,97.723,0.8,,0,-94.21,2,45,8,1624,0.407
12.993,20.273,0.0,9964.55,6.5,96.048,0.85,,4,-80.071,2,45,9,1280,0.4062
13.278,21.709,0.0,62236.7,6.5,88.302,0.9,,4,24.473,2,45,9,985,0.4122
13.314,23.28,0.0,166504.06,6.5,91.224,0.95,,6,233.008,2,45,9,735,0.4122
14.103,25.892,0.0,404822.04,6.5,85.756,1.0,,6,709.644,2,45,9,524,0.4237
11.375,14.452,0.0,1908.16,6.5,98.892,0.8,,0,-96.184,3,45,4,772,0.4223
12.464,19.391,0.0,1590.27,6.5,99.288,0.85,,3,-96.819,3,45,8,1126,0.4076
13.278,21.709,0.0,10788.01,6.5,98.441,0.9,,4,-78.424,3,45,9,985,0.4122
13.314,23.28,0.0,62812.36,6.5,98.373,0.95,,6,25.625,3,45,9,735,0.4122
14.103,25.892,0.0,289253.79,6.5,96.435,1.0,,6,478.508,3,45,9,524,0.4237
11.361,14.613,0.0,1343.0,6.5,99.336,0.8,,0,-97.314,4,45,3,607,0.4283
11.524,16.646,0.0,1432.25,6.5,99.551,0.85,,3,-97.136,4,45,7,955,0.4147
12.941,21.378,0.0,1444.85,6.5,99.709,0.9,,3,-97.11,4,45,9,909,0.4125
13.314,23.28,0.0,8788.55,6.5,99.752,0.95,,4,-82.423,4,45,9,735,0.4122
14.103,25.892,0.0,83005.17,6.5,99.372,1.0,,5,66.01,4,45,9,524,0.4237
11.522,15.095,0.0,1087.85,6.5,99.499,0.8,,0,-97.824,5,45,3,432,0.4259
11.091,16.285,0.0,1157.94,6.5,99.73,0.85,,1,-97.684,5,45,5,743,0.4172
11.717,17.396,0.0,1056.87,6.5,99.86,0.9,,2,-97.886,5,45,7,739,0.4235
12.939,23.28,0.0,1168.96,6.5,99.807,0.95,,2,-97.662,5,45,9,685,0.4058
14.103,25.892,0.0,9424.85,6.5,99.92,1.0,,5,-81.15,5,45,9,524,0.4237
11.211,15.39,0.0,948.99,6.5,99.531,0.8,,0,-98.102,6,45,2,345,0.4232
11.237,15.173,0.0,955.29,6.5,99.822,0.85,,0,-98.089,6,45,3,399,0.4361
11.409,15.111,0.0142,968.67,6.5,99.91,0.9,,1,-98.063,6,45,4,340,0.4324
12.644,23.288,0.0,418.21,6.5,99.907,0.95,,2,-99.164,6,45,8,649,0.4145
13.812,26.089,0.0,481.74,6.5,99.973,1.0,,3,-99.037,6,45,9,492,0.4146
12.297,14.8,0.0,848.45,6.5,99.567,0.8,,0,-98.303,7,45,2,200,0.455
11.24,15.042,0.0,828.5,6.5,99.859,0.85,,0,-98.343,7,45,3,337,0.4392
11.274,15.302,0.0,892.55,6.5,99.929,0.9,,0,-98.215,7,45,3,298,0.443
11.855,22.486,0.0,214.25,6.5,99.957,0.95,,2,-99.572,7,45,7,563,0.421
12.423,25.195,0.0,426.35,6.5,99.939,1.0,,3,-99.147,7,45,7,400,0.4375
12.297,14.8,0.0,848.45,6.5,99.567,0.8,,0,-98.303,8,45,2,200,0.455
11.24,15.042,0.0,828.5,6.5,99.859,0.85,,0,-98.343,8,45,3,337,0.4392
11.274,15.302,0.0,892.55,6.5,99.929,0.9,,0,-98.215,8,45,3,298,0.443
11.855,22.486,0.0,214.25,6.5,99.957,0.95,,2,-99.572,8,45,7,563,0.421
12.423,25.195,0.0,426.35,6.5,99.939,1.0,,3,-99.147,8,45,7,400,0.4375
12.297,14.8,0.0,848.45,6.5,99.567,0.8,,0,-98.303,9,45,2,200,0.455
11.24,15.042,0.0,828.5,6.5,99.859,0.85,,0,-98.343,9,45,3,337,0.4392
11.274,15.302,0.0,892.55,6.5,99.929,0.9,,0,-98.215,9,45,3,298,0.443
11.855,22.486,0.0,214.25,6.5,99.957,0.95,,2,-99.572,9,45,7,563,0.421
12.423,25.195,0.0,426.35,6.5,99.939,1.0,,3,-99.147,9,45,7,400,0.4375
12.297,14.8,0.0,848.45,6.5,99.567,0.8,,0,-98.303,10,45,2,200,0.455
11.24,15.042,0.0,828.5,6.5,99.859,0.85,,0,-98.343,10,45,3,337,0.4392
11.274,15.302,0.0,892.55,6.5,99.929,0.9,,0,-98.215,10,45,3,298,0.443
11.855,22.486,0.0,214.25,6.5,99.957,0.95,,2,-99.572,10,45,7,563,0.421
12.423,25.195,0.0,426.35,6.5,99.939,1.0,,3,-99.147,10,45,7,400,0.4375
13.103,19.259,0.0,11851.66,6.5,91.087,0.8,,3,-76.297,1,50,9,1952,0.4073
12.993,20.273,0.0,48657.05,6.5,70.085,0.85,,4,-2.686,1,50,9,1280,0.4062
13.278,21.709,0.0,106207.29,6.5,60.583,0.9,,5,112.415,1,50,9,985,0.4122
13.314,23.28,0.0,167354.56,6.5,65.255,0.95,,6,234.709,1,50,9,735,0.4122
14.103,25.892,0.0,231248.37,6.5,59.16,1.0,,7,362.497,1,50,9,524,0.4237
12.466,18.22,0.0,2895.16,6.5,97.723,0.8,,0,-94.21,2,50,8,1624,0.407
12.993,20.273,0.0,9964.55,6.5,96.048,0.85,,4,-80.071,2,50,9,1280,0.4062
13.278,21.709,0.0,62236.7,6.5,88.302,0.9,,4,24.473,2,50,9,985,0.4122
13.314,23.28,0.0,166504.06,6.5,91.224,0.95,,6,233.008,2,50,9,735,0.4122
14.103,25.892,0.0,404822.04,6.5,85.756,1.0,,6,709.644,2,50,9,524,0.4237
11.375,14.452,0.0,1908.16,6.5,98.892,0.8,,0,-96.184,3,50,4,772,0.4223
12.464,19.391,0.0,1590.27,6.5,99.288,0.85,,3,-96.819,3,50,8,1126,0.4076
13.278,21.709,0.0,10788.01,6.5,98.441,0.9,,4,-78.424,3,50,9,985,0.4122
13.314,23.28,0.0,62812.36,6.5,98.373,0.95,,6,25.625,3,50,9,735,0.4122
14.103,25.892,0.0,289253.79,6.5,96.435,1.0,,6,478.508,3,50,9,524,0.4237
11.361,14.613,0.0,1343.0,6.5,99.336,0.8,,0,-97.314,4,50,3,607,0.4283
11.524,16.646,0.0,1432.25,6.5,99.551,0.85,,3,-97.136,4,50,7,955,0.4147
12.941,21.378,0.0,1444.85,6.5,99.709,0.9,,3,-97.11,4,50,9,909,0.4125
13.314,23.28,0.0,8788.55,6.5,99.752,0.95,,4,-82.423,4,50,9,735,0.4122
14.103,25.892,0.0,83005.17,6.5,99.372,1.0,,5,66.01,4,50,9,524,0.4237
11.522,15.095,0.0,1087.85,6.5,99.499,0.8,,0,-97.824,5,50,3,432,0.4259
11.091,16.285,0.0,1157.94,6.5,99.73,0.85,,1,-97.684,5,50,5,743,0.4172
11.717,17.396,0.0,1056.87,6.5,99.86,0.9,,2,-97.886,5,50,7,739,0.4235
12.939,23.28,0.0,1168.96,6.5,99.807,0.95,,2,-97.662,5,50,9,685,0.4058
14.103,25.892,0.0,9424.85,6.5,99.92,1.0,,5,-81.15,5,50,9,524,0.4237
11.211,15.39,0.0,948.99,6.5,99.531,0.8,,0,-98.102,6,50,2,345,0.4232
11.237,15.173,0.0,955.29,6.5,99.822,0.85,,0,-98.089,6,50,3,399,0.4361
11.409,15.111,0.0142,968.67,6.5,99.91,0.9,,1,-98.063,6,50,4,340,0.4324
12.644,23.288,0.0,418.21,6.5,99.907,0.95,,2,-99.164,6,50,8,649,0.4145
13.812,26.089,0.0,481.74,6.5,99.973,1.0,,3,-99.037,6,50,9,492,0.4146
12.297,14.8,0.0,848.45,6.5,99.567,0.8,,0,-98.303,7,50,2,200,0.455
11.24,15.042,0.0,828.5,6.5,99.859,0.85,,0,-98.343,7,50,3,337,0.4392
11.274,15.302,0.0,892.55,6.5,99.929,0.9,,0,-98.215,7,50,3,298,0.443
11.855,22.486,0.0,214.25,6.5,99.957,0.95,,2,-99.572,7,50,7,563,0.421
12.423,25.195,0.0,426.35,6.5,99.939,1.0,,3,-99.147,7,50,7,400,0.4375
12.297,14.8,0.0,848.45,6.5,99.567,0.8,,0,-98.303,8,50,2,200,0.455
11.24,15.042,0.0,828.5,6.5,99.859,0.85,,0,-98.343,8,50,3,337,0.4392
11.274,15.302,0.0,892.55,6.5,99.929,0.9,,0,-98.215,8,50,3,298,0.443
11.855,22.486,0.0,214.25,6.5,99.957,0.95,,2,-99.572,8,50,7,563,0.421
12.423,25.195,0.0,426.35,6.5,99.939,1.0,,3,-99.147,8,50,7,400,0.4375
12.297,14.8,0.0,848.45,6.5,99.567,0.8,,0,-98.303,9,50,2,200,0.455
11.24,15.042,0.0,828.5,6.5,99.859,0.85,,0,-98.343,9,50,3,337,0.4392
11.274,15.302,0.0,892.55,6.5,99.929,0.9,,0,-98.215,9,50,3,298,0.443
11.855,22.486,0.0,214.25,6.5,99.957,0.95,,2,-99.572,9,50,7,563,0.421
12.423,25.195,0.0,426.35,6.5,99.939,1.0,,3,-99.147,9,50,7,400,0.4375
12.297,14.8,0.0,848.45,6.5,99.567,0.8,,0,-98.303,10,50,2,200,0.455
11.24,15.042,0.0,828.5,6.5,99.859,0.85,,0,-98.343,10,50,3,337,0.4392
11.274,15.302,0.0,892.55,6.5,99.929,0.9,,0,-98.215,10,50,3,298,0.443
11.855,22.486,0.0,214.25,6.5,99.957,0.95,,2,-99.572,10,50,7,563,0.421
12.423,25.195,0.0,426.35,6.5,99.939,1.0,,3,-99.147,10,50,7,400,0.4375
13.103,19.259,0.0,11851.66,6.5,91.087,0.8,,3,-76.297,1,55,9,1952,0.4073
12.993,20.273,0.0,48657.05,6.5,70.085,0.85,,4,-2.686,1,55,9,1280,0.4062
13.278,21.709,0.0,106207.29,6.5,60.583,0.9,,5,112.415,1,55,9,985,0.4122
13.314,23.28,0.0,167354.56,6.5,65.255,0.95,,6,234.709,1,55,9,735,0.4122
14.103,25.892,0.0,231248.37,6.5,59.16,1.0,,7,362.497,1,55,9,524,0.4237
12.466,18.22,0.0,2895.16,6.5,97.723,0.8,,0,-94.21,2,55,8,1624,0.407
12.993,20.273,0.0,9964.55,6.5,96.048,0.85,,4,-80.071,2,55,9,1280,0.4062
13.278,21.709,0.0,62236.7,6.5,88.302,0.9,,4,24.473,2,55,9,985,0.4122
13.314,23.28,0.0,166504.06,6.5,91.224,0.95,,6,233.008,2,55,9,735,0.4122
14.103,25.892,0.0,404822.04,6.5,85.756,1.0,,6,709.644,2,55,9,524,0.4237
11.375,14.452,0.0,1908.16,6.5,98.892,0.8,,0,-96.184,3,55,4,772,0.4223
12.464,19.391,0.0,1590.27,6.5,99.288,0.85,,3,-96.819,3,55,8,1126,0.4076
13.278,21.709,0.0,10788.01,6.5,98.441,0.9,,4,-78.424,3,55,9,985,0.4122
13.314,23.28,0.0,62812.36,6.5,98.373,0.95,,6,25.625,3,55,9,735,0.4122
14.103,25.892,0.0,289253.79,6.5,96.435,1.0,,6,478.508,3,55,9,524,0.4237
11.361,14.613,0.0,1343.0,6.5,99.336,0.8,,0,-97.314,4,55,3,607,0.4283
11.524,16.646,0.0,1432.25,6.5,99.551,0.85,,3,-97.136,4,55,7,955,0.4147
12.941,21.378,0.0,1444.85,6.5,99.709,0.9,,3,-97.11,4,55,9,909,0.4125
13.314,23.28,0.0,8788.55,6.5,99.752,0.95,,4,-82.423,4,55,9,735,0.4122
14.103,25.892,0.0,83005.17,6.5,99.372,1.0,,5,66.01,4,55,9,524,0.4237
11.522,15.095,0.0,1087.85,6.5,99.499,0.8,,0,-97.824,5,55,3,432,0.4259
11.091,16.285,0.0,1157.94,6.5,99.73,0.85,,1,-97.684,5,55,5,743,0.4172
11.717,17.396,0.0,1056.87,6.5,99.86,0.9,,2,-97.886,5,55,7,739,0.4235
12.939,23.28,0.0,1168.96,6.5,99.807,0.95,,2,-97.662,5,55,9,685,0.4058
14.103,25.892,0.0,9424.85,6.5,99.92,1.0,,5,-81.15,5,55,9,524,0.4237
11.211,15.39,0.0,948.99,6.5,99.531,0.8,,0,-98.102,6,55,2,345,0.4232
11.237,15.173,0.0,955.29,6.5,99.822,0.85,,0,-98.089,6,55,3,399,0.4361
11.409,15.111,0.0142,968.67,6.5,99.91,0.9,,1,-98.063,6,55,4,340,0.4324
12.644,23.288,0.0,418.21,6.5,99.907,0.95,,2,-99.164,6,55,8,649,0.4145
13.812,26.089,0.0,481.74,6.5,99.973,1.0,,3,-99.037,6,55,9,492,0.4146
12.297,14.8,0.0,848.45,6.5,99.567,0.8,,0,-98.303,7,55,2,200,0.455
11.24,15.042,0.0,828.5,6.5,99.859,0.85,,0,-98.343,7,55,3,337,0.4392
11.274,15.302,0.0,892.55,6.5,99.929,0.9,,0,-98.215,7,55,3,298,0.443
11.855,22.486,0.0,214.25,6.5,99.957,0.95,,2,-99.572,7,55,7,563,0.421
12.423,25.195,0.0,426.35,6.5,99.939,1.0,,3,-99.147,7,55,7,400,0.4375
12.297,14.8,0.0,848.45,6.5,99.567,0.8,,0,-98.303,8,55,2,200,0.455
11.24,15.042,0.0,828.5,6.5,99.859,0.85,,0,-98.343,8,55,3,337,0.4392
11.274,15.302,0.0,892.55,6.5,99.929,0.9,,0,-98.215,8,55,3,298,0.443
11.855,22.486,0.0,214.25,6.5,99.957,0.95,,2,-99.572,8,55,7,563,0.421
12.423,25.195,0.0,426.35,6.5,99.939,1.0,,3,-99.147,8,55,7,400,0.4375
12.297,14.8,0.0,848.45,6.5,99.567,0.8,,0,-98.303,9,55,2,200,0.455
11.24,15.042,0.0,828.5,6.5,99.859,0.85,,0,-98.343,9,55,3,337,0.4392
11.274,15.302,0.0,892.55,6.5,99.929,0.9,,0,-98.215,9,55,3,298,0.443
11.855,22.486,0.0,214.25,6.5,99.957,0.95,,2,-99.572,9,55,7,563,0.421
12.423,25.195,0.0,426.35,6.5,99.939,1.0,,3,-99.147,9,55,7,400,0.4375
12.297,14.8,0.0,848.45,6.5,99.567,0.8,,0,-98.303,10,55,2,200,0.455
11.24,15.042,0.0,828.5,6.5,99.859,0.85,,0,-98.343,10,55,3,337,0.4392
11.274,15.302,0.0,892.55,6.5,99.929,0.9,,0,-98.215,10,55,3,298,0.443
11.855,22.486,0.0,214.25,6.5,99.957,0.95,,2,-99.572,10,55,7,563,0.421
12.423,25.195,0.0,426.35,6.5,99.939,1.0,,3,-99.147,10,55,7,400,0.4375
13.103,19.259,0.0,11851.66,6.5,91.087,0.8,,3,-76.297,1,60,9,1952,0.4073
12.993,20.273,0.0,48657.05,6.5,70.085,0.85,,4,-2.686,1,60,9,1280,0.4062
13.278,21.709,0.0,106207.29,6.5,60.583,0.9,,5,112.415,1,60,9,985,0.4122
13.314,23.28,0.0,167354.56,6.5,65.255,0.95,,6,234.709,1,60,9,735,0.4122
14.103,25.892,0.0,231248.37,6.5,59.16,1.0,,7,362.497,1,60,9,524,0.4237
12.466,18.22,0.0,2895.16,6.5,97.723,0.8,,0,-94.21,2,60,8,1624,0.407
12.993,20.273,0.0,9964.55,6.5,96.048,0.85,,4,-80.071,2,60,9,1280,0.4062
13.278,21.709,0.0,62236.7,6.5,88.302,0.9,,4,24.473,2,60,9,985,0.4122
13.314,23.28,0.0,166504.06,6.5,91.224,0.95,,6,233.008,2,60,9,735,0.4122
14.103,25.892,0.0,404822.04,6.5,85.756,1.0,,6,709.644,2,60,9,524,0.4237
11.375,14.452,0.0,1908.16,6.5,98.892,0.8,,0,-96.184,3,60,4,772,0.4223
12.464,19.391,0.0,1590.27,6.5,99.288,0.85,,3,-96.819,3,60,8,1126,0.4076
13.278,21.709,0.0,10788.01,6.5,98.441,0.9,,4,-78.424,3,60,9,985,0.4122
13.314,23.28,0.0,62812.36,6.5,98.373,0.95,,6,25.625,3,60,9,735,0.4122
14.103,25.892,0.0,289253.79,6.5,96.435,1.0,,6,478.508,3,60,9,524,0.4237
11.361,14.613,0.0,1343.0,6.5,99.336,0.8,,0,-97.314,4,60,3,607,0.4283
11.524,16.646,0.0,1432.25,6.5,99.551,0.85,,3,-97.136,4,60,7,955,0.4147
12.941,21.378,0.0,1444.85,6.5,99.709,0.9,,3,-97.11,4,60,9,909,0.4125
13.314,23.28,0.0,8788.55,6.5,99.752,0.95,,4,-82.423,4,60,9,735,0.4122
14.103,25.892,0.0,83005.17,6.5,99.372,1.0,,5,66.01,4,60,9,524,0.4237
11.522,15.095,0.0,1087.85,6.5,99.499,0.8,,0,-97.824,5,60,3,432,0.4259
11.091,16.285,0.0,1157.94,6.5,99.73,0.85,,1,-97.684,5,60,5,743,0.4172
11.717,17.396,0.0,1056.87,6.5,99.86,0.9,,2,-97.886,5,60,7,739,0.4235
12.939,23.28,0.0,1168.96,6.5,99.807,0.95,,2,-97.662,5,60,9,685,0.4058
14.103,25.892,0.0,9424.85,6.5,99.92,1.0,,5,-81.15,5,60,9,524,0.4237
11.211,15.39,0.0,948.99,6.5,99.531,0.8,,0,-98.102,6,60,2,345,0.4232
11.237,15.173,0.0,955.29,6.5,99.822,0.85,,0,-98.089,6,60,3,399,0.4361
11.409,15.111,0.0142,968.67,6.5,99.91,0.9,,1,-98.063,6,60,4,340,0.4324
12.644,23.288,0.0,418.21,6.5,99.907,0.95,,2,-99.164,6,60,8,649,0.4145
13.812,26.089,0.0,481.74,6.5,99.973,1.0,,3,-99.037,6,60,9,492,0.4146
12.297,14.8,0.0,848.45,6.5,99.567,0.8,,0,-98.303,7,60,2,200,0.455
11.24,15.042,0.0,828.5,6.5,99.859,0.85,,0,-98.343,7,60,3,337,0.4392
11.274,15.302,0.0,892.55,6.5,99.929,0.9,,0,-98.215,7,60,3,298,0.443
11.855,22.486,0.0,214.25,6.5,99.957,0.95,,2,-99.572,7,60,7,563,0.421
12.423,25.195,0.0,426.35,6.5,99.939,1.0,,3,-99.147,7,60,7,400,0.4375
12.297,14.8,0.0,848.45,6.5,99.567,0.8,,0,-98.303,8,60,2,200,0.455
11.24,15.042,0.0,828.5,6.5,99.859,0.85,,0,-98.343,8,60,3,337,0.4392
11.274,15.302,0.0,892.55,6.5,99.929,0.9,,0,-98.215,8,60,3,298,0.443
11.855,22.486,0.0,214.25,6.5,99.957,0.95,,2,-99.572,8,60,7,563,0.421
12.423,25.195,0.0,426.35,6.5,99.939,1.0,,3,-99.147,8,60,7,400,0.4375
12.297,14.8,0.0,848.45,6.5,99.567,0.8,,0,-98.303,9,60,2,200,0.455
11.24,15.042,0.0,828.5,6.5,99.859,0.85,,0,-98.343,9,60,3,337,0.4392
11.274,15.302,0.0,892.55,6.5,99.929,0.9,,0,-98.215,9,60,3,298,0.443
11.855,22.486,0.0,214.25,6.5,99.957,0.95,,2,-99.572,9,60,7,563,0.421
12.423,25.195,0.0,426.35,6.5,99.939,1.0,,3,-99.147,9,60,7,400,0.4375
12.297,14.8,0.0,848.45,6.5,99.567,0.8,,0,-98.303,10,60,2,200,0.455
11.24,15.042,0.0,828.5,6.5,99.859,0.85,,0,-98.343,10,60,3,337,0.4392
11.274,15.302,0.0,892.55,6.5,99.929,0.9,,0,-98.215,10,60,3,298,0.443
11.855,22.486,0.0,214.25,6.5,99.957,0.95,,2,-99.572,10,60,7,563,0.421
12.423,25.195,0.0,426.35,6.5,99.939,1.0,,3,-99.147,10,60,7,400,0.4375
13.421,19.333,0.0,26046.35,7.0,80.856,0.8,,5,-47.907,1,5,9,1949,0.4161
13.197,20.411,0.0,83795.04,7.0,68.17,0.85,,5,67.59,1,5,9,1277,0.4158
13.486,21.804,0.0,124591.21,7.0,59.312,0.9,,6,149.182,1,5,9,983,0.4181
13.484,23.382,0.0,186766.96,7.0,63.027,0.95,,6,273.534,1,5,9,734,0.4196
14.226,25.736,0.0,219347.67,7.0,56.164,1.0,,7,338.695,1,5,9,524,0.4275
13.043,18.397,0.04,2658.39,7.0,97.702,0.8,,1,-94.683,2,5,8,1682,0.4168
13.197,20.411,0.0,33793.51,7.0,93.12,0.85,,4,-32.413,2,5,9,1277,0.4158
13.486,21.804,0.0,97317.72,7.0,86.695,0.9,,5,94.635,2,5,9,983,0.4181
13.484,23.382,0.0,268638.88,7.0,89.551,0.95,,6,437.278,2,5,9,734,0.4196
14.226,25.736,0.0,402402.31,7.0,83.065,1.0,,7,704.805,2,5,9,524,0.4275
12.562,18.25,0.0429,1926.8,7.0,98.734,0.8,,1,-96.146,3,5,7,1567,0.4212
13.197,20.411,0.0,3905.0,7.0,98.818,0.85,,4,-92.19,3,5,9,1277,0.4158
13.486,21.804,0.0,23574.39,7.0,96.902,0.9,,4,-52.851,3,5,9,983,0.4181
13.484,23.382,0.0,148889.0,7.0,97.773,0.95,,6,197.778,3,5,9,734,0.4196
14.226,25.736,0.0,340057.25,7.0,95.114,1.0,,6,580.114,3,5,9,524,0.4275
11.683,14.686,0.0,1565.08,7.0,99.154,0.8,,0,-96.87,4,5,4,766,0.436
12.571,19.568,0.0,1568.49,7.0,99.487,0.85,,3,-96.863,4,5,8,1121,0.4193
13.486,21.804,0.0,3665.07,7.0,99.596,0.9,,3,-92.67,4,5,9,983,0.4181
13.484,23.382,0.0,34008.76,7.0,99.649,0.95,,6,-31.982,4,5,9,734,0.4196
14.226,25.736,0.0,136959.69,7.0,98.931,1.0,,5,173.919,4,5,9,524,0.4275
11.891,15.15,0.0,1220.68,7.0,99.391,0.8,,0,-97.559,5,5,3,427,0.4309
11.711,16.925,0.0,1225.4,7.0,99.705,0.85,,3,-97.549,5,5,7,952,0.4275
12.978,21.12,0.0,1216.47,7.0,99.814,0.9,,3,-97.567,5,5,8,872,0.422
13.484,23.382,0.0,4002.13,7.0,99.944,0.95,,5,-91.996,5,5,9,734,0.4196
14.226,25.736,0.0,24089.68,7.0,99.827,1.0,,5,-51.821,5,5,9,524,0.4275
11.637,15.37,0.0,1031.68,7.0,99.47,0.8,,0,-97.937,6,5,2,334,0.4371
11.271,16.441,0.0,988.36,7.0,99.813,0.85,,2,-98.023,6,5,5,742,0.4299
11.512,15.423,0.0,900.69,7.0,99.904,0.9,,1,-98.199,6,5,5,477,0.4403
13.103,23.39,0.0,866.56,7.0,99.909,0.95,,2,-98.267,6,5,9,678,0.4174
13.957,25.918,0.0,1024.06,7.0,99.968,1.0,,4,-97.952,6,5,9,493,0.4178
12.461,15.095,0.0,824.04,7.0,99.533,0.8,,0,-98.352,7,5,2,191,0.4555
11.205,15.88,0.0,882.31,7.0,99.863,0.85,,1,-98.235,7,5,5,634,0.4448
11.439,15.263,0.0,882.31,7.0,99.931,0.9,,0,-98.235,7,5,3,297,0.4478
12.019,22.631,0.0,790.7,7.0,99.839,0.95,,2,-98.419,7,5,7,562,0.4306
12.574,25.006,0.0,545.52,7.0,99.924,1.0,,3,-98.909,7,5,7,400,0.4425
12.461,15.095,0.0,824.04,7.0,99.533,0.8,,0,-98.352,8,5,2,191,0.4555
11.205,15.88,0.0,882.31,7.0,99.863,0.85,,1,-98.235,8,5,5,634,0.4448
11.439,15.263,0.0,882.31,7.0,99.931,0.9,,0,-98.235,8,5,3,297,0.4478
12.019,22.631,0.0,790.7,7.0,99.839,0.95,,2,-98.419,8,5,7,562,0.4306
12.574,25.006,0.0,545.52,7.0,99.924,1.0,,3,-98.909,8,5,7,400,0.4425
12.461,15.095,0.0,824.04,7.0,99.533,0.8,,0,-98.352,9,5,2,191,0.4555
11.205,15.88,0.0,882.31,7.0,99.863,0.85,,1,-98.235,9,5,5,634,0.4448
11.439,15.263,0.0,882.31,7.0,99.931,0.9,,0,-98.235,9,5,3,297,0.4478
12.019,22.631,0.0,790.7,7.0,99.839,0.95,,2,-98.419,9,5,7,562,0.4306
12.574,25.006,0.0,545.52,7.0,99.924,1.0,,3,-98.909,9,5,7,400,0.4425
12.461,15.095,0.0,824.04,7.0,99.533,0.8,,0,-98.352,10,5,2,191,0.4555
11.205,15.88,0.0,882.31,7.0,99.863,0.85,,1,-98.235,10,5,5,634,0.4448
11.439,15.263,0.0,882.31,7.0,99.931,0.9,,0,-98.235,10,5,3,297,0.4478
12.019,22.631,0.0,790.7,7.0,99.839,0.95,,2,-98.419,10,5,7,562,0.4306
12.574,25.006,0.0,545.52,7.0,99.924,1.0,,3,-98.909,10,5,7,400,0.4425
13.468,19.318,0.0,26025.35,7.0,80.202,0.8,,5,-47.949,1,10,9,1949,0.4166
13.249,20.387,0.0,76149.99,7.0,68.535,0.85,,5,52.3,1,10,9,1277,0.4166
13.53,21.77,0.0,127707.61,7.0,58.997,0.9,,6,155.415,1,10,9,983,0.4191
13.533,23.331,0.0,186776.67,7.0,63.038,0.95,,6,273.553,1,10,9,734,0.421
14.265,25.655,0.0,219476.82,7.0,56.348,1.0,,7,338.954,1,10,9,524,0.4294
13.097,18.381,0.0419,2610.09,7.0,97.649,0.8,,1,-94.78,2,10,8,1682,0.4174
13.249,20.387,0.0,29606.9,7.0,92.869,0.85,,4,-40.786,2,10,9,1277,0.4166
13.53,21.77,0.0,96347.52,7.0,86.727,0.9,,5,92.695,2,10,9,983,0.4191
13.533,23.331,0.0,267902.56,7.0,89.562,0.95,,6,435.805,2,10,9,734,0.421
14.265,25.655,0.0,411967.29,7.0,83.02,1.0,,7,723.935,2,10,9,524,0.4294
12.62,18.234,0.0328,1929.95,7.0,98.658,0.8,,1,-96.14,3,10,7,1567,0.4218
13.249,20.387,0.0,3897.39,7.0,98.735,0.85,,4,-92.205,3,10,9,1277,0.4166
13.53,21.77,0.0,25705.62,7.0,96.729,0.9,,4,-48.589,3,10,9,983,0.4191
13.533,23.331,0.0,148879.29,7.0,97.779,0.95,,6,197.759,3,10,9,734,0.421
14.265,25.655,0.0,356351.67,7.0,95.103,1.0,,6,612.703,3,10,9,524,0.4294
11.77,14.665,0.0,1541.71,7.0,99.092,0.8,,0,-96.917,4,10,4,766,0.4373
12.631,19.543,0.0,1488.95,7.0,99.482,0.85,,3,-97.022,4,10,8,1121,0.4202
13.53,21.77,0.0,3217.51,7.0,99.635,0.9,,3,-93.565,4,10,9,983,0.4191
13.533,23.331,0.0,34019.79,7.0,99.649,0.95,,6,-31.96,4,10,9,734,0.421
14.265,25.655,0.0,144366.91,7.0,98.924,1.0,,5,188.734,4,10,9,524,0.4294
12.007,14.981,0.0,1199.41,7.0,99.33,0.8,,0,-97.601,5,10,3,431,0.4339
11.787,16.889,0.0,1206.76,7.0,99.684,0.85,,2,-97.586,5,10,7,956,0.4278
13.027,21.083,0.0,1229.34,7.0,99.808,0.9,,3,-97.541,5,10,8,872,0.4232
13.533,23.331,0.0,3919.18,7.0,99.946,0.95,,5,-92.162,5,10,9,734,0.421
14.265,25.655,0.0,24415.18,7.0,99.837,1.0,,5,-51.17,5,10,9,524,0.4294
11.759,15.318,0.0,1004.9,7.0,99.394,0.8,,0,-97.99,6,10,2,333,0.4414
11.36,16.413,0.0,955.81,7.0,99.801,0.85,,2,-98.088,6,10,5,742,0.4313
11.972,17.556,0.0,1040.34,7.0,99.886,0.9,,2,-97.919,6,10,7,738,0.4322
13.156,23.335,0.0,862.62,7.0,99.898,0.95,,3,-98.275,6,10,9,678,0.4189
14.265,25.655,0.0,2847.65,7.0,99.966,1.0,,4,-94.305,6,10,9,524,0.4294
12.633,15.095,0.0,861.84,7.0,99.424,0.8,,0,-98.276,7,10,2,190,0.4579
11.472,15.465,0.0,836.11,7.0,99.854,0.85,,0,-98.328,7,10,3,404,0.4505
11.517,15.206,0.0,863.41,7.0,99.93,0.9,,0,-98.273,7,10,3,297,0.4512
12.081,22.57,0.0,800.94,7.0,99.837,0.95,,2,-98.398,7,10,7,562,0.4324
12.618,24.908,0.0,113.71,7.0,99.985,1.0,,3,-99.773,7,10,7,400,0.445
12.633,15.095,0.0,861.84,7.0,99.424,0.8,,0,-98.276,8,10,2,190,0.4579
11.472,15.465,0.0,836.11,7.0,99.854,0.85,,0,-98.328,8,10,3,404,0.4505
11.517,15.206,0.0,863.41,7.0,99.93,0.9,,0,-98.273,8,10,3,297,0.4512
12.081,22.57,0.0,800.94,7.0,99.837,0.95,,2,-98.398,8,10,7,562,0.4324
12.618,24.908,0.0,113.71,7.0,99.985,1.0,,3,-99.773,8,10,7,400,0.445
12.633,15.095,0.0,861.84,7.0,99.424,0.8,,0,-98.276,9,10,2,190,0.4579
11.472,15.465,0.0,836.11,7.0,99.854,0.85,,0,-98.328,9,10,3,404,0.4505
11.517,15.206,0.0,863.41,7.0,99.93,0.9,,0,-98.273,9,10,3,297,0.4512
12.081,22.57,0.0,800.94,7.0,99.837,0.95,,2,-98.398,9,10,7,562,0.4324
12.618,24.908,0.0,113.71,7.0,99.985,1.0,,3,-99.773,9,10,7,400,0.445
12.633,15.095,0.0,861.84,7.0,99.424,0.8,,0,-98.276,10,10,2,190,0.4579
11.472,15.465,0.0,836.11,7.0,99.854,0.85,,0,-98.328,10,10,3,404,0.4505
11.517,15.206,0.0,863.41,7.0,99.93,0.9,,0,-98.273,10,10,3,297,0.4512
12.081,22.57,0.0,800.94,7.0,99.837,0.95,,2,-98.398,10,10,7,562,0.4324
12.618,24.908,0.0,113.71,7.0,99.985,1.0,,3,-99.773,10,10,7,400,0.445
13.468,19.318,0.0,26025.35,7.0,80.202,0.8,,5,-47.949,1,15,9,1949,0.4166
13.249,20.387,0.0,76149.99,7.0,68.535,0.85,,5,52.3,1,15,9,1277,0.4166
13.53,21.77,0.0,127707.61,7.0,58.997,0.9,,6,155.415,1,15,9,983,0.4191
13.533,23.331,0.0,186776.67,7.0,63.038,0.95,,6,273.553,1,15,9,734,0.421
14.265,25.655,0.0,219476.82,7.0,56.348,1.0,,7,338.954,1,15,9,524,0.4294
13.097,18.381,0.0419,2610.09,7.0,97.649,0.8,,1,-94.78,2,15,8,1682,0.4174
13.249,20.387,0.0,29606.9,7.0,92.869,0.85,,4,-40.786,2,15,9,1277,0.4166
13.53,21.77,0.0,96347.52,7.0,86.727,0.9,,5,92.695,2,15,9,983,0.4191
13.533,23.331,0.0,267902.56,7.0,89.562,0.95,,6,435.805,2,15,9,734,0.421
14.265,25.655,0.0,411967.29,7.0,83.02,1.0,,7,723.935,2,15,9,524,0.4294
12.62,18.234,0.0328,1929.95,7.0,98.658,0.8,,1,-96.14,3,15,7,1567,0.4218
13.249,20.387,0.0,3897.39,7.0,98.735,0.85,,4,-92.205,3,15,9,1277,0.4166
13.53,21.77,0.0,25705.62,7.0,96.729,0.9,,4,-48.589,3,15,9,983,0.4191
13.533,23.331,0.0,148879.29,7.0,97.779,0.95,,6,197.759,3,15,9,734,0.421
14.265,25.655,0.0,356351.67,7.0,95.103,1.0,,6,612.703,3,15,9,524,0.4294
11.77,14.665,0.0,1541.71,7.0,99.092,0.8,,0,-96.917,4,15,4,766,0.4373
12.631,19.543,0.0,1488.95,7.0,99.482,0.85,,3,-97.022,4,15,8,1121,0.4202
13.53,21.77,0.0,3217.51,7.0,99.635,0.9,,3,-93.565,4,15,9,983,0.4191
13.533,23.331,0.0,34019.79,7.0,99.649,0.95,,6,-31.96,4,15,9,734,0.421
14.265,25.655,0.0,144366.91,7.0,98.924,1.0,,5,188.734,4,15,9,524,0.4294
12.007,14.981,0.0,1199.41,7.0,99.33,0.8,,0,-97.601,5,15,3,431,0.4339
11.787,16.889,0.0,1206.76,7.0,99.684,0.85,,2,-97.586,5,15,7,956,0.4278
13.027,21.083,0.0,1229.34,7.0,99.808,0.9,,3,-97.541,5,15,8,872,0.4232
13.533,23.331,0.0,3919.18,7.0,99.946,0.95,,5,-92.162,5,15,9,734,0.421
14.265,25.655,0.0,24415.18,7.0,99.837,1.0,,5,-51.17,5,15,9,524,0.4294
11.759,15.318,0.0,1004.9,7.0,99.394,0.8,,0,-97.99,6,15,2,333,0.4414
11.36,16.413,0.0,955.81,7.0,99.801,0.85,,2,-98.088,6,15,5,742,0.4313
11.972,17.556,0.0,1040.34,7.0,99.886,0.9,,2,-97.919,6,15,7,738,0.4322
13.156,23.335,0.0,862.62,7.0,99.898,0.95,,3,-98.275,6,15,9,678,0.4189
14.265,25.655,0.0,2847.65,7.0,99.966,1.0,,4,-94.305,6,15,9,524,0.4294
12.633,15.095,0.0,861.84,7.0,99.424,0.8,,0,-98.276,7,15,2,190,0.4579
11.472,15.465,0.0,836.11,7.0,99.854,0.85,,0,-98.328,7,15,3,404,0.4505
11.517,15.206,0.0,863.41,7.0,99.93,0.9,,0,-98.273,7,15,3,297,0.4512
12.081,22.57,0.0,800.94,7.0,99.837,0.95,,2,-98.398,7,15,7,562,0.4324
12.618,24.908,0.0,113.71,7.0,99.985,1.0,,3,-99.773,7,15,7,400,0.445
12.633,15.095,0.0,861.84,7.0,99.424,0.8,,0,-98.276,8,15,2,190,0.4579
11.472,15.465,0.0,836.11,7.0,99.854,0.85,,0,-98.328,8,15,3,404,0.4505
11.517,15.206,0.0,863.41,7.0,99.93,0.9,,0,-98.273,8,15,3,297,0.4512
12.081,22.57,0.0,800.94,7.0,99.837,0.95,,2,-98.398,8,15,7,562,0.4324
12.618,24.908,0.0,113.71,7.0,99.985,1.0,,3,-99.773,8,15,7,400,0.445
12.633,15.095,0.0,861.84,7.0,99.424,0.8,,0,-98.276,9,15,2,190,0.4579
11.472,15.465,0.0,836.11,7.0,99.854,0.85,,0,-98.328,9,15,3,404,0.4505
11.517,15.206,0.0,863.41,7.0,99.93,0.9,,0,-98.273,9,15,3,297,0.4512
12.081,22.57,0.0,800.94,7.0,99.837,0.95,,2,-98.398,9,15,7,562,0.4324
12.618,24.908,0.0,113.71,7.0,99.985,1.0,,3,-99.773,9,15,7,400,0.445
12.633,15.095,0.0,861.84,7.0,99.424,0.8,,0,-98.276,10,15,2,190,0.4579
11.472,15.465,0.0,836.11,7.0,99.854,0.85,,0,-98.328,10,15,3,404,0.4505
11.517,15.206,0.0,863.41,7.0,99.93,0.9,,0,-98.273,10,15,3,297,0.4512
12.081,22.57,0.0,800.94,7.0,99.837,0.95,,2,-98.398,10,15,7,562,0.4324
12.618,24.908,0.0,113.71,7.0,99.985,1.0,,3,-99.773,10,15,7,400,0.445
13.468,19.318,0.0,26025.35,7.0,80.202,0.8,,5,-47.949,1,20,9,1949,0.4166
13.249,20.387,0.0,76149.99,7.0,68.535,0.85,,5,52.3,1,20,9,1277,0.4166
13.53,21.77,0.0,127707.61,7.0,58.997,0.9,,6,155.415,1,20,9,983,0.4191
13.533,23.331,0.0,186776.67,7.0,63.038,0.95,,6,273.553,1,20,9,734,0.421
14.265,25.655,0.0,219476.82,7.0,56.348,1.0,,7,338.954,1,20,9,524,0.4294
13.097,18.381,0.0419,2610.09,7.0,97.649,0.8,,1,-94.78,2,20,8,1682,0.4174
13.249,20.387,0.0,29606.9,7.0,92.869,0.85,,4,-40.786,2,20,9,1277,0.4166
13.53,21.77,0.0,96347.52,7.0,86.727,0.9,,5,92.695,2,20,9,983,0.4191
13.533,23.331,0.0,267902.56,7.0,89.562,0.95,,6,435.805,2,20,9,734,0.421
14.265,25.655,0.0,411967.29,7.0,83.02,1.0,,7,723.935,2,20,9,524,0.4294
12.62,18.234,0.0328,1929.95,7.0,98.658,0.8,,1,-96.14,3,20,7,1567,0.4218
13.249,20.387,0.0,3897.39,7.0,98.735,0.85,,4,-92.205,3,20,9,1277,0.4166
13.53,21.77,0.0,25705.62,7.0,96.729,0.9,,4,-48.589,3,20,9,983,0.4191
13.533,23.331,0.0,148879.29,7.0,97.779,0.95,,6,197.759,3,20,9,734,0.421
14.265,25.655,0.0,356351.67,7.0,95.103,1.0,,6,612.703,3,20,9,524,0.4294
11.77,14.665,0.0,1541.71,7.0,99.092,0.8,,0,-96.917,4,20,4,766,0.4373
12.631,19.543,0.0,1488.95,7.0,99.482,0.85,,3,-97.022,4,20,8,1121,0.4202
13.53,21.77,0.0,3217.51,7.0,99.635,0.9,,3,-93.565,4,20,9,983,0.4191
13.533,23.331,0.0,34019.79,7.0,99.649,0.95,,6,-31.96,4,20,9,734,0.421
14.265,25.655,0.0,144366.91,7.0,98.924,1.0,,5,188.734,4,20,9,524,0.4294
12.007,14.981,0.0,1199.41,7.0,99.33,0.8,,0,-97.601,5,20,3,431,0.4339
11.787,16.889,0.0,1206.76,7.0,99.684,0.85,,2,-97.586,5,20,7,956,0.4278
13.027,21.083,0.0,1229.34,7.0,99.808,0.9,,3,-97.541,5,20,8,872,0.4232
13.533,23.331,0.0,3919.18,7.0,99.946,0.95,,5,-92.162,5,20,9,734,0.421
14.265,25.655,0.0,24415.18,7.0,99.837,1.0,,5,-51.17,5,20,9,524,0.4294
11.759,15.318,0.0,1004.9,7.0,99.394,0.8,,0,-97.99,6,20,2,333,0.4414
11.36,16.413,0.0,955.81,7.0,99.801,0.85,,2,-98.088,6,20,5,742,0.4313
11.972,17.556,0.0,1040.34,7.0,99.886,0.9,,2,-97.919,6,20,7,738,0.4322
13.156,23.335,0.0,862.62,7.0,99.898,0.95,,3,-98.275,6,20,9,678,0.4189
14.265,25.655,0.0,2847.65,7.0,99.966,1.0,,4,-94.305,6,20,9,524,0.4294
12.633,15.095,0.0,861.84,7.0,99.424,0.8,,0,-98.276,7,20,2,190,0.4579
11.472,15.465,0.0,836.11,7.0,99.854,0.85,,0,-98.328,7,20,3,404,0.4505
11.517,15.206,0.0,863.41,7.0,99.93,0.9,,0,-98.273,7,20,3,297,0.4512
12.081,22.57,0.0,800.94,7.0,99.837,0.95,,2,-98.398,7,20,7,562,0.4324
12.618,24.908,0.0,113.71,7.0,99.985,1.0,,3,-99.773,7,20,7,400,0.445
12.633,15.095,0.0,861.84,7.0,99.424,0.8,,0,-98.276,8,20,2,190,0.4579
11.472,15.465,0.0,836.11,7.0,99.854,0.85,,0,-98.328,8,20,3,404,0.4505
11.517,15.206,0.0,863.41,7.0,99.93,0.9,,0,-98.273,8,20,3,297,0.4512
12.081,22.57,0.0,800.94,7.0,99.837,0.95,,2,-98.398,8,20,7,562,0.4324
12.618,24.908,0.0,113.71,7.0,99.985,1.0,,3,-99.773,8,20,7,400,0.445
12.633,15.095,0.0,861.84,7.0,99.424,0.8,,0,-98.276,9,20,2,190,0.4579
11.472,15.465,0.0,836.11,7.0,99.854,0.85,,0,-98.328,9,20,3,404,0.4505
11.517,15.206,0.0,863.41,7.0,99.93,0.9,,0,-98.273,9,20,3,297,0.4512
12.081,22.57,0.0,800.94,7.0,99.837,0.95,,2,-98.398,9,20,7,562,0.4324
12.618,24.908,0.0,113.71,7.0,99.985,1.0,,3,-99.773,9,20,7,400,0.445
12.633,15.095,0.0,861.84,7.0,99.424,0.8,,0,-98.276,10,20,2,190,0.4579
11.472,15.465,0.0,836.11,7.0,99.854,0.85,,0,-98.328,10,20,3,404,0.4505
11.517,15.206,0.0,863.41,7.0,99.93,0.9,,0,-98.273,10,20,3,297,0.4512
12.081,22.57,0.0,800.94,7.0,99.837,0.95,,2,-98.398,10,20,7,562,0.4324
12.618,24.908,0.0,113.71,7.0,99.985,1.0,,3,-99.773,10,20,7,400,0.445
13.468,19.318,0.0,26025.35,7.0,80.202,0.8,,5,-47.949,1,25,9,1949,0.4166
13.249,20.387,0.0,76149.99,7.0,68.535,0.85,,5,52.3,1,25,9,1277,0.4166
13.53,21.77,0.0,127707.61,7.0,58.997,0.9,,6,155.415,1,25,9,983,0.4191
13.533,23.331,0.0,186776.67,7.0,63.038,0.95,,6,273.553,1,25,9,734,0.421
14.265,25.655,0.0,219476.82,7.0,56.348,1.0,,7,338.954,1,25,9,524,0.4294
13.097,18.381,0.0419,2610.09,7.0,97.649,0.8,,1,-94.78,2,25,8,1682,0.4174
13.249,20.387,0.0,29606.9,7.0,92.869,0.85,,4,-40.786,2,25,9,1277,0.4166
13.53,21.77,0.0,96347.52,7.0,86.727,0.9,,5,92.695,2,25,9,983,0.4191
13.533,23.331,0.0,267902.56,7.0,89.562,0.95,,6,435.805,2,25,9,734,0.421
14.265,25.655,0.0,411967.29,7.0,83.02,1.0,,7,723.935,2,25,9,524,0.4294
12.62,18.234,0.0328,1929.95,7.0,98.658,0.8,,1,-96.14,3,25,7,1567,0.4218
13.249,20.387,0.0,3897.39,7.0,98.735,0.85,,4,-92.205,3,25,9,1277,0.4166
13.53,21.77,0.0,25705.62,7.0,96.729,0.9,,4,-48.589,3,25,9,983,0.4191
13.533,23.331,0.0,148879.29,7.0,97.779,0.95,,6,197.759,3,25,9,734,0.421
14.265,25.655,0.0,356351.67,7.0,95.103,1.0,,6,612.703,3,25,9,524,0.4294
11.77,14.665,0.0,1541.71,7.0,99.092,0.8,,0,-96.917,4,25,4,766,0.4373
12.631,19.543,0.0,1488.95,7.0,99.482,0.85,,3,-97.022,4,25,8,1121,0.4202
13.53,21.77,0.0,3217.51,7.0,99.635,0.9,,3,-93.565,4,25,9,983,0.4191
13.533,23.331,0.0,34019.79,7.0,99.649,0.95,,6,-31.96,4,25,9,734,0.421
14.265,25.655,0.0,144366.91,7.0,98.924,1.0,,5,188.734,4,25,9,524,0.4294
12.007,14.981,0.0,1199.41,7.0,99.33,0.8,,0,-97.601,5,25,3,431,0.4339
11.787,16.889,0.0,1206.76,7.0,99.684,0.85,,2,-97.586,5,25,7,956,0.4278
13.027,21.083,0.0,1229.34,7.0,99.808,0.9,,3,-97.541,5,25,8,872,0.4232
13.533,23.331,0.0,3919.18,7.0,99.946,0.95,,5,-92.162,5,25,9,734,0.421
14.265,25.655,0.0,24415.18,7.0,99.837,1.0,,5,-51.17,5,25,9,524,0.4294
11.759,15.318,0.0,1004.9,7.0,99.394,0.8,,0,-97.99,6,25,2,333,0.4414
11.36,16.413,0.0,955.81,7.0,99.801,0.85,,2,-98.088,6,25,5,742,0.4313
11.972,17.556,0.0,1040.34,7.0,99.886,0.9,,2,-97.919,6,25,7,738,0.4322
13.156,23.335,0.0,862.62,7.0,99.898,0.95,,3,-98.275,6,25,9,678,0.4189
14.265,25.655,0.0,2847.65,7.0,99.966,1.0,,4,-94.305,6,25,9,524,0.4294
12.633,15.095,0.0,861.84,7.0,99.424,0.8,,0,-98.276,7,25,2,190,0.4579
11.472,15.465,0.0,836.11,7.0,99.854,0.85,,0,-98.328,7,25,3,404,0.4505
11.517,15.206,0.0,863.41,7.0,99.93,0.9,,0,-98.273,7,25,3,297,0.4512
12.081,22.57,0.0,800.94,7.0,99.837,0.95,,2,-98.398,7,25,7,562,0.4324
12.618,24.908,0.0,113.71,7.0,99.985,1.0,,3,-99.773,7,25,7,400,0.445
12.633,15.095,0.0,861.84,7.0,99.424,0.8,,0,-98.276,8,25,2,190,0.4579
11.472,15.465,0.0,836.11,7.0,99.854,0.85,,0,-98.328,8,25,3,404,0.4505
11.517,15.206,0.0,863.41,7.0,99.93,0.9,,0,-98.273,8,25,3,297,0.4512
12.081,22.57,0.0,800.94,7.0,99.837,0.95,,2,-98.398,8,25,7,562,0.4324
12.618,24.908,0.0,113.71,7.0,99.985,1.0,,3,-99.773,8,25,7,400,0.445
12.633,15.095,0.0,861.84,7.0,99.424,0.8,,0,-98.276,9,25,2,190,0.4579
11.472,15.465,0.0,836.11,7.0,99.854,0.85,,0,-98.328,9,25,3,404,0.4505
11.517,15.206,0.0,863.41,7.0,99.93,0.9,,0,-98.273,9,25,3,297,0.4512
12.081,22.57,0.0,800.94,7.0,99.837,0.95,,2,-98.398,9,25,7,562,0.4324
12.618,24.908,0.0,113.71,7.0,99.985,1.0,,3,-99.773,9,25,7,400,0.445
12.633,15.095,0.0,861.84,7.0,99.424,0.8,,0,-98.276,10,25,2,190,0.4579
11.472,15.465,0.0,836.11,7.0,99.854,0.85,,0,-98.328,10,25,3,404,0.4505
11.517,15.206,0.0,863.41,7.0,99.93,0.9,,0,-98.273,10,25,3,297,0.4512
12.081,22.57,0.0,800.94,7.0,99.837,0.95,,2,-98.398,10,25,7,562,0.4324
12.618,24.908,0.0,113.71,7.0,99.985,1.0,,3,-99.773,10,25,7,400,0.445
13.468,19.318,0.0,26025.35,7.0,80.202,0.8,,5,-47.949,1,30,9,1949,0.4166
13.249,20.387,0.0,76149.99,7.0,68.535,0.85,,5,52.3,1,30,9,1277,0.4166
13.53,21.77,0.0,127707.61,7.0,58.997,0.9,,6,155.415,1,30,9,983,0.4191
13.533,23.331,0.0,186776.67,7.0,63.038,0.95,,6,273.553,1,30,9,734,0.421
14.265,25.655,0.0,219476.82,7.0,56.348,1.0,,7,338.954,1,30,9,524,0.4294
13.097,18.381,0.0419,2610.09,7.0,97.649,0.8,,1,-94.78,2,30,8,1682,0.4174
13.249,20.387,0.0,29606.9,7.0,92.869,0.85,,4,-40.786,2,30,9,1277,0.4166
13.53,21.77,0.0,96347.52,7.0,86.727,0.9,,5,92.695,2,30,9,983,0.4191
13.533,23.331,0.0,267902.56,7.0,89.562,0.95,,6,435.805,2,30,9,734,0.421
14.265,25.655,0.0,411967.29,7.0,83.02,1.0,,7,723.935,2,30,9,524,0.4294
12.62,18.234,0.0328,1929.95,7.0,98.658,0.8,,1,-96.14,3,30,7,1567,0.4218
13.249,20.387,0.0,3897.39,7.0,98.735,0.85,,4,-92.205,3,30,9,1277,0.4166
13.53,21.77,0.0,25705.62,7.0,96.729,0.9,,4,-48.589,3,30,9,983,0.4191
13.533,23.331,0.0,148879.29,7.0,97.779,0.95,,6,197.759,3,30,9,734,0.421
14.265,25.655,0.0,356351.67,7.0,95.103,1.0,,6,612.703,3,30,9,524,0.4294
11.77,14.665,0.0,1541.71,7.0,99.092,0.8,,0,-96.917,4,30,4,766,0.4373
12.631,19.543,0.0,1488.95,7.0,99.482,0.85,,3,-97.022,4,30,8,1121,0.4202
13.53,21.77,0.0,3217.51,7.0,99.635,0.9,,3,-93.565,4,30,9,983,0.4191
13.533,23.331,0.0,34019.79,7.0,99.649,0.95,,6,-31.96,4,30,9,734,0.421
14.265,25.655,0.0,144366.91,7.0,98.924,1.0,,5,188.734,4,30,9,524,0.4294
12.007,14.981,0.0,1199.41,7.0,99.33,0.8,,0,-97.601,5,30,3,431,0.4339
11.787,16.889,0.0,1206.76,7.0,99.684,0.85,,2,-97.586,5,30,7,956,0.4278
13.027,21.083,0.0,1229.34,7.0,99.808,0.9,,3,-97.541,5,30,8,872,0.4232
13.533,23.331,0.0,3919.18,7.0,99.946,0.95,,5,-92.162,5,30,9,734,0.421
14.265,25.655,0.0,24415.18,7.0,99.837,1.0,,5,-51.17,5,30,9,524,0.4294
11.759,15.318,0.0,1004.9,7.0,99.394,0.8,,0,-97.99,6,30,2,333,0.4414
11.36,16.413,0.0,955.81,7.0,99.801,0.85,,2,-98.088,6,30,5,742,0.4313
11.972,17.556,0.0,1040.34,7.0,99.886,0.9,,2,-97.919,6,30,7,738,0.4322
13.156,23.335,0.0,862.62,7.0,99.898,0.95,,3,-98.275,6,30,9,678,0.4189
14.265,25.655,0.0,2847.65,7.0,99.966,1.0,,4,-94.305,6,30,9,524,0.4294
12.633,15.095,0.0,861.84,7.0,99.424,0.8,,0,-98.276,7,30,2,190,0.4579
11.472,15.465,0.0,836.11,7.0,99.854,0.85,,0,-98.328,7,30,3,404,0.4505
11.517,15.206,0.0,863.41,7.0,99.93,0.9,,0,-98.273,7,30,3,297,0.4512
12.081,22.57,0.0,800.94,7.0,99.837,0.95,,2,-98.398,7,30,7,562,0.4324
12.618,24.908,0.0,113.71,7.0,99.985,1.0,,3,-99.773,7,30,7,400,0.445
12.633,15.095,0.0,861.84,7.0,99.424,0.8,,0,-98.276,8,30,2,190,0.4579
11.472,15.465,0.0,836.11,7.0,99.854,0.85,,0,-98.328,8,30,3,404,0.4505
11.517,15.206,0.0,863.41,7.0,99.93,0.9,,0,-98.273,8,30,3,297,0.4512
12.081,22.57,0.0,800.94,7.0,99.837,0.95,,2,-98.398,8,30,7,562,0.4324
12.618,24.908,0.0,113.71,7.0,99.985,1.0,,3,-99.773,8,30,7,400,0.445
12.633,15.095,0.0,861.84,7.0,99.424,0.8,,0,-98.276,9,30,2,190,0.4579
11.472,15.465,0.0,836.11,7.0,99.854,0.85,,0,-98.328,9,30,3,404,0.4505
11.517,15.206,0.0,863.41,7.0,99.93,0.9,,0,-98.273,9,30,3,297,0.4512
12.081,22.57,0.0,800.94,7.0,99.837,0.95,,2,-98.398,9,30,7,562,0.4324
12.618,24.908,0.0,113.71,7.0,99.985,1.0,,3,-99.773,9,30,7,400,0.445
12.633,15.095,0.0,861.84,7.0,99.424,0.8,,0,-98.276,10,30,2,190,0.4579
11.472,15.465,0.0,836.11,7.0,99.854,0.85,,0,-98.328,10,30,3,404,0.4505
11.517,15.206,0.0,863.41,7.0,99.93,0.9,,0,-98.273,10,30,3,297,0.4512
12.081,22.57,0.0,800.94,7.0,99.837,0.95,,2,-98.398,10,30,7,562,0.4324
12.618,24.908,0.0,113.71,7.0,99.985,1.0,,3,-99.773,10,30,7,400,0.445
13.468,19.318,0.0,26025.35,7.0,80.202,0.8,,5,-47.949,1,35,9,1949,0.4166
13.249,20.387,0.0,76149.99,7.0,68.535,0.85,,5,52.3,1,35,9,1277,0.4166
13.53,21.77,0.0,127707.61,7.0,58.997,0.9,,6,155.415,1,35,9,983,0.4191
13.533,23.331,0.0,186776.67,7.0,63.038,0.95,,6,273.553,1,35,9,734,0.421
14.265,25.655,0.0,219476.82,7.0,56.348,1.0,,7,338.954,1,35,9,524,0.4294
13.097,18.381,0.0419,2610.09,7.0,97.649,0.8,,1,-94.78,2,35,8,1682,0.4174
13.249,20.387,0.0,29606.9,7.0,92.869,0.85,,4,-40.786,2,35,9,1277,0.4166
13.53,21.77,0.0,96347.52,7.0,86.727,0.9,,5,92.695,2,35,9,983,0.4191
13.533,23.331,0.0,267902.56,7.0,89.562,0.95,,6,435.805,2,35,9,734,0.421
14.265,25.655,0.0,411967.29,7.0,83.02,1.0,,7,723.935,2,35,9,524,0.4294
12.62,18.234,0.0328,1929.95,7.0,98.658,0.8,,1,-96.14,3,35,7,1567,0.4218
13.249,20.387,0.0,3897.39,7.0,98.735,0.85,,4,-92.205,3,35,9,1277,0.4166
13.53,21.77,0.0,25705.62,7.0,96.729,0.9,,4,-48.589,3,35,9,983,0.4191
13.533,23.331,0.0,148879.29,7.0,97.779,0.95,,6,197.759,3,35,9,734,0.421
14.265,25.655,0.0,356351.67,7.0,95.103,1.0,,6,612.703,3,35,9,524,0.4294
11.77,14.665,0.0,1541.71,7.0,99.092,0.8,,0,-96.917,4,35,4,766,0.4373
12.631,19.543,0.0,1488.95,7.0,99.482,0.85,,3,-97.022,4,35,8,1121,0.4202
13.53,21.77,0.0,3217.51,7.0,99.635,0.9,,3,-93.565,4,35,9,983,0.4191
13.533,23.331,0.0,34019.79,7.0,99.649,0.95,,6,-31.96,4,35,9,734,0.421
14.265,25.655,0.0,144366.91,7.0,98.924,1.0,,5,188.734,4,35,9,524,0.4294
12.007,14.981,0.0,1199.41,7.0,99.33,0.8,,0,-97.601,5,35,3,431,0.4339
11.787,16.889,0.0,1206.76,7.0,99.684,0.85,,2,-97.586,5,35,7,956,0.4278
13.027,21.083,0.0,1229.34,7.0,99.808,0.9,,3,-97.541,5,35,8,872,0.4232
13.533,23.331,0.0,3919.18,7.0,99.946,0.95,,5,-92.162,5,35,9,734,0.421
14.265,25.655,0.0,24415.18,7.0,99.837,1.0,,5,-51.17,5,35,9,524,0.4294
11.759,15.318,0.0,1004.9,7.0,99.394,0.8,,0,-97.99,6,35,2,333,0.4414
11.36,16.413,0.0,955.81,7.0,99.801,0.85,,2,-98.088,6,35,5,742,0.4313
11.972,17.556,0.0,1040.34,7.0,99.886,0.9,,2,-97.919,6,35,7,738,0.4322
13.156,23.335,0.0,862.62,7.0,99.898,0.95,,3,-98.275,6,35,9,678,0.4189
14.265,25.655,0.0,2847.65,7.0,99.966,1.0,,4,-94.305,6,35,9,524,0.4294
12.633,15.095,0.0,861.84,7.0,99.424,0.8,,0,-98.276,7,35,2,190,0.4579
11.472,15.465,0.0,836.11,7.0,99.854,0.85,,0,-98.328,7,35,3,404,0.4505
11.517,15.206,0.0,863.41,7.0,99.93,0.9,,0,-98.273,7,35,3,297,0.4512
12.081,22.57,0.0,800.94,7.0,99.837,0.95,,2,-98.398,7,35,7,562,0.4324
12.618,24.908,0.0,113.71,7.0,99.985,1.0,,3,-99.773,7,35,7,400,0.445
12.633,15.095,0.0,861.84,7.0,99.424,0.8,,0,-98.276,8,35,2,190,0.4579
11.472,15.465,0.0,836.11,7.0,99.854,0.85,,0,-98.328,8,35,3,404,0.4505
11.517,15.206,0.0,863.41,7.0,99.93,0.9,,0,-98.273,8,35,3,297,0.4512
12.081,22.57,0.0,800.94,7.0,99.837,0.95,,2,-98.398,8,35,7,562,0.4324
12.618,24.908,0.0,113.71,7.0,99.985,1.0,,3,-99.773,8,35,7,400,0.445
12.633,15.095,0.0,861.84,7.0,99.424,0.8,,0,-98.276,9,35,2,190,0.4579
11.472,15.465,0.0,836.11,7.0,99.854,0.85,,0,-98.328,9,35,3,404,0.4505
11.517,15.206,0.0,863.41,7.0,99.93,0.9,,0,-98.273,9,35,3,297,0.4512
12.081,22.57,0.0,800.94,7.0,99.837,0.95,,2,-98.398,9,35,7,562,0.4324
12.618,24.908,0.0,113.71,7.0,99.985,1.0,,3,-99.773,9,35,7,400,0.445
12.633,15.095,0.0,861.84,7.0,99.424,0.8,,0,-98.276,10,35,2,190,0.4579
11.472,15.465,0.0,836.11,7.0,99.854,0.85,,0,-98.328,10,35,3,404,0.4505
11.517,15.206,0.0,863.41,7.0,99.93,0.9,,0,-98.273,10,35,3,297,0.4512
12.081,22.57,0.0,800.94,7.0,99.837,0.95,,2,-98.398,10,35,7,562,0.4324
12.618,24.908,0.0,113.71,7.0,99.985,1.0,,3,-99.773,10,35,7,400,0.445
13.468,19.318,0.0,26025.35,7.0,80.202,0.8,,5,-47.949,1,40,9,1949,0.4166
13.249,20.387,0.0,76149.99,7.0,68.535,0.85,,5,52.3,1,40,9,1277,0.4166
13.53,21.77,0.0,127707.61,7.0,58.997,0.9,,6,155.415,1,40,9,983,0.4191
13.533,23.331,0.0,186776.67,7.0,63.038,0.95,,6,273.553,1,40,9,734,0.421
14.265,25.655,0.0,219476.82,7.0,56.348,1.0,,7,338.954,1,40,9,524,0.4294
13.097,18.381,0.0419,2610.09,7.0,97.649,0.8,,1,-94.78,2,40,8,1682,0.4174
13.249,20.387,0.0,29606.9,7.0,92.869,0.85,,4,-40.786,2,40,9,1277,0.4166
13.53,21.77,0.0,96347.52,7.0,86.727,0.9,,5,92.695,2,40,9,983,0.4191
13.533,23.331,0.0,267902.56,7.0,89.562,0.95,,6,435.805,2,40,9,734,0.421
14.265,25.655,0.0,411967.29,7.0,83.02,1.0,,7,723.935,2,40,9,524,0.4294
12.62,18.234,0.0328,1929.95,7.0,98.658,0.8,,1,-96.14,3,40,7,1567,0.4218
13.249,20.387,0.0,3897.39,7.0,98.735,0.85,,4,-92.205,3,40,9,1277,0.4166
13.53,21.77,0.0,25705.62,7.0,96.729,0.9,,4,-48.589,3,40,9,983,0.4191
13.533,23.331,0.0,148879.29,7.0,97.779,0.95,,6,197.759,3,40,9,734,0.421
14.265,25.655,0.0,356351.67,7.0,95.103,1.0,,6,612.703,3,40,9,524,0.4294
11.77,14.665,0.0,1541.71,7.0,99.092,0.8,,0,-96.917,4,40,4,766,0.4373
12.631,19.543,0.0,1488.95,7.0,99.482,0.85,,3,-97.022,4,40,8,1121,0.4202
13.53,21.77,0.0,3217.51,7.0,99.635,0.9,,3,-93.565,4,40,9,983,0.4191
13.533,23.331,0.0,34019.79,7.0,99.649,0.95,,6,-31.96,4,40,9,734,0.421
14.265,25.655,0.0,144366.91,7.0,98.924,1.0,,5,188.734,4,40,9,524,0.4294
12.007,14.981,0.0,1199.41,7.0,99.33,0.8,,0,-97.601,5,40,3,431,0.4339
11.787,16.889,0.0,1206.76,7.0,99.684,0.85,,2,-97.586,5,40,7,956,0.4278
13.027,21.083,0.0,1229.34,7.0,99.808,0.9,,3,-97.541,5,40,8,872,0.4232
13.533,23.331,0.0,3919.18,7.0,99.946,0.95,,5,-92.162,5,40,9,734,0.421
14.265,25.655,0.0,24415.18,7.0,99.837,1.0,,5,-51.17,5,40,9,524,0.4294
11.759,15.318,0.0,1004.9,7.0,99.394,0.8,,0,-97.99,6,40,2,333,0.4414
11.36,16.413,0.0,955.81,7.0,99.801,0.85,,2,-98.088,6,40,5,742,0.4313
11.972,17.556,0.0,1040.34,7.0,99.886,0.9,,2,-97.919,6,40,7,738,0.4322
13.156,23.335,0.0,862.62,7.0,99.898,0.95,,3,-98.275,6,40,9,678,0.4189
14.265,25.655,0.0,2847.65,7.0,99.966,1.0,,4,-94.305,6,40,9,524,0.4294
12.633,15.095,0.0,861.84,7.0,99.424,0.8,,0,-98.276,7,40,2,190,0.4579
11.472,15.465,0.0,836.11,7.0,99.854,0.85,,0,-98.328,7,40,3,404,0.4505
11.517,15.206,0.0,863.41,7.0,99.93,0.9,,0,-98.273,7,40,3,297,0.4512
12.081,22.57,0.0,800.94,7.0,99.837,0.95,,2,-98.398,7,40,7,562,0.4324
12.618,24.908,0.0,113.71,7.0,99.985,1.0,,3,-99.773,7,40,7,400,0.445
12.633,15.095,0.0,861.84,7.0,99.424,0.8,,0,-98.276,8,40,2,190,0.4579
11.472,15.465,0.0,836.11,7.0,99.854,0.85,,0,-98.328,8,40,3,404,0.4505
11.517,15.206,0.0,863.41,7.0,99.93,0.9,,0,-98.273,8,40,3,297,0.4512
12.081,22.57,0.0,800.94,7.0,99.837,0.95,,2,-98.398,8,40,7,562,0.4324
12.618,24.908,0.0,113.71,7.0,99.985,1.0,,3,-99.773,8,40,7,400,0.445
12.633,15.095,0.0,861.84,7.0,99.424,0.8,,0,-98.276,9,40,2,190,0.4579
11.472,15.465,0.0,836.11,7.0,99.854,0.85,,0,-98.328,9,40,3,404,0.4505
11.517,15.206,0.0,863.41,7.0,99.93,0.9,,0,-98.273,9,40,3,297,0.4512
12.081,22.57,0.0,800.94,7.0,99.837,0.95,,2,-98.398,9,40,7,562,0.4324
12.618,24.908,0.0,113.71,7.0,99.985,1.0,,3,-99.773,9,40,7,400,0.445
12.633,15.095,0.0,861.84,7.0,99.424,0.8,,0,-98.276,10,40,2,190,0.4579
11.472,15.465,0.0,836.11,7.0,99.854,0.85,,0,-98.328,10,40,3,404,0.4505
11.517,15.206,0.0,863.41,7.0,99.93,0.9,,0,-98.273,10,40,3,297,0.4512
12.081,22.57,0.0,800.94,7.0,99.837,0.95,,2,-98.398,10,40,7,562,0.4324
12.618,24.908,0.0,113.71,7.0,99.985,1.0,,3,-99.773,10,40,7,400,0.445
13.468,19.318,0.0,26025.35,7.0,80.202,0.8,,5,-47.949,1,45,9,1949,0.4166
13.249,20.387,0.0,76149.99,7.0,68.535,0.85,,5,52.3,1,45,9,1277,0.4166
13.53,21.77,0.0,127707.61,7.0,58.997,0.9,,6,155.415,1,45,9,983,0.4191
13.533,23.331,0.0,186776.67,7.0,63.038,0.95,,6,273.553,1,45,9,734,0.421
14.265,25.655,0.0,219476.82,7.0,56.348,1.0,,7,338.954,1,45,9,524,0.4294
13.097,18.381,0.0419,2610.09,7.0,97.649,0.8,,1,-94.78,2,45,8,1682,0.4174
13.249,20.387,0.0,29606.9,7.0,92.869,0.85,,4,-40.786,2,45,9,1277,0.4166
13.53,21.77,0.0,96347.52,7.0,86.727,0.9,,5,92.695,2,45,9,983,0.4191
13.533,23.331,0.0,267902.56,7.0,89.562,0.95,,6,435.805,2,45,9,734,0.421
14.265,25.655,0.0,411967.29,7.0,83.02,1.0,,7,723.935,2,45,9,524,0.4294
12.62,18.234,0.0328,1929.95,7.0,98.658,0.8,,1,-96.14,3,45,7,1567,0.4218
13.249,20.387,0.0,3897.39,7.0,98.735,0.85,,4,-92.205,3,45,9,1277,0.4166
13.53,21.77,0.0,25705.62,7.0,96.729,0.9,,4,-48.589,3,45,9,983,0.4191
13.533,23.331,0.0,148879.29,7.0,97.779,0.95,,6,197.759,3,45,9,734,0.421
14.265,25.655,0.0,356351.67,7.0,95.103,1.0,,6,612.703,3,45,9,524,0.4294
11.77,14.665,0.0,1541.71,7.0,99.092,0.8,,0,-96.917,4,45,4,766,0.4373
12.631,19.543,0.0,1488.95,7.0,99.482,0.85,,3,-97.022,4,45,8,1121,0.4202
13.53,21.77,0.0,3217.51,7.0,99.635,0.9,,3,-93.565,4,45,9,983,0.4191
13.533,23.331,0.0,34019.79,7.0,99.649,0.95,,6,-31.96,4,45,9,734,0.421
14.265,25.655,0.0,144366.91,7.0,98.924,1.0,,5,188.734,4,45,9,524,0.4294
12.007,14.981,0.0,1199.41,7.0,99.33,0.8,,0,-97.601,5,45,3,431,0.4339
11.787,16.889,0.0,1206.76,7.0,99.684,0.85,,2,-97.586,5,45,7,956,0.4278
13.027,21.083,0.0,1229.34,7.0,99.808,0.9,,3,-97.541,5,45,8,872,0.4232
13.533,23.331,0.0,3919.18,7.0,99.946,0.95,,5,-92.162,5,45,9,734,0.421
14.265,25.655,0.0,24415.18,7.0,99.837,1.0,,5,-51.17,5,45,9,524,0.4294
11.759,15.318,0.0,1004.9,7.0,99.394,0.8,,0,-97.99,6,45,2,333,0.4414
11.36,16.413,0.0,955.81,7.0,99.801,0.85,,2,-98.088,6,45,5,742,0.4313
11.972,17.556,0.0,1040.34,7.0,99.886,0.9,,2,-97.919,6,45,7,738,0.4322
13.156,23.335,0.0,862.62,7.0,99.898,0.95,,3,-98.275,6,45,9,678,0.4189
14.265,25.655,0.0,2847.65,7.0,99.966,1.0,,4,-94.305,6,45,9,524,0.4294
12.633,15.095,0.0,861.84,7.0,99.424,0.8,,0,-98.276,7,45,2,190,0.4579
11.472,15.465,0.0,836.11,7.0,99.854,0.85,,0,-98.328,7,45,3,404,0.4505
11.517,15.206,0.0,863.41,7.0,99.93,0.9,,0,-98.273,7,45,3,297,0.4512
12.081,22.57,0.0,800.94,7.0,99.837,0.95,,2,-98.398,7,45,7,562,0.4324
12.618,24.908,0.0,113.71,7.0,99.985,1.0,,3,-99.773,7,45,7,400,0.445
12.633,15.095,0.0,861.84,7.0,99.424,0.8,,0,-98.276,8,45,2,190,0.4579
11.472,15.465,0.0,836.11,7.0,99.854,0.85,,0,-98.328,8,45,3,404,0.4505
11.517,15.206,0.0,863.41,7.0,99.93,0.9,,0,-98.273,8,45,3,297,0.4512
12.081,22.57,0.0,800.94,7.0,99.837,0.95,,2,-98.398,8,45,7,562,0.4324
12.618,24.908,0.0,113.71,7.0,99.985,1.0,,3,-99.773,8,45,7,400,0.445
12.633,15.095,0.0,861.84,7.0,99.424,0.8,,0,-98.276,9,45,2,190,0.4579
11.472,15.465,0.0,836.11,7.0,99.854,0.85,,0,-98.328,9,45,3,404,0.4505
11.517,15.206,0.0,863.41,7.0,99.93,0.9,,0,-98.273,9,45,3,297,0.4512
12.081,22.57,0.0,800.94,7.0,99.837,0.95,,2,-98.398,9,45,7,562,0.4324
12.618,24.908,0.0,113.71,7.0,99.985,1.0,,3,-99.773,9,45,7,400,0.445
12.633,15.095,0.0,861.84,7.0,99.424,0.8,,0,-98.276,10,45,2,190,0.4579
11.472,15.465,0.0,836.11,7.0,99.854,0.85,,0,-98.328,10,45,3,404,0.4505
11.517,15.206,0.0,863.41,7.0,99.93,0.9,,0,-98.273,10,45,3,297,0.4512
12.081,22.57,0.0,800.94,7.0,99.837,0.95,,2,-98.398,10,45,7,562,0.4324
12.618,24.908,0.0,113.71,7.0,99.985,1.0,,3,-99.773,10,45,7,400,0.445
13.468,19.318,0.0,26025.35,7.0,80.202,0.8,,5,-47.949,1,50,9,1949,0.4166
13.249,20.387,0.0,76149.99,7.0,68.535,0.85,,5,52.3,1,50,9,1277,0.4166
13.53,21.77,0.0,127707.61,7.0,58.997,0.9,,6,155.415,1,50,9,983,0.4191
13.533,23.331,0.0,186776.67,7.0,63.038,0.95,,6,273.553,1,50,9,734,0.421
14.265,25.655,0.0,219476.82,7.0,56.348,1.0,,7,338.954,1,50,9,524,0.4294
13.097,18.381,0.0419,2610.09,7.0,97.649,0.8,,1,-94.78,2,50,8,1682,0.4174
13.249,20.387,0.0,29606.9,7.0,92.869,0.85,,4,-40.786,2,50,9,1277,0.4166
13.53,21.77,0.0,96347.52,7.0,86.727,0.9,,5,92.695,2,50,9,983,0.4191
13.533,23.331,0.0,267902.56,7.0,89.562,0.95,,6,435.805,2,50,9,734,0.421
14.265,25.655,0.0,411967.29,7.0,83.02,1.0,,7,723.935,2,50,9,524,0.4294
12.62,18.234,0.0328,1929.95,7.0,98.658,0.8,,1,-96.14,3,50,7,1567,0.4218
13.249,20.387,0.0,3897.39,7.0,98.735,0.85,,4,-92.205,3,50,9,1277,0.4166
13.53,21.77,0.0,25705.62,7.0,96.729,0.9,,4,-48.589,3,50,9,983,0.4191
13.533,23.331,0.0,148879.29,7.0,97.779,0.95,,6,197.759,3,50,9,734,0.421
14.265,25.655,0.0,356351.67,7.0,95.103,1.0,,6,612.703,3,50,9,524,0.4294
11.77,14.665,0.0,1541.71,7.0,99.092,0.8,,0,-96.917,4,50,4,766,0.4373
12.631,19.543,0.0,1488.95,7.0,99.482,0.85,,3,-97.022,4,50,8,1121,0.4202
13.53,21.77,0.0,3217.51,7.0,99.635,0.9,,3,-93.565,4,50,9,983,0.4191
13.533,23.331,0.0,34019.79,7.0,99.649,0.95,,6,-31.96,4,50,9,734,0.421
14.265,25.655,0.0,144366.91,7.0,98.924,1.0,,5,188.734,4,50,9,524,0.4294
12.007,14.981,0.0,1199.41,7.0,99.33,0.8,,0,-97.601,5,50,3,431,0.4339
11.787,16.889,0.0,1206.76,7.0,99.684,0.85,,2,-97.586,5,50,7,956,0.4278
13.027,21.083,0.0,1229.34,7.0,99.808,0.9,,3,-97.541,5,50,8,872,0.4232
13.533,23.331,0.0,3919.18,7.0,99.946,0.95,,5,-92.162,5,50,9,734,0.421
14.265,25.655,0.0,24415.18,7.0,99.837,1.0,,5,-51.17,5,50,9,524,0.4294
11.759,15.318,0.0,1004.9,7.0,99.394,0.8,,0,-97.99,6,50,2,333,0.4414
11.36,16.413,0.0,955.81,7.0,99.801,0.85,,2,-98.088,6,50,5,742,0.4313
11.972,17.556,0.0,1040.34,7.0,99.886,0.9,,2,-97.919,6,50,7,738,0.4322
13.156,23.335,0.0,862.62,7.0,99.898,0.95,,3,-98.275,6,50,9,678,0.4189
14.265,25.655,0.0,2847.65,7.0,99.966,1.0,,4,-94.305,6,50,9,524,0.4294
12.633,15.095,0.0,861.84,7.0,99.424,0.8,,0,-98.276,7,50,2,190,0.4579
11.472,15.465,0.0,836.11,7.0,99.854,0.85,,0,-98.328,7,50,3,404,0.4505
11.517,15.206,0.0,863.41,7.0,99.93,0.9,,0,-98.273,7,50,3,297,0.4512
12.081,22.57,0.0,800.94,7.0,99.837,0.95,,2,-98.398,7,50,7,562,0.4324
12.618,24.908,0.0,113.71,7.0,99.985,1.0,,3,-99.773,7,50,7,400,0.445
12.633,15.095,0.0,861.84,7.0,99.424,0.8,,0,-98.276,8,50,2,190,0.4579
11.472,15.465,0.0,836.11,7.0,99.854,0.85,,0,-98.328,8,50,3,404,0.4505
11.517,15.206,0.0,863.41,7.0,99.93,0.9,,0,-98.273,8,50,3,297,0.4512
12.081,22.57,0.0,800.94,7.0,99.837,0.95,,2,-98.398,8,50,7,562,0.4324
12.618,24.908,0.0,113.71,7.0,99.985,1.0,,3,-99.773,8,50,7,400,0.445
12.633,15.095,0.0,861.84,7.0,99.424,0.8,,0,-98.276,9,50,2,190,0.4579
11.472,15.465,0.0,836.11,7.0,99.854,0.85,,0,-98.328,9,50,3,404,0.4505
11.517,15.206,0.0,863.41,7.0,99.93,0.9,,0,-98.273,9,50,3,297,0.4512
12.081,22.57,0.0,800.94,7.0,99.837,0.95,,2,-98.398,9,50,7,562,0.4324
12.618,24.908,0.0,113.71,7.0,99.985,1.0,,3,-99.773,9,50,7,400,0.445
12.633,15.095,0.0,861.84,7.0,99.424,0.8,,0,-98.276,10,50,2,190,0.4579
11.472,15.465,0.0,836.11,7.0,99.854,0.85,,0,-98.328,10,50,3,404,0.4505
11.517,15.206,0.0,863.41,7.0,99.93,0.9,,0,-98.273,10,50,3,297,0.4512
12.081,22.57,0.0,800.94,7.0,99.837,0.95,,2,-98.398,10,50,7,562,0.4324
12.618,24.908,0.0,113.71,7.0,99.985,1.0,,3,-99.773,10,50,7,400,0.445
13.468,19.318,0.0,26025.35,7.0,80.202,0.8,,5,-47.949,1,55,9,1949,0.4166
13.249,20.387,0.0,76149.99,7.0,68.535,0.85,,5,52.3,1,55,9,1277,0.4166
13.53,21.77,0.0,127707.61,7.0,58.997,0.9,,6,155.415,1,55,9,983,0.4191
13.533,23.331,0.0,186776.67,7.0,63.038,0.95,,6,273.553,1,55,9,734,0.421
14.265,25.655,0.0,219476.82,7.0,56.348,1.0,,7,338.954,1,55,9,524,0.4294
13.097,18.381,0.0419,2610.09,7.0,97.649,0.8,,1,-94.78,2,55,8,1682,0.4174
13.249,20.387,0.0,29606.9,7.0,92.869,0.85,,4,-40.786,2,55,9,1277,0.4166
13.53,21.77,0.0,96347.52,7.0,86.727,0.9,,5,92.695,2,55,9,983,0.4191
13.533,23.331,0.0,267902.56,7.0,89.562,0.95,,6,435.805,2,55,9,734,0.421
14.265,25.655,0.0,411967.29,7.0,83.02,1.0,,7,723.935,2,55,9,524,0.4294
12.62,18.234,0.0328,1929.95,7.0,98.658,0.8,,1,-96.14,3,55,7,1567,0.4218
13.249,20.387,0.0,3897.39,7.0,98.735,0.85,,4,-92.205,3,55,9,1277,0.4166
13.53,21.77,0.0,25705.62,7.0,96.729,0.9,,4,-48.589,3,55,9,983,0.4191
13.533,23.331,0.0,148879.29,7.0,97.779,0.95,,6,197.759,3,55,9,734,0.421
14.265,25.655,0.0,356351.67,7.0,95.103,1.0,,6,612.703,3,55,9,524,0.4294
11.77,14.665,0.0,1541.71,7.0,99.092,0.8,,0,-96.917,4,55,4,766,0.4373
12.631,19.543,0.0,1488.95,7.0,99.482,0.85,,3,-97.022,4,55,8,1121,0.4202
13.53,21.77,0.0,3217.51,7.0,99.635,0.9,,3,-93.565,4,55,9,983,0.4191
13.533,23.331,0.0,34019.79,7.0,99.649,0.95,,6,-31.96,4,55,9,734,0.421
14.265,25.655,0.0,144366.91,7.0,98.924,1.0,,5,188.734,4,55,9,524,0.4294
12.007,14.981,0.0,1199.41,7.0,99.33,0.8,,0,-97.601,5,55,3,431,0.4339
11.787,16.889,0.0,1206.76,7.0,99.684,0.85,,2,-97.586,5,55,7,956,0.4278
13.027,21.083,0.0,1229.34,7.0,99.808,0.9,,3,-97.541,5,55,8,872,0.4232
13.533,23.331,0.0,3919.18,7.0,99.946,0.95,,5,-92.162,5,55,9,734,0.421
14.265,25.655,0.0,24415.18,7.0,99.837,1.0,,5,-51.17,5,55,9,524,0.4294
11.759,15.318,0.0,1004.9,7.0,99.394,0.8,,0,-97.99,6,55,2,333,0.4414
11.36,16.413,0.0,955.81,7.0,99.801,0.85,,2,-98.088,6,55,5,742,0.4313
11.972,17.556,0.0,1040.34,7.0,99.886,0.9,,2,-97.919,6,55,7,738,0.4322
13.156,23.335,0.0,862.62,7.0,99.898,0.95,,3,-98.275,6,55,9,678,0.4189
14.265,25.655,0.0,2847.65,7.0,99.966,1.0,,4,-94.305,6,55,9,524,0.4294
12.633,15.095,0.0,861.84,7.0,99.424,0.8,,0,-98.276,7,55,2,190,0.4579
11.472,15.465,0.0,836.11,7.0,99.854,0.85,,0,-98.328,7,55,3,404,0.4505
11.517,15.206,0.0,863.41,7.0,99.93,0.9,,0,-98.273,7,55,3,297,0.4512
12.081,22.57,0.0,800.94,7.0,99.837,0.95,,2,-98.398,7,55,7,562,0.4324
12.618,24.908,0.0,113.71,7.0,99.985,1.0,,3,-99.773,7,55,7,400,0.445
12.633,15.095,0.0,861.84,7.0,99.424,0.8,,0,-98.276,8,55,2,190,0.4579
11.472,15.465,0.0,836.11,7.0,99.854,0.85,,0,-98.328,8,55,3,404,0.4505
11.517,15.206,0.0,863.41,7.0,99.93,0.9,,0,-98.273,8,55,3,297,0.4512
12.081,22.57,0.0,800.94,7.0,99.837,0.95,,2,-98.398,8,55,7,562,0.4324
12.618,24.908,0.0,113.71,7.0,99.985,1.0,,3,-99.773,8,55,7,400,0.445
12.633,15.095,0.0,861.84,7.0,99.424,0.8,,0,-98.276,9,55,2,190,0.4579
11.472,15.465,0.0,836.11,7.0,99.854,0.85,,0,-98.328,9,55,3,404,0.4505
11.517,15.206,0.0,863.41,7.0,99.93,0.9,,0,-98.273,9,55,3,297,0.4512
12.081,22.57,0.0,800.94,7.0,99.837,0.95,,2,-98.398,9,55,7,562,0.4324
12.618,24.908,0.0,113.71,7.0,99.985,1.0,,3,-99.773,9,55,7,400,0.445
12.633,15.095,0.0,861.84,7.0,99.424,0.8,,0,-98.276,10,55,2,190,0.4579
11.472,15.465,0.0,836.11,7.0,99.854,0.85,,0,-98.328,10,55,3,404,0.4505
11.517,15.206,0.0,863.41,7.0,99.93,0.9,,0,-98.273,10,55,3,297,0.4512
12.081,22.57,0.0,800.94,7.0,99.837,0.95,,2,-98.398,10,55,7,562,0.4324
12.618,24.908,0.0,113.71,7.0,99.985,1.0,,3,-99.773,10,55,7,400,0.445
13.468,19.318,0.0,26025.35,7.0,80.202,0.8,,5,-47.949,1,60,9,1949,0.4166
13.249,20.387,0.0,76149.99,7.0,68.535,0.85,,5,52.3,1,60,9,1277,0.4166
13.53,21.77,0.0,127707.61,7.0,58.997,0.9,,6,155.415,1,60,9,983,0.4191
13.533,23.331,0.0,186776.67,7.0,63.038,0.95,,6,273.553,1,60,9,734,0.421
14.265,25.655,0.0,219476.82,7.0,56.348,1.0,,7,338.954,1,60,9,524,0.4294
13.097,18.381,0.0419,2610.09,7.0,97.649,0.8,,1,-94.78,2,60,8,1682,0.4174
13.249,20.387,0.0,29606.9,7.0,92.869,0.85,,4,-40.786,2,60,9,1277,0.4166
13.53,21.77,0.0,96347.52,7.0,86.727,0.9,,5,92.695,2,60,9,983,0.4191
13.533,23.331,0.0,267902.56,7.0,89.562,0.95,,6,435.805,2,60,9,734,0.421
14.265,25.655,0.0,411967.29,7.0,83.02,1.0,,7,723.935,2,60,9,524,0.4294
12.62,18.234,0.0328,1929.95,7.0,98.658,0.8,,1,-96.14,3,60,7,1567,0.4218
13.249,20.387,0.0,3897.39,7.0,98.735,0.85,,4,-92.205,3,60,9,1277,0.4166
13.53,21.77,0.0,25705.62,7.0,96.729,0.9,,4,-48.589,3,60,9,983,0.4191
13.533,23.331,0.0,148879.29,7.0,97.779,0.95,,6,197.759,3,60,9,734,0.421
14.265,25.655,0.0,356351.67,7.0,95.103,1.0,,6,612.703,3,60,9,524,0.4294
11.77,14.665,0.0,1541.71,7.0,99.092,0.8,,0,-96.917,4,60,4,766,0.4373
12.631,19.543,0.0,1488.95,7.0,99.482,0.85,,3,-97.022,4,60,8,1121,0.4202
13.53,21.77,0.0,3217.51,7.0,99.635,0.9,,3,-93.565,4,60,9,983,0.4191
13.533,23.331,0.0,34019.79,7.0,99.649,0.95,,6,-31.96,4,60,9,734,0.421
14.265,25.655,0.0,144366.91,7.0,98.924,1.0,,5,188.734,4,60,9,524,0.4294
12.007,14.981,0.0,1199.41,7.0,99.33,0.8,,0,-97.601,5,60,3,431,0.4339
11.787,16.889,0.0,1206.76,7.0,99.684,0.85,,2,-97.586,5,60,7,956,0.4278
13.027,21.083,0.0,1229.34,7.0,99.808,0.9,,3,-97.541,5,60,8,872,0.4232
13.533,23.331,0.0,3919.18,7.0,99.946,0.95,,5,-92.162,5,60,9,734,0.421
14.265,25.655,0.0,24415.18,7.0,99.837,1.0,,5,-51.17,5,60,9,524,0.4294
11.759,15.318,0.0,1004.9,7.0,99.394,0.8,,0,-97.99,6,60,2,333,0.4414
11.36,16.413,0.0,955.81,7.0,99.801,0.85,,2,-98.088,6,60,5,742,0.4313
11.972,17.556,0.0,1040.34,7.0,99.886,0.9,,2,-97.919,6,60,7,738,0.4322
13.156,23.335,0.0,862.62,7.0,99.898,0.95,,3,-98.275,6,60,9,678,0.4189
14.265,25.655,0.0,2847.65,7.0,99.966,1.0,,4,-94.305,6,60,9,524,0.4294
12.633,15.095,0.0,861.84,7.0,99.424,0.8,,0,-98.276,7,60,2,190,0.4579
11.472,15.465,0.0,836.11,7.0,99.854,0.85,,0,-98.328,7,60,3,404,0.4505
11.517,15.206,0.0,863.41,7.0,99.93,0.9,,0,-98.273,7,60,3,297,0.4512
12.081,22.57,0.0,800.94,7.0,99.837,0.95,,2,-98.398,7,60,7,562,0.4324
12.618,24.908,0.0,113.71,7.0,99.985,1.0,,3,-99.773,7,60,7,400,0.445
12.633,15.095,0.0,861.84,7.0,99.424,0.8,,0,-98.276,8,60,2,190,0.4579
11.472,15.465,0.0,836.11,7.0,99.854,0.85,,0,-98.328,8,60,3,404,0.4505
11.517,15.206,0.0,863.41,7.0,99.93,0.9,,0,-98.273,8,60,3,297,0.4512
12.081,22.57,0.0,800.94,7.0,99.837,0.95,,2,-98.398,8,60,7,562,0.4324
12.618,24.908,0.0,113.71,7.0,99.985,1.0,,3,-99.773,8,60,7,400,0.445
12.633,15.095,0.0,861.84,7.0,99.424,0.8,,0,-98.276,9,60,2,190,0.4579
11.472,15.465,0.0,836.11,7.0,99.854,0.85,,0,-98.328,9,60,3,404,0.4505
11.517,15.206,0.0,863.41,7.0,99.93,0.9,,0,-98.273,9,60,3,297,0.4512
12.081,22.57,0.0,800.94,7.0,99.837,0.95,,2,-98.398,9,60,7,562,0.4324
12.618,24.908,0.0,113.71,7.0,99.985,1.0,,3,-99.773,9,60,7,400,0.445
12.633,15.095,0.0,861.84,7.0,99.424,0.8,,0,-98.276,10,60,2,190,0.4579
11.472,15.465,0.0,836.11,7.0,99.854,0.85,,0,-98.328,10,60,3,404,0.4505
11.517,15.206,0.0,863.41,7.0,99.93,0.9,,0,-98.273,10,60,3,297,0.4512
12.081,22.57,0.0,800.94,7.0,99.837,0.95,,2,-98.398,10,60,7,562,0.4324
12.618,24.908,0.0,113.71,7.0,99.985,1.0,,3,-99.773,10,60,7,400,0.445
13.769,19.174,0.0,32409.88,7.5,75.429,0.8,,4,-35.18,1,5,9,1942,0.4253
13.603,20.179,0.0,76971.35,7.5,65.809,0.85,,5,53.943,1,5,9,1274,0.4254
13.953,21.411,0.0,134613.2,7.5,55.285,0.9,,6,169.226,1,5,9,982,0.4318
13.884,23.124,0.0,179315.37,7.5,61.006,0.95,,6,258.631,1,5,9,734,0.4292
14.458,25.581,0.0,203342.0,7.5,54.36,1.0,,7,306.684,1,5,9,524,0.4332
13.544,18.54,0.058,3194.15,7.5,97.096,0.8,,2,-93.612,2,5,9,1789,0.4226
13.603,20.179,0.0,38511.69,7.5,91.069,0.85,,5,-22.977,2,5,9,1274,0.4254
13.953,21.411,0.0,118473.91,7.5,84.493,0.9,,6,136.948,2,5,9,982,0.4318
13.884,23.124,0.0,270510.5,7.5,87.967,0.95,,6,441.021,2,5,9,734,0.4292
14.458,25.581,0.0,402235.62,7.5,80.861,1.0,,7,704.471,2,5,9,524,0.4332
12.935,18.109,0.0409,2152.29,7.5,98.499,0.8,,1,-95.695,3,5,7,1562,0.4302
13.603,20.179,0.0,7070.22,7.5,98.302,0.85,,4,-85.86,3,5,9,1274,0.4254
13.953,21.411,0.0,40579.66,7.5,95.712,0.9,,5,-18.841,3,5,9,982,0.4318
13.884,23.124,0.0,183989.71,7.5,97.081,0.95,,6,267.979,3,5,9,734,0.4292
14.458,25.581,0.0,400045.06,7.5,93.09,1.0,,5,700.09,3,5,9,524,0.4332
11.958,14.487,0.0,1564.55,7.5,99.074,0.8,,0,-96.871,4,5,4,769,0.4447
13.009,19.352,0.0,1561.4,7.5,99.444,0.85,,3,-96.877,4,5,8,1119,0.429
13.953,21.411,0.0,7069.96,7.5,99.251,0.9,,4,-85.86,4,5,9,982,0.4318
13.884,23.124,0.0,56963.34,7.5,99.447,0.95,,6,13.927,4,5,9,734,0.4292
14.458,25.581,0.0,198602.82,7.5,98.179,1.0,,5,297.206,4,5,9,524,0.4332
12.216,14.935,0.0,1253.23,7.5,99.328,0.8,,0,-97.494,5,5,3,438,0.4361
12.473,18.805,0.0,1318.85,7.5,99.654,0.85,,3,-97.362,5,5,7,993,0.432
13.675,21.071,0.0,1274.75,7.5,99.781,0.9,,3,-97.451,5,5,9,912,0.4309
13.884,23.124,0.0,8738.68,7.5,99.901,0.95,,5,-82.523,5,5,9,734,0.4292
14.458,25.581,0.0,48487.21,7.5,99.643,1.0,,5,-3.026,5,5,9,524,0.4332
11.97,15.35,0.0,1001.75,7.5,99.458,0.8,,0,-97.996,6,5,2,339,0.4366
11.546,16.349,0.0,1115.67,7.5,99.772,0.85,,2,-97.769,6,5,6,741,0.4359
13.304,20.792,0.0,1089.95,7.5,99.867,0.9,,2,-97.82,6,5,8,866,0.4376
13.531,23.11,0.0,1117.25,7.5,99.928,0.95,,3,-97.765,6,5,9,684,0.424
14.458,25.581,0.0,4256.23,7.5,99.952,1.0,,4,-91.488,6,5,9,524,0.4332
12.382,14.978,0.0,946.63,7.5,99.432,0.8,,0,-98.107,7,5,2,235,0.4426
11.486,15.704,0.0,934.02,7.5,99.843,0.85,,2,-98.132,7,5,5,641,0.4509
11.915,15.392,0.0,922.47,7.5,99.917,0.9,,0,-98.155,7,5,4,376,0.4441
13.247,23.113,0.0,428.45,7.5,99.906,0.95,,2,-99.143,7,5,8,648,0.4336
13.875,25.747,0.0,964.21,7.5,99.94,1.0,,3,-98.072,7,5,9,491,0.4257
12.893,15.295,0.0,814.59,7.5,99.501,0.8,,0,-98.371,8,5,2,183,0.459
11.748,15.59,0.0,850.81,7.5,99.869,0.85,,0,-98.298,8,5,3,299,0.4482
11.778,15.174,0.0,832.44,7.5,99.935,0.9,,0,-98.335,8,5,3,297,0.4545
12.38,22.333,0.0,509.56,7.5,99.897,0.95,,2,-98.981,8,5,7,562,0.4413
12.87,24.911,0.0,889.92,7.5,99.879,1.0,,3,-98.22,8,5,7,403,0.4467
12.893,15.295,0.0,814.59,7.5,99.501,0.8,,0,-98.371,9,5,2,183,0.459
11.748,15.59,0.0,850.81,7.5,99.869,0.85,,0,-98.298,9,5,3,299,0.4482
11.778,15.174,0.0,832.44,7.5,99.935,0.9,,0,-98.335,9,5,3,297,0.4545
12.38,22.333,0.0,509.56,7.5,99.897,0.95,,2,-98.981,9,5,7,562,0.4413
12.87,24.911,0.0,889.92,7.5,99.879,1.0,,3,-98.22,9,5,7,403,0.4467
12.893,15.295,0.0,814.59,7.5,99.501,0.8,,0,-98.371,10,5,2,183,0.459
11.748,15.59,0.0,850.81,7.5,99.869,0.85,,0,-98.298,10,5,3,299,0.4482
11.778,15.174,0.0,832.44,7.5,99.935,0.9,,0,-98.335,10,5,3,297,0.4545
12.38,22.333,0.0,509.56,7.5,99.897,0.95,,2,-98.981,10,5,7,562,0.4413
12.87,24.911,0.0,889.92,7.5,99.879,1.0,,3,-98.22,10,5,7,403,0.4467
13.856,19.164,0.0,25122.09,7.5,78.162,0.8,,4,-49.756,1,10,9,1942,0.4264
13.707,20.128,0.0,76992.35,7.5,65.639,0.85,,5,53.985,1,10,9,1274,0.427
14.066,21.341,0.0,123202.59,7.5,54.86,0.9,,6,146.405,1,10,9,982,0.4338
14.012,23.019,0.0,179152.1,7.5,60.832,0.95,,6,258.304,1,10,9,734,0.4319
14.607,25.414,0.0,203323.89,7.5,54.362,1.0,,7,306.648,1,10,9,524,0.437
13.637,18.53,0.0268,3254.26,7.5,96.872,0.8,,1,-93.491,2,10,9,1789,0.4237
13.707,20.128,0.0,34757.94,7.5,91.309,0.85,,5,-30.484,2,10,9,1274,0.427
14.066,21.341,0.0,117521.04,7.5,84.309,0.9,,6,135.042,2,10,9,982,0.4338
14.012,23.019,0.0,263436.13,7.5,87.968,0.95,,6,426.872,2,10,9,734,0.4319
14.607,25.414,0.0,395039.45,7.5,80.882,1.0,,7,690.079,2,10,9,524,0.437
13.143,18.188,0.022,2083.78,7.5,98.421,0.8,,1,-95.832,3,10,8,1591,0.4299
13.707,20.128,0.0,6987.27,7.5,98.164,0.85,,4,-86.025,3,10,9,1274,0.427
14.066,21.341,0.0,40315.59,7.5,95.618,0.9,,5,-19.369,3,10,9,982,0.4338
14.012,23.019,0.0,170064.61,7.5,97.08,0.95,,6,240.129,3,10,9,734,0.4319
14.607,25.414,0.0,394596.61,7.5,93.108,1.0,,5,689.193,3,10,9,524,0.437
12.08,14.517,0.0,1579.25,7.5,98.968,0.8,,0,-96.841,4,10,4,769,0.446
13.21,19.298,0.0,1456.66,7.5,99.44,0.85,,3,-97.087,4,10,8,1120,0.4304
14.066,21.341,0.0,5118.8,7.5,99.305,0.9,,4,-89.762,4,10,9,982,0.4338
14.012,23.019,0.0,50862.84,7.5,99.458,0.95,,6,1.726,4,10,9,734,0.4319
14.607,25.414,0.0,193654.96,7.5,98.18,1.0,,5,287.31,4,10,9,524,0.437
12.316,14.897,0.0,1310.19,7.5,99.204,0.8,,0,-97.38,5,10,3,437,0.4394
12.26,16.668,0.0,1321.21,7.5,99.614,0.85,,2,-97.358,5,10,7,953,0.4397
13.782,20.997,0.0,1231.7,7.5,99.778,0.9,,3,-97.537,5,10,9,906,0.436
14.012,23.019,0.0,6870.99,7.5,99.905,0.95,,5,-86.258,5,10,9,734,0.4319
14.607,25.414,0.0,47367.13,7.5,99.638,1.0,,5,-5.266,5,10,9,524,0.437
12.103,15.299,0.0,1102.55,7.5,99.315,0.8,,0,-97.795,6,10,2,338,0.4408
11.761,16.318,0.0,1074.72,7.5,99.751,0.85,,2,-97.851,6,10,6,751,0.4381
13.431,20.667,0.0,1063.17,7.5,99.864,0.9,,2,-97.874,6,10,8,868,0.4401
13.665,22.996,0.0,1075.78,7.5,99.918,0.95,,3,-97.848,6,10,9,684,0.4269
14.607,25.414,0.0,4283.26,7.5,99.951,1.0,,4,-91.433,6,10,9,524,0.437
12.517,14.978,0.0,846.09,7.5,99.403,0.8,,0,-98.308,7,10,2,234,0.4444
11.644,15.64,0.0,932.97,7.5,99.819,0.85,,2,-98.134,7,10,5,641,0.454
12.068,14.864,0.0,964.21,7.5,99.908,0.9,,0,-98.072,7,10,3,309,0.4531
13.389,22.995,0.0,816.16,7.5,99.815,0.95,,3,-98.368,7,10,8,648,0.4367
14.061,25.564,0.0,963.95,7.5,99.935,1.0,,3,-98.072,7,10,9,490,0.4306
13.043,15.295,0.0,846.35,7.5,99.357,0.8,,0,-98.307,8,10,2,182,0.4615
11.89,15.531,0.0039,828.24,7.5,99.852,0.85,,1,-98.344,8,10,3,299,0.4515
11.912,15.119,0.0,842.94,7.5,99.93,0.9,,0,-98.314,8,10,3,297,0.4579
12.541,22.206,0.0,501.16,7.5,99.895,0.95,,2,-98.998,8,10,7,562,0.4448
12.985,24.641,0.0,788.34,7.5,99.888,1.0,,3,-98.423,8,10,7,400,0.4525
13.043,15.295,0.0,846.35,7.5,99.357,0.8,,0,-98.307,9,10,2,182,0.4615
11.89,15.531,0.0039,828.24,7.5,99.852,0.85,,1,-98.344,9,10,3,299,0.4515
11.912,15.119,0.0,842.94,7.5,99.93,0.9,,0,-98.314,9,10,3,297,0.4579
12.541,22.206,0.0,501.16,7.5,99.895,0.95,,2,-98.998,9,10,7,562,0.4448
12.985,24.641,0.0,788.34,7.5,99.888,1.0,,3,-98.423,9,10,7,400,0.4525
13.043,15.295,0.0,846.35,7.5,99.357,0.8,,0,-98.307,10,10,2,182,0.4615
11.89,15.531,0.0039,828.24,7.5,99.852,0.85,,1,-98.344,10,10,3,299,0.4515
11.912,15.119,0.0,842.94,7.5,99.93,0.9,,0,-98.314,10,10,3,297,0.4579
12.541,22.206,0.0,501.16,7.5,99.895,0.95,,2,-98.998,10,10,7,562,0.4448
12.985,24.641,0.0,788.34,7.5,99.888,1.0,,3,-98.423,10,10,7,400,0.4525
13.856,19.164,0.0,25122.09,7.5,78.162,0.8,,4,-49.756,1,15,9,1942,0.4264
13.707,20.128,0.0,76992.35,7.5,65.639,0.85,,5,53.985,1,15,9,1274,0.427
14.066,21.341,0.0,123202.59,7.5,54.86,0.9,,6,146.405,1,15,9,982,0.4338
14.012,23.019,0.0,179152.1,7.5,60.832,0.95,,6,258.304,1,15,9,734,0.4319
14.607,25.414,0.0,203323.89,7.5,54.362,1.0,,7,306.648,1,15,9,524,0.437
13.637,18.53,0.0268,3254.26,7.5,96.872,0.8,,1,-93.491,2,15,9,1789,0.4237
13.707,20.128,0.0,34757.94,7.5,91.309,0.85,,5,-30.484,2,15,9,1274,0.427
14.066,21.341,0.0,117521.04,7.5,84.309,0.9,,6,135.042,2,15,9,982,0.4338
14.012,23.019,0.0,263436.13,7.5,87.968,0.95,,6,426.872,2,15,9,734,0.4319
14.607,25.414,0.0,395039.45,7.5,80.882,1.0,,7,690.079,2,15,9,524,0.437
13.143,18.188,0.022,2083.78,7.5,98.421,0.8,,1,-95.832,3,15,8,1591,0.4299
13.707,20.128,0.0,6987.27,7.5,98.164,0.85,,4,-86.025,3,15,9,1274,0.427
14.066,21.341,0.0,40315.59,7.5,95.618,0.9,,5,-19.369,3,15,9,982,0.4338
14.012,23.019,0.0,170064.61,7.5,97.08,0.95,,6,240.129,3,15,9,734,0.4319
14.607,25.414,0.0,394596.61,7.5,93.108,1.0,,5,689.193,3,15,9,524,0.437
12.08,14.517,0.0,1579.25,7.5,98.968,0.8,,0,-96.841,4,15,4,769,0.446
13.21,19.298,0.0,1456.66,7.5,99.44,0.85,,3,-97.087,4,15,8,1120,0.4304
14.066,21.341,0.0,5118.8,7.5,99.305,0.9,,4,-89.762,4,15,9,982,0.4338
14.012,23.019,0.0,50862.84,7.5,99.458,0.95,,6,1.726,4,15,9,734,0.4319
14.607,25.414,0.0,193654.96,7.5,98.18,1.0,,5,287.31,4,15,9,524,0.437
12.316,14.897,0.0,1310.19,7.5,99.204,0.8,,0,-97.38,5,15,3,437,0.4394
12.26,16.668,0.0,1321.21,7.5,99.614,0.85,,2,-97.358,5,15,7,953,0.4397
13.782,20.997,0.0,1231.7,7.5,99.778,0.9,,3,-97.537,5,15,9,906,0.436
14.012,23.019,0.0,6870.99,7.5,99.905,0.95,,5,-86.258,5,15,9,734,0.4319
14.607,25.414,0.0,47367.13,7.5,99.638,1.0,,5,-5.266,5,15,9,524,0.437
12.103,15.299,0.0,1102.55,7.5,99.315,0.8,,0,-97.795,6,15,2,338,0.4408
11.761,16.318,0.0,1074.72,7.5,99.751,0.85,,2,-97.851,6,15,6,751,0.4381
13.431,20.667,0.0,1063.17,7.5,99.864,0.9,,2,-97.874,6,15,8,868,0.4401
13.665,22.996,0.0,1075.78,7.5,99.918,0.95,,3,-97.848,6,15,9,684,0.4269
14.607,25.414,0.0,4283.26,7.5,99.951,1.0,,4,-91.433,6,15,9,524,0.437
12.517,14.978,0.0,846.09,7.5,99.403,0.8,,0,-98.308,7,15,2,234,0.4444
11.644,15.64,0.0,932.97,7.5,99.819,0.85,,2,-98.134,7,15,5,641,0.454
12.068,14.864,0.0,964.21,7.5,99.908,0.9,,0,-98.072,7,15,3,309,0.4531
13.389,22.995,0.0,816.16,7.5,99.815,0.95,,3,-98.368,7,15,8,648,0.4367
14.061,25.564,0.0,963.95,7.5,99.935,1.0,,3,-98.072,7,15,9,490,0.4306
13.043,15.295,0.0,846.35,7.5,99.357,0.8,,0,-98.307,8,15,2,182,0.4615
11.89,15.531,0.0039,828.24,7.5,99.852,0.85,,1,-98.344,8,15,3,299,0.4515
11.912,15.119,0.0,842.94,7.5,99.93,0.9,,0,-98.314,8,15,3,297,0.4579
12.541,22.206,0.0,501.16,7.5,99.895,0.95,,2,-98.998,8,15,7,562,0.4448
12.985,24.641,0.0,788.34,7.5,99.888,1.0,,3,-98.423,8,15,7,400,0.4525
13.043,15.295,0.0,846.35,7.5,99.357,0.8,,0,-98.307,9,15,2,182,0.4615
11.89,15.531,0.0039,828.24,7.5,99.852,0.85,,1,-98.344,9,15,3,299,0.4515
11.912,15.119,0.0,842.94,7.5,99.93,0.9,,0,-98.314,9,15,3,297,0.4579
12.541,22.206,0.0,501.16,7.5,99.895,0.95,,2,-98.998,9,15,7,562,0.4448
12.985,24.641,0.0,788.34,7.5,99.888,1.0,,3,-98.423,9,15,7,400,0.4525
13.043,15.295,0.0,846.35,7.5,99.357,0.8,,0,-98.307,10,15,2,182,0.4615
11.89,15.531,0.0039,828.24,7.5,99.852,0.85,,1,-98.344,10,15,3,299,0.4515
11.912,15.119,0.0,842.94,7.5,99.93,0.9,,0,-98.314,10,15,3,297,0.4579
12.541,22.206,0.0,501.16,7.5,99.895,0.95,,2,-98.998,10,15,7,562,0.4448
12.985,24.641,0.0,788.34,7.5,99.888,1.0,,3,-98.423,10,15,7,400,0.4525
13.856,19.164,0.0,25122.09,7.5,78.162,0.8,,4,-49.756,1,20,9,1942,0.4264
13.707,20.128,0.0,76992.35,7.5,65.639,0.85,,5,53.985,1,20,9,1274,0.427
14.066,21.341,0.0,123202.59,7.5,54.86,0.9,,6,146.405,1,20,9,982,0.4338
14.012,23.019,0.0,179152.1,7.5,60.832,0.95,,6,258.304,1,20,9,734,0.4319
14.607,25.414,0.0,203323.89,7.5,54.362,1.0,,7,306.648,1,20,9,524,0.437
13.637,18.53,0.0268,3254.26,7.5,96.872,0.8,,1,-93.491,2,20,9,1789,0.4237
13.707,20.128,0.0,34757.94,7.5,91.309,0.85,,5,-30.484,2,20,9,1274,0.427
14.066,21.341,0.0,117521.04,7.5,84.309,0.9,,6,135.042,2,20,9,982,0.4338
14.012,23.019,0.0,263436.13,7.5,87.968,0.95,,6,426.872,2,20,9,734,0.4319
14.607,25.414,0.0,395039.45,7.5,80.882,1.0,,7,690.079,2,20,9,524,0.437
13.143,18.188,0.022,2083.78,7.5,98.421,0.8,,1,-95.832,3,20,8,1591,0.4299
13.707,20.128,0.0,6987.27,7.5,98.164,0.85,,4,-86.025,3,20,9,1274,0.427
14.066,21.341,0.0,40315.59,7.5,95.618,0.9,,5,-19.369,3,20,9,982,0.4338
14.012,23.019,0.0,170064.61,7.5,97.08,0.95,,6,240.129,3,20,9,734,0.4319
14.607,25.414,0.0,394596.61,7.5,93.108,1.0,,5,689.193,3,20,9,524,0.437
12.08,14.517,0.0,1579.25,7.5,98.968,0.8,,0,-96.841,4,20,4,769,0.446
13.21,19.298,0.0,1456.66,7.5,99.44,0.85,,3,-97.087,4,20,8,1120,0.4304
14.066,21.341,0.0,5118.8,7.5,99.305,0.9,,4,-89.762,4,20,9,982,0.4338
14.012,23.019,0.0,50862.84,7.5,99.458,0.95,,6,1.726,4,20,9,734,0.4319
14.607,25.414,0.0,193654.96,7.5,98.18,1.0,,5,287.31,4,20,9,524,0.437
12.316,14.897,0.0,1310.19,7.5,99.204,0.8,,0,-97.38,5,20,3,437,0.4394
12.26,16.668,0.0,1321.21,7.5,99.614,0.85,,2,-97.358,5,20,7,953,0.4397
13.782,20.997,0.0,1231.7,7.5,99.778,0.9,,3,-97.537,5,20,9,906,0.436
14.012,23.019,0.0,6870.99,7.5,99.905,0.95,,5,-86.258,5,20,9,734,0.4319
14.607,25.414,0.0,47367.13,7.5,99.638,1.0,,5,-5.266,5,20,9,524,0.437
12.103,15.299,0.0,1102.55,7.5,99.315,0.8,,0,-97.795,6,20,2,338,0.4408
11.761,16.318,0.0,1074.72,7.5,99.751,0.85,,2,-97.851,6,20,6,751,0.4381
13.431,20.667,0.0,1063.17,7.5,99.864,0.9,,2,-97.874,6,20,8,868,0.4401
13.665,22.996,0.0,1075.78,7.5,99.918,0.95,,3,-97.848,6,20,9,684,0.4269
14.607,25.414,0.0,4283.26,7.5,99.951,1.0,,4,-91.433,6,20,9,524,0.437
12.517,14.978,0.0,846.09,7.5,99.403,0.8,,0,-98.308,7,20,2,234,0.4444
11.644,15.64,0.0,932.97,7.5,99.819,0.85,,2,-98.134,7,20,5,641,0.454
12.068,14.864,0.0,964.21,7.5,99.908,0.9,,0,-98.072,7,20,3,309,0.4531
13.389,22.995,0.0,816.16,7.5,99.815,0.95,,3,-98.368,7,20,8,648,0.4367
14.061,25.564,0.0,963.95,7.5,99.935,1.0,,3,-98.072,7,20,9,490,0.4306
13.043,15.295,0.0,846.35,7.5,99.357,0.8,,0,-98.307,8,20,2,182,0.4615
11.89,15.531,0.0039,828.24,7.5,99.852,0.85,,1,-98.344,8,20,3,299,0.4515
11.912,15.119,0.0,842.94,7.5,99.93,0.9,,0,-98.314,8,20,3,297,0.4579
12.541,22.206,0.0,501.16,7.5,99.895,0.95,,2,-98.998,8,20,7,562,0.4448
12.985,24.641,0.0,788.34,7.5,99.888,1.0,,3,-98.423,8,20,7,400,0.4525
13.043,15.295,0.0,846.35,7.5,99.357,0.8,,0,-98.307,9,20,2,182,0.4615
11.89,15.531,0.0039,828.24,7.5,99.852,0.85,,1,-98.344,9,20,3,299,0.4515
11.912,15.119,0.0,842.94,7.5,99.93,0.9,,0,-98.314,9,20,3,297,0.4579
12.541,22.206,0.0,501.16,7.5,99.895,0.95,,2,-98.998,9,20,7,562,0.4448
12.985,24.641,0.0,788.34,7.5,99.888,1.0,,3,-98.423,9,20,7,400,0.4525
13.043,15.295,0.0,846.35,7.5,99.357,0.8,,0,-98.307,10,20,2,182,0.4615
11.89,15.531,0.0039,828.24,7.5,99.852,0.85,,1,-98.344,10,20,3,299,0.4515
11.912,15.119,0.0,842.94,7.5,99.93,0.9,,0,-98.314,10,20,3,297,0.4579
12.541,22.206,0.0,501.16,7.5,99.895,0.95,,2,-98.998,10,20,7,562,0.4448
12.985,24.641,0.0,788.34,7.5,99.888,1.0,,3,-98.423,10,20,7,400,0.4525
13.856,19.164,0.0,25122.09,7.5,78.162,0.8,,4,-49.756,1,25,9,1942,0.4264
13.707,20.128,0.0,76992.35,7.5,65.639,0.85,,5,53.985,1,25,9,1274,0.427
14.066,21.341,0.0,123202.59,7.5,54.86,0.9,,6,146.405,1,25,9,982,0.4338
14.012,23.019,0.0,179152.1,7.5,60.832,0.95,,6,258.304,1,25,9,734,0.4319
14.607,25.414,0.0,203323.89,7.5,54.362,1.0,,7,306.648,1,25,9,524,0.437
13.637,18.53,0.0268,3254.26,7.5,96.872,0.8,,1,-93.491,2,25,9,1789,0.4237
13.707,20.128,0.0,34757.94,7.5,91.309,0.85,,5,-30.484,2,25,9,1274,0.427
14.066,21.341,0.0,117521.04,7.5,84.309,0.9,,6,135.042,2,25,9,982,0.4338
14.012,23.019,0.0,263436.13,7.5,87.968,0.95,,6,426.872,2,25,9,734,0.4319
14.607,25.414,0.0,395039.45,7.5,80.882,1.0,,7,690.079,2,25,9,524,0.437
13.143,18.188,0.022,2083.78,7.5,98.421,0.8,,1,-95.832,3,25,8,1591,0.4299
13.707,20.128,0.0,6987.27,7.5,98.164,0.85,,4,-86.025,3,25,9,1274,0.427
14.066,21.341,0.0,40315.59,7.5,95.618,0.9,,5,-19.369,3,25,9,982,0.4338
14.012,23.019,0.0,170064.61,7.5,97.08,0.95,,6,240.129,3,25,9,734,0.4319
14.607,25.414,0.0,394596.61,7.5,93.108,1.0,,5,689.193,3,25,9,524,0.437
12.08,14.517,0.0,1579.25,7.5,98.968,0.8,,0,-96.841,4,25,4,769,0.446
13.21,19.298,0.0,1456.66,7.5,99.44,0.85,,3,-97.087,4,25,8,1120,0.4304
14.066,21.341,0.0,5118.8,7.5,99.305,0.9,,4,-89.762,4,25,9,982,0.4338
14.012,23.019,0.0,50862.84,7.5,99.458,0.95,,6,1.726,4,25,9,734,0.4319
14.607,25.414,0.0,193654.96,7.5,98.18,1.0,,5,287.31,4,25,9,524,0.437
12.316,14.897,0.0,1310.19,7.5,99.204,0.8,,0,-97.38,5,25,3,437,0.4394
12.26,16.668,0.0,1321.21,7.5,99.614,0.85,,2,-97.358,5,25,7,953,0.4397
13.782,20.997,0.0,1231.7,7.5,99.778,0.9,,3,-97.537,5,25,9,906,0.436
14.012,23.019,0.0,6870.99,7.5,99.905,0.95,,5,-86.258,5,25,9,734,0.4319
14.607,25.414,0.0,47367.13,7.5,99.638,1.0,,5,-5.266,5,25,9,524,0.437
12.103,15.299,0.0,1102.55,7.5,99.315,0.8,,0,-97.795,6,25,2,338,0.4408
11.761,16.318,0.0,1074.72,7.5,99.751,0.85,,2,-97.851,6,25,6,751,0.4381
13.431,20.667,0.0,1063.17,7.5,99.864,0.9,,2,-97.874,6,25,8,868,0.4401
13.665,22.996,0.0,1075.78,7.5,99.918,0.95,,3,-97.848,6,25,9,684,0.4269
14.607,25.414,0.0,4283.26,7.5,99.951,1.0,,4,-91.433,6,25,9,524,0.437
12.517,14.978,0.0,846.09,7.5,99.403,0.8,,0,-98.308,7,25,2,234,0.4444
11.644,15.64,0.0,932.97,7.5,99.819,0.85,,2,-98.134,7,25,5,641,0.454
12.068,14.864,0.0,964.21,7.5,99.908,0.9,,0,-98.072,7,25,3,309,0.4531
13.389,22.995,0.0,816.16,7.5,99.815,0.95,,3,-98.368,7,25,8,648,0.4367
14.061,25.564,0.0,963.95,7.5,99.935,1.0,,3,-98.072,7,25,9,490,0.4306
13.043,15.295,0.0,846.35,7.5,99.357,0.8,,0,-98.307,8,25,2,182,0.4615
11.89,15.531,0.0039,828.24,7.5,99.852,0.85,,1,-98.344,8,25,3,299,0.4515
11.912,15.119,0.0,842.94,7.5,99.93,0.9,,0,-98.314,8,25,3,297,0.4579
12.541,22.206,0.0,501.16,7.5,99.895,0.95,,2,-98.998,8,25,7,562,0.4448
12.985,24.641,0.0,788.34,7.5,99.888,1.0,,3,-98.423,8,25,7,400,0.4525
13.043,15.295,0.0,846.35,7.5,99.357,0.8,,0,-98.307,9,25,2,182,0.4615
11.89,15.531,0.0039,828.24,7.5,99.852,0.85,,1,-98.344,9,25,3,299,0.4515
11.912,15.119,0.0,842.94,7.5,99.93,0.9,,0,-98.314,9,25,3,297,0.4579
12.541,22.206,0.0,501.16,7.5,99.895,0.95,,2,-98.998,9,25,7,562,0.4448
12.985,24.641,0.0,788.34,7.5,99.888,1.0,,3,-98.423,9,25,7,400,0.4525
13.043,15.295,0.0,846.35,7.5,99.357,0.8,,0,-98.307,10,25,2,182,0.4615
11.89,15.531,0.0039,828.24,7.5,99.852,0.85,,1,-98.344,10,25,3,299,0.4515
11.912,15.119,0.0,842.94,7.5,99.93,0.9,,0,-98.314,10,25,3,297,0.4579
12.541,22.206,0.0,501.16,7.5,99.895,0.95,,2,-98.998,10,25,7,562,0.4448
12.985,24.641,0.0,788.34,7.5,99.888,1.0,,3,-98.423,10,25,7,400,0.4525
13.856,19.164,0.0,25122.09,7.5,78.162,0.8,,4,-49.756,1,30,9,1942,0.4264
13.707,20.128,0.0,76992.35,7.5,65.639,0.85,,5,53.985,1,30,9,1274,0.427
14.066,21.341,0.0,123202.59,7.5,54.86,0.9,,6,146.405,1,30,9,982,0.4338
14.012,23.019,0.0,179152.1,7.5,60.832,0.95,,6,258.304,1,30,9,734,0.4319
14.607,25.414,0.0,203323.89,7.5,54.362,1.0,,7,306.648,1,30,9,524,0.437
13.637,18.53,0.0268,3254.26,7.5,96.872,0.8,,1,-93.491,2,30,9,1789,0.4237
13.707,20.128,0.0,34757.94,7.5,91.309,0.85,,5,-30.484,2,30,9,1274,0.427
14.066,21.341,0.0,117521.04,7.5,84.309,0.9,,6,135.042,2,30,9,982,0.4338
14.012,23.019,0.0,263436.13,7.5,87.968,0.95,,6,426.872,2,30,9,734,0.4319
14.607,25.414,0.0,395039.45,7.5,80.882,1.0,,7,690.079,2,30,9,524,0.437
13.143,18.188,0.022,2083.78,7.5,98.421,0.8,,1,-95.832,3,30,8,1591,0.4299
13.707,20.128,0.0,6987.27,7.5,98.164,0.85,,4,-86.025,3,30,9,1274,0.427
14.066,21.341,0.0,40315.59,7.5,95.618,0.9,,5,-19.369,3,30,9,982,0.4338
14.012,23.019,0.0,170064.61,7.5,97.08,0.95,,6,240.129,3,30,9,734,0.4319
14.607,25.414,0.0,394596.61,7.5,93.108,1.0,,5,689.193,3,30,9,524,0.437
12.08,14.517,0.0,1579.25,7.5,98.968,0.8,,0,-96.841,4,30,4,769,0.446
13.21,19.298,0.0,1456.66,7.5,99.44,0.85,,3,-97.087,4,30,8,1120,0.4304
14.066,21.341,0.0,5118.8,7.5,99.305,0.9,,4,-89.762,4,30,9,982,0.4338
14.012,23.019,0.0,50862.84,7.5,99.458,0.95,,6,1.726,4,30,9,734,0.4319
14.607,25.414,0.0,193654.96,7.5,98.18,1.0,,5,287.31,4,30,9,524,0.437
12.316,14.897,0.0,1310.19,7.5,99.204,0.8,,0,-97.38,5,30,3,437,0.4394
12.26,16.668,0.0,1321.21,7.5,99.614,0.85,,2,-97.358,5,30,7,953,0.4397
13.782,20.997,0.0,1231.7,7.5,99.778,0.9,,3,-97.537,5,30,9,906,0.436
14.012,23.019,0.0,6870.99,7.5,99.905,0.95,,5,-86.258,5,30,9,734,0.4319
14.607,25.414,0.0,47367.13,7.5,99.638,1.0,,5,-5.266,5,30,9,524,0.437
12.103,15.299,0.0,1102.55,7.5,99.315,0.8,,0,-97.795,6,30,2,338,0.4408
11.761,16.318,0.0,1074.72,7.5,99.751,0.85,,2,-97.851,6,30,6,751,0.4381
13.431,20.667,0.0,1063.17,7.5,99.864,0.9,,2,-97.874,6,30,8,868,0.4401
13.665,22.996,0.0,1075.78,7.5,99.918,0.95,,3,-97.848,6,30,9,684,0.4269
14.607,25.414,0.0,4283.26,7.5,99.951,1.0,,4,-91.433,6,30,9,524,0.437
12.517,14.978,0.0,846.09,7.5,99.403,0.8,,0,-98.308,7,30,2,234,0.4444
11.644,15.64,0.0,932.97,7.5,99.819,0.85,,2,-98.134,7,30,5,641,0.454
12.068,14.864,0.0,964.21,7.5,99.908,0.9,,0,-98.072,7,30,3,309,0.4531
13.389,22.995,0.0,816.16,7.5,99.815,0.95,,3,-98.368,7,30,8,648,0.4367
14.061,25.564,0.0,963.95,7.5,99.935,1.0,,3,-98.072,7,30,9,490,0.4306
13.043,15.295,0.0,846.35,7.5,99.357,0.8,,0,-98.307,8,30,2,182,0.4615
11.89,15.531,0.0039,828.24,7.5,99.852,0.85,,1,-98.344,8,30,3,299,0.4515
11.912,15.119,0.0,842.94,7.5,99.93,0.9,,0,-98.314,8,30,3,297,0.4579
12.541,22.206,0.0,501.16,7.5,99.895,0.95,,2,-98.998,8,30,7,562,0.4448
12.985,24.641,0.0,788.34,7.5,99.888,1.0,,3,-98.423,8,30,7,400,0.4525
13.043,15.295,0.0,846.35,7.5,99.357,0.8,,0,-98.307,9,30,2,182,0.4615
11.89,15.531,0.0039,828.24,7.5,99.852,0.85,,1,-98.344,9,30,3,299,0.4515
11.912,15.119,0.0,842.94,7.5,99.93,0.9,,0,-98.314,9,30,3,297,0.4579
12.541,22.206,0.0,501.16,7.5,99.895,0.95,,2,-98.998,9,30,7,562,0.4448
12.985,24.641,0.0,788.34,7.5,99.888,1.0,,3,-98.423,9,30,7,400,0.4525
13.043,15.295,0.0,846.35,7.5,99.357,0.8,,0,-98.307,10,30,2,182,0.4615
11.89,15.531,0.0039,828.24,7.5,99.852,0.85,,1,-98.344,10,30,3,299,0.4515
11.912,15.119,0.0,842.94,7.5,99.93,0.9,,0,-98.314,10,30,3,297,0.4579
12.541,22.206,0.0,501.16,7.5,99.895,0.95,,2,-98.998,10,30,7,562,0.4448
12.985,24.641,0.0,788.34,7.5,99.888,1.0,,3,-98.423,10,30,7,400,0.4525
13.856,19.164,0.0,25122.09,7.5,78.162,0.8,,4,-49.756,1,35,9,1942,0.4264
13.707,20.128,0.0,76992.35,7.5,65.639,0.85,,5,53.985,1,35,9,1274,0.427
14.066,21.341,0.0,123202.59,7.5,54.86,0.9,,6,146.405,1,35,9,982,0.4338
14.012,23.019,0.0,179152.1,7.5,60.832,0.95,,6,258.304,1,35,9,734,0.4319
14.607,25.414,0.0,203323.89,7.5,54.362,1.0,,7,306.648,1,35,9,524,0.437
13.637,18.53,0.0268,3254.26,7.5,96.872,0.8,,1,-93.491,2,35,9,1789,0.4237
13.707,20.128,0.0,34757.94,7.5,91.309,0.85,,5,-30.484,2,35,9,1274,0.427
14.066,21.341,0.0,117521.04,7.5,84.309,0.9,,6,135.042,2,35,9,982,0.4338
14.012,23.019,0.0,263436.13,7.5,87.968,0.95,,6,426.872,2,35,9,734,0.4319
14.607,25.414,0.0,395039.45,7.5,80.882,1.0,,7,690.079,2,35,9,524,0.437
13.143,18.188,0.022,2083.78,7.5,98.421,0.8,,1,-95.832,3,35,8,1591,0.4299
13.707,20.128,0.0,6987.27,7.5,98.164,0.85,,4,-86.025,3,35,9,1274,0.427
14.066,21.341,0.0,40315.59,7.5,95.618,0.9,,5,-19.369,3,35,9,982,0.4338
14.012,23.019,0.0,170064.61,7.5,97.08,0.95,,6,240.129,3,35,9,734,0.4319
14.607,25.414,0.0,394596.61,7.5,93.108,1.0,,5,689.193,3,35,9,524,0.437
12.08,14.517,0.0,1579.25,7.5,98.968,0.8,,0,-96.841,4,35,4,769,0.446
13.21,19.298,0.0,1456.66,7.5,99.44,0.85,,3,-97.087,4,35,8,1120,0.4304
14.066,21.341,0.0,5118.8,7.5,99.305,0.9,,4,-89.762,4,35,9,982,0.4338
14.012,23.019,0.0,50862.84,7.5,99.458,0.95,,6,1.726,4,35,9,734,0.4319
14.607,25.414,0.0,193654.96,7.5,98.18,1.0,,5,287.31,4,35,9,524,0.437
12.316,14.897,0.0,1310.19,7.5,99.204,0.8,,0,-97.38,5,35,3,437,0.4394
12.26,16.668,0.0,1321.21,7.5,99.614,0.85,,2,-97.358,5,35,7,953,0.4397
13.782,20.997,0.0,1231.7,7.5,99.778,0.9,,3,-97.537,5,35,9,906,0.436
14.012,23.019,0.0,6870.99,7.5,99.905,0.95,,5,-86.258,5,35,9,734,0.4319
14.607,25.414,0.0,47367.13,7.5,99.638,1.0,,5,-5.266,5,35,9,524,0.437
12.103,15.299,0.0,1102.55,7.5,99.315,0.8,,0,-97.795,6,35,2,338,0.4408
11.761,16.318,0.0,1074.72,7.5,99.751,0.85,,2,-97.851,6,35,6,751,0.4381
13.431,20.667,0.0,1063.17,7.5,99.864,0.9,,2,-97.874,6,35,8,868,0.4401
13.665,22.996,0.0,1075.78,7.5,99.918,0.95,,3,-97.848,6,35,9,684,0.4269
14.607,25.414,0.0,4283.26,7.5,99.951,1.0,,4,-91.433,6,35,9,524,0.437
12.517,14.978,0.0,846.09,7.5,99.403,0.8,,0,-98.308,7,35,2,234,0.4444
11.644,15.64,0.0,932.97,7.5,99.819,0.85,,2,-98.134,7,35,5,641,0.454
12.068,14.864,0.0,964.21,7.5,99.908,0.9,,0,-98.072,7,35,3,309,0.4531
13.389,22.995,0.0,816.16,7.5,99.815,0.95,,3,-98.368,7,35,8,648,0.4367
14.061,25.564,0.0,963.95,7.5,99.935,1.0,,3,-98.072,7,35,9,490,0.4306
13.043,15.295,0.0,846.35,7.5,99.357,0.8,,0,-98.307,8,35,2,182,0.4615
11.89,15.531,0.0039,828.24,7.5,99.852,0.85,,1,-98.344,8,35,3,299,0.4515
11.912,15.119,0.0,842.94,7.5,99.93,0.9,,0,-98.314,8,35,3,297,0.4579
12.541,22.206,0.0,501.16,7.5,99.895,0.95,,2,-98.998,8,35,7,562,0.4448
12.985,24.641,0.0,788.34,7.5,99.888,1.0,,3,-98.423,8,35,7,400,0.4525
13.043,15.295,0.0,846.35,7.5,99.357,0.8,,0,-98.307,9,35,2,182,0.4615
11.89,15.531,0.0039,828.24,7.5,99.852,0.85,,1,-98.344,9,35,3,299,0.4515
11.912,15.119,0.0,842.94,7.5,99.93,0.9,,0,-98.314,9,35,3,297,0.4579
12.541,22.206,0.0,501.16,7.5,99.895,0.95,,2,-98.998,9,35,7,562,0.4448
12.985,24.641,0.0,788.34,7.5,99.888,1.0,,3,-98.423,9,35,7,400,0.4525
13.043,15.295,0.0,846.35,7.5,99.357,0.8,,0,-98.307,10,35,2,182,0.4615
11.89,15.531,0.0039,828.24,7.5,99.852,0.85,,1,-98.344,10,35,3,299,0.4515
11.912,15.119,0.0,842.94,7.5,99.93,0.9,,0,-98.314,10,35,3,297,0.4579
12.541,22.206,0.0,501.16,7.5,99.895,0.95,,2,-98.998,10,35,7,562,0.4448
12.985,24.641,0.0,788.34,7.5,99.888,1.0,,3,-98.423,10,35,7,400,0.4525
13.856,19.164,0.0,25122.09,7.5,78.162,0.8,,4,-49.756,1,40,9,1942,0.4264
13.707,20.128,0.0,76992.35,7.5,65.639,0.85,,5,53.985,1,40,9,1274,0.427
14.066,21.341,0.0,123202.59,7.5,54.86,0.9,,6,146.405,1,40,9,982,0.4338
14.012,23.019,0.0,179152.1,7.5,60.832,0.95,,6,258.304,1,40,9,734,0.4319
14.607,25.414,0.0,203323.89,7.5,54.362,1.0,,7,306.648,1,40,9,524,0.437
13.637,18.53,0.0268,3254.26,7.5,96.872,0.8,,1,-93.491,2,40,9,1789,0.4237
13.707,20.128,0.0,34757.94,7.5,91.309,0.85,,5,-30.484,2,40,9,1274,0.427
14.066,21.341,0.0,117521.04,7.5,84.309,0.9,,6,135.042,2,40,9,982,0.4338
14.012,23.019,0.0,263436.13,7.5,87.968,0.95,,6,426.872,2,40,9,734,0.4319
14.607,25.414,0.0,395039.45,7.5,80.882,1.0,,7,690.079,2,40,9,524,0.437
13.143,18.188,0.022,2083.78,7.5,98.421,0.8,,1,-95.832,3,40,8,1591,0.4299
13.707,20.128,0.0,6987.27,7.5,98.164,0.85,,4,-86.025,3,40,9,1274,0.427
14.066,21.341,0.0,40315.59,7.5,95.618,0.9,,5,-19.369,3,40,9,982,0.4338
14.012,23.019,0.0,170064.61,7.5,97.08,0.95,,6,240.129,3,40,9,734,0.4319
14.607,25.414,0.0,394596.61,7.5,93.108,1.0,,5,689.193,3,40,9,524,0.437
12.08,14.517,0.0,1579.25,7.5,98.968,0.8,,0,-96.841,4,40,4,769,0.446
13.21,19.298,0.0,1456.66,7.5,99.44,0.85,,3,-97.087,4,40,8,1120,0.4304
14.066,21.341,0.0,5118.8,7.5,99.305,0.9,,4,-89.762,4,40,9,982,0.4338
14.012,23.019,0.0,50862.84,7.5,99.458,0.95,,6,1.726,4,40,9,734,0.4319
14.607,25.414,0.0,193654.96,7.5,98.18,1.0,,5,287.31,4,40,9,524,0.437
12.316,14.897,0.0,1310.19,7.5,99.204,0.8,,0,-97.38,5,40,3,437,0.4394
12.26,16.668,0.0,1321.21,7.5,99.614,0.85,,2,-97.358,5,40,7,953,0.4397
13.782,20.997,0.0,1231.7,7.5,99.778,0.9,,3,-97.537,5,40,9,906,0.436
14.012,23.019,0.0,6870.99,7.5,99.905,0.95,,5,-86.258,5,40,9,734,0.4319
14.607,25.414,0.0,47367.13,7.5,99.638,1.0,,5,-5.266,5,40,9,524,0.437
12.103,15.299,0.0,1102.55,7.5,99.315,0.8,,0,-97.795,6,40,2,338,0.4408
11.761,16.318,0.0,1074.72,7.5,99.751,0.85,,2,-97.851,6,40,6,751,0.4381
13.431,20.667,0.0,1063.17,7.5,99.864,0.9,,2,-97.874,6,40,8,868,0.4401
13.665,22.996,0.0,1075.78,7.5,99.918,0.95,,3,-97.848,6,40,9,684,0.4269
14.607,25.414,0.0,4283.26,7.5,99.951,1.0,,4,-91.433,6,40,9,524,0.437
12.517,14.978,0.0,846.09,7.5,99.403,0.8,,0,-98.308,7,40,2,234,0.4444
11.644,15.64,0.0,932.97,7.5,99.819,0.85,,2,-98.134,7,40,5,641,0.454
12.068,14.864,0.0,964.21,7.5,99.908,0.9,,0,-98.072,7,40,3,309,0.4531
13.389,22.995,0.0,816.16,7.5,99.815,0.95,,3,-98.368,7,40,8,648,0.4367
14.061,25.564,0.0,963.95,7.5,99.935,1.0,,3,-98.072,7,40,9,490,0.4306
13.043,15.295,0.0,846.35,7.5,99.357,0.8,,0,-98.307,8,40,2,182,0.4615
11.89,15.531,0.0039,828.24,7.5,99.852,0.85,,1,-98.344,8,40,3,299,0.4515
11.912,15.119,0.0,842.94,7.5,99.93,0.9,,0,-98.314,8,40,3,297,0.4579
12.541,22.206,0.0,501.16,7.5,99.895,0.95,,2,-98.998,8,40,7,562,0.4448
12.985,24.641,0.0,788.34,7.5,99.888,1.0,,3,-98.423,8,40,7,400,0.4525
13.043,15.295,0.0,846.35,7.5,99.357,0.8,,0,-98.307,9,40,2,182,0.4615
11.89,15.531,0.0039,828.24,7.5,99.852,0.85,,1,-98.344,9,40,3,299,0.4515
11.912,15.119,0.0,842.94,7.5,99.93,0.9,,0,-98.314,9,40,3,297,0.4579
12.541,22.206,0.0,501.16,7.5,99.895,0.95,,2,-98.998,9,40,7,562,0.4448
12.985,24.641,0.0,788.34,7.5,99.888,1.0,,3,-98.423,9,40,7,400,0.4525
13.043,15.295,0.0,846.35,7.5,99.357,0.8,,0,-98.307,10,40,2,182,0.4615
11.89,15.531,0.0039,828.24,7.5,99.852,0.85,,1,-98.344,10,40,3,299,0.4515
11.912,15.119,0.0,842.94,7.5,99.93,0.9,,0,-98.314,10,40,3,297,0.4579
12.541,22.206,0.0,501.16,7.5,99.895,0.95,,2,-98.998,10,40,7,562,0.4448
12.985,24.641,0.0,788.34,7.5,99.888,1.0,,3,-98.423,10,40,7,400,0.4525
13.856,19.164,0.0,25122.09,7.5,78.162,0.8,,4,-49.756,1,45,9,1942,0.4264
13.707,20.128,0.0,76992.35,7.5,65.639,0.85,,5,53.985,1,45,9,1274,0.427
14.066,21.341,0.0,123202.59,7.5,54.86,0.9,,6,146.405,1,45,9,982,0.4338
14.012,23.019,0.0,179152.1,7.5,60.832,0.95,,6,258.304,1,45,9,734,0.4319
14.607,25.414,0.0,203323.89,7.5,54.362,1.0,,7,306.648,1,45,9,524,0.437
13.637,18.53,0.0268,3254.26,7.5,96.872,0.8,,1,-93.491,2,45,9,1789,0.4237
13.707,20.128,0.0,34757.94,7.5,91.309,0.85,,5,-30.484,2,45,9,1274,0.427
14.066,21.341,0.0,117521.04,7.5,84.309,0.9,,6,135.042,2,45,9,982,0.4338
14.012,23.019,0.0,263436.13,7.5,87.968,0.95,,6,426.872,2,45,9,734,0.4319
14.607,25.414,0.0,395039.45,7.5,80.882,1.0,,7,690.079,2,45,9,524,0.437
13.143,18.188,0.022,2083.78,7.5,98.421,0.8,,1,-95.832,3,45,8,1591,0.4299
13.707,20.128,0.0,6987.27,7.5,98.164,0.85,,4,-86.025,3,45,9,1274,0.427
14.066,21.341,0.0,40315.59,7.5,95.618,0.9,,5,-19.369,3,45,9,982,0.4338
14.012,23.019,0.0,170064.61,7.5,97.08,0.95,,6,240.129,3,45,9,734,0.4319
14.607,25.414,0.0,394596.61,7.5,93.108,1.0,,5,689.193,3,45,9,524,0.437
12.08,14.517,0.0,1579.25,7.5,98.968,0.8,,0,-96.841,4,45,4,769,0.446
13.21,19.298,0.0,1456.66,7.5,99.44,0.85,,3,-97.087,4,45,8,1120,0.4304
14.066,21.341,0.0,5118.8,7.5,99.305,0.9,,4,-89.762,4,45,9,982,0.4338
14.012,23.019,0.0,50862.84,7.5,99.458,0.95,,6,1.726,4,45,9,734,0.4319
14.607,25.414,0.0,193654.96,7.5,98.18,1.0,,5,287.31,4,45,9,524,0.437
12.316,14.897,0.0,1310.19,7.5,99.204,0.8,,0,-97.38,5,45,3,437,0.4394
12.26,16.668,0.0,1321.21,7.5,99.614,0.85,,2,-97.358,5,45,7,953,0.4397
13.782,20.997,0.0,1231.7,7.5,99.778,0.9,,3,-97.537,5,45,9,906,0.436
14.012,23.019,0.0,6870.99,7.5,99.905,0.95,,5,-86.258,5,45,9,734,0.4319
14.607,25.414,0.0,47367.13,7.5,99.638,1.0,,5,-5.266,5,45,9,524,0.437
12.103,15.299,0.0,1102.55,7.5,99.315,0.8,,0,-97.795,6,45,2,338,0.4408
11.761,16.318,0.0,1074.72,7.5,99.751,0.85,,2,-97.851,6,45,6,751,0.4381
13.431,20.667,0.0,1063.17,7.5,99.864,0.9,,2,-97.874,6,45,8,868,0.4401
13.665,22.996,0.0,1075.78,7.5,99.918,0.95,,3,-97.848,6,45,9,684,0.4269
14.607,25.414,0.0,4283.26,7.5,99.951,1.0,,4,-91.433,6,45,9,524,0.437
12.517,14.978,0.0,846.09,7.5,99.403,0.8,,0,-98.308,7,45,2,234,0.4444
11.644,15.64,0.0,932.97,7.5,99.819,0.85,,2,-98.134,7,45,5,641,0.454
12.068,14.864,0.0,964.21,7.5,99.908,0.9,,0,-98.072,7,45,3,309,0.4531
13.389,22.995,0.0,816.16,7.5,99.815,0.95,,3,-98.368,7,45,8,648,0.4367
14.061,25.564,0.0,963.95,7.5,99.935,1.0,,3,-98.072,7,45,9,490,0.4306
13.043,15.295,0.0,846.35,7.5,99.357,0.8,,0,-98.307,8,45,2,182,0.4615
11.89,15.531,0.0039,828.24,7.5,99.852,0.85,,1,-98.344,8,45,3,299,0.4515
11.912,15.119,0.0,842.94,7.5,99.93,0.9,,0,-98.314,8,45,3,297,0.4579
12.541,22.206,0.0,501.16,7.5,99.895,0.95,,2,-98.998,8,45,7,562,0.4448
12.985,24.641,0.0,788.34,7.5,99.888,1.0,,3,-98.423,8,45,7,400,0.4525
13.043,15.295,0.0,846.35,7.5,99.357,0.8,,0,-98.307,9,45,2,182,0.4615
11.89,15.531,0.0039,828.24,7.5,99.852,0.85,,1,-98.344,9,45,3,299,0.4515
11.912,15.119,0.0,842.94,7.5,99.93,0.9,,0,-98.314,9,45,3,297,0.4579
12.541,22.206,0.0,501.16,7.5,99.895,0.95,,2,-98.998,9,45,7,562,0.4448
12.985,24.641,0.0,788.34,7.5,99.888,1.0,,3,-98.423,9,45,7,400,0.4525
13.043,15.295,0.0,846.35,7.5,99.357,0.8,,0,-98.307,10,45,2,182,0.4615
11.89,15.531,0.0039,828.24,7.5,99.852,0.85,,1,-98.344,10,45,3,299,0.4515
11.912,15.119,0.0,842.94,7.5,99.93,0.9,,0,-98.314,10,45,3,297,0.4579
12.541,22.206,0.0,501.16,7.5,99.895,0.95,,2,-98.998,10,45,7,562,0.4448
12.985,24.641,0.0,788.34,7.5,99.888,1.0,,3,-98.423,10,45,7,400,0.4525
13.856,19.164,0.0,25122.09,7.5,78.162,0.8,,4,-49.756,1,50,9,1942,0.4264
13.707,20.128,0.0,76992.35,7.5,65.639,0.85,,5,53.985,1,50,9,1274,0.427
14.066,21.341,0.0,123202.59,7.5,54.86,0.9,,6,146.405,1,50,9,982,0.4338
14.012,23.019,0.0,179152.1,7.5,60.832,0.95,,6,258.304,1,50,9,734,0.4319
14.607,25.414,0.0,203323.89,7.5,54.362,1.0,,7,306.648,1,50,9,524,0.437
13.637,18.53,0.0268,3254.26,7.5,96.872,0.8,,1,-93.491,2,50,9,1789,0.4237
13.707,20.128,0.0,34757.94,7.5,91.309,0.85,,5,-30.484,2,50,9,1274,0.427
14.066,21.341,0.0,117521.04,7.5,84.309,0.9,,6,135.042,2,50,9,982,0.4338
14.012,23.019,0.0,263436.13,7.5,87.968,0.95,,6,426.872,2,50,9,734,0.4319
14.607,25.414,0.0,395039.45,7.5,80.882,1.0,,7,690.079,2,50,9,524,0.437
13.143,18.188,0.022,2083.78,7.5,98.421,0.8,,1,-95.832,3,50,8,1591,0.4299
13.707,20.128,0.0,6987.27,7.5,98.164,0.85,,4,-86.025,3,50,9,1274,0.427
14.066,21.341,0.0,40315.59,7.5,95.618,0.9,,5,-19.369,3,50,9,982,0.4338
14.012,23.019,0.0,170064.61,7.5,97.08,0.95,,6,240.129,3,50,9,734,0.4319
14.607,25.414,0.0,394596.61,7.5,93.108,1.0,,5,689.193,3,50,9,524,0.437
12.08,14.517,0.0,1579.25,7.5,98.968,0.8,,0,-96.841,4,50,4,769,0.446
13.21,19.298,0.0,1456.66,7.5,99.44,0.85,,3,-97.087,4,50,8,1120,0.4304
14.066,21.341,0.0,5118.8,7.5,99.305,0.9,,4,-89.762,4,50,9,982,0.4338
14.012,23.019,0.0,50862.84,7.5,99.458,0.95,,6,1.726,4,50,9,734,0.4319
14.607,25.414,0.0,193654.96,7.5,98.18,1.0,,5,287.31,4,50,9,524,0.437
12.316,14.897,0.0,1310.19,7.5,99.204,0.8,,0,-97.38,5,50,3,437,0.4394
12.26,16.668,0.0,1321.21,7.5,99.614,0.85,,2,-97.358,5,50,7,953,0.4397
13.782,20.997,0.0,1231.7,7.5,99.778,0.9,,3,-97.537,5,50,9,906,0.436
14.012,23.019,0.0,6870.99,7.5,99.905,0.95,,5,-86.258,5,50,9,734,0.4319
14.607,25.414,0.0,47367.13,7.5,99.638,1.0,,5,-5.266,5,50,9,524,0.437
12.103,15.299,0.0,1102.55,7.5,99.315,0.8,,0,-97.795,6,50,2,338,0.4408
11.761,16.318,0.0,1074.72,7.5,99.751,0.85,,2,-97.851,6,50,6,751,0.4381
13.431,20.667,0.0,1063.17,7.5,99.864,0.9,,2,-97.874,6,50,8,868,0.4401
13.665,22.996,0.0,1075.78,7.5,99.918,0.95,,3,-97.848,6,50,9,684,0.4269
14.607,25.414,0.0,4283.26,7.5,99.951,1.0,,4,-91.433,6,50,9,524,0.437
12.517,14.978,0.0,846.09,7.5,99.403,0.8,,0,-98.308,7,50,2,234,0.4444
11.644,15.64,0.0,932.97,7.5,99.819,0.85,,2,-98.134,7,50,5,641,0.454
12.068,14.864,0.0,964.21,7.5,99.908,0.9,,0,-98.072,7,50,3,309,0.4531
13.389,22.995,0.0,816.16,7.5,99.815,0.95,,3,-98.368,7,50,8,648,0.4367
14.061,25.564,0.0,963.95,7.5,99.935,1.0,,3,-98.072,7,50,9,490,0.4306
13.043,15.295,0.0,846.35,7.5,99.357,0.8,,0,-98.307,8,50,2,182,0.4615
11.89,15.531,0.0039,828.24,7.5,99.852,0.85,,1,-98.344,8,50,3,299,0.4515
11.912,15.119,0.0,842.94,7.5,99.93,0.9,,0,-98.314,8,50,3,297,0.4579
12.541,22.206,0.0,501.16,7.5,99.895,0.95,,2,-98.998,8,50,7,562,0.4448
12.985,24.641,0.0,788.34,7.5,99.888,1.0,,3,-98.423,8,50,7,400,0.4525
13.043,15.295,0.0,846.35,7.5,99.357,0.8,,0,-98.307,9,50,2,182,0.4615
11.89,15.531,0.0039,828.24,7.5,99.852,0.85,,1,-98.344,9,50,3,299,0.4515
11.912,15.119,0.0,842.94,7.5,99.93,0.9,,0,-98.314,9,50,3,297,0.4579
12.541,22.206,0.0,501.16,7.5,99.895,0.95,,2,-98.998,9,50,7,562,0.4448
12.985,24.641,0.0,788.34,7.5,99.888,1.0,,3,-98.423,9,50,7,400,0.4525
13.043,15.295,0.0,846.35,7.5,99.357,0.8,,0,-98.307,10,50,2,182,0.4615
11.89,15.531,0.0039,828.24,7.5,99.852,0.85,,1,-98.344,10,50,3,299,0.4515
11.912,15.119,0.0,842.94,7.5,99.93,0.9,,0,-98.314,10,50,3,297,0.4579
12.541,22.206,0.0,501.16,7.5,99.895,0.95,,2,-98.998,10,50,7,562,0.4448
12.985,24.641,0.0,788.34,7.5,99.888,1.0,,3,-98.423,10,50,7,400,0.4525
13.856,19.164,0.0,25122.09,7.5,78.162,0.8,,4,-49.756,1,55,9,1942,0.4264
13.707,20.128,0.0,76992.35,7.5,65.639,0.85,,5,53.985,1,55,9,1274,0.427
14.066,21.341,0.0,123202.59,7.5,54.86,0.9,,6,146.405,1,55,9,982,0.4338
14.012,23.019,0.0,179152.1,7.5,60.832,0.95,,6,258.304,1,55,9,734,0.4319
14.607,25.414,0.0,203323.89,7.5,54.362,1.0,,7,306.648,1,55,9,524,0.437
13.637,18.53,0.0268,3254.26,7.5,96.872,0.8,,1,-93.491,2,55,9,1789,0.4237
13.707,20.128,0.0,34757.94,7.5,91.309,0.85,,5,-30.484,2,55,9,1274,0.427
14.066,21.341,0.0,117521.04,7.5,84.309,0.9,,6,135.042,2,55,9,982,0.4338
14.012,23.019,0.0,263436.13,7.5,87.968,0.95,,6,426.872,2,55,9,734,0.4319
14.607,25.414,0.0,395039.45,7.5,80.882,1.0,,7,690.079,2,55,9,524,0.437
13.143,18.188,0.022,2083.78,7.5,98.421,0.8,,1,-95.832,3,55,8,1591,0.4299
13.707,20.128,0.0,6987.27,7.5,98.164,0.85,,4,-86.025,3,55,9,1274,0.427
14.066,21.341,0.0,40315.59,7.5,95.618,0.9,,5,-19.369,3,55,9,982,0.4338
14.012,23.019,0.0,170064.61,7.5,97.08,0.95,,6,240.129,3,55,9,734,0.4319
14.607,25.414,0.0,394596.61,7.5,93.108,1.0,,5,689.193,3,55,9,524,0.437
12.08,14.517,0.0,1579.25,7.5,98.968,0.8,,0,-96.841,4,55,4,769,0.446
13.21,19.298,0.0,1456.66,7.5,99.44,0.85,,3,-97.087,4,55,8,1120,0.4304
14.066,21.341,0.0,5118.8,7.5,99.305,0.9,,4,-89.762,4,55,9,982,0.4338
14.012,23.019,0.0,50862.84,7.5,99.458,0.95,,6,1.726,4,55,9,734,0.4319
14.607,25.414,0.0,193654.96,7.5,98.18,1.0,,5,287.31,4,55,9,524,0.437
12.316,14.897,0.0,1310.19,7.5,99.204,0.8,,0,-97.38,5,55,3,437,0.4394
12.26,16.668,0.0,1321.21,7.5,99.614,0.85,,2,-97.358,5,55,7,953,0.4397
13.782,20.997,0.0,1231.7,7.5,99.778,0.9,,3,-97.537,5,55,9,906,0.436
14.012,23.019,0.0,6870.99,7.5,99.905,0.95,,5,-86.258,5,55,9,734,0.4319
14.607,25.414,0.0,47367.13,7.5,99.638,1.0,,5,-5.266,5,55,9,524,0.437
12.103,15.299,0.0,1102.55,7.5,99.315,0.8,,0,-97.795,6,55,2,338,0.4408
11.761,16.318,0.0,1074.72,7.5,99.751,0.85,,2,-97.851,6,55,6,751,0.4381
13.431,20.667,0.0,1063.17,7.5,99.864,0.9,,2,-97.874,6,55,8,868,0.4401
13.665,22.996,0.0,1075.78,7.5,99.918,0.95,,3,-97.848,6,55,9,684,0.4269
14.607,25.414,0.0,4283.26,7.5,99.951,1.0,,4,-91.433,6,55,9,524,0.437
12.517,14.978,0.0,846.09,7.5,99.403,0.8,,0,-98.308,7,55,2,234,0.4444
11.644,15.64,0.0,932.97,7.5,99.819,0.85,,2,-98.134,7,55,5,641,0.454
12.068,14.864,0.0,964.21,7.5,99.908,0.9,,0,-98.072,7,55,3,309,0.4531
13.389,22.995,0.0,816.16,7.5,99.815,0.95,,3,-98.368,7,55,8,648,0.4367
14.061,25.564,0.0,963.95,7.5,99.935,1.0,,3,-98.072,7,55,9,490,0.4306
13.043,15.295,0.0,846.35,7.5,99.357,0.8,,0,-98.307,8,55,2,182,0.4615
11.89,15.531,0.0039,828.24,7.5,99.852,0.85,,1,-98.344,8,55,3,299,0.4515
11.912,15.119,0.0,842.94,7.5,99.93,0.9,,0,-98.314,8,55,3,297,0.4579
12.541,22.206,0.0,501.16,7.5,99.895,0.95,,2,-98.998,8,55,7,562,0.4448
12.985,24.641,0.0,788.34,7.5,99.888,1.0,,3,-98.423,8,55,7,400,0.4525
13.043,15.295,0.0,846.35,7.5,99.357,0.8,,0,-98.307,9,55,2,182,0.4615
11.89,15.531,0.0039,828.24,7.5,99.852,0.85,,1,-98.344,9,55,3,299,0.4515
11.912,15.119,0.0,842.94,7.5,99.93,0.9,,0,-98.314,9,55,3,297,0.4579
12.541,22.206,0.0,501.16,7.5,99.895,0.95,,2,-98.998,9,55,7,562,0.4448
12.985,24.641,0.0,788.34,7.5,99.888,1.0,,3,-98.423,9,55,7,400,0.4525
13.043,15.295,0.0,846.35,7.5,99.357,0.8,,0,-98.307,10,55,2,182,0.4615
11.89,15.531,0.0039,828.24,7.5,99.852,0.85,,1,-98.344,10,55,3,299,0.4515
11.912,15.119,0.0,842.94,7.5,99.93,0.9,,0,-98.314,10,55,3,297,0.4579
12.541,22.206,0.0,501.16,7.5,99.895,0.95,,2,-98.998,10,55,7,562,0.4448
12.985,24.641,0.0,788.34,7.5,99.888,1.0,,3,-98.423,10,55,7,400,0.4525
13.856,19.164,0.0,25122.09,7.5,78.162,0.8,,4,-49.756,1,60,9,1942,0.4264
13.707,20.128,0.0,76992.35,7.5,65.639,0.85,,5,53.985,1,60,9,1274,0.427
14.066,21.341,0.0,123202.59,7.5,54.86,0.9,,6,146.405,1,60,9,982,0.4338
14.012,23.019,0.0,179152.1,7.5,60.832,0.95,,6,258.304,1,60,9,734,0.4319
14.607,25.414,0.0,203323.89,7.5,54.362,1.0,,7,306.648,1,60,9,524,0.437
13.637,18.53,0.0268,3254.26,7.5,96.872,0.8,,1,-93.491,2,60,9,1789,0.4237
13.707,20.128,0.0,34757.94,7.5,91.309,0.85,,5,-30.484,2,60,9,1274,0.427
14.066,21.341,0.0,117521.04,7.5,84.309,0.9,,6,135.042,2,60,9,982,0.4338
14.012,23.019,0.0,263436.13,7.5,87.968,0.95,,6,426.872,2,60,9,734,0.4319
14.607,25.414,0.0,395039.45,7.5,80.882,1.0,,7,690.079,2,60,9,524,0.437
13.143,18.188,0.022,2083.78,7.5,98.421,0.8,,1,-95.832,3,60,8,1591,0.4299
13.707,20.128,0.0,6987.27,7.5,98.164,0.85,,4,-86.025,3,60,9,1274,0.427
14.066,21.341,0.0,40315.59,7.5,95.618,0.9,,5,-19.369,3,60,9,982,0.4338
14.012,23.019,0.0,170064.61,7.5,97.08,0.95,,6,240.129,3,60,9,734,0.4319
14.607,25.414,0.0,394596.61,7.5,93.108,1.0,,5,689.193,3,60,9,524,0.437
12.08,14.517,0.0,1579.25,7.5,98.968,0.8,,0,-96.841,4,60,4,769,0.446
13.21,19.298,0.0,1456.66,7.5,99.44,0.85,,3,-97.087,4,60,8,1120,0.4304
14.066,21.341,0.0,5118.8,7.5,99.305,0.9,,4,-89.762,4,60,9,982,0.4338
14.012,23.019,0.0,50862.84,7.5,99.458,0.95,,6,1.726,4,60,9,734,0.4319
14.607,25.414,0.0,193654.96,7.5,98.18,1.0,,5,287.31,4,60,9,524,0.437
12.316,14.897,0.0,1310.19,7.5,99.204,0.8,,0,-97.38,5,60,3,437,0.4394
12.26,16.668,0.0,1321.21,7.5,99.614,0.85,,2,-97.358,5,60,7,953,0.4397
13.782,20.997,0.0,1231.7,7.5,99.778,0.9,,3,-97.537,5,60,9,906,0.436
14.012,23.019,0.0,6870.99,7.5,99.905,0.95,,5,-86.258,5,60,9,734,0.4319
14.607,25.414,0.0,47367.13,7.5,99.638,1.0,,5,-5.266,5,60,9,524,0.437
12.103,15.299,0.0,1102.55,7.5,99.315,0.8,,0,-97.795,6,60,2,338,0.4408
11.761,16.318,0.0,1074.72,7.5,99.751,0.85,,2,-97.851,6,60,6,751,0.4381
13.431,20.667,0.0,1063.17,7.5,99.864,0.9,,2,-97.874,6,60,8,868,0.4401
13.665,22.996,0.0,1075.78,7.5,99.918,0.95,,3,-97.848,6,60,9,684,0.4269
14.607,25.414,0.0,4283.26,7.5,99.951,1.0,,4,-91.433,6,60,9,524,0.437
12.517,14.978,0.0,846.09,7.5,99.403,0.8,,0,-98.308,7,60,2,234,0.4444
11.644,15.64,0.0,932.97,7.5,99.819,0.85,,2,-98.134,7,60,5,641,0.454
12.068,14.864,0.0,964.21,7.5,99.908,0.9,,0,-98.072,7,60,3,309,0.4531
13.389,22.995,0.0,816.16,7.5,99.815,0.95,,3,-98.368,7,60,8,648,0.4367
14.061,25.564,0.0,963.95,7.5,99.935,1.0,,3,-98.072,7,60,9,490,0.4306
13.043,15.295,0.0,846.35,7.5,99.357,0.8,,0,-98.307,8,60,2,182,0.4615
11.89,15.531,0.0039,828.24,7.5,99.852,0.85,,1,-98.344,8,60,3,299,0.4515
11.912,15.119,0.0,842.94,7.5,99.93,0.9,,0,-98.314,8,60,3,297,0.4579
12.541,22.206,0.0,501.16,7.5,99.895,0.95,,2,-98.998,8,60,7,562,0.4448
12.985,24.641,0.0,788.34,7.5,99.888,1.0,,3,-98.423,8,60,7,400,0.4525
13.043,15.295,0.0,846.35,7.5,99.357,0.8,,0,-98.307,9,60,2,182,0.4615
11.89,15.531,0.0039,828.24,7.5,99.852,0.85,,1,-98.344,9,60,3,299,0.4515
11.912,15.119,0.0,842.94,7.5,99.93,0.9,,0,-98.314,9,60,3,297,0.4579
12.541,22.206,0.0,501.16,7.5,99.895,0.95,,2,-98.998,9,60,7,562,0.4448
12.985,24.641,0.0,788.34,7.5,99.888,1.0,,3,-98.423,9,60,7,400,0.4525
13.043,15.295,0.0,846.35,7.5,99.357,0.8,,0,-98.307,10,60,2,182,0.4615
11.89,15.531,0.0039,828.24,7.5,99.852,0.85,,1,-98.344,10,60,3,299,0.4515
11.912,15.119,0.0,842.94,7.5,99.93,0.9,,0,-98.314,10,60,3,297,0.4579
12.541,22.206,0.0,501.16,7.5,99.895,0.95,,2,-98.998,10,60,7,562,0.4448
12.985,24.641,0.0,788.34,7.5,99.888,1.0,,3,-98.423,10,60,7,400,0.4525
14.002,19.168,0.0,28381.55,8.0,76.089,0.8,,3,-43.237,1,5,9,1940,0.4278
13.853,20.163,0.0,79676.67,8.0,64.531,0.85,,5,59.353,1,5,9,1272,0.4292
14.165,21.4,0.0,117975.16,8.0,53.022,0.9,,6,135.95,1,5,9,982,0.4338
14.083,23.098,0.0,169175.26,8.0,58.8,0.95,,6,238.351,1,5,9,734,0.4319
14.675,25.524,0.0,200311.44,8.0,52.413,1.0,,7,300.623,1,5,9,523,0.4379
13.771,18.518,0.0327,3440.38,8.0,96.747,0.8,,1,-93.119,2,5,9,1789,0.4243
13.853,20.163,0.0,41098.36,8.0,90.103,0.85,,5,-17.803,2,5,9,1272,0.4292
14.165,21.4,0.0,111173.0,8.0,82.508,0.9,,5,122.346,2,5,9,982,0.4338
14.083,23.098,0.0,259698.13,8.0,86.215,0.95,,6,419.396,2,5,9,734,0.4319
14.675,25.524,0.0,405796.17,8.0,79.208,1.0,,7,711.592,2,5,9,523,0.4379
13.174,18.087,0.0445,2383.81,8.0,98.204,0.8,,1,-95.232,3,5,7,1561,0.4324
13.853,20.163,0.0,9669.24,8.0,97.925,0.85,,4,-80.662,3,5,9,1272,0.4292
14.165,21.4,0.0,45808.4,8.0,94.644,0.9,,4,-8.383,3,5,9,982,0.4338
14.083,23.098,0.0,195985.7,8.0,96.263,0.95,,6,291.971,3,5,9,734,0.4319
14.675,25.524,0.0,440364.01,8.0,91.772,1.0,,5,780.728,3,5,9,523,0.4379
12.168,14.462,0.0,1677.16,8.0,98.961,0.8,,0,-96.646,4,5,4,769,0.446
13.378,19.312,0.0,1765.89,8.0,99.3,0.85,,3,-96.468,4,5,8,1121,0.4309
14.165,21.4,0.0,9177.31,8.0,98.642,0.9,,3,-81.645,4,5,9,982,0.4338
14.083,23.098,0.0,66583.96,8.0,99.214,0.95,,6,33.168,4,5,9,734,0.4319
14.675,25.524,0.0,264455.67,8.0,97.546,1.0,,5,428.911,4,5,9,523,0.4379
12.371,14.886,0.0,1415.19,8.0,99.206,0.8,,0,-97.17,5,5,3,442,0.4344
13.016,19.263,0.0,1265.56,8.0,99.624,0.85,,3,-97.469,5,5,8,1073,0.4315
13.848,21.017,0.0,1372.92,8.0,99.708,0.9,,3,-97.254,5,5,9,918,0.4314
14.083,23.098,0.0,13019.26,8.0,99.847,0.95,,6,-73.961,5,5,9,734,0.4319
14.675,25.524,0.0,89635.66,8.0,99.426,1.0,,5,79.271,5,5,9,523,0.4379
12.175,15.175,0.0,1005.16,8.0,99.436,0.8,,0,-97.99,6,5,2,353,0.4306
11.895,16.311,0.0,1051.62,8.0,99.754,0.85,,2,-97.897,6,5,6,753,0.4382
13.525,20.783,0.0,1194.95,8.0,99.815,0.9,,2,-97.61,6,5,8,866,0.44
13.88,23.016,0.0,1026.43,8.0,99.946,0.95,,3,-97.947,6,5,9,692,0.4234
14.675,25.524,0.0,14233.59,8.0,99.901,1.0,,5,-71.533,6,5,9,523,0.4379
12.516,14.978,0.0,1018.55,8.0,99.4,0.8,,0,-97.963,7,5,2,235,0.4426
11.736,15.633,0.0279,831.39,8.0,99.841,0.85,,1,-98.337,7,5,5,643,0.4526
12.178,15.392,0.0462,947.41,8.0,99.889,0.9,,1,-98.105,7,5,4,376,0.4441
13.608,23.135,0.0,977.34,8.0,99.871,0.95,,2,-98.045,7,5,8,673,0.4324
14.406,25.683,0.0,1017.76,8.0,99.969,1.0,,3,-97.964,7,5,9,492,0.4289
12.919,15.27,0.0,884.15,8.0,99.415,0.8,,0,-98.232,8,5,2,188,0.4574
11.911,15.59,0.0,888.87,8.0,99.855,0.85,,0,-98.222,8,5,3,299,0.4482
12.046,15.174,0.0,859.74,8.0,99.921,0.9,,0,-98.281,8,5,3,297,0.4545
12.589,22.307,0.0,10.81,8.0,99.998,0.95,,2,-99.978,8,5,7,562,0.4448
13.002,24.781,0.0,184.32,8.0,99.977,1.0,,3,-99.631,8,5,7,399,0.4536
12.919,15.27,0.0,884.15,8.0,99.415,0.8,,0,-98.232,9,5,2,188,0.4574
11.911,15.59,0.0,888.87,8.0,99.855,0.85,,0,-98.222,9,5,3,299,0.4482
12.046,15.174,0.0,859.74,8.0,99.921,0.9,,0,-98.281,9,5,3,297,0.4545
12.589,22.307,0.0,10.81,8.0,99.998,0.95,,2,-99.978,9,5,7,562,0.4448
13.002,24.781,0.0,184.32,8.0,99.977,1.0,,3,-99.631,9,5,7,399,0.4536
12.919,15.27,0.0,884.15,8.0,99.415,0.8,,0,-98.232,10,5,2,188,0.4574
11.911,15.59,0.0,888.87,8.0,99.855,0.85,,0,-98.222,10,5,3,299,0.4482
12.046,15.174,0.0,859.74,8.0,99.921,0.9,,0,-98.281,10,5,3,297,0.4545
12.589,22.307,0.0,10.81,8.0,99.998,0.95,,2,-99.978,10,5,7,562,0.4448
13.002,24.781,0.0,184.32,8.0,99.977,1.0,,3,-99.631,10,5,7,399,0.4536
14.111,19.141,0.0,29072.98,8.0,75.954,0.8,,3,-41.854,1,10,9,1940,0.4294
13.991,20.085,0.0,77631.01,8.0,64.655,0.85,,5,55.262,1,10,9,1272,0.4316
14.304,21.33,0.0,112902.87,8.0,53.243,0.9,,6,125.806,1,10,9,982,0.4358
14.227,22.994,0.0,163173.99,8.0,58.74,0.95,,6,226.348,1,10,9,734,0.4346
14.848,25.359,0.0,192650.64,8.0,52.287,1.0,,7,285.301,1,10,9,523,0.4417
13.893,18.49,0.0391,3427.25,8.0,96.609,0.8,,1,-93.145,2,10,9,1790,0.4257
13.991,20.085,0.0,37133.04,8.0,90.088,0.85,,4,-25.734,2,10,9,1272,0.4316
14.304,21.33,0.0,99931.17,8.0,82.448,0.9,,6,99.862,2,10,9,982,0.4358
14.227,22.994,0.0,244938.28,8.0,86.235,0.95,,6,389.877,2,10,9,734,0.4346
14.848,25.359,0.0,387771.87,8.0,79.172,1.0,,7,675.544,2,10,9,523,0.4417
13.307,18.058,0.0371,2399.3,8.0,98.076,0.8,,1,-95.201,3,10,7,1561,0.4343
13.991,20.085,0.0,6763.89,8.0,98.235,0.85,,4,-86.472,3,10,9,1272,0.4316
14.304,21.33,0.0,38424.27,8.0,94.627,0.9,,4,-23.151,3,10,9,982,0.4358
14.227,22.994,0.0,177702.05,8.0,96.266,0.95,,6,255.404,3,10,9,734,0.4346
14.848,25.359,0.0,425219.07,8.0,91.763,1.0,,5,750.438,3,10,9,523,0.4417
12.327,14.464,0.0,1668.24,8.0,98.872,0.8,,0,-96.664,4,10,4,769,0.4486
13.533,19.229,0.0,1710.24,8.0,99.277,0.85,,3,-96.58,4,10,8,1121,0.4335
14.304,21.33,0.0,4829.26,8.0,99.135,0.9,,3,-90.341,4,10,9,982,0.4358
14.227,22.994,0.0,64709.98,8.0,99.201,0.95,,6,29.42,4,10,9,734,0.4346
14.848,25.359,0.0,255048.72,8.0,97.546,1.0,,5,410.097,4,10,9,523,0.4417
12.576,14.845,0.0,1301.0,8.0,99.175,0.8,,0,-97.398,5,10,3,438,0.4406
13.16,19.177,0.0,1364.0,8.0,99.557,0.85,,2,-97.272,5,10,8,1072,0.4347
14.032,20.988,0.0,1416.76,8.0,99.686,0.9,,3,-97.166,5,10,9,913,0.4348
14.227,22.994,0.0,12632.86,8.0,99.845,0.95,,6,-74.734,5,10,9,734,0.4346
14.848,25.359,0.0,83485.02,8.0,99.424,1.0,,5,66.97,5,10,9,523,0.4417
12.392,15.059,0.0,965.53,8.0,99.374,0.8,,0,-98.069,6,10,2,353,0.4363
12.064,16.217,0.0,1042.7,8.0,99.73,0.85,,2,-97.915,6,10,6,753,0.4422
13.681,20.708,0.0,1188.39,8.0,99.807,0.9,,2,-97.623,6,10,8,866,0.4423
14.03,22.904,0.0,961.06,8.0,99.943,0.95,,4,-98.078,6,10,9,692,0.4263
14.848,25.359,0.0,12699.28,8.0,99.903,1.0,,5,-74.601,6,10,9,523,0.4417
12.36,15.233,0.0,777.84,8.0,99.459,0.8,,0,-98.444,7,10,2,331,0.4502
11.875,15.953,0.011,995.97,8.0,99.786,0.85,,2,-98.008,7,10,5,691,0.4515
12.319,15.345,0.0,1027.74,8.0,99.873,0.9,,0,-97.945,7,10,4,376,0.4468
13.764,23.021,0.0,953.45,8.0,99.839,0.95,,2,-98.093,7,10,8,673,0.4354
14.571,25.502,0.0,877.32,8.0,99.97,1.0,,3,-98.245,7,10,9,491,0.4338
13.343,15.171,0.0,869.45,8.0,99.327,0.8,,0,-98.261,8,10,1,179,0.4749
12.143,15.379,0.0,869.71,8.0,99.838,0.85,,0,-98.261,8,10,3,301,0.4551
12.245,15.119,0.0,869.97,8.0,99.915,0.9,,0,-98.26,8,10,3,296,0.4595
12.773,22.181,0.0,292.74,8.0,99.936,0.95,,2,-99.415,8,10,7,562,0.4484
13.222,24.58,0.0,847.66,8.0,99.887,1.0,,3,-98.305,8,10,7,399,0.4586
13.343,15.171,0.0,869.45,8.0,99.327,0.8,,0,-98.261,9,10,1,179,0.4749
12.143,15.379,0.0,869.71,8.0,99.838,0.85,,0,-98.261,9,10,3,301,0.4551
12.245,15.119,0.0,869.97,8.0,99.915,0.9,,0,-98.26,9,10,3,296,0.4595
12.773,22.181,0.0,292.74,8.0,99.936,0.95,,2,-99.415,9,10,7,562,0.4484
13.222,24.58,0.0,847.66,8.0,99.887,1.0,,3,-98.305,9,10,7,399,0.4586
13.343,15.171,0.0,869.45,8.0,99.327,0.8,,0,-98.261,10,10,1,179,0.4749
12.143,15.379,0.0,869.71,8.0,99.838,0.85,,0,-98.261,10,10,3,301,0.4551
12.245,15.119,0.0,869.97,8.0,99.915,0.9,,0,-98.26,10,10,3,296,0.4595
12.773,22.181,0.0,292.74,8.0,99.936,0.95,,2,-99.415,10,10,7,562,0.4484
13.222,24.58,0.0,847.66,8.0,99.887,1.0,,3,-98.305,10,10,7,399,0.4586
14.111,19.141,0.0,29072.98,8.0,75.954,0.8,,3,-41.854,1,15,9,1940,0.4294
13.991,20.085,0.0,77631.01,8.0,64.655,0.85,,5,55.262,1,15,9,1272,0.4316
14.304,21.33,0.0,112902.87,8.0,53.243,0.9,,6,125.806,1,15,9,982,0.4358
14.227,22.994,0.0,163173.99,8.0,58.74,0.95,,6,226.348,1,15,9,734,0.4346
14.848,25.359,0.0,192650.64,8.0,52.287,1.0,,7,285.301,1,15,9,523,0.4417
13.893,18.49,0.0391,3427.25,8.0,96.609,0.8,,1,-93.145,2,15,9,1790,0.4257
13.991,20.085,0.0,37133.04,8.0,90.088,0.85,,4,-25.734,2,15,9,1272,0.4316
14.304,21.33,0.0,99931.17,8.0,82.448,0.9,,6,99.862,2,15,9,982,0.4358
14.227,22.994,0.0,244938.28,8.0,86.235,0.95,,6,389.877,2,15,9,734,0.4346
14.848,25.359,0.0,387771.87,8.0,79.172,1.0,,7,675.544,2,15,9,523,0.4417
13.307,18.058,0.0371,2399.3,8.0,98.076,0.8,,1,-95.201,3,15,7,1561,0.4343
13.991,20.085,0.0,6763.89,8.0,98.235,0.85,,4,-86.472,3,15,9,1272,0.4316
14.304,21.33,0.0,38424.27,8.0,94.627,0.9,,4,-23.151,3,15,9,982,0.4358
14.227,22.994,0.0,177702.05,8.0,96.266,0.95,,6,255.404,3,15,9,734,0.4346
14.848,25.359,0.0,425219.07,8.0,91.763,1.0,,5,750.438,3,15,9,523,0.4417
12.327,14.464,0.0,1668.24,8.0,98.872,0.8,,0,-96.664,4,15,4,769,0.4486
13.533,19.229,0.0,1710.24,8.0,99.277,0.85,,3,-96.58,4,15,8,1121,0.4335
14.304,21.33,0.0,4829.26,8.0,99.135,0.9,,3,-90.341,4,15,9,982,0.4358
14.227,22.994,0.0,64709.98,8.0,99.201,0.95,,6,29.42,4,15,9,734,0.4346
14.848,25.359,0.0,255048.72,8.0,97.546,1.0,,5,410.097,4,15,9,523,0.4417
12.576,14.845,0.0,1301.0,8.0,99.175,0.8,,0,-97.398,5,15,3,438,0.4406
13.16,19.177,0.0,1364.0,8.0,99.557,0.85,,2,-97.272,5,15,8,1072,0.4347
14.032,20.988,0.0,1416.76,8.0,99.686,0.9,,3,-97.166,5,15,9,913,0.4348
14.227,22.994,0.0,12632.86,8.0,99.845,0.95,,6,-74.734,5,15,9,734,0.4346
14.848,25.359,0.0,83485.02,8.0,99.424,1.0,,5,66.97,5,15,9,523,0.4417
12.392,15.059,0.0,965.53,8.0,99.374,0.8,,0,-98.069,6,15,2,353,0.4363
12.064,16.217,0.0,1042.7,8.0,99.73,0.85,,2,-97.915,6,15,6,753,0.4422
13.681,20.708,0.0,1188.39,8.0,99.807,0.9,,2,-97.623,6,15,8,866,0.4423
14.03,22.904,0.0,961.06,8.0,99.943,0.95,,4,-98.078,6,15,9,692,0.4263
14.848,25.359,0.0,12699.28,8.0,99.903,1.0,,5,-74.601,6,15,9,523,0.4417
12.36,15.233,0.0,777.84,8.0,99.459,0.8,,0,-98.444,7,15,2,331,0.4502
11.875,15.953,0.011,995.97,8.0,99.786,0.85,,2,-98.008,7,15,5,691,0.4515
12.319,15.345,0.0,1027.74,8.0,99.873,0.9,,0,-97.945,7,15,4,376,0.4468
13.764,23.021,0.0,953.45,8.0,99.839,0.95,,2,-98.093,7,15,8,673,0.4354
14.571,25.502,0.0,877.32,8.0,99.97,1.0,,3,-98.245,7,15,9,491,0.4338
13.343,15.171,0.0,869.45,8.0,99.327,0.8,,0,-98.261,8,15,1,179,0.4749
12.143,15.379,0.0,869.71,8.0,99.838,0.85,,0,-98.261,8,15,3,301,0.4551
12.245,15.119,0.0,869.97,8.0,99.915,0.9,,0,-98.26,8,15,3,296,0.4595
12.773,22.181,0.0,292.74,8.0,99.936,0.95,,2,-99.415,8,15,7,562,0.4484
13.222,24.58,0.0,847.66,8.0,99.887,1.0,,3,-98.305,8,15,7,399,0.4586
13.343,15.171,0.0,869.45,8.0,99.327,0.8,,0,-98.261,9,15,1,179,0.4749
12.143,15.379,0.0,869.71,8.0,99.838,0.85,,0,-98.261,9,15,3,301,0.4551
12.245,15.119,0.0,869.97,8.0,99.915,0.9,,0,-98.26,9,15,3,296,0.4595
12.773,22.181,0.0,292.74,8.0,99.936,0.95,,2,-99.415,9,15,7,562,0.4484
13.222,24.58,0.0,847.66,8.0,99.887,1.0,,3,-98.305,9,15,7,399,0.4586
13.343,15.171,0.0,869.45,8.0,99.327,0.8,,0,-98.261,10,15,1,179,0.4749
12.143,15.379,0.0,869.71,8.0,99.838,0.85,,0,-98.261,10,15,3,301,0.4551
12.245,15.119,0.0,869.97,8.0,99.915,0.9,,0,-98.26,10,15,3,296,0.4595
12.773,22.181,0.0,292.74,8.0,99.936,0.95,,2,-99.415,10,15,7,562,0.4484
13.222,24.58,0.0,847.66,8.0,99.887,1.0,,3,-98.305,10,15,7,399,0.4586
14.111,19.141,0.0,29072.98,8.0,75.954,0.8,,3,-41.854,1,20,9,1940,0.4294
13.991,20.085,0.0,77631.01,8.0,64.655,0.85,,5,55.262,1,20,9,1272,0.4316
14.304,21.33,0.0,112902.87,8.0,53.243,0.9,,6,125.806,1,20,9,982,0.4358
14.227,22.994,0.0,163173.99,8.0,58.74,0.95,,6,226.348,1,20,9,734,0.4346
14.848,25.359,0.0,192650.64,8.0,52.287,1.0,,7,285.301,1,20,9,523,0.4417
13.893,18.49,0.0391,3427.25,8.0,96.609,0.8,,1,-93.145,2,20,9,1790,0.4257
13.991,20.085,0.0,37133.04,8.0,90.088,0.85,,4,-25.734,2,20,9,1272,0.4316
14.304,21.33,0.0,99931.17,8.0,82.448,0.9,,6,99.862,2,20,9,982,0.4358
14.227,22.994,0.0,244938.28,8.0,86.235,0.95,,6,389.877,2,20,9,734,0.4346
14.848,25.359,0.0,387771.87,8.0,79.172,1.0,,7,675.544,2,20,9,523,0.4417
13.307,18.058,0.0371,2399.3,8.0,98.076,0.8,,1,-95.201,3,20,7,1561,0.4343
13.991,20.085,0.0,6763.89,8.0,98.235,0.85,,4,-86.472,3,20,9,1272,0.4316
14.304,21.33,0.0,38424.27,8.0,94.627,0.9,,4,-23.151,3,20,9,982,0.4358
14.227,22.994,0.0,177702.05,8.0,96.266,0.95,,6,255.404,3,20,9,734,0.4346
14.848,25.359,0.0,425219.07,8.0,91.763,1.0,,5,750.438,3,20,9,523,0.4417
12.327,14.464,0.0,1668.24,8.0,98.872,0.8,,0,-96.664,4,20,4,769,0.4486
13.533,19.229,0.0,1710.24,8.0,99.277,0.85,,3,-96.58,4,20,8,1121,0.4335
14.304,21.33,0.0,4829.26,8.0,99.135,0.9,,3,-90.341,4,20,9,982,0.4358
14.227,22.994,0.0,64709.98,8.0,99.201,0.95,,6,29.42,4,20,9,734,0.4346
14.848,25.359,0.0,255048.72,8.0,97.546,1.0,,5,410.097,4,20,9,523,0.4417
12.576,14.845,0.0,1301.0,8.0,99.175,0.8,,0,-97.398,5,20,3,438,0.4406
13.16,19.177,0.0,1364.0,8.0,99.557,0.85,,2,-97.272,5,20,8,1072,0.4347
14.032,20.988,0.0,1416.76,8.0,99.686,0.9,,3,-97.166,5,20,9,913,0.4348
14.227,22.994,0.0,12632.86,8.0,99.845,0.95,,6,-74.734,5,20,9,734,0.4346
14.848,25.359,0.0,83485.02,8.0,99.424,1.0,,5,66.97,5,20,9,523,0.4417
12.392,15.059,0.0,965.53,8.0,99.374,0.8,,0,-98.069,6,20,2,353,0.4363
12.064,16.217,0.0,1042.7,8.0,99.73,0.85,,2,-97.915,6,20,6,753,0.4422
13.681,20.708,0.0,1188.39,8.0,99.807,0.9,,2,-97.623,6,20,8,866,0.4423
14.03,22.904,0.0,961.06,8.0,99.943,0.95,,4,-98.078,6,20,9,692,0.4263
14.848,25.359,0.0,12699.28,8.0,99.903,1.0,,5,-74.601,6,20,9,523,0.4417
12.36,15.233,0.0,777.84,8.0,99.459,0.8,,0,-98.444,7,20,2,331,0.4502
11.875,15.953,0.011,995.97,8.0,99.786,0.85,,2,-98.008,7,20,5,691,0.4515
12.319,15.345,0.0,1027.74,8.0,99.873,0.9,,0,-97.945,7,20,4,376,0.4468
13.764,23.021,0.0,953.45,8.0,99.839,0.95,,2,-98.093,7,20,8,673,0.4354
14.571,25.502,0.0,877.32,8.0,99.97,1.0,,3,-98.245,7,20,9,491,0.4338
13.343,15.171,0.0,869.45,8.0,99.327,0.8,,0,-98.261,8,20,1,179,0.4749
12.143,15.379,0.0,869.71,8.0,99.838,0.85,,0,-98.261,8,20,3,301,0.4551
12.245,15.119,0.0,869.97,8.0,99.915,0.9,,0,-98.26,8,20,3,296,0.4595
12.773,22.181,0.0,292.74,8.0,99.936,0.95,,2,-99.415,8,20,7,562,0.4484
13.222,24.58,0.0,847.66,8.0,99.887,1.0,,3,-98.305,8,20,7,399,0.4586
13.343,15.171,0.0,869.45,8.0,99.327,0.8,,0,-98.261,9,20,1,179,0.4749
12.143,15.379,0.0,869.71,8.0,99.838,0.85,,0,-98.261,9,20,3,301,0.4551
12.245,15.119,0.0,869.97,8.0,99.915,0.9,,0,-98.26,9,20,3,296,0.4595
12.773,22.181,0.0,292.74,8.0,99.936,0.95,,2,-99.415,9,20,7,562,0.4484
13.222,24.58,0.0,847.66,8.0,99.887,1.0,,3,-98.305,9,20,7,399,0.4586
13.343,15.171,0.0,869.45,8.0,99.327,0.8,,0,-98.261,10,20,1,179,0.4749
12.143,15.379,0.0,869.71,8.0,99.838,0.85,,0,-98.261,10,20,3,301,0.4551
12.245,15.119,0.0,869.97,8.0,99.915,0.9,,0,-98.26,10,20,3,296,0.4595
12.773,22.181,0.0,292.74,8.0,99.936,0.95,,2,-99.415,10,20,7,562,0.4484
13.222,24.58,0.0,847.66,8.0,99.887,1.0,,3,-98.305,10,20,7,399,0.4586
14.111,19.141,0.0,29072.98,8.0,75.954,0.8,,3,-41.854,1,25,9,1940,0.4294
13.991,20.085,0.0,77631.01,8.0,64.655,0.85,,5,55.262,1,25,9,1272,0.4316
14.304,21.33,0.0,112902.87,8.0,53.243,0.9,,6,125.806,1,25,9,982,0.4358
14.227,22.994,0.0,163173.99,8.0,58.74,0.95,,6,226.348,1,25,9,734,0.4346
14.848,25.359,0.0,192650.64,8.0,52.287,1.0,,7,285.301,1,25,9,523,0.4417
13.893,18.49,0.0391,3427.25,8.0,96.609,0.8,,1,-93.145,2,25,9,1790,0.4257
13.991,20.085,0.0,37133.04,8.0,90.088,0.85,,4,-25.734,2,25,9,1272,0.4316
14.304,21.33,0.0,99931.17,8.0,82.448,0.9,,6,99.862,2,25,9,982,0.4358
14.227,22.994,0.0,244938.28,8.0,86.235,0.95,,6,389.877,2,25,9,734,0.4346
14.848,25.359,0.0,387771.87,8.0,79.172,1.0,,7,675.544,2,25,9,523,0.4417
13.307,18.058,0.0371,2399.3,8.0,98.076,0.8,,1,-95.201,3,25,7,1561,0.4343
13.991,20.085,0.0,6763.89,8.0,98.235,0.85,,4,-86.472,3,25,9,1272,0.4316
14.304,21.33,0.0,38424.27,8.0,94.627,0.9,,4,-23.151,3,25,9,982,0.4358
14.227,22.994,0.0,177702.05,8.0,96.266,0.95,,6,255.404,3,25,9,734,0.4346
14.848,25.359,0.0,425219.07,8.0,91.763,1.0,,5,750.438,3,25,9,523,0.4417
12.327,14.464,0.0,1668.24,8.0,98.872,0.8,,0,-96.664,4,25,4,769,0.4486
13.533,19.229,0.0,1710.24,8.0,99.277,0.85,,3,-96.58,4,25,8,1121,0.4335
14.304,21.33,0.0,4829.26,8.0,99.135,0.9,,3,-90.341,4,25,9,982,0.4358
14.227,22.994,0.0,64709.98,8.0,99.201,0.95,,6,29.42,4,25,9,734,0.4346
14.848,25.359,0.0,255048.72,8.0,97.546,1.0,,5,410.097,4,25,9,523,0.4417
12.576,14.845,0.0,1301.0,8.0,99.175,0.8,,0,-97.398,5,25,3,438,0.4406
13.16,19.177,0.0,1364.0,8.0,99.557,0.85,,2,-97.272,5,25,8,1072,0.4347
14.032,20.988,0.0,1416.76,8.0,99.686,0.9,,3,-97.166,5,25,9,913,0.4348
14.227,22.994,0.0,12632.86,8.0,99.845,0.95,,6,-74.734,5,25,9,734,0.4346
14.848,25.359,0.0,83485.02,8.0,99.424,1.0,,5,66.97,5,25,9,523,0.4417
12.392,15.059,0.0,965.53,8.0,99.374,0.8,,0,-98.069,6,25,2,353,0.4363
12.064,16.217,0.0,1042.7,8.0,99.73,0.85,,2,-97.915,6,25,6,753,0.4422
13.681,20.708,0.0,1188.39,8.0,99.807,0.9,,2,-97.623,6,25,8,866,0.4423
14.03,22.904,0.0,961.06,8.0,99.943,0.95,,4,-98.078,6,25,9,692,0.4263
14.848,25.359,0.0,12699.28,8.0,99.903,1.0,,5,-74.601,6,25,9,523,0.4417
12.36,15.233,0.0,777.84,8.0,99.459,0.8,,0,-98.444,7,25,2,331,0.4502
11.875,15.953,0.011,995.97,8.0,99.786,0.85,,2,-98.008,7,25,5,691,0.4515
12.319,15.345,0.0,1027.74,8.0,99.873,0.9,,0,-97.945,7,25,4,376,0.4468
13.764,23.021,0.0,953.45,8.0,99.839,0.95,,2,-98.093,7,25,8,673,0.4354
14.571,25.502,0.0,877.32,8.0,99.97,1.0,,3,-98.245,7,25,9,491,0.4338
13.343,15.171,0.0,869.45,8.0,99.327,0.8,,0,-98.261,8,25,1,179,0.4749
12.143,15.379,0.0,869.71,8.0,99.838,0.85,,0,-98.261,8,25,3,301,0.4551
12.245,15.119,0.0,869.97,8.0,99.915,0.9,,0,-98.26,8,25,3,296,0.4595
12.773,22.181,0.0,292.74,8.0,99.936,0.95,,2,-99.415,8,25,7,562,0.4484
13.222,24.58,0.0,847.66,8.0,99.887,1.0,,3,-98.305,8,25,7,399,0.4586
13.343,15.171,0.0,869.45,8.0,99.327,0.8,,0,-98.261,9,25,1,179,0.4749
12.143,15.379,0.0,869.71,8.0,99.838,0.85,,0,-98.261,9,25,3,301,0.4551
12.245,15.119,0.0,869.97,8.0,99.915,0.9,,0,-98.26,9,25,3,296,0.4595
12.773,22.181,0.0,292.74,8.0,99.936,0.95,,2,-99.415,9,25,7,562,0.4484
13.222,24.58,0.0,847.66,8.0,99.887,1.0,,3,-98.305,9,25,7,399,0.4586
13.343,15.171,0.0,869.45,8.0,99.327,0.8,,0,-98.261,10,25,1,179,0.4749
12.143,15.379,0.0,869.71,8.0,99.838,0.85,,0,-98.261,10,25,3,301,0.4551
12.245,15.119,0.0,869.97,8.0,99.915,0.9,,0,-98.26,10,25,3,296,0.4595
12.773,22.181,0.0,292.74,8.0,99.936,0.95,,2,-99.415,10,25,7,562,0.4484
13.222,24.58,0.0,847.66,8.0,99.887,1.0,,3,-98.305,10,25,7,399,0.4586
14.111,19.141,0.0,29072.98,8.0,75.954,0.8,,3,-41.854,1,30,9,1940,0.4294
13.991,20.085,0.0,77631.01,8.0,64.655,0.85,,5,55.262,1,30,9,1272,0.4316
14.304,21.33,0.0,112902.87,8.0,53.243,0.9,,6,125.806,1,30,9,982,0.4358
14.227,22.994,0.0,163173.99,8.0,58.74,0.95,,6,226.348,1,30,9,734,0.4346
14.848,25.359,0.0,192650.64,8.0,52.287,1.0,,7,285.301,1,30,9,523,0.4417
13.893,18.49,0.0391,3427.25,8.0,96.609,0.8,,1,-93.145,2,30,9,1790,0.4257
13.991,20.085,0.0,37133.04,8.0,90.088,0.85,,4,-25.734,2,30,9,1272,0.4316
14.304,21.33,0.0,99931.17,8.0,82.448,0.9,,6,99.862,2,30,9,982,0.4358
14.227,22.994,0.0,244938.28,8.0,86.235,0.95,,6,389.877,2,30,9,734,0.4346
14.848,25.359,0.0,387771.87,8.0,79.172,1.0,,7,675.544,2,30,9,523,0.4417
13.307,18.058,0.0371,2399.3,8.0,98.076,0.8,,1,-95.201,3,30,7,1561,0.4343
13.991,20.085,0.0,6763.89,8.0,98.235,0.85,,4,-86.472,3,30,9,1272,0.4316
14.304,21.33,0.0,38424.27,8.0,94.627,0.9,,4,-23.151,3,30,9,982,0.4358
14.227,22.994,0.0,177702.05,8.0,96.266,0.95,,6,255.404,3,30,9,734,0.4346
14.848,25.359,0.0,425219.07,8.0,91.763,1.0,,5,750.438,3,30,9,523,0.4417
12.327,14.464,0.0,1668.24,8.0,98.872,0.8,,0,-96.664,4,30,4,769,0.4486
13.533,19.229,0.0,1710.24,8.0,99.277,0.85,,3,-96.58,4,30,8,1121,0.4335
14.304,21.33,0.0,4829.26,8.0,99.135,0.9,,3,-90.341,4,30,9,982,0.4358
14.227,22.994,0.0,64709.98,8.0,99.201,0.95,,6,29.42,4,30,9,734,0.4346
14.848,25.359,0.0,255048.72,8.0,97.546,1.0,,5,410.097,4,30,9,523,0.4417
12.576,14.845,0.0,1301.0,8.0,99.175,0.8,,0,-97.398,5,30,3,438,0.4406
13.16,19.177,0.0,1364.0,8.0,99.557,0.85,,2,-97.272,5,30,8,1072,0.4347
14.032,20.988,0.0,1416.76,8.0,99.686,0.9,,3,-97.166,5,30,9,913,0.4348
14.227,22.994,0.0,12632.86,8.0,99.845,0.95,,6,-74.734,5,30,9,734,0.4346
14.848,25.359,0.0,83485.02,8.0,99.424,1.0,,5,66.97,5,30,9,523,0.4417
12.392,15.059,0.0,965.53,8.0,99.374,0.8,,0,-98.069,6,30,2,353,0.4363
12.064,16.217,0.0,1042.7,8.0,99.73,0.85,,2,-97.915,6,30,6,753,0.4422
13.681,20.708,0.0,1188.39,8.0,99.807,0.9,,2,-97.623,6,30,8,866,0.4423
14.03,22.904,0.0,961.06,8.0,99.943,0.95,,4,-98.078,6,30,9,692,0.4263
14.848,25.359,0.0,12699.28,8.0,99.903,1.0,,5,-74.601,6,30,9,523,0.4417
12.36,15.233,0.0,777.84,8.0,99.459,0.8,,0,-98.444,7,30,2,331,0.4502
11.875,15.953,0.011,995.97,8.0,99.786,0.85,,2,-98.008,7,30,5,691,0.4515
12.319,15.345,0.0,1027.74,8.0,99.873,0.9,,0,-97.945,7,30,4,376,0.4468
13.764,23.021,0.0,953.45,8.0,99.839,0.95,,2,-98.093,7,30,8,673,0.4354
14.571,25.502,0.0,877.32,8.0,99.97,1.0,,3,-98.245,7,30,9,491,0.4338
13.343,15.171,0.0,869.45,8.0,99.327,0.8,,0,-98.261,8,30,1,179,0.4749
12.143,15.379,0.0,869.71,8.0,99.838,0.85,,0,-98.261,8,30,3,301,0.4551
12.245,15.119,0.0,869.97,8.0,99.915,0.9,,0,-98.26,8,30,3,296,0.4595
12.773,22.181,0.0,292.74,8.0,99.936,0.95,,2,-99.415,8,30,7,562,0.4484
13.222,24.58,0.0,847.66,8.0,99.887,1.0,,3,-98.305,8,30,7,399,0.4586
13.343,15.171,0.0,869.45,8.0,99.327,0.8,,0,-98.261,9,30,1,179,0.4749
12.143,15.379,0.0,869.71,8.0,99.838,0.85,,0,-98.261,9,30,3,301,0.4551
12.245,15.119,0.0,869.97,8.0,99.915,0.9,,0,-98.26,9,30,3,296,0.4595
12.773,22.181,0.0,292.74,8.0,99.936,0.95,,2,-99.415,9,30,7,562,0.4484
13.222,24.58,0.0,847.66,8.0,99.887,1.0,,3,-98.305,9,30,7,399,0.4586
13.343,15.171,0.0,869.45,8.0,99.327,0.8,,0,-98.261,10,30,1,179,0.4749
12.143,15.379,0.0,869.71,8.0,99.838,0.85,,0,-98.261,10,30,3,301,0.4551
12.245,15.119,0.0,869.97,8.0,99.915,0.9,,0,-98.26,10,30,3,296,0.4595
12.773,22.181,0.0,292.74,8.0,99.936,0.95,,2,-99.415,10,30,7,562,0.4484
13.222,24.58,0.0,847.66,8.0,99.887,1.0,,3,-98.305,10,30,7,399,0.4586
14.111,19.141,0.0,29072.98,8.0,75.954,0.8,,3,-41.854,1,35,9,1940,0.4294
13.991,20.085,0.0,77631.01,8.0,64.655,0.85,,5,55.262,1,35,9,1272,0.4316
14.304,21.33,0.0,112902.87,8.0,53.243,0.9,,6,125.806,1,35,9,982,0.4358
14.227,22.994,0.0,163173.99,8.0,58.74,0.95,,6,226.348,1,35,9,734,0.4346
14.848,25.359,0.0,192650.64,8.0,52.287,1.0,,7,285.301,1,35,9,523,0.4417
13.893,18.49,0.0391,3427.25,8.0,96.609,0.8,,1,-93.145,2,35,9,1790,0.4257
13.991,20.085,0.0,37133.04,8.0,90.088,0.85,,4,-25.734,2,35,9,1272,0.4316
14.304,21.33,0.0,99931.17,8.0,82.448,0.9,,6,99.862,2,35,9,982,0.4358
14.227,22.994,0.0,244938.28,8.0,86.235,0.95,,6,389.877,2,35,9,734,0.4346
14.848,25.359,0.0,387771.87,8.0,79.172,1.0,,7,675.544,2,35,9,523,0.4417
13.307,18.058,0.0371,2399.3,8.0,98.076,0.8,,1,-95.201,3,35,7,1561,0.4343
13.991,20.085,0.0,6763.89,8.0,98.235,0.85,,4,-86.472,3,35,9,1272,0.4316
14.304,21.33,0.0,38424.27,8.0,94.627,0.9,,4,-23.151,3,35,9,982,0.4358
14.227,22.994,0.0,177702.05,8.0,96.266,0.95,,6,255.404,3,35,9,734,0.4346
14.848,25.359,0.0,425219.07,8.0,91.763,1.0,,5,750.438,3,35,9,523,0.4417
12.327,14.464,0.0,1668.24,8.0,98.872,0.8,,0,-96.664,4,35,4,769,0.4486
13.533,19.229,0.0,1710.24,8.0,99.277,0.85,,3,-96.58,4,35,8,1121,0.4335
14.304,21.33,0.0,4829.26,8.0,99.135,0.9,,3,-90.341,4,35,9,982,0.4358
14.227,22.994,0.0,64709.98,8.0,99.201,0.95,,6,29.42,4,35,9,734,0.4346
14.848,25.359,0.0,255048.72,8.0,97.546,1.0,,5,410.097,4,35,9,523,0.4417
12.576,14.845,0.0,1301.0,8.0,99.175,0.8,,0,-97.398,5,35,3,438,0.4406
13.16,19.177,0.0,1364.0,8.0,99.557,0.85,,2,-97.272,5,35,8,1072,0.4347
14.032,20.988,0.0,1416.76,8.0,99.686,0.9,,3,-97.166,5,35,9,913,0.4348
14.227,22.994,0.0,12632.86,8.0,99.845,0.95,,6,-74.734,5,35,9,734,0.4346
14.848,25.359,0.0,83485.02,8.0,99.424,1.0,,5,66.97,5,35,9,523,0.4417
12.392,15.059,0.0,965.53,8.0,99.374,0.8,,0,-98.069,6,35,2,353,0.4363
12.064,16.217,0.0,1042.7,8.0,99.73,0.85,,2,-97.915,6,35,6,753,0.4422
13.681,20.708,0.0,1188.39,8.0,99.807,0.9,,2,-97.623,6,35,8,866,0.4423
14.03,22.904,0.0,961.06,8.0,99.943,0.95,,4,-98.078,6,35,9,692,0.4263
14.848,25.359,0.0,12699.28,8.0,99.903,1.0,,5,-74.601,6,35,9,523,0.4417
12.36,15.233,0.0,777.84,8.0,99.459,0.8,,0,-98.444,7,35,2,331,0.4502
11.875,15.953,0.011,995.97,8.0,99.786,0.85,,2,-98.008,7,35,5,691,0.4515
12.319,15.345,0.0,1027.74,8.0,99.873,0.9,,0,-97.945,7,35,4,376,0.4468
13.764,23.021,0.0,953.45,8.0,99.839,0.95,,2,-98.093,7,35,8,673,0.4354
14.571,25.502,0.0,877.32,8.0,99.97,1.0,,3,-98.245,7,35,9,491,0.4338
13.343,15.171,0.0,869.45,8.0,99.327,0.8,,0,-98.261,8,35,1,179,0.4749
12.143,15.379,0.0,869.71,8.0,99.838,0.85,,0,-98.261,8,35,3,301,0.4551
12.245,15.119,0.0,869.97,8.0,99.915,0.9,,0,-98.26,8,35,3,296,0.4595
12.773,22.181,0.0,292.74,8.0,99.936,0.95,,2,-99.415,8,35,7,562,0.4484
13.222,24.58,0.0,847.66,8.0,99.887,1.0,,3,-98.305,8,35,7,399,0.4586
13.343,15.171,0.0,869.45,8.0,99.327,0.8,,0,-98.261,9,35,1,179,0.4749
12.143,15.379,0.0,869.71,8.0,99.838,0.85,,0,-98.261,9,35,3,301,0.4551
12.245,15.119,0.0,869.97,8.0,99.915,0.9,,0,-98.26,9,35,3,296,0.4595
12.773,22.181,0.0,292.74,8.0,99.936,0.95,,2,-99.415,9,35,7,562,0.4484
13.222,24.58,0.0,847.66,8.0,99.887,1.0,,3,-98.305,9,35,7,399,0.4586
13.343,15.171,0.0,869.45,8.0,99.327,0.8,,0,-98.261,10,35,1,179,0.4749
12.143,15.379,0.0,869.71,8.0,99.838,0.85,,0,-98.261,10,35,3,301,0.4551
12.245,15.119,0.0,869.97,8.0,99.915,0.9,,0,-98.26,10,35,3,296,0.4595
12.773,22.181,0.0,292.74,8.0,99.936,0.95,,2,-99.415,10,35,7,562,0.4484
13.222,24.58,0.0,847.66,8.0,99.887,1.0,,3,-98.305,10,35,7,399,0.4586
14.111,19.141,0.0,29072.98,8.0,75.954,0.8,,3,-41.854,1,40,9,1940,0.4294
13.991,20.085,0.0,77631.01,8.0,64.655,0.85,,5,55.262,1,40,9,1272,0.4316
14.304,21.33,0.0,112902.87,8.0,53.243,0.9,,6,125.806,1,40,9,982,0.4358
14.227,22.994,0.0,163173.99,8.0,58.74,0.95,,6,226.348,1,40,9,734,0.4346
14.848,25.359,0.0,192650.64,8.0,52.287,1.0,,7,285.301,1,40,9,523,0.4417
13.893,18.49,0.0391,3427.25,8.0,96.609,0.8,,1,-93.145,2,40,9,1790,0.4257
13.991,20.085,0.0,37133.04,8.0,90.088,0.85,,4,-25.734,2,40,9,1272,0.4316
14.304,21.33,0.0,99931.17,8.0,82.448,0.9,,6,99.862,2,40,9,982,0.4358
14.227,22.994,0.0,244938.28,8.0,86.235,0.95,,6,389.877,2,40,9,734,0.4346
14.848,25.359,0.0,387771.87,8.0,79.172,1.0,,7,675.544,2,40,9,523,0.4417
13.307,18.058,0.0371,2399.3,8.0,98.076,0.8,,1,-95.201,3,40,7,1561,0.4343
13.991,20.085,0.0,6763.89,8.0,98.235,0.85,,4,-86.472,3,40,9,1272,0.4316
14.304,21.33,0.0,38424.27,8.0,94.627,0.9,,4,-23.151,3,40,9,982,0.4358
14.227,22.994,0.0,177702.05,8.0,96.266,0.95,,6,255.404,3,40,9,734,0.4346
14.848,25.359,0.0,425219.07,8.0,91.763,1.0,,5,750.438,3,40,9,523,0.4417
12.327,14.464,0.0,1668.24,8.0,98.872,0.8,,0,-96.664,4,40,4,769,0.4486
13.533,19.229,0.0,1710.24,8.0,99.277,0.85,,3,-96.58,4,40,8,1121,0.4335
14.304,21.33,0.0,4829.26,8.0,99.135,0.9,,3,-90.341,4,40,9,982,0.4358
14.227,22.994,0.0,64709.98,8.0,99.201,0.95,,6,29.42,4,40,9,734,0.4346
14.848,25.359,0.0,255048.72,8.0,97.546,1.0,,5,410.097,4,40,9,523,0.4417
12.576,14.845,0.0,1301.0,8.0,99.175,0.8,,0,-97.398,5,40,3,438,0.4406
13.16,19.177,0.0,1364.0,8.0,99.557,0.85,,2,-97.272,5,40,8,1072,0.4347
14.032,20.988,0.0,1416.76,8.0,99.686,0.9,,3,-97.166,5,40,9,913,0.4348
14.227,22.994,0.0,12632.86,8.0,99.845,0.95,,6,-74.734,5,40,9,734,0.4346
14.848,25.359,0.0,83485.02,8.0,99.424,1.0,,5,66.97,5,40,9,523,0.4417
12.392,15.059,0.0,965.53,8.0,99.374,0.8,,0,-98.069,6,40,2,353,0.4363
12.064,16.217,0.0,1042.7,8.0,99.73,0.85,,2,-97.915,6,40,6,753,0.4422
13.681,20.708,0.0,1188.39,8.0,99.807,0.9,,2,-97.623,6,40,8,866,0.4423
14.03,22.904,0.0,961.06,8.0,99.943,0.95,,4,-98.078,6,40,9,692,0.4263
14.848,25.359,0.0,12699.28,8.0,99.903,1.0,,5,-74.601,6,40,9,523,0.4417
12.36,15.233,0.0,777.84,8.0,99.459,0.8,,0,-98.444,7,40,2,331,0.4502
11.875,15.953,0.011,995.97,8.0,99.786,0.85,,2,-98.008,7,40,5,691,0.4515
12.319,15.345,0.0,1027.74,8.0,99.873,0.9,,0,-97.945,7,40,4,376,0.4468
13.764,23.021,0.0,953.45,8.0,99.839,0.95,,2,-98.093,7,40,8,673,0.4354
14.571,25.502,0.0,877.32,8.0,99.97,1.0,,3,-98.245,7,40,9,491,0.4338
13.343,15.171,0.0,869.45,8.0,99.327,0.8,,0,-98.261,8,40,1,179,0.4749
12.143,15.379,0.0,869.71,8.0,99.838,0.85,,0,-98.261,8,40,3,301,0.4551
12.245,15.119,0.0,869.97,8.0,99.915,0.9,,0,-98.26,8,40,3,296,0.4595
12.773,22.181,0.0,292.74,8.0,99.936,0.95,,2,-99.415,8,40,7,562,0.4484
13.222,24.58,0.0,847.66,8.0,99.887,1.0,,3,-98.305,8,40,7,399,0.4586
13.343,15.171,0.0,869.45,8.0,99.327,0.8,,0,-98.261,9,40,1,179,0.4749
12.143,15.379,0.0,869.71,8.0,99.838,0.85,,0,-98.261,9,40,3,301,0.4551
12.245,15.119,0.0,869.97,8.0,99.915,0.9,,0,-98.26,9,40,3,296,0.4595
12.773,22.181,0.0,292.74,8.0,99.936,0.95,,2,-99.415,9,40,7,562,0.4484
13.222,24.58,0.0,847.66,8.0,99.887,1.0,,3,-98.305,9,40,7,399,0.4586
13.343,15.171,0.0,869.45,8.0,99.327,0.8,,0,-98.261,10,40,1,179,0.4749
12.143,15.379,0.0,869.71,8.0,99.838,0.85,,0,-98.261,10,40,3,301,0.4551
12.245,15.119,0.0,869.97,8.0,99.915,0.9,,0,-98.26,10,40,3,296,0.4595
12.773,22.181,0.0,292.74,8.0,99.936,0.95,,2,-99.415,10,40,7,562,0.4484
13.222,24.58,0.0,847.66,8.0,99.887,1.0,,3,-98.305,10,40,7,399,0.4586
14.111,19.141,0.0,29072.98,8.0,75.954,0.8,,3,-41.854,1,45,9,1940,0.4294
13.991,20.085,0.0,77631.01,8.0,64.655,0.85,,5,55.262,1,45,9,1272,0.4316
14.304,21.33,0.0,112902.87,8.0,53.243,0.9,,6,125.806,1,45,9,982,0.4358
14.227,22.994,0.0,163173.99,8.0,58.74,0.95,,6,226.348,1,45,9,734,0.4346
14.848,25.359,0.0,192650.64,8.0,52.287,1.0,,7,285.301,1,45,9,523,0.4417
13.893,18.49,0.0391,3427.25,8.0,96.609,0.8,,1,-93.145,2,45,9,1790,0.4257
13.991,20.085,0.0,37133.04,8.0,90.088,0.85,,4,-25.734,2,45,9,1272,0.4316
14.304,21.33,0.0,99931.17,8.0,82.448,0.9,,6,99.862,2,45,9,982,0.4358
14.227,22.994,0.0,244938.28,8.0,86.235,0.95,,6,389.877,2,45,9,734,0.4346
14.848,25.359,0.0,387771.87,8.0,79.172,1.0,,7,675.544,2,45,9,523,0.4417
13.307,18.058,0.0371,2399.3,8.0,98.076,0.8,,1,-95.201,3,45,7,1561,0.4343
13.991,20.085,0.0,6763.89,8.0,98.235,0.85,,4,-86.472,3,45,9,1272,0.4316
14.304,21.33,0.0,38424.27,8.0,94.627,0.9,,4,-23.151,3,45,9,982,0.4358
14.227,22.994,0.0,177702.05,8.0,96.266,0.95,,6,255.404,3,45,9,734,0.4346
14.848,25.359,0.0,425219.07,8.0,91.763,1.0,,5,750.438,3,45,9,523,0.4417
12.327,14.464,0.0,1668.24,8.0,98.872,0.8,,0,-96.664,4,45,4,769,0.4486
13.533,19.229,0.0,1710.24,8.0,99.277,0.85,,3,-96.58,4,45,8,1121,0.4335
14.304,21.33,0.0,4829.26,8.0,99.135,0.9,,3,-90.341,4,45,9,982,0.4358
14.227,22.994,0.0,64709.98,8.0,99.201,0.95,,6,29.42,4,45,9,734,0.4346
14.848,25.359,0.0,255048.72,8.0,97.546,1.0,,5,410.097,4,45,9,523,0.4417
12.576,14.845,0.0,1301.0,8.0,99.175,0.8,,0,-97.398,5,45,3,438,0.4406
13.16,19.177,0.0,1364.0,8.0,99.557,0.85,,2,-97.272,5,45,8,1072,0.4347
14.032,20.988,0.0,1416.76,8.0,99.686,0.9,,3,-97.166,5,45,9,913,0.4348
14.227,22.994,0.0,12632.86,8.0,99.845,0.95,,6,-74.734,5,45,9,734,0.4346
14.848,25.359,0.0,83485.02,8.0,99.424,1.0,,5,66.97,5,45,9,523,0.4417
12.392,15.059,0.0,965.53,8.0,99.374,0.8,,0,-98.069,6,45,2,353,0.4363
12.064,16.217,0.0,1042.7,8.0,99.73,0.85,,2,-97.915,6,45,6,753,0.4422
13.681,20.708,0.0,1188.39,8.0,99.807,0.9,,2,-97.623,6,45,8,866,0.4423
14.03,22.904,0.0,961.06,8.0,99.943,0.95,,4,-98.078,6,45,9,692,0.4263
14.848,25.359,0.0,12699.28,8.0,99.903,1.0,,5,-74.601,6,45,9,523,0.4417
12.36,15.233,0.0,777.84,8.0,99.459,0.8,,0,-98.444,7,45,2,331,0.4502
11.875,15.953,0.011,995.97,8.0,99.786,0.85,,2,-98.008,7,45,5,691,0.4515
12.319,15.345,0.0,1027.74,8.0,99.873,0.9,,0,-97.945,7,45,4,376,0.4468
13.764,23.021,0.0,953.45,8.0,99.839,0.95,,2,-98.093,7,45,8,673,0.4354
14.571,25.502,0.0,877.32,8.0,99.97,1.0,,3,-98.245,7,45,9,491,0.4338
13.343,15.171,0.0,869.45,8.0,99.327,0.8,,0,-98.261,8,45,1,179,0.4749
12.143,15.379,0.0,869.71,8.0,99.838,0.85,,0,-98.261,8,45,3,301,0.4551
12.245,15.119,0.0,869.97,8.0,99.915,0.9,,0,-98.26,8,45,3,296,0.4595
12.773,22.181,0.0,292.74,8.0,99.936,0.95,,2,-99.415,8,45,7,562,0.4484
13.222,24.58,0.0,847.66,8.0,99.887,1.0,,3,-98.305,8,45,7,399,0.4586
13.343,15.171,0.0,869.45,8.0,99.327,0.8,,0,-98.261,9,45,1,179,0.4749
12.143,15.379,0.0,869.71,8.0,99.838,0.85,,0,-98.261,9,45,3,301,0.4551
12.245,15.119,0.0,869.97,8.0,99.915,0.9,,0,-98.26,9,45,3,296,0.4595
12.773,22.181,0.0,292.74,8.0,99.936,0.95,,2,-99.415,9,45,7,562,0.4484
13.222,24.58,0.0,847.66,8.0,99.887,1.0,,3,-98.305,9,45,7,399,0.4586
13.343,15.171,0.0,869.45,8.0,99.327,0.8,,0,-98.261,10,45,1,179,0.4749
12.143,15.379,0.0,869.71,8.0,99.838,0.85,,0,-98.261,10,45,3,301,0.4551
12.245,15.119,0.0,869.97,8.0,99.915,0.9,,0,-98.26,10,45,3,296,0.4595
12.773,22.181,0.0,292.74,8.0,99.936,0.95,,2,-99.415,10,45,7,562,0.4484
13.222,24.58,0.0,847.66,8.0,99.887,1.0,,3,-98.305,10,45,7,399,0.4586
14.111,19.141,0.0,29072.98,8.0,75.954,0.8,,3,-41.854,1,50,9,1940,0.4294
13.991,20.085,0.0,77631.01,8.0,64.655,0.85,,5,55.262,1,50,9,1272,0.4316
14.304,21.33,0.0,112902.87,8.0,53.243,0.9,,6,125.806,1,50,9,982,0.4358
14.227,22.994,0.0,163173.99,8.0,58.74,0.95,,6,226.348,1,50,9,734,0.4346
14.848,25.359,0.0,192650.64,8.0,52.287,1.0,,7,285.301,1,50,9,523,0.4417
13.893,18.49,0.0391,3427.25,8.0,96.609,0.8,,1,-93.145,2,50,9,1790,0.4257
13.991,20.085,0.0,37133.04,8.0,90.088,0.85,,4,-25.734,2,50,9,1272,0.4316
14.304,21.33,0.0,99931.17,8.0,82.448,0.9,,6,99.862,2,50,9,982,0.4358
14.227,22.994,0.0,244938.28,8.0,86.235,0.95,,6,389.877,2,50,9,734,0.4346
14.848,25.359,0.0,387771.87,8.0,79.172,1.0,,7,675.544,2,50,9,523,0.4417
13.307,18.058,0.0371,2399.3,8.0,98.076,0.8,,1,-95.201,3,50,7,1561,0.4343
13.991,20.085,0.0,6763.89,8.0,98.235,0.85,,4,-86.472,3,50,9,1272,0.4316
14.304,21.33,0.0,38424.27,8.0,94.627,0.9,,4,-23.151,3,50,9,982,0.4358
14.227,22.994,0.0,177702.05,8.0,96.266,0.95,,6,255.404,3,50,9,734,0.4346
14.848,25.359,0.0,425219.07,8.0,91.763,1.0,,5,750.438,3,50,9,523,0.4417
12.327,14.464,0.0,1668.24,8.0,98.872,0.8,,0,-96.664,4,50,4,769,0.4486
13.533,19.229,0.0,1710.24,8.0,99.277,0.85,,3,-96.58,4,50,8,1121,0.4335
14.304,21.33,0.0,4829.26,8.0,99.135,0.9,,3,-90.341,4,50,9,982,0.4358
14.227,22.994,0.0,64709.98,8.0,99.201,0.95,,6,29.42,4,50,9,734,0.4346
14.848,25.359,0.0,255048.72,8.0,97.546,1.0,,5,410.097,4,50,9,523,0.4417
12.576,14.845,0.0,1301.0,8.0,99.175,0.8,,0,-97.398,5,50,3,438,0.4406
13.16,19.177,0.0,1364.0,8.0,99.557,0.85,,2,-97.272,5,50,8,1072,0.4347
14.032,20.988,0.0,1416.76,8.0,99.686,0.9,,3,-97.166,5,50,9,913,0.4348
14.227,22.994,0.0,12632.86,8.0,99.845,0.95,,6,-74.734,5,50,9,734,0.4346
14.848,25.359,0.0,83485.02,8.0,99.424,1.0,,5,66.97,5,50,9,523,0.4417
12.392,15.059,0.0,965.53,8.0,99.374,0.8,,0,-98.069,6,50,2,353,0.4363
12.064,16.217,0.0,1042.7,8.0,99.73,0.85,,2,-97.915,6,50,6,753,0.4422
13.681,20.708,0.0,1188.39,8.0,99.807,0.9,,2,-97.623,6,50,8,866,0.4423
14.03,22.904,0.0,961.06,8.0,99.943,0.95,,4,-98.078,6,50,9,692,0.4263
14.848,25.359,0.0,12699.28,8.0,99.903,1.0,,5,-74.601,6,50,9,523,0.4417
12.36,15.233,0.0,777.84,8.0,99.459,0.8,,0,-98.444,7,50,2,331,0.4502
11.875,15.953,0.011,995.97,8.0,99.786,0.85,,2,-98.008,7,50,5,691,0.4515
12.319,15.345,0.0,1027.74,8.0,99.873,0.9,,0,-97.945,7,50,4,376,0.4468
13.764,23.021,0.0,953.45,8.0,99.839,0.95,,2,-98.093,7,50,8,673,0.4354
14.571,25.502,0.0,877.32,8.0,99.97,1.0,,3,-98.245,7,50,9,491,0.4338
13.343,15.171,0.0,869.45,8.0,99.327,0.8,,0,-98.261,8,50,1,179,0.4749
12.143,15.379,0.0,869.71,8.0,99.838,0.85,,0,-98.261,8,50,3,301,0.4551
12.245,15.119,0.0,869.97,8.0,99.915,0.9,,0,-98.26,8,50,3,296,0.4595
12.773,22.181,0.0,292.74,8.0,99.936,0.95,,2,-99.415,8,50,7,562,0.4484
13.222,24.58,0.0,847.66,8.0,99.887,1.0,,3,-98.305,8,50,7,399,0.4586
13.343,15.171,0.0,869.45,8.0,99.327,0.8,,0,-98.261,9,50,1,179,0.4749
12.143,15.379,0.0,869.71,8.0,99.838,0.85,,0,-98.261,9,50,3,301,0.4551
12.245,15.119,0.0,869.97,8.0,99.915,0.9,,0,-98.26,9,50,3,296,0.4595
12.773,22.181,0.0,292.74,8.0,99.936,0.95,,2,-99.415,9,50,7,562,0.4484
13.222,24.58,0.0,847.66,8.0,99.887,1.0,,3,-98.305,9,50,7,399,0.4586
13.343,15.171,0.0,869.45,8.0,99.327,0.8,,0,-98.261,10,50,1,179,0.4749
12.143,15.379,0.0,869.71,8.0,99.838,0.85,,0,-98.261,10,50,3,301,0.4551
12.245,15.119,0.0,869.97,8.0,99.915,0.9,,0,-98.26,10,50,3,296,0.4595
12.773,22.181,0.0,292.74,8.0,99.936,0.95,,2,-99.415,10,50,7,562,0.4484
13.222,24.58,0.0,847.66,8.0,99.887,1.0,,3,-98.305,10,50,7,399,0.4586
14.111,19.141,0.0,29072.98,8.0,75.954,0.8,,3,-41.854,1,55,9,1940,0.4294
13.991,20.085,0.0,77631.01,8.0,64.655,0.85,,5,55.262,1,55,9,1272,0.4316
14.304,21.33,0.0,112902.87,8.0,53.243,0.9,,6,125.806,1,55,9,982,0.4358
14.227,22.994,0.0,163173.99,8.0,58.74,0.95,,6,226.348,1,55,9,734,0.4346
14.848,25.359,0.0,192650.64,8.0,52.287,1.0,,7,285.301,1,55,9,523,0.4417
13.893,18.49,0.0391,3427.25,8.0,96.609,0.8,,1,-93.145,2,55,9,1790,0.4257
13.991,20.085,0.0,37133.04,8.0,90.088,0.85,,4,-25.734,2,55,9,1272,0.4316
14.304,21.33,0.0,99931.17,8.0,82.448,0.9,,6,99.862,2,55,9,982,0.4358
14.227,22.994,0.0,244938.28,8.0,86.235,0.95,,6,389.877,2,55,9,734,0.4346
14.848,25.359,0.0,387771.87,8.0,79.172,1.0,,7,675.544,2,55,9,523,0.4417
13.307,18.058,0.0371,2399.3,8.0,98.076,0.8,,1,-95.201,3,55,7,1561,0.4343
13.991,20.085,0.0,6763.89,8.0,98.235,0.85,,4,-86.472,3,55,9,1272,0.4316
14.304,21.33,0.0,38424.27,8.0,94.627,0.9,,4,-23.151,3,55,9,982,0.4358
14.227,22.994,0.0,177702.05,8.0,96.266,0.95,,6,255.404,3,55,9,734,0.4346
14.848,25.359,0.0,425219.07,8.0,91.763,1.0,,5,750.438,3,55,9,523,0.4417
12.327,14.464,0.0,1668.24,8.0,98.872,0.8,,0,-96.664,4,55,4,769,0.4486
13.533,19.229,0.0,1710.24,8.0,99.277,0.85,,3,-96.58,4,55,8,1121,0.4335
14.304,21.33,0.0,4829.26,8.0,99.135,0.9,,3,-90.341,4,55,9,982,0.4358
14.227,22.994,0.0,64709.98,8.0,99.201,0.95,,6,29.42,4,55,9,734,0.4346
14.848,25.359,0.0,255048.72,8.0,97.546,1.0,,5,410.097,4,55,9,523,0.4417
12.576,14.845,0.0,1301.0,8.0,99.175,0.8,,0,-97.398,5,55,3,438,0.4406
13.16,19.177,0.0,1364.0,8.0,99.557,0.85,,2,-97.272,5,55,8,1072,0.4347
14.032,20.988,0.0,1416.76,8.0,99.686,0.9,,3,-97.166,5,55,9,913,0.4348
14.227,22.994,0.0,12632.86,8.0,99.845,0.95,,6,-74.734,5,55,9,734,0.4346
14.848,25.359,0.0,83485.02,8.0,99.424,1.0,,5,66.97,5,55,9,523,0.4417
12.392,15.059,0.0,965.53,8.0,99.374,0.8,,0,-98.069,6,55,2,353,0.4363
12.064,16.217,0.0,1042.7,8.0,99.73,0.85,,2,-97.915,6,55,6,753,0.4422
13.681,20.708,0.0,1188.39,8.0,99.807,0.9,,2,-97.623,6,55,8,866,0.4423
14.03,22.904,0.0,961.06,8.0,99.943,0.95,,4,-98.078,6,55,9,692,0.4263
14.848,25.359,0.0,12699.28,8.0,99.903,1.0,,5,-74.601,6,55,9,523,0.4417
12.36,15.233,0.0,777.84,8.0,99.459,0.8,,0,-98.444,7,55,2,331,0.4502
11.875,15.953,0.011,995.97,8.0,99.786,0.85,,2,-98.008,7,55,5,691,0.4515
12.319,15.345,0.0,1027.74,8.0,99.873,0.9,,0,-97.945,7,55,4,376,0.4468
13.764,23.021,0.0,953.45,8.0,99.839,0.95,,2,-98.093,7,55,8,673,0.4354
14.571,25.502,0.0,877.32,8.0,99.97,1.0,,3,-98.245,7,55,9,491,0.4338
13.343,15.171,0.0,869.45,8.0,99.327,0.8,,0,-98.261,8,55,1,179,0.4749
12.143,15.379,0.0,869.71,8.0,99.838,0.85,,0,-98.261,8,55,3,301,0.4551
12.245,15.119,0.0,869.97,8.0,99.915,0.9,,0,-98.26,8,55,3,296,0.4595
12.773,22.181,0.0,292.74,8.0,99.936,0.95,,2,-99.415,8,55,7,562,0.4484
13.222,24.58,0.0,847.66,8.0,99.887,1.0,,3,-98.305,8,55,7,399,0.4586
13.343,15.171,0.0,869.45,8.0,99.327,0.8,,0,-98.261,9,55,1,179,0.4749
12.143,15.379,0.0,869.71,8.0,99.838,0.85,,0,-98.261,9,55,3,301,0.4551
12.245,15.119,0.0,869.97,8.0,99.915,0.9,,0,-98.26,9,55,3,296,0.4595
12.773,22.181,0.0,292.74,8.0,99.936,0.95,,2,-99.415,9,55,7,562,0.4484
13.222,24.58,0.0,847.66,8.0,99.887,1.0,,3,-98.305,9,55,7,399,0.4586
13.343,15.171,0.0,869.45,8.0,99.327,0.8,,0,-98.261,10,55,1,179,0.4749
12.143,15.379,0.0,869.71,8.0,99.838,0.85,,0,-98.261,10,55,3,301,0.4551
12.245,15.119,0.0,869.97,8.0,99.915,0.9,,0,-98.26,10,55,3,296,0.4595
12.773,22.181,0.0,292.74,8.0,99.936,0.95,,2,-99.415,10,55,7,562,0.4484
13.222,24.58,0.0,847.66,8.0,99.887,1.0,,3,-98.305,10,55,7,399,0.4586
14.111,19.141,0.0,29072.98,8.0,75.954,0.8,,3,-41.854,1,60,9,1940,0.4294
13.991,20.085,0.0,77631.01,8.0,64.655,0.85,,5,55.262,1,60,9,1272,0.4316
14.304,21.33,0.0,112902.87,8.0,53.243,0.9,,6,125.806,1,60,9,982,0.4358
14.227,22.994,0.0,163173.99,8.0,58.74,0.95,,6,226.348,1,60,9,734,0.4346
14.848,25.359,0.0,192650.64,8.0,52.287,1.0,,7,285.301,1,60,9,523,0.4417
13.893,18.49,0.0391,3427.25,8.0,96.609,0.8,,1,-93.145,2,60,9,1790,0.4257
13.991,20.085,0.0,37133.04,8.0,90.088,0.85,,4,-25.734,2,60,9,1272,0.4316
14.304,21.33,0.0,99931.17,8.0,82.448,0.9,,6,99.862,2,60,9,982,0.4358
14.227,22.994,0.0,244938.28,8.0,86.235,0.95,,6,389.877,2,60,9,734,0.4346
14.848,25.359,0.0,387771.87,8.0,79.172,1.0,,7,675.544,2,60,9,523,0.4417
13.307,18.058,0.0371,2399.3,8.0,98.076,0.8,,1,-95.201,3,60,7,1561,0.4343
13.991,20.085,0.0,6763.89,8.0,98.235,0.85,,4,-86.472,3,60,9,1272,0.4316
14.304,21.33,0.0,38424.27,8.0,94.627,0.9,,4,-23.151,3,60,9,982,0.4358
14.227,22.994,0.0,177702.05,8.0,96.266,0.95,,6,255.404,3,60,9,734,0.4346
14.848,25.359,0.0,425219.07,8.0,91.763,1.0,,5,750.438,3,60,9,523,0.4417
12.327,14.464,0.0,1668.24,8.0,98.872,0.8,,0,-96.664,4,60,4,769,0.4486
13.533,19.229,0.0,1710.24,8.0,99.277,0.85,,3,-96.58,4,60,8,1121,0.4335
14.304,21.33,0.0,4829.26,8.0,99.135,0.9,,3,-90.341,4,60,9,982,0.4358
14.227,22.994,0.0,64709.98,8.0,99.201,0.95,,6,29.42,4,60,9,734,0.4346
14.848,25.359,0.0,255048.72,8.0,97.546,1.0,,5,410.097,4,60,9,523,0.4417
12.576,14.845,0.0,1301.0,8.0,99.175,0.8,,0,-97.398,5,60,3,438,0.4406
13.16,19.177,0.0,1364.0,8.0,99.557,0.85,,2,-97.272,5,60,8,1072,0.4347
14.032,20.988,0.0,1416.76,8.0,99.686,0.9,,3,-97.166,5,60,9,913,0.4348
14.227,22.994,0.0,12632.86,8.0,99.845,0.95,,6,-74.734,5,60,9,734,0.4346
14.848,25.359,0.0,83485.02,8.0,99.424,1.0,,5,66.97,5,60,9,523,0.4417
12.392,15.059,0.0,965.53,8.0,99.374,0.8,,0,-98.069,6,60,2,353,0.4363
12.064,16.217,0.0,1042.7,8.0,99.73,0.85,,2,-97.915,6,60,6,753,0.4422
13.681,20.708,0.0,1188.39,8.0,99.807,0.9,,2,-97.623,6,60,8,866,0.4423
14.03,22.904,0.0,961.06,8.0,99.943,0.95,,4,-98.078,6,60,9,692,0.4263
14.848,25.359,0.0,12699.28,8.0,99.903,1.0,,5,-74.601,6,60,9,523,0.4417
12.36,15.233,0.0,777.84,8.0,99.459,0.8,,0,-98.444,7,60,2,331,0.4502
11.875,15.953,0.011,995.97,8.0,99.786,0.85,,2,-98.008,7,60,5,691,0.4515
12.319,15.345,0.0,1027.74,8.0,99.873,0.9,,0,-97.945,7,60,4,376,0.4468
13.764,23.021,0.0,953.45,8.0,99.839,0.95,,2,-98.093,7,60,8,673,0.4354
14.571,25.502,0.0,877.32,8.0,99.97,1.0,,3,-98.245,7,60,9,491,0.4338
13.343,15.171,0.0,869.45,8.0,99.327,0.8,,0,-98.261,8,60,1,179,0.4749
12.143,15.379,0.0,869.71,8.0,99.838,0.85,,0,-98.261,8,60,3,301,0.4551
12.245,15.119,0.0,869.97,8.0,99.915,0.9,,0,-98.26,8,60,3,296,0.4595
12.773,22.181,0.0,292.74,8.0,99.936,0.95,,2,-99.415,8,60,7,562,0.4484
13.222,24.58,0.0,847.66,8.0,99.887,1.0,,3,-98.305,8,60,7,399,0.4586
13.343,15.171,0.0,869.45,8.0,99.327,0.8,,0,-98.261,9,60,1,179,0.4749
12.143,15.379,0.0,869.71,8.0,99.838,0.85,,0,-98.261,9,60,3,301,0.4551
12.245,15.119,0.0,869.97,8.0,99.915,0.9,,0,-98.26,9,60,3,296,0.4595
12.773,22.181,0.0,292.74,8.0,99.936,0.95,,2,-99.415,9,60,7,562,0.4484
13.222,24.58,0.0,847.66,8.0,99.887,1.0,,3,-98.305,9,60,7,399,0.4586
13.343,15.171,0.0,869.45,8.0,99.327,0.8,,0,-98.261,10,60,1,179,0.4749
12.143,15.379,0.0,869.71,8.0,99.838,0.85,,0,-98.261,10,60,3,301,0.4551
12.245,15.119,0.0,869.97,8.0,99.915,0.9,,0,-98.26,10,60,3,296,0.4595
12.773,22.181,0.0,292.74,8.0,99.936,0.95,,2,-99.415,10,60,7,562,0.4484
13.222,24.58,0.0,847.66,8.0,99.887,1.0,,3,-98.305,10,60,7,399,0.4586
14.321,19.101,0.0202,28361.86,8.5,75.651,0.8,,3,-43.276,1,5,9,1936,0.4313
14.183,20.08,0.0,63973.14,8.5,64.589,0.85,,5,27.946,1,5,9,1270,0.4331
14.498,21.32,0.0,108031.66,8.5,53.691,0.9,,6,116.063,1,5,9,980,0.4378
14.437,22.975,0.0,148429.36,8.5,58.385,0.95,,6,196.859,1,5,9,733,0.4366
14.964,25.443,0.0,173338.51,8.5,50.927,1.0,,7,246.677,1,5,9,522,0.4406
14.045,18.449,0.0386,2978.64,8.5,97.191,0.8,,1,-94.043,2,5,9,1784,0.4283
14.183,20.08,0.0,35582.71,8.5,90.348,0.85,,4,-28.835,2,5,9,1270,0.4331
14.498,21.32,0.0,96573.27,8.5,82.869,0.9,,4,93.147,2,5,9,980,0.4378
14.437,22.975,0.0,223220.34,8.5,85.853,0.95,,6,346.441,2,5,9,733,0.4366
14.964,25.443,0.0,335028.27,8.5,77.696,1.0,,6,570.057,2,5,9,522,0.4406
13.411,18.032,0.0467,2475.43,8.5,98.255,0.8,,1,-95.049,3,5,7,1558,0.4358
14.183,20.08,0.0,8266.7,8.5,97.722,0.85,,4,-83.467,3,5,9,1270,0.4331
14.498,21.32,0.0,38466.54,8.5,94.8,0.9,,4,-23.067,3,5,9,980,0.4378
14.437,22.975,0.0,162711.2,8.5,96.013,0.95,,6,225.422,3,5,9,733,0.4366
14.964,25.443,0.0,382641.31,8.5,90.529,1.0,,5,665.283,3,5,9,522,0.4406
12.377,14.396,0.0,1876.93,8.5,98.904,0.8,,0,-96.246,4,5,4,770,0.4506
13.704,19.226,0.0,1796.07,8.5,99.292,0.85,,3,-96.408,4,5,8,1119,0.4352
14.498,21.32,0.0,9892.62,8.5,98.529,0.9,,4,-80.215,4,5,9,980,0.4378
14.437,22.975,0.0,67488.28,8.5,99.069,0.95,,6,34.977,4,5,9,733,0.4366
14.964,25.443,0.0,248896.77,8.5,96.891,1.0,,5,397.794,4,5,9,522,0.4406
12.522,14.533,0.0,1497.88,8.5,99.252,0.8,,0,-97.004,5,5,3,619,0.4507
13.345,19.173,0.0,1415.45,8.5,99.588,0.85,,3,-97.169,5,5,8,1071,0.436
14.183,20.978,0.0,1509.69,8.5,99.68,0.9,,3,-96.981,5,5,9,912,0.4364
14.437,22.975,0.0,15543.99,8.5,99.812,0.95,,6,-68.912,5,5,9,733,0.4366
14.964,25.443,0.0,95479.17,8.5,99.168,1.0,,5,90.958,5,5,9,522,0.4406
12.572,14.904,0.0,1168.44,8.5,99.458,0.8,,0,-97.663,6,5,3,421,0.4466
12.199,16.221,0.0,1222.77,8.5,99.723,0.85,,2,-97.554,6,5,6,751,0.4447
13.84,20.65,0.0,1209.65,8.5,99.813,0.9,,2,-97.581,6,5,8,866,0.4446
14.437,22.975,0.0,4039.93,8.5,99.927,0.95,,3,-91.92,6,5,9,733,0.4366
14.964,25.443,0.0,20544.09,8.5,99.818,1.0,,5,-58.912,6,5,9,522,0.4406
12.377,15.252,0.0,1007.53,8.5,99.531,0.8,,0,-97.985,7,5,2,338,0.4438
12.085,16.197,0.0232,956.6,8.5,99.828,0.85,,1,-98.087,7,5,5,736,0.447
12.351,15.171,0.0,832.96,8.5,99.905,0.9,,1,-98.334,7,5,5,474,0.4578
14.056,22.949,0.0,925.36,8.5,99.906,0.95,,2,-98.149,7,5,9,677,0.4357
14.964,25.443,0.0,3135.09,8.5,99.957,1.0,,4,-93.73,7,5,9,522,0.4406
12.879,14.846,0.0,796.48,8.5,99.595,0.8,,0,-98.407,8,5,2,234,0.453
11.952,15.61,0.0,879.16,8.5,99.869,0.85,,1,-98.242,8,5,5,630,0.4619
12.485,14.94,0.0,888.61,8.5,99.922,0.9,,0,-98.223,8,5,3,303,0.4587
13.803,22.947,0.0,415.06,8.5,99.923,0.95,,2,-99.17,8,5,8,647,0.442
14.391,25.595,0.0,948.46,8.5,99.921,1.0,,3,-98.103,8,5,9,486,0.4362
13.401,15.125,0.0,886.78,8.5,99.522,0.8,,0,-98.226,9,5,2,181,0.4751
12.111,15.303,0.0,808.55,8.5,99.889,0.85,,0,-98.383,9,5,3,303,0.4554
12.244,15.07,0.0,829.55,8.5,99.935,0.9,,0,-98.341,9,5,3,297,0.4613
12.889,22.16,0.0,209.26,8.5,99.964,0.95,,2,-99.581,9,5,7,561,0.451
13.314,24.683,0.0,465.46,8.5,99.945,1.0,,3,-99.069,9,5,7,398,0.4573
13.401,15.125,0.0,886.78,8.5,99.522,0.8,,0,-98.226,10,5,2,181,0.4751
12.111,15.303,0.0,808.55,8.5,99.889,0.85,,0,-98.383,10,5,3,303,0.4554
12.244,15.07,0.0,829.55,8.5,99.935,0.9,,0,-98.341,10,5,3,297,0.4613
12.889,22.16,0.0,209.26,8.5,99.964,0.95,,2,-99.581,10,5,7,561,0.451
13.314,24.683,0.0,465.46,8.5,99.945,1.0,,3,-99.069,10,5,7,398,0.4573
14.444,19.074,0.0191,27475.93,8.5,75.955,0.8,,3,-45.048,1,10,9,1936,0.4329
14.347,20.003,0.0,63452.34,8.5,64.874,0.85,,5,26.905,1,10,9,1270,0.4354
14.669,21.251,0.0,103267.02,8.5,53.413,0.9,,6,106.534,1,10,9,980,0.4398
14.612,22.873,0.0,147249.69,8.5,58.007,0.95,,6,194.499,1,10,9,733,0.4393
15.18,25.279,0.0,172727.94,8.5,51.024,1.0,,7,245.456,1,10,9,522,0.4444
14.177,18.422,0.0385,2961.31,8.5,97.09,0.8,,1,-94.077,2,10,9,1784,0.4299
14.347,20.003,0.0,30990.27,8.5,89.868,0.85,,4,-38.019,2,10,9,1270,0.4354
14.669,21.251,0.0,83209.92,8.5,82.519,0.9,,5,66.42,2,10,9,980,0.4398
14.612,22.873,0.0,203706.88,8.5,85.935,0.95,,6,307.414,2,10,9,733,0.4393
15.18,25.279,0.0,317597.22,8.5,77.781,1.0,,5,535.194,2,10,9,522,0.4444
13.556,18.004,0.0429,2493.01,8.5,98.092,0.8,,1,-95.014,3,10,7,1559,0.4375
14.347,20.003,0.0,6504.54,8.5,97.98,0.85,,4,-86.991,3,10,9,1270,0.4354
14.669,21.251,0.0,33209.19,8.5,94.783,0.9,,4,-33.582,3,10,9,980,0.4398
14.612,22.873,0.0,148735.7,8.5,96.008,0.95,,6,197.471,3,10,9,733,0.4393
15.18,25.279,0.0,351307.47,8.5,90.497,1.0,,5,602.615,3,10,9,522,0.4444
12.582,14.399,0.0,1849.63,8.5,98.825,0.8,,0,-96.301,4,10,4,769,0.4538
13.771,19.144,0.0,1898.71,8.5,99.184,0.85,,3,-96.203,4,10,8,1116,0.4391
14.669,21.251,0.0,6711.12,8.5,98.827,0.9,,4,-86.578,4,10,9,980,0.4398
14.612,22.873,0.0,58753.59,8.5,99.057,0.95,,6,17.507,4,10,9,733,0.4393
15.18,25.279,0.0,223122.69,8.5,96.884,1.0,,5,346.245,4,10,9,522,0.4444
12.774,14.585,0.0,1520.45,8.5,99.125,0.8,,0,-96.959,5,10,3,616,0.4545
13.52,19.088,0.0,1465.32,8.5,99.519,0.85,,3,-97.069,5,10,8,1070,0.4393
14.386,20.905,0.0,1517.56,8.5,99.655,0.9,,3,-96.965,5,10,9,910,0.4396
14.612,22.873,0.0,13714.36,8.5,99.792,0.95,,6,-72.571,5,10,9,733,0.4393
15.18,25.279,0.0,83583.2,8.5,99.157,1.0,,5,67.166,5,10,9,522,0.4444
12.667,14.968,0.0,1031.94,8.5,99.425,0.8,,0,-97.936,6,10,2,353,0.4419
12.413,16.129,0.0,1242.72,8.5,99.676,0.85,,2,-97.515,6,10,6,751,0.4487
13.891,20.493,0.0,1174.74,8.5,99.802,0.9,,2,-97.651,6,10,8,832,0.4471
14.422,22.774,0.0,1176.58,8.5,99.93,0.95,,4,-97.647,6,10,9,691,0.4313
15.18,25.279,0.0,17721.16,8.5,99.816,1.0,,5,-64.558,6,10,9,522,0.4444
12.661,15.138,0.0,977.6,8.5,99.453,0.8,,0,-98.045,7,10,2,331,0.4562
12.25,15.862,0.0296,1067.9,8.5,99.774,0.85,,2,-97.864,7,10,5,689,0.4586
12.539,14.992,0.0,1058.45,8.5,99.867,0.9,,1,-97.883,7,10,4,394,0.4569
14.19,22.838,0.0,941.38,8.5,99.87,0.95,,2,-98.117,7,10,9,676,0.4393
14.918,25.416,0.0,1058.45,8.5,99.959,1.0,,4,-97.883,7,10,9,491,0.4358
13.67,14.822,0.0,879.69,8.5,99.446,0.8,,0,-98.241,8,10,2,191,0.4712
12.347,15.262,0.0,942.16,8.5,99.83,0.85,,0,-98.116,8,10,3,404,0.4629
12.733,14.888,0.0,854.49,8.5,99.916,0.9,,0,-98.291,8,10,3,302,0.4636
13.677,23.032,0.0,932.19,8.5,99.821,0.95,,2,-98.136,8,10,8,617,0.4457
14.625,25.416,0.0,931.4,8.5,99.906,1.0,,3,-98.137,8,10,9,485,0.4412
13.834,15.006,0.0,862.63,8.5,99.423,0.8,,0,-98.275,9,10,2,181,0.4807
12.381,15.344,0.0,882.84,8.5,99.85,0.85,,0,-98.234,9,10,3,299,0.4615
12.557,15.016,0.0,759.46,8.5,99.933,0.9,,0,-98.481,9,10,3,295,0.4678
13.114,22.037,0.0,779.15,8.5,99.862,0.95,,2,-98.442,9,10,7,561,0.4545
13.59,24.484,0.0,659.97,8.5,99.92,1.0,,3,-98.68,9,10,7,398,0.4623
13.834,15.006,0.0,862.63,8.5,99.423,0.8,,0,-98.275,10,10,2,181,0.4807
12.381,15.344,0.0,882.84,8.5,99.85,0.85,,0,-98.234,10,10,3,299,0.4615
12.557,15.016,0.0,759.46,8.5,99.933,0.9,,0,-98.481,10,10,3,295,0.4678
13.114,22.037,0.0,779.15,8.5,99.862,0.95,,2,-98.442,10,10,7,561,0.4545
13.59,24.484,0.0,659.97,8.5,99.92,1.0,,3,-98.68,10,10,7,398,0.4623
14.444,19.074,0.0191,27475.93,8.5,75.955,0.8,,3,-45.048,1,15,9,1936,0.4329
14.347,20.003,0.0,63452.34,8.5,64.874,0.85,,5,26.905,1,15,9,1270,0.4354
14.669,21.251,0.0,103267.02,8.5,53.413,0.9,,6,106.534,1,15,9,980,0.4398
14.612,22.873,0.0,147249.69,8.5,58.007,0.95,,6,194.499,1,15,9,733,0.4393
15.18,25.279,0.0,172727.94,8.5,51.024,1.0,,7,245.456,1,15,9,522,0.4444
14.177,18.422,0.0385,2961.31,8.5,97.09,0.8,,1,-94.077,2,15,9,1784,0.4299
14.347,20.003,0.0,30990.27,8.5,89.868,0.85,,4,-38.019,2,15,9,1270,0.4354
14.669,21.251,0.0,83209.92,8.5,82.519,0.9,,5,66.42,2,15,9,980,0.4398
14.612,22.873,0.0,203706.88,8.5,85.935,0.95,,6,307.414,2,15,9,733,0.4393
15.18,25.279,0.0,317597.22,8.5,77.781,1.0,,5,535.194,2,15,9,522,0.4444
13.556,18.004,0.0429,2493.01,8.5,98.092,0.8,,1,-95.014,3,15,7,1559,0.4375
14.347,20.003,0.0,6504.54,8.5,97.98,0.85,,4,-86.991,3,15,9,1270,0.4354
14.669,21.251,0.0,33209.19,8.5,94.783,0.9,,4,-33.582,3,15,9,980,0.4398
14.612,22.873,0.0,148735.7,8.5,96.008,0.95,,6,197.471,3,15,9,733,0.4393
15.18,25.279,0.0,351307.47,8.5,90.497,1.0,,5,602.615,3,15,9,522,0.4444
12.582,14.399,0.0,1849.63,8.5,98.825,0.8,,0,-96.301,4,15,4,769,0.4538
13.771,19.144,0.0,1898.71,8.5,99.184,0.85,,3,-96.203,4,15,8,1116,0.4391
14.669,21.251,0.0,6711.12,8.5,98.827,0.9,,4,-86.578,4,15,9,980,0.4398
14.612,22.873,0.0,58753.59,8.5,99.057,0.95,,6,17.507,4,15,9,733,0.4393
15.18,25.279,0.0,223122.69,8.5,96.884,1.0,,5,346.245,4,15,9,522,0.4444
12.774,14.585,0.0,1520.45,8.5,99.125,0.8,,0,-96.959,5,15,3,616,0.4545
13.52,19.088,0.0,1465.32,8.5,99.519,0.85,,3,-97.069,5,15,8,1070,0.4393
14.386,20.905,0.0,1517.56,8.5,99.655,0.9,,3,-96.965,5,15,9,910,0.4396
14.612,22.873,0.0,13714.36,8.5,99.792,0.95,,6,-72.571,5,15,9,733,0.4393
15.18,25.279,0.0,83583.2,8.5,99.157,1.0,,5,67.166,5,15,9,522,0.4444
12.667,14.968,0.0,1031.94,8.5,99.425,0.8,,0,-97.936,6,15,2,353,0.4419
12.413,16.129,0.0,1242.72,8.5,99.676,0.85,,2,-97.515,6,15,6,751,0.4487
13.891,20.493,0.0,1174.74,8.5,99.802,0.9,,2,-97.651,6,15,8,832,0.4471
14.422,22.774,0.0,1176.58,8.5,99.93,0.95,,4,-97.647,6,15,9,691,0.4313
15.18,25.279,0.0,17721.16,8.5,99.816,1.0,,5,-64.558,6,15,9,522,0.4444
12.661,15.138,0.0,977.6,8.5,99.453,0.8,,0,-98.045,7,15,2,331,0.4562
12.25,15.862,0.0296,1067.9,8.5,99.774,0.85,,2,-97.864,7,15,5,689,0.4586
12.539,14.992,0.0,1058.45,8.5,99.867,0.9,,1,-97.883,7,15,4,394,0.4569
14.19,22.838,0.0,941.38,8.5,99.87,0.95,,2,-98.117,7,15,9,676,0.4393
14.918,25.416,0.0,1058.45,8.5,99.959,1.0,,4,-97.883,7,15,9,491,0.4358
13.67,14.822,0.0,879.69,8.5,99.446,0.8,,0,-98.241,8,15,2,191,0.4712
12.347,15.262,0.0,942.16,8.5,99.83,0.85,,0,-98.116,8,15,3,404,0.4629
12.733,14.888,0.0,854.49,8.5,99.916,0.9,,0,-98.291,8,15,3,302,0.4636
13.677,23.032,0.0,932.19,8.5,99.821,0.95,,2,-98.136,8,15,8,617,0.4457
14.625,25.416,0.0,931.4,8.5,99.906,1.0,,3,-98.137,8,15,9,485,0.4412
13.834,15.006,0.0,862.63,8.5,99.423,0.8,,0,-98.275,9,15,2,181,0.4807
12.381,15.344,0.0,882.84,8.5,99.85,0.85,,0,-98.234,9,15,3,299,0.4615
12.557,15.016,0.0,759.46,8.5,99.933,0.9,,0,-98.481,9,15,3,295,0.4678
13.114,22.037,0.0,779.15,8.5,99.862,0.95,,2,-98.442,9,15,7,561,0.4545
13.59,24.484,0.0,659.97,8.5,99.92,1.0,,3,-98.68,9,15,7,398,0.4623
13.834,15.006,0.0,862.63,8.5,99.423,0.8,,0,-98.275,10,15,2,181,0.4807
12.381,15.344,0.0,882.84,8.5,99.85,0.85,,0,-98.234,10,15,3,299,0.4615
12.557,15.016,0.0,759.46,8.5,99.933,0.9,,0,-98.481,10,15,3,295,0.4678
13.114,22.037,0.0,779.15,8.5,99.862,0.95,,2,-98.442,10,15,7,561,0.4545
13.59,24.484,0.0,659.97,8.5,99.92,1.0,,3,-98.68,10,15,7,398,0.4623
14.444,19.074,0.0191,27475.93,8.5,75.955,0.8,,3,-45.048,1,20,9,1936,0.4329
14.347,20.003,0.0,63452.34,8.5,64.874,0.85,,5,26.905,1,20,9,1270,0.4354
14.669,21.251,0.0,103267.02,8.5,53.413,0.9,,6,106.534,1,20,9,980,0.4398
14.612,22.873,0.0,147249.69,8.5,58.007,0.95,,6,194.499,1,20,9,733,0.4393
15.18,25.279,0.0,172727.94,8.5,51.024,1.0,,7,245.456,1,20,9,522,0.4444
14.177,18.422,0.0385,2961.31,8.5,97.09,0.8,,1,-94.077,2,20,9,1784,0.4299
14.347,20.003,0.0,30990.27,8.5,89.868,0.85,,4,-38.019,2,20,9,1270,0.4354
14.669,21.251,0.0,83209.92,8.5,82.519,0.9,,5,66.42,2,20,9,980,0.4398
14.612,22.873,0.0,203706.88,8.5,85.935,0.95,,6,307.414,2,20,9,733,0.4393
15.18,25.279,0.0,317597.22,8.5,77.781,1.0,,5,535.194,2,20,9,522,0.4444
13.556,18.004,0.0429,2493.01,8.5,98.092,0.8,,1,-95.014,3,20,7,1559,0.4375
14.347,20.003,0.0,6504.54,8.5,97.98,0.85,,4,-86.991,3,20,9,1270,0.4354
14.669,21.251,0.0,33209.19,8.5,94.783,0.9,,4,-33.582,3,20,9,980,0.4398
14.612,22.873,0.0,148735.7,8.5,96.008,0.95,,6,197.471,3,20,9,733,0.4393
15.18,25.279,0.0,351307.47,8.5,90.497,1.0,,5,602.615,3,20,9,522,0.4444
12.582,14.399,0.0,1849.63,8.5,98.825,0.8,,0,-96.301,4,20,4,769,0.4538
13.771,19.144,0.0,1898.71,8.5,99.184,0.85,,3,-96.203,4,20,8,1116,0.4391
14.669,21.251,0.0,6711.12,8.5,98.827,0.9,,4,-86.578,4,20,9,980,0.4398
14.612,22.873,0.0,58753.59,8.5,99.057,0.95,,6,17.507,4,20,9,733,0.4393
15.18,25.279,0.0,223122.69,8.5,96.884,1.0,,5,346.245,4,20,9,522,0.4444
12.774,14.585,0.0,1520.45,8.5,99.125,0.8,,0,-96.959,5,20,3,616,0.4545
13.52,19.088,0.0,1465.32,8.5,99.519,0.85,,3,-97.069,5,20,8,1070,0.4393
14.386,20.905,0.0,1517.56,8.5,99.655,0.9,,3,-96.965,5,20,9,910,0.4396
14.612,22.873,0.0,13714.36,8.5,99.792,0.95,,6,-72.571,5,20,9,733,0.4393
15.18,25.279,0.0,83583.2,8.5,99.157,1.0,,5,67.166,5,20,9,522,0.4444
12.667,14.968,0.0,1031.94,8.5,99.425,0.8,,0,-97.936,6,20,2,353,0.4419
12.413,16.129,0.0,1242.72,8.5,99.676,0.85,,2,-97.515,6,20,6,751,0.4487
13.891,20.493,0.0,1174.74,8.5,99.802,0.9,,2,-97.651,6,20,8,832,0.4471
14.422,22.774,0.0,1176.58,8.5,99.93,0.95,,4,-97.647,6,20,9,691,0.4313
15.18,25.279,0.0,17721.16,8.5,99.816,1.0,,5,-64.558,6,20,9,522,0.4444
12.661,15.138,0.0,977.6,8.5,99.453,0.8,,0,-98.045,7,20,2,331,0.4562
12.25,15.862,0.0296,1067.9,8.5,99.774,0.85,,2,-97.864,7,20,5,689,0.4586
12.539,14.992,0.0,1058.45,8.5,99.867,0.9,,1,-97.883,7,20,4,394,0.4569
14.19,22.838,0.0,941.38,8.5,99.87,0.95,,2,-98.117,7,20,9,676,0.4393
14.918,25.416,0.0,1058.45,8.5,99.959,1.0,,4,-97.883,7,20,9,491,0.4358
13.67,14.822,0.0,879.69,8.5,99.446,0.8,,0,-98.241,8,20,2,191,0.4712
12.347,15.262,0.0,942.16,8.5,99.83,0.85,,0,-98.116,8,20,3,404,0.4629
12.733,14.888,0.0,854.49,8.5,99.916,0.9,,0,-98.291,8,20,3,302,0.4636
13.677,23.032,0.0,932.19,8.5,99.821,0.95,,2,-98.136,8,20,8,617,0.4457
14.625,25.416,0.0,931.4,8.5,99.906,1.0,,3,-98.137,8,20,9,485,0.4412
13.834,15.006,0.0,862.63,8.5,99.423,0.8,,0,-98.275,9,20,2,181,0.4807
12.381,15.344,0.0,882.84,8.5,99.85,0.85,,0,-98.234,9,20,3,299,0.4615
12.557,15.016,0.0,759.46,8.5,99.933,0.9,,0,-98.481,9,20,3,295,0.4678
13.114,22.037,0.0,779.15,8.5,99.862,0.95,,2,-98.442,9,20,7,561,0.4545
13.59,24.484,0.0,659.97,8.5,99.92,1.0,,3,-98.68,9,20,7,398,0.4623
13.834,15.006,0.0,862.63,8.5,99.423,0.8,,0,-98.275,10,20,2,181,0.4807
12.381,15.344,0.0,882.84,8.5,99.85,0.85,,0,-98.234,10,20,3,299,0.4615
12.557,15.016,0.0,759.46,8.5,99.933,0.9,,0,-98.481,10,20,3,295,0.4678
13.114,22.037,0.0,779.15,8.5,99.862,0.95,,2,-98.442,10,20,7,561,0.4545
13.59,24.484,0.0,659.97,8.5,99.92,1.0,,3,-98.68,10,20,7,398,0.4623
14.444,19.074,0.0191,27475.93,8.5,75.955,0.8,,3,-45.048,1,25,9,1936,0.4329
14.347,20.003,0.0,63452.34,8.5,64.874,0.85,,5,26.905,1,25,9,1270,0.4354
14.669,21.251,0.0,103267.02,8.5,53.413,0.9,,6,106.534,1,25,9,980,0.4398
14.612,22.873,0.0,147249.69,8.5,58.007,0.95,,6,194.499,1,25,9,733,0.4393
15.18,25.279,0.0,172727.94,8.5,51.024,1.0,,7,245.456,1,25,9,522,0.4444
14.177,18.422,0.0385,2961.31,8.5,97.09,0.8,,1,-94.077,2,25,9,1784,0.4299
14.347,20.003,0.0,30990.27,8.5,89.868,0.85,,4,-38.019,2,25,9,1270,0.4354
14.669,21.251,0.0,83209.92,8.5,82.519,0.9,,5,66.42,2,25,9,980,0.4398
14.612,22.873,0.0,203706.88,8.5,85.935,0.95,,6,307.414,2,25,9,733,0.4393
15.18,25.279,0.0,317597.22,8.5,77.781,1.0,,5,535.194,2,25,9,522,0.4444
13.556,18.004,0.0429,2493.01,8.5,98.092,0.8,,1,-95.014,3,25,7,1559,0.4375
14.347,20.003,0.0,6504.54,8.5,97.98,0.85,,4,-86.991,3,25,9,1270,0.4354
14.669,21.251,0.0,33209.19,8.5,94.783,0.9,,4,-33.582,3,25,9,980,0.4398
14.612,22.873,0.0,148735.7,8.5,96.008,0.95,,6,197.471,3,25,9,733,0.4393
15.18,25.279,0.0,351307.47,8.5,90.497,1.0,,5,602.615,3,25,9,522,0.4444
12.582,14.399,0.0,1849.63,8.5,98.825,0.8,,0,-96.301,4,25,4,769,0.4538
13.771,19.144,0.0,1898.71,8.5,99.184,0.85,,3,-96.203,4,25,8,1116,0.4391
14.669,21.251,0.0,6711.12,8.5,98.827,0.9,,4,-86.578,4,25,9,980,0.4398
14.612,22.873,0.0,58753.59,8.5,99.057,0.95,,6,17.507,4,25,9,733,0.4393
15.18,25.279,0.0,223122.69,8.5,96.884,1.0,,5,346.245,4,25,9,522,0.4444
12.774,14.585,0.0,1520.45,8.5,99.125,0.8,,0,-96.959,5,25,3,616,0.4545
13.52,19.088,0.0,1465.32,8.5,99.519,0.85,,3,-97.069,5,25,8,1070,0.4393
14.386,20.905,0.0,1517.56,8.5,99.655,0.9,,3,-96.965,5,25,9,910,0.4396
14.612,22.873,0.0,13714.36,8.5,99.792,0.95,,6,-72.571,5,25,9,733,0.4393
15.18,25.279,0.0,83583.2,8.5,99.157,1.0,,5,67.166,5,25,9,522,0.4444
12.667,14.968,0.0,1031.94,8.5,99.425,0.8,,0,-97.936,6,25,2,353,0.4419
12.413,16.129,0.0,1242.72,8.5,99.676,0.85,,2,-97.515,6,25,6,751,0.4487
13.891,20.493,0.0,1174.74,8.5,99.802,0.9,,2,-97.651,6,25,8,832,0.4471
14.422,22.774,0.0,1176.58,8.5,99.93,0.95,,4,-97.647,6,25,9,691,0.4313
15.18,25.279,0.0,17721.16,8.5,99.816,1.0,,5,-64.558,6,25,9,522,0.4444
12.661,15.138,0.0,977.6,8.5,99.453,0.8,,0,-98.045,7,25,2,331,0.4562
12.25,15.862,0.0296,1067.9,8.5,99.774,0.85,,2,-97.864,7,25,5,689,0.4586
12.539,14.992,0.0,1058.45,8.5,99.867,0.9,,1,-97.883,7,25,4,394,0.4569
14.19,22.838,0.0,941.38,8.5,99.87,0.95,,2,-98.117,7,25,9,676,0.4393
14.918,25.416,0.0,1058.45,8.5,99.959,1.0,,4,-97.883,7,25,9,491,0.4358
13.67,14.822,0.0,879.69,8.5,99.446,0.8,,0,-98.241,8,25,2,191,0.4712
12.347,15.262,0.0,942.16,8.5,99.83,0.85,,0,-98.116,8,25,3,404,0.4629
12.733,14.888,0.0,854.49,8.5,99.916,0.9,,0,-98.291,8,25,3,302,0.4636
13.677,23.032,0.0,932.19,8.5,99.821,0.95,,2,-98.136,8,25,8,617,0.4457
14.625,25.416,0.0,931.4,8.5,99.906,1.0,,3,-98.137,8,25,9,485,0.4412
13.834,15.006,0.0,862.63,8.5,99.423,0.8,,0,-98.275,9,25,2,181,0.4807
12.381,15.344,0.0,882.84,8.5,99.85,0.85,,0,-98.234,9,25,3,299,0.4615
12.557,15.016,0.0,759.46,8.5,99.933,0.9,,0,-98.481,9,25,3,295,0.4678
13.114,22.037,0.0,779.15,8.5,99.862,0.95,,2,-98.442,9,25,7,561,0.4545
13.59,24.484,0.0,659.97,8.5,99.92,1.0,,3,-98.68,9,25,7,398,0.4623
13.834,15.006,0.0,862.63,8.5,99.423,0.8,,0,-98.275,10,25,2,181,0.4807
12.381,15.344,0.0,882.84,8.5,99.85,0.85,,0,-98.234,10,25,3,299,0.4615
12.557,15.016,0.0,759.46,8.5,99.933,0.9,,0,-98.481,10,25,3,295,0.4678
13.114,22.037,0.0,779.15,8.5,99.862,0.95,,2,-98.442,10,25,7,561,0.4545
13.59,24.484,0.0,659.97,8.5,99.92,1.0,,3,-98.68,10,25,7,398,0.4623
14.444,19.074,0.0191,27475.93,8.5,75.955,0.8,,3,-45.048,1,30,9,1936,0.4329
14.347,20.003,0.0,63452.34,8.5,64.874,0.85,,5,26.905,1,30,9,1270,0.4354
14.669,21.251,0.0,103267.02,8.5,53.413,0.9,,6,106.534,1,30,9,980,0.4398
14.612,22.873,0.0,147249.69,8.5,58.007,0.95,,6,194.499,1,30,9,733,0.4393
15.18,25.279,0.0,172727.94,8.5,51.024,1.0,,7,245.456,1,30,9,522,0.4444
14.177,18.422,0.0385,2961.31,8.5,97.09,0.8,,1,-94.077,2,30,9,1784,0.4299
14.347,20.003,0.0,30990.27,8.5,89.868,0.85,,4,-38.019,2,30,9,1270,0.4354
14.669,21.251,0.0,83209.92,8.5,82.519,0.9,,5,66.42,2,30,9,980,0.4398
14.612,22.873,0.0,203706.88,8.5,85.935,0.95,,6,307.414,2,30,9,733,0.4393
15.18,25.279,0.0,317597.22,8.5,77.781,1.0,,5,535.194,2,30,9,522,0.4444
13.556,18.004,0.0429,2493.01,8.5,98.092,0.8,,1,-95.014,3,30,7,1559,0.4375
14.347,20.003,0.0,6504.54,8.5,97.98,0.85,,4,-86.991,3,30,9,1270,0.4354
14.669,21.251,0.0,33209.19,8.5,94.783,0.9,,4,-33.582,3,30,9,980,0.4398
14.612,22.873,0.0,148735.7,8.5,96.008,0.95,,6,197.471,3,30,9,733,0.4393
15.18,25.279,0.0,351307.47,8.5,90.497,1.0,,5,602.615,3,30,9,522,0.4444
12.582,14.399,0.0,1849.63,8.5,98.825,0.8,,0,-96.301,4,30,4,769,0.4538
13.771,19.144,0.0,1898.71,8.5,99.184,0.85,,3,-96.203,4,30,8,1116,0.4391
14.669,21.251,0.0,6711.12,8.5,98.827,0.9,,4,-86.578,4,30,9,980,0.4398
14.612,22.873,0.0,58753.59,8.5,99.057,0.95,,6,17.507,4,30,9,733,0.4393
15.18,25.279,0.0,223122.69,8.5,96.884,1.0,,5,346.245,4,30,9,522,0.4444
12.774,14.585,0.0,1520.45,8.5,99.125,0.8,,0,-96.959,5,30,3,616,0.4545
13.52,19.088,0.0,1465.32,8.5,99.519,0.85,,3,-97.069,5,30,8,1070,0.4393
14.386,20.905,0.0,1517.56,8.5,99.655,0.9,,3,-96.965,5,30,9,910,0.4396
14.612,22.873,0.0,13714.36,8.5,99.792,0.95,,6,-72.571,5,30,9,733,0.4393
15.18,25.279,0.0,83583.2,8.5,99.157,1.0,,5,67.166,5,30,9,522,0.4444
12.667,14.968,0.0,1031.94,8.5,99.425,0.8,,0,-97.936,6,30,2,353,0.4419
12.413,16.129,0.0,1242.72,8.5,99.676,0.85,,2,-97.515,6,30,6,751,0.4487
13.891,20.493,0.0,1174.74,8.5,99.802,0.9,,2,-97.651,6,30,8,832,0.4471
14.422,22.774,0.0,1176.58,8.5,99.93,0.95,,4,-97.647,6,30,9,691,0.4313
15.18,25.279,0.0,17721.16,8.5,99.816,1.0,,5,-64.558,6,30,9,522,0.4444
12.661,15.138,0.0,977.6,8.5,99.453,0.8,,0,-98.045,7,30,2,331,0.4562
12.25,15.862,0.0296,1067.9,8.5,99.774,0.85,,2,-97.864,7,30,5,689,0.4586
12.539,14.992,0.0,1058.45,8.5,99.867,0.9,,1,-97.883,7,30,4,394,0.4569
14.19,22.838,0.0,941.38,8.5,99.87,0.95,,2,-98.117,7,30,9,676,0.4393
14.918,25.416,0.0,1058.45,8.5,99.959,1.0,,4,-97.883,7,30,9,491,0.4358
13.67,14.822,0.0,879.69,8.5,99.446,0.8,,0,-98.241,8,30,2,191,0.4712
12.347,15.262,0.0,942.16,8.5,99.83,0.85,,0,-98.116,8,30,3,404,0.4629
12.733,14.888,0.0,854.49,8.5,99.916,0.9,,0,-98.291,8,30,3,302,0.4636
13.677,23.032,0.0,932.19,8.5,99.821,0.95,,2,-98.136,8,30,8,617,0.4457
14.625,25.416,0.0,931.4,8.5,99.906,1.0,,3,-98.137,8,30,9,485,0.4412
13.834,15.006,0.0,862.63,8.5,99.423,0.8,,0,-98.275,9,30,2,181,0.4807
12.381,15.344,0.0,882.84,8.5,99.85,0.85,,0,-98.234,9,30,3,299,0.4615
12.557,15.016,0.0,759.46,8.5,99.933,0.9,,0,-98.481,9,30,3,295,0.4678
13.114,22.037,0.0,779.15,8.5,99.862,0.95,,2,-98.442,9,30,7,561,0.4545
13.59,24.484,0.0,659.97,8.5,99.92,1.0,,3,-98.68,9,30,7,398,0.4623
13.834,15.006,0.0,862.63,8.5,99.423,0.8,,0,-98.275,10,30,2,181,0.4807
12.381,15.344,0.0,882.84,8.5,99.85,0.85,,0,-98.234,10,30,3,299,0.4615
12.557,15.016,0.0,759.46,8.5,99.933,0.9,,0,-98.481,10,30,3,295,0.4678
13.114,22.037,0.0,779.15,8.5,99.862,0.95,,2,-98.442,10,30,7,561,0.4545
13.59,24.484,0.0,659.97,8.5,99.92,1.0,,3,-98.68,10,30,7,398,0.4623
14.444,19.074,0.0191,27475.93,8.5,75.955,0.8,,3,-45.048,1,35,9,1936,0.4329
14.347,20.003,0.0,63452.34,8.5,64.874,0.85,,5,26.905,1,35,9,1270,0.4354
14.669,21.251,0.0,103267.02,8.5,53.413,0.9,,6,106.534,1,35,9,980,0.4398
14.612,22.873,0.0,147249.69,8.5,58.007,0.95,,6,194.499,1,35,9,733,0.4393
15.18,25.279,0.0,172727.94,8.5,51.024,1.0,,7,245.456,1,35,9,522,0.4444
14.177,18.422,0.0385,2961.31,8.5,97.09,0.8,,1,-94.077,2,35,9,1784,0.4299
14.347,20.003,0.0,30990.27,8.5,89.868,0.85,,4,-38.019,2,35,9,1270,0.4354
14.669,21.251,0.0,83209.92,8.5,82.519,0.9,,5,66.42,2,35,9,980,0.4398
14.612,22.873,0.0,203706.88,8.5,85.935,0.95,,6,307.414,2,35,9,733,0.4393
15.18,25.279,0.0,317597.22,8.5,77.781,1.0,,5,535.194,2,35,9,522,0.4444
13.556,18.004,0.0429,2493.01,8.5,98.092,0.8,,1,-95.014,3,35,7,1559,0.4375
14.347,20.003,0.0,6504.54,8.5,97.98,0.85,,4,-86.991,3,35,9,1270,0.4354
14.669,21.251,0.0,33209.19,8.5,94.783,0.9,,4,-33.582,3,35,9,980,0.4398
14.612,22.873,0.0,148735.7,8.5,96.008,0.95,,6,197.471,3,35,9,733,0.4393
15.18,25.279,0.0,351307.47,8.5,90.497,1.0,,5,602.615,3,35,9,522,0.4444
12.582,14.399,0.0,1849.63,8.5,98.825,0.8,,0,-96.301,4,35,4,769,0.4538
13.771,19.144,0.0,1898.71,8.5,99.184,0.85,,3,-96.203,4,35,8,1116,0.4391
14.669,21.251,0.0,6711.12,8.5,98.827,0.9,,4,-86.578,4,35,9,980,0.4398
14.612,22.873,0.0,58753.59,8.5,99.057,0.95,,6,17.507,4,35,9,733,0.4393
15.18,25.279,0.0,223122.69,8.5,96.884,1.0,,5,346.245,4,35,9,522,0.4444
12.774,14.585,0.0,1520.45,8.5,99.125,0.8,,0,-96.959,5,35,3,616,0.4545
13.52,19.088,0.0,1465.32,8.5,99.519,0.85,,3,-97.069,5,35,8,1070,0.4393
14.386,20.905,0.0,1517.56,8.5,99.655,0.9,,3,-96.965,5,35,9,910,0.4396
14.612,22.873,0.0,13714.36,8.5,99.792,0.95,,6,-72.571,5,35,9,733,0.4393
15.18,25.279,0.0,83583.2,8.5,99.157,1.0,,5,67.166,5,35,9,522,0.4444
12.667,14.968,0.0,1031.94,8.5,99.425,0.8,,0,-97.936,6,35,2,353,0.4419
12.413,16.129,0.0,1242.72,8.5,99.676,0.85,,2,-97.515,6,35,6,751,0.4487
13.891,20.493,0.0,1174.74,8.5,99.802,0.9,,2,-97.651,6,35,8,832,0.4471
14.422,22.774,0.0,1176.58,8.5,99.93,0.95,,4,-97.647,6,35,9,691,0.4313
15.18,25.279,0.0,17721.16,8.5,99.816,1.0,,5,-64.558,6,35,9,522,0.4444
12.661,15.138,0.0,977.6,8.5,99.453,0.8,,0,-98.045,7,35,2,331,0.4562
12.25,15.862,0.0296,1067.9,8.5,99.774,0.85,,2,-97.864,7,35,5,689,0.4586
12.539,14.992,0.0,1058.45,8.5,99.867,0.9,,1,-97.883,7,35,4,394,0.4569
14.19,22.838,0.0,941.38,8.5,99.87,0.95,,2,-98.117,7,35,9,676,0.4393
14.918,25.416,0.0,1058.45,8.5,99.959,1.0,,4,-97.883,7,35,9,491,0.4358
13.67,14.822,0.0,879.69,8.5,99.446,0.8,,0,-98.241,8,35,2,191,0.4712
12.347,15.262,0.0,942.16,8.5,99.83,0.85,,0,-98.116,8,35,3,404,0.4629
12.733,14.888,0.0,854.49,8.5,99.916,0.9,,0,-98.291,8,35,3,302,0.4636
13.677,23.032,0.0,932.19,8.5,99.821,0.95,,2,-98.136,8,35,8,617,0.4457
14.625,25.416,0.0,931.4,8.5,99.906,1.0,,3,-98.137,8,35,9,485,0.4412
13.834,15.006,0.0,862.63,8.5,99.423,0.8,,0,-98.275,9,35,2,181,0.4807
12.381,15.344,0.0,882.84,8.5,99.85,0.85,,0,-98.234,9,35,3,299,0.4615
12.557,15.016,0.0,759.46,8.5,99.933,0.9,,0,-98.481,9,35,3,295,0.4678
13.114,22.037,0.0,779.15,8.5,99.862,0.95,,2,-98.442,9,35,7,561,0.4545
13.59,24.484,0.0,659.97,8.5,99.92,1.0,,3,-98.68,9,35,7,398,0.4623
13.834,15.006,0.0,862.63,8.5,99.423,0.8,,0,-98.275,10,35,2,181,0.4807
12.381,15.344,0.0,882.84,8.5,99.85,0.85,,0,-98.234,10,35,3,299,0.4615
12.557,15.016,0.0,759.46,8.5,99.933,0.9,,0,-98.481,10,35,3,295,0.4678
13.114,22.037,0.0,779.15,8.5,99.862,0.95,,2,-98.442,10,35,7,561,0.4545
13.59,24.484,0.0,659.97,8.5,99.92,1.0,,3,-98.68,10,35,7,398,0.4623
14.444,19.074,0.0191,27475.93,8.5,75.955,0.8,,3,-45.048,1,40,9,1936,0.4329
14.347,20.003,0.0,63452.34,8.5,64.874,0.85,,5,26.905,1,40,9,1270,0.4354
14.669,21.251,0.0,103267.02,8.5,53.413,0.9,,6,106.534,1,40,9,980,0.4398
14.612,22.873,0.0,147249.69,8.5,58.007,0.95,,6,194.499,1,40,9,733,0.4393
15.18,25.279,0.0,172727.94,8.5,51.024,1.0,,7,245.456,1,40,9,522,0.4444
14.177,18.422,0.0385,2961.31,8.5,97.09,0.8,,1,-94.077,2,40,9,1784,0.4299
14.347,20.003,0.0,30990.27,8.5,89.868,0.85,,4,-38.019,2,40,9,1270,0.4354
14.669,21.251,0.0,83209.92,8.5,82.519,0.9,,5,66.42,2,40,9,980,0.4398
14.612,22.873,0.0,203706.88,8.5,85.935,0.95,,6,307.414,2,40,9,733,0.4393
15.18,25.279,0.0,317597.22,8.5,77.781,1.0,,5,535.194,2,40,9,522,0.4444
13.556,18.004,0.0429,2493.01,8.5,98.092,0.8,,1,-95.014,3,40,7,1559,0.4375
14.347,20.003,0.0,6504.54,8.5,97.98,0.85,,4,-86.991,3,40,9,1270,0.4354
14.669,21.251,0.0,33209.19,8.5,94.783,0.9,,4,-33.582,3,40,9,980,0.4398
14.612,22.873,0.0,148735.7,8.5,96.008,0.95,,6,197.471,3,40,9,733,0.4393
15.18,25.279,0.0,351307.47,8.5,90.497,1.0,,5,602.615,3,40,9,522,0.4444
12.582,14.399,0.0,1849.63,8.5,98.825,0.8,,0,-96.301,4,40,4,769,0.4538
13.771,19.144,0.0,1898.71,8.5,99.184,0.85,,3,-96.203,4,40,8,1116,0.4391
14.669,21.251,0.0,6711.12,8.5,98.827,0.9,,4,-86.578,4,40,9,980,0.4398
14.612,22.873,0.0,58753.59,8.5,99.057,0.95,,6,17.507,4,40,9,733,0.4393
15.18,25.279,0.0,223122.69,8.5,96.884,1.0,,5,346.245,4,40,9,522,0.4444
12.774,14.585,0.0,1520.45,8.5,99.125,0.8,,0,-96.959,5,40,3,616,0.4545
13.52,19.088,0.0,1465.32,8.5,99.519,0.85,,3,-97.069,5,40,8,1070,0.4393
14.386,20.905,0.0,1517.56,8.5,99.655,0.9,,3,-96.965,5,40,9,910,0.4396
14.612,22.873,0.0,13714.36,8.5,99.792,0.95,,6,-72.571,5,40,9,733,0.4393
15.18,25.279,0.0,83583.2,8.5,99.157,1.0,,5,67.166,5,40,9,522,0.4444
12.667,14.968,0.0,1031.94,8.5,99.425,0.8,,0,-97.936,6,40,2,353,0.4419
12.413,16.129,0.0,1242.72,8.5,99.676,0.85,,2,-97.515,6,40,6,751,0.4487
13.891,20.493,0.0,1174.74,8.5,99.802,0.9,,2,-97.651,6,40,8,832,0.4471
14.422,22.774,0.0,1176.58,8.5,99.93,0.95,,4,-97.647,6,40,9,691,0.4313
15.18,25.279,0.0,17721.16,8.5,99.816,1.0,,5,-64.558,6,40,9,522,0.4444
12.661,15.138,0.0,977.6,8.5,99.453,0.8,,0,-98.045,7,40,2,331,0.4562
12.25,15.862,0.0296,1067.9,8.5,99.774,0.85,,2,-97.864,7,40,5,689,0.4586
12.539,14.992,0.0,1058.45,8.5,99.867,0.9,,1,-97.883,7,40,4,394,0.4569
14.19,22.838,0.0,941.38,8.5,99.87,0.95,,2,-98.117,7,40,9,676,0.4393
14.918,25.416,0.0,1058.45,8.5,99.959,1.0,,4,-97.883,7,40,9,491,0.4358
13.67,14.822,0.0,879.69,8.5,99.446,0.8,,0,-98.241,8,40,2,191,0.4712
12.347,15.262,0.0,942.16,8.5,99.83,0.85,,0,-98.116,8,40,3,404,0.4629
12.733,14.888,0.0,854.49,8.5,99.916,0.9,,0,-98.291,8,40,3,302,0.4636
13.677,23.032,0.0,932.19,8.5,99.821,0.95,,2,-98.136,8,40,8,617,0.4457
14.625,25.416,0.0,931.4,8.5,99.906,1.0,,3,-98.137,8,40,9,485,0.4412
13.834,15.006,0.0,862.63,8.5,99.423,0.8,,0,-98.275,9,40,2,181,0.4807
12.381,15.344,0.0,882.84,8.5,99.85,0.85,,0,-98.234,9,40,3,299,0.4615
12.557,15.016,0.0,759.46,8.5,99.933,0.9,,0,-98.481,9,40,3,295,0.4678
13.114,22.037,0.0,779.15,8.5,99.862,0.95,,2,-98.442,9,40,7,561,0.4545
13.59,24.484,0.0,659.97,8.5,99.92,1.0,,3,-98.68,9,40,7,398,0.4623
13.834,15.006,0.0,862.63,8.5,99.423,0.8,,0,-98.275,10,40,2,181,0.4807
12.381,15.344,0.0,882.84,8.5,99.85,0.85,,0,-98.234,10,40,3,299,0.4615
12.557,15.016,0.0,759.46,8.5,99.933,0.9,,0,-98.481,10,40,3,295,0.4678
13.114,22.037,0.0,779.15,8.5,99.862,0.95,,2,-98.442,10,40,7,561,0.4545
13.59,24.484,0.0,659.97,8.5,99.92,1.0,,3,-98.68,10,40,7,398,0.4623
14.444,19.074,0.0191,27475.93,8.5,75.955,0.8,,3,-45.048,1,45,9,1936,0.4329
14.347,20.003,0.0,63452.34,8.5,64.874,0.85,,5,26.905,1,45,9,1270,0.4354
14.669,21.251,0.0,103267.02,8.5,53.413,0.9,,6,106.534,1,45,9,980,0.4398
14.612,22.873,0.0,147249.69,8.5,58.007,0.95,,6,194.499,1,45,9,733,0.4393
15.18,25.279,0.0,172727.94,8.5,51.024,1.0,,7,245.456,1,45,9,522,0.4444
14.177,18.422,0.0385,2961.31,8.5,97.09,0.8,,1,-94.077,2,45,9,1784,0.4299
14.347,20.003,0.0,30990.27,8.5,89.868,0.85,,4,-38.019,2,45,9,1270,0.4354
14.669,21.251,0.0,83209.92,8.5,82.519,0.9,,5,66.42,2,45,9,980,0.4398
14.612,22.873,0.0,203706.88,8.5,85.935,0.95,,6,307.414,2,45,9,733,0.4393
15.18,25.279,0.0,317597.22,8.5,77.781,1.0,,5,535.194,2,45,9,522,0.4444
13.556,18.004,0.0429,2493.01,8.5,98.092,0.8,,1,-95.014,3,45,7,1559,0.4375
14.347,20.003,0.0,6504.54,8.5,97.98,0.85,,4,-86.991,3,45,9,1270,0.4354
14.669,21.251,0.0,33209.19,8.5,94.783,0.9,,4,-33.582,3,45,9,980,0.4398
14.612,22.873,0.0,148735.7,8.5,96.008,0.95,,6,197.471,3,45,9,733,0.4393
15.18,25.279,0.0,351307.47,8.5,90.497,1.0,,5,602.615,3,45,9,522,0.4444
12.582,14.399,0.0,1849.63,8.5,98.825,0.8,,0,-96.301,4,45,4,769,0.4538
13.771,19.144,0.0,1898.71,8.5,99.184,0.85,,3,-96.203,4,45,8,1116,0.4391
14.669,21.251,0.0,6711.12,8.5,98.827,0.9,,4,-86.578,4,45,9,980,0.4398
14.612,22.873,0.0,58753.59,8.5,99.057,0.95,,6,17.507,4,45,9,733,0.4393
15.18,25.279,0.0,223122.69,8.5,96.884,1.0,,5,346.245,4,45,9,522,0.4444
12.774,14.585,0.0,1520.45,8.5,99.125,0.8,,0,-96.959,5,45,3,616,0.4545
13.52,19.088,0.0,1465.32,8.5,99.519,0.85,,3,-97.069,5,45,8,1070,0.4393
14.386,20.905,0.0,1517.56,8.5,99.655,0.9,,3,-96.965,5,45,9,910,0.4396
14.612,22.873,0.0,13714.36,8.5,99.792,0.95,,6,-72.571,5,45,9,733,0.4393
15.18,25.279,0.0,83583.2,8.5,99.157,1.0,,5,67.166,5,45,9,522,0.4444
12.667,14.968,0.0,1031.94,8.5,99.425,0.8,,0,-97.936,6,45,2,353,0.4419
12.413,16.129,0.0,1242.72,8.5,99.676,0.85,,2,-97.515,6,45,6,751,0.4487
13.891,20.493,0.0,1174.74,8.5,99.802,0.9,,2,-97.651,6,45,8,832,0.4471
14.422,22.774,0.0,1176.58,8.5,99.93,0.95,,4,-97.647,6,45,9,691,0.4313
15.18,25.279,0.0,17721.16,8.5,99.816,1.0,,5,-64.558,6,45,9,522,0.4444
12.661,15.138,0.0,977.6,8.5,99.453,0.8,,0,-98.045,7,45,2,331,0.4562
12.25,15.862,0.0296,1067.9,8.5,99.774,0.85,,2,-97.864,7,45,5,689,0.4586
12.539,14.992,0.0,1058.45,8.5,99.867,0.9,,1,-97.883,7,45,4,394,0.4569
14.19,22.838,0.0,941.38,8.5,99.87,0.95,,2,-98.117,7,45,9,676,0.4393
14.918,25.416,0.0,1058.45,8.5,99.959,1.0,,4,-97.883,7,45,9,491,0.4358
13.67,14.822,0.0,879.69,8.5,99.446,0.8,,0,-98.241,8,45,2,191,0.4712
12.347,15.262,0.0,942.16,8.5,99.83,0.85,,0,-98.116,8,45,3,404,0.4629
12.733,14.888,0.0,854.49,8.5,99.916,0.9,,0,-98.291,8,45,3,302,0.4636
13.677,23.032,0.0,932.19,8.5,99.821,0.95,,2,-98.136,8,45,8,617,0.4457
14.625,25.416,0.0,931.4,8.5,99.906,1.0,,3,-98.137,8,45,9,485,0.4412
13.834,15.006,0.0,862.63,8.5,99.423,0.8,,0,-98.275,9,45,2,181,0.4807
12.381,15.344,0.0,882.84,8.5,99.85,0.85,,0,-98.234,9,45,3,299,0.4615
12.557,15.016,0.0,759.46,8.5,99.933,0.9,,0,-98.481,9,45,3,295,0.4678
13.114,22.037,0.0,779.15,8.5,99.862,0.95,,2,-98.442,9,45,7,561,0.4545
13.59,24.484,0.0,659.97,8.5,99.92,1.0,,3,-98.68,9,45,7,398,0.4623
13.834,15.006,0.0,862.63,8.5,99.423,0.8,,0,-98.275,10,45,2,181,0.4807
12.381,15.344,0.0,882.84,8.5,99.85,0.85,,0,-98.234,10,45,3,299,0.4615
12.557,15.016,0.0,759.46,8.5,99.933,0.9,,0,-98.481,10,45,3,295,0.4678
13.114,22.037,0.0,779.15,8.5,99.862,0.95,,2,-98.442,10,45,7,561,0.4545
13.59,24.484,0.0,659.97,8.5,99.92,1.0,,3,-98.68,10,45,7,398,0.4623
14.444,19.074,0.0191,27475.93,8.5,75.955,0.8,,3,-45.048,1,50,9,1936,0.4329
14.347,20.003,0.0,63452.34,8.5,64.874,0.85,,5,26.905,1,50,9,1270,0.4354
14.669,21.251,0.0,103267.02,8.5,53.413,0.9,,6,106.534,1,50,9,980,0.4398
14.612,22.873,0.0,147249.69,8.5,58.007,0.95,,6,194.499,1,50,9,733,0.4393
15.18,25.279,0.0,172727.94,8.5,51.024,1.0,,7,245.456,1,50,9,522,0.4444
14.177,18.422,0.0385,2961.31,8.5,97.09,0.8,,1,-94.077,2,50,9,1784,0.4299
14.347,20.003,0.0,30990.27,8.5,89.868,0.85,,4,-38.019,2,50,9,1270,0.4354
14.669,21.251,0.0,83209.92,8.5,82.519,0.9,,5,66.42,2,50,9,980,0.4398
14.612,22.873,0.0,203706.88,8.5,85.935,0.95,,6,307.414,2,50,9,733,0.4393
15.18,25.279,0.0,317597.22,8.5,77.781,1.0,,5,535.194,2,50,9,522,0.4444
13.556,18.004,0.0429,2493.01,8.5,98.092,0.8,,1,-95.014,3,50,7,1559,0.4375
14.347,20.003,0.0,6504.54,8.5,97.98,0.85,,4,-86.991,3,50,9,1270,0.4354
14.669,21.251,0.0,33209.19,8.5,94.783,0.9,,4,-33.582,3,50,9,980,0.4398
14.612,22.873,0.0,148735.7,8.5,96.008,0.95,,6,197.471,3,50,9,733,0.4393
15.18,25.279,0.0,351307.47,8.5,90.497,1.0,,5,602.615,3,50,9,522,0.4444
12.582,14.399,0.0,1849.63,8.5,98.825,0.8,,0,-96.301,4,50,4,769,0.4538
13.771,19.144,0.0,1898.71,8.5,99.184,0.85,,3,-96.203,4,50,8,1116,0.4391
14.669,21.251,0.0,6711.12,8.5,98.827,0.9,,4,-86.578,4,50,9,980,0.4398
14.612,22.873,0.0,58753.59,8.5,99.057,0.95,,6,17.507,4,50,9,733,0.4393
15.18,25.279,0.0,223122.69,8.5,96.884,1.0,,5,346.245,4,50,9,522,0.4444
12.774,14.585,0.0,1520.45,8.5,99.125,0.8,,0,-96.959,5,50,3,616,0.4545
13.52,19.088,0.0,1465.32,8.5,99.519,0.85,,3,-97.069,5,50,8,1070,0.4393
14.386,20.905,0.0,1517.56,8.5,99.655,0.9,,3,-96.965,5,50,9,910,0.4396
14.612,22.873,0.0,13714.36,8.5,99.792,0.95,,6,-72.571,5,50,9,733,0.4393
15.18,25.279,0.0,83583.2,8.5,99.157,1.0,,5,67.166,5,50,9,522,0.4444
12.667,14.968,0.0,1031.94,8.5,99.425,0.8,,0,-97.936,6,50,2,353,0.4419
12.413,16.129,0.0,1242.72,8.5,99.676,0.85,,2,-97.515,6,50,6,751,0.4487
13.891,20.493,0.0,1174.74,8.5,99.802,0.9,,2,-97.651,6,50,8,832,0.4471
14.422,22.774,0.0,1176.58,8.5,99.93,0.95,,4,-97.647,6,50,9,691,0.4313
15.18,25.279,0.0,17721.16,8.5,99.816,1.0,,5,-64.558,6,50,9,522,0.4444
12.661,15.138,0.0,977.6,8.5,99.453,0.8,,0,-98.045,7,50,2,331,0.4562
12.25,15.862,0.0296,1067.9,8.5,99.774,0.85,,2,-97.864,7,50,5,689,0.4586
12.539,14.992,0.0,1058.45,8.5,99.867,0.9,,1,-97.883,7,50,4,394,0.4569
14.19,22.838,0.0,941.38,8.5,99.87,0.95,,2,-98.117,7,50,9,676,0.4393
14.918,25.416,0.0,1058.45,8.5,99.959,1.0,,4,-97.883,7,50,9,491,0.4358
13.67,14.822,0.0,879.69,8.5,99.446,0.8,,0,-98.241,8,50,2,191,0.4712
12.347,15.262,0.0,942.16,8.5,99.83,0.85,,0,-98.116,8,50,3,404,0.4629
12.733,14.888,0.0,854.49,8.5,99.916,0.9,,0,-98.291,8,50,3,302,0.4636
13.677,23.032,0.0,932.19,8.5,99.821,0.95,,2,-98.136,8,50,8,617,0.4457
14.625,25.416,0.0,931.4,8.5,99.906,1.0,,3,-98.137,8,50,9,485,0.4412
13.834,15.006,0.0,862.63,8.5,99.423,0.8,,0,-98.275,9,50,2,181,0.4807
12.381,15.344,0.0,882.84,8.5,99.85,0.85,,0,-98.234,9,50,3,299,0.4615
12.557,15.016,0.0,759.46,8.5,99.933,0.9,,0,-98.481,9,50,3,295,0.4678
13.114,22.037,0.0,779.15,8.5,99.862,0.95,,2,-98.442,9,50,7,561,0.4545
13.59,24.484,0.0,659.97,8.5,99.92,1.0,,3,-98.68,9,50,7,398,0.4623
13.834,15.006,0.0,862.63,8.5,99.423,0.8,,0,-98.275,10,50,2,181,0.4807
12.381,15.344,0.0,882.84,8.5,99.85,0.85,,0,-98.234,10,50,3,299,0.4615
12.557,15.016,0.0,759.46,8.5,99.933,0.9,,0,-98.481,10,50,3,295,0.4678
13.114,22.037,0.0,779.15,8.5,99.862,0.95,,2,-98.442,10,50,7,561,0.4545
13.59,24.484,0.0,659.97,8.5,99.92,1.0,,3,-98.68,10,50,7,398,0.4623
14.444,19.074,0.0191,27475.93,8.5,75.955,0.8,,3,-45.048,1,55,9,1936,0.4329
14.347,20.003,0.0,63452.34,8.5,64.874,0.85,,5,26.905,1,55,9,1270,0.4354
14.669,21.251,0.0,103267.02,8.5,53.413,0.9,,6,106.534,1,55,9,980,0.4398
14.612,22.873,0.0,147249.69,8.5,58.007,0.95,,6,194.499,1,55,9,733,0.4393
15.18,25.279,0.0,172727.94,8.5,51.024,1.0,,7,245.456,1,55,9,522,0.4444
14.177,18.422,0.0385,2961.31,8.5,97.09,0.8,,1,-94.077,2,55,9,1784,0.4299
14.347,20.003,0.0,30990.27,8.5,89.868,0.85,,4,-38.019,2,55,9,1270,0.4354
14.669,21.251,0.0,83209.92,8.5,82.519,0.9,,5,66.42,2,55,9,980,0.4398
14.612,22.873,0.0,203706.88,8.5,85.935,0.95,,6,307.414,2,55,9,733,0.4393
15.18,25.279,0.0,317597.22,8.5,77.781,1.0,,5,535.194,2,55,9,522,0.4444
13.556,18.004,0.0429,2493.01,8.5,98.092,0.8,,1,-95.014,3,55,7,1559,0.4375
14.347,20.003,0.0,6504.54,8.5,97.98,0.85,,4,-86.991,3,55,9,1270,0.4354
14.669,21.251,0.0,33209.19,8.5,94.783,0.9,,4,-33.582,3,55,9,980,0.4398
14.612,22.873,0.0,148735.7,8.5,96.008,0.95,,6,197.471,3,55,9,733,0.4393
15.18,25.279,0.0,351307.47,8.5,90.497,1.0,,5,602.615,3,55,9,522,0.4444
12.582,14.399,0.0,1849.63,8.5,98.825,0.8,,0,-96.301,4,55,4,769,0.4538
13.771,19.144,0.0,1898.71,8.5,99.184,0.85,,3,-96.203,4,55,8,1116,0.4391
14.669,21.251,0.0,6711.12,8.5,98.827,0.9,,4,-86.578,4,55,9,980,0.4398
14.612,22.873,0.0,58753.59,8.5,99.057,0.95,,6,17.507,4,55,9,733,0.4393
15.18,25.279,0.0,223122.69,8.5,96.884,1.0,,5,346.245,4,55,9,522,0.4444
12.774,14.585,0.0,1520.45,8.5,99.125,0.8,,0,-96.959,5,55,3,616,0.4545
13.52,19.088,0.0,1465.32,8.5,99.519,0.85,,3,-97.069,5,55,8,1070,0.4393
14.386,20.905,0.0,1517.56,8.5,99.655,0.9,,3,-96.965,5,55,9,910,0.4396
14.612,22.873,0.0,13714.36,8.5,99.792,0.95,,6,-72.571,5,55,9,733,0.4393
15.18,25.279,0.0,83583.2,8.5,99.157,1.0,,5,67.166,5,55,9,522,0.4444
12.667,14.968,0.0,1031.94,8.5,99.425,0.8,,0,-97.936,6,55,2,353,0.4419
12.413,16.129,0.0,1242.72,8.5,99.676,0.85,,2,-97.515,6,55,6,751,0.4487
13.891,20.493,0.0,1174.74,8.5,99.802,0.9,,2,-97.651,6,55,8,832,0.4471
14.422,22.774,0.0,1176.58,8.5,99.93,0.95,,4,-97.647,6,55,9,691,0.4313
15.18,25.279,0.0,17721.16,8.5,99.816,1.0,,5,-64.558,6,55,9,522,0.4444
12.661,15.138,0.0,977.6,8.5,99.453,0.8,,0,-98.045,7,55,2,331,0.4562
12.25,15.862,0.0296,1067.9,8.5,99.774,0.85,,2,-97.864,7,55,5,689,0.4586
12.539,14.992,0.0,1058.45,8.5,99.867,0.9,,1,-97.883,7,55,4,394,0.4569
14.19,22.838,0.0,941.38,8.5,99.87,0.95,,2,-98.117,7,55,9,676,0.4393
14.918,25.416,0.0,1058.45,8.5,99.959,1.0,,4,-97.883,7,55,9,491,0.4358
13.67,14.822,0.0,879.69,8.5,99.446,0.8,,0,-98.241,8,55,2,191,0.4712
12.347,15.262,0.0,942.16,8.5,99.83,0.85,,0,-98.116,8,55,3,404,0.4629
12.733,14.888,0.0,854.49,8.5,99.916,0.9,,0,-98.291,8,55,3,302,0.4636
13.677,23.032,0.0,932.19,8.5,99.821,0.95,,2,-98.136,8,55,8,617,0.4457
14.625,25.416,0.0,931.4,8.5,99.906,1.0,,3,-98.137,8,55,9,485,0.4412
13.834,15.006,0.0,862.63,8.5,99.423,0.8,,0,-98.275,9,55,2,181,0.4807
12.381,15.344,0.0,882.84,8.5,99.85,0.85,,0,-98.234,9,55,3,299,0.4615
12.557,15.016,0.0,759.46,8.5,99.933,0.9,,0,-98.481,9,55,3,295,0.4678
13.114,22.037,0.0,779.15,8.5,99.862,0.95,,2,-98.442,9,55,7,561,0.4545
13.59,24.484,0.0,659.97,8.5,99.92,1.0,,3,-98.68,9,55,7,398,0.4623
13.834,15.006,0.0,862.63,8.5,99.423,0.8,,0,-98.275,10,55,2,181,0.4807
12.381,15.344,0.0,882.84,8.5,99.85,0.85,,0,-98.234,10,55,3,299,0.4615
12.557,15.016,0.0,759.46,8.5,99.933,0.9,,0,-98.481,10,55,3,295,0.4678
13.114,22.037,0.0,779.15,8.5,99.862,0.95,,2,-98.442,10,55,7,561,0.4545
13.59,24.484,0.0,659.97,8.5,99.92,1.0,,3,-98.68,10,55,7,398,0.4623
14.444,19.074,0.0191,27475.93,8.5,75.955,0.8,,3,-45.048,1,60,9,1936,0.4329
14.347,20.003,0.0,63452.34,8.5,64.874,0.85,,5,26.905,1,60,9,1270,0.4354
14.669,21.251,0.0,103267.02,8.5,53.413,0.9,,6,106.534,1,60,9,980,0.4398
14.612,22.873,0.0,147249.69,8.5,58.007,0.95,,6,194.499,1,60,9,733,0.4393
15.18,25.279,0.0,172727.94,8.5,51.024,1.0,,7,245.456,1,60,9,522,0.4444
14.177,18.422,0.0385,2961.31,8.5,97.09,0.8,,1,-94.077,2,60,9,1784,0.4299
14.347,20.003,0.0,30990.27,8.5,89.868,0.85,,4,-38.019,2,60,9,1270,0.4354
14.669,21.251,0.0,83209.92,8.5,82.519,0.9,,5,66.42,2,60,9,980,0.4398
14.612,22.873,0.0,203706.88,8.5,85.935,0.95,,6,307.414,2,60,9,733,0.4393
15.18,25.279,0.0,317597.22,8.5,77.781,1.0,,5,535.194,2,60,9,522,0.4444
13.556,18.004,0.0429,2493.01,8.5,98.092,0.8,,1,-95.014,3,60,7,1559,0.4375
14.347,20.003,0.0,6504.54,8.5,97.98,0.85,,4,-86.991,3,60,9,1270,0.4354
14.669,21.251,0.0,33209.19,8.5,94.783,0.9,,4,-33.582,3,60,9,980,0.4398
14.612,22.873,0.0,148735.7,8.5,96.008,0.95,,6,197.471,3,60,9,733,0.4393
15.18,25.279,0.0,351307.47,8.5,90.497,1.0,,5,602.615,3,60,9,522,0.4444
12.582,14.399,0.0,1849.63,8.5,98.825,0.8,,0,-96.301,4,60,4,769,0.4538
13.771,19.144,0.0,1898.71,8.5,99.184,0.85,,3,-96.203,4,60,8,1116,0.4391
14.669,21.251,0.0,6711.12,8.5,98.827,0.9,,4,-86.578,4,60,9,980,0.4398
14.612,22.873,0.0,58753.59,8.5,99.057,0.95,,6,17.507,4,60,9,733,0.4393
15.18,25.279,0.0,223122.69,8.5,96.884,1.0,,5,346.245,4,60,9,522,0.4444
12.774,14.585,0.0,1520.45,8.5,99.125,0.8,,0,-96.959,5,60,3,616,0.4545
13.52,19.088,0.0,1465.32,8.5,99.519,0.85,,3,-97.069,5,60,8,1070,0.4393
14.386,20.905,0.0,1517.56,8.5,99.655,0.9,,3,-96.965,5,60,9,910,0.4396
14.612,22.873,0.0,13714.36,8.5,99.792,0.95,,6,-72.571,5,60,9,733,0.4393
15.18,25.279,0.0,83583.2,8.5,99.157,1.0,,5,67.166,5,60,9,522,0.4444
12.667,14.968,0.0,1031.94,8.5,99.425,0.8,,0,-97.936,6,60,2,353,0.4419
12.413,16.129,0.0,1242.72,8.5,99.676,0.85,,2,-97.515,6,60,6,751,0.4487
13.891,20.493,0.0,1174.74,8.5,99.802,0.9,,2,-97.651,6,60,8,832,0.4471
14.422,22.774,0.0,1176.58,8.5,99.93,0.95,,4,-97.647,6,60,9,691,0.4313
15.18,25.279,0.0,17721.16,8.5,99.816,1.0,,5,-64.558,6,60,9,522,0.4444
12.661,15.138,0.0,977.6,8.5,99.453,0.8,,0,-98.045,7,60,2,331,0.4562
12.25,15.862,0.0296,1067.9,8.5,99.774,0.85,,2,-97.864,7,60,5,689,0.4586
12.539,14.992,0.0,1058.45,8.5,99.867,0.9,,1,-97.883,7,60,4,394,0.4569
14.19,22.838,0.0,941.38,8.5,99.87,0.95,,2,-98.117,7,60,9,676,0.4393
14.918,25.416,0.0,1058.45,8.5,99.959,1.0,,4,-97.883,7,60,9,491,0.4358
13.67,14.822,0.0,879.69,8.5,99.446,0.8,,0,-98.241,8,60,2,191,0.4712
12.347,15.262,0.0,942.16,8.5,99.83,0.85,,0,-98.116,8,60,3,404,0.4629
12.733,14.888,0.0,854.49,8.5,99.916,0.9,,0,-98.291,8,60,3,302,0.4636
13.677,23.032,0.0,932.19,8.5,99.821,0.95,,2,-98.136,8,60,8,617,0.4457
14.625,25.416,0.0,931.4,8.5,99.906,1.0,,3,-98.137,8,60,9,485,0.4412
13.834,15.006,0.0,862.63,8.5,99.423,0.8,,0,-98.275,9,60,2,181,0.4807
12.381,15.344,0.0,882.84,8.5,99.85,0.85,,0,-98.234,9,60,3,299,0.4615
12.557,15.016,0.0,759.46,8.5,99.933,0.9,,0,-98.481,9,60,3,295,0.4678
13.114,22.037,0.0,779.15,8.5,99.862,0.95,,2,-98.442,9,60,7,561,0.4545
13.59,24.484,0.0,659.97,8.5,99.92,1.0,,3,-98.68,9,60,7,398,0.4623
13.834,15.006,0.0,862.63,8.5,99.423,0.8,,0,-98.275,10,60,2,181,0.4807
12.381,15.344,0.0,882.84,8.5,99.85,0.85,,0,-98.234,10,60,3,299,0.4615
12.557,15.016,0.0,759.46,8.5,99.933,0.9,,0,-98.481,10,60,3,295,0.4678
13.114,22.037,0.0,779.15,8.5,99.862,0.95,,2,-98.442,10,60,7,561,0.4545
13.59,24.484,0.0,659.97,8.5,99.92,1.0,,3,-98.68,10,60,7,398,0.4623
14.597,19.116,0.0122,23107.4,9.0,78.974,0.8,,2,-53.785,1,5,9,1932,0.4343
14.464,19.986,0.0,67340.22,9.0,62.031,0.85,,5,34.68,1,5,9,1270,0.4362
14.769,21.265,0.0,91594.96,9.0,50.998,0.9,,4,83.19,1,5,9,980,0.4398
14.8,22.865,0.0,130899.61,9.0,56.433,0.95,,6,161.799,1,5,9,733,0.4407
15.193,25.354,0.0,157621.32,9.0,48.72,1.0,,7,215.243,1,5,9,522,0.4425
14.349,18.468,0.0775,4029.16,9.0,96.254,0.8,,2,-91.942,2,5,9,1782,0.431
14.464,19.986,0.0,29838.16,9.0,88.427,0.85,,4,-40.324,2,5,9,1270,0.4362
14.769,21.265,0.0,82639.25,9.0,80.208,0.9,,4,65.278,2,5,9,980,0.4398
14.8,22.865,0.0,188061.88,9.0,84.013,0.95,,6,276.124,2,5,9,733,0.4407
15.193,25.354,0.0,289003.36,9.0,75.558,1.0,,6,478.007,2,5,9,522,0.4425
13.778,18.109,0.0,2690.41,9.0,98.079,0.8,,0,-94.619,3,5,7,1581,0.4383
14.464,19.986,0.0,7524.09,9.0,97.93,0.85,,4,-84.952,3,5,9,1270,0.4362
14.769,21.265,0.0,35675.9,9.0,93.416,0.9,,4,-28.648,3,5,9,980,0.4398
14.8,22.865,0.0,140540.71,9.0,95.03,0.95,,5,181.081,3,5,9,733,0.4407
15.193,25.354,0.0,328045.25,9.0,89.021,1.0,,6,556.09,3,5,9,522,0.4425
12.527,14.698,0.0,1954.1,9.0,98.907,0.8,,0,-96.092,4,5,5,969,0.4561
14.026,19.11,0.0,1908.69,9.0,99.281,0.85,,3,-96.183,4,5,8,1122,0.4385
14.769,21.265,0.0,10568.3,9.0,98.455,0.9,,3,-78.863,4,5,9,980,0.4398
14.8,22.865,0.0,63309.28,9.0,98.644,0.95,,5,26.619,4,5,9,733,0.4407
15.193,25.354,0.0,227124.5,9.0,95.941,1.0,,5,354.249,4,5,9,522,0.4425
12.738,14.618,0.0,1571.64,9.0,99.248,0.8,,0,-96.857,5,5,3,616,0.4562
13.664,19.07,0.0,1410.99,9.0,99.615,0.85,,3,-97.178,5,5,8,1071,0.4398
14.454,20.877,0.0,1610.22,9.0,99.644,0.9,,3,-96.78,5,5,9,918,0.4368
14.8,22.865,0.0,16009.66,9.0,99.68,0.95,,4,-67.981,5,5,9,733,0.4407
15.193,25.354,0.0,99561.31,9.0,98.761,1.0,,5,99.123,5,5,9,522,0.4425
12.848,14.862,0.0,1287.09,9.0,99.44,0.8,,0,-97.426,6,5,3,420,0.4524
12.551,16.275,0.0,1309.92,9.0,99.73,0.85,,2,-97.38,6,5,6,787,0.4447
14.326,20.592,0.0,1197.84,9.0,99.808,0.9,,3,-97.604,6,5,8,870,0.4448
14.618,22.766,0.0,1141.66,9.0,99.919,0.95,,4,-97.717,6,5,9,691,0.4327
15.193,25.354,0.0,25901.97,9.0,99.695,1.0,,5,-48.196,6,5,9,522,0.4425
12.614,15.193,0.0,1088.64,9.0,99.556,0.8,,0,-97.823,7,5,2,340,0.4471
12.375,16.106,0.015,1083.39,9.0,99.824,0.85,,1,-97.833,7,5,5,730,0.4521
12.64,15.167,0.0,1041.65,9.0,99.876,0.9,,1,-97.917,7,5,5,474,0.4599
14.446,22.83,0.0,1035.61,9.0,99.836,0.95,,2,-97.929,7,5,9,677,0.4402
15.193,25.354,0.0,3772.44,9.0,99.928,1.0,,5,-92.455,7,5,9,522,0.4425
13.185,14.77,0.0,1002.28,9.0,99.583,0.8,,0,-97.995,8,5,2,235,0.4596
12.225,15.577,0.0646,967.1,9.0,99.874,0.85,,1,-98.066,8,5,5,630,0.4651
12.694,14.891,0.0,954.76,9.0,99.913,0.9,,1,-98.09,8,5,4,337,0.4599
14.211,22.824,0.0,807.24,9.0,99.845,0.95,,2,-98.386,8,5,8,647,0.4467
14.919,25.497,0.0,523.47,9.0,99.956,1.0,,3,-98.953,8,5,9,490,0.4347
13.787,15.026,0.0,867.88,9.0,99.606,0.8,,0,-98.264,9,5,2,182,0.4835
12.35,15.41,0.0,871.81,9.0,99.905,0.85,,0,-98.256,9,5,3,299,0.4615
12.543,14.839,0.0,870.5,9.0,99.938,0.9,,0,-98.259,9,5,3,258,0.469
13.359,22.031,0.0,353.37,9.0,99.943,0.95,,2,-99.293,9,5,7,561,0.4563
13.616,24.574,0.0,290.64,9.0,99.962,1.0,,3,-99.419,9,5,7,398,0.4598
13.787,15.026,0.0,867.88,9.0,99.606,0.8,,0,-98.264,10,5,2,182,0.4835
12.35,15.41,0.0,871.81,9.0,99.905,0.85,,0,-98.256,10,5,3,299,0.4615
12.543,14.839,0.0,870.5,9.0,99.938,0.9,,0,-98.259,10,5,3,258,0.469
13.359,22.031,0.0,353.37,9.0,99.943,0.95,,2,-99.293,10,5,7,561,0.4563
13.616,24.574,0.0,290.64,9.0,99.962,1.0,,3,-99.419,10,5,7,398,0.4598
14.738,19.081,0.0332,26980.85,9.0,76.22,0.8,,2,-46.038,1,10,9,1932,0.4363
14.657,19.896,0.0,61424.26,9.0,61.87,0.85,,4,22.849,1,10,9,1270,0.4394
14.963,21.197,0.0,84833.22,9.0,50.555,0.9,,4,69.666,1,10,9,980,0.4418
15.006,22.764,0.0,127461.12,9.0,56.117,0.95,,6,154.922,1,10,9,733,0.4434
15.45,25.191,0.0,150014.34,9.0,48.814,1.0,,7,200.029,1,10,9,522,0.4464
14.431,18.434,0.0531,3954.88,9.0,96.049,0.8,,1,-92.09,2,10,9,1777,0.4344
14.657,19.896,0.0,26778.46,9.0,88.469,0.85,,4,-46.443,2,10,9,1270,0.4394
14.963,21.197,0.0,73322.07,9.0,80.356,0.9,,4,46.644,2,10,9,980,0.4418
15.006,22.764,0.0,170041.78,9.0,83.893,0.95,,6,240.084,2,10,9,733,0.4434
15.45,25.191,0.0,272561.41,9.0,75.492,1.0,,6,445.123,2,10,9,522,0.4464
13.872,18.01,0.051,2691.2,9.0,97.908,0.8,,1,-94.618,3,10,7,1555,0.4424
14.657,19.896,0.0,5124.31,9.0,98.34,0.85,,4,-89.751,3,10,9,1270,0.4394
14.963,21.197,0.0,27432.61,9.0,93.107,0.9,,4,-45.135,3,10,9,980,0.4418
15.006,22.764,0.0,124735.33,9.0,94.984,0.95,,6,149.471,3,10,9,733,0.4434
15.45,25.191,0.0,292698.05,9.0,89.002,1.0,,5,485.396,3,10,9,522,0.4464
12.723,14.673,0.0,1987.44,9.0,98.746,0.8,,0,-96.025,4,10,5,968,0.4607
14.204,19.033,0.0,1485.54,9.0,99.389,0.85,,3,-97.029,4,10,8,1117,0.4432
14.963,21.197,0.0,5404.4,9.0,98.833,0.9,,3,-89.191,4,10,9,980,0.4418
15.006,22.764,0.0,49462.93,9.0,98.676,0.95,,5,-1.074,4,10,9,733,0.4434
15.45,25.191,0.0,194065.51,9.0,95.943,1.0,,5,288.131,4,10,9,522,0.4464
12.807,14.535,0.0,1617.31,9.0,99.12,0.8,,0,-96.765,5,10,4,765,0.4614
13.888,18.973,0.0,1413.09,9.0,99.569,0.85,,3,-97.174,5,10,8,1071,0.4435
14.701,20.849,0.0,1602.61,9.0,99.618,0.9,,3,-96.795,5,10,9,911,0.4413
15.006,22.764,0.0,12077.94,9.0,99.689,0.95,,4,-75.844,5,10,9,733,0.4434
15.45,25.191,0.0,80468.11,9.0,98.77,1.0,,5,60.936,5,10,9,522,0.4464
13.038,14.772,0.0,1326.99,9.0,99.322,0.8,,0,-97.346,6,10,3,419,0.4582
12.709,16.053,0.0,1287.61,9.0,99.696,0.85,,3,-97.425,6,10,6,756,0.4524
14.395,20.52,0.0,1105.7,9.0,99.806,0.9,,2,-97.789,6,10,8,867,0.4487
15.006,22.764,0.0,4033.36,9.0,99.855,0.95,,4,-91.933,6,10,9,733,0.4434
15.45,25.191,0.0,20505.24,9.0,99.683,1.0,,5,-58.99,6,10,9,522,0.4464
12.921,15.08,0.0,1152.16,9.0,99.432,0.8,,0,-97.696,7,10,2,331,0.4622
12.606,15.82,0.032,1041.12,9.0,99.8,0.85,,1,-97.918,7,10,5,690,0.4623
12.91,15.088,0.0,1046.37,9.0,99.862,0.9,,1,-97.907,7,10,5,474,0.4641
14.667,22.721,0.0,1047.95,9.0,99.748,0.95,,2,-97.904,7,10,9,677,0.4431
15.45,25.191,0.0,3040.59,9.0,99.917,1.0,,5,-93.919,7,10,9,522,0.4464
13.514,14.679,0.0,986.26,9.0,99.472,0.8,,0,-98.027,8,10,2,235,0.4638
12.509,15.469,0.0382,925.1,9.0,99.854,0.85,,1,-98.15,8,10,5,630,0.4714
12.925,14.764,0.0753,933.76,9.0,99.904,0.9,,1,-98.132,8,10,3,309,0.4628
14.443,22.711,0.0,631.89,9.0,99.873,0.95,,2,-98.736,8,10,8,647,0.4498
14.917,25.32,0.0,1006.47,9.0,99.883,1.0,,3,-97.987,8,10,9,488,0.4406
14.301,14.91,0.0,822.99,9.0,99.518,0.8,,0,-98.354,9,10,1,180,0.4944
12.64,15.278,0.0,873.39,9.0,99.882,0.85,,0,-98.253,9,10,3,299,0.4682
12.886,15.354,0.0,864.99,9.0,99.929,0.9,,0,-98.27,9,10,3,237,0.4684
12.657,17.855,0.0,872.6,9.0,99.853,0.95,,1,-98.255,9,10,6,449,0.4499
13.949,24.378,0.0,682.02,9.0,99.907,1.0,,3,-98.636,9,10,7,398,0.4648
14.301,14.91,0.0,822.99,9.0,99.518,0.8,,0,-98.354,10,10,1,180,0.4944
12.64,15.278,0.0,873.39,9.0,99.882,0.85,,0,-98.253,10,10,3,299,0.4682
12.886,15.354,0.0,864.99,9.0,99.929,0.9,,0,-98.27,10,10,3,237,0.4684
12.657,17.855,0.0,872.6,9.0,99.853,0.95,,1,-98.255,10,10,6,449,0.4499
13.949,24.378,0.0,682.02,9.0,99.907,1.0,,3,-98.636,10,10,7,398,0.4648
14.738,19.081,0.0332,26980.85,9.0,76.22,0.8,,2,-46.038,1,15,9,1932,0.4363
14.657,19.896,0.0,61424.26,9.0,61.87,0.85,,4,22.849,1,15,9,1270,0.4394
14.963,21.197,0.0,84833.22,9.0,50.555,0.9,,4,69.666,1,15,9,980,0.4418
15.006,22.764,0.0,127461.12,9.0,56.117,0.95,,6,154.922,1,15,9,733,0.4434
15.45,25.191,0.0,150014.34,9.0,48.814,1.0,,7,200.029,1,15,9,522,0.4464
14.431,18.434,0.0531,3954.88,9.0,96.049,0.8,,1,-92.09,2,15,9,1777,0.4344
14.657,19.896,0.0,26778.46,9.0,88.469,0.85,,4,-46.443,2,15,9,1270,0.4394
14.963,21.197,0.0,73322.07,9.0,80.356,0.9,,4,46.644,2,15,9,980,0.4418
15.006,22.764,0.0,170041.78,9.0,83.893,0.95,,6,240.084,2,15,9,733,0.4434
15.45,25.191,0.0,272561.41,9.0,75.492,1.0,,6,445.123,2,15,9,522,0.4464
13.872,18.01,0.051,2691.2,9.0,97.908,0.8,,1,-94.618,3,15,7,1555,0.4424
14.657,19.896,0.0,5124.31,9.0,98.34,0.85,,4,-89.751,3,15,9,1270,0.4394
14.963,21.197,0.0,27432.61,9.0,93.107,0.9,,4,-45.135,3,15,9,980,0.4418
15.006,22.764,0.0,124735.33,9.0,94.984,0.95,,6,149.471,3,15,9,733,0.4434
15.45,25.191,0.0,292698.05,9.0,89.002,1.0,,5,485.396,3,15,9,522,0.4464
12.723,14.673,0.0,1987.44,9.0,98.746,0.8,,0,-96.025,4,15,5,968,0.4607
14.204,19.033,0.0,1485.54,9.0,99.389,0.85,,3,-97.029,4,15,8,1117,0.4432
14.963,21.197,0.0,5404.4,9.0,98.833,0.9,,3,-89.191,4,15,9,980,0.4418
15.006,22.764,0.0,49462.93,9.0,98.676,0.95,,5,-1.074,4,15,9,733,0.4434
15.45,25.191,0.0,194065.51,9.0,95.943,1.0,,5,288.131,4,15,9,522,0.4464
12.807,14.535,0.0,1617.31,9.0,99.12,0.8,,0,-96.765,5,15,4,765,0.4614
13.888,18.973,0.0,1413.09,9.0,99.569,0.85,,3,-97.174,5,15,8,1071,0.4435
14.701,20.849,0.0,1602.61,9.0,99.618,0.9,,3,-96.795,5,15,9,911,0.4413
15.006,22.764,0.0,12077.94,9.0,99.689,0.95,,4,-75.844,5,15,9,733,0.4434
15.45,25.191,0.0,80468.11,9.0,98.77,1.0,,5,60.936,5,15,9,522,0.4464
13.038,14.772,0.0,1326.99,9.0,99.322,0.8,,0,-97.346,6,15,3,419,0.4582
12.709,16.053,0.0,1287.61,9.0,99.696,0.85,,3,-97.425,6,15,6,756,0.4524
14.395,20.52,0.0,1105.7,9.0,99.806,0.9,,2,-97.789,6,15,8,867,0.4487
15.006,22.764,0.0,4033.36,9.0,99.855,0.95,,4,-91.933,6,15,9,733,0.4434
15.45,25.191,0.0,20505.24,9.0,99.683,1.0,,5,-58.99,6,15,9,522,0.4464
12.921,15.08,0.0,1152.16,9.0,99.432,0.8,,0,-97.696,7,15,2,331,0.4622
12.606,15.82,0.032,1041.12,9.0,99.8,0.85,,1,-97.918,7,15,5,690,0.4623
12.91,15.088,0.0,1046.37,9.0,99.862,0.9,,1,-97.907,7,15,5,474,0.4641
14.667,22.721,0.0,1047.95,9.0,99.748,0.95,,2,-97.904,7,15,9,677,0.4431
15.45,25.191,0.0,3040.59,9.0,99.917,1.0,,5,-93.919,7,15,9,522,0.4464
13.514,14.679,0.0,986.26,9.0,99.472,0.8,,0,-98.027,8,15,2,235,0.4638
12.509,15.469,0.0382,925.1,9.0,99.854,0.85,,1,-98.15,8,15,5,630,0.4714
12.925,14.764,0.0753,933.76,9.0,99.904,0.9,,1,-98.132,8,15,3,309,0.4628
14.443,22.711,0.0,631.89,9.0,99.873,0.95,,2,-98.736,8,15,8,647,0.4498
14.917,25.32,0.0,1006.47,9.0,99.883,1.0,,3,-97.987,8,15,9,488,0.4406
14.301,14.91,0.0,822.99,9.0,99.518,0.8,,0,-98.354,9,15,1,180,0.4944
12.64,15.278,0.0,873.39,9.0,99.882,0.85,,0,-98.253,9,15,3,299,0.4682
12.886,15.354,0.0,864.99,9.0,99.929,0.9,,0,-98.27,9,15,3,237,0.4684
12.657,17.855,0.0,872.6,9.0,99.853,0.95,,1,-98.255,9,15,6,449,0.4499
13.949,24.378,0.0,682.02,9.0,99.907,1.0,,3,-98.636,9,15,7,398,0.4648
14.301,14.91,0.0,822.99,9.0,99.518,0.8,,0,-98.354,10,15,1,180,0.4944
12.64,15.278,0.0,873.39,9.0,99.882,0.85,,0,-98.253,10,15,3,299,0.4682
12.886,15.354,0.0,864.99,9.0,99.929,0.9,,0,-98.27,10,15,3,237,0.4684
12.657,17.855,0.0,872.6,9.0,99.853,0.95,,1,-98.255,10,15,6,449,0.4499
13.949,24.378,0.0,682.02,9.0,99.907,1.0,,3,-98.636,10,15,7,398,0.4648
14.738,19.081,0.0332,26980.85,9.0,76.22,0.8,,2,-46.038,1,20,9,1932,0.4363
14.657,19.896,0.0,61424.26,9.0,61.87,0.85,,4,22.849,1,20,9,1270,0.4394
14.963,21.197,0.0,84833.22,9.0,50.555,0.9,,4,69.666,1,20,9,980,0.4418
15.006,22.764,0.0,127461.12,9.0,56.117,0.95,,6,154.922,1,20,9,733,0.4434
15.45,25.191,0.0,150014.34,9.0,48.814,1.0,,7,200.029,1,20,9,522,0.4464
14.431,18.434,0.0531,3954.88,9.0,96.049,0.8,,1,-92.09,2,20,9,1777,0.4344
14.657,19.896,0.0,26778.46,9.0,88.469,0.85,,4,-46.443,2,20,9,1270,0.4394
14.963,21.197,0.0,73322.07,9.0,80.356,0.9,,4,46.644,2,20,9,980,0.4418
15.006,22.764,0.0,170041.78,9.0,83.893,0.95,,6,240.084,2,20,9,733,0.4434
15.45,25.191,0.0,272561.41,9.0,75.492,1.0,,6,445.123,2,20,9,522,0.4464
13.872,18.01,0.051,2691.2,9.0,97.908,0.8,,1,-94.618,3,20,7,1555,0.4424
14.657,19.896,0.0,5124.31,9.0,98.34,0.85,,4,-89.751,3,20,9,1270,0.4394
14.963,21.197,0.0,27432.61,9.0,93.107,0.9,,4,-45.135,3,20,9,980,0.4418
15.006,22.764,0.0,124735.33,9.0,94.984,0.95,,6,149.471,3,20,9,733,0.4434
15.45,25.191,0.0,292698.05,9.0,89.002,1.0,,5,485.396,3,20,9,522,0.4464
12.723,14.673,0.0,1987.44,9.0,98.746,0.8,,0,-96.025,4,20,5,968,0.4607
14.204,19.033,0.0,1485.54,9.0,99.389,0.85,,3,-97.029,4,20,8,1117,0.4432
14.963,21.197,0.0,5404.4,9.0,98.833,0.9,,3,-89.191,4,20,9,980,0.4418
15.006,22.764,0.0,49462.93,9.0,98.676,0.95,,5,-1.074,4,20,9,733,0.4434
15.45,25.191,0.0,194065.51,9.0,95.943,1.0,,5,288.131,4,20,9,522,0.4464
12.807,14.535,0.0,1617.31,9.0,99.12,0.8,,0,-96.765,5,20,4,765,0.4614
13.888,18.973,0.0,1413.09,9.0,99.569,0.85,,3,-97.174,5,20,8,1071,0.4435
14.701,20.849,0.0,1602.61,9.0,99.618,0.9,,3,-96.795,5,20,9,911,0.4413
15.006,22.764,0.0,12077.94,9.0,99.689,0.95,,4,-75.844,5,20,9,733,0.4434
15.45,25.191,0.0,80468.11,9.0,98.77,1.0,,5,60.936,5,20,9,522,0.4464
13.038,14.772,0.0,1326.99,9.0,99.322,0.8,,0,-97.346,6,20,3,419,0.4582
12.709,16.053,0.0,1287.61,9.0,99.696,0.85,,3,-97.425,6,20,6,756,0.4524
14.395,20.52,0.0,1105.7,9.0,99.806,0.9,,2,-97.789,6,20,8,867,0.4487
15.006,22.764,0.0,4033.36,9.0,99.855,0.95,,4,-91.933,6,20,9,733,0.4434
15.45,25.191,0.0,20505.24,9.0,99.683,1.0,,5,-58.99,6,20,9,522,0.4464
12.921,15.08,0.0,1152.16,9.0,99.432,0.8,,0,-97.696,7,20,2,331,0.4622
12.606,15.82,0.032,1041.12,9.0,99.8,0.85,,1,-97.918,7,20,5,690,0.4623
12.91,15.088,0.0,1046.37,9.0,99.862,0.9,,1,-97.907,7,20,5,474,0.4641
14.667,22.721,0.0,1047.95,9.0,99.748,0.95,,2,-97.904,7,20,9,677,0.4431
15.45,25.191,0.0,3040.59,9.0,99.917,1.0,,5,-93.919,7,20,9,522,0.4464
13.514,14.679,0.0,986.26,9.0,99.472,0.8,,0,-98.027,8,20,2,235,0.4638
12.509,15.469,0.0382,925.1,9.0,99.854,0.85,,1,-98.15,8,20,5,630,0.4714
12.925,14.764,0.0753,933.76,9.0,99.904,0.9,,1,-98.132,8,20,3,309,0.4628
14.443,22.711,0.0,631.89,9.0,99.873,0.95,,2,-98.736,8,20,8,647,0.4498
14.917,25.32,0.0,1006.47,9.0,99.883,1.0,,3,-97.987,8,20,9,488,0.4406
14.301,14.91,0.0,822.99,9.0,99.518,0.8,,0,-98.354,9,20,1,180,0.4944
12.64,15.278,0.0,873.39,9.0,99.882,0.85,,0,-98.253,9,20,3,299,0.4682
12.886,15.354,0.0,864.99,9.0,99.929,0.9,,0,-98.27,9,20,3,237,0.4684
12.657,17.855,0.0,872.6,9.0,99.853,0.95,,1,-98.255,9,20,6,449,0.4499
13.949,24.378,0.0,682.02,9.0,99.907,1.0,,3,-98.636,9,20,7,398,0.4648
14.301,14.91,0.0,822.99,9.0,99.518,0.8,,0,-98.354,10,20,1,180,0.4944
12.64,15.278,0.0,873.39,9.0,99.882,0.85,,0,-98.253,10,20,3,299,0.4682
12.886,15.354,0.0,864.99,9.0,99.929,0.9,,0,-98.27,10,20,3,237,0.4684
12.657,17.855,0.0,872.6,9.0,99.853,0.95,,1,-98.255,10,20,6,449,0.4499
13.949,24.378,0.0,682.02,9.0,99.907,1.0,,3,-98.636,10,20,7,398,0.4648
14.738,19.081,0.0332,26980.85,9.0,76.22,0.8,,2,-46.038,1,25,9,1932,0.4363
14.657,19.896,0.0,61424.26,9.0,61.87,0.85,,4,22.849,1,25,9,1270,0.4394
14.963,21.197,0.0,84833.22,9.0,50.555,0.9,,4,69.666,1,25,9,980,0.4418
15.006,22.764,0.0,127461.12,9.0,56.117,0.95,,6,154.922,1,25,9,733,0.4434
15.45,25.191,0.0,150014.34,9.0,48.814,1.0,,7,200.029,1,25,9,522,0.4464
14.431,18.434,0.0531,3954.88,9.0,96.049,0.8,,1,-92.09,2,25,9,1777,0.4344
14.657,19.896,0.0,26778.46,9.0,88.469,0.85,,4,-46.443,2,25,9,1270,0.4394
14.963,21.197,0.0,73322.07,9.0,80.356,0.9,,4,46.644,2,25,9,980,0.4418
15.006,22.764,0.0,170041.78,9.0,83.893,0.95,,6,240.084,2,25,9,733,0.4434
15.45,25.191,0.0,272561.41,9.0,75.492,1.0,,6,445.123,2,25,9,522,0.4464
13.872,18.01,0.051,2691.2,9.0,97.908,0.8,,1,-94.618,3,25,7,1555,0.4424
14.657,19.896,0.0,5124.31,9.0,98.34,0.85,,4,-89.751,3,25,9,1270,0.4394
14.963,21.197,0.0,27432.61,9.0,93.107,0.9,,4,-45.135,3,25,9,980,0.4418
15.006,22.764,0.0,124735.33,9.0,94.984,0.95,,6,149.471,3,25,9,733,0.4434
15.45,25.191,0.0,292698.05,9.0,89.002,1.0,,5,485.396,3,25,9,522,0.4464
12.723,14.673,0.0,1987.44,9.0,98.746,0.8,,0,-96.025,4,25,5,968,0.4607
14.204,19.033,0.0,1485.54,9.0,99.389,0.85,,3,-97.029,4,25,8,1117,0.4432
14.963,21.197,0.0,5404.4,9.0,98.833,0.9,,3,-89.191,4,25,9,980,0.4418
15.006,22.764,0.0,49462.93,9.0,98.676,0.95,,5,-1.074,4,25,9,733,0.4434
15.45,25.191,0.0,194065.51,9.0,95.943,1.0,,5,288.131,4,25,9,522,0.4464
12.807,14.535,0.0,1617.31,9.0,99.12,0.8,,0,-96.765,5,25,4,765,0.4614
13.888,18.973,0.0,1413.09,9.0,99.569,0.85,,3,-97.174,5,25,8,1071,0.4435
14.701,20.849,0.0,1602.61,9.0,99.618,0.9,,3,-96.795,5,25,9,911,0.4413
15.006,22.764,0.0,12077.94,9.0,99.689,0.95,,4,-75.844,5,25,9,733,0.4434
15.45,25.191,0.0,80468.11,9.0,98.77,1.0,,5,60.936,5,25,9,522,0.4464
13.038,14.772,0.0,1326.99,9.0,99.322,0.8,,0,-97.346,6,25,3,419,0.4582
12.709,16.053,0.0,1287.61,9.0,99.696,0.85,,3,-97.425,6,25,6,756,0.4524
14.395,20.52,0.0,1105.7,9.0,99.806,0.9,,2,-97.789,6,25,8,867,0.4487
15.006,22.764,0.0,4033.36,9.0,99.855,0.95,,4,-91.933,6,25,9,733,0.4434
15.45,25.191,0.0,20505.24,9.0,99.683,1.0,,5,-58.99,6,25,9,522,0.4464
12.921,15.08,0.0,1152.16,9.0,99.432,0.8,,0,-97.696,7,25,2,331,0.4622
12.606,15.82,0.032,1041.12,9.0,99.8,0.85,,1,-97.918,7,25,5,690,0.4623
12.91,15.088,0.0,1046.37,9.0,99.862,0.9,,1,-97.907,7,25,5,474,0.4641
14.667,22.721,0.0,1047.95,9.0,99.748,0.95,,2,-97.904,7,25,9,677,0.4431
15.45,25.191,0.0,3040.59,9.0,99.917,1.0,,5,-93.919,7,25,9,522,0.4464
13.514,14.679,0.0,986.26,9.0,99.472,0.8,,0,-98.027,8,25,2,235,0.4638
12.509,15.469,0.0382,925.1,9.0,99.854,0.85,,1,-98.15,8,25,5,630,0.4714
12.925,14.764,0.0753,933.76,9.0,99.904,0.9,,1,-98.132,8,25,3,309,0.4628
14.443,22.711,0.0,631.89,9.0,99.873,0.95,,2,-98.736,8,25,8,647,0.4498
14.917,25.32,0.0,1006.47,9.0,99.883,1.0,,3,-97.987,8,25,9,488,0.4406
14.301,14.91,0.0,822.99,9.0,99.518,0.8,,0,-98.354,9,25,1,180,0.4944
12.64,15.278,0.0,873.39,9.0,99.882,0.85,,0,-98.253,9,25,3,299,0.4682
12.886,15.354,0.0,864.99,9.0,99.929,0.9,,0,-98.27,9,25,3,237,0.4684
12.657,17.855,0.0,872.6,9.0,99.853,0.95,,1,-98.255,9,25,6,449,0.4499
13.949,24.378,0.0,682.02,9.0,99.907,1.0,,3,-98.636,9,25,7,398,0.4648
14.301,14.91,0.0,822.99,9.0,99.518,0.8,,0,-98.354,10,25,1,180,0.4944
12.64,15.278,0.0,873.39,9.0,99.882,0.85,,0,-98.253,10,25,3,299,0.4682
12.886,15.354,0.0,864.99,9.0,99.929,0.9,,0,-98.27,10,25,3,237,0.4684
12.657,17.855,0.0,872.6,9.0,99.853,0.95,,1,-98.255,10,25,6,449,0.4499
13.949,24.378,0.0,682.02,9.0,99.907,1.0,,3,-98.636,10,25,7,398,0.4648
14.738,19.081,0.0332,26980.85,9.0,76.22,0.8,,2,-46.038,1,30,9,1932,0.4363
14.657,19.896,0.0,61424.26,9.0,61.87,0.85,,4,22.849,1,30,9,1270,0.4394
14.963,21.197,0.0,84833.22,9.0,50.555,0.9,,4,69.666,1,30,9,980,0.4418
15.006,22.764,0.0,127461.12,9.0,56.117,0.95,,6,154.922,1,30,9,733,0.4434
15.45,25.191,0.0,150014.34,9.0,48.814,1.0,,7,200.029,1,30,9,522,0.4464
14.431,18.434,0.0531,3954.88,9.0,96.049,0.8,,1,-92.09,2,30,9,1777,0.4344
14.657,19.896,0.0,26778.46,9.0,88.469,0.85,,4,-46.443,2,30,9,1270,0.4394
14.963,21.197,0.0,73322.07,9.0,80.356,0.9,,4,46.644,2,30,9,980,0.4418
15.006,22.764,0.0,170041.78,9.0,83.893,0.95,,6,240.084,2,30,9,733,0.4434
15.45,25.191,0.0,272561.41,9.0,75.492,1.0,,6,445.123,2,30,9,522,0.4464
13.872,18.01,0.051,2691.2,9.0,97.908,0.8,,1,-94.618,3,30,7,1555,0.4424
14.657,19.896,0.0,5124.31,9.0,98.34,0.85,,4,-89.751,3,30,9,1270,0.4394
14.963,21.197,0.0,27432.61,9.0,93.107,0.9,,4,-45.135,3,30,9,980,0.4418
15.006,22.764,0.0,124735.33,9.0,94.984,0.95,,6,149.471,3,30,9,733,0.4434
15.45,25.191,0.0,292698.05,9.0,89.002,1.0,,5,485.396,3,30,9,522,0.4464
12.723,14.673,0.0,1987.44,9.0,98.746,0.8,,0,-96.025,4,30,5,968,0.4607
14.204,19.033,0.0,1485.54,9.0,99.389,0.85,,3,-97.029,4,30,8,1117,0.4432
14.963,21.197,0.0,5404.4,9.0,98.833,0.9,,3,-89.191,4,30,9,980,0.4418
15.006,22.764,0.0,49462.93,9.0,98.676,0.95,,5,-1.074,4,30,9,733,0.4434
15.45,25.191,0.0,194065.51,9.0,95.943,1.0,,5,288.131,4,30,9,522,0.4464
12.807,14.535,0.0,1617.31,9.0,99.12,0.8,,0,-96.765,5,30,4,765,0.4614
13.888,18.973,0.0,1413.09,9.0,99.569,0.85,,3,-97.174,5,30,8,1071,0.4435
14.701,20.849,0.0,1602.61,9.0,99.618,0.9,,3,-96.795,5,30,9,911,0.4413
15.006,22.764,0.0,12077.94,9.0,99.689,0.95,,4,-75.844,5,30,9,733,0.4434
15.45,25.191,0.0,80468.11,9.0,98.77,1.0,,5,60.936,5,30,9,522,0.4464
13.038,14.772,0.0,1326.99,9.0,99.322,0.8,,0,-97.346,6,30,3,419,0.4582
12.709,16.053,0.0,1287.61,9.0,99.696,0.85,,3,-97.425,6,30,6,756,0.4524
14.395,20.52,0.0,1105.7,9.0,99.806,0.9,,2,-97.789,6,30,8,867,0.4487
15.006,22.764,0.0,4033.36,9.0,99.855,0.95,,4,-91.933,6,30,9,733,0.4434
15.45,25.191,0.0,20505.24,9.0,99.683,1.0,,5,-58.99,6,30,9,522,0.4464
12.921,15.08,0.0,1152.16,9.0,99.432,0.8,,0,-97.696,7,30,2,331,0.4622
12.606,15.82,0.032,1041.12,9.0,99.8,0.85,,1,-97.918,7,30,5,690,0.4623
12.91,15.088,0.0,1046.37,9.0,99.862,0.9,,1,-97.907,7,30,5,474,0.4641
14.667,22.721,0.0,1047.95,9.0,99.748,0.95,,2,-97.904,7,30,9,677,0.4431
15.45,25.191,0.0,3040.59,9.0,99.917,1.0,,5,-93.919,7,30,9,522,0.4464
13.514,14.679,0.0,986.26,9.0,99.472,0.8,,0,-98.027,8,30,2,235,0.4638
12.509,15.469,0.0382,925.1,9.0,99.854,0.85,,1,-98.15,8,30,5,630,0.4714
12.925,14.764,0.0753,933.76,9.0,99.904,0.9,,1,-98.132,8,30,3,309,0.4628
14.443,22.711,0.0,631.89,9.0,99.873,0.95,,2,-98.736,8,30,8,647,0.4498
14.917,25.32,0.0,1006.47,9.0,99.883,1.0,,3,-97.987,8,30,9,488,0.4406
14.301,14.91,0.0,822.99,9.0,99.518,0.8,,0,-98.354,9,30,1,180,0.4944
12.64,15.278,0.0,873.39,9.0,99.882,0.85,,0,-98.253,9,30,3,299,0.4682
12.886,15.354,0.0,864.99,9.0,99.929,0.9,,0,-98.27,9,30,3,237,0.4684
12.657,17.855,0.0,872.6,9.0,99.853,0.95,,1,-98.255,9,30,6,449,0.4499
13.949,24.378,0.0,682.02,9.0,99.907,1.0,,3,-98.636,9,30,7,398,0.4648
14.301,14.91,0.0,822.99,9.0,99.518,0.8,,0,-98.354,10,30,1,180,0.4944
12.64,15.278,0.0,873.39,9.0,99.882,0.85,,0,-98.253,10,30,3,299,0.4682
12.886,15.354,0.0,864.99,9.0,99.929,0.9,,0,-98.27,10,30,3,237,0.4684
12.657,17.855,0.0,872.6,9.0,99.853,0.95,,1,-98.255,10,30,6,449,0.4499
13.949,24.378,0.0,682.02,9.0,99.907,1.0,,3,-98.636,10,30,7,398,0.4648
14.738,19.081,0.0332,26980.85,9.0,76.22,0.8,,2,-46.038,1,35,9,1932,0.4363
14.657,19.896,0.0,61424.26,9.0,61.87,0.85,,4,22.849,1,35,9,1270,0.4394
14.963,21.197,0.0,84833.22,9.0,50.555,0.9,,4,69.666,1,35,9,980,0.4418
15.006,22.764,0.0,127461.12,9.0,56.117,0.95,,6,154.922,1,35,9,733,0.4434
15.45,25.191,0.0,150014.34,9.0,48.814,1.0,,7,200.029,1,35,9,522,0.4464
14.431,18.434,0.0531,3954.88,9.0,96.049,0.8,,1,-92.09,2,35,9,1777,0.4344
14.657,19.896,0.0,26778.46,9.0,88.469,0.85,,4,-46.443,2,35,9,1270,0.4394
14.963,21.197,0.0,73322.07,9.0,80.356,0.9,,4,46.644,2,35,9,980,0.4418
15.006,22.764,0.0,170041.78,9.0,83.893,0.95,,6,240.084,2,35,9,733,0.4434
15.45,25.191,0.0,272561.41,9.0,75.492,1.0,,6,445.123,2,35,9,522,0.4464
13.872,18.01,0.051,2691.2,9.0,97.908,0.8,,1,-94.618,3,35,7,1555,0.4424
14.657,19.896,0.0,5124.31,9.0,98.34,0.85,,4,-89.751,3,35,9,1270,0.4394
14.963,21.197,0.0,27432.61,9.0,93.107,0.9,,4,-45.135,3,35,9,980,0.4418
15.006,22.764,0.0,124735.33,9.0,94.984,0.95,,6,149.471,3,35,9,733,0.4434
15.45,25.191,0.0,292698.05,9.0,89.002,1.0,,5,485.396,3,35,9,522,0.4464
12.723,14.673,0.0,1987.44,9.0,98.746,0.8,,0,-96.025,4,35,5,968,0.4607
14.204,19.033,0.0,1485.54,9.0,99.389,0.85,,3,-97.029,4,35,8,1117,0.4432
14.963,21.197,0.0,5404.4,9.0,98.833,0.9,,3,-89.191,4,35,9,980,0.4418
15.006,22.764,0.0,49462.93,9.0,98.676,0.95,,5,-1.074,4,35,9,733,0.4434
15.45,25.191,0.0,194065.51,9.0,95.943,1.0,,5,288.131,4,35,9,522,0.4464
12.807,14.535,0.0,1617.31,9.0,99.12,0.8,,0,-96.765,5,35,4,765,0.4614
13.888,18.973,0.0,1413.09,9.0,99.569,0.85,,3,-97.174,5,35,8,1071,0.4435
14.701,20.849,0.0,1602.61,9.0,99.618,0.9,,3,-96.795,5,35,9,911,0.4413
15.006,22.764,0.0,12077.94,9.0,99.689,0.95,,4,-75.844,5,35,9,733,0.4434
15.45,25.191,0.0,80468.11,9.0,98.77,1.0,,5,60.936,5,35,9,522,0.4464
13.038,14.772,0.0,1326.99,9.0,99.322,0.8,,0,-97.346,6,35,3,419,0.4582
12.709,16.053,0.0,1287.61,9.0,99.696,0.85,,3,-97.425,6,35,6,756,0.4524
14.395,20.52,0.0,1105.7,9.0,99.806,0.9,,2,-97.789,6,35,8,867,0.4487
15.006,22.764,0.0,4033.36,9.0,99.855,0.95,,4,-91.933,6,35,9,733,0.4434
15.45,25.191,0.0,20505.24,9.0,99.683,1.0,,5,-58.99,6,35,9,522,0.4464
12.921,15.08,0.0,1152.16,9.0,99.432,0.8,,0,-97.696,7,35,2,331,0.4622
12.606,15.82,0.032,1041.12,9.0,99.8,0.85,,1,-97.918,7,35,5,690,0.4623
12.91,15.088,0.0,1046.37,9.0,99.862,0.9,,1,-97.907,7,35,5,474,0.4641
14.667,22.721,0.0,1047.95,9.0,99.748,0.95,,2,-97.904,7,35,9,677,0.4431
15.45,25.191,0.0,3040.59,9.0,99.917,1.0,,5,-93.919,7,35,9,522,0.4464
13.514,14.679,0.0,986.26,9.0,99.472,0.8,,0,-98.027,8,35,2,235,0.4638
12.509,15.469,0.0382,925.1,9.0,99.854,0.85,,1,-98.15,8,35,5,630,0.4714
12.925,14.764,0.0753,933.76,9.0,99.904,0.9,,1,-98.132,8,35,3,309,0.4628
14.443,22.711,0.0,631.89,9.0,99.873,0.95,,2,-98.736,8,35,8,647,0.4498
14.917,25.32,0.0,1006.47,9.0,99.883,1.0,,3,-97.987,8,35,9,488,0.4406
14.301,14.91,0.0,822.99,9.0,99.518,0.8,,0,-98.354,9,35,1,180,0.4944
12.64,15.278,0.0,873.39,9.0,99.882,0.85,,0,-98.253,9,35,3,299,0.4682
12.886,15.354,0.0,864.99,9.0,99.929,0.9,,0,-98.27,9,35,3,237,0.4684
12.657,17.855,0.0,872.6,9.0,99.853,0.95,,1,-98.255,9,35,6,449,0.4499
13.949,24.378,0.0,682.02,9.0,99.907,1.0,,3,-98.636,9,35,7,398,0.4648
14.301,14.91,0.0,822.99,9.0,99.518,0.8,,0,-98.354,10,35,1,180,0.4944
12.64,15.278,0.0,873.39,9.0,99.882,0.85,,0,-98.253,10,35,3,299,0.4682
12.886,15.354,0.0,864.99,9.0,99.929,0.9,,0,-98.27,10,35,3,237,0.4684
12.657,17.855,0.0,872.6,9.0,99.853,0.95,,1,-98.255,10,35,6,449,0.4499
13.949,24.378,0.0,682.02,9.0,99.907,1.0,,3,-98.636,10,35,7,398,0.4648
14.738,19.081,0.0332,26980.85,9.0,76.22,0.8,,2,-46.038,1,40,9,1932,0.4363
14.657,19.896,0.0,61424.26,9.0,61.87,0.85,,4,22.849,1,40,9,1270,0.4394
14.963,21.197,0.0,84833.22,9.0,50.555,0.9,,4,69.666,1,40,9,980,0.4418
15.006,22.764,0.0,127461.12,9.0,56.117,0.95,,6,154.922,1,40,9,733,0.4434
15.45,25.191,0.0,150014.34,9.0,48.814,1.0,,7,200.029,1,40,9,522,0.4464
14.431,18.434,0.0531,3954.88,9.0,96.049,0.8,,1,-92.09,2,40,9,1777,0.4344
14.657,19.896,0.0,26778.46,9.0,88.469,0.85,,4,-46.443,2,40,9,1270,0.4394
14.963,21.197,0.0,73322.07,9.0,80.356,0.9,,4,46.644,2,40,9,980,0.4418
15.006,22.764,0.0,170041.78,9.0,83.893,0.95,,6,240.084,2,40,9,733,0.4434
15.45,25.191,0.0,272561.41,9.0,75.492,1.0,,6,445.123,2,40,9,522,0.4464
13.872,18.01,0.051,2691.2,9.0,97.908,0.8,,1,-94.618,3,40,7,1555,0.4424
14.657,19.896,0.0,5124.31,9.0,98.34,0.85,,4,-89.751,3,40,9,1270,0.4394
14.963,21.197,0.0,27432.61,9.0,93.107,0.9,,4,-45.135,3,40,9,980,0.4418
15.006,22.764,0.0,124735.33,9.0,94.984,0.95,,6,149.471,3,40,9,733,0.4434
15.45,25.191,0.0,292698.05,9.0,89.002,1.0,,5,485.396,3,40,9,522,0.4464
12.723,14.673,0.0,1987.44,9.0,98.746,0.8,,0,-96.025,4,40,5,968,0.4607
14.204,19.033,0.0,1485.54,9.0,99.389,0.85,,3,-97.029,4,40,8,1117,0.4432
14.963,21.197,0.0,5404.4,9.0,98.833,0.9,,3,-89.191,4,40,9,980,0.4418
15.006,22.764,0.0,49462.93,9.0,98.676,0.95,,5,-1.074,4,40,9,733,0.4434
15.45,25.191,0.0,194065.51,9.0,95.943,1.0,,5,288.131,4,40,9,522,0.4464
12.807,14.535,0.0,1617.31,9.0,99.12,0.8,,0,-96.765,5,40,4,765,0.4614
13.888,18.973,0.0,1413.09,9.0,99.569,0.85,,3,-97.174,5,40,8,1071,0.4435
14.701,20.849,0.0,1602.61,9.0,99.618,0.9,,3,-96.795,5,40,9,911,0.4413
15.006,22.764,0.0,12077.94,9.0,99.689,0.95,,4,-75.844,5,40,9,733,0.4434
15.45,25.191,0.0,80468.11,9.0,98.77,1.0,,5,60.936,5,40,9,522,0.4464
13.038,14.772,0.0,1326.99,9.0,99.322,0.8,,0,-97.346,6,40,3,419,0.4582
12.709,16.053,0.0,1287.61,9.0,99.696,0.85,,3,-97.425,6,40,6,756,0.4524
14.395,20.52,0.0,1105.7,9.0,99.806,0.9,,2,-97.789,6,40,8,867,0.4487
15.006,22.764,0.0,4033.36,9.0,99.855,0.95,,4,-91.933,6,40,9,733,0.4434
15.45,25.191,0.0,20505.24,9.0,99.683,1.0,,5,-58.99,6,40,9,522,0.4464
12.921,15.08,0.0,1152.16,9.0,99.432,0.8,,0,-97.696,7,40,2,331,0.4622
12.606,15.82,0.032,1041.12,9.0,99.8,0.85,,1,-97.918,7,40,5,690,0.4623
12.91,15.088,0.0,1046.37,9.0,99.862,0.9,,1,-97.907,7,40,5,474,0.4641
14.667,22.721,0.0,1047.95,9.0,99.748,0.95,,2,-97.904,7,40,9,677,0.4431
15.45,25.191,0.0,3040.59,9.0,99.917,1.0,,5,-93.919,7,40,9,522,0.4464
13.514,14.679,0.0,986.26,9.0,99.472,0.8,,0,-98.027,8,40,2,235,0.4638
12.509,15.469,0.0382,925.1,9.0,99.854,0.85,,1,-98.15,8,40,5,630,0.4714
12.925,14.764,0.0753,933.76,9.0,99.904,0.9,,1,-98.132,8,40,3,309,0.4628
14.443,22.711,0.0,631.89,9.0,99.873,0.95,,2,-98.736,8,40,8,647,0.4498
14.917,25.32,0.0,1006.47,9.0,99.883,1.0,,3,-97.987,8,40,9,488,0.4406
14.301,14.91,0.0,822.99,9.0,99.518,0.8,,0,-98.354,9,40,1,180,0.4944
12.64,15.278,0.0,873.39,9.0,99.882,0.85,,0,-98.253,9,40,3,299,0.4682
12.886,15.354,0.0,864.99,9.0,99.929,0.9,,0,-98.27,9,40,3,237,0.4684
12.657,17.855,0.0,872.6,9.0,99.853,0.95,,1,-98.255,9,40,6,449,0.4499
13.949,24.378,0.0,682.02,9.0,99.907,1.0,,3,-98.636,9,40,7,398,0.4648
14.301,14.91,0.0,822.99,9.0,99.518,0.8,,0,-98.354,10,40,1,180,0.4944
12.64,15.278,0.0,873.39,9.0,99.882,0.85,,0,-98.253,10,40,3,299,0.4682
12.886,15.354,0.0,864.99,9.0,99.929,0.9,,0,-98.27,10,40,3,237,0.4684
12.657,17.855,0.0,872.6,9.0,99.853,0.95,,1,-98.255,10,40,6,449,0.4499
13.949,24.378,0.0,682.02,9.0,99.907,1.0,,3,-98.636,10,40,7,398,0.4648
14.738,19.081,0.0332,26980.85,9.0,76.22,0.8,,2,-46.038,1,45,9,1932,0.4363
14.657,19.896,0.0,61424.26,9.0,61.87,0.85,,4,22.849,1,45,9,1270,0.4394
14.963,21.197,0.0,84833.22,9.0,50.555,0.9,,4,69.666,1,45,9,980,0.4418
15.006,22.764,0.0,127461.12,9.0,56.117,0.95,,6,154.922,1,45,9,733,0.4434
15.45,25.191,0.0,150014.34,9.0,48.814,1.0,,7,200.029,1,45,9,522,0.4464
14.431,18.434,0.0531,3954.88,9.0,96.049,0.8,,1,-92.09,2,45,9,1777,0.4344
14.657,19.896,0.0,26778.46,9.0,88.469,0.85,,4,-46.443,2,45,9,1270,0.4394
14.963,21.197,0.0,73322.07,9.0,80.356,0.9,,4,46.644,2,45,9,980,0.4418
15.006,22.764,0.0,170041.78,9.0,83.893,0.95,,6,240.084,2,45,9,733,0.4434
15.45,25.191,0.0,272561.41,9.0,75.492,1.0,,6,445.123,2,45,9,522,0.4464
13.872,18.01,0.051,2691.2,9.0,97.908,0.8,,1,-94.618,3,45,7,1555,0.4424
14.657,19.896,0.0,5124.31,9.0,98.34,0.85,,4,-89.751,3,45,9,1270,0.4394
14.963,21.197,0.0,27432.61,9.0,93.107,0.9,,4,-45.135,3,45,9,980,0.4418
15.006,22.764,0.0,124735.33,9.0,94.984,0.95,,6,149.471,3,45,9,733,0.4434
15.45,25.191,0.0,292698.05,9.0,89.002,1.0,,5,485.396,3,45,9,522,0.4464
12.723,14.673,0.0,1987.44,9.0,98.746,0.8,,0,-96.025,4,45,5,968,0.4607
14.204,19.033,0.0,1485.54,9.0,99.389,0.85,,3,-97.029,4,45,8,1117,0.4432
14.963,21.197,0.0,5404.4,9.0,98.833,0.9,,3,-89.191,4,45,9,980,0.4418
15.006,22.764,0.0,49462.93,9.0,98.676,0.95,,5,-1.074,4,45,9,733,0.4434
15.45,25.191,0.0,194065.51,9.0,95.943,1.0,,5,288.131,4,45,9,522,0.4464
12.807,14.535,0.0,1617.31,9.0,99.12,0.8,,0,-96.765,5,45,4,765,0.4614
13.888,18.973,0.0,1413.09,9.0,99.569,0.85,,3,-97.174,5,45,8,1071,0.4435
14.701,20.849,0.0,1602.61,9.0,99.618,0.9,,3,-96.795,5,45,9,911,0.4413
15.006,22.764,0.0,12077.94,9.0,99.689,0.95,,4,-75.844,5,45,9,733,0.4434
15.45,25.191,0.0,80468.11,9.0,98.77,1.0,,5,60.936,5,45,9,522,0.4464
13.038,14.772,0.0,1326.99,9.0,99.322,0.8,,0,-97.346,6,45,3,419,0.4582
12.709,16.053,0.0,1287.61,9.0,99.696,0.85,,3,-97.425,6,45,6,756,0.4524
14.395,20.52,0.0,1105.7,9.0,99.806,0.9,,2,-97.789,6,45,8,867,0.4487
15.006,22.764,0.0,4033.36,9.0,99.855,0.95,,4,-91.933,6,45,9,733,0.4434
15.45,25.191,0.0,20505.24,9.0,99.683,1.0,,5,-58.99,6,45,9,522,0.4464
12.921,15.08,0.0,1152.16,9.0,99.432,0.8,,0,-97.696,7,45,2,331,0.4622
12.606,15.82,0.032,1041.12,9.0,99.8,0.85,,1,-97.918,7,45,5,690,0.4623
12.91,15.088,0.0,1046.37,9.0,99.862,0.9,,1,-97.907,7,45,5,474,0.4641
14.667,22.721,0.0,1047.95,9.0,99.748,0.95,,2,-97.904,7,45,9,677,0.4431
15.45,25.191,0.0,3040.59,9.0,99.917,1.0,,5,-93.919,7,45,9,522,0.4464
13.514,14.679,0.0,986.26,9.0,99.472,0.8,,0,-98.027,8,45,2,235,0.4638
12.509,15.469,0.0382,925.1,9.0,99.854,0.85,,1,-98.15,8,45,5,630,0.4714
12.925,14.764,0.0753,933.76,9.0,99.904,0.9,,1,-98.132,8,45,3,309,0.4628
14.443,22.711,0.0,631.89,9.0,99.873,0.95,,2,-98.736,8,45,8,647,0.4498
14.917,25.32,0.0,1006.47,9.0,99.883,1.0,,3,-97.987,8,45,9,488,0.4406
14.301,14.91,0.0,822.99,9.0,99.518,0.8,,0,-98.354,9,45,1,180,0.4944
12.64,15.278,0.0,873.39,9.0,99.882,0.85,,0,-98.253,9,45,3,299,0.4682
12.886,15.354,0.0,864.99,9.0,99.929,0.9,,0,-98.27,9,45,3,237,0.4684
12.657,17.855,0.0,872.6,9.0,99.853,0.95,,1,-98.255,9,45,6,449,0.4499
13.949,24.378,0.0,682.02,9.0,99.907,1.0,,3,-98.636,9,45,7,398,0.4648
14.301,14.91,0.0,822.99,9.0,99.518,0.8,,0,-98.354,10,45,1,180,0.4944
12.64,15.278,0.0,873.39,9.0,99.882,0.85,,0,-98.253,10,45,3,299,0.4682
12.886,15.354,0.0,864.99,9.0,99.929,0.9,,0,-98.27,10,45,3,237,0.4684
12.657,17.855,0.0,872.6,9.0,99.853,0.95,,1,-98.255,10,45,6,449,0.4499
13.949,24.378,0.0,682.02,9.0,99.907,1.0,,3,-98.636,10,45,7,398,0.4648
14.738,19.081,0.0332,26980.85,9.0,76.22,0.8,,2,-46.038,1,50,9,1932,0.4363
14.657,19.896,0.0,61424.26,9.0,61.87,0.85,,4,22.849,1,50,9,1270,0.4394
14.963,21.197,0.0,84833.22,9.0,50.555,0.9,,4,69.666,1,50,9,980,0.4418
15.006,22.764,0.0,127461.12,9.0,56.117,0.95,,6,154.922,1,50,9,733,0.4434
15.45,25.191,0.0,150014.34,9.0,48.814,1.0,,7,200.029,1,50,9,522,0.4464
14.431,18.434,0.0531,3954.88,9.0,96.049,0.8,,1,-92.09,2,50,9,1777,0.4344
14.657,19.896,0.0,26778.46,9.0,88.469,0.85,,4,-46.443,2,50,9,1270,0.4394
14.963,21.197,0.0,73322.07,9.0,80.356,0.9,,4,46.644,2,50,9,980,0.4418
15.006,22.764,0.0,170041.78,9.0,83.893,0.95,,6,240.084,2,50,9,733,0.4434
15.45,25.191,0.0,272561.41,9.0,75.492,1.0,,6,445.123,2,50,9,522,0.4464
13.872,18.01,0.051,2691.2,9.0,97.908,0.8,,1,-94.618,3,50,7,1555,0.4424
14.657,19.896,0.0,5124.31,9.0,98.34,0.85,,4,-89.751,3,50,9,1270,0.4394
14.963,21.197,0.0,27432.61,9.0,93.107,0.9,,4,-45.135,3,50,9,980,0.4418
15.006,22.764,0.0,124735.33,9.0,94.984,0.95,,6,149.471,3,50,9,733,0.4434
15.45,25.191,0.0,292698.05,9.0,89.002,1.0,,5,485.396,3,50,9,522,0.4464
12.723,14.673,0.0,1987.44,9.0,98.746,0.8,,0,-96.025,4,50,5,968,0.4607
14.204,19.033,0.0,1485.54,9.0,99.389,0.85,,3,-97.029,4,50,8,1117,0.4432
14.963,21.197,0.0,5404.4,9.0,98.833,0.9,,3,-89.191,4,50,9,980,0.4418
15.006,22.764,0.0,49462.93,9.0,98.676,0.95,,5,-1.074,4,50,9,733,0.4434
15.45,25.191,0.0,194065.51,9.0,95.943,1.0,,5,288.131,4,50,9,522,0.4464
12.807,14.535,0.0,1617.31,9.0,99.12,0.8,,0,-96.765,5,50,4,765,0.4614
13.888,18.973,0.0,1413.09,9.0,99.569,0.85,,3,-97.174,5,50,8,1071,0.4435
14.701,20.849,0.0,1602.61,9.0,99.618,0.9,,3,-96.795,5,50,9,911,0.4413
15.006,22.764,0.0,12077.94,9.0,99.689,0.95,,4,-75.844,5,50,9,733,0.4434
15.45,25.191,0.0,80468.11,9.0,98.77,1.0,,5,60.936,5,50,9,522,0.4464
13.038,14.772,0.0,1326.99,9.0,99.322,0.8,,0,-97.346,6,50,3,419,0.4582
12.709,16.053,0.0,1287.61,9.0,99.696,0.85,,3,-97.425,6,50,6,756,0.4524
14.395,20.52,0.0,1105.7,9.0,99.806,0.9,,2,-97.789,6,50,8,867,0.4487
15.006,22.764,0.0,4033.36,9.0,99.855,0.95,,4,-91.933,6,50,9,733,0.4434
15.45,25.191,0.0,20505.24,9.0,99.683,1.0,,5,-58.99,6,50,9,522,0.4464
12.921,15.08,0.0,1152.16,9.0,99.432,0.8,,0,-97.696,7,50,2,331,0.4622
12.606,15.82,0.032,1041.12,9.0,99.8,0.85,,1,-97.918,7,50,5,690,0.4623
12.91,15.088,0.0,1046.37,9.0,99.862,0.9,,1,-97.907,7,50,5,474,0.4641
14.667,22.721,0.0,1047.95,9.0,99.748,0.95,,2,-97.904,7,50,9,677,0.4431
15.45,25.191,0.0,3040.59,9.0,99.917,1.0,,5,-93.919,7,50,9,522,0.4464
13.514,14.679,0.0,986.26,9.0,99.472,0.8,,0,-98.027,8,50,2,235,0.4638
12.509,15.469,0.0382,925.1,9.0,99.854,0.85,,1,-98.15,8,50,5,630,0.4714
12.925,14.764,0.0753,933.76,9.0,99.904,0.9,,1,-98.132,8,50,3,309,0.4628
14.443,22.711,0.0,631.89,9.0,99.873,0.95,,2,-98.736,8,50,8,647,0.4498
14.917,25.32,0.0,1006.47,9.0,99.883,1.0,,3,-97.987,8,50,9,488,0.4406
14.301,14.91,0.0,822.99,9.0,99.518,0.8,,0,-98.354,9,50,1,180,0.4944
12.64,15.278,0.0,873.39,9.0,99.882,0.85,,0,-98.253,9,50,3,299,0.4682
12.886,15.354,0.0,864.99,9.0,99.929,0.9,,0,-98.27,9,50,3,237,0.4684
12.657,17.855,0.0,872.6,9.0,99.853,0.95,,1,-98.255,9,50,6,449,0.4499
13.949,24.378,0.0,682.02,9.0,99.907,1.0,,3,-98.636,9,50,7,398,0.4648
14.301,14.91,0.0,822.99,9.0,99.518,0.8,,0,-98.354,10,50,1,180,0.4944
12.64,15.278,0.0,873.39,9.0,99.882,0.85,,0,-98.253,10,50,3,299,0.4682
12.886,15.354,0.0,864.99,9.0,99.929,0.9,,0,-98.27,10,50,3,237,0.4684
12.657,17.855,0.0,872.6,9.0,99.853,0.95,,1,-98.255,10,50,6,449,0.4499
13.949,24.378,0.0,682.02,9.0,99.907,1.0,,3,-98.636,10,50,7,398,0.4648
14.738,19.081,0.0332,26980.85,9.0,76.22,0.8,,2,-46.038,1,55,9,1932,0.4363
14.657,19.896,0.0,61424.26,9.0,61.87,0.85,,4,22.849,1,55,9,1270,0.4394
14.963,21.197,0.0,84833.22,9.0,50.555,0.9,,4,69.666,1,55,9,980,0.4418
15.006,22.764,0.0,127461.12,9.0,56.117,0.95,,6,154.922,1,55,9,733,0.4434
15.45,25.191,0.0,150014.34,9.0,48.814,1.0,,7,200.029,1,55,9,522,0.4464
14.431,18.434,0.0531,3954.88,9.0,96.049,0.8,,1,-92.09,2,55,9,1777,0.4344
14.657,19.896,0.0,26778.46,9.0,88.469,0.85,,4,-46.443,2,55,9,1270,0.4394
14.963,21.197,0.0,73322.07,9.0,80.356,0.9,,4,46.644,2,55,9,980,0.4418
15.006,22.764,0.0,170041.78,9.0,83.893,0.95,,6,240.084,2,55,9,733,0.4434
15.45,25.191,0.0,272561.41,9.0,75.492,1.0,,6,445.123,2,55,9,522,0.4464
13.872,18.01,0.051,2691.2,9.0,97.908,0.8,,1,-94.618,3,55,7,1555,0.4424
14.657,19.896,0.0,5124.31,9.0,98.34,0.85,,4,-89.751,3,55,9,1270,0.4394
14.963,21.197,0.0,27432.61,9.0,93.107,0.9,,4,-45.135,3,55,9,980,0.4418
15.006,22.764,0.0,124735.33,9.0,94.984,0.95,,6,149.471,3,55,9,733,0.4434
15.45,25.191,0.0,292698.05,9.0,89.002,1.0,,5,485.396,3,55,9,522,0.4464
12.723,14.673,0.0,1987.44,9.0,98.746,0.8,,0,-96.025,4,55,5,968,0.4607
14.204,19.033,0.0,1485.54,9.0,99.389,0.85,,3,-97.029,4,55,8,1117,0.4432
14.963,21.197,0.0,5404.4,9.0,98.833,0.9,,3,-89.191,4,55,9,980,0.4418
15.006,22.764,0.0,49462.93,9.0,98.676,0.95,,5,-1.074,4,55,9,733,0.4434
15.45,25.191,0.0,194065.51,9.0,95.943,1.0,,5,288.131,4,55,9,522,0.4464
12.807,14.535,0.0,1617.31,9.0,99.12,0.8,,0,-96.765,5,55,4,765,0.4614
13.888,18.973,0.0,1413.09,9.0,99.569,0.85,,3,-97.174,5,55,8,1071,0.4435
14.701,20.849,0.0,1602.61,9.0,99.618,0.9,,3,-96.795,5,55,9,911,0.4413
15.006,22.764,0.0,12077.94,9.0,99.689,0.95,,4,-75.844,5,55,9,733,0.4434
15.45,25.191,0.0,80468.11,9.0,98.77,1.0,,5,60.936,5,55,9,522,0.4464
13.038,14.772,0.0,1326.99,9.0,99.322,0.8,,0,-97.346,6,55,3,419,0.4582
12.709,16.053,0.0,1287.61,9.0,99.696,0.85,,3,-97.425,6,55,6,756,0.4524
14.395,20.52,0.0,1105.7,9.0,99.806,0.9,,2,-97.789,6,55,8,867,0.4487
15.006,22.764,0.0,4033.36,9.0,99.855,0.95,,4,-91.933,6,55,9,733,0.4434
15.45,25.191,0.0,20505.24,9.0,99.683,1.0,,5,-58.99,6,55,9,522,0.4464
12.921,15.08,0.0,1152.16,9.0,99.432,0.8,,0,-97.696,7,55,2,331,0.4622
12.606,15.82,0.032,1041.12,9.0,99.8,0.85,,1,-97.918,7,55,5,690,0.4623
12.91,15.088,0.0,1046.37,9.0,99.862,0.9,,1,-97.907,7,55,5,474,0.4641
14.667,22.721,0.0,1047.95,9.0,99.748,0.95,,2,-97.904,7,55,9,677,0.4431
15.45,25.191,0.0,3040.59,9.0,99.917,1.0,,5,-93.919,7,55,9,522,0.4464
13.514,14.679,0.0,986.26,9.0,99.472,0.8,,0,-98.027,8,55,2,235,0.4638
12.509,15.469,0.0382,925.1,9.0,99.854,0.85,,1,-98.15,8,55,5,630,0.4714
12.925,14.764,0.0753,933.76,9.0,99.904,0.9,,1,-98.132,8,55,3,309,0.4628
14.443,22.711,0.0,631.89,9.0,99.873,0.95,,2,-98.736,8,55,8,647,0.4498
14.917,25.32,0.0,1006.47,9.0,99.883,1.0,,3,-97.987,8,55,9,488,0.4406
14.301,14.91,0.0,822.99,9.0,99.518,0.8,,0,-98.354,9,55,1,180,0.4944
12.64,15.278,0.0,873.39,9.0,99.882,0.85,,0,-98.253,9,55,3,299,0.4682
12.886,15.354,0.0,864.99,9.0,99.929,0.9,,0,-98.27,9,55,3,237,0.4684
12.657,17.855,0.0,872.6,9.0,99.853,0.95,,1,-98.255,9,55,6,449,0.4499
13.949,24.378,0.0,682.02,9.0,99.907,1.0,,3,-98.636,9,55,7,398,0.4648
14.301,14.91,0.0,822.99,9.0,99.518,0.8,,0,-98.354,10,55,1,180,0.4944
12.64,15.278,0.0,873.39,9.0,99.882,0.85,,0,-98.253,10,55,3,299,0.4682
12.886,15.354,0.0,864.99,9.0,99.929,0.9,,0,-98.27,10,55,3,237,0.4684
12.657,17.855,0.0,872.6,9.0,99.853,0.95,,1,-98.255,10,55,6,449,0.4499
13.949,24.378,0.0,682.02,9.0,99.907,1.0,,3,-98.636,10,55,7,398,0.4648
14.738,19.081,0.0332,26980.85,9.0,76.22,0.8,,2,-46.038,1,60,9,1932,0.4363
14.657,19.896,0.0,61424.26,9.0,61.87,0.85,,4,22.849,1,60,9,1270,0.4394
14.963,21.197,0.0,84833.22,9.0,50.555,0.9,,4,69.666,1,60,9,980,0.4418
15.006,22.764,0.0,127461.12,9.0,56.117,0.95,,6,154.922,1,60,9,733,0.4434
15.45,25.191,0.0,150014.34,9.0,48.814,1.0,,7,200.029,1,60,9,522,0.4464
14.431,18.434,0.0531,3954.88,9.0,96.049,0.8,,1,-92.09,2,60,9,1777,0.4344
14.657,19.896,0.0,26778.46,9.0,88.469,0.85,,4,-46.443,2,60,9,1270,0.4394
14.963,21.197,0.0,73322.07,9.0,80.356,0.9,,4,46.644,2,60,9,980,0.4418
15.006,22.764,0.0,170041.78,9.0,83.893,0.95,,6,240.084,2,60,9,733,0.4434
15.45,25.191,0.0,272561.41,9.0,75.492,1.0,,6,445.123,2,60,9,522,0.4464
13.872,18.01,0.051,2691.2,9.0,97.908,0.8,,1,-94.618,3,60,7,1555,0.4424
14.657,19.896,0.0,5124.31,9.0,98.34,0.85,,4,-89.751,3,60,9,1270,0.4394
14.963,21.197,0.0,27432.61,9.0,93.107,0.9,,4,-45.135,3,60,9,980,0.4418
15.006,22.764,0.0,124735.33,9.0,94.984,0.95,,6,149.471,3,60,9,733,0.4434
15.45,25.191,0.0,292698.05,9.0,89.002,1.0,,5,485.396,3,60,9,522,0.4464
12.723,14.673,0.0,1987.44,9.0,98.746,0.8,,0,-96.025,4,60,5,968,0.4607
14.204,19.033,0.0,1485.54,9.0,99.389,0.85,,3,-97.029,4,60,8,1117,0.4432
14.963,21.197,0.0,5404.4,9.0,98.833,0.9,,3,-89.191,4,60,9,980,0.4418
15.006,22.764,0.0,49462.93,9.0,98.676,0.95,,5,-1.074,4,60,9,733,0.4434
15.45,25.191,0.0,194065.51,9.0,95.943,1.0,,5,288.131,4,60,9,522,0.4464
12.807,14.535,0.0,1617.31,9.0,99.12,0.8,,0,-96.765,5,60,4,765,0.4614
13.888,18.973,0.0,1413.09,9.0,99.569,0.85,,3,-97.174,5,60,8,1071,0.4435
14.701,20.849,0.0,1602.61,9.0,99.618,0.9,,3,-96.795,5,60,9,911,0.4413
15.006,22.764,0.0,12077.94,9.0,99.689,0.95,,4,-75.844,5,60,9,733,0.4434
15.45,25.191,0.0,80468.11,9.0,98.77,1.0,,5,60.936,5,60,9,522,0.4464
13.038,14.772,0.0,1326.99,9.0,99.322,0.8,,0,-97.346,6,60,3,419,0.4582
12.709,16.053,0.0,1287.61,9.0,99.696,0.85,,3,-97.425,6,60,6,756,0.4524
14.395,20.52,0.0,1105.7,9.0,99.806,0.9,,2,-97.789,6,60,8,867,0.4487
15.006,22.764,0.0,4033.36,9.0,99.855,0.95,,4,-91.933,6,60,9,733,0.4434
15.45,25.191,0.0,20505.24,9.0,99.683,1.0,,5,-58.99,6,60,9,522,0.4464
12.921,15.08,0.0,1152.16,9.0,99.432,0.8,,0,-97.696,7,60,2,331,0.4622
12.606,15.82,0.032,1041.12,9.0,99.8,0.85,,1,-97.918,7,60,5,690,0.4623
12.91,15.088,0.0,1046.37,9.0,99.862,0.9,,1,-97.907,7,60,5,474,0.4641
14.667,22.721,0.0,1047.95,9.0,99.748,0.95,,2,-97.904,7,60,9,677,0.4431
15.45,25.191,0.0,3040.59,9.0,99.917,1.0,,5,-93.919,7,60,9,522,0.4464
13.514,14.679,0.0,986.26,9.0,99.472,0.8,,0,-98.027,8,60,2,235,0.4638
12.509,15.469,0.0382,925.1,9.0,99.854,0.85,,1,-98.15,8,60,5,630,0.4714
12.925,14.764,0.0753,933.76,9.0,99.904,0.9,,1,-98.132,8,60,3,309,0.4628
14.443,22.711,0.0,631.89,9.0,99.873,0.95,,2,-98.736,8,60,8,647,0.4498
14.917,25.32,0.0,1006.47,9.0,99.883,1.0,,3,-97.987,8,60,9,488,0.4406
14.301,14.91,0.0,822.99,9.0,99.518,0.8,,0,-98.354,9,60,1,180,0.4944
12.64,15.278,0.0,873.39,9.0,99.882,0.85,,0,-98.253,9,60,3,299,0.4682
12.886,15.354,0.0,864.99,9.0,99.929,0.9,,0,-98.27,9,60,3,237,0.4684
12.657,17.855,0.0,872.6,9.0,99.853,0.95,,1,-98.255,9,60,6,449,0.4499
13.949,24.378,0.0,682.02,9.0,99.907,1.0,,3,-98.636,9,60,7,398,0.4648
14.301,14.91,0.0,822.99,9.0,99.518,0.8,,0,-98.354,10,60,1,180,0.4944
12.64,15.278,0.0,873.39,9.0,99.882,0.85,,0,-98.253,10,60,3,299,0.4682
12.886,15.354,0.0,864.99,9.0,99.929,0.9,,0,-98.27,10,60,3,237,0.4684
12.657,17.855,0.0,872.6,9.0,99.853,0.95,,1,-98.255,10,60,6,449,0.4499
13.949,24.378,0.0,682.02,9.0,99.907,1.0,,3,-98.636,10,60,7,398,0.4648
14.877,18.986,0.0,33592.7,9.5,70.969,0.8,,5,-32.815,1,5,9,1931,0.4428
14.71,19.883,0.0,65298.5,9.5,60.515,0.85,,5,30.597,1,5,9,1269,0.4437
14.981,21.132,0.0,100443.05,9.5,47.813,0.9,,5,100.886,1,5,9,980,0.448
15.01,22.649,0.0,144042.46,9.5,53.445,0.95,,6,188.085,1,5,9,733,0.4516
15.355,25.134,0.0,158002.47,9.5,46.903,1.0,,7,216.005,1,5,9,522,0.4502
14.654,18.335,0.0,4202.68,9.5,96.344,0.8,,3,-91.595,2,5,9,1782,0.4394
14.71,19.883,0.0,39135.12,9.5,87.546,0.85,,5,-21.73,2,5,9,1269,0.4437
14.981,21.132,0.0,104660.11,9.5,78.033,0.9,,5,109.32,2,5,9,980,0.448
15.01,22.649,0.0,244532.98,9.5,81.828,0.95,,6,389.066,2,5,9,733,0.4516
15.355,25.134,0.0,316908.95,9.5,73.551,1.0,,5,533.818,2,5,9,522,0.4502
14.135,17.999,0.0,2817.99,9.5,98.3,0.8,,0,-94.364,3,5,8,1583,0.4466
14.71,19.883,0.0,9610.96,9.5,97.383,0.85,,4,-80.778,3,5,9,1269,0.4437
14.981,21.132,0.0,58301.04,9.5,92.044,0.9,,5,16.602,3,5,9,980,0.448
15.01,22.649,0.0,234864.58,9.5,93.784,0.95,,6,369.729,3,5,9,733,0.4516
15.355,25.134,0.0,405411.35,9.5,87.485,1.0,,5,710.823,3,5,9,522,0.4502
12.901,14.661,0.0,2006.08,9.5,99.078,0.8,,0,-95.988,4,5,5,967,0.4643
14.438,19.407,0.0,2058.05,9.5,99.356,0.85,,3,-95.884,4,5,9,1173,0.4425
14.981,21.132,0.0,16968.05,9.5,97.644,0.9,,3,-66.064,4,5,9,980,0.448
15.01,22.649,0.0,136762.03,9.5,98.175,0.95,,6,173.524,4,5,9,733,0.4516
15.355,25.134,0.0,332399.34,9.5,94.909,1.0,,5,564.799,4,5,9,522,0.4502
13.198,14.601,0.0,1657.48,9.5,99.409,0.8,,0,-96.685,5,5,3,615,0.4667
13.931,18.967,0.0,1571.9,9.5,99.662,0.85,,3,-96.856,5,5,8,1070,0.4486
14.981,21.132,0.0,3518.86,9.5,99.59,0.9,,3,-92.962,5,5,9,980,0.448
15.01,22.649,0.0,47432.75,9.5,99.553,0.95,,5,-5.134,5,5,9,733,0.4516
15.355,25.134,0.0,177972.16,9.5,98.289,1.0,,5,255.944,5,5,9,522,0.4502
13.246,14.798,0.0,1401.8,9.5,99.578,0.8,,0,-97.196,6,5,3,437,0.46
13.571,18.493,0.0,1422.01,9.5,99.782,0.85,,3,-97.156,6,5,7,990,0.4525
14.7,20.784,0.0,1349.82,9.5,99.836,0.9,,3,-97.3,6,5,9,904,0.4513
15.01,22.649,0.0,8997.76,9.5,99.904,0.95,,5,-82.004,6,5,9,733,0.4516
15.355,25.134,0.0,59976.31,9.5,99.525,1.0,,5,19.953,6,5,9,522,0.4502
13.28,14.868,0.0,1024.06,9.5,99.728,0.8,,0,-97.952,7,5,3,424,0.4646
12.665,16.158,0.0,1106.49,9.5,99.875,0.85,,3,-97.787,7,5,5,736,0.4565
14.365,20.505,0.0,1195.74,9.5,99.898,0.9,,2,-97.609,7,5,8,864,0.456
14.834,22.536,0.0,1044.28,9.5,99.956,0.95,,4,-97.911,7,5,9,691,0.4443
15.355,25.134,0.0,12317.86,9.5,99.89,1.0,,5,-75.364,7,5,9,522,0.4502
12.866,15.231,0.0,937.96,9.5,99.761,0.8,,0,-98.124,8,5,2,339,0.4631
12.642,15.922,0.0,1058.19,9.5,99.909,0.85,,3,-97.884,8,5,5,686,0.4665
13.837,19.718,0.0,974.19,9.5,99.941,0.9,,2,-98.052,8,5,7,770,0.4584
14.666,22.597,0.0,783.88,9.5,99.922,0.95,,3,-98.432,8,5,9,677,0.452
15.3,25.211,0.0,1053.2,9.5,99.964,1.0,,4,-97.894,8,5,9,503,0.4433
13.446,14.706,0.0,892.55,9.5,99.778,0.8,,0,-98.215,9,5,2,235,0.4766
12.515,15.6,0.0213,919.33,9.5,99.939,0.85,,1,-98.161,9,5,5,626,0.4744
12.863,14.996,0.0,800.94,9.5,99.964,0.9,,1,-98.398,9,5,4,337,0.4718
14.438,22.584,0.0,377.0,9.5,99.963,0.95,,2,-99.246,9,5,8,647,0.459
14.843,25.257,0.0,932.45,9.5,99.924,1.0,,4,-98.135,9,5,9,482,0.4502
13.858,14.6,0.0,843.46,9.5,99.789,0.8,,0,-98.313,10,5,2,199,0.4925
12.511,15.585,0.0117,677.04,9.5,99.96,0.85,,1,-98.646,10,5,5,603,0.4776
12.86,15.051,0.0,680.71,9.5,99.973,0.9,,0,-98.639,10,5,3,302,0.4768
13.572,21.841,0.0,159.91,9.5,99.986,0.95,,2,-99.68,10,5,7,561,0.4688
13.806,24.315,0.0,619.81,9.5,99.956,1.0,,3,-98.76,10,5,7,398,0.4698
15.032,18.952,0.0,30899.98,9.5,72.122,0.8,,4,-38.2,1,10,9,1931,0.4448
14.922,19.797,0.0,65180.37,9.5,60.242,0.85,,5,30.361,1,10,9,1269,0.4468
15.186,21.065,0.0,88924.02,9.5,48.938,0.9,,5,77.848,1,10,9,980,0.45
15.231,22.552,0.0,139269.95,9.5,53.207,0.95,,6,178.54,1,10,9,733,0.4543
15.631,24.977,0.0,157213.92,9.5,46.783,1.0,,6,214.428,1,10,9,522,0.454
14.82,18.302,0.0068,4203.99,9.5,96.108,0.8,,3,-91.592,2,10,9,1782,0.4416
14.922,19.797,0.0,34984.21,9.5,86.903,0.85,,4,-30.032,2,10,9,1269,0.4468
15.186,21.065,0.0,95343.46,9.5,77.879,0.9,,5,90.687,2,10,9,980,0.45
15.231,22.552,0.0,229151.53,9.5,81.679,0.95,,6,358.303,2,10,9,733,0.4543
15.631,24.977,0.0,297044.26,9.5,73.543,1.0,,5,494.089,2,10,9,522,0.454
14.322,17.965,0.0065,2816.94,9.5,98.114,0.8,,1,-94.366,3,10,8,1583,0.4491
14.922,19.797,0.0,9095.41,9.5,97.637,0.85,,4,-81.809,3,10,9,1269,0.4468
15.186,21.065,0.0,44545.77,9.5,92.063,0.9,,5,-10.908,3,10,9,980,0.45
15.231,22.552,0.0,201240.69,9.5,93.773,0.95,,6,302.481,3,10,9,733,0.4543
15.631,24.977,0.0,353408.26,9.5,87.454,1.0,,5,606.817,3,10,9,522,0.454
13.144,14.636,0.0,2003.45,9.5,98.935,0.8,,0,-95.993,4,10,5,967,0.4685
14.689,19.316,0.0,2121.31,9.5,99.259,0.85,,3,-95.757,4,10,9,1171,0.4466
15.186,21.065,0.0,13960.32,9.5,98.077,0.9,,3,-72.079,4,10,9,980,0.45
15.231,22.552,0.0,114192.01,9.5,98.155,0.95,,6,128.384,4,10,9,733,0.4543
15.631,24.977,0.0,282583.66,9.5,94.884,1.0,,5,465.167,4,10,9,522,0.454
13.5,14.546,0.0,1661.41,9.5,99.298,0.8,,0,-96.677,5,10,3,617,0.4716
14.181,18.873,0.0,1569.27,9.5,99.61,0.85,,3,-96.861,5,10,8,1070,0.4523
15.046,20.672,0.0,1446.42,9.5,99.726,0.9,,3,-97.107,5,10,9,920,0.4467
15.231,22.552,0.0,38243.68,9.5,99.528,0.95,,5,-23.513,5,10,9,733,0.4543
15.631,24.977,0.0,143649.5,9.5,98.284,1.0,,5,187.299,5,10,9,522,0.454
13.499,14.713,0.0,1335.39,9.5,99.509,0.8,,0,-97.329,6,10,3,437,0.4645
13.84,18.397,0.0,1423.85,9.5,99.739,0.85,,4,-97.152,6,10,7,990,0.4566
14.776,20.387,0.0,1323.84,9.5,99.825,0.9,,3,-97.352,6,10,8,870,0.4563
15.231,22.552,0.0,7089.65,9.5,99.892,0.95,,5,-85.821,6,10,9,733,0.4543
15.631,24.977,0.0,47987.15,9.5,99.516,1.0,,5,-4.026,6,10,9,522,0.454
13.384,14.748,0.0,1186.81,9.5,99.6,0.8,,0,-97.626,7,10,3,421,0.4703
12.935,16.057,0.0,1174.21,9.5,99.836,0.85,,3,-97.652,7,10,5,735,0.4626
14.427,20.298,0.0,1115.67,9.5,99.895,0.9,,2,-97.769,7,10,8,830,0.4602
15.065,22.431,0.0,733.21,9.5,99.954,0.95,,4,-98.534,7,10,9,691,0.4472
15.631,24.977,0.0,9568.17,9.5,99.887,1.0,,5,-80.864,7,10,9,522,0.454
13.165,15.121,0.0,1055.3,9.5,99.653,0.8,,0,-97.889,8,10,2,334,0.4731
12.933,15.818,0.0,957.13,9.5,99.895,0.85,,2,-98.086,8,10,5,688,0.4709
13.132,15.108,0.0,867.09,9.5,99.941,0.9,,1,-98.266,8,10,5,474,0.4747
14.804,22.54,0.0,1021.7,9.5,99.868,0.95,,4,-97.957,8,10,8,672,0.4568
15.373,25.085,0.0,934.55,9.5,99.954,1.0,,4,-98.131,8,10,9,490,0.4469
13.846,14.618,0.0,908.56,9.5,99.686,0.8,,0,-98.183,9,10,2,235,0.4809
12.855,15.475,0.0,677.83,9.5,99.94,0.85,,0,-98.644,9,10,5,603,0.4842
13.079,14.881,0.0,876.28,9.5,99.955,0.9,,1,-98.247,9,10,3,309,0.4757
14.466,22.619,0.0,829.55,9.5,99.914,0.95,,2,-98.341,9,10,8,619,0.4637
15.138,25.085,0.0,678.87,9.5,99.942,1.0,,4,-98.642,9,10,9,482,0.4544
14.451,15.07,0.0,851.34,9.5,99.699,0.8,,0,-98.297,10,10,2,183,0.4973
12.857,15.274,0.0,803.83,9.5,99.936,0.85,,0,-98.392,10,10,3,403,0.4814
13.078,15.0,0.0,816.16,9.5,99.963,0.9,,0,-98.368,10,10,3,301,0.4817
13.861,21.725,0.0,189.31,9.5,99.982,0.95,,2,-99.621,10,10,7,561,0.4724
14.167,24.126,0.0,377.52,9.5,99.972,1.0,,3,-99.245,10,10,7,398,0.4749
15.032,18.952,0.0,30899.98,9.5,72.122,0.8,,4,-38.2,1,15,9,1931,0.4448
14.922,19.797,0.0,65180.37,9.5,60.242,0.85,,5,30.361,1,15,9,1269,0.4468
15.186,21.065,0.0,88924.02,9.5,48.938,0.9,,5,77.848,1,15,9,980,0.45
15.231,22.552,0.0,139269.95,9.5,53.207,0.95,,6,178.54,1,15,9,733,0.4543
15.631,24.977,0.0,157213.92,9.5,46.783,1.0,,6,214.428,1,15,9,522,0.454
14.82,18.302,0.0068,4203.99,9.5,96.108,0.8,,3,-91.592,2,15,9,1782,0.4416
14.922,19.797,0.0,34984.21,9.5,86.903,0.85,,4,-30.032,2,15,9,1269,0.4468
15.186,21.065,0.0,95343.46,9.5,77.879,0.9,,5,90.687,2,15,9,980,0.45
15.231,22.552,0.0,229151.53,9.5,81.679,0.95,,6,358.303,2,15,9,733,0.4543
15.631,24.977,0.0,297044.26,9.5,73.543,1.0,,5,494.089,2,15,9,522,0.454
14.322,17.965,0.0065,2816.94,9.5,98.114,0.8,,1,-94.366,3,15,8,1583,0.4491
14.922,19.797,0.0,9095.41,9.5,97.637,0.85,,4,-81.809,3,15,9,1269,0.4468
15.186,21.065,0.0,44545.77,9.5,92.063,0.9,,5,-10.908,3,15,9,980,0.45
15.231,22.552,0.0,201240.69,9.5,93.773,0.95,,6,302.481,3,15,9,733,0.4543
15.631,24.977,0.0,353408.26,9.5,87.454,1.0,,5,606.817,3,15,9,522,0.454
13.144,14.636,0.0,2003.45,9.5,98.935,0.8,,0,-95.993,4,15,5,967,0.4685
14.689,19.316,0.0,2121.31,9.5,99.259,0.85,,3,-95.757,4,15,9,1171,0.4466
15.186,21.065,0.0,13960.32,9.5,98.077,0.9,,3,-72.079,4,15,9,980,0.45
15.231,22.552,0.0,114192.01,9.5,98.155,0.95,,6,128.384,4,15,9,733,0.4543
15.631,24.977,0.0,282583.66,9.5,94.884,1.0,,5,465.167,4,15,9,522,0.454
13.5,14.546,0.0,1661.41,9.5,99.298,0.8,,0,-96.677,5,15,3,617,0.4716
14.181,18.873,0.0,1569.27,9.5,99.61,0.85,,3,-96.861,5,15,8,1070,0.4523
15.046,20.672,0.0,1446.42,9.5,99.726,0.9,,3,-97.107,5,15,9,920,0.4467
15.231,22.552,0.0,38243.68,9.5,99.528,0.95,,5,-23.513,5,15,9,733,0.4543
15.631,24.977,0.0,143649.5,9.5,98.284,1.0,,5,187.299,5,15,9,522,0.454
13.499,14.713,0.0,1335.39,9.5,99.509,0.8,,0,-97.329,6,15,3,437,0.4645
13.84,18.397,0.0,1423.85,9.5,99.739,0.85,,4,-97.152,6,15,7,990,0.4566
14.776,20.387,0.0,1323.84,9.5,99.825,0.9,,3,-97.352,6,15,8,870,0.4563
15.231,22.552,0.0,7089.65,9.5,99.892,0.95,,5,-85.821,6,15,9,733,0.4543
15.631,24.977,0.0,47987.15,9.5,99.516,1.0,,5,-4.026,6,15,9,522,0.454
13.384,14.748,0.0,1186.81,9.5,99.6,0.8,,0,-97.626,7,15,3,421,0.4703
12.935,16.057,0.0,1174.21,9.5,99.836,0.85,,3,-97.652,7,15,5,735,0.4626
14.427,20.298,0.0,1115.67,9.5,99.895,0.9,,2,-97.769,7,15,8,830,0.4602
15.065,22.431,0.0,733.21,9.5,99.954,0.95,,4,-98.534,7,15,9,691,0.4472
15.631,24.977,0.0,9568.17,9.5,99.887,1.0,,5,-80.864,7,15,9,522,0.454
13.165,15.121,0.0,1055.3,9.5,99.653,0.8,,0,-97.889,8,15,2,334,0.4731
12.933,15.818,0.0,957.13,9.5,99.895,0.85,,2,-98.086,8,15,5,688,0.4709
13.132,15.108,0.0,867.09,9.5,99.941,0.9,,1,-98.266,8,15,5,474,0.4747
14.804,22.54,0.0,1021.7,9.5,99.868,0.95,,4,-97.957,8,15,8,672,0.4568
15.373,25.085,0.0,934.55,9.5,99.954,1.0,,4,-98.131,8,15,9,490,0.4469
13.846,14.618,0.0,908.56,9.5,99.686,0.8,,0,-98.183,9,15,2,235,0.4809
12.855,15.475,0.0,677.83,9.5,99.94,0.85,,0,-98.644,9,15,5,603,0.4842
13.079,14.881,0.0,876.28,9.5,99.955,0.9,,1,-98.247,9,15,3,309,0.4757
14.466,22.619,0.0,829.55,9.5,99.914,0.95,,2,-98.341,9,15,8,619,0.4637
15.138,25.085,0.0,678.87,9.5,99.942,1.0,,4,-98.642,9,15,9,482,0.4544
14.451,15.07,0.0,851.34,9.5,99.699,0.8,,0,-98.297,10,15,2,183,0.4973
12.857,15.274,0.0,803.83,9.5,99.936,0.85,,0,-98.392,10,15,3,403,0.4814
13.078,15.0,0.0,816.16,9.5,99.963,0.9,,0,-98.368,10,15,3,301,0.4817
13.861,21.725,0.0,189.31,9.5,99.982,0.95,,2,-99.621,10,15,7,561,0.4724
14.167,24.126,0.0,377.52,9.5,99.972,1.0,,3,-99.245,10,15,7,398,0.4749
15.032,18.952,0.0,30899.98,9.5,72.122,0.8,,4,-38.2,1,20,9,1931,0.4448
14.922,19.797,0.0,65180.37,9.5,60.242,0.85,,5,30.361,1,20,9,1269,0.4468
15.186,21.065,0.0,88924.02,9.5,48.938,0.9,,5,77.848,1,20,9,980,0.45
15.231,22.552,0.0,139269.95,9.5,53.207,0.95,,6,178.54,1,20,9,733,0.4543
15.631,24.977,0.0,157213.92,9.5,46.783,1.0,,6,214.428,1,20,9,522,0.454
14.82,18.302,0.0068,4203.99,9.5,96.108,0.8,,3,-91.592,2,20,9,1782,0.4416
14.922,19.797,0.0,34984.21,9.5,86.903,0.85,,4,-30.032,2,20,9,1269,0.4468
15.186,21.065,0.0,95343.46,9.5,77.879,0.9,,5,90.687,2,20,9,980,0.45
15.231,22.552,0.0,229151.53,9.5,81.679,0.95,,6,358.303,2,20,9,733,0.4543
15.631,24.977,0.0,297044.26,9.5,73.543,1.0,,5,494.089,2,20,9,522,0.454
14.322,17.965,0.0065,2816.94,9.5,98.114,0.8,,1,-94.366,3,20,8,1583,0.4491
14.922,19.797,0.0,9095.41,9.5,97.637,0.85,,4,-81.809,3,20,9,1269,0.4468
15.186,21.065,0.0,44545.77,9.5,92.063,0.9,,5,-10.908,3,20,9,980,0.45
15.231,22.552,0.0,201240.69,9.5,93.773,0.95,,6,302.481,3,20,9,733,0.4543
15.631,24.977,0.0,353408.26,9.5,87.454,1.0,,5,606.817,3,20,9,522,0.454
13.144,14.636,0.0,2003.45,9.5,98.935,0.8,,0,-95.993,4,20,5,967,0.4685
14.689,19.316,0.0,2121.31,9.5,99.259,0.85,,3,-95.757,4,20,9,1171,0.4466
15.186,21.065,0.0,13960.32,9.5,98.077,0.9,,3,-72.079,4,20,9,980,0.45
15.231,22.552,0.0,114192.01,9.5,98.155,0.95,,6,128.384,4,20,9,733,0.4543
15.631,24.977,0.0,282583.66,9.5,94.884,1.0,,5,465.167,4,20,9,522,0.454
13.5,14.546,0.0,1661.41,9.5,99.298,0.8,,0,-96.677,5,20,3,617,0.4716
14.181,18.873,0.0,1569.27,9.5,99.61,0.85,,3,-96.861,5,20,8,1070,0.4523
15.046,20.672,0.0,1446.42,9.5,99.726,0.9,,3,-97.107,5,20,9,920,0.4467
15.231,22.552,0.0,38243.68,9.5,99.528,0.95,,5,-23.513,5,20,9,733,0.4543
15.631,24.977,0.0,143649.5,9.5,98.284,1.0,,5,187.299,5,20,9,522,0.454
13.499,14.713,0.0,1335.39,9.5,99.509,0.8,,0,-97.329,6,20,3,437,0.4645
13.84,18.397,0.0,1423.85,9.5,99.739,0.85,,4,-97.152,6,20,7,990,0.4566
14.776,20.387,0.0,1323.84,9.5,99.825,0.9,,3,-97.352,6,20,8,870,0.4563
15.231,22.552,0.0,7089.65,9.5,99.892,0.95,,5,-85.821,6,20,9,733,0.4543
15.631,24.977,0.0,47987.15,9.5,99.516,1.0,,5,-4.026,6,20,9,522,0.454
13.384,14.748,0.0,1186.81,9.5,99.6,0.8,,0,-97.626,7,20,3,421,0.4703
12.935,16.057,0.0,1174.21,9.5,99.836,0.85,,3,-97.652,7,20,5,735,0.4626
14.427,20.298,0.0,1115.67,9.5,99.895,0.9,,2,-97.769,7,20,8,830,0.4602
15.065,22.431,0.0,733.21,9.5,99.954,0.95,,4,-98.534,7,20,9,691,0.4472
15.631,24.977,0.0,9568.17,9.5,99.887,1.0,,5,-80.864,7,20,9,522,0.454
13.165,15.121,0.0,1055.3,9.5,99.653,0.8,,0,-97.889,8,20,2,334,0.4731
12.933,15.818,0.0,957.13,9.5,99.895,0.85,,2,-98.086,8,20,5,688,0.4709
13.132,15.108,0.0,867.09,9.5,99.941,0.9,,1,-98.266,8,20,5,474,0.4747
14.804,22.54,0.0,1021.7,9.5,99.868,0.95,,4,-97.957,8,20,8,672,0.4568
15.373,25.085,0.0,934.55,9.5,99.954,1.0,,4,-98.131,8,20,9,490,0.4469
13.846,14.618,0.0,908.56,9.5,99.686,0.8,,0,-98.183,9,20,2,235,0.4809
12.855,15.475,0.0,677.83,9.5,99.94,0.85,,0,-98.644,9,20,5,603,0.4842
13.079,14.881,0.0,876.28,9.5,99.955,0.9,,1,-98.247,9,20,3,309,0.4757
14.466,22.619,0.0,829.55,9.5,99.914,0.95,,2,-98.341,9,20,8,619,0.4637
15.138,25.085,0.0,678.87,9.5,99.942,1.0,,4,-98.642,9,20,9,482,0.4544
14.451,15.07,0.0,851.34,9.5,99.699,0.8,,0,-98.297,10,20,2,183,0.4973
12.857,15.274,0.0,803.83,9.5,99.936,0.85,,0,-98.392,10,20,3,403,0.4814
13.078,15.0,0.0,816.16,9.5,99.963,0.9,,0,-98.368,10,20,3,301,0.4817
13.861,21.725,0.0,189.31,9.5,99.982,0.95,,2,-99.621,10,20,7,561,0.4724
14.167,24.126,0.0,377.52,9.5,99.972,1.0,,3,-99.245,10,20,7,398,0.4749
15.032,18.952,0.0,30899.98,9.5,72.122,0.8,,4,-38.2,1,25,9,1931,0.4448
14.922,19.797,0.0,65180.37,9.5,60.242,0.85,,5,30.361,1,25,9,1269,0.4468
15.186,21.065,0.0,88924.02,9.5,48.938,0.9,,5,77.848,1,25,9,980,0.45
15.231,22.552,0.0,139269.95,9.5,53.207,0.95,,6,178.54,1,25,9,733,0.4543
15.631,24.977,0.0,157213.92,9.5,46.783,1.0,,6,214.428,1,25,9,522,0.454
14.82,18.302,0.0068,4203.99,9.5,96.108,0.8,,3,-91.592,2,25,9,1782,0.4416
14.922,19.797,0.0,34984.21,9.5,86.903,0.85,,4,-30.032,2,25,9,1269,0.4468
15.186,21.065,0.0,95343.46,9.5,77.879,0.9,,5,90.687,2,25,9,980,0.45
15.231,22.552,0.0,229151.53,9.5,81.679,0.95,,6,358.303,2,25,9,733,0.4543
15.631,24.977,0.0,297044.26,9.5,73.543,1.0,,5,494.089,2,25,9,522,0.454
14.322,17.965,0.0065,2816.94,9.5,98.114,0.8,,1,-94.366,3,25,8,1583,0.4491
14.922,19.797,0.0,9095.41,9.5,97.637,0.85,,4,-81.809,3,25,9,1269,0.4468
15.186,21.065,0.0,44545.77,9.5,92.063,0.9,,5,-10.908,3,25,9,980,0.45
15.231,22.552,0.0,201240.69,9.5,93.773,0.95,,6,302.481,3,25,9,733,0.4543
15.631,24.977,0.0,353408.26,9.5,87.454,1.0,,5,606.817,3,25,9,522,0.454
13.144,14.636,0.0,2003.45,9.5,98.935,0.8,,0,-95.993,4,25,5,967,0.4685
14.689,19.316,0.0,2121.31,9.5,99.259,0.85,,3,-95.757,4,25,9,1171,0.4466
15.186,21.065,0.0,13960.32,9.5,98.077,0.9,,3,-72.079,4,25,9,980,0.45
15.231,22.552,0.0,114192.01,9.5,98.155,0.95,,6,128.384,4,25,9,733,0.4543
15.631,24.977,0.0,282583.66,9.5,94.884,1.0,,5,465.167,4,25,9,522,0.454
13.5,14.546,0.0,1661.41,9.5,99.298,0.8,,0,-96.677,5,25,3,617,0.4716
14.181,18.873,0.0,1569.27,9.5,99.61,0.85,,3,-96.861,5,25,8,1070,0.4523
15.046,20.672,0.0,1446.42,9.5,99.726,0.9,,3,-97.107,5,25,9,920,0.4467
15.231,22.552,0.0,38243.68,9.5,99.528,0.95,,5,-23.513,5,25,9,733,0.4543
15.631,24.977,0.0,143649.5,9.5,98.284,1.0,,5,187.299,5,25,9,522,0.454
13.499,14.713,0.0,1335.39,9.5,99.509,0.8,,0,-97.329,6,25,3,437,0.4645
13.84,18.397,0.0,1423.85,9.5,99.739,0.85,,4,-97.152,6,25,7,990,0.4566
14.776,20.387,0.0,1323.84,9.5,99.825,0.9,,3,-97.352,6,25,8,870,0.4563
15.231,22.552,0.0,7089.65,9.5,99.892,0.95,,5,-85.821,6,25,9,733,0.4543
15.631,24.977,0.0,47987.15,9.5,99.516,1.0,,5,-4.026,6,25,9,522,0.454
13.384,14.748,0.0,1186.81,9.5,99.6,0.8,,0,-97.626,7,25,3,421,0.4703
12.935,16.057,0.0,1174.21,9.5,99.836,0.85,,3,-97.652,7,25,5,735,0.4626
14.427,20.298,0.0,1115.67,9.5,99.895,0.9,,2,-97.769,7,25,8,830,0.4602
15.065,22.431,0.0,733.21,9.5,99.954,0.95,,4,-98.534,7,25,9,691,0.4472
15.631,24.977,0.0,9568.17,9.5,99.887,1.0,,5,-80.864,7,25,9,522,0.454
13.165,15.121,0.0,1055.3,9.5,99.653,0.8,,0,-97.889,8,25,2,334,0.4731
12.933,15.818,0.0,957.13,9.5,99.895,0.85,,2,-98.086,8,25,5,688,0.4709
13.132,15.108,0.0,867.09,9.5,99.941,0.9,,1,-98.266,8,25,5,474,0.4747
14.804,22.54,0.0,1021.7,9.5,99.868,0.95,,4,-97.957,8,25,8,672,0.4568
15.373,25.085,0.0,934.55,9.5,99.954,1.0,,4,-98.131,8,25,9,490,0.4469
13.846,14.618,0.0,908.56,9.5,99.686,0.8,,0,-98.183,9,25,2,235,0.4809
12.855,15.475,0.0,677.83,9.5,99.94,0.85,,0,-98.644,9,25,5,603,0.4842
13.079,14.881,0.0,876.28,9.5,99.955,0.9,,1,-98.247,9,25,3,309,0.4757
14.466,22.619,0.0,829.55,9.5,99.914,0.95,,2,-98.341,9,25,8,619,0.4637
15.138,25.085,0.0,678.87,9.5,99.942,1.0,,4,-98.642,9,25,9,482,0.4544
14.451,15.07,0.0,851.34,9.5,99.699,0.8,,0,-98.297,10,25,2,183,0.4973
12.857,15.274,0.0,803.83,9.5,99.936,0.85,,0,-98.392,10,25,3,403,0.4814
13.078,15.0,0.0,816.16,9.5,99.963,0.9,,0,-98.368,10,25,3,301,0.4817
13.861,21.725,0.0,189.31,9.5,99.982,0.95,,2,-99.621,10,25,7,561,0.4724
14.167,24.126,0.0,377.52,9.5,99.972,1.0,,3,-99.245,10,25,7,398,0.4749
15.032,18.952,0.0,30899.98,9.5,72.122,0.8,,4,-38.2,1,30,9,1931,0.4448
14.922,19.797,0.0,65180.37,9.5,60.242,0.85,,5,30.361,1,30,9,1269,0.4468
15.186,21.065,0.0,88924.02,9.5,48.938,0.9,,5,77.848,1,30,9,980,0.45
15.231,22.552,0.0,139269.95,9.5,53.207,0.95,,6,178.54,1,30,9,733,0.4543
15.631,24.977,0.0,157213.92,9.5,46.783,1.0,,6,214.428,1,30,9,522,0.454
14.82,18.302,0.0068,4203.99,9.5,96.108,0.8,,3,-91.592,2,30,9,1782,0.4416
14.922,19.797,0.0,34984.21,9.5,86.903,0.85,,4,-30.032,2,30,9,1269,0.4468
15.186,21.065,0.0,95343.46,9.5,77.879,0.9,,5,90.687,2,30,9,980,0.45
15.231,22.552,0.0,229151.53,9.5,81.679,0.95,,6,358.303,2,30,9,733,0.4543
15.631,24.977,0.0,297044.26,9.5,73.543,1.0,,5,494.089,2,30,9,522,0.454
14.322,17.965,0.0065,2816.94,9.5,98.114,0.8,,1,-94.366,3,30,8,1583,0.4491
14.922,19.797,0.0,9095.41,9.5,97.637,0.85,,4,-81.809,3,30,9,1269,0.4468
15.186,21.065,0.0,44545.77,9.5,92.063,0.9,,5,-10.908,3,30,9,980,0.45
15.231,22.552,0.0,201240.69,9.5,93.773,0.95,,6,302.481,3,30,9,733,0.4543
15.631,24.977,0.0,353408.26,9.5,87.454,1.0,,5,606.817,3,30,9,522,0.454
13.144,14.636,0.0,2003.45,9.5,98.935,0.8,,0,-95.993,4,30,5,967,0.4685
14.689,19.316,0.0,2121.31,9.5,99.259,0.85,,3,-95.757,4,30,9,1171,0.4466
15.186,21.065,0.0,13960.32,9.5,98.077,0.9,,3,-72.079,4,30,9,980,0.45
15.231,22.552,0.0,114192.01,9.5,98.155,0.95,,6,128.384,4,30,9,733,0.4543
15.631,24.977,0.0,282583.66,9.5,94.884,1.0,,5,465.167,4,30,9,522,0.454
13.5,14.546,0.0,1661.41,9.5,99.298,0.8,,0,-96.677,5,30,3,617,0.4716
14.181,18.873,0.0,1569.27,9.5,99.61,0.85,,3,-96.861,5,30,8,1070,0.4523
15.046,20.672,0.0,1446.42,9.5,99.726,0.9,,3,-97.107,5,30,9,920,0.4467
15.231,22.552,0.0,38243.68,9.5,99.528,0.95,,5,-23.513,5,30,9,733,0.4543
15.631,24.977,0.0,143649.5,9.5,98.284,1.0,,5,187.299,5,30,9,522,0.454
13.499,14.713,0.0,1335.39,9.5,99.509,0.8,,0,-97.329,6,30,3,437,0.4645
13.84,18.397,0.0,1423.85,9.5,99.739,0.85,,4,-97.152,6,30,7,990,0.4566
14.776,20.387,0.0,1323.84,9.5,99.825,0.9,,3,-97.352,6,30,8,870,0.4563
15.231,22.552,0.0,7089.65,9.5,99.892,0.95,,5,-85.821,6,30,9,733,0.4543
15.631,24.977,0.0,47987.15,9.5,99.516,1.0,,5,-4.026,6,30,9,522,0.454
13.384,14.748,0.0,1186.81,9.5,99.6,0.8,,0,-97.626,7,30,3,421,0.4703
12.935,16.057,0.0,1174.21,9.5,99.836,0.85,,3,-97.652,7,30,5,735,0.4626
14.427,20.298,0.0,1115.67,9.5,99.895,0.9,,2,-97.769,7,30,8,830,0.4602
15.065,22.431,0.0,733.21,9.5,99.954,0.95,,4,-98.534,7,30,9,691,0.4472
15.631,24.977,0.0,9568.17,9.5,99.887,1.0,,5,-80.864,7,30,9,522,0.454
13.165,15.121,0.0,1055.3,9.5,99.653,0.8,,0,-97.889,8,30,2,334,0.4731
12.933,15.818,0.0,957.13,9.5,99.895,0.85,,2,-98.086,8,30,5,688,0.4709
13.132,15.108,0.0,867.09,9.5,99.941,0.9,,1,-98.266,8,30,5,474,0.4747
14.804,22.54,0.0,1021.7,9.5,99.868,0.95,,4,-97.957,8,30,8,672,0.4568
15.373,25.085,0.0,934.55,9.5,99.954,1.0,,4,-98.131,8,30,9,490,0.4469
13.846,14.618,0.0,908.56,9.5,99.686,0.8,,0,-98.183,9,30,2,235,0.4809
12.855,15.475,0.0,677.83,9.5,99.94,0.85,,0,-98.644,9,30,5,603,0.4842
13.079,14.881,0.0,876.28,9.5,99.955,0.9,,1,-98.247,9,30,3,309,0.4757
14.466,22.619,0.0,829.55,9.5,99.914,0.95,,2,-98.341,9,30,8,619,0.4637
15.138,25.085,0.0,678.87,9.5,99.942,1.0,,4,-98.642,9,30,9,482,0.4544
14.451,15.07,0.0,851.34,9.5,99.699,0.8,,0,-98.297,10,30,2,183,0.4973
12.857,15.274,0.0,803.83,9.5,99.936,0.85,,0,-98.392,10,30,3,403,0.4814
13.078,15.0,0.0,816.16,9.5,99.963,0.9,,0,-98.368,10,30,3,301,0.4817
13.861,21.725,0.0,189.31,9.5,99.982,0.95,,2,-99.621,10,30,7,561,0.4724
14.167,24.126,0.0,377.52,9.5,99.972,1.0,,3,-99.245,10,30,7,398,0.4749
15.032,18.952,0.0,30899.98,9.5,72.122,0.8,,4,-38.2,1,35,9,1931,0.4448
14.922,19.797,0.0,65180.37,9.5,60.242,0.85,,5,30.361,1,35,9,1269,0.4468
15.186,21.065,0.0,88924.02,9.5,48.938,0.9,,5,77.848,1,35,9,980,0.45
15.231,22.552,0.0,139269.95,9.5,53.207,0.95,,6,178.54,1,35,9,733,0.4543
15.631,24.977,0.0,157213.92,9.5,46.783,1.0,,6,214.428,1,35,9,522,0.454
14.82,18.302,0.0068,4203.99,9.5,96.108,0.8,,3,-91.592,2,35,9,1782,0.4416
14.922,19.797,0.0,34984.21,9.5,86.903,0.85,,4,-30.032,2,35,9,1269,0.4468
15.186,21.065,0.0,95343.46,9.5,77.879,0.9,,5,90.687,2,35,9,980,0.45
15.231,22.552,0.0,229151.53,9.5,81.679,0.95,,6,358.303,2,35,9,733,0.4543
15.631,24.977,0.0,297044.26,9.5,73.543,1.0,,5,494.089,2,35,9,522,0.454
14.322,17.965,0.0065,2816.94,9.5,98.114,0.8,,1,-94.366,3,35,8,1583,0.4491
14.922,19.797,0.0,9095.41,9.5,97.637,0.85,,4,-81.809,3,35,9,1269,0.4468
15.186,21.065,0.0,44545.77,9.5,92.063,0.9,,5,-10.908,3,35,9,980,0.45
15.231,22.552,0.0,201240.69,9.5,93.773,0.95,,6,302.481,3,35,9,733,0.4543
15.631,24.977,0.0,353408.26,9.5,87.454,1.0,,5,606.817,3,35,9,522,0.454
13.144,14.636,0.0,2003.45,9.5,98.935,0.8,,0,-95.993,4,35,5,967,0.4685
14.689,19.316,0.0,2121.31,9.5,99.259,0.85,,3,-95.757,4,35,9,1171,0.4466
15.186,21.065,0.0,13960.32,9.5,98.077,0.9,,3,-72.079,4,35,9,980,0.45
15.231,22.552,0.0,114192.01,9.5,98.155,0.95,,6,128.384,4,35,9,733,0.4543
15.631,24.977,0.0,282583.66,9.5,94.884,1.0,,5,465.167,4,35,9,522,0.454
13.5,14.546,0.0,1661.41,9.5,99.298,0.8,,0,-96.677,5,35,3,617,0.4716
14.181,18.873,0.0,1569.27,9.5,99.61,0.85,,3,-96.861,5,35,8,1070,0.4523
15.046,20.672,0.0,1446.42,9.5,99.726,0.9,,3,-97.107,5,35,9,920,0.4467
15.231,22.552,0.0,38243.68,9.5,99.528,0.95,,5,-23.513,5,35,9,733,0.4543
15.631,24.977,0.0,143649.5,9.5,98.284,1.0,,5,187.299,5,35,9,522,0.454
13.499,14.713,0.0,1335.39,9.5,99.509,0.8,,0,-97.329,6,35,3,437,0.4645
13.84,18.397,0.0,1423.85,9.5,99.739,0.85,,4,-97.152,6,35,7,990,0.4566
14.776,20.387,0.0,1323.84,9.5,99.825,0.9,,3,-97.352,6,35,8,870,0.4563
15.231,22.552,0.0,7089.65,9.5,99.892,0.95,,5,-85.821,6,35,9,733,0.4543
15.631,24.977,0.0,47987.15,9.5,99.516,1.0,,5,-4.026,6,35,9,522,0.454
13.384,14.748,0.0,1186.81,9.5,99.6,0.8,,0,-97.626,7,35,3,421,0.4703
12.935,16.057,0.0,1174.21,9.5,99.836,0.85,,3,-97.652,7,35,5,735,0.4626
14.427,20.298,0.0,1115.67,9.5,99.895,0.9,,2,-97.769,7,35,8,830,0.4602
15.065,22.431,0.0,733.21,9.5,99.954,0.95,,4,-98.534,7,35,9,691,0.4472
15.631,24.977,0.0,9568.17,9.5,99.887,1.0,,5,-80.864,7,35,9,522,0.454
13.165,15.121,0.0,1055.3,9.5,99.653,0.8,,0,-97.889,8,35,2,334,0.4731
12.933,15.818,0.0,957.13,9.5,99.895,0.85,,2,-98.086,8,35,5,688,0.4709
13.132,15.108,0.0,867.09,9.5,99.941,0.9,,1,-98.266,8,35,5,474,0.4747
14.804,22.54,0.0,1021.7,9.5,99.868,0.95,,4,-97.957,8,35,8,672,0.4568
15.373,25.085,0.0,934.55,9.5,99.954,1.0,,4,-98.131,8,35,9,490,0.4469
13.846,14.618,0.0,908.56,9.5,99.686,0.8,,0,-98.183,9,35,2,235,0.4809
12.855,15.475,0.0,677.83,9.5,99.94,0.85,,0,-98.644,9,35,5,603,0.4842
13.079,14.881,0.0,876.28,9.5,99.955,0.9,,1,-98.247,9,35,3,309,0.4757
14.466,22.619,0.0,829.55,9.5,99.914,0.95,,2,-98.341,9,35,8,619,0.4637
15.138,25.085,0.0,678.87,9.5,99.942,1.0,,4,-98.642,9,35,9,482,0.4544
14.451,15.07,0.0,851.34,9.5,99.699,0.8,,0,-98.297,10,35,2,183,0.4973
12.857,15.274,0.0,803.83,9.5,99.936,0.85,,0,-98.392,10,35,3,403,0.4814
13.078,15.0,0.0,816.16,9.5,99.963,0.9,,0,-98.368,10,35,3,301,0.4817
13.861,21.725,0.0,189.31,9.5,99.982,0.95,,2,-99.621,10,35,7,561,0.4724
14.167,24.126,0.0,377.52,9.5,99.972,1.0,,3,-99.245,10,35,7,398,0.4749
15.032,18.952,0.0,30899.98,9.5,72.122,0.8,,4,-38.2,1,40,9,1931,0.4448
14.922,19.797,0.0,65180.37,9.5,60.242,0.85,,5,30.361,1,40,9,1269,0.4468
15.186,21.065,0.0,88924.02,9.5,48.938,0.9,,5,77.848,1,40,9,980,0.45
15.231,22.552,0.0,139269.95,9.5,53.207,0.95,,6,178.54,1,40,9,733,0.4543
15.631,24.977,0.0,157213.92,9.5,46.783,1.0,,6,214.428,1,40,9,522,0.454
14.82,18.302,0.0068,4203.99,9.5,96.108,0.8,,3,-91.592,2,40,9,1782,0.4416
14.922,19.797,0.0,34984.21,9.5,86.903,0.85,,4,-30.032,2,40,9,1269,0.4468
15.186,21.065,0.0,95343.46,9.5,77.879,0.9,,5,90.687,2,40,9,980,0.45
15.231,22.552,0.0,229151.53,9.5,81.679,0.95,,6,358.303,2,40,9,733,0.4543
15.631,24.977,0.0,297044.26,9.5,73.543,1.0,,5,494.089,2,40,9,522,0.454
14.322,17.965,0.0065,2816.94,9.5,98.114,0.8,,1,-94.366,3,40,8,1583,0.4491
14.922,19.797,0.0,9095.41,9.5,97.637,0.85,,4,-81.809,3,40,9,1269,0.4468
15.186,21.065,0.0,44545.77,9.5,92.063,0.9,,5,-10.908,3,40,9,980,0.45
15.231,22.552,0.0,201240.69,9.5,93.773,0.95,,6,302.481,3,40,9,733,0.4543
15.631,24.977,0.0,353408.26,9.5,87.454,1.0,,5,606.817,3,40,9,522,0.454
13.144,14.636,0.0,2003.45,9.5,98.935,0.8,,0,-95.993,4,40,5,967,0.4685
14.689,19.316,0.0,2121.31,9.5,99.259,0.85,,3,-95.757,4,40,9,1171,0.4466
15.186,21.065,0.0,13960.32,9.5,98.077,0.9,,3,-72.079,4,40,9,980,0.45
15.231,22.552,0.0,114192.01,9.5,98.155,0.95,,6,128.384,4,40,9,733,0.4543
15.631,24.977,0.0,282583.66,9.5,94.884,1.0,,5,465.167,4,40,9,522,0.454
13.5,14.546,0.0,1661.41,9.5,99.298,0.8,,0,-96.677,5,40,3,617,0.4716
14.181,18.873,0.0,1569.27,9.5,99.61,0.85,,3,-96.861,5,40,8,1070,0.4523
15.046,20.672,0.0,1446.42,9.5,99.726,0.9,,3,-97.107,5,40,9,920,0.4467
15.231,22.552,0.0,38243.68,9.5,99.528,0.95,,5,-23.513,5,40,9,733,0.4543
15.631,24.977,0.0,143649.5,9.5,98.284,1.0,,5,187.299,5,40,9,522,0.454
13.499,14.713,0.0,1335.39,9.5,99.509,0.8,,0,-97.329,6,40,3,437,0.4645
13.84,18.397,0.0,1423.85,9.5,99.739,0.85,,4,-97.152,6,40,7,990,0.4566
14.776,20.387,0.0,1323.84,9.5,99.825,0.9,,3,-97.352,6,40,8,870,0.4563
15.231,22.552,0.0,7089.65,9.5,99.892,0.95,,5,-85.821,6,40,9,733,0.4543
15.631,24.977,0.0,47987.15,9.5,99.516,1.0,,5,-4.026,6,40,9,522,0.454
13.384,14.748,0.0,1186.81,9.5,99.6,0.8,,0,-97.626,7,40,3,421,0.4703
12.935,16.057,0.0,1174.21,9.5,99.836,0.85,,3,-97.652,7,40,5,735,0.4626
14.427,20.298,0.0,1115.67,9.5,99.895,0.9,,2,-97.769,7,40,8,830,0.4602
15.065,22.431,0.0,733.21,9.5,99.954,0.95,,4,-98.534,7,40,9,691,0.4472
15.631,24.977,0.0,9568.17,9.5,99.887,1.0,,5,-80.864,7,40,9,522,0.454
13.165,15.121,0.0,1055.3,9.5,99.653,0.8,,0,-97.889,8,40,2,334,0.4731
12.933,15.818,0.0,957.13,9.5,99.895,0.85,,2,-98.086,8,40,5,688,0.4709
13.132,15.108,0.0,867.09,9.5,99.941,0.9,,1,-98.266,8,40,5,474,0.4747
14.804,22.54,0.0,1021.7,9.5,99.868,0.95,,4,-97.957,8,40,8,672,0.4568
15.373,25.085,0.0,934.55,9.5,99.954,1.0,,4,-98.131,8,40,9,490,0.4469
13.846,14.618,0.0,908.56,9.5,99.686,0.8,,0,-98.183,9,40,2,235,0.4809
12.855,15.475,0.0,677.83,9.5,99.94,0.85,,0,-98.644,9,40,5,603,0.4842
13.079,14.881,0.0,876.28,9.5,99.955,0.9,,1,-98.247,9,40,3,309,0.4757
14.466,22.619,0.0,829.55,9.5,99.914,0.95,,2,-98.341,9,40,8,619,0.4637
15.138,25.085,0.0,678.87,9.5,99.942,1.0,,4,-98.642,9,40,9,482,0.4544
14.451,15.07,0.0,851.34,9.5,99.699,0.8,,0,-98.297,10,40,2,183,0.4973
12.857,15.274,0.0,803.83,9.5,99.936,0.85,,0,-98.392,10,40,3,403,0.4814
13.078,15.0,0.0,816.16,9.5,99.963,0.9,,0,-98.368,10,40,3,301,0.4817
13.861,21.725,0.0,189.31,9.5,99.982,0.95,,2,-99.621,10,40,7,561,0.4724
14.167,24.126,0.0,377.52,9.5,99.972,1.0,,3,-99.245,10,40,7,398,0.4749
15.032,18.952,0.0,30899.98,9.5,72.122,0.8,,4,-38.2,1,45,9,1931,0.4448
14.922,19.797,0.0,65180.37,9.5,60.242,0.85,,5,30.361,1,45,9,1269,0.4468
15.186,21.065,0.0,88924.02,9.5,48.938,0.9,,5,77.848,1,45,9,980,0.45
15.231,22.552,0.0,139269.95,9.5,53.207,0.95,,6,178.54,1,45,9,733,0.4543
15.631,24.977,0.0,157213.92,9.5,46.783,1.0,,6,214.428,1,45,9,522,0.454
14.82,18.302,0.0068,4203.99,9.5,96.108,0.8,,3,-91.592,2,45,9,1782,0.4416
14.922,19.797,0.0,34984.21,9.5,86.903,0.85,,4,-30.032,2,45,9,1269,0.4468
15.186,21.065,0.0,95343.46,9.5,77.879,0.9,,5,90.687,2,45,9,980,0.45
15.231,22.552,0.0,229151.53,9.5,81.679,0.95,,6,358.303,2,45,9,733,0.4543
15.631,24.977,0.0,297044.26,9.5,73.543,1.0,,5,494.089,2,45,9,522,0.454
14.322,17.965,0.0065,2816.94,9.5,98.114,0.8,,1,-94.366,3,45,8,1583,0.4491
14.922,19.797,0.0,9095.41,9.5,97.637,0.85,,4,-81.809,3,45,9,1269,0.4468
15.186,21.065,0.0,44545.77,9.5,92.063,0.9,,5,-10.908,3,45,9,980,0.45
15.231,22.552,0.0,201240.69,9.5,93.773,0.95,,6,302.481,3,45,9,733,0.4543
15.631,24.977,0.0,353408.26,9.5,87.454,1.0,,5,606.817,3,45,9,522,0.454
13.144,14.636,0.0,2003.45,9.5,98.935,0.8,,0,-95.993,4,45,5,967,0.4685
14.689,19.316,0.0,2121.31,9.5,99.259,0.85,,3,-95.757,4,45,9,1171,0.4466
15.186,21.065,0.0,13960.32,9.5,98.077,0.9,,3,-72.079,4,45,9,980,0.45
15.231,22.552,0.0,114192.01,9.5,98.155,0.95,,6,128.384,4,45,9,733,0.4543
15.631,24.977,0.0,282583.66,9.5,94.884,1.0,,5,465.167,4,45,9,522,0.454
13.5,14.546,0.0,1661.41,9.5,99.298,0.8,,0,-96.677,5,45,3,617,0.4716
14.181,18.873,0.0,1569.27,9.5,99.61,0.85,,3,-96.861,5,45,8,1070,0.4523
15.046,20.672,0.0,1446.42,9.5,99.726,0.9,,3,-97.107,5,45,9,920,0.4467
15.231,22.552,0.0,38243.68,9.5,99.528,0.95,,5,-23.513,5,45,9,733,0.4543
15.631,24.977,0.0,143649.5,9.5,98.284,1.0,,5,187.299,5,45,9,522,0.454
13.499,14.713,0.0,1335.39,9.5,99.509,0.8,,0,-97.329,6,45,3,437,0.4645
13.84,18.397,0.0,1423.85,9.5,99.739,0.85,,4,-97.152,6,45,7,990,0.4566
14.776,20.387,0.0,1323.84,9.5,99.825,0.9,,3,-97.352,6,45,8,870,0.4563
15.231,22.552,0.0,7089.65,9.5,99.892,0.95,,5,-85.821,6,45,9,733,0.4543
15.631,24.977,0.0,47987.15,9.5,99.516,1.0,,5,-4.026,6,45,9,522,0.454
13.384,14.748,0.0,1186.81,9.5,99.6,0.8,,0,-97.626,7,45,3,421,0.4703
12.935,16.057,0.0,1174.21,9.5,99.836,0.85,,3,-97.652,7,45,5,735,0.4626
14.427,20.298,0.0,1115.67,9.5,99.895,0.9,,2,-97.769,7,45,8,830,0.4602
15.065,22.431,0.0,733.21,9.5,99.954,0.95,,4,-98.534,7,45,9,691,0.4472
15.631,24.977,0.0,9568.17,9.5,99.887,1.0,,5,-80.864,7,45,9,522,0.454
13.165,15.121,0.0,1055.3,9.5,99.653,0.8,,0,-97.889,8,45,2,334,0.4731
12.933,15.818,0.0,957.13,9.5,99.895,0.85,,2,-98.086,8,45,5,688,0.4709
13.132,15.108,0.0,867.09,9.5,99.941,0.9,,1,-98.266,8,45,5,474,0.4747
14.804,22.54,0.0,1021.7,9.5,99.868,0.95,,4,-97.957,8,45,8,672,0.4568
15.373,25.085,0.0,934.55,9.5,99.954,1.0,,4,-98.131,8,45,9,490,0.4469
13.846,14.618,0.0,908.56,9.5,99.686,0.8,,0,-98.183,9,45,2,235,0.4809
12.855,15.475,0.0,677.83,9.5,99.94,0.85,,0,-98.644,9,45,5,603,0.4842
13.079,14.881,0.0,876.28,9.5,99.955,0.9,,1,-98.247,9,45,3,309,0.4757
14.466,22.619,0.0,829.55,9.5,99.914,0.95,,2,-98.341,9,45,8,619,0.4637
15.138,25.085,0.0,678.87,9.5,99.942,1.0,,4,-98.642,9,45,9,482,0.4544
14.451,15.07,0.0,851.34,9.5,99.699,0.8,,0,-98.297,10,45,2,183,0.4973
12.857,15.274,0.0,803.83,9.5,99.936,0.85,,0,-98.392,10,45,3,403,0.4814
13.078,15.0,0.0,816.16,9.5,99.963,0.9,,0,-98.368,10,45,3,301,0.4817
13.861,21.725,0.0,189.31,9.5,99.982,0.95,,2,-99.621,10,45,7,561,0.4724
14.167,24.126,0.0,377.52,9.5,99.972,1.0,,3,-99.245,10,45,7,398,0.4749
15.032,18.952,0.0,30899.98,9.5,72.122,0.8,,4,-38.2,1,50,9,1931,0.4448
14.922,19.797,0.0,65180.37,9.5,60.242,0.85,,5,30.361,1,50,9,1269,0.4468
15.186,21.065,0.0,88924.02,9.5,48.938,0.9,,5,77.848,1,50,9,980,0.45
15.231,22.552,0.0,139269.95,9.5,53.207,0.95,,6,178.54,1,50,9,733,0.4543
15.631,24.977,0.0,157213.92,9.5,46.783,1.0,,6,214.428,1,50,9,522,0.454
14.82,18.302,0.0068,4203.99,9.5,96.108,0.8,,3,-91.592,2,50,9,1782,0.4416
14.922,19.797,0.0,34984.21,9.5,86.903,0.85,,4,-30.032,2,50,9,1269,0.4468
15.186,21.065,0.0,95343.46,9.5,77.879,0.9,,5,90.687,2,50,9,980,0.45
15.231,22.552,0.0,229151.53,9.5,81.679,0.95,,6,358.303,2,50,9,733,0.4543
15.631,24.977,0.0,297044.26,9.5,73.543,1.0,,5,494.089,2,50,9,522,0.454
14.322,17.965,0.0065,2816.94,9.5,98.114,0.8,,1,-94.366,3,50,8,1583,0.4491
14.922,19.797,0.0,9095.41,9.5,97.637,0.85,,4,-81.809,3,50,9,1269,0.4468
15.186,21.065,0.0,44545.77,9.5,92.063,0.9,,5,-10.908,3,50,9,980,0.45
15.231,22.552,0.0,201240.69,9.5,93.773,0.95,,6,302.481,3,50,9,733,0.4543
15.631,24.977,0.0,353408.26,9.5,87.454,1.0,,5,606.817,3,50,9,522,0.454
13.144,14.636,0.0,2003.45,9.5,98.935,0.8,,0,-95.993,4,50,5,967,0.4685
14.689,19.316,0.0,2121.31,9.5,99.259,0.85,,3,-95.757,4,50,9,1171,0.4466
15.186,21.065,0.0,13960.32,9.5,98.077,0.9,,3,-72.079,4,50,9,980,0.45
15.231,22.552,0.0,114192.01,9.5,98.155,0.95,,6,128.384,4,50,9,733,0.4543
15.631,24.977,0.0,282583.66,9.5,94.884,1.0,,5,465.167,4,50,9,522,0.454
13.5,14.546,0.0,1661.41,9.5,99.298,0.8,,0,-96.677,5,50,3,617,0.4716
14.181,18.873,0.0,1569.27,9.5,99.61,0.85,,3,-96.861,5,50,8,1070,0.4523
15.046,20.672,0.0,1446.42,9.5,99.726,0.9,,3,-97.107,5,50,9,920,0.4467
15.231,22.552,0.0,38243.68,9.5,99.528,0.95,,5,-23.513,5,50,9,733,0.4543
15.631,24.977,0.0,143649.5,9.5,98.284,1.0,,5,187.299,5,50,9,522,0.454
13.499,14.713,0.0,1335.39,9.5,99.509,0.8,,0,-97.329,6,50,3,437,0.4645
13.84,18.397,0.0,1423.85,9.5,99.739,0.85,,4,-97.152,6,50,7,990,0.4566
14.776,20.387,0.0,1323.84,9.5,99.825,0.9,,3,-97.352,6,50,8,870,0.4563
15.231,22.552,0.0,7089.65,9.5,99.892,0.95,,5,-85.821,6,50,9,733,0.4543
15.631,24.977,0.0,47987.15,9.5,99.516,1.0,,5,-4.026,6,50,9,522,0.454
13.384,14.748,0.0,1186.81,9.5,99.6,0.8,,0,-97.626,7,50,3,421,0.4703
12.935,16.057,0.0,1174.21,9.5,99.836,0.85,,3,-97.652,7,50,5,735,0.4626
14.427,20.298,0.0,1115.67,9.5,99.895,0.9,,2,-97.769,7,50,8,830,0.4602
15.065,22.431,0.0,733.21,9.5,99.954,0.95,,4,-98.534,7,50,9,691,0.4472
15.631,24.977,0.0,9568.17,9.5,99.887,1.0,,5,-80.864,7,50,9,522,0.454
13.165,15.121,0.0,1055.3,9.5,99.653,0.8,,0,-97.889,8,50,2,334,0.4731
12.933,15.818,0.0,957.13,9.5,99.895,0.85,,2,-98.086,8,50,5,688,0.4709
13.132,15.108,0.0,867.09,9.5,99.941,0.9,,1,-98.266,8,50,5,474,0.4747
14.804,22.54,0.0,1021.7,9.5,99.868,0.95,,4,-97.957,8,50,8,672,0.4568
15.373,25.085,0.0,934.55,9.5,99.954,1.0,,4,-98.131,8,50,9,490,0.4469
13.846,14.618,0.0,908.56,9.5,99.686,0.8,,0,-98.183,9,50,2,235,0.4809
12.855,15.475,0.0,677.83,9.5,99.94,0.85,,0,-98.644,9,50,5,603,0.4842
13.079,14.881,0.0,876.28,9.5,99.955,0.9,,1,-98.247,9,50,3,309,0.4757
14.466,22.619,0.0,829.55,9.5,99.914,0.95,,2,-98.341,9,50,8,619,0.4637
15.138,25.085,0.0,678.87,9.5,99.942,1.0,,4,-98.642,9,50,9,482,0.4544
14.451,15.07,0.0,851.34,9.5,99.699,0.8,,0,-98.297,10,50,2,183,0.4973
12.857,15.274,0.0,803.83,9.5,99.936,0.85,,0,-98.392,10,50,3,403,0.4814
13.078,15.0,0.0,816.16,9.5,99.963,0.9,,0,-98.368,10,50,3,301,0.4817
13.861,21.725,0.0,189.31,9.5,99.982,0.95,,2,-99.621,10,50,7,561,0.4724
14.167,24.126,0.0,377.52,9.5,99.972,1.0,,3,-99.245,10,50,7,398,0.4749
15.032,18.952,0.0,30899.98,9.5,72.122,0.8,,4,-38.2,1,55,9,1931,0.4448
14.922,19.797,0.0,65180.37,9.5,60.242,0.85,,5,30.361,1,55,9,1269,0.4468
15.186,21.065,0.0,88924.02,9.5,48.938,0.9,,5,77.848,1,55,9,980,0.45
15.231,22.552,0.0,139269.95,9.5,53.207,0.95,,6,178.54,1,55,9,733,0.4543
15.631,24.977,0.0,157213.92,9.5,46.783,1.0,,6,214.428,1,55,9,522,0.454
14.82,18.302,0.0068,4203.99,9.5,96.108,0.8,,3,-91.592,2,55,9,1782,0.4416
14.922,19.797,0.0,34984.21,9.5,86.903,0.85,,4,-30.032,2,55,9,1269,0.4468
15.186,21.065,0.0,95343.46,9.5,77.879,0.9,,5,90.687,2,55,9,980,0.45
15.231,22.552,0.0,229151.53,9.5,81.679,0.95,,6,358.303,2,55,9,733,0.4543
15.631,24.977,0.0,297044.26,9.5,73.543,1.0,,5,494.089,2,55,9,522,0.454
14.322,17.965,0.0065,2816.94,9.5,98.114,0.8,,1,-94.366,3,55,8,1583,0.4491
14.922,19.797,0.0,9095.41,9.5,97.637,0.85,,4,-81.809,3,55,9,1269,0.4468
15.186,21.065,0.0,44545.77,9.5,92.063,0.9,,5,-10.908,3,55,9,980,0.45
15.231,22.552,0.0,201240.69,9.5,93.773,0.95,,6,302.481,3,55,9,733,0.4543
15.631,24.977,0.0,353408.26,9.5,87.454,1.0,,5,606.817,3,55,9,522,0.454
13.144,14.636,0.0,2003.45,9.5,98.935,0.8,,0,-95.993,4,55,5,967,0.4685
14.689,19.316,0.0,2121.31,9.5,99.259,0.85,,3,-95.757,4,55,9,1171,0.4466
15.186,21.065,0.0,13960.32,9.5,98.077,0.9,,3,-72.079,4,55,9,980,0.45
15.231,22.552,0.0,114192.01,9.5,98.155,0.95,,6,128.384,4,55,9,733,0.4543
15.631,24.977,0.0,282583.66,9.5,94.884,1.0,,5,465.167,4,55,9,522,0.454
13.5,14.546,0.0,1661.41,9.5,99.298,0.8,,0,-96.677,5,55,3,617,0.4716
14.181,18.873,0.0,1569.27,9.5,99.61,0.85,,3,-96.861,5,55,8,1070,0.4523
15.046,20.672,0.0,1446.42,9.5,99.726,0.9,,3,-97.107,5,55,9,920,0.4467
15.231,22.552,0.0,38243.68,9.5,99.528,0.95,,5,-23.513,5,55,9,733,0.4543
15.631,24.977,0.0,143649.5,9.5,98.284,1.0,,5,187.299,5,55,9,522,0.454
13.499,14.713,0.0,1335.39,9.5,99.509,0.8,,0,-97.329,6,55,3,437,0.4645
13.84,18.397,0.0,1423.85,9.5,99.739,0.85,,4,-97.152,6,55,7,990,0.4566
14.776,20.387,0.0,1323.84,9.5,99.825,0.9,,3,-97.352,6,55,8,870,0.4563
15.231,22.552,0.0,7089.65,9.5,99.892,0.95,,5,-85.821,6,55,9,733,0.4543
15.631,24.977,0.0,47987.15,9.5,99.516,1.0,,5,-4.026,6,55,9,522,0.454
13.384,14.748,0.0,1186.81,9.5,99.6,0.8,,0,-97.626,7,55,3,421,0.4703
12.935,16.057,0.0,1174.21,9.5,99.836,0.85,,3,-97.652,7,55,5,735,0.4626
14.427,20.298,0.0,1115.67,9.5,99.895,0.9,,2,-97.769,7,55,8,830,0.4602
15.065,22.431,0.0,733.21,9.5,99.954,0.95,,4,-98.534,7,55,9,691,0.4472
15.631,24.977,0.0,9568.17,9.5,99.887,1.0,,5,-80.864,7,55,9,522,0.454
13.165,15.121,0.0,1055.3,9.5,99.653,0.8,,0,-97.889,8,55,2,334,0.4731
12.933,15.818,0.0,957.13,9.5,99.895,0.85,,2,-98.086,8,55,5,688,0.4709
13.132,15.108,0.0,867.09,9.5,99.941,0.9,,1,-98.266,8,55,5,474,0.4747
14.804,22.54,0.0,1021.7,9.5,99.868,0.95,,4,-97.957,8,55,8,672,0.4568
15.373,25.085,0.0,934.55,9.5,99.954,1.0,,4,-98.131,8,55,9,490,0.4469
13.846,14.618,0.0,908.56,9.5,99.686,0.8,,0,-98.183,9,55,2,235,0.4809
12.855,15.475,0.0,677.83,9.5,99.94,0.85,,0,-98.644,9,55,5,603,0.4842
13.079,14.881,0.0,876.28,9.5,99.955,0.9,,1,-98.247,9,55,3,309,0.4757
14.466,22.619,0.0,829.55,9.5,99.914,0.95,,2,-98.341,9,55,8,619,0.4637
15.138,25.085,0.0,678.87,9.5,99.942,1.0,,4,-98.642,9,55,9,482,0.4544
14.451,15.07,0.0,851.34,9.5,99.699,0.8,,0,-98.297,10,55,2,183,0.4973
12.857,15.274,0.0,803.83,9.5,99.936,0.85,,0,-98.392,10,55,3,403,0.4814
13.078,15.0,0.0,816.16,9.5,99.963,0.9,,0,-98.368,10,55,3,301,0.4817
13.861,21.725,0.0,189.31,9.5,99.982,0.95,,2,-99.621,10,55,7,561,0.4724
14.167,24.126,0.0,377.52,9.5,99.972,1.0,,3,-99.245,10,55,7,398,0.4749
15.032,18.952,0.0,30899.98,9.5,72.122,0.8,,4,-38.2,1,60,9,1931,0.4448
14.922,19.797,0.0,65180.37,9.5,60.242,0.85,,5,30.361,1,60,9,1269,0.4468
15.186,21.065,0.0,88924.02,9.5,48.938,0.9,,5,77.848,1,60,9,980,0.45
15.231,22.552,0.0,139269.95,9.5,53.207,0.95,,6,178.54,1,60,9,733,0.4543
15.631,24.977,0.0,157213.92,9.5,46.783,1.0,,6,214.428,1,60,9,522,0.454
14.82,18.302,0.0068,4203.99,9.5,96.108,0.8,,3,-91.592,2,60,9,1782,0.4416
14.922,19.797,0.0,34984.21,9.5,86.903,0.85,,4,-30.032,2,60,9,1269,0.4468
15.186,21.065,0.0,95343.46,9.5,77.879,0.9,,5,90.687,2,60,9,980,0.45
15.231,22.552,0.0,229151.53,9.5,81.679,0.95,,6,358.303,2,60,9,733,0.4543
15.631,24.977,0.0,297044.26,9.5,73.543,1.0,,5,494.089,2,60,9,522,0.454
14.322,17.965,0.0065,2816.94,9.5,98.114,0.8,,1,-94.366,3,60,8,1583,0.4491
14.922,19.797,0.0,9095.41,9.5,97.637,0.85,,4,-81.809,3,60,9,1269,0.4468
15.186,21.065,0.0,44545.77,9.5,92.063,0.9,,5,-10.908,3,60,9,980,0.45
15.231,22.552,0.0,201240.69,9.5,93.773,0.95,,6,302.481,3,60,9,733,0.4543
15.631,24.977,0.0,353408.26,9.5,87.454,1.0,,5,606.817,3,60,9,522,0.454
13.144,14.636,0.0,2003.45,9.5,98.935,0.8,,0,-95.993,4,60,5,967,0.4685
14.689,19.316,0.0,2121.31,9.5,99.259,0.85,,3,-95.757,4,60,9,1171,0.4466
15.186,21.065,0.0,13960.32,9.5,98.077,0.9,,3,-72.079,4,60,9,980,0.45
15.231,22.552,0.0,114192.01,9.5,98.155,0.95,,6,128.384,4,60,9,733,0.4543
15.631,24.977,0.0,282583.66,9.5,94.884,1.0,,5,465.167,4,60,9,522,0.454
13.5,14.546,0.0,1661.41,9.5,99.298,0.8,,0,-96.677,5,60,3,617,0.4716
14.181,18.873,0.0,1569.27,9.5,99.61,0.85,,3,-96.861,5,60,8,1070,0.4523
15.046,20.672,0.0,1446.42,9.5,99.726,0.9,,3,-97.107,5,60,9,920,0.4467
15.231,22.552,0.0,38243.68,9.5,99.528,0.95,,5,-23.513,5,60,9,733,0.4543
15.631,24.977,0.0,143649.5,9.5,98.284,1.0,,5,187.299,5,60,9,522,0.454
13.499,14.713,0.0,1335.39,9.5,99.509,0.8,,0,-97.329,6,60,3,437,0.4645
13.84,18.397,0.0,1423.85,9.5,99.739,0.85,,4,-97.152,6,60,7,990,0.4566
14.776,20.387,0.0,1323.84,9.5,99.825,0.9,,3,-97.352,6,60,8,870,0.4563
15.231,22.552,0.0,7089.65,9.5,99.892,0.95,,5,-85.821,6,60,9,733,0.4543
15.631,24.977,0.0,47987.15,9.5,99.516,1.0,,5,-4.026,6,60,9,522,0.454
13.384,14.748,0.0,1186.81,9.5,99.6,0.8,,0,-97.626,7,60,3,421,0.4703
12.935,16.057,0.0,1174.21,9.5,99.836,0.85,,3,-97.652,7,60,5,735,0.4626
14.427,20.298,0.0,1115.67,9.5,99.895,0.9,,2,-97.769,7,60,8,830,0.4602
15.065,22.431,0.0,733.21,9.5,99.954,0.95,,4,-98.534,7,60,9,691,0.4472
15.631,24.977,0.0,9568.17,9.5,99.887,1.0,,5,-80.864,7,60,9,522,0.454
13.165,15.121,0.0,1055.3,9.5,99.653,0.8,,0,-97.889,8,60,2,334,0.4731
12.933,15.818,0.0,957.13,9.5,99.895,0.85,,2,-98.086,8,60,5,688,0.4709
13.132,15.108,0.0,867.09,9.5,99.941,0.9,,1,-98.266,8,60,5,474,0.4747
14.804,22.54,0.0,1021.7,9.5,99.868,0.95,,4,-97.957,8,60,8,672,0.4568
15.373,25.085,0.0,934.55,9.5,99.954,1.0,,4,-98.131,8,60,9,490,0.4469
13.846,14.618,0.0,908.56,9.5,99.686,0.8,,0,-98.183,9,60,2,235,0.4809
12.855,15.475,0.0,677.83,9.5,99.94,0.85,,0,-98.644,9,60,5,603,0.4842
13.079,14.881,0.0,876.28,9.5,99.955,0.9,,1,-98.247,9,60,3,309,0.4757
14.466,22.619,0.0,829.55,9.5,99.914,0.95,,2,-98.341,9,60,8,619,0.4637
15.138,25.085,0.0,678.87,9.5,99.942,1.0,,4,-98.642,9,60,9,482,0.4544
14.451,15.07,0.0,851.34,9.5,99.699,0.8,,0,-98.297,10,60,2,183,0.4973
12.857,15.274,0.0,803.83,9.5,99.936,0.85,,0,-98.392,10,60,3,403,0.4814
13.078,15.0,0.0,816.16,9.5,99.963,0.9,,0,-98.368,10,60,3,301,0.4817
13.861,21.725,0.0,189.31,9.5,99.982,0.95,,2,-99.621,10,60,7,561,0.4724
14.167,24.126,0.0,377.52,9.5,99.972,1.0,,3,-99.245,10,60,7,398,0.4749
15.1,18.975,0.0,39380.56,10.0,67.381,0.8,,6,-21.239,1,5,9,1928,0.4481
14.953,19.861,0.0,79982.22,10.0,57.951,0.85,,5,59.964,1,5,9,1269,0.4507
15.305,21.076,0.0,109968.39,10.0,46.906,0.9,,6,119.937,1,5,9,980,0.4561
15.421,22.545,0.0,144602.64,10.0,52.007,0.95,,6,189.205,1,5,9,733,0.4598
15.777,24.914,0.0,157026.5,10.0,45.132,1.0,,6,214.053,1,5,9,522,0.4598
15.1,18.975,0.0,11585.75,10.0,94.528,0.8,,4,-76.828,2,5,9,1928,0.4481
14.953,19.861,0.0,54187.4,10.0,86.05,0.85,,5,8.375,2,5,9,1269,0.4507
15.305,21.076,0.0,127285.77,10.0,76.497,0.9,,5,154.572,2,5,9,980,0.4561
15.421,22.545,0.0,253087.59,10.0,80.201,0.95,,6,406.175,2,5,9,733,0.4598
15.777,24.914,0.0,319397.97,10.0,71.655,1.0,,5,538.796,2,5,9,522,0.4598
14.686,18.066,0.0,2504.04,10.0,98.503,0.8,,3,-94.992,3,5,8,1655,0.4514
14.953,19.861,0.0,20719.44,10.0,95.696,0.85,,5,-58.561,3,5,9,1269,0.4507
15.305,21.076,0.0,82176.2,10.0,91.002,0.9,,5,64.352,3,5,9,980,0.4561
15.421,22.545,0.0,260017.33,10.0,92.869,0.95,,6,420.035,3,5,9,733,0.4598
15.777,24.914,0.0,429413.56,10.0,85.981,1.0,,5,758.827,3,5,9,522,0.4598
14.207,17.896,0.0,2212.93,10.0,98.996,0.8,,1,-95.574,4,5,7,1544,0.4553
14.789,19.361,0.0,1777.96,10.0,99.448,0.85,,3,-96.444,4,5,9,1184,0.4468
15.305,21.076,0.0,29555.45,10.0,96.928,0.9,,5,-40.889,4,5,9,980,0.4561
15.421,22.545,0.0,165728.9,10.0,97.777,0.95,,6,231.458,4,5,9,733,0.4598
15.777,24.914,0.0,387141.35,10.0,94.191,1.0,,5,674.283,4,5,9,522,0.4598
13.173,14.452,0.0,1780.59,10.0,99.375,0.8,,0,-96.439,5,5,4,766,0.4713
14.527,18.999,0.0,1698.69,10.0,99.639,0.85,,3,-96.603,5,5,8,1117,0.4548
15.305,21.076,0.0,6666.24,10.0,99.4,0.9,,4,-86.668,5,5,9,980,0.4561
15.421,22.545,0.0,68757.2,10.0,99.401,0.95,,5,37.514,5,5,9,733,0.4598
15.777,24.914,0.0,235460.97,10.0,97.899,1.0,,5,370.922,5,5,9,522,0.4598
13.351,14.46,0.0,1411.25,10.0,99.588,0.8,,0,-97.177,6,5,3,613,0.4747
14.179,18.939,0.0,1246.4,10.0,99.812,0.85,,3,-97.507,6,5,8,1069,0.4565
15.17,20.69,0.0,612.99,10.0,99.926,0.9,,3,-98.774,6,5,9,920,0.4533
15.421,22.545,0.0,17880.76,10.0,99.86,0.95,,5,-64.238,6,5,9,733,0.4598
15.777,24.914,0.0,96642.05,10.0,99.351,1.0,,5,93.284,6,5,9,522,0.4598
13.425,14.61,0.0,1153.21,10.0,99.711,0.8,,0,-97.694,7,5,3,429,0.4709
13.79,18.472,0.0,1278.16,10.0,99.861,0.85,,3,-97.444,7,5,7,992,0.4597
14.716,20.436,0.0,1260.57,10.0,99.895,0.9,,2,-97.479,7,5,8,864,0.4641
15.421,22.545,0.0,4195.59,10.0,99.945,0.95,,4,-91.609,7,5,9,733,0.4598
15.777,24.914,0.0,25796.97,10.0,99.832,1.0,,5,-48.406,7,5,9,522,0.4598
13.296,14.691,0.0,1018.29,10.0,99.766,0.8,,0,-97.963,8,5,3,418,0.4761
12.874,16.181,0.0,1039.55,10.0,99.915,0.85,,3,-97.921,8,5,5,735,0.4653
14.142,19.657,0.0,1098.09,10.0,99.935,0.9,,2,-97.804,8,5,7,768,0.4688
15.132,22.486,0.0,994.14,10.0,99.946,0.95,,4,-98.012,8,5,9,680,0.4588
15.777,24.914,0.0,3729.65,10.0,99.961,1.0,,5,-92.541,8,5,9,522,0.4598
12.869,15.129,0.0,950.83,10.0,99.795,0.8,,0,-98.098,9,5,2,333,0.4745
12.819,15.531,0.0,947.68,10.0,99.941,0.85,,3,-98.105,9,5,5,637,0.4804
13.11,15.027,0.0,957.12,10.0,99.959,0.9,,1,-98.086,9,5,4,394,0.4772
14.91,22.451,0.0,933.5,10.0,99.914,0.95,,4,-98.133,9,5,8,648,0.466
15.525,25.016,0.0,691.21,10.0,99.971,1.0,,4,-98.618,9,5,9,490,0.4531
13.903,14.504,0.0,878.11,10.0,99.805,0.8,,0,-98.244,10,5,2,199,0.4975
12.752,15.603,0.0181,892.03,10.0,99.956,0.85,,1,-98.216,10,5,5,622,0.4839
13.158,14.847,0.0611,856.33,10.0,99.972,0.9,,1,-98.287,10,5,3,303,0.4851
13.956,21.705,0.0,344.45,10.0,99.975,0.95,,2,-99.311,10,5,7,561,0.4777
14.381,24.127,0.0,881.0,10.0,99.948,1.0,,3,-98.238,10,5,7,401,0.4813
15.289,18.942,0.0,32296.21,10.0,70.289,0.8,,4,-35.408,1,10,9,1928,0.4502
15.21,19.776,0.0,68417.79,10.0,58.787,0.85,,5,36.836,1,10,9,1269,0.4539
15.566,21.011,0.0,101573.9,10.0,46.964,0.9,,6,103.148,1,10,9,980,0.4582
15.689,22.45,0.0,137114.3,10.0,51.521,0.95,,6,174.229,1,10,9,733,0.4625
16.12,24.761,0.0,147809.07,10.0,44.658,1.0,,6,195.618,1,10,9,522,0.4636
15.111,18.299,0.0,4394.3,10.0,95.808,0.8,,3,-91.211,2,10,9,1781,0.4469
15.21,19.776,0.0,45869.04,10.0,85.606,0.85,,5,-8.262,2,10,9,1269,0.4539
15.566,21.011,0.0,105280.14,10.0,76.53,0.9,,5,110.56,2,10,9,980,0.4582
15.689,22.45,0.0,219014.04,10.0,80.134,0.95,,6,338.028,2,10,9,733,0.4625
16.12,24.761,0.0,288890.49,10.0,71.667,1.0,,5,477.781,2,10,9,522,0.4636
14.753,17.977,0.0,2717.45,10.0,98.111,0.8,,1,-94.565,3,10,8,1617,0.4539
15.21,19.776,0.0,15374.94,10.0,96.039,0.85,,4,-69.25,3,10,9,1269,0.4539
15.566,21.011,0.0,64383.69,10.0,90.874,0.9,,5,28.767,3,10,9,980,0.4582
15.689,22.45,0.0,212279.6,10.0,92.89,0.95,,6,324.559,3,10,9,733,0.4625
16.12,24.761,0.0,364592.6,10.0,85.951,1.0,,5,629.185,3,10,9,522,0.4636
13.481,14.865,0.0,2195.86,10.0,98.776,0.8,,0,-95.608,4,10,5,1029,0.4684
15.061,19.272,0.0,1823.9,10.0,99.341,0.85,,3,-96.352,4,10,9,1184,0.4502
15.566,21.011,0.0,20230.14,10.0,96.821,0.9,,4,-59.54,4,10,9,980,0.4582
15.689,22.45,0.0,126282.24,10.0,97.787,0.95,,6,152.564,4,10,9,733,0.4625
16.12,24.761,0.0,311255.75,10.0,94.189,1.0,,5,522.511,4,10,9,522,0.4636
13.489,14.449,0.0,1773.76,10.0,99.213,0.8,,0,-96.452,5,10,4,766,0.4752
14.718,18.909,0.0,1698.16,10.0,99.564,0.85,,3,-96.604,5,10,8,1115,0.4592
15.566,21.011,0.0,4665.99,10.0,99.418,0.9,,4,-90.668,5,10,9,980,0.4582
15.689,22.45,0.0,48945.28,10.0,99.408,0.95,,5,-2.109,5,10,9,733,0.4625
16.12,24.761,0.0,177951.69,10.0,97.899,1.0,,5,255.903,5,10,9,522,0.4636
13.795,14.506,0.0,1405.74,10.0,99.452,0.8,,0,-97.189,6,10,3,606,0.4802
14.482,18.847,0.0,1239.57,10.0,99.764,0.85,,3,-97.521,6,10,8,1069,0.4602
15.373,20.662,0.0,1464.8,10.0,99.797,0.9,,3,-97.07,6,10,9,905,0.4619
15.689,22.45,0.0,13494.13,10.0,99.841,0.95,,5,-73.012,6,10,9,733,0.4625
16.12,24.761,0.0,69411.61,10.0,99.342,1.0,,5,38.823,6,10,9,522,0.4636
13.727,14.607,0.0,1254.01,10.0,99.56,0.8,,0,-97.492,7,10,3,419,0.4797
13.401,16.183,0.0,1194.16,10.0,99.829,0.85,,3,-97.612,7,10,6,784,0.4668
15.012,20.321,0.0,1195.47,10.0,99.882,0.9,,2,-97.609,7,10,8,866,0.4665
15.689,22.45,0.0,3811.03,10.0,99.935,0.95,,4,-92.378,7,10,9,733,0.4625
16.12,24.761,0.0,17114.52,10.0,99.827,1.0,,5,-65.771,7,10,9,522,0.4636
13.403,14.792,0.0,1084.7,10.0,99.624,0.8,,0,-97.831,8,10,2,342,0.4795
13.224,16.081,0.0,1005.43,10.0,99.887,0.85,,3,-97.989,8,10,5,735,0.4707
13.523,15.218,0.0,1123.81,10.0,99.918,0.9,,1,-97.752,8,10,5,492,0.4817
15.397,22.384,0.0,1067.64,10.0,99.892,0.95,,4,-97.865,8,10,9,678,0.4631
16.12,24.761,0.0,3021.69,10.0,99.951,1.0,,5,-93.957,8,10,9,522,0.4636
13.361,15.018,0.0,910.14,10.0,99.689,0.8,,0,-98.18,9,10,2,334,0.479
13.206,15.478,0.0,938.23,10.0,99.916,0.85,,2,-98.124,9,10,5,625,0.4896
13.49,14.768,0.0,913.81,10.0,99.95,0.9,,1,-98.172,9,10,4,338,0.4822
15.191,22.346,0.0,528.99,10.0,99.944,0.95,,3,-98.942,9,10,8,647,0.4699
15.884,24.85,0.0,379.62,10.0,99.972,1.0,,4,-99.241,9,10,9,490,0.4571
14.685,14.962,0.0,883.89,10.0,99.667,0.8,,0,-98.232,10,10,2,183,0.5027
13.343,15.107,0.0,796.21,10.0,99.941,0.85,,0,-98.408,10,10,3,303,0.4884
13.399,14.918,0.0,803.83,10.0,99.966,0.9,,0,-98.392,10,10,3,296,0.4932
14.31,21.592,0.0,362.3,10.0,99.969,0.95,,3,-99.275,10,10,7,561,0.4813
14.776,23.88,0.0,31.81,10.0,99.998,1.0,,3,-99.936,10,10,7,398,0.4874
15.289,18.942,0.0,32296.21,10.0,70.289,0.8,,4,-35.408,1,15,9,1928,0.4502
15.21,19.776,0.0,68417.79,10.0,58.787,0.85,,5,36.836,1,15,9,1269,0.4539
15.566,21.011,0.0,101573.9,10.0,46.964,0.9,,6,103.148,1,15,9,980,0.4582
15.689,22.45,0.0,137114.3,10.0,51.521,0.95,,6,174.229,1,15,9,733,0.4625
16.12,24.761,0.0,147809.07,10.0,44.658,1.0,,6,195.618,1,15,9,522,0.4636
15.111,18.299,0.0,4394.3,10.0,95.808,0.8,,3,-91.211,2,15,9,1781,0.4469
15.21,19.776,0.0,45869.04,10.0,85.606,0.85,,5,-8.262,2,15,9,1269,0.4539
15.566,21.011,0.0,105280.14,10.0,76.53,0.9,,5,110.56,2,15,9,980,0.4582
15.689,22.45,0.0,219014.04,10.0,80.134,0.95,,6,338.028,2,15,9,733,0.4625
16.12,24.761,0.0,288890.49,10.0,71.667,1.0,,5,477.781,2,15,9,522,0.4636
14.753,17.977,0.0,2717.45,10.0,98.111,0.8,,1,-94.565,3,15,8,1617,0.4539
15.21,19.776,0.0,15374.94,10.0,96.039,0.85,,4,-69.25,3,15,9,1269,0.4539
15.566,21.011,0.0,64383.69,10.0,90.874,0.9,,5,28.767,3,15,9,980,0.4582
15.689,22.45,0.0,212279.6,10.0,92.89,0.95,,6,324.559,3,15,9,733,0.4625
16.12,24.761,0.0,364592.6,10.0,85.951,1.0,,5,629.185,3,15,9,522,0.4636
13.481,14.865,0.0,2195.86,10.0,98.776,0.8,,0,-95.608,4,15,5,1029,0.4684
15.061,19.272,0.0,1823.9,10.0,99.341,0.85,,3,-96.352,4,15,9,1184,0.4502
15.566,21.011,0.0,20230.14,10.0,96.821,0.9,,4,-59.54,4,15,9,980,0.4582
15.689,22.45,0.0,126282.24,10.0,97.787,0.95,,6,152.564,4,15,9,733,0.4625
16.12,24.761,0.0,311255.75,10.0,94.189,1.0,,5,522.511,4,15,9,522,0.4636
13.489,14.449,0.0,1773.76,10.0,99.213,0.8,,0,-96.452,5,15,4,766,0.4752
14.718,18.909,0.0,1698.16,10.0,99.564,0.85,,3,-96.604,5,15,8,1115,0.4592
15.566,21.011,0.0,4665.99,10.0,99.418,0.9,,4,-90.668,5,15,9,980,0.4582
15.689,22.45,0.0,48945.28,10.0,99.408,0.95,,5,-2.109,5,15,9,733,0.4625
16.12,24.761,0.0,177951.69,10.0,97.899,1.0,,5,255.903,5,15,9,522,0.4636
13.795,14.506,0.0,1405.74,10.0,99.452,0.8,,0,-97.189,6,15,3,606,0.4802
14.482,18.847,0.0,1239.57,10.0,99.764,0.85,,3,-97.521,6,15,8,1069,0.4602
15.373,20.662,0.0,1464.8,10.0,99.797,0.9,,3,-97.07,6,15,9,905,0.4619
15.689,22.45,0.0,13494.13,10.0,99.841,0.95,,5,-73.012,6,15,9,733,0.4625
16.12,24.761,0.0,69411.61,10.0,99.342,1.0,,5,38.823,6,15,9,522,0.4636
13.727,14.607,0.0,1254.01,10.0,99.56,0.8,,0,-97.492,7,15,3,419,0.4797
13.401,16.183,0.0,1194.16,10.0,99.829,0.85,,3,-97.612,7,15,6,784,0.4668
15.012,20.321,0.0,1195.47,10.0,99.882,0.9,,2,-97.609,7,15,8,866,0.4665
15.689,22.45,0.0,3811.03,10.0,99.935,0.95,,4,-92.378,7,15,9,733,0.4625
16.12,24.761,0.0,17114.52,10.0,99.827,1.0,,5,-65.771,7,15,9,522,0.4636
13.403,14.792,0.0,1084.7,10.0,99.624,0.8,,0,-97.831,8,15,2,342,0.4795
13.224,16.081,0.0,1005.43,10.0,99.887,0.85,,3,-97.989,8,15,5,735,0.4707
13.523,15.218,0.0,1123.81,10.0,99.918,0.9,,1,-97.752,8,15,5,492,0.4817
15.397,22.384,0.0,1067.64,10.0,99.892,0.95,,4,-97.865,8,15,9,678,0.4631
16.12,24.761,0.0,3021.69,10.0,99.951,1.0,,5,-93.957,8,15,9,522,0.4636
13.361,15.018,0.0,910.14,10.0,99.689,0.8,,0,-98.18,9,15,2,334,0.479
13.206,15.478,0.0,938.23,10.0,99.916,0.85,,2,-98.124,9,15,5,625,0.4896
13.49,14.768,0.0,913.81,10.0,99.95,0.9,,1,-98.172,9,15,4,338,0.4822
15.191,22.346,0.0,528.99,10.0,99.944,0.95,,3,-98.942,9,15,8,647,0.4699
15.884,24.85,0.0,379.62,10.0,99.972,1.0,,4,-99.241,9,15,9,490,0.4571
14.685,14.962,0.0,883.89,10.0,99.667,0.8,,0,-98.232,10,15,2,183,0.5027
13.343,15.107,0.0,796.21,10.0,99.941,0.85,,0,-98.408,10,15,3,303,0.4884
13.399,14.918,0.0,803.83,10.0,99.966,0.9,,0,-98.392,10,15,3,296,0.4932
14.31,21.592,0.0,362.3,10.0,99.969,0.95,,3,-99.275,10,15,7,561,0.4813
14.776,23.88,0.0,31.81,10.0,99.998,1.0,,3,-99.936,10,15,7,398,0.4874
15.289,18.942,0.0,32296.21,10.0,70.289,0.8,,4,-35.408,1,20,9,1928,0.4502
15.21,19.776,0.0,68417.79,10.0,58.787,0.85,,5,36.836,1,20,9,1269,0.4539
15.566,21.011,0.0,101573.9,10.0,46.964,0.9,,6,103.148,1,20,9,980,0.4582
15.689,22.45,0.0,137114.3,10.0,51.521,0.95,,6,174.229,1,20,9,733,0.4625
16.12,24.761,0.0,147809.07,10.0,44.658,1.0,,6,195.618,1,20,9,522,0.4636
15.111,18.299,0.0,4394.3,10.0,95.808,0.8,,3,-91.211,2,20,9,1781,0.4469
15.21,19.776,0.0,45869.04,10.0,85.606,0.85,,5,-8.262,2,20,9,1269,0.4539
15.566,21.011,0.0,105280.14,10.0,76.53,0.9,,5,110.56,2,20,9,980,0.4582
15.689,22.45,0.0,219014.04,10.0,80.134,0.95,,6,338.028,2,20,9,733,0.4625
16.12,24.761,0.0,288890.49,10.0,71.667,1.0,,5,477.781,2,20,9,522,0.4636
14.753,17.977,0.0,2717.45,10.0,98.111,0.8,,1,-94.565,3,20,8,1617,0.4539
15.21,19.776,0.0,15374.94,10.0,96.039,0.85,,4,-69.25,3,20,9,1269,0.4539
15.566,21.011,0.0,64383.69,10.0,90.874,0.9,,5,28.767,3,20,9,980,0.4582
15.689,22.45,0.0,212279.6,10.0,92.89,0.95,,6,324.559,3,20,9,733,0.4625
16.12,24.761,0.0,364592.6,10.0,85.951,1.0,,5,629.185,3,20,9,522,0.4636
13.481,14.865,0.0,2195.86,10.0,98.776,0.8,,0,-95.608,4,20,5,1029,0.4684
15.061,19.272,0.0,1823.9,10.0,99.341,0.85,,3,-96.352,4,20,9,1184,0.4502
15.566,21.011,0.0,20230.14,10.0,96.821,0.9,,4,-59.54,4,20,9,980,0.4582
15.689,22.45,0.0,126282.24,10.0,97.787,0.95,,6,152.564,4,20,9,733,0.4625
16.12,24.761,0.0,311255.75,10.0,94.189,1.0,,5,522.511,4,20,9,522,0.4636
13.489,14.449,0.0,1773.76,10.0,99.213,0.8,,0,-96.452,5,20,4,766,0.4752
14.718,18.909,0.0,1698.16,10.0,99.564,0.85,,3,-96.604,5,20,8,1115,0.4592
15.566,21.011,0.0,4665.99,10.0,99.418,0.9,,4,-90.668,5,20,9,980,0.4582
15.689,22.45,0.0,48945.28,10.0,99.408,0.95,,5,-2.109,5,20,9,733,0.4625
16.12,24.761,0.0,177951.69,10.0,97.899,1.0,,5,255.903,5,20,9,522,0.4636
13.795,14.506,0.0,1405.74,10.0,99.452,0.8,,0,-97.189,6,20,3,606,0.4802
14.482,18.847,0.0,1239.57,10.0,99.764,0.85,,3,-97.521,6,20,8,1069,0.4602
15.373,20.662,0.0,1464.8,10.0,99.797,0.9,,3,-97.07,6,20,9,905,0.4619
15.689,22.45,0.0,13494.13,10.0,99.841,0.95,,5,-73.012,6,20,9,733,0.4625
16.12,24.761,0.0,69411.61,10.0,99.342,1.0,,5,38.823,6,20,9,522,0.4636
13.727,14.607,0.0,1254.01,10.0,99.56,0.8,,0,-97.492,7,20,3,419,0.4797
13.401,16.183,0.0,1194.16,10.0,99.829,0.85,,3,-97.612,7,20,6,784,0.4668
15.012,20.321,0.0,1195.47,10.0,99.882,0.9,,2,-97.609,7,20,8,866,0.4665
15.689,22.45,0.0,3811.03,10.0,99.935,0.95,,4,-92.378,7,20,9,733,0.4625
16.12,24.761,0.0,17114.52,10.0,99.827,1.0,,5,-65.771,7,20,9,522,0.4636
13.403,14.792,0.0,1084.7,10.0,99.624,0.8,,0,-97.831,8,20,2,342,0.4795
13.224,16.081,0.0,1005.43,10.0,99.887,0.85,,3,-97.989,8,20,5,735,0.4707
13.523,15.218,0.0,1123.81,10.0,99.918,0.9,,1,-97.752,8,20,5,492,0.4817
15.397,22.384,0.0,1067.64,10.0,99.892,0.95,,4,-97.865,8,20,9,678,0.4631
16.12,24.761,0.0,3021.69,10.0,99.951,1.0,,5,-93.957,8,20,9,522,0.4636
13.361,15.018,0.0,910.14,10.0,99.689,0.8,,0,-98.18,9,20,2,334,0.479
13.206,15.478,0.0,938.23,10.0,99.916,0.85,,2,-98.124,9,20,5,625,0.4896
13.49,14.768,0.0,913.81,10.0,99.95,0.9,,1,-98.172,9,20,4,338,0.4822
15.191,22.346,0.0,528.99,10.0,99.944,0.95,,3,-98.942,9,20,8,647,0.4699
15.884,24.85,0.0,379.62,10.0,99.972,1.0,,4,-99.241,9,20,9,490,0.4571
14.685,14.962,0.0,883.89,10.0,99.667,0.8,,0,-98.232,10,20,2,183,0.5027
13.343,15.107,0.0,796.21,10.0,99.941,0.85,,0,-98.408,10,20,3,303,0.4884
13.399,14.918,0.0,803.83,10.0,99.966,0.9,,0,-98.392,10,20,3,296,0.4932
14.31,21.592,0.0,362.3,10.0,99.969,0.95,,3,-99.275,10,20,7,561,0.4813
14.776,23.88,0.0,31.81,10.0,99.998,1.0,,3,-99.936,10,20,7,398,0.4874
15.289,18.942,0.0,32296.21,10.0,70.289,0.8,,4,-35.408,1,25,9,1928,0.4502
15.21,19.776,0.0,68417.79,10.0,58.787,0.85,,5,36.836,1,25,9,1269,0.4539
15.566,21.011,0.0,101573.9,10.0,46.964,0.9,,6,103.148,1,25,9,980,0.4582
15.689,22.45,0.0,137114.3,10.0,51.521,0.95,,6,174.229,1,25,9,733,0.4625
16.12,24.761,0.0,147809.07,10.0,44.658,1.0,,6,195.618,1,25,9,522,0.4636
15.111,18.299,0.0,4394.3,10.0,95.808,0.8,,3,-91.211,2,25,9,1781,0.4469
15.21,19.776,0.0,45869.04,10.0,85.606,0.85,,5,-8.262,2,25,9,1269,0.4539
15.566,21.011,0.0,105280.14,10.0,76.53,0.9,,5,110.56,2,25,9,980,0.4582
15.689,22.45,0.0,219014.04,10.0,80.134,0.95,,6,338.028,2,25,9,733,0.4625
16.12,24.761,0.0,288890.49,10.0,71.667,1.0,,5,477.781,2,25,9,522,0.4636
14.753,17.977,0.0,2717.45,10.0,98.111,0.8,,1,-94.565,3,25,8,1617,0.4539
15.21,19.776,0.0,15374.94,10.0,96.039,0.85,,4,-69.25,3,25,9,1269,0.4539
15.566,21.011,0.0,64383.69,10.0,90.874,0.9,,5,28.767,3,25,9,980,0.4582
15.689,22.45,0.0,212279.6,10.0,92.89,0.95,,6,324.559,3,25,9,733,0.4625
16.12,24.761,0.0,364592.6,10.0,85.951,1.0,,5,629.185,3,25,9,522,0.4636
13.481,14.865,0.0,2195.86,10.0,98.776,0.8,,0,-95.608,4,25,5,1029,0.4684
15.061,19.272,0.0,1823.9,10.0,99.341,0.85,,3,-96.352,4,25,9,1184,0.4502
15.566,21.011,0.0,20230.14,10.0,96.821,0.9,,4,-59.54,4,25,9,980,0.4582
15.689,22.45,0.0,126282.24,10.0,97.787,0.95,,6,152.564,4,25,9,733,0.4625
16.12,24.761,0.0,311255.75,10.0,94.189,1.0,,5,522.511,4,25,9,522,0.4636
13.489,14.449,0.0,1773.76,10.0,99.213,0.8,,0,-96.452,5,25,4,766,0.4752
14.718,18.909,0.0,1698.16,10.0,99.564,0.85,,3,-96.604,5,25,8,1115,0.4592
15.566,21.011,0.0,4665.99,10.0,99.418,0.9,,4,-90.668,5,25,9,980,0.4582
15.689,22.45,0.0,48945.28,10.0,99.408,0.95,,5,-2.109,5,25,9,733,0.4625
16.12,24.761,0.0,177951.69,10.0,97.899,1.0,,5,255.903,5,25,9,522,0.4636
13.795,14.506,0.0,1405.74,10.0,99.452,0.8,,0,-97.189,6,25,3,606,0.4802
14.482,18.847,0.0,1239.57,10.0,99.764,0.85,,3,-97.521,6,25,8,1069,0.4602
15.373,20.662,0.0,1464.8,10.0,99.797,0.9,,3,-97.07,6,25,9,905,0.4619
15.689,22.45,0.0,13494.13,10.0,99.841,0.95,,5,-73.012,6,25,9,733,0.4625
16.12,24.761,0.0,69411.61,10.0,99.342,1.0,,5,38.823,6,25,9,522,0.4636
13.727,14.607,0.0,1254.01,10.0,99.56,0.8,,0,-97.492,7,25,3,419,0.4797
13.401,16.183,0.0,1194.16,10.0,99.829,0.85,,3,-97.612,7,25,6,784,0.4668
15.012,20.321,0.0,1195.47,10.0,99.882,0.9,,2,-97.609,7,25,8,866,0.4665
15.689,22.45,0.0,3811.03,10.0,99.935,0.95,,4,-92.378,7,25,9,733,0.4625
16.12,24.761,0.0,17114.52,10.0,99.827,1.0,,5,-65.771,7,25,9,522,0.4636
13.403,14.792,0.0,1084.7,10.0,99.624,0.8,,0,-97.831,8,25,2,342,0.4795
13.224,16.081,0.0,1005.43,10.0,99.887,0.85,,3,-97.989,8,25,5,735,0.4707
13.523,15.218,0.0,1123.81,10.0,99.918,0.9,,1,-97.752,8,25,5,492,0.4817
15.397,22.384,0.0,1067.64,10.0,99.892,0.95,,4,-97.865,8,25,9,678,0.4631
16.12,24.761,0.0,3021.69,10.0,99.951,1.0,,5,-93.957,8,25,9,522,0.4636
13.361,15.018,0.0,910.14,10.0,99.689,0.8,,0,-98.18,9,25,2,334,0.479
13.206,15.478,0.0,938.23,10.0,99.916,0.85,,2,-98.124,9,25,5,625,0.4896
13.49,14.768,0.0,913.81,10.0,99.95,0.9,,1,-98.172,9,25,4,338,0.4822
15.191,22.346,0.0,528.99,10.0,99.944,0.95,,3,-98.942,9,25,8,647,0.4699
15.884,24.85,0.0,379.62,10.0,99.972,1.0,,4,-99.241,9,25,9,490,0.4571
14.685,14.962,0.0,883.89,10.0,99.667,0.8,,0,-98.232,10,25,2,183,0.5027
13.343,15.107,0.0,796.21,10.0,99.941,0.85,,0,-98.408,10,25,3,303,0.4884
13.399,14.918,0.0,803.83,10.0,99.966,0.9,,0,-98.392,10,25,3,296,0.4932
14.31,21.592,0.0,362.3,10.0,99.969,0.95,,3,-99.275,10,25,7,561,0.4813
14.776,23.88,0.0,31.81,10.0,99.998,1.0,,3,-99.936,10,25,7,398,0.4874
15.289,18.942,0.0,32296.21,10.0,70.289,0.8,,4,-35.408,1,30,9,1928,0.4502
15.21,19.776,0.0,68417.79,10.0,58.787,0.85,,5,36.836,1,30,9,1269,0.4539
15.566,21.011,0.0,101573.9,10.0,46.964,0.9,,6,103.148,1,30,9,980,0.4582
15.689,22.45,0.0,137114.3,10.0,51.521,0.95,,6,174.229,1,30,9,733,0.4625
16.12,24.761,0.0,147809.07,10.0,44.658,1.0,,6,195.618,1,30,9,522,0.4636
15.111,18.299,0.0,4394.3,10.0,95.808,0.8,,3,-91.211,2,30,9,1781,0.4469
15.21,19.776,0.0,45869.04,10.0,85.606,0.85,,5,-8.262,2,30,9,1269,0.4539
15.566,21.011,0.0,105280.14,10.0,76.53,0.9,,5,110.56,2,30,9,980,0.4582
15.689,22.45,0.0,219014.04,10.0,80.134,0.95,,6,338.028,2,30,9,733,0.4625
16.12,24.761,0.0,288890.49,10.0,71.667,1.0,,5,477.781,2,30,9,522,0.4636
14.753,17.977,0.0,2717.45,10.0,98.111,0.8,,1,-94.565,3,30,8,1617,0.4539
15.21,19.776,0.0,15374.94,10.0,96.039,0.85,,4,-69.25,3,30,9,1269,0.4539
15.566,21.011,0.0,64383.69,10.0,90.874,0.9,,5,28.767,3,30,9,980,0.4582
15.689,22.45,0.0,212279.6,10.0,92.89,0.95,,6,324.559,3,30,9,733,0.4625
16.12,24.761,0.0,364592.6,10.0,85.951,1.0,,5,629.185,3,30,9,522,0.4636
13.481,14.865,0.0,2195.86,10.0,98.776,0.8,,0,-95.608,4,30,5,1029,0.4684
15.061,19.272,0.0,1823.9,10.0,99.341,0.85,,3,-96.352,4,30,9,1184,0.4502
15.566,21.011,0.0,20230.14,10.0,96.821,0.9,,4,-59.54,4,30,9,980,0.4582
15.689,22.45,0.0,126282.24,10.0,97.787,0.95,,6,152.564,4,30,9,733,0.4625
16.12,24.761,0.0,311255.75,10.0,94.189,1.0,,5,522.511,4,30,9,522,0.4636
13.489,14.449,0.0,1773.76,10.0,99.213,0.8,,0,-96.452,5,30,4,766,0.4752
14.718,18.909,0.0,1698.16,10.0,99.564,0.85,,3,-96.604,5,30,8,1115,0.4592
15.566,21.011,0.0,4665.99,10.0,99.418,0.9,,4,-90.668,5,30,9,980,0.4582
15.689,22.45,0.0,48945.28,10.0,99.408,0.95,,5,-2.109,5,30,9,733,0.4625
16.12,24.761,0.0,177951.69,10.0,97.899,1.0,,5,255.903,5,30,9,522,0.4636
13.795,14.506,0.0,1405.74,10.0,99.452,0.8,,0,-97.189,6,30,3,606,0.4802
14.482,18.847,0.0,1239.57,10.0,99.764,0.85,,3,-97.521,6,30,8,1069,0.4602
15.373,20.662,0.0,1464.8,10.0,99.797,0.9,,3,-97.07,6,30,9,905,0.4619
15.689,22.45,0.0,13494.13,10.0,99.841,0.95,,5,-73.012,6,30,9,733,0.4625
16.12,24.761,0.0,69411.61,10.0,99.342,1.0,,5,38.823,6,30,9,522,0.4636
13.727,14.607,0.0,1254.01,10.0,99.56,0.8,,0,-97.492,7,30,3,419,0.4797
13.401,16.183,0.0,1194.16,10.0,99.829,0.85,,3,-97.612,7,30,6,784,0.4668
15.012,20.321,0.0,1195.47,10.0,99.882,0.9,,2,-97.609,7,30,8,866,0.4665
15.689,22.45,0.0,3811.03,10.0,99.935,0.95,,4,-92.378,7,30,9,733,0.4625
16.12,24.761,0.0,17114.52,10.0,99.827,1.0,,5,-65.771,7,30,9,522,0.4636
13.403,14.792,0.0,1084.7,10.0,99.624,0.8,,0,-97.831,8,30,2,342,0.4795
13.224,16.081,0.0,1005.43,10.0,99.887,0.85,,3,-97.989,8,30,5,735,0.4707
13.523,15.218,0.0,1123.81,10.0,99.918,0.9,,1,-97.752,8,30,5,492,0.4817
15.397,22.384,0.0,1067.64,10.0,99.892,0.95,,4,-97.865,8,30,9,678,0.4631
16.12,24.761,0.0,3021.69,10.0,99.951,1.0,,5,-93.957,8,30,9,522,0.4636
13.361,15.018,0.0,910.14,10.0,99.689,0.8,,0,-98.18,9,30,2,334,0.479
13.206,15.478,0.0,938.23,10.0,99.916,0.85,,2,-98.124,9,30,5,625,0.4896
13.49,14.768,0.0,913.81,10.0,99.95,0.9,,1,-98.172,9,30,4,338,0.4822
15.191,22.346,0.0,528.99,10.0,99.944,0.95,,3,-98.942,9,30,8,647,0.4699
15.884,24.85,0.0,379.62,10.0,99.972,1.0,,4,-99.241,9,30,9,490,0.4571
14.685,14.962,0.0,883.89,10.0,99.667,0.8,,0,-98.232,10,30,2,183,0.5027
13.343,15.107,0.0,796.21,10.0,99.941,0.85,,0,-98.408,10,30,3,303,0.4884
13.399,14.918,0.0,803.83,10.0,99.966,0.9,,0,-98.392,10,30,3,296,0.4932
14.31,21.592,0.0,362.3,10.0,99.969,0.95,,3,-99.275,10,30,7,561,0.4813
14.776,23.88,0.0,31.81,10.0,99.998,1.0,,3,-99.936,10,30,7,398,0.4874
15.289,18.942,0.0,32296.21,10.0,70.289,0.8,,4,-35.408,1,35,9,1928,0.4502
15.21,19.776,0.0,68417.79,10.0,58.787,0.85,,5,36.836,1,35,9,1269,0.4539
15.566,21.011,0.0,101573.9,10.0,46.964,0.9,,6,103.148,1,35,9,980,0.4582
15.689,22.45,0.0,137114.3,10.0,51.521,0.95,,6,174.229,1,35,9,733,0.4625
16.12,24.761,0.0,147809.07,10.0,44.658,1.0,,6,195.618,1,35,9,522,0.4636
15.111,18.299,0.0,4394.3,10.0,95.808,0.8,,3,-91.211,2,35,9,1781,0.4469
15.21,19.776,0.0,45869.04,10.0,85.606,0.85,,5,-8.262,2,35,9,1269,0.4539
15.566,21.011,0.0,105280.14,10.0,76.53,0.9,,5,110.56,2,35,9,980,0.4582
15.689,22.45,0.0,219014.04,10.0,80.134,0.95,,6,338.028,2,35,9,733,0.4625
16.12,24.761,0.0,288890.49,10.0,71.667,1.0,,5,477.781,2,35,9,522,0.4636
14.753,17.977,0.0,2717.45,10.0,98.111,0.8,,1,-94.565,3,35,8,1617,0.4539
15.21,19.776,0.0,15374.94,10.0,96.039,0.85,,4,-69.25,3,35,9,1269,0.4539
15.566,21.011,0.0,64383.69,10.0,90.874,0.9,,5,28.767,3,35,9,980,0.4582
15.689,22.45,0.0,212279.6,10.0,92.89,0.95,,6,324.559,3,35,9,733,0.4625
16.12,24.761,0.0,364592.6,10.0,85.951,1.0,,5,629.185,3,35,9,522,0.4636
13.481,14.865,0.0,2195.86,10.0,98.776,0.8,,0,-95.608,4,35,5,1029,0.4684
15.061,19.272,0.0,1823.9,10.0,99.341,0.85,,3,-96.352,4,35,9,1184,0.4502
15.566,21.011,0.0,20230.14,10.0,96.821,0.9,,4,-59.54,4,35,9,980,0.4582
15.689,22.45,0.0,126282.24,10.0,97.787,0.95,,6,152.564,4,35,9,733,0.4625
16.12,24.761,0.0,311255.75,10.0,94.189,1.0,,5,522.511,4,35,9,522,0.4636
13.489,14.449,0.0,1773.76,10.0,99.213,0.8,,0,-96.452,5,35,4,766,0.4752
14.718,18.909,0.0,1698.16,10.0,99.564,0.85,,3,-96.604,5,35,8,1115,0.4592
15.566,21.011,0.0,4665.99,10.0,99.418,0.9,,4,-90.668,5,35,9,980,0.4582
15.689,22.45,0.0,48945.28,10.0,99.408,0.95,,5,-2.109,5,35,9,733,0.4625
16.12,24.761,0.0,177951.69,10.0,97.899,1.0,,5,255.903,5,35,9,522,0.4636
13.795,14.506,0.0,1405.74,10.0,99.452,0.8,,0,-97.189,6,35,3,606,0.4802
14.482,18.847,0.0,1239.57,10.0,99.764,0.85,,3,-97.521,6,35,8,1069,0.4602
15.373,20.662,0.0,1464.8,10.0,99.797,0.9,,3,-97.07,6,35,9,905,0.4619
15.689,22.45,0.0,13494.13,10.0,99.841,0.95,,5,-73.012,6,35,9,733,0.4625
16.12,24.761,0.0,69411.61,10.0,99.342,1.0,,5,38.823,6,35,9,522,0.4636
13.727,14.607,0.0,1254.01,10.0,99.56,0.8,,0,-97.492,7,35,3,419,0.4797
13.401,16.183,0.0,1194.16,10.0,99.829,0.85,,3,-97.612,7,35,6,784,0.4668
15.012,20.321,0.0,1195.47,10.0,99.882,0.9,,2,-97.609,7,35,8,866,0.4665
15.689,22.45,0.0,3811.03,10.0,99.935,0.95,,4,-92.378,7,35,9,733,0.4625
16.12,24.761,0.0,17114.52,10.0,99.827,1.0,,5,-65.771,7,35,9,522,0.4636
13.403,14.792,0.0,1084.7,10.0,99.624,0.8,,0,-97.831,8,35,2,342,0.4795
13.224,16.081,0.0,1005.43,10.0,99.887,0.85,,3,-97.989,8,35,5,735,0.4707
13.523,15.218,0.0,1123.81,10.0,99.918,0.9,,1,-97.752,8,35,5,492,0.4817
15.397,22.384,0.0,1067.64,10.0,99.892,0.95,,4,-97.865,8,35,9,678,0.4631
16.12,24.761,0.0,3021.69,10.0,99.951,1.0,,5,-93.957,8,35,9,522,0.4636
13.361,15.018,0.0,910.14,10.0,99.689,0.8,,0,-98.18,9,35,2,334,0.479
13.206,15.478,0.0,938.23,10.0,99.916,0.85,,2,-98.124,9,35,5,625,0.4896
13.49,14.768,0.0,913.81,10.0,99.95,0.9,,1,-98.172,9,35,4,338,0.4822
15.191,22.346,0.0,528.99,10.0,99.944,0.95,,3,-98.942,9,35,8,647,0.4699
15.884,24.85,0.0,379.62,10.0,99.972,1.0,,4,-99.241,9,35,9,490,0.4571
14.685,14.962,0.0,883.89,10.0,99.667,0.8,,0,-98.232,10,35,2,183,0.5027
13.343,15.107,0.0,796.21,10.0,99.941,0.85,,0,-98.408,10,35,3,303,0.4884
13.399,14.918,0.0,803.83,10.0,99.966,0.9,,0,-98.392,10,35,3,296,0.4932
14.31,21.592,0.0,362.3,10.0,99.969,0.95,,3,-99.275,10,35,7,561,0.4813
14.776,23.88,0.0,31.81,10.0,99.998,1.0,,3,-99.936,10,35,7,398,0.4874
15.289,18.942,0.0,32296.21,10.0,70.289,0.8,,4,-35.408,1,40,9,1928,0.4502
15.21,19.776,0.0,68417.79,10.0,58.787,0.85,,5,36.836,1,40,9,1269,0.4539
15.566,21.011,0.0,101573.9,10.0,46.964,0.9,,6,103.148,1,40,9,980,0.4582
15.689,22.45,0.0,137114.3,10.0,51.521,0.95,,6,174.229,1,40,9,733,0.4625
16.12,24.761,0.0,147809.07,10.0,44.658,1.0,,6,195.618,1,40,9,522,0.4636
15.111,18.299,0.0,4394.3,10.0,95.808,0.8,,3,-91.211,2,40,9,1781,0.4469
15.21,19.776,0.0,45869.04,10.0,85.606,0.85,,5,-8.262,2,40,9,1269,0.4539
15.566,21.011,0.0,105280.14,10.0,76.53,0.9,,5,110.56,2,40,9,980,0.4582
15.689,22.45,0.0,219014.04,10.0,80.134,0.95,,6,338.028,2,40,9,733,0.4625
16.12,24.761,0.0,288890.49,10.0,71.667,1.0,,5,477.781,2,40,9,522,0.4636
14.753,17.977,0.0,2717.45,10.0,98.111,0.8,,1,-94.565,3,40,8,1617,0.4539
15.21,19.776,0.0,15374.94,10.0,96.039,0.85,,4,-69.25,3,40,9,1269,0.4539
15.566,21.011,0.0,64383.69,10.0,90.874,0.9,,5,28.767,3,40,9,980,0.4582
15.689,22.45,0.0,212279.6,10.0,92.89,0.95,,6,324.559,3,40,9,733,0.4625
16.12,24.761,0.0,364592.6,10.0,85.951,1.0,,5,629.185,3,40,9,522,0.4636
13.481,14.865,0.0,2195.86,10.0,98.776,0.8,,0,-95.608,4,40,5,1029,0.4684
15.061,19.272,0.0,1823.9,10.0,99.341,0.85,,3,-96.352,4,40,9,1184,0.4502
15.566,21.011,0.0,20230.14,10.0,96.821,0.9,,4,-59.54,4,40,9,980,0.4582
15.689,22.45,0.0,126282.24,10.0,97.787,0.95,,6,152.564,4,40,9,733,0.4625
16.12,24.761,0.0,311255.75,10.0,94.189,1.0,,5,522.511,4,40,9,522,0.4636
13.489,14.449,0.0,1773.76,10.0,99.213,0.8,,0,-96.452,5,40,4,766,0.4752
14.718,18.909,0.0,1698.16,10.0,99.564,0.85,,3,-96.604,5,40,8,1115,0.4592
15.566,21.011,0.0,4665.99,10.0,99.418,0.9,,4,-90.668,5,40,9,980,0.4582
15.689,22.45,0.0,48945.28,10.0,99.408,0.95,,5,-2.109,5,40,9,733,0.4625
16.12,24.761,0.0,177951.69,10.0,97.899,1.0,,5,255.903,5,40,9,522,0.4636
13.795,14.506,0.0,1405.74,10.0,99.452,0.8,,0,-97.189,6,40,3,606,0.4802
14.482,18.847,0.0,1239.57,10.0,99.764,0.85,,3,-97.521,6,40,8,1069,0.4602
15.373,20.662,0.0,1464.8,10.0,99.797,0.9,,3,-97.07,6,40,9,905,0.4619
15.689,22.45,0.0,13494.13,10.0,99.841,0.95,,5,-73.012,6,40,9,733,0.4625
16.12,24.761,0.0,69411.61,10.0,99.342,1.0,,5,38.823,6,40,9,522,0.4636
13.727,14.607,0.0,1254.01,10.0,99.56,0.8,,0,-97.492,7,40,3,419,0.4797
13.401,16.183,0.0,1194.16,10.0,99.829,0.85,,3,-97.612,7,40,6,784,0.4668
15.012,20.321,0.0,1195.47,10.0,99.882,0.9,,2,-97.609,7,40,8,866,0.4665
15.689,22.45,0.0,3811.03,10.0,99.935,0.95,,4,-92.378,7,40,9,733,0.4625
16.12,24.761,0.0,17114.52,10.0,99.827,1.0,,5,-65.771,7,40,9,522,0.4636
13.403,14.792,0.0,1084.7,10.0,99.624,0.8,,0,-97.831,8,40,2,342,0.4795
13.224,16.081,0.0,1005.43,10.0,99.887,0.85,,3,-97.989,8,40,5,735,0.4707
13.523,15.218,0.0,1123.81,10.0,99.918,0.9,,1,-97.752,8,40,5,492,0.4817
15.397,22.384,0.0,1067.64,10.0,99.892,0.95,,4,-97.865,8,40,9,678,0.4631
16.12,24.761,0.0,3021.69,10.0,99.951,1.0,,5,-93.957,8,40,9,522,0.4636
13.361,15.018,0.0,910.14,10.0,99.689,0.8,,0,-98.18,9,40,2,334,0.479
13.206,15.478,0.0,938.23,10.0,99.916,0.85,,2,-98.124,9,40,5,625,0.4896
13.49,14.768,0.0,913.81,10.0,99.95,0.9,,1,-98.172,9,40,4,338,0.4822
15.191,22.346,0.0,528.99,10.0,99.944,0.95,,3,-98.942,9,40,8,647,0.4699
15.884,24.85,0.0,379.62,10.0,99.972,1.0,,4,-99.241,9,40,9,490,0.4571
14.685,14.962,0.0,883.89,10.0,99.667,0.8,,0,-98.232,10,40,2,183,0.5027
13.343,15.107,0.0,796.21,10.0,99.941,0.85,,0,-98.408,10,40,3,303,0.4884
13.399,14.918,0.0,803.83,10.0,99.966,0.9,,0,-98.392,10,40,3,296,0.4932
14.31,21.592,0.0,362.3,10.0,99.969,0.95,,3,-99.275,10,40,7,561,0.4813
14.776,23.88,0.0,31.81,10.0,99.998,1.0,,3,-99.936,10,40,7,398,0.4874
15.289,18.942,0.0,32296.21,10.0,70.289,0.8,,4,-35.408,1,45,9,1928,0.4502
15.21,19.776,0.0,68417.79,10.0,58.787,0.85,,5,36.836,1,45,9,1269,0.4539
15.566,21.011,0.0,101573.9,10.0,46.964,0.9,,6,103.148,1,45,9,980,0.4582
15.689,22.45,0.0,137114.3,10.0,51.521,0.95,,6,174.229,1,45,9,733,0.4625
16.12,24.761,0.0,147809.07,10.0,44.658,1.0,,6,195.618,1,45,9,522,0.4636
15.111,18.299,0.0,4394.3,10.0,95.808,0.8,,3,-91.211,2,45,9,1781,0.4469
15.21,19.776,0.0,45869.04,10.0,85.606,0.85,,5,-8.262,2,45,9,1269,0.4539
15.566,21.011,0.0,105280.14,10.0,76.53,0.9,,5,110.56,2,45,9,980,0.4582
15.689,22.45,0.0,219014.04,10.0,80.134,0.95,,6,338.028,2,45,9,733,0.4625
16.12,24.761,0.0,288890.49,10.0,71.667,1.0,,5,477.781,2,45,9,522,0.4636
14.753,17.977,0.0,2717.45,10.0,98.111,0.8,,1,-94.565,3,45,8,1617,0.4539
15.21,19.776,0.0,15374.94,10.0,96.039,0.85,,4,-69.25,3,45,9,1269,0.4539
15.566,21.011,0.0,64383.69,10.0,90.874,0.9,,5,28.767,3,45,9,980,0.4582
15.689,22.45,0.0,212279.6,10.0,92.89,0.95,,6,324.559,3,45,9,733,0.4625
16.12,24.761,0.0,364592.6,10.0,85.951,1.0,,5,629.185,3,45,9,522,0.4636
13.481,14.865,0.0,2195.86,10.0,98.776,0.8,,0,-95.608,4,45,5,1029,0.4684
15.061,19.272,0.0,1823.9,10.0,99.341,0.85,,3,-96.352,4,45,9,1184,0.4502
15.566,21.011,0.0,20230.14,10.0,96.821,0.9,,4,-59.54,4,45,9,980,0.4582
15.689,22.45,0.0,126282.24,10.0,97.787,0.95,,6,152.564,4,45,9,733,0.4625
16.12,24.761,0.0,311255.75,10.0,94.189,1.0,,5,522.511,4,45,9,522,0.4636
13.489,14.449,0.0,1773.76,10.0,99.213,0.8,,0,-96.452,5,45,4,766,0.4752
14.718,18.909,0.0,1698.16,10.0,99.564,0.85,,3,-96.604,5,45,8,1115,0.4592
15.566,21.011,0.0,4665.99,10.0,99.418,0.9,,4,-90.668,5,45,9,980,0.4582
15.689,22.45,0.0,48945.28,10.0,99.408,0.95,,5,-2.109,5,45,9,733,0.4625
16.12,24.761,0.0,177951.69,10.0,97.899,1.0,,5,255.903,5,45,9,522,0.4636
13.795,14.506,0.0,1405.74,10.0,99.452,0.8,,0,-97.189,6,45,3,606,0.4802
14.482,18.847,0.0,1239.57,10.0,99.764,0.85,,3,-97.521,6,45,8,1069,0.4602
15.373,20.662,0.0,1464.8,10.0,99.797,0.9,,3,-97.07,6,45,9,905,0.4619
15.689,22.45,0.0,13494.13,10.0,99.841,0.95,,5,-73.012,6,45,9,733,0.4625
16.12,24.761,0.0,69411.61,10.0,99.342,1.0,,5,38.823,6,45,9,522,0.4636
13.727,14.607,0.0,1254.01,10.0,99.56,0.8,,0,-97.492,7,45,3,419,0.4797
13.401,16.183,0.0,1194.16,10.0,99.829,0.85,,3,-97.612,7,45,6,784,0.4668
15.012,20.321,0.0,1195.47,10.0,99.882,0.9,,2,-97.609,7,45,8,866,0.4665
15.689,22.45,0.0,3811.03,10.0,99.935,0.95,,4,-92.378,7,45,9,733,0.4625
16.12,24.761,0.0,17114.52,10.0,99.827,1.0,,5,-65.771,7,45,9,522,0.4636
13.403,14.792,0.0,1084.7,10.0,99.624,0.8,,0,-97.831,8,45,2,342,0.4795
13.224,16.081,0.0,1005.43,10.0,99.887,0.85,,3,-97.989,8,45,5,735,0.4707
13.523,15.218,0.0,1123.81,10.0,99.918,0.9,,1,-97.752,8,45,5,492,0.4817
15.397,22.384,0.0,1067.64,10.0,99.892,0.95,,4,-97.865,8,45,9,678,0.4631
16.12,24.761,0.0,3021.69,10.0,99.951,1.0,,5,-93.957,8,45,9,522,0.4636
13.361,15.018,0.0,910.14,10.0,99.689,0.8,,0,-98.18,9,45,2,334,0.479
13.206,15.478,0.0,938.23,10.0,99.916,0.85,,2,-98.124,9,45,5,625,0.4896
13.49,14.768,0.0,913.81,10.0,99.95,0.9,,1,-98.172,9,45,4,338,0.4822
15.191,22.346,0.0,528.99,10.0,99.944,0.95,,3,-98.942,9,45,8,647,0.4699
15.884,24.85,0.0,379.62,10.0,99.972,1.0,,4,-99.241,9,45,9,490,0.4571
14.685,14.962,0.0,883.89,10.0,99.667,0.8,,0,-98.232,10,45,2,183,0.5027
13.343,15.107,0.0,796.21,10.0,99.941,0.85,,0,-98.408,10,45,3,303,0.4884
13.399,14.918,0.0,803.83,10.0,99.966,0.9,,0,-98.392,10,45,3,296,0.4932
14.31,21.592,0.0,362.3,10.0,99.969,0.95,,3,-99.275,10,45,7,561,0.4813
14.776,23.88,0.0,31.81,10.0,99.998,1.0,,3,-99.936,10,45,7,398,0.4874
15.289,18.942,0.0,32296.21,10.0,70.289,0.8,,4,-35.408,1,50,9,1928,0.4502
15.21,19.776,0.0,68417.79,10.0,58.787,0.85,,5,36.836,1,50,9,1269,0.4539
15.566,21.011,0.0,101573.9,10.0,46.964,0.9,,6,103.148,1,50,9,980,0.4582
15.689,22.45,0.0,137114.3,10.0,51.521,0.95,,6,174.229,1,50,9,733,0.4625
16.12,24.761,0.0,147809.07,10.0,44.658,1.0,,6,195.618,1,50,9,522,0.4636
15.111,18.299,0.0,4394.3,10.0,95.808,0.8,,3,-91.211,2,50,9,1781,0.4469
15.21,19.776,0.0,45869.04,10.0,85.606,0.85,,5,-8.262,2,50,9,1269,0.4539
15.566,21.011,0.0,105280.14,10.0,76.53,0.9,,5,110.56,2,50,9,980,0.4582
15.689,22.45,0.0,219014.04,10.0,80.134,0.95,,6,338.028,2,50,9,733,0.4625
16.12,24.761,0.0,288890.49,10.0,71.667,1.0,,5,477.781,2,50,9,522,0.4636
14.753,17.977,0.0,2717.45,10.0,98.111,0.8,,1,-94.565,3,50,8,1617,0.4539
15.21,19.776,0.0,15374.94,10.0,96.039,0.85,,4,-69.25,3,50,9,1269,0.4539
15.566,21.011,0.0,64383.69,10.0,90.874,0.9,,5,28.767,3,50,9,980,0.4582
15.689,22.45,0.0,212279.6,10.0,92.89,0.95,,6,324.559,3,50,9,733,0.4625
16.12,24.761,0.0,364592.6,10.0,85.951,1.0,,5,629.185,3,50,9,522,0.4636
13.481,14.865,0.0,2195.86,10.0,98.776,0.8,,0,-95.608,4,50,5,1029,0.4684
15.061,19.272,0.0,1823.9,10.0,99.341,0.85,,3,-96.352,4,50,9,1184,0.4502
15.566,21.011,0.0,20230.14,10.0,96.821,0.9,,4,-59.54,4,50,9,980,0.4582
15.689,22.45,0.0,126282.24,10.0,97.787,0.95,,6,152.564,4,50,9,733,0.4625
16.12,24.761,0.0,311255.75,10.0,94.189,1.0,,5,522.511,4,50,9,522,0.4636
13.489,14.449,0.0,1773.76,10.0,99.213,0.8,,0,-96.452,5,50,4,766,0.4752
14.718,18.909,0.0,1698.16,10.0,99.564,0.85,,3,-96.604,5,50,8,1115,0.4592
15.566,21.011,0.0,4665.99,10.0,99.418,0.9,,4,-90.668,5,50,9,980,0.4582
15.689,22.45,0.0,48945.28,10.0,99.408,0.95,,5,-2.109,5,50,9,733,0.4625
16.12,24.761,0.0,177951.69,10.0,97.899,1.0,,5,255.903,5,50,9,522,0.4636
13.795,14.506,0.0,1405.74,10.0,99.452,0.8,,0,-97.189,6,50,3,606,0.4802
14.482,18.847,0.0,1239.57,10.0,99.764,0.85,,3,-97.521,6,50,8,1069,0.4602
15.373,20.662,0.0,1464.8,10.0,99.797,0.9,,3,-97.07,6,50,9,905,0.4619
15.689,22.45,0.0,13494.13,10.0,99.841,0.95,,5,-73.012,6,50,9,733,0.4625
16.12,24.761,0.0,69411.61,10.0,99.342,1.0,,5,38.823,6,50,9,522,0.4636
13.727,14.607,0.0,1254.01,10.0,99.56,0.8,,0,-97.492,7,50,3,419,0.4797
13.401,16.183,0.0,1194.16,10.0,99.829,0.85,,3,-97.612,7,50,6,784,0.4668
15.012,20.321,0.0,1195.47,10.0,99.882,0.9,,2,-97.609,7,50,8,866,0.4665
15.689,22.45,0.0,3811.03,10.0,99.935,0.95,,4,-92.378,7,50,9,733,0.4625
16.12,24.761,0.0,17114.52,10.0,99.827,1.0,,5,-65.771,7,50,9,522,0.4636
13.403,14.792,0.0,1084.7,10.0,99.624,0.8,,0,-97.831,8,50,2,342,0.4795
13.224,16.081,0.0,1005.43,10.0,99.887,0.85,,3,-97.989,8,50,5,735,0.4707
13.523,15.218,0.0,1123.81,10.0,99.918,0.9,,1,-97.752,8,50,5,492,0.4817
15.397,22.384,0.0,1067.64,10.0,99.892,0.95,,4,-97.865,8,50,9,678,0.4631
16.12,24.761,0.0,3021.69,10.0,99.951,1.0,,5,-93.957,8,50,9,522,0.4636
13.361,15.018,0.0,910.14,10.0,99.689,0.8,,0,-98.18,9,50,2,334,0.479
13.206,15.478,0.0,938.23,10.0,99.916,0.85,,2,-98.124,9,50,5,625,0.4896
13.49,14.768,0.0,913.81,10.0,99.95,0.9,,1,-98.172,9,50,4,338,0.4822
15.191,22.346,0.0,528.99,10.0,99.944,0.95,,3,-98.942,9,50,8,647,0.4699
15.884,24.85,0.0,379.62,10.0,99.972,1.0,,4,-99.241,9,50,9,490,0.4571
14.685,14.962,0.0,883.89,10.0,99.667,0.8,,0,-98.232,10,50,2,183,0.5027
13.343,15.107,0.0,796.21,10.0,99.941,0.85,,0,-98.408,10,50,3,303,0.4884
13.399,14.918,0.0,803.83,10.0,99.966,0.9,,0,-98.392,10,50,3,296,0.4932
14.31,21.592,0.0,362.3,10.0,99.969,0.95,,3,-99.275,10,50,7,561,0.4813
14.776,23.88,0.0,31.81,10.0,99.998,1.0,,3,-99.936,10,50,7,398,0.4874
15.289,18.942,0.0,32296.21,10.0,70.289,0.8,,4,-35.408,1,55,9,1928,0.4502
15.21,19.776,0.0,68417.79,10.0,58.787,0.85,,5,36.836,1,55,9,1269,0.4539
15.566,21.011,0.0,101573.9,10.0,46.964,0.9,,6,103.148,1,55,9,980,0.4582
15.689,22.45,0.0,137114.3,10.0,51.521,0.95,,6,174.229,1,55,9,733,0.4625
16.12,24.761,0.0,147809.07,10.0,44.658,1.0,,6,195.618,1,55,9,522,0.4636
15.111,18.299,0.0,4394.3,10.0,95.808,0.8,,3,-91.211,2,55,9,1781,0.4469
15.21,19.776,0.0,45869.04,10.0,85.606,0.85,,5,-8.262,2,55,9,1269,0.4539
15.566,21.011,0.0,105280.14,10.0,76.53,0.9,,5,110.56,2,55,9,980,0.4582
15.689,22.45,0.0,219014.04,10.0,80.134,0.95,,6,338.028,2,55,9,733,0.4625
16.12,24.761,0.0,288890.49,10.0,71.667,1.0,,5,477.781,2,55,9,522,0.4636
14.753,17.977,0.0,2717.45,10.0,98.111,0.8,,1,-94.565,3,55,8,1617,0.4539
15.21,19.776,0.0,15374.94,10.0,96.039,0.85,,4,-69.25,3,55,9,1269,0.4539
15.566,21.011,0.0,64383.69,10.0,90.874,0.9,,5,28.767,3,55,9,980,0.4582
15.689,22.45,0.0,212279.6,10.0,92.89,0.95,,6,324.559,3,55,9,733,0.4625
16.12,24.761,0.0,364592.6,10.0,85.951,1.0,,5,629.185,3,55,9,522,0.4636
13.481,14.865,0.0,2195.86,10.0,98.776,0.8,,0,-95.608,4,55,5,1029,0.4684
15.061,19.272,0.0,1823.9,10.0,99.341,0.85,,3,-96.352,4,55,9,1184,0.4502
15.566,21.011,0.0,20230.14,10.0,96.821,0.9,,4,-59.54,4,55,9,980,0.4582
15.689,22.45,0.0,126282.24,10.0,97.787,0.95,,6,152.564,4,55,9,733,0.4625
16.12,24.761,0.0,311255.75,10.0,94.189,1.0,,5,522.511,4,55,9,522,0.4636
13.489,14.449,0.0,1773.76,10.0,99.213,0.8,,0,-96.452,5,55,4,766,0.4752
14.718,18.909,0.0,1698.16,10.0,99.564,0.85,,3,-96.604,5,55,8,1115,0.4592
15.566,21.011,0.0,4665.99,10.0,99.418,0.9,,4,-90.668,5,55,9,980,0.4582
15.689,22.45,0.0,48945.28,10.0,99.408,0.95,,5,-2.109,5,55,9,733,0.4625
16.12,24.761,0.0,177951.69,10.0,97.899,1.0,,5,255.903,5,55,9,522,0.4636
13.795,14.506,0.0,1405.74,10.0,99.452,0.8,,0,-97.189,6,55,3,606,0.4802
14.482,18.847,0.0,1239.57,10.0,99.764,0.85,,3,-97.521,6,55,8,1069,0.4602
15.373,20.662,0.0,1464.8,10.0,99.797,0.9,,3,-97.07,6,55,9,905,0.4619
15.689,22.45,0.0,13494.13,10.0,99.841,0.95,,5,-73.012,6,55,9,733,0.4625
16.12,24.761,0.0,69411.61,10.0,99.342,1.0,,5,38.823,6,55,9,522,0.4636
13.727,14.607,0.0,1254.01,10.0,99.56,0.8,,0,-97.492,7,55,3,419,0.4797
13.401,16.183,0.0,1194.16,10.0,99.829,0.85,,3,-97.612,7,55,6,784,0.4668
15.012,20.321,0.0,1195.47,10.0,99.882,0.9,,2,-97.609,7,55,8,866,0.4665
15.689,22.45,0.0,3811.03,10.0,99.935,0.95,,4,-92.378,7,55,9,733,0.4625
16.12,24.761,0.0,17114.52,10.0,99.827,1.0,,5,-65.771,7,55,9,522,0.4636
13.403,14.792,0.0,1084.7,10.0,99.624,0.8,,0,-97.831,8,55,2,342,0.4795
13.224,16.081,0.0,1005.43,10.0,99.887,0.85,,3,-97.989,8,55,5,735,0.4707
13.523,15.218,0.0,1123.81,10.0,99.918,0.9,,1,-97.752,8,55,5,492,0.4817
15.397,22.384,0.0,1067.64,10.0,99.892,0.95,,4,-97.865,8,55,9,678,0.4631
16.12,24.761,0.0,3021.69,10.0,99.951,1.0,,5,-93.957,8,55,9,522,0.4636
13.361,15.018,0.0,910.14,10.0,99.689,0.8,,0,-98.18,9,55,2,334,0.479
13.206,15.478,0.0,938.23,10.0,99.916,0.85,,2,-98.124,9,55,5,625,0.4896
13.49,14.768,0.0,913.81,10.0,99.95,0.9,,1,-98.172,9,55,4,338,0.4822
15.191,22.346,0.0,528.99,10.0,99.944,0.95,,3,-98.942,9,55,8,647,0.4699
15.884,24.85,0.0,379.62,10.0,99.972,1.0,,4,-99.241,9,55,9,490,0.4571
14.685,14.962,0.0,883.89,10.0,99.667,0.8,,0,-98.232,10,55,2,183,0.5027
13.343,15.107,0.0,796.21,10.0,99.941,0.85,,0,-98.408,10,55,3,303,0.4884
13.399,14.918,0.0,803.83,10.0,99.966,0.9,,0,-98.392,10,55,3,296,0.4932
14.31,21.592,0.0,362.3,10.0,99.969,0.95,,3,-99.275,10,55,7,561,0.4813
14.776,23.88,0.0,31.81,10.0,99.998,1.0,,3,-99.936,10,55,7,398,0.4874
15.289,18.942,0.0,32296.21,10.0,70.289,0.8,,4,-35.408,1,60,9,1928,0.4502
15.21,19.776,0.0,68417.79,10.0,58.787,0.85,,5,36.836,1,60,9,1269,0.4539
15.566,21.011,0.0,101573.9,10.0,46.964,0.9,,6,103.148,1,60,9,980,0.4582
15.689,22.45,0.0,137114.3,10.0,51.521,0.95,,6,174.229,1,60,9,733,0.4625
16.12,24.761,0.0,147809.07,10.0,44.658,1.0,,6,195.618,1,60,9,522,0.4636
15.111,18.299,0.0,4394.3,10.0,95.808,0.8,,3,-91.211,2,60,9,1781,0.4469
15.21,19.776,0.0,45869.04,10.0,85.606,0.85,,5,-8.262,2,60,9,1269,0.4539
15.566,21.011,0.0,105280.14,10.0,76.53,0.9,,5,110.56,2,60,9,980,0.4582
15.689,22.45,0.0,219014.04,10.0,80.134,0.95,,6,338.028,2,60,9,733,0.4625
16.12,24.761,0.0,288890.49,10.0,71.667,1.0,,5,477.781,2,60,9,522,0.4636
14.753,17.977,0.0,2717.45,10.0,98.111,0.8,,1,-94.565,3,60,8,1617,0.4539
15.21,19.776,0.0,15374.94,10.0,96.039,0.85,,4,-69.25,3,60,9,1269,0.4539
15.566,21.011,0.0,64383.69,10.0,90.874,0.9,,5,28.767,3,60,9,980,0.4582
15.689,22.45,0.0,212279.6,10.0,92.89,0.95,,6,324.559,3,60,9,733,0.4625
16.12,24.761,0.0,364592.6,10.0,85.951,1.0,,5,629.185,3,60,9,522,0.4636
13.481,14.865,0.0,2195.86,10.0,98.776,0.8,,0,-95.608,4,60,5,1029,0.4684
15.061,19.272,0.0,1823.9,10.0,99.341,0.85,,3,-96.352,4,60,9,1184,0.4502
15.566,21.011,0.0,20230.14,10.0,96.821,0.9,,4,-59.54,4,60,9,980,0.4582
15.689,22.45,0.0,126282.24,10.0,97.787,0.95,,6,152.564,4,60,9,733,0.4625
16.12,24.761,0.0,311255.75,10.0,94.189,1.0,,5,522.511,4,60,9,522,0.4636
13.489,14.449,0.0,1773.76,10.0,99.213,0.8,,0,-96.452,5,60,4,766,0.4752
14.718,18.909,0.0,1698.16,10.0,99.564,0.85,,3,-96.604,5,60,8,1115,0.4592
15.566,21.011,0.0,4665.99,10.0,99.418,0.9,,4,-90.668,5,60,9,980,0.4582
15.689,22.45,0.0,48945.28,10.0,99.408,0.95,,5,-2.109,5,60,9,733,0.4625
16.12,24.761,0.0,177951.69,10.0,97.899,1.0,,5,255.903,5,60,9,522,0.4636
13.795,14.506,0.0,1405.74,10.0,99.452,0.8,,0,-97.189,6,60,3,606,0.4802
14.482,18.847,0.0,1239.57,10.0,99.764,0.85,,3,-97.521,6,60,8,1069,0.4602
15.373,20.662,0.0,1464.8,10.0,99.797,0.9,,3,-97.07,6,60,9,905,0.4619
15.689,22.45,0.0,13494.13,10.0,99.841,0.95,,5,-73.012,6,60,9,733,0.4625
16.12,24.761,0.0,69411.61,10.0,99.342,1.0,,5,38.823,6,60,9,522,0.4636
13.727,14.607,0.0,1254.01,10.0,99.56,0.8,,0,-97.492,7,60,3,419,0.4797
13.401,16.183,0.0,1194.16,10.0,99.829,0.85,,3,-97.612,7,60,6,784,0.4668
15.012,20.321,0.0,1195.47,10.0,99.882,0.9,,2,-97.609,7,60,8,866,0.4665
15.689,22.45,0.0,3811.03,10.0,99.935,0.95,,4,-92.378,7,60,9,733,0.4625
16.12,24.761,0.0,17114.52,10.0,99.827,1.0,,5,-65.771,7,60,9,522,0.4636
13.403,14.792,0.0,1084.7,10.0,99.624,0.8,,0,-97.831,8,60,2,342,0.4795
13.224,16.081,0.0,1005.43,10.0,99.887,0.85,,3,-97.989,8,60,5,735,0.4707
13.523,15.218,0.0,1123.81,10.0,99.918,0.9,,1,-97.752,8,60,5,492,0.4817
15.397,22.384,0.0,1067.64,10.0,99.892,0.95,,4,-97.865,8,60,9,678,0.4631
16.12,24.761,0.0,3021.69,10.0,99.951,1.0,,5,-93.957,8,60,9,522,0.4636
13.361,15.018,0.0,910.14,10.0,99.689,0.8,,0,-98.18,9,60,2,334,0.479
13.206,15.478,0.0,938.23,10.0,99.916,0.85,,2,-98.124,9,60,5,625,0.4896
13.49,14.768,0.0,913.81,10.0,99.95,0.9,,1,-98.172,9,60,4,338,0.4822
15.191,22.346,0.0,528.99,10.0,99.944,0.95,,3,-98.942,9,60,8,647,0.4699
15.884,24.85,0.0,379.62,10.0,99.972,1.0,,4,-99.241,9,60,9,490,0.4571
14.685,14.962,0.0,883.89,10.0,99.667,0.8,,0,-98.232,10,60,2,183,0.5027
13.343,15.107,0.0,796.21,10.0,99.941,0.85,,0,-98.408,10,60,3,303,0.4884
13.399,14.918,0.0,803.83,10.0,99.966,0.9,,0,-98.392,10,60,3,296,0.4932
14.31,21.592,0.0,362.3,10.0,99.969,0.95,,3,-99.275,10,60,7,561,0.4813
14.776,23.88,0.0,31.81,10.0,99.998,1.0,,3,-99.936,10,60,7,398,0.4874
