Index,Strike,Direction,Lots,Entry Date,Entry Time,Entry ₹,Exit Date,Exit Time,Exit ₹,Reason,P&L,P&L %,Hold (min)
NIFTY50,19950,BULLISH,3,11 Sep 23,11:40 AM,60.0,11 Sep 23,12:45 PM,64.58,tsl_hit,343.87,7.64,65
NIFTY50,19950,BEARISH,3,11 Sep 23,02:28 PM,60.0,11 Sep 23,02:33 PM,59.12,time_stop,-65.62,-1.46,5
NIFTY50,19950,BEARISH,3,11 Sep 23,02:48 PM,60.0,11 Sep 23,02:53 PM,59.86,time_stop,-10.5,-0.23,5
NIFTY50,20000,BEARISH,3,11 Sep 23,03:05 PM,60.0,11 Sep 23,03:10 PM,56.78,time_stop,-241.5,-5.37,5
NIFTY50,20100,BEARISH,3,12 Sep 23,09:17 AM,60.0,12 Sep 23,09:20 AM,62.84,tsl_hit,212.63,4.73,3
NIFTY50,20000,BULLISH,3,12 Sep 23,12:21 PM,60.0,12 Sep 23,12:28 PM,62.2,tsl_hit,165.37,3.67,7
NIFTY50,20000,BEARISH,3,12 Sep 23,01:26 PM,60.0,12 Sep 23,01:43 PM,61.5,tsl_hit,112.87,2.51,17
NIFTY50,20000,BEARISH,3,12 Sep 23,02:14 PM,60.0,12 Sep 23,02:33 PM,59.48,tsl_hit,-39.37,-0.87,19
NIFTY50,19950,BULLISH,3,13 Sep 23,09:17 AM,60.0,13 Sep 23,09:26 AM,72.64,tsl_hit,947.63,21.06,9
NIFTY50,20000,BEARISH,3,13 Sep 23,11:26 AM,60.0,13 Sep 23,11:31 AM,55.84,time_stop,-312.37,-6.94,5
NIFTY50,20050,BEARISH,3,13 Sep 23,12:12 PM,60.0,13 Sep 23,12:30 PM,54.36,hard_sl_hit,-422.63,-9.39,18
NIFTY50,20050,BEARISH,3,13 Sep 23,12:31 PM,60.0,13 Sep 23,12:42 PM,61.19,tsl_hit,89.25,1.98,11
NIFTY50,20150,BEARISH,3,14 Sep 23,09:18 AM,60.0,14 Sep 23,09:28 AM,54.22,hard_sl_hit,-433.12,-9.62,10
NIFTY50,20100,BEARISH,3,14 Sep 23,03:29 PM,60.0,15 Sep 23,09:15 AM,39.14,hard_sl_hit,-1564.5,-34.77,1
NIFTY50,20150,BEARISH,3,15 Sep 23,09:17 AM,60.0,15 Sep 23,09:22 AM,55.52,time_stop,-336.0,-7.47,5
NIFTY50,20150,BEARISH,3,15 Sep 23,10:54 AM,60.0,15 Sep 23,10:59 AM,56.64,time_stop,-252.0,-5.6,5
NIFTY50,20200,BEARISH,3,15 Sep 23,11:03 AM,60.0,15 Sep 23,12:12 PM,54.54,hard_sl_hit,-409.5,-9.1,69
NIFTY50,20150,BULLISH,3,15 Sep 23,12:21 PM,60.0,15 Sep 23,12:30 PM,53.28,hard_sl_hit,-504.0,-11.2,9
NIFTY50,20200,BEARISH,3,15 Sep 23,01:29 PM,60.0,15 Sep 23,01:43 PM,64.48,tsl_hit,336.0,7.47,14
NIFTY50,20200,BEARISH,3,15 Sep 23,02:47 PM,60.0,15 Sep 23,02:51 PM,60.59,tsl_hit,44.62,0.99,4
NIFTY50,20200,BEARISH,3,15 Sep 23,03:02 PM,60.0,15 Sep 23,03:07 PM,59.3,time_stop,-52.5,-1.17,5
NIFTY50,20150,BULLISH,3,18 Sep 23,12:20 PM,60.0,18 Sep 23,12:45 PM,61.29,tsl_hit,97.12,2.16,25
NIFTY50,20150,BULLISH,3,18 Sep 23,02:30 PM,60.0,18 Sep 23,02:35 PM,59.44,time_stop,-42.0,-0.93,5
NIFTY50,20000,BULLISH,3,20 Sep 23,09:17 AM,60.0,20 Sep 23,09:23 AM,76.48,tsl_hit,1236.37,27.47,6
NIFTY50,19950,BULLISH,3,20 Sep 23,10:28 AM,60.0,20 Sep 23,10:43 AM,61.82,tsl_hit,136.5,3.03,15
NIFTY50,19950,BULLISH,3,20 Sep 23,11:55 AM,60.0,20 Sep 23,12:17 PM,65.08,tsl_hit,380.63,8.46,22
NIFTY50,19950,BULLISH,3,20 Sep 23,01:05 PM,60.0,20 Sep 23,01:44 PM,53.84,hard_sl_hit,-462.0,-10.27,39
NIFTY50,19900,BULLISH,3,20 Sep 23,01:50 PM,60.0,20 Sep 23,01:55 PM,53.56,hard_sl_hit,-483.0,-10.73,5
NIFTY50,19800,BULLISH,3,21 Sep 23,09:19 AM,60.0,21 Sep 23,09:22 AM,53.88,hard_sl_hit,-459.38,-10.21,3
NIFTY50,19750,BULLISH,3,21 Sep 23,11:43 AM,60.0,21 Sep 23,12:04 PM,52.9,hard_sl_hit,-532.87,-11.84,21
NIFTY50,19750,BULLISH,3,21 Sep 23,01:01 PM,60.0,21 Sep 23,01:22 PM,66.96,tsl_hit,522.37,11.61,21
NIFTY50,19750,BULLISH,3,21 Sep 23,02:15 PM,60.0,21 Sep 23,02:50 PM,52.65,hard_sl_hit,-551.25,-12.25,35
NIFTY50,19750,BEARISH,3,21 Sep 23,03:04 PM,60.0,21 Sep 23,03:09 PM,60.1,tsl_hit,7.87,0.17,5
NIFTY50,19750,BEARISH,3,21 Sep 23,03:18 PM,60.0,21 Sep 23,03:23 PM,58.56,time_stop,-107.63,-2.39,5
NIFTY50,19700,BULLISH,3,22 Sep 23,09:55 AM,60.0,22 Sep 23,09:56 AM,53.88,hard_sl_hit,-459.38,-10.21,1
NIFTY50,19750,BULLISH,3,22 Sep 23,12:59 PM,60.0,22 Sep 23,01:05 PM,60.95,tsl_hit,70.88,1.58,6
NIFTY50,19750,BEARISH,3,25 Sep 23,01:04 PM,60.0,25 Sep 23,01:15 PM,64.06,tsl_hit,304.5,6.77,11
NIFTY50,19750,BEARISH,3,25 Sep 23,01:04 PM,60.0,25 Sep 23,01:15 PM,64.06,tsl_hit,304.5,6.77,11
NIFTY50,19650,BULLISH,3,26 Sep 23,09:33 AM,60.0,26 Sep 23,09:37 AM,58.11,tsl_hit,-141.75,-3.15,4
NIFTY50,19650,BULLISH,3,26 Sep 23,03:04 PM,60.0,27 Sep 23,09:15 AM,45.55,hard_sl_hit,-1084.12,-24.09,26
NIFTY50,19600,BULLISH,3,27 Sep 23,09:17 AM,60.0,27 Sep 23,09:31 AM,53.21,hard_sl_hit,-509.25,-11.32,14
NIFTY50,19600,BULLISH,3,27 Sep 23,10:03 AM,60.0,27 Sep 23,10:07 AM,53.74,hard_sl_hit,-469.87,-10.44,4
NIFTY50,19600,BEARISH,3,27 Sep 23,10:44 AM,60.0,27 Sep 23,11:00 AM,54.5,hard_sl_hit,-412.13,-9.16,16
NIFTY50,19650,BULLISH,3,27 Sep 23,11:55 AM,60.0,27 Sep 23,12:00 PM,57.97,time_stop,-152.25,-3.38,5
NIFTY50,19700,BEARISH,3,27 Sep 23,01:11 PM,60.0,27 Sep 23,01:29 PM,54.22,hard_sl_hit,-433.12,-9.62,18
NIFTY50,19700,BULLISH,3,27 Sep 23,02:22 PM,60.0,27 Sep 23,02:33 PM,62.55,tsl_hit,191.62,4.26,11
NIFTY50,19750,BEARISH,3,28 Sep 23,09:17 AM,60.0,28 Sep 23,09:22 AM,59.86,tsl_hit,-10.5,-0.23,5
NIFTY50,19700,BULLISH,3,28 Sep 23,09:41 AM,60.0,28 Sep 23,09:43 AM,52.27,hard_sl_hit,-580.12,-12.89,2
NIFTY50,19600,BULLISH,3,28 Sep 23,12:28 PM,60.0,28 Sep 23,12:37 PM,58.32,tsl_hit,-126.0,-2.8,9
NIFTY50,19600,BULLISH,3,28 Sep 23,01:13 PM,60.0,28 Sep 23,01:17 PM,53.98,hard_sl_hit,-451.5,-10.03,4
NIFTY50,19550,BEARISH,3,28 Sep 23,02:21 PM,60.0,28 Sep 23,02:35 PM,65.29,tsl_hit,396.38,8.81,14
NIFTY50,19550,BEARISH,3,28 Sep 23,03:20 PM,60.0,28 Sep 23,03:24 PM,54.4,hard_sl_hit,-420.0,-9.33,4
NIFTY50,19600,BEARISH,3,29 Sep 23,11:14 AM,60.0,29 Sep 23,11:31 AM,54.54,hard_sl_hit,-409.5,-9.1,17
NIFTY50,19650,BEARISH,3,29 Sep 23,11:37 AM,60.0,29 Sep 23,11:41 AM,53.84,hard_sl_hit,-462.0,-10.27,4
NIFTY50,19550,BULLISH,3,03 Oct 23,09:18 AM,60.0,03 Oct 23,09:34 AM,53.63,hard_sl_hit,-477.75,-10.62,16
NIFTY50,19500,BULLISH,3,03 Oct 23,09:56 AM,60.0,03 Oct 23,10:02 AM,54.22,hard_sl_hit,-433.12,-9.62,6
NIFTY50,19500,BEARISH,3,03 Oct 23,10:20 AM,60.0,03 Oct 23,10:29 AM,54.47,hard_sl_hit,-414.75,-9.22,9
NIFTY50,19500,BEARISH,3,03 Oct 23,12:10 PM,60.0,03 Oct 23,12:45 PM,54.12,hard_sl_hit,-441.0,-9.8,35
NIFTY50,19550,BULLISH,3,03 Oct 23,01:31 PM,60.0,03 Oct 23,01:56 PM,65.42,tsl_hit,406.87,9.04,25
NIFTY50,19550,BULLISH,3,03 Oct 23,02:04 PM,60.0,03 Oct 23,02:09 PM,51.92,hard_sl_hit,-606.37,-13.47,5
NIFTY50,19400,BULLISH,3,04 Oct 23,09:17 AM,60.0,04 Oct 23,09:23 AM,51.32,hard_sl_hit,-651.0,-14.47,6
NIFTY50,19400,BULLISH,2,04 Oct 23,11:28 AM,60.0,04 Oct 23,11:48 AM,53.81,hard_sl_hit,-309.75,-10.32,20
NIFTY50,19400,BEARISH,2,04 Oct 23,02:43 PM,60.0,04 Oct 23,02:48 PM,57.17,time_stop,-141.75,-4.72,5
NIFTY50,19400,BULLISH,2,04 Oct 23,03:01 PM,60.0,04 Oct 23,03:28 PM,69.13,tsl_hit,456.75,15.22,27
NIFTY50,19550,BEARISH,2,05 Oct 23,09:17 AM,60.0,05 Oct 23,09:34 AM,57.45,tsl_hit,-127.75,-4.26,17
NIFTY50,19550,BEARISH,2,05 Oct 23,02:41 PM,60.0,05 Oct 23,02:46 PM,59.27,time_stop,-36.75,-1.22,5
NIFTY50,19550,BULLISH,2,05 Oct 23,03:05 PM,60.0,06 Oct 23,09:17 AM,81.18,tsl_hit,1058.75,35.29,27
NIFTY50,19600,BEARISH,3,06 Oct 23,09:18 AM,60.0,06 Oct 23,09:23 AM,56.57,time_stop,-257.25,-5.72,5
NIFTY50,19650,BEARISH,3,06 Oct 23,10:47 AM,60.0,06 Oct 23,11:35 AM,67.88,tsl_hit,590.62,13.12,48
NIFTY50,19650,BEARISH,3,06 Oct 23,01:31 PM,60.0,06 Oct 23,02:57 PM,54.54,hard_sl_hit,-409.5,-9.1,86
NIFTY50,19650,BEARISH,3,06 Oct 23,02:58 PM,60.0,06 Oct 23,03:23 PM,67.49,tsl_hit,561.75,12.48,25
NIFTY50,19500,BULLISH,3,09 Oct 23,09:17 AM,60.0,09 Oct 23,09:22 AM,53.0,hard_sl_hit,-525.0,-11.67,5
NIFTY50,19550,BULLISH,3,09 Oct 23,12:21 PM,60.0,09 Oct 23,12:26 PM,58.32,time_stop,-126.0,-2.8,5
NIFTY50,19500,BULLISH,3,09 Oct 23,02:21 PM,60.0,09 Oct 23,02:31 PM,65.46,tsl_hit,409.5,9.1,10
NIFTY50,19500,BULLISH,3,09 Oct 23,03:10 PM,60.0,09 Oct 23,03:24 PM,54.19,hard_sl_hit,-435.75,-9.68,14
NIFTY50,19600,BEARISH,3,10 Oct 23,09:18 AM,60.0,10 Oct 23,09:37 AM,61.37,tsl_hit,102.38,2.28,19
NIFTY50,19600,BEARISH,3,10 Oct 23,09:42 AM,60.0,10 Oct 23,10:12 AM,53.98,hard_sl_hit,-451.5,-10.03,30
NIFTY50,19600,BULLISH,2,10 Oct 23,10:57 AM,60.0,10 Oct 23,11:02 AM,59.82,time_stop,-8.75,-0.29,5
NIFTY50,19600,BULLISH,2,10 Oct 23,11:41 AM,60.0,10 Oct 23,01:22 PM,80.33,tsl_hit,1016.75,33.89,101
NIFTY50,19700,BEARISH,3,10 Oct 23,01:29 PM,60.0,10 Oct 23,01:34 PM,57.97,time_stop,-152.25,-3.38,5
NIFTY50,19700,BEARISH,3,10 Oct 23,02:22 PM,60.0,10 Oct 23,02:27 PM,59.23,time_stop,-57.75,-1.28,5
NIFTY50,19700,BULLISH,3,10 Oct 23,03:03 PM,60.0,11 Oct 23,09:25 AM,97.56,tsl_hit,2816.63,62.59,37
NIFTY50,19800,BULLISH,3,11 Oct 23,10:57 AM,60.0,11 Oct 23,11:11 AM,53.7,hard_sl_hit,-472.5,-10.5,14
NIFTY50,19800,BULLISH,3,11 Oct 23,11:13 AM,60.0,11 Oct 23,11:18 AM,58.25,time_stop,-131.25,-2.92,5
NIFTY50,19800,BULLISH,3,11 Oct 23,12:17 PM,60.0,11 Oct 23,12:22 PM,59.12,time_stop,-65.62,-1.46,5
NIFTY50,19850,BEARISH,3,12 Oct 23,09:17 AM,60.0,12 Oct 23,09:28 AM,65.6,tsl_hit,420.0,9.33,11
NIFTY50,19800,BULLISH,3,12 Oct 23,09:51 AM,60.0,12 Oct 23,10:32 AM,60.03,tsl_hit,2.62,0.06,41
NIFTY50,19800,BULLISH,3,12 Oct 23,10:35 AM,60.0,12 Oct 23,10:40 AM,56.99,time_stop,-225.75,-5.02,5
NIFTY50,19800,BEARISH,3,12 Oct 23,10:47 AM,60.0,12 Oct 23,11:33 AM,60.07,tsl_hit,5.25,0.12,46
NIFTY50,19800,BEARISH,3,12 Oct 23,12:53 PM,60.0,12 Oct 23,01:07 PM,61.22,tsl_hit,91.88,2.04,14
NIFTY50,19800,BULLISH,3,12 Oct 23,01:14 PM,60.0,12 Oct 23,01:55 PM,60.1,tsl_hit,7.87,0.17,41
NIFTY50,19800,BULLISH,3,12 Oct 23,01:57 PM,60.0,12 Oct 23,02:02 PM,58.21,time_stop,-133.88,-2.98,5
NIFTY50,19800,BULLISH,3,12 Oct 23,02:27 PM,60.0,12 Oct 23,03:05 PM,53.91,hard_sl_hit,-456.75,-10.15,38
NIFTY50,19800,BEARISH,3,12 Oct 23,03:10 PM,60.0,13 Oct 23,09:16 AM,96.54,tsl_hit,2740.5,60.9,21
NIFTY50,19700,BULLISH,3,13 Oct 23,09:17 AM,60.0,13 Oct 23,09:31 AM,64.55,tsl_hit,341.25,7.58,14
NIFTY50,19700,BULLISH,3,13 Oct 23,09:46 AM,60.0,13 Oct 23,09:51 AM,57.3,time_stop,-202.13,-4.49,5
NIFTY50,19700,BULLISH,3,13 Oct 23,10:23 AM,60.0,13 Oct 23,10:42 AM,60.63,tsl_hit,47.25,1.05,19
NIFTY50,19700,BEARISH,3,13 Oct 23,11:23 AM,60.0,13 Oct 23,11:28 AM,56.99,time_stop,-225.75,-5.02,5
NIFTY50,19700,BULLISH,3,13 Oct 23,12:11 PM,60.0,13 Oct 23,01:23 PM,78.48,tsl_hit,1386.0,30.8,72
NIFTY50,19750,BEARISH,3,13 Oct 23,02:07 PM,60.0,13 Oct 23,02:09 PM,54.19,hard_sl_hit,-435.75,-9.68,2
NIFTY50,19750,BULLISH,3,16 Oct 23,10:59 AM,60.0,16 Oct 23,11:08 AM,60.98,tsl_hit,73.5,1.63,9
NIFTY50,19750,BULLISH,3,16 Oct 23,11:14 AM,60.0,16 Oct 23,11:19 AM,59.58,time_stop,-31.5,-0.7,5
NIFTY50,19800,BEARISH,3,17 Oct 23,09:17 AM,60.0,17 Oct 23,09:28 AM,59.09,tsl_hit,-68.25,-1.52,11
NIFTY50,19850,BULLISH,3,17 Oct 23,11:33 AM,60.0,17 Oct 23,01:02 PM,61.89,tsl_hit,141.75,3.15,89
NIFTY50,19850,BULLISH,3,17 Oct 23,01:04 PM,60.0,17 Oct 23,01:09 PM,59.82,time_stop,-13.12,-0.29,5
NIFTY50,19800,BULLISH,3,18 Oct 23,09:19 AM,60.0,18 Oct 23,09:47 AM,68.05,tsl_hit,603.75,13.42,28
NIFTY50,19700,BEARISH,3,18 Oct 23,01:07 PM,60.0,18 Oct 23,01:12 PM,58.53,time_stop,-110.25,-2.45,5
NIFTY50,19700,BEARISH,3,18 Oct 23,01:58 PM,60.0,18 Oct 23,02:03 PM,58.6,time_stop,-105.0,-2.33,5
NIFTY50,19550,BULLISH,3,19 Oct 23,09:19 AM,60.0,19 Oct 23,09:32 AM,61.89,tsl_hit,141.75,3.15,13
NIFTY50,19550,BEARISH,3,19 Oct 23,09:53 AM,60.0,19 Oct 23,09:58 AM,53.77,hard_sl_hit,-467.25,-10.38,5
NIFTY50,19700,BEARISH,3,19 Oct 23,02:07 PM,60.0,19 Oct 23,02:34 PM,71.48,tsl_hit,861.0,19.13,27
NIFTY50,19550,BULLISH,3,20 Oct 23,09:17 AM,60.0,20 Oct 23,09:25 AM,68.4,tsl_hit,630.0,14.0,8
NIFTY50,19550,BEARISH,3,20 Oct 23,11:16 AM,60.0,20 Oct 23,11:21 AM,58.53,time_stop,-110.25,-2.45,5
NIFTY50,19550,BULLISH,3,20 Oct 23,11:49 AM,60.0,20 Oct 23,12:14 PM,63.36,tsl_hit,252.0,5.6,25
NIFTY50,19550,BEARISH,3,20 Oct 23,01:20 PM,60.0,20 Oct 23,01:42 PM,64.3,tsl_hit,322.87,7.17,22
NIFTY50,19550,BULLISH,3,20 Oct 23,03:20 PM,60.0,23 Oct 23,09:27 AM,62.52,tsl_hit,189.0,4.2,22
NIFTY50,19450,BULLISH,3,23 Oct 23,11:48 AM,60.0,23 Oct 23,12:02 PM,65.56,tsl_hit,417.37,9.27,14
NIFTY50,19300,BULLISH,3,25 Oct 23,11:07 AM,60.0,25 Oct 23,11:24 AM,53.31,hard_sl_hit,-501.38,-11.14,17
NIFTY50,19250,BULLISH,3,25 Oct 23,11:34 AM,60.0,25 Oct 23,11:44 AM,51.04,hard_sl_hit,-672.0,-14.93,10
NIFTY50,19200,BULLISH,3,25 Oct 23,12:35 PM,60.0,25 Oct 23,12:42 PM,54.54,hard_sl_hit,-409.5,-9.1,7
NIFTY50,19150,BULLISH,3,25 Oct 23,02:26 PM,60.0,25 Oct 23,02:37 PM,53.74,hard_sl_hit,-469.87,-10.44,11
NIFTY50,19100,BULLISH,3,25 Oct 23,03:22 PM,60.0,26 Oct 23,09:15 AM,30.53,hard_sl_hit,-2210.25,-49.12,8
NIFTY50,19000,BULLISH,3,26 Oct 23,09:18 AM,60.0,26 Oct 23,09:21 AM,52.89,hard_sl_hit,-532.88,-11.84,3
NIFTY50,18900,BULLISH,3,26 Oct 23,10:59 AM,60.0,26 Oct 23,11:04 AM,57.62,time_stop,-178.5,-3.97,5
NIFTY50,18900,BEARISH,3,26 Oct 23,11:45 AM,60.0,26 Oct 23,11:50 AM,57.72,time_stop,-170.62,-3.79,5
NIFTY50,18900,BEARISH,3,26 Oct 23,12:47 PM,60.0,26 Oct 23,12:57 PM,60.03,tsl_hit,2.62,0.06,10
NIFTY50,18850,BULLISH,3,26 Oct 23,01:27 PM,60.0,26 Oct 23,01:43 PM,59.93,tsl_hit,-5.25,-0.12,16
NIFTY50,18950,BEARISH,3,27 Oct 23,09:17 AM,60.0,27 Oct 23,09:21 AM,59.02,tsl_hit,-73.5,-1.63,4
NIFTY50,19000,BEARISH,3,27 Oct 23,11:02 AM,60.0,27 Oct 23,11:18 AM,60.98,tsl_hit,73.5,1.63,16
NIFTY50,19050,BEARISH,3,27 Oct 23,11:26 AM,60.0,27 Oct 23,11:53 AM,53.52,hard_sl_hit,-485.63,-10.79,27
NIFTY50,19050,BULLISH,3,27 Oct 23,12:22 PM,60.0,27 Oct 23,12:29 PM,54.12,hard_sl_hit,-441.0,-9.8,7
NIFTY50,19050,BULLISH,3,27 Oct 23,12:31 PM,60.0,27 Oct 23,12:36 PM,58.25,time_stop,-131.25,-2.92,5
NIFTY50,19050,BEARISH,3,27 Oct 23,01:48 PM,60.0,27 Oct 23,01:59 PM,57.93,tsl_hit,-154.88,-3.44,11
NIFTY50,19050,BEARISH,3,27 Oct 23,02:35 PM,60.0,27 Oct 23,02:40 PM,58.25,time_stop,-131.25,-2.92,5
NIFTY50,19000,BEARISH,3,30 Oct 23,09:15 AM,60.0,30 Oct 23,09:18 AM,61.79,tsl_hit,133.88,2.98,3
NIFTY50,19000,BEARISH,3,30 Oct 23,10:05 AM,60.0,30 Oct 23,10:10 AM,51.46,hard_sl_hit,-640.5,-14.23,5
NIFTY50,19100,BEARISH,3,30 Oct 23,12:05 PM,60.0,30 Oct 23,12:21 PM,68.4,tsl_hit,630.0,14.0,16
NIFTY50,19100,BEARISH,3,30 Oct 23,01:15 PM,60.0,30 Oct 23,01:20 PM,58.91,time_stop,-81.38,-1.81,5
NIFTY50,19150,BEARISH,3,30 Oct 23,01:34 PM,60.0,30 Oct 23,02:00 PM,65.25,tsl_hit,393.75,8.75,26
NIFTY50,19200,BEARISH,3,31 Oct 23,09:17 AM,60.0,31 Oct 23,09:21 AM,60.98,tsl_hit,73.5,1.63,4
NIFTY50,19100,BEARISH,3,31 Oct 23,11:27 AM,60.0,31 Oct 23,12:03 PM,69.94,tsl_hit,745.5,16.57,36
NIFTY50,19100,BEARISH,3,31 Oct 23,01:08 PM,60.0,31 Oct 23,01:28 PM,61.09,tsl_hit,81.38,1.81,20
NIFTY50,19050,BULLISH,3,01 Nov 23,11:32 AM,60.0,01 Nov 23,11:51 AM,59.16,tsl_hit,-63.0,-1.4,19
NIFTY50,19050,BEARISH,3,01 Nov 23,12:17 PM,60.0,01 Nov 23,12:42 PM,64.45,tsl_hit,333.38,7.41,25
NIFTY50,19050,BULLISH,3,01 Nov 23,01:03 PM,60.0,01 Nov 23,01:11 PM,52.58,hard_sl_hit,-556.5,-12.37,8
NIFTY50,19000,BULLISH,3,01 Nov 23,01:14 PM,60.0,01 Nov 23,01:33 PM,61.85,tsl_hit,139.12,3.09,19
NIFTY50,19000,BULLISH,3,01 Nov 23,03:05 PM,60.0,01 Nov 23,03:18 PM,54.47,hard_sl_hit,-414.75,-9.22,13
NIFTY50,19100,BEARISH,3,02 Nov 23,11:15 AM,60.0,02 Nov 23,11:57 AM,73.79,tsl_hit,1034.25,22.98,42
NIFTY50,19100,BULLISH,3,02 Nov 23,01:25 PM,60.0,02 Nov 23,01:27 PM,53.84,hard_sl_hit,-462.0,-10.27,2
NIFTY50,19150,BEARISH,3,02 Nov 23,03:02 PM,60.0,02 Nov 23,03:17 PM,62.73,tsl_hit,204.75,4.55,15
NIFTY50,19250,BEARISH,3,03 Nov 23,10:49 AM,60.0,03 Nov 23,11:38 AM,61.5,tsl_hit,112.87,2.51,49
NIFTY50,19250,BEARISH,3,03 Nov 23,12:42 PM,60.0,03 Nov 23,02:36 PM,60.73,tsl_hit,55.12,1.22,114
NIFTY50,19300,BEARISH,3,06 Nov 23,09:17 AM,60.0,06 Nov 23,09:21 AM,52.75,hard_sl_hit,-543.38,-12.08,4
NIFTY50,19350,BULLISH,3,06 Nov 23,10:52 AM,60.0,06 Nov 23,11:01 AM,57.93,tsl_hit,-154.88,-3.44,9
NIFTY50,19300,BULLISH,3,06 Nov 23,11:07 AM,60.0,06 Nov 23,12:18 PM,67.74,tsl_hit,580.13,12.89,71
NIFTY50,19350,BEARISH,3,06 Nov 23,02:17 PM,60.0,06 Nov 23,02:22 PM,56.64,time_stop,-252.0,-5.6,5
NIFTY50,19350,BULLISH,3,07 Nov 23,09:18 AM,60.0,07 Nov 23,09:28 AM,63.64,tsl_hit,273.0,6.07,10
NIFTY50,19350,BULLISH,3,07 Nov 23,11:47 AM,60.0,07 Nov 23,11:52 AM,58.15,time_stop,-139.12,-3.09,5
NIFTY50,19450,BEARISH,3,08 Nov 23,09:59 AM,60.0,08 Nov 23,10:04 AM,57.9,time_stop,-157.5,-3.5,5
NIFTY50,19450,BULLISH,3,08 Nov 23,11:00 AM,60.0,08 Nov 23,11:10 AM,53.7,hard_sl_hit,-472.5,-10.5,10
NIFTY50,19400,BULLISH,3,08 Nov 23,11:14 AM,60.0,08 Nov 23,11:53 AM,67.42,tsl_hit,556.5,12.37,39
NIFTY50,19450,BULLISH,3,08 Nov 23,11:57 AM,60.0,08 Nov 23,12:23 PM,60.32,tsl_hit,23.63,0.53,26
NIFTY50,19400,BULLISH,3,09 Nov 23,09:52 AM,60.0,09 Nov 23,10:15 AM,68.26,tsl_hit,619.5,13.77,23
NIFTY50,19450,BULLISH,3,09 Nov 23,10:28 AM,60.0,09 Nov 23,10:33 AM,59.55,time_stop,-34.12,-0.76,5
NIFTY50,19450,BULLISH,3,09 Nov 23,12:50 PM,60.0,09 Nov 23,01:41 PM,53.67,hard_sl_hit,-475.12,-10.56,51
NIFTY50,19400,BULLISH,3,09 Nov 23,01:44 PM,60.0,09 Nov 23,01:49 PM,58.35,time_stop,-123.38,-2.74,5
NIFTY50,19400,BULLISH,3,09 Nov 23,02:01 PM,60.0,09 Nov 23,02:06 PM,56.4,time_stop,-270.37,-6.01,5
NIFTY50,19400,BULLISH,3,09 Nov 23,02:26 PM,60.0,09 Nov 23,02:33 PM,58.11,tsl_hit,-141.75,-3.15,7
NIFTY50,19350,BEARISH,3,10 Nov 23,09:15 AM,60.0,10 Nov 23,09:28 AM,54.22,hard_sl_hit,-433.12,-9.62,13
NIFTY50,19350,BEARISH,3,10 Nov 23,10:39 AM,60.0,10 Nov 23,11:23 AM,62.0,tsl_hit,149.63,3.33,44
NIFTY50,19350,BULLISH,3,10 Nov 23,02:28 PM,60.0,10 Nov 23,02:54 PM,63.82,tsl_hit,286.13,6.36,26
NIFTY50,19500,BEARISH,3,12 Nov 23,06:17 PM,60.0,12 Nov 23,06:21 PM,54.54,hard_sl_hit,-409.5,-9.1,4
NIFTY50,19450,BEARISH,3,13 Nov 23,10:53 AM,60.0,13 Nov 23,11:18 AM,58.85,tsl_hit,-86.62,-1.92,25
NIFTY50,19450,BEARISH,3,13 Nov 23,01:32 PM,60.0,13 Nov 23,01:58 PM,60.88,tsl_hit,65.62,1.46,26
NIFTY50,19450,BEARISH,3,13 Nov 23,02:02 PM,60.0,13 Nov 23,02:07 PM,59.48,time_stop,-39.37,-0.87,5
NIFTY50,19450,BULLISH,3,13 Nov 23,02:41 PM,60.0,13 Nov 23,02:46 PM,59.12,time_stop,-65.62,-1.46,5
NIFTY50,19450,BULLISH,3,13 Nov 23,03:03 PM,60.0,13 Nov 23,03:13 PM,61.33,tsl_hit,99.75,2.22,10
NIFTY50,19600,BEARISH,3,15 Nov 23,09:17 AM,60.0,15 Nov 23,09:29 AM,53.6,hard_sl_hit,-480.37,-10.67,12
NIFTY50,19650,BEARISH,3,15 Nov 23,12:24 PM,60.0,15 Nov 23,01:13 PM,54.05,hard_sl_hit,-446.25,-9.92,49
NIFTY50,19800,BEARISH,3,16 Nov 23,01:46 PM,60.0,16 Nov 23,02:18 PM,52.48,hard_sl_hit,-564.37,-12.54,32
NIFTY50,19850,BEARISH,3,16 Nov 23,02:22 PM,60.0,16 Nov 23,02:38 PM,54.58,hard_sl_hit,-406.87,-9.04,16
NIFTY50,19800,BULLISH,3,17 Nov 23,11:08 AM,60.0,17 Nov 23,11:14 AM,54.26,hard_sl_hit,-430.5,-9.57,6
NIFTY50,19750,BULLISH,3,17 Nov 23,11:16 AM,60.0,17 Nov 23,11:21 AM,56.08,time_stop,-294.0,-6.53,5
NIFTY50,19800,BEARISH,3,17 Nov 23,11:44 AM,60.0,17 Nov 23,11:57 AM,63.15,tsl_hit,236.25,5.25,13
NIFTY50,19750,BULLISH,3,17 Nov 23,01:22 PM,60.0,17 Nov 23,01:56 PM,54.5,hard_sl_hit,-412.13,-9.16,34
NIFTY50,19700,BEARISH,3,20 Nov 23,12:55 PM,60.0,20 Nov 23,01:04 PM,59.26,tsl_hit,-55.13,-1.23,9
NIFTY50,19700,BEARISH,3,20 Nov 23,01:11 PM,60.0,20 Nov 23,02:09 PM,63.95,tsl_hit,296.62,6.59,58
NIFTY50,19750,BEARISH,3,21 Nov 23,09:17 AM,60.0,21 Nov 23,09:23 AM,53.56,hard_sl_hit,-483.0,-10.73,6
NIFTY50,19800,BEARISH,2,21 Nov 23,11:22 AM,60.0,21 Nov 23,12:14 PM,54.54,hard_sl_hit,-273.0,-9.1,52
NIFTY50,19800,BEARISH,2,21 Nov 23,12:16 PM,60.0,21 Nov 23,12:21 PM,52.62,hard_sl_hit,-369.25,-12.31,5
NIFTY50,19800,BEARISH,2,22 Nov 23,09:25 AM,60.0,22 Nov 23,09:32 AM,61.01,tsl_hit,50.75,1.69,7
NIFTY50,19800,BULLISH,2,22 Nov 23,10:26 AM,60.0,22 Nov 23,10:55 AM,62.28,tsl_hit,113.75,3.79,29
NIFTY50,19750,BULLISH,2,22 Nov 23,12:22 PM,60.0,22 Nov 23,12:24 PM,54.47,hard_sl_hit,-276.5,-9.22,2
NIFTY50,19850,BULLISH,2,23 Nov 23,09:50 AM,60.0,23 Nov 23,09:55 AM,57.83,time_stop,-108.5,-3.62,5
NIFTY50,19800,BULLISH,2,23 Nov 23,11:46 AM,60.0,23 Nov 23,12:32 PM,65.32,tsl_hit,266.0,8.87,46
NIFTY50,19800,BULLISH,2,23 Nov 23,01:35 PM,60.0,23 Nov 23,02:03 PM,62.83,tsl_hit,141.75,4.72,28
NIFTY50,19800,BULLISH,2,23 Nov 23,02:34 PM,60.0,24 Nov 23,09:19 AM,64.16,tsl_hit,208.25,6.94,60
NIFTY50,19800,BULLISH,2,24 Nov 23,11:54 AM,60.0,24 Nov 23,12:48 PM,54.51,hard_sl_hit,-274.75,-9.16,54
NIFTY50,19800,BULLISH,2,24 Nov 23,12:49 PM,60.0,24 Nov 23,01:05 PM,52.62,hard_sl_hit,-369.25,-12.31,16
NIFTY50,19800,BULLISH,2,24 Nov 23,01:08 PM,60.0,24 Nov 23,01:13 PM,55.38,time_stop,-231.0,-7.7,5
NIFTY50,19800,BULLISH,2,24 Nov 23,03:02 PM,60.0,24 Nov 23,03:28 PM,61.02,tsl_hit,50.75,1.69,26
NIFTY50,19800,BULLISH,2,28 Nov 23,09:15 AM,60.0,28 Nov 23,09:32 AM,61.3,tsl_hit,64.75,2.16,17
NIFTY50,19850,BULLISH,2,28 Nov 23,09:37 AM,60.0,28 Nov 23,10:05 AM,53.6,hard_sl_hit,-320.25,-10.67,28
NIFTY50,19800,BEARISH,2,28 Nov 23,10:33 AM,60.0,28 Nov 23,10:38 AM,58.81,time_stop,-59.5,-1.98,5
NIFTY50,19850,BEARISH,2,28 Nov 23,12:11 PM,60.0,28 Nov 23,01:45 PM,61.15,tsl_hit,57.75,1.92,94
NIFTY50,19850,BEARISH,2,28 Nov 23,02:26 PM,60.0,28 Nov 23,02:31 PM,59.12,time_stop,-43.75,-1.46,5
NIFTY50,19950,BEARISH,2,29 Nov 23,09:17 AM,60.0,29 Nov 23,09:21 AM,54.3,hard_sl_hit,-285.25,-9.51,4
NIFTY50,20050,BEARISH,2,29 Nov 23,12:16 PM,60.0,29 Nov 23,12:21 PM,57.2,time_stop,-140.0,-4.67,5
NIFTY50,20050,BULLISH,2,29 Nov 23,01:38 PM,60.0,29 Nov 23,01:54 PM,67.67,tsl_hit,383.25,12.78,16
NIFTY50,20100,BEARISH,2,29 Nov 23,03:10 PM,60.0,29 Nov 23,03:15 PM,55.91,time_stop,-204.75,-6.82,5
NIFTY50,20100,BEARISH,2,29 Nov 23,03:16 PM,60.0,30 Nov 23,09:15 AM,49.78,hard_sl_hit,-511.0,-17.03,14
NIFTY50,20100,BEARISH,2,30 Nov 23,09:17 AM,60.0,30 Nov 23,09:23 AM,59.23,tsl_hit,-38.5,-1.28,6
NIFTY50,20050,BULLISH,2,30 Nov 23,11:35 AM,60.0,30 Nov 23,12:04 PM,60.88,tsl_hit,43.75,1.46,29
NIFTY50,20050,BEARISH,2,30 Nov 23,12:50 PM,60.0,30 Nov 23,01:06 PM,61.82,tsl_hit,91.0,3.03,16
NIFTY50,20050,BEARISH,2,30 Nov 23,01:40 PM,60.0,30 Nov 23,01:42 PM,50.94,hard_sl_hit,-453.25,-15.11,2
NIFTY50,20100,BEARISH,2,30 Nov 23,01:45 PM,60.0,30 Nov 23,01:47 PM,54.15,hard_sl_hit,-292.25,-9.74,2
NIFTY50,20200,BEARISH,2,01 Dec 23,09:17 AM,60.0,01 Dec 23,09:22 AM,58.91,time_stop,-54.25,-1.81,5
NIFTY50,20250,BEARISH,2,01 Dec 23,09:55 AM,60.0,01 Dec 23,10:00 AM,57.34,time_stop,-133.0,-4.43,5
NIFTY50,20250,BULLISH,2,01 Dec 23,12:17 PM,60.0,01 Dec 23,02:07 PM,59.44,tsl_hit,-28.0,-0.93,110
NIFTY50,20550,BULLISH,2,04 Dec 23,09:15 AM,60.0,04 Dec 23,09:18 AM,56.92,tsl_hit,-154.0,-5.13,3
NIFTY50,20550,BEARISH,2,04 Dec 23,09:19 AM,60.0,04 Dec 23,09:23 AM,57.13,tsl_hit,-143.5,-4.78,4
NIFTY50,20550,BULLISH,2,04 Dec 23,09:56 AM,60.0,04 Dec 23,10:15 AM,54.22,hard_sl_hit,-288.75,-9.62,19
NIFTY50,20550,BULLISH,2,04 Dec 23,10:41 AM,60.0,04 Dec 23,11:01 AM,65.88,tsl_hit,294.0,9.8,20
NIFTY50,20600,BEARISH,2,04 Dec 23,11:19 AM,60.0,04 Dec 23,11:41 AM,63.78,tsl_hit,189.0,6.3,22
NIFTY50,20600,BEARISH,2,04 Dec 23,12:14 PM,60.0,04 Dec 23,12:52 PM,59.09,tsl_hit,-45.5,-1.52,38
NIFTY50,20600,BEARISH,2,04 Dec 23,01:02 PM,60.0,04 Dec 23,01:07 PM,59.69,time_stop,-15.75,-0.52,5
NIFTY50,20600,BEARISH,2,04 Dec 23,01:22 PM,60.0,04 Dec 23,01:51 PM,59.61,tsl_hit,-19.25,-0.64,29
NIFTY50,20750,BEARISH,2,05 Dec 23,09:17 AM,60.0,05 Dec 23,09:22 AM,64.27,tsl_hit,213.5,7.12,5
NIFTY50,20800,BULLISH,2,05 Dec 23,11:12 AM,60.0,05 Dec 23,11:18 AM,51.91,hard_sl_hit,-404.25,-13.48,6
NIFTY50,20850,BEARISH,2,05 Dec 23,03:02 PM,60.0,05 Dec 23,03:07 PM,56.05,time_stop,-197.75,-6.59,5
NIFTY50,20950,BEARISH,2,06 Dec 23,09:17 AM,60.0,06 Dec 23,09:22 AM,58.32,time_stop,-84.0,-2.8,5
NIFTY50,20900,BULLISH,2,06 Dec 23,09:38 AM,60.0,06 Dec 23,09:43 AM,69.77,tsl_hit,488.25,16.28,5
NIFTY50,20900,BULLISH,2,06 Dec 23,10:05 AM,60.0,06 Dec 23,10:09 AM,54.08,hard_sl_hit,-295.75,-9.86,4
NIFTY50,20900,BULLISH,2,06 Dec 23,11:57 AM,60.0,06 Dec 23,12:20 PM,61.26,tsl_hit,63.0,2.1,23
NIFTY50,20900,BULLISH,2,06 Dec 23,12:30 PM,60.0,06 Dec 23,12:33 PM,54.54,hard_sl_hit,-273.0,-9.1,3
NIFTY50,20900,BULLISH,2,06 Dec 23,01:09 PM,60.0,06 Dec 23,01:24 PM,51.95,hard_sl_hit,-402.5,-13.42,15
NIFTY50,20950,BULLISH,2,06 Dec 23,03:04 PM,60.0,07 Dec 23,09:15 AM,37.04,hard_sl_hit,-1148.0,-38.27,26
NIFTY50,20900,BULLISH,2,07 Dec 23,09:17 AM,60.0,07 Dec 23,09:25 AM,53.95,hard_sl_hit,-302.75,-10.09,8
NIFTY50,20900,BEARISH,2,07 Dec 23,09:42 AM,60.0,07 Dec 23,09:53 AM,64.86,tsl_hit,243.25,8.11,11
NIFTY50,20950,BEARISH,2,07 Dec 23,11:06 AM,60.0,07 Dec 23,11:35 AM,65.39,tsl_hit,269.5,8.98,29
NIFTY50,20900,BEARISH,2,07 Dec 23,11:53 AM,60.0,07 Dec 23,12:39 PM,60.67,tsl_hit,33.25,1.11,46
NIFTY50,20900,BEARISH,2,07 Dec 23,02:08 PM,60.0,07 Dec 23,02:26 PM,60.39,tsl_hit,19.25,0.64,18
NIFTY50,20900,BEARISH,2,07 Dec 23,02:28 PM,60.0,07 Dec 23,03:01 PM,67.35,tsl_hit,367.5,12.25,33
NIFTY50,20900,BEARISH,2,07 Dec 23,03:13 PM,60.0,07 Dec 23,03:17 PM,53.28,hard_sl_hit,-336.0,-11.2,4
NIFTY50,20950,BEARISH,2,08 Dec 23,09:17 AM,60.0,08 Dec 23,09:24 AM,51.81,hard_sl_hit,-409.5,-13.65,7
NIFTY50,21000,BEARISH,2,08 Dec 23,10:32 AM,60.0,08 Dec 23,10:45 AM,62.31,tsl_hit,115.5,3.85,13
NIFTY50,21000,BEARISH,2,08 Dec 23,11:39 AM,60.0,08 Dec 23,12:13 PM,64.38,tsl_hit,218.75,7.29,34
NIFTY50,20950,BEARISH,2,08 Dec 23,03:07 PM,60.0,08 Dec 23,03:27 PM,53.88,hard_sl_hit,-306.25,-10.21,20
NIFTY50,20950,BULLISH,2,11 Dec 23,10:44 AM,60.0,11 Dec 23,10:51 AM,55.62,tsl_hit,-218.75,-7.29,7
NIFTY50,21000,BULLISH,2,11 Dec 23,02:30 PM,60.0,11 Dec 23,02:54 PM,57.83,tsl_hit,-108.5,-3.62,24
NIFTY50,21000,BEARISH,2,12 Dec 23,09:17 AM,60.0,12 Dec 23,09:29 AM,54.47,hard_sl_hit,-276.5,-9.22,12
NIFTY50,21000,BULLISH,2,12 Dec 23,12:39 PM,60.0,12 Dec 23,12:44 PM,54.36,hard_sl_hit,-281.75,-9.39,5
NIFTY50,21000,BULLISH,2,12 Dec 23,12:47 PM,60.0,12 Dec 23,12:52 PM,55.84,time_stop,-208.25,-6.94,5
NIFTY50,20950,BULLISH,2,12 Dec 23,02:17 PM,60.0,12 Dec 23,02:36 PM,53.21,hard_sl_hit,-339.5,-11.32,19
NIFTY50,20800,BULLISH,2,13 Dec 23,10:26 AM,60.0,13 Dec 23,10:31 AM,59.76,time_stop,-12.25,-0.41,5
NIFTY50,20800,BEARISH,2,13 Dec 23,12:41 PM,60.0,13 Dec 23,12:48 PM,53.74,hard_sl_hit,-313.25,-10.44,7
NIFTY50,21100,BEARISH,2,14 Dec 23,09:17 AM,60.0,14 Dec 23,09:26 AM,56.89,tsl_hit,-155.75,-5.19,9
NIFTY50,21200,BEARISH,2,14 Dec 23,11:44 AM,60.0,14 Dec 23,12:22 PM,66.86,tsl_hit,343.0,11.43,38
NIFTY50,21200,BEARISH,2,14 Dec 23,01:12 PM,60.0,14 Dec 23,01:19 PM,53.7,hard_sl_hit,-315.0,-10.5,7
NIFTY50,21200,BEARISH,2,14 Dec 23,01:23 PM,60.0,14 Dec 23,02:11 PM,61.47,tsl_hit,73.5,2.45,48
NIFTY50,21250,BEARISH,2,15 Dec 23,09:17 AM,60.0,15 Dec 23,09:22 AM,58.7,time_stop,-64.75,-2.16,5
NIFTY50,21350,BEARISH,2,15 Dec 23,10:26 AM,60.0,15 Dec 23,10:54 AM,74.77,tsl_hit,738.5,24.62,28
NIFTY50,21300,BULLISH,2,15 Dec 23,12:18 PM,60.0,15 Dec 23,12:55 PM,62.83,tsl_hit,141.75,4.72,37
NIFTY50,21350,BEARISH,2,15 Dec 23,01:35 PM,60.0,15 Dec 23,01:40 PM,58.5,time_stop,-75.25,-2.51,5
NIFTY50,21400,BULLISH,2,18 Dec 23,09:17 AM,60.0,18 Dec 23,09:20 AM,57.17,tsl_hit,-141.75,-4.72,3
NIFTY50,21450,BEARISH,2,18 Dec 23,11:09 AM,60.0,18 Dec 23,11:14 AM,55.9,time_stop,-204.75,-6.83,5
NIFTY50,21450,BULLISH,2,18 Dec 23,11:51 AM,60.0,18 Dec 23,11:59 AM,53.14,hard_sl_hit,-343.0,-11.43,8
NIFTY50,21450,BULLISH,2,18 Dec 23,12:01 PM,60.0,18 Dec 23,12:19 PM,60.07,tsl_hit,3.5,0.12,18
NIFTY50,21400,BULLISH,2,18 Dec 23,02:46 PM,60.0,18 Dec 23,03:22 PM,54.22,hard_sl_hit,-288.75,-9.62,36
NIFTY50,21400,BEARISH,2,19 Dec 23,09:17 AM,60.0,19 Dec 23,09:22 AM,57.97,time_stop,-101.5,-3.38,5
NIFTY50,21450,BULLISH,2,19 Dec 23,02:51 PM,60.0,19 Dec 23,02:57 PM,53.56,hard_sl_hit,-322.0,-10.73,6
NIFTY50,21550,BEARISH,2,20 Dec 23,09:19 AM,60.0,20 Dec 23,09:33 AM,54.36,hard_sl_hit,-281.75,-9.39,14
NIFTY50,21150,BULLISH,2,20 Dec 23,03:06 PM,60.0,20 Dec 23,03:13 PM,53.88,hard_sl_hit,-306.25,-10.21,7
NIFTY50,21050,BULLISH,2,21 Dec 23,09:17 AM,60.0,21 Dec 23,09:19 AM,63.43,tsl_hit,171.5,5.72,2
NIFTY50,21150,BULLISH,2,21 Dec 23,11:19 AM,60.0,21 Dec 23,11:26 AM,61.05,tsl_hit,52.5,1.75,7
NIFTY50,21200,BULLISH,2,21 Dec 23,01:42 PM,60.0,21 Dec 23,01:45 PM,51.11,hard_sl_hit,-444.5,-14.82,3
NIFTY50,21250,BEARISH,2,21 Dec 23,02:43 PM,60.0,21 Dec 23,02:58 PM,64.58,tsl_hit,229.25,7.64,15
NIFTY50,21300,BEARISH,2,22 Dec 23,09:19 AM,60.0,22 Dec 23,09:25 AM,66.27,tsl_hit,313.25,10.44,6
NIFTY50,21350,BEARISH,2,22 Dec 23,09:51 AM,60.0,22 Dec 23,09:56 AM,59.65,time_stop,-17.5,-0.58,5
NIFTY50,21350,BULLISH,2,22 Dec 23,12:11 PM,60.0,22 Dec 23,12:16 PM,54.05,hard_sl_hit,-297.5,-9.92,5
NIFTY50,21300,BULLISH,2,22 Dec 23,12:38 PM,60.0,22 Dec 23,12:43 PM,57.9,time_stop,-105.0,-3.5,5
NIFTY50,21350,BEARISH,2,26 Dec 23,09:23 AM,60.0,26 Dec 23,09:30 AM,68.3,tsl_hit,414.75,13.83,7
NIFTY50,21450,BEARISH,2,26 Dec 23,11:16 AM,60.0,26 Dec 23,11:21 AM,58.64,time_stop,-68.25,-2.27,5
NIFTY50,21450,BULLISH,2,26 Dec 23,11:32 AM,60.0,26 Dec 23,11:40 AM,60.77,tsl_hit,38.5,1.28,8
NIFTY50,21450,BULLISH,2,26 Dec 23,12:31 PM,60.0,26 Dec 23,12:45 PM,53.28,hard_sl_hit,-336.0,-11.2,14
NIFTY50,21450,BULLISH,2,26 Dec 23,02:14 PM,60.0,26 Dec 23,02:30 PM,68.61,tsl_hit,430.5,14.35,16
NIFTY50,21500,BEARISH,2,27 Dec 23,09:17 AM,60.0,27 Dec 23,09:22 AM,59.9,time_stop,-5.25,-0.17,5
NIFTY50,21600,BEARISH,2,27 Dec 23,11:31 AM,60.0,27 Dec 23,12:25 PM,71.66,tsl_hit,582.75,19.43,54
NIFTY50,21700,BEARISH,2,28 Dec 23,09:18 AM,60.0,28 Dec 23,09:20 AM,54.4,hard_sl_hit,-280.0,-9.33,2
NIFTY50,21750,BEARISH,2,28 Dec 23,11:11 AM,60.0,28 Dec 23,11:31 AM,59.82,tsl_hit,-8.75,-0.29,20
NIFTY50,21750,BEARISH,2,28 Dec 23,02:05 PM,60.0,28 Dec 23,02:22 PM,61.58,tsl_hit,78.75,2.63,17
NIFTY50,21800,BEARISH,2,28 Dec 23,03:24 PM,60.0,29 Dec 23,09:23 AM,83.55,tsl_hit,1177.75,39.26,14
NIFTY50,21750,BEARISH,2,29 Dec 23,11:38 AM,60.0,29 Dec 23,11:55 AM,60.35,tsl_hit,17.5,0.58,17
NIFTY50,21750,BEARISH,2,29 Dec 23,12:24 PM,60.0,29 Dec 23,12:49 PM,69.52,tsl_hit,476.0,15.87,25
NIFTY50,21750,BULLISH,2,01 Jan 24,12:03 PM,60.0,01 Jan 24,12:18 PM,62.7,tsl_hit,134.75,4.49,15
NIFTY50,21650,BEARISH,2,02 Jan 24,02:15 PM,60.0,02 Jan 24,02:23 PM,63.29,tsl_hit,164.5,5.48,8
NIFTY50,21600,BULLISH,2,03 Jan 24,09:17 AM,60.0,03 Jan 24,09:22 AM,58.67,tsl_hit,-66.5,-2.22,5
NIFTY50,21600,BULLISH,2,03 Jan 24,09:40 AM,60.0,03 Jan 24,09:42 AM,53.52,hard_sl_hit,-323.75,-10.79,2
NIFTY50,21600,BEARISH,2,03 Jan 24,11:50 AM,60.0,03 Jan 24,12:01 PM,60.77,tsl_hit,38.5,1.28,11
NIFTY50,21550,BULLISH,2,03 Jan 24,02:21 PM,60.0,03 Jan 24,02:35 PM,52.72,hard_sl_hit,-364.0,-12.13,14
NIFTY50,21600,BEARISH,2,04 Jan 24,09:17 AM,60.0,04 Jan 24,09:20 AM,53.1,hard_sl_hit,-344.75,-11.49,3
NIFTY50,21650,BULLISH,2,04 Jan 24,10:52 AM,60.0,04 Jan 24,11:19 AM,65.42,tsl_hit,271.25,9.04,27
NIFTY50,21650,BULLISH,2,04 Jan 24,02:04 PM,60.0,04 Jan 24,02:14 PM,60.91,tsl_hit,45.5,1.52,10
NIFTY50,21700,BULLISH,2,05 Jan 24,10:49 AM,60.0,05 Jan 24,10:54 AM,54.4,hard_sl_hit,-280.0,-9.33,5
NIFTY50,21700,BULLISH,2,05 Jan 24,12:37 PM,60.0,05 Jan 24,12:42 PM,57.76,time_stop,-112.0,-3.73,5
NIFTY50,21700,BULLISH,2,05 Jan 24,12:44 PM,60.0,05 Jan 24,01:17 PM,59.75,tsl_hit,-12.25,-0.41,33
NIFTY50,21700,BULLISH,2,05 Jan 24,01:36 PM,60.0,05 Jan 24,01:55 PM,54.4,hard_sl_hit,-280.0,-9.33,19
NIFTY50,21650,BEARISH,2,09 Jan 24,09:18 AM,60.0,09 Jan 24,09:49 AM,70.32,tsl_hit,516.25,17.21,31
NIFTY50,21700,BEARISH,2,09 Jan 24,10:46 AM,60.0,09 Jan 24,11:05 AM,62.76,tsl_hit,138.25,4.61,19
NIFTY50,21700,BULLISH,2,09 Jan 24,12:11 PM,60.0,09 Jan 24,12:33 PM,63.12,tsl_hit,155.75,5.19,22
NIFTY50,21700,BULLISH,2,09 Jan 24,01:14 PM,60.0,09 Jan 24,01:51 PM,53.0,hard_sl_hit,-350.0,-11.67,37
NIFTY50,21650,BULLISH,2,09 Jan 24,02:10 PM,60.0,09 Jan 24,02:12 PM,54.05,hard_sl_hit,-297.5,-9.92,2
NIFTY50,21500,BULLISH,2,10 Jan 24,10:51 AM,60.0,10 Jan 24,11:00 AM,59.75,tsl_hit,-12.25,-0.41,9
NIFTY50,21550,BEARISH,2,10 Jan 24,11:16 AM,60.0,10 Jan 24,11:41 AM,53.52,hard_sl_hit,-323.75,-10.79,25
NIFTY50,21550,BEARISH,2,10 Jan 24,12:38 PM,60.0,10 Jan 24,12:47 PM,66.51,tsl_hit,325.5,10.85,9
NIFTY50,21500,BEARISH,2,10 Jan 24,01:09 PM,60.0,10 Jan 24,01:31 PM,62.24,tsl_hit,112.0,3.73,22
NIFTY50,21500,BEARISH,2,10 Jan 24,01:58 PM,60.0,10 Jan 24,02:00 PM,51.63,hard_sl_hit,-418.25,-13.94,2
NIFTY50,21550,BEARISH,2,10 Jan 24,02:02 PM,60.0,10 Jan 24,02:10 PM,62.49,tsl_hit,124.25,4.14,8
NIFTY50,21550,BEARISH,2,10 Jan 24,02:21 PM,60.0,10 Jan 24,02:32 PM,64.72,tsl_hit,236.25,7.87,11
NIFTY50,21700,BEARISH,2,11 Jan 24,09:17 AM,60.0,11 Jan 24,09:19 AM,51.6,hard_sl_hit,-420.0,-14.0,2
NIFTY50,21700,BEARISH,2,11 Jan 24,12:58 PM,60.0,11 Jan 24,01:10 PM,60.21,tsl_hit,10.5,0.35,12
NIFTY50,21650,BULLISH,2,11 Jan 24,01:34 PM,60.0,11 Jan 24,02:06 PM,61.01,tsl_hit,50.75,1.69,32
NIFTY50,21750,BEARISH,2,12 Jan 24,09:17 AM,60.0,12 Jan 24,09:28 AM,63.29,tsl_hit,164.5,5.48,11
NIFTY50,21800,BULLISH,2,12 Jan 24,12:05 PM,60.0,12 Jan 24,12:35 PM,64.16,tsl_hit,208.25,6.94,30
NIFTY50,21850,BEARISH,2,12 Jan 24,12:57 PM,60.0,12 Jan 24,01:15 PM,60.42,tsl_hit,21.0,0.7,18
NIFTY50,21850,BULLISH,2,12 Jan 24,02:08 PM,60.0,12 Jan 24,02:12 PM,59.86,tsl_hit,-7.0,-0.23,4
NIFTY50,22050,BEARISH,2,15 Jan 24,09:17 AM,60.0,15 Jan 24,09:21 AM,51.6,hard_sl_hit,-420.0,-14.0,4
NIFTY50,22100,BULLISH,2,16 Jan 24,09:17 AM,60.0,16 Jan 24,09:20 AM,54.54,hard_sl_hit,-273.0,-9.1,3
NIFTY50,22100,BEARISH,2,16 Jan 24,10:37 AM,60.0,16 Jan 24,10:42 AM,58.32,time_stop,-84.0,-2.8,5
NIFTY50,22100,BULLISH,2,16 Jan 24,11:44 AM,60.0,16 Jan 24,12:05 PM,62.8,tsl_hit,140.0,4.67,21
NIFTY50,22000,BULLISH,2,16 Jan 24,01:38 PM,60.0,16 Jan 24,01:50 PM,69.8,tsl_hit,490.0,16.33,12
NIFTY50,22000,BULLISH,2,16 Jan 24,03:18 PM,60.0,17 Jan 24,09:15 AM,0.01,hard_sl_hit,-2999.5,-99.98,12
NIFTY50,21800,BULLISH,2,17 Jan 24,09:17 AM,60.0,17 Jan 24,09:20 AM,63.85,tsl_hit,192.5,6.42,3
NIFTY50,21750,BULLISH,2,17 Jan 24,10:41 AM,60.0,17 Jan 24,10:46 AM,58.67,time_stop,-66.5,-2.22,5
NIFTY50,21650,BULLISH,2,17 Jan 24,12:07 PM,60.0,17 Jan 24,12:17 PM,69.2,tsl_hit,460.25,15.34,10
NIFTY50,21650,BULLISH,2,17 Jan 24,02:22 PM,60.0,17 Jan 24,02:27 PM,53.95,hard_sl_hit,-302.75,-10.09,5
NIFTY50,21600,BEARISH,2,17 Jan 24,03:14 PM,60.0,17 Jan 24,03:22 PM,68.36,tsl_hit,418.25,13.94,8
NIFTY50,21450,BULLISH,2,18 Jan 24,09:17 AM,60.0,18 Jan 24,09:25 AM,61.33,tsl_hit,66.5,2.22,8
NIFTY50,21300,BULLISH,2,18 Jan 24,09:54 AM,60.0,18 Jan 24,09:57 AM,50.44,hard_sl_hit,-477.75,-15.93,3
NIFTY50,21400,BEARISH,2,18 Jan 24,10:11 AM,60.0,18 Jan 24,10:17 AM,68.26,tsl_hit,413.0,13.77,6
NIFTY50,21450,BULLISH,2,18 Jan 24,12:36 PM,60.0,18 Jan 24,12:42 PM,53.74,hard_sl_hit,-313.25,-10.44,6
NIFTY50,21450,BEARISH,2,18 Jan 24,01:56 PM,60.0,18 Jan 24,02:13 PM,57.51,tsl_hit,-124.25,-4.14,17
NIFTY50,21650,BEARISH,2,19 Jan 24,09:20 AM,60.0,19 Jan 24,09:25 AM,58.81,time_stop,-59.5,-1.98,5
NIFTY50,21600,BEARISH,2,19 Jan 24,12:37 PM,60.0,19 Jan 24,12:53 PM,54.5,hard_sl_hit,-274.75,-9.16,16
NIFTY50,21600,BEARISH,2,19 Jan 24,01:16 PM,60.0,19 Jan 24,01:21 PM,58.46,time_stop,-77.0,-2.57,5
NIFTY50,21600,BULLISH,2,19 Jan 24,02:06 PM,60.0,19 Jan 24,02:13 PM,59.61,tsl_hit,-19.25,-0.64,7
NIFTY50,21650,BEARISH,2,19 Jan 24,02:46 PM,60.0,19 Jan 24,02:50 PM,60.95,tsl_hit,47.25,1.58,4
NIFTY50,21700,BEARISH,2,20 Jan 24,09:17 AM,60.0,20 Jan 24,09:19 AM,57.62,tsl_hit,-119.0,-3.97,2
NIFTY50,21650,BULLISH,2,20 Jan 24,11:21 AM,60.0,20 Jan 24,11:51 AM,53.38,hard_sl_hit,-330.75,-11.03,30
NIFTY50,21650,BULLISH,2,20 Jan 24,12:32 PM,60.0,20 Jan 24,12:35 PM,50.1,hard_sl_hit,-495.25,-16.51,3
NIFTY50,21600,BULLISH,2,20 Jan 24,12:38 PM,60.0,20 Jan 24,12:40 PM,59.65,tsl_hit,-17.5,-0.58,2
NIFTY50,21750,BEARISH,2,23 Jan 24,09:18 AM,60.0,23 Jan 24,09:26 AM,64.76,tsl_hit,238.0,7.93,8
NIFTY50,21450,BULLISH,2,23 Jan 24,11:44 AM,60.0,23 Jan 24,11:51 AM,61.65,tsl_hit,82.25,2.74,7
NIFTY50,21350,BULLISH,2,23 Jan 24,01:53 PM,60.0,23 Jan 24,01:58 PM,53.42,hard_sl_hit,-329.0,-10.97,5
NIFTY50,21200,BULLISH,2,24 Jan 24,09:17 AM,60.0,24 Jan 24,09:18 AM,46.8,hard_sl_hit,-659.75,-21.99,1
NIFTY50,21350,BEARISH,2,24 Jan 24,10:02 AM,60.0,24 Jan 24,10:05 AM,64.38,tsl_hit,218.75,7.29,3
NIFTY50,21350,BULLISH,2,24 Jan 24,10:47 AM,60.0,24 Jan 24,10:56 AM,70.68,tsl_hit,533.75,17.79,9
NIFTY50,21250,BEARISH,2,24 Jan 24,12:53 PM,60.0,24 Jan 24,12:55 PM,59.33,tsl_hit,-33.25,-1.11,2
NIFTY50,21350,BEARISH,2,24 Jan 24,02:07 PM,60.0,24 Jan 24,02:11 PM,64.97,tsl_hit,248.5,8.28,4
NIFTY50,21400,BULLISH,2,25 Jan 24,09:17 AM,60.0,25 Jan 24,09:23 AM,53.74,hard_sl_hit,-313.25,-10.44,6
NIFTY50,21250,BULLISH,2,25 Jan 24,10:57 AM,60.0,25 Jan 24,11:02 AM,58.7,time_stop,-64.75,-2.16,5
NIFTY50,21650,BEARISH,2,29 Jan 24,10:59 AM,60.0,29 Jan 24,11:04 AM,56.99,time_stop,-150.5,-5.02,5
NIFTY50,21600,BULLISH,2,29 Jan 24,11:25 AM,60.0,29 Jan 24,11:31 AM,71.31,tsl_hit,565.25,18.84,6
NIFTY50,21700,BEARISH,2,29 Jan 24,01:02 PM,60.0,29 Jan 24,01:09 PM,63.08,tsl_hit,154.0,5.13,7
NIFTY50,21700,BULLISH,2,29 Jan 24,03:00 PM,60.0,29 Jan 24,03:28 PM,77.99,tsl_hit,899.5,29.98,28
NIFTY50,21800,BEARISH,2,30 Jan 24,09:17 AM,60.0,30 Jan 24,09:19 AM,53.35,hard_sl_hit,-332.5,-11.08,2
NIFTY50,21750,BEARISH,2,30 Jan 24,09:45 AM,60.0,30 Jan 24,09:57 AM,67.56,tsl_hit,378.0,12.6,12
NIFTY50,21750,BULLISH,2,30 Jan 24,10:29 AM,60.0,30 Jan 24,10:33 AM,54.5,hard_sl_hit,-274.75,-9.16,4
NIFTY50,21700,BULLISH,2,30 Jan 24,10:47 AM,60.0,30 Jan 24,10:50 AM,51.08,hard_sl_hit,-446.25,-14.87,3
NIFTY50,21700,BULLISH,2,30 Jan 24,10:52 AM,60.0,30 Jan 24,11:03 AM,63.95,tsl_hit,197.75,6.59,11
NIFTY50,21700,BEARISH,2,30 Jan 24,12:01 PM,60.0,30 Jan 24,12:10 PM,64.41,tsl_hit,220.5,7.35,9
NIFTY50,21700,BULLISH,2,30 Jan 24,12:26 PM,60.0,30 Jan 24,12:32 PM,62.14,tsl_hit,106.75,3.56,6
NIFTY50,21700,BULLISH,2,30 Jan 24,12:45 PM,60.0,30 Jan 24,01:02 PM,64.3,tsl_hit,215.25,7.17,17
NIFTY50,21700,BULLISH,2,30 Jan 24,01:11 PM,60.0,30 Jan 24,01:21 PM,51.0,hard_sl_hit,-449.75,-14.99,10
NIFTY50,21650,BULLISH,2,30 Jan 24,01:23 PM,60.0,30 Jan 24,01:42 PM,66.47,tsl_hit,323.75,10.79,19
NIFTY50,21650,BULLISH,2,30 Jan 24,01:49 PM,60.0,30 Jan 24,02:01 PM,54.02,hard_sl_hit,-299.25,-9.97,12
NIFTY50,21600,BULLISH,2,30 Jan 24,02:34 PM,60.0,30 Jan 24,02:35 PM,53.28,hard_sl_hit,-336.0,-11.2,1
NIFTY50,21450,BULLISH,2,31 Jan 24,09:17 AM,60.0,31 Jan 24,09:21 AM,55.49,tsl_hit,-225.75,-7.52,4
NIFTY50,21650,BEARISH,2,31 Jan 24,11:01 AM,60.0,31 Jan 24,11:07 AM,52.44,hard_sl_hit,-378.0,-12.6,6
NIFTY50,21650,BEARISH,2,31 Jan 24,11:09 AM,60.0,31 Jan 24,11:19 AM,60.56,tsl_hit,28.0,0.93,10
NIFTY50,21700,BULLISH,2,31 Jan 24,12:20 PM,60.0,31 Jan 24,12:26 PM,58.15,tsl_hit,-92.75,-3.09,6
NIFTY50,21650,BULLISH,2,31 Jan 24,12:30 PM,60.0,31 Jan 24,12:37 PM,61.92,tsl_hit,96.25,3.21,7
NIFTY50,21750,BULLISH,2,01 Feb 24,09:15 AM,60.0,01 Feb 24,09:18 AM,56.36,tsl_hit,-182.0,-6.07,3
NIFTY50,21800,BEARISH,2,01 Feb 24,10:10 AM,60.0,01 Feb 24,10:13 AM,54.5,hard_sl_hit,-274.75,-9.16,3
NIFTY50,21700,BULLISH,2,01 Feb 24,03:06 PM,60.0,01 Feb 24,03:14 PM,54.05,hard_sl_hit,-297.5,-9.92,8
NIFTY50,21950,BEARISH,2,02 Feb 24,11:00 AM,60.0,02 Feb 24,11:13 AM,42.36,hard_sl_hit,-882.0,-29.4,13
NIFTY50,21850,BULLISH,2,02 Feb 24,02:59 PM,60.0,02 Feb 24,03:02 PM,59.27,tsl_hit,-36.75,-1.22,3
NIFTY50,21900,BEARISH,2,05 Feb 24,09:28 AM,60.0,05 Feb 24,09:29 AM,54.58,hard_sl_hit,-271.25,-9.04,1
NIFTY50,21900,BULLISH,2,05 Feb 24,01:31 PM,60.0,05 Feb 24,01:39 PM,60.1,tsl_hit,5.25,0.17,8
NIFTY50,21800,BULLISH,2,05 Feb 24,02:40 PM,60.0,05 Feb 24,02:42 PM,50.97,hard_sl_hit,-451.5,-15.05,2
NIFTY50,21900,BEARISH,1,06 Feb 24,01:09 PM,60.0,06 Feb 24,01:14 PM,58.6,time_stop,-35.0,-2.33,5
NIFTY50,21900,BEARISH,1,06 Feb 24,01:32 PM,60.0,06 Feb 24,01:38 PM,68.71,tsl_hit,217.87,14.52,6
NIFTY50,21950,BEARISH,2,06 Feb 24,03:27 PM,60.0,07 Feb 24,09:15 AM,27.66,hard_sl_hit,-1617.0,-53.9,3
NIFTY50,22050,BEARISH,1,07 Feb 24,09:17 AM,60.0,07 Feb 24,09:19 AM,60.24,tsl_hit,6.12,0.41,2
NIFTY50,21950,BULLISH,1,07 Feb 24,11:08 AM,60.0,07 Feb 24,11:21 AM,63.5,tsl_hit,87.5,5.83,13
NIFTY50,21950,BEARISH,1,07 Feb 24,01:43 PM,60.0,07 Feb 24,01:53 PM,65.98,tsl_hit,149.62,9.97,10
NIFTY50,21950,BEARISH,1,07 Feb 24,02:13 PM,60.0,07 Feb 24,02:18 PM,61.09,tsl_hit,27.13,1.81,5
NIFTY50,21950,BULLISH,1,07 Feb 24,02:41 PM,60.0,07 Feb 24,02:57 PM,62.1,tsl_hit,52.5,3.5,16
NIFTY50,22000,BEARISH,1,08 Feb 24,09:17 AM,60.0,08 Feb 24,09:20 AM,54.26,hard_sl_hit,-143.5,-9.57,3
NIFTY50,21750,BULLISH,1,08 Feb 24,01:56 PM,60.0,08 Feb 24,02:03 PM,54.54,hard_sl_hit,-136.5,-9.1,7
NIFTY50,21750,BULLISH,1,08 Feb 24,02:07 PM,60.0,08 Feb 24,02:12 PM,58.67,time_stop,-33.25,-2.22,5
NIFTY50,21650,BULLISH,1,08 Feb 24,03:00 PM,60.0,08 Feb 24,03:14 PM,74.95,tsl_hit,373.63,24.91,14
NIFTY50,21700,BULLISH,1,09 Feb 24,09:19 AM,60.0,09 Feb 24,09:22 AM,79.98,tsl_hit,499.62,33.31,3
NIFTY50,21700,BEARISH,1,09 Feb 24,11:42 AM,60.0,09 Feb 24,11:47 AM,57.02,time_stop,-74.38,-4.96,5
NIFTY50,21800,BEARISH,1,12 Feb 24,09:21 AM,60.0,12 Feb 24,09:28 AM,67.98,tsl_hit,199.5,13.3,7
NIFTY50,21650,BEARISH,1,13 Feb 24,09:17 AM,60.0,13 Feb 24,09:19 AM,57.72,tsl_hit,-56.87,-3.79,2
NIFTY50,21650,BULLISH,1,13 Feb 24,12:31 PM,60.0,13 Feb 24,12:35 PM,64.94,tsl_hit,123.38,8.23,4
NIFTY50,21700,BEARISH,1,13 Feb 24,01:03 PM,60.0,13 Feb 24,01:10 PM,63.47,tsl_hit,86.63,5.78,7
NIFTY50,21550,BULLISH,1,14 Feb 24,09:17 AM,60.0,14 Feb 24,09:20 AM,63.78,tsl_hit,94.5,6.3,3
NIFTY50,21600,BULLISH,1,14 Feb 24,11:15 AM,60.0,14 Feb 24,11:28 AM,61.19,tsl_hit,29.75,1.98,13
NIFTY50,21850,BEARISH,1,14 Feb 24,03:03 PM,60.0,14 Feb 24,03:14 PM,72.11,tsl_hit,302.75,20.18,11
NIFTY50,21900,BEARISH,2,15 Feb 24,09:17 AM,60.0,15 Feb 24,09:23 AM,64.3,tsl_hit,215.25,7.17,6
NIFTY50,21850,BULLISH,2,15 Feb 24,10:58 AM,60.0,15 Feb 24,11:01 AM,61.68,tsl_hit,84.0,2.8,3
NIFTY50,21850,BULLISH,2,15 Feb 24,12:05 PM,60.0,15 Feb 24,12:29 PM,61.54,tsl_hit,77.0,2.57,24
NIFTY50,21850,BULLISH,2,15 Feb 24,12:35 PM,60.0,15 Feb 24,12:42 PM,61.12,tsl_hit,56.0,1.87,7
NIFTY50,22000,BEARISH,2,16 Feb 24,09:17 AM,60.0,16 Feb 24,09:28 AM,62.1,tsl_hit,105.0,3.5,11
NIFTY50,22000,BULLISH,2,16 Feb 24,09:35 AM,60.0,16 Feb 24,09:43 AM,61.37,tsl_hit,68.25,2.28,8
NIFTY50,22050,BEARISH,2,16 Feb 24,10:31 AM,60.0,16 Feb 24,10:44 AM,60.0,tsl_hit,0.0,0.0,13
NIFTY50,22050,BULLISH,2,16 Feb 24,12:23 PM,60.0,16 Feb 24,12:28 PM,58.91,time_stop,-54.25,-1.81,5
NIFTY50,22100,BEARISH,2,19 Feb 24,09:17 AM,60.0,19 Feb 24,09:31 AM,63.38,tsl_hit,168.88,5.63,14
NIFTY50,22050,BULLISH,2,19 Feb 24,09:53 AM,60.0,19 Feb 24,09:58 AM,57.9,time_stop,-105.0,-3.5,5
NIFTY50,22150,BEARISH,2,19 Feb 24,11:46 AM,60.0,19 Feb 24,11:51 AM,58.88,time_stop,-56.0,-1.87,5
NIFTY50,22150,BEARISH,2,19 Feb 24,11:59 AM,60.0,19 Feb 24,12:06 PM,61.28,tsl_hit,63.87,2.13,7
NIFTY50,22150,BULLISH,2,19 Feb 24,12:30 PM,60.0,19 Feb 24,12:46 PM,63.94,tsl_hit,196.88,6.56,16
NIFTY50,22150,BULLISH,2,19 Feb 24,01:30 PM,60.0,19 Feb 24,01:58 PM,66.98,tsl_hit,349.13,11.64,28
NIFTY50,22100,BULLISH,2,19 Feb 24,03:08 PM,60.0,19 Feb 24,03:24 PM,63.97,tsl_hit,198.62,6.62,16
NIFTY50,22100,BULLISH,2,20 Feb 24,09:17 AM,60.0,20 Feb 24,09:22 AM,56.69,time_stop,-165.38,-5.51,5
NIFTY50,22100,BEARISH,2,20 Feb 24,10:11 AM,60.0,20 Feb 24,10:15 AM,51.3,hard_sl_hit,-434.88,-14.5,4
NIFTY50,22100,BEARISH,2,20 Feb 24,10:18 AM,60.0,20 Feb 24,10:39 AM,62.1,tsl_hit,105.0,3.5,21
NIFTY50,22150,BEARISH,2,20 Feb 24,01:31 PM,60.0,20 Feb 24,01:44 PM,60.3,tsl_hit,14.87,0.5,13
NIFTY50,22250,BULLISH,2,21 Feb 24,10:15 AM,60.0,21 Feb 24,10:19 AM,53.74,hard_sl_hit,-313.25,-10.44,4
NIFTY50,22200,BEARISH,2,21 Feb 24,11:03 AM,60.0,21 Feb 24,11:08 AM,57.18,time_stop,-140.87,-4.7,5
NIFTY50,22200,BEARISH,2,21 Feb 24,12:20 PM,60.0,21 Feb 24,12:47 PM,59.77,tsl_hit,-11.37,-0.38,27
NIFTY50,22050,BULLISH,2,21 Feb 24,02:27 PM,60.0,21 Feb 24,02:35 PM,52.98,hard_sl_hit,-350.87,-11.7,8
NIFTY50,22050,BULLISH,2,21 Feb 24,02:43 PM,60.0,21 Feb 24,02:46 PM,54.21,hard_sl_hit,-289.63,-9.65,3
NIFTY50,22050,BEARISH,1,22 Feb 24,09:44 AM,60.0,22 Feb 24,09:46 AM,54.51,hard_sl_hit,-137.37,-9.16,2
NIFTY50,21950,BULLISH,1,22 Feb 24,12:25 PM,60.0,22 Feb 24,12:43 PM,63.15,tsl_hit,78.75,5.25,18
NIFTY50,21950,BULLISH,1,22 Feb 24,12:56 PM,60.0,22 Feb 24,01:01 PM,61.22,tsl_hit,30.63,2.04,5
NIFTY50,22250,BULLISH,1,23 Feb 24,01:08 PM,60.0,23 Feb 24,01:24 PM,52.46,hard_sl_hit,-188.56,-12.57,16
NIFTY50,22200,BULLISH,1,23 Feb 24,01:28 PM,60.0,23 Feb 24,01:34 PM,71.97,tsl_hit,299.25,19.95,6
NIFTY50,22200,BULLISH,2,23 Feb 24,02:11 PM,60.0,23 Feb 24,02:13 PM,59.35,tsl_hit,-32.37,-1.08,2
NIFTY50,22250,BULLISH,1,23 Feb 24,02:16 PM,60.0,23 Feb 24,02:25 PM,59.32,tsl_hit,-17.06,-1.14,9
NIFTY50,22150,BULLISH,1,26 Feb 24,09:17 AM,60.0,26 Feb 24,09:27 AM,65.76,tsl_hit,143.94,9.6,10
NIFTY50,22200,BEARISH,2,26 Feb 24,09:47 AM,60.0,26 Feb 24,09:54 AM,76.62,tsl_hit,831.25,27.71,7
NIFTY50,22150,BULLISH,2,26 Feb 24,10:31 AM,60.0,26 Feb 24,10:41 AM,60.58,tsl_hit,28.87,0.96,10
NIFTY50,22100,BULLISH,2,26 Feb 24,11:01 AM,60.0,26 Feb 24,11:14 AM,62.59,tsl_hit,129.5,4.32,13
NIFTY50,22100,BULLISH,2,26 Feb 24,12:20 PM,60.0,26 Feb 24,12:47 PM,65.41,tsl_hit,270.38,9.01,27
NIFTY50,22150,BEARISH,2,26 Feb 24,01:13 PM,60.0,26 Feb 24,01:18 PM,55.22,time_stop,-238.88,-7.96,5
NIFTY50,22150,BEARISH,2,26 Feb 24,01:51 PM,60.0,26 Feb 24,02:47 PM,62.52,tsl_hit,126.0,4.2,56
NIFTY50,22100,BULLISH,2,26 Feb 24,03:21 PM,60.0,26 Feb 24,03:28 PM,61.0,tsl_hit,49.87,1.66,7
NIFTY50,22100,BULLISH,2,27 Feb 24,09:21 AM,60.0,27 Feb 24,09:29 AM,65.11,tsl_hit,255.5,8.52,8
NIFTY50,22200,BULLISH,2,27 Feb 24,03:22 PM,60.0,28 Feb 24,09:17 AM,61.24,tsl_hit,62.12,2.07,10
NIFTY50,21950,BULLISH,2,28 Feb 24,03:13 PM,60.0,28 Feb 24,03:16 PM,53.03,hard_sl_hit,-348.25,-11.61,3
NIFTY50,21950,BEARISH,2,29 Feb 24,09:29 AM,60.0,29 Feb 24,09:33 AM,49.32,hard_sl_hit,-533.75,-17.79,4
NIFTY50,22000,BEARISH,2,29 Feb 24,09:57 AM,60.0,29 Feb 24,09:59 AM,53.49,hard_sl_hit,-325.5,-10.85,2
NIFTY50,21900,BULLISH,2,29 Feb 24,10:15 AM,60.0,29 Feb 24,10:16 AM,51.23,hard_sl_hit,-438.38,-14.61,1
NIFTY50,21950,BULLISH,1,29 Feb 24,12:11 PM,60.0,29 Feb 24,12:24 PM,59.51,tsl_hit,-12.25,-0.82,13
NIFTY50,21900,BULLISH,1,29 Feb 24,12:31 PM,60.0,29 Feb 24,12:46 PM,72.9,tsl_hit,322.44,21.5,15
NIFTY50,21900,BULLISH,2,29 Feb 24,02:34 PM,60.0,29 Feb 24,02:54 PM,80.46,tsl_hit,1022.88,34.1,20
NIFTY50,21900,BULLISH,2,29 Feb 24,03:02 PM,60.0,29 Feb 24,03:29 PM,101.14,tsl_hit,2057.12,68.57,27
NIFTY50,22300,BEARISH,2,01 Mar 24,11:40 AM,60.0,01 Mar 24,11:45 AM,60.07,tsl_hit,3.5,0.12,5
NIFTY50,22300,BEARISH,2,01 Mar 24,12:31 PM,60.0,01 Mar 24,01:04 PM,51.86,hard_sl_hit,-406.88,-13.56,33
NIFTY50,22350,BEARISH,2,01 Mar 24,02:14 PM,60.0,01 Mar 24,02:28 PM,59.33,tsl_hit,-33.25,-1.11,14
NIFTY50,22350,BEARISH,2,01 Mar 24,02:31 PM,60.0,01 Mar 24,02:43 PM,60.77,tsl_hit,38.5,1.28,12
NIFTY50,22350,BEARISH,2,01 Mar 24,02:49 PM,60.0,01 Mar 24,03:09 PM,54.58,hard_sl_hit,-271.25,-9.04,20
NIFTY50,22400,BEARISH,2,02 Mar 24,09:17 AM,60.0,02 Mar 24,09:27 AM,63.87,tsl_hit,193.37,6.45,10
NIFTY50,22400,BULLISH,2,04 Mar 24,09:15 AM,60.0,04 Mar 24,09:20 AM,65.34,tsl_hit,266.88,8.9,5
NIFTY50,22350,BULLISH,2,04 Mar 24,09:41 AM,60.0,04 Mar 24,09:46 AM,62.94,tsl_hit,147.0,4.9,5
NIFTY50,22400,BULLISH,2,04 Mar 24,10:58 AM,60.0,04 Mar 24,11:04 AM,57.88,tsl_hit,-105.88,-3.53,6
NIFTY50,22400,BEARISH,2,04 Mar 24,12:22 PM,60.0,04 Mar 24,12:57 PM,68.73,tsl_hit,436.62,14.55,35
NIFTY50,22350,BULLISH,2,05 Mar 24,09:18 AM,60.0,05 Mar 24,09:26 AM,69.12,tsl_hit,455.87,15.2,8
NIFTY50,22300,BULLISH,2,05 Mar 24,10:23 AM,60.0,05 Mar 24,10:31 AM,63.34,tsl_hit,167.12,5.57,8
NIFTY50,22300,BULLISH,2,06 Mar 24,09:17 AM,60.0,06 Mar 24,09:29 AM,69.92,tsl_hit,496.13,16.54,12
NIFTY50,22250,BEARISH,2,06 Mar 24,12:32 PM,60.0,06 Mar 24,12:38 PM,53.3,hard_sl_hit,-335.12,-11.17,6
NIFTY50,22250,BULLISH,2,06 Mar 24,01:05 PM,60.0,06 Mar 24,01:15 PM,67.63,tsl_hit,381.5,12.72,10
NIFTY50,22500,BEARISH,2,07 Mar 24,10:07 AM,60.0,07 Mar 24,10:12 AM,60.65,tsl_hit,32.38,1.08,5
NIFTY50,22450,BULLISH,2,07 Mar 24,10:46 AM,60.0,07 Mar 24,10:48 AM,55.94,tsl_hit,-203.0,-6.77,2
NIFTY50,22500,BEARISH,2,07 Mar 24,11:06 AM,60.0,07 Mar 24,11:46 AM,63.55,tsl_hit,177.63,5.92,40
NIFTY50,22500,BULLISH,2,07 Mar 24,12:16 PM,60.0,07 Mar 24,01:11 PM,66.33,tsl_hit,316.75,10.56,55
NIFTY50,22500,BULLISH,2,07 Mar 24,01:27 PM,60.0,07 Mar 24,02:01 PM,63.97,tsl_hit,198.62,6.62,34
NIFTY50,22500,BULLISH,2,07 Mar 24,02:06 PM,60.0,07 Mar 24,02:32 PM,65.51,tsl_hit,275.63,9.19,26
NIFTY50,22500,BEARISH,2,11 Mar 24,09:17 AM,60.0,11 Mar 24,09:26 AM,62.89,tsl_hit,144.38,4.81,9
NIFTY50,22400,BULLISH,2,11 Mar 24,11:27 AM,60.0,11 Mar 24,11:41 AM,63.43,tsl_hit,171.5,5.72,14
NIFTY50,22400,BEARISH,2,11 Mar 24,12:40 PM,60.0,11 Mar 24,01:18 PM,65.78,tsl_hit,288.75,9.63,38
NIFTY50,22350,BEARISH,2,12 Mar 24,12:13 PM,60.0,12 Mar 24,12:29 PM,53.37,hard_sl_hit,-331.63,-11.05,16
NIFTY50,22350,BEARISH,2,12 Mar 24,01:15 PM,60.0,12 Mar 24,01:30 PM,54.19,hard_sl_hit,-290.5,-9.68,15
NIFTY50,22350,BEARISH,2,12 Mar 24,03:04 PM,60.0,12 Mar 24,03:17 PM,66.02,tsl_hit,301.0,10.03,13
NIFTY50,22400,BEARISH,2,13 Mar 24,09:17 AM,60.0,13 Mar 24,09:34 AM,87.11,tsl_hit,1355.38,45.18,17
NIFTY50,22200,BULLISH,2,13 Mar 24,11:27 AM,60.0,13 Mar 24,11:30 AM,47.91,hard_sl_hit,-604.62,-20.15,3
NIFTY50,22000,BEARISH,2,13 Mar 24,03:03 PM,60.0,13 Mar 24,03:07 PM,53.68,hard_sl_hit,-315.87,-10.53,4
NIFTY50,22000,BULLISH,2,14 Mar 24,10:20 AM,60.0,14 Mar 24,10:28 AM,62.07,tsl_hit,103.25,3.44,8
NIFTY50,22050,BEARISH,2,14 Mar 24,10:43 AM,60.0,14 Mar 24,10:50 AM,53.72,hard_sl_hit,-314.13,-10.47,7
NIFTY50,22150,BEARISH,2,14 Mar 24,11:37 AM,60.0,14 Mar 24,11:42 AM,48.33,hard_sl_hit,-583.63,-19.45,5
NIFTY50,22150,BEARISH,2,14 Mar 24,02:26 PM,60.0,14 Mar 24,02:29 PM,58.85,tsl_hit,-57.75,-1.92,3
NIFTY50,22100,BULLISH,2,14 Mar 24,02:47 PM,60.0,14 Mar 24,02:52 PM,56.6,time_stop,-169.75,-5.66,5
NIFTY50,22150,BEARISH,2,14 Mar 24,03:05 PM,60.0,14 Mar 24,03:09 PM,57.74,tsl_hit,-112.88,-3.76,4
NIFTY50,22100,BULLISH,2,15 Mar 24,09:17 AM,60.0,15 Mar 24,09:28 AM,64.99,tsl_hit,249.37,8.31,11
NIFTY50,22000,BEARISH,2,15 Mar 24,10:16 AM,60.0,15 Mar 24,10:22 AM,68.08,tsl_hit,404.25,13.47,6
NIFTY50,22000,BEARISH,2,15 Mar 24,10:49 AM,60.0,15 Mar 24,10:54 AM,59.12,tsl_hit,-43.75,-1.46,5
NIFTY50,22000,BEARISH,2,15 Mar 24,11:49 AM,60.0,15 Mar 24,12:02 PM,71.88,tsl_hit,594.13,19.8,13
NIFTY50,22000,BULLISH,2,15 Mar 24,02:25 PM,60.0,15 Mar 24,02:28 PM,59.96,tsl_hit,-1.75,-0.06,3
NIFTY50,21950,BULLISH,2,18 Mar 24,09:36 AM,60.0,18 Mar 24,09:39 AM,58.7,tsl_hit,-64.75,-2.16,3
NIFTY50,22000,BEARISH,2,18 Mar 24,09:57 AM,60.0,18 Mar 24,10:01 AM,60.05,tsl_hit,2.63,0.09,4
NIFTY50,22000,BULLISH,2,18 Mar 24,10:40 AM,60.0,18 Mar 24,10:47 AM,63.36,tsl_hit,168.0,5.6,7
NIFTY50,21950,BULLISH,2,18 Mar 24,11:16 AM,60.0,18 Mar 24,11:24 AM,58.44,tsl_hit,-77.88,-2.6,8
NIFTY50,22000,BEARISH,2,18 Mar 24,11:41 AM,60.0,18 Mar 24,12:02 PM,48.48,hard_sl_hit,-575.75,-19.19,21
NIFTY50,22000,BEARISH,2,18 Mar 24,12:05 PM,60.0,18 Mar 24,12:08 PM,52.51,hard_sl_hit,-374.5,-12.48,3
NIFTY50,22050,BULLISH,2,18 Mar 24,01:48 PM,60.0,18 Mar 24,02:05 PM,67.54,tsl_hit,377.12,12.57,17
NIFTY50,21950,BULLISH,2,19 Mar 24,09:18 AM,60.0,19 Mar 24,09:22 AM,52.95,hard_sl_hit,-352.62,-11.75,4
NIFTY50,21850,BEARISH,2,19 Mar 24,01:35 PM,60.0,19 Mar 24,02:06 PM,72.46,tsl_hit,623.0,20.77,31
NIFTY50,21750,BULLISH,2,20 Mar 24,10:46 AM,60.0,20 Mar 24,10:51 AM,58.85,time_stop,-57.75,-1.92,5
NIFTY50,21850,BEARISH,2,20 Mar 24,12:19 PM,60.0,20 Mar 24,12:24 PM,57.8,time_stop,-110.25,-3.67,5
NIFTY50,21900,BEARISH,2,20 Mar 24,01:13 PM,60.0,20 Mar 24,01:25 PM,54.24,hard_sl_hit,-287.87,-9.6,12
NIFTY50,21900,BULLISH,2,20 Mar 24,01:33 PM,60.0,20 Mar 24,01:38 PM,56.54,time_stop,-173.25,-5.77,5
NIFTY50,22000,BEARISH,2,21 Mar 24,09:17 AM,60.0,21 Mar 24,09:25 AM,61.4,tsl_hit,70.0,2.33,8
NIFTY50,22050,BULLISH,2,21 Mar 24,11:42 AM,60.0,21 Mar 24,11:54 AM,50.78,hard_sl_hit,-461.12,-15.37,12
NIFTY50,22000,BEARISH,2,21 Mar 24,12:40 PM,60.0,21 Mar 24,12:53 PM,60.44,tsl_hit,21.88,0.73,13
NIFTY50,22050,BEARISH,2,21 Mar 24,03:13 PM,60.0,21 Mar 24,03:23 PM,62.0,tsl_hit,99.75,3.33,10
NIFTY50,21950,BULLISH,2,22 Mar 24,09:17 AM,60.0,22 Mar 24,09:22 AM,57.99,tsl_hit,-100.63,-3.35,5
NIFTY50,22100,BEARISH,2,22 Mar 24,12:56 PM,60.0,22 Mar 24,01:03 PM,54.26,hard_sl_hit,-287.0,-9.57,7
NIFTY50,22100,BULLISH,2,22 Mar 24,01:37 PM,60.0,22 Mar 24,01:42 PM,58.35,time_stop,-82.25,-2.74,5
NIFTY50,22100,BEARISH,2,22 Mar 24,01:57 PM,60.0,22 Mar 24,02:16 PM,51.23,hard_sl_hit,-438.37,-14.61,19
NIFTY50,22000,BULLISH,2,26 Mar 24,10:09 AM,60.0,26 Mar 24,10:18 AM,62.64,tsl_hit,132.13,4.4,9
NIFTY50,22050,BEARISH,2,26 Mar 24,10:32 AM,60.0,26 Mar 24,10:45 AM,65.95,tsl_hit,297.5,9.92,13
NIFTY50,22050,BEARISH,2,26 Mar 24,11:29 AM,60.0,26 Mar 24,11:42 AM,60.47,tsl_hit,23.62,0.79,13
NIFTY50,22050,BEARISH,2,26 Mar 24,11:49 AM,60.0,26 Mar 24,12:20 PM,65.63,tsl_hit,281.75,9.39,31
NIFTY50,22050,BULLISH,2,26 Mar 24,01:32 PM,60.0,26 Mar 24,01:37 PM,58.64,time_stop,-68.25,-2.27,5
NIFTY50,22050,BULLISH,2,26 Mar 24,01:47 PM,60.0,26 Mar 24,02:08 PM,65.21,tsl_hit,260.75,8.69,21
NIFTY50,22000,BULLISH,2,26 Mar 24,02:39 PM,60.0,26 Mar 24,02:50 PM,54.38,hard_sl_hit,-280.87,-9.36,11
NIFTY50,22050,BEARISH,2,27 Mar 24,09:17 AM,60.0,27 Mar 24,09:23 AM,60.37,tsl_hit,18.37,0.61,6
NIFTY50,22200,BEARISH,2,27 Mar 24,11:42 AM,60.0,27 Mar 24,11:49 AM,60.18,tsl_hit,8.75,0.29,7
NIFTY50,22150,BULLISH,2,27 Mar 24,12:06 PM,60.0,27 Mar 24,12:11 PM,56.83,time_stop,-158.37,-5.28,5
NIFTY50,22150,BEARISH,2,27 Mar 24,12:58 PM,60.0,27 Mar 24,01:14 PM,64.29,tsl_hit,214.37,7.15,16
NIFTY50,22200,BULLISH,2,27 Mar 24,02:26 PM,60.0,27 Mar 24,02:31 PM,55.28,time_stop,-236.25,-7.88,5
NIFTY50,22150,BULLISH,2,27 Mar 24,02:53 PM,60.0,27 Mar 24,03:00 PM,53.88,hard_sl_hit,-306.25,-10.21,7
NIFTY50,22350,BULLISH,2,28 Mar 24,11:57 AM,60.0,28 Mar 24,11:59 AM,54.35,hard_sl_hit,-282.63,-9.42,2
NIFTY50,22450,BEARISH,2,28 Mar 24,02:09 PM,60.0,28 Mar 24,02:14 PM,52.7,hard_sl_hit,-364.88,-12.16,5
NIFTY50,22500,BEARISH,2,01 Apr 24,12:03 PM,60.0,01 Apr 24,12:19 PM,63.19,tsl_hit,159.25,5.31,16
NIFTY50,22450,BULLISH,2,01 Apr 24,01:09 PM,60.0,01 Apr 24,01:42 PM,67.51,tsl_hit,375.38,12.51,33
NIFTY50,22450,BULLISH,2,02 Apr 24,09:17 AM,60.0,02 Apr 24,09:35 AM,75.85,tsl_hit,792.75,26.42,18
NIFTY50,22400,BULLISH,2,02 Apr 24,11:02 AM,60.0,02 Apr 24,11:07 AM,66.67,tsl_hit,333.37,11.11,5
NIFTY50,22400,BULLISH,2,02 Apr 24,12:02 PM,60.0,02 Apr 24,12:25 PM,60.25,tsl_hit,12.25,0.41,23
NIFTY50,22400,BULLISH,2,02 Apr 24,01:53 PM,60.0,02 Apr 24,02:25 PM,61.77,tsl_hit,88.37,2.95,32
NIFTY50,22400,BEARISH,2,02 Apr 24,02:33 PM,60.0,02 Apr 24,02:45 PM,59.25,tsl_hit,-37.62,-1.25,12
NIFTY50,22350,BULLISH,2,03 Apr 24,09:19 AM,60.0,03 Apr 24,09:25 AM,54.35,hard_sl_hit,-282.63,-9.42,6
NIFTY50,22400,BULLISH,2,03 Apr 24,10:51 AM,60.0,03 Apr 24,11:21 AM,68.17,tsl_hit,408.62,13.62,30
NIFTY50,22500,BEARISH,2,03 Apr 24,12:18 PM,60.0,03 Apr 24,12:29 PM,60.32,tsl_hit,15.75,0.53,11
NIFTY50,22500,BEARISH,2,03 Apr 24,01:41 PM,60.0,03 Apr 24,02:03 PM,69.43,tsl_hit,471.63,15.72,22
NIFTY50,22450,BULLISH,2,03 Apr 24,03:04 PM,60.0,03 Apr 24,03:09 PM,58.04,time_stop,-98.0,-3.27,5
NIFTY50,22450,BEARISH,2,03 Apr 24,03:28 PM,60.0,04 Apr 24,09:15 AM,15.41,hard_sl_hit,-2229.5,-74.32,2
NIFTY50,22600,BEARISH,2,04 Apr 24,09:17 AM,60.0,04 Apr 24,09:22 AM,69.0,tsl_hit,449.75,14.99,5
NIFTY50,22350,BULLISH,2,04 Apr 24,10:56 AM,60.0,04 Apr 24,11:02 AM,68.58,tsl_hit,428.75,14.29,6
NIFTY50,22400,BEARISH,2,04 Apr 24,11:16 AM,60.0,04 Apr 24,11:21 AM,59.67,time_stop,-16.63,-0.55,5
NIFTY50,22400,BULLISH,2,04 Apr 24,11:36 AM,60.0,04 Apr 24,11:51 AM,68.87,tsl_hit,443.62,14.79,15
NIFTY50,22500,BULLISH,2,04 Apr 24,03:02 PM,60.0,04 Apr 24,03:03 PM,52.32,hard_sl_hit,-384.13,-12.8,1
NIFTY50,22500,BULLISH,2,05 Apr 24,09:17 AM,60.0,05 Apr 24,09:20 AM,45.53,hard_sl_hit,-723.62,-24.12,3
NIFTY50,22500,BULLISH,2,05 Apr 24,11:24 AM,60.0,05 Apr 24,11:41 AM,62.42,tsl_hit,120.75,4.03,17
NIFTY50,22500,BULLISH,2,05 Apr 24,02:39 PM,60.0,05 Apr 24,03:03 PM,60.0,tsl_hit,0.0,0.0,24
NIFTY50,22550,BEARISH,2,05 Apr 24,03:26 PM,60.0,08 Apr 24,09:15 AM,45.21,hard_sl_hit,-739.38,-24.65,4
NIFTY50,22600,BULLISH,2,08 Apr 24,10:01 AM,60.0,08 Apr 24,10:17 AM,64.76,tsl_hit,238.0,7.93,16
NIFTY50,22700,BEARISH,2,08 Apr 24,02:36 PM,60.0,08 Apr 24,02:47 PM,62.75,tsl_hit,137.37,4.58,11
NIFTY50,22650,BULLISH,2,08 Apr 24,03:09 PM,60.0,08 Apr 24,03:16 PM,61.37,tsl_hit,68.25,2.28,7
NIFTY50,22700,BEARISH,2,09 Apr 24,09:17 AM,60.0,09 Apr 24,09:26 AM,65.27,tsl_hit,263.37,8.78,9
NIFTY50,22750,BULLISH,2,09 Apr 24,10:19 AM,60.0,09 Apr 24,10:45 AM,66.95,tsl_hit,347.38,11.58,26
NIFTY50,22750,BULLISH,2,09 Apr 24,11:11 AM,60.0,09 Apr 24,11:16 AM,59.28,time_stop,-35.87,-1.2,5
NIFTY50,22750,BEARISH,2,09 Apr 24,11:40 AM,60.0,09 Apr 24,12:17 PM,70.45,tsl_hit,522.37,17.41,37
NIFTY50,22700,BULLISH,2,09 Apr 24,12:37 PM,60.0,09 Apr 24,12:42 PM,59.79,time_stop,-10.5,-0.35,5
NIFTY50,22650,BULLISH,2,09 Apr 24,02:16 PM,60.0,09 Apr 24,02:29 PM,68.03,tsl_hit,401.63,13.39,13
NIFTY50,22700,BEARISH,2,10 Apr 24,09:17 AM,60.0,10 Apr 24,09:21 AM,63.03,tsl_hit,151.37,5.05,4
NIFTY50,22700,BULLISH,2,10 Apr 24,09:55 AM,60.0,10 Apr 24,10:04 AM,54.38,hard_sl_hit,-280.87,-9.36,9
NIFTY50,22700,BEARISH,2,10 Apr 24,11:07 AM,60.0,10 Apr 24,11:33 AM,65.39,tsl_hit,269.5,8.98,26
NIFTY50,22700,BULLISH,2,12 Apr 24,09:17 AM,60.0,12 Apr 24,09:32 AM,66.11,tsl_hit,305.38,10.18,15
NIFTY50,22650,BULLISH,2,12 Apr 24,09:46 AM,60.0,12 Apr 24,09:52 AM,62.29,tsl_hit,114.63,3.82,6
NIFTY50,22700,BEARISH,2,12 Apr 24,11:21 AM,60.0,12 Apr 24,11:39 AM,60.04,tsl_hit,1.75,0.06,18
NIFTY50,22700,BEARISH,2,12 Apr 24,11:59 AM,60.0,12 Apr 24,12:19 PM,83.28,tsl_hit,1163.75,38.79,20
NIFTY50,22650,BULLISH,2,12 Apr 24,12:20 PM,60.0,12 Apr 24,12:26 PM,51.39,hard_sl_hit,-430.5,-14.35,6
NIFTY50,22600,BEARISH,2,12 Apr 24,01:31 PM,60.0,12 Apr 24,01:48 PM,61.56,tsl_hit,77.88,2.6,17
NIFTY50,22350,BULLISH,2,15 Apr 24,09:17 AM,60.0,15 Apr 24,09:21 AM,54.1,hard_sl_hit,-294.87,-9.83,4
NIFTY50,22350,BULLISH,2,15 Apr 24,01:00 PM,60.0,15 Apr 24,01:02 PM,53.93,hard_sl_hit,-303.62,-10.12,2
NIFTY50,22250,BULLISH,2,15 Apr 24,03:05 PM,60.0,15 Apr 24,03:16 PM,63.24,tsl_hit,161.87,5.4,11
NIFTY50,22150,BULLISH,2,16 Apr 24,09:17 AM,60.0,16 Apr 24,09:19 AM,58.39,tsl_hit,-80.5,-2.68,2
NIFTY50,22200,BULLISH,2,16 Apr 24,11:29 AM,60.0,16 Apr 24,11:51 AM,54.38,hard_sl_hit,-280.87,-9.36,22
NIFTY50,22150,BULLISH,2,16 Apr 24,12:04 PM,60.0,16 Apr 24,12:20 PM,61.14,tsl_hit,56.88,1.9,16
NIFTY50,22100,BEARISH,2,16 Apr 24,01:44 PM,60.0,16 Apr 24,02:03 PM,53.89,hard_sl_hit,-305.38,-10.18,19
NIFTY50,22300,BULLISH,2,18 Apr 24,12:38 PM,60.0,18 Apr 24,01:04 PM,54.4,hard_sl_hit,-280.0,-9.33,26
NIFTY50,22150,BULLISH,2,18 Apr 24,01:29 PM,60.0,18 Apr 24,01:34 PM,89.61,tsl_hit,1480.5,49.35,5
NIFTY50,21800,BULLISH,2,19 Apr 24,09:17 AM,60.0,19 Apr 24,09:20 AM,53.07,hard_sl_hit,-346.5,-11.55,3
NIFTY50,21900,BEARISH,2,19 Apr 24,11:29 AM,60.0,19 Apr 24,11:36 AM,58.81,tsl_hit,-59.5,-1.98,7
NIFTY50,22000,BEARISH,2,19 Apr 24,12:43 PM,60.0,19 Apr 24,12:50 PM,53.88,hard_sl_hit,-306.25,-10.21,7
NIFTY50,22300,BEARISH,2,22 Apr 24,09:17 AM,60.0,22 Apr 24,09:20 AM,63.36,tsl_hit,168.0,5.6,3
NIFTY50,22250,BEARISH,2,22 Apr 24,10:53 AM,60.0,22 Apr 24,10:58 AM,56.12,time_stop,-194.25,-6.47,5
NIFTY50,22300,BEARISH,2,22 Apr 24,11:07 AM,60.0,22 Apr 24,11:21 AM,61.19,tsl_hit,59.5,1.98,14
NIFTY50,22250,BULLISH,2,22 Apr 24,01:11 PM,60.0,22 Apr 24,01:54 PM,65.65,tsl_hit,282.63,9.42,43
NIFTY50,22300,BULLISH,2,22 Apr 24,02:26 PM,60.0,22 Apr 24,02:55 PM,68.31,tsl_hit,415.62,13.85,29
NIFTY50,22400,BULLISH,2,23 Apr 24,10:46 AM,60.0,23 Apr 24,10:49 AM,53.44,hard_sl_hit,-328.12,-10.94,3
NIFTY50,22400,BULLISH,2,23 Apr 24,12:31 PM,60.0,23 Apr 24,12:45 PM,54.33,hard_sl_hit,-283.5,-9.45,14
NIFTY50,22400,BULLISH,2,23 Apr 24,01:07 PM,60.0,23 Apr 24,01:12 PM,54.17,hard_sl_hit,-291.38,-9.71,5
NIFTY50,22400,BEARISH,2,23 Apr 24,03:00 PM,60.0,23 Apr 24,03:12 PM,65.0,tsl_hit,250.25,8.34,12
NIFTY50,22400,BEARISH,2,24 Apr 24,09:17 AM,60.0,24 Apr 24,09:47 AM,53.19,hard_sl_hit,-340.38,-11.35,30
NIFTY50,22450,BEARISH,2,24 Apr 24,09:50 AM,60.0,24 Apr 24,09:55 AM,56.11,time_stop,-194.25,-6.48,5
NIFTY50,22450,BEARISH,2,24 Apr 24,10:29 AM,60.0,24 Apr 24,10:34 AM,59.63,time_stop,-18.37,-0.61,5
NIFTY50,22450,BULLISH,2,24 Apr 24,12:49 PM,60.0,24 Apr 24,02:28 PM,53.11,hard_sl_hit,-344.75,-11.49,99
NIFTY50,22400,BULLISH,2,24 Apr 24,02:36 PM,60.0,24 Apr 24,02:56 PM,63.85,tsl_hit,192.5,6.42,20
NIFTY50,22350,BULLISH,2,25 Apr 24,09:17 AM,60.0,25 Apr 24,09:20 AM,51.95,hard_sl_hit,-402.5,-13.42,3
NIFTY50,22350,BULLISH,2,25 Apr 24,10:53 AM,60.0,25 Apr 24,11:18 AM,84.64,tsl_hit,1232.0,41.07,25
NIFTY50,22400,BULLISH,2,25 Apr 24,12:50 PM,60.0,25 Apr 24,12:54 PM,61.64,tsl_hit,82.25,2.74,4
NIFTY50,22450,BEARISH,2,25 Apr 24,01:03 PM,60.0,25 Apr 24,01:08 PM,59.69,time_stop,-15.75,-0.52,5
NIFTY50,22500,BEARISH,2,25 Apr 24,01:47 PM,60.0,25 Apr 24,01:49 PM,51.49,hard_sl_hit,-425.25,-14.18,2
NIFTY50,22550,BEARISH,2,25 Apr 24,02:08 PM,60.0,25 Apr 24,02:20 PM,51.21,hard_sl_hit,-439.25,-14.64,12
NIFTY50,22600,BEARISH,2,25 Apr 24,02:36 PM,60.0,25 Apr 24,02:44 PM,64.36,tsl_hit,217.87,7.26,8
NIFTY50,22600,BEARISH,2,26 Apr 24,09:17 AM,60.0,26 Apr 24,09:21 AM,59.93,tsl_hit,-3.5,-0.12,4
NIFTY50,22600,BULLISH,2,26 Apr 24,09:52 AM,60.0,26 Apr 24,10:03 AM,52.2,hard_sl_hit,-390.25,-13.01,11
NIFTY50,22550,BULLISH,2,26 Apr 24,10:05 AM,60.0,26 Apr 24,10:07 AM,52.9,hard_sl_hit,-355.25,-11.84,2
NIFTY50,22550,BULLISH,2,26 Apr 24,10:10 AM,60.0,26 Apr 24,10:18 AM,59.37,tsl_hit,-31.5,-1.05,8
NIFTY50,22500,BULLISH,2,26 Apr 24,11:57 AM,60.0,26 Apr 24,12:14 PM,60.02,tsl_hit,0.87,0.03,17
NIFTY50,22500,BULLISH,2,26 Apr 24,12:33 PM,60.0,26 Apr 24,12:43 PM,54.59,hard_sl_hit,-270.37,-9.01,10
NIFTY50,22500,BULLISH,2,26 Apr 24,01:21 PM,60.0,26 Apr 24,01:27 PM,51.95,hard_sl_hit,-402.5,-13.42,6
NIFTY50,22450,BULLISH,2,26 Apr 24,01:30 PM,60.0,26 Apr 24,01:35 PM,55.42,time_stop,-229.25,-7.64,5
NIFTY50,22550,BEARISH,2,29 Apr 24,12:03 PM,60.0,29 Apr 24,12:21 PM,59.82,tsl_hit,-8.75,-0.29,18
NIFTY50,22600,BEARISH,2,29 Apr 24,01:27 PM,60.0,29 Apr 24,01:32 PM,57.62,time_stop,-119.0,-3.97,5
NIFTY50,22650,BEARISH,2,29 Apr 24,03:03 PM,60.0,30 Apr 24,09:15 AM,46.3,hard_sl_hit,-685.13,-22.84,27
NIFTY50,22750,BEARISH,2,30 Apr 24,09:55 AM,60.0,30 Apr 24,10:10 AM,67.51,tsl_hit,375.38,12.51,15
NIFTY50,22750,BULLISH,2,30 Apr 24,01:10 PM,60.0,30 Apr 24,01:14 PM,54.14,hard_sl_hit,-293.12,-9.77,4
NIFTY50,22700,BULLISH,2,30 Apr 24,01:16 PM,60.0,30 Apr 24,01:33 PM,65.0,tsl_hit,250.25,8.34,17
NIFTY50,22750,BEARISH,2,30 Apr 24,02:04 PM,60.0,30 Apr 24,02:13 PM,59.37,tsl_hit,-31.5,-1.05,9
NIFTY50,22750,BULLISH,2,30 Apr 24,02:43 PM,60.0,30 Apr 24,02:48 PM,49.64,hard_sl_hit,-518.0,-17.27,5
NIFTY50,22700,BEARISH,2,02 May 24,10:33 AM,60.0,02 May 24,10:40 AM,59.7,tsl_hit,-14.87,-0.5,7
NIFTY50,22650,BULLISH,2,02 May 24,11:10 AM,60.0,02 May 24,11:18 AM,50.71,hard_sl_hit,-464.62,-15.49,8
NIFTY50,22650,BULLISH,2,02 May 24,11:22 AM,60.0,02 May 24,11:42 AM,78.1,tsl_hit,904.75,30.16,20
NIFTY50,22700,BEARISH,2,02 May 24,01:11 PM,60.0,02 May 24,01:22 PM,59.97,tsl_hit,-1.75,-0.06,11
NIFTY50,22700,BEARISH,2,02 May 24,01:29 PM,60.0,02 May 24,01:47 PM,63.06,tsl_hit,153.12,5.1,18
NIFTY50,22650,BULLISH,2,02 May 24,02:21 PM,60.0,02 May 24,02:34 PM,63.32,tsl_hit,166.25,5.54,13
NIFTY50,22750,BEARISH,2,03 May 24,09:19 AM,60.0,03 May 24,09:29 AM,52.46,hard_sl_hit,-377.12,-12.57,10
NIFTY50,22600,BULLISH,2,03 May 24,11:02 AM,60.0,03 May 24,11:12 AM,61.86,tsl_hit,92.75,3.09,10
NIFTY50,22550,BULLISH,2,03 May 24,11:24 AM,60.0,03 May 24,11:30 AM,51.06,hard_sl_hit,-447.12,-14.9,6
NIFTY50,22550,BULLISH,2,06 May 24,09:15 AM,60.0,06 May 24,09:18 AM,54.33,hard_sl_hit,-283.5,-9.45,3
NIFTY50,22500,BEARISH,2,06 May 24,10:31 AM,60.0,06 May 24,10:36 AM,58.67,time_stop,-66.5,-2.22,5
NIFTY50,22500,BULLISH,2,06 May 24,11:13 AM,60.0,06 May 24,11:23 AM,48.94,hard_sl_hit,-553.0,-18.43,10
NIFTY50,22500,BEARISH,2,06 May 24,12:01 PM,60.0,06 May 24,12:27 PM,63.9,tsl_hit,195.12,6.5,26
NIFTY50,22450,BEARISH,2,06 May 24,02:23 PM,60.0,06 May 24,02:36 PM,70.32,tsl_hit,516.25,17.21,13
NIFTY50,22450,BEARISH,2,07 May 24,09:17 AM,60.0,07 May 24,09:22 AM,58.51,tsl_hit,-74.37,-2.48,5
NIFTY50,22250,BEARISH,2,07 May 24,01:23 PM,60.0,07 May 24,01:29 PM,54.19,hard_sl_hit,-290.5,-9.68,6
NIFTY50,22200,BULLISH,2,08 May 24,09:18 AM,60.0,08 May 24,09:24 AM,69.94,tsl_hit,497.0,16.57,6
NIFTY50,22200,BEARISH,2,08 May 24,10:59 AM,60.0,08 May 24,11:04 AM,56.52,time_stop,-174.13,-5.8,5
NIFTY50,22300,BEARISH,2,08 May 24,12:11 PM,60.0,08 May 24,12:16 PM,57.92,time_stop,-104.13,-3.47,5
NIFTY50,22300,BULLISH,2,08 May 24,01:38 PM,60.0,08 May 24,01:42 PM,60.68,tsl_hit,34.13,1.14,4
NIFTY50,22300,BULLISH,2,09 May 24,09:17 AM,60.0,09 May 24,09:22 AM,52.4,hard_sl_hit,-379.75,-12.66,5
NIFTY50,22250,BULLISH,2,09 May 24,09:25 AM,60.0,09 May 24,09:29 AM,49.34,hard_sl_hit,-532.87,-17.76,4
NIFTY50,22150,BULLISH,2,09 May 24,10:48 AM,60.0,09 May 24,11:00 AM,62.57,tsl_hit,128.63,4.29,12
NIFTY50,22200,BEARISH,2,09 May 24,12:21 PM,60.0,09 May 24,12:35 PM,66.46,tsl_hit,322.88,10.76,14
NIFTY50,21950,BEARISH,2,10 May 24,09:19 AM,60.0,10 May 24,09:21 AM,58.48,tsl_hit,-76.12,-2.54,2
NIFTY50,22100,BEARISH,2,10 May 24,10:19 AM,60.0,10 May 24,10:22 AM,68.12,tsl_hit,406.0,13.53,3
NIFTY50,22050,BULLISH,2,10 May 24,10:49 AM,60.0,10 May 24,10:51 AM,53.49,hard_sl_hit,-325.5,-10.85,2
NIFTY50,22000,BULLISH,2,10 May 24,12:49 PM,60.0,10 May 24,12:58 PM,54.09,hard_sl_hit,-295.75,-9.86,9
NIFTY50,22050,BEARISH,2,10 May 24,01:33 PM,60.0,10 May 24,01:40 PM,60.58,tsl_hit,28.88,0.96,7
NIFTY50,22050,BEARISH,2,10 May 24,01:53 PM,60.0,10 May 24,02:06 PM,64.97,tsl_hit,248.5,8.28,13
NIFTY50,22050,BEARISH,2,10 May 24,03:04 PM,60.0,10 May 24,03:29 PM,60.32,tsl_hit,15.75,0.53,25
NIFTY50,21950,BULLISH,2,13 May 24,09:19 AM,60.0,13 May 24,09:20 AM,53.3,hard_sl_hit,-335.13,-11.17,1
NIFTY50,21900,BEARISH,2,13 May 24,11:08 AM,60.0,13 May 24,11:15 AM,52.63,hard_sl_hit,-368.38,-12.28,7
NIFTY50,22150,BEARISH,2,14 May 24,09:18 AM,60.0,14 May 24,09:21 AM,64.22,tsl_hit,210.87,7.03,3
NIFTY50,22100,BEARISH,2,14 May 24,10:21 AM,60.0,14 May 24,10:27 AM,59.12,tsl_hit,-43.75,-1.46,6
NIFTY50,22150,BEARISH,2,14 May 24,10:31 AM,60.0,14 May 24,10:44 AM,51.23,hard_sl_hit,-438.37,-14.61,13
NIFTY50,22150,BEARISH,2,14 May 24,11:08 AM,60.0,14 May 24,11:31 AM,62.13,tsl_hit,106.75,3.56,23
NIFTY50,22250,BEARISH,2,14 May 24,12:57 PM,60.0,14 May 24,01:21 PM,63.85,tsl_hit,192.5,6.42,24
NIFTY50,22250,BULLISH,2,14 May 24,02:18 PM,60.0,14 May 24,02:30 PM,65.25,tsl_hit,262.5,8.75,12
NIFTY50,22200,BULLISH,2,14 May 24,03:05 PM,60.0,14 May 24,03:24 PM,61.94,tsl_hit,97.12,3.24,19
NIFTY50,22250,BEARISH,2,15 May 24,09:17 AM,60.0,15 May 24,09:29 AM,54.58,hard_sl_hit,-271.25,-9.04,12
NIFTY50,22300,BEARISH,2,15 May 24,09:47 AM,60.0,15 May 24,10:09 AM,95.96,tsl_hit,1798.13,59.94,22
NIFTY50,22200,BEARISH,2,15 May 24,01:08 PM,60.0,15 May 24,01:18 PM,61.84,tsl_hit,91.87,3.06,10
NIFTY50,22200,BEARISH,2,15 May 24,02:15 PM,60.0,15 May 24,02:28 PM,66.05,tsl_hit,302.75,10.09,13
NIFTY50,22300,BEARISH,2,16 May 24,09:17 AM,60.0,16 May 24,09:21 AM,52.63,hard_sl_hit,-368.37,-12.28,4
NIFTY50,22150,BULLISH,2,16 May 24,10:51 AM,60.0,16 May 24,11:05 AM,67.47,tsl_hit,373.62,12.45,14
NIFTY50,22150,BULLISH,2,16 May 24,11:11 AM,60.0,16 May 24,11:17 AM,53.86,hard_sl_hit,-307.12,-10.24,6
NIFTY50,22250,BEARISH,2,16 May 24,12:13 PM,60.0,16 May 24,12:14 PM,45.28,hard_sl_hit,-735.87,-24.53,1
NIFTY50,22300,BEARISH,2,16 May 24,12:16 PM,60.0,16 May 24,12:34 PM,102.84,tsl_hit,2142.0,71.4,18
NIFTY50,22400,BEARISH,2,17 May 24,10:27 AM,60.0,17 May 24,10:32 AM,52.16,hard_sl_hit,-392.0,-13.07,5
NIFTY50,22450,BULLISH,2,17 May 24,12:04 PM,60.0,17 May 24,12:30 PM,60.03,tsl_hit,1.75,0.06,26
NIFTY50,22450,BEARISH,2,17 May 24,12:42 PM,60.0,17 May 24,12:58 PM,64.08,tsl_hit,203.88,6.8,16
NIFTY50,22450,BULLISH,2,17 May 24,03:03 PM,60.0,17 May 24,03:07 PM,53.7,hard_sl_hit,-315.0,-10.5,4
NIFTY50,22500,BEARISH,2,18 May 24,09:17 AM,60.0,18 May 24,09:59 AM,67.95,tsl_hit,397.25,13.24,42
NIFTY50,22450,BULLISH,2,21 May 24,09:17 AM,60.0,21 May 24,09:18 AM,51.93,hard_sl_hit,-403.38,-13.45,1
NIFTY50,22500,BEARISH,2,21 May 24,11:06 AM,60.0,21 May 24,11:11 AM,59.88,time_stop,-6.12,-0.2,5
NIFTY50,22550,BULLISH,2,22 May 24,09:15 AM,60.0,22 May 24,09:18 AM,53.91,hard_sl_hit,-304.5,-10.15,3
NIFTY50,22600,BEARISH,2,22 May 24,12:20 PM,60.0,22 May 24,12:28 PM,64.86,tsl_hit,243.25,8.11,8
NIFTY50,22550,BEARISH,2,22 May 24,01:05 PM,60.0,22 May 24,01:13 PM,63.64,tsl_hit,182.0,6.07,8
NIFTY50,22550,BULLISH,2,22 May 24,02:57 PM,60.0,22 May 24,03:10 PM,78.69,tsl_hit,934.5,31.15,13
NIFTY50,22750,BEARISH,2,23 May 24,12:00 PM,60.0,23 May 24,12:10 PM,61.38,tsl_hit,69.13,2.3,10
NIFTY50,22800,BEARISH,2,23 May 24,12:31 PM,60.0,23 May 24,12:36 PM,54.24,hard_sl_hit,-287.88,-9.6,5
NIFTY50,22800,BULLISH,2,23 May 24,01:17 PM,60.0,23 May 24,01:22 PM,54.73,time_stop,-263.37,-8.78,5
NIFTY50,22950,BEARISH,2,23 May 24,03:06 PM,60.0,23 May 24,03:09 PM,48.82,hard_sl_hit,-559.13,-18.64,3
NIFTY50,23000,BEARISH,2,23 May 24,03:11 PM,60.0,24 May 24,09:16 AM,77.74,tsl_hit,887.25,29.57,20
NIFTY50,22950,BEARISH,2,24 May 24,10:57 AM,60.0,24 May 24,11:02 AM,59.79,time_stop,-10.5,-0.35,5
NIFTY50,22950,BULLISH,2,24 May 24,11:39 AM,60.0,24 May 24,11:46 AM,60.05,tsl_hit,2.63,0.09,7
NIFTY50,23000,BEARISH,2,24 May 24,12:36 PM,60.0,24 May 24,12:41 PM,57.65,time_stop,-117.25,-3.91,5
NIFTY50,23000,BEARISH,2,24 May 24,12:58 PM,60.0,24 May 24,01:03 PM,54.35,hard_sl_hit,-282.63,-9.42,5
NIFTY50,23000,BEARISH,2,24 May 24,02:22 PM,60.0,24 May 24,02:32 PM,66.9,tsl_hit,344.75,11.49,10
NIFTY50,23000,BEARISH,2,27 May 24,09:17 AM,60.0,27 May 24,09:23 AM,62.48,tsl_hit,124.25,4.14,6
NIFTY50,23000,BEARISH,2,27 May 24,11:44 AM,60.0,27 May 24,11:53 AM,52.77,hard_sl_hit,-361.38,-12.05,9
NIFTY50,23050,BULLISH,2,27 May 24,12:57 PM,60.0,27 May 24,01:35 PM,61.24,tsl_hit,62.12,2.07,38
NIFTY50,23000,BEARISH,2,28 May 24,09:17 AM,60.0,28 May 24,09:21 AM,59.67,tsl_hit,-16.62,-0.55,4
NIFTY50,22900,BULLISH,2,28 May 24,12:40 PM,60.0,28 May 24,12:48 PM,60.28,tsl_hit,14.0,0.47,8
NIFTY50,22950,BEARISH,2,28 May 24,12:54 PM,60.0,28 May 24,01:01 PM,59.91,tsl_hit,-4.37,-0.15,7
NIFTY50,22950,BULLISH,2,28 May 24,01:58 PM,60.0,28 May 24,02:08 PM,53.49,hard_sl_hit,-325.5,-10.85,10
NIFTY50,22800,BULLISH,2,29 May 24,09:17 AM,60.0,29 May 24,09:19 AM,60.21,tsl_hit,10.5,0.35,2
NIFTY50,22750,BULLISH,2,29 May 24,10:08 AM,60.0,29 May 24,10:19 AM,52.97,hard_sl_hit,-351.75,-11.72,11
NIFTY50,22750,BULLISH,2,29 May 24,10:26 AM,60.0,29 May 24,10:39 AM,61.01,tsl_hit,50.75,1.69,13
NIFTY50,22750,BEARISH,2,29 May 24,10:45 AM,60.0,29 May 24,10:56 AM,60.93,tsl_hit,46.37,1.55,11
NIFTY50,22750,BULLISH,2,29 May 24,11:12 AM,60.0,29 May 24,11:17 AM,53.21,hard_sl_hit,-339.5,-11.32,5
NIFTY50,22700,BULLISH,2,29 May 24,11:19 AM,60.0,29 May 24,11:29 AM,67.26,tsl_hit,363.13,12.1,10
NIFTY50,22750,BEARISH,2,29 May 24,12:15 PM,60.0,29 May 24,12:30 PM,62.29,tsl_hit,114.62,3.82,15
NIFTY50,22800,BEARISH,2,29 May 24,12:51 PM,60.0,29 May 24,12:59 PM,71.25,tsl_hit,562.63,18.75,8
NIFTY50,22700,BULLISH,2,29 May 24,03:07 PM,60.0,29 May 24,03:16 PM,57.18,tsl_hit,-140.88,-4.7,9
NIFTY50,22650,BULLISH,2,30 May 24,09:17 AM,60.0,30 May 24,09:21 AM,70.83,tsl_hit,541.63,18.05,4
NIFTY50,22600,BEARISH,2,30 May 24,10:25 AM,60.0,30 May 24,10:34 AM,62.2,tsl_hit,110.25,3.67,9
NIFTY50,22550,BULLISH,2,30 May 24,11:12 AM,60.0,30 May 24,11:17 AM,59.58,time_stop,-21.0,-0.7,5
NIFTY50,22600,BEARISH,2,30 May 24,12:10 PM,60.0,30 May 24,12:22 PM,64.2,tsl_hit,210.0,7.0,12
NIFTY50,22600,BEARISH,2,30 May 24,01:01 PM,60.0,30 May 24,01:40 PM,80.3,tsl_hit,1015.0,33.83,39
NIFTY50,22550,BEARISH,2,31 May 24,12:32 PM,60.0,31 May 24,12:39 PM,62.71,tsl_hit,135.62,4.52,7
NIFTY50,22550,BEARISH,2,31 May 24,01:22 PM,60.0,31 May 24,01:38 PM,62.35,tsl_hit,117.25,3.91,16
NIFTY50,22600,BEARISH,2,31 May 24,01:49 PM,60.0,31 May 24,01:54 PM,58.2,time_stop,-90.12,-3.0,5
NIFTY50,23150,BEARISH,2,03 Jun 24,09:17 AM,60.0,03 Jun 24,09:24 AM,80.42,tsl_hit,1021.12,34.04,7
NIFTY50,23150,BULLISH,2,03 Jun 24,10:40 AM,60.0,03 Jun 24,10:45 AM,59.07,time_stop,-46.38,-1.55,5
NIFTY50,23250,BEARISH,2,03 Jun 24,01:27 PM,60.0,03 Jun 24,01:42 PM,72.11,tsl_hit,605.5,20.18,15
NIFTY50,23250,BULLISH,2,03 Jun 24,02:31 PM,60.0,03 Jun 24,02:47 PM,67.1,tsl_hit,355.25,11.84,16
NIFTY50,22950,BULLISH,2,04 Jun 24,09:17 AM,60.0,04 Jun 24,09:18 AM,45.77,hard_sl_hit,-711.38,-23.71,1
NIFTY50,22000,BULLISH,2,04 Jun 24,02:08 PM,60.0,04 Jun 24,02:11 PM,57.13,tsl_hit,-143.5,-4.78,3
NIFTY50,22050,BEARISH,2,05 Jun 24,09:17 AM,60.0,05 Jun 24,09:21 AM,99.11,tsl_hit,1955.62,65.19,4
NIFTY50,22050,BEARISH,2,05 Jun 24,10:11 AM,60.0,05 Jun 24,10:14 AM,54.07,hard_sl_hit,-296.63,-9.89,3
NIFTY50,22450,BEARISH,2,05 Jun 24,01:55 PM,60.0,05 Jun 24,01:58 PM,46.16,hard_sl_hit,-692.13,-23.07,3
NIFTY50,22600,BULLISH,2,05 Jun 24,03:23 PM,60.0,05 Jun 24,03:26 PM,52.35,hard_sl_hit,-382.37,-12.75,3
NIFTY50,22750,BEARISH,2,06 Jun 24,09:17 AM,60.0,06 Jun 24,09:21 AM,74.6,tsl_hit,729.75,24.33,4
NIFTY50,22900,BEARISH,2,06 Jun 24,11:04 AM,60.0,06 Jun 24,11:14 AM,60.14,tsl_hit,7.0,0.23,10
NIFTY50,22800,BULLISH,2,06 Jun 24,11:39 AM,60.0,06 Jun 24,11:42 AM,53.77,hard_sl_hit,-311.5,-10.38,3
NIFTY50,22750,BEARISH,2,06 Jun 24,12:24 PM,60.0,06 Jun 24,12:29 PM,56.19,time_stop,-190.75,-6.36,5
NIFTY50,22750,BEARISH,2,06 Jun 24,02:48 PM,60.0,06 Jun 24,02:50 PM,50.65,hard_sl_hit,-467.25,-15.58,2
NIFTY50,22900,BEARISH,2,07 Jun 24,09:24 AM,60.0,07 Jun 24,09:26 AM,56.89,tsl_hit,-155.75,-5.19,2
NIFTY50,23000,BEARISH,2,07 Jun 24,10:02 AM,60.0,07 Jun 24,10:05 AM,61.73,tsl_hit,86.63,2.89,3
NIFTY50,23200,BEARISH,2,07 Jun 24,01:40 PM,60.0,07 Jun 24,01:44 PM,54.59,hard_sl_hit,-270.38,-9.01,4
NIFTY50,23400,BULLISH,2,10 Jun 24,09:15 AM,60.0,10 Jun 24,09:20 AM,57.04,tsl_hit,-147.88,-4.93,5
NIFTY50,23300,BEARISH,2,10 Jun 24,10:12 AM,60.0,10 Jun 24,10:19 AM,52.25,hard_sl_hit,-387.62,-12.92,7
NIFTY50,23350,BULLISH,2,10 Jun 24,12:01 PM,60.0,10 Jun 24,12:08 PM,53.74,hard_sl_hit,-313.25,-10.44,7
NIFTY50,23300,BULLISH,2,10 Jun 24,12:11 PM,60.0,10 Jun 24,12:16 PM,59.35,time_stop,-32.37,-1.08,5
NIFTY50,23300,BULLISH,2,10 Jun 24,02:27 PM,60.0,10 Jun 24,02:28 PM,54.03,hard_sl_hit,-298.38,-9.95,1
NIFTY50,23300,BULLISH,2,10 Jun 24,02:31 PM,60.0,10 Jun 24,02:35 PM,46.96,hard_sl_hit,-651.88,-21.73,4
NIFTY50,23350,BEARISH,2,11 Jun 24,10:41 AM,60.0,11 Jun 24,10:53 AM,63.78,tsl_hit,189.0,6.3,12
NIFTY50,23350,BEARISH,2,11 Jun 24,12:56 PM,60.0,11 Jun 24,01:02 PM,60.63,tsl_hit,31.5,1.05,6
NIFTY50,23350,BEARISH,2,11 Jun 24,01:36 PM,60.0,11 Jun 24,01:45 PM,53.96,hard_sl_hit,-301.88,-10.06,9
NIFTY50,23350,BULLISH,2,11 Jun 24,02:05 PM,60.0,11 Jun 24,02:08 PM,60.19,tsl_hit,9.62,0.32,3
NIFTY50,23300,BULLISH,2,11 Jun 24,03:06 PM,60.0,11 Jun 24,03:12 PM,54.03,hard_sl_hit,-298.38,-9.95,6
NIFTY50,23300,BEARISH,2,12 Jun 24,09:17 AM,60.0,12 Jun 24,09:20 AM,54.3,hard_sl_hit,-285.25,-9.51,3
NIFTY50,23400,BULLISH,2,12 Jun 24,12:52 PM,60.0,12 Jun 24,01:09 PM,64.97,tsl_hit,248.5,8.28,17
NIFTY50,23400,BULLISH,2,12 Jun 24,01:30 PM,60.0,12 Jun 24,01:41 PM,63.95,tsl_hit,197.75,6.59,11
NIFTY50,23350,BULLISH,2,12 Jun 24,01:52 PM,60.0,12 Jun 24,01:58 PM,60.56,tsl_hit,28.0,0.93,6
NIFTY50,23350,BULLISH,2,12 Jun 24,02:12 PM,60.0,12 Jun 24,02:20 PM,60.95,tsl_hit,47.25,1.58,8
NIFTY50,23350,BEARISH,2,12 Jun 24,02:38 PM,60.0,12 Jun 24,02:45 PM,53.7,hard_sl_hit,-315.0,-10.5,7
NIFTY50,23350,BULLISH,2,12 Jun 24,03:05 PM,60.0,12 Jun 24,03:07 PM,52.21,hard_sl_hit,-389.38,-12.98,2
NIFTY50,23450,BEARISH,2,13 Jun 24,09:17 AM,60.0,13 Jun 24,09:26 AM,59.33,tsl_hit,-33.25,-1.11,9
NIFTY50,23400,BEARISH,2,13 Jun 24,11:50 AM,60.0,13 Jun 24,12:17 PM,57.64,tsl_hit,-118.12,-3.94,27
NIFTY50,23400,BEARISH,2,13 Jun 24,01:12 PM,60.0,13 Jun 24,01:17 PM,58.28,time_stop,-85.75,-2.86,5
NIFTY50,23400,BULLISH,2,13 Jun 24,02:18 PM,60.0,13 Jun 24,02:34 PM,61.05,tsl_hit,52.5,1.75,16
NIFTY50,23400,BEARISH,2,14 Jun 24,09:17 AM,60.0,14 Jun 24,09:30 AM,81.4,tsl_hit,1070.13,35.67,13
NIFTY50,23400,BEARISH,2,14 Jun 24,09:50 AM,60.0,14 Jun 24,09:55 AM,59.02,time_stop,-49.0,-1.63,5
NIFTY50,23450,BEARISH,2,14 Jun 24,12:44 PM,60.0,14 Jun 24,01:10 PM,54.59,hard_sl_hit,-270.38,-9.01,26
NIFTY50,23450,BEARISH,2,14 Jun 24,01:15 PM,60.0,14 Jun 24,01:47 PM,63.13,tsl_hit,156.63,5.22,32
NIFTY50,23550,BEARISH,2,18 Jun 24,09:17 AM,60.0,18 Jun 24,09:20 AM,60.88,tsl_hit,43.75,1.46,3
NIFTY50,23550,BULLISH,2,18 Jun 24,10:21 AM,60.0,18 Jun 24,10:26 AM,56.38,time_stop,-181.13,-6.04,5
NIFTY50,23550,BULLISH,2,18 Jun 24,11:49 AM,60.0,18 Jun 24,12:32 PM,52.21,hard_sl_hit,-389.38,-12.98,43
NIFTY50,23550,BULLISH,2,18 Jun 24,12:34 PM,60.0,18 Jun 24,02:11 PM,63.24,tsl_hit,161.87,5.4,97
NIFTY50,23550,BEARISH,2,18 Jun 24,03:02 PM,60.0,18 Jun 24,03:07 PM,58.85,time_stop,-57.75,-1.92,5
NIFTY50,23600,BEARISH,2,19 Jun 24,09:17 AM,60.0,19 Jun 24,09:21 AM,60.03,tsl_hit,1.75,0.06,4
NIFTY50,23500,BEARISH,2,19 Jun 24,11:01 AM,60.0,19 Jun 24,11:11 AM,63.36,tsl_hit,168.0,5.6,10
NIFTY50,23550,BEARISH,2,19 Jun 24,12:12 PM,60.0,19 Jun 24,12:15 PM,53.49,hard_sl_hit,-325.5,-10.85,3
NIFTY50,23550,BULLISH,2,19 Jun 24,12:51 PM,60.0,19 Jun 24,12:56 PM,60.0,tsl_hit,0.0,0.0,5
NIFTY50,23600,BEARISH,2,19 Jun 24,02:25 PM,60.0,19 Jun 24,02:31 PM,53.02,hard_sl_hit,-349.13,-11.64,6
NIFTY50,23550,BEARISH,2,20 Jun 24,11:47 AM,60.0,20 Jun 24,11:52 AM,57.81,time_stop,-109.38,-3.65,5
NIFTY50,23550,BEARISH,2,20 Jun 24,01:03 PM,60.0,20 Jun 24,01:20 PM,47.4,hard_sl_hit,-630.0,-21.0,17
NIFTY50,23600,BEARISH,2,20 Jun 24,01:24 PM,60.0,20 Jun 24,01:44 PM,58.78,tsl_hit,-61.25,-2.04,20
NIFTY50,23550,BULLISH,2,20 Jun 24,01:55 PM,60.0,20 Jun 24,01:59 PM,54.26,hard_sl_hit,-287.0,-9.57,4
NIFTY50,23650,BEARISH,2,21 Jun 24,09:17 AM,60.0,21 Jun 24,09:23 AM,64.66,tsl_hit,232.75,7.76,6
NIFTY50,23550,BEARISH,2,21 Jun 24,11:36 AM,60.0,21 Jun 24,11:38 AM,52.91,hard_sl_hit,-354.37,-11.81,2
NIFTY50,23500,BULLISH,2,21 Jun 24,12:33 PM,60.0,21 Jun 24,12:38 PM,45.97,hard_sl_hit,-701.75,-23.39,5
NIFTY50,23450,BULLISH,2,21 Jun 24,12:44 PM,60.0,21 Jun 24,12:52 PM,59.49,tsl_hit,-25.38,-0.85,8
NIFTY50,23650,BEARISH,2,21 Jun 24,09:17 AM,60.0,21 Jun 24,09:23 AM,64.66,tsl_hit,232.75,7.76,6
NIFTY50,23550,BEARISH,2,21 Jun 24,11:36 AM,60.0,21 Jun 24,11:38 AM,52.91,hard_sl_hit,-354.37,-11.81,2
NIFTY50,23500,BULLISH,2,21 Jun 24,12:33 PM,60.0,21 Jun 24,12:38 PM,45.97,hard_sl_hit,-701.75,-23.39,5
NIFTY50,23450,BULLISH,2,21 Jun 24,12:44 PM,60.0,21 Jun 24,12:52 PM,59.49,tsl_hit,-25.38,-0.85,8
NIFTY50,23450,BEARISH,2,24 Jun 24,10:42 AM,60.0,24 Jun 24,10:44 AM,53.88,hard_sl_hit,-306.25,-10.21,2
NIFTY50,23500,BEARISH,2,24 Jun 24,10:49 AM,60.0,24 Jun 24,10:52 AM,57.72,tsl_hit,-113.75,-3.79,3
NIFTY50,23500,BEARISH,2,24 Jun 24,11:05 AM,60.0,24 Jun 24,11:07 AM,53.05,hard_sl_hit,-347.37,-11.58,2
NIFTY50,23550,BEARISH,2,24 Jun 24,11:21 AM,60.0,24 Jun 24,11:26 AM,59.2,tsl_hit,-40.25,-1.34,5
NIFTY50,23500,BULLISH,2,24 Jun 24,12:47 PM,60.0,24 Jun 24,12:57 PM,63.5,tsl_hit,175.0,5.83,10
NIFTY50,23550,BEARISH,2,24 Jun 24,03:04 PM,60.0,24 Jun 24,03:08 PM,58.9,tsl_hit,-55.13,-1.84,4
NIFTY50,23600,BEARISH,2,25 Jun 24,09:17 AM,60.0,25 Jun 24,09:21 AM,59.44,tsl_hit,-28.0,-0.93,4
NIFTY50,23600,BEARISH,2,25 Jun 24,10:14 AM,60.0,25 Jun 24,10:25 AM,59.26,tsl_hit,-36.75,-1.23,11
NIFTY50,23550,BULLISH,2,25 Jun 24,11:20 AM,60.0,25 Jun 24,11:27 AM,60.19,tsl_hit,9.62,0.32,7
NIFTY50,23600,BEARISH,2,25 Jun 24,12:09 PM,60.0,25 Jun 24,12:25 PM,58.6,tsl_hit,-70.0,-2.33,16
NIFTY50,23600,BEARISH,2,25 Jun 24,12:29 PM,60.0,25 Jun 24,12:32 PM,51.62,hard_sl_hit,-419.13,-13.97,3
NIFTY50,23700,BULLISH,2,26 Jun 24,09:32 AM,60.0,26 Jun 24,09:34 AM,64.95,tsl_hit,247.63,8.25,2
NIFTY50,23750,BEARISH,2,26 Jun 24,11:02 AM,60.0,26 Jun 24,11:07 AM,56.78,time_stop,-161.0,-5.37,5
NIFTY50,23800,BEARISH,2,26 Jun 24,11:31 AM,60.0,26 Jun 24,11:43 AM,62.4,tsl_hit,119.87,4.0,12
NIFTY50,23850,BULLISH,2,26 Jun 24,12:59 PM,60.0,26 Jun 24,01:01 PM,53.18,hard_sl_hit,-341.25,-11.38,2
NIFTY50,23850,BEARISH,2,26 Jun 24,01:58 PM,60.0,26 Jun 24,02:03 PM,56.97,time_stop,-151.38,-5.05,5
NIFTY50,23850,BEARISH,2,26 Jun 24,02:15 PM,60.0,26 Jun 24,02:24 PM,62.28,tsl_hit,113.75,3.79,9
NIFTY50,23850,BULLISH,2,27 Jun 24,09:17 AM,60.0,27 Jun 24,09:24 AM,65.08,tsl_hit,253.75,8.46,7
NIFTY50,24000,BEARISH,2,27 Jun 24,12:16 PM,60.0,27 Jun 24,12:23 PM,60.68,tsl_hit,34.12,1.14,7
NIFTY50,24000,BEARISH,2,27 Jun 24,12:53 PM,60.0,27 Jun 24,01:00 PM,80.9,tsl_hit,1044.75,34.83,7
NIFTY50,24000,BEARISH,2,27 Jun 24,01:22 PM,60.0,27 Jun 24,01:36 PM,69.5,tsl_hit,475.12,15.84,14
NIFTY50,23950,BULLISH,2,27 Jun 24,02:12 PM,60.0,27 Jun 24,02:17 PM,61.24,tsl_hit,62.12,2.07,5
NIFTY50,24150,BEARISH,2,28 Jun 24,09:43 AM,60.0,28 Jun 24,09:56 AM,53.32,hard_sl_hit,-334.25,-11.14,13
NIFTY50,24150,BULLISH,2,28 Jun 24,10:00 AM,60.0,28 Jun 24,10:03 AM,60.07,tsl_hit,3.5,0.12,3
NIFTY50,24100,BULLISH,2,28 Jun 24,10:22 AM,60.0,28 Jun 24,10:36 AM,64.83,tsl_hit,241.5,8.05,14
NIFTY50,24150,BULLISH,2,28 Jun 24,11:19 AM,60.0,28 Jun 24,11:28 AM,60.21,tsl_hit,10.5,0.35,9
NIFTY50,24100,BULLISH,2,28 Jun 24,12:19 PM,60.0,28 Jun 24,12:20 PM,50.16,hard_sl_hit,-491.75,-16.39,1
NIFTY50,24050,BULLISH,2,28 Jun 24,12:23 PM,60.0,28 Jun 24,12:25 PM,62.01,tsl_hit,100.63,3.35,2
NIFTY50,24050,BEARISH,2,28 Jun 24,01:17 PM,60.0,28 Jun 24,01:24 PM,60.56,tsl_hit,28.0,0.93,7
NIFTY50,24100,BEARISH,2,28 Jun 24,01:44 PM,60.0,28 Jun 24,01:49 PM,59.39,time_stop,-30.62,-1.02,5
NIFTY50,24100,BEARISH,2,28 Jun 24,02:05 PM,60.0,28 Jun 24,02:09 PM,51.83,hard_sl_hit,-408.62,-13.62,4
NIFTY50,24050,BULLISH,2,28 Jun 24,02:35 PM,60.0,28 Jun 24,02:40 PM,57.43,time_stop,-128.63,-4.29,5
NIFTY50,24100,BEARISH,2,01 Jul 24,11:31 AM,60.0,01 Jul 24,12:07 PM,53.65,hard_sl_hit,-317.63,-10.59,36
NIFTY50,24100,BEARISH,2,01 Jul 24,01:21 PM,60.0,01 Jul 24,01:26 PM,57.48,time_stop,-126.0,-4.2,5
NIFTY50,24200,BULLISH,2,02 Jul 24,09:15 AM,60.0,02 Jul 24,09:20 AM,53.61,hard_sl_hit,-319.38,-10.65,5
NIFTY50,24150,BEARISH,2,02 Jul 24,10:24 AM,60.0,02 Jul 24,10:35 AM,60.3,tsl_hit,14.87,0.5,11
NIFTY50,24150,BEARISH,2,02 Jul 24,11:02 AM,60.0,02 Jul 24,11:14 AM,51.41,hard_sl_hit,-429.62,-14.32,12
NIFTY50,24050,BULLISH,2,02 Jul 24,01:03 PM,60.0,02 Jul 24,01:08 PM,62.1,tsl_hit,105.0,3.5,5
NIFTY50,24150,BEARISH,2,02 Jul 24,01:25 PM,60.0,02 Jul 24,01:36 PM,65.29,tsl_hit,264.25,8.81,11
NIFTY50,24150,BEARISH,2,02 Jul 24,02:35 PM,60.0,02 Jul 24,02:40 PM,57.48,time_stop,-126.0,-4.2,5
NIFTY50,24200,BEARISH,2,03 Jul 24,09:17 AM,60.0,03 Jul 24,09:21 AM,47.07,hard_sl_hit,-646.63,-21.55,4
NIFTY50,24250,BULLISH,2,03 Jul 24,11:25 AM,60.0,03 Jul 24,11:30 AM,58.41,time_stop,-79.62,-2.65,5
NIFTY50,24300,BEARISH,2,03 Jul 24,12:35 PM,60.0,03 Jul 24,12:48 PM,60.75,tsl_hit,37.62,1.25,13
NIFTY50,24250,BULLISH,2,03 Jul 24,01:11 PM,60.0,03 Jul 24,01:47 PM,63.52,tsl_hit,175.87,5.86,36
NIFTY50,24250,BULLISH,2,03 Jul 24,02:02 PM,60.0,03 Jul 24,02:26 PM,52.16,hard_sl_hit,-392.0,-13.07,24
NIFTY50,24350,BEARISH,2,04 Jul 24,09:17 AM,60.0,04 Jul 24,09:23 AM,57.64,tsl_hit,-118.12,-3.94,6
NIFTY50,24350,BULLISH,2,04 Jul 24,10:28 AM,60.0,04 Jul 24,10:33 AM,54.02,hard_sl_hit,-299.25,-9.97,5
NIFTY50,24350,BULLISH,1,04 Jul 24,01:05 PM,60.0,04 Jul 24,01:33 PM,54.56,hard_sl_hit,-136.06,-9.07,28
NIFTY50,24350,BULLISH,1,04 Jul 24,01:34 PM,60.0,04 Jul 24,01:46 PM,54.17,hard_sl_hit,-145.69,-9.71,12
NIFTY50,24300,BULLISH,1,04 Jul 24,01:48 PM,60.0,04 Jul 24,02:15 PM,59.88,tsl_hit,-3.06,-0.2,27
NIFTY50,24300,BULLISH,1,04 Jul 24,02:57 PM,60.0,04 Jul 24,03:08 PM,53.09,hard_sl_hit,-172.81,-11.52,11
NIFTY50,24300,BULLISH,1,04 Jul 24,03:10 PM,60.0,04 Jul 24,03:22 PM,62.47,tsl_hit,61.69,4.11,12
NIFTY50,24200,BULLISH,1,05 Jul 24,09:17 AM,60.0,05 Jul 24,09:19 AM,54.29,hard_sl_hit,-142.63,-9.51,2
NIFTY50,24250,BULLISH,1,05 Jul 24,11:13 AM,60.0,05 Jul 24,11:46 AM,74.16,tsl_hit,353.94,23.6,33
NIFTY50,24250,BULLISH,1,05 Jul 24,01:14 PM,60.0,05 Jul 24,01:43 PM,59.84,tsl_hit,-3.94,-0.26,29
NIFTY50,24200,BULLISH,1,05 Jul 24,02:30 PM,60.0,05 Jul 24,02:41 PM,61.63,tsl_hit,40.69,2.71,11
NIFTY50,24300,BEARISH,1,05 Jul 24,03:05 PM,60.0,05 Jul 24,03:06 PM,52.53,hard_sl_hit,-186.81,-12.45,1
NIFTY50,24300,BEARISH,1,08 Jul 24,10:30 AM,60.0,08 Jul 24,10:37 AM,69.26,tsl_hit,231.44,15.43,7
NIFTY50,24250,BULLISH,1,08 Jul 24,12:15 PM,60.0,08 Jul 24,12:38 PM,69.43,tsl_hit,235.81,15.72,23
NIFTY50,24300,BULLISH,1,08 Jul 24,01:30 PM,60.0,08 Jul 24,01:35 PM,56.25,time_stop,-93.63,-6.24,5
NIFTY50,24300,BEARISH,1,08 Jul 24,01:56 PM,60.0,08 Jul 24,02:16 PM,60.28,tsl_hit,7.0,0.47,20
NIFTY50,24300,BEARISH,1,08 Jul 24,03:02 PM,60.0,08 Jul 24,03:07 PM,56.71,time_stop,-82.25,-5.48,5
NIFTY50,24400,BEARISH,1,09 Jul 24,09:42 AM,60.0,09 Jul 24,09:53 AM,63.87,tsl_hit,96.69,6.45,11
NIFTY50,24400,BEARISH,1,09 Jul 24,11:22 AM,60.0,09 Jul 24,11:27 AM,59.84,time_stop,-3.94,-0.26,5
NIFTY50,24400,BEARISH,1,09 Jul 24,11:43 AM,60.0,09 Jul 24,11:48 AM,58.53,time_stop,-36.75,-2.45,5
NIFTY50,24400,BULLISH,1,09 Jul 24,12:10 PM,60.0,09 Jul 24,12:31 PM,61.49,tsl_hit,37.19,2.48,21
NIFTY50,24400,BEARISH,1,09 Jul 24,01:01 PM,60.0,09 Jul 24,01:06 PM,58.18,time_stop,-45.5,-3.03,5
NIFTY50,24400,BULLISH,1,09 Jul 24,01:52 PM,60.0,09 Jul 24,02:07 PM,61.31,tsl_hit,32.81,2.19,15
NIFTY50,24450,BEARISH,1,09 Jul 24,02:14 PM,60.0,09 Jul 24,02:36 PM,63.2,tsl_hit,80.06,5.34,22
NIFTY50,24350,BULLISH,1,10 Jul 24,09:47 AM,60.0,10 Jul 24,09:51 AM,62.0,tsl_hit,49.88,3.33,4
NIFTY50,24350,BULLISH,1,10 Jul 24,10:13 AM,60.0,10 Jul 24,10:19 AM,61.12,tsl_hit,28.0,1.87,6
NIFTY50,24300,BEARISH,2,10 Jul 24,12:57 PM,60.0,10 Jul 24,01:21 PM,61.24,tsl_hit,62.12,2.07,24
NIFTY50,24250,BULLISH,2,10 Jul 24,01:42 PM,60.0,10 Jul 24,01:49 PM,53.21,hard_sl_hit,-339.5,-11.32,7
NIFTY50,24250,BULLISH,1,10 Jul 24,01:52 PM,60.0,10 Jul 24,02:01 PM,59.58,tsl_hit,-10.5,-0.7,9
NIFTY50,24250,BULLISH,1,10 Jul 24,02:05 PM,60.0,10 Jul 24,02:06 PM,53.51,hard_sl_hit,-162.31,-10.82,1
NIFTY50,24200,BULLISH,1,10 Jul 24,02:08 PM,60.0,10 Jul 24,02:16 PM,62.71,tsl_hit,67.81,4.52,8
NIFTY50,24350,BEARISH,1,11 Jul 24,09:17 AM,60.0,11 Jul 24,09:37 AM,74.61,tsl_hit,365.31,24.35,20
NIFTY50,24350,BEARISH,2,11 Jul 24,10:07 AM,60.0,11 Jul 24,10:21 AM,92.02,tsl_hit,1601.25,53.38,14
NIFTY50,24200,BULLISH,2,11 Jul 24,12:06 PM,60.0,11 Jul 24,12:13 PM,74.14,tsl_hit,707.0,23.57,7
NIFTY50,24300,BEARISH,2,11 Jul 24,01:55 PM,60.0,11 Jul 24,02:14 PM,61.91,tsl_hit,95.38,3.18,19
NIFTY50,24300,BULLISH,2,11 Jul 24,02:48 PM,60.0,11 Jul 24,03:00 PM,63.18,tsl_hit,159.25,5.31,12
NIFTY50,24400,BEARISH,2,12 Jul 24,09:17 AM,60.0,12 Jul 24,09:22 AM,65.62,tsl_hit,280.88,9.36,5
NIFTY50,24400,BULLISH,2,12 Jul 24,09:54 AM,60.0,12 Jul 24,09:55 AM,51.69,hard_sl_hit,-415.62,-13.85,1
NIFTY50,24350,BULLISH,2,12 Jul 24,09:58 AM,60.0,12 Jul 24,10:01 AM,66.95,tsl_hit,347.38,11.58,3
NIFTY50,24450,BEARISH,2,12 Jul 24,10:56 AM,60.0,12 Jul 24,10:58 AM,44.15,hard_sl_hit,-792.75,-26.42,2
NIFTY50,24500,BULLISH,2,12 Jul 24,12:34 PM,60.0,12 Jul 24,12:41 PM,61.3,tsl_hit,64.75,2.16,7
NIFTY50,24500,BEARISH,2,12 Jul 24,01:12 PM,60.0,12 Jul 24,01:17 PM,53.93,hard_sl_hit,-303.63,-10.12,5
NIFTY50,24550,BEARISH,2,12 Jul 24,02:01 PM,60.0,12 Jul 24,02:06 PM,57.67,time_stop,-116.37,-3.88,5
NIFTY50,24550,BULLISH,2,12 Jul 24,02:54 PM,60.0,12 Jul 24,03:00 PM,51.78,hard_sl_hit,-411.25,-13.71,6
NIFTY50,24550,BEARISH,2,15 Jul 24,09:17 AM,60.0,15 Jul 24,09:19 AM,60.12,tsl_hit,6.12,0.2,2
NIFTY50,24600,BEARISH,2,15 Jul 24,10:44 AM,60.0,15 Jul 24,11:06 AM,60.3,tsl_hit,14.87,0.5,22
NIFTY50,24600,BEARISH,2,15 Jul 24,11:12 AM,60.0,15 Jul 24,11:35 AM,59.95,tsl_hit,-2.62,-0.09,23
NIFTY50,24600,BEARISH,2,15 Jul 24,11:38 AM,60.0,15 Jul 24,11:43 AM,57.29,time_stop,-135.62,-4.52,5
NIFTY50,24600,BULLISH,2,15 Jul 24,11:58 AM,60.0,15 Jul 24,12:05 PM,62.26,tsl_hit,112.88,3.76,7
NIFTY50,24600,BEARISH,2,16 Jul 24,09:17 AM,60.0,16 Jul 24,09:33 AM,54.47,hard_sl_hit,-276.5,-9.22,16
NIFTY50,24600,BULLISH,2,16 Jul 24,09:55 AM,60.0,16 Jul 24,10:02 AM,60.51,tsl_hit,25.38,0.85,7
NIFTY50,24650,BULLISH,2,16 Jul 24,10:33 AM,60.0,16 Jul 24,10:47 AM,61.07,tsl_hit,53.38,1.78,14
NIFTY50,24650,BULLISH,2,16 Jul 24,11:49 AM,60.0,16 Jul 24,11:52 AM,54.31,hard_sl_hit,-284.38,-9.48,3
NIFTY50,24650,BULLISH,2,16 Jul 24,11:54 AM,60.0,16 Jul 24,12:17 PM,59.09,tsl_hit,-45.5,-1.52,23
NIFTY50,24650,BULLISH,2,16 Jul 24,12:20 PM,60.0,16 Jul 24,12:26 PM,60.07,tsl_hit,3.5,0.12,6
NIFTY50,24650,BEARISH,2,16 Jul 24,03:02 PM,60.0,16 Jul 24,03:22 PM,67.65,tsl_hit,382.37,12.75,20
NIFTY50,24550,BULLISH,2,18 Jul 24,09:17 AM,60.0,18 Jul 24,09:20 AM,52.68,hard_sl_hit,-365.75,-12.19,3
NIFTY50,24550,BULLISH,2,18 Jul 24,09:23 AM,60.0,18 Jul 24,09:30 AM,53.21,hard_sl_hit,-339.5,-11.32,7
NIFTY50,24550,BEARISH,2,18 Jul 24,11:33 AM,60.0,18 Jul 24,11:59 AM,52.33,hard_sl_hit,-383.25,-12.78,26
NIFTY50,24550,BEARISH,1,18 Jul 24,12:02 PM,60.0,18 Jul 24,12:12 PM,43.1,hard_sl_hit,-422.62,-28.17,10
NIFTY50,24650,BULLISH,1,19 Jul 24,11:02 AM,60.0,19 Jul 24,11:11 AM,61.84,tsl_hit,45.94,3.06,9
NIFTY50,24650,BULLISH,1,19 Jul 24,11:42 AM,60.0,19 Jul 24,12:08 PM,65.14,tsl_hit,128.62,8.57,26
NIFTY50,24550,BULLISH,1,19 Jul 24,02:13 PM,60.0,19 Jul 24,02:21 PM,61.15,tsl_hit,28.87,1.92,8
NIFTY50,24400,BULLISH,1,22 Jul 24,09:18 AM,60.0,22 Jul 24,09:19 AM,54.42,hard_sl_hit,-139.56,-9.3,1
NIFTY50,24500,BEARISH,1,22 Jul 24,10:00 AM,60.0,22 Jul 24,10:03 AM,58.55,tsl_hit,-36.31,-2.42,3
NIFTY50,24600,BEARISH,1,22 Jul 24,10:51 AM,60.0,22 Jul 24,11:08 AM,70.9,tsl_hit,272.56,18.17,17
NIFTY50,24550,BEARISH,1,22 Jul 24,11:47 AM,60.0,22 Jul 24,11:56 AM,61.45,tsl_hit,36.31,2.42,9
NIFTY50,24500,BULLISH,1,22 Jul 24,12:23 PM,60.0,22 Jul 24,12:26 PM,48.47,hard_sl_hit,-288.31,-19.22,3
NIFTY50,24500,BULLISH,1,22 Jul 24,12:28 PM,60.0,22 Jul 24,12:31 PM,53.18,hard_sl_hit,-170.63,-11.38,3
NIFTY50,24500,BEARISH,1,22 Jul 24,12:49 PM,60.0,22 Jul 24,01:16 PM,62.54,tsl_hit,63.44,4.23,27
NIFTY50,24550,BEARISH,1,23 Jul 24,09:17 AM,60.0,23 Jul 24,09:23 AM,69.28,tsl_hit,231.88,15.46,6
NIFTY50,24500,BULLISH,1,23 Jul 24,09:44 AM,60.0,23 Jul 24,09:49 AM,62.08,tsl_hit,52.06,3.47,5
NIFTY50,24450,BULLISH,1,23 Jul 24,11:19 AM,60.0,23 Jul 24,11:24 AM,66.42,tsl_hit,160.56,10.7,5
NIFTY50,24450,BULLISH,1,23 Jul 24,11:55 AM,60.0,23 Jul 24,11:59 AM,62.82,tsl_hit,70.44,4.7,4
NIFTY50,24450,BEARISH,2,24 Jul 24,10:56 AM,60.0,24 Jul 24,11:00 AM,63.87,tsl_hit,193.37,6.45,4
NIFTY50,24450,BULLISH,2,24 Jul 24,11:15 AM,60.0,24 Jul 24,11:20 AM,59.62,time_stop,-19.25,-0.64,5
NIFTY50,24350,BEARISH,2,24 Jul 24,02:27 PM,60.0,24 Jul 24,02:29 PM,50.72,hard_sl_hit,-463.75,-15.46,2
NIFTY50,24450,BEARISH,1,24 Jul 24,02:33 PM,60.0,24 Jul 24,02:38 PM,63.59,tsl_hit,89.69,5.98,5
NIFTY50,24250,BULLISH,1,25 Jul 24,09:17 AM,60.0,25 Jul 24,09:19 AM,59.79,tsl_hit,-5.25,-0.35,2
NIFTY50,24350,BULLISH,1,25 Jul 24,12:43 PM,60.0,25 Jul 24,12:55 PM,68.43,tsl_hit,210.87,14.06,12
NIFTY50,24400,BULLISH,2,25 Jul 24,01:35 PM,60.0,25 Jul 24,02:06 PM,70.03,tsl_hit,501.37,16.71,31
NIFTY50,24450,BEARISH,2,26 Jul 24,09:18 AM,60.0,26 Jul 24,09:21 AM,49.53,hard_sl_hit,-523.25,-17.44,3
NIFTY50,24550,BEARISH,2,26 Jul 24,10:03 AM,60.0,26 Jul 24,10:07 AM,53.45,hard_sl_hit,-327.25,-10.91,4
NIFTY50,24650,BEARISH,1,26 Jul 24,11:03 AM,60.0,26 Jul 24,11:10 AM,53.93,hard_sl_hit,-151.81,-10.12,7
NIFTY50,24800,BULLISH,1,26 Jul 24,01:59 PM,60.0,26 Jul 24,02:04 PM,55.0,time_stop,-125.12,-8.34,5
NIFTY50,24950,BEARISH,1,29 Jul 24,09:17 AM,60.0,29 Jul 24,09:21 AM,63.71,tsl_hit,92.75,6.18,4
NIFTY50,24850,BULLISH,1,29 Jul 24,10:17 AM,60.0,29 Jul 24,10:31 AM,68.15,tsl_hit,203.87,13.59,14
NIFTY50,24950,BEARISH,1,29 Jul 24,11:02 AM,60.0,29 Jul 24,11:21 AM,53.96,hard_sl_hit,-150.94,-10.06,19
NIFTY50,24850,BULLISH,1,30 Jul 24,09:50 AM,60.0,30 Jul 24,10:01 AM,64.93,tsl_hit,123.37,8.22,11
NIFTY50,24900,BULLISH,1,30 Jul 24,11:54 AM,60.0,30 Jul 24,11:58 AM,62.31,tsl_hit,57.75,3.85,4
NIFTY50,24900,BULLISH,1,30 Jul 24,01:20 PM,60.0,30 Jul 24,01:26 PM,53.93,hard_sl_hit,-151.81,-10.12,6
NIFTY50,24950,BULLISH,1,30 Jul 24,02:55 PM,60.0,30 Jul 24,02:57 PM,50.55,hard_sl_hit,-236.25,-15.75,2
NIFTY50,24950,BULLISH,1,31 Jul 24,11:12 AM,60.0,31 Jul 24,11:29 AM,51.74,hard_sl_hit,-206.5,-13.77,17
NIFTY50,24950,BULLISH,1,31 Jul 24,12:36 PM,60.0,31 Jul 24,12:52 PM,61.64,tsl_hit,41.12,2.74,16
NIFTY50,24950,BEARISH,1,31 Jul 24,01:37 PM,60.0,31 Jul 24,01:48 PM,61.99,tsl_hit,49.87,3.32,11
NIFTY50,24950,BEARISH,1,31 Jul 24,02:32 PM,60.0,31 Jul 24,02:51 PM,60.95,tsl_hit,23.63,1.58,19
NIFTY50,25050,BEARISH,1,01 Aug 24,09:18 AM,60.0,01 Aug 24,09:21 AM,49.64,hard_sl_hit,-259.0,-17.27,3
NIFTY50,25000,BULLISH,1,01 Aug 24,11:46 AM,60.0,01 Aug 24,11:51 AM,57.6,time_stop,-59.94,-4.0,5
NIFTY50,25000,BEARISH,1,01 Aug 24,02:06 PM,60.0,01 Aug 24,02:40 PM,66.74,tsl_hit,168.44,11.23,34
NIFTY50,25000,BEARISH,1,01 Aug 24,03:11 PM,60.0,01 Aug 24,03:16 PM,55.42,time_stop,-114.62,-7.64,5
NIFTY50,24800,BULLISH,1,02 Aug 24,09:17 AM,60.0,02 Aug 24,09:21 AM,56.68,tsl_hit,-83.13,-5.54,4
NIFTY50,24800,BEARISH,1,02 Aug 24,01:43 PM,60.0,02 Aug 24,01:56 PM,61.17,tsl_hit,29.31,1.95,13
NIFTY50,24700,BULLISH,1,02 Aug 24,03:03 PM,60.0,02 Aug 24,03:08 PM,60.33,tsl_hit,8.31,0.55,5
NIFTY50,24300,BULLISH,1,05 Aug 24,09:19 AM,60.0,05 Aug 24,09:20 AM,54.14,hard_sl_hit,-146.56,-9.77,1
NIFTY50,24000,BULLISH,1,05 Aug 24,12:33 PM,60.0,05 Aug 24,12:35 PM,47.58,hard_sl_hit,-310.62,-20.71,2
NIFTY50,23950,BULLISH,1,05 Aug 24,12:59 PM,60.0,05 Aug 24,01:08 PM,71.78,tsl_hit,294.44,19.63,9
NIFTY50,24350,BEARISH,1,06 Aug 24,09:17 AM,60.0,06 Aug 24,09:21 AM,40.58,hard_sl_hit,-485.62,-32.37,4
NIFTY50,24250,BEARISH,1,06 Aug 24,10:59 AM,60.0,06 Aug 24,11:08 AM,74.54,tsl_hit,363.56,24.24,9
NIFTY50,24150,BULLISH,1,06 Aug 24,01:14 PM,60.0,06 Aug 24,01:19 PM,61.1,tsl_hit,27.56,1.84,5
NIFTY50,24150,BULLISH,1,06 Aug 24,01:25 PM,60.0,06 Aug 24,01:32 PM,62.24,tsl_hit,56.0,3.73,7
NIFTY50,24100,BULLISH,1,06 Aug 24,01:41 PM,60.0,06 Aug 24,01:45 PM,54.0,hard_sl_hit,-150.06,-10.0,4
NIFTY50,24050,BEARISH,1,06 Aug 24,03:29 PM,60.0,07 Aug 24,09:15 AM,0.01,hard_sl_hit,-1499.75,-99.98,1
NIFTY50,24300,BEARISH,1,07 Aug 24,09:19 AM,60.0,07 Aug 24,09:23 AM,65.85,tsl_hit,146.13,9.74,4
NIFTY50,24250,BULLISH,1,07 Aug 24,12:45 PM,60.0,07 Aug 24,12:51 PM,59.82,tsl_hit,-4.37,-0.29,6
NIFTY50,24250,BULLISH,1,08 Aug 24,09:17 AM,60.0,08 Aug 24,09:19 AM,50.64,hard_sl_hit,-234.06,-15.6,2
NIFTY50,24200,BEARISH,1,08 Aug 24,10:30 AM,60.0,08 Aug 24,10:35 AM,76.24,tsl_hit,406.0,27.07,5
NIFTY50,24150,BULLISH,1,08 Aug 24,11:00 AM,60.0,08 Aug 24,11:10 AM,75.26,tsl_hit,381.5,25.43,10
NIFTY50,24250,BEARISH,1,08 Aug 24,11:20 AM,60.0,08 Aug 24,11:33 AM,75.05,tsl_hit,376.25,25.08,13
NIFTY50,24250,BEARISH,1,08 Aug 24,11:51 AM,60.0,08 Aug 24,12:07 PM,54.01,hard_sl_hit,-149.63,-9.98,16
NIFTY50,24300,BEARISH,1,08 Aug 24,12:17 PM,60.0,08 Aug 24,12:20 PM,50.58,hard_sl_hit,-235.38,-15.69,3
NIFTY50,24150,BULLISH,1,08 Aug 24,02:58 PM,60.0,08 Aug 24,03:00 PM,60.37,tsl_hit,9.19,0.61,2
NIFTY50,24350,BEARISH,1,09 Aug 24,09:17 AM,60.0,09 Aug 24,09:21 AM,52.32,hard_sl_hit,-192.06,-12.8,4
NIFTY50,24350,BEARISH,1,09 Aug 24,11:48 AM,60.0,09 Aug 24,12:08 PM,60.52,tsl_hit,13.12,0.87,20
NIFTY50,24350,BEARISH,1,09 Aug 24,12:34 PM,60.0,09 Aug 24,12:48 PM,60.93,tsl_hit,23.19,1.55,14
NIFTY50,24350,BEARISH,1,09 Aug 24,02:03 PM,60.0,09 Aug 24,02:08 PM,56.12,time_stop,-97.12,-6.47,5
NIFTY50,24400,BEARISH,1,09 Aug 24,02:09 PM,60.0,09 Aug 24,02:40 PM,64.8,tsl_hit,119.88,7.99,31
NIFTY50,24300,BULLISH,1,12 Aug 24,09:17 AM,60.0,12 Aug 24,09:24 AM,65.86,tsl_hit,146.56,9.77,7
NIFTY50,24250,BEARISH,1,12 Aug 24,10:11 AM,60.0,12 Aug 24,10:15 AM,54.33,hard_sl_hit,-141.75,-9.45,4
NIFTY50,24400,BULLISH,1,12 Aug 24,01:00 PM,60.0,12 Aug 24,01:14 PM,53.26,hard_sl_hit,-168.44,-11.23,14
NIFTY50,24400,BEARISH,1,12 Aug 24,01:32 PM,60.0,12 Aug 24,02:07 PM,54.19,hard_sl_hit,-145.25,-9.68,35
NIFTY50,24350,BULLISH,1,12 Aug 24,02:56 PM,60.0,12 Aug 24,02:58 PM,54.14,hard_sl_hit,-146.56,-9.77,2
NIFTY50,24300,BULLISH,1,13 Aug 24,12:07 PM,60.0,13 Aug 24,12:17 PM,60.61,tsl_hit,15.31,1.02,10
NIFTY50,24250,BULLISH,1,13 Aug 24,12:36 PM,60.0,13 Aug 24,12:45 PM,53.33,hard_sl_hit,-166.69,-11.11,9
NIFTY50,24200,BULLISH,1,13 Aug 24,01:46 PM,60.0,13 Aug 24,01:50 PM,53.8,hard_sl_hit,-154.88,-10.33,4
NIFTY50,24150,BEARISH,1,14 Aug 24,09:49 AM,60.0,14 Aug 24,10:01 AM,69.85,tsl_hit,246.31,16.42,12
NIFTY50,24150,BULLISH,1,14 Aug 24,11:00 AM,60.0,14 Aug 24,11:06 AM,54.47,hard_sl_hit,-138.25,-9.22,6
NIFTY50,24150,BEARISH,1,14 Aug 24,11:58 AM,60.0,14 Aug 24,12:50 PM,53.95,hard_sl_hit,-151.37,-10.09,52
NIFTY50,24200,BEARISH,1,14 Aug 24,12:57 PM,60.0,14 Aug 24,01:09 PM,60.24,tsl_hit,6.12,0.41,12
NIFTY50,24150,BULLISH,1,14 Aug 24,02:28 PM,60.0,14 Aug 24,02:40 PM,51.7,hard_sl_hit,-207.38,-13.83,12
NIFTY50,24150,BULLISH,1,14 Aug 24,02:42 PM,60.0,14 Aug 24,02:57 PM,62.61,tsl_hit,65.19,4.35,15
NIFTY50,24350,BEARISH,1,16 Aug 24,09:17 AM,60.0,16 Aug 24,09:20 AM,50.81,hard_sl_hit,-229.69,-15.31,3
NIFTY50,24400,BEARISH,1,16 Aug 24,12:07 PM,60.0,16 Aug 24,12:09 PM,53.81,hard_sl_hit,-154.87,-10.32,2
NIFTY50,24450,BEARISH,1,16 Aug 24,01:04 PM,60.0,16 Aug 24,01:10 PM,60.82,tsl_hit,20.56,1.37,6
NIFTY50,24600,BEARISH,1,19 Aug 24,09:17 AM,60.0,19 Aug 24,09:30 AM,66.09,tsl_hit,152.25,10.15,13
NIFTY50,24550,BEARISH,1,19 Aug 24,11:19 AM,60.0,19 Aug 24,11:24 AM,59.12,time_stop,-21.88,-1.46,5
NIFTY50,24600,BEARISH,1,19 Aug 24,12:55 PM,60.0,19 Aug 24,01:03 PM,58.27,tsl_hit,-43.31,-2.89,8
NIFTY50,24550,BULLISH,1,19 Aug 24,03:04 PM,60.0,19 Aug 24,03:09 PM,59.68,time_stop,-7.88,-0.53,5
NIFTY50,24650,BEARISH,1,20 Aug 24,09:17 AM,60.0,20 Aug 24,09:28 AM,61.75,tsl_hit,43.75,2.92,11
NIFTY50,24700,BULLISH,1,20 Aug 24,10:48 AM,60.0,20 Aug 24,11:00 AM,53.26,hard_sl_hit,-168.44,-11.23,12
NIFTY50,24700,BULLISH,1,20 Aug 24,03:03 PM,60.0,20 Aug 24,03:23 PM,54.42,hard_sl_hit,-139.56,-9.3,20
NIFTY50,24750,BEARISH,1,21 Aug 24,10:27 AM,60.0,21 Aug 24,10:45 AM,64.72,tsl_hit,118.12,7.87,18
NIFTY50,24700,BULLISH,1,21 Aug 24,01:21 PM,60.0,21 Aug 24,01:26 PM,56.95,time_stop,-76.13,-5.08,5
NIFTY50,24750,BEARISH,1,21 Aug 24,02:07 PM,60.0,21 Aug 24,02:36 PM,60.37,tsl_hit,9.19,0.61,29
NIFTY50,24750,BEARISH,1,21 Aug 24,02:49 PM,60.0,21 Aug 24,02:54 PM,58.53,time_stop,-36.75,-2.45,5
NIFTY50,24850,BEARISH,1,22 Aug 24,09:17 AM,60.0,22 Aug 24,09:21 AM,61.99,tsl_hit,49.87,3.32,4
NIFTY50,24800,BULLISH,1,22 Aug 24,09:53 AM,60.0,22 Aug 24,10:04 AM,64.17,tsl_hit,104.13,6.94,11
NIFTY50,24800,BEARISH,1,22 Aug 24,10:35 AM,60.0,22 Aug 24,10:40 AM,58.48,time_stop,-38.06,-2.54,5
NIFTY50,24800,BULLISH,1,22 Aug 24,11:04 AM,60.0,22 Aug 24,12:00 PM,67.21,tsl_hit,180.25,12.02,56
NIFTY50,24800,BULLISH,1,22 Aug 24,01:06 PM,60.0,22 Aug 24,01:11 PM,57.53,time_stop,-61.69,-4.11,5
NIFTY50,24800,BEARISH,1,22 Aug 24,01:24 PM,60.0,22 Aug 24,01:44 PM,61.33,tsl_hit,33.25,2.22,20
NIFTY50,24850,BEARISH,1,22 Aug 24,01:50 PM,60.0,22 Aug 24,02:35 PM,66.39,tsl_hit,159.69,10.65,45
NIFTY50,24800,BULLISH,1,23 Aug 24,09:18 AM,60.0,23 Aug 24,09:26 AM,66.65,tsl_hit,166.25,11.08,8
NIFTY50,24800,BEARISH,1,23 Aug 24,09:57 AM,60.0,23 Aug 24,10:05 AM,62.35,tsl_hit,58.63,3.91,8
NIFTY50,24850,BEARISH,1,23 Aug 24,10:49 AM,60.0,23 Aug 24,11:58 AM,63.46,tsl_hit,86.62,5.77,69
NIFTY50,24850,BEARISH,1,23 Aug 24,01:43 PM,60.0,23 Aug 24,01:57 PM,60.1,tsl_hit,2.62,0.17,14
NIFTY50,24900,BEARISH,1,26 Aug 24,09:17 AM,60.0,26 Aug 24,09:22 AM,52.46,hard_sl_hit,-188.56,-12.57,5
NIFTY50,25050,BEARISH,1,26 Aug 24,02:38 PM,60.0,26 Aug 24,03:15 PM,65.85,tsl_hit,146.13,9.74,37
NIFTY50,25000,BEARISH,1,27 Aug 24,09:19 AM,60.0,27 Aug 24,09:34 AM,68.47,tsl_hit,211.75,14.12,15
NIFTY50,25050,BEARISH,1,27 Aug 24,09:56 AM,60.0,27 Aug 24,10:01 AM,57.97,tsl_hit,-50.75,-3.38,5
NIFTY50,25050,BEARISH,1,27 Aug 24,11:22 AM,60.0,27 Aug 24,12:05 PM,62.82,tsl_hit,70.44,4.7,43
NIFTY50,25050,BEARISH,1,27 Aug 24,12:47 PM,60.0,27 Aug 24,01:05 PM,61.03,tsl_hit,25.81,1.72,18
NIFTY50,25050,BULLISH,1,27 Aug 24,01:59 PM,60.0,27 Aug 24,02:04 PM,58.86,time_stop,-28.44,-1.9,5
NIFTY50,25000,BEARISH,1,28 Aug 24,09:49 AM,60.0,28 Aug 24,09:54 AM,58.0,time_stop,-49.88,-3.33,5
NIFTY50,25000,BULLISH,1,28 Aug 24,10:08 AM,60.0,28 Aug 24,10:16 AM,59.02,tsl_hit,-24.5,-1.63,8
NIFTY50,25100,BEARISH,1,28 Aug 24,01:52 PM,60.0,28 Aug 24,02:05 PM,54.1,hard_sl_hit,-147.44,-9.83,13
NIFTY50,25100,BULLISH,1,28 Aug 24,02:33 PM,60.0,28 Aug 24,02:38 PM,54.1,hard_sl_hit,-147.44,-9.83,5
NIFTY50,25100,BULLISH,1,28 Aug 24,02:40 PM,60.0,28 Aug 24,02:45 PM,56.34,time_stop,-91.44,-6.1,5
NIFTY50,25050,BEARISH,1,29 Aug 24,09:27 AM,60.0,29 Aug 24,09:36 AM,61.59,tsl_hit,39.81,2.65,9
NIFTY50,25100,BULLISH,1,29 Aug 24,10:53 AM,60.0,29 Aug 24,11:32 AM,61.87,tsl_hit,46.81,3.12,39
NIFTY50,25100,BEARISH,1,29 Aug 24,12:13 PM,60.0,29 Aug 24,12:28 PM,47.85,hard_sl_hit,-303.63,-20.24,15
NIFTY50,25150,BEARISH,1,29 Aug 24,12:33 PM,60.0,29 Aug 24,01:02 PM,61.17,tsl_hit,29.31,1.95,29
NIFTY50,25000,BULLISH,1,29 Aug 24,02:06 PM,60.0,29 Aug 24,02:17 PM,78.36,tsl_hit,458.94,30.6,11
NIFTY50,25150,BEARISH,1,29 Aug 24,02:58 PM,60.0,29 Aug 24,03:15 PM,70.53,tsl_hit,263.37,17.56,17
NIFTY50,25250,BEARISH,1,30 Aug 24,11:57 AM,60.0,30 Aug 24,12:02 PM,56.78,time_stop,-80.5,-5.37,5
NIFTY50,25250,BULLISH,1,30 Aug 24,01:04 PM,60.0,30 Aug 24,01:09 PM,59.02,time_stop,-24.5,-1.63,5
NIFTY50,25250,BEARISH,1,30 Aug 24,02:12 PM,60.0,30 Aug 24,02:40 PM,62.38,tsl_hit,59.5,3.97,28
NIFTY50,25200,BULLISH,1,30 Aug 24,03:02 PM,60.0,30 Aug 24,03:07 PM,58.81,tsl_hit,-29.75,-1.98,5
NIFTY50,25300,BEARISH,1,02 Sep 24,09:17 AM,60.0,02 Sep 24,09:23 AM,54.26,hard_sl_hit,-143.5,-9.57,6
NIFTY50,25300,BEARISH,1,02 Sep 24,11:25 AM,60.0,02 Sep 24,11:49 AM,62.77,tsl_hit,69.13,4.61,24
NIFTY50,25250,BEARISH,1,03 Sep 24,10:44 AM,60.0,03 Sep 24,11:05 AM,60.42,tsl_hit,10.5,0.7,21
NIFTY50,25300,BEARISH,1,03 Sep 24,01:19 PM,60.0,03 Sep 24,02:02 PM,68.26,tsl_hit,206.5,13.77,43
NIFTY50,25300,BEARISH,1,03 Sep 24,02:41 PM,60.0,03 Sep 24,02:56 PM,53.95,hard_sl_hit,-151.37,-10.09,15
NIFTY50,25100,BULLISH,1,04 Sep 24,09:17 AM,60.0,04 Sep 24,09:28 AM,63.19,tsl_hit,79.63,5.31,11
NIFTY50,25150,BEARISH,1,04 Sep 24,12:21 PM,60.0,04 Sep 24,01:13 PM,54.1,hard_sl_hit,-147.44,-9.83,52
NIFTY50,25200,BEARISH,1,04 Sep 24,03:04 PM,60.0,04 Sep 24,03:10 PM,60.96,tsl_hit,24.06,1.6,6
NIFTY50,25250,BEARISH,1,05 Sep 24,09:17 AM,60.0,05 Sep 24,09:20 AM,53.65,hard_sl_hit,-158.81,-10.59,3
NIFTY50,25150,BULLISH,1,05 Sep 24,10:35 AM,60.0,05 Sep 24,10:40 AM,57.92,time_stop,-52.06,-3.47,5
NIFTY50,25200,BULLISH,1,05 Sep 24,12:22 PM,60.0,05 Sep 24,01:24 PM,54.43,hard_sl_hit,-139.13,-9.28,62
NIFTY50,25150,BULLISH,1,05 Sep 24,01:27 PM,60.0,05 Sep 24,01:48 PM,59.82,tsl_hit,-4.37,-0.29,21
NIFTY50,25150,BULLISH,1,05 Sep 24,02:24 PM,60.0,05 Sep 24,02:37 PM,61.8,tsl_hit,45.06,3.0,13
NIFTY50,25100,BULLISH,1,06 Sep 24,09:17 AM,60.0,06 Sep 24,09:19 AM,53.38,hard_sl_hit,-165.38,-11.03,2
NIFTY50,24850,BEARISH,1,06 Sep 24,02:56 PM,60.0,06 Sep 24,02:59 PM,66.49,tsl_hit,162.31,10.82,3
NIFTY50,24800,BULLISH,1,09 Sep 24,09:17 AM,60.0,09 Sep 24,09:26 AM,56.94,tsl_hit,-76.56,-5.1,9
NIFTY50,25000,BEARISH,1,10 Sep 24,09:17 AM,60.0,10 Sep 24,09:20 AM,61.77,tsl_hit,44.19,2.95,3
NIFTY50,25000,BEARISH,1,10 Sep 24,11:21 AM,60.0,10 Sep 24,11:26 AM,57.71,time_stop,-57.31,-3.82,5
NIFTY50,25000,BEARISH,1,10 Sep 24,11:46 AM,60.0,10 Sep 24,11:58 AM,54.22,hard_sl_hit,-144.37,-9.62,12
NIFTY50,25100,BEARISH,1,10 Sep 24,01:14 PM,60.0,10 Sep 24,01:21 PM,59.74,tsl_hit,-6.56,-0.44,7
NIFTY50,25100,BEARISH,1,10 Sep 24,01:28 PM,60.0,10 Sep 24,01:37 PM,60.14,tsl_hit,3.5,0.23,9
NIFTY50,25100,BULLISH,1,10 Sep 24,02:06 PM,60.0,10 Sep 24,02:16 PM,61.92,tsl_hit,48.12,3.21,10
NIFTY50,25050,BULLISH,1,10 Sep 24,03:03 PM,60.0,10 Sep 24,03:05 PM,59.67,tsl_hit,-8.31,-0.55,2
NIFTY50,25000,BULLISH,1,11 Sep 24,09:17 AM,60.0,11 Sep 24,09:24 AM,51.27,hard_sl_hit,-218.31,-14.55,7
NIFTY50,25100,BEARISH,1,11 Sep 24,11:59 AM,60.0,11 Sep 24,12:04 PM,56.03,time_stop,-99.31,-6.62,5
NIFTY50,25050,BULLISH,1,11 Sep 24,12:55 PM,60.0,11 Sep 24,12:59 PM,54.24,hard_sl_hit,-143.94,-9.6,4
NIFTY50,25050,BEARISH,1,12 Sep 24,09:17 AM,60.0,12 Sep 24,09:21 AM,52.0,hard_sl_hit,-199.94,-13.33,4
NIFTY50,25350,BEARISH,1,13 Sep 24,10:33 AM,60.0,13 Sep 24,10:39 AM,61.3,tsl_hit,32.38,2.16,6
NIFTY50,25400,BEARISH,1,13 Sep 24,11:12 AM,60.0,13 Sep 24,11:18 AM,60.37,tsl_hit,9.19,0.61,6
NIFTY50,25400,BEARISH,1,13 Sep 24,12:15 PM,60.0,13 Sep 24,01:21 PM,63.48,tsl_hit,87.06,5.8,66
NIFTY50,25400,BEARISH,1,13 Sep 24,02:04 PM,60.0,13 Sep 24,02:08 PM,58.6,tsl_hit,-35.0,-2.33,4
NIFTY50,25350,BULLISH,1,13 Sep 24,03:02 PM,60.0,16 Sep 24,09:21 AM,71.46,tsl_hit,286.56,19.1,34
NIFTY50,25400,BEARISH,1,16 Sep 24,01:47 PM,60.0,16 Sep 24,01:52 PM,57.99,time_stop,-50.31,-3.35,5
NIFTY50,25450,BEARISH,1,17 Sep 24,11:26 AM,60.0,17 Sep 24,11:56 AM,63.27,tsl_hit,81.81,5.45,30
NIFTY50,25400,BULLISH,1,17 Sep 24,12:18 PM,60.0,17 Sep 24,12:58 PM,64.74,tsl_hit,118.56,7.9,40
NIFTY50,25400,BULLISH,1,17 Sep 24,01:20 PM,60.0,17 Sep 24,01:58 PM,64.2,tsl_hit,105.0,7.0,38
NIFTY50,25450,BULLISH,1,17 Sep 24,02:37 PM,60.0,17 Sep 24,03:23 PM,53.6,hard_sl_hit,-160.12,-10.67,46
NIFTY50,25400,BULLISH,1,17 Sep 24,03:25 PM,60.0,18 Sep 24,09:16 AM,53.16,hard_sl_hit,-171.06,-11.4,6
NIFTY50,25400,BULLISH,1,18 Sep 24,09:17 AM,60.0,18 Sep 24,09:25 AM,66.3,tsl_hit,157.5,10.5,8
NIFTY50,25450,BEARISH,1,18 Sep 24,10:43 AM,60.0,18 Sep 24,11:08 AM,59.97,tsl_hit,-0.87,-0.06,25
NIFTY50,25500,BEARISH,1,18 Sep 24,12:28 PM,60.0,18 Sep 24,12:51 PM,65.22,tsl_hit,130.38,8.69,23
NIFTY50,25450,BULLISH,1,18 Sep 24,12:53 PM,60.0,18 Sep 24,12:58 PM,51.69,hard_sl_hit,-207.81,-13.85,5
NIFTY50,25450,BULLISH,1,18 Sep 24,01:01 PM,60.0,18 Sep 24,01:03 PM,49.8,hard_sl_hit,-255.06,-17.0,2
NIFTY50,25550,BEARISH,1,19 Sep 24,09:19 AM,60.0,19 Sep 24,09:20 AM,50.17,hard_sl_hit,-245.87,-16.39,1
NIFTY50,25450,BULLISH,1,19 Sep 24,11:26 AM,60.0,19 Sep 24,11:29 AM,51.18,hard_sl_hit,-220.5,-14.7,3
NIFTY50,25450,BULLISH,1,19 Sep 24,12:58 PM,60.0,19 Sep 24,01:00 PM,53.26,hard_sl_hit,-168.44,-11.23,2
NIFTY50,25400,BEARISH,1,19 Sep 24,02:13 PM,60.0,19 Sep 24,02:51 PM,61.19,tsl_hit,29.75,1.98,38
NIFTY50,25550,BEARISH,1,19 Sep 24,09:19 AM,60.0,19 Sep 24,09:20 AM,50.17,hard_sl_hit,-245.87,-16.39,1
NIFTY50,25450,BULLISH,1,19 Sep 24,11:26 AM,60.0,19 Sep 24,11:29 AM,51.18,hard_sl_hit,-220.5,-14.7,3
NIFTY50,25450,BULLISH,1,19 Sep 24,12:58 PM,60.0,19 Sep 24,01:00 PM,53.26,hard_sl_hit,-168.44,-11.23,2
NIFTY50,25400,BEARISH,1,19 Sep 24,02:13 PM,60.0,19 Sep 24,02:51 PM,61.19,tsl_hit,29.75,1.98,38
NIFTY50,25500,BEARISH,1,20 Sep 24,09:17 AM,60.0,20 Sep 24,09:21 AM,69.4,tsl_hit,234.94,15.66,4
NIFTY50,25550,BEARISH,1,20 Sep 24,09:54 AM,60.0,20 Sep 24,09:55 AM,48.31,hard_sl_hit,-292.25,-19.48,1
NIFTY50,25600,BEARISH,1,20 Sep 24,09:58 AM,60.0,20 Sep 24,10:03 AM,51.67,hard_sl_hit,-208.25,-13.88,5
NIFTY50,25650,BULLISH,1,20 Sep 24,01:33 PM,60.0,20 Sep 24,01:34 PM,45.26,hard_sl_hit,-368.38,-24.56,1
NIFTY50,25900,BULLISH,1,23 Sep 24,11:24 AM,60.0,23 Sep 24,11:29 AM,57.71,time_stop,-57.31,-3.82,5
NIFTY50,25850,BULLISH,1,23 Sep 24,11:51 AM,60.0,23 Sep 24,12:01 PM,65.21,tsl_hit,130.37,8.69,10
NIFTY50,25900,BEARISH,1,23 Sep 24,02:21 PM,60.0,23 Sep 24,02:26 PM,59.05,time_stop,-23.63,-1.58,5
NIFTY50,25950,BEARISH,1,23 Sep 24,02:50 PM,60.0,23 Sep 24,03:02 PM,60.3,tsl_hit,7.44,0.5,12
NIFTY50,25950,BEARISH,1,23 Sep 24,03:08 PM,60.0,23 Sep 24,03:15 PM,63.59,tsl_hit,89.69,5.98,7
NIFTY50,25900,BULLISH,1,24 Sep 24,09:17 AM,60.0,24 Sep 24,09:26 AM,59.7,tsl_hit,-7.44,-0.5,9
NIFTY50,25950,BEARISH,1,24 Sep 24,09:48 AM,60.0,24 Sep 24,09:53 AM,56.85,time_stop,-78.75,-5.25,5
NIFTY50,25900,BULLISH,1,25 Sep 24,09:17 AM,60.0,25 Sep 24,09:29 AM,66.51,tsl_hit,162.75,10.85,12
NIFTY50,25950,BEARISH,1,25 Sep 24,09:50 AM,60.0,25 Sep 24,09:56 AM,60.25,tsl_hit,6.13,0.41,6
NIFTY50,25900,BEARISH,1,25 Sep 24,10:43 AM,60.0,25 Sep 24,11:07 AM,58.76,tsl_hit,-31.06,-2.07,24
NIFTY50,25950,BEARISH,1,25 Sep 24,11:29 AM,60.0,25 Sep 24,11:47 AM,71.17,tsl_hit,279.13,18.61,18
NIFTY50,25900,BEARISH,1,25 Sep 24,01:21 PM,60.0,25 Sep 24,01:27 PM,53.61,hard_sl_hit,-159.69,-10.65,6
NIFTY50,25900,BEARISH,1,25 Sep 24,01:29 PM,60.0,25 Sep 24,01:46 PM,61.21,tsl_hit,30.19,2.01,17
NIFTY50,26050,BEARISH,1,26 Sep 24,11:40 AM,60.0,26 Sep 24,12:01 PM,53.89,hard_sl_hit,-152.69,-10.18,21
NIFTY50,26100,BEARISH,1,26 Sep 24,12:03 PM,60.0,26 Sep 24,12:37 PM,60.63,tsl_hit,15.75,1.05,34
NIFTY50,26100,BEARISH,1,26 Sep 24,01:28 PM,60.0,26 Sep 24,01:40 PM,60.32,tsl_hit,7.88,0.53,12
NIFTY50,26100,BULLISH,1,26 Sep 24,01:49 PM,60.0,26 Sep 24,01:52 PM,54.52,hard_sl_hit,-136.94,-9.13,3
NIFTY50,26100,BEARISH,1,26 Sep 24,02:22 PM,60.0,26 Sep 24,02:29 PM,62.4,tsl_hit,59.94,4.0,7
NIFTY50,26250,BULLISH,1,27 Sep 24,10:07 AM,60.0,27 Sep 24,10:40 AM,61.24,tsl_hit,31.06,2.07,33
NIFTY50,26250,BULLISH,1,27 Sep 24,11:00 AM,60.0,27 Sep 24,11:05 AM,56.38,time_stop,-90.56,-6.04,5
NIFTY50,26250,BULLISH,1,27 Sep 24,12:36 PM,60.0,27 Sep 24,12:49 PM,54.58,hard_sl_hit,-135.62,-9.04,13
NIFTY50,26100,BULLISH,1,30 Sep 24,09:17 AM,60.0,30 Sep 24,09:20 AM,52.49,hard_sl_hit,-187.69,-12.51,3
NIFTY50,26000,BULLISH,1,30 Sep 24,09:49 AM,60.0,30 Sep 24,09:51 AM,51.2,hard_sl_hit,-220.06,-14.67,2
NIFTY50,25900,BULLISH,1,30 Sep 24,11:29 AM,60.0,30 Sep 24,11:45 AM,53.86,hard_sl_hit,-153.56,-10.24,16
NIFTY50,25800,BULLISH,1,30 Sep 24,03:28 PM,60.0,01 Oct 24,09:18 AM,84.5,tsl_hit,612.5,40.83,5
NIFTY50,25800,BULLISH,1,01 Oct 24,10:21 AM,60.0,01 Oct 24,10:28 AM,52.91,hard_sl_hit,-177.19,-11.81,7
NIFTY50,25750,BEARISH,1,01 Oct 24,11:41 AM,60.0,01 Oct 24,11:43 AM,53.54,hard_sl_hit,-161.44,-10.76,2
NIFTY50,25800,BULLISH,1,01 Oct 24,12:28 PM,60.0,01 Oct 24,12:32 PM,52.48,hard_sl_hit,-188.12,-12.54,4
NIFTY50,25800,BEARISH,1,01 Oct 24,03:04 PM,60.0,01 Oct 24,03:21 PM,66.88,tsl_hit,171.94,11.46,17
NIFTY50,25550,BULLISH,1,03 Oct 24,09:17 AM,60.0,03 Oct 24,09:18 AM,53.12,hard_sl_hit,-171.94,-11.46,1
NIFTY50,25400,BULLISH,1,03 Oct 24,11:45 AM,60.0,03 Oct 24,11:51 AM,54.29,hard_sl_hit,-142.63,-9.51,6
NIFTY50,25400,BEARISH,1,03 Oct 24,12:39 PM,60.0,03 Oct 24,12:53 PM,68.75,tsl_hit,218.75,14.58,14
NIFTY50,25300,BULLISH,1,03 Oct 24,01:25 PM,60.0,03 Oct 24,01:30 PM,57.64,time_stop,-59.06,-3.94,5
NIFTY50,25250,BEARISH,1,03 Oct 24,02:53 PM,60.0,03 Oct 24,02:57 PM,62.03,tsl_hit,50.75,3.38,4
NIFTY50,25150,BULLISH,1,04 Oct 24,09:19 AM,60.0,04 Oct 24,09:23 AM,61.65,tsl_hit,41.13,2.74,4
NIFTY50,25000,BULLISH,1,04 Oct 24,02:22 PM,60.0,04 Oct 24,02:27 PM,56.01,time_stop,-99.75,-6.65,5
NIFTY50,25100,BEARISH,1,07 Oct 24,09:18 AM,60.0,07 Oct 24,09:21 AM,58.55,tsl_hit,-36.31,-2.42,3
NIFTY50,25000,BULLISH,1,07 Oct 24,10:33 AM,60.0,07 Oct 24,10:36 AM,54.17,hard_sl_hit,-145.69,-9.71,3
NIFTY50,25000,BULLISH,1,07 Oct 24,10:41 AM,60.0,07 Oct 24,10:44 AM,54.59,hard_sl_hit,-135.19,-9.01,3
NIFTY50,24800,BEARISH,1,07 Oct 24,01:59 PM,60.0,07 Oct 24,02:07 PM,51.29,hard_sl_hit,-217.87,-14.52,8
NIFTY50,25000,BEARISH,1,08 Oct 24,01:34 PM,60.0,08 Oct 24,01:38 PM,53.84,hard_sl_hit,-154.0,-10.27,4
NIFTY50,25000,BULLISH,1,08 Oct 24,02:38 PM,60.0,08 Oct 24,02:41 PM,62.01,tsl_hit,50.31,3.35,3
NIFTY50,25200,BEARISH,1,09 Oct 24,10:40 AM,60.0,09 Oct 24,10:47 AM,53.3,hard_sl_hit,-167.56,-11.17,7
NIFTY50,25200,BULLISH,1,09 Oct 24,11:42 AM,60.0,09 Oct 24,11:43 AM,49.87,hard_sl_hit,-253.31,-16.89,1
NIFTY50,25100,BEARISH,1,09 Oct 24,01:47 PM,60.0,09 Oct 24,02:01 PM,49.31,hard_sl_hit,-267.31,-17.82,14
NIFTY50,25000,BULLISH,1,10 Oct 24,11:36 AM,60.0,10 Oct 24,11:40 AM,54.49,hard_sl_hit,-137.81,-9.19,4
NIFTY50,25000,BULLISH,1,10 Oct 24,11:41 AM,60.0,10 Oct 24,11:49 AM,64.03,tsl_hit,100.63,6.71,8
NIFTY50,25050,BULLISH,1,10 Oct 24,12:46 PM,60.0,10 Oct 24,12:51 PM,56.66,time_stop,-83.56,-5.57,5
NIFTY50,25050,BEARISH,1,10 Oct 24,01:24 PM,60.0,10 Oct 24,01:47 PM,66.02,tsl_hit,150.5,10.03,23
NIFTY50,25000,BULLISH,1,10 Oct 24,02:39 PM,60.0,10 Oct 24,02:44 PM,57.38,time_stop,-65.62,-4.38,5
NIFTY50,25000,BULLISH,1,10 Oct 24,03:18 PM,60.0,11 Oct 24,09:15 AM,51.37,hard_sl_hit,-215.69,-14.38,12
NIFTY50,24950,BULLISH,1,11 Oct 24,10:37 AM,60.0,11 Oct 24,10:56 AM,57.95,tsl_hit,-51.19,-3.41,19
NIFTY50,24950,BEARISH,1,11 Oct 24,01:13 PM,60.0,11 Oct 24,01:39 PM,60.58,tsl_hit,14.44,0.96,26
NIFTY50,24950,BEARISH,1,11 Oct 24,02:33 PM,60.0,11 Oct 24,03:07 PM,59.65,tsl_hit,-8.75,-0.58,34
NIFTY50,25050,BEARISH,1,14 Oct 24,09:18 AM,60.0,14 Oct 24,09:23 AM,65.06,tsl_hit,126.44,8.43,5
NIFTY50,25100,BEARISH,1,14 Oct 24,09:48 AM,60.0,14 Oct 24,10:00 AM,51.98,hard_sl_hit,-200.38,-13.36,12
NIFTY50,25100,BEARISH,1,14 Oct 24,11:17 AM,60.0,14 Oct 24,11:22 AM,58.08,time_stop,-48.12,-3.21,5
NIFTY50,25150,BEARISH,1,14 Oct 24,11:42 AM,60.0,14 Oct 24,11:54 AM,54.05,hard_sl_hit,-148.75,-9.92,12
NIFTY50,25100,BEARISH,1,14 Oct 24,01:21 PM,60.0,14 Oct 24,01:30 PM,60.96,tsl_hit,24.06,1.6,9
NIFTY50,25150,BEARISH,1,14 Oct 24,02:14 PM,60.0,14 Oct 24,02:19 PM,59.21,time_stop,-19.69,-1.31,5
NIFTY50,25150,BULLISH,1,14 Oct 24,02:54 PM,60.0,14 Oct 24,02:59 PM,58.13,time_stop,-46.81,-3.12,5
NIFTY50,25200,BEARISH,1,15 Oct 24,09:17 AM,60.0,15 Oct 24,09:33 AM,62.29,tsl_hit,57.31,3.82,16
NIFTY50,25050,BULLISH,1,15 Oct 24,02:39 PM,60.0,15 Oct 24,02:44 PM,57.88,time_stop,-52.94,-3.53,5
NIFTY50,25000,BULLISH,1,16 Oct 24,09:17 AM,60.0,16 Oct 24,09:21 AM,63.11,tsl_hit,77.87,5.19,4
NIFTY50,25050,BULLISH,1,16 Oct 24,10:42 AM,60.0,16 Oct 24,11:02 AM,60.77,tsl_hit,19.25,1.28,20
NIFTY50,24950,BULLISH,1,16 Oct 24,11:43 AM,60.0,16 Oct 24,11:47 AM,54.12,hard_sl_hit,-147.0,-9.8,4
NIFTY50,25050,BEARISH,1,16 Oct 24,02:30 PM,60.0,16 Oct 24,02:52 PM,81.95,tsl_hit,548.63,36.58,22
NIFTY50,24800,BULLISH,1,17 Oct 24,11:30 AM,60.0,17 Oct 24,11:41 AM,64.08,tsl_hit,101.94,6.8,11
NIFTY50,24750,BEARISH,1,17 Oct 24,02:30 PM,60.0,17 Oct 24,02:49 PM,66.33,tsl_hit,158.37,10.56,19
NIFTY50,24850,BEARISH,1,18 Oct 24,02:13 PM,60.0,18 Oct 24,02:18 PM,57.27,time_stop,-68.25,-4.55,5
NIFTY50,24850,BEARISH,1,18 Oct 24,03:26 PM,60.0,21 Oct 24,09:15 AM,28.66,hard_sl_hit,-783.56,-52.24,4
NIFTY50,24950,BEARISH,1,21 Oct 24,09:17 AM,60.0,21 Oct 24,09:23 AM,68.56,tsl_hit,213.94,14.26,6
NIFTY50,24750,BULLISH,1,21 Oct 24,12:43 PM,60.0,21 Oct 24,12:55 PM,54.47,hard_sl_hit,-138.25,-9.22,12
NIFTY50,24800,BEARISH,1,21 Oct 24,01:22 PM,60.0,21 Oct 24,01:30 PM,69.45,tsl_hit,236.25,15.75,8
NIFTY50,24800,BULLISH,1,22 Oct 24,09:15 AM,60.0,22 Oct 24,09:21 AM,73.3,tsl_hit,332.5,22.17,6
NIFTY50,24650,BEARISH,1,22 Oct 24,12:01 PM,60.0,22 Oct 24,12:19 PM,67.21,tsl_hit,180.25,12.02,18
NIFTY50,24600,BULLISH,1,22 Oct 24,12:52 PM,60.0,22 Oct 24,12:54 PM,60.37,tsl_hit,9.19,0.61,2
NIFTY50,24600,BULLISH,1,22 Oct 24,02:08 PM,60.0,22 Oct 24,02:15 PM,70.73,tsl_hit,268.19,17.88,7
NIFTY50,24500,BULLISH,1,22 Oct 24,02:58 PM,60.0,22 Oct 24,03:01 PM,51.79,hard_sl_hit,-205.19,-13.68,3
NIFTY50,24600,BEARISH,1,23 Oct 24,11:35 AM,60.0,23 Oct 24,11:42 AM,65.81,tsl_hit,145.25,9.68,7
NIFTY50,24550,BEARISH,1,23 Oct 24,12:34 PM,60.0,23 Oct 24,12:38 PM,60.52,tsl_hit,13.12,0.87,4
NIFTY50,24350,BULLISH,1,24 Oct 24,09:39 AM,60.0,24 Oct 24,09:40 AM,53.96,hard_sl_hit,-150.94,-10.06,1
NIFTY50,24400,BULLISH,1,24 Oct 24,01:33 PM,60.0,24 Oct 24,01:56 PM,61.36,tsl_hit,34.12,2.27,23
NIFTY50,24400,BULLISH,1,24 Oct 24,02:05 PM,60.0,24 Oct 24,02:10 PM,58.27,time_stop,-43.31,-2.89,5
NIFTY50,24400,BULLISH,1,24 Oct 24,02:26 PM,60.0,24 Oct 24,02:42 PM,64.2,tsl_hit,105.0,7.0,16
NIFTY50,24400,BEARISH,1,24 Oct 24,03:03 PM,60.0,24 Oct 24,03:15 PM,60.7,tsl_hit,17.5,1.17,12
NIFTY50,24400,BEARISH,1,25 Oct 24,09:15 AM,60.0,25 Oct 24,09:17 AM,52.81,hard_sl_hit,-179.81,-11.99,2
NIFTY50,24200,BEARISH,1,25 Oct 24,11:22 AM,60.0,25 Oct 24,11:35 AM,77.54,tsl_hit,438.38,29.23,13
NIFTY50,24150,BULLISH,1,25 Oct 24,12:17 PM,60.0,25 Oct 24,12:22 PM,60.38,tsl_hit,9.62,0.64,5
NIFTY50,24150,BEARISH,1,25 Oct 24,01:46 PM,60.0,25 Oct 24,02:08 PM,64.57,tsl_hit,114.19,7.61,22
NIFTY50,24500,BEARISH,1,28 Oct 24,12:36 PM,60.0,28 Oct 24,12:52 PM,84.9,tsl_hit,622.56,41.5,16
NIFTY50,24400,BULLISH,1,28 Oct 24,02:06 PM,60.0,28 Oct 24,02:10 PM,61.49,tsl_hit,37.19,2.48,4
NIFTY50,24400,BEARISH,1,28 Oct 24,02:41 PM,60.0,28 Oct 24,02:47 PM,62.36,tsl_hit,59.06,3.94,6
NIFTY50,24300,BEARISH,1,29 Oct 24,09:15 AM,60.0,29 Oct 24,09:19 AM,61.75,tsl_hit,43.75,2.92,4
NIFTY50,24250,BEARISH,1,29 Oct 24,11:42 AM,60.0,29 Oct 24,11:47 AM,58.58,time_stop,-35.44,-2.36,5
NIFTY50,24250,BEARISH,1,29 Oct 24,12:05 PM,60.0,29 Oct 24,12:14 PM,50.13,hard_sl_hit,-246.75,-16.45,9
NIFTY50,24300,BULLISH,1,29 Oct 24,01:25 PM,60.0,29 Oct 24,01:31 PM,63.64,tsl_hit,91.0,6.07,6
NIFTY50,24350,BULLISH,1,30 Oct 24,09:18 AM,60.0,30 Oct 24,09:23 AM,68.26,tsl_hit,206.5,13.77,5
NIFTY50,24450,BEARISH,1,30 Oct 24,10:56 AM,60.0,30 Oct 24,11:06 AM,63.4,tsl_hit,84.88,5.66,10
NIFTY50,24450,BEARISH,1,30 Oct 24,11:26 AM,60.0,30 Oct 24,11:34 AM,64.38,tsl_hit,109.38,7.29,8
NIFTY50,24400,BULLISH,1,30 Oct 24,12:07 PM,60.0,30 Oct 24,12:23 PM,67.65,tsl_hit,191.19,12.75,16
NIFTY50,24450,BEARISH,1,30 Oct 24,01:00 PM,60.0,30 Oct 24,01:06 PM,47.7,hard_sl_hit,-307.56,-20.5,6
NIFTY50,24350,BULLISH,1,30 Oct 24,02:17 PM,60.0,30 Oct 24,02:25 PM,61.66,tsl_hit,41.56,2.77,8
NIFTY50,24200,BULLISH,1,31 Oct 24,12:22 PM,60.0,31 Oct 24,12:27 PM,56.48,time_stop,-87.94,-5.86,5
NIFTY50,24250,BEARISH,1,31 Oct 24,01:47 PM,60.0,31 Oct 24,02:17 PM,70.66,tsl_hit,266.44,17.76,30
NIFTY50,23850,BULLISH,1,04 Nov 24,11:04 AM,60.0,04 Nov 24,11:08 AM,51.34,hard_sl_hit,-216.56,-14.44,4
NIFTY50,23850,BEARISH,1,04 Nov 24,11:24 AM,60.0,04 Nov 24,11:27 AM,47.77,hard_sl_hit,-305.81,-20.39,3
NIFTY50,23900,BEARISH,1,04 Nov 24,01:53 PM,60.0,04 Nov 24,01:57 PM,63.38,tsl_hit,84.44,5.63,4
NIFTY50,23950,BULLISH,1,05 Nov 24,09:40 AM,60.0,05 Nov 24,09:45 AM,50.87,hard_sl_hit,-228.37,-15.22,5
NIFTY50,24000,BEARISH,1,05 Nov 24,09:59 AM,60.0,05 Nov 24,10:03 AM,61.75,tsl_hit,43.75,2.92,4
NIFTY50,24000,BEARISH,1,05 Nov 24,10:30 AM,60.0,05 Nov 24,10:36 AM,75.49,tsl_hit,387.19,25.81,6
NIFTY50,23850,BULLISH,1,05 Nov 24,11:45 AM,60.0,05 Nov 24,11:57 AM,52.7,hard_sl_hit,-182.44,-12.16,12
NIFTY50,24100,BEARISH,1,05 Nov 24,01:32 PM,60.0,05 Nov 24,01:42 PM,67.95,tsl_hit,198.63,13.24,10
NIFTY50,24250,BEARISH,1,06 Nov 24,09:17 AM,60.0,06 Nov 24,09:19 AM,52.7,hard_sl_hit,-182.44,-12.16,2
NIFTY50,24300,BULLISH,1,06 Nov 24,10:32 AM,60.0,06 Nov 24,10:40 AM,63.29,tsl_hit,82.25,5.48,8
NIFTY50,24350,BEARISH,1,06 Nov 24,10:55 AM,60.0,06 Nov 24,10:57 AM,53.86,hard_sl_hit,-153.56,-10.24,2
NIFTY50,24400,BULLISH,1,06 Nov 24,12:15 PM,60.0,06 Nov 24,12:43 PM,61.63,tsl_hit,40.69,2.71,28
NIFTY50,24500,BEARISH,1,06 Nov 24,01:56 PM,60.0,06 Nov 24,02:01 PM,56.85,time_stop,-78.75,-5.25,5
NIFTY50,24450,BULLISH,1,06 Nov 24,02:43 PM,60.0,06 Nov 24,02:51 PM,54.05,hard_sl_hit,-148.75,-9.92,8
NIFTY50,24250,BEARISH,1,07 Nov 24,12:44 PM,60.0,07 Nov 24,01:10 PM,64.53,tsl_hit,113.31,7.55,26
NIFTY50,24200,BULLISH,1,07 Nov 24,01:22 PM,60.0,07 Nov 24,01:42 PM,53.18,hard_sl_hit,-170.63,-11.38,20
NIFTY50,24200,BULLISH,1,07 Nov 24,01:46 PM,60.0,07 Nov 24,02:19 PM,66.11,tsl_hit,152.69,10.18,33
NIFTY50,24200,BULLISH,1,07 Nov 24,02:24 PM,60.0,07 Nov 24,02:30 PM,60.84,tsl_hit,21.0,1.4,6
NIFTY50,24250,BEARISH,1,08 Nov 24,09:48 AM,60.0,08 Nov 24,09:56 AM,81.02,tsl_hit,525.44,35.03,8
NIFTY50,24150,BEARISH,1,08 Nov 24,12:20 PM,60.0,08 Nov 24,12:40 PM,54.54,hard_sl_hit,-136.5,-9.1,20
NIFTY50,24150,BULLISH,1,08 Nov 24,01:39 PM,60.0,08 Nov 24,01:44 PM,59.18,time_stop,-20.56,-1.37,5
NIFTY50,24150,BEARISH,1,08 Nov 24,02:44 PM,60.0,08 Nov 24,02:49 PM,62.24,tsl_hit,56.0,3.73,5
NIFTY50,24050,BULLISH,1,11 Nov 24,09:17 AM,60.0,11 Nov 24,09:22 AM,75.42,tsl_hit,385.44,25.7,5
NIFTY50,24300,BULLISH,1,11 Nov 24,12:04 PM,60.0,11 Nov 24,12:07 PM,54.15,hard_sl_hit,-146.13,-9.74,3
NIFTY50,24200,BULLISH,1,11 Nov 24,01:21 PM,60.0,11 Nov 24,01:24 PM,60.04,tsl_hit,0.88,0.06,3
NIFTY50,24150,BULLISH,1,11 Nov 24,01:46 PM,60.0,11 Nov 24,01:51 PM,54.28,hard_sl_hit,-143.06,-9.54,5
NIFTY50,24250,BEARISH,1,12 Nov 24,09:17 AM,60.0,12 Nov 24,09:21 AM,65.93,tsl_hit,148.31,9.89,4
NIFTY50,24150,BULLISH,1,12 Nov 24,11:46 AM,60.0,12 Nov 24,11:49 AM,61.68,tsl_hit,42.0,2.8,3
NIFTY50,24100,BULLISH,1,12 Nov 24,12:15 PM,60.0,12 Nov 24,12:27 PM,53.77,hard_sl_hit,-155.75,-10.38,12
NIFTY50,24050,BULLISH,1,12 Nov 24,12:45 PM,60.0,12 Nov 24,12:46 PM,54.43,hard_sl_hit,-139.13,-9.28,1
NIFTY50,23950,BEARISH,1,12 Nov 24,01:49 PM,60.0,12 Nov 24,01:54 PM,53.02,hard_sl_hit,-174.56,-11.64,5
NIFTY50,23950,BULLISH,1,12 Nov 24,02:30 PM,60.0,12 Nov 24,02:37 PM,68.92,tsl_hit,223.12,14.87,7
NIFTY50,23850,BULLISH,1,13 Nov 24,09:17 AM,60.0,13 Nov 24,09:19 AM,59.72,tsl_hit,-7.0,-0.47,2
NIFTY50,23600,BULLISH,1,14 Nov 24,10:41 AM,60.0,14 Nov 24,10:46 AM,52.75,hard_sl_hit,-181.13,-12.08,5
NIFTY50,23550,BULLISH,1,14 Nov 24,10:55 AM,60.0,14 Nov 24,11:00 AM,57.34,time_stop,-66.5,-4.43,5
NIFTY50,23550,BEARISH,1,14 Nov 24,12:56 PM,60.0,14 Nov 24,01:01 PM,60.49,tsl_hit,12.25,0.82,5
NIFTY50,23500,BULLISH,1,14 Nov 24,03:02 PM,60.0,14 Nov 24,03:06 PM,50.48,hard_sl_hit,-238.0,-15.87,4
NIFTY50,23500,BULLISH,1,18 Nov 24,09:22 AM,60.0,18 Nov 24,09:25 AM,51.99,hard_sl_hit,-200.37,-13.36,3
NIFTY50,23400,BEARISH,1,18 Nov 24,11:21 AM,60.0,18 Nov 24,11:27 AM,54.54,hard_sl_hit,-136.5,-9.1,6
NIFTY50,23450,BEARISH,1,18 Nov 24,11:47 AM,60.0,18 Nov 24,11:53 AM,61.92,tsl_hit,48.12,3.21,6
NIFTY50,23500,BEARISH,1,18 Nov 24,01:40 PM,60.0,18 Nov 24,01:47 PM,61.49,tsl_hit,37.19,2.48,7
NIFTY50,23400,BULLISH,1,18 Nov 24,02:35 PM,60.0,18 Nov 24,02:50 PM,69.66,tsl_hit,241.5,16.1,15
NIFTY50,23600,BEARISH,1,19 Nov 24,09:19 AM,60.0,19 Nov 24,09:23 AM,53.51,hard_sl_hit,-162.31,-10.82,4
NIFTY50,23750,BEARISH,1,19 Nov 24,11:28 AM,60.0,19 Nov 24,11:33 AM,57.27,time_stop,-68.25,-4.55,5
NIFTY50,23750,BULLISH,1,19 Nov 24,01:27 PM,60.0,19 Nov 24,01:37 PM,63.34,tsl_hit,83.56,5.57,10
NIFTY50,23700,BULLISH,1,19 Nov 24,02:10 PM,60.0,19 Nov 24,02:11 PM,54.0,hard_sl_hit,-150.06,-10.0,1
NIFTY50,23350,BEARISH,1,21 Nov 24,12:02 PM,60.0,21 Nov 24,12:12 PM,62.03,tsl_hit,50.75,3.38,10
NIFTY50,23350,BULLISH,1,21 Nov 24,12:32 PM,60.0,21 Nov 24,12:56 PM,52.53,hard_sl_hit,-186.81,-12.45,24
NIFTY50,23300,BULLISH,1,21 Nov 24,01:01 PM,60.0,21 Nov 24,01:25 PM,70.66,tsl_hit,266.44,17.76,24
NIFTY50,23350,BULLISH,1,21 Nov 24,02:34 PM,60.0,21 Nov 24,02:39 PM,58.6,time_stop,-35.0,-2.33,5
NIFTY50,23400,BULLISH,1,22 Nov 24,09:15 AM,60.0,22 Nov 24,09:26 AM,92.86,tsl_hit,821.62,54.77,11
NIFTY50,23550,BEARISH,1,22 Nov 24,11:41 AM,60.0,22 Nov 24,11:43 AM,59.88,tsl_hit,-3.06,-0.2,2
NIFTY50,23650,BEARISH,1,22 Nov 24,12:34 PM,60.0,22 Nov 24,12:41 PM,50.5,hard_sl_hit,-237.56,-15.84,7
NIFTY50,23700,BEARISH,1,22 Nov 24,01:20 PM,60.0,22 Nov 24,01:34 PM,69.89,tsl_hit,247.19,16.48,14
NIFTY50,23800,BEARISH,1,22 Nov 24,02:03 PM,60.0,22 Nov 24,02:06 PM,53.16,hard_sl_hit,-171.06,-11.4,3
NIFTY50,24250,BEARISH,1,25 Nov 24,09:17 AM,60.0,25 Nov 24,09:19 AM,54.47,hard_sl_hit,-138.25,-9.22,2
NIFTY50,24350,BEARISH,1,25 Nov 24,11:04 AM,60.0,25 Nov 24,11:30 AM,63.78,tsl_hit,94.5,6.3,26
NIFTY50,24150,BULLISH,1,25 Nov 24,12:59 PM,60.0,25 Nov 24,01:02 PM,54.68,tsl_hit,-133.0,-8.87,3
NIFTY50,24250,BEARISH,1,25 Nov 24,02:42 PM,60.0,25 Nov 24,02:47 PM,54.4,hard_sl_hit,-140.0,-9.33,5
NIFTY50,24200,BULLISH,1,26 Nov 24,11:59 AM,60.0,26 Nov 24,12:04 PM,56.12,time_stop,-97.12,-6.47,5
NIFTY50,24200,BEARISH,1,26 Nov 24,02:42 PM,60.0,26 Nov 24,02:58 PM,53.58,hard_sl_hit,-160.56,-10.7,16
NIFTY50,24200,BULLISH,1,26 Nov 24,03:04 PM,60.0,26 Nov 24,03:06 PM,54.22,hard_sl_hit,-144.37,-9.62,2
NIFTY50,24300,BULLISH,1,27 Nov 24,01:59 PM,60.0,27 Nov 24,02:11 PM,53.96,hard_sl_hit,-150.94,-10.06,12
NIFTY50,24300,BEARISH,1,27 Nov 24,02:30 PM,60.0,27 Nov 24,02:54 PM,65.55,tsl_hit,138.69,9.25,24
NIFTY50,24300,BEARISH,1,28 Nov 24,09:53 AM,60.0,28 Nov 24,10:01 AM,51.79,hard_sl_hit,-205.19,-13.68,8
NIFTY50,24000,BULLISH,1,28 Nov 24,12:39 PM,60.0,28 Nov 24,12:48 PM,61.02,tsl_hit,25.38,1.69,9
NIFTY50,24100,BEARISH,1,29 Nov 24,10:35 AM,60.0,29 Nov 24,10:45 AM,63.12,tsl_hit,77.88,5.19,10
NIFTY50,24100,BEARISH,1,29 Nov 24,12:11 PM,60.0,29 Nov 24,12:13 PM,54.56,hard_sl_hit,-136.06,-9.07,2
NIFTY50,24150,BEARISH,1,02 Dec 24,12:31 PM,60.0,02 Dec 24,12:36 PM,59.86,time_stop,-3.5,-0.23,5
NIFTY50,24250,BEARISH,1,02 Dec 24,02:03 PM,60.0,02 Dec 24,02:05 PM,53.05,hard_sl_hit,-173.69,-11.58,2
NIFTY50,24300,BEARISH,1,03 Dec 24,09:17 AM,60.0,03 Dec 24,09:24 AM,63.88,tsl_hit,97.12,6.47,7
NIFTY50,24400,BEARISH,1,03 Dec 24,11:03 AM,60.0,03 Dec 24,11:08 AM,59.28,time_stop,-17.94,-1.2,5
NIFTY50,24450,BEARISH,1,03 Dec 24,11:20 AM,60.0,03 Dec 24,11:30 AM,58.6,tsl_hit,-35.0,-2.33,10
NIFTY50,24400,BEARISH,1,03 Dec 24,01:29 PM,60.0,03 Dec 24,01:32 PM,52.33,hard_sl_hit,-191.63,-12.78,3
NIFTY50,24450,BEARISH,1,03 Dec 24,01:36 PM,60.0,03 Dec 24,01:55 PM,53.8,hard_sl_hit,-154.88,-10.33,19
NIFTY50,24500,BEARISH,1,04 Dec 24,09:17 AM,60.0,04 Dec 24,09:22 AM,52.95,hard_sl_hit,-176.31,-11.75,5
NIFTY50,24400,BULLISH,1,04 Dec 24,11:59 AM,60.0,04 Dec 24,12:00 PM,50.39,hard_sl_hit,-240.19,-16.01,1
NIFTY50,24500,BEARISH,1,04 Dec 24,01:34 PM,60.0,04 Dec 24,01:39 PM,56.41,time_stop,-89.69,-5.98,5
NIFTY50,24500,BULLISH,1,04 Dec 24,02:22 PM,60.0,04 Dec 24,02:24 PM,51.08,hard_sl_hit,-223.12,-14.87,2
NIFTY50,24500,BEARISH,1,05 Dec 24,09:17 AM,60.0,05 Dec 24,09:21 AM,53.72,hard_sl_hit,-157.06,-10.47,4
NIFTY50,24450,BULLISH,1,05 Dec 24,09:40 AM,60.0,05 Dec 24,09:44 AM,59.6,tsl_hit,-10.06,-0.67,4
NIFTY50,24400,BEARISH,1,05 Dec 24,10:54 AM,60.0,05 Dec 24,11:00 AM,84.38,tsl_hit,609.44,40.63,6
NIFTY50,24350,BULLISH,1,05 Dec 24,11:01 AM,60.0,05 Dec 24,11:10 AM,58.0,tsl_hit,-49.88,-3.33,9
NIFTY50,24650,BEARISH,1,05 Dec 24,01:43 PM,60.0,05 Dec 24,01:48 PM,58.48,time_stop,-38.06,-2.54,5
NIFTY50,24750,BEARISH,1,05 Dec 24,02:15 PM,60.0,05 Dec 24,02:18 PM,50.92,hard_sl_hit,-227.06,-15.14,3
NIFTY50,24800,BEARISH,1,05 Dec 24,02:32 PM,60.0,05 Dec 24,02:34 PM,52.25,hard_sl_hit,-193.81,-12.92,2
NIFTY50,24650,BULLISH,1,06 Dec 24,10:10 AM,60.0,06 Dec 24,10:16 AM,54.4,hard_sl_hit,-140.0,-9.33,6
NIFTY50,24750,BEARISH,1,06 Dec 24,11:09 AM,60.0,06 Dec 24,11:17 AM,71.53,tsl_hit,288.31,19.22,8
NIFTY50,24650,BULLISH,1,06 Dec 24,11:51 AM,60.0,06 Dec 24,12:05 PM,70.62,tsl_hit,265.56,17.7,14
NIFTY50,24700,BULLISH,1,06 Dec 24,01:24 PM,60.0,06 Dec 24,01:36 PM,60.52,tsl_hit,13.12,0.87,12
NIFTY50,24650,BULLISH,1,06 Dec 24,01:40 PM,60.0,06 Dec 24,01:52 PM,63.85,tsl_hit,96.25,6.42,12
NIFTY50,24700,BEARISH,1,09 Dec 24,09:26 AM,60.0,09 Dec 24,09:30 AM,67.09,tsl_hit,177.19,11.81,4
NIFTY50,24600,BEARISH,1,09 Dec 24,10:28 AM,60.0,09 Dec 24,10:41 AM,59.21,tsl_hit,-19.69,-1.31,13
NIFTY50,24650,BEARISH,1,09 Dec 24,11:22 AM,60.0,09 Dec 24,11:27 AM,57.9,time_stop,-52.5,-3.5,5
NIFTY50,24700,BEARISH,1,09 Dec 24,11:47 AM,60.0,09 Dec 24,11:58 AM,60.19,tsl_hit,4.81,0.32,11
NIFTY50,24650,BULLISH,1,09 Dec 24,12:13 PM,60.0,09 Dec 24,12:19 PM,60.89,tsl_hit,22.31,1.49,6
NIFTY50,24600,BULLISH,1,10 Dec 24,09:30 AM,60.0,10 Dec 24,09:34 AM,65.69,tsl_hit,142.19,9.48,4
NIFTY50,24650,BEARISH,1,10 Dec 24,09:56 AM,60.0,10 Dec 24,10:00 AM,53.07,hard_sl_hit,-173.25,-11.55,4
NIFTY50,24650,BEARISH,1,10 Dec 24,10:02 AM,60.0,10 Dec 24,10:11 AM,64.99,tsl_hit,124.69,8.31,9
NIFTY50,24650,BEARISH,1,10 Dec 24,11:33 AM,60.0,10 Dec 24,12:04 PM,67.95,tsl_hit,198.63,13.24,31
NIFTY50,24650,BEARISH,1,10 Dec 24,12:08 PM,60.0,10 Dec 24,12:16 PM,77.1,tsl_hit,427.44,28.5,8
NIFTY50,24600,BULLISH,1,10 Dec 24,12:17 PM,60.0,10 Dec 24,12:20 PM,53.54,hard_sl_hit,-161.44,-10.76,3
NIFTY50,24550,BULLISH,1,10 Dec 24,12:37 PM,60.0,10 Dec 24,12:40 PM,59.51,tsl_hit,-12.25,-0.82,3
NIFTY50,24550,BEARISH,1,10 Dec 24,01:34 PM,60.0,10 Dec 24,01:53 PM,70.41,tsl_hit,260.31,17.35,19
NIFTY50,24550,BEARISH,1,10 Dec 24,02:54 PM,60.0,10 Dec 24,03:00 PM,46.38,hard_sl_hit,-340.38,-22.69,6
NIFTY50,24650,BEARISH,1,11 Dec 24,10:28 AM,60.0,11 Dec 24,10:34 AM,58.78,tsl_hit,-30.63,-2.04,6
NIFTY50,24700,BEARISH,1,11 Dec 24,11:40 AM,60.0,11 Dec 24,12:05 PM,61.0,tsl_hit,24.94,1.66,25
NIFTY50,24650,BULLISH,1,11 Dec 24,12:14 PM,60.0,11 Dec 24,12:15 PM,53.8,hard_sl_hit,-154.88,-10.33,1
NIFTY50,24650,BULLISH,1,11 Dec 24,12:17 PM,60.0,11 Dec 24,12:22 PM,64.71,tsl_hit,117.69,7.85,5
NIFTY50,24650,BEARISH,1,11 Dec 24,01:07 PM,60.0,11 Dec 24,01:12 PM,56.74,time_stop,-81.38,-5.43,5
NIFTY50,24650,BULLISH,1,11 Dec 24,02:47 PM,60.0,11 Dec 24,03:20 PM,64.53,tsl_hit,113.31,7.55,33
NIFTY50,24600,BULLISH,1,12 Dec 24,11:02 AM,60.0,12 Dec 24,11:22 AM,61.66,tsl_hit,41.56,2.77,20
NIFTY50,24550,BULLISH,1,12 Dec 24,12:04 PM,60.0,12 Dec 24,12:17 PM,52.84,hard_sl_hit,-178.94,-11.93,13
NIFTY50,24550,BEARISH,1,12 Dec 24,12:32 PM,60.0,12 Dec 24,12:37 PM,57.58,time_stop,-60.38,-4.03,5
NIFTY50,24550,BEARISH,1,12 Dec 24,02:17 PM,60.0,12 Dec 24,02:40 PM,62.75,tsl_hit,68.69,4.58,23
NIFTY50,24550,BULLISH,1,12 Dec 24,02:49 PM,60.0,12 Dec 24,02:54 PM,54.5,hard_sl_hit,-137.38,-9.16,5
NIFTY50,24550,BULLISH,1,13 Dec 24,12:35 PM,60.0,13 Dec 24,12:36 PM,54.49,hard_sl_hit,-137.81,-9.19,1
NIFTY50,24700,BULLISH,1,13 Dec 24,02:49 PM,60.0,13 Dec 24,03:02 PM,67.25,tsl_hit,181.13,12.08,13
NIFTY50,24750,BULLISH,1,16 Dec 24,09:18 AM,60.0,16 Dec 24,09:21 AM,57.72,tsl_hit,-56.87,-3.79,3
NIFTY50,24650,BULLISH,1,16 Dec 24,11:16 AM,60.0,16 Dec 24,11:26 AM,57.1,tsl_hit,-72.62,-4.84,10
NIFTY50,24650,BULLISH,1,16 Dec 24,11:58 AM,60.0,16 Dec 24,12:03 PM,57.32,time_stop,-66.94,-4.46,5
NIFTY50,24650,BEARISH,1,16 Dec 24,12:27 PM,60.0,16 Dec 24,12:34 PM,57.23,tsl_hit,-69.13,-4.61,7
NIFTY50,24650,BULLISH,1,16 Dec 24,01:28 PM,60.0,16 Dec 24,01:43 PM,63.08,tsl_hit,77.0,5.13,15
NIFTY50,24600,BULLISH,1,17 Dec 24,09:17 AM,60.0,17 Dec 24,09:26 AM,66.93,tsl_hit,173.25,11.55,9
NIFTY50,24550,BULLISH,1,17 Dec 24,09:38 AM,60.0,17 Dec 24,09:45 AM,53.25,hard_sl_hit,-168.87,-11.26,7
NIFTY50,24350,BULLISH,1,17 Dec 24,12:22 PM,60.0,17 Dec 24,12:35 PM,86.37,tsl_hit,659.31,43.95,13
NIFTY50,24350,BULLISH,1,18 Dec 24,09:19 AM,60.0,18 Dec 24,09:21 AM,61.33,tsl_hit,33.25,2.22,2
NIFTY50,24350,BEARISH,1,18 Dec 24,09:42 AM,60.0,18 Dec 24,09:44 AM,52.37,hard_sl_hit,-190.75,-12.72,2
NIFTY50,24150,BULLISH,1,18 Dec 24,12:39 PM,60.0,18 Dec 24,12:57 PM,64.62,tsl_hit,115.5,7.7,18
NIFTY50,24300,BEARISH,1,18 Dec 24,09:17 AM,60.0,18 Dec 24,09:19 AM,54.38,hard_sl_hit,-140.44,-9.36,2
NIFTY50,24350,BEARISH,1,18 Dec 24,09:42 AM,60.0,18 Dec 24,09:44 AM,52.37,hard_sl_hit,-190.75,-12.72,2
NIFTY50,24150,BULLISH,1,18 Dec 24,12:39 PM,60.0,18 Dec 24,12:57 PM,64.62,tsl_hit,115.5,7.7,18
NIFTY50,23900,BULLISH,1,19 Dec 24,09:17 AM,60.0,19 Dec 24,09:20 AM,60.23,tsl_hit,5.69,0.38,3
NIFTY50,23950,BULLISH,1,19 Dec 24,10:52 AM,60.0,19 Dec 24,10:57 AM,57.43,time_stop,-64.31,-4.29,5
NIFTY50,23950,BULLISH,1,19 Dec 24,11:12 AM,60.0,19 Dec 24,11:33 AM,62.71,tsl_hit,67.81,4.52,21
NIFTY50,24000,BEARISH,1,19 Dec 24,11:40 AM,60.0,19 Dec 24,11:48 AM,61.45,tsl_hit,36.31,2.42,8
NIFTY50,23950,BEARISH,1,19 Dec 24,01:03 PM,60.0,19 Dec 24,01:08 PM,58.78,time_stop,-30.63,-2.04,5
NIFTY50,23950,BULLISH,1,19 Dec 24,01:21 PM,60.0,19 Dec 24,01:30 PM,60.26,tsl_hit,6.56,0.44,9
NIFTY50,23900,BULLISH,1,20 Dec 24,09:19 AM,60.0,20 Dec 24,09:22 AM,55.77,tsl_hit,-105.87,-7.06,3
NIFTY50,24050,BEARISH,1,20 Dec 24,09:42 AM,60.0,20 Dec 24,09:50 AM,116.95,tsl_hit,1423.63,94.91,8
NIFTY50,23850,BULLISH,1,20 Dec 24,12:17 PM,60.0,20 Dec 24,12:21 PM,53.37,hard_sl_hit,-165.81,-11.05,4
NIFTY50,23600,BULLISH,1,20 Dec 24,03:02 PM,60.0,20 Dec 24,03:04 PM,50.08,hard_sl_hit,-248.06,-16.54,2
NIFTY50,23750,BEARISH,1,23 Dec 24,09:18 AM,60.0,23 Dec 24,09:20 AM,52.96,hard_sl_hit,-175.88,-11.73,2
NIFTY50,23850,BEARISH,1,23 Dec 24,11:02 AM,60.0,23 Dec 24,11:09 AM,52.49,hard_sl_hit,-187.69,-12.51,7
NIFTY50,23850,BEARISH,1,23 Dec 24,11:19 AM,60.0,23 Dec 24,11:26 AM,57.57,tsl_hit,-60.81,-4.05,7
NIFTY50,23800,BULLISH,1,23 Dec 24,11:58 AM,60.0,23 Dec 24,12:01 PM,54.59,hard_sl_hit,-135.19,-9.01,3
NIFTY50,23800,BULLISH,1,23 Dec 24,12:02 PM,60.0,23 Dec 24,12:04 PM,50.3,hard_sl_hit,-242.38,-16.16,2
NIFTY50,23800,BULLISH,1,24 Dec 24,12:06 PM,60.0,24 Dec 24,12:15 PM,53.23,hard_sl_hit,-169.31,-11.29,9
NIFTY50,23750,BEARISH,1,24 Dec 24,02:15 PM,60.0,24 Dec 24,02:25 PM,67.79,tsl_hit,194.69,12.98,10
NIFTY50,23750,BEARISH,1,24 Dec 24,02:56 PM,60.0,24 Dec 24,03:02 PM,60.32,tsl_hit,7.88,0.53,6
NIFTY50,23700,BULLISH,1,26 Dec 24,10:51 AM,60.0,26 Dec 24,11:08 AM,68.92,tsl_hit,223.12,14.87,17
NIFTY50,23750,BEARISH,1,26 Dec 24,02:44 PM,60.0,27 Dec 24,09:15 AM,36.15,hard_sl_hit,-596.31,-39.75,46
NIFTY50,23800,BEARISH,1,27 Dec 24,09:17 AM,60.0,27 Dec 24,09:24 AM,54.15,hard_sl_hit,-146.13,-9.74,7
NIFTY50,23850,BULLISH,1,27 Dec 24,01:03 PM,60.0,27 Dec 24,01:14 PM,67.65,tsl_hit,191.19,12.75,11
NIFTY50,23850,BEARISH,1,27 Dec 24,01:57 PM,60.0,27 Dec 24,02:02 PM,57.72,time_stop,-56.87,-3.79,5
NIFTY50,23800,BULLISH,1,30 Dec 24,09:17 AM,60.0,30 Dec 24,09:21 AM,62.03,tsl_hit,50.75,3.38,4
NIFTY50,23800,BEARISH,1,30 Dec 24,11:26 AM,60.0,30 Dec 24,11:29 AM,53.52,hard_sl_hit,-161.88,-10.79,3
NIFTY50,23550,BULLISH,1,31 Dec 24,09:17 AM,60.0,31 Dec 24,09:19 AM,60.25,tsl_hit,6.13,0.41,2
NIFTY50,23550,BEARISH,1,31 Dec 24,09:38 AM,60.0,31 Dec 24,09:46 AM,74.84,tsl_hit,371.0,24.73,8
NIFTY50,23500,BULLISH,1,31 Dec 24,10:08 AM,60.0,31 Dec 24,10:10 AM,54.3,hard_sl_hit,-142.62,-9.51,2
NIFTY50,23450,BULLISH,1,31 Dec 24,10:11 AM,60.0,31 Dec 24,10:20 AM,72.09,tsl_hit,302.31,20.15,9
NIFTY50,23550,BEARISH,1,31 Dec 24,10:25 AM,60.0,31 Dec 24,10:31 AM,62.33,tsl_hit,58.19,3.88,6
NIFTY50,23600,BULLISH,1,31 Dec 24,12:44 PM,60.0,31 Dec 24,01:32 PM,66.51,tsl_hit,162.75,10.85,48
NIFTY50,23650,BEARISH,1,31 Dec 24,01:42 PM,60.0,31 Dec 24,01:46 PM,60.58,tsl_hit,14.44,0.96,4
NIFTY50,23700,BEARISH,1,31 Dec 24,02:09 PM,60.0,31 Dec 24,02:24 PM,76.19,tsl_hit,404.69,26.98,15
NIFTY50,23650,BEARISH,1,01 Jan 25,10:14 AM,60.0,01 Jan 25,10:16 AM,59.74,tsl_hit,-6.56,-0.44,2
NIFTY50,23750,BEARISH,1,01 Jan 25,10:53 AM,60.0,01 Jan 25,11:07 AM,54.47,hard_sl_hit,-138.25,-9.22,14
NIFTY50,23750,BEARISH,1,01 Jan 25,11:19 AM,60.0,01 Jan 25,11:27 AM,62.7,tsl_hit,67.38,4.49,8
NIFTY50,23800,BEARISH,1,01 Jan 25,02:04 PM,60.0,01 Jan 25,02:09 PM,59.32,time_stop,-17.06,-1.14,5
NIFTY50,23800,BEARISH,1,02 Jan 25,09:39 AM,60.0,02 Jan 25,09:41 AM,53.75,hard_sl_hit,-156.19,-10.41,2
NIFTY50,23850,BEARISH,1,02 Jan 25,09:57 AM,60.0,02 Jan 25,10:05 AM,58.28,tsl_hit,-42.88,-2.86,8
NIFTY50,23950,BEARISH,1,02 Jan 25,11:11 AM,60.0,02 Jan 25,11:21 AM,59.86,tsl_hit,-3.5,-0.23,10
NIFTY50,23950,BEARISH,1,02 Jan 25,11:31 AM,60.0,02 Jan 25,11:56 AM,71.85,tsl_hit,296.19,19.75,25
NIFTY50,24000,BEARISH,1,02 Jan 25,12:27 PM,60.0,02 Jan 25,12:29 PM,53.19,hard_sl_hit,-170.19,-11.35,2
NIFTY50,24200,BEARISH,1,02 Jan 25,02:22 PM,60.0,02 Jan 25,02:33 PM,63.22,tsl_hit,80.5,5.37,11
NIFTY50,24150,BULLISH,1,03 Jan 25,09:17 AM,60.0,03 Jan 25,09:20 AM,63.22,tsl_hit,80.5,5.37,3
NIFTY50,24150,BULLISH,1,03 Jan 25,09:27 AM,60.0,03 Jan 25,09:32 AM,53.31,hard_sl_hit,-167.13,-11.14,5
NIFTY50,24100,BEARISH,1,03 Jan 25,10:05 AM,60.0,03 Jan 25,10:15 AM,77.87,tsl_hit,446.69,29.78,10
NIFTY50,24050,BEARISH,1,03 Jan 25,11:09 AM,60.0,03 Jan 25,11:14 AM,53.12,hard_sl_hit,-171.94,-11.46,5
NIFTY50,24100,BEARISH,1,03 Jan 25,01:06 PM,60.0,03 Jan 25,01:19 PM,61.33,tsl_hit,33.25,2.22,13
NIFTY50,24050,BULLISH,1,03 Jan 25,02:01 PM,60.0,03 Jan 25,02:10 PM,53.94,hard_sl_hit,-151.38,-10.09,9
NIFTY50,24050,BEARISH,1,03 Jan 25,02:40 PM,60.0,03 Jan 25,02:46 PM,60.23,tsl_hit,5.69,0.38,6
NIFTY50,24000,BULLISH,1,03 Jan 25,03:03 PM,60.0,03 Jan 25,03:06 PM,52.16,hard_sl_hit,-196.0,-13.07,3
NIFTY50,24000,BULLISH,1,03 Jan 25,03:29 PM,60.0,06 Jan 25,09:18 AM,70.1,tsl_hit,252.44,16.83,4
NIFTY50,24100,BEARISH,1,06 Jan 25,09:26 AM,60.0,06 Jan 25,09:30 AM,66.69,tsl_hit,167.13,11.14,4
NIFTY50,23700,BULLISH,1,07 Jan 25,09:51 AM,60.0,07 Jan 25,09:53 AM,52.54,hard_sl_hit,-186.38,-12.43,2
NIFTY50,23750,BEARISH,1,07 Jan 25,11:29 AM,60.0,07 Jan 25,11:51 AM,59.42,tsl_hit,-14.44,-0.96,22
NIFTY50,23750,BULLISH,1,07 Jan 25,12:04 PM,60.0,07 Jan 25,12:08 PM,59.14,tsl_hit,-21.44,-1.43,4
NIFTY50,23550,BULLISH,1,08 Jan 25,11:24 AM,60.0,08 Jan 25,11:37 AM,76.28,tsl_hit,406.88,27.13,13
NIFTY50,23550,BULLISH,1,08 Jan 25,12:04 PM,60.0,08 Jan 25,12:14 PM,53.88,hard_sl_hit,-153.12,-10.21,10
NIFTY50,23650,BEARISH,1,08 Jan 25,01:47 PM,60.0,08 Jan 25,01:51 PM,47.92,hard_sl_hit,-301.88,-20.13,4
NIFTY50,23700,BULLISH,1,08 Jan 25,03:03 PM,60.0,08 Jan 25,03:05 PM,51.22,hard_sl_hit,-219.62,-14.64,2
NIFTY50,23650,BULLISH,1,09 Jan 25,09:17 AM,60.0,09 Jan 25,09:18 AM,53.77,hard_sl_hit,-155.75,-10.38,1
NIFTY50,23550,BULLISH,1,09 Jan 25,10:49 AM,60.0,09 Jan 25,11:21 AM,60.82,tsl_hit,20.56,1.37,32
NIFTY50,23600,BEARISH,1,09 Jan 25,12:19 PM,60.0,09 Jan 25,12:34 PM,74.07,tsl_hit,351.75,23.45,15
NIFTY50,23550,BULLISH,1,09 Jan 25,01:59 PM,60.0,09 Jan 25,02:10 PM,64.38,tsl_hit,109.38,7.29,11
NIFTY50,23500,BULLISH,1,09 Jan 25,02:39 PM,60.0,09 Jan 25,02:44 PM,59.12,time_stop,-21.88,-1.46,5
NIFTY50,23550,BEARISH,1,09 Jan 25,03:23 PM,60.0,09 Jan 25,03:28 PM,54.72,time_stop,-132.12,-8.81,5
NIFTY50,23500,BULLISH,1,10 Jan 25,01:31 PM,60.0,10 Jan 25,01:53 PM,63.59,tsl_hit,89.69,5.98,22
NIFTY50,23500,BULLISH,1,10 Jan 25,02:08 PM,60.0,10 Jan 25,02:11 PM,48.85,hard_sl_hit,-278.69,-18.58,3
NIFTY50,23200,BULLISH,1,13 Jan 25,09:18 AM,60.0,13 Jan 25,09:20 AM,62.13,tsl_hit,53.37,3.56,2
NIFTY50,23250,BEARISH,1,13 Jan 25,10:05 AM,60.0,13 Jan 25,10:08 AM,60.07,tsl_hit,1.75,0.12,3
NIFTY50,23300,BEARISH,1,13 Jan 25,10:31 AM,60.0,13 Jan 25,10:33 AM,52.65,hard_sl_hit,-183.75,-12.25,2
NIFTY50,23250,BULLISH,1,13 Jan 25,11:33 AM,60.0,13 Jan 25,11:38 AM,52.16,hard_sl_hit,-196.0,-13.07,5
NIFTY50,23200,BULLISH,1,13 Jan 25,01:00 PM,60.0,13 Jan 25,01:09 PM,59.98,tsl_hit,-0.44,-0.03,9
NIFTY50,23200,BULLISH,1,13 Jan 25,01:14 PM,60.0,13 Jan 25,01:19 PM,56.48,time_stop,-87.94,-5.86,5
NIFTY50,23150,BULLISH,1,13 Jan 25,01:41 PM,60.0,13 Jan 25,01:48 PM,53.24,hard_sl_hit,-168.88,-11.26,7
NIFTY50,23100,BULLISH,1,13 Jan 25,01:52 PM,60.0,13 Jan 25,01:57 PM,61.24,tsl_hit,31.06,2.07,5
NIFTY50,23200,BEARISH,1,14 Jan 25,09:17 AM,60.0,14 Jan 25,09:21 AM,50.02,hard_sl_hit,-249.38,-16.63,4
NIFTY50,23250,BEARISH,1,14 Jan 25,11:09 AM,60.0,14 Jan 25,11:53 AM,82.3,tsl_hit,557.38,37.16,44
NIFTY50,23200,BULLISH,1,14 Jan 25,02:34 PM,60.0,14 Jan 25,02:39 PM,59.67,time_stop,-8.31,-0.55,5
NIFTY50,23250,BEARISH,1,15 Jan 25,10:41 AM,60.0,15 Jan 25,10:46 AM,51.53,hard_sl_hit,-211.75,-14.12,5
NIFTY50,23300,BEARISH,1,15 Jan 25,10:49 AM,60.0,15 Jan 25,11:00 AM,61.66,tsl_hit,41.56,2.77,11
NIFTY50,23200,BULLISH,1,15 Jan 25,03:19 PM,60.0,15 Jan 25,03:27 PM,62.52,tsl_hit,63.0,4.2,8
NIFTY50,23350,BEARISH,1,16 Jan 25,09:17 AM,60.0,16 Jan 25,09:21 AM,61.03,tsl_hit,25.81,1.72,4
NIFTY50,23300,BULLISH,1,16 Jan 25,10:55 AM,60.0,16 Jan 25,11:19 AM,60.79,tsl_hit,19.69,1.31,24
NIFTY50,23300,BEARISH,1,16 Jan 25,12:47 PM,60.0,16 Jan 25,12:52 PM,59.16,time_stop,-21.0,-1.4,5
NIFTY50,23300,BEARISH,1,16 Jan 25,12:57 PM,60.0,16 Jan 25,01:20 PM,61.31,tsl_hit,32.81,2.19,23
NIFTY50,23300,BEARISH,1,16 Jan 25,01:32 PM,60.0,16 Jan 25,01:37 PM,59.53,time_stop,-11.81,-0.79,5
NIFTY50,23350,BEARISH,1,16 Jan 25,01:58 PM,60.0,16 Jan 25,02:41 PM,70.99,tsl_hit,274.75,18.32,43
NIFTY50,23200,BULLISH,1,17 Jan 25,09:19 AM,60.0,17 Jan 25,09:23 AM,62.26,tsl_hit,56.44,3.76,4
NIFTY50,23150,BULLISH,1,17 Jan 25,10:53 AM,60.0,17 Jan 25,10:57 AM,52.7,hard_sl_hit,-182.44,-12.16,4
NIFTY50,23200,BEARISH,1,17 Jan 25,02:03 PM,60.0,17 Jan 25,02:11 PM,61.96,tsl_hit,49.0,3.27,8
NIFTY50,23200,BEARISH,1,17 Jan 25,02:29 PM,60.0,17 Jan 25,02:34 PM,58.76,time_stop,-31.06,-2.07,5
NIFTY50,23200,BEARISH,1,17 Jan 25,03:00 PM,60.0,17 Jan 25,03:11 PM,65.01,tsl_hit,125.13,8.34,11
NIFTY50,23250,BEARISH,1,20 Jan 25,09:17 AM,60.0,20 Jan 25,09:21 AM,69.24,tsl_hit,231.0,15.4,4
NIFTY50,23250,BEARISH,1,20 Jan 25,10:21 AM,60.0,20 Jan 25,10:25 AM,54.54,hard_sl_hit,-136.5,-9.1,4
NIFTY50,23300,BEARISH,1,20 Jan 25,11:21 AM,60.0,20 Jan 25,11:24 AM,59.42,tsl_hit,-14.44,-0.96,3
NIFTY50,23350,BULLISH,1,20 Jan 25,01:28 PM,60.0,20 Jan 25,01:33 PM,57.57,time_stop,-60.81,-4.05,5
NIFTY50,23400,BEARISH,1,21 Jan 25,09:17 AM,60.0,21 Jan 25,09:20 AM,61.33,tsl_hit,33.25,2.22,3
NIFTY50,23350,BEARISH,1,21 Jan 25,11:50 AM,60.0,21 Jan 25,11:51 AM,50.04,hard_sl_hit,-248.94,-16.6,1
NIFTY50,23200,BULLISH,1,21 Jan 25,01:53 PM,60.0,21 Jan 25,01:56 PM,51.35,hard_sl_hit,-216.13,-14.41,3
NIFTY50,23100,BULLISH,1,21 Jan 25,02:37 PM,60.0,21 Jan 25,02:38 PM,54.56,hard_sl_hit,-136.06,-9.07,1
NIFTY50,23100,BULLISH,1,22 Jan 25,10:21 AM,60.0,22 Jan 25,10:27 AM,65.39,tsl_hit,134.75,8.98,6
NIFTY50,23100,BULLISH,1,22 Jan 25,10:41 AM,60.0,22 Jan 25,10:49 AM,73.98,tsl_hit,349.56,23.3,8
NIFTY50,23050,BULLISH,1,22 Jan 25,11:12 AM,60.0,22 Jan 25,11:17 AM,59.09,time_stop,-22.75,-1.52,5
NIFTY50,23050,BULLISH,1,22 Jan 25,11:36 AM,60.0,22 Jan 25,11:45 AM,52.77,hard_sl_hit,-180.69,-12.05,9
NIFTY50,23000,BULLISH,1,22 Jan 25,12:55 PM,60.0,22 Jan 25,01:15 PM,66.41,tsl_hit,160.13,10.68,20
NIFTY50,23050,BEARISH,1,22 Jan 25,01:16 PM,60.0,22 Jan 25,01:31 PM,64.88,tsl_hit,122.06,8.14,15
NIFTY50,23100,BULLISH,1,23 Jan 25,09:18 AM,60.0,23 Jan 25,09:26 AM,63.25,tsl_hit,81.37,5.42,8
NIFTY50,23250,BEARISH,1,23 Jan 25,11:37 AM,60.0,23 Jan 25,11:55 AM,68.22,tsl_hit,205.62,13.71,18
NIFTY50,23250,BEARISH,1,23 Jan 25,12:22 PM,60.0,23 Jan 25,12:33 PM,54.22,hard_sl_hit,-144.37,-9.62,11
NIFTY50,23200,BULLISH,1,23 Jan 25,03:12 PM,60.0,24 Jan 25,09:24 AM,86.86,tsl_hit,671.56,44.77,27
NIFTY50,23250,BEARISH,1,24 Jan 25,11:05 AM,60.0,24 Jan 25,11:13 AM,47.33,hard_sl_hit,-316.75,-21.12,8
NIFTY50,23300,BEARISH,1,24 Jan 25,11:44 AM,60.0,24 Jan 25,11:49 AM,55.77,time_stop,-105.87,-7.06,5
NIFTY50,23200,BEARISH,1,24 Jan 25,01:55 PM,60.0,24 Jan 25,02:04 PM,53.68,hard_sl_hit,-157.94,-10.53,9
NIFTY50,23150,BULLISH,1,24 Jan 25,02:17 PM,60.0,24 Jan 25,02:24 PM,59.91,tsl_hit,-2.19,-0.15,7
NIFTY50,23150,BEARISH,1,24 Jan 25,02:35 PM,60.0,24 Jan 25,02:54 PM,86.13,tsl_hit,653.19,43.55,19
NIFTY50,22950,BULLISH,1,27 Jan 25,09:19 AM,60.0,27 Jan 25,09:26 AM,70.43,tsl_hit,260.75,17.38,7
NIFTY50,22900,BULLISH,1,27 Jan 25,10:22 AM,60.0,27 Jan 25,10:26 AM,53.24,hard_sl_hit,-168.88,-11.26,4
NIFTY50,22900,BEARISH,1,27 Jan 25,12:07 PM,60.0,27 Jan 25,12:14 PM,73.47,tsl_hit,336.87,22.46,7
NIFTY50,22800,BULLISH,1,27 Jan 25,02:32 PM,60.0,27 Jan 25,02:48 PM,54.19,hard_sl_hit,-145.25,-9.68,16
NIFTY50,22800,BULLISH,1,27 Jan 25,02:50 PM,60.0,27 Jan 25,03:00 PM,68.12,tsl_hit,203.0,13.53,10
NIFTY50,22900,BEARISH,1,28 Jan 25,09:17 AM,60.0,28 Jan 25,09:22 AM,64.23,tsl_hit,105.87,7.06,5
NIFTY50,22900,BEARISH,1,28 Jan 25,09:50 AM,60.0,28 Jan 25,09:59 AM,59.77,tsl_hit,-5.69,-0.38,9
NIFTY50,22950,BEARISH,1,28 Jan 25,11:04 AM,60.0,28 Jan 25,11:14 AM,64.59,tsl_hit,114.63,7.64,10
NIFTY50,23000,BEARISH,1,28 Jan 25,11:43 AM,60.0,28 Jan 25,11:48 AM,63.61,tsl_hit,90.13,6.01,5
NIFTY50,23050,BEARISH,1,28 Jan 25,12:57 PM,60.0,28 Jan 25,01:14 PM,53.56,hard_sl_hit,-161.0,-10.73,17
NIFTY50,23050,BEARISH,1,28 Jan 25,01:19 PM,60.0,28 Jan 25,01:33 PM,69.5,tsl_hit,237.56,15.84,14
NIFTY50,23050,BEARISH,1,28 Jan 25,01:56 PM,60.0,28 Jan 25,02:02 PM,53.28,hard_sl_hit,-168.0,-11.2,6
NIFTY50,23050,BEARISH,1,28 Jan 25,02:03 PM,60.0,28 Jan 25,02:16 PM,62.43,tsl_hit,60.81,4.05,13
NIFTY50,23100,BEARISH,1,28 Jan 25,02:29 PM,60.0,28 Jan 25,02:32 PM,59.51,tsl_hit,-12.25,-0.82,3
NIFTY50,23050,BULLISH,1,28 Jan 25,02:49 PM,60.0,28 Jan 25,02:50 PM,52.63,hard_sl_hit,-184.19,-12.28,1
NIFTY50,23000,BULLISH,1,28 Jan 25,02:53 PM,60.0,28 Jan 25,02:55 PM,53.93,hard_sl_hit,-151.81,-10.12,2
NIFTY50,23100,BEARISH,1,29 Jan 25,11:01 AM,60.0,29 Jan 25,11:18 AM,68.08,tsl_hit,202.12,13.47,17
NIFTY50,23150,BEARISH,1,29 Jan 25,12:19 PM,60.0,29 Jan 25,12:25 PM,59.81,tsl_hit,-4.81,-0.32,6
NIFTY50,23100,BULLISH,1,29 Jan 25,01:04 PM,60.0,29 Jan 25,01:13 PM,59.93,tsl_hit,-1.75,-0.12,9
NIFTY50,23150,BEARISH,1,29 Jan 25,02:15 PM,60.0,29 Jan 25,02:23 PM,66.14,tsl_hit,153.56,10.24,8
NIFTY50,23200,BEARISH,1,30 Jan 25,09:33 AM,60.0,30 Jan 25,09:46 AM,53.14,hard_sl_hit,-171.5,-11.43,13
NIFTY50,23300,BEARISH,1,30 Jan 25,10:12 AM,60.0,30 Jan 25,10:23 AM,53.42,hard_sl_hit,-164.5,-10.97,11
NIFTY50,23250,BULLISH,1,30 Jan 25,10:58 AM,60.0,30 Jan 25,11:03 AM,54.24,hard_sl_hit,-143.94,-9.6,5
NIFTY50,23250,BULLISH,1,30 Jan 25,12:48 PM,60.0,30 Jan 25,01:07 PM,62.01,tsl_hit,50.31,3.35,19
NIFTY50,23200,BULLISH,1,30 Jan 25,01:29 PM,60.0,30 Jan 25,01:43 PM,61.68,tsl_hit,42.0,2.8,14
NIFTY50,23200,BULLISH,1,30 Jan 25,01:55 PM,60.0,30 Jan 25,02:07 PM,51.42,hard_sl_hit,-214.38,-14.29,12
NIFTY50,23200,BULLISH,1,30 Jan 25,02:10 PM,60.0,30 Jan 25,02:30 PM,53.28,hard_sl_hit,-168.0,-11.2,20
NIFTY50,23450,BEARISH,1,31 Jan 25,12:14 PM,60.0,31 Jan 25,12:27 PM,61.89,tsl_hit,47.25,3.15,13
NIFTY50,23500,BEARISH,1,31 Jan 25,01:02 PM,60.0,31 Jan 25,01:09 PM,57.9,tsl_hit,-52.5,-3.5,7
NIFTY50,23500,BULLISH,1,01 Feb 25,09:22 AM,60.0,01 Feb 25,09:32 AM,81.3,tsl_hit,532.44,35.5,10
NIFTY50,23600,BEARISH,1,01 Feb 25,10:43 AM,60.0,01 Feb 25,11:03 AM,69.41,tsl_hit,235.37,15.69,20
NIFTY50,23550,BULLISH,1,01 Feb 25,11:04 AM,60.0,01 Feb 25,11:07 AM,54.02,hard_sl_hit,-149.62,-9.97,3
NIFTY50,23450,BULLISH,1,01 Feb 25,11:53 AM,60.0,01 Feb 25,11:54 AM,46.75,hard_sl_hit,-331.19,-22.08,1
NIFTY50,23350,BULLISH,1,01 Feb 25,01:12 PM,60.0,01 Feb 25,01:15 PM,57.29,tsl_hit,-67.81,-4.52,3
NIFTY50,23250,BEARISH,1,03 Feb 25,09:15 AM,60.0,03 Feb 25,09:19 AM,63.1,tsl_hit,77.44,5.16,4
NIFTY50,23300,BEARISH,1,03 Feb 25,10:46 AM,60.0,03 Feb 25,10:58 AM,61.52,tsl_hit,38.06,2.54,12
NIFTY50,23350,BEARISH,1,03 Feb 25,11:19 AM,60.0,03 Feb 25,11:42 AM,83.08,tsl_hit,577.06,38.47,23
NIFTY50,23300,BEARISH,1,03 Feb 25,01:05 PM,60.0,03 Feb 25,01:09 PM,49.71,hard_sl_hit,-257.25,-17.15,4
NIFTY50,23350,BEARISH,1,03 Feb 25,03:11 PM,60.0,04 Feb 25,09:15 AM,16.0,hard_sl_hit,-1099.88,-73.33,19
NIFTY50,23500,BEARISH,1,04 Feb 25,09:17 AM,60.0,04 Feb 25,09:22 AM,52.41,hard_sl_hit,-189.87,-12.66,5
NIFTY50,23600,BEARISH,1,04 Feb 25,12:20 PM,60.0,04 Feb 25,12:29 PM,62.98,tsl_hit,74.38,4.96,9
NIFTY50,23650,BEARISH,1,04 Feb 25,01:13 PM,60.0,04 Feb 25,01:21 PM,53.33,hard_sl_hit,-166.69,-11.11,8
NIFTY50,23700,BEARISH,1,04 Feb 25,01:37 PM,60.0,04 Feb 25,01:43 PM,62.33,tsl_hit,58.19,3.88,6
NIFTY50,23650,BULLISH,1,04 Feb 25,02:15 PM,60.0,04 Feb 25,02:22 PM,59.93,tsl_hit,-1.75,-0.12,7
NIFTY50,23750,BEARISH,1,05 Feb 25,09:17 AM,60.0,05 Feb 25,09:23 AM,59.07,tsl_hit,-23.19,-1.55,6
NIFTY50,23800,BEARISH,1,05 Feb 25,10:53 AM,60.0,05 Feb 25,11:02 AM,62.35,tsl_hit,58.63,3.91,9
NIFTY50,23750,BULLISH,1,05 Feb 25,11:10 AM,60.0,05 Feb 25,11:17 AM,56.13,tsl_hit,-96.69,-6.45,7
NIFTY50,23750,BULLISH,1,05 Feb 25,12:47 PM,60.0,05 Feb 25,12:52 PM,56.43,time_stop,-89.25,-5.95,5
NIFTY50,23700,BULLISH,1,06 Feb 25,09:15 AM,60.0,06 Feb 25,09:22 AM,52.12,hard_sl_hit,-196.88,-13.12,7
NIFTY50,23600,BULLISH,1,06 Feb 25,11:08 AM,60.0,06 Feb 25,11:13 AM,57.71,time_stop,-57.31,-3.82,5
NIFTY50,23600,BULLISH,1,06 Feb 25,12:33 PM,60.0,06 Feb 25,12:38 PM,59.68,time_stop,-7.88,-0.53,5
NIFTY50,23600,BEARISH,1,06 Feb 25,01:29 PM,60.0,06 Feb 25,01:56 PM,63.9,tsl_hit,97.56,6.5,27
NIFTY50,23500,BULLISH,1,07 Feb 25,01:55 PM,60.0,07 Feb 25,02:06 PM,62.99,tsl_hit,74.81,4.99,11
NIFTY50,23350,BULLISH,1,10 Feb 25,12:03 PM,60.0,10 Feb 25,12:19 PM,54.52,hard_sl_hit,-136.94,-9.13,16
NIFTY50,23350,BEARISH,1,10 Feb 25,01:53 PM,60.0,10 Feb 25,02:24 PM,72.79,tsl_hit,319.81,21.32,31
NIFTY50,23300,BEARISH,1,11 Feb 25,11:11 AM,60.0,11 Feb 25,11:37 AM,67.58,tsl_hit,189.44,12.63,26
NIFTY50,23250,BULLISH,1,11 Feb 25,12:25 PM,60.0,11 Feb 25,12:47 PM,54.24,hard_sl_hit,-143.94,-9.6,22
NIFTY50,23200,BULLISH,1,11 Feb 25,12:52 PM,60.0,11 Feb 25,12:55 PM,53.56,hard_sl_hit,-161.0,-10.73,3
NIFTY50,23100,BEARISH,1,11 Feb 25,02:56 PM,60.0,11 Feb 25,02:59 PM,67.21,tsl_hit,180.25,12.02,3
NIFTY50,23050,BULLISH,1,12 Feb 25,09:17 AM,60.0,12 Feb 25,09:21 AM,54.01,hard_sl_hit,-149.63,-9.98,4
NIFTY50,22900,BULLISH,1,12 Feb 25,11:37 AM,60.0,12 Feb 25,11:46 AM,89.91,tsl_hit,747.69,49.85,9
NIFTY50,23100,BEARISH,1,12 Feb 25,12:53 PM,60.0,12 Feb 25,12:59 PM,64.46,tsl_hit,111.56,7.44,6
NIFTY50,23000,BEARISH,1,12 Feb 25,03:03 PM,60.0,12 Feb 25,03:05 PM,49.18,hard_sl_hit,-270.38,-18.03,2
NIFTY50,23050,BEARISH,1,13 Feb 25,09:17 AM,60.0,13 Feb 25,09:20 AM,53.19,hard_sl_hit,-170.19,-11.35,3
NIFTY50,23000,BULLISH,1,13 Feb 25,09:26 AM,60.0,13 Feb 25,09:28 AM,59.09,tsl_hit,-22.75,-1.52,2
NIFTY50,23150,BULLISH,1,13 Feb 25,10:23 AM,60.0,13 Feb 25,10:26 AM,52.37,hard_sl_hit,-190.75,-12.72,3
NIFTY50,23200,BEARISH,1,13 Feb 25,10:40 AM,60.0,13 Feb 25,10:54 AM,64.71,tsl_hit,117.69,7.85,14
NIFTY50,23200,BEARISH,1,13 Feb 25,11:47 AM,60.0,13 Feb 25,12:17 PM,67.49,tsl_hit,187.25,12.48,30
NIFTY50,23150,BULLISH,1,13 Feb 25,01:16 PM,60.0,13 Feb 25,01:24 PM,58.41,tsl_hit,-39.81,-2.65,8
NIFTY50,23050,BULLISH,1,13 Feb 25,02:11 PM,60.0,13 Feb 25,02:16 PM,59.34,tsl_hit,-16.62,-1.11,5
NIFTY50,23050,BULLISH,1,13 Feb 25,02:32 PM,60.0,13 Feb 25,02:35 PM,48.89,hard_sl_hit,-277.81,-18.52,3
NIFTY50,23100,BEARISH,1,14 Feb 25,09:18 AM,60.0,14 Feb 25,09:23 AM,62.42,tsl_hit,60.38,4.03,5
NIFTY50,22850,BEARISH,1,14 Feb 25,12:29 PM,60.0,14 Feb 25,12:35 PM,58.9,tsl_hit,-27.56,-1.84,6
NIFTY50,22750,BULLISH,1,17 Feb 25,09:18 AM,60.0,17 Feb 25,09:22 AM,86.88,tsl_hit,672.0,44.8,4
NIFTY50,22750,BULLISH,1,17 Feb 25,09:57 AM,60.0,17 Feb 25,10:03 AM,53.6,hard_sl_hit,-160.12,-10.67,6
NIFTY50,22850,BEARISH,1,17 Feb 25,10:39 AM,60.0,17 Feb 25,10:43 AM,51.7,hard_sl_hit,-207.38,-13.83,4
NIFTY50,22850,BEARISH,1,17 Feb 25,12:43 PM,60.0,17 Feb 25,12:46 PM,49.15,hard_sl_hit,-271.25,-18.08,3
NIFTY50,22850,BEARISH,1,17 Feb 25,12:48 PM,60.0,17 Feb 25,12:56 PM,53.89,hard_sl_hit,-152.69,-10.18,8
NIFTY50,22950,BEARISH,1,17 Feb 25,03:02 PM,60.0,17 Feb 25,03:10 PM,53.61,hard_sl_hit,-159.69,-10.65,8
NIFTY50,22850,BULLISH,1,19 Feb 25,09:17 AM,60.0,19 Feb 25,09:20 AM,59.55,tsl_hit,-11.37,-0.76,3
NIFTY50,22900,BEARISH,1,19 Feb 25,09:36 AM,60.0,19 Feb 25,09:38 AM,54.31,hard_sl_hit,-142.19,-9.48,2
NIFTY50,22950,BEARISH,1,19 Feb 25,01:39 PM,60.0,19 Feb 25,01:51 PM,60.03,tsl_hit,0.87,0.06,12
NIFTY50,22900,BULLISH,1,19 Feb 25,02:21 PM,60.0,19 Feb 25,02:26 PM,59.93,time_stop,-1.75,-0.12,5
NIFTY50,22850,BULLISH,1,20 Feb 25,09:48 AM,60.0,20 Feb 25,09:58 AM,67.07,tsl_hit,176.75,11.78,10
NIFTY50,22900,BEARISH,1,20 Feb 25,10:20 AM,60.0,20 Feb 25,10:32 AM,61.72,tsl_hit,42.88,2.86,12
NIFTY50,22900,BULLISH,1,20 Feb 25,11:49 AM,60.0,20 Feb 25,12:13 PM,59.37,tsl_hit,-15.75,-1.05,24
NIFTY50,22900,BULLISH,1,20 Feb 25,12:17 PM,60.0,20 Feb 25,12:48 PM,62.15,tsl_hit,53.81,3.59,31
NIFTY50,22900,BULLISH,1,20 Feb 25,01:03 PM,60.0,20 Feb 25,01:23 PM,60.82,tsl_hit,20.56,1.37,20
NIFTY50,22900,BEARISH,1,20 Feb 25,02:40 PM,60.0,20 Feb 25,02:57 PM,61.37,tsl_hit,34.13,2.28,17
NIFTY50,22900,BULLISH,1,21 Feb 25,09:17 AM,60.0,21 Feb 25,09:24 AM,65.25,tsl_hit,131.25,8.75,7
NIFTY50,22750,BULLISH,1,21 Feb 25,10:17 AM,60.0,21 Feb 25,10:24 AM,62.01,tsl_hit,50.31,3.35,7
NIFTY50,22750,BULLISH,1,21 Feb 25,10:53 AM,60.0,21 Feb 25,11:05 AM,63.59,tsl_hit,89.69,5.98,12
NIFTY50,22800,BEARISH,1,21 Feb 25,12:21 PM,60.0,21 Feb 25,12:26 PM,59.21,time_stop,-19.69,-1.31,5
NIFTY50,22650,BULLISH,1,24 Feb 25,09:17 AM,60.0,24 Feb 25,09:20 AM,57.53,tsl_hit,-61.69,-4.11,3
NIFTY50,22550,BULLISH,1,24 Feb 25,01:40 PM,60.0,24 Feb 25,02:08 PM,58.72,tsl_hit,-31.94,-2.13,28
NIFTY50,22550,BULLISH,1,24 Feb 25,02:10 PM,60.0,24 Feb 25,02:22 PM,60.19,tsl_hit,4.81,0.32,12
NIFTY50,22550,BULLISH,1,25 Feb 25,11:27 AM,60.0,25 Feb 25,11:32 AM,56.99,time_stop,-75.25,-5.02,5
NIFTY50,22550,BEARISH,1,25 Feb 25,12:14 PM,60.0,25 Feb 25,12:16 PM,54.22,hard_sl_hit,-144.37,-9.62,2
NIFTY50,22550,BEARISH,1,25 Feb 25,12:58 PM,60.0,25 Feb 25,01:08 PM,53.66,hard_sl_hit,-158.38,-10.56,10
NIFTY50,22550,BULLISH,1,25 Feb 25,03:04 PM,60.0,25 Feb 25,03:18 PM,54.49,hard_sl_hit,-137.81,-9.19,14
NIFTY50,22550,BULLISH,1,25 Feb 25,03:19 PM,60.0,25 Feb 25,03:24 PM,55.22,time_stop,-119.44,-7.96,5
NIFTY50,22600,BEARISH,1,27 Feb 25,09:17 AM,60.0,27 Feb 25,09:33 AM,64.76,tsl_hit,119.0,7.93,16
NIFTY50,22500,BULLISH,1,27 Feb 25,12:34 PM,60.0,27 Feb 25,01:14 PM,62.15,tsl_hit,53.81,3.59,40
NIFTY50,22550,BEARISH,1,27 Feb 25,02:02 PM,60.0,28 Feb 25,09:21 AM,130.49,tsl_hit,1762.25,117.48,94
NIFTY50,22200,BULLISH,1,28 Feb 25,12:40 PM,60.0,28 Feb 25,12:52 PM,51.91,hard_sl_hit,-202.13,-13.48,12
NIFTY50,22150,BULLISH,1,28 Feb 25,02:41 PM,60.0,28 Feb 25,02:46 PM,79.35,tsl_hit,483.87,32.26,5
NIFTY50,22150,BEARISH,1,28 Feb 25,02:47 PM,60.0,28 Feb 25,02:50 PM,58.55,tsl_hit,-36.31,-2.42,3
NIFTY50,22100,BULLISH,1,28 Feb 25,03:24 PM,60.0,03 Mar 25,09:20 AM,107.15,tsl_hit,1178.63,78.58,11
NIFTY50,22150,BEARISH,1,03 Mar 25,12:48 PM,60.0,03 Mar 25,12:53 PM,66.9,tsl_hit,172.38,11.49,5
NIFTY50,22100,BULLISH,1,03 Mar 25,01:31 PM,60.0,03 Mar 25,01:32 PM,54.21,hard_sl_hit,-144.81,-9.65,1
NIFTY50,22000,BEARISH,1,04 Mar 25,09:15 AM,60.0,04 Mar 25,09:19 AM,60.05,tsl_hit,1.31,0.09,4
NIFTY50,22050,BULLISH,1,04 Mar 25,11:49 AM,60.0,04 Mar 25,12:02 PM,61.47,tsl_hit,36.75,2.45,13
NIFTY50,22050,BULLISH,1,04 Mar 25,12:50 PM,60.0,04 Mar 25,12:55 PM,58.9,time_stop,-27.56,-1.84,5
NIFTY50,22050,BULLISH,1,04 Mar 25,03:27 PM,60.0,05 Mar 25,09:19 AM,81.88,tsl_hit,546.88,36.46,7
NIFTY50,22450,BEARISH,1,06 Mar 25,09:17 AM,60.0,06 Mar 25,09:35 AM,105.13,tsl_hit,1128.31,75.22,18
NIFTY50,22250,BULLISH,1,06 Mar 25,09:51 AM,60.0,06 Mar 25,09:56 AM,73.95,tsl_hit,348.69,23.25,5
NIFTY50,22400,BEARISH,1,06 Mar 25,11:08 AM,60.0,06 Mar 25,11:13 AM,54.1,hard_sl_hit,-147.44,-9.83,5
NIFTY50,22500,BEARISH,1,06 Mar 25,01:48 PM,60.0,06 Mar 25,01:53 PM,54.54,hard_sl_hit,-136.5,-9.1,5
NIFTY50,22600,BEARISH,1,07 Mar 25,10:10 AM,60.0,07 Mar 25,10:14 AM,52.84,hard_sl_hit,-178.94,-11.93,4
NIFTY50,22550,BULLISH,1,07 Mar 25,11:51 AM,60.0,07 Mar 25,12:02 PM,47.5,hard_sl_hit,-312.38,-20.83,11
NIFTY50,22600,BEARISH,1,07 Mar 25,02:37 PM,60.0,07 Mar 25,02:45 PM,51.15,hard_sl_hit,-221.37,-14.76,8
NIFTY50,22350,BULLISH,1,11 Mar 25,09:18 AM,60.0,11 Mar 25,09:19 AM,50.72,hard_sl_hit,-231.87,-15.46,1
NIFTY50,22500,BULLISH,1,11 Mar 25,02:55 PM,60.0,11 Mar 25,03:02 PM,60.81,tsl_hit,20.13,1.34,7
NIFTY50,22550,BEARISH,1,12 Mar 25,09:17 AM,60.0,12 Mar 25,09:23 AM,77.95,tsl_hit,448.87,29.92,6
NIFTY50,22450,BULLISH,1,12 Mar 25,10:06 AM,60.0,12 Mar 25,10:11 AM,58.65,time_stop,-33.69,-2.25,5
NIFTY50,22400,BEARISH,1,12 Mar 25,01:20 PM,60.0,12 Mar 25,01:23 PM,53.54,hard_sl_hit,-161.44,-10.76,3
NIFTY50,22500,BEARISH,1,12 Mar 25,03:12 PM,60.0,12 Mar 25,03:27 PM,66.35,tsl_hit,158.81,10.59,15
NIFTY50,22500,BEARISH,1,13 Mar 25,09:18 AM,60.0,13 Mar 25,09:24 AM,61.36,tsl_hit,34.12,2.27,6
NIFTY50,22550,BEARISH,1,13 Mar 25,10:17 AM,60.0,13 Mar 25,10:28 AM,63.64,tsl_hit,91.0,6.07,11
NIFTY50,22500,BULLISH,1,13 Mar 25,10:41 AM,60.0,13 Mar 25,10:51 AM,54.17,hard_sl_hit,-145.69,-9.71,10
NIFTY50,22500,BULLISH,1,13 Mar 25,10:54 AM,60.0,13 Mar 25,10:59 AM,55.83,time_stop,-104.13,-6.94,5
NIFTY50,22450,BULLISH,1,13 Mar 25,11:33 AM,60.0,13 Mar 25,11:37 AM,52.21,hard_sl_hit,-194.69,-12.98,4
NIFTY50,22400,BULLISH,1,13 Mar 25,02:51 PM,60.0,13 Mar 25,03:00 PM,54.59,hard_sl_hit,-135.19,-9.01,9
NIFTY50,22400,BEARISH,1,13 Mar 25,03:18 PM,60.0,13 Mar 25,03:23 PM,58.69,time_stop,-32.81,-2.19,5
NIFTY50,22500,BULLISH,1,17 Mar 25,09:15 AM,60.0,17 Mar 25,09:34 AM,90.03,tsl_hit,750.75,50.05,19
NIFTY50,22500,BULLISH,1,17 Mar 25,12:20 PM,60.0,17 Mar 25,12:25 PM,51.23,hard_sl_hit,-219.19,-14.61,5
NIFTY50,22450,BEARISH,1,17 Mar 25,01:13 PM,60.0,17 Mar 25,01:24 PM,54.47,hard_sl_hit,-138.25,-9.22,11
NIFTY50,22500,BULLISH,1,17 Mar 25,02:27 PM,60.0,17 Mar 25,02:32 PM,58.56,time_stop,-35.88,-2.39,5
NIFTY50,22500,BULLISH,1,17 Mar 25,02:43 PM,60.0,17 Mar 25,02:59 PM,67.95,tsl_hit,198.63,13.24,16
NIFTY50,22650,BEARISH,1,18 Mar 25,09:17 AM,60.0,18 Mar 25,09:23 AM,55.85,tsl_hit,-103.69,-6.91,6
NIFTY50,22750,BEARISH,1,18 Mar 25,10:32 AM,60.0,18 Mar 25,11:03 AM,62.73,tsl_hit,68.25,4.55,31
NIFTY50,22750,BEARISH,1,18 Mar 25,11:35 AM,60.0,18 Mar 25,11:49 AM,59.79,tsl_hit,-5.25,-0.35,14
NIFTY50,22750,BULLISH,1,18 Mar 25,12:31 PM,60.0,18 Mar 25,12:37 PM,51.93,hard_sl_hit,-201.69,-13.45,6
NIFTY50,22800,BEARISH,1,18 Mar 25,02:51 PM,60.0,18 Mar 25,03:02 PM,53.51,hard_sl_hit,-162.31,-10.82,11
NIFTY50,22800,BEARISH,1,18 Mar 25,03:04 PM,60.0,18 Mar 25,03:09 PM,53.14,hard_sl_hit,-171.5,-11.43,5
NIFTY50,22650,BULLISH,1,18 Mar 25,09:17 AM,60.0,18 Mar 25,09:18 AM,54.58,hard_sl_hit,-135.62,-9.04,1
NIFTY50,22750,BULLISH,1,18 Mar 25,10:59 AM,60.0,18 Mar 25,11:15 AM,60.35,tsl_hit,8.75,0.58,16
NIFTY50,22750,BEARISH,1,18 Mar 25,11:35 AM,60.0,18 Mar 25,11:49 AM,59.79,tsl_hit,-5.25,-0.35,14
NIFTY50,22750,BULLISH,1,18 Mar 25,12:31 PM,60.0,18 Mar 25,12:37 PM,51.93,hard_sl_hit,-201.69,-13.45,6
NIFTY50,22800,BEARISH,1,18 Mar 25,02:51 PM,60.0,18 Mar 25,03:02 PM,53.51,hard_sl_hit,-162.31,-10.82,11
NIFTY50,22800,BEARISH,1,18 Mar 25,03:04 PM,60.0,18 Mar 25,03:09 PM,53.14,hard_sl_hit,-171.5,-11.43,5
NIFTY50,22850,BULLISH,1,19 Mar 25,10:12 AM,60.0,19 Mar 25,10:20 AM,74.6,tsl_hit,364.88,24.33,8
NIFTY50,22950,BEARISH,1,19 Mar 25,12:51 PM,60.0,19 Mar 25,01:14 PM,68.8,tsl_hit,220.06,14.67,23
NIFTY50,22900,BEARISH,1,19 Mar 25,02:07 PM,60.0,19 Mar 25,02:19 PM,60.79,tsl_hit,19.69,1.31,12
NIFTY50,22950,BEARISH,1,19 Mar 25,02:42 PM,60.0,19 Mar 25,03:09 PM,63.97,tsl_hit,99.31,6.62,27
NIFTY50,23000,BEARISH,1,20 Mar 25,09:17 AM,60.0,20 Mar 25,09:23 AM,50.59,hard_sl_hit,-235.37,-15.69,6
NIFTY50,23350,BULLISH,1,21 Mar 25,11:13 AM,60.0,21 Mar 25,11:23 AM,64.71,tsl_hit,117.69,7.85,10
NIFTY50,23400,BEARISH,1,21 Mar 25,12:24 PM,60.0,21 Mar 25,12:52 PM,54.17,hard_sl_hit,-145.69,-9.71,28
NIFTY50,23400,BEARISH,1,21 Mar 25,12:54 PM,60.0,21 Mar 25,01:20 PM,67.61,tsl_hit,190.31,12.69,26
NIFTY50,23300,BULLISH,1,21 Mar 25,01:52 PM,60.0,21 Mar 25,01:54 PM,54.45,hard_sl_hit,-138.69,-9.25,2
NIFTY50,23500,BEARISH,1,24 Mar 25,09:17 AM,60.0,24 Mar 25,09:22 AM,58.28,tsl_hit,-42.88,-2.86,5
NIFTY50,23600,BULLISH,1,24 Mar 25,12:59 PM,60.0,24 Mar 25,01:19 PM,69.82,tsl_hit,245.44,16.36,20
NIFTY50,23650,BULLISH,1,24 Mar 25,03:04 PM,60.0,25 Mar 25,09:16 AM,96.1,tsl_hit,902.56,60.17,27
NIFTY50,23750,BEARISH,1,25 Mar 25,09:17 AM,60.0,25 Mar 25,09:22 AM,69.68,tsl_hit,241.94,16.13,5
NIFTY50,23850,BEARISH,1,25 Mar 25,09:53 AM,60.0,25 Mar 25,09:58 AM,50.36,hard_sl_hit,-241.06,-16.07,5
NIFTY50,23800,BULLISH,1,25 Mar 25,10:12 AM,60.0,25 Mar 25,10:14 AM,46.82,hard_sl_hit,-329.44,-21.96,2
NIFTY50,23700,BULLISH,1,25 Mar 25,10:41 AM,60.0,25 Mar 25,10:45 AM,68.3,tsl_hit,207.38,13.83,4
NIFTY50,23650,BULLISH,1,25 Mar 25,12:21 PM,60.0,25 Mar 25,12:25 PM,64.93,tsl_hit,123.37,8.22,4
NIFTY50,23700,BEARISH,1,25 Mar 25,01:41 PM,60.0,25 Mar 25,01:49 PM,53.58,hard_sl_hit,-160.56,-10.7,8
NIFTY50,23750,BEARISH,1,25 Mar 25,01:56 PM,60.0,25 Mar 25,02:01 PM,62.4,tsl_hit,59.94,4.0,5
NIFTY50,23700,BULLISH,1,26 Mar 25,09:15 AM,60.0,26 Mar 25,09:17 AM,61.54,tsl_hit,38.5,2.57,2
NIFTY50,23700,BEARISH,1,26 Mar 25,10:37 AM,60.0,26 Mar 25,10:43 AM,67.53,tsl_hit,188.13,12.54,6
NIFTY50,23650,BULLISH,1,26 Mar 25,11:05 AM,60.0,26 Mar 25,11:11 AM,60.31,tsl_hit,7.87,0.52,6
NIFTY50,23650,BULLISH,1,26 Mar 25,11:43 AM,60.0,26 Mar 25,11:51 AM,52.93,hard_sl_hit,-176.75,-11.78,8
NIFTY50,23600,BULLISH,1,26 Mar 25,12:04 PM,60.0,26 Mar 25,12:17 PM,64.08,tsl_hit,101.94,6.8,13
NIFTY50,23450,BULLISH,1,27 Mar 25,09:17 AM,60.0,27 Mar 25,09:24 AM,80.9,tsl_hit,522.38,34.83,7
NIFTY50,23600,BEARISH,1,27 Mar 25,01:34 PM,60.0,27 Mar 25,01:44 PM,59.7,tsl_hit,-7.44,-0.5,10
NIFTY50,23600,BULLISH,1,27 Mar 25,02:34 PM,60.0,27 Mar 25,03:00 PM,55.52,tsl_hit,-112.0,-7.47,26
NIFTY50,23550,BULLISH,1,28 Mar 25,09:27 AM,60.0,28 Mar 25,09:30 AM,57.97,tsl_hit,-50.75,-3.38,3
NIFTY50,23250,BEARISH,1,01 Apr 25,12:17 PM,60.0,01 Apr 25,12:26 PM,64.76,tsl_hit,119.0,7.93,9
NIFTY50,23200,BULLISH,1,01 Apr 25,12:48 PM,60.0,01 Apr 25,12:55 PM,51.5,hard_sl_hit,-212.62,-14.17,7
NIFTY50,23150,BULLISH,1,01 Apr 25,01:20 PM,60.0,01 Apr 25,01:29 PM,54.5,hard_sl_hit,-137.38,-9.16,9
NIFTY50,23150,BEARISH,1,01 Apr 25,03:10 PM,60.0,01 Apr 25,03:15 PM,59.49,time_stop,-12.69,-0.85,5
NIFTY50,23200,BEARISH,1,02 Apr 25,09:17 AM,60.0,02 Apr 25,09:25 AM,72.23,tsl_hit,305.81,20.39,8
NIFTY50,23200,BULLISH,1,02 Apr 25,09:47 AM,60.0,02 Apr 25,09:51 AM,53.35,hard_sl_hit,-166.25,-11.08,4
NIFTY50,23300,BEARISH,1,02 Apr 25,10:54 AM,60.0,02 Apr 25,10:59 AM,60.35,tsl_hit,8.75,0.58,5
NIFTY50,23300,BEARISH,1,02 Apr 25,11:39 AM,60.0,02 Apr 25,11:46 AM,67.81,tsl_hit,195.13,13.01,7
NIFTY50,23350,BEARISH,1,02 Apr 25,03:04 PM,60.0,02 Apr 25,03:25 PM,60.98,tsl_hit,24.5,1.63,21
NIFTY50,23200,BULLISH,1,03 Apr 25,09:17 AM,60.0,03 Apr 25,09:23 AM,66.07,tsl_hit,151.81,10.12,6
NIFTY50,23300,BEARISH,1,03 Apr 25,10:26 AM,60.0,03 Apr 25,10:33 AM,59.0,tsl_hit,-24.94,-1.66,7
NIFTY50,23300,BULLISH,1,03 Apr 25,12:16 PM,60.0,03 Apr 25,12:27 PM,54.35,hard_sl_hit,-141.31,-9.42,11
NIFTY50,23250,BEARISH,1,03 Apr 25,01:30 PM,60.0,03 Apr 25,01:35 PM,57.38,time_stop,-65.62,-4.38,5
NIFTY50,23250,BULLISH,1,03 Apr 25,03:21 PM,60.0,04 Apr 25,09:15 AM,17.11,hard_sl_hit,-1072.31,-71.49,9
NIFTY50,23000,BEARISH,1,04 Apr 25,12:27 PM,60.0,04 Apr 25,12:39 PM,69.36,tsl_hit,234.06,15.6,12
NIFTY50,22950,BULLISH,1,04 Apr 25,01:16 PM,60.0,04 Apr 25,01:22 PM,59.3,tsl_hit,-17.5,-1.17,6
NIFTY50,22900,BULLISH,1,04 Apr 25,01:48 PM,60.0,04 Apr 25,01:58 PM,60.84,tsl_hit,21.0,1.4,10
NIFTY50,22900,BULLISH,1,04 Apr 25,02:29 PM,60.0,04 Apr 25,02:36 PM,54.35,hard_sl_hit,-141.31,-9.42,7
NIFTY50,22900,BEARISH,1,04 Apr 25,03:10 PM,60.0,04 Apr 25,03:24 PM,61.75,tsl_hit,43.75,2.92,14
NIFTY50,21950,BULLISH,1,07 Apr 25,09:17 AM,60.0,07 Apr 25,09:18 AM,40.07,hard_sl_hit,-498.31,-33.22,1
NIFTY50,22050,BEARISH,1,07 Apr 25,10:53 AM,60.0,07 Apr 25,11:01 AM,74.67,tsl_hit,366.63,24.44,8
NIFTY50,21950,BULLISH,1,07 Apr 25,11:25 AM,60.0,07 Apr 25,11:38 AM,93.37,tsl_hit,834.31,55.62,13
NIFTY50,21950,BULLISH,1,07 Apr 25,12:08 PM,60.0,07 Apr 25,12:12 PM,49.69,hard_sl_hit,-257.69,-17.18,4
NIFTY50,22050,BEARISH,1,07 Apr 25,02:59 PM,60.0,07 Apr 25,03:02 PM,50.25,hard_sl_hit,-243.69,-16.25,3
NIFTY50,22250,BEARISH,1,07 Apr 25,03:26 PM,60.0,08 Apr 25,09:15 AM,0.01,hard_sl_hit,-1499.75,-99.98,4
NIFTY50,22550,BEARISH,1,08 Apr 25,09:17 AM,60.0,08 Apr 25,09:19 AM,66.28,tsl_hit,157.06,10.47,2
NIFTY50,22350,BEARISH,1,08 Apr 25,10:56 AM,60.0,08 Apr 25,10:58 AM,53.4,hard_sl_hit,-164.94,-11.0,2
NIFTY50,22600,BULLISH,1,08 Apr 25,01:41 PM,60.0,08 Apr 25,01:43 PM,50.67,hard_sl_hit,-233.19,-15.55,2
NIFTY50,22450,BULLISH,1,09 Apr 25,09:17 AM,60.0,09 Apr 25,09:19 AM,46.61,hard_sl_hit,-334.69,-22.31,2
NIFTY50,22400,BEARISH,1,09 Apr 25,10:53 AM,60.0,09 Apr 25,11:14 AM,70.29,tsl_hit,257.25,17.15,21
NIFTY50,22400,BEARISH,1,09 Apr 25,11:23 AM,60.0,09 Apr 25,11:31 AM,52.53,hard_sl_hit,-186.81,-12.45,8
NIFTY50,22400,BULLISH,1,09 Apr 25,01:02 PM,60.0,09 Apr 25,01:16 PM,62.9,tsl_hit,72.62,4.84,14
NIFTY50,22750,BEARISH,1,11 Apr 25,09:17 AM,60.0,11 Apr 25,09:18 AM,53.23,hard_sl_hit,-169.31,-11.29,1
NIFTY50,22900,BULLISH,1,11 Apr 25,12:40 PM,60.0,11 Apr 25,12:50 PM,62.22,tsl_hit,55.56,3.7,10
NIFTY50,22900,BULLISH,1,11 Apr 25,01:21 PM,60.0,11 Apr 25,01:30 PM,48.52,hard_sl_hit,-287.0,-19.13,9
NIFTY50,22800,BULLISH,1,11 Apr 25,02:05 PM,60.0,11 Apr 25,02:10 PM,58.53,tsl_hit,-36.75,-2.45,5
NIFTY50,23250,BEARISH,1,15 Apr 25,09:17 AM,60.0,15 Apr 25,09:20 AM,53.42,hard_sl_hit,-164.5,-10.97,3
NIFTY50,23350,BULLISH,1,15 Apr 25,12:56 PM,60.0,15 Apr 25,01:12 PM,60.09,tsl_hit,2.19,0.15,16
NIFTY50,23300,BULLISH,1,15 Apr 25,02:32 PM,60.0,15 Apr 25,02:37 PM,59.81,time_stop,-4.81,-0.32,5
NIFTY50,23300,BULLISH,1,16 Apr 25,09:17 AM,60.0,16 Apr 25,09:40 AM,76.96,tsl_hit,423.94,28.26,23
NIFTY50,23400,BULLISH,1,17 Apr 25,09:17 AM,60.0,17 Apr 25,09:19 AM,52.86,hard_sl_hit,-178.5,-11.9,2
NIFTY50,23700,BEARISH,1,17 Apr 25,12:34 PM,60.0,17 Apr 25,12:40 PM,66.75,tsl_hit,168.87,11.26,6
NIFTY50,23750,BEARISH,1,17 Apr 25,01:10 PM,60.0,17 Apr 25,01:13 PM,53.19,hard_sl_hit,-170.19,-11.35,3
NIFTY50,23850,BULLISH,1,17 Apr 25,02:17 PM,60.0,17 Apr 25,02:20 PM,53.42,hard_sl_hit,-164.5,-10.97,3
NIFTY50,24000,BULLISH,1,21 Apr 25,09:15 AM,60.0,21 Apr 25,09:18 AM,54.0,hard_sl_hit,-150.06,-10.0,3
NIFTY50,24100,BEARISH,1,21 Apr 25,10:53 AM,60.0,21 Apr 25,10:58 AM,57.8,time_stop,-55.12,-3.67,5
NIFTY50,24100,BEARISH,1,21 Apr 25,11:21 AM,60.0,21 Apr 25,11:38 AM,63.71,tsl_hit,92.75,6.18,17
NIFTY50,24200,BEARISH,1,21 Apr 25,01:11 PM,60.0,21 Apr 25,01:22 PM,66.4,tsl_hit,160.12,10.67,11
NIFTY50,24100,BULLISH,1,21 Apr 25,01:46 PM,60.0,21 Apr 25,01:55 PM,73.35,tsl_hit,333.81,22.25,9
NIFTY50,24150,BEARISH,1,21 Apr 25,02:51 PM,60.0,21 Apr 25,03:15 PM,67.79,tsl_hit,194.69,12.98,24
NIFTY50,24100,BEARISH,1,22 Apr 25,09:16 AM,60.0,22 Apr 25,09:21 AM,60.93,tsl_hit,23.19,1.55,5
NIFTY50,24200,BEARISH,1,22 Apr 25,10:28 AM,60.0,22 Apr 25,10:31 AM,59.77,tsl_hit,-5.69,-0.38,3
NIFTY50,24200,BEARISH,1,22 Apr 25,01:23 PM,60.0,22 Apr 25,02:04 PM,63.06,tsl_hit,76.56,5.1,41
NIFTY50,24150,BULLISH,1,22 Apr 25,02:50 PM,60.0,22 Apr 25,02:56 PM,59.6,tsl_hit,-10.06,-0.67,6
NIFTY50,24300,BULLISH,1,23 Apr 25,09:15 AM,60.0,23 Apr 25,09:26 AM,75.49,tsl_hit,387.19,25.81,11
NIFTY50,24250,BEARISH,1,23 Apr 25,11:46 AM,60.0,23 Apr 25,11:54 AM,64.29,tsl_hit,107.19,7.15,8
NIFTY50,24250,BEARISH,1,23 Apr 25,01:46 PM,60.0,23 Apr 25,01:54 PM,53.6,hard_sl_hit,-160.12,-10.67,8
NIFTY50,24300,BULLISH,1,24 Apr 25,09:17 AM,60.0,24 Apr 25,09:22 AM,57.97,time_stop,-50.75,-3.38,5
NIFTY50,24250,BULLISH,1,24 Apr 25,11:24 AM,60.0,24 Apr 25,11:28 AM,53.79,hard_sl_hit,-155.31,-10.35,4
NIFTY50,24250,BULLISH,1,24 Apr 25,01:40 PM,60.0,24 Apr 25,02:25 PM,59.16,tsl_hit,-21.0,-1.4,45
NIFTY50,24200,BULLISH,1,24 Apr 25,02:56 PM,60.0,24 Apr 25,03:08 PM,65.2,tsl_hit,129.94,8.66,12
NIFTY50,24350,BULLISH,1,25 Apr 25,09:15 AM,60.0,25 Apr 25,09:18 AM,60.88,tsl_hit,21.88,1.46,3
NIFTY50,24350,BEARISH,1,25 Apr 25,09:19 AM,60.0,25 Apr 25,09:26 AM,60.7,tsl_hit,17.5,1.17,7
NIFTY50,23900,BEARISH,1,25 Apr 25,11:42 AM,60.0,25 Apr 25,11:53 AM,78.81,tsl_hit,470.31,31.35,11
NIFTY50,23900,BEARISH,1,25 Apr 25,12:08 PM,60.0,25 Apr 25,12:11 PM,54.5,hard_sl_hit,-137.38,-9.16,3
NIFTY50,23950,BEARISH,1,25 Apr 25,12:15 PM,60.0,25 Apr 25,12:18 PM,51.22,hard_sl_hit,-219.62,-14.64,3
NIFTY50,24050,BEARISH,1,25 Apr 25,01:19 PM,60.0,25 Apr 25,01:31 PM,62.38,tsl_hit,59.5,3.97,12
NIFTY50,24100,BEARISH,1,25 Apr 25,01:52 PM,60.0,25 Apr 25,01:57 PM,51.62,hard_sl_hit,-209.56,-13.97,5
NIFTY50,24050,BULLISH,1,25 Apr 25,02:11 PM,60.0,25 Apr 25,02:12 PM,53.88,hard_sl_hit,-153.12,-10.21,1
NIFTY50,24150,BEARISH,1,28 Apr 25,09:19 AM,60.0,28 Apr 25,09:22 AM,62.76,tsl_hit,69.12,4.61,3
NIFTY50,24200,BEARISH,1,28 Apr 25,09:39 AM,60.0,28 Apr 25,09:42 AM,69.47,tsl_hit,236.69,15.78,3
NIFTY50,24250,BULLISH,1,28 Apr 25,10:26 AM,60.0,28 Apr 25,10:29 AM,52.14,hard_sl_hit,-196.44,-13.1,3
NIFTY50,24250,BEARISH,1,28 Apr 25,10:54 AM,60.0,28 Apr 25,11:07 AM,57.39,tsl_hit,-65.19,-4.35,13
NIFTY50,24250,BULLISH,1,28 Apr 25,11:15 AM,60.0,28 Apr 25,11:16 AM,51.42,hard_sl_hit,-214.38,-14.29,1
NIFTY50,24350,BEARISH,1,28 Apr 25,01:00 PM,60.0,28 Apr 25,01:09 PM,63.71,tsl_hit,92.75,6.18,9
NIFTY50,24350,BULLISH,1,29 Apr 25,11:56 AM,60.0,29 Apr 25,12:00 PM,52.68,hard_sl_hit,-182.88,-12.19,4
NIFTY50,24350,BEARISH,1,29 Apr 25,12:33 PM,60.0,29 Apr 25,12:37 PM,52.48,hard_sl_hit,-188.12,-12.54,4
NIFTY50,24350,BEARISH,1,29 Apr 25,12:39 PM,60.0,29 Apr 25,12:50 PM,59.84,tsl_hit,-3.94,-0.26,11
NIFTY50,24350,BEARISH,1,29 Apr 25,01:28 PM,60.0,29 Apr 25,01:48 PM,63.11,tsl_hit,77.87,5.19,20
NIFTY50,24350,BULLISH,1,29 Apr 25,02:30 PM,60.0,29 Apr 25,02:39 PM,61.01,tsl_hit,25.37,1.69,9
NIFTY50,24350,BULLISH,1,29 Apr 25,03:03 PM,60.0,29 Apr 25,03:18 PM,53.7,hard_sl_hit,-157.5,-10.5,15
NIFTY50,24350,BULLISH,1,29 Apr 25,03:19 PM,60.0,29 Apr 25,03:28 PM,53.98,hard_sl_hit,-150.5,-10.03,9
NIFTY50,24300,BULLISH,1,30 Apr 25,10:33 AM,60.0,30 Apr 25,10:36 AM,51.18,hard_sl_hit,-220.5,-14.7,3
NIFTY50,24300,BULLISH,1,30 Apr 25,11:48 AM,60.0,30 Apr 25,12:15 PM,66.04,tsl_hit,150.94,10.06,27
NIFTY50,24350,BEARISH,1,30 Apr 25,01:41 PM,60.0,30 Apr 25,01:46 PM,58.04,time_stop,-49.0,-3.27,5
NIFTY50,24350,BEARISH,1,30 Apr 25,02:49 PM,60.0,30 Apr 25,02:53 PM,53.91,hard_sl_hit,-152.25,-10.15,4
NIFTY50,24550,BEARISH,1,02 May 25,09:59 AM,60.0,02 May 25,10:07 AM,59.91,tsl_hit,-2.19,-0.15,8
NIFTY50,24500,BULLISH,1,02 May 25,10:32 AM,60.0,02 May 25,10:35 AM,54.15,hard_sl_hit,-146.13,-9.74,3
NIFTY50,24250,BULLISH,1,02 May 25,12:31 PM,60.0,02 May 25,12:40 PM,60.23,tsl_hit,5.69,0.38,9
NIFTY50,24350,BEARISH,1,02 May 25,01:21 PM,60.0,02 May 25,01:23 PM,54.03,hard_sl_hit,-149.19,-9.95,2
NIFTY50,24450,BEARISH,1,05 May 25,09:17 AM,60.0,05 May 25,09:22 AM,60.3,tsl_hit,7.44,0.5,5
NIFTY50,24500,BEARISH,1,05 May 25,09:56 AM,60.0,05 May 25,10:01 AM,58.5,time_stop,-37.62,-2.51,5
NIFTY50,24500,BEARISH,1,05 May 25,10:33 AM,60.0,05 May 25,11:00 AM,71.08,tsl_hit,276.94,18.46,27
NIFTY50,24400,BEARISH,1,06 May 25,01:29 PM,60.0,06 May 25,01:59 PM,54.3,hard_sl_hit,-142.62,-9.51,30
NIFTY50,24350,BULLISH,1,06 May 25,02:26 PM,60.0,06 May 25,02:47 PM,61.24,tsl_hit,31.06,2.07,21
NIFTY50,24450,BEARISH,1,07 May 25,09:31 AM,60.0,07 May 25,09:34 AM,52.53,hard_sl_hit,-186.81,-12.45,3
NIFTY50,24400,BEARISH,1,07 May 25,11:22 AM,60.0,07 May 25,11:32 AM,53.49,hard_sl_hit,-162.75,-10.85,10
NIFTY50,24400,BEARISH,1,08 May 25,10:03 AM,60.0,08 May 25,10:08 AM,57.53,time_stop,-61.69,-4.11,5
NIFTY50,24400,BEARISH,1,08 May 25,10:23 AM,60.0,08 May 25,10:28 AM,59.3,time_stop,-17.5,-1.17,5
NIFTY50,24400,BULLISH,1,08 May 25,11:49 AM,60.0,08 May 25,01:12 PM,53.3,hard_sl_hit,-167.56,-11.17,83
NIFTY50,24400,BULLISH,1,08 May 25,01:14 PM,60.0,08 May 25,01:19 PM,56.88,time_stop,-77.88,-5.19,5
NIFTY50,24350,BULLISH,1,08 May 25,01:41 PM,60.0,08 May 25,01:51 PM,61.31,tsl_hit,32.81,2.19,10
NIFTY50,24300,BULLISH,1,08 May 25,02:15 PM,60.0,08 May 25,02:19 PM,61.8,tsl_hit,45.06,3.0,4
NIFTY50,24000,BEARISH,1,09 May 25,02:54 PM,60.0,09 May 25,03:05 PM,59.67,tsl_hit,-8.31,-0.55,11
NIFTY50,24750,BEARISH,1,12 May 25,11:27 AM,60.0,12 May 25,11:44 AM,62.98,tsl_hit,74.38,4.96,17
NIFTY50,24700,BULLISH,1,12 May 25,12:29 PM,60.0,12 May 25,12:36 PM,86.46,tsl_hit,661.5,44.1,7
NIFTY50,24900,BEARISH,1,12 May 25,02:18 PM,60.0,12 May 25,02:23 PM,58.18,time_stop,-45.5,-3.03,5
NIFTY50,24900,BULLISH,1,12 May 25,02:38 PM,60.0,12 May 25,02:40 PM,51.72,hard_sl_hit,-206.94,-13.8,2
NIFTY50,24700,BEARISH,1,13 May 25,10:53 AM,60.0,13 May 25,10:58 AM,50.8,hard_sl_hit,-230.12,-15.34,5
NIFTY50,24800,BEARISH,1,13 May 25,11:05 AM,60.0,13 May 25,11:14 AM,82.0,tsl_hit,549.94,36.66,9
NIFTY50,24600,BULLISH,1,13 May 25,03:07 PM,60.0,13 May 25,03:10 PM,53.67,hard_sl_hit,-158.37,-10.56,3
NIFTY50,24650,BEARISH,1,14 May 25,09:17 AM,60.0,14 May 25,09:18 AM,54.26,hard_sl_hit,-143.5,-9.57,1
NIFTY50,24700,BEARISH,1,14 May 25,09:22 AM,60.0,14 May 25,09:26 AM,53.93,hard_sl_hit,-151.81,-10.12,4
NIFTY50,24650,BEARISH,1,14 May 25,02:23 PM,60.0,14 May 25,02:35 PM,71.72,tsl_hit,293.12,19.54,12
NIFTY50,24650,BEARISH,1,14 May 25,03:04 PM,60.0,14 May 25,03:09 PM,55.24,time_stop,-119.0,-7.93,5
NIFTY50,24550,BULLISH,1,15 May 25,09:47 AM,60.0,15 May 25,09:50 AM,54.33,hard_sl_hit,-141.75,-9.45,3
NIFTY50,24600,BEARISH,1,15 May 25,10:34 AM,60.0,15 May 25,10:37 AM,51.18,hard_sl_hit,-220.5,-14.7,3
NIFTY50,24750,BEARISH,1,15 May 25,10:42 AM,60.0,15 May 25,10:48 AM,72.46,tsl_hit,311.5,20.77,6
NIFTY50,24650,BULLISH,1,15 May 25,11:15 AM,60.0,15 May 25,11:19 AM,68.5,tsl_hit,212.62,14.17,4
NIFTY50,24700,BEARISH,1,15 May 25,12:10 PM,60.0,15 May 25,12:15 PM,53.58,hard_sl_hit,-160.56,-10.7,5
NIFTY50,24850,BEARISH,1,15 May 25,01:10 PM,60.0,15 May 25,01:14 PM,42.8,hard_sl_hit,-430.06,-28.67,4
NIFTY50,25000,BULLISH,1,16 May 25,09:18 AM,60.0,16 May 25,09:23 AM,61.45,tsl_hit,36.31,2.42,5
NIFTY50,24950,BULLISH,1,16 May 25,11:11 AM,60.0,16 May 25,11:23 AM,64.01,tsl_hit,100.19,6.68,12
NIFTY50,25000,BULLISH,1,16 May 25,11:57 AM,60.0,16 May 25,12:11 PM,60.84,tsl_hit,21.0,1.4,14
NIFTY50,25000,BEARISH,1,16 May 25,12:36 PM,60.0,16 May 25,12:41 PM,58.27,time_stop,-43.31,-2.89,5
NIFTY50,25000,BEARISH,1,16 May 25,01:30 PM,60.0,16 May 25,01:47 PM,67.03,tsl_hit,175.87,11.72,17
NIFTY50,25000,BEARISH,1,16 May 25,03:04 PM,60.0,19 May 25,09:16 AM,67.38,tsl_hit,184.62,12.31,27
NIFTY50,25050,BEARISH,1,19 May 25,10:05 AM,60.0,19 May 25,10:10 AM,54.47,hard_sl_hit,-138.25,-9.22,5
NIFTY50,25000,BULLISH,1,19 May 25,10:29 AM,60.0,19 May 25,10:34 AM,59.88,tsl_hit,-3.06,-0.2,5
NIFTY50,25000,BULLISH,1,19 May 25,10:46 AM,60.0,19 May 25,11:00 AM,66.12,tsl_hit,153.12,10.21,14
NIFTY50,25000,BULLISH,1,19 May 25,11:50 AM,60.0,19 May 25,11:59 AM,54.3,hard_sl_hit,-142.62,-9.51,9
NIFTY50,25000,BULLISH,1,19 May 25,12:05 PM,60.0,19 May 25,12:16 PM,54.4,hard_sl_hit,-140.0,-9.33,11
NIFTY50,25000,BEARISH,1,19 May 25,12:53 PM,60.0,19 May 25,01:18 PM,69.4,tsl_hit,234.94,15.66,25
NIFTY50,24950,BEARISH,1,19 May 25,03:03 PM,60.0,19 May 25,03:10 PM,61.96,tsl_hit,49.0,3.27,7
NIFTY50,25000,BULLISH,1,20 May 25,09:15 AM,60.0,20 May 25,09:20 AM,47.52,hard_sl_hit,-311.94,-20.8,5
NIFTY50,24900,BULLISH,1,20 May 25,09:48 AM,60.0,20 May 25,09:53 AM,51.09,hard_sl_hit,-222.69,-14.85,5
NIFTY50,24900,BEARISH,1,20 May 25,10:38 AM,60.0,20 May 25,10:43 AM,58.32,time_stop,-42.0,-2.8,5
NIFTY50,24800,BULLISH,1,20 May 25,12:54 PM,60.0,20 May 25,12:58 PM,51.2,hard_sl_hit,-220.06,-14.67,4
NIFTY50,24700,BULLISH,1,20 May 25,02:24 PM,60.0,20 May 25,02:40 PM,52.55,hard_sl_hit,-186.37,-12.42,16
NIFTY50,24700,BULLISH,1,20 May 25,02:44 PM,60.0,20 May 25,02:53 PM,64.62,tsl_hit,115.5,7.7,9
NIFTY50,24950,BEARISH,1,21 May 25,10:38 AM,60.0,21 May 25,10:49 AM,62.73,tsl_hit,68.25,4.55,11
NIFTY50,24850,BULLISH,1,21 May 25,11:07 AM,60.0,21 May 25,11:11 AM,72.34,tsl_hit,308.44,20.56,4
NIFTY50,24800,BULLISH,1,21 May 25,12:06 PM,60.0,21 May 25,12:10 PM,49.97,hard_sl_hit,-250.69,-16.71,4
NIFTY50,24800,BULLISH,1,21 May 25,01:45 PM,60.0,21 May 25,01:51 PM,59.95,tsl_hit,-1.31,-0.09,6
NIFTY50,24750,BULLISH,1,21 May 25,02:05 PM,60.0,21 May 25,02:18 PM,68.35,tsl_hit,208.69,13.91,13
NIFTY50,24800,BULLISH,1,21 May 25,02:44 PM,60.0,21 May 25,02:46 PM,62.9,tsl_hit,72.62,4.84,2
NIFTY50,24600,BULLISH,1,22 May 25,11:25 AM,60.0,22 May 25,11:37 AM,47.4,hard_sl_hit,-315.0,-21.0,12
NIFTY50,24550,BULLISH,1,22 May 25,11:40 AM,60.0,22 May 25,11:57 AM,70.47,tsl_hit,261.63,17.44,17
NIFTY50,24550,BEARISH,1,22 May 25,02:42 PM,60.0,22 May 25,02:43 PM,49.68,hard_sl_hit,-258.13,-17.21,1
NIFTY50,24800,BEARISH,1,23 May 25,10:06 AM,60.0,23 May 25,10:10 AM,52.4,hard_sl_hit,-189.88,-12.66,4
NIFTY50,24850,BEARISH,1,23 May 25,12:27 PM,60.0,23 May 25,12:32 PM,53.56,hard_sl_hit,-161.0,-10.73,5
NIFTY50,24850,BULLISH,1,23 May 25,01:45 PM,60.0,23 May 25,01:49 PM,63.05,tsl_hit,76.13,5.08,4
NIFTY50,24850,BULLISH,1,23 May 25,02:40 PM,60.0,23 May 25,02:44 PM,53.89,hard_sl_hit,-152.69,-10.18,4
NIFTY50,25000,BULLISH,1,26 May 25,09:15 AM,60.0,26 May 25,09:17 AM,61.75,tsl_hit,43.75,2.92,2
NIFTY50,25000,BEARISH,1,26 May 25,09:19 AM,60.0,26 May 25,09:20 AM,52.18,hard_sl_hit,-195.56,-13.04,1
NIFTY50,25000,BEARISH,1,26 May 25,12:31 PM,60.0,26 May 25,12:57 PM,73.69,tsl_hit,342.13,22.81,26
NIFTY50,25000,BULLISH,1,26 May 25,03:19 PM,60.0,26 May 25,03:24 PM,59.37,time_stop,-15.75,-1.05,5
NIFTY50,24800,BULLISH,1,27 May 25,09:23 AM,60.0,27 May 25,09:28 AM,57.02,time_stop,-74.38,-4.96,5
NIFTY50,25000,BEARISH,1,27 May 25,11:32 AM,60.0,27 May 25,11:33 AM,50.81,hard_sl_hit,-229.69,-15.31,1
NIFTY50,24750,BULLISH,1,27 May 25,02:01 PM,60.0,27 May 25,02:07 PM,58.78,tsl_hit,-30.63,-2.04,6
NIFTY50,24750,BULLISH,1,27 May 25,02:21 PM,60.0,27 May 25,02:47 PM,72.27,tsl_hit,306.69,20.45,26
NIFTY50,24850,BEARISH,1,28 May 25,09:22 AM,60.0,28 May 25,09:26 AM,66.37,tsl_hit,159.25,10.62,4
NIFTY50,24750,BULLISH,1,28 May 25,10:17 AM,60.0,28 May 25,10:27 AM,62.91,tsl_hit,72.63,4.84,10
NIFTY50,24800,BEARISH,1,28 May 25,10:49 AM,60.0,28 May 25,11:04 AM,54.4,hard_sl_hit,-140.0,-9.33,15
NIFTY50,24750,BEARISH,1,28 May 25,11:52 AM,60.0,28 May 25,12:06 PM,59.98,tsl_hit,-0.44,-0.03,14
NIFTY50,24800,BEARISH,1,28 May 25,12:31 PM,60.0,28 May 25,12:36 PM,56.5,time_stop,-87.5,-5.83,5
NIFTY50,24800,BEARISH,1,28 May 25,12:50 PM,60.0,28 May 25,12:53 PM,54.28,hard_sl_hit,-143.06,-9.54,3
NIFTY50,24750,BULLISH,1,28 May 25,03:02 PM,60.0,28 May 25,03:15 PM,54.4,hard_sl_hit,-140.0,-9.33,13
NIFTY50,24850,BEARISH,1,29 May 25,09:17 AM,60.0,29 May 25,09:21 AM,59.95,tsl_hit,-1.31,-0.09,4
NIFTY50,24800,BEARISH,1,29 May 25,10:04 AM,60.0,29 May 25,10:05 AM,53.0,hard_sl_hit,-175.0,-11.67,1
NIFTY50,24850,BEARISH,1,29 May 25,10:08 AM,60.0,29 May 25,10:27 AM,73.32,tsl_hit,332.94,22.2,19
NIFTY50,24750,BULLISH,1,29 May 25,10:33 AM,60.0,29 May 25,10:37 AM,59.02,tsl_hit,-24.5,-1.63,4
NIFTY50,24750,BULLISH,1,29 May 25,11:05 AM,60.0,29 May 25,11:12 AM,59.28,tsl_hit,-17.94,-1.2,7
NIFTY50,24700,BULLISH,1,29 May 25,12:41 PM,60.0,29 May 25,01:01 PM,83.99,tsl_hit,599.81,39.99,20
NIFTY50,24800,BULLISH,1,30 May 25,10:17 AM,60.0,30 May 25,10:18 AM,54.02,hard_sl_hit,-149.62,-9.97,1
NIFTY50,24750,BEARISH,1,30 May 25,12:54 PM,60.0,30 May 25,12:59 PM,59.69,time_stop,-7.87,-0.52,5
NIFTY50,24750,BULLISH,1,30 May 25,01:48 PM,60.0,30 May 25,02:03 PM,66.58,tsl_hit,164.5,10.97,15
NIFTY50,24800,BEARISH,1,30 May 25,02:34 PM,60.0,30 May 25,02:53 PM,62.29,tsl_hit,57.31,3.82,19
NIFTY50,24750,BULLISH,1,30 May 25,03:05 PM,60.0,30 May 25,03:12 PM,62.13,tsl_hit,53.37,3.56,7
NIFTY50,24650,BEARISH,1,02 Jun 25,11:23 AM,60.0,02 Jun 25,11:35 AM,63.82,tsl_hit,95.38,6.36,12
NIFTY50,24650,BEARISH,1,02 Jun 25,12:05 PM,60.0,02 Jun 25,12:15 PM,53.68,hard_sl_hit,-157.94,-10.53,10
NIFTY50,24700,BEARISH,1,02 Jun 25,12:22 PM,60.0,02 Jun 25,12:33 PM,48.17,hard_sl_hit,-295.75,-19.72,11
NIFTY50,24700,BULLISH,1,02 Jun 25,01:01 PM,60.0,02 Jun 25,01:04 PM,61.28,tsl_hit,31.94,2.13,3
NIFTY50,24700,BULLISH,1,02 Jun 25,01:58 PM,60.0,02 Jun 25,02:06 PM,58.6,tsl_hit,-35.0,-2.33,8
NIFTY50,24700,BEARISH,1,02 Jun 25,02:29 PM,60.0,02 Jun 25,02:44 PM,71.44,tsl_hit,286.12,19.07,15
NIFTY50,24650,BULLISH,1,03 Jun 25,10:41 AM,60.0,03 Jun 25,10:42 AM,54.31,hard_sl_hit,-142.19,-9.48,1
NIFTY50,24600,BULLISH,1,03 Jun 25,12:18 PM,60.0,03 Jun 25,12:38 PM,73.46,tsl_hit,336.44,22.43,20
NIFTY50,24600,BULLISH,1,03 Jun 25,12:50 PM,60.0,03 Jun 25,12:51 PM,37.6,hard_sl_hit,-560.0,-37.33,1
NIFTY50,24550,BULLISH,1,03 Jun 25,12:54 PM,60.0,03 Jun 25,01:05 PM,57.97,tsl_hit,-50.75,-3.38,11
NIFTY50,24550,BULLISH,1,03 Jun 25,02:53 PM,60.0,03 Jun 25,02:58 PM,57.74,time_stop,-56.44,-3.76,5
NIFTY50,24550,BULLISH,1,03 Jun 25,03:05 PM,60.0,03 Jun 25,03:10 PM,58.28,time_stop,-42.88,-2.86,5
NIFTY50,24550,BEARISH,1,04 Jun 25,09:19 AM,60.0,04 Jun 25,09:21 AM,53.44,hard_sl_hit,-164.06,-10.94,2
NIFTY50,24600,BEARISH,1,04 Jun 25,12:12 PM,60.0,04 Jun 25,12:33 PM,61.96,tsl_hit,49.0,3.27,21
NIFTY50,24600,BEARISH,1,04 Jun 25,01:02 PM,60.0,04 Jun 25,01:25 PM,63.95,tsl_hit,98.87,6.59,23
NIFTY50,24650,BEARISH,1,04 Jun 25,02:10 PM,60.0,04 Jun 25,02:16 PM,60.72,tsl_hit,17.94,1.2,6
NIFTY50,24750,BEARISH,1,05 Jun 25,11:27 AM,60.0,05 Jun 25,11:54 AM,64.2,tsl_hit,105.0,7.0,27
NIFTY50,24700,BULLISH,1,05 Jun 25,02:04 PM,60.0,05 Jun 25,02:08 PM,60.66,tsl_hit,16.62,1.11,4
NIFTY50,24800,BEARISH,1,06 Jun 25,10:09 AM,60.0,06 Jun 25,10:14 AM,75.4,tsl_hit,385.0,25.67,5
NIFTY50,24950,BEARISH,1,06 Jun 25,11:06 AM,60.0,06 Jun 25,11:17 AM,53.86,hard_sl_hit,-153.56,-10.24,11
NIFTY50,25000,BEARISH,1,06 Jun 25,02:20 PM,60.0,06 Jun 25,02:23 PM,54.15,hard_sl_hit,-146.13,-9.74,3
NIFTY50,25000,BEARISH,1,06 Jun 25,03:10 PM,60.0,09 Jun 25,09:15 AM,20.0,hard_sl_hit,-1000.12,-66.67,20
NIFTY50,25150,BEARISH,1,09 Jun 25,09:17 AM,60.0,09 Jun 25,09:22 AM,64.8,tsl_hit,119.88,7.99,5
NIFTY50,25100,BEARISH,1,09 Jun 25,10:23 AM,60.0,09 Jun 25,10:45 AM,53.52,hard_sl_hit,-161.88,-10.79,22
NIFTY50,25100,BULLISH,1,09 Jun 25,12:51 PM,60.0,09 Jun 25,02:14 PM,53.46,hard_sl_hit,-163.62,-10.91,83
NIFTY50,25100,BULLISH,1,09 Jun 25,02:17 PM,60.0,09 Jun 25,02:24 PM,59.34,tsl_hit,-16.62,-1.11,7
NIFTY50,25150,BEARISH,1,10 Jun 25,09:17 AM,60.0,10 Jun 25,09:25 AM,54.47,hard_sl_hit,-138.25,-9.22,8
NIFTY50,25150,BEARISH,1,10 Jun 25,10:09 AM,60.0,10 Jun 25,10:35 AM,62.24,tsl_hit,56.0,3.73,26
NIFTY50,25100,BULLISH,1,10 Jun 25,10:55 AM,60.0,10 Jun 25,11:00 AM,59.48,time_stop,-13.12,-0.87,5
NIFTY50,25100,BULLISH,1,10 Jun 25,02:19 PM,60.0,10 Jun 25,02:47 PM,54.31,hard_sl_hit,-142.19,-9.48,28
NIFTY50,25100,BULLISH,1,10 Jun 25,02:48 PM,60.0,10 Jun 25,03:04 PM,54.52,hard_sl_hit,-136.94,-9.13,16
NIFTY50,25100,BULLISH,1,11 Jun 25,09:15 AM,60.0,11 Jun 25,09:23 AM,62.78,tsl_hit,69.56,4.64,8
NIFTY50,25200,BEARISH,1,11 Jun 25,10:47 AM,60.0,11 Jun 25,11:16 AM,50.71,hard_sl_hit,-232.31,-15.49,29
NIFTY50,25200,BEARISH,1,11 Jun 25,11:18 AM,60.0,11 Jun 25,11:50 AM,59.21,tsl_hit,-19.69,-1.31,32
NIFTY50,25200,BEARISH,1,11 Jun 25,11:53 AM,60.0,11 Jun 25,11:54 AM,53.88,hard_sl_hit,-153.12,-10.21,1
NIFTY50,25200,BEARISH,1,11 Jun 25,11:56 AM,60.0,11 Jun 25,12:42 PM,63.29,tsl_hit,82.25,5.48,46
NIFTY50,25150,BEARISH,1,12 Jun 25,09:21 AM,60.0,12 Jun 25,09:24 AM,53.31,hard_sl_hit,-167.13,-11.14,3
NIFTY50,25050,BULLISH,1,12 Jun 25,10:47 AM,60.0,12 Jun 25,11:16 AM,54.19,hard_sl_hit,-145.25,-9.68,29
NIFTY50,25050,BULLISH,1,12 Jun 25,11:40 AM,60.0,12 Jun 25,11:55 AM,61.65,tsl_hit,41.13,2.74,15
NIFTY50,24950,BULLISH,1,12 Jun 25,01:32 PM,60.0,12 Jun 25,01:33 PM,51.93,hard_sl_hit,-201.69,-13.45,1
NIFTY50,24600,BULLISH,1,13 Jun 25,09:17 AM,60.0,13 Jun 25,09:21 AM,60.23,tsl_hit,5.69,0.38,4
NIFTY50,24650,BULLISH,1,13 Jun 25,11:14 AM,60.0,13 Jun 25,11:44 AM,68.94,tsl_hit,223.56,14.9,30
NIFTY50,24700,BULLISH,1,13 Jun 25,12:37 PM,60.0,13 Jun 25,12:53 PM,53.31,hard_sl_hit,-167.13,-11.14,16
NIFTY50,24700,BEARISH,1,13 Jun 25,01:16 PM,60.0,13 Jun 25,01:31 PM,53.68,hard_sl_hit,-157.94,-10.53,15
NIFTY50,24900,BEARISH,1,16 Jun 25,12:36 PM,60.0,16 Jun 25,12:39 PM,51.13,hard_sl_hit,-221.81,-14.79,3
NIFTY50,24950,BULLISH,1,16 Jun 25,01:52 PM,60.0,16 Jun 25,02:21 PM,65.93,tsl_hit,148.31,9.89,29
NIFTY50,24950,BULLISH,1,16 Jun 25,02:25 PM,60.0,16 Jun 25,02:30 PM,56.83,time_stop,-79.19,-5.28,5
NIFTY50,24800,BULLISH,1,16 Jun 25,09:17 AM,60.0,16 Jun 25,09:23 AM,58.86,tsl_hit,-28.44,-1.9,6
NIFTY50,24750,BEARISH,1,16 Jun 25,10:11 AM,60.0,16 Jun 25,10:18 AM,54.1,hard_sl_hit,-147.44,-9.83,7
NIFTY50,24900,BEARISH,1,16 Jun 25,12:36 PM,60.0,16 Jun 25,12:39 PM,51.13,hard_sl_hit,-221.81,-14.79,3
NIFTY50,24950,BULLISH,1,16 Jun 25,01:52 PM,60.0,16 Jun 25,02:21 PM,65.93,tsl_hit,148.31,9.89,29
NIFTY50,24950,BULLISH,1,16 Jun 25,02:25 PM,60.0,16 Jun 25,02:30 PM,56.83,time_stop,-79.19,-5.28,5
NIFTY50,24850,BEARISH,1,17 Jun 25,01:12 PM,60.0,17 Jun 25,01:17 PM,57.76,time_stop,-56.0,-3.73,5
NIFTY50,24850,BULLISH,1,17 Jun 25,02:41 PM,60.0,17 Jun 25,02:56 PM,59.7,tsl_hit,-7.44,-0.5,15
NIFTY50,24850,BEARISH,1,19 Jun 25,09:48 AM,60.0,19 Jun 25,09:58 AM,56.9,tsl_hit,-77.44,-5.16,10
NIFTY50,24800,BULLISH,1,19 Jun 25,10:36 AM,60.0,19 Jun 25,10:58 AM,63.31,tsl_hit,82.69,5.51,22
NIFTY50,24800,BULLISH,1,19 Jun 25,12:42 PM,60.0,19 Jun 25,01:11 PM,60.05,tsl_hit,1.31,0.09,29
NIFTY50,24800,BEARISH,1,19 Jun 25,02:02 PM,60.0,19 Jun 25,02:05 PM,54.12,hard_sl_hit,-147.0,-9.8,3
NIFTY50,24800,BULLISH,1,19 Jun 25,02:43 PM,60.0,19 Jun 25,03:00 PM,58.85,tsl_hit,-28.87,-1.92,17
NIFTY50,24800,BULLISH,1,19 Jun 25,03:04 PM,60.0,19 Jun 25,03:09 PM,57.1,time_stop,-72.62,-4.84,5
NIFTY50,24850,BULLISH,1,20 Jun 25,09:15 AM,60.0,20 Jun 25,09:19 AM,58.2,tsl_hit,-45.06,-3.0,4
NIFTY50,25050,BEARISH,1,20 Jun 25,12:16 PM,60.0,20 Jun 25,12:37 PM,80.32,tsl_hit,507.94,33.86,21
NIFTY50,24950,BULLISH,1,23 Jun 25,09:17 AM,60.0,23 Jun 25,09:25 AM,50.11,hard_sl_hit,-247.19,-16.48,8
NIFTY50,24900,BEARISH,1,23 Jun 25,11:16 AM,60.0,23 Jun 25,11:24 AM,53.16,hard_sl_hit,-171.06,-11.4,8
NIFTY50,25000,BEARISH,1,23 Jun 25,01:19 PM,60.0,23 Jun 25,01:20 PM,50.78,hard_sl_hit,-230.56,-15.37,1
NIFTY50,25000,BEARISH,1,23 Jun 25,01:24 PM,60.0,23 Jun 25,01:29 PM,56.9,time_stop,-77.44,-5.16,5
NIFTY50,25250,BEARISH,1,24 Jun 25,09:18 AM,60.0,24 Jun 25,09:23 AM,57.6,time_stop,-59.94,-4.0,5
NIFTY50,25200,BULLISH,1,24 Jun 25,10:43 AM,60.0,24 Jun 25,10:49 AM,58.18,tsl_hit,-45.5,-3.03,6
NIFTY50,25050,BULLISH,1,24 Jun 25,02:08 PM,60.0,24 Jun 25,02:16 PM,62.26,tsl_hit,56.44,3.76,8
NIFTY50,25050,BEARISH,1,24 Jun 25,02:33 PM,60.0,24 Jun 25,02:38 PM,56.13,time_stop,-96.69,-6.45,5
NIFTY50,25050,BEARISH,1,24 Jun 25,03:18 PM,60.0,24 Jun 25,03:22 PM,53.14,hard_sl_hit,-171.5,-11.43,4
NIFTY50,25150,BEARISH,1,25 Jun 25,09:17 AM,60.0,25 Jun 25,09:21 AM,51.32,hard_sl_hit,-217.0,-14.47,4
NIFTY50,25200,BULLISH,1,25 Jun 25,10:47 AM,60.0,25 Jun 25,10:56 AM,61.87,tsl_hit,46.81,3.12,9
NIFTY50,25200,BULLISH,1,25 Jun 25,11:14 AM,60.0,25 Jun 25,11:45 AM,64.71,tsl_hit,117.69,7.85,31
NIFTY50,25200,BULLISH,1,25 Jun 25,12:03 PM,60.0,25 Jun 25,12:08 PM,57.22,time_stop,-69.56,-4.64,5
NIFTY50,25300,BULLISH,1,26 Jun 25,09:15 AM,60.0,26 Jun 25,09:19 AM,60.46,tsl_hit,11.38,0.76,4
NIFTY50,25350,BEARISH,1,26 Jun 25,11:35 AM,60.0,26 Jun 25,11:44 AM,71.81,tsl_hit,295.31,19.69,9
NIFTY50,25400,BEARISH,1,26 Jun 25,12:07 PM,60.0,26 Jun 25,12:12 PM,59.56,tsl_hit,-10.94,-0.73,5
NIFTY50,25400,BEARISH,1,26 Jun 25,01:18 PM,60.0,26 Jun 25,01:20 PM,50.55,hard_sl_hit,-236.25,-15.75,2
NIFTY50,25450,BEARISH,1,26 Jun 25,01:49 PM,60.0,26 Jun 25,01:53 PM,54.15,hard_sl_hit,-146.13,-9.74,4
NIFTY50,25500,BULLISH,1,26 Jun 25,02:43 PM,60.0,26 Jun 25,03:06 PM,75.52,tsl_hit,388.06,25.87,23
NIFTY50,25600,BULLISH,1,27 Jun 25,09:15 AM,60.0,27 Jun 25,09:16 AM,54.31,hard_sl_hit,-142.19,-9.48,1
NIFTY50,25600,BEARISH,1,27 Jun 25,09:17 AM,60.0,27 Jun 25,09:24 AM,60.94,tsl_hit,23.62,1.57,7
NIFTY50,25600,BEARISH,1,27 Jun 25,10:17 AM,60.0,27 Jun 25,10:31 AM,62.9,tsl_hit,72.62,4.84,14
NIFTY50,25650,BEARISH,1,27 Jun 25,12:20 PM,60.0,27 Jun 25,12:28 PM,61.05,tsl_hit,26.25,1.75,8
NIFTY50,25650,BEARISH,1,27 Jun 25,12:43 PM,60.0,27 Jun 25,01:25 PM,67.44,tsl_hit,185.94,12.4,42
NIFTY50,25650,BEARISH,1,27 Jun 25,02:46 PM,60.0,30 Jun 25,09:19 AM,67.53,tsl_hit,188.13,12.54,48
NIFTY50,25550,BULLISH,1,30 Jun 25,10:03 AM,60.0,30 Jun 25,10:07 AM,62.8,tsl_hit,70.0,4.67,4
NIFTY50,25500,BEARISH,1,30 Jun 25,02:53 PM,60.0,30 Jun 25,03:06 PM,53.93,hard_sl_hit,-151.81,-10.12,13
NIFTY50,25500,BULLISH,1,01 Jul 25,09:15 AM,60.0,01 Jul 25,09:23 AM,71.38,tsl_hit,284.38,18.96,8
NIFTY50,25550,BULLISH,1,01 Jul 25,09:57 AM,60.0,01 Jul 25,10:01 AM,59.21,tsl_hit,-19.69,-1.31,4
NIFTY50,25550,BEARISH,1,01 Jul 25,11:19 AM,60.0,01 Jul 25,11:39 AM,59.88,tsl_hit,-3.06,-0.2,20
NIFTY50,25500,BEARISH,1,01 Jul 25,12:14 PM,60.0,01 Jul 25,12:19 PM,56.06,time_stop,-98.44,-6.56,5
NIFTY50,25550,BEARISH,1,01 Jul 25,01:42 PM,60.0,01 Jul 25,01:57 PM,62.47,tsl_hit,61.69,4.11,15
NIFTY50,25550,BULLISH,1,01 Jul 25,02:38 PM,60.0,01 Jul 25,02:43 PM,58.6,time_stop,-35.0,-2.33,5
NIFTY50,25550,BEARISH,1,01 Jul 25,03:07 PM,60.0,02 Jul 25,09:15 AM,38.77,hard_sl_hit,-530.69,-35.38,23
NIFTY50,25600,BEARISH,1,02 Jul 25,09:17 AM,60.0,02 Jul 25,09:36 AM,73.21,tsl_hit,330.31,22.02,19
NIFTY50,25500,BULLISH,1,02 Jul 25,10:20 AM,60.0,02 Jul 25,10:38 AM,53.0,hard_sl_hit,-175.0,-11.67,18
NIFTY50,25450,BULLISH,1,02 Jul 25,12:53 PM,60.0,02 Jul 25,01:10 PM,60.14,tsl_hit,3.5,0.23,17
NIFTY50,25450,BEARISH,1,02 Jul 25,03:06 PM,60.0,02 Jul 25,03:09 PM,53.91,hard_sl_hit,-152.25,-10.15,3
NIFTY50,25500,BEARISH,1,03 Jul 25,09:17 AM,60.0,03 Jul 25,09:20 AM,52.65,hard_sl_hit,-183.75,-12.25,3
NIFTY50,25550,BEARISH,1,03 Jul 25,10:27 AM,60.0,03 Jul 25,10:49 AM,63.87,tsl_hit,96.69,6.45,22
NIFTY50,25500,BULLISH,1,03 Jul 25,11:44 AM,60.0,03 Jul 25,11:47 AM,52.6,hard_sl_hit,-185.06,-12.34,3
NIFTY50,25500,BULLISH,1,03 Jul 25,11:49 AM,60.0,03 Jul 25,12:02 PM,58.78,tsl_hit,-30.63,-2.04,13
NIFTY50,25500,BULLISH,1,03 Jul 25,12:22 PM,60.0,03 Jul 25,12:43 PM,67.47,tsl_hit,186.81,12.45,21
NIFTY50,25500,BULLISH,1,03 Jul 25,01:02 PM,60.0,03 Jul 25,01:07 PM,60.0,time_stop,0.0,0.0,5
NIFTY50,25500,BULLISH,1,03 Jul 25,01:18 PM,60.0,03 Jul 25,01:42 PM,83.85,tsl_hit,596.31,39.75,24
NIFTY50,25400,BULLISH,1,04 Jul 25,11:25 AM,60.0,04 Jul 25,11:39 AM,53.86,hard_sl_hit,-153.56,-10.24,14
NIFTY50,25350,BULLISH,1,04 Jul 25,11:44 AM,60.0,04 Jul 25,11:45 AM,54.31,hard_sl_hit,-142.19,-9.48,1
NIFTY50,25400,BEARISH,1,04 Jul 25,02:01 PM,60.0,04 Jul 25,02:05 PM,61.89,tsl_hit,47.25,3.15,4
NIFTY50,25450,BEARISH,1,04 Jul 25,02:38 PM,60.0,04 Jul 25,02:40 PM,54.09,hard_sl_hit,-147.87,-9.86,2
NIFTY50,25450,BULLISH,1,07 Jul 25,09:17 AM,60.0,07 Jul 25,09:22 AM,69.68,tsl_hit,241.94,16.13,5
NIFTY50,25450,BULLISH,1,07 Jul 25,11:50 AM,60.0,07 Jul 25,12:17 PM,54.38,hard_sl_hit,-140.44,-9.36,27
NIFTY50,25450,BULLISH,1,07 Jul 25,01:54 PM,60.0,07 Jul 25,02:09 PM,63.29,tsl_hit,82.25,5.48,15
NIFTY50,25450,BULLISH,1,07 Jul 25,02:34 PM,60.0,07 Jul 25,03:19 PM,66.96,tsl_hit,174.12,11.61,45
NIFTY50,25450,BEARISH,1,08 Jul 25,11:32 AM,60.0,08 Jul 25,11:51 AM,61.1,tsl_hit,27.56,1.84,19
NIFTY50,25450,BEARISH,1,08 Jul 25,12:28 PM,60.0,08 Jul 25,12:33 PM,56.96,time_stop,-76.12,-5.07,5
NIFTY50,25450,BULLISH,1,08 Jul 25,01:28 PM,60.0,08 Jul 25,01:31 PM,53.09,hard_sl_hit,-172.81,-11.52,3
NIFTY50,25550,BEARISH,1,09 Jul 25,11:17 AM,60.0,09 Jul 25,11:54 AM,68.8,tsl_hit,220.06,14.67,37
NIFTY50,25550,BULLISH,1,09 Jul 25,12:48 PM,60.0,09 Jul 25,01:04 PM,45.33,hard_sl_hit,-366.63,-24.44,16
NIFTY50,25550,BULLISH,1,09 Jul 25,01:45 PM,60.0,09 Jul 25,01:50 PM,56.22,time_stop,-94.5,-6.3,5
NIFTY50,25500,BULLISH,1,09 Jul 25,01:52 PM,60.0,09 Jul 25,02:05 PM,59.9,tsl_hit,-2.62,-0.17,13
NIFTY50,25500,BULLISH,1,09 Jul 25,02:19 PM,60.0,09 Jul 25,02:27 PM,51.06,hard_sl_hit,-223.56,-14.9,8
NIFTY50,25500,BULLISH,1,09 Jul 25,02:32 PM,60.0,09 Jul 25,02:34 PM,50.53,hard_sl_hit,-236.69,-15.78,2
NIFTY50,25400,BULLISH,1,10 Jul 25,10:45 AM,60.0,10 Jul 25,10:49 AM,54.43,hard_sl_hit,-139.13,-9.28,4
NIFTY50,25400,BEARISH,1,10 Jul 25,11:16 AM,60.0,10 Jul 25,11:27 AM,66.39,tsl_hit,159.69,10.65,11
NIFTY50,25350,BULLISH,1,10 Jul 25,12:02 PM,60.0,10 Jul 25,12:33 PM,69.45,tsl_hit,236.25,15.75,31
NIFTY50,25400,BEARISH,1,10 Jul 25,02:08 PM,60.0,10 Jul 25,02:16 PM,64.36,tsl_hit,108.94,7.26,8
NIFTY50,25350,BULLISH,1,10 Jul 25,03:03 PM,60.0,10 Jul 25,03:14 PM,63.71,tsl_hit,92.75,6.18,11
NIFTY50,25300,BULLISH,1,11 Jul 25,09:17 AM,60.0,11 Jul 25,09:21 AM,60.38,tsl_hit,9.62,0.64,4
NIFTY50,25150,BEARISH,1,11 Jul 25,12:32 PM,60.0,11 Jul 25,12:36 PM,54.33,hard_sl_hit,-141.75,-9.45,4
NIFTY50,25150,BEARISH,1,11 Jul 25,01:50 PM,60.0,11 Jul 25,01:55 PM,57.46,time_stop,-63.44,-4.23,5
NIFTY50,25100,BULLISH,1,14 Jul 25,09:19 AM,60.0,14 Jul 25,09:21 AM,54.28,hard_sl_hit,-143.06,-9.54,2
NIFTY50,25050,BEARISH,1,14 Jul 25,12:11 PM,60.0,14 Jul 25,12:16 PM,57.79,time_stop,-55.13,-3.68,5
NIFTY50,25050,BEARISH,1,14 Jul 25,02:28 PM,60.0,14 Jul 25,02:43 PM,62.2,tsl_hit,55.12,3.67,15
NIFTY50,25150,BEARISH,1,15 Jul 25,09:17 AM,60.0,15 Jul 25,09:22 AM,58.15,time_stop,-46.37,-3.09,5
NIFTY50,25150,BULLISH,1,15 Jul 25,09:38 AM,60.0,15 Jul 25,09:41 AM,53.05,hard_sl_hit,-173.69,-11.58,3
NIFTY50,25200,BULLISH,1,15 Jul 25,12:57 PM,60.0,15 Jul 25,01:10 PM,60.09,tsl_hit,2.19,0.15,13
NIFTY50,25200,BEARISH,1,15 Jul 25,03:08 PM,60.0,15 Jul 25,03:13 PM,54.52,hard_sl_hit,-136.94,-9.13,5
NIFTY50,25150,BULLISH,1,16 Jul 25,09:19 AM,60.0,16 Jul 25,09:24 AM,55.82,time_stop,-104.56,-6.97,5
NIFTY50,25200,BEARISH,1,16 Jul 25,12:35 PM,60.0,16 Jul 25,12:47 PM,50.87,hard_sl_hit,-228.37,-15.22,12
NIFTY50,25200,BEARISH,1,16 Jul 25,12:49 PM,60.0,16 Jul 25,01:04 PM,61.43,tsl_hit,35.87,2.39,15
NIFTY50,25150,BULLISH,1,17 Jul 25,10:11 AM,60.0,17 Jul 25,10:16 AM,54.94,time_stop,-126.44,-8.43,5
NIFTY50,25150,BULLISH,1,17 Jul 25,10:32 AM,60.0,17 Jul 25,11:03 AM,62.17,tsl_hit,54.25,3.62,31
NIFTY50,25200,BEARISH,1,17 Jul 25,11:40 AM,60.0,17 Jul 25,12:42 PM,63.87,tsl_hit,96.69,6.45,62
NIFTY50,25150,BULLISH,1,17 Jul 25,01:07 PM,60.0,17 Jul 25,01:12 PM,59.11,time_stop,-22.31,-1.49,5
NIFTY50,25150,BULLISH,1,17 Jul 25,01:26 PM,60.0,17 Jul 25,01:46 PM,60.7,tsl_hit,17.5,1.17,20
NIFTY50,25150,BULLISH,1,17 Jul 25,02:32 PM,60.0,17 Jul 25,02:42 PM,60.51,tsl_hit,12.69,0.85,10
NIFTY50,25150,BULLISH,1,17 Jul 25,02:50 PM,60.0,17 Jul 25,02:55 PM,57.06,time_stop,-73.5,-4.9,5
NIFTY50,25100,BULLISH,1,18 Jul 25,09:20 AM,60.0,18 Jul 25,09:25 AM,53.37,hard_sl_hit,-165.81,-11.05,5
NIFTY50,24950,BULLISH,1,18 Jul 25,12:20 PM,60.0,18 Jul 25,12:36 PM,62.42,tsl_hit,60.38,4.03,16
NIFTY50,24950,BULLISH,1,21 Jul 25,09:24 AM,60.0,21 Jul 25,09:25 AM,50.36,hard_sl_hit,-241.06,-16.07,1
NIFTY50,24900,BULLISH,1,21 Jul 25,09:27 AM,60.0,21 Jul 25,09:33 AM,53.51,hard_sl_hit,-162.31,-10.82,6
NIFTY50,25050,BULLISH,1,21 Jul 25,11:41 AM,60.0,21 Jul 25,11:42 AM,52.39,hard_sl_hit,-190.31,-12.69,1
NIFTY50,25050,BULLISH,1,21 Jul 25,01:49 PM,60.0,21 Jul 25,01:54 PM,56.13,time_stop,-96.69,-6.45,5
NIFTY50,25050,BEARISH,1,21 Jul 25,02:23 PM,60.0,21 Jul 25,02:37 PM,67.16,tsl_hit,178.94,11.93,14
NIFTY50,25150,BEARISH,1,22 Jul 25,09:17 AM,60.0,22 Jul 25,09:21 AM,69.22,tsl_hit,230.56,15.37,4
NIFTY50,25100,BULLISH,1,22 Jul 25,09:40 AM,60.0,22 Jul 25,09:54 AM,63.64,tsl_hit,91.0,6.07,14
NIFTY50,25050,BULLISH,1,22 Jul 25,11:08 AM,60.0,22 Jul 25,11:18 AM,59.28,tsl_hit,-17.94,-1.2,10
NIFTY50,25050,BEARISH,1,22 Jul 25,11:50 AM,60.0,22 Jul 25,11:52 AM,58.2,tsl_hit,-45.06,-3.0,2
NIFTY50,25100,BULLISH,1,22 Jul 25,01:28 PM,60.0,22 Jul 25,01:33 PM,59.84,time_stop,-3.94,-0.26,5
NIFTY50,25100,BEARISH,1,23 Jul 25,09:17 AM,60.0,23 Jul 25,09:22 AM,57.36,time_stop,-66.06,-4.4,5
NIFTY50,25100,BEARISH,1,23 Jul 25,10:47 AM,60.0,23 Jul 25,11:01 AM,53.68,hard_sl_hit,-157.94,-10.53,14
NIFTY50,25200,BEARISH,1,23 Jul 25,01:55 PM,60.0,23 Jul 25,02:00 PM,58.0,time_stop,-49.88,-3.33,5
NIFTY50,25200,BULLISH,1,24 Jul 25,09:15 AM,60.0,24 Jul 25,09:19 AM,54.38,hard_sl_hit,-140.44,-9.36,4
NIFTY50,25200,BULLISH,1,24 Jul 25,09:20 AM,60.0,24 Jul 25,09:25 AM,57.29,time_stop,-67.81,-4.52,5
NIFTY50,25200,BULLISH,1,24 Jul 25,09:29 AM,60.0,24 Jul 25,09:51 AM,54.05,hard_sl_hit,-148.75,-9.92,22
NIFTY50,25150,BEARISH,1,24 Jul 25,10:29 AM,60.0,24 Jul 25,10:45 AM,59.39,tsl_hit,-15.31,-1.02,16
NIFTY50,25100,BEARISH,1,24 Jul 25,01:45 PM,60.0,24 Jul 25,01:49 PM,52.25,hard_sl_hit,-193.81,-12.92,4
NIFTY50,25050,BULLISH,1,24 Jul 25,03:21 PM,60.0,24 Jul 25,03:26 PM,58.5,time_stop,-37.62,-2.51,5
NIFTY50,24850,BULLISH,1,25 Jul 25,01:36 PM,60.0,25 Jul 25,02:02 PM,73.23,tsl_hit,330.75,22.05,26
NIFTY50,24750,BULLISH,1,28 Jul 25,09:18 AM,60.0,28 Jul 25,09:21 AM,66.11,tsl_hit,152.69,10.18,3
NIFTY50,24800,BULLISH,1,28 Jul 25,10:48 AM,60.0,28 Jul 25,11:03 AM,75.56,tsl_hit,388.94,25.93,15
NIFTY50,24750,BULLISH,1,28 Jul 25,12:47 PM,60.0,28 Jul 25,12:49 PM,53.02,hard_sl_hit,-174.56,-11.64,2
NIFTY50,24650,BULLISH,1,29 Jul 25,09:17 AM,60.0,29 Jul 25,09:20 AM,63.89,tsl_hit,97.13,6.48,3
NIFTY50,24700,BEARISH,1,29 Jul 25,09:56 AM,60.0,29 Jul 25,10:01 AM,61.14,tsl_hit,28.44,1.9,5
NIFTY50,24650,BULLISH,1,29 Jul 25,10:50 AM,60.0,29 Jul 25,11:05 AM,63.08,tsl_hit,77.0,5.13,15
NIFTY50,24750,BEARISH,1,29 Jul 25,01:11 PM,60.0,29 Jul 25,01:16 PM,56.24,time_stop,-94.06,-6.27,5
NIFTY50,24750,BEARISH,1,29 Jul 25,01:36 PM,60.0,29 Jul 25,01:38 PM,53.79,hard_sl_hit,-155.31,-10.35,2
NIFTY50,24850,BEARISH,1,30 Jul 25,11:18 AM,60.0,30 Jul 25,11:22 AM,53.89,hard_sl_hit,-152.69,-10.18,4
NIFTY50,24850,BEARISH,1,30 Jul 25,02:31 PM,60.0,30 Jul 25,02:36 PM,56.6,time_stop,-84.88,-5.66,5
NIFTY50,24650,BULLISH,1,31 Jul 25,09:17 AM,60.0,31 Jul 25,09:25 AM,73.42,tsl_hit,335.56,22.37,8
NIFTY50,24650,BULLISH,1,31 Jul 25,10:04 AM,60.0,31 Jul 25,10:10 AM,63.71,tsl_hit,92.75,6.18,6
NIFTY50,24700,BEARISH,1,31 Jul 25,10:47 AM,60.0,31 Jul 25,10:52 AM,55.78,time_stop,-105.44,-7.03,5
NIFTY50,24800,BULLISH,1,31 Jul 25,12:05 PM,60.0,31 Jul 25,12:10 PM,59.86,time_stop,-3.5,-0.23,5
NIFTY50,24700,BULLISH,1,01 Aug 25,09:17 AM,60.0,01 Aug 25,09:23 AM,60.3,tsl_hit,7.44,0.5,6
NIFTY50,24750,BULLISH,1,01 Aug 25,10:52 AM,60.0,01 Aug 25,11:06 AM,62.68,tsl_hit,66.94,4.46,14
NIFTY50,24700,BULLISH,1,01 Aug 25,11:11 AM,60.0,01 Aug 25,11:15 AM,54.17,hard_sl_hit,-145.69,-9.71,4
NIFTY50,24650,BEARISH,1,01 Aug 25,12:33 PM,60.0,01 Aug 25,12:37 PM,65.74,tsl_hit,143.5,9.57,4
NIFTY50,24650,BEARISH,1,01 Aug 25,01:09 PM,60.0,01 Aug 25,01:25 PM,51.85,hard_sl_hit,-203.87,-13.59,16
NIFTY50,24700,BEARISH,1,01 Aug 25,01:29 PM,60.0,01 Aug 25,01:39 PM,76.62,tsl_hit,415.62,27.71,10
NIFTY50,24600,BULLISH,1,04 Aug 25,10:52 AM,60.0,04 Aug 25,10:57 AM,59.9,tsl_hit,-2.62,-0.17,5
NIFTY50,24650,BULLISH,1,04 Aug 25,12:04 PM,60.0,04 Aug 25,12:41 PM,71.83,tsl_hit,295.75,19.72,37
NIFTY50,24750,BEARISH,1,04 Aug 25,02:34 PM,60.0,04 Aug 25,02:46 PM,66.91,tsl_hit,172.81,11.52,12
NIFTY50,24700,BULLISH,1,05 Aug 25,09:17 AM,60.0,05 Aug 25,09:19 AM,54.5,hard_sl_hit,-137.38,-9.16,2
NIFTY50,24700,BULLISH,1,05 Aug 25,09:21 AM,60.0,05 Aug 25,09:24 AM,57.65,tsl_hit,-58.63,-3.91,3
NIFTY50,24600,BULLISH,1,05 Aug 25,11:11 AM,60.0,05 Aug 25,11:30 AM,64.57,tsl_hit,114.19,7.61,19
NIFTY50,24600,BULLISH,1,05 Aug 25,11:59 AM,60.0,05 Aug 25,12:25 PM,70.99,tsl_hit,274.75,18.32,26
NIFTY50,24650,BEARISH,1,05 Aug 25,03:08 PM,60.0,05 Aug 25,03:13 PM,52.56,hard_sl_hit,-185.94,-12.4,5
NIFTY50,24650,BEARISH,1,06 Aug 25,10:23 AM,60.0,06 Aug 25,10:37 AM,80.6,tsl_hit,514.94,34.33,14
NIFTY50,24600,BEARISH,1,06 Aug 25,12:23 PM,60.0,06 Aug 25,12:46 PM,62.9,tsl_hit,72.62,4.84,23
NIFTY50,24600,BULLISH,1,06 Aug 25,02:16 PM,60.0,06 Aug 25,02:28 PM,58.42,tsl_hit,-39.38,-2.63,12
NIFTY50,24500,BULLISH,1,07 Aug 25,09:17 AM,60.0,07 Aug 25,09:34 AM,60.54,tsl_hit,13.56,0.9,17
NIFTY50,24500,BULLISH,1,07 Aug 25,10:00 AM,60.0,07 Aug 25,10:27 AM,54.56,hard_sl_hit,-136.06,-9.07,27
NIFTY50,24450,BULLISH,1,07 Aug 25,10:33 AM,60.0,07 Aug 25,10:47 AM,54.07,hard_sl_hit,-148.31,-9.89,14
NIFTY50,24450,BEARISH,1,07 Aug 25,12:14 PM,60.0,07 Aug 25,12:36 PM,58.56,tsl_hit,-35.88,-2.39,22
NIFTY50,24400,BEARISH,1,07 Aug 25,01:46 PM,60.0,07 Aug 25,02:01 PM,54.07,hard_sl_hit,-148.31,-9.89,15
NIFTY50,24600,BEARISH,1,07 Aug 25,03:08 PM,60.0,07 Aug 25,03:11 PM,54.33,hard_sl_hit,-141.75,-9.45,3
NIFTY50,24550,BULLISH,1,08 Aug 25,09:17 AM,60.0,08 Aug 25,09:19 AM,61.99,tsl_hit,49.87,3.32,2
NIFTY50,24400,BULLISH,1,08 Aug 25,12:06 PM,60.0,08 Aug 25,12:21 PM,59.79,tsl_hit,-5.25,-0.35,15
NIFTY50,24450,BEARISH,1,08 Aug 25,12:52 PM,60.0,08 Aug 25,12:55 PM,52.14,hard_sl_hit,-196.44,-13.1,3
NIFTY50,24450,BEARISH,1,08 Aug 25,12:57 PM,60.0,08 Aug 25,01:06 PM,66.35,tsl_hit,158.81,10.59,9
NIFTY50,24350,BULLISH,1,08 Aug 25,03:15 PM,60.0,08 Aug 25,03:19 PM,53.77,hard_sl_hit,-155.75,-10.38,4
NIFTY50,24400,BEARISH,1,11 Aug 25,09:17 AM,60.0,11 Aug 25,09:19 AM,53.79,hard_sl_hit,-155.31,-10.35,2
NIFTY50,24450,BULLISH,1,11 Aug 25,11:14 AM,60.0,11 Aug 25,11:27 AM,67.18,tsl_hit,179.37,11.96,13
NIFTY50,24450,BULLISH,1,11 Aug 25,11:37 AM,60.0,11 Aug 25,11:42 AM,56.85,time_stop,-78.75,-5.25,5
NIFTY50,24500,BEARISH,1,11 Aug 25,01:35 PM,60.0,11 Aug 25,01:40 PM,55.64,time_stop,-108.94,-7.26,5
NIFTY50,24550,BEARISH,1,11 Aug 25,02:35 PM,60.0,11 Aug 25,02:38 PM,54.12,hard_sl_hit,-147.0,-9.8,3
NIFTY50,24600,BEARISH,1,12 Aug 25,09:27 AM,60.0,12 Aug 25,09:31 AM,53.1,hard_sl_hit,-172.38,-11.49,4
NIFTY50,24550,BULLISH,1,12 Aug 25,11:52 AM,60.0,12 Aug 25,12:01 PM,63.15,tsl_hit,78.75,5.25,9
NIFTY50,24600,BEARISH,1,12 Aug 25,02:01 PM,60.0,12 Aug 25,02:22 PM,71.39,tsl_hit,284.81,18.99,21
NIFTY50,24450,BULLISH,1,12 Aug 25,03:05 PM,60.0,12 Aug 25,03:17 PM,64.99,tsl_hit,124.69,8.31,12
NIFTY50,24550,BEARISH,1,13 Aug 25,09:18 AM,60.0,13 Aug 25,09:24 AM,64.43,tsl_hit,110.69,7.38,6
NIFTY50,24550,BULLISH,1,13 Aug 25,11:45 AM,60.0,13 Aug 25,11:57 AM,58.58,tsl_hit,-35.44,-2.36,12
NIFTY50,24550,BULLISH,1,13 Aug 25,12:03 PM,60.0,13 Aug 25,12:17 PM,65.23,tsl_hit,130.81,8.72,14
NIFTY50,24600,BEARISH,1,13 Aug 25,12:34 PM,60.0,13 Aug 25,12:40 PM,59.3,tsl_hit,-17.5,-1.17,6
NIFTY50,24650,BEARISH,1,13 Aug 25,01:03 PM,60.0,13 Aug 25,01:16 PM,61.5,tsl_hit,37.62,2.51,13
NIFTY50,24600,BULLISH,1,13 Aug 25,01:23 PM,60.0,13 Aug 25,02:05 PM,71.11,tsl_hit,277.81,18.52,42
NIFTY50,24650,BEARISH,1,14 Aug 25,09:17 AM,60.0,14 Aug 25,09:22 AM,66.09,tsl_hit,152.25,10.15,5
NIFTY50,24650,BEARISH,1,14 Aug 25,10:28 AM,60.0,14 Aug 25,10:43 AM,61.59,tsl_hit,39.81,2.65,15
NIFTY50,24600,BULLISH,1,14 Aug 25,11:44 AM,60.0,14 Aug 25,11:49 AM,55.99,time_stop,-100.19,-6.68,5
NIFTY50,24650,BEARISH,1,14 Aug 25,12:29 PM,60.0,14 Aug 25,12:34 PM,57.95,time_stop,-51.19,-3.41,5
NIFTY50,24650,BULLISH,1,14 Aug 25,02:19 PM,60.0,14 Aug 25,02:31 PM,54.02,hard_sl_hit,-149.62,-9.97,12
NIFTY50,24950,BEARISH,1,18 Aug 25,09:17 AM,60.0,18 Aug 25,09:20 AM,53.14,hard_sl_hit,-171.5,-11.43,3
NIFTY50,24900,BULLISH,1,18 Aug 25,12:17 PM,60.0,18 Aug 25,12:32 PM,62.12,tsl_hit,52.94,3.53,15
NIFTY50,24900,BULLISH,1,18 Aug 25,02:38 PM,60.0,18 Aug 25,03:00 PM,53.18,hard_sl_hit,-170.63,-11.38,22
NIFTY50,24900,BEARISH,1,19 Aug 25,09:17 AM,60.0,19 Aug 25,09:21 AM,57.32,tsl_hit,-66.94,-4.46,4
NIFTY50,24950,BEARISH,1,19 Aug 25,11:32 AM,60.0,19 Aug 25,11:39 AM,54.28,hard_sl_hit,-143.06,-9.54,7
NIFTY50,25000,BEARISH,1,19 Aug 25,12:23 PM,60.0,19 Aug 25,12:36 PM,54.01,hard_sl_hit,-149.63,-9.98,13
NIFTY50,24950,BULLISH,1,20 Aug 25,09:17 AM,60.0,20 Aug 25,09:20 AM,53.54,hard_sl_hit,-161.44,-10.76,3
NIFTY50,25050,BULLISH,1,20 Aug 25,01:11 PM,60.0,20 Aug 25,01:20 PM,62.2,tsl_hit,55.12,3.67,9
NIFTY50,25050,BULLISH,1,20 Aug 25,01:26 PM,60.0,20 Aug 25,01:56 PM,66.76,tsl_hit,168.88,11.26,30
NIFTY50,25050,BULLISH,1,20 Aug 25,03:05 PM,60.0,20 Aug 25,03:17 PM,54.42,hard_sl_hit,-139.56,-9.3,12
NIFTY50,25100,BEARISH,1,21 Aug 25,09:17 AM,60.0,21 Aug 25,09:26 AM,64.65,tsl_hit,116.37,7.76,9
NIFTY50,25150,BEARISH,1,21 Aug 25,10:32 AM,60.0,21 Aug 25,10:47 AM,62.34,tsl_hit,58.62,3.91,15
NIFTY50,25100,BULLISH,1,21 Aug 25,12:32 PM,60.0,21 Aug 25,12:52 PM,61.36,tsl_hit,34.12,2.27,20
NIFTY50,25100,BULLISH,1,21 Aug 25,12:54 PM,60.0,21 Aug 25,01:33 PM,52.56,hard_sl_hit,-185.94,-12.4,39
NIFTY50,24900,BULLISH,1,22 Aug 25,11:18 AM,60.0,22 Aug 25,12:01 PM,72.97,tsl_hit,324.19,21.61,43
NIFTY50,24950,BEARISH,1,22 Aug 25,01:39 PM,60.0,22 Aug 25,02:08 PM,64.9,tsl_hit,122.5,8.17,29
NIFTY50,24950,BEARISH,1,25 Aug 25,09:17 AM,60.0,25 Aug 25,09:21 AM,61.91,tsl_hit,47.69,3.18,4
NIFTY50,24950,BULLISH,1,25 Aug 25,09:54 AM,60.0,25 Aug 25,09:58 AM,52.21,hard_sl_hit,-194.69,-12.98,4
NIFTY50,25000,BEARISH,1,25 Aug 25,12:18 PM,60.0,25 Aug 25,12:48 PM,54.33,hard_sl_hit,-141.75,-9.45,30
NIFTY50,25000,BEARISH,1,25 Aug 25,01:07 PM,60.0,25 Aug 25,01:12 PM,57.45,time_stop,-63.87,-4.26,5
NIFTY50,24800,BULLISH,1,26 Aug 25,12:35 PM,60.0,26 Aug 25,01:13 PM,62.75,tsl_hit,68.69,4.58,38
NIFTY50,24750,BULLISH,1,26 Aug 25,02:14 PM,60.0,26 Aug 25,02:19 PM,55.49,time_stop,-112.87,-7.52,5
NIFTY50,24750,BULLISH,1,26 Aug 25,03:06 PM,60.0,26 Aug 25,03:11 PM,52.55,hard_sl_hit,-186.37,-12.42,5
NIFTY50,24650,BEARISH,1,28 Aug 25,11:37 AM,60.0,28 Aug 25,12:05 PM,73.72,tsl_hit,343.0,22.87,28
NIFTY50,24600,BULLISH,1,28 Aug 25,12:26 PM,60.0,28 Aug 25,01:00 PM,51.85,hard_sl_hit,-203.87,-13.59,34
NIFTY50,24500,BULLISH,1,29 Aug 25,02:00 PM,60.0,29 Aug 25,02:24 PM,74.72,tsl_hit,367.94,24.53,24
NIFTY50,24500,BEARISH,1,01 Sep 25,09:20 AM,60.0,01 Sep 25,09:23 AM,53.8,hard_sl_hit,-154.88,-10.33,3
NIFTY50,24600,BEARISH,1,01 Sep 25,01:34 PM,60.0,01 Sep 25,01:52 PM,60.02,tsl_hit,0.44,0.03,18
NIFTY50,24600,BEARISH,1,01 Sep 25,02:07 PM,60.0,01 Sep 25,02:12 PM,57.25,time_stop,-68.69,-4.58,5
NIFTY50,24650,BEARISH,1,02 Sep 25,09:17 AM,60.0,02 Sep 25,09:27 AM,66.09,tsl_hit,152.25,10.15,10
NIFTY50,24700,BEARISH,1,02 Sep 25,09:54 AM,60.0,02 Sep 25,10:01 AM,54.05,hard_sl_hit,-148.75,-9.92,7
NIFTY50,24700,BULLISH,1,02 Sep 25,12:19 PM,60.0,02 Sep 25,12:44 PM,67.19,tsl_hit,179.81,11.99,25
NIFTY50,24600,BULLISH,1,02 Sep 25,01:58 PM,60.0,02 Sep 25,02:00 PM,52.77,hard_sl_hit,-180.69,-12.05,2
NIFTY50,24600,BULLISH,1,02 Sep 25,02:01 PM,60.0,02 Sep 25,02:03 PM,49.53,hard_sl_hit,-261.63,-17.44,2
NIFTY50,24550,BULLISH,1,03 Sep 25,09:20 AM,60.0,03 Sep 25,09:30 AM,70.52,tsl_hit,262.94,17.53,10
NIFTY50,24850,BEARISH,1,04 Sep 25,09:17 AM,60.0,04 Sep 25,09:22 AM,58.25,tsl_hit,-43.75,-2.92,5
NIFTY50,24800,BEARISH,1,04 Sep 25,12:07 PM,60.0,04 Sep 25,12:14 PM,66.25,tsl_hit,156.19,10.41,7
NIFTY50,24800,BEARISH,1,05 Sep 25,09:17 AM,60.0,05 Sep 25,09:19 AM,53.14,hard_sl_hit,-171.5,-11.43,2
NIFTY50,24650,BULLISH,1,05 Sep 25,12:19 PM,60.0,05 Sep 25,12:32 PM,61.17,tsl_hit,29.31,1.95,13
NIFTY50,24650,BULLISH,1,05 Sep 25,12:37 PM,60.0,05 Sep 25,12:46 PM,59.88,tsl_hit,-3.06,-0.2,9
NIFTY50,24650,BEARISH,1,05 Sep 25,01:02 PM,60.0,05 Sep 25,01:12 PM,52.89,hard_sl_hit,-177.63,-11.84,10
