Index,Strike,Direction,Lots,Entry Date,Entry Time,Entry ₹,Exit Date,Exit Time,Exit ₹,Reason,P&L,P&L %,Hold (min)
NIFTY50,19950,BULLISH,6,11 Sep 23,11:40 AM,34.36,11 Sep 23,11:48 AM,34.22,tsl_hit,-21.0,-0.41,8
NIFTY50,19950,BEARISH,8,11 Sep 23,12:32 PM,24.9,11 Sep 23,12:35 PM,24.51,tsl_hit,-78.0,-1.57,3
NIFTY50,19950,BEARISH,10,11 Sep 23,02:28 PM,20.64,11 Sep 23,02:31 PM,18.45,hard_sl_hit,-547.5,-10.61,3
NIFTY50,19950,BEARISH,11,11 Sep 23,02:48 PM,18.46,11 Sep 23,02:50 PM,16.32,hard_sl_hit,-588.5,-11.59,2
NIFTY50,20000,BEARISH,6,11 Sep 23,03:05 PM,33.09,11 Sep 23,03:07 PM,29.53,hard_sl_hit,-534.0,-10.76,2
NIFTY50,20100,BEARISH,2,12 Sep 23,09:17 AM,80.26,12 Sep 23,09:20 AM,86.18,tsl_hit,296.0,7.38,3
NIFTY50,20000,BULLISH,4,12 Sep 23,12:21 PM,46.99,12 Sep 23,12:28 PM,50.79,tsl_hit,380.0,8.09,7
NIFTY50,20000,BEARISH,4,12 Sep 23,01:26 PM,53.01,12 Sep 23,01:30 PM,50.53,tsl_hit,-248.0,-4.68,4
NIFTY50,20000,BEARISH,5,12 Sep 23,02:14 PM,43.1,12 Sep 23,02:22 PM,42.45,tsl_hit,-81.25,-1.51,8
NIFTY50,20000,BULLISH,4,12 Sep 23,02:30 PM,52.94,12 Sep 23,02:35 PM,55.64,tsl_hit,270.0,5.1,5
NIFTY50,19950,BULLISH,4,13 Sep 23,09:17 AM,44.19,13 Sep 23,09:26 AM,69.38,tsl_hit,2519.0,57.0,9
NIFTY50,20000,BEARISH,9,13 Sep 23,11:26 AM,25.16,13 Sep 23,11:28 AM,21.19,hard_sl_hit,-893.25,-15.78,2
NIFTY50,20050,BEARISH,7,13 Sep 23,12:12 PM,29.93,13 Sep 23,12:17 PM,30.13,tsl_hit,35.0,0.67,5
NIFTY50,20050,BEARISH,10,13 Sep 23,12:31 PM,22.3,13 Sep 23,12:40 PM,26.49,tsl_hit,1047.5,18.79,9
NIFTY50,20150,BEARISH,13,14 Sep 23,09:18 AM,17.4,14 Sep 23,09:22 AM,15.6,hard_sl_hit,-585.0,-10.34,4
NIFTY50,20150,BEARISH,2,15 Sep 23,09:17 AM,112.8,15 Sep 23,09:22 AM,106.33,time_stop,-323.5,-5.74,5
NIFTY50,20150,BEARISH,2,15 Sep 23,10:54 AM,99.75,15 Sep 23,10:55 AM,50.46,hard_sl_hit,-2464.5,-49.41,1
NIFTY50,20200,BEARISH,3,15 Sep 23,11:03 AM,66.1,15 Sep 23,11:13 AM,59.48,hard_sl_hit,-496.5,-10.02,10
NIFTY50,20150,BULLISH,2,15 Sep 23,12:21 PM,84.18,15 Sep 23,12:31 PM,74.73,hard_sl_hit,-472.5,-11.23,10
NIFTY50,20200,BEARISH,2,15 Sep 23,01:29 PM,71.97,15 Sep 23,01:43 PM,78.91,tsl_hit,347.0,9.64,14
NIFTY50,20200,BEARISH,5,15 Sep 23,02:47 PM,37.98,15 Sep 23,02:50 PM,44.12,tsl_hit,767.5,16.17,3
NIFTY50,20200,BEARISH,5,15 Sep 23,03:02 PM,39.82,15 Sep 23,03:18 PM,55.71,tsl_hit,1986.25,39.9,16
NIFTY50,20150,BULLISH,5,18 Sep 23,12:20 PM,43.42,18 Sep 23,12:25 PM,48.69,tsl_hit,658.75,12.14,5
NIFTY50,20200,BULLISH,8,18 Sep 23,12:41 PM,25.33,18 Sep 23,12:43 PM,22.77,hard_sl_hit,-512.0,-10.11,2
NIFTY50,20150,BULLISH,6,18 Sep 23,02:30 PM,36.52,18 Sep 23,02:35 PM,35.93,time_stop,-88.5,-1.62,5
NIFTY50,20000,BULLISH,2,20 Sep 23,09:17 AM,82.11,20 Sep 23,09:23 AM,109.97,tsl_hit,1393.0,33.93,6
NIFTY50,19950,BULLISH,2,20 Sep 23,10:28 AM,100.49,20 Sep 23,10:43 AM,103.11,tsl_hit,131.0,2.61,15
NIFTY50,19950,BULLISH,13,20 Sep 23,11:55 AM,17.71,20 Sep 23,12:04 PM,21.48,tsl_hit,1225.25,21.29,9
NIFTY50,19950,BULLISH,16,20 Sep 23,01:05 PM,14.02,20 Sep 23,01:07 PM,12.18,hard_sl_hit,-736.0,-13.12,2
NIFTY50,19900,BULLISH,9,20 Sep 23,01:50 PM,23.48,20 Sep 23,01:52 PM,17.51,hard_sl_hit,-1343.25,-25.43,2
NIFTY50,19900,BULLISH,13,20 Sep 23,01:54 PM,16.76,20 Sep 23,01:55 PM,14.86,hard_sl_hit,-617.5,-11.34,1
NIFTY50,19800,BULLISH,10,21 Sep 23,09:19 AM,22.3,21 Sep 23,09:21 AM,12.2,hard_sl_hit,-2525.0,-45.29,2
NIFTY50,19750,BULLISH,34,21 Sep 23,11:43 AM,6.1,21 Sep 23,11:46 AM,9.6,tsl_hit,2975.0,57.38,3
NIFTY50,19750,BEARISH,17,21 Sep 23,03:04 PM,12.8,21 Sep 23,03:07 PM,18.2,tsl_hit,2295.0,42.19,3
NIFTY50,19750,BEARISH,69,21 Sep 23,03:18 PM,3.4,21 Sep 23,03:19 PM,2.6,hard_sl_hit,-1380.0,-23.53,1
NIFTY50,19700,BULLISH,1,22 Sep 23,09:55 AM,115.69,22 Sep 23,09:58 AM,102.27,hard_sl_hit,-335.5,-11.6,3
NIFTY50,19750,BULLISH,2,22 Sep 23,12:59 PM,85.78,22 Sep 23,01:05 PM,84.44,tsl_hit,-67.0,-1.56,6
NIFTY50,19750,BEARISH,4,25 Sep 23,01:04 PM,47.93,25 Sep 23,01:14 PM,57.55,tsl_hit,962.0,20.07,10
NIFTY50,19750,BEARISH,4,25 Sep 23,01:04 PM,47.93,25 Sep 23,01:14 PM,57.55,tsl_hit,962.0,20.07,10
NIFTY50,19650,BULLISH,4,26 Sep 23,09:33 AM,54.2,26 Sep 23,09:37 AM,54.25,tsl_hit,5.0,0.09,4
NIFTY50,19650,BULLISH,6,26 Sep 23,03:04 PM,34.42,26 Sep 23,03:14 PM,35.04,tsl_hit,93.0,1.8,10
NIFTY50,19600,BEARISH,9,27 Sep 23,09:15 AM,25.26,27 Sep 23,09:18 AM,22.76,hard_sl_hit,-562.5,-9.9,3
NIFTY50,19600,BULLISH,6,27 Sep 23,10:03 AM,36.51,27 Sep 23,10:05 AM,31.92,hard_sl_hit,-688.5,-12.57,2
NIFTY50,19600,BEARISH,4,27 Sep 23,10:44 AM,54.88,27 Sep 23,10:49 AM,55.02,tsl_hit,14.0,0.26,5
NIFTY50,19650,BULLISH,10,27 Sep 23,11:55 AM,21.91,27 Sep 23,11:56 AM,19.43,hard_sl_hit,-620.0,-11.32,1
NIFTY50,19700,BEARISH,7,27 Sep 23,01:11 PM,30.79,27 Sep 23,01:16 PM,27.84,hard_sl_hit,-516.25,-9.58,5
NIFTY50,19700,BULLISH,13,27 Sep 23,02:22 PM,17.09,27 Sep 23,02:30 PM,23.47,tsl_hit,2073.5,37.33,8
NIFTY50,19750,BEARISH,57,28 Sep 23,09:17 AM,4.1,28 Sep 23,09:19 AM,0.05,hard_sl_hit,-5771.25,-98.78,2
NIFTY50,19700,BULLISH,13,28 Sep 23,09:41 AM,16.1,28 Sep 23,09:42 AM,5.6,hard_sl_hit,-3412.5,-65.22,1
NIFTY50,19600,BULLISH,12,28 Sep 23,12:28 PM,15.3,28 Sep 23,12:34 PM,21.0,tsl_hit,1710.0,37.25,6
NIFTY50,19550,BEARISH,12,28 Sep 23,03:20 PM,16.7,28 Sep 23,03:21 PM,6.9,hard_sl_hit,-2940.0,-58.68,1
NIFTY50,19600,BEARISH,3,29 Sep 23,11:14 AM,53.58,29 Sep 23,11:26 AM,48.7,hard_sl_hit,-366.0,-9.11,12
NIFTY50,19650,BEARISH,3,29 Sep 23,11:37 AM,61.88,29 Sep 23,11:39 AM,56.22,hard_sl_hit,-424.5,-9.15,2
NIFTY50,19550,BULLISH,2,03 Oct 23,09:18 AM,90.9,03 Oct 23,09:34 AM,82.51,hard_sl_hit,-419.5,-9.23,16
NIFTY50,19500,BULLISH,1,03 Oct 23,09:56 AM,101.11,03 Oct 23,10:01 AM,94.28,time_stop,-170.75,-6.76,5
NIFTY50,19500,BEARISH,2,03 Oct 23,10:20 AM,88.84,03 Oct 23,10:29 AM,80.41,hard_sl_hit,-421.5,-9.49,9
NIFTY50,19500,BEARISH,8,03 Oct 23,12:10 PM,20.75,03 Oct 23,12:15 PM,20.01,time_stop,-148.0,-3.57,5
NIFTY50,19550,BULLISH,8,03 Oct 23,01:31 PM,22.48,03 Oct 23,01:35 PM,24.08,tsl_hit,320.0,7.12,4
NIFTY50,19550,BULLISH,6,03 Oct 23,02:04 PM,28.33,03 Oct 23,02:05 PM,25.59,hard_sl_hit,-411.0,-9.67,1
NIFTY50,19400,BULLISH,2,04 Oct 23,09:17 AM,83.77,04 Oct 23,09:23 AM,71.51,hard_sl_hit,-613.0,-14.64,6
NIFTY50,19400,BULLISH,6,04 Oct 23,11:28 AM,25.66,04 Oct 23,11:30 AM,24.83,tsl_hit,-124.5,-3.23,2
NIFTY50,19400,BEARISH,12,04 Oct 23,02:43 PM,14.49,04 Oct 23,02:45 PM,12.54,hard_sl_hit,-585.0,-13.46,2
NIFTY50,19400,BULLISH,5,04 Oct 23,03:01 PM,32.8,04 Oct 23,03:06 PM,45.51,tsl_hit,1588.75,38.75,5
NIFTY50,19550,BEARISH,8,05 Oct 23,09:17 AM,22.1,05 Oct 23,09:18 AM,13.6,hard_sl_hit,-1700.0,-38.46,1
NIFTY50,19600,BEARISH,1,06 Oct 23,09:17 AM,95.77,06 Oct 23,09:49 AM,95.98,tsl_hit,5.25,0.22,32
NIFTY50,19650,BEARISH,1,06 Oct 23,10:47 AM,105.5,06 Oct 23,10:55 AM,57.6,hard_sl_hit,-1197.5,-45.4,8
NIFTY50,19650,BEARISH,5,06 Oct 23,01:31 PM,30.74,06 Oct 23,01:35 PM,31.41,tsl_hit,83.75,2.18,4
NIFTY50,19650,BEARISH,7,06 Oct 23,02:04 PM,23.69,06 Oct 23,02:07 PM,21.36,hard_sl_hit,-407.75,-9.84,3
NIFTY50,19650,BULLISH,3,06 Oct 23,02:24 PM,50.19,06 Oct 23,02:45 PM,54.0,tsl_hit,285.75,7.59,21
NIFTY50,19650,BULLISH,2,06 Oct 23,02:50 PM,56.94,06 Oct 23,03:00 PM,61.26,tsl_hit,216.0,7.59,10
NIFTY50,19500,BULLISH,1,09 Oct 23,09:17 AM,169.58,09 Oct 23,10:03 AM,208.9,tsl_hit,983.0,23.19,46
NIFTY50,19550,BULLISH,4,09 Oct 23,12:21 PM,37.5,09 Oct 23,12:24 PM,32.19,hard_sl_hit,-531.0,-14.16,3
NIFTY50,19500,BULLISH,3,09 Oct 23,02:21 PM,43.95,09 Oct 23,02:30 PM,59.07,tsl_hit,1134.0,34.4,9
NIFTY50,19500,BULLISH,3,09 Oct 23,03:10 PM,54.54,09 Oct 23,03:17 PM,49.23,hard_sl_hit,-398.25,-9.74,7
NIFTY50,19600,BEARISH,1,10 Oct 23,09:18 AM,91.24,10 Oct 23,09:37 AM,92.75,tsl_hit,37.75,1.65,19
NIFTY50,19600,BEARISH,1,10 Oct 23,09:42 AM,91.51,10 Oct 23,10:12 AM,82.24,hard_sl_hit,-231.75,-10.13,30
NIFTY50,19600,BULLISH,4,10 Oct 23,10:57 AM,37.41,10 Oct 23,11:02 AM,36.49,time_stop,-92.0,-2.46,5
NIFTY50,19600,BULLISH,5,10 Oct 23,11:41 AM,33.29,10 Oct 23,11:48 AM,38.43,tsl_hit,642.5,15.44,7
NIFTY50,19700,BEARISH,6,10 Oct 23,01:29 PM,26.55,10 Oct 23,01:34 PM,23.72,hard_sl_hit,-424.5,-10.66,5
NIFTY50,19700,BEARISH,9,10 Oct 23,02:22 PM,17.56,10 Oct 23,02:27 PM,16.51,time_stop,-236.25,-5.98,5
NIFTY50,19700,BULLISH,6,10 Oct 23,03:03 PM,24.95,10 Oct 23,03:08 PM,26.8,tsl_hit,277.5,7.41,5
NIFTY50,19800,BEARISH,2,11 Oct 23,09:18 AM,66.87,11 Oct 23,09:22 AM,60.54,hard_sl_hit,-316.5,-9.47,4
NIFTY50,19800,BULLISH,4,11 Oct 23,10:57 AM,41.28,11 Oct 23,11:00 AM,41.21,tsl_hit,-7.0,-0.17,3
NIFTY50,19800,BULLISH,5,11 Oct 23,11:13 AM,32.85,11 Oct 23,11:15 AM,29.49,hard_sl_hit,-420.0,-10.23,2
NIFTY50,19800,BULLISH,5,11 Oct 23,11:17 AM,29.71,11 Oct 23,11:26 AM,35.36,tsl_hit,706.25,19.02,9
NIFTY50,19800,BULLISH,7,11 Oct 23,12:17 PM,22.38,11 Oct 23,12:18 PM,19.23,hard_sl_hit,-551.25,-14.08,1
NIFTY50,19850,BEARISH,9,12 Oct 23,09:17 AM,17.5,12 Oct 23,09:23 AM,21.4,tsl_hit,877.5,22.29,6
NIFTY50,19800,BULLISH,76,12 Oct 23,01:14 PM,2.3,12 Oct 23,01:17 PM,3.0,tsl_hit,1330.0,30.43,3
NIFTY50,19800,BULLISH,38,12 Oct 23,01:57 PM,4.7,12 Oct 23,01:58 PM,3.6,hard_sl_hit,-1045.0,-23.4,1
NIFTY50,19700,BEARISH,1,13 Oct 23,10:36 AM,171.18,13 Oct 23,10:55 AM,66.06,hard_sl_hit,-2628.0,-61.41,19
NIFTY50,19700,BEARISH,3,13 Oct 23,11:23 AM,43.82,13 Oct 23,11:28 AM,39.39,hard_sl_hit,-332.25,-10.11,5
NIFTY50,19700,BULLISH,3,13 Oct 23,12:11 PM,42.62,13 Oct 23,12:43 PM,56.26,tsl_hit,1023.0,32.0,32
NIFTY50,19750,BEARISH,4,13 Oct 23,02:07 PM,34.27,13 Oct 23,02:14 PM,34.38,tsl_hit,11.0,0.32,7
NIFTY50,19750,BULLISH,2,16 Oct 23,10:59 AM,59.21,16 Oct 23,11:08 AM,58.09,tsl_hit,-56.0,-1.89,9
NIFTY50,19750,BULLISH,3,16 Oct 23,11:14 AM,52.89,16 Oct 23,11:16 AM,46.47,hard_sl_hit,-481.5,-12.14,2
NIFTY50,19800,BEARISH,2,17 Oct 23,09:17 AM,76.66,17 Oct 23,09:28 AM,76.08,tsl_hit,-29.0,-0.76,11
NIFTY50,19850,BULLISH,9,17 Oct 23,11:33 AM,17.57,17 Oct 23,11:41 AM,17.55,tsl_hit,-4.5,-0.11,8
NIFTY50,19850,BULLISH,15,17 Oct 23,12:27 PM,11.09,17 Oct 23,12:30 PM,9.71,hard_sl_hit,-517.5,-12.44,3
NIFTY50,19850,BULLISH,16,17 Oct 23,12:32 PM,9.81,17 Oct 23,12:41 PM,15.29,tsl_hit,2192.0,55.86,9
NIFTY50,19850,BULLISH,11,17 Oct 23,01:04 PM,15.78,17 Oct 23,01:06 PM,14.29,hard_sl_hit,-409.75,-9.44,2
NIFTY50,19800,BULLISH,8,18 Oct 23,09:19 AM,21.14,18 Oct 23,09:20 AM,18.46,hard_sl_hit,-536.0,-12.68,1
NIFTY50,19700,BEARISH,6,18 Oct 23,01:07 PM,24.6,18 Oct 23,01:12 PM,22.24,hard_sl_hit,-354.0,-9.59,5
NIFTY50,19700,BEARISH,11,18 Oct 23,01:58 PM,15.07,18 Oct 23,02:00 PM,13.11,hard_sl_hit,-539.0,-13.01,2
NIFTY50,19700,BEARISH,7,19 Oct 23,02:07 PM,23.4,19 Oct 23,02:10 PM,31.3,tsl_hit,1382.5,33.76,3
NIFTY50,19550,BULLISH,1,20 Oct 23,09:17 AM,142.22,20 Oct 23,09:30 AM,152.47,tsl_hit,256.25,7.21,13
NIFTY50,19550,BEARISH,3,20 Oct 23,11:16 AM,46.89,20 Oct 23,11:21 AM,46.27,time_stop,-46.5,-1.32,5
NIFTY50,19550,BULLISH,3,20 Oct 23,11:49 AM,57.04,20 Oct 23,11:56 AM,57.01,tsl_hit,-2.25,-0.05,7
NIFTY50,19550,BEARISH,3,20 Oct 23,01:20 PM,49.25,20 Oct 23,01:38 PM,54.16,tsl_hit,368.25,9.97,18
NIFTY50,19550,BULLISH,3,20 Oct 23,03:20 PM,57.12,20 Oct 23,03:23 PM,58.23,tsl_hit,83.25,1.94,3
NIFTY50,19550,BEARISH,4,23 Oct 23,09:22 AM,38.98,23 Oct 23,09:35 AM,50.24,tsl_hit,1126.0,28.89,13
NIFTY50,19450,BULLISH,3,23 Oct 23,11:48 AM,58.61,23 Oct 23,11:58 AM,63.03,tsl_hit,331.5,7.54,10
NIFTY50,19300,BULLISH,5,25 Oct 23,11:07 AM,36.06,25 Oct 23,11:11 AM,29.01,hard_sl_hit,-881.25,-19.55,4
NIFTY50,19250,BULLISH,5,25 Oct 23,11:34 AM,31.47,25 Oct 23,11:35 AM,26.49,hard_sl_hit,-622.5,-15.82,1
NIFTY50,19200,BULLISH,5,25 Oct 23,12:35 PM,30.57,25 Oct 23,12:41 PM,25.65,hard_sl_hit,-615.0,-16.09,6
NIFTY50,19150,BULLISH,3,25 Oct 23,02:26 PM,44.28,25 Oct 23,02:31 PM,44.44,tsl_hit,12.0,0.36,5
NIFTY50,19100,BULLISH,3,25 Oct 23,03:22 PM,47.73,26 Oct 23,09:15 AM,0.05,hard_sl_hit,-3576.0,-99.9,8
NIFTY50,19000,BULLISH,64,26 Oct 23,09:18 AM,2.4,26 Oct 23,09:20 AM,0.05,hard_sl_hit,-3760.0,-97.92,2
NIFTY50,18850,BULLISH,7,26 Oct 23,11:02 AM,19.3,26 Oct 23,11:05 AM,18.1,tsl_hit,-210.0,-6.22,3
NIFTY50,18900,BEARISH,6,26 Oct 23,11:45 AM,21.9,26 Oct 23,11:46 AM,13.8,hard_sl_hit,-1215.0,-36.99,1
NIFTY50,18900,BEARISH,6,26 Oct 23,11:49 AM,19.9,26 Oct 23,11:50 AM,15.4,hard_sl_hit,-675.0,-22.61,1
NIFTY50,18900,BEARISH,5,26 Oct 23,12:47 PM,21.9,26 Oct 23,12:51 PM,28.4,tsl_hit,812.5,29.68,4
NIFTY50,18850,BULLISH,44,26 Oct 23,01:27 PM,3.0,26 Oct 23,01:29 PM,2.6,hard_sl_hit,-440.0,-13.33,2
NIFTY50,19000,BEARISH,1,27 Oct 23,11:02 AM,66.02,27 Oct 23,11:13 AM,65.71,tsl_hit,-7.75,-0.47,11
NIFTY50,19050,BEARISH,1,27 Oct 23,11:26 AM,84.11,27 Oct 23,11:34 AM,76.07,hard_sl_hit,-201.0,-9.56,8
NIFTY50,19050,BULLISH,1,27 Oct 23,12:22 PM,65.69,27 Oct 23,12:29 PM,57.94,hard_sl_hit,-193.75,-11.8,7
NIFTY50,19050,BULLISH,2,27 Oct 23,12:31 PM,60.71,27 Oct 23,12:40 PM,61.28,tsl_hit,28.5,0.94,9
NIFTY50,19050,BEARISH,2,27 Oct 23,01:48 PM,52.45,27 Oct 23,01:58 PM,56.43,tsl_hit,199.0,7.59,10
NIFTY50,19050,BEARISH,2,27 Oct 23,02:35 PM,58.36,27 Oct 23,02:40 PM,54.51,time_stop,-192.5,-6.6,5
NIFTY50,19000,BEARISH,2,30 Oct 23,09:15 AM,61.96,30 Oct 23,09:18 AM,66.25,tsl_hit,214.5,6.92,3
NIFTY50,19000,BEARISH,1,30 Oct 23,10:05 AM,99.06,30 Oct 23,10:10 AM,89.49,hard_sl_hit,-239.25,-9.66,5
NIFTY50,19100,BEARISH,3,30 Oct 23,12:05 PM,38.03,30 Oct 23,12:20 PM,49.0,tsl_hit,822.75,28.85,15
NIFTY50,19100,BEARISH,3,30 Oct 23,01:15 PM,33.67,30 Oct 23,01:20 PM,31.81,time_stop,-139.5,-5.52,5
NIFTY50,19150,BEARISH,2,30 Oct 23,01:34 PM,49.17,30 Oct 23,01:46 PM,51.91,tsl_hit,137.0,5.57,12
NIFTY50,19200,BEARISH,2,31 Oct 23,09:17 AM,60.9,31 Oct 23,09:21 AM,68.11,tsl_hit,360.5,11.84,4
NIFTY50,19100,BEARISH,2,31 Oct 23,11:27 AM,47.87,31 Oct 23,11:32 AM,46.95,time_stop,-46.0,-1.92,5
NIFTY50,19100,BEARISH,5,31 Oct 23,01:08 PM,24.96,31 Oct 23,01:18 PM,21.97,hard_sl_hit,-373.75,-11.98,10
NIFTY50,19100,BULLISH,4,31 Oct 23,01:27 PM,30.1,31 Oct 23,01:31 PM,51.13,tsl_hit,2103.0,69.87,4
NIFTY50,19050,BULLISH,5,01 Nov 23,11:32 AM,28.12,01 Nov 23,11:38 AM,24.54,hard_sl_hit,-447.5,-12.73,6
NIFTY50,19050,BEARISH,7,01 Nov 23,12:17 PM,19.76,01 Nov 23,12:19 PM,18.88,tsl_hit,-154.0,-4.45,2
NIFTY50,19050,BULLISH,7,01 Nov 23,01:03 PM,19.58,01 Nov 23,01:08 PM,17.37,hard_sl_hit,-386.75,-11.29,5
NIFTY50,19000,BULLISH,4,01 Nov 23,01:14 PM,29.6,01 Nov 23,01:16 PM,23.82,hard_sl_hit,-578.0,-19.53,2
NIFTY50,19000,BULLISH,5,01 Nov 23,01:18 PM,26.28,01 Nov 23,01:21 PM,31.67,tsl_hit,673.75,20.51,3
NIFTY50,19000,BULLISH,5,01 Nov 23,03:05 PM,26.68,01 Nov 23,03:07 PM,23.92,hard_sl_hit,-345.0,-10.34,2
NIFTY50,19100,BULLISH,9,02 Nov 23,01:25 PM,13.8,02 Nov 23,01:26 PM,7.1,hard_sl_hit,-1507.5,-48.55,1
NIFTY50,19150,BEARISH,11,02 Nov 23,03:02 PM,11.4,02 Nov 23,03:06 PM,15.7,tsl_hit,1182.5,37.72,4
NIFTY50,19250,BULLISH,2,03 Nov 23,11:32 AM,63.52,03 Nov 23,11:37 AM,60.92,time_stop,-130.0,-4.09,5
NIFTY50,19250,BEARISH,4,03 Nov 23,12:42 PM,27.33,03 Nov 23,12:55 PM,28.63,tsl_hit,130.0,4.76,13
NIFTY50,19300,BEARISH,1,06 Nov 23,09:17 AM,96.96,06 Nov 23,09:22 AM,86.1,hard_sl_hit,-271.5,-11.2,5
NIFTY50,19350,BULLISH,1,06 Nov 23,10:52 AM,105.66,06 Nov 23,10:55 AM,37.63,hard_sl_hit,-1700.75,-64.39,3
NIFTY50,19300,BULLISH,2,06 Nov 23,11:07 AM,61.06,06 Nov 23,11:21 AM,67.91,tsl_hit,342.5,11.22,14
NIFTY50,19350,BEARISH,13,06 Nov 23,02:17 PM,9.58,06 Nov 23,02:19 PM,8.21,hard_sl_hit,-445.25,-14.3,2
NIFTY50,19350,BULLISH,2,07 Nov 23,09:18 AM,60.36,07 Nov 23,09:26 AM,68.55,tsl_hit,409.5,13.57,8
NIFTY50,19350,BULLISH,3,07 Nov 23,11:47 AM,33.94,07 Nov 23,11:49 AM,29.71,hard_sl_hit,-317.25,-12.46,2
NIFTY50,19450,BEARISH,4,08 Nov 23,09:59 AM,25.86,08 Nov 23,10:01 AM,22.77,hard_sl_hit,-309.0,-11.95,2
NIFTY50,19450,BULLISH,6,08 Nov 23,11:00 AM,18.18,08 Nov 23,11:02 AM,16.32,hard_sl_hit,-279.0,-10.23,2
NIFTY50,19400,BULLISH,3,08 Nov 23,11:14 AM,31.61,08 Nov 23,11:26 AM,39.0,tsl_hit,554.25,23.38,12
NIFTY50,19450,BULLISH,8,08 Nov 23,11:57 AM,14.95,08 Nov 23,12:02 PM,16.52,tsl_hit,314.0,10.5,5
NIFTY50,19400,BULLISH,7,09 Nov 23,09:52 AM,16.6,09 Nov 23,09:56 AM,32.4,tsl_hit,2765.0,95.18,4
NIFTY50,19400,BULLISH,6,09 Nov 23,01:44 PM,20.7,09 Nov 23,01:47 PM,18.0,hard_sl_hit,-405.0,-13.04,3
NIFTY50,19400,BULLISH,5,09 Nov 23,02:01 PM,24.1,09 Nov 23,02:03 PM,15.1,hard_sl_hit,-1125.0,-37.34,2
NIFTY50,19350,BEARISH,1,10 Nov 23,09:15 AM,120.5,10 Nov 23,10:18 AM,107.04,hard_sl_hit,-336.5,-11.17,63
NIFTY50,19350,BEARISH,1,10 Nov 23,10:39 AM,94.59,10 Nov 23,10:55 AM,38.38,hard_sl_hit,-1405.25,-59.42,16
NIFTY50,19350,BULLISH,1,10 Nov 23,02:28 PM,73.04,10 Nov 23,02:40 PM,82.7,tsl_hit,241.5,13.23,12
NIFTY50,19500,BEARISH,1,12 Nov 23,06:17 PM,97.8,12 Nov 23,06:22 PM,89.55,time_stop,-206.25,-8.44,5
NIFTY50,19450,BEARISH,1,13 Nov 23,10:53 AM,93.39,13 Nov 23,10:55 AM,56.02,hard_sl_hit,-934.25,-40.01,2
NIFTY50,19450,BEARISH,6,13 Nov 23,01:32 PM,18.52,13 Nov 23,01:37 PM,18.19,tsl_hit,-49.5,-1.78,5
NIFTY50,19450,BEARISH,6,13 Nov 23,02:02 PM,20.25,13 Nov 23,02:05 PM,18.28,hard_sl_hit,-295.5,-9.73,3
NIFTY50,19450,BULLISH,3,13 Nov 23,02:41 PM,30.23,13 Nov 23,02:45 PM,27.42,hard_sl_hit,-210.75,-9.3,4
NIFTY50,19450,BULLISH,4,13 Nov 23,02:46 PM,28.82,13 Nov 23,02:51 PM,26.31,time_stop,-251.0,-8.71,5
NIFTY50,19450,BULLISH,4,13 Nov 23,03:03 PM,24.07,13 Nov 23,03:07 PM,30.95,tsl_hit,688.0,28.58,4
NIFTY50,19600,BEARISH,1,15 Nov 23,09:17 AM,92.35,15 Nov 23,09:31 AM,81.26,hard_sl_hit,-277.25,-12.01,14
NIFTY50,19650,BEARISH,6,15 Nov 23,12:24 PM,18.56,15 Nov 23,12:35 PM,21.31,tsl_hit,412.5,14.82,11
NIFTY50,19850,BEARISH,7,16 Nov 23,02:22 PM,17.1,16 Nov 23,02:25 PM,16.8,tsl_hit,-52.5,-1.75,3
NIFTY50,19800,BULLISH,1,17 Nov 23,11:08 AM,79.18,17 Nov 23,11:13 AM,74.27,time_stop,-122.75,-6.2,5
NIFTY50,19750,BULLISH,1,17 Nov 23,11:16 AM,100.23,17 Nov 23,11:21 AM,93.49,time_stop,-168.5,-6.72,5
NIFTY50,19800,BEARISH,1,17 Nov 23,11:44 AM,74.88,17 Nov 23,11:55 AM,66.37,hard_sl_hit,-212.75,-11.36,11
NIFTY50,19750,BULLISH,1,17 Nov 23,01:22 PM,62.53,17 Nov 23,01:52 PM,55.35,hard_sl_hit,-179.5,-11.48,30
NIFTY50,19700,BEARISH,3,20 Nov 23,12:55 PM,31.14,20 Nov 23,01:00 PM,31.62,tsl_hit,36.0,1.54,5
NIFTY50,19700,BEARISH,4,20 Nov 23,01:11 PM,24.54,20 Nov 23,01:22 PM,21.96,hard_sl_hit,-258.0,-10.51,11
NIFTY50,19750,BEARISH,1,21 Nov 23,09:17 AM,58.95,21 Nov 23,09:22 AM,52.98,hard_sl_hit,-149.25,-10.13,5
NIFTY50,19800,BEARISH,3,21 Nov 23,11:22 AM,30.12,21 Nov 23,11:31 AM,27.08,hard_sl_hit,-228.0,-10.09,9
NIFTY50,19800,BEARISH,7,21 Nov 23,12:16 PM,16.48,21 Nov 23,12:18 PM,15.22,tsl_hit,-220.5,-7.65,2
NIFTY50,19800,BEARISH,7,22 Nov 23,09:25 AM,14.78,22 Nov 23,09:30 AM,19.07,tsl_hit,750.75,29.03,5
NIFTY50,19800,BULLISH,4,22 Nov 23,10:26 AM,23.75,22 Nov 23,10:30 AM,25.34,tsl_hit,159.0,6.69,4
NIFTY50,19750,BULLISH,6,22 Nov 23,12:22 PM,18.42,22 Nov 23,12:23 PM,15.81,hard_sl_hit,-391.5,-14.17,1
NIFTY50,19800,BULLISH,21,23 Nov 23,11:46 AM,5.4,23 Nov 23,11:48 AM,4.2,hard_sl_hit,-630.0,-22.22,2
NIFTY50,19800,BULLISH,21,23 Nov 23,01:35 PM,5.4,23 Nov 23,01:36 PM,3.7,hard_sl_hit,-892.5,-31.48,1
NIFTY50,19800,BULLISH,34,23 Nov 23,02:34 PM,3.2,23 Nov 23,02:36 PM,0.6,hard_sl_hit,-2210.0,-81.25,2
NIFTY50,19800,BULLISH,1,24 Nov 23,11:54 AM,59.52,24 Nov 23,12:06 PM,53.99,hard_sl_hit,-138.25,-9.29,12
NIFTY50,19800,BULLISH,2,24 Nov 23,12:49 PM,44.82,24 Nov 23,12:52 PM,46.37,tsl_hit,77.5,3.46,3
NIFTY50,19800,BULLISH,2,24 Nov 23,01:08 PM,41.1,24 Nov 23,01:13 PM,36.32,hard_sl_hit,-239.0,-11.63,5
NIFTY50,19800,BULLISH,1,24 Nov 23,03:02 PM,60.91,24 Nov 23,03:28 PM,61.45,tsl_hit,13.5,0.89,26
NIFTY50,19800,BULLISH,1,28 Nov 23,09:15 AM,57.64,28 Nov 23,09:29 AM,60.37,tsl_hit,68.25,4.74,14
NIFTY50,19850,BULLISH,2,28 Nov 23,09:37 AM,34.19,28 Nov 23,09:43 AM,29.9,hard_sl_hit,-214.5,-12.55,6
NIFTY50,19800,BEARISH,3,28 Nov 23,10:33 AM,27.69,28 Nov 23,10:38 AM,26.54,time_stop,-86.25,-4.15,5
NIFTY50,19850,BEARISH,4,28 Nov 23,12:11 PM,23.61,28 Nov 23,12:13 PM,21.36,hard_sl_hit,-225.0,-9.53,2
NIFTY50,19850,BEARISH,7,28 Nov 23,02:26 PM,12.99,28 Nov 23,02:29 PM,10.57,hard_sl_hit,-423.5,-18.63,3
NIFTY50,19950,BEARISH,2,29 Nov 23,09:17 AM,33.53,29 Nov 23,09:19 AM,29.25,hard_sl_hit,-214.0,-12.76,2
NIFTY50,20050,BEARISH,3,29 Nov 23,12:16 PM,25.48,29 Nov 23,12:20 PM,22.71,hard_sl_hit,-207.75,-10.87,4
NIFTY50,20050,BULLISH,8,29 Nov 23,01:38 PM,11.55,29 Nov 23,01:39 PM,10.26,hard_sl_hit,-258.0,-11.17,1
NIFTY50,20100,BEARISH,4,29 Nov 23,03:10 PM,19.85,29 Nov 23,03:12 PM,17.59,hard_sl_hit,-226.0,-11.39,2
NIFTY50,20100,BEARISH,6,29 Nov 23,03:16 PM,15.16,29 Nov 23,03:22 PM,16.0,tsl_hit,126.0,5.54,6
NIFTY50,20050,BULLISH,8,30 Nov 23,11:35 AM,10.3,30 Nov 23,11:42 AM,11.5,tsl_hit,240.0,11.65,7
NIFTY50,20100,BEARISH,66,30 Nov 23,01:45 PM,1.4,30 Nov 23,01:47 PM,0.05,hard_sl_hit,-2227.5,-96.43,2
NIFTY50,20250,BULLISH,1,01 Dec 23,12:17 PM,73.87,01 Dec 23,01:10 PM,66.92,hard_sl_hit,-173.75,-9.41,53
NIFTY50,20600,BEARISH,1,04 Dec 23,11:19 AM,48.49,04 Dec 23,11:24 AM,52.79,tsl_hit,107.5,8.87,5
NIFTY50,20600,BEARISH,2,04 Dec 23,12:14 PM,38.6,04 Dec 23,12:38 PM,34.98,hard_sl_hit,-181.0,-9.38,24
NIFTY50,20600,BEARISH,2,04 Dec 23,01:02 PM,28.39,04 Dec 23,01:07 PM,27.17,time_stop,-61.0,-4.3,5
NIFTY50,20600,BEARISH,3,04 Dec 23,01:22 PM,24.48,04 Dec 23,01:26 PM,23.59,tsl_hit,-66.75,-3.64,4
NIFTY50,20600,BULLISH,1,04 Dec 23,01:50 PM,46.22,04 Dec 23,01:52 PM,46.82,tsl_hit,15.0,1.3,2
NIFTY50,20750,BEARISH,1,05 Dec 23,09:17 AM,62.6,05 Dec 23,09:22 AM,71.16,tsl_hit,214.0,13.67,5
NIFTY50,20800,BULLISH,1,05 Dec 23,11:12 AM,61.44,05 Dec 23,11:14 AM,62.16,tsl_hit,18.0,1.17,2
NIFTY50,20850,BEARISH,2,05 Dec 23,03:02 PM,34.85,05 Dec 23,03:05 PM,30.42,hard_sl_hit,-221.5,-12.71,3
NIFTY50,20950,BEARISH,1,06 Dec 23,09:17 AM,72.21,06 Dec 23,09:22 AM,69.7,time_stop,-62.75,-3.48,5
NIFTY50,20900,BULLISH,1,06 Dec 23,09:38 AM,65.16,06 Dec 23,09:42 AM,86.21,tsl_hit,526.25,32.31,4
NIFTY50,20900,BULLISH,1,06 Dec 23,10:05 AM,82.67,06 Dec 23,10:09 AM,73.78,hard_sl_hit,-222.25,-10.75,4
NIFTY50,20900,BULLISH,2,06 Dec 23,11:57 AM,40.9,06 Dec 23,12:03 PM,43.12,tsl_hit,111.0,5.43,6
NIFTY50,20900,BULLISH,2,06 Dec 23,12:30 PM,35.09,06 Dec 23,12:32 PM,27.76,hard_sl_hit,-366.5,-20.89,2
NIFTY50,20900,BULLISH,4,06 Dec 23,01:09 PM,16.38,06 Dec 23,01:10 PM,14.22,hard_sl_hit,-216.0,-13.19,1
NIFTY50,20950,BULLISH,3,06 Dec 23,03:04 PM,20.95,06 Dec 23,03:08 PM,20.73,tsl_hit,-16.5,-1.05,4
NIFTY50,20900,BEARISH,11,07 Dec 23,09:42 AM,6.9,07 Dec 23,09:45 AM,19.1,tsl_hit,3355.0,176.81,3
NIFTY50,20950,BEARISH,3,07 Dec 23,11:06 AM,24.1,07 Dec 23,11:07 AM,19.1,hard_sl_hit,-375.0,-20.75,1
NIFTY50,20900,BEARISH,469,07 Dec 23,03:13 PM,0.2,07 Dec 23,03:14 PM,0.05,hard_sl_hit,-1758.75,-75.0,1
NIFTY50,20950,BEARISH,1,08 Dec 23,09:17 AM,85.45,08 Dec 23,09:24 AM,76.46,hard_sl_hit,-224.75,-10.52,7
NIFTY50,21000,BEARISH,1,08 Dec 23,11:39 AM,84.63,08 Dec 23,11:48 AM,76.48,hard_sl_hit,-203.75,-9.63,9
NIFTY50,20950,BEARISH,1,08 Dec 23,03:07 PM,61.64,08 Dec 23,03:18 PM,55.85,hard_sl_hit,-144.75,-9.39,11
NIFTY50,21000,BULLISH,2,11 Dec 23,02:30 PM,34.93,11 Dec 23,02:35 PM,38.55,tsl_hit,181.0,10.36,5
NIFTY50,21000,BEARISH,3,12 Dec 23,09:17 AM,25.25,12 Dec 23,09:19 AM,22.24,hard_sl_hit,-225.75,-11.92,2
NIFTY50,21000,BULLISH,3,12 Dec 23,12:39 PM,27.41,12 Dec 23,12:41 PM,23.95,hard_sl_hit,-259.5,-12.62,2
NIFTY50,21000,BULLISH,4,12 Dec 23,12:47 PM,17.98,12 Dec 23,12:49 PM,15.27,hard_sl_hit,-271.0,-15.07,2
NIFTY50,20950,BULLISH,2,12 Dec 23,02:17 PM,30.07,12 Dec 23,02:23 PM,26.7,hard_sl_hit,-168.5,-11.21,6
NIFTY50,20800,BULLISH,1,13 Dec 23,10:26 AM,48.08,13 Dec 23,10:30 AM,42.58,hard_sl_hit,-137.5,-11.44,4
NIFTY50,20800,BEARISH,2,13 Dec 23,12:41 PM,26.91,13 Dec 23,12:46 PM,20.9,hard_sl_hit,-300.5,-22.33,5
NIFTY50,21200,BEARISH,3,14 Dec 23,11:44 AM,20.5,14 Dec 23,11:46 AM,17.9,hard_sl_hit,-195.0,-12.68,2
NIFTY50,21200,BEARISH,3,14 Dec 23,01:12 PM,23.8,14 Dec 23,01:19 PM,5.8,hard_sl_hit,-1350.0,-75.63,7
NIFTY50,21350,BEARISH,1,15 Dec 23,01:35 PM,46.89,15 Dec 23,01:40 PM,43.9,time_stop,-74.75,-6.38,5
NIFTY50,21450,BEARISH,1,18 Dec 23,11:09 AM,57.58,18 Dec 23,11:11 AM,48.35,hard_sl_hit,-230.75,-16.03,2
NIFTY50,21450,BULLISH,1,18 Dec 23,11:51 AM,62.43,18 Dec 23,11:58 AM,53.56,hard_sl_hit,-221.75,-14.21,7
NIFTY50,21450,BULLISH,1,18 Dec 23,12:01 PM,52.41,18 Dec 23,12:08 PM,51.48,tsl_hit,-23.25,-1.77,7
NIFTY50,21400,BULLISH,1,18 Dec 23,02:46 PM,59.77,18 Dec 23,02:52 PM,62.06,tsl_hit,57.25,3.83,6
NIFTY50,21400,BULLISH,1,18 Dec 23,03:17 PM,58.16,18 Dec 23,03:22 PM,52.3,hard_sl_hit,-146.5,-10.08,5
NIFTY50,21400,BEARISH,2,19 Dec 23,09:17 AM,32.19,19 Dec 23,09:18 AM,28.66,hard_sl_hit,-176.5,-10.97,1
NIFTY50,21450,BULLISH,1,19 Dec 23,02:51 PM,42.6,19 Dec 23,02:54 PM,36.83,hard_sl_hit,-144.25,-13.54,3
NIFTY50,21550,BEARISH,1,20 Dec 23,09:19 AM,66.75,20 Dec 23,09:21 AM,65.86,tsl_hit,-22.25,-1.33,2
NIFTY50,21200,BULLISH,5,21 Dec 23,01:42 PM,11.3,21 Dec 23,01:44 PM,7.8,hard_sl_hit,-437.5,-30.97,2
NIFTY50,21350,BEARISH,1,26 Dec 23,09:23 AM,59.48,26 Dec 23,09:30 AM,72.44,tsl_hit,324.0,21.79,7
NIFTY50,21450,BEARISH,1,26 Dec 23,11:16 AM,44.85,26 Dec 23,11:21 AM,40.99,time_stop,-96.5,-8.61,5
NIFTY50,21450,BULLISH,1,26 Dec 23,11:32 AM,51.94,26 Dec 23,11:39 AM,52.06,tsl_hit,3.0,0.23,7
NIFTY50,21450,BULLISH,1,26 Dec 23,12:31 PM,37.42,26 Dec 23,12:35 PM,37.21,tsl_hit,-5.25,-0.56,4
NIFTY50,21450,BULLISH,1,26 Dec 23,02:14 PM,35.18,26 Dec 23,02:25 PM,51.4,tsl_hit,405.5,46.11,11
NIFTY50,21500,BEARISH,1,27 Dec 23,09:17 AM,45.68,27 Dec 23,09:22 AM,45.68,time_stop,0.0,0.0,5
NIFTY50,21600,BEARISH,2,27 Dec 23,11:31 AM,30.95,27 Dec 23,11:34 AM,27.92,hard_sl_hit,-151.5,-9.79,3
NIFTY50,21550,BULLISH,1,27 Dec 23,12:19 PM,37.3,27 Dec 23,12:22 PM,32.64,hard_sl_hit,-116.5,-12.49,3
NIFTY50,21750,BEARISH,5,28 Dec 23,11:11 AM,13.3,28 Dec 23,11:13 AM,8.9,hard_sl_hit,-550.0,-33.08,2
NIFTY50,21800,BEARISH,4,28 Dec 23,03:24 PM,13.4,28 Dec 23,03:25 PM,4.8,hard_sl_hit,-860.0,-64.18,1
NIFTY50,21750,BEARISH,1,29 Dec 23,12:24 PM,45.65,29 Dec 23,12:32 PM,54.19,tsl_hit,213.5,18.71,8
NIFTY50,21750,BULLISH,2,01 Jan 24,12:03 PM,27.3,01 Jan 24,12:16 PM,33.62,tsl_hit,316.0,23.15,13
NIFTY50,21650,BEARISH,2,02 Jan 24,02:15 PM,28.61,02 Jan 24,02:20 PM,36.44,tsl_hit,391.5,27.37,5
NIFTY50,21600,BULLISH,1,03 Jan 24,09:17 AM,52.2,03 Jan 24,09:22 AM,51.06,tsl_hit,-28.5,-2.18,5
NIFTY50,21600,BULLISH,1,03 Jan 24,09:40 AM,40.29,03 Jan 24,09:42 AM,32.98,hard_sl_hit,-182.75,-18.14,2
NIFTY50,21600,BEARISH,1,03 Jan 24,11:50 AM,43.09,03 Jan 24,12:01 PM,42.06,tsl_hit,-25.75,-2.39,11
NIFTY50,21550,BULLISH,1,03 Jan 24,02:21 PM,32.07,03 Jan 24,02:27 PM,26.7,hard_sl_hit,-134.25,-16.74,6
NIFTY50,21600,BEARISH,5,04 Jan 24,09:17 AM,10.9,04 Jan 24,09:18 AM,0.7,hard_sl_hit,-1275.0,-93.58,1
NIFTY50,21650,BULLISH,27,04 Jan 24,02:04 PM,2.1,04 Jan 24,02:08 PM,5.9,tsl_hit,2565.0,180.95,4
NIFTY50,21700,BULLISH,1,05 Jan 24,12:37 PM,63.92,05 Jan 24,12:42 PM,59.67,time_stop,-106.25,-6.65,5
NIFTY50,21700,BULLISH,1,05 Jan 24,12:44 PM,60.31,05 Jan 24,12:57 PM,53.3,hard_sl_hit,-175.25,-11.62,13
NIFTY50,21700,BULLISH,1,05 Jan 24,01:36 PM,44.05,05 Jan 24,01:53 PM,39.96,hard_sl_hit,-102.25,-9.28,17
NIFTY50,21700,BULLISH,2,09 Jan 24,12:11 PM,33.23,09 Jan 24,12:21 PM,37.66,tsl_hit,221.5,13.33,10
NIFTY50,21700,BULLISH,1,09 Jan 24,01:14 PM,40.87,09 Jan 24,01:23 PM,36.95,hard_sl_hit,-98.0,-9.59,9
NIFTY50,21650,BULLISH,1,09 Jan 24,02:10 PM,51.97,09 Jan 24,02:12 PM,43.5,hard_sl_hit,-211.75,-16.3,2
NIFTY50,21550,BEARISH,1,10 Jan 24,11:16 AM,51.71,10 Jan 24,11:23 AM,46.11,hard_sl_hit,-140.0,-10.83,7
NIFTY50,21550,BEARISH,1,10 Jan 24,12:38 PM,36.61,10 Jan 24,12:46 PM,73.39,tsl_hit,919.5,100.46,8
NIFTY50,21500,BULLISH,1,10 Jan 24,12:47 PM,45.04,10 Jan 24,12:49 PM,38.05,hard_sl_hit,-174.75,-15.52,2
NIFTY50,21500,BEARISH,2,10 Jan 24,01:09 PM,32.72,10 Jan 24,01:22 PM,35.94,tsl_hit,161.0,9.84,13
NIFTY50,21500,BEARISH,2,10 Jan 24,01:58 PM,30.83,10 Jan 24,01:59 PM,26.24,hard_sl_hit,-229.5,-14.89,1
NIFTY50,21550,BEARISH,1,10 Jan 24,02:02 PM,48.0,10 Jan 24,02:07 PM,57.25,tsl_hit,231.25,19.27,5
NIFTY50,21550,BEARISH,1,10 Jan 24,02:21 PM,41.59,10 Jan 24,02:25 PM,48.81,tsl_hit,180.5,17.36,4
NIFTY50,21700,BEARISH,16,11 Jan 24,09:17 AM,4.3,11 Jan 24,09:18 AM,0.05,hard_sl_hit,-1700.0,-98.84,1
NIFTY50,21700,BEARISH,2,11 Jan 24,12:58 PM,22.6,11 Jan 24,01:04 PM,32.6,tsl_hit,500.0,44.25,6
NIFTY50,21650,BULLISH,7,11 Jan 24,01:34 PM,8.4,11 Jan 24,01:35 PM,7.1,hard_sl_hit,-227.5,-15.48,1
NIFTY50,21850,BEARISH,1,12 Jan 24,12:57 PM,47.57,12 Jan 24,01:00 PM,49.43,tsl_hit,46.5,3.91,3
NIFTY50,22100,BULLISH,1,16 Jan 24,09:17 AM,52.52,16 Jan 24,09:20 AM,46.39,hard_sl_hit,-153.25,-11.67,3
NIFTY50,22100,BULLISH,1,16 Jan 24,11:44 AM,34.3,16 Jan 24,11:45 AM,31.21,hard_sl_hit,-77.25,-9.01,1
NIFTY50,22000,BULLISH,1,16 Jan 24,01:38 PM,53.09,16 Jan 24,01:48 PM,78.44,tsl_hit,633.75,47.75,10
NIFTY50,22050,BULLISH,1,16 Jan 24,03:19 PM,48.03,17 Jan 24,09:20 AM,81.26,tsl_hit,830.75,69.19,16
NIFTY50,21650,BULLISH,1,17 Jan 24,12:07 PM,36.31,17 Jan 24,12:09 PM,42.36,tsl_hit,151.25,16.66,2
NIFTY50,21650,BEARISH,2,17 Jan 24,12:17 PM,29.0,17 Jan 24,12:18 PM,23.32,hard_sl_hit,-284.0,-19.59,1
NIFTY50,21650,BULLISH,2,17 Jan 24,02:22 PM,29.48,17 Jan 24,02:25 PM,26.19,hard_sl_hit,-164.5,-11.16,3
NIFTY50,21600,BEARISH,1,17 Jan 24,03:14 PM,46.04,17 Jan 24,03:21 PM,59.08,tsl_hit,326.0,28.32,7
NIFTY50,21450,BULLISH,12,18 Jan 24,09:18 AM,5.6,18 Jan 24,09:19 AM,0.05,hard_sl_hit,-1665.0,-99.11,1
NIFTY50,21300,BULLISH,3,18 Jan 24,09:54 AM,17.4,18 Jan 24,09:55 AM,11.8,hard_sl_hit,-420.0,-32.18,1
NIFTY50,21400,BEARISH,26,18 Jan 24,10:11 AM,2.3,18 Jan 24,10:12 AM,0.05,hard_sl_hit,-1462.5,-97.83,1
NIFTY50,21450,BULLISH,2,18 Jan 24,12:36 PM,24.8,18 Jan 24,12:39 PM,32.4,tsl_hit,380.0,30.65,3
NIFTY50,21400,BULLISH,3,25 Jan 24,09:17 AM,15.8,25 Jan 24,09:18 AM,14.2,hard_sl_hit,-120.0,-10.13,1
NIFTY50,21400,BULLISH,3,25 Jan 24,09:20 AM,18.3,25 Jan 24,09:23 AM,0.05,hard_sl_hit,-1368.75,-99.73,3
NIFTY50,21250,BULLISH,3,25 Jan 24,10:57 AM,14.0,25 Jan 24,10:58 AM,11.1,hard_sl_hit,-217.5,-20.71,1
NIFTY50,21700,BEARISH,1,30 Jan 24,12:01 PM,43.07,30 Jan 24,12:04 PM,46.04,tsl_hit,74.25,6.9,3
NIFTY50,21700,BULLISH,1,30 Jan 24,12:45 PM,43.75,30 Jan 24,12:47 PM,40.23,tsl_hit,-88.0,-8.05,2
NIFTY50,21700,BULLISH,1,30 Jan 24,01:11 PM,41.88,30 Jan 24,01:15 PM,38.0,hard_sl_hit,-97.0,-9.26,4
NIFTY50,21700,BULLISH,1,31 Jan 24,12:20 PM,44.31,31 Jan 24,12:26 PM,41.52,tsl_hit,-69.75,-6.3,6
NIFTY50,21700,BULLISH,1,31 Jan 24,12:31 PM,32.3,31 Jan 24,12:37 PM,33.18,tsl_hit,22.0,2.72,6
NIFTY50,21750,BEARISH,5,01 Feb 24,09:17 AM,8.4,01 Feb 24,09:20 AM,14.7,tsl_hit,787.5,75.0,3
NIFTY50,21800,BEARISH,2,01 Feb 24,10:10 AM,18.9,01 Feb 24,10:11 AM,13.7,hard_sl_hit,-260.0,-27.51,1
NIFTY50,21900,BEARISH,1,06 Feb 24,01:09 PM,45.33,06 Feb 24,01:14 PM,38.91,hard_sl_hit,-160.5,-14.16,5
NIFTY50,21900,BEARISH,1,06 Feb 24,01:32 PM,31.92,06 Feb 24,01:38 PM,48.45,tsl_hit,413.25,51.79,6
NIFTY50,21950,BEARISH,1,06 Feb 24,03:27 PM,47.24,07 Feb 24,09:15 AM,34.58,hard_sl_hit,-316.5,-26.8,3
NIFTY50,21950,BULLISH,1,07 Feb 24,11:08 AM,41.13,07 Feb 24,11:16 AM,47.25,tsl_hit,153.0,14.88,8
NIFTY50,21950,BEARISH,1,07 Feb 24,01:43 PM,42.7,07 Feb 24,01:50 PM,56.59,tsl_hit,347.25,32.53,7
NIFTY50,21950,BEARISH,1,07 Feb 24,02:13 PM,26.87,07 Feb 24,02:18 PM,28.96,tsl_hit,52.25,7.78,5
NIFTY50,21950,BULLISH,1,07 Feb 24,02:41 PM,32.88,07 Feb 24,02:43 PM,34.84,tsl_hit,49.0,5.96,2
NIFTY50,22000,BEARISH,5,08 Feb 24,09:17 AM,10.1,08 Feb 24,09:18 AM,8.1,hard_sl_hit,-250.0,-19.8,1
NIFTY50,21750,BULLISH,2,08 Feb 24,01:56 PM,20.9,08 Feb 24,01:57 PM,12.2,hard_sl_hit,-435.0,-41.63,1
NIFTY50,21650,BULLISH,2,08 Feb 24,03:00 PM,22.1,08 Feb 24,03:02 PM,22.9,tsl_hit,40.0,3.62,2
NIFTY50,21750,BEARISH,2,08 Feb 24,03:10 PM,23.6,08 Feb 24,03:12 PM,22.7,tsl_hit,-45.0,-3.81,2
NIFTY50,21900,BEARISH,7,15 Feb 24,09:19 AM,6.6,15 Feb 24,09:23 AM,7.1,tsl_hit,87.5,7.58,4
NIFTY50,21850,BULLISH,14,15 Feb 24,12:05 PM,3.5,15 Feb 24,12:07 PM,8.3,tsl_hit,1680.0,137.14,2
NIFTY50,21850,BULLISH,7,15 Feb 24,12:20 PM,7.6,15 Feb 24,12:21 PM,5.8,hard_sl_hit,-315.0,-23.68,1
NIFTY50,22150,BEARISH,1,19 Feb 24,12:44 PM,43.21,19 Feb 24,12:50 PM,44.52,tsl_hit,32.75,3.03,6
NIFTY50,22150,BULLISH,1,19 Feb 24,01:30 PM,48.05,19 Feb 24,01:36 PM,49.16,tsl_hit,27.75,2.31,6
NIFTY50,22100,BULLISH,1,20 Feb 24,09:17 AM,50.32,20 Feb 24,09:19 AM,45.07,hard_sl_hit,-131.25,-10.43,2
NIFTY50,22150,BEARISH,2,20 Feb 24,01:31 PM,23.98,20 Feb 24,01:41 PM,24.43,tsl_hit,22.5,1.88,10
NIFTY50,22250,BULLISH,1,21 Feb 24,10:15 AM,34.88,21 Feb 24,10:19 AM,28.34,hard_sl_hit,-163.5,-18.75,4
NIFTY50,22200,BEARISH,1,21 Feb 24,11:03 AM,46.06,21 Feb 24,11:05 AM,41.48,hard_sl_hit,-114.5,-9.94,2
NIFTY50,22200,BEARISH,2,21 Feb 24,12:20 PM,22.59,21 Feb 24,12:24 PM,23.42,tsl_hit,41.5,3.67,4
NIFTY50,22050,BULLISH,1,21 Feb 24,02:43 PM,42.57,21 Feb 24,02:45 PM,38.9,tsl_hit,-91.75,-8.62,2
NIFTY50,22050,BEARISH,19,22 Feb 24,09:44 AM,2.85,22 Feb 24,09:45 AM,0.05,hard_sl_hit,-1330.0,-98.25,1
NIFTY50,21950,BULLISH,10,22 Feb 24,12:25 PM,4.8,22 Feb 24,12:27 PM,1.25,hard_sl_hit,-887.5,-73.96,2
NIFTY50,21950,BULLISH,295,22 Feb 24,12:57 PM,0.15,22 Feb 24,01:00 PM,4.35,tsl_hit,30975.0,2800.0,3
NIFTY50,22250,BULLISH,2,23 Feb 24,01:08 PM,85.4,23 Feb 24,01:25 PM,76.4,hard_sl_hit,-450.0,-10.54,17
NIFTY50,22200,BULLISH,1,23 Feb 24,01:28 PM,106.33,23 Feb 24,01:34 PM,130.2,tsl_hit,596.75,22.45,6
NIFTY50,22200,BULLISH,1,23 Feb 24,02:11 PM,116.92,23 Feb 24,02:13 PM,120.32,tsl_hit,85.0,2.91,2
NIFTY50,22250,BULLISH,1,23 Feb 24,02:16 PM,101.27,23 Feb 24,02:25 PM,101.31,tsl_hit,1.0,0.04,9
NIFTY50,22150,BULLISH,1,26 Feb 24,09:17 AM,109.91,26 Feb 24,09:27 AM,120.73,tsl_hit,270.5,9.84,10
NIFTY50,22200,BEARISH,1,26 Feb 24,09:47 AM,95.47,26 Feb 24,09:54 AM,124.35,tsl_hit,722.0,30.25,7
NIFTY50,22150,BULLISH,1,26 Feb 24,10:31 AM,98.99,26 Feb 24,10:41 AM,96.6,tsl_hit,-59.75,-2.41,10
NIFTY50,22100,BULLISH,2,26 Feb 24,11:01 AM,89.39,26 Feb 24,11:10 AM,91.97,tsl_hit,129.0,2.89,9
NIFTY50,22100,BULLISH,4,26 Feb 24,12:20 PM,44.55,26 Feb 24,12:31 PM,56.16,tsl_hit,1161.0,26.06,11
NIFTY50,22150,BEARISH,4,26 Feb 24,01:13 PM,46.34,26 Feb 24,01:16 PM,40.09,hard_sl_hit,-625.0,-13.49,3
NIFTY50,22150,BEARISH,4,26 Feb 24,01:51 PM,38.18,26 Feb 24,01:58 PM,38.34,tsl_hit,16.0,0.42,7
NIFTY50,22150,BULLISH,3,26 Feb 24,02:41 PM,49.47,26 Feb 24,02:48 PM,47.29,tsl_hit,-163.5,-4.41,7
NIFTY50,22100,BULLISH,2,26 Feb 24,03:21 PM,71.32,26 Feb 24,03:28 PM,71.78,tsl_hit,23.0,0.64,7
NIFTY50,22100,BULLISH,3,27 Feb 24,09:21 AM,60.13,27 Feb 24,09:28 AM,73.3,tsl_hit,987.75,21.9,7
NIFTY50,22200,BULLISH,3,27 Feb 24,03:22 PM,48.66,27 Feb 24,03:28 PM,44.09,hard_sl_hit,-342.75,-9.39,6
NIFTY50,21950,BULLISH,3,28 Feb 24,03:13 PM,50.86,28 Feb 24,03:16 PM,41.48,hard_sl_hit,-703.5,-18.44,3
NIFTY50,22000,BEARISH,56,29 Feb 24,09:57 AM,3.35,29 Feb 24,09:58 AM,0.05,hard_sl_hit,-4620.0,-98.51,1
NIFTY50,21900,BULLISH,10,29 Feb 24,12:31 PM,16.15,29 Feb 24,12:36 PM,36.45,tsl_hit,5075.0,125.7,5
NIFTY50,21900,BULLISH,18,29 Feb 24,02:34 PM,10.2,29 Feb 24,02:35 PM,6.65,hard_sl_hit,-1597.5,-34.8,1
NIFTY50,21900,BULLISH,7,29 Feb 24,03:02 PM,24.5,29 Feb 24,03:04 PM,20.7,hard_sl_hit,-665.0,-15.51,2
NIFTY50,22300,BEARISH,1,01 Mar 24,11:40 AM,96.81,01 Mar 24,12:09 PM,97.15,tsl_hit,8.5,0.35,29
NIFTY50,22300,BEARISH,2,01 Mar 24,12:31 PM,90.44,01 Mar 24,12:41 PM,82.04,hard_sl_hit,-420.0,-9.29,10
NIFTY50,22350,BEARISH,2,01 Mar 24,02:14 PM,72.02,01 Mar 24,02:23 PM,72.95,tsl_hit,46.5,1.29,9
NIFTY50,22350,BEARISH,2,01 Mar 24,02:31 PM,67.41,01 Mar 24,02:41 PM,71.83,tsl_hit,221.0,6.56,10
NIFTY50,22350,BEARISH,2,01 Mar 24,02:49 PM,65.1,01 Mar 24,02:51 PM,59.12,hard_sl_hit,-299.0,-9.19,2
NIFTY50,22350,BEARISH,2,01 Mar 24,02:53 PM,65.99,01 Mar 24,03:00 PM,57.98,hard_sl_hit,-400.5,-12.14,7
NIFTY50,22400,BEARISH,1,02 Mar 24,09:17 AM,110.81,02 Mar 24,09:28 AM,116.76,tsl_hit,148.75,5.37,11
NIFTY50,22400,BULLISH,3,04 Mar 24,09:15 AM,53.79,04 Mar 24,09:20 AM,65.38,tsl_hit,869.25,21.55,5
NIFTY50,22350,BULLISH,2,04 Mar 24,09:41 AM,83.26,04 Mar 24,09:45 AM,96.38,tsl_hit,656.0,15.76,4
NIFTY50,22400,BULLISH,2,04 Mar 24,10:58 AM,67.21,04 Mar 24,11:03 AM,63.71,tsl_hit,-175.0,-5.21,5
NIFTY50,22400,BEARISH,4,04 Mar 24,12:22 PM,44.5,04 Mar 24,12:26 PM,44.71,tsl_hit,21.0,0.47,4
NIFTY50,22350,BULLISH,2,05 Mar 24,09:18 AM,70.97,05 Mar 24,09:26 AM,86.94,tsl_hit,798.5,22.5,8
NIFTY50,22300,BULLISH,2,05 Mar 24,10:23 AM,72.29,05 Mar 24,10:31 AM,77.76,tsl_hit,273.5,7.57,8
NIFTY50,22300,BULLISH,3,06 Mar 24,09:17 AM,52.36,06 Mar 24,09:22 AM,64.68,tsl_hit,924.0,23.53,5
NIFTY50,22250,BEARISH,6,06 Mar 24,12:32 PM,30.81,06 Mar 24,12:34 PM,28.0,hard_sl_hit,-421.5,-9.12,2
NIFTY50,22250,BULLISH,3,06 Mar 24,01:05 PM,49.0,06 Mar 24,01:11 PM,60.28,tsl_hit,846.0,23.02,6
NIFTY50,22500,BEARISH,36,07 Mar 24,10:07 AM,5.3,07 Mar 24,10:09 AM,12.8,tsl_hit,6750.0,141.51,2
NIFTY50,22450,BULLISH,26,07 Mar 24,10:47 AM,8.45,07 Mar 24,10:48 AM,0.05,hard_sl_hit,-5460.0,-99.41,1
NIFTY50,22500,BEARISH,61,07 Mar 24,11:06 AM,3.25,07 Mar 24,11:07 AM,2.25,hard_sl_hit,-1525.0,-30.77,1
NIFTY50,22500,BEARISH,2,11 Mar 24,09:17 AM,75.68,11 Mar 24,09:26 AM,81.18,tsl_hit,275.0,7.27,9
NIFTY50,22400,BULLISH,2,11 Mar 24,11:27 AM,67.55,11 Mar 24,11:38 AM,77.44,tsl_hit,494.5,14.64,11
NIFTY50,22400,BEARISH,4,11 Mar 24,12:40 PM,42.68,11 Mar 24,12:42 PM,44.15,tsl_hit,147.0,3.44,2
NIFTY50,22350,BEARISH,1,12 Mar 24,12:13 PM,103.74,12 Mar 24,12:24 PM,93.18,hard_sl_hit,-264.0,-10.18,11
NIFTY50,22350,BEARISH,4,12 Mar 24,01:15 PM,42.14,12 Mar 24,01:20 PM,38.93,time_stop,-321.0,-7.62,5
NIFTY50,22350,BEARISH,3,12 Mar 24,03:04 PM,50.24,12 Mar 24,03:07 PM,56.4,tsl_hit,462.0,12.26,3
NIFTY50,22400,BEARISH,3,13 Mar 24,09:17 AM,53.59,13 Mar 24,09:28 AM,79.71,tsl_hit,1959.0,48.74,11
NIFTY50,22200,BULLISH,3,13 Mar 24,11:27 AM,57.54,13 Mar 24,11:29 AM,51.38,hard_sl_hit,-462.0,-10.71,2
NIFTY50,22000,BEARISH,3,13 Mar 24,03:03 PM,60.39,13 Mar 24,03:05 PM,55.88,tsl_hit,-338.25,-7.47,2
NIFTY50,22000,BULLISH,12,14 Mar 24,10:20 AM,16.55,14 Mar 24,10:26 AM,33.7,tsl_hit,5145.0,103.63,6
NIFTY50,22150,BEARISH,17,14 Mar 24,11:37 AM,12.95,14 Mar 24,11:38 AM,0.05,hard_sl_hit,-5482.5,-99.61,1
NIFTY50,22150,BEARISH,8,14 Mar 24,02:26 PM,24.7,14 Mar 24,02:28 PM,29.05,tsl_hit,870.0,17.61,2
NIFTY50,22100,BULLISH,13,14 Mar 24,02:47 PM,15.2,14 Mar 24,02:48 PM,7.35,hard_sl_hit,-2551.25,-51.64,1
NIFTY50,22150,BEARISH,53,14 Mar 24,03:05 PM,3.65,14 Mar 24,03:06 PM,0.05,hard_sl_hit,-4770.0,-98.63,1
NIFTY50,22000,BEARISH,1,15 Mar 24,10:16 AM,169.55,15 Mar 24,10:42 AM,175.47,tsl_hit,148.0,3.49,26
NIFTY50,22000,BEARISH,1,15 Mar 24,10:49 AM,166.03,15 Mar 24,10:55 AM,116.64,hard_sl_hit,-1234.75,-29.75,6
NIFTY50,22000,BEARISH,1,15 Mar 24,11:49 AM,87.67,15 Mar 24,11:58 AM,106.53,tsl_hit,471.5,21.51,9
NIFTY50,22000,BULLISH,1,15 Mar 24,02:25 PM,93.46,15 Mar 24,02:28 PM,95.2,tsl_hit,43.5,1.86,3
NIFTY50,21950,BULLISH,1,18 Mar 24,09:36 AM,143.85,18 Mar 24,09:39 AM,143.8,tsl_hit,-1.25,-0.03,3
NIFTY50,22000,BEARISH,1,18 Mar 24,09:57 AM,129.78,18 Mar 24,10:02 AM,127.72,tsl_hit,-51.5,-1.59,5
NIFTY50,22000,BULLISH,1,18 Mar 24,10:40 AM,128.95,18 Mar 24,10:48 AM,129.32,tsl_hit,9.25,0.29,8
NIFTY50,21950,BULLISH,1,18 Mar 24,11:16 AM,119.85,18 Mar 24,11:32 AM,104.85,hard_sl_hit,-375.0,-12.52,16
NIFTY50,22000,BEARISH,1,18 Mar 24,11:41 AM,89.67,18 Mar 24,11:50 AM,80.97,hard_sl_hit,-217.5,-9.7,9
NIFTY50,22000,BEARISH,2,18 Mar 24,12:05 PM,67.94,18 Mar 24,12:08 PM,60.76,hard_sl_hit,-359.0,-10.57,3
NIFTY50,22050,BULLISH,2,18 Mar 24,01:48 PM,71.76,18 Mar 24,01:53 PM,73.2,tsl_hit,72.0,2.01,5
NIFTY50,22100,BEARISH,2,18 Mar 24,01:58 PM,69.17,18 Mar 24,02:10 PM,62.69,hard_sl_hit,-324.0,-9.37,12
NIFTY50,21950,BULLISH,1,19 Mar 24,09:18 AM,101.73,19 Mar 24,09:22 AM,91.3,hard_sl_hit,-260.75,-10.25,4
NIFTY50,21850,BEARISH,5,19 Mar 24,01:35 PM,31.4,19 Mar 24,01:40 PM,28.31,hard_sl_hit,-386.25,-9.84,5
NIFTY50,21800,BULLISH,2,19 Mar 24,02:05 PM,54.97,19 Mar 24,02:11 PM,57.34,tsl_hit,118.5,4.31,6
NIFTY50,21750,BULLISH,2,20 Mar 24,10:46 AM,62.98,20 Mar 24,10:51 AM,61.75,time_stop,-61.5,-1.95,5
NIFTY50,21850,BEARISH,3,20 Mar 24,12:19 PM,44.09,20 Mar 24,12:23 PM,37.18,hard_sl_hit,-518.25,-15.67,4
NIFTY50,21900,BEARISH,4,20 Mar 24,01:13 PM,34.26,20 Mar 24,01:22 PM,24.64,hard_sl_hit,-962.0,-28.08,9
NIFTY50,21900,BULLISH,4,20 Mar 24,01:33 PM,34.12,20 Mar 24,01:34 PM,29.38,hard_sl_hit,-474.0,-13.89,1
NIFTY50,22000,BEARISH,43,21 Mar 24,12:40 PM,3.55,21 Mar 24,12:41 PM,0.05,hard_sl_hit,-3762.5,-98.59,1
NIFTY50,22050,BEARISH,7,21 Mar 24,03:13 PM,17.8,21 Mar 24,03:19 PM,30.2,tsl_hit,2170.0,69.66,6
NIFTY50,21950,BULLISH,1,22 Mar 24,09:17 AM,135.98,22 Mar 24,09:26 AM,118.55,hard_sl_hit,-435.75,-12.82,9
NIFTY50,22100,BEARISH,2,22 Mar 24,12:56 PM,50.65,22 Mar 24,01:02 PM,45.97,hard_sl_hit,-234.0,-9.24,6
NIFTY50,22100,BULLISH,1,22 Mar 24,01:37 PM,72.08,22 Mar 24,01:42 PM,71.63,time_stop,-11.25,-0.62,5
NIFTY50,22100,BEARISH,2,22 Mar 24,01:57 PM,54.28,22 Mar 24,02:09 PM,47.12,hard_sl_hit,-358.0,-13.19,12
NIFTY50,22000,BULLISH,1,26 Mar 24,10:09 AM,91.72,26 Mar 24,10:17 AM,96.03,tsl_hit,107.75,4.7,8
NIFTY50,22050,BEARISH,1,26 Mar 24,10:32 AM,79.79,26 Mar 24,10:45 AM,79.69,tsl_hit,-2.5,-0.13,13
NIFTY50,22050,BEARISH,2,26 Mar 24,11:29 AM,48.35,26 Mar 24,11:44 AM,41.63,hard_sl_hit,-336.0,-13.9,15
NIFTY50,22050,BEARISH,3,26 Mar 24,11:49 AM,39.62,26 Mar 24,11:52 AM,35.71,hard_sl_hit,-293.25,-9.87,3
NIFTY50,22050,BULLISH,4,26 Mar 24,12:13 PM,30.95,26 Mar 24,12:18 PM,33.18,tsl_hit,223.0,7.21,5
NIFTY50,22050,BULLISH,3,26 Mar 24,01:32 PM,38.01,26 Mar 24,01:34 PM,34.07,hard_sl_hit,-295.5,-10.37,2
NIFTY50,22050,BULLISH,4,26 Mar 24,01:47 PM,28.61,26 Mar 24,01:49 PM,30.03,tsl_hit,142.0,4.96,2
NIFTY50,22000,BULLISH,3,26 Mar 24,02:39 PM,43.99,26 Mar 24,02:42 PM,45.17,tsl_hit,88.5,2.68,3
NIFTY50,22050,BEARISH,3,27 Mar 24,09:17 AM,35.54,27 Mar 24,09:22 AM,37.21,tsl_hit,125.25,4.7,5
NIFTY50,22200,BEARISH,3,27 Mar 24,11:42 AM,35.45,27 Mar 24,11:47 AM,37.31,tsl_hit,139.5,5.25,5
NIFTY50,22150,BULLISH,3,27 Mar 24,12:06 PM,38.07,27 Mar 24,12:11 PM,32.69,hard_sl_hit,-403.5,-14.13,5
NIFTY50,22150,BEARISH,12,27 Mar 24,12:58 PM,10.77,27 Mar 24,01:00 PM,10.66,tsl_hit,-33.0,-1.02,2
NIFTY50,22200,BULLISH,10,27 Mar 24,02:26 PM,13.13,27 Mar 24,02:28 PM,11.25,hard_sl_hit,-470.0,-14.32,2
NIFTY50,22150,BULLISH,5,27 Mar 24,02:53 PM,24.65,27 Mar 24,02:56 PM,22.04,hard_sl_hit,-326.25,-10.59,3
NIFTY50,22450,BEARISH,46,28 Mar 24,02:09 PM,2.9,28 Mar 24,02:10 PM,0.05,hard_sl_hit,-3277.5,-98.28,1
NIFTY50,22500,BEARISH,2,01 Apr 24,12:03 PM,47.96,01 Apr 24,12:16 PM,55.31,tsl_hit,367.5,15.33,13
NIFTY50,22450,BULLISH,3,01 Apr 24,01:09 PM,38.84,01 Apr 24,01:21 PM,43.35,tsl_hit,338.25,11.61,12
NIFTY50,22450,BULLISH,2,02 Apr 24,09:17 AM,45.04,02 Apr 24,09:21 AM,39.6,hard_sl_hit,-272.0,-12.08,4
NIFTY50,22500,BEARISH,2,02 Apr 24,09:34 AM,55.31,02 Apr 24,09:42 AM,58.57,tsl_hit,163.0,5.89,8
NIFTY50,22400,BULLISH,2,02 Apr 24,11:02 AM,58.35,02 Apr 24,11:06 AM,75.85,tsl_hit,875.0,29.99,4
NIFTY50,22400,BULLISH,2,02 Apr 24,12:02 PM,57.35,02 Apr 24,12:07 PM,57.88,tsl_hit,26.5,0.92,5
NIFTY50,22400,BULLISH,3,02 Apr 24,01:53 PM,33.72,02 Apr 24,01:59 PM,33.06,tsl_hit,-49.5,-1.96,6
NIFTY50,22400,BEARISH,8,02 Apr 24,02:20 PM,15.41,02 Apr 24,02:27 PM,17.66,tsl_hit,450.0,14.6,7
NIFTY50,22400,BEARISH,8,02 Apr 24,02:33 PM,15.39,02 Apr 24,02:41 PM,18.55,tsl_hit,632.0,20.53,8
NIFTY50,22350,BULLISH,1,03 Apr 24,09:19 AM,76.88,03 Apr 24,09:25 AM,68.63,hard_sl_hit,-206.25,-10.73,6
NIFTY50,22400,BULLISH,1,03 Apr 24,10:51 AM,85.84,03 Apr 24,10:55 AM,63.1,hard_sl_hit,-568.5,-26.49,4
NIFTY50,22500,BEARISH,4,03 Apr 24,12:18 PM,31.54,03 Apr 24,12:23 PM,33.47,tsl_hit,193.0,6.12,5
NIFTY50,22500,BEARISH,5,03 Apr 24,01:41 PM,23.79,03 Apr 24,01:49 PM,24.87,tsl_hit,135.0,4.54,8
NIFTY50,22450,BULLISH,3,03 Apr 24,02:03 PM,38.49,03 Apr 24,02:06 PM,33.36,hard_sl_hit,-384.75,-13.33,3
NIFTY50,22450,BULLISH,4,03 Apr 24,03:04 PM,26.69,03 Apr 24,03:06 PM,22.28,hard_sl_hit,-441.0,-16.52,2
NIFTY50,22450,BEARISH,3,03 Apr 24,03:28 PM,37.08,03 Apr 24,03:29 PM,32.29,hard_sl_hit,-359.25,-12.92,1
NIFTY50,22600,BEARISH,5,04 Apr 24,09:17 AM,22.05,04 Apr 24,09:18 AM,18.6,hard_sl_hit,-431.25,-15.65,1
NIFTY50,22600,BEARISH,6,04 Apr 24,09:19 AM,19.35,04 Apr 24,09:22 AM,47.75,tsl_hit,4260.0,146.77,3
NIFTY50,22500,BULLISH,14,04 Apr 24,03:02 PM,9.55,04 Apr 24,03:03 PM,0.05,hard_sl_hit,-3325.0,-99.48,1
NIFTY50,22500,BULLISH,1,05 Apr 24,11:24 AM,94.99,05 Apr 24,11:41 AM,97.94,tsl_hit,73.75,3.11,17
NIFTY50,22500,BULLISH,1,05 Apr 24,02:39 PM,66.22,05 Apr 24,02:42 PM,69.18,tsl_hit,74.0,4.47,3
NIFTY50,22550,BEARISH,1,05 Apr 24,03:26 PM,64.56,08 Apr 24,09:15 AM,56.0,hard_sl_hit,-214.0,-13.26,4
NIFTY50,22600,BULLISH,1,08 Apr 24,10:01 AM,92.68,08 Apr 24,10:17 AM,97.57,tsl_hit,122.25,5.28,16
NIFTY50,22700,BEARISH,2,08 Apr 24,02:36 PM,56.71,08 Apr 24,02:45 PM,63.72,tsl_hit,350.5,12.36,9
NIFTY50,22650,BULLISH,2,08 Apr 24,03:09 PM,63.6,08 Apr 24,03:13 PM,65.55,tsl_hit,97.5,3.07,4
NIFTY50,22700,BEARISH,2,09 Apr 24,09:17 AM,60.5,09 Apr 24,09:26 AM,70.83,tsl_hit,516.5,17.07,9
NIFTY50,22750,BULLISH,1,09 Apr 24,10:19 AM,73.11,09 Apr 24,10:36 AM,78.81,tsl_hit,142.5,7.8,17
NIFTY50,22750,BULLISH,3,09 Apr 24,11:11 AM,41.06,09 Apr 24,11:12 AM,37.3,hard_sl_hit,-282.0,-9.16,1
NIFTY50,22750,BEARISH,4,09 Apr 24,11:40 AM,29.81,09 Apr 24,11:49 AM,34.1,tsl_hit,429.0,14.39,9
NIFTY50,22700,BULLISH,2,09 Apr 24,12:15 PM,46.52,09 Apr 24,12:18 PM,45.81,tsl_hit,-35.5,-1.53,3
NIFTY50,22700,BULLISH,3,09 Apr 24,12:37 PM,33.43,09 Apr 24,12:38 PM,30.09,hard_sl_hit,-250.5,-9.99,1
NIFTY50,22650,BULLISH,3,09 Apr 24,02:16 PM,42.95,09 Apr 24,02:25 PM,61.92,tsl_hit,1422.75,44.17,9
NIFTY50,22700,BEARISH,3,10 Apr 24,09:17 AM,44.13,10 Apr 24,09:21 AM,49.59,tsl_hit,409.5,12.37,4
NIFTY50,22700,BULLISH,2,10 Apr 24,09:55 AM,51.49,10 Apr 24,10:02 AM,46.57,hard_sl_hit,-246.0,-9.56,7
NIFTY50,22700,BEARISH,6,10 Apr 24,11:07 AM,21.9,10 Apr 24,11:23 AM,33.09,tsl_hit,1678.5,51.1,16
NIFTY50,22700,BULLISH,1,12 Apr 24,09:17 AM,124.15,12 Apr 24,09:41 AM,132.83,tsl_hit,217.0,6.99,24
NIFTY50,22700,BEARISH,1,12 Apr 24,11:21 AM,114.25,12 Apr 24,11:24 AM,91.39,hard_sl_hit,-571.5,-20.01,3
NIFTY50,22700,BEARISH,2,12 Apr 24,11:59 AM,50.06,12 Apr 24,12:03 PM,50.98,tsl_hit,46.0,1.84,4
NIFTY50,22650,BULLISH,1,12 Apr 24,12:20 PM,103.18,12 Apr 24,12:38 PM,92.52,hard_sl_hit,-266.5,-10.33,18
NIFTY50,22600,BEARISH,1,12 Apr 24,01:31 PM,123.09,12 Apr 24,01:48 PM,126.56,tsl_hit,86.75,2.82,17
NIFTY50,22350,BULLISH,2,15 Apr 24,01:00 PM,59.35,15 Apr 24,01:02 PM,51.6,hard_sl_hit,-387.5,-13.06,2
NIFTY50,22250,BULLISH,1,15 Apr 24,03:05 PM,79.42,15 Apr 24,03:16 PM,90.8,tsl_hit,284.5,14.33,11
NIFTY50,22200,BULLISH,3,16 Apr 24,11:29 AM,44.1,16 Apr 24,11:41 AM,44.58,tsl_hit,36.0,1.09,12
NIFTY50,22150,BULLISH,3,16 Apr 24,12:04 PM,46.55,16 Apr 24,12:17 PM,47.46,tsl_hit,68.25,1.95,13
NIFTY50,22100,BEARISH,3,16 Apr 24,01:44 PM,36.13,16 Apr 24,01:47 PM,31.63,hard_sl_hit,-337.5,-12.46,3
NIFTY50,22300,BULLISH,19,18 Apr 24,12:38 PM,7.5,18 Apr 24,12:40 PM,6.6,hard_sl_hit,-427.5,-12.0,2
NIFTY50,22150,BULLISH,5,18 Apr 24,01:31 PM,24.75,18 Apr 24,01:34 PM,68.25,tsl_hit,5437.5,175.76,3
NIFTY50,21900,BEARISH,1,19 Apr 24,11:29 AM,101.53,19 Apr 24,11:39 AM,91.65,hard_sl_hit,-247.0,-9.73,10
NIFTY50,22000,BEARISH,1,19 Apr 24,12:43 PM,86.5,19 Apr 24,12:50 PM,78.16,hard_sl_hit,-208.5,-9.64,7
NIFTY50,22250,BEARISH,1,22 Apr 24,09:18 AM,161.61,22 Apr 24,09:20 AM,164.2,tsl_hit,64.75,1.6,2
NIFTY50,22300,BEARISH,1,22 Apr 24,11:07 AM,89.6,22 Apr 24,11:21 AM,78.97,hard_sl_hit,-265.75,-11.86,14
NIFTY50,22250,BULLISH,2,22 Apr 24,01:11 PM,57.74,22 Apr 24,01:17 PM,56.86,tsl_hit,-44.0,-1.52,6
NIFTY50,22300,BULLISH,3,22 Apr 24,02:26 PM,41.97,22 Apr 24,02:30 PM,37.71,hard_sl_hit,-319.5,-10.15,4
NIFTY50,22400,BULLISH,2,23 Apr 24,10:46 AM,56.09,23 Apr 24,10:49 AM,48.53,hard_sl_hit,-378.0,-13.48,3
NIFTY50,22400,BULLISH,3,23 Apr 24,12:31 PM,42.46,23 Apr 24,12:44 PM,35.66,hard_sl_hit,-510.0,-16.02,13
NIFTY50,22400,BULLISH,5,23 Apr 24,01:07 PM,30.21,23 Apr 24,01:09 PM,26.88,hard_sl_hit,-416.25,-11.02,2
NIFTY50,22400,BEARISH,3,23 Apr 24,03:00 PM,44.69,23 Apr 24,03:04 PM,45.75,tsl_hit,79.5,2.37,4
NIFTY50,22400,BEARISH,3,24 Apr 24,09:17 AM,46.47,24 Apr 24,09:27 AM,41.94,hard_sl_hit,-339.75,-9.75,10
NIFTY50,22450,BEARISH,2,24 Apr 24,09:50 AM,61.68,24 Apr 24,09:52 AM,55.36,hard_sl_hit,-316.0,-10.25,2
NIFTY50,22450,BEARISH,3,24 Apr 24,10:29 AM,43.55,24 Apr 24,10:34 AM,41.95,time_stop,-120.0,-3.67,5
NIFTY50,22450,BULLISH,7,24 Apr 24,12:49 PM,20.02,24 Apr 24,12:50 PM,17.97,hard_sl_hit,-358.75,-10.24,1
NIFTY50,22400,BULLISH,6,24 Apr 24,02:36 PM,23.84,24 Apr 24,02:39 PM,21.44,hard_sl_hit,-360.0,-10.07,3
NIFTY50,22350,BULLISH,76,25 Apr 24,09:17 AM,1.95,25 Apr 24,09:18 AM,0.05,hard_sl_hit,-3610.0,-97.44,1
NIFTY50,22350,BULLISH,38,25 Apr 24,10:53 AM,3.4,25 Apr 24,10:54 AM,0.05,hard_sl_hit,-3182.5,-98.53,1
NIFTY50,22500,BEARISH,34,25 Apr 24,01:47 PM,3.4,25 Apr 24,01:48 PM,0.8,hard_sl_hit,-2210.0,-76.47,1
NIFTY50,22500,BULLISH,1,26 Apr 24,11:57 AM,103.02,26 Apr 24,12:14 PM,91.86,hard_sl_hit,-279.0,-10.83,17
NIFTY50,22500,BULLISH,1,26 Apr 24,12:33 PM,90.54,26 Apr 24,12:43 PM,82.2,hard_sl_hit,-208.5,-9.21,10
NIFTY50,22500,BULLISH,1,26 Apr 24,01:21 PM,77.75,26 Apr 24,01:27 PM,68.91,hard_sl_hit,-221.0,-11.37,6
NIFTY50,22450,BULLISH,1,26 Apr 24,01:30 PM,86.61,26 Apr 24,01:35 PM,79.46,time_stop,-178.75,-8.26,5
NIFTY50,22550,BEARISH,3,29 Apr 24,12:03 PM,32.91,29 Apr 24,12:08 PM,30.93,tsl_hit,-148.5,-6.02,5
NIFTY50,22600,BEARISH,2,29 Apr 24,01:27 PM,39.1,29 Apr 24,01:33 PM,33.32,hard_sl_hit,-289.0,-14.78,6
NIFTY50,22650,BEARISH,2,29 Apr 24,03:03 PM,48.24,29 Apr 24,03:07 PM,43.6,hard_sl_hit,-232.0,-9.62,4
NIFTY50,22750,BEARISH,1,30 Apr 24,09:55 AM,67.54,30 Apr 24,10:10 AM,82.64,tsl_hit,377.5,22.36,15
NIFTY50,22750,BULLISH,4,30 Apr 24,01:10 PM,23.48,30 Apr 24,01:12 PM,21.28,hard_sl_hit,-220.0,-9.37,2
NIFTY50,22700,BULLISH,2,30 Apr 24,01:16 PM,43.34,30 Apr 24,01:27 PM,51.23,tsl_hit,394.5,18.2,11
NIFTY50,22750,BEARISH,4,30 Apr 24,02:04 PM,23.75,30 Apr 24,02:05 PM,21.4,hard_sl_hit,-235.0,-9.89,1
NIFTY50,22750,BULLISH,2,30 Apr 24,02:43 PM,47.49,30 Apr 24,02:45 PM,41.58,hard_sl_hit,-295.5,-12.44,2
NIFTY50,22700,BEARISH,5,02 May 24,10:33 AM,17.3,02 May 24,10:36 AM,20.75,tsl_hit,431.25,19.94,3
NIFTY50,22650,BULLISH,6,02 May 24,11:10 AM,17.2,02 May 24,11:11 AM,13.95,hard_sl_hit,-487.5,-18.9,1
NIFTY50,22700,BEARISH,36,02 May 24,11:34 AM,2.8,02 May 24,11:35 AM,2.0,hard_sl_hit,-720.0,-28.57,1
NIFTY50,22700,BEARISH,8,02 May 24,01:11 PM,11.1,02 May 24,01:17 PM,16.85,tsl_hit,1150.0,51.8,6
NIFTY50,22650,BULLISH,26,02 May 24,02:21 PM,3.9,02 May 24,02:22 PM,0.05,hard_sl_hit,-2502.5,-98.72,1
NIFTY50,22500,BEARISH,1,06 May 24,12:01 PM,62.61,06 May 24,12:12 PM,56.74,hard_sl_hit,-146.75,-9.38,11
NIFTY50,22450,BEARISH,1,06 May 24,02:23 PM,60.95,06 May 24,02:28 PM,64.11,tsl_hit,79.0,5.18,5
NIFTY50,22450,BEARISH,2,07 May 24,09:17 AM,45.04,07 May 24,09:22 AM,48.45,tsl_hit,170.5,7.57,5
NIFTY50,22250,BEARISH,2,07 May 24,01:23 PM,42.99,07 May 24,01:27 PM,37.63,hard_sl_hit,-268.0,-12.47,4
NIFTY50,22200,BULLISH,1,08 May 24,09:18 AM,89.08,08 May 24,09:24 AM,106.6,tsl_hit,438.0,19.67,6
NIFTY50,22200,BEARISH,1,08 May 24,10:59 AM,47.36,08 May 24,11:04 AM,41.17,hard_sl_hit,-154.75,-13.07,5
NIFTY50,22300,BEARISH,2,08 May 24,12:11 PM,31.61,08 May 24,12:12 PM,25.87,hard_sl_hit,-287.0,-18.16,1
NIFTY50,22300,BULLISH,1,08 May 24,01:38 PM,54.47,08 May 24,01:41 PM,58.47,tsl_hit,100.0,7.34,3
NIFTY50,22250,BULLISH,4,09 May 24,09:22 AM,20.0,09 May 24,09:24 AM,18.4,tsl_hit,-160.0,-8.0,2
NIFTY50,22250,BULLISH,6,09 May 24,09:25 AM,14.1,09 May 24,09:26 AM,3.5,hard_sl_hit,-1590.0,-75.18,1
NIFTY50,22150,BEARISH,32,09 May 24,11:00 AM,2.55,09 May 24,11:03 AM,4.75,tsl_hit,1760.0,86.27,3
NIFTY50,22200,BEARISH,4,09 May 24,12:21 PM,20.1,09 May 24,12:28 PM,44.75,tsl_hit,2465.0,122.64,7
NIFTY50,22050,BEARISH,1,10 May 24,01:33 PM,89.18,10 May 24,01:40 PM,88.19,tsl_hit,-24.75,-1.11,7
NIFTY50,22050,BEARISH,1,10 May 24,01:53 PM,74.13,10 May 24,02:06 PM,75.35,tsl_hit,30.5,1.65,13
NIFTY50,22050,BEARISH,1,10 May 24,03:04 PM,77.13,10 May 24,03:15 PM,78.0,tsl_hit,21.75,1.13,11
NIFTY50,21900,BEARISH,1,13 May 24,11:08 AM,96.49,13 May 24,11:13 AM,92.83,time_stop,-91.5,-3.79,5
NIFTY50,22150,BEARISH,1,14 May 24,09:18 AM,65.99,14 May 24,09:21 AM,72.22,tsl_hit,155.75,9.44,3
NIFTY50,22100,BEARISH,1,14 May 24,10:21 AM,92.43,14 May 24,10:28 AM,83.55,hard_sl_hit,-222.0,-9.61,7
NIFTY50,22150,BEARISH,1,14 May 24,11:08 AM,59.41,14 May 24,11:15 AM,52.33,hard_sl_hit,-177.0,-11.92,7
NIFTY50,22150,BULLISH,1,14 May 24,11:31 AM,81.86,14 May 24,11:41 AM,68.01,hard_sl_hit,-346.25,-16.92,10
NIFTY50,22250,BEARISH,2,14 May 24,12:57 PM,44.88,14 May 24,01:02 PM,40.61,hard_sl_hit,-213.5,-9.51,5
NIFTY50,22200,BULLISH,2,14 May 24,01:21 PM,49.11,14 May 24,01:27 PM,54.22,tsl_hit,255.5,10.41,6
NIFTY50,22250,BULLISH,2,14 May 24,02:18 PM,40.17,14 May 24,02:21 PM,41.4,tsl_hit,61.5,3.06,3
NIFTY50,22200,BULLISH,1,14 May 24,03:05 PM,56.63,14 May 24,03:12 PM,62.52,tsl_hit,147.25,10.4,7
NIFTY50,22250,BEARISH,3,15 May 24,09:17 AM,31.12,15 May 24,09:18 AM,28.06,hard_sl_hit,-229.5,-9.83,1
NIFTY50,22250,BEARISH,2,15 May 24,09:20 AM,33.97,15 May 24,09:25 AM,29.17,hard_sl_hit,-240.0,-14.13,5
NIFTY50,22300,BEARISH,2,15 May 24,09:47 AM,44.45,15 May 24,09:49 AM,45.2,tsl_hit,37.5,1.69,2
NIFTY50,22250,BULLISH,2,15 May 24,10:02 AM,37.8,15 May 24,10:04 AM,32.57,hard_sl_hit,-261.5,-13.84,2
NIFTY50,22200,BEARISH,2,15 May 24,01:08 PM,32.87,15 May 24,01:09 PM,29.63,hard_sl_hit,-162.0,-9.86,1
NIFTY50,22200,BEARISH,3,15 May 24,02:15 PM,26.28,15 May 24,02:27 PM,37.72,tsl_hit,858.0,43.53,12
NIFTY50,22300,BEARISH,11,16 May 24,09:17 AM,8.95,16 May 24,09:19 AM,7.4,hard_sl_hit,-426.25,-17.32,2
NIFTY50,22150,BULLISH,22,16 May 24,10:51 AM,4.4,16 May 24,10:55 AM,13.4,tsl_hit,4950.0,204.55,4
NIFTY50,22250,BEARISH,47,16 May 24,12:13 PM,2.55,16 May 24,12:14 PM,0.05,hard_sl_hit,-2937.5,-98.04,1
NIFTY50,22300,BEARISH,7,16 May 24,12:16 PM,14.25,16 May 24,12:21 PM,35.85,tsl_hit,3780.0,151.58,5
NIFTY50,22400,BEARISH,1,17 May 24,10:27 AM,107.75,17 May 24,10:32 AM,97.66,hard_sl_hit,-252.25,-9.36,5
NIFTY50,22450,BULLISH,1,17 May 24,12:04 PM,121.73,17 May 24,12:09 PM,119.4,time_stop,-58.25,-1.91,5
NIFTY50,22450,BEARISH,2,17 May 24,12:42 PM,48.88,17 May 24,12:53 PM,44.05,hard_sl_hit,-241.5,-9.88,11
NIFTY50,22500,BEARISH,1,18 May 24,09:17 AM,71.7,18 May 24,09:29 AM,64.61,hard_sl_hit,-177.25,-9.89,12
NIFTY50,22450,BULLISH,2,21 May 24,09:17 AM,54.79,21 May 24,09:18 AM,46.78,hard_sl_hit,-400.5,-14.62,1
NIFTY50,22500,BEARISH,3,21 May 24,11:06 AM,37.8,21 May 24,11:08 AM,33.69,hard_sl_hit,-308.25,-10.87,2
NIFTY50,22550,BULLISH,2,22 May 24,09:15 AM,46.19,22 May 24,09:17 AM,39.34,hard_sl_hit,-342.5,-14.83,2
NIFTY50,22600,BEARISH,3,22 May 24,12:20 PM,37.35,22 May 24,12:27 PM,48.94,tsl_hit,869.25,31.03,7
NIFTY50,22550,BEARISH,9,22 May 24,01:05 PM,13.22,22 May 24,01:11 PM,18.82,tsl_hit,1260.0,42.36,6
NIFTY50,22550,BULLISH,3,22 May 24,02:57 PM,35.56,22 May 24,03:03 PM,56.92,tsl_hit,1602.0,60.07,6
NIFTY50,22800,BEARISH,13,23 May 24,12:31 PM,10.2,23 May 24,12:33 PM,11.45,tsl_hit,406.25,12.25,2
NIFTY50,22800,BULLISH,7,23 May 24,01:17 PM,18.5,23 May 24,01:18 PM,14.65,hard_sl_hit,-673.75,-20.81,1
NIFTY50,23000,BEARISH,6,23 May 24,03:11 PM,20.4,23 May 24,03:12 PM,17.0,hard_sl_hit,-510.0,-16.67,1
NIFTY50,22950,BEARISH,1,24 May 24,10:57 AM,95.09,24 May 24,11:02 AM,91.81,time_stop,-82.0,-3.45,5
NIFTY50,22950,BULLISH,1,24 May 24,11:39 AM,111.0,24 May 24,12:06 PM,100.95,hard_sl_hit,-251.25,-9.05,27
NIFTY50,23000,BEARISH,1,24 May 24,12:36 PM,65.24,24 May 24,12:41 PM,62.0,time_stop,-81.0,-4.97,5
NIFTY50,23000,BEARISH,2,24 May 24,12:58 PM,49.05,24 May 24,01:03 PM,44.22,hard_sl_hit,-241.5,-9.85,5
NIFTY50,23000,BEARISH,1,24 May 24,02:22 PM,64.46,24 May 24,02:32 PM,82.14,tsl_hit,442.0,27.43,10
NIFTY50,23000,BEARISH,1,27 May 24,09:17 AM,94.78,27 May 24,09:23 AM,100.5,tsl_hit,143.0,6.04,6
NIFTY50,23000,BEARISH,3,27 May 24,11:44 AM,35.1,27 May 24,11:49 AM,30.98,hard_sl_hit,-309.0,-11.74,5
NIFTY50,23050,BULLISH,1,27 May 24,12:57 PM,73.43,27 May 24,01:27 PM,76.48,tsl_hit,76.25,4.15,30
NIFTY50,23000,BEARISH,1,28 May 24,09:17 AM,108.83,28 May 24,09:21 AM,109.29,tsl_hit,11.5,0.42,4
NIFTY50,22900,BULLISH,2,28 May 24,12:40 PM,42.93,28 May 24,12:45 PM,49.61,tsl_hit,334.0,15.56,5
NIFTY50,22950,BEARISH,2,28 May 24,12:54 PM,45.48,28 May 24,12:55 PM,40.76,hard_sl_hit,-236.0,-10.38,1
NIFTY50,22950,BEARISH,2,28 May 24,12:57 PM,47.62,28 May 24,01:01 PM,48.81,tsl_hit,59.5,2.5,4
NIFTY50,22950,BULLISH,2,28 May 24,01:58 PM,48.76,28 May 24,02:03 PM,46.85,tsl_hit,-95.5,-3.92,5
NIFTY50,22800,BULLISH,2,29 May 24,09:17 AM,44.76,29 May 24,09:19 AM,47.39,tsl_hit,131.5,5.88,2
NIFTY50,22750,BULLISH,1,29 May 24,10:08 AM,71.67,29 May 24,10:14 AM,65.09,hard_sl_hit,-164.5,-9.18,6
NIFTY50,22750,BULLISH,2,29 May 24,10:26 AM,54.9,29 May 24,10:33 AM,48.46,hard_sl_hit,-322.0,-11.73,7
NIFTY50,22750,BEARISH,2,29 May 24,10:45 AM,60.85,29 May 24,10:55 AM,51.16,hard_sl_hit,-484.5,-15.92,10
NIFTY50,22750,BULLISH,4,29 May 24,11:12 AM,29.71,29 May 24,11:17 AM,23.2,hard_sl_hit,-651.0,-21.91,5
NIFTY50,22700,BULLISH,2,29 May 24,11:19 AM,49.18,29 May 24,11:29 AM,61.6,tsl_hit,621.0,25.25,10
NIFTY50,22750,BEARISH,3,29 May 24,12:15 PM,32.87,29 May 24,12:16 PM,29.2,hard_sl_hit,-275.25,-11.17,1
NIFTY50,22800,BEARISH,2,29 May 24,12:51 PM,43.99,29 May 24,12:58 PM,69.79,tsl_hit,1290.0,58.65,7
NIFTY50,22700,BULLISH,3,29 May 24,03:07 PM,40.29,29 May 24,03:10 PM,41.47,tsl_hit,88.5,2.93,3
NIFTY50,22650,BULLISH,6,30 May 24,09:18 AM,20.3,30 May 24,09:21 AM,28.4,tsl_hit,1215.0,39.9,3
NIFTY50,22600,BEARISH,11,30 May 24,10:25 AM,12.05,30 May 24,10:29 AM,24.25,tsl_hit,3355.0,101.24,4
NIFTY50,22550,BULLISH,7,30 May 24,11:12 AM,20.7,30 May 24,11:14 AM,13.8,hard_sl_hit,-1207.5,-33.33,2
NIFTY50,22600,BEARISH,7,30 May 24,12:10 PM,19.4,30 May 24,12:17 PM,41.75,tsl_hit,3911.25,115.21,7
NIFTY50,22600,BEARISH,15,30 May 24,01:01 PM,10.3,30 May 24,01:03 PM,10.0,tsl_hit,-112.5,-2.91,2
NIFTY50,22550,BEARISH,2,31 May 24,12:32 PM,76.67,31 May 24,12:39 PM,80.35,tsl_hit,184.0,4.8,7
NIFTY50,22550,BEARISH,2,31 May 24,01:22 PM,58.61,31 May 24,01:28 PM,64.19,tsl_hit,279.0,9.52,6
NIFTY50,22600,BEARISH,2,31 May 24,01:49 PM,67.11,31 May 24,01:54 PM,65.23,time_stop,-94.0,-2.8,5
NIFTY50,23250,BEARISH,2,03 Jun 24,01:27 PM,59.28,03 Jun 24,01:42 PM,87.48,tsl_hit,1410.0,47.57,15
NIFTY50,23250,BULLISH,2,03 Jun 24,02:31 PM,62.78,03 Jun 24,02:45 PM,78.26,tsl_hit,774.0,24.66,14
NIFTY50,22450,BEARISH,1,05 Jun 24,01:55 PM,91.5,05 Jun 24,01:58 PM,73.0,hard_sl_hit,-462.5,-20.22,3
NIFTY50,22600,BULLISH,1,05 Jun 24,03:23 PM,100.85,05 Jun 24,03:26 PM,90.76,hard_sl_hit,-252.25,-10.0,3
NIFTY50,22750,BEARISH,9,06 Jun 24,09:17 AM,17.1,06 Jun 24,09:18 AM,9.8,hard_sl_hit,-1642.5,-42.69,1
NIFTY50,22900,BEARISH,59,06 Jun 24,11:04 AM,2.75,06 Jun 24,11:05 AM,0.8,hard_sl_hit,-2876.25,-70.91,1
NIFTY50,22800,BULLISH,68,06 Jun 24,11:39 AM,2.2,06 Jun 24,11:40 AM,0.05,hard_sl_hit,-3655.0,-97.73,1
NIFTY50,22750,BEARISH,12,06 Jun 24,02:48 PM,10.3,06 Jun 24,02:49 PM,0.05,hard_sl_hit,-3075.0,-99.51,1
NIFTY50,23200,BEARISH,1,07 Jun 24,01:40 PM,119.54,07 Jun 24,01:45 PM,110.25,time_stop,-232.25,-7.77,5
NIFTY50,23350,BULLISH,1,10 Jun 24,12:01 PM,73.72,10 Jun 24,12:06 PM,66.51,hard_sl_hit,-180.25,-9.78,5
NIFTY50,23300,BULLISH,1,10 Jun 24,12:11 PM,86.0,10 Jun 24,12:14 PM,77.04,hard_sl_hit,-224.0,-10.42,3
NIFTY50,23300,BULLISH,1,10 Jun 24,02:27 PM,65.97,10 Jun 24,02:28 PM,59.69,hard_sl_hit,-157.0,-9.52,1
NIFTY50,23300,BULLISH,1,10 Jun 24,02:31 PM,68.78,10 Jun 24,02:35 PM,57.54,hard_sl_hit,-281.0,-16.34,4
NIFTY50,23350,BEARISH,1,11 Jun 24,10:41 AM,66.57,11 Jun 24,10:50 AM,73.4,tsl_hit,170.75,10.26,9
NIFTY50,23350,BEARISH,3,11 Jun 24,12:56 PM,35.61,11 Jun 24,01:01 PM,39.39,tsl_hit,283.5,10.61,5
NIFTY50,23350,BEARISH,3,11 Jun 24,01:36 PM,30.57,11 Jun 24,01:39 PM,26.93,hard_sl_hit,-273.0,-11.91,3
NIFTY50,23350,BULLISH,2,11 Jun 24,02:05 PM,48.74,11 Jun 24,02:08 PM,50.32,tsl_hit,79.0,3.24,3
NIFTY50,23300,BULLISH,1,11 Jun 24,03:06 PM,59.38,11 Jun 24,03:12 PM,50.95,hard_sl_hit,-210.75,-14.2,6
NIFTY50,23300,BEARISH,2,12 Jun 24,09:17 AM,50.4,12 Jun 24,09:20 AM,44.0,hard_sl_hit,-320.0,-12.7,3
NIFTY50,23400,BULLISH,3,12 Jun 24,12:52 PM,31.69,12 Jun 24,12:58 PM,31.25,tsl_hit,-33.0,-1.39,6
NIFTY50,23400,BULLISH,4,12 Jun 24,01:30 PM,27.2,12 Jun 24,01:33 PM,37.98,tsl_hit,1078.0,39.63,3
NIFTY50,23350,BULLISH,2,12 Jun 24,01:52 PM,46.59,12 Jun 24,01:58 PM,48.6,tsl_hit,100.5,4.31,6
NIFTY50,23350,BULLISH,2,12 Jun 24,02:12 PM,40.57,12 Jun 24,02:14 PM,40.42,tsl_hit,-7.5,-0.37,2
NIFTY50,23350,BEARISH,4,12 Jun 24,02:38 PM,29.41,12 Jun 24,02:41 PM,29.19,tsl_hit,-22.0,-0.75,3
NIFTY50,23350,BULLISH,2,12 Jun 24,03:05 PM,44.68,12 Jun 24,03:07 PM,35.66,hard_sl_hit,-451.0,-20.19,2
NIFTY50,23450,BEARISH,8,13 Jun 24,09:17 AM,13.65,13 Jun 24,09:20 AM,9.2,hard_sl_hit,-890.0,-32.6,3
NIFTY50,23400,BEARISH,52,13 Jun 24,11:50 AM,2.15,13 Jun 24,11:52 AM,5.3,tsl_hit,4095.0,146.51,2
NIFTY50,23400,BEARISH,2,14 Jun 24,09:17 AM,54.34,14 Jun 24,09:28 AM,109.1,tsl_hit,2738.0,100.77,11
NIFTY50,23400,BEARISH,1,14 Jun 24,09:50 AM,108.54,14 Jun 24,09:55 AM,106.21,time_stop,-58.25,-2.15,5
NIFTY50,23450,BEARISH,4,14 Jun 24,12:44 PM,31.66,14 Jun 24,12:49 PM,28.6,hard_sl_hit,-306.0,-9.67,5
NIFTY50,23450,BEARISH,6,14 Jun 24,01:15 PM,21.76,14 Jun 24,01:25 PM,21.77,tsl_hit,1.5,0.05,10
NIFTY50,23550,BEARISH,1,18 Jun 24,09:17 AM,77.23,18 Jun 24,09:20 AM,79.21,tsl_hit,49.5,2.56,3
NIFTY50,23550,BULLISH,1,18 Jun 24,10:21 AM,83.32,18 Jun 24,10:25 AM,75.5,hard_sl_hit,-195.5,-9.39,4
NIFTY50,23550,BULLISH,3,18 Jun 24,11:49 AM,39.94,18 Jun 24,11:54 AM,39.84,tsl_hit,-7.5,-0.25,5
NIFTY50,23550,BULLISH,6,18 Jun 24,12:34 PM,21.5,18 Jun 24,12:42 PM,22.57,tsl_hit,160.5,4.98,8
NIFTY50,23550,BEARISH,4,18 Jun 24,01:47 PM,28.6,18 Jun 24,01:59 PM,25.46,hard_sl_hit,-314.0,-10.98,12
NIFTY50,23550,BEARISH,5,18 Jun 24,03:02 PM,26.65,18 Jun 24,03:04 PM,23.76,hard_sl_hit,-361.25,-10.84,2
NIFTY50,23600,BEARISH,4,19 Jun 24,09:17 AM,28.07,19 Jun 24,09:21 AM,31.17,tsl_hit,310.0,11.04,4
NIFTY50,23500,BEARISH,2,19 Jun 24,11:01 AM,66.65,19 Jun 24,11:03 AM,64.2,tsl_hit,-122.5,-3.68,2
NIFTY50,23550,BEARISH,2,19 Jun 24,12:12 PM,52.95,19 Jun 24,12:14 PM,46.34,hard_sl_hit,-330.5,-12.48,2
NIFTY50,23550,BULLISH,3,19 Jun 24,12:51 PM,39.75,19 Jun 24,12:56 PM,40.39,tsl_hit,48.0,1.61,5
NIFTY50,23600,BEARISH,3,19 Jun 24,02:25 PM,45.78,19 Jun 24,02:29 PM,47.06,tsl_hit,96.0,2.8,4
NIFTY50,23550,BULLISH,54,20 Jun 24,01:55 PM,2.55,20 Jun 24,01:58 PM,0.05,hard_sl_hit,-3375.0,-98.04,3
NIFTY50,23600,BEARISH,1,21 Jun 24,09:19 AM,113.59,21 Jun 24,09:26 AM,115.34,tsl_hit,43.75,1.54,7
NIFTY50,23500,BULLISH,1,21 Jun 24,12:33 PM,122.21,21 Jun 24,12:38 PM,112.2,time_stop,-250.25,-8.19,5
NIFTY50,23500,BULLISH,1,21 Jun 24,12:33 PM,122.21,21 Jun 24,12:38 PM,112.2,time_stop,-250.25,-8.19,5
NIFTY50,23450,BEARISH,1,24 Jun 24,10:42 AM,113.19,24 Jun 24,10:47 AM,101.93,hard_sl_hit,-281.5,-9.95,5
NIFTY50,23500,BEARISH,1,24 Jun 24,11:05 AM,81.18,24 Jun 24,11:07 AM,72.49,hard_sl_hit,-217.25,-10.7,2
NIFTY50,23550,BEARISH,1,24 Jun 24,11:21 AM,80.74,24 Jun 24,11:26 AM,79.91,tsl_hit,-20.75,-1.03,5
NIFTY50,23500,BULLISH,1,24 Jun 24,12:47 PM,86.0,24 Jun 24,12:56 PM,92.73,tsl_hit,168.25,7.83,9
NIFTY50,23550,BEARISH,1,24 Jun 24,03:04 PM,64.3,24 Jun 24,03:06 PM,66.88,tsl_hit,64.5,4.01,2
NIFTY50,23600,BEARISH,1,25 Jun 24,09:17 AM,60.66,25 Jun 24,09:21 AM,61.76,tsl_hit,27.5,1.81,4
NIFTY50,23600,BEARISH,1,25 Jun 24,10:14 AM,65.9,25 Jun 24,10:22 AM,66.09,tsl_hit,4.75,0.29,8
NIFTY50,23550,BULLISH,1,25 Jun 24,11:20 AM,63.87,25 Jun 24,11:26 AM,64.36,tsl_hit,12.25,0.77,6
NIFTY50,23600,BEARISH,3,25 Jun 24,12:09 PM,31.31,25 Jun 24,12:15 PM,34.72,tsl_hit,255.75,10.89,6
NIFTY50,23600,BEARISH,4,25 Jun 24,12:29 PM,27.1,25 Jun 24,12:30 PM,23.91,hard_sl_hit,-319.0,-11.77,1
NIFTY50,23700,BULLISH,2,26 Jun 24,09:32 AM,42.38,26 Jun 24,09:34 AM,52.81,tsl_hit,521.5,24.61,2
NIFTY50,23750,BEARISH,3,26 Jun 24,11:02 AM,36.54,26 Jun 24,11:07 AM,32.33,hard_sl_hit,-315.75,-11.52,5
NIFTY50,23800,BEARISH,3,26 Jun 24,11:31 AM,31.92,26 Jun 24,11:33 AM,27.99,hard_sl_hit,-294.75,-12.31,2
NIFTY50,23850,BULLISH,4,26 Jun 24,12:59 PM,27.64,26 Jun 24,01:01 PM,21.47,hard_sl_hit,-617.0,-22.32,2
NIFTY50,23850,BEARISH,3,26 Jun 24,01:58 PM,33.31,26 Jun 24,02:00 PM,29.99,hard_sl_hit,-249.0,-9.97,2
NIFTY50,23850,BEARISH,5,26 Jun 24,02:15 PM,21.75,26 Jun 24,02:17 PM,19.04,hard_sl_hit,-338.75,-12.46,2
NIFTY50,24000,BEARISH,99,27 Jun 24,12:16 PM,1.15,27 Jun 24,12:17 PM,0.05,hard_sl_hit,-2722.5,-95.65,1
NIFTY50,24000,BEARISH,6,27 Jun 24,01:22 PM,16.15,27 Jun 24,01:31 PM,48.0,tsl_hit,4777.5,197.21,9
NIFTY50,24150,BULLISH,1,28 Jun 24,11:19 AM,93.77,28 Jun 24,11:29 AM,84.39,hard_sl_hit,-234.5,-10.0,10
NIFTY50,24100,BULLISH,1,28 Jun 24,12:19 PM,93.34,28 Jun 24,12:21 PM,84.01,hard_sl_hit,-233.25,-10.0,2
NIFTY50,24050,BULLISH,1,28 Jun 24,12:23 PM,110.33,28 Jun 24,12:28 PM,132.09,tsl_hit,544.0,19.72,5
NIFTY50,24050,BEARISH,1,28 Jun 24,01:17 PM,112.81,28 Jun 24,01:24 PM,114.51,tsl_hit,42.5,1.51,7
NIFTY50,24100,BEARISH,1,28 Jun 24,02:05 PM,102.98,28 Jun 24,02:07 PM,93.21,hard_sl_hit,-244.25,-9.49,2
NIFTY50,24100,BEARISH,2,01 Jul 24,11:31 AM,53.62,01 Jul 24,11:41 AM,48.44,hard_sl_hit,-259.0,-9.66,10
NIFTY50,24100,BEARISH,3,01 Jul 24,01:21 PM,34.26,01 Jul 24,01:23 PM,30.72,hard_sl_hit,-265.5,-10.33,2
NIFTY50,24200,BULLISH,1,02 Jul 24,09:15 AM,83.76,02 Jul 24,09:25 AM,76.16,hard_sl_hit,-190.0,-9.07,10
NIFTY50,24150,BEARISH,1,02 Jul 24,10:24 AM,94.58,02 Jul 24,10:35 AM,93.86,tsl_hit,-18.0,-0.76,11
NIFTY50,24150,BEARISH,2,02 Jul 24,11:02 AM,55.28,02 Jul 24,11:05 AM,49.35,hard_sl_hit,-296.5,-10.73,3
NIFTY50,24050,BULLISH,1,02 Jul 24,01:03 PM,80.41,02 Jul 24,01:08 PM,85.48,tsl_hit,126.75,6.31,5
NIFTY50,24150,BEARISH,1,02 Jul 24,01:25 PM,70.25,02 Jul 24,01:35 PM,83.39,tsl_hit,328.5,18.7,10
NIFTY50,24150,BEARISH,1,02 Jul 24,02:35 PM,68.42,02 Jul 24,02:38 PM,59.47,hard_sl_hit,-223.75,-13.08,3
NIFTY50,24200,BEARISH,1,03 Jul 24,09:17 AM,61.69,03 Jul 24,09:20 AM,55.01,hard_sl_hit,-167.0,-10.83,3
NIFTY50,24250,BULLISH,2,03 Jul 24,11:25 AM,42.43,03 Jul 24,11:26 AM,36.24,hard_sl_hit,-309.5,-14.59,1
NIFTY50,24250,BULLISH,2,03 Jul 24,11:28 AM,41.08,03 Jul 24,11:34 AM,47.55,tsl_hit,323.5,15.75,6
NIFTY50,24300,BEARISH,3,03 Jul 24,12:35 PM,32.3,03 Jul 24,12:42 PM,32.43,tsl_hit,9.75,0.4,7
NIFTY50,24250,BULLISH,3,03 Jul 24,01:11 PM,39.25,03 Jul 24,01:13 PM,36.29,tsl_hit,-222.0,-7.54,2
NIFTY50,24250,BULLISH,3,03 Jul 24,02:02 PM,38.53,03 Jul 24,02:04 PM,36.71,tsl_hit,-136.5,-4.72,2
NIFTY50,24250,BULLISH,3,03 Jul 24,02:07 PM,34.53,03 Jul 24,02:10 PM,30.17,hard_sl_hit,-327.0,-12.63,3
NIFTY50,24300,BULLISH,5,04 Jul 24,01:48 PM,21.5,04 Jul 24,01:50 PM,16.2,hard_sl_hit,-662.5,-24.65,2
NIFTY50,24300,BULLISH,12,04 Jul 24,02:57 PM,8.95,04 Jul 24,02:59 PM,0.9,hard_sl_hit,-2415.0,-89.94,2
NIFTY50,24250,BULLISH,1,05 Jul 24,11:13 AM,89.05,05 Jul 24,11:22 AM,80.02,hard_sl_hit,-225.75,-10.14,9
NIFTY50,24250,BEARISH,1,05 Jul 24,11:27 AM,65.16,05 Jul 24,11:31 AM,57.63,hard_sl_hit,-188.25,-11.56,4
NIFTY50,24250,BULLISH,1,05 Jul 24,01:14 PM,70.63,05 Jul 24,01:24 PM,64.17,hard_sl_hit,-161.5,-9.15,10
NIFTY50,24200,BULLISH,1,05 Jul 24,02:30 PM,97.03,05 Jul 24,02:41 PM,105.46,tsl_hit,210.75,8.69,11
NIFTY50,24300,BEARISH,1,08 Jul 24,10:30 AM,78.75,08 Jul 24,10:37 AM,88.08,tsl_hit,233.25,11.85,7
NIFTY50,24250,BULLISH,1,08 Jul 24,12:15 PM,74.75,08 Jul 24,12:25 PM,87.85,tsl_hit,327.5,17.53,10
NIFTY50,24300,BULLISH,1,08 Jul 24,01:30 PM,55.21,08 Jul 24,01:35 PM,52.83,time_stop,-59.5,-4.31,5
NIFTY50,24300,BEARISH,2,08 Jul 24,01:56 PM,48.4,08 Jul 24,02:07 PM,44.0,hard_sl_hit,-220.0,-9.09,11
NIFTY50,24300,BEARISH,1,08 Jul 24,03:02 PM,51.44,08 Jul 24,03:06 PM,46.45,hard_sl_hit,-124.75,-9.7,4
NIFTY50,24400,BEARISH,1,09 Jul 24,09:42 AM,65.11,09 Jul 24,09:53 AM,72.76,tsl_hit,191.25,11.75,11
NIFTY50,24400,BEARISH,1,09 Jul 24,11:22 AM,51.46,09 Jul 24,11:27 AM,48.93,time_stop,-63.25,-4.92,5
NIFTY50,24400,BEARISH,2,09 Jul 24,11:43 AM,42.78,09 Jul 24,11:47 AM,37.8,hard_sl_hit,-249.0,-11.64,4
NIFTY50,24400,BULLISH,3,09 Jul 24,12:10 PM,29.33,09 Jul 24,12:16 PM,24.57,hard_sl_hit,-357.0,-16.23,6
NIFTY50,24400,BEARISH,4,09 Jul 24,01:01 PM,20.8,09 Jul 24,01:03 PM,17.6,hard_sl_hit,-320.0,-15.38,2
NIFTY50,24400,BULLISH,2,09 Jul 24,01:52 PM,39.54,09 Jul 24,02:02 PM,46.59,tsl_hit,352.5,17.83,10
NIFTY50,24450,BEARISH,3,09 Jul 24,02:14 PM,32.16,09 Jul 24,02:23 PM,37.03,tsl_hit,365.25,15.14,9
NIFTY50,24350,BULLISH,1,10 Jul 24,09:47 AM,55.01,10 Jul 24,09:51 AM,59.64,tsl_hit,115.75,8.42,4
NIFTY50,24350,BULLISH,2,10 Jul 24,10:13 AM,36.82,10 Jul 24,10:17 AM,40.54,tsl_hit,186.0,10.1,4
NIFTY50,24300,BEARISH,2,10 Jul 24,12:57 PM,47.07,10 Jul 24,01:02 PM,42.33,hard_sl_hit,-237.0,-10.07,5
NIFTY50,24250,BULLISH,2,10 Jul 24,01:42 PM,48.33,10 Jul 24,01:48 PM,43.9,hard_sl_hit,-221.5,-9.17,6
NIFTY50,24250,BULLISH,2,10 Jul 24,01:52 PM,39.2,10 Jul 24,01:57 PM,41.31,tsl_hit,105.5,5.38,5
NIFTY50,24250,BULLISH,3,10 Jul 24,02:05 PM,28.29,10 Jul 24,02:06 PM,22.48,hard_sl_hit,-435.75,-20.54,1
NIFTY50,24200,BULLISH,1,10 Jul 24,02:08 PM,49.69,10 Jul 24,02:15 PM,56.28,tsl_hit,164.75,13.26,7
NIFTY50,24250,BULLISH,13,11 Jul 24,10:18 AM,7.25,11 Jul 24,10:22 AM,9.15,tsl_hit,617.5,26.21,4
NIFTY50,24200,BULLISH,6,11 Jul 24,12:06 PM,16.45,11 Jul 24,12:12 PM,63.25,tsl_hit,7020.0,284.5,6
NIFTY50,24300,BULLISH,267,11 Jul 24,02:48 PM,0.5,11 Jul 24,02:50 PM,1.1,tsl_hit,4005.0,120.0,2
NIFTY50,24400,BEARISH,1,12 Jul 24,09:17 AM,99.88,12 Jul 24,09:22 AM,119.11,tsl_hit,480.75,19.25,5
NIFTY50,24400,BULLISH,1,12 Jul 24,09:54 AM,142.15,12 Jul 24,09:56 AM,129.31,hard_sl_hit,-321.0,-9.03,2
NIFTY50,24500,BEARISH,2,12 Jul 24,01:12 PM,57.43,12 Jul 24,01:17 PM,52.46,time_stop,-248.5,-8.65,5
NIFTY50,24550,BEARISH,2,12 Jul 24,02:01 PM,61.7,12 Jul 24,02:06 PM,58.85,time_stop,-142.5,-4.62,5
NIFTY50,24550,BULLISH,1,12 Jul 24,02:54 PM,78.36,12 Jul 24,02:58 PM,69.88,hard_sl_hit,-212.0,-10.82,4
NIFTY50,24550,BEARISH,2,15 Jul 24,09:17 AM,63.67,15 Jul 24,09:19 AM,66.1,tsl_hit,121.5,3.82,2
NIFTY50,24600,BEARISH,1,15 Jul 24,10:44 AM,101.12,15 Jul 24,10:55 AM,81.96,hard_sl_hit,-479.0,-18.95,11
NIFTY50,24600,BEARISH,2,15 Jul 24,11:12 AM,64.45,15 Jul 24,11:27 AM,58.59,hard_sl_hit,-293.0,-9.09,15
NIFTY50,24600,BEARISH,2,15 Jul 24,11:38 AM,55.33,15 Jul 24,11:40 AM,49.94,hard_sl_hit,-269.5,-9.74,2
NIFTY50,24600,BULLISH,2,15 Jul 24,11:58 AM,57.48,15 Jul 24,12:05 PM,61.3,tsl_hit,191.0,6.65,7
NIFTY50,24600,BEARISH,3,16 Jul 24,09:17 AM,38.42,16 Jul 24,09:30 AM,34.61,hard_sl_hit,-285.75,-9.92,13
NIFTY50,24600,BULLISH,2,16 Jul 24,09:55 AM,71.24,16 Jul 24,10:02 AM,74.01,tsl_hit,138.5,3.89,7
NIFTY50,24650,BULLISH,2,16 Jul 24,10:33 AM,59.18,16 Jul 24,10:35 AM,58.99,tsl_hit,-9.5,-0.32,2
NIFTY50,24650,BULLISH,4,16 Jul 24,11:49 AM,35.75,16 Jul 24,11:50 AM,32.38,hard_sl_hit,-337.0,-9.43,1
NIFTY50,24650,BULLISH,5,16 Jul 24,11:54 AM,28.64,16 Jul 24,12:04 PM,32.74,tsl_hit,512.5,14.32,10
NIFTY50,24650,BULLISH,6,16 Jul 24,12:20 PM,23.81,16 Jul 24,12:25 PM,25.72,tsl_hit,286.5,8.02,5
NIFTY50,24650,BEARISH,3,16 Jul 24,03:02 PM,48.13,16 Jul 24,03:05 PM,42.08,hard_sl_hit,-453.75,-12.57,3
NIFTY50,24550,BULLISH,5,18 Jul 24,09:17 AM,24.75,18 Jul 24,09:18 AM,16.85,hard_sl_hit,-987.5,-31.92,1
NIFTY50,24550,BEARISH,7,18 Jul 24,11:33 AM,18.7,18 Jul 24,11:35 AM,16.2,hard_sl_hit,-437.5,-13.37,2
NIFTY50,24650,BULLISH,1,19 Jul 24,11:02 AM,122.23,19 Jul 24,11:11 AM,122.0,tsl_hit,-5.75,-0.19,9
NIFTY50,24650,BULLISH,1,19 Jul 24,11:42 AM,108.85,19 Jul 24,11:50 AM,98.34,hard_sl_hit,-262.75,-9.66,8
NIFTY50,24650,BEARISH,1,19 Jul 24,12:08 PM,75.35,19 Jul 24,12:11 PM,68.04,hard_sl_hit,-182.75,-9.7,3
NIFTY50,24550,BULLISH,1,19 Jul 24,02:13 PM,125.14,19 Jul 24,02:24 PM,124.17,tsl_hit,-24.25,-0.78,11
NIFTY50,24550,BULLISH,1,22 Jul 24,11:04 AM,95.49,22 Jul 24,11:11 AM,95.89,tsl_hit,10.0,0.42,7
NIFTY50,24550,BEARISH,2,22 Jul 24,11:47 AM,68.01,22 Jul 24,11:56 AM,69.57,tsl_hit,78.0,2.29,9
NIFTY50,24500,BULLISH,1,22 Jul 24,12:23 PM,84.95,22 Jul 24,12:25 PM,77.15,hard_sl_hit,-195.0,-9.18,2
NIFTY50,24500,BULLISH,1,22 Jul 24,12:28 PM,72.68,22 Jul 24,12:31 PM,64.15,hard_sl_hit,-213.25,-11.74,3
NIFTY50,24500,BEARISH,2,22 Jul 24,12:49 PM,59.17,22 Jul 24,12:58 PM,51.98,hard_sl_hit,-359.5,-12.15,9
NIFTY50,24550,BEARISH,2,23 Jul 24,09:17 AM,59.36,23 Jul 24,09:21 AM,73.36,tsl_hit,700.0,23.58,4
NIFTY50,24500,BULLISH,1,23 Jul 24,09:44 AM,81.04,23 Jul 24,09:46 AM,84.94,tsl_hit,97.5,4.81,2
NIFTY50,24450,BULLISH,1,23 Jul 24,11:19 AM,114.18,23 Jul 24,11:24 AM,124.58,tsl_hit,260.0,9.11,5
NIFTY50,24450,BULLISH,1,23 Jul 24,11:55 AM,104.86,23 Jul 24,11:59 AM,110.31,tsl_hit,136.25,5.2,4
NIFTY50,24450,BEARISH,2,24 Jul 24,10:56 AM,67.76,24 Jul 24,11:00 AM,73.45,tsl_hit,284.5,8.4,4
NIFTY50,24450,BULLISH,1,24 Jul 24,11:15 AM,76.29,24 Jul 24,11:19 AM,69.08,hard_sl_hit,-180.25,-9.45,4
NIFTY50,24350,BEARISH,3,24 Jul 24,02:27 PM,39.62,24 Jul 24,02:29 PM,30.36,hard_sl_hit,-694.5,-23.37,2
NIFTY50,24450,BEARISH,2,24 Jul 24,02:33 PM,62.86,24 Jul 24,02:38 PM,69.32,tsl_hit,323.0,10.28,5
NIFTY50,24350,BULLISH,14,25 Jul 24,12:43 PM,9.7,25 Jul 24,12:44 PM,8.45,hard_sl_hit,-437.5,-12.89,1
NIFTY50,24450,BEARISH,1,26 Jul 24,09:18 AM,83.41,26 Jul 24,09:23 AM,78.24,time_stop,-129.25,-6.2,5
NIFTY50,24550,BEARISH,1,26 Jul 24,10:03 AM,101.98,26 Jul 24,10:08 AM,100.45,time_stop,-38.25,-1.5,5
NIFTY50,24650,BEARISH,1,26 Jul 24,11:03 AM,102.27,26 Jul 24,11:10 AM,92.8,hard_sl_hit,-236.75,-9.26,7
NIFTY50,24800,BULLISH,1,26 Jul 24,01:59 PM,117.25,26 Jul 24,02:04 PM,113.42,time_stop,-95.75,-3.27,5
NIFTY50,24950,BEARISH,1,29 Jul 24,09:17 AM,133.52,29 Jul 24,09:21 AM,139.16,tsl_hit,141.0,4.22,4
NIFTY50,24950,BEARISH,1,29 Jul 24,11:02 AM,78.77,29 Jul 24,11:13 AM,71.02,hard_sl_hit,-193.75,-9.84,11
NIFTY50,24850,BULLISH,1,30 Jul 24,09:50 AM,81.2,30 Jul 24,09:55 AM,89.08,tsl_hit,197.0,9.7,5
NIFTY50,24900,BULLISH,2,30 Jul 24,11:54 AM,65.17,30 Jul 24,11:58 AM,69.61,tsl_hit,222.0,6.81,4
NIFTY50,24900,BULLISH,2,30 Jul 24,01:20 PM,63.8,30 Jul 24,01:26 PM,55.74,hard_sl_hit,-403.0,-12.63,6
NIFTY50,24950,BULLISH,2,30 Jul 24,02:55 PM,53.06,30 Jul 24,02:57 PM,39.97,hard_sl_hit,-654.5,-24.67,2
NIFTY50,24950,BULLISH,4,31 Jul 24,11:12 AM,30.8,31 Jul 24,11:15 AM,26.32,hard_sl_hit,-448.0,-14.55,3
NIFTY50,24950,BULLISH,5,31 Jul 24,12:36 PM,24.82,31 Jul 24,12:39 PM,24.24,tsl_hit,-72.5,-2.34,3
NIFTY50,24950,BEARISH,4,31 Jul 24,12:50 PM,27.04,31 Jul 24,12:56 PM,34.91,tsl_hit,787.0,29.11,6
NIFTY50,24950,BEARISH,5,31 Jul 24,01:37 PM,24.01,31 Jul 24,01:39 PM,21.35,hard_sl_hit,-332.5,-11.08,2
NIFTY50,24950,BEARISH,5,31 Jul 24,01:42 PM,22.41,31 Jul 24,01:44 PM,32.35,tsl_hit,1242.5,44.36,2
NIFTY50,24950,BULLISH,6,31 Jul 24,01:45 PM,22.67,31 Jul 24,01:50 PM,19.98,hard_sl_hit,-403.5,-11.87,5
NIFTY50,24950,BEARISH,5,31 Jul 24,02:32 PM,25.06,31 Jul 24,02:37 PM,24.99,tsl_hit,-8.75,-0.28,5
NIFTY50,25050,BEARISH,14,01 Aug 24,09:18 AM,9.45,01 Aug 24,09:19 AM,0.05,hard_sl_hit,-3290.0,-99.47,1
NIFTY50,25000,BULLISH,34,01 Aug 24,11:46 AM,3.5,01 Aug 24,11:47 AM,1.25,hard_sl_hit,-1912.5,-64.29,1
NIFTY50,25000,BEARISH,11,01 Aug 24,02:06 PM,9.65,01 Aug 24,02:07 PM,6.9,hard_sl_hit,-756.25,-28.5,1
NIFTY50,24950,BULLISH,7,01 Aug 24,02:34 PM,13.65,01 Aug 24,02:35 PM,10.8,hard_sl_hit,-498.75,-20.88,1
NIFTY50,24800,BEARISH,1,02 Aug 24,01:43 PM,66.21,02 Aug 24,01:47 PM,67.64,tsl_hit,35.75,2.16,4
NIFTY50,24150,BULLISH,1,06 Aug 24,01:14 PM,73.25,06 Aug 24,01:19 PM,76.85,tsl_hit,90.0,4.91,5
NIFTY50,24150,BULLISH,1,06 Aug 24,01:25 PM,69.42,06 Aug 24,01:31 PM,76.98,tsl_hit,189.0,10.89,6
NIFTY50,24100,BULLISH,1,06 Aug 24,01:41 PM,69.85,06 Aug 24,01:45 PM,60.9,hard_sl_hit,-223.75,-12.81,4
NIFTY50,24250,BULLISH,2,07 Aug 24,12:45 PM,35.8,07 Aug 24,12:49 PM,35.77,tsl_hit,-1.5,-0.08,4
NIFTY50,24150,BULLISH,20,08 Aug 24,11:00 AM,5.15,08 Aug 24,11:03 AM,18.65,tsl_hit,6750.0,262.14,3
NIFTY50,24250,BEARISH,6,08 Aug 24,11:20 AM,21.1,08 Aug 24,11:22 AM,43.15,tsl_hit,3307.5,104.5,2
NIFTY50,24250,BEARISH,6,08 Aug 24,11:51 AM,23.15,08 Aug 24,11:54 AM,13.0,hard_sl_hit,-1522.5,-43.84,3
NIFTY50,24350,BEARISH,2,09 Aug 24,11:48 AM,70.9,09 Aug 24,11:52 AM,63.19,hard_sl_hit,-385.5,-10.87,4
NIFTY50,24350,BEARISH,3,09 Aug 24,12:34 PM,46.17,09 Aug 24,12:39 PM,42.4,time_stop,-282.75,-8.17,5
NIFTY50,24350,BEARISH,4,09 Aug 24,02:03 PM,33.09,09 Aug 24,02:07 PM,29.59,hard_sl_hit,-350.0,-10.58,4
NIFTY50,24400,BEARISH,2,09 Aug 24,02:09 PM,51.35,09 Aug 24,02:22 PM,56.6,tsl_hit,262.5,10.22,13
NIFTY50,24300,BULLISH,1,12 Aug 24,09:17 AM,86.27,12 Aug 24,09:24 AM,105.49,tsl_hit,480.5,22.28,7
NIFTY50,24250,BEARISH,1,12 Aug 24,10:11 AM,110.97,12 Aug 24,10:16 AM,102.87,time_stop,-202.5,-7.3,5
NIFTY50,24400,BULLISH,1,12 Aug 24,01:00 PM,101.27,12 Aug 24,01:06 PM,87.65,hard_sl_hit,-340.5,-13.45,6
NIFTY50,24400,BEARISH,2,12 Aug 24,01:32 PM,54.12,12 Aug 24,01:44 PM,49.23,hard_sl_hit,-244.5,-9.04,12
NIFTY50,24400,BEARISH,2,12 Aug 24,01:53 PM,49.61,12 Aug 24,01:58 PM,46.64,time_stop,-148.5,-5.99,5
NIFTY50,24350,BULLISH,1,12 Aug 24,02:56 PM,82.58,12 Aug 24,02:58 PM,73.84,hard_sl_hit,-218.5,-10.58,2
NIFTY50,24300,BULLISH,3,13 Aug 24,12:07 PM,45.66,13 Aug 24,12:15 PM,45.46,tsl_hit,-15.0,-0.44,8
NIFTY50,24250,BULLISH,2,13 Aug 24,12:36 PM,58.29,13 Aug 24,12:44 PM,52.79,hard_sl_hit,-275.0,-9.44,8
NIFTY50,24200,BULLISH,2,13 Aug 24,01:46 PM,63.52,13 Aug 24,01:50 PM,55.29,hard_sl_hit,-411.5,-12.96,4
NIFTY50,24150,BEARISH,2,14 Aug 24,09:49 AM,49.83,14 Aug 24,09:50 AM,44.35,hard_sl_hit,-274.0,-11.0,1
NIFTY50,24150,BULLISH,2,14 Aug 24,11:00 AM,45.99,14 Aug 24,11:04 AM,39.13,hard_sl_hit,-343.0,-14.92,4
NIFTY50,24150,BEARISH,4,14 Aug 24,11:58 AM,27.05,14 Aug 24,12:01 PM,27.58,tsl_hit,53.0,1.96,3
NIFTY50,24200,BEARISH,4,14 Aug 24,12:57 PM,32.33,14 Aug 24,12:59 PM,28.29,hard_sl_hit,-404.0,-12.5,2
NIFTY50,24150,BULLISH,4,14 Aug 24,02:28 PM,30.93,14 Aug 24,02:37 PM,24.82,hard_sl_hit,-611.0,-19.75,9
NIFTY50,24150,BULLISH,7,14 Aug 24,02:42 PM,17.12,14 Aug 24,02:47 PM,20.57,tsl_hit,603.75,20.15,5
NIFTY50,24400,BEARISH,1,16 Aug 24,12:07 PM,109.91,16 Aug 24,12:10 PM,96.29,hard_sl_hit,-340.5,-12.39,3
NIFTY50,24450,BEARISH,1,16 Aug 24,01:04 PM,105.8,16 Aug 24,01:09 PM,95.14,hard_sl_hit,-266.5,-10.08,5
NIFTY50,24600,BEARISH,1,19 Aug 24,09:17 AM,110.9,19 Aug 24,09:30 AM,121.53,tsl_hit,265.75,9.59,13
NIFTY50,24550,BEARISH,2,19 Aug 24,11:19 AM,57.28,19 Aug 24,11:22 AM,50.28,hard_sl_hit,-350.0,-12.22,3
NIFTY50,24600,BEARISH,2,19 Aug 24,12:55 PM,58.19,19 Aug 24,01:02 PM,52.74,hard_sl_hit,-272.5,-9.37,7
NIFTY50,24550,BULLISH,1,19 Aug 24,03:04 PM,68.02,19 Aug 24,03:08 PM,61.67,hard_sl_hit,-158.75,-9.34,4
NIFTY50,24650,BEARISH,1,20 Aug 24,09:17 AM,71.35,20 Aug 24,09:28 AM,74.39,tsl_hit,76.0,4.26,11
NIFTY50,24700,BULLISH,1,20 Aug 24,10:48 AM,76.32,20 Aug 24,10:55 AM,49.31,hard_sl_hit,-675.25,-35.39,7
NIFTY50,24700,BULLISH,3,20 Aug 24,03:03 PM,38.86,20 Aug 24,03:05 PM,39.96,tsl_hit,82.5,2.83,2
NIFTY50,24750,BEARISH,2,21 Aug 24,10:27 AM,41.46,21 Aug 24,10:41 AM,52.82,tsl_hit,568.0,27.4,14
NIFTY50,24700,BULLISH,3,21 Aug 24,01:21 PM,32.47,21 Aug 24,01:22 PM,28.23,hard_sl_hit,-318.0,-13.06,1
NIFTY50,24750,BEARISH,4,21 Aug 24,02:07 PM,27.25,21 Aug 24,02:11 PM,24.51,hard_sl_hit,-274.0,-10.06,4
NIFTY50,24750,BULLISH,7,21 Aug 24,02:35 PM,16.26,21 Aug 24,02:37 PM,16.23,tsl_hit,-5.25,-0.18,2
NIFTY50,24750,BEARISH,5,21 Aug 24,02:49 PM,22.11,21 Aug 24,02:53 PM,19.81,hard_sl_hit,-287.5,-10.4,4
NIFTY50,24850,BEARISH,5,22 Aug 24,09:17 AM,23.9,22 Aug 24,09:18 AM,20.4,hard_sl_hit,-437.5,-14.64,1
NIFTY50,24850,BEARISH,4,22 Aug 24,09:19 AM,23.95,22 Aug 24,09:21 AM,29.6,tsl_hit,565.0,23.59,2
NIFTY50,24800,BULLISH,8,22 Aug 24,11:04 AM,14.7,22 Aug 24,11:05 AM,12.6,hard_sl_hit,-420.0,-14.29,1
NIFTY50,24850,BEARISH,15,22 Aug 24,11:43 AM,7.9,22 Aug 24,11:44 AM,6.25,hard_sl_hit,-618.75,-20.89,1
NIFTY50,24800,BULLISH,10,22 Aug 24,01:06 PM,11.3,22 Aug 24,01:07 PM,9.5,hard_sl_hit,-450.0,-15.93,1
NIFTY50,24850,BEARISH,5,22 Aug 24,01:50 PM,21.3,22 Aug 24,01:55 PM,22.8,tsl_hit,187.5,7.04,5
NIFTY50,24800,BULLISH,1,23 Aug 24,09:18 AM,74.94,23 Aug 24,09:26 AM,101.17,tsl_hit,655.75,35.0,8
NIFTY50,24800,BEARISH,1,23 Aug 24,09:57 AM,74.41,23 Aug 24,10:17 AM,84.88,tsl_hit,261.75,14.07,20
NIFTY50,24850,BEARISH,1,23 Aug 24,10:49 AM,96.64,23 Aug 24,11:03 AM,87.26,hard_sl_hit,-234.5,-9.71,14
NIFTY50,24850,BEARISH,1,23 Aug 24,11:10 AM,78.58,23 Aug 24,11:17 AM,79.92,tsl_hit,33.5,1.71,7
NIFTY50,24850,BEARISH,3,23 Aug 24,01:43 PM,35.67,23 Aug 24,01:50 PM,35.83,tsl_hit,12.0,0.45,7
NIFTY50,24900,BEARISH,1,26 Aug 24,09:17 AM,74.93,26 Aug 24,09:22 AM,66.0,hard_sl_hit,-223.25,-11.92,5
NIFTY50,25050,BEARISH,3,26 Aug 24,02:38 PM,34.48,26 Aug 24,02:50 PM,36.27,tsl_hit,134.25,5.19,12
NIFTY50,25000,BEARISH,4,27 Aug 24,09:19 AM,24.7,27 Aug 24,09:23 AM,28.61,tsl_hit,391.0,15.83,4
NIFTY50,25050,BEARISH,2,27 Aug 24,09:56 AM,55.07,27 Aug 24,10:01 AM,55.35,tsl_hit,14.0,0.51,5
NIFTY50,25050,BEARISH,2,27 Aug 24,11:22 AM,49.51,27 Aug 24,11:28 AM,43.4,hard_sl_hit,-305.5,-12.34,6
NIFTY50,25050,BEARISH,3,27 Aug 24,12:47 PM,30.43,27 Aug 24,12:52 PM,28.02,time_stop,-180.75,-7.92,5
NIFTY50,25050,BULLISH,3,27 Aug 24,12:58 PM,38.19,27 Aug 24,12:59 PM,32.98,hard_sl_hit,-390.75,-13.64,1
NIFTY50,25050,BULLISH,3,27 Aug 24,01:59 PM,35.04,27 Aug 24,02:00 PM,31.62,hard_sl_hit,-256.5,-9.76,1
NIFTY50,25000,BEARISH,3,28 Aug 24,09:49 AM,36.31,28 Aug 24,09:52 AM,32.81,hard_sl_hit,-262.5,-9.64,3
NIFTY50,25000,BULLISH,2,28 Aug 24,10:08 AM,47.46,28 Aug 24,10:16 AM,46.39,tsl_hit,-53.5,-2.25,8
NIFTY50,25100,BEARISH,6,28 Aug 24,01:52 PM,17.33,28 Aug 24,01:57 PM,14.74,hard_sl_hit,-388.5,-14.95,5
NIFTY50,25100,BEARISH,8,28 Aug 24,02:01 PM,13.84,28 Aug 24,02:05 PM,10.97,hard_sl_hit,-574.0,-20.74,4
NIFTY50,25100,BULLISH,3,28 Aug 24,02:33 PM,31.5,28 Aug 24,02:35 PM,27.6,hard_sl_hit,-292.5,-12.38,2
NIFTY50,25100,BULLISH,4,28 Aug 24,02:40 PM,23.9,28 Aug 24,02:41 PM,21.07,hard_sl_hit,-283.0,-11.84,1
NIFTY50,25100,BEARISH,9,29 Aug 24,12:13 PM,11.9,29 Aug 24,12:15 PM,9.25,hard_sl_hit,-596.25,-22.27,2
NIFTY50,25000,BULLISH,5,29 Aug 24,02:06 PM,20.4,29 Aug 24,02:09 PM,33.25,tsl_hit,1606.25,62.99,3
NIFTY50,25250,BEARISH,1,30 Aug 24,11:57 AM,61.62,30 Aug 24,12:01 PM,55.01,hard_sl_hit,-165.25,-10.73,4
NIFTY50,25250,BULLISH,2,30 Aug 24,01:04 PM,53.5,30 Aug 24,01:09 PM,50.18,time_stop,-166.0,-6.21,5
NIFTY50,25250,BEARISH,3,30 Aug 24,02:12 PM,28.23,30 Aug 24,02:18 PM,25.12,hard_sl_hit,-233.25,-11.02,6
NIFTY50,25250,BULLISH,2,30 Aug 24,02:32 PM,53.62,30 Aug 24,02:45 PM,54.85,tsl_hit,61.5,2.29,13
NIFTY50,25200,BULLISH,1,30 Aug 24,03:02 PM,88.83,30 Aug 24,03:06 PM,92.51,tsl_hit,92.0,4.14,4
NIFTY50,25300,BEARISH,1,02 Sep 24,09:17 AM,92.52,02 Sep 24,09:39 AM,97.99,tsl_hit,136.75,5.91,22
NIFTY50,25300,BEARISH,4,02 Sep 24,11:25 AM,25.25,02 Sep 24,11:34 AM,25.9,tsl_hit,65.0,2.57,9
NIFTY50,25300,BULLISH,2,02 Sep 24,11:43 AM,41.89,02 Sep 24,11:50 AM,40.02,tsl_hit,-93.5,-4.46,7
NIFTY50,25250,BEARISH,3,03 Sep 24,10:44 AM,34.91,03 Sep 24,10:48 AM,33.54,tsl_hit,-102.75,-3.92,4
NIFTY50,25250,BEARISH,3,03 Sep 24,10:50 AM,32.89,03 Sep 24,10:55 AM,35.66,tsl_hit,207.75,8.42,5
NIFTY50,25300,BEARISH,5,03 Sep 24,01:19 PM,21.3,03 Sep 24,01:36 PM,24.19,tsl_hit,361.25,13.57,17
NIFTY50,25300,BEARISH,3,03 Sep 24,02:41 PM,31.82,03 Sep 24,02:43 PM,31.92,tsl_hit,7.5,0.31,2
NIFTY50,25100,BULLISH,1,04 Sep 24,09:17 AM,106.47,04 Sep 24,09:30 AM,108.82,tsl_hit,58.75,2.21,13
NIFTY50,25150,BEARISH,4,04 Sep 24,12:21 PM,24.91,04 Sep 24,12:26 PM,26.87,tsl_hit,196.0,7.87,5
NIFTY50,25200,BEARISH,4,04 Sep 24,03:04 PM,24.96,04 Sep 24,03:09 PM,29.18,tsl_hit,422.0,16.91,5
NIFTY50,25250,BEARISH,10,05 Sep 24,09:17 AM,10.85,05 Sep 24,09:19 AM,8.0,hard_sl_hit,-712.5,-26.27,2
NIFTY50,25150,BULLISH,5,05 Sep 24,10:35 AM,22.0,05 Sep 24,10:36 AM,18.55,hard_sl_hit,-431.25,-15.68,1
NIFTY50,25150,BULLISH,5,05 Sep 24,01:27 PM,19.3,05 Sep 24,01:29 PM,20.75,tsl_hit,181.25,7.51,2
NIFTY50,25150,BULLISH,15,05 Sep 24,02:24 PM,7.15,05 Sep 24,02:26 PM,3.8,hard_sl_hit,-1256.25,-46.85,2
NIFTY50,24850,BEARISH,1,06 Sep 24,02:56 PM,77.81,06 Sep 24,02:59 PM,94.9,tsl_hit,427.25,21.96,3
NIFTY50,25000,BEARISH,1,10 Sep 24,09:17 AM,73.13,10 Sep 24,09:20 AM,76.89,tsl_hit,94.0,5.14,3
NIFTY50,25000,BEARISH,1,10 Sep 24,11:21 AM,64.88,10 Sep 24,11:26 AM,60.18,time_stop,-117.5,-7.24,5
NIFTY50,25000,BEARISH,2,10 Sep 24,11:46 AM,40.05,10 Sep 24,11:49 AM,39.07,tsl_hit,-49.0,-2.45,3
NIFTY50,25100,BEARISH,3,10 Sep 24,01:14 PM,34.98,10 Sep 24,01:20 PM,36.16,tsl_hit,88.5,3.37,6
NIFTY50,25100,BEARISH,3,10 Sep 24,01:28 PM,27.68,10 Sep 24,01:36 PM,29.07,tsl_hit,104.25,5.02,8
NIFTY50,25100,BULLISH,2,10 Sep 24,02:06 PM,46.15,10 Sep 24,02:13 PM,52.24,tsl_hit,304.5,13.2,7
NIFTY50,25050,BULLISH,2,10 Sep 24,03:03 PM,40.66,10 Sep 24,03:05 PM,41.18,tsl_hit,26.0,1.28,2
NIFTY50,25000,BULLISH,1,11 Sep 24,09:17 AM,60.41,11 Sep 24,09:21 AM,61.35,tsl_hit,23.5,1.56,4
NIFTY50,25100,BEARISH,2,11 Sep 24,11:59 AM,43.82,11 Sep 24,12:01 PM,37.9,hard_sl_hit,-296.0,-13.51,2
NIFTY50,25100,BEARISH,2,11 Sep 24,12:02 PM,38.44,11 Sep 24,12:04 PM,37.72,tsl_hit,-36.0,-1.87,2
NIFTY50,25050,BULLISH,2,11 Sep 24,12:55 PM,48.35,11 Sep 24,12:58 PM,41.57,hard_sl_hit,-339.0,-14.02,3
NIFTY50,25050,BEARISH,5,12 Sep 24,09:17 AM,19.1,12 Sep 24,09:21 AM,0.05,hard_sl_hit,-2381.25,-99.74,4
NIFTY50,25400,BEARISH,1,13 Sep 24,12:15 PM,66.15,13 Sep 24,12:28 PM,58.46,hard_sl_hit,-192.25,-11.63,13
NIFTY50,25400,BULLISH,1,13 Sep 24,01:13 PM,55.95,13 Sep 24,01:19 PM,50.28,hard_sl_hit,-141.75,-10.13,6
NIFTY50,25350,BULLISH,1,13 Sep 24,01:21 PM,82.01,13 Sep 24,01:26 PM,79.69,time_stop,-58.0,-2.83,5
NIFTY50,25400,BEARISH,1,13 Sep 24,02:04 PM,64.37,13 Sep 24,02:08 PM,66.19,tsl_hit,45.5,2.83,4
NIFTY50,25400,BEARISH,1,16 Sep 24,09:17 AM,89.19,16 Sep 24,09:27 AM,90.2,tsl_hit,25.25,1.13,10
NIFTY50,25400,BEARISH,2,16 Sep 24,01:47 PM,31.95,16 Sep 24,01:52 PM,28.87,hard_sl_hit,-154.0,-9.64,5
NIFTY50,25450,BEARISH,2,17 Sep 24,11:26 AM,44.78,17 Sep 24,11:33 AM,49.57,tsl_hit,239.5,10.7,7
NIFTY50,25400,BULLISH,2,17 Sep 24,12:18 PM,42.33,17 Sep 24,12:24 PM,43.31,tsl_hit,49.0,2.32,6
NIFTY50,25400,BULLISH,2,17 Sep 24,01:20 PM,37.09,17 Sep 24,01:28 PM,40.65,tsl_hit,178.0,9.6,8
NIFTY50,25450,BULLISH,5,17 Sep 24,02:37 PM,18.59,17 Sep 24,02:39 PM,18.12,tsl_hit,-58.75,-2.53,2
NIFTY50,25400,BULLISH,2,17 Sep 24,03:25 PM,43.94,18 Sep 24,09:15 AM,24.58,hard_sl_hit,-968.0,-44.06,5
NIFTY50,25400,BULLISH,4,18 Sep 24,09:17 AM,20.17,18 Sep 24,09:23 AM,35.65,tsl_hit,1548.0,76.75,6
NIFTY50,25450,BEARISH,3,18 Sep 24,10:43 AM,26.01,18 Sep 24,10:44 AM,23.04,hard_sl_hit,-222.75,-11.42,1
NIFTY50,25500,BEARISH,3,18 Sep 24,12:28 PM,31.64,18 Sep 24,12:41 PM,29.24,tsl_hit,-180.0,-7.59,13
NIFTY50,25450,BULLISH,3,18 Sep 24,12:53 PM,29.6,18 Sep 24,12:57 PM,26.52,hard_sl_hit,-231.0,-10.41,4
NIFTY50,25450,BULLISH,5,18 Sep 24,01:01 PM,18.6,18 Sep 24,01:02 PM,14.89,hard_sl_hit,-463.75,-19.95,1
NIFTY50,25550,BEARISH,267,19 Sep 24,09:19 AM,0.35,19 Sep 24,09:20 AM,0.05,hard_sl_hit,-2002.5,-85.71,1
NIFTY50,25450,BULLISH,5,19 Sep 24,11:26 AM,15.25,19 Sep 24,11:28 AM,3.8,hard_sl_hit,-1431.25,-75.08,2
NIFTY50,25550,BEARISH,224,19 Sep 24,09:19 AM,0.35,19 Sep 24,09:20 AM,0.05,hard_sl_hit,-1680.0,-85.71,1
NIFTY50,25450,BULLISH,4,19 Sep 24,11:26 AM,15.25,19 Sep 24,11:28 AM,3.8,hard_sl_hit,-1145.0,-75.08,2
NIFTY50,25900,BULLISH,1,23 Sep 24,11:24 AM,46.65,23 Sep 24,11:29 AM,42.73,time_stop,-98.0,-8.4,5
NIFTY50,25850,BULLISH,1,23 Sep 24,11:51 AM,53.46,23 Sep 24,12:00 PM,62.31,tsl_hit,221.25,16.55,9
NIFTY50,25900,BEARISH,4,23 Sep 24,02:21 PM,16.6,23 Sep 24,02:23 PM,14.54,hard_sl_hit,-206.0,-12.41,2
NIFTY50,25950,BEARISH,1,23 Sep 24,02:50 PM,35.9,23 Sep 24,03:01 PM,40.39,tsl_hit,112.25,12.51,11
NIFTY50,25950,BEARISH,2,23 Sep 24,03:08 PM,32.54,23 Sep 24,03:12 PM,43.11,tsl_hit,528.5,32.48,4
NIFTY50,25900,BULLISH,1,24 Sep 24,09:17 AM,58.89,24 Sep 24,09:20 AM,60.74,tsl_hit,46.25,3.14,3
NIFTY50,25950,BEARISH,1,24 Sep 24,09:48 AM,37.54,24 Sep 24,09:52 AM,33.69,hard_sl_hit,-96.25,-10.26,4
NIFTY50,25900,BULLISH,1,25 Sep 24,09:17 AM,61.88,25 Sep 24,09:26 AM,73.85,tsl_hit,299.25,19.34,9
NIFTY50,25950,BEARISH,1,25 Sep 24,09:50 AM,50.2,25 Sep 24,09:55 AM,54.69,tsl_hit,112.25,8.94,5
NIFTY50,25900,BEARISH,1,25 Sep 24,10:43 AM,35.36,25 Sep 24,10:51 AM,35.05,tsl_hit,-7.75,-0.88,8
NIFTY50,25950,BEARISH,1,25 Sep 24,11:29 AM,37.48,25 Sep 24,11:32 AM,36.21,tsl_hit,-31.75,-3.39,3
NIFTY50,25900,BEARISH,3,25 Sep 24,01:21 PM,21.9,25 Sep 24,01:24 PM,22.5,tsl_hit,45.0,2.74,3
NIFTY50,25900,BEARISH,5,25 Sep 24,01:29 PM,13.58,25 Sep 24,01:39 PM,15.38,tsl_hit,225.0,13.25,10
NIFTY50,26100,BEARISH,8,26 Sep 24,12:03 PM,8.15,26 Sep 24,12:09 PM,11.65,tsl_hit,700.0,42.94,6
NIFTY50,25750,BEARISH,1,01 Oct 24,11:41 AM,55.0,01 Oct 24,11:43 AM,48.49,hard_sl_hit,-162.75,-11.84,2
NIFTY50,25800,BULLISH,1,01 Oct 24,12:28 PM,72.19,01 Oct 24,12:31 PM,64.74,hard_sl_hit,-186.25,-10.32,3
NIFTY50,25800,BEARISH,2,01 Oct 24,03:04 PM,34.46,01 Oct 24,03:15 PM,45.07,tsl_hit,530.5,30.79,11
NIFTY50,25550,BULLISH,23,03 Oct 24,09:17 AM,3.25,03 Oct 24,09:18 AM,0.05,hard_sl_hit,-1840.0,-98.46,1
NIFTY50,25400,BULLISH,5,03 Oct 24,11:45 AM,11.65,03 Oct 24,11:47 AM,13.1,tsl_hit,181.25,12.45,2
NIFTY50,25300,BULLISH,4,03 Oct 24,01:25 PM,14.75,03 Oct 24,01:26 PM,7.55,hard_sl_hit,-720.0,-48.81,1
NIFTY50,25000,BULLISH,1,08 Oct 24,02:38 PM,52.91,08 Oct 24,02:40 PM,57.53,tsl_hit,115.5,8.73,2
NIFTY50,25100,BEARISH,1,09 Oct 24,01:47 PM,39.72,09 Oct 24,01:53 PM,34.67,hard_sl_hit,-126.25,-12.71,6
NIFTY50,25000,BULLISH,4,10 Oct 24,11:36 AM,14.45,10 Oct 24,11:37 AM,12.3,hard_sl_hit,-215.0,-14.88,1
NIFTY50,25000,BULLISH,12,10 Oct 24,11:41 AM,5.15,10 Oct 24,11:43 AM,3.25,hard_sl_hit,-570.0,-36.89,2
NIFTY50,25050,BEARISH,8,10 Oct 24,01:24 PM,6.95,10 Oct 24,01:26 PM,13.95,tsl_hit,1400.0,100.72,2
NIFTY50,25000,BULLISH,6,10 Oct 24,02:39 PM,10.65,10 Oct 24,02:40 PM,7.45,hard_sl_hit,-480.0,-30.05,1
NIFTY50,24950,BEARISH,1,11 Oct 24,01:13 PM,45.26,11 Oct 24,01:17 PM,44.42,tsl_hit,-21.0,-1.86,4
NIFTY50,24950,BEARISH,1,11 Oct 24,02:33 PM,50.55,11 Oct 24,03:05 PM,53.77,tsl_hit,80.5,6.37,32
NIFTY50,25150,BEARISH,1,14 Oct 24,11:42 AM,61.66,14 Oct 24,11:47 AM,53.42,hard_sl_hit,-206.0,-13.36,5
NIFTY50,25100,BEARISH,1,14 Oct 24,01:21 PM,32.25,14 Oct 24,01:27 PM,37.49,tsl_hit,131.0,16.25,6
NIFTY50,25150,BEARISH,1,14 Oct 24,02:14 PM,43.55,14 Oct 24,02:19 PM,41.32,time_stop,-55.75,-5.12,5
NIFTY50,25150,BULLISH,1,14 Oct 24,02:54 PM,36.09,14 Oct 24,02:57 PM,31.85,hard_sl_hit,-106.0,-11.75,3
NIFTY50,25200,BEARISH,1,15 Oct 24,09:17 AM,58.55,15 Oct 24,09:22 AM,59.86,tsl_hit,32.75,2.24,5
NIFTY50,25050,BULLISH,1,15 Oct 24,02:39 PM,52.52,15 Oct 24,02:42 PM,41.55,hard_sl_hit,-274.25,-20.89,3
NIFTY50,25000,BULLISH,1,16 Oct 24,09:17 AM,60.13,16 Oct 24,09:21 AM,66.25,tsl_hit,153.0,10.18,4
NIFTY50,25050,BULLISH,1,16 Oct 24,10:42 AM,44.91,16 Oct 24,10:48 AM,44.45,tsl_hit,-11.5,-1.02,6
NIFTY50,24950,BULLISH,1,16 Oct 24,11:43 AM,33.45,16 Oct 24,11:45 AM,28.4,hard_sl_hit,-126.25,-15.1,2
NIFTY50,25050,BEARISH,1,16 Oct 24,02:30 PM,33.58,16 Oct 24,02:34 PM,34.12,tsl_hit,13.5,1.61,4
NIFTY50,24850,BEARISH,1,18 Oct 24,03:26 PM,61.16,21 Oct 24,09:16 AM,63.84,tsl_hit,67.0,4.38,5
NIFTY50,24550,BEARISH,1,23 Oct 24,12:34 PM,49.99,23 Oct 24,12:38 PM,50.65,tsl_hit,16.5,1.32,4
NIFTY50,24350,BULLISH,3,24 Oct 24,09:39 AM,16.0,24 Oct 24,09:40 AM,0.05,hard_sl_hit,-1196.25,-99.69,1
NIFTY50,24400,BEARISH,8,24 Oct 24,02:32 PM,6.85,24 Oct 24,02:35 PM,9.75,tsl_hit,580.0,42.34,3
NIFTY50,24400,BEARISH,8,24 Oct 24,03:07 PM,7.2,24 Oct 24,03:09 PM,1.3,hard_sl_hit,-1180.0,-81.94,2
NIFTY50,24450,BEARISH,1,30 Oct 24,10:56 AM,54.62,30 Oct 24,11:01 AM,58.06,tsl_hit,86.0,6.3,5
NIFTY50,24450,BEARISH,1,30 Oct 24,11:26 AM,35.25,30 Oct 24,11:33 AM,44.42,tsl_hit,229.25,26.01,7
NIFTY50,24400,BULLISH,1,30 Oct 24,12:07 PM,46.87,30 Oct 24,12:10 PM,48.48,tsl_hit,40.25,3.44,3
NIFTY50,24450,BEARISH,2,30 Oct 24,01:00 PM,26.76,30 Oct 24,01:04 PM,21.93,hard_sl_hit,-241.5,-18.05,4
NIFTY50,24350,BULLISH,1,30 Oct 24,02:17 PM,46.67,30 Oct 24,02:21 PM,47.73,tsl_hit,26.5,2.27,4
NIFTY50,24200,BULLISH,2,31 Oct 24,12:22 PM,24.0,31 Oct 24,12:25 PM,17.95,hard_sl_hit,-302.5,-25.21,3
NIFTY50,24250,BEARISH,2,31 Oct 24,01:47 PM,23.25,31 Oct 24,01:52 PM,21.15,hard_sl_hit,-105.0,-9.03,5
NIFTY50,24500,BEARISH,1,06 Nov 24,01:56 PM,42.7,06 Nov 24,01:58 PM,37.03,hard_sl_hit,-141.75,-13.28,2
NIFTY50,24450,BULLISH,1,06 Nov 24,02:43 PM,50.48,06 Nov 24,02:45 PM,44.06,hard_sl_hit,-160.5,-12.72,2
NIFTY50,24250,BEARISH,2,07 Nov 24,12:44 PM,18.5,07 Nov 24,12:49 PM,19.9,tsl_hit,70.0,7.57,5
NIFTY50,24200,BULLISH,2,07 Nov 24,12:57 PM,19.95,07 Nov 24,12:59 PM,16.65,hard_sl_hit,-165.0,-16.54,2
NIFTY50,24200,BULLISH,11,07 Nov 24,01:22 PM,4.5,07 Nov 24,01:26 PM,6.45,tsl_hit,536.25,43.33,4
NIFTY50,23850,BULLISH,1,13 Nov 24,09:17 AM,53.91,13 Nov 24,09:19 AM,53.99,tsl_hit,2.0,0.15,2
NIFTY50,23550,BULLISH,4,14 Nov 24,10:55 AM,11.65,14 Nov 24,10:56 AM,2.0,hard_sl_hit,-965.0,-82.83,1
NIFTY50,23550,BEARISH,11,14 Nov 24,12:56 PM,4.45,14 Nov 24,12:59 PM,13.65,tsl_hit,2530.0,206.74,3
NIFTY50,23500,BULLISH,4,14 Nov 24,03:02 PM,14.55,14 Nov 24,03:04 PM,12.1,hard_sl_hit,-245.0,-16.84,2
NIFTY50,23750,BEARISH,1,19 Nov 24,11:28 AM,54.11,19 Nov 24,11:30 AM,48.75,hard_sl_hit,-134.0,-9.91,2
NIFTY50,23750,BULLISH,1,19 Nov 24,01:27 PM,39.17,19 Nov 24,01:37 PM,42.92,tsl_hit,93.75,9.57,10
NIFTY50,23700,BULLISH,1,19 Nov 24,02:10 PM,52.78,19 Nov 24,02:11 PM,45.39,hard_sl_hit,-184.75,-14.0,1
NIFTY50,23300,BULLISH,3,21 Nov 24,01:01 PM,15.4,21 Nov 24,01:09 PM,34.7,tsl_hit,1447.5,125.32,8
NIFTY50,24200,BULLISH,1,26 Nov 24,11:59 AM,63.21,26 Nov 24,12:04 PM,55.81,hard_sl_hit,-185.0,-11.71,5
NIFTY50,24200,BEARISH,1,26 Nov 24,02:42 PM,37.48,26 Nov 24,02:50 PM,35.81,tsl_hit,-41.75,-4.46,8
NIFTY50,24200,BULLISH,1,26 Nov 24,03:04 PM,54.59,26 Nov 24,03:05 PM,49.29,hard_sl_hit,-132.5,-9.71,1
NIFTY50,24300,BULLISH,1,27 Nov 24,01:59 PM,53.29,27 Nov 24,02:01 PM,46.43,hard_sl_hit,-171.5,-12.87,2
NIFTY50,24300,BEARISH,2,27 Nov 24,02:30 PM,31.65,27 Nov 24,02:34 PM,33.57,tsl_hit,96.0,6.07,4
NIFTY50,24300,BEARISH,24,28 Nov 24,09:53 AM,2.65,28 Nov 24,09:55 AM,0.05,hard_sl_hit,-1560.0,-98.11,2
NIFTY50,24000,BULLISH,3,28 Nov 24,12:39 PM,15.85,28 Nov 24,12:40 PM,12.9,hard_sl_hit,-221.25,-18.61,1
NIFTY50,24150,BEARISH,1,02 Dec 24,12:31 PM,48.59,02 Dec 24,12:34 PM,43.14,hard_sl_hit,-136.25,-11.22,3
NIFTY50,24400,BEARISH,1,03 Dec 24,11:03 AM,47.94,03 Dec 24,11:07 AM,43.06,hard_sl_hit,-122.0,-10.18,4
NIFTY50,24450,BEARISH,1,03 Dec 24,11:20 AM,52.61,03 Dec 24,11:29 AM,54.22,tsl_hit,40.25,3.06,9
NIFTY50,24400,BEARISH,1,03 Dec 24,01:29 PM,33.49,03 Dec 24,01:30 PM,30.4,hard_sl_hit,-77.25,-9.23,1
NIFTY50,24450,BEARISH,1,03 Dec 24,01:36 PM,43.16,03 Dec 24,01:41 PM,35.18,hard_sl_hit,-199.5,-18.49,5
NIFTY50,24500,BEARISH,1,04 Dec 24,09:17 AM,42.65,04 Dec 24,09:22 AM,33.32,hard_sl_hit,-233.25,-21.88,5
NIFTY50,24450,BULLISH,2,05 Dec 24,09:40 AM,24.3,05 Dec 24,09:43 AM,27.1,tsl_hit,140.0,11.52,3
NIFTY50,24350,BULLISH,6,05 Dec 24,11:01 AM,8.8,05 Dec 24,11:05 AM,19.95,tsl_hit,1672.5,126.7,4
NIFTY50,24650,BEARISH,4,05 Dec 24,01:43 PM,13.1,05 Dec 24,01:44 PM,0.05,hard_sl_hit,-1305.0,-99.62,1
NIFTY50,24750,BEARISH,4,05 Dec 24,02:15 PM,11.35,05 Dec 24,02:16 PM,5.45,hard_sl_hit,-590.0,-51.98,1
NIFTY50,24650,BEARISH,1,10 Dec 24,10:02 AM,48.1,10 Dec 24,10:08 AM,49.94,tsl_hit,46.0,3.83,6
NIFTY50,24650,BEARISH,1,10 Dec 24,11:33 AM,36.04,10 Dec 24,11:34 AM,32.35,hard_sl_hit,-92.25,-10.24,1
NIFTY50,24650,BULLISH,1,10 Dec 24,11:51 AM,34.15,10 Dec 24,11:55 AM,30.85,hard_sl_hit,-82.5,-9.66,4
NIFTY50,24650,BEARISH,1,10 Dec 24,12:08 PM,37.53,10 Dec 24,12:16 PM,85.73,tsl_hit,1205.0,128.43,8
NIFTY50,24550,BEARISH,1,10 Dec 24,02:54 PM,43.6,10 Dec 24,03:00 PM,38.23,hard_sl_hit,-134.25,-12.32,6
NIFTY50,24650,BEARISH,1,11 Dec 24,10:28 AM,37.49,11 Dec 24,10:33 AM,39.57,tsl_hit,52.0,5.55,5
NIFTY50,24700,BEARISH,1,11 Dec 24,11:40 AM,43.51,11 Dec 24,11:44 AM,45.09,tsl_hit,39.5,3.63,4
NIFTY50,24650,BULLISH,1,11 Dec 24,12:14 PM,39.37,11 Dec 24,12:15 PM,31.03,hard_sl_hit,-208.5,-21.18,1
NIFTY50,24650,BULLISH,1,11 Dec 24,12:17 PM,31.78,11 Dec 24,12:21 PM,43.23,tsl_hit,286.25,36.03,4
NIFTY50,24650,BEARISH,1,11 Dec 24,01:07 PM,31.77,11 Dec 24,01:11 PM,27.35,hard_sl_hit,-110.5,-13.91,4
NIFTY50,24650,BULLISH,3,11 Dec 24,02:47 PM,14.57,11 Dec 24,02:49 PM,14.83,tsl_hit,19.5,1.78,2
NIFTY50,24550,BULLISH,2,12 Dec 24,12:04 PM,24.0,12 Dec 24,12:06 PM,10.4,hard_sl_hit,-680.0,-56.67,2
NIFTY50,24550,BULLISH,181,12 Dec 24,02:49 PM,0.3,12 Dec 24,02:50 PM,0.05,hard_sl_hit,-1131.25,-83.33,1
NIFTY50,24350,BULLISH,1,18 Dec 24,09:19 AM,45.14,18 Dec 24,09:21 AM,50.02,tsl_hit,122.0,10.81,2
NIFTY50,23900,BULLISH,5,19 Dec 24,09:17 AM,8.65,19 Dec 24,09:18 AM,7.65,hard_sl_hit,-125.0,-11.56,1
NIFTY50,23900,BULLISH,2,19 Dec 24,09:19 AM,19.55,19 Dec 24,09:20 AM,9.3,hard_sl_hit,-512.5,-52.43,1
NIFTY50,23950,BULLISH,78,19 Dec 24,10:52 AM,0.6,19 Dec 24,10:53 AM,0.05,hard_sl_hit,-1072.5,-91.67,1
NIFTY50,24000,BEARISH,2,19 Dec 24,11:40 AM,17.25,19 Dec 24,11:42 AM,24.0,tsl_hit,337.5,39.13,2
NIFTY50,23750,BEARISH,1,24 Dec 24,02:15 PM,32.35,24 Dec 24,02:23 PM,51.13,tsl_hit,469.5,58.05,8
NIFTY50,23750,BEARISH,1,24 Dec 24,02:56 PM,45.48,24 Dec 24,03:02 PM,48.12,tsl_hit,66.0,5.8,6
NIFTY50,23700,BULLISH,4,26 Dec 24,10:51 AM,11.4,26 Dec 24,10:54 AM,15.85,tsl_hit,445.0,39.04,3
NIFTY50,23850,BEARISH,1,27 Dec 24,01:13 PM,40.36,27 Dec 24,01:19 PM,50.17,tsl_hit,245.25,24.31,6
NIFTY50,23850,BEARISH,1,27 Dec 24,01:57 PM,48.53,27 Dec 24,02:02 PM,45.62,time_stop,-72.75,-6.0,5
NIFTY50,23650,BEARISH,1,31 Dec 24,01:42 PM,44.55,31 Dec 24,01:45 PM,46.07,tsl_hit,38.0,3.41,3
NIFTY50,23750,BEARISH,1,01 Jan 25,11:19 AM,41.25,01 Jan 25,11:22 AM,41.17,tsl_hit,-2.0,-0.19,3
NIFTY50,23800,BEARISH,1,01 Jan 25,02:04 PM,27.44,01 Jan 25,02:08 PM,24.22,hard_sl_hit,-80.5,-11.73,4
NIFTY50,23850,BEARISH,10,02 Jan 25,09:57 AM,4.5,02 Jan 25,10:01 AM,18.6,tsl_hit,3525.0,313.33,4
NIFTY50,23950,BEARISH,17,02 Jan 25,11:11 AM,3.75,02 Jan 25,11:13 AM,4.3,tsl_hit,233.75,14.67,2
NIFTY50,24000,BEARISH,17,02 Jan 25,12:27 PM,3.85,02 Jan 25,12:28 PM,0.05,hard_sl_hit,-1615.0,-98.7,1
NIFTY50,24200,BEARISH,2,02 Jan 25,02:22 PM,21.5,02 Jan 25,02:28 PM,40.9,tsl_hit,970.0,90.23,6
NIFTY50,23750,BULLISH,1,07 Jan 25,12:04 PM,53.89,07 Jan 25,12:07 PM,54.66,tsl_hit,19.25,1.43,3
NIFTY50,23550,BULLISH,1,08 Jan 25,11:24 AM,62.16,08 Jan 25,11:33 AM,87.18,tsl_hit,625.5,40.25,9
NIFTY50,23550,BULLISH,1,08 Jan 25,12:04 PM,48.78,08 Jan 25,12:06 PM,44.17,hard_sl_hit,-115.25,-9.45,2
NIFTY50,23650,BEARISH,1,08 Jan 25,01:47 PM,64.72,08 Jan 25,01:48 PM,57.43,hard_sl_hit,-182.25,-11.26,1
NIFTY50,23700,BULLISH,1,08 Jan 25,03:03 PM,62.52,08 Jan 25,03:05 PM,52.54,hard_sl_hit,-249.5,-15.96,2
NIFTY50,23550,BULLISH,14,09 Jan 25,10:49 AM,4.4,09 Jan 25,10:51 AM,6.05,tsl_hit,577.5,37.5,2
NIFTY50,23500,BULLISH,3,09 Jan 25,02:39 PM,20.0,09 Jan 25,02:40 PM,15.5,hard_sl_hit,-337.5,-22.5,1
NIFTY50,23550,BEARISH,6,09 Jan 25,03:23 PM,9.85,09 Jan 25,03:24 PM,8.25,hard_sl_hit,-240.0,-16.24,1
NIFTY50,23250,BEARISH,1,14 Jan 25,11:09 AM,56.83,14 Jan 25,11:23 AM,60.91,tsl_hit,102.0,7.18,14
NIFTY50,23200,BULLISH,1,14 Jan 25,02:34 PM,32.08,14 Jan 25,02:35 PM,27.45,hard_sl_hit,-115.75,-14.43,1
NIFTY50,23250,BEARISH,1,15 Jan 25,10:41 AM,51.09,15 Jan 25,10:45 AM,45.31,hard_sl_hit,-144.5,-11.31,4
NIFTY50,23300,BEARISH,1,15 Jan 25,10:49 AM,60.17,15 Jan 25,10:54 AM,61.53,tsl_hit,34.0,2.26,5
NIFTY50,23200,BULLISH,1,15 Jan 25,03:19 PM,45.12,15 Jan 25,03:21 PM,53.79,tsl_hit,216.75,19.22,2
NIFTY50,23350,BEARISH,6,16 Jan 25,09:17 AM,9.85,16 Jan 25,09:21 AM,12.8,tsl_hit,442.5,29.95,4
NIFTY50,23350,BEARISH,4,16 Jan 25,01:58 PM,14.4,16 Jan 25,02:00 PM,14.6,tsl_hit,20.0,1.39,2
NIFTY50,23300,BEARISH,1,20 Jan 25,11:21 AM,63.1,20 Jan 25,11:24 AM,65.13,tsl_hit,50.75,3.22,3
NIFTY50,23400,BEARISH,1,21 Jan 25,09:17 AM,57.09,21 Jan 25,09:19 AM,61.73,tsl_hit,116.0,8.13,2
NIFTY50,23100,BULLISH,1,22 Jan 25,10:21 AM,60.22,22 Jan 25,10:26 AM,70.12,tsl_hit,247.5,16.44,5
NIFTY50,23100,BULLISH,1,22 Jan 25,10:41 AM,57.49,22 Jan 25,10:49 AM,79.41,tsl_hit,548.0,38.13,8
NIFTY50,23050,BULLISH,1,22 Jan 25,11:12 AM,66.15,22 Jan 25,11:17 AM,62.17,time_stop,-99.5,-6.02,5
NIFTY50,23050,BULLISH,1,22 Jan 25,11:36 AM,49.27,22 Jan 25,11:39 AM,44.66,hard_sl_hit,-115.25,-9.36,3
NIFTY50,23000,BULLISH,1,22 Jan 25,12:55 PM,52.8,22 Jan 25,01:03 PM,47.92,hard_sl_hit,-122.0,-9.24,8
NIFTY50,23050,BEARISH,1,22 Jan 25,01:16 PM,49.52,22 Jan 25,01:26 PM,54.53,tsl_hit,125.25,10.12,10
NIFTY50,23100,BULLISH,18,23 Jan 25,09:18 AM,3.7,23 Jan 25,09:20 AM,8.4,tsl_hit,2115.0,127.03,2
NIFTY50,23250,BEARISH,5,23 Jan 25,11:37 AM,14.65,23 Jan 25,11:44 AM,28.1,tsl_hit,1681.25,91.81,7
NIFTY50,23200,BULLISH,9,23 Jan 25,11:51 AM,9.0,23 Jan 25,11:53 AM,5.0,hard_sl_hit,-900.0,-44.44,2
NIFTY50,23200,BULLISH,18,23 Jan 25,03:12 PM,4.4,23 Jan 25,03:13 PM,1.15,hard_sl_hit,-1462.5,-73.86,1
NIFTY50,22900,BEARISH,1,27 Jan 25,12:07 PM,71.63,27 Jan 25,12:14 PM,102.13,tsl_hit,762.5,42.58,7
NIFTY50,22800,BULLISH,1,27 Jan 25,02:50 PM,71.96,27 Jan 25,03:00 PM,85.13,tsl_hit,329.25,18.3,10
NIFTY50,22950,BEARISH,1,28 Jan 25,11:04 AM,74.56,28 Jan 25,11:14 AM,79.84,tsl_hit,132.0,7.08,10
NIFTY50,23000,BEARISH,1,28 Jan 25,11:43 AM,70.64,28 Jan 25,11:48 AM,76.1,tsl_hit,136.5,7.73,5
NIFTY50,23050,BEARISH,1,28 Jan 25,12:57 PM,64.06,28 Jan 25,01:13 PM,56.02,hard_sl_hit,-201.0,-12.55,16
NIFTY50,23050,BEARISH,1,28 Jan 25,01:19 PM,50.02,28 Jan 25,01:28 PM,60.42,tsl_hit,260.0,20.79,9
NIFTY50,23050,BEARISH,1,28 Jan 25,01:56 PM,49.08,28 Jan 25,02:00 PM,42.82,hard_sl_hit,-156.5,-12.75,4
NIFTY50,23050,BEARISH,2,28 Jan 25,02:03 PM,39.12,28 Jan 25,02:09 PM,41.29,tsl_hit,108.5,5.55,6
NIFTY50,23100,BEARISH,1,28 Jan 25,02:29 PM,46.47,28 Jan 25,02:31 PM,48.21,tsl_hit,43.5,3.74,2
NIFTY50,23050,BULLISH,1,28 Jan 25,02:49 PM,75.68,28 Jan 25,02:50 PM,68.23,hard_sl_hit,-186.25,-9.84,1
NIFTY50,23100,BEARISH,1,29 Jan 25,11:01 AM,50.73,29 Jan 25,11:06 AM,48.66,time_stop,-51.75,-4.08,5
NIFTY50,23150,BEARISH,1,29 Jan 25,12:19 PM,74.73,29 Jan 25,12:22 PM,78.93,tsl_hit,105.0,5.62,3
NIFTY50,23100,BULLISH,1,29 Jan 25,01:04 PM,74.2,29 Jan 25,01:08 PM,66.25,hard_sl_hit,-198.75,-10.71,4
NIFTY50,23150,BEARISH,2,29 Jan 25,02:15 PM,36.08,29 Jan 25,02:20 PM,47.37,tsl_hit,564.5,31.29,5
NIFTY50,23200,BEARISH,30,30 Jan 25,09:33 AM,2.75,30 Jan 25,09:35 AM,3.35,tsl_hit,450.0,21.82,2
NIFTY50,23300,BEARISH,4,30 Jan 25,10:12 AM,20.2,30 Jan 25,10:15 AM,21.25,tsl_hit,105.0,5.2,3
NIFTY50,23250,BULLISH,8,30 Jan 25,12:48 PM,9.5,30 Jan 25,12:50 PM,7.85,hard_sl_hit,-330.0,-17.37,2
NIFTY50,23200,BULLISH,3,30 Jan 25,01:29 PM,23.6,30 Jan 25,01:33 PM,26.25,tsl_hit,198.75,11.23,4
NIFTY50,23150,BULLISH,6,30 Jan 25,02:28 PM,14.05,30 Jan 25,02:30 PM,9.4,hard_sl_hit,-697.5,-33.1,2
NIFTY50,23300,BEARISH,1,03 Feb 25,01:05 PM,52.7,03 Feb 25,01:07 PM,51.11,tsl_hit,-39.75,-3.02,2
NIFTY50,23350,BEARISH,1,03 Feb 25,03:11 PM,45.05,03 Feb 25,03:21 PM,50.81,tsl_hit,144.0,12.79,10
NIFTY50,23650,BEARISH,1,04 Feb 25,01:13 PM,81.12,04 Feb 25,01:21 PM,72.93,hard_sl_hit,-204.75,-10.1,8
NIFTY50,23700,BEARISH,1,04 Feb 25,01:37 PM,76.33,04 Feb 25,01:43 PM,80.95,tsl_hit,115.5,6.05,6
NIFTY50,23650,BULLISH,1,04 Feb 25,02:15 PM,77.76,04 Feb 25,02:19 PM,77.16,tsl_hit,-15.0,-0.77,4
NIFTY50,23750,BEARISH,1,05 Feb 25,09:17 AM,53.08,05 Feb 25,09:21 AM,57.09,tsl_hit,100.25,7.55,4
NIFTY50,23800,BEARISH,1,05 Feb 25,10:53 AM,67.52,05 Feb 25,10:55 AM,53.8,hard_sl_hit,-343.0,-20.32,2
NIFTY50,23750,BULLISH,1,05 Feb 25,10:59 AM,49.01,05 Feb 25,11:04 AM,50.54,tsl_hit,38.25,3.12,5
NIFTY50,23750,BULLISH,2,05 Feb 25,11:10 AM,32.84,05 Feb 25,11:13 AM,32.7,tsl_hit,-7.0,-0.43,3
NIFTY50,23750,BULLISH,3,05 Feb 25,12:47 PM,21.75,05 Feb 25,12:48 PM,19.1,hard_sl_hit,-198.75,-12.18,1
NIFTY50,23700,BULLISH,3,06 Feb 25,09:15 AM,23.65,06 Feb 25,09:19 AM,27.4,tsl_hit,281.25,15.86,4
NIFTY50,23600,BULLISH,4,06 Feb 25,11:08 AM,19.75,06 Feb 25,11:09 AM,17.5,hard_sl_hit,-225.0,-11.39,1
NIFTY50,23600,BULLISH,11,06 Feb 25,12:33 PM,6.65,06 Feb 25,12:34 PM,5.05,hard_sl_hit,-440.0,-24.06,1
NIFTY50,23600,BEARISH,14,06 Feb 25,01:29 PM,5.3,06 Feb 25,01:31 PM,8.05,tsl_hit,962.5,51.89,2
NIFTY50,23350,BEARISH,1,10 Feb 25,01:53 PM,48.86,10 Feb 25,01:56 PM,51.9,tsl_hit,76.0,6.22,3
NIFTY50,23300,BEARISH,1,11 Feb 25,11:11 AM,52.06,11 Feb 25,11:18 AM,45.26,hard_sl_hit,-170.0,-13.06,7
NIFTY50,23250,BULLISH,2,11 Feb 25,12:25 PM,38.46,11 Feb 25,12:37 PM,34.17,hard_sl_hit,-214.5,-11.15,12
NIFTY50,23200,BULLISH,1,11 Feb 25,12:52 PM,50.91,11 Feb 25,12:55 PM,44.1,hard_sl_hit,-170.25,-13.38,3
NIFTY50,23050,BULLISH,1,12 Feb 25,09:17 AM,67.51,12 Feb 25,09:19 AM,60.8,hard_sl_hit,-167.75,-9.94,2
NIFTY50,23000,BEARISH,1,12 Feb 25,03:03 PM,60.05,12 Feb 25,03:05 PM,48.75,hard_sl_hit,-282.5,-18.82,2
NIFTY50,23000,BULLISH,3,13 Feb 25,09:26 AM,20.4,13 Feb 25,09:28 AM,17.8,hard_sl_hit,-195.0,-12.75,2
NIFTY50,23150,BULLISH,3,13 Feb 25,10:23 AM,20.65,13 Feb 25,10:24 AM,8.4,hard_sl_hit,-918.75,-59.32,1
NIFTY50,23150,BULLISH,7,13 Feb 25,01:16 PM,10.25,13 Feb 25,01:21 PM,20.1,tsl_hit,1723.75,96.1,5
NIFTY50,23050,BULLISH,28,13 Feb 25,02:11 PM,2.85,13 Feb 25,02:12 PM,0.05,hard_sl_hit,-1960.0,-98.25,1
NIFTY50,22950,BEARISH,2,19 Feb 25,01:39 PM,33.15,19 Feb 25,01:40 PM,29.63,hard_sl_hit,-176.0,-10.62,1
NIFTY50,22900,BULLISH,1,19 Feb 25,02:21 PM,35.77,19 Feb 25,02:23 PM,31.48,hard_sl_hit,-107.25,-11.99,2
NIFTY50,22900,BEARISH,7,20 Feb 25,10:20 AM,9.3,20 Feb 25,10:21 AM,8.3,hard_sl_hit,-175.0,-10.75,1
NIFTY50,22900,BULLISH,1,21 Feb 25,09:17 AM,65.73,21 Feb 25,09:24 AM,79.89,tsl_hit,354.0,21.54,7
NIFTY50,22550,BULLISH,1,24 Feb 25,01:40 PM,56.22,24 Feb 25,01:45 PM,50.96,hard_sl_hit,-131.5,-9.36,5
NIFTY50,22550,BULLISH,1,24 Feb 25,02:10 PM,61.27,24 Feb 25,02:21 PM,66.65,tsl_hit,134.5,8.78,11
NIFTY50,22550,BULLISH,1,25 Feb 25,11:27 AM,48.58,25 Feb 25,11:28 AM,43.72,hard_sl_hit,-121.5,-10.0,1
NIFTY50,22550,BEARISH,3,25 Feb 25,12:14 PM,17.78,25 Feb 25,12:16 PM,15.25,hard_sl_hit,-189.75,-14.23,2
NIFTY50,22550,BEARISH,4,25 Feb 25,12:58 PM,15.06,25 Feb 25,01:06 PM,13.56,hard_sl_hit,-150.0,-9.96,8
NIFTY50,22550,BULLISH,2,25 Feb 25,03:04 PM,33.0,25 Feb 25,03:06 PM,32.88,tsl_hit,-6.0,-0.36,2
NIFTY50,22550,BULLISH,2,25 Feb 25,03:19 PM,27.04,25 Feb 25,03:20 PM,24.0,hard_sl_hit,-152.0,-11.24,1
NIFTY50,22600,BEARISH,4,27 Feb 25,09:17 AM,16.65,27 Feb 25,09:18 AM,11.3,hard_sl_hit,-535.0,-32.13,1
NIFTY50,22500,BULLISH,3,27 Feb 25,12:34 PM,21.65,27 Feb 25,12:35 PM,16.85,hard_sl_hit,-360.0,-22.17,1
NIFTY50,22550,BEARISH,9,27 Feb 25,02:02 PM,7.0,27 Feb 25,02:04 PM,6.6,tsl_hit,-90.0,-5.71,2
NIFTY50,22050,BULLISH,1,04 Mar 25,11:49 AM,53.54,04 Mar 25,11:51 AM,54.27,tsl_hit,18.25,1.36,2
NIFTY50,22050,BULLISH,1,04 Mar 25,12:50 PM,46.28,04 Mar 25,12:55 PM,44.04,time_stop,-56.0,-4.84,5
NIFTY50,22050,BULLISH,1,04 Mar 25,03:27 PM,56.09,05 Mar 25,09:16 AM,95.73,tsl_hit,991.0,70.67,4
NIFTY50,22150,BEARISH,1,05 Mar 25,09:19 AM,51.93,05 Mar 25,09:21 AM,48.83,tsl_hit,-77.5,-5.97,2
NIFTY50,22450,BEARISH,26,06 Mar 25,09:17 AM,2.55,06 Mar 25,09:25 AM,79.55,tsl_hit,50050.0,3019.61,8
NIFTY50,22250,BULLISH,41,06 Mar 25,09:51 AM,7.0,06 Mar 25,09:56 AM,46.85,tsl_hit,40846.25,569.29,5
NIFTY50,22500,BEARISH,286,06 Mar 25,01:48 PM,1.65,06 Mar 25,01:49 PM,0.05,hard_sl_hit,-11440.0,-96.97,1
NIFTY50,22600,BEARISH,2,07 Mar 25,10:10 AM,187.99,07 Mar 25,10:55 AM,187.36,tsl_hit,-31.5,-0.34,45
NIFTY50,22550,BULLISH,3,07 Mar 25,11:51 AM,131.38,07 Mar 25,12:02 PM,115.5,hard_sl_hit,-1191.0,-12.09,11
NIFTY50,22600,BEARISH,5,07 Mar 25,02:37 PM,81.89,07 Mar 25,02:42 PM,75.35,time_stop,-817.5,-7.99,5
NIFTY50,22350,BULLISH,3,11 Mar 25,09:18 AM,123.64,11 Mar 25,09:19 AM,112.0,hard_sl_hit,-873.0,-9.41,1
NIFTY50,22500,BULLISH,10,11 Mar 25,02:55 PM,40.37,11 Mar 25,03:00 PM,44.31,tsl_hit,985.0,9.76,5
NIFTY50,22550,BEARISH,14,12 Mar 25,09:17 AM,27.78,12 Mar 25,09:23 AM,64.85,tsl_hit,12974.5,133.44,6
NIFTY50,22450,BULLISH,8,12 Mar 25,10:06 AM,56.53,12 Mar 25,10:10 AM,50.75,hard_sl_hit,-1156.0,-10.22,4
NIFTY50,22400,BEARISH,17,12 Mar 25,01:20 PM,26.5,12 Mar 25,01:22 PM,23.17,hard_sl_hit,-1415.25,-12.57,2
NIFTY50,22500,BEARISH,10,12 Mar 25,03:12 PM,41.94,12 Mar 25,03:18 PM,55.12,tsl_hit,3295.0,31.43,6
NIFTY50,22500,BEARISH,51,13 Mar 25,09:18 AM,9.2,13 Mar 25,09:23 AM,24.8,tsl_hit,19890.0,169.57,5
NIFTY50,22550,BEARISH,204,13 Mar 25,10:17 AM,2.75,13 Mar 25,10:18 AM,1.1,hard_sl_hit,-8415.0,-60.0,1
NIFTY50,22500,BULLISH,22,13 Mar 25,10:41 AM,23.1,13 Mar 25,10:43 AM,24.65,tsl_hit,852.5,6.71,2
NIFTY50,22500,BULLISH,112,13 Mar 25,10:54 AM,4.7,13 Mar 25,10:55 AM,0.05,hard_sl_hit,-13020.0,-98.94,1
NIFTY50,22450,BULLISH,20,13 Mar 25,11:33 AM,22.55,13 Mar 25,11:35 AM,23.35,tsl_hit,400.0,3.55,2
NIFTY50,22400,BEARISH,410,13 Mar 25,03:18 PM,1.15,13 Mar 25,03:19 PM,0.05,hard_sl_hit,-11275.0,-95.65,1
NIFTY50,22500,BULLISH,3,17 Mar 25,09:15 AM,121.02,17 Mar 25,09:35 AM,165.21,tsl_hit,3314.25,36.51,20
NIFTY50,22500,BULLISH,7,17 Mar 25,12:20 PM,56.89,17 Mar 25,12:24 PM,49.17,hard_sl_hit,-1351.0,-13.57,4
NIFTY50,22450,BEARISH,9,17 Mar 25,01:13 PM,44.45,17 Mar 25,01:19 PM,39.75,hard_sl_hit,-1057.5,-10.57,6
NIFTY50,22500,BULLISH,6,17 Mar 25,02:27 PM,61.28,17 Mar 25,02:30 PM,55.68,hard_sl_hit,-840.0,-9.14,3
NIFTY50,22500,BULLISH,8,17 Mar 25,02:43 PM,52.78,17 Mar 25,02:58 PM,64.66,tsl_hit,2376.0,22.51,15
NIFTY50,22650,BEARISH,4,18 Mar 25,09:17 AM,104.6,18 Mar 25,09:23 AM,101.25,tsl_hit,-335.0,-3.2,6
NIFTY50,22750,BEARISH,4,18 Mar 25,10:32 AM,103.43,18 Mar 25,10:55 AM,59.61,hard_sl_hit,-4382.0,-42.37,23
NIFTY50,22750,BULLISH,5,18 Mar 25,10:59 AM,71.78,18 Mar 25,11:04 AM,69.46,time_stop,-290.0,-3.23,5
NIFTY50,22750,BEARISH,9,18 Mar 25,11:35 AM,42.52,18 Mar 25,11:40 AM,38.77,time_stop,-843.75,-8.82,5
NIFTY50,22750,BULLISH,10,18 Mar 25,12:31 PM,39.12,18 Mar 25,12:33 PM,37.34,tsl_hit,-445.0,-4.55,2
NIFTY50,22800,BEARISH,15,18 Mar 25,02:51 PM,25.44,18 Mar 25,02:53 PM,25.78,tsl_hit,127.5,1.34,2
NIFTY50,22800,BEARISH,22,18 Mar 25,03:01 PM,18.29,18 Mar 25,03:02 PM,16.59,hard_sl_hit,-935.0,-9.29,1
NIFTY50,22800,BEARISH,23,18 Mar 25,03:04 PM,17.08,18 Mar 25,03:07 PM,15.24,hard_sl_hit,-1058.0,-10.77,3
NIFTY50,22650,BULLISH,1,18 Mar 25,09:17 AM,209.82,18 Mar 25,09:22 AM,204.05,time_stop,-144.25,-2.75,5
NIFTY50,22750,BULLISH,5,18 Mar 25,10:59 AM,71.78,18 Mar 25,11:04 AM,69.46,time_stop,-290.0,-3.23,5
NIFTY50,22750,BEARISH,9,18 Mar 25,11:35 AM,42.52,18 Mar 25,11:40 AM,38.77,time_stop,-843.75,-8.82,5
NIFTY50,22750,BULLISH,9,18 Mar 25,12:31 PM,39.12,18 Mar 25,12:33 PM,37.34,tsl_hit,-400.5,-4.55,2
NIFTY50,22800,BEARISH,15,18 Mar 25,02:51 PM,25.44,18 Mar 25,02:53 PM,25.78,tsl_hit,127.5,1.34,2
NIFTY50,22800,BEARISH,21,18 Mar 25,03:01 PM,18.29,18 Mar 25,03:02 PM,16.59,hard_sl_hit,-892.5,-9.29,1
NIFTY50,22800,BEARISH,22,18 Mar 25,03:04 PM,17.08,18 Mar 25,03:07 PM,15.24,hard_sl_hit,-1012.0,-10.77,3
NIFTY50,22850,BULLISH,7,19 Mar 25,10:12 AM,52.0,19 Mar 25,10:20 AM,78.34,tsl_hit,4609.5,50.65,8
NIFTY50,22950,BEARISH,10,19 Mar 25,12:51 PM,36.74,19 Mar 25,12:55 PM,35.91,tsl_hit,-207.5,-2.26,4
NIFTY50,22900,BEARISH,23,19 Mar 25,02:07 PM,16.99,19 Mar 25,02:16 PM,20.3,tsl_hit,1903.25,19.48,9
NIFTY50,22950,BEARISH,12,19 Mar 25,02:42 PM,32.01,19 Mar 25,02:47 PM,31.63,tsl_hit,-114.0,-1.19,5
NIFTY50,22900,BULLISH,14,19 Mar 25,03:08 PM,28.85,19 Mar 25,03:10 PM,31.98,tsl_hit,1095.5,10.85,2
NIFTY50,23350,BULLISH,4,21 Mar 25,11:13 AM,100.22,21 Mar 25,11:21 AM,98.61,tsl_hit,-161.0,-1.61,8
NIFTY50,23400,BEARISH,4,21 Mar 25,12:24 PM,84.1,21 Mar 25,12:29 PM,83.49,time_stop,-61.0,-0.73,5
NIFTY50,23400,BEARISH,5,21 Mar 25,12:54 PM,70.63,21 Mar 25,12:59 PM,67.93,time_stop,-337.5,-3.82,5
NIFTY50,23350,BULLISH,4,21 Mar 25,01:18 PM,100.05,21 Mar 25,01:30 PM,107.26,tsl_hit,721.0,7.21,12
NIFTY50,23300,BULLISH,3,21 Mar 25,01:52 PM,106.79,21 Mar 25,02:01 PM,126.89,tsl_hit,1507.5,18.82,9
NIFTY50,23500,BEARISH,2,24 Mar 25,09:17 AM,154.86,24 Mar 25,09:32 AM,166.4,tsl_hit,577.0,7.45,15
NIFTY50,23600,BULLISH,5,24 Mar 25,12:59 PM,74.44,24 Mar 25,01:19 PM,90.43,tsl_hit,1998.75,21.48,20
NIFTY50,23650,BULLISH,8,24 Mar 25,03:04 PM,52.64,24 Mar 25,03:10 PM,62.23,tsl_hit,1918.0,18.22,6
NIFTY50,23750,BEARISH,4,25 Mar 25,09:17 AM,92.6,25 Mar 25,09:22 AM,109.98,tsl_hit,1738.0,18.77,5
NIFTY50,23850,BEARISH,3,25 Mar 25,09:53 AM,114.21,25 Mar 25,09:58 AM,101.68,hard_sl_hit,-939.75,-10.97,5
NIFTY50,23800,BULLISH,3,25 Mar 25,10:12 AM,125.89,25 Mar 25,10:14 AM,110.8,hard_sl_hit,-1131.75,-11.99,2
NIFTY50,23700,BULLISH,2,25 Mar 25,10:41 AM,148.25,25 Mar 25,10:45 AM,166.04,tsl_hit,889.5,12.0,4
NIFTY50,23650,BULLISH,3,25 Mar 25,12:21 PM,112.29,25 Mar 25,12:25 PM,115.42,tsl_hit,234.75,2.79,4
NIFTY50,23700,BEARISH,7,25 Mar 25,01:41 PM,56.53,25 Mar 25,01:48 PM,51.26,hard_sl_hit,-922.25,-9.32,7
NIFTY50,23750,BEARISH,6,25 Mar 25,01:56 PM,66.61,25 Mar 25,02:01 PM,71.12,tsl_hit,676.5,6.77,5
NIFTY50,23700,BULLISH,6,26 Mar 25,09:15 AM,68.06,26 Mar 25,09:17 AM,70.54,tsl_hit,372.0,3.64,2
NIFTY50,23700,BEARISH,5,26 Mar 25,10:37 AM,80.67,26 Mar 25,10:43 AM,90.26,tsl_hit,1198.75,11.89,6
NIFTY50,23650,BULLISH,7,26 Mar 25,11:05 AM,59.21,26 Mar 25,11:10 AM,59.2,tsl_hit,-1.75,-0.02,5
NIFTY50,23650,BULLISH,9,26 Mar 25,11:43 AM,45.46,26 Mar 25,11:48 AM,39.23,hard_sl_hit,-1401.75,-13.7,5
NIFTY50,23600,BULLISH,10,26 Mar 25,12:04 PM,42.22,26 Mar 25,12:14 PM,49.08,tsl_hit,1715.0,16.25,10
NIFTY50,23450,BULLISH,27,27 Mar 25,09:18 AM,16.45,27 Mar 25,09:21 AM,56.9,tsl_hit,27303.75,245.9,3
NIFTY50,23550,BULLISH,4,28 Mar 25,09:27 AM,127.58,28 Mar 25,09:30 AM,127.17,tsl_hit,-41.0,-0.32,3
NIFTY50,23250,BEARISH,5,01 Apr 25,12:17 PM,96.51,01 Apr 25,12:26 PM,104.15,tsl_hit,955.0,7.92,9
NIFTY50,23200,BULLISH,5,01 Apr 25,12:48 PM,99.33,01 Apr 25,12:53 PM,91.97,time_stop,-920.0,-7.41,5
NIFTY50,23150,BULLISH,6,01 Apr 25,01:20 PM,90.39,01 Apr 25,01:25 PM,80.8,hard_sl_hit,-1438.5,-10.61,5
NIFTY50,23150,BEARISH,13,01 Apr 25,03:10 PM,42.27,01 Apr 25,03:15 PM,40.34,time_stop,-627.25,-4.57,5
NIFTY50,23200,BEARISH,19,02 Apr 25,09:17 AM,28.79,02 Apr 25,09:25 AM,47.59,tsl_hit,8930.0,65.3,8
NIFTY50,23200,BULLISH,8,02 Apr 25,09:47 AM,68.86,02 Apr 25,09:50 AM,61.59,hard_sl_hit,-1454.0,-10.56,3
NIFTY50,23300,BEARISH,8,02 Apr 25,10:54 AM,73.22,02 Apr 25,10:59 AM,71.0,tsl_hit,-444.0,-3.03,5
NIFTY50,23300,BEARISH,11,02 Apr 25,11:39 AM,53.4,02 Apr 25,11:44 AM,66.15,tsl_hit,3506.25,23.88,5
NIFTY50,23350,BEARISH,16,02 Apr 25,03:04 PM,37.73,02 Apr 25,03:09 PM,39.45,tsl_hit,688.0,4.56,5
NIFTY50,23200,BULLISH,40,03 Apr 25,09:17 AM,15.0,03 Apr 25,09:22 AM,47.85,tsl_hit,32850.0,219.0,5
NIFTY50,23300,BEARISH,187,03 Apr 25,10:26 AM,4.05,03 Apr 25,10:27 AM,0.05,hard_sl_hit,-18700.0,-98.77,1
NIFTY50,23000,BEARISH,5,04 Apr 25,12:27 PM,126.54,04 Apr 25,12:39 PM,126.51,tsl_hit,-3.75,-0.02,12
NIFTY50,22950,BULLISH,6,04 Apr 25,01:16 PM,99.3,04 Apr 25,01:22 PM,99.05,tsl_hit,-37.5,-0.25,6
NIFTY50,22900,BULLISH,6,04 Apr 25,01:48 PM,108.53,04 Apr 25,01:58 PM,110.27,tsl_hit,261.0,1.6,10
NIFTY50,22900,BULLISH,6,04 Apr 25,02:29 PM,111.49,04 Apr 25,02:41 PM,99.76,hard_sl_hit,-1759.5,-10.52,12
NIFTY50,22900,BEARISH,8,04 Apr 25,03:10 PM,74.5,04 Apr 25,03:18 PM,76.84,tsl_hit,468.0,3.14,8
NIFTY50,21950,BULLISH,3,07 Apr 25,11:25 AM,186.83,07 Apr 25,11:38 AM,221.59,tsl_hit,2607.0,18.61,13
NIFTY50,21950,BULLISH,4,07 Apr 25,12:08 PM,138.65,07 Apr 25,12:12 PM,121.1,hard_sl_hit,-1755.0,-12.66,4
NIFTY50,22050,BEARISH,4,07 Apr 25,02:59 PM,147.77,07 Apr 25,03:03 PM,123.3,hard_sl_hit,-2447.0,-16.56,4
NIFTY50,22250,BEARISH,3,07 Apr 25,03:26 PM,176.96,08 Apr 25,09:20 AM,187.33,tsl_hit,777.75,5.86,9
NIFTY50,22350,BEARISH,5,08 Apr 25,10:56 AM,126.16,08 Apr 25,11:01 AM,111.03,hard_sl_hit,-1891.25,-11.99,5
NIFTY50,22600,BULLISH,4,08 Apr 25,01:41 PM,152.22,08 Apr 25,01:43 PM,137.02,hard_sl_hit,-1520.0,-9.99,2
NIFTY50,22450,BULLISH,5,09 Apr 25,09:17 AM,127.21,09 Apr 25,09:19 AM,109.51,hard_sl_hit,-2212.5,-13.91,2
NIFTY50,22400,BEARISH,5,09 Apr 25,10:53 AM,122.08,09 Apr 25,10:55 AM,88.73,hard_sl_hit,-4168.75,-27.32,2
NIFTY50,22400,BEARISH,9,09 Apr 25,11:23 AM,68.3,09 Apr 25,11:29 AM,57.76,hard_sl_hit,-2371.5,-15.43,6
NIFTY50,22400,BULLISH,17,09 Apr 25,01:02 PM,35.24,09 Apr 25,01:05 PM,35.89,tsl_hit,276.25,1.84,3
NIFTY50,22750,BEARISH,1,11 Apr 25,09:17 AM,456.03,11 Apr 25,09:22 AM,449.06,time_stop,-174.25,-1.53,5
NIFTY50,22900,BULLISH,5,11 Apr 25,12:40 PM,115.01,11 Apr 25,12:50 PM,119.84,tsl_hit,603.75,4.2,10
NIFTY50,22900,BULLISH,6,11 Apr 25,01:21 PM,94.95,11 Apr 25,01:30 PM,82.98,hard_sl_hit,-1795.5,-12.61,9
NIFTY50,22800,BULLISH,5,11 Apr 25,02:05 PM,103.97,11 Apr 25,02:10 PM,112.01,tsl_hit,1005.0,7.73,5
NIFTY50,23250,BEARISH,1,15 Apr 25,09:17 AM,368.14,15 Apr 25,09:22 AM,356.34,time_stop,-295.0,-3.21,5
NIFTY50,23350,BULLISH,27,15 Apr 25,12:56 PM,22.46,15 Apr 25,12:57 PM,20.43,hard_sl_hit,-1370.25,-9.04,1
NIFTY50,23300,BULLISH,14,15 Apr 25,02:32 PM,43.02,15 Apr 25,02:37 PM,42.28,time_stop,-259.0,-1.72,5
NIFTY50,23300,BULLISH,16,16 Apr 25,09:17 AM,37.82,16 Apr 25,09:18 AM,34.0,hard_sl_hit,-1528.0,-10.1,1
NIFTY50,24000,BULLISH,3,21 Apr 25,09:15 AM,183.08,21 Apr 25,09:21 AM,162.85,hard_sl_hit,-1517.25,-11.05,6
NIFTY50,24100,BEARISH,2,21 Apr 25,10:53 AM,200.09,21 Apr 25,10:55 AM,117.14,hard_sl_hit,-4147.5,-41.46,2
NIFTY50,24100,BEARISH,9,21 Apr 25,11:21 AM,59.73,21 Apr 25,11:27 AM,54.28,hard_sl_hit,-1226.25,-9.12,6
NIFTY50,24200,BEARISH,10,21 Apr 25,01:11 PM,54.29,21 Apr 25,01:22 PM,63.17,tsl_hit,2220.0,16.36,11
NIFTY50,24100,BULLISH,7,21 Apr 25,01:46 PM,76.64,21 Apr 25,01:53 PM,108.59,tsl_hit,5591.25,41.69,7
NIFTY50,24150,BEARISH,9,21 Apr 25,02:51 PM,61.85,21 Apr 25,03:06 PM,74.18,tsl_hit,2774.25,19.94,15
NIFTY50,24100,BEARISH,14,22 Apr 25,09:16 AM,42.16,22 Apr 25,09:20 AM,53.72,tsl_hit,4046.0,27.42,4
NIFTY50,24100,BULLISH,8,22 Apr 25,09:21 AM,70.9,22 Apr 25,09:23 AM,76.34,tsl_hit,1088.0,7.67,2
NIFTY50,24200,BEARISH,8,22 Apr 25,10:28 AM,73.53,22 Apr 25,10:31 AM,73.86,tsl_hit,66.0,0.45,3
NIFTY50,24200,BEARISH,20,22 Apr 25,01:23 PM,30.54,22 Apr 25,01:38 PM,33.43,tsl_hit,1445.0,9.46,15
NIFTY50,24200,BULLISH,31,22 Apr 25,01:55 PM,20.38,22 Apr 25,02:01 PM,19.98,tsl_hit,-310.0,-1.96,6
NIFTY50,24150,BULLISH,19,22 Apr 25,02:50 PM,33.6,22 Apr 25,02:56 PM,37.83,tsl_hit,2009.25,12.59,6
NIFTY50,24300,BULLISH,6,23 Apr 25,09:15 AM,104.15,23 Apr 25,09:26 AM,129.08,tsl_hit,3739.5,23.94,11
NIFTY50,24250,BEARISH,10,23 Apr 25,11:46 AM,66.12,23 Apr 25,11:48 AM,59.53,hard_sl_hit,-1647.5,-9.97,2
NIFTY50,24250,BEARISH,33,23 Apr 25,01:46 PM,19.64,23 Apr 25,01:47 PM,17.55,hard_sl_hit,-1724.25,-10.64,1
NIFTY50,24250,BULLISH,29,24 Apr 25,11:24 AM,22.35,24 Apr 25,11:25 AM,15.05,hard_sl_hit,-5292.5,-32.66,1
NIFTY50,24200,BULLISH,26,24 Apr 25,02:56 PM,24.1,24 Apr 25,02:59 PM,21.25,hard_sl_hit,-1852.5,-11.83,3
NIFTY50,24350,BULLISH,3,25 Apr 25,09:15 AM,174.6,25 Apr 25,09:19 AM,171.56,tsl_hit,-228.0,-1.74,4
NIFTY50,23900,BEARISH,3,25 Apr 25,11:42 AM,196.61,25 Apr 25,12:03 PM,174.96,hard_sl_hit,-1623.75,-11.01,21
NIFTY50,23900,BEARISH,3,25 Apr 25,12:08 PM,155.0,25 Apr 25,12:11 PM,139.98,hard_sl_hit,-1126.5,-9.69,3
NIFTY50,23950,BEARISH,4,25 Apr 25,12:15 PM,151.48,25 Apr 25,12:28 PM,131.75,hard_sl_hit,-1973.0,-13.02,13
NIFTY50,24050,BEARISH,4,25 Apr 25,01:19 PM,128.42,25 Apr 25,01:24 PM,125.2,time_stop,-322.0,-2.51,5
NIFTY50,24100,BEARISH,4,25 Apr 25,01:52 PM,128.84,25 Apr 25,01:57 PM,115.33,hard_sl_hit,-1351.0,-10.49,5
NIFTY50,24050,BULLISH,3,25 Apr 25,02:11 PM,176.21,25 Apr 25,02:21 PM,205.58,tsl_hit,2202.75,16.67,10
NIFTY50,24150,BEARISH,3,28 Apr 25,09:19 AM,179.2,28 Apr 25,09:22 AM,187.72,tsl_hit,639.0,4.75,3
NIFTY50,24200,BEARISH,3,28 Apr 25,09:39 AM,171.69,28 Apr 25,09:42 AM,187.34,tsl_hit,1173.75,9.12,3
NIFTY50,24250,BULLISH,2,28 Apr 25,10:26 AM,208.65,28 Apr 25,10:55 AM,162.12,hard_sl_hit,-2326.5,-22.3,29
NIFTY50,24250,BULLISH,4,28 Apr 25,11:15 AM,124.51,28 Apr 25,11:16 AM,109.96,hard_sl_hit,-1455.0,-11.69,1
NIFTY50,24350,BEARISH,11,28 Apr 25,01:00 PM,49.59,28 Apr 25,01:09 PM,58.88,tsl_hit,2554.75,18.73,9
NIFTY50,24350,BULLISH,12,29 Apr 25,11:56 AM,49.16,29 Apr 25,11:59 AM,42.69,hard_sl_hit,-1941.0,-13.16,3
NIFTY50,24350,BEARISH,11,29 Apr 25,12:33 PM,51.03,29 Apr 25,12:36 PM,44.58,hard_sl_hit,-1773.75,-12.64,3
NIFTY50,24350,BEARISH,13,29 Apr 25,12:39 PM,42.9,29 Apr 25,12:44 PM,41.0,time_stop,-617.5,-4.43,5
NIFTY50,24350,BEARISH,20,29 Apr 25,01:28 PM,28.82,29 Apr 25,01:39 PM,28.38,tsl_hit,-220.0,-1.53,11
NIFTY50,24350,BULLISH,12,29 Apr 25,01:46 PM,48.43,29 Apr 25,01:53 PM,46.84,tsl_hit,-477.0,-3.28,7
NIFTY50,24350,BULLISH,15,29 Apr 25,02:30 PM,36.84,29 Apr 25,02:33 PM,32.02,hard_sl_hit,-1807.5,-13.08,3
NIFTY50,24350,BULLISH,19,29 Apr 25,03:03 PM,28.94,29 Apr 25,03:08 PM,26.29,hard_sl_hit,-1258.75,-9.16,5
NIFTY50,24350,BULLISH,13,29 Apr 25,03:19 PM,40.86,29 Apr 25,03:21 PM,36.53,hard_sl_hit,-1407.25,-10.6,2
NIFTY50,24300,BULLISH,7,30 Apr 25,10:33 AM,76.18,30 Apr 25,10:36 AM,63.66,hard_sl_hit,-2191.0,-16.43,3
NIFTY50,24300,BULLISH,9,30 Apr 25,11:48 AM,56.56,30 Apr 25,11:57 AM,65.85,tsl_hit,2090.25,16.43,9
NIFTY50,24350,BEARISH,25,30 Apr 25,01:41 PM,22.1,30 Apr 25,01:46 PM,19.46,hard_sl_hit,-1650.0,-11.95,5
NIFTY50,24350,BEARISH,38,30 Apr 25,02:49 PM,14.39,30 Apr 25,02:50 PM,12.68,hard_sl_hit,-1624.5,-11.88,1
NIFTY50,24550,BEARISH,1,02 May 25,09:59 AM,325.09,02 May 25,10:39 AM,353.73,tsl_hit,716.0,8.81,40
NIFTY50,24250,BULLISH,3,02 May 25,12:31 PM,177.5,02 May 25,12:41 PM,161.51,hard_sl_hit,-1199.25,-9.01,10
NIFTY50,24350,BEARISH,4,02 May 25,01:21 PM,131.53,02 May 25,01:25 PM,119.56,hard_sl_hit,-1197.0,-9.1,4
NIFTY50,24450,BEARISH,2,05 May 25,09:17 AM,181.44,05 May 25,09:22 AM,187.16,tsl_hit,286.0,3.15,5
NIFTY50,24500,BEARISH,2,05 May 25,09:56 AM,192.46,05 May 25,10:01 AM,189.47,time_stop,-149.5,-1.55,5
NIFTY50,24500,BEARISH,2,05 May 25,10:33 AM,186.35,05 May 25,10:55 AM,115.18,hard_sl_hit,-3558.5,-38.19,22
NIFTY50,24400,BEARISH,14,06 May 25,01:29 PM,35.42,06 May 25,01:34 PM,34.16,time_stop,-441.0,-3.56,5
NIFTY50,24400,BEARISH,21,06 May 25,01:56 PM,24.22,06 May 25,01:59 PM,20.52,hard_sl_hit,-1942.5,-15.28,3
NIFTY50,24350,BULLISH,11,06 May 25,02:26 PM,45.15,06 May 25,02:41 PM,52.2,tsl_hit,1938.75,15.61,15
NIFTY50,24450,BEARISH,9,07 May 25,09:31 AM,55.48,07 May 25,09:34 AM,45.48,hard_sl_hit,-2250.0,-18.02,3
NIFTY50,24400,BEARISH,8,07 May 25,11:22 AM,61.51,07 May 25,11:24 AM,61.16,tsl_hit,-70.0,-0.57,2
NIFTY50,24400,BEARISH,58,08 May 25,10:03 AM,8.7,08 May 25,10:04 AM,0.05,hard_sl_hit,-12542.5,-99.43,1
NIFTY50,24400,BULLISH,166,08 May 25,11:49 AM,2.75,08 May 25,11:50 AM,2.45,hard_sl_hit,-1245.0,-10.91,1
NIFTY50,24300,BULLISH,21,08 May 25,02:15 PM,21.45,08 May 25,02:19 PM,26.6,tsl_hit,2703.75,24.01,4
NIFTY50,24000,BEARISH,4,09 May 25,02:54 PM,111.19,09 May 25,02:59 PM,105.75,time_stop,-544.0,-4.89,5
NIFTY50,24750,BEARISH,5,12 May 25,11:27 AM,86.65,12 May 25,11:36 AM,77.07,hard_sl_hit,-1197.5,-11.06,9
NIFTY50,24700,BULLISH,7,12 May 25,12:29 PM,62.57,12 May 25,12:36 PM,131.08,tsl_hit,11989.25,109.49,7
NIFTY50,24900,BEARISH,8,12 May 25,02:18 PM,56.85,12 May 25,02:21 PM,49.56,hard_sl_hit,-1458.0,-12.82,3
NIFTY50,24900,BULLISH,9,12 May 25,02:38 PM,54.53,12 May 25,02:40 PM,46.94,hard_sl_hit,-1707.75,-13.92,2
NIFTY50,24700,BEARISH,2,13 May 25,10:53 AM,184.05,13 May 25,10:58 AM,158.82,hard_sl_hit,-1261.5,-13.71,5
NIFTY50,24800,BEARISH,2,13 May 25,11:05 AM,180.58,13 May 25,11:14 AM,200.75,tsl_hit,1008.5,11.17,9
NIFTY50,24600,BULLISH,7,13 May 25,03:07 PM,65.44,13 May 25,03:10 PM,57.36,hard_sl_hit,-1414.0,-12.35,3
NIFTY50,24650,BEARISH,8,14 May 25,09:17 AM,55.15,14 May 25,09:18 AM,48.19,hard_sl_hit,-1392.0,-12.62,1
NIFTY50,24700,BEARISH,8,14 May 25,09:22 AM,57.59,14 May 25,09:25 AM,50.35,hard_sl_hit,-1448.0,-12.57,3
NIFTY50,24650,BEARISH,7,14 May 25,02:23 PM,62.08,14 May 25,02:30 PM,62.43,tsl_hit,61.25,0.56,7
NIFTY50,24600,BULLISH,9,14 May 25,02:35 PM,48.57,14 May 25,02:43 PM,78.38,tsl_hit,6707.25,61.38,8
NIFTY50,24650,BEARISH,10,14 May 25,03:04 PM,49.35,14 May 25,03:07 PM,43.33,hard_sl_hit,-1505.0,-12.2,3
NIFTY50,24700,BEARISH,26,15 May 25,12:10 PM,19.1,15 May 25,12:12 PM,33.9,tsl_hit,9620.0,77.49,2
NIFTY50,24850,BEARISH,42,15 May 25,01:10 PM,12.85,15 May 25,01:11 PM,8.3,hard_sl_hit,-4777.5,-35.41,1
NIFTY50,25000,BULLISH,2,16 May 25,09:18 AM,189.29,16 May 25,09:24 AM,188.77,tsl_hit,-26.0,-0.27,6
NIFTY50,24950,BULLISH,3,16 May 25,11:11 AM,160.14,16 May 25,11:21 AM,144.75,hard_sl_hit,-1154.25,-9.61,10
NIFTY50,25000,BULLISH,5,16 May 25,11:57 AM,95.73,16 May 25,12:07 PM,86.11,hard_sl_hit,-1202.5,-10.05,10
NIFTY50,25000,BEARISH,7,16 May 25,12:36 PM,64.22,16 May 25,12:45 PM,55.58,hard_sl_hit,-1512.0,-13.45,9
NIFTY50,25000,BEARISH,11,16 May 25,01:30 PM,42.45,16 May 25,01:47 PM,53.85,tsl_hit,3135.0,26.86,17
NIFTY50,25000,BEARISH,12,16 May 25,03:04 PM,41.06,16 May 25,03:09 PM,37.44,time_stop,-1086.0,-8.82,5
NIFTY50,25050,BEARISH,5,19 May 25,10:05 AM,99.58,19 May 25,10:16 AM,88.67,hard_sl_hit,-1363.75,-10.96,11
NIFTY50,25000,BULLISH,4,19 May 25,10:29 AM,120.31,19 May 25,10:34 AM,120.56,tsl_hit,25.0,0.21,5
NIFTY50,25000,BULLISH,4,19 May 25,10:46 AM,114.96,19 May 25,10:56 AM,117.42,tsl_hit,246.0,2.14,10
NIFTY50,25000,BULLISH,6,19 May 25,11:50 AM,76.34,19 May 25,11:59 AM,65.45,hard_sl_hit,-1633.5,-14.27,9
NIFTY50,25000,BULLISH,8,19 May 25,12:05 PM,59.17,19 May 25,12:10 PM,56.77,time_stop,-480.0,-4.06,5
NIFTY50,25000,BEARISH,11,19 May 25,12:53 PM,41.58,19 May 25,01:17 PM,55.27,tsl_hit,3764.75,32.92,24
NIFTY50,24950,BEARISH,9,19 May 25,03:03 PM,52.67,19 May 25,03:09 PM,58.23,tsl_hit,1251.0,10.56,6
NIFTY50,25000,BULLISH,7,20 May 25,09:15 AM,67.93,20 May 25,09:20 AM,55.84,hard_sl_hit,-2115.75,-17.8,5
NIFTY50,24900,BULLISH,5,20 May 25,09:48 AM,87.73,20 May 25,09:52 AM,86.05,tsl_hit,-210.0,-1.91,4
NIFTY50,24900,BEARISH,6,20 May 25,10:38 AM,74.96,20 May 25,10:43 AM,73.52,time_stop,-216.0,-1.92,5
NIFTY50,24800,BULLISH,8,20 May 25,12:54 PM,63.28,20 May 25,12:58 PM,51.75,hard_sl_hit,-2306.0,-18.22,4
NIFTY50,24700,BULLISH,7,20 May 25,02:24 PM,69.07,20 May 25,02:28 PM,61.56,hard_sl_hit,-1314.25,-10.87,4
NIFTY50,24700,BULLISH,10,20 May 25,02:44 PM,46.51,20 May 25,02:52 PM,50.31,tsl_hit,950.0,8.17,8
NIFTY50,24950,BEARISH,5,21 May 25,10:38 AM,82.99,21 May 25,10:49 AM,87.18,tsl_hit,523.75,5.05,11
NIFTY50,24850,BULLISH,7,21 May 25,11:07 AM,71.28,21 May 25,11:11 AM,92.76,tsl_hit,3759.0,30.13,4
NIFTY50,24800,BULLISH,10,21 May 25,12:06 PM,49.26,21 May 25,12:09 PM,42.3,hard_sl_hit,-1740.0,-14.13,3
NIFTY50,24800,BULLISH,8,21 May 25,01:45 PM,57.03,21 May 25,01:50 PM,57.52,tsl_hit,98.0,0.86,5
NIFTY50,24750,BULLISH,6,21 May 25,02:05 PM,73.14,21 May 25,02:10 PM,71.09,time_stop,-307.5,-2.8,5
NIFTY50,24800,BULLISH,11,21 May 25,02:44 PM,43.34,21 May 25,02:46 PM,48.79,tsl_hit,1498.75,12.57,2
NIFTY50,24550,BULLISH,120,22 May 25,11:40 AM,4.25,22 May 25,11:41 AM,0.05,hard_sl_hit,-12600.0,-98.82,1
NIFTY50,24550,BULLISH,104,22 May 25,11:43 AM,4.4,22 May 25,11:46 AM,11.9,tsl_hit,19500.0,170.45,3
NIFTY50,24550,BEARISH,35,22 May 25,02:42 PM,15.35,22 May 25,02:43 PM,0.05,hard_sl_hit,-13387.5,-99.67,1
NIFTY50,24800,BEARISH,2,23 May 25,10:06 AM,176.09,23 May 25,10:10 AM,153.95,hard_sl_hit,-1107.0,-12.57,4
NIFTY50,24850,BEARISH,4,23 May 25,12:27 PM,108.8,23 May 25,12:32 PM,98.83,hard_sl_hit,-997.0,-9.16,5
NIFTY50,24850,BULLISH,4,23 May 25,01:45 PM,107.23,23 May 25,02:04 PM,125.85,tsl_hit,1862.0,17.36,19
NIFTY50,24850,BULLISH,4,23 May 25,02:40 PM,104.66,23 May 25,02:53 PM,94.41,hard_sl_hit,-1025.0,-9.79,13
NIFTY50,25000,BULLISH,2,26 May 25,09:15 AM,180.83,26 May 25,09:51 AM,222.72,tsl_hit,2094.5,23.17,36
NIFTY50,25000,BEARISH,6,26 May 25,12:31 PM,71.59,26 May 25,12:57 PM,83.73,tsl_hit,1821.0,16.96,26
NIFTY50,25000,BULLISH,7,26 May 25,03:19 PM,64.94,26 May 25,03:24 PM,61.0,time_stop,-689.5,-6.07,5
NIFTY50,24800,BULLISH,4,27 May 25,09:23 AM,118.27,27 May 25,09:28 AM,114.25,time_stop,-402.0,-3.4,5
NIFTY50,25000,BEARISH,3,27 May 25,11:32 AM,145.74,27 May 25,11:44 AM,166.97,tsl_hit,1592.25,14.57,12
NIFTY50,24750,BULLISH,4,27 May 25,02:01 PM,114.36,27 May 25,02:09 PM,101.11,hard_sl_hit,-1325.0,-11.59,8
NIFTY50,24750,BULLISH,6,27 May 25,02:21 PM,81.83,27 May 25,02:47 PM,90.89,tsl_hit,1359.0,11.07,26
NIFTY50,24850,BEARISH,6,28 May 25,09:22 AM,72.28,28 May 25,09:26 AM,80.98,tsl_hit,1305.0,12.04,4
NIFTY50,24750,BULLISH,7,28 May 25,10:17 AM,71.94,28 May 25,10:26 AM,76.64,tsl_hit,822.5,6.53,9
NIFTY50,24800,BEARISH,6,28 May 25,10:49 AM,77.93,28 May 25,11:00 AM,68.29,hard_sl_hit,-1446.0,-12.37,11
NIFTY50,24750,BEARISH,16,28 May 25,11:52 AM,29.86,28 May 25,11:53 AM,26.47,hard_sl_hit,-1356.0,-11.35,1
NIFTY50,24750,BEARISH,18,28 May 25,11:55 AM,26.31,28 May 25,11:59 AM,26.83,tsl_hit,234.0,1.98,4
NIFTY50,24800,BEARISH,11,28 May 25,12:31 PM,41.87,28 May 25,12:32 PM,36.54,hard_sl_hit,-1465.75,-12.73,1
NIFTY50,24800,BEARISH,15,28 May 25,12:34 PM,32.45,28 May 25,12:43 PM,29.17,hard_sl_hit,-1230.0,-10.11,9
NIFTY50,24800,BEARISH,19,28 May 25,12:50 PM,24.39,28 May 25,12:52 PM,18.91,hard_sl_hit,-2603.0,-22.47,2
NIFTY50,24750,BULLISH,12,28 May 25,03:02 PM,37.06,28 May 25,03:10 PM,32.56,hard_sl_hit,-1350.0,-12.14,8
NIFTY50,24850,BEARISH,27,29 May 25,10:08 AM,17.0,29 May 25,10:13 AM,46.9,tsl_hit,20182.5,175.88,5
NIFTY50,24750,BULLISH,90,29 May 25,10:33 AM,6.15,29 May 25,10:36 AM,8.5,tsl_hit,5287.5,38.21,3
NIFTY50,24800,BULLISH,3,30 May 25,10:17 AM,192.16,30 May 25,10:22 AM,180.89,time_stop,-845.25,-5.86,5
NIFTY50,24750,BEARISH,9,30 May 25,12:54 PM,59.75,30 May 25,12:59 PM,56.87,time_stop,-648.0,-4.82,5
NIFTY50,24750,BULLISH,6,30 May 25,01:48 PM,83.21,30 May 25,01:59 PM,100.26,tsl_hit,2557.5,20.49,11
NIFTY50,24800,BEARISH,9,30 May 25,02:34 PM,62.23,30 May 25,02:49 PM,68.4,tsl_hit,1388.25,9.91,15
NIFTY50,24750,BULLISH,6,30 May 25,03:05 PM,88.26,30 May 25,03:12 PM,91.73,tsl_hit,520.5,3.93,7
NIFTY50,24650,BEARISH,8,02 Jun 25,11:23 AM,66.78,02 Jun 25,11:34 AM,71.27,tsl_hit,898.0,6.72,11
NIFTY50,24650,BEARISH,12,02 Jun 25,12:05 PM,49.03,02 Jun 25,12:07 PM,44.56,hard_sl_hit,-1341.0,-9.12,2
NIFTY50,24700,BEARISH,9,02 Jun 25,12:22 PM,64.22,02 Jun 25,12:32 PM,56.44,hard_sl_hit,-1750.5,-12.11,10
NIFTY50,24700,BULLISH,7,02 Jun 25,01:01 PM,75.34,02 Jun 25,01:04 PM,78.09,tsl_hit,481.25,3.65,3
NIFTY50,24700,BULLISH,7,02 Jun 25,01:58 PM,78.56,02 Jun 25,02:06 PM,75.81,tsl_hit,-481.25,-3.5,8
NIFTY50,24700,BEARISH,11,02 Jun 25,02:29 PM,52.42,02 Jun 25,02:36 PM,72.71,tsl_hit,5579.75,38.71,7
NIFTY50,24650,BULLISH,3,03 Jun 25,10:41 AM,161.76,03 Jun 25,10:55 AM,131.84,hard_sl_hit,-2244.0,-18.5,14
NIFTY50,24600,BULLISH,6,03 Jun 25,12:18 PM,86.07,03 Jun 25,12:21 PM,78.24,hard_sl_hit,-1174.5,-9.1,3
NIFTY50,24600,BULLISH,7,03 Jun 25,12:50 PM,77.59,03 Jun 25,12:51 PM,67.56,hard_sl_hit,-1755.25,-12.93,1
NIFTY50,24550,BULLISH,6,03 Jun 25,12:54 PM,87.04,03 Jun 25,01:05 PM,86.82,tsl_hit,-33.0,-0.25,11
NIFTY50,24550,BULLISH,8,03 Jun 25,02:53 PM,72.61,03 Jun 25,02:57 PM,65.3,hard_sl_hit,-1462.0,-10.07,4
NIFTY50,24550,BULLISH,11,03 Jun 25,03:05 PM,51.89,03 Jun 25,03:08 PM,46.45,hard_sl_hit,-1496.0,-10.48,3
NIFTY50,24550,BEARISH,15,04 Jun 25,09:19 AM,38.18,04 Jun 25,09:20 AM,34.42,hard_sl_hit,-1410.0,-9.85,1
NIFTY50,24600,BEARISH,32,04 Jun 25,12:12 PM,17.44,04 Jun 25,12:14 PM,15.2,hard_sl_hit,-1792.0,-12.84,2
NIFTY50,24600,BULLISH,31,04 Jun 25,12:32 PM,17.73,04 Jun 25,12:34 PM,19.95,tsl_hit,1720.5,12.52,2
NIFTY50,24600,BEARISH,37,04 Jun 25,01:02 PM,15.21,04 Jun 25,01:10 PM,16.35,tsl_hit,1054.5,7.5,8
NIFTY50,24650,BEARISH,16,04 Jun 25,02:10 PM,34.23,04 Jun 25,02:13 PM,40.33,tsl_hit,2440.0,17.82,3
NIFTY50,24750,BEARISH,123,05 Jun 25,11:27 AM,4.7,05 Jun 25,11:28 AM,4.0,hard_sl_hit,-2152.5,-14.89,1
NIFTY50,24700,BULLISH,49,05 Jun 25,02:04 PM,11.45,05 Jun 25,02:06 PM,18.8,tsl_hit,9003.75,64.19,2
NIFTY50,24800,BEARISH,3,06 Jun 25,10:09 AM,179.29,06 Jun 25,10:19 AM,209.78,tsl_hit,2286.75,17.01,10
NIFTY50,24950,BEARISH,3,06 Jun 25,11:06 AM,184.28,06 Jun 25,11:43 AM,166.81,hard_sl_hit,-1310.25,-9.48,37
NIFTY50,25000,BEARISH,13,06 Jun 25,02:20 PM,47.29,06 Jun 25,02:23 PM,42.04,hard_sl_hit,-1706.25,-11.1,3
NIFTY50,25000,BEARISH,11,06 Jun 25,03:10 PM,51.95,06 Jun 25,03:16 PM,45.86,hard_sl_hit,-1674.75,-11.72,6
NIFTY50,25150,BEARISH,4,09 Jun 25,09:17 AM,140.79,09 Jun 25,09:25 AM,153.21,tsl_hit,1242.0,8.82,8
NIFTY50,25100,BEARISH,4,09 Jun 25,10:23 AM,133.96,09 Jun 25,10:28 AM,132.43,time_stop,-153.0,-1.14,5
NIFTY50,25100,BULLISH,12,09 Jun 25,12:51 PM,47.17,09 Jun 25,01:03 PM,42.71,hard_sl_hit,-1338.0,-9.46,12
NIFTY50,25100,BEARISH,26,09 Jun 25,01:19 PM,22.91,09 Jun 25,01:25 PM,20.56,hard_sl_hit,-1527.5,-10.26,6
NIFTY50,25100,BULLISH,22,09 Jun 25,02:17 PM,26.89,09 Jun 25,02:23 PM,31.26,tsl_hit,2403.5,16.25,6
NIFTY50,25150,BEARISH,9,10 Jun 25,09:17 AM,61.0,10 Jun 25,09:21 AM,60.56,tsl_hit,-99.0,-0.72,4
NIFTY50,25150,BEARISH,8,10 Jun 25,10:09 AM,74.83,10 Jun 25,10:35 AM,79.58,tsl_hit,950.0,6.35,26
NIFTY50,25100,BULLISH,7,10 Jun 25,10:55 AM,83.19,10 Jun 25,10:56 AM,73.54,hard_sl_hit,-1688.75,-11.6,1
NIFTY50,25100,BULLISH,14,10 Jun 25,02:19 PM,41.09,10 Jun 25,02:42 PM,34.88,hard_sl_hit,-2173.5,-15.11,23
NIFTY50,25100,BULLISH,18,10 Jun 25,02:45 PM,32.49,10 Jun 25,02:51 PM,33.48,tsl_hit,445.5,3.05,6
NIFTY50,25100,BULLISH,16,11 Jun 25,09:15 AM,34.9,11 Jun 25,09:21 AM,46.04,tsl_hit,4456.0,31.92,6
NIFTY50,25200,BEARISH,14,11 Jun 25,10:47 AM,42.68,11 Jun 25,10:52 AM,44.72,tsl_hit,714.0,4.78,5
NIFTY50,25200,BEARISH,19,11 Jun 25,11:18 AM,31.64,11 Jun 25,11:27 AM,31.8,tsl_hit,76.0,0.51,9
NIFTY50,25200,BEARISH,23,11 Jun 25,11:53 AM,26.74,11 Jun 25,11:54 AM,20.89,hard_sl_hit,-3363.75,-21.88,1
NIFTY50,25200,BEARISH,25,11 Jun 25,11:56 AM,23.76,11 Jun 25,12:13 PM,23.98,tsl_hit,137.5,0.93,17
NIFTY50,25050,BULLISH,77,12 Jun 25,10:47 AM,7.75,12 Jun 25,10:48 AM,5.8,hard_sl_hit,-3753.75,-25.16,1
NIFTY50,24950,BULLISH,24,12 Jun 25,01:32 PM,24.05,12 Jun 25,01:33 PM,1.0,hard_sl_hit,-13830.0,-95.84,1
NIFTY50,24650,BULLISH,4,13 Jun 25,11:14 AM,129.47,13 Jun 25,11:17 AM,117.41,hard_sl_hit,-1206.0,-9.31,3
NIFTY50,24700,BEARISH,5,13 Jun 25,11:34 AM,94.97,13 Jun 25,11:39 AM,85.02,hard_sl_hit,-1243.75,-10.48,5
NIFTY50,24700,BULLISH,5,13 Jun 25,12:37 PM,91.25,13 Jun 25,12:49 PM,81.34,hard_sl_hit,-1238.75,-10.86,12
NIFTY50,24700,BEARISH,8,13 Jun 25,01:16 PM,58.95,13 Jun 25,01:21 PM,55.15,time_stop,-760.0,-6.45,5
NIFTY50,24900,BEARISH,9,16 Jun 25,12:36 PM,51.93,16 Jun 25,12:39 PM,44.12,hard_sl_hit,-1757.25,-15.04,3
NIFTY50,24950,BULLISH,8,16 Jun 25,01:52 PM,60.25,16 Jun 25,02:11 PM,67.76,tsl_hit,1502.0,12.46,19
NIFTY50,24950,BULLISH,9,16 Jun 25,02:25 PM,51.61,16 Jun 25,02:28 PM,46.05,hard_sl_hit,-1251.0,-10.77,3
NIFTY50,24800,BULLISH,2,16 Jun 25,09:17 AM,205.46,16 Jun 25,09:35 AM,186.17,hard_sl_hit,-964.5,-9.39,18
NIFTY50,24750,BEARISH,2,16 Jun 25,10:11 AM,192.54,16 Jun 25,10:28 AM,167.64,hard_sl_hit,-1245.0,-12.93,17
NIFTY50,24900,BEARISH,9,16 Jun 25,12:36 PM,51.93,16 Jun 25,12:39 PM,44.12,hard_sl_hit,-1757.25,-15.04,3
NIFTY50,24950,BULLISH,7,16 Jun 25,01:52 PM,60.25,16 Jun 25,02:11 PM,67.76,tsl_hit,1314.25,12.46,19
NIFTY50,24950,BULLISH,9,16 Jun 25,02:25 PM,51.61,16 Jun 25,02:28 PM,46.05,hard_sl_hit,-1251.0,-10.77,3
NIFTY50,24850,BEARISH,14,17 Jun 25,01:12 PM,33.4,17 Jun 25,01:16 PM,30.17,hard_sl_hit,-1130.5,-9.67,4
NIFTY50,24850,BULLISH,15,17 Jun 25,02:41 PM,30.7,17 Jun 25,02:49 PM,35.89,tsl_hit,1946.25,16.91,8
NIFTY50,24850,BEARISH,24,19 Jun 25,09:48 AM,19.75,19 Jun 25,09:49 AM,13.85,hard_sl_hit,-3540.0,-29.87,1
NIFTY50,24800,BULLISH,58,19 Jun 25,03:04 PM,7.95,19 Jun 25,03:05 PM,5.95,hard_sl_hit,-2900.0,-25.16,1
NIFTY50,24850,BULLISH,1,20 Jun 25,09:15 AM,231.65,20 Jun 25,09:53 AM,248.39,tsl_hit,418.5,7.23,38
NIFTY50,25050,BEARISH,7,20 Jun 25,12:16 PM,62.81,20 Jun 25,12:32 PM,96.13,tsl_hit,5831.0,53.05,16
NIFTY50,24950,BULLISH,3,23 Jun 25,09:17 AM,147.09,23 Jun 25,09:26 AM,130.57,hard_sl_hit,-1239.0,-11.23,9
NIFTY50,24900,BEARISH,8,23 Jun 25,11:16 AM,56.73,23 Jun 25,11:22 AM,49.66,hard_sl_hit,-1414.0,-12.46,6
NIFTY50,25000,BEARISH,10,23 Jun 25,01:19 PM,46.07,23 Jun 25,01:21 PM,38.27,hard_sl_hit,-1950.0,-16.93,2
NIFTY50,25000,BEARISH,12,23 Jun 25,01:24 PM,37.8,23 Jun 25,01:28 PM,31.88,hard_sl_hit,-1776.0,-15.66,4
NIFTY50,25250,BEARISH,1,24 Jun 25,09:18 AM,245.96,24 Jun 25,09:42 AM,274.65,tsl_hit,717.25,11.66,24
NIFTY50,25200,BULLISH,1,24 Jun 25,10:43 AM,258.97,24 Jun 25,10:55 AM,107.1,hard_sl_hit,-3796.75,-58.64,12
NIFTY50,25050,BULLISH,3,24 Jun 25,02:08 PM,140.85,24 Jun 25,02:16 PM,146.31,tsl_hit,409.5,3.88,8
NIFTY50,25050,BEARISH,3,24 Jun 25,02:33 PM,131.47,24 Jun 25,02:38 PM,126.49,time_stop,-373.5,-3.79,5
NIFTY50,25050,BEARISH,4,24 Jun 25,03:18 PM,101.15,24 Jun 25,03:21 PM,91.53,hard_sl_hit,-962.0,-9.51,3
NIFTY50,25150,BEARISH,5,25 Jun 25,09:17 AM,73.01,25 Jun 25,09:21 AM,60.95,hard_sl_hit,-1507.5,-16.52,4
NIFTY50,25200,BULLISH,6,25 Jun 25,10:47 AM,64.59,25 Jun 25,10:55 AM,52.34,hard_sl_hit,-1837.5,-18.97,8
NIFTY50,25200,BULLISH,13,25 Jun 25,11:14 AM,30.85,25 Jun 25,11:20 AM,34.43,tsl_hit,1163.5,11.6,6
NIFTY50,25200,BULLISH,17,25 Jun 25,12:03 PM,23.92,25 Jun 25,12:05 PM,21.28,hard_sl_hit,-1122.0,-11.04,2
NIFTY50,25200,BULLISH,19,25 Jun 25,12:07 PM,21.7,25 Jun 25,12:12 PM,20.51,time_stop,-565.25,-5.48,5
NIFTY50,25300,BEARISH,34,26 Jun 25,09:18 AM,12.1,26 Jun 25,09:20 AM,0.05,hard_sl_hit,-10242.5,-99.59,2
NIFTY50,25400,BEARISH,45,26 Jun 25,12:07 PM,8.15,26 Jun 25,12:08 PM,5.65,hard_sl_hit,-2812.5,-30.67,1
NIFTY50,25600,BULLISH,1,27 Jun 25,09:15 AM,203.26,27 Jun 25,09:20 AM,192.4,time_stop,-271.5,-5.34,5
NIFTY50,25600,BEARISH,1,27 Jun 25,10:17 AM,180.16,27 Jun 25,10:51 AM,163.14,hard_sl_hit,-425.5,-9.45,34
NIFTY50,25650,BEARISH,6,27 Jun 25,12:20 PM,53.49,27 Jun 25,12:27 PM,55.64,tsl_hit,322.5,4.02,7
NIFTY50,25650,BEARISH,7,27 Jun 25,12:43 PM,46.81,27 Jun 25,01:00 PM,42.56,hard_sl_hit,-743.75,-9.08,17
NIFTY50,25650,BEARISH,8,27 Jun 25,02:46 PM,44.07,27 Jun 25,02:58 PM,43.21,tsl_hit,-172.0,-1.95,12
NIFTY50,25650,BEARISH,7,27 Jun 25,03:02 PM,46.81,27 Jun 25,03:05 PM,42.49,hard_sl_hit,-756.0,-9.23,3
NIFTY50,25550,BULLISH,3,30 Jun 25,10:03 AM,89.24,30 Jun 25,10:07 AM,95.6,tsl_hit,477.0,7.13,4
NIFTY50,25500,BEARISH,7,30 Jun 25,02:53 PM,45.66,30 Jun 25,02:56 PM,40.93,hard_sl_hit,-827.75,-10.36,3
NIFTY50,25500,BULLISH,5,01 Jul 25,09:15 AM,62.16,01 Jul 25,09:23 AM,89.75,tsl_hit,3448.75,44.39,8
NIFTY50,25550,BULLISH,5,01 Jul 25,09:57 AM,65.2,01 Jul 25,10:01 AM,66.41,tsl_hit,151.25,1.86,4
NIFTY50,25550,BEARISH,7,01 Jul 25,11:19 AM,48.3,01 Jul 25,11:27 AM,48.93,tsl_hit,110.25,1.3,8
NIFTY50,25500,BEARISH,19,01 Jul 25,12:14 PM,18.78,01 Jul 25,12:18 PM,15.58,hard_sl_hit,-1520.0,-17.04,4
NIFTY50,25550,BEARISH,10,01 Jul 25,01:42 PM,34.75,01 Jul 25,01:57 PM,42.07,tsl_hit,1830.0,21.06,15
NIFTY50,25550,BULLISH,13,01 Jul 25,02:38 PM,27.56,01 Jul 25,02:43 PM,25.78,time_stop,-578.5,-6.46,5
NIFTY50,25550,BEARISH,10,01 Jul 25,03:07 PM,34.25,01 Jul 25,03:13 PM,33.5,tsl_hit,-187.5,-2.19,6
NIFTY50,25550,BEARISH,8,01 Jul 25,03:23 PM,45.26,01 Jul 25,03:25 PM,41.11,hard_sl_hit,-830.0,-9.17,2
NIFTY50,25600,BEARISH,7,02 Jul 25,09:17 AM,51.52,02 Jul 25,09:21 AM,51.16,tsl_hit,-63.0,-0.7,4
NIFTY50,25500,BULLISH,5,02 Jul 25,10:20 AM,72.19,02 Jul 25,10:36 AM,64.47,hard_sl_hit,-965.0,-10.69,16
NIFTY50,25450,BULLISH,8,02 Jul 25,12:53 PM,42.26,02 Jul 25,01:03 PM,47.64,tsl_hit,1076.0,12.73,10
NIFTY50,25450,BEARISH,13,02 Jul 25,03:06 PM,27.32,02 Jul 25,03:07 PM,24.23,hard_sl_hit,-1004.25,-11.31,1
NIFTY50,25500,BULLISH,27,03 Jul 25,11:44 AM,12.9,03 Jul 25,11:46 AM,11.0,hard_sl_hit,-1282.5,-14.73,2
NIFTY50,25500,BULLISH,49,03 Jul 25,11:49 AM,7.05,03 Jul 25,11:50 AM,3.4,hard_sl_hit,-4471.25,-51.77,1
NIFTY50,25400,BULLISH,3,04 Jul 25,11:25 AM,83.73,04 Jul 25,11:35 AM,75.67,hard_sl_hit,-604.5,-9.63,10
NIFTY50,25350,BULLISH,3,04 Jul 25,11:44 AM,89.71,04 Jul 25,11:49 AM,88.06,time_stop,-123.75,-1.84,5
NIFTY50,25400,BEARISH,7,04 Jul 25,02:01 PM,41.51,04 Jul 25,02:04 PM,51.04,tsl_hit,1667.75,22.96,3
NIFTY50,25450,BEARISH,4,04 Jul 25,02:38 PM,80.77,04 Jul 25,02:53 PM,81.81,tsl_hit,104.0,1.29,15
NIFTY50,25450,BULLISH,4,07 Jul 25,09:17 AM,82.09,07 Jul 25,09:22 AM,105.21,tsl_hit,2312.0,28.16,5
NIFTY50,25450,BULLISH,6,07 Jul 25,11:50 AM,51.45,07 Jul 25,11:53 AM,51.41,tsl_hit,-6.0,-0.08,3
NIFTY50,25450,BULLISH,8,07 Jul 25,01:54 PM,41.16,07 Jul 25,01:59 PM,41.83,tsl_hit,134.0,1.63,5
NIFTY50,25450,BEARISH,14,07 Jul 25,02:06 PM,24.74,07 Jul 25,02:16 PM,27.37,tsl_hit,920.5,10.63,10
NIFTY50,25450,BULLISH,6,07 Jul 25,02:34 PM,56.34,07 Jul 25,02:42 PM,50.1,hard_sl_hit,-936.0,-11.08,8
NIFTY50,25450,BEARISH,11,08 Jul 25,11:32 AM,31.04,08 Jul 25,11:38 AM,32.79,tsl_hit,481.25,5.64,6
NIFTY50,25450,BEARISH,24,08 Jul 25,12:28 PM,14.49,08 Jul 25,12:31 PM,13.05,hard_sl_hit,-864.0,-9.94,3
NIFTY50,25450,BULLISH,6,08 Jul 25,01:28 PM,53.97,08 Jul 25,01:31 PM,48.47,hard_sl_hit,-825.0,-10.19,3
NIFTY50,25550,BEARISH,12,09 Jul 25,11:17 AM,27.82,09 Jul 25,11:24 AM,29.41,tsl_hit,477.0,5.72,7
NIFTY50,25550,BULLISH,18,09 Jul 25,12:48 PM,18.5,09 Jul 25,12:53 PM,19.31,tsl_hit,364.5,4.38,5
NIFTY50,25550,BULLISH,14,09 Jul 25,01:45 PM,23.78,09 Jul 25,01:49 PM,21.29,hard_sl_hit,-871.5,-10.47,4
NIFTY50,25500,BULLISH,7,09 Jul 25,01:52 PM,46.02,09 Jul 25,02:01 PM,49.56,tsl_hit,619.5,7.69,9
NIFTY50,25500,BULLISH,7,09 Jul 25,02:19 PM,45.47,09 Jul 25,02:24 PM,38.85,hard_sl_hit,-1158.5,-14.56,5
NIFTY50,25500,BULLISH,12,09 Jul 25,02:32 PM,28.05,09 Jul 25,02:33 PM,24.97,hard_sl_hit,-924.0,-10.98,1
NIFTY50,25400,BULLISH,17,10 Jul 25,10:45 AM,19.45,10 Jul 25,10:46 AM,16.5,hard_sl_hit,-1253.75,-15.17,1
NIFTY50,25400,BEARISH,52,10 Jul 25,11:16 AM,6.25,10 Jul 25,11:22 AM,18.25,tsl_hit,15600.0,192.0,6
NIFTY50,25350,BULLISH,17,10 Jul 25,11:26 AM,22.9,10 Jul 25,11:31 AM,29.6,tsl_hit,2847.5,29.26,5
NIFTY50,25350,BULLISH,23,10 Jul 25,12:02 PM,17.15,10 Jul 25,12:06 PM,13.5,hard_sl_hit,-2098.75,-21.28,4
NIFTY50,25350,BULLISH,186,10 Jul 25,03:03 PM,2.15,10 Jul 25,03:06 PM,12.5,tsl_hit,48127.5,481.4,3
NIFTY50,25300,BULLISH,3,11 Jul 25,09:17 AM,191.61,11 Jul 25,09:31 AM,188.16,tsl_hit,-258.75,-1.8,14
NIFTY50,25150,BEARISH,7,11 Jul 25,12:32 PM,79.54,11 Jul 25,12:37 PM,72.23,hard_sl_hit,-1279.25,-9.19,5
NIFTY50,25150,BEARISH,10,11 Jul 25,01:50 PM,59.18,11 Jul 25,01:55 PM,54.8,time_stop,-1095.0,-7.4,5
NIFTY50,25100,BULLISH,8,14 Jul 25,09:19 AM,71.8,14 Jul 25,09:22 AM,64.22,hard_sl_hit,-1516.0,-10.56,3
NIFTY50,25050,BEARISH,10,14 Jul 25,12:11 PM,55.96,14 Jul 25,12:16 PM,51.91,time_stop,-1012.5,-7.24,5
NIFTY50,25050,BEARISH,11,14 Jul 25,02:28 PM,51.23,14 Jul 25,02:40 PM,56.35,tsl_hit,1408.0,9.99,12
NIFTY50,25150,BEARISH,7,15 Jul 25,09:17 AM,81.02,15 Jul 25,09:22 AM,77.7,time_stop,-581.0,-4.1,5
NIFTY50,25150,BULLISH,8,15 Jul 25,09:38 AM,68.19,15 Jul 25,09:41 AM,59.88,hard_sl_hit,-1662.0,-12.19,3
NIFTY50,25200,BULLISH,12,15 Jul 25,12:57 PM,46.26,15 Jul 25,01:05 PM,47.22,tsl_hit,288.0,2.08,8
NIFTY50,25200,BEARISH,12,15 Jul 25,03:08 PM,47.77,15 Jul 25,03:12 PM,41.67,hard_sl_hit,-1830.0,-12.77,4
NIFTY50,25150,BULLISH,11,16 Jul 25,09:19 AM,52.59,16 Jul 25,09:22 AM,46.62,hard_sl_hit,-1641.75,-11.35,3
NIFTY50,25200,BEARISH,20,16 Jul 25,12:35 PM,28.66,16 Jul 25,12:41 PM,28.27,tsl_hit,-195.0,-1.36,6
NIFTY50,25200,BEARISH,25,16 Jul 25,12:49 PM,22.83,16 Jul 25,12:56 PM,26.71,tsl_hit,2425.0,17.0,7
NIFTY50,25150,BULLISH,27,17 Jul 25,10:11 AM,21.05,17 Jul 25,10:12 AM,13.1,hard_sl_hit,-5366.25,-37.77,1
NIFTY50,25150,BULLISH,126,17 Jul 25,10:32 AM,4.45,17 Jul 25,10:34 AM,3.95,hard_sl_hit,-1575.0,-11.24,2
NIFTY50,25150,BULLISH,23,17 Jul 25,12:40 PM,23.1,17 Jul 25,12:44 PM,43.55,tsl_hit,11758.75,88.53,4
NIFTY50,25150,BULLISH,31,17 Jul 25,01:07 PM,19.15,17 Jul 25,01:08 PM,17.1,hard_sl_hit,-1588.75,-10.7,1
NIFTY50,25150,BULLISH,32,17 Jul 25,01:09 PM,18.3,17 Jul 25,01:12 PM,16.6,hard_sl_hit,-1360.0,-9.29,3
NIFTY50,25150,BULLISH,55,17 Jul 25,01:26 PM,10.7,17 Jul 25,01:28 PM,11.75,tsl_hit,1443.75,9.81,2
NIFTY50,25100,BULLISH,7,18 Jul 25,09:20 AM,81.0,18 Jul 25,09:25 AM,73.19,hard_sl_hit,-1366.75,-9.64,5
NIFTY50,24950,BULLISH,7,18 Jul 25,12:20 PM,78.97,18 Jul 25,12:35 PM,82.02,tsl_hit,533.75,3.86,15
NIFTY50,24950,BULLISH,11,21 Jul 25,09:24 AM,53.15,21 Jul 25,09:25 AM,48.28,hard_sl_hit,-1339.25,-9.16,1
NIFTY50,24900,BULLISH,7,21 Jul 25,09:27 AM,76.11,21 Jul 25,09:32 AM,74.54,tsl_hit,-274.75,-2.06,5
NIFTY50,25050,BULLISH,10,21 Jul 25,11:41 AM,56.22,21 Jul 25,11:42 AM,50.05,hard_sl_hit,-1542.5,-10.97,1
NIFTY50,25050,BULLISH,11,21 Jul 25,01:49 PM,49.43,21 Jul 25,01:52 PM,43.44,hard_sl_hit,-1647.25,-12.12,3
NIFTY50,25050,BEARISH,11,21 Jul 25,02:23 PM,50.64,21 Jul 25,02:37 PM,67.87,tsl_hit,4738.25,34.02,14
NIFTY50,25150,BEARISH,9,22 Jul 25,09:17 AM,62.09,22 Jul 25,09:21 AM,79.25,tsl_hit,3861.0,27.64,4
NIFTY50,25100,BULLISH,7,22 Jul 25,09:40 AM,81.09,22 Jul 25,09:54 AM,88.9,tsl_hit,1366.75,9.63,14
NIFTY50,25050,BULLISH,10,22 Jul 25,11:08 AM,59.06,22 Jul 25,11:17 AM,58.63,tsl_hit,-107.5,-0.73,9
NIFTY50,25050,BEARISH,15,22 Jul 25,11:50 AM,39.48,22 Jul 25,11:52 AM,39.22,tsl_hit,-97.5,-0.66,2
NIFTY50,25100,BULLISH,14,22 Jul 25,01:28 PM,43.2,22 Jul 25,01:30 PM,35.88,hard_sl_hit,-2562.0,-16.94,2
NIFTY50,25100,BEARISH,15,23 Jul 25,09:17 AM,39.58,23 Jul 25,09:20 AM,33.39,hard_sl_hit,-2321.25,-15.64,3
NIFTY50,25100,BEARISH,12,23 Jul 25,10:47 AM,46.03,23 Jul 25,10:55 AM,20.05,hard_sl_hit,-7794.0,-56.44,8
NIFTY50,25200,BEARISH,16,23 Jul 25,01:55 PM,33.12,23 Jul 25,01:56 PM,29.59,hard_sl_hit,-1412.0,-10.66,1
NIFTY50,25200,BULLISH,28,24 Jul 25,09:15 AM,19.5,24 Jul 25,09:17 AM,11.7,hard_sl_hit,-5460.0,-40.0,2
NIFTY50,25200,BULLISH,42,24 Jul 25,09:20 AM,12.45,24 Jul 25,09:21 AM,6.8,hard_sl_hit,-5932.5,-45.38,1
NIFTY50,25100,BEARISH,22,24 Jul 25,01:45 PM,22.65,24 Jul 25,01:46 PM,11.25,hard_sl_hit,-6270.0,-50.33,1
NIFTY50,25050,BULLISH,47,24 Jul 25,03:21 PM,10.1,24 Jul 25,03:22 PM,8.4,hard_sl_hit,-1997.5,-16.83,1
NIFTY50,24850,BULLISH,4,25 Jul 25,01:36 PM,101.62,25 Jul 25,01:52 PM,123.32,tsl_hit,2170.0,21.35,16
NIFTY50,24750,BULLISH,4,28 Jul 25,09:18 AM,111.21,28 Jul 25,09:21 AM,130.46,tsl_hit,1925.0,17.31,3
NIFTY50,24800,BULLISH,3,28 Jul 25,10:48 AM,128.18,28 Jul 25,10:55 AM,115.12,hard_sl_hit,-979.5,-10.19,7
NIFTY50,24750,BULLISH,6,28 Jul 25,12:47 PM,70.49,28 Jul 25,12:49 PM,61.34,hard_sl_hit,-1372.5,-12.98,2
NIFTY50,24650,BULLISH,6,29 Jul 25,09:17 AM,78.21,29 Jul 25,09:20 AM,91.15,tsl_hit,1941.0,16.55,3
NIFTY50,24700,BEARISH,6,29 Jul 25,09:56 AM,77.28,29 Jul 25,10:01 AM,79.29,tsl_hit,301.5,2.6,5
NIFTY50,24650,BULLISH,5,29 Jul 25,10:50 AM,82.34,29 Jul 25,10:56 AM,73.85,hard_sl_hit,-1061.25,-10.31,6
NIFTY50,24750,BEARISH,8,29 Jul 25,01:11 PM,54.95,29 Jul 25,01:13 PM,49.59,hard_sl_hit,-1072.0,-9.75,2
NIFTY50,24750,BEARISH,10,29 Jul 25,01:36 PM,47.08,29 Jul 25,01:37 PM,42.54,hard_sl_hit,-1135.0,-9.64,1
NIFTY50,24850,BEARISH,12,30 Jul 25,11:18 AM,36.75,30 Jul 25,11:19 AM,32.38,hard_sl_hit,-1311.0,-11.89,1
NIFTY50,24850,BEARISH,19,30 Jul 25,02:31 PM,23.81,30 Jul 25,02:32 PM,21.4,hard_sl_hit,-1144.75,-10.12,1
NIFTY50,24650,BULLISH,40,31 Jul 25,09:17 AM,11.25,31 Jul 25,09:22 AM,55.05,tsl_hit,43800.0,389.33,5
NIFTY50,24650,BULLISH,55,31 Jul 25,10:04 AM,11.9,31 Jul 25,10:08 AM,29.45,tsl_hit,24131.25,147.48,4
NIFTY50,24700,BULLISH,4,01 Aug 25,09:17 AM,185.55,01 Aug 25,09:27 AM,166.47,hard_sl_hit,-1908.0,-10.28,10
NIFTY50,24750,BULLISH,4,01 Aug 25,10:52 AM,162.84,01 Aug 25,10:55 AM,142.53,hard_sl_hit,-2031.0,-12.47,3
NIFTY50,24700,BULLISH,4,01 Aug 25,11:11 AM,161.42,01 Aug 25,11:13 AM,143.28,hard_sl_hit,-1814.0,-11.24,2
NIFTY50,24650,BEARISH,7,01 Aug 25,12:33 PM,98.55,01 Aug 25,12:44 PM,131.63,tsl_hit,5789.0,33.57,11
NIFTY50,24650,BEARISH,7,01 Aug 25,01:09 PM,98.62,01 Aug 25,01:25 PM,86.13,hard_sl_hit,-2185.75,-12.66,16
NIFTY50,24700,BEARISH,7,01 Aug 25,01:29 PM,105.21,01 Aug 25,01:39 PM,150.68,tsl_hit,7957.25,43.22,10
NIFTY50,24600,BULLISH,6,04 Aug 25,10:52 AM,127.31,04 Aug 25,11:07 AM,131.16,tsl_hit,577.5,3.02,15
NIFTY50,24650,BULLISH,8,04 Aug 25,12:04 PM,93.4,04 Aug 25,12:41 PM,104.81,tsl_hit,2282.0,12.22,37
NIFTY50,24750,BEARISH,11,04 Aug 25,02:34 PM,72.12,04 Aug 25,02:46 PM,88.21,tsl_hit,4424.75,22.31,12
NIFTY50,24700,BULLISH,13,05 Aug 25,09:17 AM,60.41,05 Aug 25,09:19 AM,52.93,hard_sl_hit,-2431.0,-12.38,2
NIFTY50,24700,BULLISH,15,05 Aug 25,09:21 AM,51.46,05 Aug 25,09:24 AM,50.8,tsl_hit,-247.5,-1.28,3
NIFTY50,24600,BULLISH,11,05 Aug 25,11:11 AM,68.01,05 Aug 25,11:15 AM,76.02,tsl_hit,2202.75,11.78,4
NIFTY50,24650,BEARISH,14,05 Aug 25,11:17 AM,57.36,05 Aug 25,11:22 AM,55.64,time_stop,-602.0,-3.0,5
NIFTY50,24600,BULLISH,12,05 Aug 25,11:59 AM,62.85,05 Aug 25,12:16 PM,81.09,tsl_hit,5472.0,29.02,17
NIFTY50,24650,BEARISH,17,05 Aug 25,03:08 PM,48.45,05 Aug 25,03:09 PM,43.11,hard_sl_hit,-2269.5,-11.02,1
NIFTY50,24650,BEARISH,16,06 Aug 25,10:23 AM,50.86,06 Aug 25,10:31 AM,67.39,tsl_hit,6612.0,32.5,8
NIFTY50,24600,BEARISH,32,06 Aug 25,12:23 PM,26.53,06 Aug 25,12:33 PM,22.88,hard_sl_hit,-2920.0,-13.76,10
NIFTY50,24600,BULLISH,23,06 Aug 25,12:42 PM,35.67,06 Aug 25,12:49 PM,37.77,tsl_hit,1207.5,5.89,7
NIFTY50,24600,BULLISH,28,06 Aug 25,02:16 PM,29.46,06 Aug 25,02:24 PM,31.79,tsl_hit,1631.0,7.91,8
NIFTY50,24500,BULLISH,49,07 Aug 25,09:17 AM,17.4,07 Aug 25,09:18 AM,13.2,hard_sl_hit,-5145.0,-24.14,1
NIFTY50,24450,BEARISH,108,07 Aug 25,12:14 PM,7.7,07 Aug 25,12:15 PM,2.75,hard_sl_hit,-13365.0,-64.29,1
NIFTY50,24400,BEARISH,34,07 Aug 25,01:46 PM,22.35,07 Aug 25,01:49 PM,22.95,tsl_hit,510.0,2.68,3
NIFTY50,24600,BEARISH,34,07 Aug 25,03:08 PM,22.8,07 Aug 25,03:09 PM,15.6,hard_sl_hit,-6120.0,-31.58,1
NIFTY50,24550,BULLISH,3,08 Aug 25,09:17 AM,188.95,08 Aug 25,09:23 AM,189.3,tsl_hit,26.25,0.19,6
NIFTY50,24400,BULLISH,7,08 Aug 25,12:06 PM,99.08,08 Aug 25,12:21 PM,89.83,hard_sl_hit,-1618.75,-9.34,15
NIFTY50,24450,BEARISH,12,08 Aug 25,12:52 PM,59.69,08 Aug 25,12:54 PM,54.17,hard_sl_hit,-1656.0,-9.25,2
NIFTY50,24450,BEARISH,13,08 Aug 25,12:57 PM,55.49,08 Aug 25,01:04 PM,64.76,tsl_hit,3012.75,16.71,7
NIFTY50,24350,BULLISH,5,08 Aug 25,03:15 PM,128.7,08 Aug 25,03:20 PM,118.71,time_stop,-1248.75,-7.76,5
NIFTY50,24400,BEARISH,9,11 Aug 25,09:17 AM,81.0,11 Aug 25,09:20 AM,70.42,hard_sl_hit,-2380.5,-13.06,3
NIFTY50,24450,BULLISH,10,11 Aug 25,11:14 AM,68.68,11 Aug 25,11:26 AM,75.92,tsl_hit,1810.0,10.54,12
NIFTY50,24450,BULLISH,12,11 Aug 25,11:37 AM,59.93,11 Aug 25,11:41 AM,53.39,hard_sl_hit,-1962.0,-10.91,4
NIFTY50,24500,BEARISH,18,11 Aug 25,01:35 PM,39.59,11 Aug 25,01:39 PM,36.02,hard_sl_hit,-1606.5,-9.02,4
NIFTY50,24550,BEARISH,19,11 Aug 25,02:35 PM,37.66,11 Aug 25,02:37 PM,33.87,hard_sl_hit,-1800.25,-10.06,2
NIFTY50,24600,BEARISH,16,12 Aug 25,09:27 AM,43.22,12 Aug 25,09:31 AM,37.99,hard_sl_hit,-2092.0,-12.1,4
NIFTY50,24550,BULLISH,10,12 Aug 25,11:52 AM,70.03,12 Aug 25,12:01 PM,73.79,tsl_hit,940.0,5.37,9
NIFTY50,24600,BEARISH,11,12 Aug 25,02:01 PM,61.96,12 Aug 25,02:14 PM,80.29,tsl_hit,5040.75,29.58,13
NIFTY50,24450,BULLISH,8,12 Aug 25,03:05 PM,83.14,12 Aug 25,03:16 PM,94.28,tsl_hit,2228.0,13.4,11
NIFTY50,24550,BEARISH,11,13 Aug 25,09:18 AM,65.92,13 Aug 25,09:24 AM,71.19,tsl_hit,1449.25,7.99,6
NIFTY50,24550,BULLISH,17,13 Aug 25,11:45 AM,43.1,13 Aug 25,11:55 AM,45.9,tsl_hit,1190.0,6.5,10
NIFTY50,24550,BULLISH,22,13 Aug 25,12:03 PM,33.97,13 Aug 25,12:09 PM,40.25,tsl_hit,3454.0,18.49,6
NIFTY50,24600,BEARISH,36,13 Aug 25,12:34 PM,21.1,13 Aug 25,12:38 PM,24.51,tsl_hit,3069.0,16.16,4
NIFTY50,24650,BEARISH,24,13 Aug 25,01:03 PM,32.19,13 Aug 25,01:05 PM,32.12,tsl_hit,-42.0,-0.22,2
NIFTY50,24650,BEARISH,25,13 Aug 25,01:08 PM,31.24,13 Aug 25,01:15 PM,37.59,tsl_hit,3968.75,20.33,7
NIFTY50,24600,BULLISH,21,13 Aug 25,01:23 PM,37.98,13 Aug 25,01:32 PM,36.41,tsl_hit,-824.25,-4.13,9
NIFTY50,24650,BEARISH,102,14 Aug 25,09:19 AM,7.8,14 Aug 25,09:22 AM,13.75,tsl_hit,15172.5,76.28,3
NIFTY50,24600,BULLISH,46,14 Aug 25,11:44 AM,18.6,14 Aug 25,11:46 AM,15.2,hard_sl_hit,-3910.0,-18.28,2
NIFTY50,24650,BEARISH,108,14 Aug 25,12:29 PM,7.85,14 Aug 25,12:30 PM,0.1,hard_sl_hit,-20925.0,-98.73,1
NIFTY50,24950,BEARISH,2,18 Aug 25,09:17 AM,347.65,18 Aug 25,09:22 AM,342.75,time_stop,-245.0,-1.41,5
NIFTY50,24900,BULLISH,14,18 Aug 25,12:17 PM,50.68,18 Aug 25,12:30 PM,53.99,tsl_hit,1158.5,6.53,13
NIFTY50,24900,BULLISH,11,18 Aug 25,02:38 PM,65.26,18 Aug 25,02:44 PM,64.64,tsl_hit,-170.5,-0.95,6
NIFTY50,24900,BEARISH,21,19 Aug 25,09:17 AM,36.11,19 Aug 25,09:21 AM,35.62,tsl_hit,-257.25,-1.36,4
NIFTY50,24950,BEARISH,23,19 Aug 25,11:32 AM,32.77,19 Aug 25,11:38 AM,27.17,hard_sl_hit,-3220.0,-17.09,6
NIFTY50,25000,BEARISH,23,19 Aug 25,12:23 PM,31.77,19 Aug 25,12:26 PM,28.11,hard_sl_hit,-2104.5,-11.52,3
NIFTY50,24950,BULLISH,19,20 Aug 25,09:17 AM,37.71,20 Aug 25,09:19 AM,33.2,hard_sl_hit,-2142.25,-11.96,2
NIFTY50,25050,BULLISH,37,20 Aug 25,01:11 PM,19.13,20 Aug 25,01:15 PM,20.91,tsl_hit,1646.5,9.3,4
NIFTY50,25050,BULLISH,45,20 Aug 25,01:26 PM,15.96,20 Aug 25,01:33 PM,20.5,tsl_hit,5107.5,28.45,7
NIFTY50,25050,BEARISH,57,20 Aug 25,01:53 PM,13.06,20 Aug 25,01:57 PM,14.73,tsl_hit,2379.75,12.79,4
NIFTY50,25050,BULLISH,26,20 Aug 25,03:05 PM,28.55,20 Aug 25,03:09 PM,30.03,tsl_hit,962.0,5.18,4
NIFTY50,25100,BEARISH,65,21 Aug 25,09:17 AM,11.7,21 Aug 25,09:20 AM,22.3,tsl_hit,17225.0,90.6,3
NIFTY50,25150,BEARISH,90,21 Aug 25,10:32 AM,9.4,21 Aug 25,10:33 AM,6.25,hard_sl_hit,-7087.5,-33.51,1
NIFTY50,25100,BULLISH,196,21 Aug 25,12:32 PM,4.15,21 Aug 25,12:34 PM,13.6,tsl_hit,46305.0,227.71,2
NIFTY50,25100,BULLISH,73,21 Aug 25,12:54 PM,13.9,21 Aug 25,12:55 PM,11.5,hard_sl_hit,-4380.0,-17.27,1
NIFTY50,25100,BULLISH,96,21 Aug 25,01:25 PM,10.4,21 Aug 25,01:26 PM,6.8,hard_sl_hit,-8640.0,-34.62,1
NIFTY50,24900,BULLISH,9,22 Aug 25,11:18 AM,96.66,22 Aug 25,11:25 AM,103.63,tsl_hit,1568.25,7.21,7
NIFTY50,24950,BEARISH,14,22 Aug 25,11:43 AM,65.69,22 Aug 25,11:48 AM,61.51,time_stop,-1463.0,-6.36,5
NIFTY50,24950,BEARISH,23,22 Aug 25,01:39 PM,41.67,22 Aug 25,01:43 PM,39.35,tsl_hit,-1334.0,-5.57,4
NIFTY50,24950,BEARISH,11,25 Aug 25,09:17 AM,84.55,25 Aug 25,09:21 AM,89.62,tsl_hit,1394.25,6.0,4
NIFTY50,24950,BULLISH,10,25 Aug 25,09:54 AM,96.39,25 Aug 25,09:58 AM,84.29,hard_sl_hit,-3025.0,-12.55,4
NIFTY50,25000,BEARISH,23,25 Aug 25,12:18 PM,39.8,25 Aug 25,12:32 PM,39.38,tsl_hit,-241.5,-1.06,14
NIFTY50,25000,BEARISH,31,25 Aug 25,01:07 PM,29.9,25 Aug 25,01:11 PM,26.89,hard_sl_hit,-2332.75,-10.07,4
NIFTY50,24800,BULLISH,25,26 Aug 25,12:35 PM,36.69,26 Aug 25,12:39 PM,32.25,hard_sl_hit,-2775.0,-12.1,4
NIFTY50,24800,BEARISH,33,26 Aug 25,01:04 PM,27.81,26 Aug 25,01:08 PM,24.57,hard_sl_hit,-2673.0,-11.65,4
NIFTY50,24750,BULLISH,16,26 Aug 25,02:14 PM,54.7,26 Aug 25,02:17 PM,48.95,hard_sl_hit,-2300.0,-10.51,3
NIFTY50,24750,BULLISH,18,26 Aug 25,03:06 PM,48.92,26 Aug 25,03:08 PM,44.49,hard_sl_hit,-1993.5,-9.06,2
NIFTY50,24600,BULLISH,36,28 Aug 25,12:00 PM,24.3,28 Aug 25,12:01 PM,19.25,hard_sl_hit,-4545.0,-20.78,1
NIFTY50,24500,BULLISH,10,29 Aug 25,02:00 PM,83.18,29 Aug 25,02:05 PM,83.56,tsl_hit,95.0,0.46,5
NIFTY50,24500,BEARISH,8,01 Sep 25,09:20 AM,105.81,01 Sep 25,09:36 AM,95.76,hard_sl_hit,-2010.0,-9.5,16
NIFTY50,24600,BEARISH,25,01 Sep 25,01:34 PM,34.15,01 Sep 25,01:46 PM,34.25,tsl_hit,62.5,0.29,12
NIFTY50,24600,BEARISH,28,01 Sep 25,02:07 PM,30.04,01 Sep 25,02:10 PM,26.75,hard_sl_hit,-2303.0,-10.95,3
NIFTY50,24650,BEARISH,19,02 Sep 25,09:17 AM,44.61,02 Sep 25,09:23 AM,57.96,tsl_hit,6341.25,29.93,6
NIFTY50,24700,BEARISH,17,02 Sep 25,09:54 AM,51.88,02 Sep 25,10:01 AM,45.61,hard_sl_hit,-2664.75,-12.09,7
NIFTY50,24700,BULLISH,16,02 Sep 25,12:19 PM,51.57,02 Sep 25,12:36 PM,67.02,tsl_hit,6180.0,29.96,17
NIFTY50,24600,BULLISH,14,02 Sep 25,01:58 PM,62.35,02 Sep 25,01:59 PM,55.83,hard_sl_hit,-2282.0,-10.46,1
NIFTY50,24600,BULLISH,15,02 Sep 25,02:01 PM,56.57,02 Sep 25,02:02 PM,51.21,hard_sl_hit,-2010.0,-9.47,1
NIFTY50,24550,BULLISH,11,03 Sep 25,09:20 AM,73.59,03 Sep 25,09:30 AM,90.35,tsl_hit,4609.0,22.77,10
NIFTY50,24800,BEARISH,5,05 Sep 25,09:17 AM,158.84,05 Sep 25,09:22 AM,156.48,time_stop,-295.0,-1.49,5
NIFTY50,24650,BULLISH,9,05 Sep 25,12:19 PM,92.74,05 Sep 25,12:27 PM,95.72,tsl_hit,670.5,3.21,8
NIFTY50,24650,BULLISH,10,05 Sep 25,12:37 PM,82.38,05 Sep 25,12:44 PM,79.22,tsl_hit,-790.0,-3.84,7
NIFTY50,24650,BEARISH,15,05 Sep 25,01:02 PM,59.25,05 Sep 25,01:11 PM,52.26,hard_sl_hit,-2621.25,-11.8,9
NIFTY50,24800,BEARISH,10,08 Sep 25,09:17 AM,82.36,08 Sep 25,09:21 AM,83.71,tsl_hit,337.5,1.64,4
NIFTY50,24800,BULLISH,8,08 Sep 25,09:57 AM,109.81,08 Sep 25,10:09 AM,109.09,tsl_hit,-144.0,-0.66,12
NIFTY50,24800,BULLISH,7,08 Sep 25,10:17 AM,112.04,08 Sep 25,10:22 AM,104.47,time_stop,-1324.75,-6.76,5
NIFTY50,24850,BEARISH,17,08 Sep 25,12:08 PM,49.57,08 Sep 25,12:13 PM,45.06,hard_sl_hit,-1916.75,-9.1,5
NIFTY50,24850,BULLISH,16,08 Sep 25,01:21 PM,51.64,08 Sep 25,01:26 PM,48.82,time_stop,-1128.0,-5.46,5
NIFTY50,24900,BEARISH,17,08 Sep 25,02:35 PM,50.21,08 Sep 25,02:40 PM,51.44,tsl_hit,522.75,2.45,5
NIFTY50,24850,BEARISH,9,09 Sep 25,09:17 AM,92.31,09 Sep 25,09:22 AM,81.37,hard_sl_hit,-2461.5,-11.85,5
NIFTY50,24850,BULLISH,16,09 Sep 25,02:02 PM,51.1,09 Sep 25,02:07 PM,48.97,tsl_hit,-852.0,-4.17,5
NIFTY50,24950,BEARISH,13,10 Sep 25,09:17 AM,64.54,10 Sep 25,09:22 AM,65.78,tsl_hit,403.0,1.92,5
NIFTY50,24950,BULLISH,37,10 Sep 25,01:19 PM,23.05,10 Sep 25,01:22 PM,24.0,tsl_hit,878.75,4.12,3
NIFTY50,24950,BULLISH,35,10 Sep 25,02:01 PM,24.33,10 Sep 25,02:03 PM,24.56,tsl_hit,201.25,0.95,2
NIFTY50,24950,BEARISH,76,10 Sep 25,02:09 PM,11.27,10 Sep 25,02:21 PM,19.77,tsl_hit,16150.0,75.42,12
NIFTY50,24950,BULLISH,68,11 Sep 25,09:17 AM,13.6,11 Sep 25,09:21 AM,51.2,tsl_hit,63920.0,276.47,4
NIFTY50,24950,BULLISH,80,11 Sep 25,10:05 AM,15.25,11 Sep 25,10:08 AM,11.2,hard_sl_hit,-8100.0,-26.56,3
NIFTY50,25000,BEARISH,72,11 Sep 25,10:34 AM,16.35,11 Sep 25,10:36 AM,14.3,hard_sl_hit,-3690.0,-12.54,2
NIFTY50,25000,BEARISH,80,11 Sep 25,11:04 AM,14.55,11 Sep 25,11:05 AM,12.55,hard_sl_hit,-4000.0,-13.75,1
NIFTY50,25000,BEARISH,55,11 Sep 25,12:02 PM,20.65,11 Sep 25,12:03 PM,18.2,hard_sl_hit,-3368.75,-11.86,1
NIFTY50,25050,BEARISH,9,12 Sep 25,09:17 AM,114.12,12 Sep 25,09:29 AM,117.32,tsl_hit,720.0,2.8,12
NIFTY50,25050,BEARISH,10,12 Sep 25,10:04 AM,106.55,12 Sep 25,10:09 AM,103.19,time_stop,-840.0,-3.15,5
NIFTY50,25100,BEARISH,88,12 Sep 25,01:38 PM,12.77,12 Sep 25,01:52 PM,19.58,tsl_hit,14982.0,53.33,14
NIFTY50,25100,BULLISH,20,12 Sep 25,02:37 PM,59.13,12 Sep 25,02:45 PM,59.21,tsl_hit,40.0,0.14,8
NIFTY50,25100,BULLISH,18,12 Sep 25,03:00 PM,66.36,12 Sep 25,03:20 PM,66.21,tsl_hit,-67.5,-0.23,20
NIFTY50,25100,BULLISH,23,15 Sep 25,09:15 AM,50.4,15 Sep 25,09:17 AM,49.28,tsl_hit,-644.0,-2.22,2
NIFTY50,25100,BULLISH,27,15 Sep 25,09:21 AM,44.3,15 Sep 25,09:29 AM,57.67,tsl_hit,9024.75,30.18,8
NIFTY50,25100,BEARISH,31,15 Sep 25,09:53 AM,38.74,15 Sep 25,10:11 AM,52.71,tsl_hit,10826.75,36.06,18
NIFTY50,25100,BULLISH,41,15 Sep 25,12:47 PM,31.27,15 Sep 25,12:52 PM,31.96,tsl_hit,707.25,2.21,5
NIFTY50,25100,BEARISH,25,16 Sep 25,09:17 AM,49.65,16 Sep 25,09:18 AM,42.81,hard_sl_hit,-4275.0,-13.78,1
NIFTY50,25150,BULLISH,22,16 Sep 25,10:47 AM,55.44,16 Sep 25,10:52 AM,55.21,time_stop,-126.5,-0.41,5
NIFTY50,25200,BEARISH,43,16 Sep 25,02:41 PM,29.23,16 Sep 25,02:48 PM,31.36,tsl_hit,2289.75,7.29,7
NIFTY50,25300,BEARISH,20,17 Sep 25,09:17 AM,61.44,17 Sep 25,09:18 AM,54.1,hard_sl_hit,-3670.0,-11.95,1
NIFTY50,25300,BULLISH,36,17 Sep 25,11:41 AM,34.81,17 Sep 25,11:48 AM,33.3,tsl_hit,-1359.0,-4.34,7
NIFTY50,25350,BEARISH,47,17 Sep 25,11:53 AM,26.32,17 Sep 25,12:12 PM,30.03,tsl_hit,4359.25,14.1,19
NIFTY50,25350,BEARISH,59,17 Sep 25,01:20 PM,21.32,17 Sep 25,01:21 PM,19.15,hard_sl_hit,-3200.75,-10.18,1
NIFTY50,25350,BEARISH,61,17 Sep 25,01:23 PM,20.5,17 Sep 25,01:32 PM,23.31,tsl_hit,4285.25,13.71,9
NIFTY50,25300,BULLISH,61,17 Sep 25,02:08 PM,21.01,17 Sep 25,02:11 PM,20.43,tsl_hit,-884.5,-2.76,3
NIFTY50,25300,BULLISH,44,17 Sep 25,02:29 PM,28.76,17 Sep 25,02:30 PM,23.26,hard_sl_hit,-6050.0,-19.12,1
NIFTY50,25450,BEARISH,72,18 Sep 25,11:02 AM,17.3,18 Sep 25,11:07 AM,19.9,tsl_hit,4680.0,15.03,5
NIFTY50,25400,BULLISH,111,18 Sep 25,12:36 PM,11.45,18 Sep 25,12:37 PM,0.05,hard_sl_hit,-31635.0,-99.56,1
NIFTY50,25350,BULLISH,71,18 Sep 25,01:53 PM,15.75,18 Sep 25,01:55 PM,8.25,hard_sl_hit,-13312.5,-47.62,2
NIFTY50,25350,BULLISH,55,18 Sep 25,02:10 PM,19.2,18 Sep 25,02:12 PM,18.4,tsl_hit,-1100.0,-4.17,2
NIFTY50,25400,BEARISH,49,18 Sep 25,02:51 PM,21.8,18 Sep 25,02:52 PM,15.5,hard_sl_hit,-7717.5,-28.9,1
NIFTY50,25300,BEARISH,19,19 Sep 25,12:53 PM,53.6,19 Sep 25,12:56 PM,47.86,hard_sl_hit,-2726.5,-10.71,3
NIFTY50,25300,BEARISH,20,19 Sep 25,12:58 PM,48.68,19 Sep 25,01:03 PM,43.42,hard_sl_hit,-2630.0,-10.81,5
NIFTY50,25350,BEARISH,19,19 Sep 25,02:04 PM,51.31,19 Sep 25,02:10 PM,52.29,tsl_hit,465.5,1.91,6
NIFTY50,25350,BULLISH,13,19 Sep 25,02:22 PM,74.08,19 Sep 25,03:00 PM,74.58,tsl_hit,162.5,0.67,38
NIFTY50,25250,BULLISH,6,22 Sep 25,09:19 AM,148.82,22 Sep 25,09:47 AM,182.28,tsl_hit,5019.0,22.48,28
NIFTY50,25300,BULLISH,6,22 Sep 25,10:23 AM,151.48,22 Sep 25,10:55 AM,77.11,hard_sl_hit,-11155.5,-49.1,32
NIFTY50,25300,BULLISH,17,22 Sep 25,11:07 AM,56.43,22 Sep 25,11:12 AM,51.76,time_stop,-1984.75,-8.28,5
NIFTY50,25200,BULLISH,13,23 Sep 25,02:50 PM,74.13,23 Sep 25,02:57 PM,66.78,hard_sl_hit,-2388.75,-9.92,7
NIFTY50,25100,BEARISH,14,24 Sep 25,09:15 AM,64.69,24 Sep 25,09:23 AM,79.57,tsl_hit,5208.0,23.0,8
NIFTY50,25100,BEARISH,50,24 Sep 25,12:37 PM,19.45,24 Sep 25,12:41 PM,19.31,tsl_hit,-175.0,-0.72,4
NIFTY50,25050,BULLISH,21,24 Sep 25,02:44 PM,45.24,24 Sep 25,02:47 PM,45.3,tsl_hit,31.5,0.13,3
NIFTY50,25000,BULLISH,72,25 Sep 25,10:39 AM,13.55,25 Sep 25,10:41 AM,6.2,hard_sl_hit,-13230.0,-54.24,2
NIFTY50,25050,BEARISH,40,25 Sep 25,11:16 AM,23.1,25 Sep 25,11:20 AM,23.0,tsl_hit,-100.0,-0.43,4
NIFTY50,24950,BULLISH,43,25 Sep 25,01:23 PM,21.15,25 Sep 25,01:25 PM,21.4,tsl_hit,268.75,1.18,2
NIFTY50,24800,BEARISH,6,26 Sep 25,09:15 AM,140.74,26 Sep 25,09:23 AM,149.93,tsl_hit,1378.5,6.53,8
NIFTY50,24800,BEARISH,5,26 Sep 25,09:51 AM,156.8,26 Sep 25,10:23 AM,160.79,tsl_hit,498.75,2.54,32
NIFTY50,24750,BULLISH,11,26 Sep 25,11:41 AM,82.71,26 Sep 25,11:58 AM,95.62,tsl_hit,3550.25,15.61,17
NIFTY50,24700,BULLISH,10,26 Sep 25,01:55 PM,93.85,26 Sep 25,01:58 PM,82.22,hard_sl_hit,-2907.5,-12.39,3
NIFTY50,24650,BEARISH,10,26 Sep 25,02:40 PM,88.76,26 Sep 25,02:45 PM,87.9,time_stop,-215.0,-0.97,5
NIFTY50,24750,BEARISH,11,29 Sep 25,09:57 AM,79.25,29 Sep 25,10:11 AM,80.75,tsl_hit,412.5,1.89,14
NIFTY50,24750,BEARISH,11,29 Sep 25,02:23 PM,81.42,29 Sep 25,02:27 PM,88.12,tsl_hit,1842.5,8.23,4
NIFTY50,24700,BEARISH,13,30 Sep 25,09:17 AM,69.5,30 Sep 25,09:19 AM,62.06,hard_sl_hit,-2418.0,-10.71,2
NIFTY50,24600,BEARISH,15,30 Sep 25,03:27 PM,61.34,01 Oct 25,09:15 AM,34.74,hard_sl_hit,-9975.0,-43.36,3
NIFTY50,24700,BEARISH,15,01 Oct 25,09:50 AM,57.71,01 Oct 25,09:54 AM,62.6,tsl_hit,1833.75,8.47,4
NIFTY50,24650,BULLISH,17,01 Oct 25,10:07 AM,50.9,01 Oct 25,10:12 AM,51.87,tsl_hit,412.25,1.91,5
NIFTY50,24700,BEARISH,21,01 Oct 25,11:14 AM,42.32,01 Oct 25,11:15 AM,35.73,hard_sl_hit,-3459.75,-15.57,1
NIFTY50,24800,BEARISH,6,03 Oct 25,09:15 AM,134.49,03 Oct 25,09:20 AM,139.9,tsl_hit,811.5,4.02,5
NIFTY50,24800,BEARISH,7,03 Oct 25,10:33 AM,125.85,03 Oct 25,10:48 AM,139.01,tsl_hit,2303.0,10.46,15
NIFTY50,24850,BEARISH,14,03 Oct 25,12:09 PM,61.35,03 Oct 25,12:12 PM,59.98,tsl_hit,-479.5,-2.23,3
NIFTY50,24850,BEARISH,13,03 Oct 25,01:10 PM,67.56,03 Oct 25,01:26 PM,69.38,tsl_hit,591.5,2.69,16
NIFTY50,24800,BULLISH,8,03 Oct 25,01:40 PM,104.72,03 Oct 25,01:47 PM,105.98,tsl_hit,252.0,1.2,7
NIFTY50,24850,BEARISH,13,03 Oct 25,02:33 PM,66.07,03 Oct 25,02:36 PM,58.84,hard_sl_hit,-2349.75,-10.94,3
NIFTY50,25000,BEARISH,25,06 Oct 25,12:48 PM,35.78,06 Oct 25,12:51 PM,31.72,hard_sl_hit,-2537.5,-11.35,3
NIFTY50,25050,BULLISH,11,06 Oct 25,02:31 PM,76.32,06 Oct 25,02:42 PM,80.66,tsl_hit,1193.5,5.69,11
NIFTY50,25100,BULLISH,10,07 Oct 25,09:15 AM,88.41,07 Oct 25,09:18 AM,73.74,hard_sl_hit,-3667.5,-16.59,3
NIFTY50,25200,BULLISH,12,07 Oct 25,10:25 AM,70.3,07 Oct 25,10:31 AM,70.32,tsl_hit,6.0,0.03,6
NIFTY50,25200,BEARISH,22,07 Oct 25,02:16 PM,39.19,07 Oct 25,02:23 PM,43.66,tsl_hit,2458.5,11.41,7
NIFTY50,25150,BEARISH,15,08 Oct 25,09:17 AM,56.07,08 Oct 25,09:18 AM,48.09,hard_sl_hit,-2992.5,-14.23,1
NIFTY50,25100,BULLISH,22,08 Oct 25,11:00 AM,38.76,08 Oct 25,11:01 AM,33.46,hard_sl_hit,-2915.0,-13.67,1
NIFTY50,25050,BEARISH,28,08 Oct 25,12:50 PM,30.51,08 Oct 25,12:53 PM,29.87,tsl_hit,-448.0,-2.1,3
NIFTY50,25050,BULLISH,13,08 Oct 25,02:13 PM,65.37,08 Oct 25,02:20 PM,59.98,tsl_hit,-1751.75,-8.25,7
NIFTY50,25050,BULLISH,12,08 Oct 25,02:52 PM,68.41,08 Oct 25,02:55 PM,65.44,tsl_hit,-891.0,-4.34,3
NIFTY50,25050,BULLISH,17,08 Oct 25,03:14 PM,47.27,08 Oct 25,03:22 PM,47.74,tsl_hit,199.75,0.99,8
NIFTY50,25100,BEARISH,291,09 Oct 25,09:23 AM,2.9,09 Oct 25,09:24 AM,0.05,hard_sl_hit,-20733.75,-98.28,1
NIFTY50,25300,BEARISH,6,10 Oct 25,09:48 AM,116.2,10 Oct 25,10:14 AM,114.17,tsl_hit,-304.5,-1.75,26
NIFTY50,25250,BULLISH,5,10 Oct 25,10:46 AM,128.26,10 Oct 25,10:57 AM,135.12,tsl_hit,857.5,5.35,11
NIFTY50,25300,BULLISH,9,10 Oct 25,12:00 PM,83.13,10 Oct 25,12:31 PM,75.42,hard_sl_hit,-1734.75,-9.27,31
NIFTY50,25300,BULLISH,7,10 Oct 25,02:01 PM,102.49,10 Oct 25,02:06 PM,99.92,time_stop,-449.75,-2.51,5
NIFTY50,25200,BULLISH,7,13 Oct 25,09:17 AM,105.52,13 Oct 25,09:21 AM,106.13,tsl_hit,106.75,0.58,4
NIFTY50,25150,BULLISH,6,13 Oct 25,09:36 AM,120.01,13 Oct 25,09:50 AM,155.08,tsl_hit,5260.5,29.22,14
NIFTY50,25200,BULLISH,14,13 Oct 25,11:20 AM,52.05,13 Oct 25,11:23 AM,46.5,hard_sl_hit,-1942.5,-10.66,3
NIFTY50,25300,BEARISH,9,14 Oct 25,09:17 AM,76.59,14 Oct 25,09:22 AM,69.39,hard_sl_hit,-1620.0,-9.4,5
NIFTY50,25100,BULLISH,11,14 Oct 25,12:12 PM,67.87,14 Oct 25,12:21 PM,71.85,tsl_hit,1094.5,5.86,9
NIFTY50,25100,BULLISH,13,14 Oct 25,01:10 PM,57.42,14 Oct 25,01:13 PM,51.76,hard_sl_hit,-1839.5,-9.86,3
NIFTY50,25250,BEARISH,8,15 Oct 25,09:19 AM,89.83,15 Oct 25,09:30 AM,79.63,hard_sl_hit,-2040.0,-11.35,11
NIFTY50,25300,BEARISH,30,15 Oct 25,11:31 AM,24.64,15 Oct 25,11:39 AM,28.19,tsl_hit,2662.5,14.41,8
NIFTY50,25300,BEARISH,25,15 Oct 25,12:32 PM,29.66,15 Oct 25,12:39 PM,27.38,tsl_hit,-1425.0,-7.69,7
NIFTY50,25350,BEARISH,17,15 Oct 25,12:57 PM,41.54,15 Oct 25,01:06 PM,36.82,hard_sl_hit,-2006.0,-11.36,9
NIFTY50,25350,BULLISH,39,15 Oct 25,02:00 PM,18.6,15 Oct 25,02:03 PM,15.6,hard_sl_hit,-2925.0,-16.13,3
NIFTY50,25450,BULLISH,162,16 Oct 25,11:26 AM,4.45,16 Oct 25,11:28 AM,6.85,tsl_hit,9720.0,53.93,2
NIFTY50,25500,BEARISH,37,16 Oct 25,12:17 PM,20.5,16 Oct 25,12:21 PM,14.35,hard_sl_hit,-5688.75,-30.0,4
NIFTY50,25550,BEARISH,77,16 Oct 25,01:46 PM,9.6,16 Oct 25,01:48 PM,7.1,hard_sl_hit,-4812.5,-26.04,2
NIFTY50,25600,BEARISH,32,16 Oct 25,02:26 PM,21.9,16 Oct 25,02:27 PM,15.6,hard_sl_hit,-5040.0,-28.77,1
NIFTY50,25550,BULLISH,5,17 Oct 25,09:19 AM,120.27,17 Oct 25,09:43 AM,157.84,tsl_hit,4696.25,31.24,24
NIFTY50,25750,BULLISH,6,17 Oct 25,12:43 PM,119.69,17 Oct 25,12:52 PM,107.8,hard_sl_hit,-1783.5,-9.93,9
NIFTY50,25900,BEARISH,3,20 Oct 25,09:19 AM,228.72,20 Oct 25,09:29 AM,247.16,tsl_hit,1383.0,8.06,10
NIFTY50,25900,BEARISH,8,21 Oct 25,01:47 PM,84.53,21 Oct 25,01:53 PM,97.03,tsl_hit,2500.0,14.79,6
NIFTY50,25900,BULLISH,8,21 Oct 25,02:26 PM,89.33,21 Oct 25,02:30 PM,77.64,hard_sl_hit,-2338.0,-13.09,4
NIFTY50,25850,BULLISH,6,21 Oct 25,02:33 PM,105.74,21 Oct 25,02:38 PM,98.58,time_stop,-1074.0,-6.77,5
NIFTY50,26050,BULLISH,80,23 Oct 25,10:48 AM,8.85,23 Oct 25,10:49 AM,3.9,hard_sl_hit,-9900.0,-55.93,1
NIFTY50,26100,BEARISH,43,23 Oct 25,12:24 PM,15.3,23 Oct 25,12:28 PM,12.05,hard_sl_hit,-3493.75,-21.24,4
NIFTY50,26100,BEARISH,30,23 Oct 25,12:47 PM,21.7,23 Oct 25,12:49 PM,21.85,tsl_hit,112.5,0.69,2
NIFTY50,26000,BEARISH,52,23 Oct 25,02:45 PM,12.55,23 Oct 25,02:47 PM,16.0,tsl_hit,4485.0,27.49,2
NIFTY50,25800,BULLISH,6,24 Oct 25,12:54 PM,112.18,24 Oct 25,12:59 PM,108.96,time_stop,-483.0,-2.87,5
NIFTY50,25800,BULLISH,7,24 Oct 25,01:26 PM,93.52,24 Oct 25,01:32 PM,83.82,hard_sl_hit,-1697.5,-10.37,6
NIFTY50,25800,BEARISH,6,24 Oct 25,03:06 PM,103.95,24 Oct 25,03:19 PM,79.87,hard_sl_hit,-3612.0,-23.16,13
NIFTY50,25850,BEARISH,6,27 Oct 25,09:18 AM,97.89,27 Oct 25,09:20 AM,88.29,hard_sl_hit,-1440.0,-9.81,2
NIFTY50,25950,BULLISH,5,27 Oct 25,10:39 AM,115.65,27 Oct 25,10:55 AM,75.46,hard_sl_hit,-5023.75,-34.75,16
NIFTY50,25950,BULLISH,8,27 Oct 25,11:43 AM,70.66,27 Oct 25,11:45 AM,63.7,hard_sl_hit,-1392.0,-9.85,2
NIFTY50,25950,BULLISH,9,27 Oct 25,11:47 AM,61.59,27 Oct 25,12:09 PM,83.39,tsl_hit,4905.0,35.4,22
NIFTY50,25950,BEARISH,13,27 Oct 25,01:53 PM,47.27,27 Oct 25,02:01 PM,48.7,tsl_hit,464.75,3.03,8
NIFTY50,25950,BULLISH,9,27 Oct 25,02:16 PM,69.48,27 Oct 25,02:20 PM,79.21,tsl_hit,2189.25,14.0,4
NIFTY50,25950,BULLISH,7,28 Oct 25,09:55 AM,91.55,28 Oct 25,09:58 AM,91.41,tsl_hit,-24.5,-0.15,3
NIFTY50,25850,BULLISH,9,28 Oct 25,12:01 PM,64.82,28 Oct 25,12:06 PM,55.39,hard_sl_hit,-2121.75,-14.55,5
NIFTY50,25850,BULLISH,7,28 Oct 25,02:29 PM,80.49,28 Oct 25,02:42 PM,80.3,tsl_hit,-33.25,-0.24,13
NIFTY50,25900,BEARISH,8,28 Oct 25,03:04 PM,79.15,28 Oct 25,03:07 PM,75.99,tsl_hit,-632.0,-3.99,3
NIFTY50,26050,BEARISH,20,29 Oct 25,12:07 PM,30.49,29 Oct 25,12:08 PM,27.22,hard_sl_hit,-1635.0,-10.72,1
NIFTY50,26050,BEARISH,23,29 Oct 25,12:10 PM,26.81,29 Oct 25,12:17 PM,24.31,hard_sl_hit,-1437.5,-9.32,7
NIFTY50,26100,BEARISH,15,29 Oct 25,12:49 PM,39.05,29 Oct 25,12:56 PM,41.93,tsl_hit,1080.0,7.38,7
NIFTY50,26100,BEARISH,18,29 Oct 25,01:12 PM,34.63,29 Oct 25,01:14 PM,36.2,tsl_hit,706.5,4.53,2
NIFTY50,26050,BULLISH,20,29 Oct 25,02:05 PM,31.27,29 Oct 25,02:07 PM,27.22,hard_sl_hit,-2025.0,-12.95,2
NIFTY50,26050,BEARISH,17,29 Oct 25,03:17 PM,34.63,29 Oct 25,03:20 PM,29.81,hard_sl_hit,-2048.5,-13.92,3
NIFTY50,26050,BEARISH,22,29 Oct 25,03:24 PM,27.24,29 Oct 25,03:29 PM,25.5,time_stop,-957.0,-6.39,5
NIFTY50,25950,BEARISH,62,30 Oct 25,11:09 AM,9.7,30 Oct 25,11:10 AM,4.2,hard_sl_hit,-8525.0,-56.7,1
NIFTY50,25900,BULLISH,48,30 Oct 25,12:58 PM,11.85,30 Oct 25,12:59 PM,6.5,hard_sl_hit,-6420.0,-45.15,1
NIFTY50,25850,BULLISH,3,31 Oct 25,09:17 AM,160.92,31 Oct 25,09:41 AM,222.43,tsl_hit,4613.25,38.22,24
NIFTY50,25800,BULLISH,4,31 Oct 25,11:04 AM,114.07,31 Oct 25,11:09 AM,106.8,time_stop,-727.0,-6.37,5
NIFTY50,25750,BULLISH,5,31 Oct 25,02:19 PM,98.27,31 Oct 25,02:24 PM,94.7,time_stop,-446.25,-3.63,5
NIFTY50,25750,BULLISH,5,31 Oct 25,02:55 PM,97.87,31 Oct 25,03:00 PM,91.23,time_stop,-830.0,-6.78,5
NIFTY50,25750,BULLISH,6,31 Oct 25,03:03 PM,87.1,31 Oct 25,03:08 PM,85.88,time_stop,-183.0,-1.4,5
NIFTY50,25700,BEARISH,10,03 Nov 25,09:15 AM,53.81,03 Nov 25,09:18 AM,83.33,tsl_hit,7380.0,54.86,3
NIFTY50,25700,BULLISH,7,03 Nov 25,09:19 AM,80.6,03 Nov 25,09:21 AM,80.78,tsl_hit,31.5,0.22,2
NIFTY50,25750,BEARISH,11,03 Nov 25,12:45 PM,52.01,03 Nov 25,12:50 PM,48.23,time_stop,-1039.5,-7.27,5
NIFTY50,25750,BULLISH,11,04 Nov 25,09:28 AM,49.35,04 Nov 25,09:30 AM,43.73,hard_sl_hit,-1545.5,-11.39,2
NIFTY50,25650,BULLISH,9,04 Nov 25,11:35 AM,63.51,04 Nov 25,11:40 AM,57.59,hard_sl_hit,-1332.0,-9.32,5
NIFTY50,25700,BEARISH,10,04 Nov 25,12:05 PM,52.36,04 Nov 25,12:09 PM,57.12,tsl_hit,1190.0,9.09,4
NIFTY50,25700,BEARISH,11,04 Nov 25,12:21 PM,51.49,04 Nov 25,12:32 PM,55.65,tsl_hit,1144.0,8.08,11
NIFTY50,25700,BEARISH,11,04 Nov 25,01:40 PM,49.04,04 Nov 25,01:43 PM,48.75,tsl_hit,-79.75,-0.59,3
NIFTY50,25600,BULLISH,9,04 Nov 25,02:14 PM,62.97,04 Nov 25,02:22 PM,56.22,hard_sl_hit,-1518.75,-10.72,8
NIFTY50,25650,BEARISH,98,06 Nov 25,09:17 AM,5.8,06 Nov 25,09:18 AM,0.05,hard_sl_hit,-14087.5,-99.14,1
NIFTY50,25600,BEARISH,112,06 Nov 25,12:52 PM,4.5,06 Nov 25,12:53 PM,3.35,hard_sl_hit,-3220.0,-25.56,1
NIFTY50,25500,BULLISH,38,06 Nov 25,03:08 PM,12.95,06 Nov 25,03:09 PM,11.35,hard_sl_hit,-1520.0,-12.36,1
NIFTY50,25350,BEARISH,2,07 Nov 25,09:15 AM,232.53,07 Nov 25,09:40 AM,251.73,tsl_hit,960.0,8.26,25
NIFTY50,25350,BULLISH,3,07 Nov 25,11:00 AM,138.0,07 Nov 25,11:05 AM,124.26,hard_sl_hit,-1030.5,-9.96,5
NIFTY50,25550,BEARISH,5,07 Nov 25,01:29 PM,88.62,07 Nov 25,01:42 PM,77.73,hard_sl_hit,-1361.25,-12.29,13
NIFTY50,25650,BULLISH,14,10 Nov 25,01:08 PM,32.25,10 Nov 25,01:21 PM,29.3,hard_sl_hit,-1032.5,-9.15,13
NIFTY50,25600,BULLISH,8,10 Nov 25,03:04 PM,57.47,10 Nov 25,03:09 PM,51.53,hard_sl_hit,-1188.0,-10.34,5
NIFTY50,25450,BULLISH,5,11 Nov 25,10:38 AM,86.28,11 Nov 25,10:43 AM,83.26,time_stop,-377.5,-3.5,5
NIFTY50,25650,BEARISH,14,11 Nov 25,01:52 PM,32.23,11 Nov 25,02:00 PM,45.55,tsl_hit,4662.0,41.33,8
NIFTY50,25800,BEARISH,6,12 Nov 25,09:17 AM,74.0,12 Nov 25,09:22 AM,65.78,hard_sl_hit,-1233.0,-11.11,5
NIFTY50,25900,BEARISH,38,12 Nov 25,12:33 PM,12.71,12 Nov 25,12:35 PM,10.49,hard_sl_hit,-2109.0,-17.47,2
NIFTY50,25900,BEARISH,56,12 Nov 25,12:39 PM,8.37,12 Nov 25,12:41 PM,6.86,hard_sl_hit,-2114.0,-18.04,2
NIFTY50,25900,BULLISH,22,12 Nov 25,12:54 PM,20.78,12 Nov 25,01:02 PM,28.96,tsl_hit,4499.0,39.36,8
NIFTY50,25950,BEARISH,69,13 Nov 25,10:52 AM,6.95,13 Nov 25,10:53 AM,4.2,hard_sl_hit,-4743.75,-39.57,1
NIFTY50,25800,BULLISH,2,14 Nov 25,09:17 AM,179.99,14 Nov 25,09:20 AM,185.23,tsl_hit,262.0,2.91,3
NIFTY50,25750,BULLISH,2,14 Nov 25,10:43 AM,193.62,14 Nov 25,10:55 AM,207.86,tsl_hit,712.0,7.35,12
NIFTY50,25750,BULLISH,4,14 Nov 25,01:41 PM,112.05,14 Nov 25,01:52 PM,97.55,hard_sl_hit,-1450.0,-12.94,11
NIFTY50,25950,BULLISH,8,17 Nov 25,11:23 AM,54.65,17 Nov 25,11:27 AM,49.0,hard_sl_hit,-1130.0,-10.34,4
NIFTY50,26000,BEARISH,11,17 Nov 25,12:38 PM,41.47,17 Nov 25,12:42 PM,40.38,tsl_hit,-299.75,-2.63,4
NIFTY50,26000,BULLISH,15,17 Nov 25,01:33 PM,29.52,17 Nov 25,01:38 PM,37.11,tsl_hit,2846.25,25.71,5
NIFTY50,26000,BULLISH,10,17 Nov 25,02:21 PM,43.31,17 Nov 25,02:24 PM,45.17,tsl_hit,465.0,4.29,3
NIFTY50,26000,BEARISH,11,17 Nov 25,03:04 PM,39.8,17 Nov 25,03:17 PM,35.89,hard_sl_hit,-1075.25,-9.82,13
NIFTY50,25950,BULLISH,5,18 Nov 25,09:17 AM,79.31,18 Nov 25,09:27 AM,84.02,tsl_hit,588.75,5.94,10
NIFTY50,25950,BEARISH,15,18 Nov 25,01:40 PM,31.04,18 Nov 25,01:43 PM,27.36,hard_sl_hit,-1380.0,-11.86,3
NIFTY50,26000,BEARISH,8,18 Nov 25,02:07 PM,52.4,18 Nov 25,02:12 PM,47.13,hard_sl_hit,-1054.0,-10.06,5
NIFTY50,25950,BULLISH,7,18 Nov 25,02:34 PM,59.05,18 Nov 25,02:41 PM,60.31,tsl_hit,220.5,2.13,7
NIFTY50,25950,BULLISH,11,18 Nov 25,03:03 PM,40.19,18 Nov 25,03:08 PM,36.49,hard_sl_hit,-1017.5,-9.21,5
NIFTY50,25950,BULLISH,16,19 Nov 25,11:12 AM,28.1,19 Nov 25,11:15 AM,22.88,hard_sl_hit,-2088.0,-18.58,3
NIFTY50,26050,BEARISH,13,19 Nov 25,01:07 PM,33.43,19 Nov 25,01:13 PM,35.65,tsl_hit,721.5,6.64,6
NIFTY50,26100,BEARISH,66,20 Nov 25,09:17 AM,6.7,20 Nov 25,09:19 AM,0.3,hard_sl_hit,-10560.0,-95.52,2
NIFTY50,26150,BEARISH,64,20 Nov 25,11:36 AM,6.25,20 Nov 25,11:42 AM,9.9,tsl_hit,5840.0,58.4,6
NIFTY50,26150,BEARISH,80,20 Nov 25,12:02 PM,5.3,20 Nov 25,12:04 PM,4.3,hard_sl_hit,-2000.0,-18.87,2
NIFTY50,26200,BEARISH,21,20 Nov 25,01:05 PM,19.9,20 Nov 25,01:10 PM,21.35,tsl_hit,761.25,7.29,5
NIFTY50,26100,BULLISH,2,21 Nov 25,09:17 AM,194.89,21 Nov 25,09:34 AM,222.28,tsl_hit,1369.5,14.05,17
NIFTY50,26050,BULLISH,2,21 Nov 25,10:23 AM,198.36,21 Nov 25,10:28 AM,188.32,time_stop,-502.0,-5.06,5
NIFTY50,26100,BEARISH,5,21 Nov 25,11:01 AM,84.49,21 Nov 25,11:08 AM,86.91,tsl_hit,302.5,2.86,7
NIFTY50,26100,BEARISH,7,21 Nov 25,12:07 PM,56.27,21 Nov 25,12:12 PM,50.24,hard_sl_hit,-1055.25,-10.72,5
NIFTY50,26150,BEARISH,5,24 Nov 25,10:39 AM,81.25,24 Nov 25,10:55 AM,83.88,tsl_hit,328.75,3.24,16
NIFTY50,26050,BULLISH,7,24 Nov 25,02:07 PM,55.62,24 Nov 25,02:09 PM,50.04,hard_sl_hit,-976.5,-10.03,2
NIFTY50,26050,BULLISH,7,24 Nov 25,02:25 PM,56.5,24 Nov 25,02:29 PM,51.28,hard_sl_hit,-913.5,-9.24,4
NIFTY50,26000,BULLISH,5,25 Nov 25,10:38 AM,74.13,25 Nov 25,10:42 AM,67.4,hard_sl_hit,-841.25,-9.08,4
NIFTY50,26000,BULLISH,10,25 Nov 25,01:03 PM,38.09,25 Nov 25,01:11 PM,50.23,tsl_hit,3035.0,31.87,8
NIFTY50,26000,BULLISH,7,25 Nov 25,02:23 PM,57.78,25 Nov 25,02:25 PM,52.56,hard_sl_hit,-913.5,-9.03,2
NIFTY50,25950,BULLISH,6,25 Nov 25,02:32 PM,69.73,25 Nov 25,02:38 PM,62.27,hard_sl_hit,-1119.0,-10.7,6
NIFTY50,25950,BEARISH,5,26 Nov 25,09:17 AM,69.56,26 Nov 25,09:19 AM,60.23,hard_sl_hit,-1166.25,-13.41,2
NIFTY50,26100,BEARISH,7,26 Nov 25,10:50 AM,55.78,26 Nov 25,10:55 AM,34.13,hard_sl_hit,-3788.75,-38.81,5
NIFTY50,26150,BEARISH,13,26 Nov 25,12:01 PM,28.85,26 Nov 25,12:02 PM,25.37,hard_sl_hit,-1131.0,-12.06,1
NIFTY50,26200,BULLISH,28,26 Nov 25,01:26 PM,13.46,26 Nov 25,01:27 PM,10.48,hard_sl_hit,-2086.0,-22.14,1
NIFTY50,26250,BEARISH,23,27 Nov 25,09:17 AM,16.1,27 Nov 25,09:18 AM,3.5,hard_sl_hit,-7245.0,-78.26,1
NIFTY50,26200,BULLISH,2,28 Nov 25,09:17 AM,137.42,28 Nov 25,09:21 AM,149.27,tsl_hit,592.5,8.62,4
NIFTY50,26250,BEARISH,3,28 Nov 25,10:07 AM,97.5,28 Nov 25,10:12 AM,97.21,time_stop,-21.75,-0.3,5
NIFTY50,26250,BULLISH,4,28 Nov 25,12:11 PM,70.45,28 Nov 25,12:18 PM,63.89,hard_sl_hit,-656.0,-9.31,7
NIFTY50,26200,BULLISH,4,28 Nov 25,12:50 PM,80.42,28 Nov 25,01:02 PM,85.64,tsl_hit,522.0,6.49,12
NIFTY50,26200,BULLISH,4,28 Nov 25,01:22 PM,78.94,28 Nov 25,01:26 PM,84.85,tsl_hit,591.0,7.49,4
NIFTY50,26200,BULLISH,4,28 Nov 25,03:16 PM,72.38,28 Nov 25,03:29 PM,74.54,tsl_hit,216.0,2.98,13
NIFTY50,26300,BEARISH,4,01 Dec 25,09:17 AM,88.11,01 Dec 25,09:48 AM,90.61,tsl_hit,250.0,2.84,31
NIFTY50,26200,BEARISH,4,01 Dec 25,01:00 PM,70.99,01 Dec 25,01:17 PM,64.52,hard_sl_hit,-647.0,-9.11,17
NIFTY50,26150,BULLISH,5,02 Dec 25,09:17 AM,69.24,02 Dec 25,09:24 AM,79.54,tsl_hit,1287.5,14.88,7
NIFTY50,26100,BEARISH,8,02 Dec 25,12:37 PM,44.21,02 Dec 25,01:04 PM,62.98,tsl_hit,3754.0,42.46,27
NIFTY50,26000,BULLISH,6,02 Dec 25,02:39 PM,61.89,02 Dec 25,02:44 PM,60.13,time_stop,-264.0,-2.84,5
NIFTY50,25950,BULLISH,6,03 Dec 25,09:30 AM,61.77,03 Dec 25,09:33 AM,50.97,hard_sl_hit,-1620.0,-17.48,3
NIFTY50,25950,BEARISH,12,03 Dec 25,12:06 PM,29.3,03 Dec 25,12:08 PM,29.31,tsl_hit,3.0,0.03,2
NIFTY50,25950,BULLISH,40,04 Dec 25,09:17 AM,9.1,04 Dec 25,09:19 AM,0.05,hard_sl_hit,-9050.0,-99.45,2
NIFTY50,26100,BEARISH,14,04 Dec 25,10:33 AM,21.95,04 Dec 25,10:34 AM,15.35,hard_sl_hit,-2310.0,-30.07,1
NIFTY50,26050,BEARISH,2,05 Dec 25,10:07 AM,111.08,05 Dec 25,10:17 AM,100.17,hard_sl_hit,-545.5,-9.82,10
NIFTY50,26150,BULLISH,3,05 Dec 25,02:35 PM,91.21,05 Dec 25,02:46 PM,79.54,hard_sl_hit,-875.25,-12.79,11
NIFTY50,26150,BULLISH,3,05 Dec 25,02:48 PM,80.09,05 Dec 25,03:28 PM,119.2,tsl_hit,2933.25,48.83,40
NIFTY50,26150,BULLISH,3,08 Dec 25,09:17 AM,93.68,08 Dec 25,09:25 AM,93.38,tsl_hit,-22.5,-0.32,8
NIFTY50,26050,BULLISH,3,08 Dec 25,11:03 AM,83.05,08 Dec 25,11:08 AM,74.88,hard_sl_hit,-612.75,-9.84,5
NIFTY50,26050,BULLISH,4,08 Dec 25,11:44 AM,73.47,08 Dec 25,11:54 AM,66.85,hard_sl_hit,-662.0,-9.01,10
NIFTY50,26050,BULLISH,5,08 Dec 25,12:16 PM,56.62,08 Dec 25,12:21 PM,52.09,time_stop,-566.25,-8.0,5
NIFTY50,26000,BULLISH,4,08 Dec 25,12:32 PM,72.85,08 Dec 25,12:37 PM,70.55,time_stop,-230.0,-3.16,5
NIFTY50,25800,BULLISH,3,09 Dec 25,11:47 AM,91.01,09 Dec 25,12:00 PM,105.64,tsl_hit,1097.25,16.08,13
NIFTY50,25850,BEARISH,5,09 Dec 25,03:03 PM,62.2,09 Dec 25,03:08 PM,60.84,time_stop,-170.0,-2.19,5
NIFTY50,25750,BEARISH,9,10 Dec 25,03:04 PM,34.69,10 Dec 25,03:06 PM,37.31,tsl_hit,589.5,7.55,2
NIFTY50,25750,BULLISH,35,11 Dec 25,09:15 AM,9.0,11 Dec 25,09:16 AM,0.05,hard_sl_hit,-7831.25,-99.44,1
NIFTY50,25800,BEARISH,13,11 Dec 25,09:23 AM,21.3,11 Dec 25,09:25 AM,20.25,tsl_hit,-341.25,-4.93,2
NIFTY50,25900,BEARISH,75,11 Dec 25,01:58 PM,3.75,11 Dec 25,02:07 PM,31.75,tsl_hit,52500.0,746.67,9
NIFTY50,26000,BEARISH,3,12 Dec 25,09:17 AM,146.2,12 Dec 25,09:22 AM,136.42,time_stop,-733.5,-6.69,5
NIFTY50,26000,BEARISH,4,12 Dec 25,11:05 AM,103.06,12 Dec 25,11:10 AM,91.13,hard_sl_hit,-1193.0,-11.58,5
NIFTY50,26000,BEARISH,6,12 Dec 25,11:26 AM,78.72,12 Dec 25,11:48 AM,70.14,hard_sl_hit,-1287.0,-10.9,22
NIFTY50,26050,BEARISH,6,12 Dec 25,11:55 AM,83.59,12 Dec 25,12:02 PM,73.52,hard_sl_hit,-1510.5,-12.05,7
NIFTY50,26050,BEARISH,12,12 Dec 25,02:07 PM,39.68,12 Dec 25,02:17 PM,40.25,tsl_hit,171.0,1.44,10
NIFTY50,26050,BEARISH,11,12 Dec 25,03:02 PM,43.31,12 Dec 25,03:09 PM,39.38,hard_sl_hit,-1080.75,-9.07,7
NIFTY50,25950,BULLISH,4,15 Dec 25,09:17 AM,114.37,15 Dec 25,09:22 AM,105.84,time_stop,-853.0,-7.46,5
NIFTY50,25950,BULLISH,6,16 Dec 25,09:18 AM,80.32,16 Dec 25,09:22 AM,81.7,tsl_hit,207.0,1.72,4
NIFTY50,25900,BULLISH,12,16 Dec 25,11:37 AM,40.31,16 Dec 25,11:40 AM,36.07,hard_sl_hit,-1272.0,-10.52,3
NIFTY50,25900,BEARISH,18,16 Dec 25,12:30 PM,26.38,16 Dec 25,12:31 PM,23.95,hard_sl_hit,-1093.5,-9.21,1
NIFTY50,25900,BEARISH,12,16 Dec 25,01:42 PM,38.8,16 Dec 25,01:45 PM,35.14,hard_sl_hit,-1098.0,-9.43,3
NIFTY50,25900,BEARISH,9,17 Dec 25,09:17 AM,48.73,17 Dec 25,09:20 AM,49.45,tsl_hit,162.0,1.48,3
NIFTY50,25800,BEARISH,20,17 Dec 25,03:02 PM,22.94,17 Dec 25,03:19 PM,24.84,tsl_hit,950.0,8.28,17
NIFTY50,25850,BULLISH,101,18 Dec 25,01:37 PM,4.7,18 Dec 25,01:39 PM,7.1,tsl_hit,6060.0,51.06,2
NIFTY50,25950,BULLISH,6,19 Dec 25,11:32 AM,72.61,19 Dec 25,11:44 AM,64.85,hard_sl_hit,-1164.0,-10.69,12
NIFTY50,26100,BULLISH,3,22 Dec 25,09:15 AM,139.19,22 Dec 25,09:38 AM,159.59,tsl_hit,1530.0,14.66,23
NIFTY50,26200,BEARISH,12,22 Dec 25,03:04 PM,41.96,22 Dec 25,03:14 PM,43.27,tsl_hit,393.0,3.12,10
NIFTY50,26150,BULLISH,11,23 Dec 25,09:15 AM,46.17,23 Dec 25,09:16 AM,40.08,hard_sl_hit,-1674.75,-13.19,1
NIFTY50,26150,BULLISH,11,23 Dec 25,09:18 AM,42.97,23 Dec 25,09:22 AM,43.61,tsl_hit,176.0,1.49,4
NIFTY50,26150,BULLISH,11,23 Dec 25,09:47 AM,42.26,23 Dec 25,10:00 AM,60.61,tsl_hit,5046.25,43.42,13
NIFTY50,26200,BULLISH,22,23 Dec 25,01:46 PM,23.29,23 Dec 25,01:50 PM,24.02,tsl_hit,401.5,3.13,4
NIFTY50,26200,BULLISH,10,23 Dec 25,02:36 PM,49.11,23 Dec 25,02:40 PM,45.58,tsl_hit,-882.5,-7.19,4
NIFTY50,26200,BULLISH,30,24 Dec 25,11:48 AM,17.2,24 Dec 25,11:53 AM,15.56,hard_sl_hit,-1230.0,-9.53,5
NIFTY50,26150,BULLISH,19,24 Dec 25,01:34 PM,26.63,24 Dec 25,01:42 PM,22.98,hard_sl_hit,-1733.75,-13.71,8
NIFTY50,26150,BEARISH,51,24 Dec 25,01:54 PM,9.94,24 Dec 25,01:58 PM,16.05,tsl_hit,7790.25,61.47,4
NIFTY50,26150,BULLISH,30,24 Dec 25,02:28 PM,17.88,24 Dec 25,02:31 PM,23.47,tsl_hit,4192.5,31.26,3
NIFTY50,26100,BULLISH,4,26 Dec 25,09:17 AM,129.92,26 Dec 25,09:31 AM,133.36,tsl_hit,344.0,2.65,14
NIFTY50,26100,BEARISH,7,26 Dec 25,10:32 AM,80.01,26 Dec 25,10:37 AM,75.36,time_stop,-813.75,-5.81,5
NIFTY50,26050,BULLISH,6,26 Dec 25,11:14 AM,83.0,26 Dec 25,11:19 AM,76.97,time_stop,-904.5,-7.27,5
NIFTY50,26050,BULLISH,7,26 Dec 25,11:37 AM,71.32,26 Dec 25,11:42 AM,69.11,time_stop,-386.75,-3.1,5
NIFTY50,26000,BULLISH,8,26 Dec 25,02:52 PM,67.12,26 Dec 25,03:15 PM,86.96,tsl_hit,3968.0,29.56,23
NIFTY50,25950,BULLISH,13,29 Dec 25,12:43 PM,43.3,29 Dec 25,12:48 PM,43.25,tsl_hit,-16.25,-0.12,5
NIFTY50,25950,BULLISH,13,29 Dec 25,01:19 PM,41.37,29 Dec 25,01:24 PM,38.99,time_stop,-773.5,-5.75,5
NIFTY50,25950,BULLISH,16,29 Dec 25,01:41 PM,33.74,29 Dec 25,01:47 PM,40.42,tsl_hit,2672.0,19.8,6
NIFTY50,25950,BULLISH,19,29 Dec 25,02:20 PM,30.22,29 Dec 25,02:28 PM,55.15,tsl_hit,11841.75,82.5,8
NIFTY50,25900,BULLISH,8,30 Dec 25,09:17 AM,72.08,30 Dec 25,09:20 AM,61.51,hard_sl_hit,-2114.0,-14.66,3
NIFTY50,25900,BEARISH,24,30 Dec 25,12:51 PM,24.99,30 Dec 25,01:00 PM,28.55,tsl_hit,2136.0,14.25,9
NIFTY50,25900,BEARISH,23,30 Dec 25,01:21 PM,26.6,30 Dec 25,01:27 PM,23.22,hard_sl_hit,-1943.5,-12.71,6
NIFTY50,25950,BULLISH,15,30 Dec 25,03:03 PM,40.02,30 Dec 25,03:07 PM,47.37,tsl_hit,2756.25,18.37,4
NIFTY50,26000,BEARISH,17,31 Dec 25,09:17 AM,37.35,31 Dec 25,09:22 AM,36.24,time_stop,-471.75,-2.97,5
NIFTY50,26150,BULLISH,20,31 Dec 25,02:25 PM,31.63,31 Dec 25,02:30 PM,32.51,tsl_hit,440.0,2.78,5
NIFTY50,26150,BULLISH,27,31 Dec 25,03:06 PM,22.74,31 Dec 25,03:07 PM,20.56,hard_sl_hit,-1471.5,-9.59,1
NIFTY50,26200,BEARISH,30,01 Jan 26,09:18 AM,20.5,01 Jan 26,09:21 AM,28.1,tsl_hit,5700.0,37.07,3
NIFTY50,26150,BULLISH,59,01 Jan 26,02:24 PM,10.95,01 Jan 26,02:25 PM,9.1,hard_sl_hit,-2728.75,-16.89,1
NIFTY50,26150,BULLISH,77,01 Jan 26,02:51 PM,8.25,01 Jan 26,02:54 PM,5.4,hard_sl_hit,-5486.25,-34.55,3
NIFTY50,26150,BEARISH,8,02 Jan 26,09:18 AM,70.75,02 Jan 26,09:23 AM,61.82,hard_sl_hit,-1786.0,-12.62,5
NIFTY50,26300,BULLISH,10,02 Jan 26,12:51 PM,56.76,02 Jan 26,01:26 PM,62.2,tsl_hit,1360.0,9.58,35
NIFTY50,26300,BULLISH,10,02 Jan 26,02:00 PM,58.01,02 Jan 26,02:05 PM,54.76,time_stop,-812.5,-5.6,5
NIFTY50,26300,BEARISH,28,02 Jan 26,02:25 PM,21.44,02 Jan 26,02:45 PM,37.76,tsl_hit,11424.0,76.12,20
NIFTY50,26300,BULLISH,9,05 Jan 26,12:04 PM,72.88,05 Jan 26,12:08 PM,72.39,tsl_hit,-110.25,-0.67,4
NIFTY50,26150,BULLISH,14,07 Jan 26,09:17 AM,45.71,07 Jan 26,09:19 AM,44.54,tsl_hit,-409.5,-2.56,2
NIFTY50,26150,BEARISH,10,07 Jan 26,10:02 AM,62.34,07 Jan 26,10:08 AM,54.96,hard_sl_hit,-1845.0,-11.84,6
NIFTY50,26150,BULLISH,11,07 Jan 26,10:30 AM,55.0,07 Jan 26,10:33 AM,56.1,tsl_hit,302.5,2.0,3
NIFTY50,26100,BULLISH,27,07 Jan 26,12:45 PM,23.95,07 Jan 26,12:46 PM,21.29,hard_sl_hit,-1795.5,-11.11,1
NIFTY50,26100,BULLISH,32,08 Jan 26,09:17 AM,20.15,08 Jan 26,09:20 AM,8.75,hard_sl_hit,-9120.0,-56.58,3
NIFTY50,26000,BULLISH,28,08 Jan 26,10:54 AM,21.55,08 Jan 26,10:55 AM,19.1,hard_sl_hit,-1715.0,-11.37,1
NIFTY50,25950,BULLISH,26,08 Jan 26,11:23 AM,23.0,08 Jan 26,11:24 AM,19.0,hard_sl_hit,-2600.0,-17.39,1
NIFTY50,26000,BEARISH,34,08 Jan 26,11:41 AM,16.85,08 Jan 26,11:51 AM,39.1,tsl_hit,18912.5,132.05,10
NIFTY50,25900,BULLISH,34,08 Jan 26,02:31 PM,19.35,08 Jan 26,02:34 PM,32.5,tsl_hit,11177.5,67.96,3
NIFTY50,25900,BULLISH,52,08 Jan 26,02:58 PM,13.7,08 Jan 26,02:59 PM,11.15,hard_sl_hit,-3315.0,-18.61,1
NIFTY50,25900,BEARISH,7,09 Jan 26,09:20 AM,96.57,09 Jan 26,09:30 AM,137.64,tsl_hit,7187.25,42.53,10
NIFTY50,25800,BULLISH,4,09 Jan 26,11:19 AM,159.94,09 Jan 26,11:24 AM,143.72,hard_sl_hit,-1622.0,-10.14,5
NIFTY50,25800,BEARISH,7,09 Jan 26,11:33 AM,99.09,09 Jan 26,11:55 AM,121.14,tsl_hit,3858.75,22.25,22
NIFTY50,25700,BULLISH,7,09 Jan 26,12:39 PM,100.85,09 Jan 26,12:44 PM,99.31,time_stop,-269.5,-1.53,5
NIFTY50,25650,BULLISH,7,09 Jan 26,02:43 PM,102.71,09 Jan 26,02:51 PM,112.42,tsl_hit,1699.25,9.45,8
NIFTY50,25650,BEARISH,10,12 Jan 26,09:15 AM,73.89,12 Jan 26,09:18 AM,103.44,tsl_hit,7387.5,39.99,3
NIFTY50,25500,BULLISH,7,12 Jan 26,11:20 AM,103.63,12 Jan 26,11:25 AM,99.98,time_stop,-638.75,-3.52,5
NIFTY50,25750,BEARISH,10,12 Jan 26,02:26 PM,73.59,12 Jan 26,02:31 PM,69.96,time_stop,-907.5,-4.93,5
NIFTY50,25850,BEARISH,12,13 Jan 26,09:17 AM,60.47,13 Jan 26,09:22 AM,85.21,tsl_hit,7422.0,40.91,5
NIFTY50,25700,BULLISH,10,14 Jan 26,09:49 AM,76.99,14 Jan 26,09:56 AM,104.36,tsl_hit,6842.5,35.55,7
NIFTY50,25700,BULLISH,11,14 Jan 26,10:20 AM,72.28,14 Jan 26,10:25 AM,67.93,time_stop,-1196.25,-6.02,5
NIFTY50,25700,BEARISH,10,14 Jan 26,10:43 AM,79.64,14 Jan 26,10:47 AM,85.84,tsl_hit,1550.0,7.79,4
NIFTY50,25750,BEARISH,14,14 Jan 26,11:19 AM,56.9,14 Jan 26,11:21 AM,50.33,hard_sl_hit,-2299.5,-11.55,2
NIFTY50,25750,BULLISH,19,14 Jan 26,12:53 PM,41.78,14 Jan 26,12:58 PM,39.83,time_stop,-926.25,-4.67,5
NIFTY50,25750,BEARISH,26,14 Jan 26,01:12 PM,31.43,14 Jan 26,01:15 PM,33.28,tsl_hit,1202.5,5.89,3
NIFTY50,25750,BEARISH,6,16 Jan 26,10:07 AM,132.24,16 Jan 26,10:12 AM,121.11,time_stop,-1669.5,-8.42,5
NIFTY50,25800,BULLISH,8,16 Jan 26,12:01 PM,93.4,16 Jan 26,12:16 PM,116.65,tsl_hit,4650.0,24.89,15
NIFTY50,25750,BULLISH,7,16 Jan 26,01:04 PM,108.55,16 Jan 26,01:12 PM,95.44,hard_sl_hit,-2294.25,-12.08,8
NIFTY50,25700,BEARISH,7,16 Jan 26,02:28 PM,112.55,16 Jan 26,02:42 PM,100.44,hard_sl_hit,-2119.25,-10.76,14
NIFTY50,25600,BULLISH,4,19 Jan 26,09:17 AM,189.31,19 Jan 26,09:30 AM,168.03,hard_sl_hit,-2128.0,-11.24,13
NIFTY50,25500,BULLISH,3,19 Jan 26,10:30 AM,206.86,19 Jan 26,10:55 AM,117.88,hard_sl_hit,-6673.5,-43.01,25
NIFTY50,25600,BEARISH,12,19 Jan 26,01:54 PM,63.69,19 Jan 26,01:57 PM,57.84,hard_sl_hit,-1755.0,-9.19,3
NIFTY50,25400,BULLISH,21,20 Jan 26,01:38 PM,36.15,20 Jan 26,01:40 PM,30.93,hard_sl_hit,-2740.5,-14.44,2
NIFTY50,25300,BULLISH,13,20 Jan 26,03:04 PM,55.85,20 Jan 26,03:08 PM,57.32,tsl_hit,477.75,2.63,4
NIFTY50,25150,BULLISH,6,21 Jan 26,10:03 AM,113.96,21 Jan 26,10:21 AM,100.08,hard_sl_hit,-2082.0,-12.18,18
NIFTY50,25000,BULLISH,6,21 Jan 26,10:47 AM,118.78,21 Jan 26,10:52 AM,111.91,time_stop,-1030.5,-5.78,5
NIFTY50,25050,BEARISH,9,21 Jan 26,11:15 AM,80.52,21 Jan 26,11:17 AM,70.85,hard_sl_hit,-2175.75,-12.01,2
NIFTY50,25150,BEARISH,9,21 Jan 26,12:21 PM,78.44,21 Jan 26,12:22 PM,71.36,hard_sl_hit,-1593.0,-9.03,1
NIFTY50,25250,BULLISH,10,21 Jan 26,01:12 PM,68.17,21 Jan 26,01:16 PM,58.88,hard_sl_hit,-2322.5,-13.63,4
NIFTY50,25200,BEARISH,8,21 Jan 26,02:20 PM,88.16,21 Jan 26,02:24 PM,101.32,tsl_hit,2632.0,14.93,4
NIFTY50,25150,BEARISH,13,21 Jan 26,03:06 PM,56.58,21 Jan 26,03:08 PM,55.84,tsl_hit,-240.5,-1.31,2
NIFTY50,25300,BULLISH,4,23 Jan 26,10:50 AM,163.8,23 Jan 26,10:55 AM,153.88,time_stop,-992.0,-6.06,5
NIFTY50,25300,BEARISH,6,23 Jan 26,11:14 AM,115.55,23 Jan 26,11:23 AM,119.65,tsl_hit,615.0,3.55,9
NIFTY50,25200,BULLISH,5,23 Jan 26,11:43 AM,129.56,23 Jan 26,11:47 AM,116.18,hard_sl_hit,-1672.5,-10.33,4
NIFTY50,24950,BULLISH,5,27 Jan 26,09:23 AM,132.96,27 Jan 26,09:30 AM,129.59,tsl_hit,-421.25,-2.53,7
NIFTY50,25050,BEARISH,5,27 Jan 26,09:41 AM,127.67,27 Jan 26,09:43 AM,106.58,hard_sl_hit,-2636.25,-16.52,2
NIFTY50,25100,BEARISH,12,27 Jan 26,01:32 PM,58.81,27 Jan 26,01:40 PM,104.31,tsl_hit,13650.0,77.37,8
NIFTY50,25050,BULLISH,8,27 Jan 26,01:41 PM,89.16,27 Jan 26,01:43 PM,78.92,hard_sl_hit,-2048.0,-11.48,2
NIFTY50,25050,BULLISH,11,27 Jan 26,02:07 PM,70.09,27 Jan 26,02:13 PM,81.3,tsl_hit,3082.75,15.99,6
NIFTY50,25050,BEARISH,9,27 Jan 26,02:33 PM,80.84,27 Jan 26,02:38 PM,65.7,hard_sl_hit,-3406.5,-18.73,5
NIFTY50,25300,BEARISH,12,28 Jan 26,09:18 AM,60.5,28 Jan 26,09:19 AM,54.74,hard_sl_hit,-1728.0,-9.52,1
NIFTY50,25300,BEARISH,16,28 Jan 26,11:07 AM,46.87,28 Jan 26,11:13 AM,45.1,tsl_hit,-708.0,-3.78,6
NIFTY50,25250,BULLISH,23,28 Jan 26,01:24 PM,32.36,28 Jan 26,01:25 PM,28.15,hard_sl_hit,-2420.75,-13.01,1
NIFTY50,25200,BULLISH,19,28 Jan 26,01:47 PM,39.26,28 Jan 26,01:48 PM,33.96,hard_sl_hit,-2517.5,-13.5,1
NIFTY50,25250,BULLISH,31,29 Jan 26,09:18 AM,23.75,29 Jan 26,09:20 AM,11.2,hard_sl_hit,-9726.25,-52.84,2
NIFTY50,25300,BEARISH,30,29 Jan 26,12:11 PM,22.9,29 Jan 26,12:13 PM,25.75,tsl_hit,2137.5,12.45,2
NIFTY50,25250,BULLISH,2,30 Jan 26,09:17 AM,298.3,30 Jan 26,09:29 AM,298.16,tsl_hit,-7.0,-0.05,12
NIFTY50,25300,BULLISH,5,01 Feb 26,09:17 AM,123.53,01 Feb 26,09:21 AM,125.34,tsl_hit,226.25,1.47,4
NIFTY50,25350,BEARISH,5,01 Feb 26,09:47 AM,128.33,01 Feb 26,09:52 AM,141.08,tsl_hit,1593.75,9.94,5
NIFTY50,25450,BEARISH,8,01 Feb 26,11:11 AM,88.66,01 Feb 26,11:16 AM,110.4,tsl_hit,4348.0,24.52,5
NIFTY50,25300,BULLISH,5,01 Feb 26,11:44 AM,130.23,01 Feb 26,11:54 AM,135.9,tsl_hit,708.75,4.35,10
NIFTY50,25250,BULLISH,4,01 Feb 26,12:03 PM,150.21,01 Feb 26,12:11 PM,233.16,tsl_hit,8295.0,55.22,8
NIFTY50,25050,BULLISH,2,01 Feb 26,12:22 PM,281.17,01 Feb 26,12:26 PM,287.05,tsl_hit,294.0,2.09,4
NIFTY50,25000,BULLISH,1,01 Feb 26,01:55 PM,475.0,01 Feb 26,02:08 PM,431.39,hard_sl_hit,-1090.25,-9.18,13
NIFTY50,25800,BEARISH,1,03 Feb 26,09:17 AM,657.41,03 Feb 26,09:22 AM,619.99,time_stop,-935.5,-5.69,5
NIFTY50,25800,BULLISH,11,03 Feb 26,12:27 PM,68.07,03 Feb 26,12:28 PM,60.41,hard_sl_hit,-2106.5,-11.25,1
NIFTY50,25800,BEARISH,13,03 Feb 26,01:03 PM,54.16,03 Feb 26,01:12 PM,53.65,tsl_hit,-165.75,-0.94,9
NIFTY50,25750,BULLISH,10,03 Feb 26,01:28 PM,71.07,03 Feb 26,01:33 PM,69.59,time_stop,-370.0,-2.08,5
NIFTY50,25750,BULLISH,9,03 Feb 26,02:02 PM,82.97,03 Feb 26,02:10 PM,85.62,tsl_hit,596.25,3.19,8
NIFTY50,25750,BEARISH,9,03 Feb 26,03:00 PM,78.81,03 Feb 26,03:06 PM,89.02,tsl_hit,2297.25,12.96,6
NIFTY50,25700,BULLISH,9,04 Feb 26,09:17 AM,83.56,04 Feb 26,09:19 AM,81.96,tsl_hit,-360.0,-1.91,2
NIFTY50,25750,BULLISH,18,04 Feb 26,03:24 PM,40.55,04 Feb 26,03:28 PM,33.1,hard_sl_hit,-3352.5,-18.37,4
NIFTY50,25650,BEARISH,79,05 Feb 26,01:01 PM,9.35,05 Feb 26,01:03 PM,10.05,tsl_hit,1382.5,7.49,2
NIFTY50,25850,BULLISH,3,09 Feb 26,09:15 AM,188.47,09 Feb 26,09:20 AM,178.73,time_stop,-730.5,-5.17,5
NIFTY50,25850,BULLISH,13,09 Feb 26,11:34 AM,54.11,09 Feb 26,11:42 AM,58.1,tsl_hit,1296.75,7.37,8
NIFTY50,25850,BULLISH,18,09 Feb 26,12:33 PM,40.14,09 Feb 26,12:36 PM,42.0,tsl_hit,837.0,4.63,3
NIFTY50,25850,BULLISH,20,09 Feb 26,02:43 PM,37.64,09 Feb 26,02:49 PM,42.07,tsl_hit,2215.0,11.77,6
NIFTY50,25950,BEARISH,12,10 Feb 26,09:18 AM,62.66,10 Feb 26,09:24 AM,70.68,tsl_hit,2406.0,12.8,6
NIFTY50,25950,BEARISH,12,10 Feb 26,09:37 AM,60.06,10 Feb 26,09:42 AM,54.89,time_stop,-1551.0,-8.61,5
NIFTY50,25950,BEARISH,35,10 Feb 26,12:01 PM,21.94,10 Feb 26,12:12 PM,23.65,tsl_hit,1496.25,7.79,11
NIFTY50,25950,BULLISH,22,10 Feb 26,01:25 PM,34.05,10 Feb 26,01:28 PM,38.95,tsl_hit,2695.0,14.39,3
NIFTY50,26000,BEARISH,14,11 Feb 26,09:17 AM,55.07,11 Feb 26,09:21 AM,58.12,tsl_hit,1067.5,5.54,4
NIFTY50,25950,BULLISH,22,11 Feb 26,12:01 PM,35.25,11 Feb 26,12:03 PM,34.02,tsl_hit,-676.5,-3.49,2
NIFTY50,25900,BULLISH,17,11 Feb 26,12:41 PM,46.48,11 Feb 26,12:42 PM,36.86,hard_sl_hit,-4088.5,-20.7,1
NIFTY50,25900,BULLISH,18,11 Feb 26,12:44 PM,41.61,11 Feb 26,12:45 PM,37.5,hard_sl_hit,-1849.5,-9.88,1
NIFTY50,25950,BEARISH,24,11 Feb 26,02:12 PM,31.72,11 Feb 26,02:14 PM,27.6,hard_sl_hit,-2472.0,-12.99,2
NIFTY50,25950,BEARISH,32,11 Feb 26,03:02 PM,23.51,11 Feb 26,03:08 PM,25.5,tsl_hit,1592.0,8.46,6
NIFTY50,25950,BULLISH,24,11 Feb 26,03:27 PM,31.27,11 Feb 26,03:29 PM,28.43,hard_sl_hit,-1704.0,-9.08,2
NIFTY50,25850,BULLISH,144,12 Feb 26,09:19 AM,5.25,12 Feb 26,09:20 AM,3.8,hard_sl_hit,-5220.0,-27.62,1
NIFTY50,25800,BULLISH,41,12 Feb 26,11:39 AM,17.6,12 Feb 26,11:44 AM,28.4,tsl_hit,11070.0,61.36,5
NIFTY50,25850,BEARISH,94,12 Feb 26,12:35 PM,8.3,12 Feb 26,12:42 PM,7.95,tsl_hit,-822.5,-4.22,7
NIFTY50,25850,BEARISH,33,12 Feb 26,02:26 PM,23.45,12 Feb 26,02:30 PM,24.5,tsl_hit,866.25,4.48,4
NIFTY50,25800,BULLISH,49,12 Feb 26,02:40 PM,15.65,12 Feb 26,02:42 PM,11.9,hard_sl_hit,-4593.75,-23.96,2
NIFTY50,25600,BULLISH,2,13 Feb 26,09:17 AM,352.95,13 Feb 26,10:16 AM,319.86,hard_sl_hit,-1654.5,-9.38,59
NIFTY50,25550,BEARISH,11,13 Feb 26,12:04 PM,65.8,13 Feb 26,12:09 PM,63.36,time_stop,-671.0,-3.71,5
NIFTY50,25550,BULLISH,7,13 Feb 26,12:52 PM,105.59,13 Feb 26,12:57 PM,101.09,time_stop,-787.5,-4.26,5
NIFTY50,25500,BULLISH,6,13 Feb 26,02:39 PM,115.34,13 Feb 26,02:44 PM,113.76,time_stop,-237.0,-1.37,5
NIFTY50,25500,BULLISH,6,13 Feb 26,03:02 PM,109.26,13 Feb 26,03:06 PM,96.79,hard_sl_hit,-1870.5,-11.41,4
NIFTY50,25450,BULLISH,6,13 Feb 26,03:28 PM,111.23,16 Feb 26,09:15 AM,69.25,hard_sl_hit,-6297.0,-37.74,2
NIFTY50,25550,BEARISH,6,16 Feb 26,10:04 AM,104.86,16 Feb 26,10:51 AM,108.23,tsl_hit,505.5,3.21,47
NIFTY50,25550,BEARISH,12,16 Feb 26,12:04 PM,55.98,16 Feb 26,12:10 PM,50.03,hard_sl_hit,-1785.0,-10.63,6
NIFTY50,25600,BEARISH,12,16 Feb 26,12:32 PM,55.46,16 Feb 26,12:42 PM,53.76,tsl_hit,-510.0,-3.07,10
NIFTY50,25600,BEARISH,13,16 Feb 26,01:42 PM,51.12,16 Feb 26,01:50 PM,51.07,tsl_hit,-16.25,-0.1,8
NIFTY50,25550,BULLISH,10,16 Feb 26,01:58 PM,69.7,16 Feb 26,02:03 PM,76.59,tsl_hit,1722.5,9.89,5
NIFTY50,25600,BULLISH,7,17 Feb 26,09:18 AM,94.91,17 Feb 26,09:20 AM,85.32,hard_sl_hit,-1678.25,-10.1,2
NIFTY50,25750,BEARISH,18,17 Feb 26,12:55 PM,37.22,17 Feb 26,01:02 PM,45.27,tsl_hit,3622.5,21.63,7
NIFTY50,25750,BULLISH,16,17 Feb 26,01:06 PM,44.24,17 Feb 26,01:11 PM,55.1,tsl_hit,4344.0,24.55,5
NIFTY50,25700,BEARISH,25,18 Feb 26,11:36 AM,28.65,18 Feb 26,11:44 AM,37.64,tsl_hit,5618.75,31.38,8
NIFTY50,25700,BEARISH,31,18 Feb 26,12:03 PM,23.88,18 Feb 26,12:07 PM,20.54,hard_sl_hit,-2588.5,-13.99,4
NIFTY50,25700,BULLISH,19,18 Feb 26,12:28 PM,38.39,18 Feb 26,12:40 PM,42.76,tsl_hit,2075.75,11.38,12
NIFTY50,25700,BULLISH,19,18 Feb 26,12:52 PM,38.88,18 Feb 26,12:55 PM,42.8,tsl_hit,1862.0,10.08,3
NIFTY50,25550,BULLISH,5,20 Feb 26,03:09 PM,146.94,20 Feb 26,03:14 PM,143.99,time_stop,-368.75,-2.01,5
NIFTY50,25700,BEARISH,10,23 Feb 26,02:32 PM,75.1,23 Feb 26,02:34 PM,72.71,tsl_hit,-597.5,-3.18,2
NIFTY50,25600,BULLISH,6,24 Feb 26,09:17 AM,121.48,24 Feb 26,09:21 AM,107.72,hard_sl_hit,-2064.0,-11.33,4
NIFTY50,25500,BULLISH,6,24 Feb 26,10:51 AM,110.25,24 Feb 26,10:55 AM,58.41,hard_sl_hit,-7776.0,-47.02,4
NIFTY50,25400,BULLISH,15,24 Feb 26,12:49 PM,46.62,24 Feb 26,12:57 PM,51.1,tsl_hit,1680.0,9.61,8
NIFTY50,25350,BULLISH,14,24 Feb 26,01:35 PM,50.73,24 Feb 26,01:40 PM,75.08,tsl_hit,8522.5,48.0,5
NIFTY50,25550,BEARISH,10,25 Feb 26,09:17 AM,72.25,25 Feb 26,09:21 AM,63.68,hard_sl_hit,-2142.5,-11.86,4
NIFTY50,25600,BULLISH,28,25 Feb 26,11:43 AM,26.62,25 Feb 26,11:51 AM,43.7,tsl_hit,11956.0,64.16,8
NIFTY50,25600,BULLISH,23,25 Feb 26,12:23 PM,33.9,25 Feb 26,12:27 PM,30.39,hard_sl_hit,-2018.25,-10.35,4
NIFTY50,25450,BULLISH,15,25 Feb 26,02:05 PM,51.85,25 Feb 26,02:06 PM,46.01,hard_sl_hit,-2190.0,-11.26,1
NIFTY50,25550,BEARISH,197,26 Feb 26,09:17 AM,4.0,26 Feb 26,09:19 AM,14.9,tsl_hit,53682.5,272.5,2
NIFTY50,25500,BULLISH,74,26 Feb 26,09:56 AM,13.9,26 Feb 26,09:58 AM,7.95,hard_sl_hit,-11007.5,-42.81,2
NIFTY50,25450,BULLISH,86,26 Feb 26,11:44 AM,11.35,26 Feb 26,11:49 AM,33.35,tsl_hit,47300.0,193.83,5
NIFTY50,25400,BULLISH,5,27 Feb 26,09:17 AM,210.98,27 Feb 26,09:28 AM,210.04,tsl_hit,-117.5,-0.45,11
NIFTY50,25300,BULLISH,12,27 Feb 26,02:31 PM,94.46,27 Feb 26,02:40 PM,93.85,tsl_hit,-183.0,-0.65,9
NIFTY50,24850,BULLISH,3,02 Mar 26,09:17 AM,394.99,02 Mar 26,09:23 AM,405.8,tsl_hit,810.75,2.74,6
NIFTY50,24900,BULLISH,2,02 Mar 26,09:56 AM,401.42,02 Mar 26,10:04 AM,402.27,tsl_hit,42.5,0.21,8
NIFTY50,24850,BULLISH,3,02 Mar 26,10:46 AM,385.34,02 Mar 26,10:55 AM,157.11,hard_sl_hit,-17117.25,-59.23,9
NIFTY50,24800,BULLISH,9,02 Mar 26,11:31 AM,112.25,02 Mar 26,11:36 AM,106.44,time_stop,-1307.25,-5.18,5
NIFTY50,24700,BULLISH,12,02 Mar 26,12:41 PM,90.38,02 Mar 26,12:45 PM,81.53,hard_sl_hit,-2655.0,-9.79,4
NIFTY50,24650,BULLISH,13,02 Mar 26,01:54 PM,79.81,02 Mar 26,01:55 PM,70.12,hard_sl_hit,-3149.25,-12.14,1
NIFTY50,24400,BULLISH,3,04 Mar 26,09:18 AM,308.59,04 Mar 26,09:23 AM,286.47,time_stop,-1659.0,-7.17,5
NIFTY50,24400,BEARISH,18,04 Mar 26,11:05 AM,57.49,04 Mar 26,11:07 AM,50.35,hard_sl_hit,-3213.0,-12.42,2
NIFTY50,24600,BEARISH,262,05 Mar 26,02:26 PM,4.05,05 Mar 26,02:27 PM,2.45,hard_sl_hit,-10480.0,-39.51,1
NIFTY50,24750,BEARISH,56,05 Mar 26,02:43 PM,18.1,05 Mar 26,02:45 PM,0.05,hard_sl_hit,-25270.0,-99.72,2
NIFTY50,24600,BULLISH,7,06 Mar 26,12:30 PM,114.72,06 Mar 26,12:46 PM,103.4,hard_sl_hit,-1981.0,-9.87,16
NIFTY50,24600,BEARISH,10,06 Mar 26,12:53 PM,81.7,06 Mar 26,01:01 PM,73.76,hard_sl_hit,-1985.0,-9.72,8
NIFTY50,24500,BULLISH,4,06 Mar 26,02:50 PM,185.48,06 Mar 26,03:01 PM,166.67,hard_sl_hit,-1881.0,-10.14,11
NIFTY50,23750,BULLISH,1,09 Mar 26,09:20 AM,645.21,09 Mar 26,09:25 AM,621.13,time_stop,-602.0,-3.73,5
NIFTY50,23800,BULLISH,5,09 Mar 26,11:13 AM,156.91,09 Mar 26,11:25 AM,174.55,tsl_hit,2205.0,11.24,12
NIFTY50,23900,BEARISH,6,09 Mar 26,11:42 AM,134.86,09 Mar 26,11:47 AM,135.33,tsl_hit,70.5,0.35,5
NIFTY50,23900,BEARISH,10,09 Mar 26,12:59 PM,86.96,09 Mar 26,01:15 PM,102.09,tsl_hit,3782.5,17.4,16
NIFTY50,24000,BEARISH,7,09 Mar 26,02:48 PM,117.2,09 Mar 26,02:51 PM,127.29,tsl_hit,1765.75,8.61,3
NIFTY50,24050,BEARISH,6,09 Mar 26,03:07 PM,134.11,09 Mar 26,03:12 PM,121.32,hard_sl_hit,-1918.5,-9.54,5
NIFTY50,24200,BEARISH,4,10 Mar 26,09:17 AM,206.46,10 Mar 26,09:28 AM,220.37,tsl_hit,1391.0,6.74,11
NIFTY50,24200,BEARISH,4,10 Mar 26,10:19 AM,198.92,10 Mar 26,10:28 AM,212.18,tsl_hit,1326.0,6.67,9
NIFTY50,24200,BULLISH,10,10 Mar 26,11:53 AM,88.12,10 Mar 26,11:56 AM,77.45,hard_sl_hit,-2667.5,-12.11,3
NIFTY50,24200,BULLISH,13,10 Mar 26,12:16 PM,65.89,10 Mar 26,12:21 PM,57.85,hard_sl_hit,-2613.0,-12.2,5
NIFTY50,24250,BEARISH,10,10 Mar 26,02:51 PM,86.26,10 Mar 26,02:52 PM,77.29,hard_sl_hit,-2242.5,-10.4,1
NIFTY50,24150,BULLISH,9,11 Mar 26,09:56 AM,92.73,11 Mar 26,10:00 AM,81.63,hard_sl_hit,-2497.5,-11.97,4
NIFTY50,23900,BULLISH,13,11 Mar 26,01:16 PM,62.26,11 Mar 26,01:27 PM,87.44,tsl_hit,8183.5,40.44,11
NIFTY50,23900,BULLISH,14,11 Mar 26,02:20 PM,63.8,11 Mar 26,02:22 PM,56.57,hard_sl_hit,-2530.5,-11.33,2
NIFTY50,23900,BULLISH,14,11 Mar 26,03:09 PM,59.85,11 Mar 26,03:13 PM,50.95,hard_sl_hit,-3115.0,-14.87,4
NIFTY50,23550,BULLISH,67,12 Mar 26,09:19 AM,13.15,12 Mar 26,09:21 AM,20.65,tsl_hit,12562.5,57.03,2
NIFTY50,23750,BEARISH,54,12 Mar 26,11:58 AM,17.3,12 Mar 26,11:59 AM,10.15,hard_sl_hit,-9652.5,-41.33,1
NIFTY50,23450,BULLISH,2,13 Mar 26,09:17 AM,338.49,13 Mar 26,09:22 AM,326.0,time_stop,-624.5,-3.69,5
NIFTY50,23350,BEARISH,2,13 Mar 26,10:32 AM,303.22,13 Mar 26,10:55 AM,145.99,hard_sl_hit,-7861.5,-51.85,23
NIFTY50,23400,BEARISH,6,13 Mar 26,11:31 AM,141.64,13 Mar 26,11:36 AM,137.09,time_stop,-682.5,-3.21,5
NIFTY50,23450,BEARISH,1,13 Mar 26,09:17 AM,472.57,13 Mar 26,10:51 AM,526.08,tsl_hit,1337.75,11.32,94
NIFTY50,23400,BEARISH,6,13 Mar 26,11:31 AM,141.64,13 Mar 26,11:36 AM,137.09,time_stop,-682.5,-3.21,5
NIFTY50,23150,BULLISH,6,16 Mar 26,09:27 AM,125.18,16 Mar 26,09:39 AM,192.54,tsl_hit,10104.0,53.81,12
NIFTY50,23100,BULLISH,6,16 Mar 26,01:35 PM,143.66,16 Mar 26,01:44 PM,132.79,tsl_hit,-1630.5,-7.57,9
NIFTY50,23550,BEARISH,11,17 Mar 26,01:33 PM,75.25,17 Mar 26,01:42 PM,100.4,tsl_hit,6916.25,33.42,9
NIFTY50,23600,BEARISH,10,17 Mar 26,02:52 PM,92.1,17 Mar 26,02:56 PM,82.1,hard_sl_hit,-2500.0,-10.86,4
NIFTY50,23750,BEARISH,9,18 Mar 26,10:52 AM,94.35,18 Mar 26,10:55 AM,56.56,hard_sl_hit,-8502.75,-40.05,3
NIFTY50,23800,BEARISH,23,18 Mar 26,11:44 AM,37.74,18 Mar 26,11:47 AM,38.78,tsl_hit,598.0,2.76,3
NIFTY50,23800,BULLISH,20,18 Mar 26,12:05 PM,43.37,18 Mar 26,12:07 PM,36.13,hard_sl_hit,-3620.0,-16.69,2
NIFTY50,23750,BULLISH,17,18 Mar 26,03:23 PM,49.16,19 Mar 26,09:15 AM,0.05,hard_sl_hit,-20871.75,-99.9,7
NIFTY50,23300,BULLISH,195,19 Mar 26,09:17 AM,3.95,19 Mar 26,09:18 AM,0.05,hard_sl_hit,-19012.5,-98.73,1
NIFTY50,23050,BULLISH,58,19 Mar 26,02:51 PM,11.65,19 Mar 26,02:52 PM,8.1,hard_sl_hit,-5147.5,-30.47,1
NIFTY50,23350,BEARISH,4,20 Mar 26,11:23 AM,145.69,20 Mar 26,11:30 AM,145.3,tsl_hit,-39.0,-0.27,7
NIFTY50,23150,BULLISH,4,20 Mar 26,02:39 PM,160.64,20 Mar 26,02:43 PM,139.83,hard_sl_hit,-2081.0,-12.95,4
NIFTY50,23100,BULLISH,3,20 Mar 26,02:46 PM,166.07,20 Mar 26,02:50 PM,150.2,hard_sl_hit,-1190.25,-9.56,4
NIFTY50,22700,BULLISH,1,23 Mar 26,09:17 AM,546.41,23 Mar 26,09:59 AM,495.86,hard_sl_hit,-1263.75,-9.25,42
NIFTY50,22550,BEARISH,5,23 Mar 26,11:09 AM,113.5,23 Mar 26,11:20 AM,112.74,tsl_hit,-95.0,-0.67,11
NIFTY50,22550,BEARISH,5,23 Mar 26,11:54 AM,114.41,23 Mar 26,12:28 PM,129.65,tsl_hit,1905.0,13.32,34
NIFTY50,22550,BULLISH,5,23 Mar 26,02:35 PM,128.77,23 Mar 26,02:38 PM,155.7,tsl_hit,3366.25,20.91,3
NIFTY50,22800,BEARISH,1,24 Mar 26,09:17 AM,342.39,24 Mar 26,09:24 AM,346.71,tsl_hit,108.0,1.26,7
NIFTY50,22700,BEARISH,5,24 Mar 26,11:13 AM,122.4,24 Mar 26,11:17 AM,105.82,hard_sl_hit,-2072.5,-13.55,4
NIFTY50,22900,BULLISH,4,24 Mar 26,02:39 PM,132.88,24 Mar 26,02:45 PM,139.18,tsl_hit,630.0,4.74,6
NIFTY50,23150,BEARISH,4,25 Mar 26,09:19 AM,134.33,25 Mar 26,09:21 AM,120.63,hard_sl_hit,-1370.0,-10.2,2
NIFTY50,23400,BEARISH,10,25 Mar 26,11:04 AM,63.81,25 Mar 26,11:06 AM,56.65,hard_sl_hit,-1790.0,-11.22,2
NIFTY50,23400,BEARISH,15,25 Mar 26,01:29 PM,41.85,25 Mar 26,01:32 PM,49.32,tsl_hit,2801.25,17.85,3
NIFTY50,22950,BULLISH,4,27 Mar 26,11:21 AM,148.53,27 Mar 26,11:26 AM,140.56,time_stop,-797.0,-5.37,5
NIFTY50,22950,BULLISH,5,27 Mar 26,12:21 PM,116.99,27 Mar 26,12:30 PM,126.96,tsl_hit,1246.25,8.52,9
NIFTY50,22950,BEARISH,6,27 Mar 26,01:19 PM,101.64,27 Mar 26,01:23 PM,106.0,tsl_hit,654.0,4.29,4
NIFTY50,22500,BEARISH,1,30 Mar 26,09:15 AM,394.94,30 Mar 26,09:29 AM,357.98,hard_sl_hit,-924.0,-9.36,14
NIFTY50,22700,BEARISH,1,30 Mar 26,09:38 AM,419.72,30 Mar 26,10:03 AM,436.43,tsl_hit,417.75,3.98,25
NIFTY50,22550,BEARISH,6,30 Mar 26,12:07 PM,106.58,30 Mar 26,12:11 PM,104.58,tsl_hit,-300.0,-1.88,4
NIFTY50,22300,BULLISH,6,30 Mar 26,03:06 PM,109.25,30 Mar 26,03:13 PM,132.83,tsl_hit,3537.0,21.58,7
NIFTY50,22850,BEARISH,2,01 Apr 26,09:17 AM,298.28,01 Apr 26,09:22 AM,286.6,time_stop,-584.0,-3.92,5
NIFTY50,22750,BULLISH,10,01 Apr 26,11:50 AM,61.48,01 Apr 26,11:53 AM,60.54,tsl_hit,-235.0,-1.53,3
NIFTY50,22250,BULLISH,42,02 Apr 26,09:17 AM,15.9,02 Apr 26,09:18 AM,0.05,hard_sl_hit,-16642.5,-99.69,1
NIFTY50,22200,BULLISH,94,02 Apr 26,10:49 AM,6.35,02 Apr 26,10:50 AM,3.0,hard_sl_hit,-7872.5,-52.76,1
NIFTY50,22250,BEARISH,38,02 Apr 26,11:38 AM,14.65,02 Apr 26,11:43 AM,21.15,tsl_hit,6175.0,44.37,5
NIFTY50,22400,BEARISH,24,02 Apr 26,01:03 PM,23.75,02 Apr 26,01:08 PM,25.75,tsl_hit,1200.0,8.42,5
NIFTY50,22700,BEARISH,3,06 Apr 26,09:38 AM,166.93,06 Apr 26,09:44 AM,227.87,tsl_hit,4570.5,36.51,6
NIFTY50,22550,BULLISH,3,06 Apr 26,11:13 AM,168.39,06 Apr 26,11:22 AM,185.53,tsl_hit,1285.5,10.18,9
NIFTY50,22600,BEARISH,4,06 Apr 26,11:39 AM,139.3,06 Apr 26,11:44 AM,128.24,time_stop,-1106.0,-7.94,5
NIFTY50,22700,BEARISH,4,06 Apr 26,12:22 PM,128.87,06 Apr 26,12:27 PM,130.73,tsl_hit,186.0,1.44,5
NIFTY50,22950,BEARISH,5,06 Apr 26,03:07 PM,109.23,06 Apr 26,03:11 PM,98.1,hard_sl_hit,-1391.25,-10.19,4
NIFTY50,22750,BULLISH,2,07 Apr 26,09:17 AM,218.58,07 Apr 26,09:33 AM,283.27,tsl_hit,3234.5,29.6,16
NIFTY50,22800,BULLISH,2,07 Apr 26,09:45 AM,227.81,07 Apr 26,09:48 AM,234.71,tsl_hit,345.0,3.03,3
NIFTY50,22900,BULLISH,5,07 Apr 26,10:55 AM,123.37,07 Apr 26,10:57 AM,109.17,hard_sl_hit,-1775.0,-11.51,2
NIFTY50,22900,BULLISH,6,07 Apr 26,01:01 PM,93.9,07 Apr 26,01:05 PM,99.75,tsl_hit,877.5,6.23,4
NIFTY50,23000,BEARISH,8,07 Apr 26,01:35 PM,75.4,07 Apr 26,01:36 PM,66.73,hard_sl_hit,-1734.0,-11.5,1
NIFTY50,23000,BULLISH,5,07 Apr 26,02:21 PM,107.27,07 Apr 26,02:34 PM,129.56,tsl_hit,2786.25,20.78,13
NIFTY50,23900,BEARISH,1,08 Apr 26,09:17 AM,469.31,08 Apr 26,10:55 AM,45.37,hard_sl_hit,-10598.5,-90.33,98
NIFTY50,23950,BULLISH,10,08 Apr 26,02:15 PM,54.1,08 Apr 26,02:23 PM,62.94,tsl_hit,2210.0,16.34,8
NIFTY50,24000,BEARISH,12,08 Apr 26,02:46 PM,48.37,08 Apr 26,02:47 PM,40.22,hard_sl_hit,-2445.0,-16.85,1
NIFTY50,23900,BULLISH,78,09 Apr 26,09:17 AM,7.35,09 Apr 26,09:22 AM,52.25,tsl_hit,87555.0,610.88,5
NIFTY50,23900,BEARISH,57,09 Apr 26,11:52 AM,16.75,09 Apr 26,11:53 AM,11.35,hard_sl_hit,-7695.0,-32.24,1
NIFTY50,23950,BEARISH,3,10 Apr 26,09:49 AM,250.78,10 Apr 26,09:54 AM,243.74,time_stop,-528.0,-2.81,5
NIFTY50,23950,BULLISH,3,10 Apr 26,10:07 AM,287.72,10 Apr 26,10:28 AM,315.45,tsl_hit,2079.75,9.64,21
NIFTY50,24000,BEARISH,13,10 Apr 26,01:44 PM,68.82,10 Apr 26,01:53 PM,72.22,tsl_hit,1105.0,4.94,9
NIFTY50,24050,BEARISH,10,10 Apr 26,02:02 PM,89.42,10 Apr 26,02:06 PM,78.76,hard_sl_hit,-2665.0,-11.92,4
NIFTY50,24000,BULLISH,7,10 Apr 26,02:17 PM,127.5,10 Apr 26,02:23 PM,123.57,tsl_hit,-687.75,-3.08,6
NIFTY50,23550,BULLISH,1,13 Apr 26,09:18 AM,493.71,13 Apr 26,10:55 AM,254.32,hard_sl_hit,-5984.75,-48.49,97
NIFTY50,23800,BEARISH,8,13 Apr 26,11:52 AM,103.56,13 Apr 26,11:55 AM,90.79,hard_sl_hit,-2554.0,-12.33,3
NIFTY50,23800,BULLISH,8,13 Apr 26,12:58 PM,101.01,13 Apr 26,01:02 PM,86.48,hard_sl_hit,-2906.0,-14.38,4
NIFTY50,23850,BEARISH,11,13 Apr 26,01:35 PM,79.91,13 Apr 26,01:43 PM,82.5,tsl_hit,712.25,3.24,8
NIFTY50,24250,BEARISH,3,15 Apr 26,09:17 AM,285.41,15 Apr 26,09:40 AM,314.04,tsl_hit,2147.25,10.03,23
NIFTY50,24250,BULLISH,24,15 Apr 26,03:09 PM,35.93,15 Apr 26,03:11 PM,32.03,hard_sl_hit,-2340.0,-10.85,2
NIFTY50,24350,BULLISH,171,16 Apr 26,09:15 AM,5.15,16 Apr 26,09:18 AM,26.2,tsl_hit,89988.75,408.74,3
NIFTY50,24250,BULLISH,10,17 Apr 26,12:36 PM,121.04,17 Apr 26,12:41 PM,120.87,time_stop,-42.5,-0.14,5
NIFTY50,24300,BEARISH,34,17 Apr 26,02:19 PM,37.03,17 Apr 26,02:31 PM,39.86,tsl_hit,2405.5,7.64,12
NIFTY50,24350,BULLISH,14,17 Apr 26,03:03 PM,91.15,20 Apr 26,09:15 AM,78.08,hard_sl_hit,-4574.5,-14.34,27
NIFTY50,24450,BEARISH,8,20 Apr 26,10:34 AM,156.14,20 Apr 26,10:55 AM,142.75,tsl_hit,-2678.0,-8.58,21
NIFTY50,24450,BULLISH,17,20 Apr 26,12:12 PM,72.79,20 Apr 26,12:17 PM,66.79,time_stop,-2550.0,-8.24,5
NIFTY50,24450,BULLISH,19,20 Apr 26,01:02 PM,64.05,20 Apr 26,01:08 PM,57.17,hard_sl_hit,-3268.0,-10.74,6
NIFTY50,24400,BEARISH,16,20 Apr 26,02:30 PM,72.66,20 Apr 26,02:40 PM,76.59,tsl_hit,1572.0,5.41,10
NIFTY50,24400,BULLISH,14,20 Apr 26,02:48 PM,85.13,20 Apr 26,02:52 PM,89.29,tsl_hit,1456.0,4.89,4
NIFTY50,24400,BEARISH,18,20 Apr 26,03:02 PM,66.1,20 Apr 26,03:10 PM,69.91,tsl_hit,1714.5,5.76,8
NIFTY50,24550,BEARISH,10,21 Apr 26,10:37 AM,121.58,21 Apr 26,10:54 AM,109.69,hard_sl_hit,-2972.5,-9.78,17
NIFTY50,24550,BULLISH,24,21 Apr 26,02:45 PM,49.82,21 Apr 26,03:01 PM,81.81,tsl_hit,19194.0,64.21,16
NIFTY50,24500,BULLISH,15,22 Apr 26,09:17 AM,85.26,22 Apr 26,09:19 AM,72.58,hard_sl_hit,-4755.0,-14.87,2
NIFTY50,24400,BULLISH,43,22 Apr 26,01:24 PM,29.98,22 Apr 26,01:31 PM,41.23,tsl_hit,12093.75,37.53,7
NIFTY50,24450,BEARISH,29,22 Apr 26,02:57 PM,45.99,22 Apr 26,03:02 PM,66.14,tsl_hit,14608.75,43.81,5
NIFTY50,24350,BULLISH,31,22 Apr 26,03:27 PM,45.05,23 Apr 26,09:15 AM,0.05,hard_sl_hit,-34875.0,-99.89,3
NIFTY50,24150,BULLISH,108,23 Apr 26,03:15 PM,11.75,23 Apr 26,03:16 PM,5.35,hard_sl_hit,-17280.0,-54.47,1
NIFTY50,24100,BULLISH,9,24 Apr 26,09:17 AM,121.28,24 Apr 26,09:20 AM,126.19,tsl_hit,1104.75,4.05,3
NIFTY50,24100,BULLISH,8,24 Apr 26,09:22 AM,137.94,24 Apr 26,09:25 AM,124.58,hard_sl_hit,-2672.0,-9.69,3
NIFTY50,23950,BEARISH,14,24 Apr 26,12:12 PM,81.63,24 Apr 26,12:31 PM,102.93,tsl_hit,7455.0,26.09,19
NIFTY50,23850,BULLISH,12,24 Apr 26,02:08 PM,95.6,24 Apr 26,02:24 PM,107.81,tsl_hit,3663.0,12.77,16
NIFTY50,24000,BEARISH,7,27 Apr 26,09:17 AM,157.79,27 Apr 26,09:20 AM,140.65,hard_sl_hit,-2999.5,-10.86,3
NIFTY50,24050,BEARISH,14,28 Apr 26,09:15 AM,85.75,28 Apr 26,09:16 AM,75.78,hard_sl_hit,-3489.5,-11.63,1
NIFTY50,24150,BULLISH,22,28 Apr 26,11:09 AM,52.84,28 Apr 26,11:16 AM,45.81,hard_sl_hit,-3866.5,-13.3,7
NIFTY50,24050,BEARISH,20,28 Apr 26,01:26 PM,58.95,28 Apr 26,01:27 PM,53.59,hard_sl_hit,-2680.0,-9.09,1
NIFTY50,24000,BULLISH,17,28 Apr 26,01:32 PM,68.07,28 Apr 26,01:35 PM,56.45,hard_sl_hit,-4938.5,-17.07,3
NIFTY50,24000,BULLISH,18,28 Apr 26,01:37 PM,62.82,28 Apr 26,01:44 PM,71.37,tsl_hit,3847.5,13.61,7
NIFTY50,24000,BULLISH,17,28 Apr 26,02:17 PM,67.08,28 Apr 26,02:26 PM,75.12,tsl_hit,3417.0,11.99,9
NIFTY50,24100,BEARISH,16,29 Apr 26,09:17 AM,69.95,29 Apr 26,09:20 AM,69.9,tsl_hit,-20.0,-0.07,3
NIFTY50,24300,BEARISH,34,29 Apr 26,12:13 PM,34.6,29 Apr 26,12:15 PM,30.93,hard_sl_hit,-3119.5,-10.61,2
NIFTY50,24300,BULLISH,29,29 Apr 26,01:04 PM,39.25,29 Apr 26,01:09 PM,41.39,tsl_hit,1551.5,5.45,5
NIFTY50,24200,BULLISH,23,29 Apr 26,02:06 PM,50.7,29 Apr 26,02:09 PM,43.93,hard_sl_hit,-3892.75,-13.35,3
NIFTY50,23950,BULLISH,71,30 Apr 26,09:17 AM,16.25,30 Apr 26,09:18 AM,12.45,hard_sl_hit,-6745.0,-23.38,1
NIFTY50,23900,BEARISH,212,30 Apr 26,12:16 PM,5.35,30 Apr 26,12:18 PM,7.25,tsl_hit,10070.0,35.51,2
NIFTY50,24150,BEARISH,6,04 May 26,09:17 AM,183.54,04 May 26,09:22 AM,173.03,time_stop,-1576.5,-5.73,5
NIFTY50,24050,BULLISH,9,05 May 26,09:17 AM,126.78,05 May 26,09:20 AM,132.28,tsl_hit,1237.5,4.34,3
NIFTY50,24200,BEARISH,10,06 May 26,09:17 AM,109.43,06 May 26,09:22 AM,117.84,tsl_hit,2102.5,7.69,5
NIFTY50,24100,BEARISH,37,06 May 26,11:32 AM,32.08,06 May 26,11:39 AM,49.03,tsl_hit,15678.75,52.84,7
NIFTY50,24050,BULLISH,32,06 May 26,12:25 PM,38.31,06 May 26,12:27 PM,38.69,tsl_hit,304.0,0.99,2
NIFTY50,24000,BULLISH,27,06 May 26,12:48 PM,45.46,06 May 26,12:52 PM,44.78,tsl_hit,-459.0,-1.5,4
NIFTY50,24200,BULLISH,4,08 May 26,09:17 AM,264.61,08 May 26,09:32 AM,270.57,tsl_hit,596.0,2.25,15
NIFTY50,24200,BULLISH,4,08 May 26,10:53 AM,270.66,08 May 26,10:55 AM,143.66,hard_sl_hit,-12700.0,-46.92,2
NIFTY50,24200,BULLISH,13,08 May 26,12:11 PM,86.62,08 May 26,12:21 PM,93.38,tsl_hit,2197.0,7.8,10
NIFTY50,24150,BULLISH,13,08 May 26,02:01 PM,87.63,08 May 26,02:11 PM,111.46,tsl_hit,7744.75,27.19,10
NIFTY50,23950,BULLISH,4,11 May 26,09:17 AM,270.87,11 May 26,09:22 AM,261.47,time_stop,-940.0,-3.47,5
NIFTY50,23900,BEARISH,13,11 May 26,10:56 AM,93.87,11 May 26,11:00 AM,85.12,hard_sl_hit,-2843.75,-9.32,4
NIFTY50,23950,BEARISH,19,11 May 26,12:11 PM,64.3,11 May 26,12:33 PM,70.21,tsl_hit,2807.25,9.19,22
NIFTY50,23950,BULLISH,16,11 May 26,02:18 PM,73.9,11 May 26,02:25 PM,66.84,hard_sl_hit,-2824.0,-9.55,7
NIFTY50,23700,BULLISH,10,12 May 26,09:18 AM,113.99,12 May 26,09:20 AM,126.0,tsl_hit,3002.5,10.54,2
NIFTY50,23600,BULLISH,20,12 May 26,11:05 AM,62.12,12 May 26,11:10 AM,60.57,time_stop,-775.0,-2.5,5
NIFTY50,23550,BULLISH,25,12 May 26,12:33 PM,48.99,12 May 26,12:38 PM,48.45,time_stop,-337.5,-1.1,5
NIFTY50,23400,BULLISH,17,12 May 26,03:04 PM,72.49,12 May 26,03:06 PM,62.78,hard_sl_hit,-4126.75,-13.39,2
NIFTY50,23750,BEARISH,113,14 May 26,01:39 PM,10.75,14 May 26,01:40 PM,0.05,hard_sl_hit,-30227.5,-99.53,1
NIFTY50,23700,BEARISH,9,15 May 26,09:17 AM,119.64,15 May 26,09:27 AM,104.63,hard_sl_hit,-3377.25,-12.55,10
NIFTY50,23850,BEARISH,6,15 May 26,10:28 AM,170.71,15 May 26,10:42 AM,170.81,tsl_hit,15.0,0.06,14
NIFTY50,23650,BULLISH,9,15 May 26,02:52 PM,107.35,15 May 26,02:57 PM,103.06,time_stop,-965.25,-4.0,5
NIFTY50,23400,BEARISH,3,18 May 26,09:15 AM,283.59,18 May 26,10:02 AM,310.42,tsl_hit,2012.25,9.46,47
NIFTY50,23500,BEARISH,11,18 May 26,11:26 AM,93.49,18 May 26,11:31 AM,84.64,hard_sl_hit,-2433.75,-9.47,5
NIFTY50,23650,BEARISH,9,18 May 26,03:04 PM,107.26,18 May 26,03:11 PM,115.76,tsl_hit,1912.5,7.92,7
NIFTY50,23700,BULLISH,8,19 May 26,09:37 AM,123.99,19 May 26,09:45 AM,150.91,tsl_hit,5384.0,21.71,8
NIFTY50,23750,BEARISH,8,19 May 26,10:14 AM,123.94,19 May 26,10:21 AM,132.86,tsl_hit,1784.0,7.2,7
NIFTY50,23700,BULLISH,12,19 May 26,11:18 AM,90.08,19 May 26,11:23 AM,88.29,time_stop,-537.0,-1.99,5
NIFTY50,23750,BEARISH,17,19 May 26,11:45 AM,64.27,19 May 26,11:50 AM,58.6,time_stop,-2409.75,-8.82,5
NIFTY50,23750,BULLISH,22,19 May 26,12:51 PM,47.88,19 May 26,12:55 PM,42.29,hard_sl_hit,-3074.5,-11.68,4
NIFTY50,23750,BULLISH,24,19 May 26,01:08 PM,44.47,19 May 26,01:10 PM,38.44,hard_sl_hit,-3618.0,-13.56,2
NIFTY50,23700,BULLISH,18,19 May 26,01:59 PM,57.82,19 May 26,02:02 PM,63.68,tsl_hit,2637.0,10.13,3
NIFTY50,23650,BULLISH,14,19 May 26,02:47 PM,73.74,19 May 26,02:54 PM,70.88,tsl_hit,-1001.0,-3.88,7
NIFTY50,23450,BULLISH,8,20 May 26,09:17 AM,132.15,20 May 26,09:26 AM,136.35,tsl_hit,840.0,3.18,9
NIFTY50,23550,BEARISH,8,20 May 26,10:34 AM,123.73,20 May 26,10:39 AM,123.42,time_stop,-62.0,-0.25,5
NIFTY50,23600,BULLISH,25,20 May 26,12:04 PM,42.2,20 May 26,12:06 PM,35.93,hard_sl_hit,-3918.75,-14.86,2
NIFTY50,23600,BEARISH,35,20 May 26,01:39 PM,29.47,20 May 26,01:43 PM,32.59,tsl_hit,2730.0,10.59,4
NIFTY50,23650,BULLISH,25,20 May 26,03:04 PM,41.92,20 May 26,03:10 PM,54.99,tsl_hit,8168.75,31.18,6
NIFTY50,23800,BEARISH,222,21 May 26,09:17 AM,4.95,21 May 26,09:21 AM,31.15,tsl_hit,145410.0,529.29,4
NIFTY50,23750,BULLISH,128,21 May 26,10:09 AM,13.6,21 May 26,10:11 AM,10.2,hard_sl_hit,-10880.0,-25.0,2
NIFTY50,23700,BULLISH,95,21 May 26,11:02 AM,17.9,21 May 26,11:03 AM,16.1,hard_sl_hit,-4275.0,-10.06,1
NIFTY50,23700,BEARISH,12,22 May 26,09:17 AM,136.76,22 May 26,09:21 AM,122.46,hard_sl_hit,-4290.0,-10.46,4
NIFTY50,23750,BEARISH,22,22 May 26,11:25 AM,75.31,22 May 26,11:31 AM,75.69,tsl_hit,209.0,0.5,6
NIFTY50,23700,BULLISH,16,22 May 26,03:03 PM,103.2,25 May 26,09:18 AM,414.56,tsl_hit,124544.0,301.71,30
NIFTY50,23950,BEARISH,9,25 May 26,09:19 AM,234.76,25 May 26,10:06 AM,243.82,tsl_hit,2038.5,3.86,47
NIFTY50,24000,BEARISH,41,25 May 26,11:15 AM,53.84,25 May 26,11:24 AM,50.78,tsl_hit,-3136.5,-5.68,9
NIFTY50,24000,BEARISH,49,25 May 26,11:42 AM,44.86,25 May 26,11:57 AM,38.62,hard_sl_hit,-7644.0,-13.91,15
NIFTY50,23950,BULLISH,50,25 May 26,12:51 PM,43.03,25 May 26,12:55 PM,45.6,tsl_hit,3212.5,5.97,4
NIFTY50,23950,BEARISH,71,25 May 26,01:05 PM,30.52,25 May 26,01:10 PM,27.02,hard_sl_hit,-6212.5,-11.47,5
NIFTY50,24000,BULLISH,27,26 May 26,09:17 AM,80.16,26 May 26,09:34 AM,103.35,tsl_hit,15653.25,28.93,17
NIFTY50,24050,BEARISH,29,26 May 26,09:41 AM,75.78,26 May 26,09:59 AM,95.28,tsl_hit,14137.5,25.73,18
NIFTY50,24050,BULLISH,42,26 May 26,11:26 AM,53.75,26 May 26,11:29 AM,47.28,hard_sl_hit,-6793.5,-12.04,3
NIFTY50,23900,BEARISH,51,26 May 26,03:00 PM,43.94,26 May 26,03:04 PM,43.75,tsl_hit,-242.25,-0.43,4
NIFTY50,23900,BEARISH,49,27 May 26,09:15 AM,46.23,27 May 26,09:16 AM,36.32,hard_sl_hit,-12139.75,-21.44,1
NIFTY50,23900,BULLISH,49,27 May 26,09:34 AM,44.81,27 May 26,09:36 AM,43.61,tsl_hit,-1470.0,-2.68,2
NIFTY50,23950,BEARISH,33,27 May 26,10:10 AM,66.48,27 May 26,10:15 AM,63.19,time_stop,-2714.25,-4.95,5
NIFTY50,23900,BULLISH,50,27 May 26,12:32 PM,43.39,27 May 26,12:39 PM,54.29,tsl_hit,13625.0,25.12,7
NIFTY50,23900,BEARISH,87,27 May 26,01:38 PM,25.88,27 May 26,01:43 PM,32.73,tsl_hit,14898.75,26.47,5
NIFTY50,23900,BEARISH,57,27 May 26,03:00 PM,40.51,27 May 26,03:09 PM,33.98,hard_sl_hit,-9305.25,-16.12,9
NIFTY50,23900,BEARISH,81,27 May 26,03:18 PM,27.9,27 May 26,03:21 PM,25.1,hard_sl_hit,-5670.0,-10.04,3
NIFTY50,23900,BEARISH,32,29 May 26,11:51 AM,69.65,29 May 26,11:53 AM,61.56,hard_sl_hit,-6472.0,-11.62,2
NIFTY50,23850,BULLISH,22,29 May 26,12:06 PM,99.84,29 May 26,12:12 PM,89.12,hard_sl_hit,-5896.0,-10.74,6
NIFTY50,23600,BEARISH,26,01 Jun 26,11:11 AM,81.66,01 Jun 26,11:16 AM,76.99,time_stop,-3035.5,-5.72,5
NIFTY50,23550,BEARISH,29,01 Jun 26,12:50 PM,74.3,01 Jun 26,12:59 PM,83.68,tsl_hit,6800.5,12.62,9
NIFTY50,23400,BEARISH,32,01 Jun 26,03:11 PM,69.18,01 Jun 26,03:16 PM,72.92,tsl_hit,2992.0,5.41,5
NIFTY50,23250,BULLISH,17,02 Jun 26,09:17 AM,130.74,02 Jun 26,09:22 AM,146.83,tsl_hit,6838.25,12.31,5
NIFTY50,23350,BEARISH,31,02 Jun 26,12:36 PM,70.81,02 Jun 26,12:43 PM,60.9,hard_sl_hit,-7680.25,-14.0,7
NIFTY50,23450,BULLISH,26,02 Jun 26,02:44 PM,84.95,02 Jun 26,02:45 PM,77.23,hard_sl_hit,-5018.0,-9.09,1
NIFTY50,23200,BULLISH,31,03 Jun 26,11:07 AM,69.31,03 Jun 26,11:09 AM,63.05,hard_sl_hit,-4851.5,-9.03,2
NIFTY50,23400,BEARISH,35,03 Jun 26,02:21 PM,61.13,03 Jun 26,02:22 PM,52.72,hard_sl_hit,-7358.75,-13.76,1
NIFTY50,23400,BEARISH,40,03 Jun 26,02:25 PM,53.65,03 Jun 26,02:28 PM,56.54,tsl_hit,2890.0,5.39,3
NIFTY50,23400,BULLISH,27,03 Jun 26,03:02 PM,78.16,03 Jun 26,03:06 PM,86.06,tsl_hit,5332.5,10.11,4
NIFTY50,23400,BULLISH,33,03 Jun 26,03:11 PM,65.89,03 Jun 26,03:17 PM,73.16,tsl_hit,5997.75,11.03,6
NIFTY50,23450,BULLISH,11,05 Jun 26,10:03 AM,184.93,05 Jun 26,10:12 AM,194.74,tsl_hit,2697.75,5.3,9
NIFTY50,23400,BULLISH,14,05 Jun 26,12:33 PM,148.87,05 Jun 26,12:38 PM,145.12,time_stop,-1312.5,-2.52,5
NIFTY50,23350,BULLISH,18,05 Jun 26,01:26 PM,122.38,05 Jun 26,01:30 PM,111.35,hard_sl_hit,-4963.5,-9.01,4
NIFTY50,23400,BEARISH,17,05 Jun 26,02:48 PM,127.28,05 Jun 26,02:55 PM,134.74,tsl_hit,3170.5,5.86,7
NIFTY50,23100,BULLISH,6,08 Jun 26,09:17 AM,330.88,08 Jun 26,09:36 AM,349.3,tsl_hit,2763.0,5.57,19
NIFTY50,23200,BEARISH,7,08 Jun 26,10:36 AM,305.5,08 Jun 26,10:55 AM,92.33,hard_sl_hit,-37304.75,-69.78,19
NIFTY50,23200,BULLISH,22,08 Jun 26,11:20 AM,92.3,08 Jun 26,11:25 AM,83.48,hard_sl_hit,-4851.0,-9.56,5
NIFTY50,23200,BEARISH,40,08 Jun 26,12:13 PM,50.63,08 Jun 26,12:18 PM,49.93,time_stop,-700.0,-1.38,5
NIFTY50,23250,BEARISH,36,08 Jun 26,12:45 PM,55.96,08 Jun 26,12:48 PM,50.47,hard_sl_hit,-4941.0,-9.81,3
NIFTY50,23250,BEARISH,14,09 Jun 26,09:17 AM,138.11,09 Jun 26,09:47 AM,144.49,tsl_hit,2233.0,4.62,30
NIFTY50,23100,BULLISH,30,09 Jun 26,11:26 AM,67.32,09 Jun 26,11:29 AM,75.45,tsl_hit,6097.5,12.08,3
NIFTY50,23150,BEARISH,46,09 Jun 26,11:49 AM,43.63,09 Jun 26,11:51 AM,39.27,hard_sl_hit,-5014.0,-9.99,2
NIFTY50,23350,BULLISH,33,10 Jun 26,10:07 AM,60.44,10 Jun 26,10:11 AM,54.84,hard_sl_hit,-4620.0,-9.27,4
NIFTY50,23400,BULLISH,79,10 Jun 26,12:05 PM,25.33,10 Jun 26,12:13 PM,30.44,tsl_hit,10092.25,20.17,8
NIFTY50,23100,BULLISH,162,11 Jun 26,09:19 AM,12.65,11 Jun 26,09:23 AM,33.6,tsl_hit,84847.5,165.61,4
NIFTY50,23200,BULLISH,192,11 Jun 26,02:10 PM,12.6,11 Jun 26,02:11 PM,11.3,hard_sl_hit,-6240.0,-10.32,1
NIFTY50,23250,BEARISH,355,11 Jun 26,02:30 PM,6.75,11 Jun 26,02:32 PM,9.0,tsl_hit,19968.75,33.33,2
NIFTY50,23200,BULLISH,197,11 Jun 26,02:10 PM,12.6,11 Jun 26,02:11 PM,11.3,hard_sl_hit,-6402.5,-10.32,1
NIFTY50,23250,BEARISH,364,11 Jun 26,02:30 PM,6.75,11 Jun 26,02:32 PM,9.0,tsl_hit,20475.0,33.33,2
NIFTY50,23450,BEARISH,6,12 Jun 26,09:19 AM,391.4,12 Jun 26,10:55 AM,133.73,hard_sl_hit,-38650.5,-65.83,96
NIFTY50,23350,BEARISH,45,12 Jun 26,11:43 AM,52.4,12 Jun 26,11:46 AM,46.92,hard_sl_hit,-6165.0,-10.46,3
NIFTY50,23400,BEARISH,36,12 Jun 26,11:50 AM,64.77,12 Jun 26,12:17 PM,74.75,tsl_hit,8982.0,15.41,27
NIFTY50,23950,BEARISH,6,15 Jun 26,09:17 AM,364.27,15 Jun 26,10:55 AM,31.9,hard_sl_hit,-49855.5,-91.24,98
NIFTY50,23900,BULLISH,38,15 Jun 26,01:45 PM,57.06,15 Jun 26,01:49 PM,57.83,tsl_hit,731.5,1.35,4
NIFTY50,23900,BULLISH,37,15 Jun 26,01:54 PM,57.95,15 Jun 26,02:02 PM,64.58,tsl_hit,6132.75,11.44,8
NIFTY50,23900,BEARISH,49,15 Jun 26,02:26 PM,44.57,15 Jun 26,02:32 PM,38.72,hard_sl_hit,-7166.25,-13.13,6
NIFTY50,23950,BEARISH,35,15 Jun 26,02:37 PM,61.51,15 Jun 26,02:43 PM,66.96,tsl_hit,4768.75,8.86,6
NIFTY50,23850,BULLISH,24,15 Jun 26,03:02 PM,89.39,15 Jun 26,03:09 PM,80.72,hard_sl_hit,-5202.0,-9.7,7
NIFTY50,23900,BEARISH,32,16 Jun 26,09:17 AM,67.3,16 Jun 26,09:22 AM,65.07,tsl_hit,-1784.0,-3.31,5
NIFTY50,23950,BEARISH,25,16 Jun 26,10:23 AM,83.99,16 Jun 26,10:30 AM,75.74,hard_sl_hit,-5156.25,-9.82,7
NIFTY50,23950,BEARISH,31,16 Jun 26,10:39 AM,68.03,16 Jun 26,10:49 AM,61.63,hard_sl_hit,-4960.0,-9.41,10
NIFTY50,23950,BEARISH,52,16 Jun 26,01:15 PM,40.5,16 Jun 26,01:21 PM,39.08,tsl_hit,-1846.0,-3.51,6
NIFTY50,24000,BEARISH,54,16 Jun 26,02:13 PM,38.35,16 Jun 26,02:18 PM,38.13,time_stop,-297.0,-0.57,5
NIFTY50,23950,BULLISH,33,16 Jun 26,02:46 PM,63.54,16 Jun 26,02:50 PM,64.66,tsl_hit,924.0,1.76,4
NIFTY50,24000,BEARISH,75,17 Jun 26,09:17 AM,28.06,17 Jun 26,09:20 AM,39.1,tsl_hit,20700.0,39.34,3
NIFTY50,24050,BULLISH,98,17 Jun 26,12:27 PM,22.26,17 Jun 26,12:30 PM,23.41,tsl_hit,2817.5,5.17,3
NIFTY50,24000,BULLISH,52,17 Jun 26,02:29 PM,42.13,17 Jun 26,02:30 PM,37.21,hard_sl_hit,-6396.0,-11.68,1
NIFTY50,24050,BULLISH,114,18 Jun 26,10:42 AM,19.0,18 Jun 26,10:44 AM,26.35,tsl_hit,20947.5,38.68,2
NIFTY50,24100,BEARISH,192,18 Jun 26,12:04 PM,11.85,18 Jun 26,12:07 PM,3.75,hard_sl_hit,-38880.0,-68.35,3
NIFTY50,24100,BULLISH,146,18 Jun 26,01:27 PM,14.4,18 Jun 26,01:30 PM,16.25,tsl_hit,6752.5,12.85,3
NIFTY50,24000,BULLISH,5,19 Jun 26,09:17 AM,360.78,19 Jun 26,10:55 AM,76.52,hard_sl_hit,-35532.5,-78.79,98
NIFTY50,23900,BULLISH,15,19 Jun 26,02:57 PM,124.14,19 Jun 26,03:14 PM,223.72,tsl_hit,37342.5,80.22,17
NIFTY50,24100,BEARISH,21,22 Jun 26,09:19 AM,99.28,22 Jun 26,09:24 AM,92.73,time_stop,-3438.75,-6.6,5
NIFTY50,24150,BULLISH,47,22 Jun 26,11:45 AM,44.52,22 Jun 26,11:50 AM,40.24,hard_sl_hit,-5029.0,-9.61,5
NIFTY50,24100,BULLISH,41,22 Jun 26,01:42 PM,50.22,22 Jun 26,01:47 PM,54.51,tsl_hit,4397.25,8.54,5
NIFTY50,23900,BEARISH,45,23 Jun 26,02:14 PM,46.47,23 Jun 26,02:21 PM,45.47,tsl_hit,-1125.0,-2.15,7
NIFTY50,23850,BULLISH,25,23 Jun 26,03:03 PM,81.85,23 Jun 26,03:10 PM,84.42,tsl_hit,1606.25,3.14,7
NIFTY50,24000,BULLISH,71,24 Jun 26,12:13 PM,29.6,24 Jun 26,12:25 PM,34.18,tsl_hit,8129.5,15.47,12
NIFTY50,24000,BULLISH,89,24 Jun 26,12:34 PM,24.29,24 Jun 26,12:37 PM,21.47,hard_sl_hit,-6274.5,-11.61,3
NIFTY50,24150,BEARISH,114,25 Jun 26,09:18 AM,18.65,25 Jun 26,09:20 AM,14.4,hard_sl_hit,-12112.5,-22.79,2
NIFTY50,24250,BEARISH,211,25 Jun 26,12:02 PM,9.85,25 Jun 26,12:03 PM,7.75,hard_sl_hit,-11077.5,-21.32,1
NIFTY50,24100,BEARISH,18,29 Jun 26,09:19 AM,111.74,29 Jun 26,09:36 AM,153.9,tsl_hit,18972.0,37.73,17
NIFTY50,23950,BULLISH,31,29 Jun 26,12:35 PM,67.67,29 Jun 26,12:38 PM,60.34,hard_sl_hit,-5680.75,-10.83,3
NIFTY50,23950,BEARISH,32,29 Jun 26,02:22 PM,63.69,29 Jun 26,02:25 PM,67.23,tsl_hit,2832.0,5.56,3
NIFTY50,24000,BULLISH,23,29 Jun 26,03:00 PM,88.53,29 Jun 26,03:03 PM,77.7,hard_sl_hit,-6227.25,-12.23,3
NIFTY50,23950,BEARISH,32,30 Jun 26,11:14 AM,64.43,30 Jun 26,11:19 AM,65.88,tsl_hit,1160.0,2.25,5
NIFTY50,24000,BEARISH,28,30 Jun 26,11:26 AM,72.33,30 Jun 26,11:36 AM,109.15,tsl_hit,25774.0,50.91,10
NIFTY50,23900,BULLISH,44,30 Jun 26,02:06 PM,48.84,30 Jun 26,02:08 PM,54.09,tsl_hit,5775.0,10.75,2
NIFTY50,23950,BEARISH,36,30 Jun 26,02:27 PM,60.94,30 Jun 26,02:34 PM,71.64,tsl_hit,9630.0,17.56,7
NIFTY50,23850,BULLISH,24,30 Jun 26,03:03 PM,91.17,01 Jul 26,09:15 AM,103.02,tsl_hit,7110.0,13.0,27
NIFTY50,23950,BULLISH,47,01 Jul 26,10:45 AM,47.92,01 Jul 26,10:50 AM,56.75,tsl_hit,10375.25,18.43,5
NIFTY50,24000,BULLISH,49,01 Jul 26,01:05 PM,46.9,01 Jul 26,01:20 PM,51.43,tsl_hit,5549.25,9.66,15
NIFTY50,24050,BEARISH,55,01 Jul 26,01:40 PM,42.52,01 Jul 26,01:47 PM,49.62,tsl_hit,9762.5,16.7,7
NIFTY50,24050,BULLISH,145,01 Jul 26,02:32 PM,16.55,01 Jul 26,02:34 PM,13.17,hard_sl_hit,-12252.5,-20.42,2
NIFTY50,24100,BEARISH,136,02 Jul 26,09:17 AM,17.2,02 Jul 26,09:18 AM,11.8,hard_sl_hit,-18360.0,-31.4,1
NIFTY50,24150,BEARISH,360,02 Jul 26,01:08 PM,6.3,02 Jul 26,01:11 PM,6.8,tsl_hit,4500.0,7.94,3
NIFTY50,24300,BEARISH,10,03 Jul 26,09:17 AM,229.32,03 Jul 26,09:32 AM,208.05,hard_sl_hit,-5317.5,-9.28,15
NIFTY50,24350,BULLISH,27,03 Jul 26,11:15 AM,81.93,03 Jul 26,11:20 AM,79.26,time_stop,-1802.25,-3.26,5
NIFTY50,24350,BEARISH,38,03 Jul 26,11:43 AM,58.82,03 Jul 26,11:47 AM,51.11,hard_sl_hit,-7324.5,-13.11,4
NIFTY50,24250,BULLISH,22,03 Jul 26,02:22 PM,100.14,03 Jul 26,02:41 PM,101.32,tsl_hit,649.0,1.18,19
NIFTY50,24250,BULLISH,23,03 Jul 26,02:54 PM,94.34,03 Jul 26,02:59 PM,89.56,time_stop,-2748.5,-5.07,5
NIFTY50,24450,BEARISH,59,06 Jul 26,12:17 PM,37.07,06 Jul 26,12:31 PM,32.22,hard_sl_hit,-7153.75,-13.08,14
NIFTY50,24500,BULLISH,32,07 Jul 26,10:46 AM,67.7,07 Jul 26,10:50 AM,67.46,tsl_hit,-192.0,-0.35,4
NIFTY50,24500,BULLISH,35,07 Jul 26,11:50 AM,61.16,07 Jul 26,12:02 PM,60.35,tsl_hit,-708.75,-1.32,12
NIFTY50,24500,BULLISH,40,07 Jul 26,12:15 PM,53.97,07 Jul 26,12:16 PM,47.88,hard_sl_hit,-6090.0,-11.28,1
NIFTY50,24450,BULLISH,49,07 Jul 26,01:14 PM,43.81,07 Jul 26,01:18 PM,38.97,hard_sl_hit,-5929.0,-11.05,4
NIFTY50,24450,BEARISH,48,07 Jul 26,02:00 PM,43.76,07 Jul 26,02:05 PM,38.62,hard_sl_hit,-6168.0,-11.75,5
NIFTY50,24450,BULLISH,59,07 Jul 26,03:04 PM,35.55,07 Jul 26,03:05 PM,30.61,hard_sl_hit,-7286.5,-13.9,1
NIFTY50,24050,BEARISH,99,09 Jul 26,11:23 AM,20.9,09 Jul 26,11:24 AM,10.3,hard_sl_hit,-26235.0,-50.72,1
NIFTY50,24100,BEARISH,80,09 Jul 26,11:30 AM,24.25,09 Jul 26,11:37 AM,48.35,tsl_hit,48200.0,99.38,7
NIFTY50,24150,BEARISH,7,10 Jul 26,09:19 AM,293.68,10 Jul 26,09:59 AM,264.75,hard_sl_hit,-5062.75,-9.85,40
NIFTY50,24150,BEARISH,52,10 Jul 26,11:50 AM,40.97,10 Jul 26,11:57 AM,46.9,tsl_hit,7709.0,14.47,7
NIFTY50,24200,BEARISH,36,10 Jul 26,12:30 PM,59.32,10 Jul 26,12:41 PM,58.59,tsl_hit,-657.0,-1.23,11
NIFTY50,24200,BEARISH,40,10 Jul 26,12:46 PM,54.1,10 Jul 26,12:51 PM,52.46,tsl_hit,-1640.0,-3.03,5
NIFTY50,24200,BULLISH,32,10 Jul 26,01:01 PM,67.59,10 Jul 26,01:06 PM,71.96,tsl_hit,3496.0,6.47,5
NIFTY50,24050,BULLISH,9,13 Jul 26,09:17 AM,221.72,13 Jul 26,09:22 AM,216.31,time_stop,-1217.25,-2.44,5
NIFTY50,24150,BEARISH,43,13 Jul 26,12:15 PM,50.18,13 Jul 26,12:18 PM,45.46,hard_sl_hit,-5074.0,-9.41,3
NIFTY50,24200,BEARISH,34,13 Jul 26,12:37 PM,62.14,13 Jul 26,12:39 PM,55.1,hard_sl_hit,-5984.0,-11.33,2
NIFTY50,24250,BEARISH,30,13 Jul 26,12:54 PM,70.26,13 Jul 26,01:09 PM,80.9,tsl_hit,7980.0,15.14,15
NIFTY50,24200,BULLISH,27,13 Jul 26,01:25 PM,79.11,13 Jul 26,01:27 PM,71.95,hard_sl_hit,-4833.0,-9.05,2
NIFTY50,24100,BULLISH,13,14 Jul 26,09:17 AM,155.94,14 Jul 26,09:30 AM,164.86,tsl_hit,2899.0,5.72,13
NIFTY50,24100,BULLISH,14,14 Jul 26,09:43 AM,145.93,14 Jul 26,10:18 AM,132.67,hard_sl_hit,-4641.0,-9.09,35
NIFTY50,24150,BEARISH,29,14 Jul 26,11:15 AM,72.04,14 Jul 26,11:21 AM,72.78,tsl_hit,536.5,1.03,6
NIFTY50,24050,BULLISH,36,14 Jul 26,01:40 PM,57.96,14 Jul 26,01:48 PM,65.71,tsl_hit,6975.0,13.37,8
NIFTY50,24050,BULLISH,35,14 Jul 26,02:24 PM,60.96,14 Jul 26,02:29 PM,55.84,time_stop,-4480.0,-8.4,5
NIFTY50,24050,BULLISH,43,14 Jul 26,02:49 PM,49.6,14 Jul 26,02:59 PM,55.22,tsl_hit,6041.5,11.33,10
NIFTY50,24150,BULLISH,51,15 Jul 26,12:31 PM,42.64,15 Jul 26,12:33 PM,37.99,hard_sl_hit,-5928.75,-10.91,2
NIFTY50,24100,BEARISH,56,15 Jul 26,02:41 PM,38.07,15 Jul 26,02:54 PM,44.99,tsl_hit,9688.0,18.18,13
NIFTY50,24100,BEARISH,185,16 Jul 26,01:58 PM,11.8,16 Jul 26,01:59 PM,3.6,hard_sl_hit,-37925.0,-69.49,1
NIFTY50,24300,BULLISH,26,17 Jul 26,12:42 PM,75.36,17 Jul 26,01:07 PM,68.13,hard_sl_hit,-4699.5,-9.59,25
NIFTY50,24300,BULLISH,29,17 Jul 26,01:17 PM,67.97,17 Jul 26,01:27 PM,60.61,hard_sl_hit,-5336.0,-10.83,10
NIFTY50,24250,BULLISH,21,17 Jul 26,01:29 PM,91.13,17 Jul 26,01:42 PM,82.71,hard_sl_hit,-4420.5,-9.24,13
NIFTY50,24250,BULLISH,25,17 Jul 26,01:53 PM,77.57,17 Jul 26,02:02 PM,85.88,tsl_hit,5193.75,10.71,9
NIFTY50,24350,BEARISH,15,17 Jul 26,02:18 PM,131.45,17 Jul 26,02:25 PM,149.29,tsl_hit,6690.0,13.57,7
NIFTY50,24250,BULLISH,13,20 Jul 26,09:17 AM,145.66,20 Jul 26,09:21 AM,129.25,hard_sl_hit,-5333.25,-11.27,4
NIFTY50,24200,BEARISH,37,20 Jul 26,01:00 PM,52.41,20 Jul 26,01:11 PM,53.15,tsl_hit,684.5,1.41,11
NIFTY50,24250,BULLISH,58,21 Jul 26,09:17 AM,34.03,21 Jul 26,09:20 AM,41.28,tsl_hit,10512.5,21.3,3
NIFTY50,24250,BEARISH,56,21 Jul 26,09:22 AM,35.89,21 Jul 26,09:26 AM,39.15,tsl_hit,4564.0,9.08,4
NIFTY50,24200,BULLISH,66,21 Jul 26,11:24 AM,30.99,21 Jul 26,11:27 AM,27.81,hard_sl_hit,-5247.0,-10.26,3
NIFTY50,24150,BULLISH,56,21 Jul 26,01:02 PM,36.06,21 Jul 26,01:13 PM,38.94,tsl_hit,4032.0,7.99,11
NIFTY50,24100,BEARISH,27,22 Jul 26,09:15 AM,74.32,22 Jul 26,09:19 AM,74.16,tsl_hit,-108.0,-0.22,4
NIFTY50,24000,BULLISH,60,22 Jul 26,12:04 PM,33.87,22 Jul 26,12:08 PM,28.63,hard_sl_hit,-7860.0,-15.47,4
NIFTY50,24000,BEARISH,65,22 Jul 26,03:07 PM,30.99,22 Jul 26,03:08 PM,26.5,hard_sl_hit,-7296.25,-14.49,1
NIFTY50,24000,BEARISH,117,22 Jul 26,03:17 PM,16.97,22 Jul 26,03:24 PM,24.81,tsl_hit,22932.0,46.2,7
NIFTY50,23900,BULLISH,136,23 Jul 26,09:19 AM,15.35,23 Jul 26,09:21 AM,42.35,tsl_hit,91800.0,175.9,2
NIFTY50,23900,BEARISH,118,23 Jul 26,02:36 PM,21.1,23 Jul 26,02:43 PM,60.75,tsl_hit,116967.5,187.91,7
NIFTY50,23700,BULLISH,9,24 Jul 26,09:17 AM,324.96,24 Jul 26,09:25 AM,323.82,tsl_hit,-256.5,-0.35,8
NIFTY50,23600,BULLISH,9,24 Jul 26,10:05 AM,327.7,24 Jul 26,10:55 AM,136.62,hard_sl_hit,-42993.0,-58.31,50
NIFTY50,23800,BEARISH,34,24 Jul 26,12:30 PM,81.7,24 Jul 26,12:36 PM,90.09,tsl_hit,7131.5,10.27,6
NIFTY50,23900,BEARISH,17,27 Jul 26,09:17 AM,167.52,27 Jul 26,10:41 AM,172.14,tsl_hit,1963.5,2.76,84
NIFTY50,23950,BEARISH,45,27 Jul 26,11:02 AM,62.32,27 Jul 26,11:08 AM,54.09,hard_sl_hit,-9258.75,-13.21,6
NIFTY50,23950,BEARISH,58,27 Jul 26,11:22 AM,47.98,27 Jul 26,11:25 AM,41.7,hard_sl_hit,-9106.0,-13.09,3
NIFTY50,23950,BEARISH,121,27 Jul 26,01:18 PM,22.95,27 Jul 26,01:30 PM,28.62,tsl_hit,17151.75,24.71,12
NIFTY50,24050,BEARISH,61,28 Jul 26,09:20 AM,46.39,28 Jul 26,09:28 AM,64.22,tsl_hit,27190.75,38.44,8
NIFTY50,23950,BULLISH,44,28 Jul 26,10:05 AM,67.37,28 Jul 26,10:07 AM,66.08,tsl_hit,-1419.0,-1.91,2
NIFTY50,24000,BULLISH,106,28 Jul 26,01:17 PM,27.81,28 Jul 26,01:26 PM,30.36,tsl_hit,6757.5,9.17,9
NIFTY50,24000,BEARISH,96,28 Jul 26,01:53 PM,31.0,28 Jul 26,01:59 PM,31.79,tsl_hit,1896.0,2.55,6
NIFTY50,23950,BULLISH,55,28 Jul 26,02:34 PM,54.2,28 Jul 26,02:43 PM,64.77,tsl_hit,14533.75,19.5,9
NIFTY50,23950,BULLISH,59,28 Jul 26,03:02 PM,52.07,28 Jul 26,03:11 PM,53.33,tsl_hit,1858.5,2.42,9
NIFTY50,24000,BEARISH,79,28 Jul 26,03:23 PM,39.05,29 Jul 26,09:16 AM,50.11,tsl_hit,21843.5,28.32,8
NIFTY50,24200,BEARISH,26,29 Jul 26,09:17 AM,121.16,29 Jul 26,09:26 AM,128.65,tsl_hit,4868.5,6.18,9
NIFTY50,24250,BEARISH,103,29 Jul 26,11:09 AM,30.95,29 Jul 26,11:13 AM,31.2,tsl_hit,643.75,0.81,4
NIFTY50,24250,BEARISH,141,29 Jul 26,12:11 PM,22.69,29 Jul 26,12:18 PM,28.96,tsl_hit,22101.75,27.63,7
NIFTY50,24200,BULLISH,99,29 Jul 26,12:46 PM,33.18,29 Jul 26,12:48 PM,31.89,tsl_hit,-3192.75,-3.89,2
NIFTY50,24250,BEARISH,198,29 Jul 26,01:09 PM,16.54,29 Jul 26,01:14 PM,14.18,hard_sl_hit,-11682.0,-14.27,5
NIFTY50,24250,BULLISH,402,30 Jul 26,11:47 AM,8.05,30 Jul 26,11:49 AM,6.3,hard_sl_hit,-17587.5,-21.74,2
NIFTY50,24350,BEARISH,24,31 Jul 26,09:18 AM,130.25,31 Jul 26,09:41 AM,144.62,tsl_hit,8622.0,11.03,23
NIFTY50,24350,BULLISH,41,31 Jul 26,11:11 AM,77.65,31 Jul 26,11:17 AM,82.99,tsl_hit,5473.5,6.88,6
NIFTY50,24350,BEARISH,112,31 Jul 26,12:10 PM,28.61,31 Jul 26,12:12 PM,27.82,tsl_hit,-2212.0,-2.76,2
NIFTY50,24400,BULLISH,45,31 Jul 26,01:36 PM,70.07,31 Jul 26,01:45 PM,63.3,hard_sl_hit,-7616.25,-9.66,9
NIFTY50,24400,BULLISH,50,31 Jul 26,02:07 PM,63.55,31 Jul 26,02:17 PM,65.74,tsl_hit,2737.5,3.45,10
NIFTY50,24550,BEARISH,15,03 Aug 26,09:17 AM,211.49,03 Aug 26,09:28 AM,213.7,tsl_hit,828.75,1.04,11
NIFTY50,24600,BEARISH,136,03 Aug 26,12:18 PM,23.46,03 Aug 26,12:22 PM,24.2,tsl_hit,2516.0,3.15,4
NIFTY50,24600,BEARISH,88,03 Aug 26,01:37 PM,36.44,03 Aug 26,01:41 PM,40.89,tsl_hit,9790.0,12.21,4
NIFTY50,24650,BEARISH,12,04 Aug 26,09:46 AM,251.07,04 Aug 26,09:51 AM,241.02,time_stop,-3015.0,-4.0,5
NIFTY50,24650,BEARISH,30,05 Aug 26,09:17 AM,106.19,05 Aug 26,09:32 AM,117.76,tsl_hit,8677.5,10.9,15
NIFTY50,24500,BULLISH,80,05 Aug 26,01:45 PM,40.89,05 Aug 26,01:50 PM,51.88,tsl_hit,21980.0,26.88,5
NIFTY50,24500,BULLISH,79,05 Aug 26,02:19 PM,42.28,05 Aug 26,02:22 PM,42.56,tsl_hit,553.0,0.66,3
NIFTY50,24500,BEARISH,152,05 Aug 26,03:00 PM,22.18,05 Aug 26,03:02 PM,19.12,hard_sl_hit,-11628.0,-13.8,2
NIFTY50,24550,BEARISH,98,05 Aug 26,03:09 PM,33.81,05 Aug 26,03:11 PM,35.17,tsl_hit,3332.0,4.02,2
NIFTY50,24550,BEARISH,146,05 Aug 26,03:16 PM,22.82,05 Aug 26,03:21 PM,22.63,time_stop,-693.5,-0.83,5
NIFTY50,24600,BULLISH,144,06 Aug 26,03:05 PM,23.1,06 Aug 26,03:09 PM,28.2,tsl_hit,18360.0,22.08,4
NIFTY50,24600,BEARISH,32,07 Aug 26,09:15 AM,106.66,07 Aug 26,09:23 AM,96.74,hard_sl_hit,-7936.0,-9.3,8
NIFTY50,24600,BEARISH,35,07 Aug 26,09:46 AM,95.37,07 Aug 26,09:58 AM,85.47,hard_sl_hit,-8662.5,-10.38,12
NIFTY50,24600,BULLISH,29,07 Aug 26,10:20 AM,115.11,07 Aug 26,10:55 AM,82.4,hard_sl_hit,-23714.75,-28.42,35
NIFTY50,24550,BULLISH,40,07 Aug 26,11:54 AM,79.09,07 Aug 26,12:02 PM,70.48,hard_sl_hit,-8610.0,-10.89,8
NIFTY50,24550,BULLISH,35,07 Aug 26,02:08 PM,90.68,07 Aug 26,02:13 PM,84.7,time_stop,-5232.5,-6.59,5
NIFTY50,24600,BEARISH,61,10 Aug 26,09:22 AM,51.82,10 Aug 26,09:36 AM,95.4,tsl_hit,66459.5,84.1,14
NIFTY50,24600,BULLISH,65,10 Aug 26,12:47 PM,52.87,10 Aug 26,12:52 PM,48.24,time_stop,-7523.75,-8.76,5
NIFTY50,24600,BULLISH,88,10 Aug 26,02:20 PM,38.74,10 Aug 26,02:25 PM,37.27,time_stop,-3234.0,-3.79,5
NIFTY50,24550,BEARISH,57,11 Aug 26,09:15 AM,59.57,11 Aug 26,09:21 AM,81.66,tsl_hit,31478.25,37.08,6
NIFTY50,24450,BULLISH,129,11 Aug 26,11:58 AM,27.52,11 Aug 26,12:02 PM,24.02,hard_sl_hit,-11287.5,-12.72,4
NIFTY50,24450,BEARISH,86,11 Aug 26,03:05 PM,40.51,11 Aug 26,03:08 PM,33.98,hard_sl_hit,-14039.5,-16.12,3
NIFTY50,24450,BEARISH,89,12 Aug 26,09:15 AM,38.58,12 Aug 26,09:19 AM,67.6,tsl_hit,64569.5,75.22,4
NIFTY50,24400,BEARISH,74,12 Aug 26,10:35 AM,50.1,12 Aug 26,10:50 AM,71.19,tsl_hit,39016.5,42.1,15
NIFTY50,24300,BULLISH,84,12 Aug 26,11:00 AM,46.24,12 Aug 26,11:02 AM,40.45,hard_sl_hit,-12159.0,-12.52,2
NIFTY50,24300,BEARISH,117,12 Aug 26,12:36 PM,32.79,12 Aug 26,12:39 PM,28.75,hard_sl_hit,-11817.0,-12.32,3
NIFTY50,24300,BEARISH,187,12 Aug 26,01:20 PM,20.35,12 Aug 26,01:22 PM,20.58,tsl_hit,1075.25,1.13,2
NIFTY50,24350,BEARISH,129,12 Aug 26,02:56 PM,29.36,12 Aug 26,02:57 PM,25.71,hard_sl_hit,-11771.25,-12.43,1
NIFTY50,24300,BULLISH,183,13 Aug 26,10:32 AM,20.45,13 Aug 26,10:45 AM,29.7,tsl_hit,42318.75,45.23,13
NIFTY50,24400,BEARISH,222,13 Aug 26,01:46 PM,17.7,13 Aug 26,01:47 PM,9.5,hard_sl_hit,-45510.0,-46.33,1
NIFTY50,24350,BEARISH,26,14 Aug 26,09:15 AM,141.47,14 Aug 26,09:33 AM,140.25,tsl_hit,-793.0,-0.86,18
NIFTY50,24300,BULLISH,22,14 Aug 26,10:34 AM,164.76,14 Aug 26,10:54 AM,162.05,tsl_hit,-1490.5,-1.64,20
NIFTY50,24300,BULLISH,38,14 Aug 26,11:02 AM,96.54,14 Aug 26,11:13 AM,86.25,hard_sl_hit,-9775.5,-10.66,11
NIFTY50,24350,BULLISH,69,14 Aug 26,01:09 PM,52.91,14 Aug 26,01:26 PM,47.31,hard_sl_hit,-9660.0,-10.58,17
NIFTY50,24300,BULLISH,43,17 Aug 26,10:01 AM,83.18,17 Aug 26,10:17 AM,71.34,hard_sl_hit,-12728.0,-14.23,16
NIFTY50,24250,BULLISH,38,17 Aug 26,10:20 AM,94.45,17 Aug 26,10:25 AM,89.17,time_stop,-5016.0,-5.59,5
NIFTY50,24250,BULLISH,44,17 Aug 26,10:48 AM,79.59,17 Aug 26,10:55 AM,51.06,hard_sl_hit,-31383.0,-35.85,7
NIFTY50,24250,BULLISH,97,17 Aug 26,11:25 AM,35.19,17 Aug 26,11:30 AM,39.64,tsl_hit,10791.25,12.65,5
NIFTY50,24300,BEARISH,144,17 Aug 26,12:49 PM,24.08,17 Aug 26,12:51 PM,20.97,hard_sl_hit,-11196.0,-12.92,2
NIFTY50,24350,BEARISH,98,17 Aug 26,02:44 PM,34.87,17 Aug 26,02:50 PM,30.47,hard_sl_hit,-10780.0,-12.62,6
NIFTY50,24350,BEARISH,99,17 Aug 26,03:05 PM,33.96,17 Aug 26,03:08 PM,30.81,hard_sl_hit,-7796.25,-9.28,3
NIFTY50,24250,BULLISH,51,18 Aug 26,09:17 AM,64.68,18 Aug 26,09:27 AM,81.37,tsl_hit,21279.75,25.8,10
NIFTY50,24200,BULLISH,107,18 Aug 26,01:02 PM,32.0,18 Aug 26,01:05 PM,28.1,hard_sl_hit,-10432.5,-12.19,3
NIFTY50,24150,BULLISH,62,18 Aug 26,03:16 PM,54.34,18 Aug 26,03:21 PM,54.21,time_stop,-201.5,-0.24,5
NIFTY50,24100,BULLISH,72,19 Aug 26,09:18 AM,47.08,19 Aug 26,09:20 AM,47.48,tsl_hit,720.0,0.85,2
NIFTY50,24050,BEARISH,325,19 Aug 26,11:52 AM,10.44,19 Aug 26,11:53 AM,9.34,hard_sl_hit,-8937.5,-10.54,1
NIFTY50,24050,BULLISH,165,19 Aug 26,01:35 PM,20.28,19 Aug 26,01:37 PM,20.57,tsl_hit,1196.25,1.43,2
NIFTY50,24050,BEARISH,154,19 Aug 26,01:43 PM,21.78,19 Aug 26,01:48 PM,21.74,tsl_hit,-154.0,-0.18,5
NIFTY50,24050,BEARISH,130,19 Aug 26,02:37 PM,25.75,19 Aug 26,02:40 PM,30.75,tsl_hit,16250.0,19.42,3
NIFTY50,24200,BEARISH,480,20 Aug 26,09:19 AM,7.15,20 Aug 26,09:20 AM,6.25,hard_sl_hit,-10800.0,-12.59,1
NIFTY50,24250,BEARISH,53,21 Aug 26,09:17 AM,63.59,21 Aug 26,09:29 AM,82.32,tsl_hit,24817.25,29.45,12
NIFTY50,24250,BEARISH,45,21 Aug 26,09:44 AM,76.02,21 Aug 26,10:12 AM,81.63,tsl_hit,6311.25,7.38,28
NIFTY50,24250,BULLISH,70,21 Aug 26,11:58 AM,49.86,21 Aug 26,12:03 PM,45.69,time_stop,-7297.5,-8.36,5
NIFTY50,24250,BULLISH,89,21 Aug 26,12:44 PM,38.88,21 Aug 26,12:47 PM,38.61,tsl_hit,-600.75,-0.69,3
NIFTY50,24300,BEARISH,68,24 Aug 26,09:19 AM,50.78,24 Aug 26,09:37 AM,62.62,tsl_hit,20128.0,23.32,18
NIFTY50,24250,BULLISH,74,24 Aug 26,11:01 AM,47.99,24 Aug 26,11:03 AM,41.36,hard_sl_hit,-12265.5,-13.82,2
NIFTY50,24150,BULLISH,71,24 Aug 26,01:08 PM,49.39,24 Aug 26,01:31 PM,54.58,tsl_hit,9212.25,10.51,23
NIFTY50,24150,BULLISH,85,24 Aug 26,02:17 PM,41.74,24 Aug 26,02:23 PM,42.34,tsl_hit,1275.0,1.44,6
NIFTY50,24200,BEARISH,89,24 Aug 26,03:16 PM,39.79,24 Aug 26,03:21 PM,39.44,time_stop,-778.75,-0.88,5
NIFTY50,24150,BEARISH,44,25 Aug 26,09:15 AM,79.74,25 Aug 26,09:18 AM,69.68,hard_sl_hit,-11066.0,-12.62,3
NIFTY50,24100,BULLISH,34,25 Aug 26,10:27 AM,102.49,25 Aug 26,10:54 AM,117.25,tsl_hit,12546.0,14.4,27
NIFTY50,24200,BEARISH,83,25 Aug 26,11:57 AM,42.79,25 Aug 26,12:02 PM,49.52,tsl_hit,13964.75,15.73,5
NIFTY50,24150,BULLISH,84,25 Aug 26,01:03 PM,43.1,25 Aug 26,01:12 PM,42.86,tsl_hit,-504.0,-0.56,9
NIFTY50,24200,BEARISH,76,25 Aug 26,02:34 PM,47.64,25 Aug 26,02:38 PM,49.67,tsl_hit,3857.0,4.26,4
NIFTY50,24250,BEARISH,66,25 Aug 26,02:54 PM,54.52,25 Aug 26,02:59 PM,47.47,hard_sl_hit,-11632.5,-12.93,5
NIFTY50,24250,BEARISH,75,25 Aug 26,03:13 PM,47.58,25 Aug 26,03:18 PM,46.45,time_stop,-2118.75,-2.37,5
NIFTY50,24300,BEARISH,73,26 Aug 26,09:17 AM,49.06,26 Aug 26,09:20 AM,42.94,hard_sl_hit,-11169.0,-12.47,3
NIFTY50,24350,BULLISH,62,26 Aug 26,10:09 AM,56.49,26 Aug 26,10:11 AM,51.12,hard_sl_hit,-8323.5,-9.51,2
NIFTY50,24300,BEARISH,106,26 Aug 26,12:20 PM,32.77,26 Aug 26,12:24 PM,27.96,hard_sl_hit,-12746.5,-14.68,4
NIFTY50,24250,BEARISH,345,26 Aug 26,02:14 PM,9.98,26 Aug 26,02:16 PM,8.97,hard_sl_hit,-8711.25,-10.12,2
NIFTY50,24300,BULLISH,244,26 Aug 26,03:08 PM,13.96,26 Aug 26,03:14 PM,13.35,tsl_hit,-3721.0,-4.37,6
NIFTY50,24200,BEARISH,195,27 Aug 26,12:55 PM,17.3,27 Aug 26,12:56 PM,15.55,hard_sl_hit,-8531.25,-10.12,1
NIFTY50,24100,BULLISH,26,28 Aug 26,09:15 AM,127.39,28 Aug 26,09:31 AM,150.01,tsl_hit,14703.0,17.76,16
NIFTY50,24150,BULLISH,45,28 Aug 26,11:11 AM,74.95,28 Aug 26,11:17 AM,80.09,tsl_hit,5782.5,6.86,6
NIFTY50,24050,BEARISH,22,31 Aug 26,09:15 AM,156.2,31 Aug 26,09:20 AM,139.76,hard_sl_hit,-9042.0,-10.52,5
NIFTY50,24050,BEARISH,19,31 Aug 26,10:30 AM,171.64,31 Aug 26,10:55 AM,80.96,hard_sl_hit,-43073.0,-52.83,25
NIFTY50,24050,BEARISH,78,31 Aug 26,11:58 AM,40.74,31 Aug 26,12:02 PM,41.73,tsl_hit,1930.5,2.43,4
NIFTY50,24050,BULLISH,67,31 Aug 26,01:45 PM,47.84,31 Aug 26,01:53 PM,48.14,tsl_hit,502.5,0.63,8
NIFTY50,24050,BULLISH,84,31 Aug 26,02:02 PM,38.26,31 Aug 26,02:04 PM,33.09,hard_sl_hit,-10857.0,-13.51,2
NIFTY50,24050,BEARISH,107,31 Aug 26,02:44 PM,29.62,31 Aug 26,02:51 PM,45.93,tsl_hit,43629.25,55.06,7
NIFTY50,24000,BEARISH,54,01 Sep 26,10:06 AM,62.01,01 Sep 26,10:10 AM,56.37,hard_sl_hit,-7614.0,-9.1,4
NIFTY50,24100,BEARISH,90,01 Sep 26,11:14 AM,36.75,01 Sep 26,11:16 AM,31.58,hard_sl_hit,-11632.5,-14.07,2
NIFTY50,24100,BULLISH,85,01 Sep 26,12:53 PM,38.46,01 Sep 26,12:55 PM,34.72,hard_sl_hit,-7947.5,-9.72,2
NIFTY50,24050,BULLISH,118,01 Sep 26,01:43 PM,27.31,01 Sep 26,01:45 PM,27.4,tsl_hit,265.5,0.33,2
NIFTY50,23950,BEARISH,90,01 Sep 26,02:33 PM,35.91,01 Sep 26,02:42 PM,39.66,tsl_hit,8437.5,10.44,9
NIFTY50,23850,BEARISH,19,02 Sep 26,09:15 AM,170.06,02 Sep 26,09:25 AM,176.83,tsl_hit,3215.75,3.98,10
NIFTY50,23850,BEARISH,20,02 Sep 26,10:00 AM,159.12,02 Sep 26,10:05 AM,154.94,time_stop,-2090.0,-2.63,5
NIFTY50,23850,BEARISH,22,02 Sep 26,10:25 AM,146.56,02 Sep 26,10:30 AM,141.17,time_stop,-2964.5,-3.68,5
NIFTY50,23800,BEARISH,199,02 Sep 26,11:56 AM,16.41,02 Sep 26,12:00 PM,16.63,tsl_hit,1094.5,1.34,4
NIFTY50,23850,BEARISH,137,02 Sep 26,12:34 PM,23.89,02 Sep 26,12:36 PM,21.15,hard_sl_hit,-9384.5,-11.47,2
NIFTY50,23850,BEARISH,231,02 Sep 26,01:03 PM,14.0,02 Sep 26,01:10 PM,18.41,tsl_hit,25467.75,31.5,7
NIFTY50,23900,BULLISH,29,04 Sep 26,09:15 AM,114.65,04 Sep 26,09:21 AM,126.53,tsl_hit,8613.0,10.36,6
NIFTY50,23900,BEARISH,41,04 Sep 26,09:48 AM,80.88,04 Sep 26,09:53 AM,72.36,hard_sl_hit,-8733.0,-10.53,5
NIFTY50,24000,BEARISH,79,04 Sep 26,11:41 AM,42.19,04 Sep 26,11:49 AM,45.55,tsl_hit,6636.0,7.96,8
NIFTY50,23950,BULLISH,59,04 Sep 26,12:59 PM,56.43,04 Sep 26,01:18 PM,63.76,tsl_hit,10811.75,12.99,19
NIFTY50,23950,BEARISH,105,04 Sep 26,02:33 PM,32.37,04 Sep 26,02:41 PM,37.5,tsl_hit,13466.25,15.85,8
NIFTY50,23850,BULLISH,45,07 Sep 26,09:17 AM,77.32,07 Sep 26,09:20 AM,80.43,tsl_hit,3498.75,4.02,3
NIFTY50,23750,BULLISH,61,07 Sep 26,11:06 AM,57.23,07 Sep 26,11:11 AM,55.21,time_stop,-3080.5,-3.53,5
NIFTY50,23700,BULLISH,53,08 Sep 26,09:17 AM,64.83,08 Sep 26,09:27 AM,58.72,hard_sl_hit,-8095.75,-9.42,10
NIFTY50,23650,BULLISH,100,08 Sep 26,12:07 PM,34.54,08 Sep 26,12:15 PM,35.08,tsl_hit,1350.0,1.56,8
NIFTY50,23650,BEARISH,151,08 Sep 26,12:26 PM,22.84,08 Sep 26,12:30 PM,19.97,hard_sl_hit,-10834.25,-12.57,4
NIFTY50,23650,BULLISH,144,08 Sep 26,01:53 PM,23.6,08 Sep 26,01:59 PM,24.32,tsl_hit,2592.0,3.05,6
