Index,Strike,Direction,Lots,Entry Date,Entry Time,Entry ₹,Exit Date,Exit Time,Exit ₹,Reason,P&L,P&L %,Hold (min)
NIFTY50,19950,BULLISH,6,11 Sep 23,11:40 AM,34.36,11 Sep 23,11:48 AM,34.22,tsl_hit,-21.0,-0.41,8
NIFTY50,19950,BEARISH,8,11 Sep 23,12:32 PM,24.9,11 Sep 23,12:35 PM,24.51,tsl_hit,-78.0,-1.57,3
NIFTY50,19950,BEARISH,10,11 Sep 23,02:28 PM,20.64,11 Sep 23,02:31 PM,18.45,hard_sl_hit,-547.5,-10.61,3
NIFTY50,19950,BEARISH,11,11 Sep 23,02:48 PM,18.46,11 Sep 23,02:50 PM,16.32,hard_sl_hit,-588.5,-11.59,2
NIFTY50,20000,BEARISH,6,11 Sep 23,03:05 PM,33.09,11 Sep 23,03:07 PM,29.53,hard_sl_hit,-534.0,-10.76,2
NIFTY50,20100,BEARISH,2,12 Sep 23,09:17 AM,80.26,12 Sep 23,09:20 AM,86.18,tsl_hit,296.0,7.38,3
NIFTY50,20000,BULLISH,4,12 Sep 23,12:21 PM,46.99,12 Sep 23,12:28 PM,50.79,tsl_hit,380.0,8.09,7
NIFTY50,20000,BEARISH,4,12 Sep 23,01:26 PM,53.01,12 Sep 23,01:30 PM,50.53,tsl_hit,-248.0,-4.68,4
NIFTY50,20000,BEARISH,5,12 Sep 23,02:14 PM,43.1,12 Sep 23,02:22 PM,42.45,tsl_hit,-81.25,-1.51,8
NIFTY50,20000,BULLISH,4,12 Sep 23,02:30 PM,52.94,12 Sep 23,02:35 PM,55.64,tsl_hit,270.0,5.1,5
NIFTY50,19950,BULLISH,4,13 Sep 23,09:17 AM,44.19,13 Sep 23,09:26 AM,69.38,tsl_hit,2519.0,57.0,9
NIFTY50,20000,BEARISH,9,13 Sep 23,11:26 AM,25.16,13 Sep 23,11:28 AM,21.19,hard_sl_hit,-893.25,-15.78,2
NIFTY50,20050,BEARISH,7,13 Sep 23,12:12 PM,29.93,13 Sep 23,12:17 PM,30.13,tsl_hit,35.0,0.67,5
NIFTY50,20050,BEARISH,10,13 Sep 23,12:31 PM,22.3,13 Sep 23,12:40 PM,26.49,tsl_hit,1047.5,18.79,9
NIFTY50,20150,BEARISH,13,14 Sep 23,09:18 AM,17.4,14 Sep 23,09:22 AM,15.6,hard_sl_hit,-585.0,-10.34,4
NIFTY50,20100,BEARISH,4530,14 Sep 23,03:29 PM,0.05,15 Sep 23,09:18 AM,89.59,tsl_hit,10140405.0,179080.0,4
NIFTY50,20150,BEARISH,406,15 Sep 23,09:19 AM,111.45,15 Sep 23,09:24 AM,103.72,time_stop,-78459.5,-6.94,5
NIFTY50,20150,BEARISH,450,15 Sep 23,10:54 AM,99.75,15 Sep 23,10:55 AM,50.46,hard_sl_hit,-554512.5,-49.41,1
NIFTY50,20200,BEARISH,642,15 Sep 23,11:03 AM,66.1,15 Sep 23,11:13 AM,59.48,hard_sl_hit,-106251.0,-10.02,10
NIFTY50,20150,BULLISH,499,15 Sep 23,12:21 PM,84.18,15 Sep 23,12:31 PM,74.73,hard_sl_hit,-117888.75,-11.23,10
NIFTY50,20200,BEARISH,576,15 Sep 23,01:29 PM,71.97,15 Sep 23,01:43 PM,78.91,tsl_hit,99936.0,9.64,14
NIFTY50,20200,BEARISH,1103,15 Sep 23,02:47 PM,37.98,15 Sep 23,02:50 PM,44.12,tsl_hit,169310.5,16.17,3
NIFTY50,20200,BEARISH,1071,15 Sep 23,03:02 PM,39.82,15 Sep 23,03:18 PM,55.71,tsl_hit,425454.75,39.9,16
NIFTY50,20150,BULLISH,1026,18 Sep 23,12:20 PM,43.42,18 Sep 23,12:25 PM,48.69,tsl_hit,135175.5,12.14,5
NIFTY50,20200,BULLISH,1783,18 Sep 23,12:41 PM,25.33,18 Sep 23,12:43 PM,22.77,hard_sl_hit,-114112.0,-10.11,2
NIFTY50,20150,BULLISH,1223,18 Sep 23,02:30 PM,36.52,18 Sep 23,02:35 PM,35.93,time_stop,-18039.25,-1.62,5
NIFTY50,20000,BULLISH,543,20 Sep 23,09:17 AM,82.11,20 Sep 23,09:23 AM,109.97,tsl_hit,378199.5,33.93,6
NIFTY50,19950,BULLISH,460,20 Sep 23,10:28 AM,100.49,20 Sep 23,10:43 AM,103.11,tsl_hit,30130.0,2.61,15
NIFTY50,19950,BULLISH,2620,20 Sep 23,11:55 AM,17.71,20 Sep 23,12:04 PM,21.48,tsl_hit,246935.0,21.29,9
NIFTY50,19950,BULLISH,3387,20 Sep 23,01:05 PM,14.02,20 Sep 23,01:07 PM,12.18,hard_sl_hit,-155802.0,-13.12,2
NIFTY50,19900,BULLISH,1993,20 Sep 23,01:50 PM,23.48,20 Sep 23,01:52 PM,17.51,hard_sl_hit,-297455.25,-25.43,2
NIFTY50,19900,BULLISH,2713,20 Sep 23,01:54 PM,16.76,20 Sep 23,01:55 PM,14.86,hard_sl_hit,-128867.5,-11.34,1
NIFTY50,19800,BULLISH,2013,21 Sep 23,09:19 AM,22.3,21 Sep 23,09:21 AM,12.2,hard_sl_hit,-508282.5,-45.29,2
NIFTY50,19750,BULLISH,6992,21 Sep 23,11:43 AM,6.1,21 Sep 23,11:46 AM,9.6,tsl_hit,611800.0,57.38,3
NIFTY50,19750,BULLISH,907435,21 Sep 23,01:01 PM,0.05,21 Sep 23,01:06 PM,0.05,time_stop,0.0,0.0,5
NIFTY50,19750,BEARISH,907435,21 Sep 23,01:17 PM,0.05,21 Sep 23,01:22 PM,0.05,time_stop,0.0,0.0,5
NIFTY50,19750,BULLISH,907435,21 Sep 23,02:15 PM,0.05,21 Sep 23,02:20 PM,0.05,time_stop,0.0,0.0,5
NIFTY50,19750,BEARISH,3544,21 Sep 23,03:04 PM,12.8,21 Sep 23,03:07 PM,18.2,tsl_hit,478440.0,42.19,3
NIFTY50,19750,BEARISH,13970,21 Sep 23,03:18 PM,3.4,21 Sep 23,03:19 PM,2.6,hard_sl_hit,-279400.0,-23.53,1
NIFTY50,19700,BULLISH,399,22 Sep 23,09:55 AM,115.69,22 Sep 23,09:58 AM,102.27,hard_sl_hit,-133864.5,-11.6,3
NIFTY50,19750,BULLISH,532,22 Sep 23,12:59 PM,85.78,22 Sep 23,01:05 PM,84.44,tsl_hit,-17822.0,-1.56,6
NIFTY50,19750,BEARISH,951,25 Sep 23,01:04 PM,47.93,25 Sep 23,01:14 PM,57.55,tsl_hit,228715.5,20.07,10
NIFTY50,19750,BEARISH,972,25 Sep 23,01:04 PM,47.93,25 Sep 23,01:14 PM,57.55,tsl_hit,233766.0,20.07,10
NIFTY50,19650,BULLISH,878,26 Sep 23,09:33 AM,54.2,26 Sep 23,09:37 AM,54.25,tsl_hit,1097.5,0.09,4
NIFTY50,19650,BULLISH,1384,26 Sep 23,03:04 PM,34.42,26 Sep 23,03:14 PM,35.04,tsl_hit,21452.0,1.8,10
NIFTY50,19600,BEARISH,1889,27 Sep 23,09:15 AM,25.26,27 Sep 23,09:18 AM,22.76,hard_sl_hit,-118062.5,-9.9,3
NIFTY50,19600,BULLISH,1293,27 Sep 23,10:03 AM,36.51,27 Sep 23,10:05 AM,31.92,hard_sl_hit,-148371.75,-12.57,2
NIFTY50,19600,BEARISH,848,27 Sep 23,10:44 AM,54.88,27 Sep 23,10:49 AM,55.02,tsl_hit,2968.0,0.26,5
NIFTY50,19650,BULLISH,2125,27 Sep 23,11:55 AM,21.91,27 Sep 23,11:56 AM,19.43,hard_sl_hit,-131750.0,-11.32,1
NIFTY50,19700,BEARISH,1493,27 Sep 23,01:11 PM,30.79,27 Sep 23,01:16 PM,27.84,hard_sl_hit,-110108.75,-9.58,5
NIFTY50,19700,BULLISH,2661,27 Sep 23,02:22 PM,17.09,27 Sep 23,02:30 PM,23.47,tsl_hit,424429.5,37.33,8
NIFTY50,19750,BEARISH,11555,28 Sep 23,09:17 AM,4.1,28 Sep 23,09:19 AM,0.05,hard_sl_hit,-1169943.75,-98.78,2
NIFTY50,19700,BULLISH,2619,28 Sep 23,09:41 AM,16.1,28 Sep 23,09:42 AM,5.6,hard_sl_hit,-687487.5,-65.22,1
NIFTY50,19600,BULLISH,2557,28 Sep 23,12:28 PM,15.3,28 Sep 23,12:34 PM,21.0,tsl_hit,364372.5,37.25,6
NIFTY50,19600,BULLISH,814851,28 Sep 23,01:13 PM,0.05,28 Sep 23,01:18 PM,0.05,time_stop,0.0,0.0,5
NIFTY50,19550,BEARISH,814851,28 Sep 23,02:21 PM,0.05,28 Sep 23,02:25 PM,0.05,tsl_hit,0.0,0.0,4
NIFTY50,19550,BEARISH,2439,28 Sep 23,03:20 PM,16.7,28 Sep 23,03:21 PM,6.9,hard_sl_hit,-597555.0,-58.68,1
NIFTY50,19600,BEARISH,710,29 Sep 23,11:14 AM,53.58,29 Sep 23,11:26 AM,48.7,hard_sl_hit,-86620.0,-9.11,12
NIFTY50,19650,BEARISH,609,29 Sep 23,11:37 AM,61.88,29 Sep 23,11:39 AM,56.22,hard_sl_hit,-86173.5,-9.15,2
NIFTY50,19550,BULLISH,410,03 Oct 23,09:18 AM,90.9,03 Oct 23,09:34 AM,82.51,hard_sl_hit,-85997.5,-9.23,16
NIFTY50,19500,BULLISH,365,03 Oct 23,09:56 AM,101.11,03 Oct 23,10:01 AM,94.28,time_stop,-62323.75,-6.76,5
NIFTY50,19500,BEARISH,412,03 Oct 23,10:20 AM,88.84,03 Oct 23,10:29 AM,80.41,hard_sl_hit,-86829.0,-9.49,9
NIFTY50,19500,BEARISH,1748,03 Oct 23,12:10 PM,20.75,03 Oct 23,12:15 PM,20.01,time_stop,-32338.0,-3.57,5
NIFTY50,19550,BULLISH,1607,03 Oct 23,01:31 PM,22.48,03 Oct 23,01:35 PM,24.08,tsl_hit,64280.0,7.12,4
NIFTY50,19550,BULLISH,1285,03 Oct 23,02:04 PM,28.33,03 Oct 23,02:05 PM,25.59,hard_sl_hit,-88022.5,-9.67,1
NIFTY50,19400,BULLISH,430,04 Oct 23,09:17 AM,83.77,04 Oct 23,09:23 AM,71.51,hard_sl_hit,-131795.0,-14.64,6
NIFTY50,19400,BULLISH,1381,04 Oct 23,11:28 AM,25.66,04 Oct 23,11:30 AM,24.83,tsl_hit,-28655.75,-3.23,2
NIFTY50,19400,BEARISH,2436,04 Oct 23,02:43 PM,14.49,04 Oct 23,02:45 PM,12.54,hard_sl_hit,-118755.0,-13.46,2
NIFTY50,19400,BULLISH,1060,04 Oct 23,03:01 PM,32.8,04 Oct 23,03:06 PM,45.51,tsl_hit,336815.0,38.75,5
NIFTY50,19550,BEARISH,1641,05 Oct 23,09:17 AM,22.1,05 Oct 23,09:18 AM,13.6,hard_sl_hit,-348712.5,-38.46,1
NIFTY50,19550,BEARISH,694612,05 Oct 23,02:41 PM,0.05,05 Oct 23,02:46 PM,0.05,time_stop,0.0,0.0,5
NIFTY50,19550,BULLISH,694612,05 Oct 23,03:05 PM,0.05,05 Oct 23,03:10 PM,0.05,time_stop,0.0,0.0,5
NIFTY50,19600,BEARISH,362,06 Oct 23,09:17 AM,95.77,06 Oct 23,09:49 AM,95.98,tsl_hit,1900.5,0.22,32
NIFTY50,19650,BEARISH,329,06 Oct 23,10:47 AM,105.5,06 Oct 23,10:55 AM,57.6,hard_sl_hit,-393977.5,-45.4,8
NIFTY50,19650,BEARISH,1073,06 Oct 23,01:31 PM,30.74,06 Oct 23,01:35 PM,31.41,tsl_hit,17972.75,2.18,4
NIFTY50,19650,BEARISH,1395,06 Oct 23,02:04 PM,23.69,06 Oct 23,02:07 PM,21.36,hard_sl_hit,-81258.75,-9.84,3
NIFTY50,19650,BULLISH,651,06 Oct 23,02:24 PM,50.19,06 Oct 23,02:45 PM,54.0,tsl_hit,62007.75,7.59,21
NIFTY50,19650,BULLISH,579,06 Oct 23,02:50 PM,56.94,06 Oct 23,03:00 PM,61.26,tsl_hit,62532.0,7.59,10
NIFTY50,19500,BULLISH,196,09 Oct 23,09:17 AM,169.58,09 Oct 23,10:03 AM,208.9,tsl_hit,192668.0,23.19,46
NIFTY50,19550,BULLISH,909,09 Oct 23,12:21 PM,37.5,09 Oct 23,12:24 PM,32.19,hard_sl_hit,-120669.75,-14.16,3
NIFTY50,19500,BULLISH,764,09 Oct 23,02:21 PM,43.95,09 Oct 23,02:30 PM,59.07,tsl_hit,288792.0,34.4,9
NIFTY50,19500,BULLISH,639,09 Oct 23,03:10 PM,54.54,09 Oct 23,03:17 PM,49.23,hard_sl_hit,-84827.25,-9.74,7
NIFTY50,19600,BEARISH,377,10 Oct 23,09:18 AM,91.24,10 Oct 23,09:37 AM,92.75,tsl_hit,14231.75,1.65,19
NIFTY50,19600,BEARISH,377,10 Oct 23,09:42 AM,91.51,10 Oct 23,10:12 AM,82.24,hard_sl_hit,-87369.75,-10.13,30
NIFTY50,19600,BULLISH,913,10 Oct 23,10:57 AM,37.41,10 Oct 23,11:02 AM,36.49,time_stop,-20999.0,-2.46,5
NIFTY50,19600,BULLISH,1023,10 Oct 23,11:41 AM,33.29,10 Oct 23,11:48 AM,38.43,tsl_hit,131455.5,15.44,7
NIFTY50,19700,BEARISH,1305,10 Oct 23,01:29 PM,26.55,10 Oct 23,01:34 PM,23.72,hard_sl_hit,-92328.75,-10.66,5
NIFTY50,19700,BEARISH,1950,10 Oct 23,02:22 PM,17.56,10 Oct 23,02:27 PM,16.51,time_stop,-51187.5,-5.98,5
NIFTY50,19700,BULLISH,1363,10 Oct 23,03:03 PM,24.95,10 Oct 23,03:08 PM,26.8,tsl_hit,63038.75,7.41,5
NIFTY50,19800,BEARISH,512,11 Oct 23,09:18 AM,66.87,11 Oct 23,09:22 AM,60.54,hard_sl_hit,-81024.0,-9.47,4
NIFTY50,19800,BULLISH,822,11 Oct 23,10:57 AM,41.28,11 Oct 23,11:00 AM,41.21,tsl_hit,-1438.5,-0.17,3
NIFTY50,19800,BULLISH,1032,11 Oct 23,11:13 AM,32.85,11 Oct 23,11:15 AM,29.49,hard_sl_hit,-86688.0,-10.23,2
NIFTY50,19800,BULLISH,1129,11 Oct 23,11:17 AM,29.71,11 Oct 23,11:26 AM,35.36,tsl_hit,159471.25,19.02,9
NIFTY50,19800,BULLISH,1530,11 Oct 23,12:17 PM,22.38,11 Oct 23,12:18 PM,19.23,hard_sl_hit,-120487.5,-14.08,1
NIFTY50,19850,BEARISH,1926,12 Oct 23,09:17 AM,17.5,12 Oct 23,09:23 AM,21.4,tsl_hit,187785.0,22.29,6
NIFTY50,19800,BULLISH,691021,12 Oct 23,09:51 AM,0.05,12 Oct 23,09:56 AM,0.05,time_stop,0.0,0.0,5
NIFTY50,19800,BULLISH,691021,12 Oct 23,10:35 AM,0.05,12 Oct 23,10:40 AM,0.05,time_stop,0.0,0.0,5
NIFTY50,19800,BEARISH,691021,12 Oct 23,10:47 AM,0.05,12 Oct 23,10:52 AM,0.05,time_stop,0.0,0.0,5
NIFTY50,19800,BEARISH,691021,12 Oct 23,12:53 PM,0.05,12 Oct 23,12:58 PM,0.05,time_stop,0.0,0.0,5
NIFTY50,19800,BULLISH,15022,12 Oct 23,01:14 PM,2.3,12 Oct 23,01:17 PM,3.0,tsl_hit,262885.0,30.43,3
NIFTY50,19800,BULLISH,7599,12 Oct 23,01:57 PM,4.7,12 Oct 23,01:58 PM,3.6,hard_sl_hit,-208972.5,-23.4,1
NIFTY50,19800,BULLISH,695813,12 Oct 23,02:27 PM,0.05,12 Oct 23,02:31 PM,0.7,tsl_hit,11306961.25,1300.0,4
NIFTY50,19800,BULLISH,1700877,12 Oct 23,03:05 PM,0.05,12 Oct 23,03:08 PM,0.05,tsl_hit,0.0,0.0,3
NIFTY50,19800,BEARISH,425219,12 Oct 23,03:10 PM,0.2,12 Oct 23,03:13 PM,0.05,hard_sl_hit,-1594571.25,-75.0,3
NIFTY50,19700,BULLISH,408,13 Oct 23,09:17 AM,190.98,13 Oct 23,09:43 AM,195.82,tsl_hit,49368.0,2.53,26
NIFTY50,19700,BULLISH,402,13 Oct 23,09:46 AM,194.27,13 Oct 23,10:55 AM,63.2,hard_sl_hit,-1317253.5,-67.47,69
NIFTY50,19700,BEARISH,1650,13 Oct 23,11:23 AM,43.82,13 Oct 23,11:28 AM,39.39,hard_sl_hit,-182737.5,-10.11,5
NIFTY50,19700,BULLISH,1677,13 Oct 23,12:11 PM,42.62,13 Oct 23,12:43 PM,56.26,tsl_hit,571857.0,32.0,32
NIFTY50,19750,BEARISH,2160,13 Oct 23,02:07 PM,34.27,13 Oct 23,02:14 PM,34.38,tsl_hit,5940.0,0.32,7
NIFTY50,19750,BULLISH,1251,16 Oct 23,10:59 AM,59.21,16 Oct 23,11:08 AM,58.09,tsl_hit,-35028.0,-1.89,9
NIFTY50,19750,BULLISH,1397,16 Oct 23,11:14 AM,52.89,16 Oct 23,11:16 AM,46.47,hard_sl_hit,-224218.5,-12.14,2
NIFTY50,19800,BEARISH,951,17 Oct 23,09:17 AM,76.66,17 Oct 23,09:28 AM,76.08,tsl_hit,-13789.5,-0.76,11
NIFTY50,19850,BULLISH,4147,17 Oct 23,11:33 AM,17.57,17 Oct 23,11:41 AM,17.55,tsl_hit,-2073.5,-0.11,8
NIFTY50,19850,BULLISH,6569,17 Oct 23,12:27 PM,11.09,17 Oct 23,12:30 PM,9.71,hard_sl_hit,-226630.5,-12.44,3
NIFTY50,19850,BULLISH,7323,17 Oct 23,12:32 PM,9.81,17 Oct 23,12:41 PM,15.29,tsl_hit,1003251.0,55.86,9
NIFTY50,19850,BULLISH,4835,17 Oct 23,01:04 PM,15.78,17 Oct 23,01:06 PM,14.29,hard_sl_hit,-180103.75,-9.44,2
NIFTY50,19800,BULLISH,3571,18 Oct 23,09:19 AM,21.14,18 Oct 23,09:20 AM,18.46,hard_sl_hit,-239257.0,-12.68,1
NIFTY50,19700,BEARISH,3026,18 Oct 23,01:07 PM,24.6,18 Oct 23,01:12 PM,22.24,hard_sl_hit,-178534.0,-9.59,5
NIFTY50,19700,BEARISH,4887,18 Oct 23,01:58 PM,15.07,18 Oct 23,02:00 PM,13.11,hard_sl_hit,-239463.0,-13.01,2
NIFTY50,19550,BULLISH,1451699,19 Oct 23,09:19 AM,0.05,19 Oct 23,09:24 AM,0.05,time_stop,0.0,0.0,5
NIFTY50,19550,BEARISH,1451699,19 Oct 23,09:53 AM,0.05,19 Oct 23,09:58 AM,0.05,time_stop,0.0,0.0,5
NIFTY50,19700,BEARISH,3101,19 Oct 23,02:07 PM,23.4,19 Oct 23,02:10 PM,31.3,tsl_hit,612447.5,33.76,3
NIFTY50,19550,BULLISH,529,20 Oct 23,09:17 AM,142.22,20 Oct 23,09:30 AM,152.47,tsl_hit,135556.25,7.21,13
NIFTY50,19550,BEARISH,1618,20 Oct 23,11:16 AM,46.89,20 Oct 23,11:21 AM,46.27,time_stop,-25079.0,-1.32,5
NIFTY50,19550,BULLISH,1328,20 Oct 23,11:49 AM,57.04,20 Oct 23,11:56 AM,57.01,tsl_hit,-996.0,-0.05,7
NIFTY50,19550,BEARISH,1538,20 Oct 23,01:20 PM,49.25,20 Oct 23,01:38 PM,54.16,tsl_hit,188789.5,9.97,18
NIFTY50,19550,BULLISH,1341,20 Oct 23,03:20 PM,57.12,20 Oct 23,03:23 PM,58.23,tsl_hit,37212.75,1.94,3
NIFTY50,19550,BEARISH,1970,23 Oct 23,09:22 AM,38.98,23 Oct 23,09:35 AM,50.24,tsl_hit,554555.0,28.89,13
NIFTY50,19450,BULLISH,1352,23 Oct 23,11:48 AM,58.61,23 Oct 23,11:58 AM,63.03,tsl_hit,149396.0,7.54,10
NIFTY50,19300,BULLISH,2216,25 Oct 23,11:07 AM,36.06,25 Oct 23,11:11 AM,29.01,hard_sl_hit,-390570.0,-19.55,4
NIFTY50,19250,BULLISH,2484,25 Oct 23,11:34 AM,31.47,25 Oct 23,11:35 AM,26.49,hard_sl_hit,-309258.0,-15.82,1
NIFTY50,19200,BULLISH,2512,25 Oct 23,12:35 PM,30.57,25 Oct 23,12:41 PM,25.65,hard_sl_hit,-308976.0,-16.09,6
NIFTY50,19150,BULLISH,1703,25 Oct 23,02:26 PM,44.28,25 Oct 23,02:31 PM,44.44,tsl_hit,6812.0,0.36,5
NIFTY50,19100,BULLISH,1581,25 Oct 23,03:22 PM,47.73,26 Oct 23,09:15 AM,0.05,hard_sl_hit,-1884552.0,-99.9,8
NIFTY50,19000,BULLISH,27957,26 Oct 23,09:18 AM,2.4,26 Oct 23,09:20 AM,0.05,hard_sl_hit,-1642473.75,-97.92,2
NIFTY50,18900,BULLISH,1195954,26 Oct 23,10:59 AM,0.05,26 Oct 23,11:04 AM,0.05,time_stop,0.0,0.0,5
NIFTY50,18900,BEARISH,2730,26 Oct 23,11:45 AM,21.9,26 Oct 23,11:46 AM,13.8,hard_sl_hit,-552825.0,-36.99,1
NIFTY50,18900,BEARISH,2881,26 Oct 23,11:49 AM,19.9,26 Oct 23,11:50 AM,15.4,hard_sl_hit,-324112.5,-22.61,1
NIFTY50,18900,BEARISH,2552,26 Oct 23,12:47 PM,21.9,26 Oct 23,12:51 PM,28.4,tsl_hit,414700.0,29.68,4
NIFTY50,18850,BULLISH,19247,26 Oct 23,01:27 PM,3.0,26 Oct 23,01:29 PM,2.6,hard_sl_hit,-192470.0,-13.33,2
NIFTY50,18950,BEARISH,346,27 Oct 23,09:17 AM,164.03,27 Oct 23,09:25 AM,148.52,hard_sl_hit,-134161.5,-9.46,8
NIFTY50,19000,BEARISH,852,27 Oct 23,11:02 AM,66.02,27 Oct 23,11:13 AM,65.71,tsl_hit,-6603.0,-0.47,11
NIFTY50,19050,BEARISH,668,27 Oct 23,11:26 AM,84.11,27 Oct 23,11:34 AM,76.07,hard_sl_hit,-134268.0,-9.56,8
NIFTY50,19050,BULLISH,847,27 Oct 23,12:22 PM,65.69,27 Oct 23,12:29 PM,57.94,hard_sl_hit,-164106.25,-11.8,7
NIFTY50,19050,BULLISH,904,27 Oct 23,12:31 PM,60.71,27 Oct 23,12:40 PM,61.28,tsl_hit,12882.0,0.94,9
NIFTY50,19050,BEARISH,1048,27 Oct 23,01:48 PM,52.45,27 Oct 23,01:58 PM,56.43,tsl_hit,104276.0,7.59,10
NIFTY50,19050,BEARISH,950,27 Oct 23,02:35 PM,58.36,27 Oct 23,02:40 PM,54.51,time_stop,-91437.5,-6.6,5
NIFTY50,19000,BEARISH,888,30 Oct 23,09:15 AM,61.96,30 Oct 23,09:18 AM,66.25,tsl_hit,95238.0,6.92,3
NIFTY50,19000,BEARISH,560,30 Oct 23,10:05 AM,99.06,30 Oct 23,10:10 AM,89.49,hard_sl_hit,-133980.0,-9.66,5
NIFTY50,19100,BEARISH,1443,30 Oct 23,12:05 PM,38.03,30 Oct 23,12:20 PM,49.0,tsl_hit,395742.75,28.85,15
NIFTY50,19100,BEARISH,1682,30 Oct 23,01:15 PM,33.67,30 Oct 23,01:20 PM,31.81,time_stop,-78213.0,-5.52,5
NIFTY50,19150,BEARISH,1144,30 Oct 23,01:34 PM,49.17,30 Oct 23,01:46 PM,51.91,tsl_hit,78364.0,5.57,12
NIFTY50,19200,BEARISH,930,31 Oct 23,09:17 AM,60.9,31 Oct 23,09:21 AM,68.11,tsl_hit,167632.5,11.84,4
NIFTY50,19100,BEARISH,1198,31 Oct 23,11:27 AM,47.87,31 Oct 23,11:32 AM,46.95,time_stop,-27554.0,-1.92,5
NIFTY50,19100,BEARISH,2294,31 Oct 23,01:08 PM,24.96,31 Oct 23,01:18 PM,21.97,hard_sl_hit,-171476.5,-11.98,10
NIFTY50,19100,BULLISH,1877,31 Oct 23,01:27 PM,30.1,31 Oct 23,01:31 PM,51.13,tsl_hit,986832.75,69.87,4
NIFTY50,19050,BULLISH,2165,01 Nov 23,11:32 AM,28.12,01 Nov 23,11:38 AM,24.54,hard_sl_hit,-193767.5,-12.73,6
NIFTY50,19050,BEARISH,3037,01 Nov 23,12:17 PM,19.76,01 Nov 23,12:19 PM,18.88,tsl_hit,-66814.0,-4.45,2
NIFTY50,19050,BULLISH,3050,01 Nov 23,01:03 PM,19.58,01 Nov 23,01:08 PM,17.37,hard_sl_hit,-168512.5,-11.29,5
NIFTY50,19000,BULLISH,1992,01 Nov 23,01:14 PM,29.6,01 Nov 23,01:16 PM,23.82,hard_sl_hit,-287844.0,-19.53,2
NIFTY50,19000,BULLISH,2195,01 Nov 23,01:18 PM,26.28,01 Nov 23,01:21 PM,31.67,tsl_hit,295776.25,20.51,3
NIFTY50,19000,BULLISH,2211,01 Nov 23,03:05 PM,26.68,01 Nov 23,03:07 PM,23.92,hard_sl_hit,-152559.0,-10.34,2
NIFTY50,19100,BEARISH,1166686,02 Nov 23,11:15 AM,0.05,02 Nov 23,11:20 AM,0.05,time_stop,0.0,0.0,5
NIFTY50,19100,BULLISH,1166686,02 Nov 23,11:44 AM,0.05,02 Nov 23,11:49 AM,0.05,time_stop,0.0,0.0,5
NIFTY50,19100,BULLISH,4227,02 Nov 23,01:25 PM,13.8,02 Nov 23,01:26 PM,7.1,hard_sl_hit,-708022.5,-48.55,1
NIFTY50,19150,BEARISH,4841,02 Nov 23,03:02 PM,11.4,02 Nov 23,03:06 PM,15.7,tsl_hit,520407.5,37.72,4
NIFTY50,19250,BEARISH,387,03 Nov 23,10:49 AM,148.33,03 Nov 23,10:55 AM,45.06,hard_sl_hit,-999137.25,-69.62,6
NIFTY50,19250,BULLISH,835,03 Nov 23,11:32 AM,63.52,03 Nov 23,11:37 AM,60.92,time_stop,-54275.0,-4.09,5
NIFTY50,19250,BEARISH,1932,03 Nov 23,12:42 PM,27.33,03 Nov 23,12:55 PM,28.63,tsl_hit,62790.0,4.76,13
NIFTY50,19300,BEARISH,547,06 Nov 23,09:17 AM,96.96,06 Nov 23,09:22 AM,86.1,hard_sl_hit,-148510.5,-11.2,5
NIFTY50,19350,BULLISH,496,06 Nov 23,10:52 AM,105.66,06 Nov 23,10:55 AM,37.63,hard_sl_hit,-843572.0,-64.39,3
NIFTY50,19300,BULLISH,797,06 Nov 23,11:07 AM,61.06,06 Nov 23,11:21 AM,67.91,tsl_hit,136486.25,11.22,14
NIFTY50,19350,BEARISH,5145,06 Nov 23,02:17 PM,9.58,06 Nov 23,02:19 PM,8.21,hard_sl_hit,-176216.25,-14.3,2
NIFTY50,19350,BULLISH,803,07 Nov 23,09:18 AM,60.36,07 Nov 23,09:26 AM,68.55,tsl_hit,164414.25,13.57,8
NIFTY50,19350,BULLISH,1450,07 Nov 23,11:47 AM,33.94,07 Nov 23,11:49 AM,29.71,hard_sl_hit,-153337.5,-12.46,2
NIFTY50,19450,BEARISH,1877,08 Nov 23,09:59 AM,25.86,08 Nov 23,10:01 AM,22.77,hard_sl_hit,-144998.25,-11.95,2
NIFTY50,19450,BULLISH,2635,08 Nov 23,11:00 AM,18.18,08 Nov 23,11:02 AM,16.32,hard_sl_hit,-122527.5,-10.23,2
NIFTY50,19400,BULLISH,1498,08 Nov 23,11:14 AM,31.61,08 Nov 23,11:26 AM,39.0,tsl_hit,276755.5,23.38,12
NIFTY50,19450,BULLISH,3250,08 Nov 23,11:57 AM,14.95,08 Nov 23,12:02 PM,16.52,tsl_hit,127562.5,10.5,5
NIFTY50,19400,BULLISH,2961,09 Nov 23,09:52 AM,16.6,09 Nov 23,09:56 AM,32.4,tsl_hit,1169595.0,95.18,4
NIFTY50,19450,BULLISH,1087345,09 Nov 23,10:28 AM,0.05,09 Nov 23,10:33 AM,0.05,time_stop,0.0,0.0,5
NIFTY50,19450,BULLISH,1087345,09 Nov 23,12:50 PM,0.05,09 Nov 23,12:55 PM,0.05,time_stop,0.0,0.0,5
NIFTY50,19400,BULLISH,2626,09 Nov 23,01:44 PM,20.7,09 Nov 23,01:47 PM,18.0,hard_sl_hit,-177255.0,-13.04,3
NIFTY50,19400,BULLISH,2223,09 Nov 23,02:01 PM,24.1,09 Nov 23,02:03 PM,15.1,hard_sl_hit,-500175.0,-37.34,2
NIFTY50,19400,BULLISH,1027129,09 Nov 23,02:26 PM,0.05,09 Nov 23,02:31 PM,1.3,tsl_hit,32097781.25,2500.0,5
NIFTY50,19350,BEARISH,1610,10 Nov 23,09:15 AM,120.5,10 Nov 23,10:18 AM,107.04,hard_sl_hit,-541765.0,-11.17,63
NIFTY50,19350,BEARISH,2025,10 Nov 23,10:39 AM,94.59,10 Nov 23,10:55 AM,38.38,hard_sl_hit,-2845631.25,-59.42,16
NIFTY50,19350,BULLISH,2450,10 Nov 23,02:28 PM,73.04,10 Nov 23,02:40 PM,82.7,tsl_hit,591675.0,13.23,12
NIFTY50,19500,BEARISH,1856,12 Nov 23,06:17 PM,97.8,12 Nov 23,06:22 PM,89.55,time_stop,-382800.0,-8.44,5
NIFTY50,19450,BEARISH,1926,13 Nov 23,10:53 AM,93.39,13 Nov 23,10:55 AM,56.02,hard_sl_hit,-1799365.5,-40.01,2
NIFTY50,19450,BEARISH,9281,13 Nov 23,01:32 PM,18.52,13 Nov 23,01:37 PM,18.19,tsl_hit,-76568.25,-1.78,5
NIFTY50,19450,BEARISH,8471,13 Nov 23,02:02 PM,20.25,13 Nov 23,02:05 PM,18.28,hard_sl_hit,-417196.75,-9.73,3
NIFTY50,19450,BULLISH,5613,13 Nov 23,02:41 PM,30.23,13 Nov 23,02:45 PM,27.42,hard_sl_hit,-394313.25,-9.3,4
NIFTY50,19450,BULLISH,5827,13 Nov 23,02:46 PM,28.82,13 Nov 23,02:51 PM,26.31,time_stop,-365644.25,-8.71,5
NIFTY50,19450,BULLISH,6909,13 Nov 23,03:03 PM,24.07,13 Nov 23,03:07 PM,30.95,tsl_hit,1188348.0,28.58,4
NIFTY50,19600,BEARISH,1858,15 Nov 23,09:17 AM,92.35,15 Nov 23,09:31 AM,81.26,hard_sl_hit,-515130.5,-12.01,14
NIFTY50,19650,BEARISH,9122,15 Nov 23,12:24 PM,18.56,15 Nov 23,12:35 PM,21.31,tsl_hit,627137.5,14.82,11
NIFTY50,19800,BEARISH,3441932,16 Nov 23,01:46 PM,0.05,16 Nov 23,01:51 PM,0.05,time_stop,0.0,0.0,5
NIFTY50,19800,BEARISH,3441932,16 Nov 23,02:03 PM,0.05,16 Nov 23,02:08 PM,0.05,time_stop,0.0,0.0,5
NIFTY50,19850,BEARISH,10064,16 Nov 23,02:22 PM,17.1,16 Nov 23,02:25 PM,16.8,tsl_hit,-75480.0,-1.75,3
NIFTY50,19800,BULLISH,2169,17 Nov 23,11:08 AM,79.18,17 Nov 23,11:13 AM,74.27,time_stop,-266244.75,-6.2,5
NIFTY50,19750,BULLISH,1701,17 Nov 23,11:16 AM,100.23,17 Nov 23,11:21 AM,93.49,time_stop,-286618.5,-6.72,5
NIFTY50,19800,BEARISH,2261,17 Nov 23,11:44 AM,74.88,17 Nov 23,11:55 AM,66.37,hard_sl_hit,-481027.75,-11.36,11
NIFTY50,19750,BULLISH,2673,17 Nov 23,01:22 PM,62.53,17 Nov 23,01:52 PM,55.35,hard_sl_hit,-479803.5,-11.48,30
NIFTY50,19700,BEARISH,5299,20 Nov 23,12:55 PM,31.14,20 Nov 23,01:00 PM,31.62,tsl_hit,63588.0,1.54,5
NIFTY50,19700,BEARISH,6736,20 Nov 23,01:11 PM,24.54,20 Nov 23,01:22 PM,21.96,hard_sl_hit,-434472.0,-10.51,11
NIFTY50,19750,BEARISH,2771,21 Nov 23,09:17 AM,58.95,21 Nov 23,09:22 AM,52.98,hard_sl_hit,-413571.75,-10.13,5
NIFTY50,19800,BEARISH,5363,21 Nov 23,11:22 AM,30.12,21 Nov 23,11:31 AM,27.08,hard_sl_hit,-407588.0,-10.09,9
NIFTY50,19800,BEARISH,9692,21 Nov 23,12:16 PM,16.48,21 Nov 23,12:18 PM,15.22,tsl_hit,-305298.0,-7.65,2
NIFTY50,19800,BEARISH,10715,22 Nov 23,09:25 AM,14.78,22 Nov 23,09:30 AM,19.07,tsl_hit,1149183.75,29.03,5
NIFTY50,19800,BULLISH,6883,22 Nov 23,10:26 AM,23.75,22 Nov 23,10:30 AM,25.34,tsl_hit,273599.25,6.69,4
NIFTY50,19750,BULLISH,8941,22 Nov 23,12:22 PM,18.42,22 Nov 23,12:23 PM,15.81,hard_sl_hit,-583400.25,-14.17,1
NIFTY50,19850,BULLISH,3242187,23 Nov 23,09:50 AM,0.05,23 Nov 23,09:55 AM,0.05,time_stop,0.0,0.0,5
NIFTY50,19800,BULLISH,30020,23 Nov 23,11:46 AM,5.4,23 Nov 23,11:48 AM,4.2,hard_sl_hit,-900600.0,-22.22,2
NIFTY50,19800,BEARISH,3162133,23 Nov 23,12:12 PM,0.05,23 Nov 23,12:17 PM,0.05,time_stop,0.0,0.0,5
NIFTY50,19800,BULLISH,29279,23 Nov 23,01:35 PM,5.4,23 Nov 23,01:36 PM,3.7,hard_sl_hit,-1244357.5,-31.48,1
NIFTY50,19800,BULLISH,47680,23 Nov 23,02:34 PM,3.2,23 Nov 23,02:36 PM,0.6,hard_sl_hit,-3099200.0,-81.25,2
NIFTY50,19800,BULLISH,2776039,23 Nov 23,02:39 PM,0.05,23 Nov 23,02:41 PM,0.05,tsl_hit,0.0,0.0,2
NIFTY50,19800,BULLISH,2776039,23 Nov 23,02:52 PM,0.05,23 Nov 23,02:56 PM,0.05,tsl_hit,0.0,0.0,4
NIFTY50,19800,BULLISH,2332,24 Nov 23,11:54 AM,59.52,24 Nov 23,12:06 PM,53.99,hard_sl_hit,-322399.0,-9.29,12
NIFTY50,19800,BULLISH,3064,24 Nov 23,12:49 PM,44.82,24 Nov 23,12:52 PM,46.37,tsl_hit,118730.0,3.46,3
NIFTY50,19800,BULLISH,3355,24 Nov 23,01:08 PM,41.1,24 Nov 23,01:13 PM,36.32,hard_sl_hit,-400922.5,-11.63,5
NIFTY50,19800,BULLISH,2234,24 Nov 23,03:02 PM,60.91,24 Nov 23,03:28 PM,61.45,tsl_hit,30159.0,0.89,26
NIFTY50,19800,BULLISH,2363,28 Nov 23,09:15 AM,57.64,28 Nov 23,09:29 AM,60.37,tsl_hit,161274.75,4.74,14
NIFTY50,19850,BULLISH,4006,28 Nov 23,09:37 AM,34.19,28 Nov 23,09:43 AM,29.9,hard_sl_hit,-429643.5,-12.55,6
NIFTY50,19800,BEARISH,4877,28 Nov 23,10:33 AM,27.69,28 Nov 23,10:38 AM,26.54,time_stop,-140213.75,-4.15,5
NIFTY50,19850,BEARISH,5693,28 Nov 23,12:11 PM,23.61,28 Nov 23,12:13 PM,21.36,hard_sl_hit,-320231.25,-9.53,2
NIFTY50,19850,BEARISH,10239,28 Nov 23,02:26 PM,12.99,28 Nov 23,02:29 PM,10.57,hard_sl_hit,-619459.5,-18.63,3
NIFTY50,19950,BEARISH,3884,29 Nov 23,09:17 AM,33.53,29 Nov 23,09:19 AM,29.25,hard_sl_hit,-415588.0,-12.76,2
NIFTY50,20050,BEARISH,5039,29 Nov 23,12:16 PM,25.48,29 Nov 23,12:20 PM,22.71,hard_sl_hit,-348950.75,-10.87,4
NIFTY50,20050,BULLISH,10983,29 Nov 23,01:38 PM,11.55,29 Nov 23,01:39 PM,10.26,hard_sl_hit,-354201.75,-11.17,1
NIFTY50,20100,BEARISH,6311,29 Nov 23,03:10 PM,19.85,29 Nov 23,03:12 PM,17.59,hard_sl_hit,-356571.5,-11.39,2
NIFTY50,20100,BEARISH,8159,29 Nov 23,03:16 PM,15.16,29 Nov 23,03:22 PM,16.0,tsl_hit,171339.0,5.54,6
NIFTY50,20100,BEARISH,2489223,30 Nov 23,09:17 AM,0.05,30 Nov 23,09:22 AM,0.05,time_stop,0.0,0.0,5
NIFTY50,20050,BULLISH,12083,30 Nov 23,11:35 AM,10.3,30 Nov 23,11:42 AM,11.5,tsl_hit,362490.0,11.65,7
NIFTY50,20050,BEARISH,2521445,30 Nov 23,11:58 AM,0.05,30 Nov 23,12:03 PM,0.05,time_stop,0.0,0.0,5
NIFTY50,20050,BEARISH,2521445,30 Nov 23,12:50 PM,0.05,30 Nov 23,12:55 PM,0.05,time_stop,0.0,0.0,5
NIFTY50,20050,BEARISH,2521445,30 Nov 23,01:40 PM,0.05,30 Nov 23,01:45 PM,0.05,time_stop,0.0,0.0,5
NIFTY50,20200,BEARISH,874,01 Dec 23,09:17 AM,144.1,01 Dec 23,09:22 AM,142.68,time_stop,-31027.0,-0.99,5
NIFTY50,20250,BEARISH,845,01 Dec 23,09:55 AM,149.02,01 Dec 23,10:00 AM,145.63,time_stop,-71613.75,-2.27,5
NIFTY50,20250,BULLISH,1700,01 Dec 23,12:17 PM,73.87,01 Dec 23,01:10 PM,66.92,hard_sl_hit,-295375.0,-9.41,53
NIFTY50,20550,BULLISH,380,04 Dec 23,09:15 AM,326.63,04 Dec 23,09:54 AM,335.23,tsl_hit,81700.0,2.63,39
NIFTY50,20550,BULLISH,371,04 Dec 23,09:56 AM,335.98,04 Dec 23,10:55 AM,71.27,hard_sl_hit,-2455185.25,-78.79,59
NIFTY50,20600,BEARISH,2345,04 Dec 23,11:19 AM,48.49,04 Dec 23,11:24 AM,52.79,tsl_hit,252087.5,8.87,5
NIFTY50,20600,BEARISH,2976,04 Dec 23,12:14 PM,38.6,04 Dec 23,12:38 PM,34.98,hard_sl_hit,-269328.0,-9.38,24
NIFTY50,20600,BEARISH,4004,04 Dec 23,01:02 PM,28.39,04 Dec 23,01:07 PM,27.17,time_stop,-122122.0,-4.3,5
NIFTY50,20600,BEARISH,4621,04 Dec 23,01:22 PM,24.48,04 Dec 23,01:26 PM,23.59,tsl_hit,-102817.25,-3.64,4
NIFTY50,20600,BULLISH,2437,04 Dec 23,01:50 PM,46.22,04 Dec 23,01:52 PM,46.82,tsl_hit,36555.0,1.3,2
NIFTY50,20750,BEARISH,1802,05 Dec 23,09:17 AM,62.6,05 Dec 23,09:22 AM,71.16,tsl_hit,385628.0,13.67,5
NIFTY50,20800,BULLISH,1864,05 Dec 23,11:12 AM,61.44,05 Dec 23,11:14 AM,62.16,tsl_hit,33552.0,1.17,2
NIFTY50,20850,BEARISH,3291,05 Dec 23,03:02 PM,34.85,05 Dec 23,03:05 PM,30.42,hard_sl_hit,-364478.25,-12.71,3
NIFTY50,20950,BEARISH,1566,06 Dec 23,09:17 AM,72.21,06 Dec 23,09:22 AM,69.7,time_stop,-98266.5,-3.48,5
NIFTY50,20900,BULLISH,1728,06 Dec 23,09:38 AM,65.16,06 Dec 23,09:42 AM,86.21,tsl_hit,909360.0,32.31,4
NIFTY50,20900,BULLISH,1411,06 Dec 23,10:05 AM,82.67,06 Dec 23,10:09 AM,73.78,hard_sl_hit,-313594.75,-10.75,4
NIFTY50,20900,BULLISH,2818,06 Dec 23,11:57 AM,40.9,06 Dec 23,12:03 PM,43.12,tsl_hit,156399.0,5.43,6
NIFTY50,20900,BULLISH,3305,06 Dec 23,12:30 PM,35.09,06 Dec 23,12:32 PM,27.76,hard_sl_hit,-605641.25,-20.89,2
NIFTY50,20900,BULLISH,6916,06 Dec 23,01:09 PM,16.38,06 Dec 23,01:10 PM,14.22,hard_sl_hit,-373464.0,-13.19,1
NIFTY50,20950,BULLISH,5328,06 Dec 23,03:04 PM,20.95,06 Dec 23,03:08 PM,20.73,tsl_hit,-29304.0,-1.05,4
NIFTY50,20900,BULLISH,2230162,07 Dec 23,09:17 AM,0.05,07 Dec 23,09:22 AM,0.05,time_stop,0.0,0.0,5
NIFTY50,20900,BEARISH,16160,07 Dec 23,09:42 AM,6.9,07 Dec 23,09:45 AM,19.1,tsl_hit,4928800.0,176.81,3
NIFTY50,20950,BEARISH,5535,07 Dec 23,11:06 AM,24.1,07 Dec 23,11:07 AM,19.1,hard_sl_hit,-691875.0,-20.75,1
NIFTY50,20900,BEARISH,2606777,07 Dec 23,11:53 AM,0.05,07 Dec 23,11:58 AM,0.05,time_stop,0.0,0.0,5
NIFTY50,20900,BEARISH,2606777,07 Dec 23,02:08 PM,0.05,07 Dec 23,02:13 PM,0.05,time_stop,0.0,0.0,5
NIFTY50,20900,BEARISH,2606777,07 Dec 23,02:28 PM,0.05,07 Dec 23,02:33 PM,0.05,time_stop,0.0,0.0,5
NIFTY50,20900,BEARISH,651694,07 Dec 23,03:13 PM,0.2,07 Dec 23,03:14 PM,0.05,hard_sl_hit,-2443852.5,-75.0,1
NIFTY50,20950,BEARISH,1398,08 Dec 23,09:17 AM,85.45,08 Dec 23,09:24 AM,76.46,hard_sl_hit,-314200.5,-10.52,7
NIFTY50,21000,BEARISH,1205,08 Dec 23,10:32 AM,97.93,08 Dec 23,10:55 AM,86.81,hard_sl_hit,-334990.0,-11.36,23
NIFTY50,21000,BEARISH,1377,08 Dec 23,11:39 AM,84.63,08 Dec 23,11:48 AM,76.48,hard_sl_hit,-280563.75,-9.63,9
NIFTY50,20950,BEARISH,1871,08 Dec 23,03:07 PM,61.64,08 Dec 23,03:18 PM,55.85,hard_sl_hit,-270827.25,-9.39,11
NIFTY50,20950,BULLISH,1298,11 Dec 23,10:44 AM,87.92,11 Dec 23,10:51 AM,84.9,tsl_hit,-97999.0,-3.43,7
NIFTY50,21000,BULLISH,3255,11 Dec 23,02:30 PM,34.93,11 Dec 23,02:35 PM,38.55,tsl_hit,294577.5,10.36,5
NIFTY50,21000,BEARISH,4555,12 Dec 23,09:17 AM,25.25,12 Dec 23,09:19 AM,22.24,hard_sl_hit,-342763.75,-11.92,2
NIFTY50,21000,BULLISH,4140,12 Dec 23,12:39 PM,27.41,12 Dec 23,12:41 PM,23.95,hard_sl_hit,-358110.0,-12.62,2
NIFTY50,21000,BULLISH,6223,12 Dec 23,12:47 PM,17.98,12 Dec 23,12:49 PM,15.27,hard_sl_hit,-421608.25,-15.07,2
NIFTY50,20950,BULLISH,3659,12 Dec 23,02:17 PM,30.07,12 Dec 23,02:23 PM,26.7,hard_sl_hit,-308270.75,-11.21,6
NIFTY50,20800,BULLISH,2259,13 Dec 23,10:26 AM,48.08,13 Dec 23,10:30 AM,42.58,hard_sl_hit,-310612.5,-11.44,4
NIFTY50,20800,BEARISH,3986,13 Dec 23,12:41 PM,26.91,13 Dec 23,12:46 PM,20.9,hard_sl_hit,-598896.5,-22.33,5
NIFTY50,21100,BEARISH,2092278,14 Dec 23,09:17 AM,0.05,14 Dec 23,09:22 AM,0.05,time_stop,0.0,0.0,5
NIFTY50,21200,BEARISH,5103,14 Dec 23,11:44 AM,20.5,14 Dec 23,11:46 AM,17.9,hard_sl_hit,-331695.0,-12.68,2
NIFTY50,21200,BEARISH,4333,14 Dec 23,01:12 PM,23.8,14 Dec 23,01:19 PM,5.8,hard_sl_hit,-1949850.0,-75.63,7
NIFTY50,21200,BEARISH,1889474,14 Dec 23,01:23 PM,0.05,14 Dec 23,01:27 PM,0.4,tsl_hit,16532897.5,700.0,4
NIFTY50,21200,BULLISH,3359065,14 Dec 23,01:51 PM,0.05,14 Dec 23,01:56 PM,0.05,time_stop,0.0,0.0,5
NIFTY50,21200,BULLISH,3359065,14 Dec 23,02:10 PM,0.05,14 Dec 23,02:15 PM,0.05,time_stop,0.0,0.0,5
NIFTY50,21250,BEARISH,1474,15 Dec 23,09:17 AM,113.89,15 Dec 23,09:22 AM,112.54,time_stop,-49747.5,-1.19,5
NIFTY50,21350,BEARISH,1187,15 Dec 23,10:26 AM,141.24,15 Dec 23,10:31 AM,140.6,time_stop,-18992.0,-0.45,5
NIFTY50,21300,BULLISH,2063,15 Dec 23,12:18 PM,81.24,15 Dec 23,12:28 PM,83.03,tsl_hit,92319.25,2.2,10
NIFTY50,21350,BEARISH,3584,15 Dec 23,01:35 PM,46.89,15 Dec 23,01:40 PM,43.9,time_stop,-267904.0,-6.38,5
NIFTY50,21400,BULLISH,1388,18 Dec 23,09:17 AM,120.21,18 Dec 23,09:27 AM,156.52,tsl_hit,1259957.0,30.21,10
NIFTY50,21450,BEARISH,2995,18 Dec 23,11:09 AM,57.58,18 Dec 23,11:11 AM,48.35,hard_sl_hit,-691096.25,-16.03,2
NIFTY50,21450,BULLISH,2713,18 Dec 23,11:51 AM,62.43,18 Dec 23,11:58 AM,53.56,hard_sl_hit,-601607.75,-14.21,7
NIFTY50,21450,BULLISH,3181,18 Dec 23,12:01 PM,52.41,18 Dec 23,12:08 PM,51.48,tsl_hit,-73958.25,-1.77,7
NIFTY50,21400,BULLISH,2783,18 Dec 23,02:46 PM,59.77,18 Dec 23,02:52 PM,62.06,tsl_hit,159326.75,3.83,6
NIFTY50,21400,BULLISH,2873,18 Dec 23,03:17 PM,58.16,18 Dec 23,03:22 PM,52.3,hard_sl_hit,-420894.5,-10.08,5
NIFTY50,21400,BEARISH,5132,19 Dec 23,09:17 AM,32.19,19 Dec 23,09:18 AM,28.66,hard_sl_hit,-452899.0,-10.97,1
NIFTY50,21450,BULLISH,3831,19 Dec 23,02:51 PM,42.6,19 Dec 23,02:54 PM,36.83,hard_sl_hit,-552621.75,-13.54,3
NIFTY50,21550,BEARISH,2408,20 Dec 23,09:19 AM,66.75,20 Dec 23,09:21 AM,65.86,tsl_hit,-53578.0,-1.33,2
NIFTY50,21150,BULLISH,1746,20 Dec 23,03:06 PM,91.9,20 Dec 23,03:13 PM,80.25,hard_sl_hit,-508522.5,-12.68,7
NIFTY50,21050,BULLISH,3165268,21 Dec 23,09:17 AM,0.05,21 Dec 23,09:19 AM,0.05,tsl_hit,0.0,0.0,2
NIFTY50,21150,BULLISH,3165268,21 Dec 23,11:19 AM,0.05,21 Dec 23,11:25 AM,2.1,tsl_hit,162219985.0,4100.0,6
NIFTY50,21200,BULLISH,77808,21 Dec 23,01:42 PM,11.3,21 Dec 23,01:44 PM,7.8,hard_sl_hit,-6808200.0,-30.97,2
NIFTY50,21250,BEARISH,16979648,21 Dec 23,02:43 PM,0.05,21 Dec 23,02:48 PM,0.05,time_stop,0.0,0.0,5
NIFTY50,21300,BEARISH,9325,22 Dec 23,09:19 AM,91.04,22 Dec 23,09:25 AM,106.1,tsl_hit,3510862.5,16.54,6
NIFTY50,21350,BEARISH,7745,22 Dec 23,09:51 AM,111.63,22 Dec 23,10:48 AM,98.37,hard_sl_hit,-2567467.5,-11.88,57
NIFTY50,21350,BULLISH,8095,22 Dec 23,12:11 PM,105.39,22 Dec 23,12:16 PM,95.83,hard_sl_hit,-1934705.0,-9.07,5
NIFTY50,21300,BULLISH,8118,22 Dec 23,12:38 PM,104.03,22 Dec 23,12:43 PM,101.35,time_stop,-543906.0,-2.58,5
NIFTY50,21350,BEARISH,14158,26 Dec 23,09:23 AM,59.48,26 Dec 23,09:30 AM,72.44,tsl_hit,4587192.0,21.79,7
NIFTY50,21450,BEARISH,19231,26 Dec 23,11:16 AM,44.85,26 Dec 23,11:21 AM,40.99,time_stop,-1855791.5,-8.61,5
NIFTY50,21450,BULLISH,16447,26 Dec 23,11:32 AM,51.94,26 Dec 23,11:39 AM,52.06,tsl_hit,49341.0,0.23,7
NIFTY50,21450,BULLISH,22835,26 Dec 23,12:31 PM,37.42,26 Dec 23,12:35 PM,37.21,tsl_hit,-119883.75,-0.56,4
NIFTY50,21450,BULLISH,24274,26 Dec 23,02:14 PM,35.18,26 Dec 23,02:25 PM,51.4,tsl_hit,9843107.0,46.11,11
NIFTY50,21500,BEARISH,19652,27 Dec 23,09:17 AM,45.68,27 Dec 23,09:22 AM,45.68,time_stop,0.0,0.0,5
NIFTY50,21600,BEARISH,29005,27 Dec 23,11:31 AM,30.95,27 Dec 23,11:34 AM,27.92,hard_sl_hit,-2197128.75,-9.79,3
NIFTY50,21550,BULLISH,23806,27 Dec 23,12:19 PM,37.3,27 Dec 23,12:22 PM,32.64,hard_sl_hit,-2773399.0,-12.49,3
NIFTY50,21700,BEARISH,17512824,28 Dec 23,09:18 AM,0.05,28 Dec 23,09:23 AM,0.05,time_stop,0.0,0.0,5
NIFTY50,21750,BEARISH,65837,28 Dec 23,11:11 AM,13.3,28 Dec 23,11:13 AM,8.9,hard_sl_hit,-7242070.0,-33.08,2
NIFTY50,21750,BEARISH,16869084,28 Dec 23,02:05 PM,0.05,28 Dec 23,02:10 PM,0.05,time_stop,0.0,0.0,5
NIFTY50,21800,BEARISH,62944,28 Dec 23,03:24 PM,13.4,28 Dec 23,03:25 PM,4.8,hard_sl_hit,-13532960.0,-64.18,1
NIFTY50,21700,BULLISH,5915,29 Dec 23,09:17 AM,132.42,29 Dec 23,09:37 AM,152.44,tsl_hit,2960457.5,15.12,20
NIFTY50,21750,BEARISH,10842,29 Dec 23,11:38 AM,73.46,29 Dec 23,11:47 AM,68.24,tsl_hit,-1414881.0,-7.11,9
NIFTY50,21750,BEARISH,17309,29 Dec 23,12:24 PM,45.65,29 Dec 23,12:32 PM,54.19,tsl_hit,3695471.5,18.71,8
NIFTY50,21750,BULLISH,29545,01 Jan 24,12:03 PM,27.3,01 Jan 24,12:16 PM,33.62,tsl_hit,4668110.0,23.15,13
NIFTY50,21650,BEARISH,28918,02 Jan 24,02:15 PM,28.61,02 Jan 24,02:20 PM,36.44,tsl_hit,5660698.5,27.37,5
NIFTY50,21600,BULLISH,16331,03 Jan 24,09:17 AM,52.2,03 Jan 24,09:22 AM,51.06,tsl_hit,-465433.5,-2.18,5
NIFTY50,21600,BULLISH,21107,03 Jan 24,09:40 AM,40.29,03 Jan 24,09:42 AM,32.98,hard_sl_hit,-3857304.25,-18.14,2
NIFTY50,21600,BEARISH,19338,03 Jan 24,11:50 AM,43.09,03 Jan 24,12:01 PM,42.06,tsl_hit,-497953.5,-2.39,11
NIFTY50,21550,BULLISH,25914,03 Jan 24,02:21 PM,32.07,03 Jan 24,02:27 PM,26.7,hard_sl_hit,-3478954.5,-16.74,6
NIFTY50,21600,BEARISH,74827,04 Jan 24,09:17 AM,10.9,04 Jan 24,09:18 AM,0.7,hard_sl_hit,-19080885.0,-93.58,1
NIFTY50,21650,BULLISH,14616317,04 Jan 24,10:52 AM,0.05,04 Jan 24,10:57 AM,0.05,time_stop,0.0,0.0,5
NIFTY50,21650,BULLISH,348007,04 Jan 24,02:04 PM,2.1,04 Jan 24,02:08 PM,5.9,tsl_hit,33060665.0,180.95,4
NIFTY50,21700,BULLISH,6532,05 Jan 24,10:49 AM,134.37,05 Jan 24,10:55 AM,71.23,hard_sl_hit,-10310762.0,-46.99,6
NIFTY50,21700,BULLISH,13015,05 Jan 24,12:37 PM,63.92,05 Jan 24,12:42 PM,59.67,time_stop,-1382843.75,-6.65,5
NIFTY50,21700,BULLISH,13692,05 Jan 24,12:44 PM,60.31,05 Jan 24,12:57 PM,53.3,hard_sl_hit,-2399523.0,-11.62,13
NIFTY50,21700,BULLISH,18504,05 Jan 24,01:36 PM,44.05,05 Jan 24,01:53 PM,39.96,hard_sl_hit,-1892034.0,-9.28,17
NIFTY50,21650,BEARISH,6146,09 Jan 24,09:18 AM,131.24,09 Jan 24,09:49 AM,146.4,tsl_hit,2329334.0,11.55,31
NIFTY50,21700,BEARISH,6162,09 Jan 24,10:46 AM,132.59,09 Jan 24,10:55 AM,54.36,hard_sl_hit,-12051331.5,-59.0,9
NIFTY50,21700,BULLISH,22976,09 Jan 24,12:11 PM,33.23,09 Jan 24,12:21 PM,37.66,tsl_hit,2544592.0,13.33,10
NIFTY50,21700,BULLISH,18957,09 Jan 24,01:14 PM,40.87,09 Jan 24,01:23 PM,36.95,hard_sl_hit,-1857786.0,-9.59,9
NIFTY50,21650,BULLISH,14749,09 Jan 24,02:10 PM,51.97,09 Jan 24,02:12 PM,43.5,hard_sl_hit,-3123100.75,-16.3,2
NIFTY50,21500,BULLISH,10358,10 Jan 24,10:51 AM,72.66,10 Jan 24,10:55 AM,72.04,tsl_hit,-160549.0,-0.85,4
NIFTY50,21550,BEARISH,14541,10 Jan 24,11:16 AM,51.71,10 Jan 24,11:23 AM,46.11,hard_sl_hit,-2035740.0,-10.83,7
NIFTY50,21550,BEARISH,20292,10 Jan 24,12:38 PM,36.61,10 Jan 24,12:46 PM,73.39,tsl_hit,18658494.0,100.46,8
NIFTY50,21500,BULLISH,18335,10 Jan 24,12:47 PM,45.04,10 Jan 24,12:49 PM,38.05,hard_sl_hit,-3204041.25,-15.52,2
NIFTY50,21500,BEARISH,24804,10 Jan 24,01:09 PM,32.72,10 Jan 24,01:22 PM,35.94,tsl_hit,1996722.0,9.84,13
NIFTY50,21500,BEARISH,26612,10 Jan 24,01:58 PM,30.83,10 Jan 24,01:59 PM,26.24,hard_sl_hit,-3053727.0,-14.89,1
NIFTY50,21550,BEARISH,16810,10 Jan 24,02:02 PM,48.0,10 Jan 24,02:07 PM,57.25,tsl_hit,3887312.5,19.27,5
NIFTY50,21550,BEARISH,19816,10 Jan 24,02:21 PM,41.59,10 Jan 24,02:25 PM,48.81,tsl_hit,3576788.0,17.36,4
NIFTY50,21700,BEARISH,195365,11 Jan 24,09:17 AM,4.3,11 Jan 24,09:18 AM,0.05,hard_sl_hit,-20757531.25,-98.84,1
NIFTY50,21700,BEARISH,33089,11 Jan 24,12:58 PM,22.6,11 Jan 24,01:04 PM,32.6,tsl_hit,8272250.0,44.25,6
NIFTY50,21650,BULLISH,93402,11 Jan 24,01:34 PM,8.4,11 Jan 24,01:35 PM,7.1,hard_sl_hit,-3035565.0,-15.48,1
NIFTY50,21750,BEARISH,6177,12 Jan 24,09:17 AM,124.83,12 Jan 24,09:30 AM,131.52,tsl_hit,1033103.25,5.36,13
NIFTY50,21800,BULLISH,8868,12 Jan 24,12:05 PM,87.46,12 Jan 24,12:21 PM,87.55,tsl_hit,19953.0,0.1,16
NIFTY50,21850,BEARISH,16307,12 Jan 24,12:57 PM,47.57,12 Jan 24,01:00 PM,49.43,tsl_hit,758275.5,3.91,3
NIFTY50,21850,BULLISH,8515,12 Jan 24,02:08 PM,91.5,12 Jan 24,02:12 PM,92.34,tsl_hit,178815.0,0.92,4
NIFTY50,22050,BEARISH,5155,15 Jan 24,09:17 AM,151.28,15 Jan 24,09:22 AM,140.23,time_stop,-1424068.75,-7.3,5
NIFTY50,22100,BULLISH,14729,16 Jan 24,09:17 AM,52.52,16 Jan 24,09:20 AM,46.39,hard_sl_hit,-2257219.25,-11.67,3
NIFTY50,22100,BEARISH,11277,16 Jan 24,10:37 AM,67.71,16 Jan 24,10:42 AM,65.44,time_stop,-639969.75,-3.35,5
NIFTY50,22100,BULLISH,22178,16 Jan 24,11:44 AM,34.3,16 Jan 24,11:45 AM,31.21,hard_sl_hit,-1713250.5,-9.01,1
NIFTY50,22000,BULLISH,14185,16 Jan 24,01:38 PM,53.09,16 Jan 24,01:48 PM,78.44,tsl_hit,8989743.75,47.75,10
NIFTY50,22000,BULLISH,10692,16 Jan 24,03:18 PM,74.17,17 Jan 24,09:20 AM,97.32,tsl_hit,6187995.0,31.21,17
NIFTY50,21750,BULLISH,4832,17 Jan 24,10:41 AM,169.82,17 Jan 24,10:46 AM,167.82,time_stop,-241600.0,-1.18,5
NIFTY50,21650,BULLISH,22569,17 Jan 24,12:07 PM,36.31,17 Jan 24,12:09 PM,42.36,tsl_hit,3413561.25,16.66,2
NIFTY50,21650,BEARISH,28781,17 Jan 24,12:17 PM,29.0,17 Jan 24,12:18 PM,23.32,hard_sl_hit,-4086902.0,-19.59,1
NIFTY50,21650,BULLISH,27696,17 Jan 24,02:22 PM,29.48,17 Jan 24,02:25 PM,26.19,hard_sl_hit,-2277996.0,-11.16,3
NIFTY50,21600,BEARISH,17514,17 Jan 24,03:14 PM,46.04,17 Jan 24,03:21 PM,59.08,tsl_hit,5709564.0,28.32,7
NIFTY50,21450,BULLISH,16635128,18 Jan 24,09:17 AM,0.05,18 Jan 24,09:19 AM,0.05,tsl_hit,0.0,0.0,2
NIFTY50,21300,BULLISH,47802,18 Jan 24,09:54 AM,17.4,18 Jan 24,09:55 AM,11.8,hard_sl_hit,-6692280.0,-32.18,1
NIFTY50,21400,BEARISH,348701,18 Jan 24,10:11 AM,2.3,18 Jan 24,10:12 AM,0.05,hard_sl_hit,-19614431.25,-97.83,1
NIFTY50,21450,BULLISH,28824,18 Jan 24,12:36 PM,24.8,18 Jan 24,12:39 PM,32.4,tsl_hit,5476560.0,30.65,3
NIFTY50,21450,BEARISH,14783559,18 Jan 24,01:56 PM,0.05,18 Jan 24,02:02 PM,0.05,tsl_hit,0.0,0.0,6
NIFTY50,21650,BEARISH,3173,19 Jan 24,09:20 AM,232.89,19 Jan 24,09:25 AM,231.46,time_stop,-113434.75,-0.61,5
NIFTY50,21600,BEARISH,8075,19 Jan 24,12:37 PM,91.47,19 Jan 24,12:46 PM,80.48,hard_sl_hit,-2218606.25,-12.01,9
NIFTY50,21600,BEARISH,11631,19 Jan 24,01:16 PM,62.66,19 Jan 24,01:18 PM,48.66,hard_sl_hit,-4070850.0,-22.34,2
NIFTY50,21600,BULLISH,8412,19 Jan 24,02:06 PM,84.48,19 Jan 24,02:10 PM,89.49,tsl_hit,1053603.0,5.93,4
NIFTY50,21650,BEARISH,8650,19 Jan 24,02:46 PM,82.7,19 Jan 24,02:50 PM,85.91,tsl_hit,694162.5,3.88,4
NIFTY50,21700,BEARISH,5250,20 Jan 24,09:17 AM,136.83,20 Jan 24,09:37 AM,157.98,tsl_hit,2775937.5,15.46,20
NIFTY50,21650,BULLISH,8002,20 Jan 24,11:21 AM,91.33,20 Jan 24,11:40 AM,82.01,hard_sl_hit,-1864466.0,-10.2,19
NIFTY50,21650,BULLISH,12783,20 Jan 24,12:32 PM,56.52,20 Jan 24,12:35 PM,48.73,hard_sl_hit,-2489489.25,-13.78,3
NIFTY50,21600,BULLISH,9783,20 Jan 24,12:38 PM,72.72,20 Jan 24,12:40 PM,75.69,tsl_hit,726387.75,4.08,2
NIFTY50,21750,BEARISH,4752,23 Jan 24,09:18 AM,150.39,23 Jan 24,09:41 AM,160.77,tsl_hit,1233144.0,6.9,23
NIFTY50,21450,BULLISH,6977,23 Jan 24,11:44 AM,103.21,23 Jan 24,11:51 AM,105.22,tsl_hit,350594.25,1.95,7
NIFTY50,21350,BULLISH,10323,23 Jan 24,01:53 PM,69.91,23 Jan 24,01:56 PM,60.46,hard_sl_hit,-2438808.75,-13.52,3
NIFTY50,21200,BULLISH,12339,24 Jan 24,09:17 AM,57.61,24 Jan 24,09:18 AM,45.1,hard_sl_hit,-3859022.25,-21.71,1
NIFTY50,21350,BEARISH,9615,24 Jan 24,10:02 AM,72.15,24 Jan 24,10:05 AM,84.05,tsl_hit,2860462.5,16.49,3
NIFTY50,21350,BULLISH,7716,24 Jan 24,10:47 AM,91.55,24 Jan 24,10:56 AM,105.51,tsl_hit,2692884.0,15.25,9
NIFTY50,21250,BEARISH,11057,24 Jan 24,12:53 PM,64.97,24 Jan 24,12:55 PM,64.73,tsl_hit,-66342.0,-0.37,2
NIFTY50,21350,BEARISH,11431,24 Jan 24,02:07 PM,62.82,24 Jan 24,02:11 PM,69.66,tsl_hit,1954701.0,10.89,4
NIFTY50,21400,BULLISH,46001,25 Jan 24,09:17 AM,15.8,25 Jan 24,09:18 AM,14.2,hard_sl_hit,-1840040.0,-10.13,1
NIFTY50,21400,BULLISH,39270,25 Jan 24,09:20 AM,18.3,25 Jan 24,09:23 AM,0.05,hard_sl_hit,-17916937.5,-99.73,3
NIFTY50,21250,BULLISH,45644,25 Jan 24,10:57 AM,14.0,25 Jan 24,10:58 AM,11.1,hard_sl_hit,-3309190.0,-20.71,1
NIFTY50,21650,BEARISH,7321,29 Jan 24,10:59 AM,85.27,29 Jan 24,11:04 AM,77.51,hard_sl_hit,-1420274.0,-9.1,5
NIFTY50,21600,BULLISH,7952,29 Jan 24,11:25 AM,77.71,29 Jan 24,11:31 AM,102.36,tsl_hit,4900420.0,31.72,6
NIFTY50,21700,BEARISH,11523,29 Jan 24,01:02 PM,55.52,29 Jan 24,01:09 PM,59.55,tsl_hit,1160942.25,7.26,7
NIFTY50,21700,BULLISH,8335,29 Jan 24,03:00 PM,77.37,29 Jan 24,03:13 PM,103.15,tsl_hit,5371907.5,33.32,13
NIFTY50,21800,BEARISH,8048,30 Jan 24,09:17 AM,83.1,30 Jan 24,09:19 AM,74.11,hard_sl_hit,-1808788.0,-10.82,2
NIFTY50,21750,BEARISH,6434,30 Jan 24,09:45 AM,102.7,30 Jan 24,09:57 AM,114.57,tsl_hit,1909289.5,11.56,12
NIFTY50,21750,BULLISH,6793,30 Jan 24,10:29 AM,98.52,30 Jan 24,10:34 AM,92.82,time_stop,-968002.5,-5.79,5
NIFTY50,21700,BULLISH,5988,30 Jan 24,10:47 AM,111.03,30 Jan 24,10:50 AM,100.14,hard_sl_hit,-1630233.0,-9.81,3
NIFTY50,21700,BULLISH,6399,30 Jan 24,10:52 AM,102.77,30 Jan 24,10:55 AM,98.56,tsl_hit,-673494.75,-4.1,3
NIFTY50,21700,BEARISH,15201,30 Jan 24,12:01 PM,43.07,30 Jan 24,12:04 PM,46.04,tsl_hit,1128674.25,6.9,3
NIFTY50,21700,BULLISH,11443,30 Jan 24,12:26 PM,57.65,30 Jan 24,12:30 PM,60.39,tsl_hit,783845.5,4.75,4
NIFTY50,21700,BULLISH,15159,30 Jan 24,12:45 PM,43.75,30 Jan 24,12:47 PM,40.23,tsl_hit,-1333992.0,-8.05,2
NIFTY50,21650,BULLISH,9730,30 Jan 24,12:49 PM,67.55,30 Jan 24,01:02 PM,79.81,tsl_hit,2982245.0,18.15,13
NIFTY50,21700,BULLISH,16011,30 Jan 24,01:11 PM,41.88,30 Jan 24,01:15 PM,38.0,hard_sl_hit,-1553067.0,-9.26,4
NIFTY50,21650,BULLISH,9598,30 Jan 24,01:23 PM,69.14,30 Jan 24,01:37 PM,81.38,tsl_hit,2936988.0,17.7,14
NIFTY50,21650,BULLISH,9244,30 Jan 24,01:49 PM,73.2,30 Jan 24,01:56 PM,65.48,hard_sl_hit,-1784092.0,-10.55,7
NIFTY50,21600,BULLISH,10158,30 Jan 24,02:34 PM,65.83,30 Jan 24,02:35 PM,57.95,hard_sl_hit,-2001126.0,-11.97,1
NIFTY50,21450,BULLISH,8985,31 Jan 24,09:17 AM,73.44,31 Jan 24,09:21 AM,68.4,tsl_hit,-1132110.0,-6.86,4
NIFTY50,21650,BEARISH,10573,31 Jan 24,11:01 AM,61.93,31 Jan 24,11:05 AM,56.24,hard_sl_hit,-1504009.25,-9.19,4
NIFTY50,21650,BEARISH,13427,31 Jan 24,11:09 AM,48.27,31 Jan 24,11:14 AM,43.4,hard_sl_hit,-1634737.25,-10.09,5
NIFTY50,21700,BULLISH,14463,31 Jan 24,12:20 PM,44.31,31 Jan 24,12:26 PM,41.52,tsl_hit,-1008794.25,-6.3,6
NIFTY50,21650,BULLISH,11483,31 Jan 24,12:30 PM,55.42,31 Jan 24,12:37 PM,59.39,tsl_hit,1139687.75,7.16,7
NIFTY50,21750,BULLISH,12829423,01 Feb 24,09:15 AM,0.05,01 Feb 24,09:20 AM,0.05,time_stop,0.0,0.0,5
NIFTY50,21800,BEARISH,33940,01 Feb 24,10:10 AM,18.9,01 Feb 24,10:11 AM,13.7,hard_sl_hit,-4412200.0,-27.51,1
NIFTY50,21700,BULLISH,12437227,01 Feb 24,03:06 PM,0.05,01 Feb 24,03:09 PM,0.05,tsl_hit,0.0,0.0,3
NIFTY50,21950,BEARISH,7047,02 Feb 24,11:00 AM,88.24,02 Feb 24,11:12 AM,78.89,hard_sl_hit,-1647236.25,-10.6,12
NIFTY50,21850,BULLISH,4220,02 Feb 24,02:59 PM,145.61,02 Feb 24,03:03 PM,146.78,tsl_hit,123435.0,0.8,4
NIFTY50,21900,BEARISH,6887,05 Feb 24,09:28 AM,89.31,05 Feb 24,09:35 AM,102.72,tsl_hit,2308866.75,15.02,7
NIFTY50,21900,BULLISH,8620,05 Feb 24,01:31 PM,72.54,05 Feb 24,01:38 PM,78.69,tsl_hit,1325325.0,8.48,7
NIFTY50,21800,BULLISH,7461,05 Feb 24,02:40 PM,84.6,05 Feb 24,02:42 PM,76.82,hard_sl_hit,-1451164.5,-9.2,2
NIFTY50,21900,BEARISH,13783,06 Feb 24,01:09 PM,45.33,06 Feb 24,01:14 PM,38.91,hard_sl_hit,-2212171.5,-14.16,5
NIFTY50,21900,BEARISH,19265,06 Feb 24,01:32 PM,31.92,06 Feb 24,01:38 PM,48.45,tsl_hit,7961261.25,51.79,6
NIFTY50,21950,BEARISH,13766,06 Feb 24,03:27 PM,47.24,07 Feb 24,09:15 AM,34.58,hard_sl_hit,-4356939.0,-26.8,3
NIFTY50,22050,BEARISH,8061,07 Feb 24,09:17 AM,78.27,07 Feb 24,09:19 AM,79.56,tsl_hit,259967.25,1.65,2
NIFTY50,21950,BULLISH,15369,07 Feb 24,11:08 AM,41.13,07 Feb 24,11:16 AM,47.25,tsl_hit,2351457.0,14.88,8
NIFTY50,21950,BEARISH,15048,07 Feb 24,01:43 PM,42.7,07 Feb 24,01:50 PM,56.59,tsl_hit,5225418.0,32.53,7
NIFTY50,21950,BEARISH,24778,07 Feb 24,02:13 PM,26.87,07 Feb 24,02:18 PM,28.96,tsl_hit,1294650.5,7.78,5
NIFTY50,21950,BULLISH,20424,07 Feb 24,02:41 PM,32.88,07 Feb 24,02:43 PM,34.84,tsl_hit,1000776.0,5.96,2
NIFTY50,22000,BEARISH,66931,08 Feb 24,09:17 AM,10.1,08 Feb 24,09:18 AM,8.1,hard_sl_hit,-3346550.0,-19.8,1
NIFTY50,21750,BULLISH,31633,08 Feb 24,01:56 PM,20.9,08 Feb 24,01:57 PM,12.2,hard_sl_hit,-6880177.5,-41.63,1
NIFTY50,21750,BULLISH,12611176,08 Feb 24,02:07 PM,0.05,08 Feb 24,02:12 PM,0.05,time_stop,0.0,0.0,5
NIFTY50,21650,BULLISH,28532,08 Feb 24,03:00 PM,22.1,08 Feb 24,03:02 PM,22.9,tsl_hit,570640.0,3.62,2
NIFTY50,21750,BEARISH,26826,08 Feb 24,03:10 PM,23.6,08 Feb 24,03:12 PM,22.7,tsl_hit,-603585.0,-3.81,2
NIFTY50,21700,BULLISH,4367,09 Feb 24,09:19 AM,144.34,09 Feb 24,09:30 AM,227.02,tsl_hit,9026589.0,57.28,11
NIFTY50,21700,BEARISH,5588,09 Feb 24,11:42 AM,119.98,09 Feb 24,11:47 AM,109.79,time_stop,-1423543.0,-8.49,5
NIFTY50,21800,BEARISH,8541,12 Feb 24,09:21 AM,77.76,12 Feb 24,09:26 AM,96.75,tsl_hit,4054839.75,24.42,5
NIFTY50,21650,BEARISH,7830,13 Feb 24,09:17 AM,87.12,13 Feb 24,09:19 AM,89.91,tsl_hit,546142.5,3.2,2
NIFTY50,21650,BULLISH,11649,13 Feb 24,12:31 PM,58.77,13 Feb 24,12:35 PM,67.67,tsl_hit,2591902.5,15.14,4
NIFTY50,21700,BEARISH,9662,13 Feb 24,01:03 PM,72.05,13 Feb 24,01:10 PM,76.16,tsl_hit,992770.5,5.7,7
NIFTY50,21550,BULLISH,5535,14 Feb 24,09:17 AM,126.57,14 Feb 24,09:22 AM,123.05,tsl_hit,-487080.0,-2.78,5
NIFTY50,21600,BULLISH,11785,14 Feb 24,11:15 AM,59.26,14 Feb 24,11:26 AM,59.66,tsl_hit,117850.0,0.67,11
NIFTY50,21850,BEARISH,13561,14 Feb 24,03:03 PM,51.54,14 Feb 24,03:07 PM,49.21,tsl_hit,-789928.25,-4.52,4
NIFTY50,21900,BEARISH,13908651,15 Feb 24,09:17 AM,0.05,15 Feb 24,09:23 AM,7.1,tsl_hit,2451399738.75,14100.0,6
NIFTY50,21850,BULLISH,231810850,15 Feb 24,10:58 AM,0.05,15 Feb 24,11:01 AM,3.4,tsl_hit,19414158687.51,6700.0,3
NIFTY50,21850,BULLISH,27964483,15 Feb 24,12:05 PM,3.5,15 Feb 24,12:07 PM,8.3,tsl_hit,3355737960.0,137.14,2
NIFTY50,21850,BULLISH,14840800,15 Feb 24,12:20 PM,7.6,15 Feb 24,12:21 PM,5.8,hard_sl_hit,-667836000.0,-23.68,1
NIFTY50,21850,BULLISH,2196438463,15 Feb 24,12:35 PM,0.05,15 Feb 24,12:39 PM,0.05,tsl_hit,0.0,0.0,4
NIFTY50,22000,BEARISH,694152,16 Feb 24,09:17 AM,158.21,16 Feb 24,09:49 AM,159.84,tsl_hit,28286694.0,1.03,32
NIFTY50,22050,BEARISH,759569,16 Feb 24,10:31 AM,144.75,16 Feb 24,10:55 AM,77.85,hard_sl_hit,-1270379152.5,-46.22,24
NIFTY50,22050,BULLISH,1490873,16 Feb 24,12:23 PM,69.96,16 Feb 24,12:28 PM,67.37,time_stop,-96534026.75,-3.7,5
NIFTY50,22100,BEARISH,1173700,19 Feb 24,09:17 AM,88.5,19 Feb 24,09:31 AM,96.85,tsl_hit,245009875.0,9.44,14
NIFTY50,22050,BULLISH,1144118,19 Feb 24,09:53 AM,91.74,19 Feb 24,09:58 AM,88.83,time_stop,-83234584.5,-3.17,5
NIFTY50,22150,BEARISH,1567148,19 Feb 24,11:46 AM,66.74,19 Feb 24,11:51 AM,62.38,time_stop,-170819132.0,-6.53,5
NIFTY50,22150,BEARISH,1854810,19 Feb 24,11:59 AM,55.98,19 Feb 24,12:04 PM,56.8,tsl_hit,38023605.0,1.46,5
NIFTY50,22150,BULLISH,1726448,19 Feb 24,12:30 PM,60.24,19 Feb 24,12:35 PM,59.38,tsl_hit,-37118632.0,-1.43,5
NIFTY50,22150,BEARISH,2403061,19 Feb 24,12:44 PM,43.21,19 Feb 24,12:50 PM,44.52,tsl_hit,78700247.75,3.03,6
NIFTY50,22150,BULLISH,2168284,19 Feb 24,01:30 PM,48.05,19 Feb 24,01:36 PM,49.16,tsl_hit,60169881.0,2.31,6
NIFTY50,22100,BULLISH,1449333,19 Feb 24,03:08 PM,72.07,19 Feb 24,03:21 PM,82.05,tsl_hit,361608583.5,13.85,13
NIFTY50,22100,BULLISH,2107723,20 Feb 24,09:17 AM,50.32,20 Feb 24,09:19 AM,45.07,hard_sl_hit,-276638643.75,-10.43,2
NIFTY50,22100,BEARISH,1391995,20 Feb 24,10:11 AM,75.31,20 Feb 24,10:13 AM,75.83,tsl_hit,18095935.0,0.69,2
NIFTY50,22100,BEARISH,1702557,20 Feb 24,10:18 AM,61.62,20 Feb 24,10:29 AM,54.69,hard_sl_hit,-294968000.25,-11.25,11
NIFTY50,22150,BEARISH,4320291,20 Feb 24,01:31 PM,23.98,20 Feb 24,01:41 PM,24.43,tsl_hit,48603273.75,1.88,10
NIFTY50,22250,BULLISH,2976393,21 Feb 24,10:15 AM,34.88,21 Feb 24,10:19 AM,28.34,hard_sl_hit,-486640255.5,-18.75,4
NIFTY50,22200,BEARISH,2206985,21 Feb 24,11:03 AM,46.06,21 Feb 24,11:05 AM,41.48,hard_sl_hit,-252699782.5,-9.94,2
NIFTY50,22200,BEARISH,4450228,21 Feb 24,12:20 PM,22.59,21 Feb 24,12:24 PM,23.42,tsl_hit,92342231.0,3.67,4
NIFTY50,22050,BULLISH,1743971,21 Feb 24,02:27 PM,57.88,21 Feb 24,02:30 PM,51.88,hard_sl_hit,-261595650.0,-10.37,3
NIFTY50,22050,BULLISH,2343867,21 Feb 24,02:43 PM,42.57,21 Feb 24,02:45 PM,38.9,tsl_hit,-215049797.25,-8.62,2
NIFTY50,22050,BEARISH,34674612,22 Feb 24,09:44 AM,2.85,22 Feb 24,09:45 AM,0.05,hard_sl_hit,-2427222840.0,-98.25,1
NIFTY50,21950,BULLISH,18340622,22 Feb 24,12:25 PM,4.8,22 Feb 24,12:27 PM,1.25,hard_sl_hit,-1627730202.5,-73.96,2
NIFTY50,21950,BULLISH,1616012652,22 Feb 24,12:56 PM,0.05,22 Feb 24,01:00 PM,4.35,tsl_hit,173721360089.94,8600.0,4
NIFTY50,22250,BULLISH,9987067,23 Feb 24,01:08 PM,85.4,23 Feb 24,01:25 PM,76.4,hard_sl_hit,-2247090075.0,-10.54,17
NIFTY50,22200,BULLISH,7927287,23 Feb 24,01:28 PM,106.33,23 Feb 24,01:34 PM,130.2,tsl_hit,4730608517.25,22.45,6
NIFTY50,22200,BULLISH,7389098,23 Feb 24,02:11 PM,116.92,23 Feb 24,02:13 PM,120.32,tsl_hit,628073330.0,2.91,2
NIFTY50,22250,BULLISH,8558554,23 Feb 24,02:16 PM,101.27,23 Feb 24,02:25 PM,101.31,tsl_hit,8558554.0,0.04,9
NIFTY50,22150,BULLISH,7886115,26 Feb 24,09:17 AM,109.91,26 Feb 24,09:27 AM,120.73,tsl_hit,2133194107.5,9.84,10
NIFTY50,22200,BEARISH,9178210,26 Feb 24,09:47 AM,95.47,26 Feb 24,09:54 AM,124.35,tsl_hit,6626667620.0,30.25,7
NIFTY50,22150,BULLISH,9149364,26 Feb 24,10:31 AM,98.99,26 Feb 24,10:41 AM,96.6,tsl_hit,-546674499.0,-2.41,10
NIFTY50,22100,BULLISH,10104776,26 Feb 24,11:01 AM,89.39,26 Feb 24,11:10 AM,91.97,tsl_hit,651758052.0,2.89,9
NIFTY50,22100,BULLISH,20340351,26 Feb 24,12:20 PM,44.55,26 Feb 24,12:31 PM,56.16,tsl_hit,5903786877.75,26.06,11
NIFTY50,22150,BEARISH,20120882,26 Feb 24,01:13 PM,46.34,26 Feb 24,01:16 PM,40.09,hard_sl_hit,-3143887812.5,-13.49,3
NIFTY50,22150,BEARISH,24055235,26 Feb 24,01:51 PM,38.18,26 Feb 24,01:58 PM,38.34,tsl_hit,96220940.0,0.42,7
NIFTY50,22150,BULLISH,18574015,26 Feb 24,02:41 PM,49.47,26 Feb 24,02:48 PM,47.29,tsl_hit,-1012283817.5,-4.41,7
NIFTY50,22100,BULLISH,12820491,26 Feb 24,03:21 PM,71.32,26 Feb 24,03:28 PM,71.78,tsl_hit,147435646.5,0.64,7
NIFTY50,22100,BULLISH,15217241,27 Feb 24,09:21 AM,60.13,27 Feb 24,09:28 AM,73.3,tsl_hit,5010276599.25,21.9,7
NIFTY50,22200,BULLISH,19261830,27 Feb 24,03:22 PM,48.66,27 Feb 24,03:28 PM,44.09,hard_sl_hit,-2200664077.5,-9.39,6
NIFTY50,21950,BULLISH,18236333,28 Feb 24,03:13 PM,50.86,28 Feb 24,03:16 PM,41.48,hard_sl_hit,-4276420088.5,-18.44,3
NIFTY50,21950,BEARISH,18169872204,29 Feb 24,09:29 AM,0.05,29 Feb 24,09:31 AM,0.05,tsl_hit,0.0,0.0,2
NIFTY50,22000,BEARISH,271192122,29 Feb 24,09:57 AM,3.35,29 Feb 24,09:58 AM,0.05,hard_sl_hit,-22373350064.99,-98.51,1
NIFTY50,21900,BULLISH,16181129976,29 Feb 24,10:15 AM,0.05,29 Feb 24,10:20 AM,0.05,time_stop,0.0,0.0,5
NIFTY50,21950,BULLISH,16181129976,29 Feb 24,12:11 PM,0.05,29 Feb 24,12:14 PM,2.35,tsl_hit,930414973619.41,4600.0,3
NIFTY50,21900,BULLISH,306144529,29 Feb 24,12:31 PM,16.15,29 Feb 24,12:36 PM,36.45,tsl_hit,155368348467.49,125.7,5
NIFTY50,21900,BULLISH,552427465,29 Feb 24,02:34 PM,10.2,29 Feb 24,02:35 PM,6.65,hard_sl_hit,-49027937518.74,-34.8,1
NIFTY50,21900,BULLISH,221096253,29 Feb 24,03:02 PM,24.5,29 Feb 24,03:04 PM,20.7,hard_sl_hit,-21004144035.0,-15.51,2
NIFTY50,22300,BEARISH,54989220,01 Mar 24,11:40 AM,96.81,01 Mar 24,12:09 PM,97.15,tsl_hit,467408370.0,0.35,29
NIFTY50,22300,BEARISH,58885270,01 Mar 24,12:31 PM,90.44,01 Mar 24,12:41 PM,82.04,hard_sl_hit,-12365906700.0,-9.29,10
NIFTY50,22350,BEARISH,73182785,01 Mar 24,02:14 PM,72.02,01 Mar 24,02:23 PM,72.95,tsl_hit,1701499751.25,1.29,9
NIFTY50,22350,BEARISH,78299754,01 Mar 24,02:31 PM,67.41,01 Mar 24,02:41 PM,71.83,tsl_hit,8652122817.0,6.56,10
NIFTY50,22350,BEARISH,81668822,01 Mar 24,02:49 PM,65.1,01 Mar 24,02:51 PM,59.12,hard_sl_hit,-12209488889.0,-9.19,2
NIFTY50,22350,BEARISH,79745051,01 Mar 24,02:53 PM,65.99,01 Mar 24,03:00 PM,57.98,hard_sl_hit,-15968946462.75,-12.14,7
NIFTY50,22400,BEARISH,46849588,02 Mar 24,09:17 AM,110.81,02 Mar 24,09:28 AM,116.76,tsl_hit,6968876215.0,5.37,11
NIFTY50,22400,BULLISH,97088225,04 Mar 24,09:15 AM,53.79,04 Mar 24,09:20 AM,65.38,tsl_hit,28131313193.75,21.55,5
NIFTY50,22350,BULLISH,64225362,04 Mar 24,09:41 AM,83.26,04 Mar 24,09:45 AM,96.38,tsl_hit,21065918736.0,15.76,4
NIFTY50,22400,BULLISH,80955661,04 Mar 24,10:58 AM,67.21,04 Mar 24,11:03 AM,63.71,tsl_hit,-7083620337.5,-5.21,5
NIFTY50,22400,BEARISH,121562859,04 Mar 24,12:22 PM,44.5,04 Mar 24,12:26 PM,44.71,tsl_hit,638205009.75,0.47,4
NIFTY50,22350,BULLISH,76262980,05 Mar 24,09:18 AM,70.97,05 Mar 24,09:26 AM,86.94,tsl_hit,30447994765.0,22.5,8
NIFTY50,22300,BULLISH,76742400,05 Mar 24,10:23 AM,72.29,05 Mar 24,10:31 AM,77.76,tsl_hit,10494523200.0,7.57,8
NIFTY50,22300,BULLISH,106843973,06 Mar 24,09:17 AM,52.36,06 Mar 24,09:22 AM,64.68,tsl_hit,32907943684.0,23.53,5
NIFTY50,22250,BEARISH,186322881,06 Mar 24,12:32 PM,30.81,06 Mar 24,12:34 PM,28.0,hard_sl_hit,-13089182390.25,-9.12,2
NIFTY50,22250,BULLISH,115968037,06 Mar 24,01:05 PM,49.0,06 Mar 24,01:11 PM,60.28,tsl_hit,32702986434.0,23.02,6
NIFTY50,22500,BEARISH,1099581216,07 Mar 24,10:07 AM,5.3,07 Mar 24,10:09 AM,12.8,tsl_hit,206171478000.0,141.51,2
NIFTY50,22450,BULLISH,134881962504,07 Mar 24,10:46 AM,0.05,07 Mar 24,10:48 AM,0.05,tsl_hit,0.0,0.0,2
NIFTY50,22500,BEARISH,2075107115,07 Mar 24,11:06 AM,3.25,07 Mar 24,11:07 AM,2.25,hard_sl_hit,-51877677875.0,-30.77,1
NIFTY50,22500,BEARISH,130270613359,07 Mar 24,11:36 AM,0.05,07 Mar 24,11:42 AM,15.95,tsl_hit,51782568810204.87,31800.0,6
NIFTY50,22500,BULLISH,4733165618711,07 Mar 24,11:43 AM,0.05,07 Mar 24,11:48 AM,0.05,time_stop,0.0,0.0,5
NIFTY50,22500,BULLISH,4733165618711,07 Mar 24,12:16 PM,0.05,07 Mar 24,12:21 PM,0.05,time_stop,0.0,0.0,5
NIFTY50,22500,BULLISH,4733165618711,07 Mar 24,12:31 PM,0.05,07 Mar 24,12:36 PM,0.05,time_stop,0.0,0.0,5
NIFTY50,22500,BULLISH,4733165618711,07 Mar 24,01:27 PM,0.05,07 Mar 24,01:33 PM,6.65,tsl_hit,780972327087487.2,13200.0,6
NIFTY50,22500,BULLISH,74152928026487,07 Mar 24,02:06 PM,0.05,07 Mar 24,02:12 PM,4.8,tsl_hit,8805660203143983.0,9500.0,6
NIFTY50,22500,BEARISH,566119370650,11 Mar 24,09:17 AM,75.68,11 Mar 24,09:26 AM,81.18,tsl_hit,77841413464375.0,7.27,9
NIFTY50,22400,BULLISH,639376399829,11 Mar 24,11:27 AM,67.55,11 Mar 24,11:38 AM,77.44,tsl_hit,158085814857720.25,14.64,11
NIFTY50,22400,BEARISH,1028408608951,11 Mar 24,12:40 PM,42.68,11 Mar 24,12:42 PM,44.15,tsl_hit,37794016378949.22,3.44,2
NIFTY50,22350,BEARISH,424720000348,12 Mar 24,12:13 PM,103.74,12 Mar 24,12:24 PM,93.18,hard_sl_hit,-112126080091871.88,-10.18,11
NIFTY50,22350,BEARISH,1033747382592,12 Mar 24,01:15 PM,42.14,12 Mar 24,01:20 PM,38.93,time_stop,-82958227453008.02,-7.62,5
NIFTY50,22350,BEARISH,859741470328,12 Mar 24,03:04 PM,50.24,12 Mar 24,03:07 PM,56.4,tsl_hit,132400186430511.94,12.26,3
NIFTY50,22400,BEARISH,816978106780,13 Mar 24,09:17 AM,53.59,13 Mar 24,09:28 AM,79.71,tsl_hit,533486703727339.8,48.74,11
NIFTY50,22200,BULLISH,802101299251,13 Mar 24,11:27 AM,57.54,13 Mar 24,11:29 AM,51.38,hard_sl_hit,-123523600084653.94,-10.71,2
NIFTY50,22000,BEARISH,755156730928,13 Mar 24,03:03 PM,60.39,13 Mar 24,03:05 PM,55.88,tsl_hit,-85143921412131.95,-7.47,2
NIFTY50,22000,BULLISH,2732658462372,14 Mar 24,10:20 AM,16.55,14 Mar 24,10:26 AM,33.7,tsl_hit,1171627315742094.2,103.63,6
NIFTY50,22050,BEARISH,1008654601333448,14 Mar 24,10:43 AM,0.05,14 Mar 24,10:48 AM,0.05,time_stop,0.0,0.0,5
NIFTY50,22150,BEARISH,3894419310167,14 Mar 24,11:37 AM,12.95,14 Mar 24,11:38 AM,0.05,hard_sl_hit,-1255950227528928.2,-99.61,1
NIFTY50,22150,BEARISH,1815818990098,14 Mar 24,02:26 PM,24.7,14 Mar 24,02:28 PM,29.05,tsl_hit,197470315173091.44,17.61,2
NIFTY50,22100,BULLISH,3008445717147,14 Mar 24,02:47 PM,15.2,14 Mar 24,02:48 PM,7.35,hard_sl_hit,-590407471990262.9,-51.64,1
NIFTY50,22150,BEARISH,11809408682680,14 Mar 24,03:05 PM,3.65,14 Mar 24,03:06 PM,0.05,hard_sl_hit,-1062846781441629.8,-98.63,1
NIFTY50,22100,BULLISH,216106859339,15 Mar 24,09:17 AM,177.6,15 Mar 24,09:32 AM,183.83,tsl_hit,33658643342049.35,3.51,15
NIFTY50,22000,BEARISH,227249614798,15 Mar 24,10:16 AM,169.55,15 Mar 24,10:42 AM,175.47,tsl_hit,33632942990103.93,3.49,26
NIFTY50,22000,BEARISH,232967848796,15 Mar 24,10:49 AM,166.03,15 Mar 24,10:55 AM,116.64,hard_sl_hit,-287657051300861.0,-29.75,6
NIFTY50,22000,BEARISH,426613164733,15 Mar 24,11:49 AM,87.67,15 Mar 24,11:58 AM,106.53,tsl_hit,201148107171609.53,21.51,9
NIFTY50,22000,BULLISH,409749280329,15 Mar 24,02:25 PM,93.46,15 Mar 24,02:28 PM,95.2,tsl_hit,17824093694311.6,1.86,3
NIFTY50,21950,BULLISH,266766673158,18 Mar 24,09:36 AM,143.85,18 Mar 24,09:39 AM,143.8,tsl_hit,-333458341447.39,-0.03,3
NIFTY50,22000,BEARISH,295676559537,18 Mar 24,09:57 AM,129.78,18 Mar 24,10:02 AM,127.72,tsl_hit,-15227342816155.52,-1.59,5
NIFTY50,22000,BULLISH,297054880322,18 Mar 24,10:40 AM,128.95,18 Mar 24,10:48 AM,129.32,tsl_hit,2747757642978.53,0.29,8
NIFTY50,21950,BULLISH,319711631821,18 Mar 24,11:16 AM,119.85,18 Mar 24,11:32 AM,104.85,hard_sl_hit,-119891861932875.0,-12.52,16
NIFTY50,22000,BEARISH,421373774440,18 Mar 24,11:41 AM,89.67,18 Mar 24,11:50 AM,80.97,hard_sl_hit,-91648795940700.05,-9.7,9
NIFTY50,22000,BEARISH,550150991641,18 Mar 24,12:05 PM,67.94,18 Mar 24,12:08 PM,60.76,hard_sl_hit,-98752102999559.5,-10.57,3
NIFTY50,22050,BULLISH,514748608368,18 Mar 24,01:48 PM,71.76,18 Mar 24,01:53 PM,73.2,tsl_hit,18530949901247.97,2.01,5
NIFTY50,22100,BEARISH,535213530633,18 Mar 24,01:58 PM,69.17,18 Mar 24,02:10 PM,62.69,hard_sl_hit,-86704591962546.06,-9.37,12
NIFTY50,21950,BULLISH,360123524740,19 Mar 24,09:18 AM,101.73,19 Mar 24,09:22 AM,91.3,hard_sl_hit,-93902209075955.06,-10.25,4
NIFTY50,21850,BEARISH,1153440223579,19 Mar 24,01:35 PM,31.4,19 Mar 24,01:40 PM,28.31,hard_sl_hit,-89103257271477.75,-9.84,5
NIFTY50,21800,BULLISH,651664699720,19 Mar 24,02:05 PM,54.97,19 Mar 24,02:11 PM,57.34,tsl_hit,38611133458410.08,4.31,6
NIFTY50,21750,BULLISH,571508631013,20 Mar 24,10:46 AM,62.98,20 Mar 24,10:51 AM,61.75,time_stop,-17573890403649.7,-1.95,5
NIFTY50,21850,BEARISH,814595314167,20 Mar 24,12:19 PM,44.09,20 Mar 24,12:23 PM,37.18,hard_sl_hit,-140721340522349.31,-15.67,4
NIFTY50,21900,BEARISH,1030066527190,20 Mar 24,01:13 PM,34.26,20 Mar 24,01:22 PM,24.64,hard_sl_hit,-247730999789194.9,-28.08,9
NIFTY50,21900,BULLISH,1002023814648,20 Mar 24,01:33 PM,34.12,20 Mar 24,01:34 PM,29.38,hard_sl_hit,-118739822035787.95,-13.89,1
NIFTY50,22000,BEARISH,673226400268597,21 Mar 24,09:17 AM,0.05,21 Mar 24,09:22 AM,0.05,time_stop,0.0,0.0,5
NIFTY50,22050,BULLISH,673226400268597,21 Mar 24,11:42 AM,0.05,21 Mar 24,11:47 AM,0.05,time_stop,0.0,0.0,5
NIFTY50,22000,BEARISH,9482061975615,21 Mar 24,12:40 PM,3.55,21 Mar 24,12:41 PM,0.05,hard_sl_hit,-829680422866140.0,-98.59,1
NIFTY50,22050,BEARISH,1683924239739,21 Mar 24,03:13 PM,17.8,21 Mar 24,03:19 PM,30.2,tsl_hit,522016514319151.25,69.66,6
NIFTY50,21950,BULLISH,237490254922,22 Mar 24,09:17 AM,135.98,22 Mar 24,09:26 AM,118.55,hard_sl_hit,-103486378582261.45,-12.82,9
NIFTY50,22100,BEARISH,628509089910,22 Mar 24,12:56 PM,50.65,22 Mar 24,01:02 PM,45.97,hard_sl_hit,-73535563519470.0,-9.24,6
NIFTY50,22100,BULLISH,437113771881,22 Mar 24,01:37 PM,72.08,22 Mar 24,01:42 PM,71.63,time_stop,-4917529933661.28,-0.62,5
NIFTY50,22100,BEARISH,580053518581,22 Mar 24,01:57 PM,54.28,22 Mar 24,02:09 PM,47.12,hard_sl_hit,-103829579825999.05,-13.19,12
NIFTY50,22000,BULLISH,338245095828,26 Mar 24,10:09 AM,91.72,26 Mar 24,10:17 AM,96.03,tsl_hit,36445909075467.02,4.7,8
NIFTY50,22050,BEARISH,390848753070,26 Mar 24,10:32 AM,79.79,26 Mar 24,10:45 AM,79.69,tsl_hit,-977121882675.08,-0.13,13
NIFTY50,22050,BEARISH,644911669981,26 Mar 24,11:29 AM,48.35,26 Mar 24,11:44 AM,41.63,hard_sl_hit,-108345160556807.98,-13.9,15
NIFTY50,22050,BEARISH,774859797997,26 Mar 24,11:49 AM,39.62,26 Mar 24,11:52 AM,35.71,hard_sl_hit,-75742545254206.69,-9.87,3
NIFTY50,22050,BULLISH,981043995547,26 Mar 24,12:13 PM,30.95,26 Mar 24,12:18 PM,33.18,tsl_hit,54693202751745.26,7.21,5
NIFTY50,22050,BULLISH,805219483381,26 Mar 24,01:32 PM,38.01,26 Mar 24,01:34 PM,34.07,hard_sl_hit,-79314119113028.45,-10.37,2
NIFTY50,22050,BULLISH,1057458418988,26 Mar 24,01:47 PM,28.61,26 Mar 24,01:49 PM,30.03,tsl_hit,37539773874074.04,4.96,2
NIFTY50,22000,BULLISH,691537367735,26 Mar 24,02:39 PM,43.99,26 Mar 24,02:42 PM,45.17,tsl_hit,20400352348182.5,2.68,3
NIFTY50,22050,BEARISH,858508639261,27 Mar 24,09:17 AM,35.54,27 Mar 24,09:22 AM,37.21,tsl_hit,35842735689146.79,4.7,5
NIFTY50,22200,BEARISH,865181892436,27 Mar 24,11:42 AM,35.45,27 Mar 24,11:47 AM,37.31,tsl_hit,40230957998273.98,5.25,5
NIFTY50,22150,BULLISH,810336284335,27 Mar 24,12:06 PM,38.07,27 Mar 24,12:11 PM,32.69,hard_sl_hit,-108990230243057.56,-14.13,5
NIFTY50,22150,BEARISH,2819415164469,27 Mar 24,12:58 PM,10.77,27 Mar 24,01:00 PM,10.66,tsl_hit,-7753391702289.71,-1.02,2
NIFTY50,22200,BULLISH,2310026032190,27 Mar 24,02:26 PM,13.13,27 Mar 24,02:28 PM,11.25,hard_sl_hit,-108571223512930.05,-14.32,2
NIFTY50,22150,BULLISH,1210876390729,27 Mar 24,02:53 PM,24.65,27 Mar 24,02:56 PM,22.04,hard_sl_hit,-79009684495067.23,-10.59,3
NIFTY50,22350,BULLISH,589938977563570,28 Mar 24,11:57 AM,0.05,28 Mar 24,12:02 PM,0.05,time_stop,0.0,0.0,5
NIFTY50,22450,BEARISH,10171361682125,28 Mar 24,02:09 PM,2.9,28 Mar 24,02:10 PM,0.05,hard_sl_hit,-724709519851776.4,-98.28,1
NIFTY50,22450,BEARISH,525520353576745,28 Mar 24,02:12 PM,0.05,28 Mar 24,02:14 PM,0.05,tsl_hit,0.0,0.0,2
NIFTY50,22500,BEARISH,547873596306,01 Apr 24,12:03 PM,47.96,01 Apr 24,12:16 PM,55.31,tsl_hit,100671773321227.52,15.33,13
NIFTY50,22450,BULLISH,688039335285,01 Apr 24,01:09 PM,38.84,01 Apr 24,01:21 PM,43.35,tsl_hit,77576435053383.72,11.61,12
NIFTY50,22450,BULLISH,600982059020,02 Apr 24,09:17 AM,45.04,02 Apr 24,09:21 AM,39.6,hard_sl_hit,-81733560026719.97,-12.08,4
NIFTY50,22500,BEARISH,482823570267,02 Apr 24,09:34 AM,55.31,02 Apr 24,09:42 AM,58.57,tsl_hit,39350120976760.48,5.89,8
NIFTY50,22400,BULLISH,460665999966,02 Apr 24,11:02 AM,58.35,02 Apr 24,11:06 AM,75.85,tsl_hit,201541374985124.9,29.99,4
NIFTY50,22400,BULLISH,484317359066,02 Apr 24,12:02 PM,57.35,02 Apr 24,12:07 PM,57.88,tsl_hit,6417205007624.51,0.92,5
NIFTY50,22400,BULLISH,824558761968,02 Apr 24,01:53 PM,33.72,02 Apr 24,01:59 PM,33.06,tsl_hit,-13605219572471.93,-1.96,6
NIFTY50,22400,BEARISH,1800366892345,02 Apr 24,02:20 PM,15.41,02 Apr 24,02:27 PM,17.66,tsl_hit,101270637694406.23,14.6,7
NIFTY50,22400,BEARISH,1831952276421,02 Apr 24,02:33 PM,15.39,02 Apr 24,02:41 PM,18.55,tsl_hit,144724229837259.0,20.53,8
NIFTY50,22350,BULLISH,375090587062,03 Apr 24,09:19 AM,76.88,03 Apr 24,09:25 AM,68.63,hard_sl_hit,-77362433581537.5,-10.73,6
NIFTY50,22400,BULLISH,331933030000,03 Apr 24,10:51 AM,85.84,03 Apr 24,10:55 AM,63.1,hard_sl_hit,-188703927555000.03,-26.49,4
NIFTY50,22500,BEARISH,876805553988,03 Apr 24,12:18 PM,31.54,03 Apr 24,12:23 PM,33.47,tsl_hit,42305867979921.0,6.12,5
NIFTY50,22500,BEARISH,1170343558331,03 Apr 24,01:41 PM,23.79,03 Apr 24,01:49 PM,24.87,tsl_hit,31599276074937.06,4.54,8
NIFTY50,22450,BULLISH,727017783312,03 Apr 24,02:03 PM,38.49,03 Apr 24,02:06 PM,33.36,hard_sl_hit,-93240030709764.05,-13.33,3
NIFTY50,22450,BULLISH,1032915486819,03 Apr 24,03:04 PM,26.69,03 Apr 24,03:06 PM,22.28,hard_sl_hit,-113878932421794.77,-16.52,2
NIFTY50,22450,BEARISH,729837803524,03 Apr 24,03:28 PM,37.08,03 Apr 24,03:29 PM,32.29,hard_sl_hit,-87398076971998.98,-12.92,1
NIFTY50,22600,BEARISH,1209702941361,04 Apr 24,09:17 AM,22.05,04 Apr 24,09:18 AM,18.6,hard_sl_hit,-104336878692408.23,-15.65,1
NIFTY50,22600,BEARISH,1354533870602,04 Apr 24,09:19 AM,19.35,04 Apr 24,09:22 AM,47.75,tsl_hit,961719048127469.5,146.77,3
NIFTY50,22350,BULLISH,609690745534649,04 Apr 24,10:56 AM,0.05,04 Apr 24,11:01 AM,11.35,tsl_hit,1.7223763561351616e+17,22600.0,5
NIFTY50,22400,BEARISH,15919702800069422,04 Apr 24,11:16 AM,0.05,04 Apr 24,11:21 AM,0.05,time_stop,0.0,0.0,5
NIFTY50,22400,BULLISH,15919702800069422,04 Apr 24,11:36 AM,0.05,04 Apr 24,11:41 AM,0.05,time_stop,0.0,0.0,5
NIFTY50,22400,BEARISH,15919702800069422,04 Apr 24,11:51 AM,0.05,04 Apr 24,11:56 AM,7.7,tsl_hit,3.0446431605135667e+18,15300.0,5
NIFTY50,22500,BULLISH,1500286127755482,04 Apr 24,03:02 PM,9.55,04 Apr 24,03:03 PM,0.05,hard_sl_hit,-3.5631795534189965e+17,-99.48,1
NIFTY50,22500,BULLISH,68476154763251,05 Apr 24,09:17 AM,186.11,05 Apr 24,09:27 AM,188.75,tsl_hit,4519426214374543.0,1.42,10
NIFTY50,22500,BULLISH,134373970962408,05 Apr 24,11:24 AM,94.99,05 Apr 24,11:41 AM,97.94,tsl_hit,9910080358477600.0,3.11,17
NIFTY50,22500,BULLISH,193419334088076,05 Apr 24,02:39 PM,66.22,05 Apr 24,02:42 PM,69.18,tsl_hit,1.4313030722517662e+16,4.47,3
NIFTY50,22550,BEARISH,199377970464533,05 Apr 24,03:26 PM,64.56,08 Apr 24,09:15 AM,56.0,hard_sl_hit,-4.266688567941007e+16,-13.26,4
NIFTY50,22600,BULLISH,136838704900417,08 Apr 24,10:01 AM,92.68,08 Apr 24,10:17 AM,97.57,tsl_hit,1.6728531674075932e+16,5.28,16
NIFTY50,22700,BEARISH,224943752421676,08 Apr 24,02:36 PM,56.71,08 Apr 24,02:45 PM,63.72,tsl_hit,3.94213926118987e+16,12.36,9
NIFTY50,22650,BULLISH,203329660207853,08 Apr 24,03:09 PM,63.6,08 Apr 24,03:13 PM,65.55,tsl_hit,9912320935132812.0,3.07,4
NIFTY50,22700,BEARISH,214476382626961,09 Apr 24,09:17 AM,60.5,09 Apr 24,09:26 AM,70.83,tsl_hit,5.538852581341267e+16,17.07,9
NIFTY50,22750,BULLISH,180850668510033,09 Apr 24,10:19 AM,73.11,09 Apr 24,10:36 AM,78.81,tsl_hit,2.5771220262679716e+16,7.8,17
NIFTY50,22750,BULLISH,324805921370959,09 Apr 24,11:11 AM,41.06,09 Apr 24,11:12 AM,37.3,hard_sl_hit,-3.053175660887019e+16,-9.16,1
NIFTY50,22750,BEARISH,442832419840730,09 Apr 24,11:40 AM,29.81,09 Apr 24,11:49 AM,34.1,tsl_hit,4.749377702791833e+16,14.39,9
NIFTY50,22700,BULLISH,288304339830386,09 Apr 24,12:15 PM,46.52,09 Apr 24,12:18 PM,45.81,tsl_hit,-5117402031989358.0,-1.53,3
NIFTY50,22700,BULLISH,400513726589246,09 Apr 24,12:37 PM,33.43,09 Apr 24,12:38 PM,30.09,hard_sl_hit,-3.3442896170202036e+16,-9.99,1
NIFTY50,22650,BULLISH,308277969401367,09 Apr 24,02:16 PM,42.95,09 Apr 24,02:25 PM,61.92,tsl_hit,1.462008269885983e+17,44.17,9
NIFTY50,22700,BEARISH,314759126196949,10 Apr 24,09:17 AM,44.13,10 Apr 24,09:21 AM,49.59,tsl_hit,4.2964620725883544e+16,12.37,4
NIFTY50,22700,BULLISH,273475900348887,10 Apr 24,09:55 AM,51.49,10 Apr 24,10:02 AM,46.57,hard_sl_hit,-3.363753574291311e+16,-9.56,7
NIFTY50,22700,BEARISH,636154061648712,10 Apr 24,11:07 AM,21.9,10 Apr 24,11:23 AM,33.09,tsl_hit,1.7796409874622726e+17,51.1,16
NIFTY50,22700,BULLISH,118588203786468,12 Apr 24,09:17 AM,124.15,12 Apr 24,09:41 AM,132.83,tsl_hit,2.5733640221663576e+16,6.99,24
NIFTY50,22650,BULLISH,98762545659379,12 Apr 24,09:46 AM,150.23,12 Apr 24,09:57 AM,154.57,tsl_hit,1.071573620404263e+16,2.89,11
NIFTY50,22700,BEARISH,130282037012242,12 Apr 24,11:21 AM,114.25,12 Apr 24,11:24 AM,91.39,hard_sl_hit,-7.44561841524963e+16,-20.01,3
NIFTY50,22700,BEARISH,290727254387487,12 Apr 24,11:59 AM,50.06,12 Apr 24,12:03 PM,50.98,tsl_hit,6686726850912163.0,1.84,4
NIFTY50,22650,BULLISH,141340619699958,12 Apr 24,12:20 PM,103.18,12 Apr 24,12:38 PM,92.52,hard_sl_hit,-3.766727515003884e+16,-10.33,18
NIFTY50,22600,BEARISH,117118490769873,12 Apr 24,01:31 PM,123.09,12 Apr 24,01:48 PM,126.56,tsl_hit,1.016002907428648e+16,2.82,17
NIFTY50,22350,BULLISH,77581924429390,15 Apr 24,09:17 AM,186.4,15 Apr 24,09:24 AM,190.64,tsl_hit,8223683989515302.0,2.27,7
NIFTY50,22350,BULLISH,244276670939484,15 Apr 24,01:00 PM,59.35,15 Apr 24,01:02 PM,51.6,hard_sl_hit,-4.732860499452502e+16,-13.06,2
NIFTY50,22250,BULLISH,179897646244361,15 Apr 24,03:05 PM,79.42,15 Apr 24,03:16 PM,90.8,tsl_hit,5.118088035652068e+16,14.33,11
NIFTY50,22150,BULLISH,93427791220967,16 Apr 24,09:17 AM,155.36,16 Apr 24,09:31 AM,166.62,tsl_hit,2.629992322870219e+16,7.25,14
NIFTY50,22200,BULLISH,331787532693257,16 Apr 24,11:29 AM,44.1,16 Apr 24,11:41 AM,44.58,tsl_hit,3981450392319058.0,1.09,12
NIFTY50,22150,BULLISH,314705167064438,16 Apr 24,12:04 PM,46.55,16 Apr 24,12:17 PM,47.46,tsl_hit,7159542550715994.0,1.95,13
NIFTY50,22100,BEARISH,406347791751007,16 Apr 24,01:44 PM,36.13,16 Apr 24,01:47 PM,31.63,hard_sl_hit,-4.571412657198833e+16,-12.46,3
NIFTY50,22300,BULLISH,1930422909345119,18 Apr 24,12:38 PM,7.5,18 Apr 24,12:40 PM,6.6,hard_sl_hit,-4.343451546033541e+16,-12.0,2
NIFTY50,22150,BULLISH,285702590583071488,18 Apr 24,01:29 PM,0.05,18 Apr 24,01:34 PM,68.25,tsl_hit,4.871229169441369e+20,136400.0,5
NIFTY50,21800,BULLISH,5181226959661196,19 Apr 24,09:17 AM,420.61,19 Apr 24,10:11 AM,456.5,tsl_hit,4.648855889556007e+18,8.53,54
NIFTY50,21900,BEARISH,21667856330488088,19 Apr 24,11:29 AM,101.53,19 Apr 24,11:39 AM,91.65,hard_sl_hit,-5.351960513630555e+18,-9.73,10
NIFTY50,22000,BEARISH,25157814590320968,19 Apr 24,12:43 PM,86.5,19 Apr 24,12:50 PM,78.16,hard_sl_hit,-5.245404342081924e+18,-9.64,7
NIFTY50,22300,BEARISH,11828780515800730,22 Apr 24,09:17 AM,182.0,22 Apr 24,09:20 AM,188.94,tsl_hit,2.052293419491426e+18,3.81,3
NIFTY50,22250,BEARISH,12973831960887912,22 Apr 24,10:53 AM,166.64,22 Apr 24,10:55 AM,86.87,hard_sl_hit,-2.587306438800072e+19,-47.87,2
NIFTY50,22300,BEARISH,22845624561187036,22 Apr 24,11:07 AM,89.6,22 Apr 24,11:21 AM,78.97,hard_sl_hit,-6.071224727135452e+18,-11.86,14
NIFTY50,22250,BULLISH,34984148591494068,22 Apr 24,01:11 PM,57.74,22 Apr 24,01:17 PM,56.86,tsl_hit,-7.696512690128717e+17,-1.52,6
NIFTY50,22300,BULLISH,48047749996810672,22 Apr 24,02:26 PM,41.97,22 Apr 24,02:30 PM,37.71,hard_sl_hit,-5.117085374660335e+18,-10.15,4
NIFTY50,22400,BULLISH,35546825917293392,23 Apr 24,10:46 AM,56.09,23 Apr 24,10:49 AM,48.53,hard_sl_hit,-6.718350098368453e+18,-13.48,3
NIFTY50,22400,BULLISH,46254407252248232,23 Apr 24,12:31 PM,42.46,23 Apr 24,12:44 PM,35.66,hard_sl_hit,-7.863249232882205e+18,-16.02,13
NIFTY50,22400,BULLISH,63853504057004128,23 Apr 24,01:07 PM,30.21,23 Apr 24,01:09 PM,26.88,hard_sl_hit,-5.315804212745597e+18,-11.02,2
NIFTY50,22400,BEARISH,42635680489169912,23 Apr 24,03:00 PM,44.69,23 Apr 24,03:04 PM,45.75,tsl_hit,1.129845532963005e+18,2.37,4
NIFTY50,22400,BEARISH,41110611077320016,24 Apr 24,09:17 AM,46.47,24 Apr 24,09:27 AM,41.94,hard_sl_hit,-4.655776704506493e+18,-9.75,10
NIFTY50,22450,BEARISH,30637447403601544,24 Apr 24,09:50 AM,61.68,24 Apr 24,09:52 AM,55.36,hard_sl_hit,-4.840716689769044e+18,-10.25,2
NIFTY50,22450,BEARISH,42897898035709984,24 Apr 24,10:29 AM,43.55,24 Apr 24,10:34 AM,41.95,time_stop,-1.7159159214283932e+18,-3.67,5
NIFTY50,22450,BULLISH,92935922401151024,24 Apr 24,12:49 PM,20.02,24 Apr 24,12:50 PM,17.97,hard_sl_hit,-4.762966023058992e+18,-10.24,1
NIFTY50,22400,BULLISH,77156393816727408,24 Apr 24,02:36 PM,23.84,24 Apr 24,02:39 PM,21.44,hard_sl_hit,-4.629383629003642e+18,-10.07,3
NIFTY50,22350,BULLISH,932735071917423360,25 Apr 24,09:17 AM,1.95,25 Apr 24,09:18 AM,0.05,hard_sl_hit,-4.430491591609457e+19,-97.44,1
NIFTY50,22350,BULLISH,477036074362969152,25 Apr 24,10:53 AM,3.4,25 Apr 24,10:54 AM,0.05,hard_sl_hit,-3.9951771227916026e+19,-98.53,1
NIFTY50,22400,BULLISH,28887184503103254528,25 Apr 24,12:50 PM,0.05,25 Apr 24,12:53 PM,1.15,tsl_hit,7.943975738363904e+20,2200.0,3
NIFTY50,22450,BEARISH,49750151089448493056,25 Apr 24,01:03 PM,0.1,25 Apr 24,01:04 PM,0.05,hard_sl_hit,-6.2187688860000715e+19,-50.0,1
NIFTY50,22500,BEARISH,1381948641354050816,25 Apr 24,01:47 PM,3.4,25 Apr 24,01:48 PM,0.8,hard_sl_hit,-8.982666168808872e+19,-76.47,1
NIFTY50,22550,BEARISH,85987915462063341568,25 Apr 24,02:08 PM,0.05,25 Apr 24,02:13 PM,0.05,time_stop,0.0,0.0,5
NIFTY50,22600,BEARISH,85987915462063341568,25 Apr 24,02:36 PM,0.05,25 Apr 24,02:44 PM,0.05,tsl_hit,0.0,0.0,8
NIFTY50,22600,BEARISH,31465132999876812,26 Apr 24,09:17 AM,136.64,26 Apr 24,09:27 AM,137.1,tsl_hit,3.618490294985896e+17,0.34,10
NIFTY50,22600,BULLISH,35437126069144352,26 Apr 24,09:52 AM,121.37,26 Apr 24,10:02 AM,109.36,hard_sl_hit,-1.0639997102260597e+19,-9.9,10
NIFTY50,22550,BULLISH,33041130301398192,26 Apr 24,10:05 AM,128.74,26 Apr 24,10:08 AM,115.82,hard_sl_hit,-1.0672285087351628e+19,-10.04,3
NIFTY50,22550,BULLISH,36065186803018048,26 Apr 24,10:10 AM,116.63,26 Apr 24,10:18 AM,117.78,tsl_hit,1.036874120586774e+18,0.99,8
NIFTY50,22500,BULLISH,40874500740252624,26 Apr 24,11:57 AM,103.02,26 Apr 24,12:14 PM,91.86,hard_sl_hit,-1.1403985706530478e+19,-10.83,17
NIFTY50,22500,BULLISH,45948825771403928,26 Apr 24,12:33 PM,90.54,26 Apr 24,12:43 PM,82.2,hard_sl_hit,-9.580330173337723e+18,-9.21,10
NIFTY50,22500,BULLISH,52959838458238952,26 Apr 24,01:21 PM,77.75,26 Apr 24,01:27 PM,68.91,hard_sl_hit,-1.1704124299270814e+19,-11.37,6
NIFTY50,22450,BULLISH,46941566908083320,26 Apr 24,01:30 PM,86.61,26 Apr 24,01:35 PM,79.46,time_stop,-8.3908050848199e+18,-8.26,5
NIFTY50,22550,BEARISH,122404030472970320,29 Apr 24,12:03 PM,32.91,29 Apr 24,12:08 PM,30.93,tsl_hit,-6.058999508412022e+18,-6.02,5
NIFTY50,22600,BEARISH,102337282766276192,29 Apr 24,01:27 PM,39.1,29 Apr 24,01:33 PM,33.32,hard_sl_hit,-1.4787737359726911e+19,-14.78,6
NIFTY50,22650,BEARISH,81585084556531040,29 Apr 24,03:03 PM,48.24,29 Apr 24,03:07 PM,43.6,hard_sl_hit,-9.4638698085576e+18,-9.62,4
NIFTY50,22750,BEARISH,57648842691937632,30 Apr 24,09:55 AM,67.54,30 Apr 24,10:10 AM,82.64,tsl_hit,2.176243811620645e+19,22.36,15
NIFTY50,22750,BULLISH,169945689207691968,30 Apr 24,01:10 PM,23.48,30 Apr 24,01:12 PM,21.28,hard_sl_hit,-9.347012906423056e+18,-9.37,2
NIFTY50,22700,BULLISH,91111732879845536,30 Apr 24,01:16 PM,43.34,30 Apr 24,01:27 PM,51.23,tsl_hit,1.7971789310549516e+19,18.2,11
NIFTY50,22750,BEARISH,169627668301915936,30 Apr 24,02:04 PM,23.75,30 Apr 24,02:05 PM,21.4,hard_sl_hit,-9.965625512737569e+18,-9.89,1
NIFTY50,22750,BULLISH,83899040918614512,30 Apr 24,02:43 PM,47.49,30 Apr 24,02:45 PM,41.58,hard_sl_hit,-1.2396083295725302e+19,-12.44,2
NIFTY50,22700,BEARISH,227125534664081600,02 May 24,10:33 AM,17.3,02 May 24,10:36 AM,20.75,tsl_hit,1.9589577364781167e+19,19.94,3
NIFTY50,22650,BULLISH,233507938254429824,02 May 24,11:10 AM,17.2,02 May 24,11:11 AM,13.95,hard_sl_hit,-1.8972519983172424e+19,-18.9,1
NIFTY50,22650,BULLISH,78640284538800816128,02 May 24,11:22 AM,0.05,02 May 24,11:27 AM,0.05,time_stop,0.0,0.0,5
NIFTY50,22700,BEARISH,1404290795336093696,02 May 24,11:34 AM,2.8,02 May 24,11:35 AM,2.0,hard_sl_hit,-2.808581590669633e+19,-28.57,1
NIFTY50,22700,BEARISH,342989944005976000,02 May 24,01:11 PM,11.1,02 May 24,01:17 PM,16.85,tsl_hit,4.930480445085906e+19,51.8,6
NIFTY50,22700,BEARISH,80526416853837512704,02 May 24,01:29 PM,0.05,02 May 24,01:31 PM,0.25,tsl_hit,4.026320842691876e+20,400.0,2
NIFTY50,22650,BULLISH,1491229941737175296,02 May 24,02:21 PM,3.9,02 May 24,02:22 PM,0.05,hard_sl_hit,-1.4353088189225738e+20,-98.72,1
NIFTY50,22750,BEARISH,28649818746997728,03 May 24,09:19 AM,180.73,03 May 24,10:27 AM,261.88,tsl_hit,5.812331978297165e+19,44.9,68
NIFTY50,22600,BULLISH,34474016157314944,03 May 24,11:02 AM,157.69,03 May 24,11:16 AM,159.34,tsl_hit,1.4220531664892465e+18,1.05,14
NIFTY50,22550,BULLISH,32151038776834252,03 May 24,11:24 AM,169.28,03 May 24,11:31 AM,153.0,hard_sl_hit,-1.3085472782171542e+19,-9.62,7
NIFTY50,22550,BULLISH,46779932122787592,06 May 24,09:15 AM,115.1,06 May 24,09:20 AM,97.9,hard_sl_hit,-2.0115370812798652e+19,-14.94,5
NIFTY50,22500,BEARISH,32861469243939484,06 May 24,10:31 AM,161.13,06 May 24,10:36 AM,159.08,time_stop,-1.6841502987518845e+18,-1.27,5
NIFTY50,22500,BULLISH,40421094922689944,06 May 24,11:13 AM,130.81,06 May 24,11:18 AM,125.55,time_stop,-5.315373982333733e+18,-4.02,5
NIFTY50,22500,BEARISH,84073782821771968,06 May 24,12:01 PM,62.61,06 May 24,12:12 PM,56.74,hard_sl_hit,-1.233782762909503e+19,-9.38,11
NIFTY50,22450,BEARISH,85463900787670208,06 May 24,02:23 PM,60.95,06 May 24,02:28 PM,64.11,tsl_hit,6.75164816222594e+18,5.18,5
NIFTY50,22450,BEARISH,116319539923933136,07 May 24,09:17 AM,45.04,07 May 24,09:22 AM,48.45,tsl_hit,9.91624077851531e+18,7.57,5
NIFTY50,22250,BEARISH,122891469165196384,07 May 24,01:23 PM,42.99,07 May 24,01:27 PM,37.63,hard_sl_hit,-1.6467456868136313e+19,-12.47,4
NIFTY50,22200,BULLISH,58485805592951016,08 May 24,09:18 AM,89.08,08 May 24,09:24 AM,106.6,tsl_hit,2.5616782849712538e+19,19.67,6
NIFTY50,22200,BEARISH,112410640423163440,08 May 24,10:59 AM,47.36,08 May 24,11:04 AM,41.17,hard_sl_hit,-1.7395546605484534e+19,-13.07,5
NIFTY50,22300,BEARISH,165974514076944032,08 May 24,12:11 PM,31.61,08 May 24,12:12 PM,25.87,hard_sl_hit,-2.3817342770041467e+19,-18.16,1
NIFTY50,22300,BULLISH,94374876688387392,08 May 24,01:38 PM,54.47,08 May 24,01:41 PM,58.47,tsl_hit,9.43748766883874e+18,7.34,3
NIFTY50,22300,BULLISH,103650878457114902528,09 May 24,09:17 AM,0.05,09 May 24,09:20 AM,0.05,tsl_hit,0.0,0.0,3
NIFTY50,22250,BULLISH,259127196142787232,09 May 24,09:22 AM,20.0,09 May 24,09:24 AM,18.4,tsl_hit,-1.0365087845702062e+19,-8.0,2
NIFTY50,22250,BULLISH,364289139415905408,09 May 24,09:25 AM,14.1,09 May 24,09:26 AM,3.5,hard_sl_hit,-9.653662194520167e+19,-75.18,1
NIFTY50,22150,BULLISH,94148504253479026688,09 May 24,10:48 AM,0.05,09 May 24,10:53 AM,0.05,time_stop,0.0,0.0,5
NIFTY50,22150,BEARISH,1846049103009919232,09 May 24,11:00 AM,2.55,09 May 24,11:03 AM,4.75,tsl_hit,1.0153270066557914e+20,86.27,3
NIFTY50,22200,BEARISH,256650828859547168,09 May 24,12:21 PM,20.1,09 May 24,12:28 PM,44.75,tsl_hit,1.581610732847053e+20,122.64,7
NIFTY50,21950,BEARISH,52476452672910504,10 May 24,09:19 AM,111.7,10 May 24,09:21 AM,113.45,tsl_hit,2.2958448044398344e+18,1.57,2
NIFTY50,22100,BEARISH,47034792680635240,10 May 24,10:19 AM,124.84,10 May 24,10:26 AM,140.33,tsl_hit,1.8214223465576006e+19,12.41,7
NIFTY50,22050,BULLISH,34225122880135408,10 May 24,10:49 AM,173.93,10 May 24,10:55 AM,155.82,hard_sl_hit,-1.5495424383981316e+19,-10.41,6
NIFTY50,22000,BULLISH,51468746236216392,10 May 24,12:49 PM,114.32,10 May 24,12:58 PM,103.45,hard_sl_hit,-1.3986631789691791e+19,-9.51,9
NIFTY50,22050,BEARISH,65280828232452024,10 May 24,01:33 PM,89.18,10 May 24,01:40 PM,88.19,tsl_hit,-1.6157004987532024e+18,-1.11,7
NIFTY50,22050,BEARISH,78437385278085824,10 May 24,01:53 PM,74.13,10 May 24,02:06 PM,75.35,tsl_hit,2.3923402509816156e+18,1.65,13
NIFTY50,22050,BEARISH,75524387320137392,10 May 24,03:04 PM,77.13,10 May 24,03:15 PM,78.0,tsl_hit,1.6426554242129969e+18,1.13,11
NIFTY50,21950,BULLISH,51238660149138856,13 May 24,09:19 AM,113.83,13 May 24,09:22 AM,101.62,hard_sl_hit,-1.5640601010524627e+19,-10.73,3
NIFTY50,21900,BEARISH,59726219323323440,13 May 24,11:08 AM,96.49,13 May 24,11:13 AM,92.83,time_stop,-5.46494906808409e+18,-3.79,5
NIFTY50,22150,BEARISH,86963088952608912,14 May 24,09:18 AM,65.99,14 May 24,09:21 AM,72.22,tsl_hit,1.3544501104368847e+19,9.44,3
NIFTY50,22100,BEARISH,62738202127758776,14 May 24,10:21 AM,92.43,14 May 24,10:28 AM,83.55,hard_sl_hit,-1.3927880872362463e+19,-9.61,7
NIFTY50,22150,BEARISH,53914014941290192,14 May 24,10:31 AM,106.41,14 May 24,10:44 AM,93.58,hard_sl_hit,-1.7292920292418826e+19,-12.06,13
NIFTY50,22150,BEARISH,95272393643844944,14 May 24,11:08 AM,59.41,14 May 24,11:15 AM,52.33,hard_sl_hit,-1.686321367496055e+19,-11.92,7
NIFTY50,22150,BULLISH,68228503421056312,14 May 24,11:31 AM,81.86,14 May 24,11:41 AM,68.01,hard_sl_hit,-2.3624119309540737e+19,-16.92,10
NIFTY50,22250,BEARISH,122107602589739072,14 May 24,12:57 PM,44.88,14 May 24,01:02 PM,40.61,hard_sl_hit,-1.3034986576454656e+19,-9.51,5
NIFTY50,22200,BULLISH,110410424161155712,14 May 24,01:21 PM,49.11,14 May 24,01:27 PM,54.22,tsl_hit,1.410493168658764e+19,10.41,6
NIFTY50,22250,BULLISH,136543303854321136,14 May 24,02:18 PM,40.17,14 May 24,02:21 PM,41.4,tsl_hit,4.1987065935203635e+18,3.06,3
NIFTY50,22200,BULLISH,97185333463208608,14 May 24,03:05 PM,56.63,14 May 24,03:12 PM,62.52,tsl_hit,1.4310540352457468e+19,10.4,7
NIFTY50,22250,BEARISH,178894853328662656,15 May 24,09:17 AM,31.12,15 May 24,09:18 AM,28.06,hard_sl_hit,-1.3685456279642704e+19,-9.83,1
NIFTY50,22250,BEARISH,162095483822674016,15 May 24,09:20 AM,33.97,15 May 24,09:25 AM,29.17,hard_sl_hit,-1.945145805872087e+19,-14.13,5
NIFTY50,22300,BEARISH,121933243211491776,15 May 24,09:47 AM,44.45,15 May 24,09:49 AM,45.2,tsl_hit,2.2862483102154708e+18,1.69,2
NIFTY50,22250,BULLISH,143653274189200208,15 May 24,10:02 AM,37.8,15 May 24,10:04 AM,32.57,hard_sl_hit,-1.8782665600237916e+19,-13.84,2
NIFTY50,22200,BEARISH,162659423503892128,15 May 24,01:08 PM,32.87,15 May 24,01:09 PM,29.63,hard_sl_hit,-1.3175413303815254e+19,-9.86,1
NIFTY50,22200,BEARISH,201219857614594080,15 May 24,02:15 PM,26.28,15 May 24,02:27 PM,37.72,tsl_hit,5.75488792777739e+19,43.53,12
NIFTY50,22300,BEARISH,619422419542032000,16 May 24,09:17 AM,8.95,16 May 24,09:19 AM,7.4,hard_sl_hit,-2.4002618757242474e+19,-17.32,2
NIFTY50,22150,BULLISH,1235716443025476096,16 May 24,10:51 AM,4.4,16 May 24,10:55 AM,13.4,tsl_hit,2.780361996807321e+20,204.55,4
NIFTY50,22150,BULLISH,133457375846787399680,16 May 24,11:11 AM,0.05,16 May 24,11:16 AM,0.05,time_stop,0.0,0.0,5
NIFTY50,22250,BEARISH,2616811291114225152,16 May 24,12:13 PM,2.55,16 May 24,12:14 PM,0.05,hard_sl_hit,-1.635507056945915e+20,-98.04,1
NIFTY50,22300,BEARISH,417261527510882368,16 May 24,12:16 PM,14.25,16 May 24,12:21 PM,35.85,tsl_hit,2.253212248558613e+20,151.58,5
NIFTY50,22400,BEARISH,64477071304465192,17 May 24,10:27 AM,107.75,17 May 24,10:32 AM,97.66,hard_sl_hit,-1.626434123655135e+19,-9.36,5
NIFTY50,22450,BULLISH,56478423330360520,17 May 24,12:04 PM,121.73,17 May 24,12:09 PM,119.4,time_stop,-3.289868158993498e+18,-1.91,5
NIFTY50,22450,BEARISH,140353863251689712,17 May 24,12:42 PM,48.88,17 May 24,12:53 PM,44.05,hard_sl_hit,-1.6947728987641553e+19,-9.88,11
NIFTY50,22450,BULLISH,54949575605746024,17 May 24,03:03 PM,123.48,17 May 24,03:08 PM,120.62,time_stop,-3.92889465581084e+18,-2.32,5
NIFTY50,22500,BEARISH,94389286496118464,18 May 24,09:17 AM,71.7,18 May 24,09:29 AM,64.61,hard_sl_hit,-1.6730501031437003e+19,-9.89,12
NIFTY50,22450,BULLISH,122163790096910944,21 May 24,09:17 AM,54.79,21 May 24,09:18 AM,46.78,hard_sl_hit,-2.446329896690641e+19,-14.62,1
NIFTY50,22500,BEARISH,174196515508558208,21 May 24,11:06 AM,37.8,21 May 24,11:08 AM,33.69,hard_sl_hit,-1.7898691968504353e+19,-10.87,2
NIFTY50,22550,BULLISH,140833049234493568,22 May 24,09:15 AM,46.19,22 May 24,09:17 AM,39.34,hard_sl_hit,-2.4117659681407e+19,-14.83,2
NIFTY50,22600,BEARISH,171295554097917728,22 May 24,12:20 PM,37.35,22 May 24,12:27 PM,48.94,tsl_hit,4.963288679987165e+19,31.03,7
NIFTY50,22550,BEARISH,500641418574633664,22 May 24,01:05 PM,13.22,22 May 24,01:11 PM,18.82,tsl_hit,7.0089798600448705e+19,42.36,6
NIFTY50,22550,BULLISH,194881602068578528,22 May 24,02:57 PM,35.56,22 May 24,03:03 PM,56.92,tsl_hit,1.0406677550462093e+20,60.07,6
NIFTY50,22750,BEARISH,147850175436028215296,23 May 24,12:00 PM,0.05,23 May 24,12:07 PM,0.1,tsl_hit,1.848127192896565e+20,100.0,7
NIFTY50,22800,BEARISH,805284179932393088,23 May 24,12:31 PM,10.2,23 May 24,12:33 PM,11.45,tsl_hit,2.5165130622887285e+19,12.25,2
NIFTY50,22800,BULLISH,450040197854140736,23 May 24,01:17 PM,18.5,23 May 24,01:18 PM,14.65,hard_sl_hit,-4.331636904344467e+19,-20.81,1
NIFTY50,22950,BEARISH,162664529291059232768,23 May 24,03:06 PM,0.05,23 May 24,03:11 PM,0.05,time_stop,0.0,0.0,5
NIFTY50,22950,BEARISH,85531879951130096,24 May 24,10:57 AM,95.09,24 May 24,11:02 AM,91.81,time_stop,-7.01361415599267e+18,-3.45,5
NIFTY50,22950,BULLISH,72991485099836784,24 May 24,11:39 AM,111.0,24 May 24,12:06 PM,100.95,hard_sl_hit,-1.8339110631333984e+19,-9.05,27
NIFTY50,23000,BEARISH,122939112319442064,24 May 24,12:36 PM,65.24,24 May 24,12:41 PM,62.0,time_stop,-9.958068097874792e+18,-4.97,5
NIFTY50,23000,BEARISH,162615486387062144,24 May 24,12:58 PM,49.05,24 May 24,01:03 PM,44.22,hard_sl_hit,-1.9635819981237748e+19,-9.85,5
NIFTY50,23000,BEARISH,122386275151375696,24 May 24,02:22 PM,64.46,24 May 24,02:32 PM,82.14,tsl_hit,5.4094733616908075e+19,27.43,10
NIFTY50,23000,BEARISH,85771685319213392,27 May 24,09:17 AM,94.78,27 May 24,09:23 AM,100.5,tsl_hit,1.2265351000647512e+19,6.04,6
NIFTY50,23000,BEARISH,233161054292565120,27 May 24,11:44 AM,35.1,27 May 24,11:49 AM,30.98,hard_sl_hit,-2.401558859213421e+19,-11.74,5
NIFTY50,23050,BULLISH,109998870439475152,27 May 24,12:57 PM,73.43,27 May 24,01:27 PM,76.48,tsl_hit,8.387413871009973e+18,4.15,30
NIFTY50,23000,BEARISH,74561191319975456,28 May 24,09:17 AM,108.83,28 May 24,09:21 AM,109.29,tsl_hit,8.574537001797326e+17,0.42,4
NIFTY50,22900,BULLISH,189105645392197984,28 May 24,12:40 PM,42.93,28 May 24,12:45 PM,49.61,tsl_hit,3.1580642780497064e+19,15.56,5
NIFTY50,22950,BEARISH,181588913127634656,28 May 24,12:54 PM,45.48,28 May 24,12:55 PM,40.76,hard_sl_hit,-2.1427491749060882e+19,-10.38,1
NIFTY50,22950,BEARISH,171428611347802016,28 May 24,12:57 PM,47.62,28 May 24,01:01 PM,48.81,tsl_hit,5.100001187597131e+18,2.5,4
NIFTY50,22950,BULLISH,167885503370123200,28 May 24,01:58 PM,48.76,28 May 24,02:03 PM,46.85,tsl_hit,-8.016532785923368e+18,-3.92,5
NIFTY50,22800,BULLISH,182092674479962112,29 May 24,09:17 AM,44.76,29 May 24,09:19 AM,47.39,tsl_hit,1.197259334705752e+19,5.88,2
NIFTY50,22750,BULLISH,114464624469234336,29 May 24,10:08 AM,71.67,29 May 24,10:14 AM,65.09,hard_sl_hit,-1.8829430725189042e+19,-9.18,6
NIFTY50,22750,BULLISH,147905159871246048,29 May 24,10:26 AM,54.9,29 May 24,10:33 AM,48.46,hard_sl_hit,-2.3812730739270603e+19,-11.73,7
NIFTY50,22750,BEARISH,131703515498606496,29 May 24,10:45 AM,60.85,29 May 24,10:55 AM,51.16,hard_sl_hit,-3.190517662953744e+19,-15.92,10
NIFTY50,22750,BULLISH,264973346787951488,29 May 24,11:12 AM,29.71,29 May 24,11:17 AM,23.2,hard_sl_hit,-4.3124412189739114e+19,-21.91,5
NIFTY50,22700,BULLISH,156175154105193568,29 May 24,11:19 AM,49.18,29 May 24,11:29 AM,61.6,tsl_hit,4.849238534966262e+19,25.25,10
NIFTY50,22750,BEARISH,240225609721892000,29 May 24,12:15 PM,32.87,29 May 24,12:16 PM,29.2,hard_sl_hit,-2.204069969198358e+19,-11.17,1
NIFTY50,22800,BEARISH,177273405916364704,29 May 24,12:51 PM,43.99,29 May 24,12:58 PM,69.79,tsl_hit,1.1434134681605526e+20,58.65,7
NIFTY50,22700,BULLISH,206166316452911232,29 May 24,03:07 PM,40.29,29 May 24,03:10 PM,41.47,tsl_hit,6.08190633536088e+18,2.93,3
NIFTY50,22650,BULLISH,166669431694232420352,30 May 24,09:17 AM,0.05,30 May 24,09:21 AM,28.4,tsl_hit,1.1812695971329328e+23,56700.0,4
NIFTY50,22600,BEARISH,44260761943701479424,30 May 24,10:25 AM,12.05,30 May 24,10:29 AM,24.25,tsl_hit,1.3499532392829756e+22,101.24,4
NIFTY50,22550,BULLISH,28663773099877285888,30 May 24,11:12 AM,20.7,30 May 24,11:14 AM,13.8,hard_sl_hit,-4.944500859729875e+21,-33.33,2
NIFTY50,22600,BEARISH,29451780607776321536,30 May 24,12:10 PM,19.4,30 May 24,12:17 PM,41.75,tsl_hit,1.645618241459395e+22,115.21,7
NIFTY50,22600,BEARISH,62573119640801492992,30 May 24,01:01 PM,10.3,30 May 24,01:03 PM,10.0,tsl_hit,-4.6929839730487296e+20,-2.91,2
NIFTY50,22550,BEARISH,8378992587003020288,31 May 24,12:32 PM,76.67,31 May 24,12:39 PM,80.35,tsl_hit,7.708673180042763e+20,4.8,7
NIFTY50,22550,BEARISH,11019338655765729280,31 May 24,01:22 PM,58.61,31 May 24,01:28 PM,64.19,tsl_hit,1.5371977424793187e+21,9.52,6
NIFTY50,22600,BEARISH,9725457138742425600,31 May 24,01:49 PM,67.11,31 May 24,01:54 PM,65.23,time_stop,-4.570964855208929e+20,-2.8,5
NIFTY50,23150,BEARISH,1038537731277503232,03 Jun 24,09:17 AM,626.5,03 Jun 24,09:55 AM,639.88,tsl_hit,3.4739087111232474e+20,2.14,38
NIFTY50,23150,BULLISH,995463471629100800,03 Jun 24,10:40 AM,655.16,03 Jun 24,10:45 AM,653.54,time_stop,-4.0316270600978694e+19,-0.25,5
NIFTY50,23250,BEARISH,10998796637105743872,03 Jun 24,01:27 PM,59.28,03 Jun 24,01:42 PM,87.48,tsl_hit,7.75415162915955e+21,47.57,15
NIFTY50,23250,BULLISH,10934558151915044864,03 Jun 24,02:31 PM,62.78,03 Jun 24,02:45 PM,78.26,tsl_hit,4.231674004791123e+21,24.66,14
NIFTY50,22950,BULLISH,1341829494869809152,04 Jun 24,09:17 AM,525.61,04 Jun 24,09:20 AM,464.26,hard_sl_hit,-2.0580309877565707e+21,-11.67,3
NIFTY50,22000,BULLISH,1535359939145326848,04 Jun 24,02:08 PM,453.4,04 Jun 24,02:16 PM,374.88,hard_sl_hit,-3.013911560542276e+21,-17.32,8
NIFTY50,22050,BEARISH,3138155147624527360,05 Jun 24,09:17 AM,217.56,05 Jun 24,09:21 AM,285.66,tsl_hit,5.342709138830759e+21,31.3,4
NIFTY50,22050,BEARISH,3359562546329122304,05 Jun 24,10:11 AM,210.29,05 Jun 24,10:24 AM,234.89,tsl_hit,2.06613096599241e+21,11.7,13
NIFTY50,22450,BEARISH,7821477728533886976,05 Jun 24,01:55 PM,91.5,05 Jun 24,01:58 PM,73.0,hard_sl_hit,-3.617433449446923e+21,-20.22,3
NIFTY50,22600,BULLISH,6936913536572223488,05 Jun 24,03:23 PM,100.85,05 Jun 24,03:26 PM,90.76,hard_sl_hit,-1.7498364396003415e+21,-10.0,3
NIFTY50,22750,BEARISH,40456764872555528192,06 Jun 24,09:17 AM,17.1,06 Jun 24,09:18 AM,9.8,hard_sl_hit,-7.383359589240648e+21,-42.69,1
NIFTY50,22900,BEARISH,239634817386510680064,06 Jun 24,11:04 AM,2.75,06 Jun 24,11:05 AM,0.8,hard_sl_hit,-1.1682197347596755e+22,-70.91,1
NIFTY50,22800,BULLISH,275943123051033493504,06 Jun 24,11:39 AM,2.2,06 Jun 24,11:40 AM,0.05,hard_sl_hit,-1.483194286399807e+22,-97.73,1
NIFTY50,22750,BEARISH,10823102493005216481280,06 Jun 24,12:24 PM,0.05,06 Jun 24,12:29 PM,0.05,time_stop,0.0,0.0,5
NIFTY50,22750,BEARISH,52539332490320289792,06 Jun 24,02:48 PM,10.3,06 Jun 24,02:49 PM,0.05,hard_sl_hit,-1.3463203950643617e+22,-99.51,1
NIFTY50,22900,BEARISH,2573346143324423680,07 Jun 24,09:24 AM,187.04,07 Jun 24,09:57 AM,167.41,hard_sl_hit,-1.2628696198364607e+21,-10.5,33
NIFTY50,23000,BEARISH,2397107124119225856,07 Jun 24,10:02 AM,198.45,07 Jun 24,10:07 AM,197.03,tsl_hit,-8.509730290623177e+19,-0.72,5
NIFTY50,23200,BEARISH,3976306663429158400,07 Jun 24,01:40 PM,119.54,07 Jun 24,01:45 PM,110.25,time_stop,-9.234972225814227e+20,-7.77,5
NIFTY50,23400,BULLISH,2792765165921647616,10 Jun 24,09:15 AM,168.73,10 Jun 24,09:22 AM,150.33,hard_sl_hit,-1.2846719763239563e+21,-10.9,7
NIFTY50,23300,BEARISH,2503568964278009856,10 Jun 24,10:12 AM,185.94,10 Jun 24,10:26 AM,169.05,hard_sl_hit,-1.0571319951663888e+21,-9.08,14
NIFTY50,23350,BULLISH,6250885089458647040,10 Jun 24,12:01 PM,73.72,10 Jun 24,12:06 PM,66.51,hard_sl_hit,-1.12672203737492e+21,-9.78,5
NIFTY50,23300,BULLISH,5300088317388921856,10 Jun 24,12:11 PM,86.0,10 Jun 24,12:14 PM,77.04,hard_sl_hit,-1.1872197830951177e+21,-10.42,3
NIFTY50,23300,BULLISH,6829332468184562688,10 Jun 24,02:27 PM,65.97,10 Jun 24,02:28 PM,59.69,hard_sl_hit,-1.0722051975049765e+21,-9.52,1
NIFTY50,23300,BULLISH,6481036732956966912,10 Jun 24,02:31 PM,68.78,10 Jun 24,02:35 PM,57.54,hard_sl_hit,-1.8211713219609077e+21,-16.34,4
NIFTY50,23350,BEARISH,6574607356594706432,11 Jun 24,10:41 AM,66.57,11 Jun 24,10:50 AM,73.4,tsl_hit,1.1226142061385482e+21,10.26,9
NIFTY50,23350,BEARISH,12430806183662913536,11 Jun 24,12:56 PM,35.61,11 Jun 24,01:01 PM,39.39,tsl_hit,1.1747111843561458e+21,10.61,5
NIFTY50,23350,BEARISH,14651028681628221440,11 Jun 24,01:36 PM,30.57,11 Jun 24,01:39 PM,26.93,hard_sl_hit,-1.3332436100281684e+21,-11.91,3
NIFTY50,23350,BULLISH,9067632737827125248,11 Jun 24,02:05 PM,48.74,11 Jun 24,02:08 PM,50.32,tsl_hit,3.5817149314417105e+20,3.24,3
NIFTY50,23300,BULLISH,7469658015233362944,11 Jun 24,03:06 PM,59.38,11 Jun 24,03:12 PM,50.95,hard_sl_hit,-1.5742304267104312e+21,-14.2,6
NIFTY50,23300,BEARISH,8661740342664454144,12 Jun 24,09:17 AM,50.4,12 Jun 24,09:20 AM,44.0,hard_sl_hit,-1.3858784548263124e+21,-12.7,3
NIFTY50,23400,BULLISH,13581327026540247040,12 Jun 24,12:52 PM,31.69,12 Jun 24,12:58 PM,31.25,tsl_hit,-1.4939459729194313e+20,-1.39,6
NIFTY50,23400,BULLISH,15798833730996183040,12 Jun 24,01:30 PM,27.2,12 Jun 24,01:33 PM,37.98,tsl_hit,4.25778569050347e+21,39.63,3
NIFTY50,23350,BULLISH,9629786852133277696,12 Jun 24,01:52 PM,46.59,12 Jun 24,01:58 PM,48.6,tsl_hit,4.838967893196967e+20,4.31,6
NIFTY50,23350,BULLISH,11111718556516288512,12 Jun 24,02:12 PM,40.57,12 Jun 24,02:14 PM,40.42,tsl_hit,-4.166894458693569e+19,-0.37,2
NIFTY50,23350,BEARISH,15321905016273055744,12 Jun 24,02:38 PM,29.41,12 Jun 24,02:41 PM,29.19,tsl_hit,-8.427047758950138e+19,-0.75,3
NIFTY50,23350,BULLISH,10077052172619452416,12 Jun 24,03:05 PM,44.68,12 Jun 24,03:07 PM,35.66,hard_sl_hit,-2.2723752649256875e+21,-20.19,2
NIFTY50,23450,BEARISH,32244926406644563968,13 Jun 24,09:17 AM,13.65,13 Jun 24,09:20 AM,9.2,hard_sl_hit,-3.5872480627397944e+21,-32.6,3
NIFTY50,23400,BEARISH,197302288710311673856,13 Jun 24,11:50 AM,2.15,13 Jun 24,11:52 AM,5.3,tsl_hit,1.5537555235926278e+22,146.51,2
NIFTY50,23400,BEARISH,9865114435520370311168,13 Jun 24,01:12 PM,0.05,13 Jun 24,01:17 PM,0.05,time_stop,0.0,0.0,5
NIFTY50,23400,BULLISH,9865114435520370311168,13 Jun 24,02:18 PM,0.05,13 Jun 24,02:23 PM,0.05,time_stop,0.0,0.0,5
NIFTY50,23400,BEARISH,9077212399264233472,14 Jun 24,09:17 AM,54.34,14 Jun 24,09:28 AM,109.1,tsl_hit,1.2426703774592734e+22,100.77,11
NIFTY50,23400,BEARISH,5053303080244738048,14 Jun 24,09:50 AM,108.54,14 Jun 24,09:55 AM,106.21,time_stop,-2.943549044242576e+20,-2.15,5
NIFTY50,23450,BEARISH,17282920793117515776,14 Jun 24,12:44 PM,31.66,14 Jun 24,12:49 PM,28.6,hard_sl_hit,-1.3221434406734893e+21,-9.67,5
NIFTY50,23450,BEARISH,24875968715093778432,14 Jun 24,01:15 PM,21.76,14 Jun 24,01:25 PM,21.77,tsl_hit,6.218992178772208e+18,0.05,10
NIFTY50,23550,BEARISH,7009306217864555520,18 Jun 24,09:17 AM,77.23,18 Jun 24,09:20 AM,79.21,tsl_hit,3.469606577842937e+20,2.56,3
NIFTY50,23550,BULLISH,6515491677551727616,18 Jun 24,10:21 AM,83.32,18 Jun 24,10:25 AM,75.5,hard_sl_hit,-1.2737786229613616e+21,-9.39,4
NIFTY50,23550,BULLISH,13450413826973890560,18 Jun 24,11:49 AM,39.94,18 Jun 24,11:54 AM,39.84,tsl_hit,-3.3626034567432815e+19,-0.25,5
NIFTY50,23550,BULLISH,24979538567758848000,18 Jun 24,12:34 PM,21.5,18 Jun 24,12:42 PM,22.57,tsl_hit,6.682026566875493e+20,4.98,8
NIFTY50,23550,BEARISH,18882163244478787584,18 Jun 24,01:47 PM,28.6,18 Jun 24,01:59 PM,25.46,hard_sl_hit,-1.482249814691585e+21,-10.98,12
NIFTY50,23550,BEARISH,20016588811929022464,18 Jun 24,03:02 PM,26.65,18 Jun 24,03:04 PM,23.76,hard_sl_hit,-1.4461985416618702e+21,-10.84,2
NIFTY50,23600,BEARISH,18775010429777543168,19 Jun 24,09:17 AM,28.07,19 Jun 24,09:21 AM,31.17,tsl_hit,1.4550633083077604e+21,11.04,4
NIFTY50,23500,BEARISH,8004223417866151936,19 Jun 24,11:01 AM,66.65,19 Jun 24,11:03 AM,64.2,tsl_hit,-4.902586843443024e+20,-3.68,2
NIFTY50,23550,BEARISH,10034042744377796608,19 Jun 24,12:12 PM,52.95,19 Jun 24,12:14 PM,46.34,hard_sl_hit,-1.6581255635084307e+21,-12.48,2
NIFTY50,23550,BULLISH,13180707329959194624,19 Jun 24,12:51 PM,39.75,19 Jun 24,12:56 PM,40.39,tsl_hit,2.108913172793473e+20,1.61,5
NIFTY50,23600,BEARISH,11465059220387543040,19 Jun 24,02:25 PM,45.78,19 Jun 24,02:29 PM,47.06,tsl_hit,3.668818950524017e+20,2.8,4
NIFTY50,23550,BEARISH,10530019946191495626752,20 Jun 24,11:47 AM,0.05,20 Jun 24,11:52 AM,0.05,time_stop,0.0,0.0,5
NIFTY50,23550,BEARISH,10530019946191495626752,20 Jun 24,01:03 PM,0.05,20 Jun 24,01:08 PM,0.05,time_stop,0.0,0.0,5
NIFTY50,23600,BEARISH,10530019946191495626752,20 Jun 24,01:24 PM,0.05,20 Jun 24,01:29 PM,0.05,time_stop,0.0,0.0,5
NIFTY50,23550,BULLISH,206470979337147056128,20 Jun 24,01:55 PM,2.55,20 Jun 24,01:58 PM,0.05,hard_sl_hit,-1.2904436208567937e+22,-98.04,3
NIFTY50,23650,BEARISH,3385150064894416384,21 Jun 24,09:17 AM,138.59,21 Jun 24,09:26 AM,139.32,tsl_hit,6.177898868432223e+19,0.53,9
NIFTY50,23550,BEARISH,3780482570482070016,21 Jun 24,11:36 AM,124.17,21 Jun 24,11:41 AM,116.88,time_stop,-6.889929484703578e+20,-5.87,5
NIFTY50,23500,BULLISH,3816057032114132480,21 Jun 24,12:33 PM,122.21,21 Jun 24,12:38 PM,112.2,time_stop,-9.549682722865608e+20,-8.19,5
NIFTY50,23450,BULLISH,3712073471461831680,21 Jun 24,12:44 PM,124.49,21 Jun 24,01:01 PM,125.62,tsl_hit,1.0486607556879763e+20,0.91,17
NIFTY50,23650,BEARISH,1420008895841281280,21 Jun 24,09:17 AM,325.76,21 Jun 24,09:51 AM,330.01,tsl_hit,1.5087594518313612e+20,1.3,34
NIFTY50,23550,BEARISH,3730793731703513600,21 Jun 24,11:36 AM,124.17,21 Jun 24,11:41 AM,116.88,time_stop,-6.79937157602966e+20,-5.87,5
NIFTY50,23500,BULLISH,3765900619776985600,21 Jun 24,12:33 PM,122.21,21 Jun 24,12:38 PM,112.2,time_stop,-9.424166300991897e+20,-8.19,5
NIFTY50,23450,BULLISH,3663283768872592384,21 Jun 24,12:44 PM,124.49,21 Jun 24,01:01 PM,125.62,tsl_hit,1.0348776647065161e+20,0.91,17
NIFTY50,23450,BEARISH,4033060712215809536,24 Jun 24,10:42 AM,113.19,24 Jun 24,10:47 AM,101.93,hard_sl_hit,-1.1353065904887494e+21,-9.95,5
NIFTY50,23500,BEARISH,3438881283873160704,24 Jun 24,10:49 AM,131.28,24 Jun 24,10:55 AM,99.55,hard_sl_hit,-2.727892578432385e+21,-24.17,6
NIFTY50,23500,BEARISH,5411830105095016448,24 Jun 24,11:05 AM,81.18,24 Jun 24,11:07 AM,72.49,hard_sl_hit,-1.175720090331894e+21,-10.7,2
NIFTY50,23550,BEARISH,5376603236412140544,24 Jun 24,11:21 AM,80.74,24 Jun 24,11:26 AM,79.91,tsl_hit,-1.1156451715555167e+20,-1.03,5
NIFTY50,23500,BULLISH,5041989569877289984,24 Jun 24,12:47 PM,86.0,24 Jun 24,12:56 PM,92.73,tsl_hit,8.483147451318546e+20,7.83,9
NIFTY50,23550,BEARISH,6802198923259542528,24 Jun 24,03:04 PM,64.3,24 Jun 24,03:06 PM,66.88,tsl_hit,4.387418305502402e+20,4.01,2
NIFTY50,23600,BEARISH,7242521504400313344,25 Jun 24,09:17 AM,60.66,25 Jun 24,09:21 AM,61.76,tsl_hit,1.9916934137100884e+20,1.81,4
NIFTY50,23600,BEARISH,6680069067218253824,25 Jun 24,10:14 AM,65.9,25 Jun 24,10:22 AM,66.09,tsl_hit,3.1730328069286322e+19,0.29,8
NIFTY50,23550,BULLISH,6894591752152669184,25 Jun 24,11:20 AM,63.87,25 Jun 24,11:26 AM,64.36,tsl_hit,8.445874896387054e+19,0.77,6
NIFTY50,23600,BEARISH,14076427576736126976,25 Jun 24,12:09 PM,31.31,25 Jun 24,12:15 PM,34.72,tsl_hit,1.2000154509167548e+21,10.89,6
NIFTY50,23600,BEARISH,16460012894158026752,25 Jun 24,12:29 PM,27.1,25 Jun 24,12:30 PM,23.91,hard_sl_hit,-1.312686028309103e+21,-11.77,1
NIFTY50,23700,BULLISH,10387734528217657344,26 Jun 24,09:32 AM,42.38,26 Jun 24,09:34 AM,52.81,tsl_hit,2.708601778232754e+21,24.61,2
NIFTY50,23750,BEARISH,12377406114705616896,26 Jun 24,11:02 AM,36.54,26 Jun 24,11:07 AM,32.33,hard_sl_hit,-1.3027219935727664e+21,-11.52,5
NIFTY50,23800,BEARISH,13987485711289262080,26 Jun 24,11:31 AM,31.92,26 Jun 24,11:33 AM,27.99,hard_sl_hit,-1.374270471134171e+21,-12.31,2
NIFTY50,23850,BULLISH,15932441213594677248,26 Jun 24,12:59 PM,27.64,26 Jun 24,01:01 PM,21.47,hard_sl_hit,-2.4575790571969797e+21,-22.32,2
NIFTY50,23850,BEARISH,12892527816157755392,26 Jun 24,01:58 PM,33.31,26 Jun 24,02:00 PM,29.99,hard_sl_hit,-1.070079808741095e+21,-9.97,2
NIFTY50,23850,BEARISH,19526169714719227904,26 Jun 24,02:15 PM,21.75,26 Jun 24,02:17 PM,19.04,hard_sl_hit,-1.3228979981722282e+21,-12.46,2
NIFTY50,23850,BULLISH,8376292892732000567296,27 Jun 24,09:17 AM,0.05,27 Jun 24,09:24 AM,0.05,tsl_hit,0.0,0.0,7
NIFTY50,24000,BEARISH,364186647509626126336,27 Jun 24,12:16 PM,1.15,27 Jun 24,12:17 PM,0.05,hard_sl_hit,-1.0015132806527968e+22,-95.65,1
NIFTY50,24000,BEARISH,7486058865485070467072,27 Jun 24,12:53 PM,0.05,27 Jun 24,12:56 PM,8.15,tsl_hit,1.515926920260999e+24,16200.0,3
NIFTY50,24000,BEARISH,440356403852098142208,27 Jun 24,01:22 PM,16.15,27 Jun 24,01:31 PM,48.0,tsl_hit,3.506337865672171e+23,197.21,9
NIFTY50,23950,BULLISH,173402566139104293027840,27 Jun 24,02:12 PM,0.05,27 Jun 24,02:17 PM,1.95,tsl_hit,8.236621891610609e+24,3800.0,5
NIFTY50,24150,BEARISH,279904405997239599104,28 Jun 24,09:43 AM,161.76,28 Jun 24,10:23 AM,165.0,tsl_hit,2.2672256885776473e+22,2.0,40
NIFTY50,24150,BULLISH,483929852834301739008,28 Jun 24,11:19 AM,93.77,28 Jun 24,11:29 AM,84.39,hard_sl_hit,-1.134815504896437e+23,-10.0,10
NIFTY50,24100,BULLISH,480755730165543534592,28 Jun 24,12:19 PM,93.34,28 Jun 24,12:21 PM,84.01,hard_sl_hit,-1.1213627406111301e+23,-10.0,2
NIFTY50,24050,BULLISH,402205713889062158336,28 Jun 24,12:23 PM,110.33,28 Jun 24,12:28 PM,132.09,tsl_hit,2.1879990835564984e+23,19.72,5
NIFTY50,24050,BEARISH,401983870672072015872,28 Jun 24,01:17 PM,112.81,28 Jun 24,01:24 PM,114.51,tsl_hit,1.708431450356309e+22,1.51,7
NIFTY50,24100,BEARISH,339743685394158190592,28 Jun 24,01:44 PM,133.7,28 Jun 24,01:49 PM,133.46,time_stop,-2.0384621123647848e+21,-0.18,5
NIFTY50,24100,BEARISH,441004766999304994816,28 Jun 24,02:05 PM,102.98,28 Jun 24,02:07 PM,93.21,hard_sl_hit,-1.0771541433958036e+23,-9.49,2
NIFTY50,24050,BULLISH,326735517565228285952,28 Jun 24,02:35 PM,137.53,28 Jun 24,02:40 PM,133.53,time_stop,-3.2673551756522827e+22,-2.91,5
NIFTY50,24100,BEARISH,835336067608379523072,01 Jul 24,11:31 AM,53.62,01 Jul 24,11:41 AM,48.44,hard_sl_hit,-1.0817602075528515e+23,-9.66,10
NIFTY50,24100,BEARISH,1293343188286438113280,01 Jul 24,01:21 PM,34.26,01 Jul 24,01:23 PM,30.72,hard_sl_hit,-1.1446087216334975e+23,-10.33,2
NIFTY50,24200,BULLISH,522937233086207098880,02 Jul 24,09:15 AM,83.76,02 Jul 24,09:25 AM,76.16,hard_sl_hit,-9.935807428637946e+22,-9.07,10
NIFTY50,24150,BEARISH,458443975491942416384,02 Jul 24,10:24 AM,94.58,02 Jul 24,10:35 AM,93.86,tsl_hit,-8.251991558854951e+21,-0.76,11
NIFTY50,24150,BEARISH,783700356077940637696,02 Jul 24,11:02 AM,55.28,02 Jul 24,11:05 AM,49.35,hard_sl_hit,-1.161835777885547e+23,-10.73,3
NIFTY50,24050,BULLISH,532353988647562903552,02 Jul 24,01:03 PM,80.41,02 Jul 24,01:08 PM,85.48,tsl_hit,6.747586806107869e+22,6.31,5
NIFTY50,24150,BEARISH,613615330592009486336,02 Jul 24,01:25 PM,70.25,02 Jul 24,01:35 PM,83.39,tsl_hit,2.0157263609947513e+23,18.7,10
NIFTY50,24150,BEARISH,643121241694723637248,02 Jul 24,02:35 PM,68.42,02 Jul 24,02:38 PM,59.47,hard_sl_hit,-1.4389837782919445e+23,-13.08,3
NIFTY50,24200,BEARISH,702914686510706327552,03 Jul 24,09:17 AM,61.69,03 Jul 24,09:20 AM,55.01,hard_sl_hit,-1.1738675264728796e+23,-10.83,3
NIFTY50,24250,BULLISH,1009688619141900795904,03 Jul 24,11:25 AM,42.43,03 Jul 24,11:26 AM,36.24,hard_sl_hit,-1.562493138122091e+23,-14.59,1
NIFTY50,24250,BULLISH,1025965109918936858624,03 Jul 24,11:28 AM,41.08,03 Jul 24,11:34 AM,47.55,tsl_hit,1.65949856529388e+23,15.75,6
NIFTY50,24300,BEARISH,1327684261095304069120,03 Jul 24,12:35 PM,32.3,03 Jul 24,12:42 PM,32.43,tsl_hit,4.314973848559823e+21,0.4,7
NIFTY50,24250,BULLISH,1093079727259298562048,03 Jul 24,01:11 PM,39.25,03 Jul 24,01:13 PM,36.29,tsl_hit,-8.088789981718812e+22,-7.54,2
NIFTY50,24250,BULLISH,1104175383284770013184,03 Jul 24,02:02 PM,38.53,03 Jul 24,02:04 PM,36.71,tsl_hit,-5.023997993945704e+22,-4.72,2
NIFTY50,24250,BULLISH,1225617976201310896128,03 Jul 24,02:07 PM,34.53,03 Jul 24,02:10 PM,30.17,hard_sl_hit,-1.3359235940594286e+23,-12.63,3
NIFTY50,24350,BEARISH,834536897972986150125568,04 Jul 24,09:17 AM,0.05,04 Jul 24,09:22 AM,7.6,tsl_hit,1.575188394923708e+26,15100.0,5
NIFTY50,24350,BULLISH,14836211519517056779157504,04 Jul 24,10:28 AM,0.05,04 Jul 24,10:33 AM,0.05,time_stop,0.0,0.0,5
NIFTY50,24350,BULLISH,14836211519517056779157504,04 Jul 24,01:05 PM,0.05,04 Jul 24,01:10 PM,0.05,tsl_hit,0.0,0.0,5
NIFTY50,24350,BULLISH,14836211519517056779157504,04 Jul 24,01:15 PM,0.05,04 Jul 24,01:20 PM,0.05,time_stop,0.0,0.0,5
NIFTY50,24350,BULLISH,14836211519517056779157504,04 Jul 24,01:34 PM,0.05,04 Jul 24,01:39 PM,0.05,time_stop,0.0,0.0,5
NIFTY50,24300,BULLISH,34502817487248963928064,04 Jul 24,01:48 PM,21.5,04 Jul 24,01:50 PM,16.2,hard_sl_hit,-4.57162331705986e+24,-24.65,2
NIFTY50,24300,BULLISH,80613659231530136895488,04 Jul 24,02:57 PM,8.95,04 Jul 24,02:59 PM,0.9,hard_sl_hit,-1.6223498920343972e+25,-89.94,2
NIFTY50,24300,BULLISH,12987756209525604269162496,04 Jul 24,03:10 PM,0.05,04 Jul 24,03:14 PM,2.65,tsl_hit,8.442041536196368e+26,5200.0,4
NIFTY50,24200,BULLISH,27804208913505998340096,05 Jul 24,09:17 AM,158.3,05 Jul 24,09:22 AM,146.79,time_stop,-8.000661114861365e+24,-7.27,5
NIFTY50,24250,BULLISH,49026926189378684321792,05 Jul 24,11:13 AM,89.05,05 Jul 24,11:22 AM,80.02,hard_sl_hit,-1.106782858725224e+25,-10.14,9
NIFTY50,24250,BEARISH,66247044626879906578432,05 Jul 24,11:27 AM,65.16,05 Jul 24,11:31 AM,57.63,hard_sl_hit,-1.247100615101013e+25,-11.56,4
NIFTY50,24250,BULLISH,60331739117697936392192,05 Jul 24,01:14 PM,70.63,05 Jul 24,01:24 PM,64.17,hard_sl_hit,-9.743575867508207e+24,-9.15,10
NIFTY50,24200,BULLISH,43470328272180108853248,05 Jul 24,02:30 PM,97.03,05 Jul 24,02:41 PM,105.46,tsl_hit,9.16137168336195e+24,8.69,11
NIFTY50,24300,BEARISH,41919905106125062668288,05 Jul 24,03:05 PM,101.59,05 Jul 24,03:07 PM,91.66,hard_sl_hit,-1.0406616442595555e+25,-9.77,2
NIFTY50,24300,BEARISH,53490686109174428860416,08 Jul 24,10:30 AM,78.75,08 Jul 24,10:37 AM,88.08,tsl_hit,1.2476702534964934e+25,11.85,7
NIFTY50,24250,BULLISH,57094896887812671406080,08 Jul 24,12:15 PM,74.75,08 Jul 24,12:25 PM,87.85,tsl_hit,1.8698578730758643e+25,17.53,10
NIFTY50,24300,BULLISH,78807251163248039297024,08 Jul 24,01:30 PM,55.21,08 Jul 24,01:35 PM,52.83,time_stop,-4.6890314442132634e+24,-4.31,5
NIFTY50,24300,BEARISH,89465045391960038178816,08 Jul 24,01:56 PM,48.4,08 Jul 24,02:07 PM,44.0,hard_sl_hit,-9.841154993115602e+24,-9.09,11
NIFTY50,24300,BEARISH,83327560854097904009216,08 Jul 24,03:02 PM,51.44,08 Jul 24,03:06 PM,46.45,hard_sl_hit,-1.0395113216548703e+25,-9.7,4
NIFTY50,24400,BEARISH,65123164293505384185856,09 Jul 24,09:42 AM,65.11,09 Jul 24,09:53 AM,72.76,tsl_hit,1.2454805171132915e+25,11.75,11
NIFTY50,24400,BEARISH,83473064842588709715968,09 Jul 24,11:22 AM,51.46,09 Jul 24,11:27 AM,48.93,time_stop,-5.279671351293738e+24,-4.92,5
NIFTY50,24400,BEARISH,99861119934405460099072,09 Jul 24,11:43 AM,42.78,09 Jul 24,11:47 AM,37.8,hard_sl_hit,-1.2432709431833491e+25,-11.64,4
NIFTY50,24400,BULLISH,143770958896357359747072,09 Jul 24,12:10 PM,29.33,09 Jul 24,12:16 PM,24.57,hard_sl_hit,-1.710874410866652e+25,-16.23,6
NIFTY50,24400,BEARISH,199075161621393091592192,09 Jul 24,01:01 PM,20.8,09 Jul 24,01:03 PM,17.6,hard_sl_hit,-1.5926012929711444e+25,-15.38,2
NIFTY50,24400,BULLISH,102933259535593561391104,09 Jul 24,01:52 PM,39.54,09 Jul 24,02:02 PM,46.59,tsl_hit,1.8141986993148375e+25,17.83,10
NIFTY50,24450,BEARISH,129061322616301380698112,09 Jul 24,02:14 PM,32.16,09 Jul 24,02:23 PM,37.03,tsl_hit,1.5713216028534705e+25,15.14,9
NIFTY50,24350,BULLISH,76721480658473510240256,10 Jul 24,09:47 AM,55.01,10 Jul 24,09:51 AM,59.64,tsl_hit,8.880511386218314e+24,8.42,4
NIFTY50,24350,BULLISH,115695752050975885492224,10 Jul 24,10:13 AM,36.82,10 Jul 24,10:17 AM,40.54,tsl_hit,1.0759704940740754e+25,10.1,4
NIFTY50,24300,BEARISH,91517707698420838301696,10 Jul 24,12:57 PM,47.07,10 Jul 24,01:02 PM,42.33,hard_sl_hit,-1.0844848362262875e+25,-10.07,5
NIFTY50,24250,BULLISH,88134474970208300695552,10 Jul 24,01:42 PM,48.33,10 Jul 24,01:48 PM,43.9,hard_sl_hit,-9.760893102950568e+24,-9.17,6
NIFTY50,24250,BULLISH,107555036433314845032448,10 Jul 24,01:52 PM,39.2,10 Jul 24,01:57 PM,41.31,tsl_hit,5.673528171857356e+24,5.38,5
NIFTY50,24250,BULLISH,149924818273232694018048,10 Jul 24,02:05 PM,28.29,10 Jul 24,02:06 PM,22.48,hard_sl_hit,-2.1776579854187044e+25,-20.54,1
NIFTY50,24200,BULLISH,83408901380515397894144,10 Jul 24,02:08 PM,49.69,10 Jul 24,02:15 PM,56.28,tsl_hit,1.3741616502439919e+25,13.26,7
NIFTY50,24350,BEARISH,84113243214395301366333440,11 Jul 24,09:17 AM,0.05,11 Jul 24,09:22 AM,0.05,time_stop,0.0,0.0,5
NIFTY50,24350,BEARISH,84113243214395301366333440,11 Jul 24,10:07 AM,0.05,11 Jul 24,10:20 AM,87.2,tsl_hit,1.832617286533653e+29,174300.0,13
NIFTY50,24200,BULLISH,49769132763125735254654976,11 Jul 24,12:06 PM,16.45,11 Jul 24,12:12 PM,63.25,tsl_hit,5.822988533285621e+28,284.5,6
NIFTY50,24300,BEARISH,21550034486434086235970469888,11 Jul 24,01:55 PM,0.05,11 Jul 24,02:00 PM,0.05,time_stop,0.0,0.0,5
NIFTY50,24300,BULLISH,2155003448643408568621465600,11 Jul 24,02:48 PM,0.5,11 Jul 24,02:50 PM,1.1,tsl_hit,3.2325051729572734e+28,120.0,2
NIFTY50,24400,BEARISH,12226357838381889609531392,12 Jul 24,09:17 AM,99.88,12 Jul 24,09:22 AM,119.11,tsl_hit,5.877821530802095e+27,19.25,5
NIFTY50,24400,BULLISH,8774479578934876471033856,12 Jul 24,09:54 AM,142.15,12 Jul 24,09:56 AM,129.31,hard_sl_hit,-2.816607944838096e+27,-9.03,2
NIFTY50,24350,BULLISH,7880362592462688581844992,12 Jul 24,09:58 AM,156.69,12 Jul 24,10:09 AM,180.97,tsl_hit,4.783380093624853e+27,15.5,11
NIFTY50,24450,BEARISH,7601727783669767321157632,12 Jul 24,10:56 AM,165.23,12 Jul 24,10:59 AM,147.26,hard_sl_hit,-3.415076206813643e+27,-10.88,3
NIFTY50,24500,BULLISH,8051228686874048345407488,12 Jul 24,12:34 PM,154.12,12 Jul 24,12:38 PM,139.66,hard_sl_hit,-2.9105191703049703e+27,-9.38,4
NIFTY50,24500,BEARISH,21381154874875804884402176,12 Jul 24,01:12 PM,57.43,12 Jul 24,01:17 PM,52.46,time_stop,-2.656608493203318e+27,-8.65,5
NIFTY50,24550,BEARISH,19710090366376600722735104,12 Jul 24,02:01 PM,61.7,12 Jul 24,02:06 PM,58.85,time_stop,-1.4043439386043335e+27,-4.62,5
NIFTY50,24550,BULLISH,15439906163724054081568768,12 Jul 24,02:54 PM,78.36,12 Jul 24,02:58 PM,69.88,hard_sl_hit,-3.273260106709501e+27,-10.82,4
NIFTY50,24550,BEARISH,18773727411542802483380224,15 Jul 24,09:17 AM,63.67,15 Jul 24,09:19 AM,66.1,tsl_hit,1.1405039402512219e+27,3.82,2
NIFTY50,24600,BEARISH,11870966482338280753856512,15 Jul 24,10:44 AM,101.12,15 Jul 24,10:55 AM,81.96,hard_sl_hit,-5.68619294504004e+27,-18.95,11
NIFTY50,24600,BEARISH,18233051389440252734078976,15 Jul 24,11:12 AM,64.45,15 Jul 24,11:27 AM,58.59,hard_sl_hit,-2.6711420285529964e+27,-9.09,15
NIFTY50,24600,BEARISH,21023828297493226408902656,15 Jul 24,11:38 AM,55.33,15 Jul 24,11:40 AM,49.94,hard_sl_hit,-2.832960863087212e+27,-9.74,2
NIFTY50,24600,BULLISH,20018397399635064019484672,15 Jul 24,11:58 AM,57.48,15 Jul 24,12:05 PM,61.3,tsl_hit,1.9117569516651486e+27,6.65,7
NIFTY50,24600,BEARISH,30170592922800104115535872,16 Jul 24,09:17 AM,38.42,16 Jul 24,09:30 AM,34.61,hard_sl_hit,-2.8737489758967114e+27,-9.92,13
NIFTY50,24600,BULLISH,16091829904875461996969984,16 Jul 24,09:55 AM,71.24,16 Jul 24,10:02 AM,74.01,tsl_hit,1.1143592209126298e+27,3.89,7
NIFTY50,24650,BULLISH,19454793343559114321559552,16 Jul 24,10:33 AM,59.18,16 Jul 24,10:35 AM,58.99,tsl_hit,-9.24102683819047e+25,-0.32,2
NIFTY50,24650,BULLISH,32193677140361083292221440,16 Jul 24,11:49 AM,35.75,16 Jul 24,11:50 AM,32.38,hard_sl_hit,-2.712317299075419e+27,-9.43,1
NIFTY50,24650,BULLISH,39764986529904420760584192,16 Jul 24,11:54 AM,28.64,16 Jul 24,12:04 PM,32.74,tsl_hit,4.0759111193152045e+27,14.32,10
NIFTY50,24650,BULLISH,48592371891925754048413696,16 Jul 24,12:20 PM,23.81,16 Jul 24,12:25 PM,25.72,tsl_hit,2.320285757839455e+27,8.02,5
NIFTY50,24650,BEARISH,24252997213644411539292160,16 Jul 24,03:02 PM,48.13,16 Jul 24,03:05 PM,42.08,hard_sl_hit,-3.66826582856372e+27,-12.57,3
NIFTY50,24550,BULLISH,46504781907482820084760576,18 Jul 24,09:17 AM,24.75,18 Jul 24,09:18 AM,16.85,hard_sl_hit,-9.184694426729549e+27,-31.92,1
NIFTY50,24550,BULLISH,22203449761828040271292530688,18 Jul 24,09:23 AM,0.05,18 Jul 24,09:27 AM,0.05,tsl_hit,0.0,0.0,4
NIFTY50,24550,BEARISH,59367512732158225756979200,18 Jul 24,11:33 AM,18.7,18 Jul 24,11:35 AM,16.2,hard_sl_hit,-3.7104695457598887e+27,-13.37,2
NIFTY50,24550,BULLISH,21873630246649383740227190784,18 Jul 24,11:37 AM,0.05,18 Jul 24,11:42 AM,0.05,time_stop,0.0,0.0,5
NIFTY50,24550,BEARISH,21873630246649383740227190784,18 Jul 24,12:02 PM,0.05,18 Jul 24,12:05 PM,0.7,tsl_hit,3.554464915084503e+29,1300.0,3
NIFTY50,24650,BULLISH,21872238376948955164442624,19 Jul 24,11:02 AM,122.23,19 Jul 24,11:11 AM,122.0,tsl_hit,-1.2576537066745868e+26,-0.19,9
NIFTY50,24650,BULLISH,24555670552241655787814912,19 Jul 24,11:42 AM,108.85,19 Jul 24,11:50 AM,98.34,hard_sl_hit,-6.45200243760149e+27,-9.66,8
NIFTY50,24650,BEARISH,35092357972424217868632064,19 Jul 24,12:08 PM,75.35,19 Jul 24,12:11 PM,68.04,hard_sl_hit,-6.413128419460515e+27,-9.7,3
NIFTY50,24550,BULLISH,20902240532577787622457344,19 Jul 24,02:13 PM,125.14,19 Jul 24,02:24 PM,124.17,tsl_hit,-5.068793329150108e+26,-0.78,11
NIFTY50,24400,BULLISH,14630541248455504729997312,22 Jul 24,09:18 AM,178.63,22 Jul 24,09:36 AM,220.19,tsl_hit,1.520113235714527e+28,23.27,18
NIFTY50,24500,BEARISH,16050132731475008927301632,22 Jul 24,10:00 AM,167.04,22 Jul 24,10:14 AM,149.88,hard_sl_hit,-6.885506941802778e+27,-10.27,14
NIFTY50,24600,BEARISH,14767994196193827954360320,22 Jul 24,10:51 AM,179.47,22 Jul 24,10:55 AM,116.07,hard_sl_hit,-2.340727080096722e+28,-35.33,4
NIFTY50,24550,BULLISH,26666453070687414742155264,22 Jul 24,11:04 AM,95.49,22 Jul 24,11:11 AM,95.89,tsl_hit,2.6666453070687794e+26,0.42,7
NIFTY50,24550,BEARISH,37458679303219693744029696,22 Jul 24,11:47 AM,68.01,22 Jul 24,11:56 AM,69.57,tsl_hit,1.460888492825557e+27,2.29,9
NIFTY50,24500,BULLISH,30065422214924813541048320,22 Jul 24,12:23 PM,84.95,22 Jul 24,12:25 PM,77.15,hard_sl_hit,-5.862757331910337e+27,-9.18,2
NIFTY50,24500,BULLISH,34782621325054049272201216,22 Jul 24,12:28 PM,72.68,22 Jul 24,12:31 PM,64.15,hard_sl_hit,-7.417393997567777e+27,-11.74,3
NIFTY50,24500,BEARISH,42167225322970808554881024,22 Jul 24,12:49 PM,59.17,22 Jul 24,12:58 PM,51.98,hard_sl_hit,-7.579558751804007e+27,-12.15,9
NIFTY50,24550,BEARISH,41464753951724845431521280,23 Jul 24,09:17 AM,59.36,23 Jul 24,09:21 AM,73.36,tsl_hit,1.4512663883103695e+28,23.58,4
NIFTY50,24500,BULLISH,31167923530895069542350848,23 Jul 24,09:44 AM,81.04,23 Jul 24,09:46 AM,84.94,tsl_hit,3.0388725442622624e+27,4.81,2
NIFTY50,24450,BULLISH,22239924882995777191804928,23 Jul 24,11:19 AM,114.18,23 Jul 24,11:24 AM,124.58,tsl_hit,5.782380469578897e+27,9.11,5
NIFTY50,24450,BULLISH,24461702192391204559126528,23 Jul 24,11:55 AM,104.86,23 Jul 24,11:59 AM,110.31,tsl_hit,3.3329069237133033e+27,5.2,4
NIFTY50,24450,BEARISH,38073598163445833449603072,24 Jul 24,10:56 AM,67.76,24 Jul 24,11:00 AM,73.45,tsl_hit,5.415969338750168e+27,8.4,4
NIFTY50,24450,BULLISH,34132101014470826230022144,24 Jul 24,11:15 AM,76.29,24 Jul 24,11:19 AM,69.08,hard_sl_hit,-6.152311207858373e+27,-9.45,4
NIFTY50,24350,BEARISH,65032669889594155664932864,24 Jul 24,02:27 PM,39.62,24 Jul 24,02:29 PM,30.36,hard_sl_hit,-1.5055063079441043e+28,-23.37,2
NIFTY50,24450,BEARISH,39924960063021589385445376,24 Jul 24,02:33 PM,62.86,24 Jul 24,02:38 PM,69.32,tsl_hit,6.447881050177981e+27,10.28,5
NIFTY50,24250,BULLISH,50766804773468795660268470272,25 Jul 24,09:17 AM,0.05,25 Jul 24,09:22 AM,0.05,time_stop,0.0,0.0,5
NIFTY50,24350,BULLISH,261684560687963832202559488,25 Jul 24,12:43 PM,9.7,25 Jul 24,12:44 PM,8.45,hard_sl_hit,-8.177642521498869e+27,-12.89,1
NIFTY50,24400,BULLISH,50039903216002224714244161536,25 Jul 24,01:35 PM,0.05,25 Jul 24,01:40 PM,0.05,time_stop,0.0,0.0,5
NIFTY50,24450,BEARISH,29996345291932758332932096,26 Jul 24,09:18 AM,83.41,26 Jul 24,09:23 AM,78.24,time_stop,-3.8770276289823104e+27,-6.2,5
NIFTY50,24550,BEARISH,24365208147612504726437888,26 Jul 24,10:03 AM,101.98,26 Jul 24,10:08 AM,100.45,time_stop,-9.31969211646179e+26,-1.5,5
NIFTY50,24650,BEARISH,24255615933396195666296832,26 Jul 24,11:03 AM,102.27,26 Jul 24,11:10 AM,92.8,hard_sl_hit,-5.742517072231548e+27,-9.26,7
NIFTY50,24800,BULLISH,20939015295604448590561280,26 Jul 24,01:59 PM,117.25,26 Jul 24,02:04 PM,113.42,time_stop,-2.004910714554125e+27,-3.27,5
NIFTY50,24950,BEARISH,18320767144418171735244800,29 Jul 24,09:17 AM,133.52,29 Jul 24,09:21 AM,139.16,tsl_hit,2.583228167362956e+27,4.22,4
NIFTY50,24850,BULLISH,15194249417000823092674560,29 Jul 24,10:17 AM,161.75,29 Jul 24,10:33 AM,167.28,tsl_hit,2.1006049819003644e+27,3.42,16
NIFTY50,24950,BEARISH,31319104549214961927192576,29 Jul 24,11:02 AM,78.77,29 Jul 24,11:13 AM,71.02,hard_sl_hit,-6.068076506410399e+27,-9.84,11
NIFTY50,24850,BULLISH,30049712271235014320979968,30 Jul 24,09:50 AM,81.2,30 Jul 24,09:55 AM,89.08,tsl_hit,5.919793317433295e+27,9.7,5
NIFTY50,24900,BULLISH,37844818612033277329932288,30 Jul 24,11:54 AM,65.17,30 Jul 24,11:58 AM,69.61,tsl_hit,4.2007748659356917e+27,6.81,4
NIFTY50,24900,BULLISH,38950108768988688629628928,30 Jul 24,01:20 PM,63.8,30 Jul 24,01:26 PM,55.74,hard_sl_hit,-7.848446916951217e+27,-12.63,6
NIFTY50,24950,BULLISH,46176685886994297116426240,30 Jul 24,02:55 PM,53.06,30 Jul 24,02:57 PM,39.97,hard_sl_hit,-1.5111320456518888e+28,-24.67,2
NIFTY50,24950,BULLISH,77369270419244230933217280,31 Jul 24,11:12 AM,30.8,31 Jul 24,11:15 AM,26.32,hard_sl_hit,-8.665358286955355e+27,-14.55,3
NIFTY50,24950,BULLISH,94458534464751931825848320,31 Jul 24,12:36 PM,24.82,31 Jul 24,12:39 PM,24.24,tsl_hit,-1.3696487497389073e+27,-2.34,3
NIFTY50,24950,BEARISH,86478309823909972395687936,31 Jul 24,12:50 PM,27.04,31 Jul 24,12:56 PM,34.91,tsl_hit,1.7014607457854283e+28,29.11,6
NIFTY50,24950,BEARISH,100541190138650097333829632,31 Jul 24,01:37 PM,24.01,31 Jul 24,01:39 PM,21.35,hard_sl_hit,-6.685989144220232e+27,-11.08,2
NIFTY50,24950,BEARISH,106393505931340617216950272,31 Jul 24,01:42 PM,22.41,31 Jul 24,01:44 PM,32.35,tsl_hit,2.6438786223938146e+28,44.36,2
NIFTY50,24950,BULLISH,110356602755720316027142144,31 Jul 24,01:45 PM,22.67,31 Jul 24,01:50 PM,19.98,hard_sl_hit,-7.421481535322195e+27,-11.87,5
NIFTY50,24950,BEARISH,98515555550397849696993280,31 Jul 24,02:32 PM,25.06,31 Jul 24,02:37 PM,24.99,tsl_hit,-1.724022222131969e+26,-0.28,5
NIFTY50,25050,BEARISH,261167575660746503287209984,01 Aug 24,09:18 AM,9.45,01 Aug 24,09:19 AM,0.05,hard_sl_hit,-6.137438028028017e+28,-99.47,1
NIFTY50,25000,BULLISH,627216733293237846522462208,01 Aug 24,11:46 AM,3.5,01 Aug 24,11:47 AM,1.25,hard_sl_hit,-3.5280941247744633e+28,-64.29,1
NIFTY50,25000,BEARISH,211238796186809924012998656,01 Aug 24,02:06 PM,9.65,01 Aug 24,02:07 PM,6.9,hard_sl_hit,-1.4522667237843182e+28,-28.5,1
NIFTY50,25000,BULLISH,39478183909585514863465070592,01 Aug 24,02:17 PM,0.05,01 Aug 24,02:22 PM,0.05,time_stop,0.0,0.0,5
NIFTY50,24950,BULLISH,144608732269528585609412608,01 Aug 24,02:34 PM,13.65,01 Aug 24,02:35 PM,10.8,hard_sl_hit,-1.0303372174211804e+28,-20.88,1
NIFTY50,25000,BEARISH,38562328605211133936308060160,01 Aug 24,03:11 PM,0.05,01 Aug 24,03:16 PM,0.05,time_stop,0.0,0.0,5
NIFTY50,24800,BULLISH,5430243135890265680642048,02 Aug 24,09:17 AM,355.07,02 Aug 24,09:45 AM,322.4,hard_sl_hit,-4.4351510812383765e+27,-9.2,28
NIFTY50,24800,BEARISH,28823510763891785983852544,02 Aug 24,01:43 PM,66.21,02 Aug 24,01:47 PM,67.64,tsl_hit,1.0304405098091362e+27,2.16,4
NIFTY50,24700,BULLISH,16265490887479179488526336,02 Aug 24,03:03 PM,117.61,02 Aug 24,03:11 PM,125.0,tsl_hit,3.0050494414617787e+27,6.28,8
NIFTY50,24300,BULLISH,4592866717304401139073024,05 Aug 24,09:19 AM,419.42,05 Aug 24,09:24 AM,384.04,time_stop,-4.062390611455742e+27,-8.44,5
NIFTY50,24000,BULLISH,10768495509212596803731456,05 Aug 24,12:33 PM,177.21,05 Aug 24,12:37 PM,157.78,hard_sl_hit,-5.230796693600021e+27,-10.96,4
NIFTY50,23950,BULLISH,11471046698002038556459008,05 Aug 24,12:59 PM,164.33,05 Aug 24,01:08 PM,154.52,tsl_hit,-2.8132742026850005e+27,-5.97,9
NIFTY50,24350,BEARISH,6602029626562256618651648,06 Aug 24,09:17 AM,283.63,06 Aug 24,09:22 AM,264.07,time_stop,-3.228392487388944e+27,-6.9,5
NIFTY50,24250,BEARISH,15670309090291711775604736,06 Aug 24,10:59 AM,118.58,06 Aug 24,11:05 AM,118.48,tsl_hit,-3.917577272572705e+25,-0.08,6
NIFTY50,24150,BULLISH,25365339759472264586723328,06 Aug 24,01:14 PM,73.25,06 Aug 24,01:19 PM,76.85,tsl_hit,2.2828805783525004e+27,4.91,5
NIFTY50,24150,BULLISH,26910937385265522624430080,06 Aug 24,01:25 PM,69.42,06 Aug 24,01:31 PM,76.98,tsl_hit,5.086167165815185e+27,10.89,6
NIFTY50,24100,BULLISH,27068897075000081989500928,06 Aug 24,01:41 PM,69.85,06 Aug 24,01:45 PM,60.9,hard_sl_hit,-6.056665720531266e+27,-12.81,4
NIFTY50,24050,BEARISH,15357975827087038733090816,06 Aug 24,03:29 PM,121.36,07 Aug 24,09:15 AM,83.2,hard_sl_hit,-1.4651508939041035e+28,-31.44,1
NIFTY50,24300,BEARISH,10084241345901406342610944,07 Aug 24,09:19 AM,178.37,07 Aug 24,09:24 AM,184.71,tsl_hit,1.598352253325374e+27,3.55,5
NIFTY50,24250,BULLISH,50442176443044461325320192,07 Aug 24,12:45 PM,35.8,07 Aug 24,12:49 PM,35.77,tsl_hit,-3.7831632332275815e+25,-0.08,4
NIFTY50,24250,BULLISH,36113235521456959541966012416,08 Aug 24,09:17 AM,0.05,08 Aug 24,09:22 AM,0.05,time_stop,0.0,0.0,5
NIFTY50,24200,BEARISH,36113235521456959541966012416,08 Aug 24,10:30 AM,0.05,08 Aug 24,10:34 AM,39.75,tsl_hit,3.5842386255046034e+31,79400.0,4
NIFTY50,24150,BULLISH,31282554610271571211278352384,08 Aug 24,11:00 AM,5.15,08 Aug 24,11:03 AM,18.65,tsl_hit,1.0557862180966656e+31,262.14,3
NIFTY50,24250,BEARISH,9859193751581317620373127168,08 Aug 24,11:20 AM,21.1,08 Aug 24,11:22 AM,43.15,tsl_hit,5.434880555559918e+30,104.5,2
NIFTY50,24250,BEARISH,10029546991348348622089486336,08 Aug 24,11:51 AM,23.15,08 Aug 24,11:54 AM,13.0,hard_sl_hit,-2.544997549055008e+30,-43.84,3
NIFTY50,24300,BEARISH,4417458252634132641008375037952,08 Aug 24,12:17 PM,0.05,08 Aug 24,12:22 PM,0.05,time_stop,0.0,0.0,5
NIFTY50,24150,BULLISH,4417458252634132641008375037952,08 Aug 24,02:58 PM,0.05,08 Aug 24,03:00 PM,0.05,tsl_hit,0.0,0.0,2
NIFTY50,24350,BEARISH,564387153779753695043387392,09 Aug 24,09:17 AM,391.35,09 Aug 24,10:55 AM,104.09,hard_sl_hit,-4.053146344869301e+30,-73.4,98
NIFTY50,24350,BEARISH,2861197868501155646835523584,09 Aug 24,11:48 AM,70.9,09 Aug 24,11:52 AM,63.19,hard_sl_hit,-5.514958891535983e+29,-10.87,4
NIFTY50,24350,BEARISH,4340650553087487550515314688,09 Aug 24,12:34 PM,46.17,09 Aug 24,12:39 PM,42.4,time_stop,-4.09106314628496e+29,-8.17,5
NIFTY50,24350,BEARISH,6001498511599018464847593472,09 Aug 24,02:03 PM,33.09,09 Aug 24,02:07 PM,29.59,hard_sl_hit,-5.251311197649146e+29,-10.58,4
NIFTY50,24400,BEARISH,3821921512384955544653266944,09 Aug 24,02:09 PM,51.35,09 Aug 24,02:22 PM,56.6,tsl_hit,5.0162719850052534e+29,10.22,13
NIFTY50,24300,BULLISH,2300743292877308133696864256,12 Aug 24,09:17 AM,86.27,12 Aug 24,09:24 AM,105.49,tsl_hit,1.1055071522275465e+30,22.28,7
NIFTY50,24250,BEARISH,1832914202014388213117878272,12 Aug 24,10:11 AM,110.97,12 Aug 24,10:16 AM,102.87,time_stop,-3.7116512590791336e+29,-7.3,5
NIFTY50,24400,BULLISH,1992187876130381363603832832,12 Aug 24,01:00 PM,101.27,12 Aug 24,01:06 PM,87.65,hard_sl_hit,-6.783399718223944e+29,-13.45,6
NIFTY50,24400,BEARISH,3672099443764100223694012416,12 Aug 24,01:32 PM,54.12,12 Aug 24,01:44 PM,49.23,hard_sl_hit,-4.489141570001613e+29,-9.04,12
NIFTY50,24400,BEARISH,3965709491340480774032850944,12 Aug 24,01:53 PM,49.61,12 Aug 24,01:58 PM,46.64,time_stop,-2.9445392973203056e+29,-5.99,5
NIFTY50,24350,BULLISH,2366555627673273083505934336,12 Aug 24,02:56 PM,82.58,12 Aug 24,02:58 PM,73.84,hard_sl_hit,-5.170924046466099e+29,-10.58,2
NIFTY50,24300,BULLISH,4229784828474877354746839040,13 Aug 24,12:07 PM,45.66,13 Aug 24,12:15 PM,45.46,tsl_hit,-2.1148924142373935e+28,-0.44,8
NIFTY50,24250,BULLISH,3311682622229410313261809664,13 Aug 24,12:36 PM,58.29,13 Aug 24,12:44 PM,52.79,hard_sl_hit,-4.553563605565439e+29,-9.44,8
NIFTY50,24200,BULLISH,3007150094503059975837843456,13 Aug 24,01:46 PM,63.52,13 Aug 24,01:50 PM,55.29,hard_sl_hit,-6.187211319440049e+29,-12.96,4
NIFTY50,24150,BEARISH,3778131693865251368022835200,14 Aug 24,09:49 AM,49.83,14 Aug 24,09:50 AM,44.35,hard_sl_hit,-5.176040420595392e+29,-11.0,1
NIFTY50,24150,BULLISH,4043571208874798194827984896,14 Aug 24,11:00 AM,45.99,14 Aug 24,11:04 AM,39.13,hard_sl_hit,-6.934724623220278e+29,-14.92,4
NIFTY50,24150,BEARISH,6760877636362647440831021056,14 Aug 24,11:58 AM,27.05,14 Aug 24,12:01 PM,27.58,tsl_hit,8.958162868180467e+28,1.96,3
NIFTY50,24200,BEARISH,5669034353093991546832814080,14 Aug 24,12:57 PM,32.33,14 Aug 24,12:59 PM,28.29,hard_sl_hit,-5.72572469662493e+29,-12.5,2
NIFTY50,24150,BULLISH,5843359654177025621827256320,14 Aug 24,02:28 PM,30.93,14 Aug 24,02:37 PM,24.82,hard_sl_hit,-8.925731871755405e+29,-19.75,9
NIFTY50,24150,BULLISH,10325240780414312537644859392,14 Aug 24,02:42 PM,17.12,14 Aug 24,02:47 PM,20.57,tsl_hit,8.905520173107342e+29,20.15,5
NIFTY50,24350,BEARISH,630388681595167190680600576,16 Aug 24,09:17 AM,286.69,16 Aug 24,09:22 AM,259.86,hard_sl_hit,-4.228332081799581e+29,-9.36,5
NIFTY50,24400,BEARISH,1627212013679342080688652288,16 Aug 24,12:07 PM,109.91,16 Aug 24,12:10 PM,96.29,hard_sl_hit,-5.5406569065781556e+29,-12.39,3
NIFTY50,24450,BEARISH,1667148943693715104568705024,16 Aug 24,01:04 PM,105.8,16 Aug 24,01:09 PM,95.14,hard_sl_hit,-4.4429519349437496e+29,-10.08,5
NIFTY50,24600,BEARISH,1572675499895181574074793984,19 Aug 24,09:17 AM,110.9,19 Aug 24,09:30 AM,121.53,tsl_hit,4.1793851409714436e+29,9.59,13
NIFTY50,24550,BEARISH,3077290807358136041208807424,19 Aug 24,11:19 AM,57.28,19 Aug 24,11:22 AM,50.28,hard_sl_hit,-5.385258912876739e+29,-12.22,3
NIFTY50,24600,BEARISH,2988035212918904304919642112,19 Aug 24,12:55 PM,58.19,19 Aug 24,01:02 PM,52.74,hard_sl_hit,-4.071197977602004e+29,-9.37,7
NIFTY50,24550,BULLISH,2529614050520029219308699648,19 Aug 24,03:04 PM,68.02,19 Aug 24,03:08 PM,61.67,hard_sl_hit,-4.015762305200543e+29,-9.34,4
NIFTY50,24650,BEARISH,2386539095579770224673554432,20 Aug 24,09:17 AM,71.35,20 Aug 24,09:28 AM,74.39,tsl_hit,1.8137697126406293e+29,4.26,11
NIFTY50,24700,BULLISH,2241688736136023650372419584,20 Aug 24,10:48 AM,76.32,20 Aug 24,10:55 AM,49.31,hard_sl_hit,-1.5137003190758494e+30,-35.39,7
NIFTY50,24700,BULLISH,4229493756259157516193103872,20 Aug 24,03:03 PM,38.86,20 Aug 24,03:05 PM,39.96,tsl_hit,1.1631107829712699e+29,2.83,2
NIFTY50,24750,BEARISH,3976726133477951486140874752,21 Aug 24,10:27 AM,41.46,21 Aug 24,10:41 AM,52.82,tsl_hit,1.1293902219077381e+30,27.4,14
NIFTY50,24700,BULLISH,5232355330808857361349869568,21 Aug 24,01:21 PM,32.47,21 Aug 24,01:22 PM,28.23,hard_sl_hit,-5.546296650657387e+29,-13.06,1
NIFTY50,24750,BEARISH,6144203921384883681310539776,21 Aug 24,02:07 PM,27.25,21 Aug 24,02:11 PM,24.51,hard_sl_hit,-4.208779686148643e+29,-10.06,4
NIFTY50,24750,BULLISH,10181979588458713250057420800,21 Aug 24,02:35 PM,16.26,21 Aug 24,02:37 PM,16.23,tsl_hit,-7.636484691344324e+27,-0.18,2
NIFTY50,24750,BEARISH,7486433657909415378247745536,21 Aug 24,02:49 PM,22.11,21 Aug 24,02:53 PM,19.81,hard_sl_hit,-4.3046993532979156e+29,-10.4,4
NIFTY50,24850,BEARISH,6845684036141855982756036608,22 Aug 24,09:17 AM,23.9,22 Aug 24,09:18 AM,20.4,hard_sl_hit,-5.989973531624124e+29,-14.64,1
NIFTY50,24850,BEARISH,6720235407319240981753102336,22 Aug 24,09:19 AM,23.95,22 Aug 24,09:21 AM,29.6,tsl_hit,9.49233251283476e+29,23.59,2
NIFTY50,24800,BULLISH,3303369049108989865009791107072,22 Aug 24,09:53 AM,0.05,22 Aug 24,10:02 AM,13.7,tsl_hit,1.1272746880085028e+33,27300.0,9
NIFTY50,24800,BEARISH,103505563538753705384796940664832,22 Aug 24,10:35 AM,0.05,22 Aug 24,10:40 AM,0.05,time_stop,0.0,0.0,5
NIFTY50,24800,BULLISH,352059739927716207306240688128,22 Aug 24,11:04 AM,14.7,22 Aug 24,11:05 AM,12.6,hard_sl_hit,-1.8483136346224312e+31,-14.29,1
NIFTY50,24850,BEARISH,644700114466691188057440256000,22 Aug 24,11:43 AM,7.9,22 Aug 24,11:44 AM,6.25,hard_sl_hit,-2.6593879721774462e+31,-20.89,1
NIFTY50,24800,BULLISH,440259812681633124500392378368,22 Aug 24,01:06 PM,11.3,22 Aug 24,01:07 PM,9.5,hard_sl_hit,-1.9811691570665482e+31,-15.93,1
NIFTY50,24800,BEARISH,97737678415316876992494295842816,22 Aug 24,01:24 PM,0.05,22 Aug 24,01:29 PM,0.05,time_stop,0.0,0.0,5
NIFTY50,24850,BEARISH,229431169989014594662938181632,22 Aug 24,01:50 PM,21.3,22 Aug 24,01:55 PM,22.8,tsl_hit,8.603668874588048e+30,7.04,5
NIFTY50,24800,BULLISH,65720876022115641883210285056,23 Aug 24,09:18 AM,74.94,23 Aug 24,09:26 AM,101.17,tsl_hit,4.3096464451502335e+31,35.0,8
NIFTY50,24800,BEARISH,68763100270179049756327673856,23 Aug 24,09:57 AM,74.41,23 Aug 24,10:17 AM,84.88,tsl_hit,1.7998741495719365e+31,14.07,20
NIFTY50,24850,BEARISH,53773351590973337741308198912,23 Aug 24,10:49 AM,96.64,23 Aug 24,11:03 AM,87.26,hard_sl_hit,-1.2609850948083242e+31,-9.71,14
NIFTY50,24850,BEARISH,65418845962842744109077102592,23 Aug 24,11:10 AM,78.58,23 Aug 24,11:17 AM,79.92,tsl_hit,2.1915313397552374e+30,1.71,7
NIFTY50,24850,BEARISH,144388927811830222474226696192,23 Aug 24,01:43 PM,35.67,23 Aug 24,01:50 PM,35.83,tsl_hit,5.775557112473086e+29,0.45,7
NIFTY50,24900,BEARISH,68769784723344374352752672768,26 Aug 24,09:17 AM,74.93,26 Aug 24,09:22 AM,66.0,hard_sl_hit,-1.5352854439486642e+31,-11.92,5
NIFTY50,25050,BEARISH,147467664173441254806140223488,26 Aug 24,02:38 PM,34.48,26 Aug 24,02:50 PM,36.27,tsl_hit,6.599177971761518e+30,5.19,12
NIFTY50,25000,BEARISH,207045131197358287384609816576,27 Aug 24,09:19 AM,24.7,27 Aug 24,09:23 AM,28.61,tsl_hit,2.0238661574541773e+31,15.83,4
NIFTY50,25050,BEARISH,94497264346698969915949318144,27 Aug 24,09:56 AM,55.07,27 Aug 24,10:01 AM,55.35,tsl_hit,6.614808504268956e+29,0.51,5
NIFTY50,25050,BEARISH,105168738890395852856870567936,27 Aug 24,11:22 AM,49.51,27 Aug 24,11:28 AM,43.4,hard_sl_hit,-1.6064524865507966e+31,-12.34,6
NIFTY50,25050,BEARISH,168764586729291878916476108800,27 Aug 24,12:47 PM,30.43,27 Aug 24,12:52 PM,28.02,time_stop,-1.0168066350439837e+31,-7.92,5
NIFTY50,25050,BULLISH,133289211002105219530088251392,27 Aug 24,12:58 PM,38.19,27 Aug 24,12:59 PM,32.98,hard_sl_hit,-1.7360919733024207e+31,-13.64,1
NIFTY50,25050,BULLISH,143069501281749781711937339392,27 Aug 24,01:59 PM,35.04,27 Aug 24,02:00 PM,31.62,hard_sl_hit,-1.22324423595896e+31,-9.76,1
NIFTY50,25000,BEARISH,136568133143085861139468255232,28 Aug 24,09:49 AM,36.31,28 Aug 24,09:52 AM,32.81,hard_sl_hit,-1.1949711650020014e+31,-9.64,3
NIFTY50,25000,BULLISH,103364498206274831873321467904,28 Aug 24,10:08 AM,47.46,28 Aug 24,10:16 AM,46.39,tsl_hit,-2.765000327017852e+30,-2.25,8
NIFTY50,25100,BEARISH,282365273775389636373912748032,28 Aug 24,01:52 PM,17.33,28 Aug 24,01:57 PM,14.74,hard_sl_hit,-1.8283151476956465e+31,-14.95,5
NIFTY50,25100,BEARISH,347697380312052457475208642560,28 Aug 24,02:01 PM,13.84,28 Aug 24,02:05 PM,10.97,hard_sl_hit,-2.4947287037389755e+31,-20.74,4
NIFTY50,25100,BULLISH,149246187690206902187406131200,28 Aug 24,02:33 PM,31.5,28 Aug 24,02:35 PM,27.6,hard_sl_hit,-1.4551503299795168e+31,-12.38,2
NIFTY50,25100,BULLISH,193999228629390286088768061440,28 Aug 24,02:40 PM,23.9,28 Aug 24,02:41 PM,21.07,hard_sl_hit,-1.3725445425529356e+31,-11.84,1
NIFTY50,25050,BEARISH,91511591691468172911447206002688,29 Aug 24,09:27 AM,0.05,29 Aug 24,09:32 AM,0.05,time_stop,0.0,0.0,5
NIFTY50,25100,BULLISH,91511591691468172911447206002688,29 Aug 24,10:53 AM,0.05,29 Aug 24,10:58 AM,0.05,time_stop,0.0,0.0,5
NIFTY50,25100,BEARISH,384502486098558714907663007744,29 Aug 24,12:13 PM,11.9,29 Aug 24,12:15 PM,9.25,hard_sl_hit,-2.54732897040435e+31,-22.27,2
NIFTY50,25150,BEARISH,89247299273330983580945719754752,29 Aug 24,12:33 PM,0.05,29 Aug 24,12:38 PM,0.05,time_stop,0.0,0.0,5
NIFTY50,25000,BULLISH,218743380571874034809799966720,29 Aug 24,02:06 PM,20.4,29 Aug 24,02:09 PM,33.25,tsl_hit,7.027131100870658e+31,62.99,3
NIFTY50,25150,BEARISH,95493638029660451013048821350400,29 Aug 24,02:58 PM,0.05,29 Aug 24,03:03 PM,0.05,time_stop,0.0,0.0,5
NIFTY50,25250,BEARISH,77485912065612184939917213696,30 Aug 24,11:57 AM,61.62,30 Aug 24,12:01 PM,55.01,hard_sl_hit,-1.2804546968842412e+31,-10.73,4
NIFTY50,25250,BULLISH,88182669230723785005155221504,30 Aug 24,01:04 PM,53.5,30 Aug 24,01:09 PM,50.18,time_stop,-7.319161546150074e+30,-6.21,5
NIFTY50,25250,BEARISH,165966815337298773188752179200,30 Aug 24,02:12 PM,28.23,30 Aug 24,02:18 PM,25.12,hard_sl_hit,-1.2903919892474978e+31,-11.02,6
NIFTY50,25250,BULLISH,86309072023391979108273487872,30 Aug 24,02:32 PM,53.62,30 Aug 24,02:45 PM,54.85,tsl_hit,2.6540039647193115e+30,2.29,13
NIFTY50,25200,BULLISH,52231093268837199212380684288,30 Aug 24,03:02 PM,88.83,30 Aug 24,03:06 PM,92.51,tsl_hit,4.805260580733031e+30,4.14,4
NIFTY50,25300,BEARISH,50378780034186717399980441600,02 Sep 24,09:17 AM,92.52,02 Sep 24,09:39 AM,97.99,tsl_hit,6.889298169675032e+30,5.91,22
NIFTY50,25300,BEARISH,185808468583734162721507115008,02 Sep 24,11:25 AM,25.25,02 Sep 24,11:34 AM,25.9,tsl_hit,3.0193876144856736e+30,2.57,9
NIFTY50,25300,BULLISH,112319964961759705073232904192,02 Sep 24,11:43 AM,41.89,02 Sep 24,11:50 AM,40.02,tsl_hit,-5.25095836196226e+30,-4.46,7
NIFTY50,25250,BEARISH,134109015741285655686923943936,03 Sep 24,10:44 AM,34.91,03 Sep 24,10:48 AM,33.54,tsl_hit,-4.5932337891390256e+30,-3.92,4
NIFTY50,25250,BEARISH,141724881943815987917943209984,03 Sep 24,10:50 AM,32.89,03 Sep 24,10:55 AM,35.66,tsl_hit,9.814448074609244e+30,8.42,5
NIFTY50,25300,BEARISH,220889724711389356742703841280,03 Sep 24,01:19 PM,21.3,03 Sep 24,01:36 PM,24.19,tsl_hit,1.5959282610397884e+31,13.57,17
NIFTY50,25300,BEARISH,150090549380505833359028518912,03 Sep 24,02:41 PM,31.82,03 Sep 24,02:43 PM,31.92,tsl_hit,3.752263734512699e+29,0.31,2
NIFTY50,25100,BULLISH,44872254663835723954818908160,04 Sep 24,09:17 AM,106.47,04 Sep 24,09:30 AM,108.82,tsl_hit,2.636244961500343e+30,2.21,13
NIFTY50,25150,BEARISH,192262769904934722693578620928,04 Sep 24,12:21 PM,24.91,04 Sep 24,12:26 PM,26.87,tsl_hit,9.420875725341806e+30,7.87,5
NIFTY50,25200,BEARISH,193555134499648295314013552640,04 Sep 24,03:04 PM,24.96,04 Sep 24,03:09 PM,29.18,tsl_hit,2.042006668971289e+31,16.91,5
NIFTY50,25250,BEARISH,453630599913931913875089784832,05 Sep 24,09:17 AM,10.85,05 Sep 24,09:19 AM,8.0,hard_sl_hit,-3.2321180243851147e+31,-26.27,2
NIFTY50,25150,BULLISH,217192832686037684285754834944,05 Sep 24,10:35 AM,22.0,05 Sep 24,10:36 AM,18.55,hard_sl_hit,-1.8732881819174702e+31,-15.68,1
NIFTY50,25200,BULLISH,93899701331263282798695737720832,05 Sep 24,12:22 PM,0.05,05 Sep 24,12:27 PM,0.05,time_stop,0.0,0.0,5
NIFTY50,25150,BULLISH,243263474951468453862572032000,05 Sep 24,01:27 PM,19.3,05 Sep 24,01:29 PM,20.75,tsl_hit,8.818300966995156e+30,7.51,2
NIFTY50,25150,BULLISH,662122729413203120433745887232,05 Sep 24,02:24 PM,7.15,05 Sep 24,02:26 PM,3.8,hard_sl_hit,-5.545277858839189e+31,-46.85,2
NIFTY50,25100,BULLISH,35068537325773064881806770176,06 Sep 24,09:17 AM,127.97,06 Sep 24,09:33 AM,178.92,tsl_hit,4.466854941870343e+31,39.81,16
NIFTY50,24850,BEARISH,60226803854061529734878068736,06 Sep 24,02:56 PM,77.81,06 Sep 24,02:59 PM,94.9,tsl_hit,2.573190194664779e+31,21.96,3
NIFTY50,24800,BULLISH,44372045628397222470191415296,09 Sep 24,09:17 AM,108.19,09 Sep 24,09:26 AM,114.28,tsl_hit,6.755643946923481e+30,5.63,9
NIFTY50,25000,BEARISH,66055472456513661501301587968,10 Sep 24,09:17 AM,73.13,10 Sep 24,09:20 AM,76.89,tsl_hit,6.209214410912293e+30,5.14,3
NIFTY50,25000,BEARISH,74880289908104009356687704064,10 Sep 24,11:21 AM,64.88,10 Sep 24,11:26 AM,60.18,time_stop,-8.798434064202213e+30,-7.24,5
NIFTY50,25000,BEARISH,120327816675189377145235308544,10 Sep 24,11:46 AM,40.05,10 Sep 24,11:49 AM,39.07,tsl_hit,-2.94803150854213e+30,-2.45,3
NIFTY50,25100,BEARISH,137393559050347257056024592384,10 Sep 24,01:14 PM,34.98,10 Sep 24,01:20 PM,36.16,tsl_hit,4.053109991985243e+30,3.37,6
NIFTY50,25100,BEARISH,174278920439586276510802116608,10 Sep 24,01:28 PM,27.68,10 Sep 24,01:36 PM,29.07,tsl_hit,6.056192485275625e+30,5.02,8
NIFTY50,25100,BULLISH,105112826193140140646368018432,10 Sep 24,02:06 PM,46.15,10 Sep 24,02:13 PM,52.24,tsl_hit,1.6003427787905595e+31,13.2,7
NIFTY50,25050,BULLISH,121054679649223899950304198656,10 Sep 24,03:03 PM,40.66,10 Sep 24,03:05 PM,41.18,tsl_hit,1.5737108354399203e+30,1.28,2
NIFTY50,25000,BULLISH,81593735224584942367855869952,11 Sep 24,09:17 AM,60.41,11 Sep 24,09:21 AM,61.35,tsl_hit,1.917452777777756e+30,1.56,4
NIFTY50,25100,BEARISH,112679131840777136288682737664,11 Sep 24,11:59 AM,43.82,11 Sep 24,12:01 PM,37.9,hard_sl_hit,-1.667651151243502e+31,-13.51,2
NIFTY50,25100,BEARISH,126521376907354299240072347648,11 Sep 24,12:02 PM,38.44,11 Sep 24,12:04 PM,37.72,tsl_hit,-2.2773847843323738e+30,-1.87,2
NIFTY50,25050,BULLISH,100379731502918518936004722688,11 Sep 24,12:55 PM,48.35,11 Sep 24,12:58 PM,41.57,hard_sl_hit,-1.7014364489744692e+31,-14.02,3
NIFTY50,25050,BEARISH,250143487980852148592164470784,12 Sep 24,09:17 AM,19.1,12 Sep 24,09:21 AM,0.05,hard_sl_hit,-1.1913083615087174e+32,-99.74,4
NIFTY50,25350,BEARISH,34128134941686606699861901312,13 Sep 24,10:33 AM,124.48,13 Sep 24,10:40 AM,121.39,tsl_hit,-2.6363984242452934e+30,-2.48,7
NIFTY50,25400,BEARISH,38556178660458404108100960256,13 Sep 24,11:12 AM,109.88,13 Sep 24,11:14 AM,98.79,hard_sl_hit,-1.0689700533612082e+31,-10.09,2
NIFTY50,25400,BEARISH,63326426773420737654813622272,13 Sep 24,12:15 PM,66.15,13 Sep 24,12:28 PM,58.46,hard_sl_hit,-1.2174505547190146e+31,-11.63,13
NIFTY50,25400,BULLISH,73904096827859078053210619904,13 Sep 24,01:13 PM,55.95,13 Sep 24,01:19 PM,50.28,hard_sl_hit,-1.0475905725349028e+31,-10.13,6
NIFTY50,25350,BULLISH,49852147744386837595935473664,13 Sep 24,01:21 PM,82.01,13 Sep 24,01:26 PM,79.69,time_stop,-2.8914245691744456e+30,-2.83,5
NIFTY50,25400,BEARISH,63314026109277099970755821568,13 Sep 24,02:04 PM,64.37,13 Sep 24,02:08 PM,66.19,tsl_hit,2.880788187972097e+30,2.83,4
NIFTY50,25350,BULLISH,34503564551538703961499369472,13 Sep 24,03:02 PM,118.49,13 Sep 24,03:06 PM,123.57,tsl_hit,4.381952698045414e+30,4.29,4
NIFTY50,25400,BULLISH,40707588039207880670306107392,16 Sep 24,09:15 AM,100.91,16 Sep 24,09:36 AM,105.02,tsl_hit,4.1827046710286094e+30,4.07,21
NIFTY50,25400,BEARISH,129151565182296454412963414016,16 Sep 24,01:47 PM,31.95,16 Sep 24,01:52 PM,28.87,hard_sl_hit,-9.944670519036821e+30,-9.64,5
NIFTY50,25450,BEARISH,91161098078030549290850451456,17 Sep 24,11:26 AM,44.78,17 Sep 24,11:33 AM,49.57,tsl_hit,1.0916541494844155e+31,10.7,7
NIFTY50,25400,BULLISH,97583556204429855005199040512,17 Sep 24,12:18 PM,42.33,17 Sep 24,12:24 PM,43.31,tsl_hit,2.3907971270085412e+30,2.32,6
NIFTY50,25400,BULLISH,111656449154554915326680629248,17 Sep 24,01:20 PM,37.09,17 Sep 24,01:28 PM,40.65,tsl_hit,9.937423974755375e+30,9.6,8
NIFTY50,25450,BULLISH,225148145665364839218597068800,17 Sep 24,02:37 PM,18.59,17 Sep 24,02:39 PM,18.12,tsl_hit,-2.6454907115680303e+30,-2.53,2
NIFTY50,25400,BULLISH,94987398530343073906274861056,17 Sep 24,03:25 PM,43.94,18 Sep 24,09:15 AM,24.58,hard_sl_hit,-4.597390088868605e+31,-44.06,5
NIFTY50,25400,BULLISH,196798108231488034782538891264,18 Sep 24,09:17 AM,20.17,18 Sep 24,09:23 AM,35.65,tsl_hit,7.616086788558586e+31,76.75,6
NIFTY50,25450,BEARISH,165625166827653729946819362816,18 Sep 24,10:43 AM,26.01,18 Sep 24,10:44 AM,23.04,hard_sl_hit,-1.22976686369533e+31,-11.42,1
NIFTY50,25500,BEARISH,134426494441660812405449424896,18 Sep 24,12:28 PM,31.64,18 Sep 24,12:41 PM,29.24,tsl_hit,-8.065589666499656e+30,-7.59,13
NIFTY50,25450,BULLISH,142479973613165709974812229632,18 Sep 24,12:53 PM,29.6,18 Sep 24,12:57 PM,26.52,hard_sl_hit,-1.0970957968213767e+31,-10.41,4
NIFTY50,25450,BULLISH,224120828266539966490562527232,18 Sep 24,01:01 PM,18.6,18 Sep 24,01:02 PM,14.89,hard_sl_hit,-2.0787206821721585e+31,-19.95,1
NIFTY50,25550,BEARISH,11646456628286495043960231165952,19 Sep 24,09:19 AM,0.35,19 Sep 24,09:20 AM,0.05,hard_sl_hit,-8.734842471172502e+31,-85.71,1
NIFTY50,25450,BULLISH,241838990094578742935462871040,19 Sep 24,11:26 AM,15.25,19 Sep 24,11:28 AM,3.8,hard_sl_hit,-6.922641091457756e+31,-75.08,2
NIFTY50,25450,BULLISH,67607433230884068690021010374656,19 Sep 24,12:58 PM,0.05,19 Sep 24,01:03 PM,0.05,time_stop,0.0,0.0,5
NIFTY50,25400,BEARISH,67607433230884068690021010374656,19 Sep 24,02:13 PM,0.05,19 Sep 24,02:18 PM,0.05,tsl_hit,0.0,0.0,5
NIFTY50,25550,BEARISH,9658204747309307407652012163072,19 Sep 24,09:19 AM,0.35,19 Sep 24,09:20 AM,0.05,hard_sl_hit,-7.243653560446845e+31,-85.71,1
NIFTY50,25450,BULLISH,200552885462434134215746387968,19 Sep 24,11:26 AM,15.25,19 Sep 24,11:28 AM,3.8,hard_sl_hit,-5.740826346362542e+31,-75.08,2
NIFTY50,25450,BULLISH,56065673313720169826592579649536,19 Sep 24,12:58 PM,0.05,19 Sep 24,01:03 PM,0.05,time_stop,0.0,0.0,5
NIFTY50,25400,BEARISH,56065673313720169826592579649536,19 Sep 24,02:13 PM,0.05,19 Sep 24,02:18 PM,0.05,tsl_hit,0.0,0.0,5
NIFTY50,25500,BEARISH,21846038541817395288429559808,20 Sep 24,09:17 AM,128.32,20 Sep 24,09:21 AM,151.98,tsl_hit,1.2921931797484987e+31,18.44,4
NIFTY50,25550,BEARISH,15357067176695459523709632512,20 Sep 24,09:54 AM,186.28,20 Sep 24,09:59 AM,170.18,time_stop,-6.18121953861992e+30,-8.64,5
NIFTY50,25650,BULLISH,12334533682353156025034473472,20 Sep 24,01:33 PM,229.7,20 Sep 24,01:36 PM,199.25,hard_sl_hit,-9.389663765691336e+30,-13.26,3
NIFTY50,25900,BULLISH,59839454402527150018939322368,23 Sep 24,11:24 AM,46.65,23 Sep 24,11:29 AM,42.73,time_stop,-5.864266531447663e+30,-8.4,5
NIFTY50,25850,BULLISH,51729276862541286192734797824,23 Sep 24,11:51 AM,53.46,23 Sep 24,12:00 PM,62.31,tsl_hit,1.1445102505837261e+31,16.55,9
NIFTY50,25900,BEARISH,169657485742145950662583648256,23 Sep 24,02:21 PM,16.6,23 Sep 24,02:23 PM,14.54,hard_sl_hit,-8.737360515720526e+30,-12.41,2
NIFTY50,25950,BEARISH,77367174092379410637502021632,23 Sep 24,02:50 PM,35.9,23 Sep 24,03:01 PM,40.39,tsl_hit,8.684465291869593e+30,12.51,11
NIFTY50,25950,BEARISH,86542076626792900036197875712,23 Sep 24,03:08 PM,32.54,23 Sep 24,03:12 PM,43.11,tsl_hit,2.286874374863003e+31,32.48,4
NIFTY50,25900,BULLISH,49545220488043182157104939008,24 Sep 24,09:17 AM,58.89,24 Sep 24,09:20 AM,60.74,tsl_hit,2.2914664475719988e+30,3.14,3
NIFTY50,25950,BEARISH,77994201647932995656533147648,24 Sep 24,09:48 AM,37.54,24 Sep 24,09:52 AM,33.69,hard_sl_hit,-7.506941908613554e+30,-10.26,4
NIFTY50,25900,BULLISH,46776634512005507892497088512,25 Sep 24,09:17 AM,61.88,25 Sep 24,09:26 AM,73.85,tsl_hit,1.3997907877717639e+31,19.34,9
NIFTY50,25950,BEARISH,58899423655455527782978682880,25 Sep 24,09:50 AM,50.2,25 Sep 24,09:55 AM,54.69,tsl_hit,6.611460305324875e+30,8.94,5
NIFTY50,25900,BEARISH,84449528719670056190849581056,25 Sep 24,10:43 AM,35.36,25 Sep 24,10:51 AM,35.05,tsl_hit,-6.544838475774477e+29,-0.88,8
NIFTY50,25950,BEARISH,79595157908943162551610376192,25 Sep 24,11:29 AM,37.48,25 Sep 24,11:32 AM,36.21,tsl_hit,-2.5271462636089373e+30,-3.39,3
NIFTY50,25900,BEARISH,135707523162355884083711574016,25 Sep 24,01:21 PM,21.9,25 Sep 24,01:24 PM,22.5,tsl_hit,2.0356128474353432e+30,2.74,3
NIFTY50,25900,BEARISH,219517078458499090644855685120,25 Sep 24,01:29 PM,13.58,25 Sep 24,01:39 PM,15.38,tsl_hit,9.878268530632463e+30,13.25,10
NIFTY50,26050,BEARISH,60498906823162354729746784321536,26 Sep 24,11:40 AM,0.05,26 Sep 24,11:45 AM,0.05,time_stop,0.0,0.0,5
NIFTY50,26100,BEARISH,371158937565346892989977329664,26 Sep 24,12:03 PM,8.15,26 Sep 24,12:09 PM,11.65,tsl_hit,3.2476407036967855e+31,42.94,6
NIFTY50,26100,BEARISH,63385698559781711008752862232576,26 Sep 24,01:28 PM,0.05,26 Sep 24,01:33 PM,0.05,tsl_hit,0.0,0.0,5
NIFTY50,26100,BULLISH,63385698559781711008752862232576,26 Sep 24,01:49 PM,0.05,26 Sep 24,01:54 PM,0.05,time_stop,0.0,0.0,5
NIFTY50,26100,BEARISH,63385698559781711008752862232576,26 Sep 24,02:22 PM,0.05,26 Sep 24,02:27 PM,0.05,time_stop,0.0,0.0,5
NIFTY50,26250,BULLISH,23893885162764519992733990912,27 Sep 24,10:07 AM,132.64,27 Sep 24,10:46 AM,119.18,hard_sl_hit,-8.040292357270248e+30,-10.15,39
NIFTY50,26250,BULLISH,35799729181881720942113062912,27 Sep 24,11:00 AM,87.53,27 Sep 24,11:05 AM,78.43,hard_sl_hit,-8.144438388878087e+30,-10.4,5
NIFTY50,26250,BULLISH,39557506913659489133090832384,27 Sep 24,12:36 PM,78.3,27 Sep 24,12:41 PM,73.39,time_stop,-4.855683973651699e+30,-6.27,5
NIFTY50,26100,BULLISH,25057205488218845944563630080,30 Sep 24,09:17 AM,122.75,30 Sep 24,09:21 AM,107.95,hard_sl_hit,-9.271166030640972e+30,-12.06,4
NIFTY50,26000,BULLISH,23620820357441111625580937216,30 Sep 24,09:49 AM,128.47,30 Sep 24,09:51 AM,116.9,hard_sl_hit,-6.832322288389837e+30,-9.01,2
NIFTY50,25900,BULLISH,31956184602522827172232560640,30 Sep 24,11:29 AM,94.01,30 Sep 24,11:34 AM,93.41,time_stop,-4.7934276903784925e+29,-0.64,5
NIFTY50,25800,BULLISH,32521617399808647779047178240,30 Sep 24,03:28 PM,92.31,01 Oct 24,09:18 AM,147.96,tsl_hit,4.524570020748378e+31,60.29,5
NIFTY50,25800,BULLISH,29175357528905055505806786560,01 Oct 24,10:21 AM,109.79,01 Oct 24,10:28 AM,97.22,hard_sl_hit,-9.16835610345842e+30,-11.45,7
NIFTY50,25750,BEARISH,57498440977268769521481547776,01 Oct 24,11:41 AM,55.0,01 Oct 24,11:43 AM,48.49,hard_sl_hit,-9.357871269050489e+30,-11.84,2
NIFTY50,25800,BULLISH,43230692821391117454917238784,01 Oct 24,12:28 PM,72.19,01 Oct 24,12:31 PM,64.74,hard_sl_hit,-8.051716537984099e+30,-10.32,3
NIFTY50,25800,BEARISH,89525197560671481911618568192,01 Oct 24,03:04 PM,34.46,01 Oct 24,03:15 PM,45.07,tsl_hit,2.374655865296811e+31,30.79,11
NIFTY50,25550,BULLISH,981716482652491716860766584832,03 Oct 24,09:17 AM,3.25,03 Oct 24,09:18 AM,0.05,hard_sl_hit,-7.853731861219935e+31,-98.46,1
NIFTY50,25400,BULLISH,243907623968471255548310847488,03 Oct 24,11:45 AM,11.65,03 Oct 24,11:47 AM,13.1,tsl_hit,8.841651368839335e+30,12.45,2
NIFTY50,25400,BEARISH,57616400950779957982522941374464,03 Oct 24,12:39 PM,0.05,03 Oct 24,12:44 PM,3.05,tsl_hit,4.321230071307449e+33,6000.0,5
NIFTY50,25300,BULLISH,1497375391940858400680018182144,03 Oct 24,01:25 PM,14.75,03 Oct 24,01:26 PM,7.55,hard_sl_hit,-2.6952757054938176e+32,-48.81,1
NIFTY50,25250,BEARISH,417767734351497081267699685785600,03 Oct 24,02:53 PM,0.05,03 Oct 24,02:57 PM,0.05,tsl_hit,0.0,0.0,4
NIFTY50,25150,BULLISH,99091018584320932302402093056,04 Oct 24,09:19 AM,210.8,04 Oct 24,09:24 AM,181.92,hard_sl_hit,-7.154371541787977e+31,-13.7,5
NIFTY50,25000,BULLISH,79001515665761348623674638336,04 Oct 24,02:22 PM,260.38,04 Oct 24,02:27 PM,204.08,hard_sl_hit,-1.1119463329955905e+32,-21.62,5
NIFTY50,25100,BEARISH,186529929191031157543774715904,07 Oct 24,09:18 AM,107.63,07 Oct 24,09:21 AM,106.38,tsl_hit,-5.829060287219723e+30,-1.16,3
NIFTY50,25000,BULLISH,133624187565616891001632194560,07 Oct 24,10:33 AM,150.05,07 Oct 24,10:38 AM,135.18,hard_sl_hit,-4.967479172751809e+31,-9.91,5
NIFTY50,25000,BULLISH,144036700022506830698408574976,07 Oct 24,10:41 AM,137.67,07 Oct 24,10:45 AM,119.6,hard_sl_hit,-6.506857923516744e+31,-13.13,4
NIFTY50,24800,BEARISH,149987249052877483317888286720,07 Oct 24,01:59 PM,130.28,07 Oct 24,02:08 PM,112.01,hard_sl_hit,-6.850667600490178e+31,-14.02,9
NIFTY50,25000,BEARISH,245762932043331320069905973248,08 Oct 24,01:34 PM,78.27,08 Oct 24,01:37 PM,64.57,hard_sl_hit,-8.4173804224841e+31,-17.5,3
NIFTY50,25000,BULLISH,356487599593209068963953115136,08 Oct 24,02:38 PM,52.91,08 Oct 24,02:40 PM,57.53,tsl_hit,4.117431775301569e+31,8.73,2
NIFTY50,25200,BEARISH,241500835179658504694879223808,09 Oct 24,10:40 AM,78.86,09 Oct 24,10:43 AM,78.23,tsl_hit,-3.803638154079594e+30,-0.8,3
NIFTY50,25200,BULLISH,254349028255651620091139719168,09 Oct 24,11:42 AM,74.81,09 Oct 24,11:43 AM,63.28,hard_sl_hit,-7.331610739469159e+31,-15.41,1
NIFTY50,25100,BEARISH,470845957643672410609302896640,09 Oct 24,01:47 PM,39.72,09 Oct 24,01:53 PM,34.67,hard_sl_hit,-5.944430215251361e+31,-12.71,6
NIFTY50,25000,BULLISH,1275972632467136497983139348480,10 Oct 24,11:36 AM,14.45,10 Oct 24,11:37 AM,12.3,hard_sl_hit,-6.8583528995155e+31,-14.88,1
NIFTY50,25000,BULLISH,3520968709654954433310554587136,10 Oct 24,11:41 AM,5.15,10 Oct 24,11:43 AM,3.25,hard_sl_hit,-1.672460137087384e+32,-36.89,2
NIFTY50,25050,BULLISH,347793464764897256162135394746368,10 Oct 24,12:46 PM,0.05,10 Oct 24,12:51 PM,0.05,time_stop,0.0,0.0,5
NIFTY50,25050,BEARISH,2502111257301156654926826307584,10 Oct 24,01:24 PM,6.95,10 Oct 24,01:26 PM,13.95,tsl_hit,4.378694700277025e+32,100.72,2
NIFTY50,25000,BULLISH,1815564297812081689600358088704,10 Oct 24,02:39 PM,10.65,10 Oct 24,02:40 PM,7.45,hard_sl_hit,-1.4524514382499955e+32,-30.05,1
NIFTY50,25000,BULLISH,373804515982915214694187962204160,10 Oct 24,03:18 PM,0.05,10 Oct 24,03:22 PM,6.8,tsl_hit,6.307951207211014e+34,13500.0,4
NIFTY50,24950,BULLISH,1765727519994697551659959058432,11 Oct 24,10:37 AM,169.36,11 Oct 24,10:55 AM,153.58,hard_sl_hit,-6.965795066379082e+32,-9.32,18
NIFTY50,24950,BEARISH,6538835701898172483047702659072,11 Oct 24,01:13 PM,45.26,11 Oct 24,01:17 PM,44.42,tsl_hit,-1.3731554973986101e+32,-1.86,4
NIFTY50,24950,BEARISH,5842480960152999011719120420864,11 Oct 24,02:33 PM,50.55,11 Oct 24,03:05 PM,53.77,tsl_hit,4.703197172923173e+32,6.37,32
NIFTY50,25050,BEARISH,3824453161763747314773356707840,14 Oct 24,09:18 AM,77.77,14 Oct 24,09:23 AM,87.1,tsl_hit,8.92053699981394e+32,12.0,5
NIFTY50,25100,BEARISH,3055168834276685696038571343872,14 Oct 24,09:48 AM,98.65,14 Oct 24,10:04 AM,87.88,hard_sl_hit,-8.226042086289984e+32,-10.92,16
NIFTY50,25100,BEARISH,4240051079412948169029069045760,14 Oct 24,11:17 AM,70.22,14 Oct 24,11:22 AM,66.84,time_stop,-3.582843162103937e+32,-4.81,5
NIFTY50,25150,BEARISH,4802854558184632987081183854592,14 Oct 24,11:42 AM,61.66,14 Oct 24,11:47 AM,53.42,hard_sl_hit,-9.893880389860338e+32,-13.36,5
NIFTY50,25100,BEARISH,9046410290988933489486540570624,14 Oct 24,01:21 PM,32.25,14 Oct 24,01:27 PM,37.49,tsl_hit,1.1850797481195507e+33,16.25,6
NIFTY50,25150,BEARISH,6820063214400613191944431992832,14 Oct 24,02:14 PM,43.55,14 Oct 24,02:19 PM,41.32,time_stop,-3.802185242028337e+32,-5.12,5
NIFTY50,25150,BULLISH,8182984008855044494809792249856,14 Oct 24,02:54 PM,36.09,14 Oct 24,02:57 PM,31.85,hard_sl_hit,-8.673963049386352e+32,-11.75,3
NIFTY50,25200,BEARISH,4978117817095857185756861693952,15 Oct 24,09:17 AM,58.55,15 Oct 24,09:22 AM,59.86,tsl_hit,1.6303335850988962e+32,2.24,5
NIFTY50,25050,BULLISH,5563468981253822816527333720064,15 Oct 24,02:39 PM,52.52,15 Oct 24,02:42 PM,41.55,hard_sl_hit,-1.5257813681088615e+33,-20.89,3
NIFTY50,25000,BULLISH,4746584739240354990682389086208,16 Oct 24,09:17 AM,60.13,16 Oct 24,09:21 AM,66.25,tsl_hit,7.26227465103774e+32,10.18,4
NIFTY50,25050,BULLISH,6427072322271342529783791616000,16 Oct 24,10:42 AM,44.91,16 Oct 24,10:48 AM,44.45,tsl_hit,-7.391133170611944e+31,-1.02,6
NIFTY50,24950,BULLISH,8619172591498451829426877366272,16 Oct 24,11:43 AM,33.45,16 Oct 24,11:45 AM,28.4,hard_sl_hit,-1.0881705396766803e+33,-15.1,2
NIFTY50,25050,BEARISH,8441781110063999470991717695488,16 Oct 24,02:30 PM,33.58,16 Oct 24,02:34 PM,34.12,tsl_hit,1.139640449858638e+32,1.61,4
NIFTY50,24800,BULLISH,5679630330851059013418573654654976,17 Oct 24,11:30 AM,0.05,17 Oct 24,11:35 AM,0.05,time_stop,0.0,0.0,5
NIFTY50,24750,BEARISH,5679630330851059013418573654654976,17 Oct 24,02:30 PM,0.05,17 Oct 24,02:35 PM,0.05,time_stop,0.0,0.0,5
NIFTY50,24850,BEARISH,4360895524302103097871259664384,18 Oct 24,02:13 PM,65.12,18 Oct 24,02:18 PM,60.2,time_stop,-5.363901494891589e+32,-7.56,5
NIFTY50,24850,BEARISH,4604276656680855736924539715584,18 Oct 24,03:26 PM,61.16,21 Oct 24,09:16 AM,63.84,tsl_hit,3.084865359976181e+32,4.38,5
NIFTY50,24950,BEARISH,2559643705053837112309262057472,21 Oct 24,09:17 AM,110.55,21 Oct 24,09:23 AM,124.85,tsl_hit,9.150726245567466e+32,12.94,6
NIFTY50,24750,BULLISH,3252896657254942232575159042048,21 Oct 24,12:43 PM,88.24,21 Oct 24,12:47 PM,88.43,tsl_hit,1.5451259121961946e+31,0.22,4
NIFTY50,24800,BEARISH,3696462898145234662140472721408,21 Oct 24,01:22 PM,77.67,21 Oct 24,01:30 PM,90.71,tsl_hit,1.2050469047953456e+33,16.79,8
NIFTY50,24800,BULLISH,3630338099804531722590269472768,22 Oct 24,09:15 AM,80.56,22 Oct 24,09:21 AM,108.75,tsl_hit,2.5584807758372434e+33,34.99,6
NIFTY50,24650,BEARISH,3360219674747188852274807963648,22 Oct 24,12:01 PM,90.42,22 Oct 24,12:13 PM,82.02,hard_sl_hit,-7.056461316969101e+32,-9.29,12
NIFTY50,24600,BULLISH,3554312741854335649878137372672,22 Oct 24,12:52 PM,84.6,22 Oct 24,12:54 PM,86.47,tsl_hit,1.661641206816906e+32,2.21,2
NIFTY50,24600,BULLISH,4306806188939941825280701628416,22 Oct 24,02:08 PM,69.99,22 Oct 24,02:15 PM,90.66,tsl_hit,2.2255420981347152e+33,29.53,7
NIFTY50,24500,BULLISH,3465709266145370612546796519424,22 Oct 24,02:58 PM,89.83,22 Oct 24,03:01 PM,79.05,hard_sl_hit,-9.340086472261775e+32,-12.0,3
NIFTY50,24600,BEARISH,4543314803055925374743520215040,23 Oct 24,11:35 AM,67.61,23 Oct 24,11:38 AM,76.22,tsl_hit,9.779485113577878e+32,12.73,3
NIFTY50,24550,BEARISH,6231645362329825808169257926656,23 Oct 24,12:34 PM,49.99,23 Oct 24,12:38 PM,50.65,tsl_hit,1.0282214847844159e+32,1.32,4
NIFTY50,24350,BULLISH,19498558686839925423928158191616,24 Oct 24,09:39 AM,16.0,24 Oct 24,09:40 AM,0.05,hard_sl_hit,-7.77505027637742e+33,-99.69,1
NIFTY50,24400,BULLISH,5548423199666339245087007336038400,24 Oct 24,01:33 PM,0.05,24 Oct 24,01:38 PM,0.05,time_stop,0.0,0.0,5
NIFTY50,24400,BEARISH,5548423199666339245087007336038400,24 Oct 24,01:53 PM,0.05,24 Oct 24,01:58 PM,4.9,tsl_hit,6.727463129597455e+35,9700.0,5
NIFTY50,24400,BULLISH,65348095462754828256228786344820736,24 Oct 24,02:05 PM,0.05,24 Oct 24,02:10 PM,0.05,time_stop,0.0,0.0,5
NIFTY50,24400,BULLISH,65348095462754828256228786344820736,24 Oct 24,02:26 PM,0.05,24 Oct 24,02:31 PM,0.05,time_stop,0.0,0.0,5
NIFTY50,24400,BEARISH,476993397538457658386612404355072,24 Oct 24,02:32 PM,6.85,24 Oct 24,02:35 PM,9.75,tsl_hit,3.4582021321555534e+34,42.34,3
NIFTY50,24400,BEARISH,68422052913559769115251484143910912,24 Oct 24,03:03 PM,0.05,24 Oct 24,03:09 PM,1.3,tsl_hit,2.1381891535474983e+36,2500.0,6
NIFTY50,24400,BEARISH,151816816049965204558821034295296,25 Oct 24,09:15 AM,85.13,25 Oct 24,09:18 AM,75.09,hard_sl_hit,-3.8106020828541236e+34,-11.79,3
NIFTY50,24200,BEARISH,84749537925330516355873203290112,25 Oct 24,11:22 AM,150.5,25 Oct 24,12:21 PM,153.61,tsl_hit,6.589276573694477e+33,2.07,59
NIFTY50,24150,BEARISH,105653645714240522147684568530944,25 Oct 24,01:46 PM,121.0,25 Oct 24,02:08 PM,109.92,hard_sl_hit,-2.926605986284462e+34,-9.16,22
NIFTY50,24500,BEARISH,161033593207621621057587467255808,28 Oct 24,12:36 PM,78.58,28 Oct 24,12:52 PM,120.09,tsl_hit,1.6711261135120936e+35,52.83,16
NIFTY50,24400,BULLISH,162148904277068453201764327358464,28 Oct 24,02:06 PM,82.62,28 Oct 24,02:10 PM,85.28,tsl_hit,1.078290213442504e+34,3.22,4
NIFTY50,24400,BEARISH,196043547402416520352697212207104,28 Oct 24,02:41 PM,68.58,28 Oct 24,02:47 PM,69.98,tsl_hit,6.861524159084606e+33,2.04,6
NIFTY50,24300,BEARISH,140938836353801796722353776885760,29 Oct 24,09:15 AM,95.61,29 Oct 24,09:19 AM,101.44,tsl_hit,2.0541835398566604e+34,6.1,4
NIFTY50,24250,BEARISH,160076214631301960332057153372160,29 Oct 24,11:42 AM,84.75,29 Oct 24,11:45 AM,77.08,hard_sl_hit,-3.0694614155552156e+34,-9.05,3
NIFTY50,24250,BEARISH,204788634990009615790104261951488,29 Oct 24,12:05 PM,65.58,29 Oct 24,12:13 PM,56.77,hard_sl_hit,-4.510469685654959e+34,-13.43,8
NIFTY50,24300,BULLISH,197574273645197030800594095308800,29 Oct 24,01:25 PM,66.96,29 Oct 24,01:31 PM,75.31,tsl_hit,4.1243629623434922e+34,12.47,6
NIFTY50,24350,BULLISH,167702905524268457040625365155840,30 Oct 24,09:18 AM,79.98,30 Oct 24,09:23 AM,97.73,tsl_hit,7.441816432639413e+34,22.19,5
NIFTY50,24450,BEARISH,251622588444474317725564621815808,30 Oct 24,10:56 AM,54.62,30 Oct 24,11:01 AM,58.06,tsl_hit,2.163954260622482e+34,6.3,5
NIFTY50,24450,BEARISH,392618483000106100719164357345280,30 Oct 24,11:26 AM,35.25,30 Oct 24,11:33 AM,44.42,tsl_hit,9.000778722777434e+34,26.01,7
NIFTY50,24400,BULLISH,303815577888947315147861041086464,30 Oct 24,12:07 PM,46.87,30 Oct 24,12:10 PM,48.48,tsl_hit,1.2228577010030124e+34,3.44,3
NIFTY50,24450,BEARISH,534162382915196192753693723983872,30 Oct 24,01:00 PM,26.76,30 Oct 24,01:04 PM,21.93,hard_sl_hit,-6.450010773700997e+34,-18.05,4
NIFTY50,24350,BULLISH,300139666194832403906023607238656,30 Oct 24,02:17 PM,46.67,30 Oct 24,02:21 PM,47.73,tsl_hit,7.953701154163022e+33,2.27,4
NIFTY50,24200,BULLISH,585119500175842288725283986997248,31 Oct 24,12:22 PM,24.0,31 Oct 24,12:25 PM,17.95,hard_sl_hit,-8.84993244015855e+34,-25.21,3
NIFTY50,24250,BEARISH,587076889184795795582929000726528,31 Oct 24,01:47 PM,23.25,31 Oct 24,01:52 PM,21.15,hard_sl_hit,-3.082153668218042e+34,-9.03,5
NIFTY50,23850,BULLISH,110207593720497046709851796799488,04 Nov 24,11:04 AM,122.61,04 Nov 24,11:08 AM,106.86,hard_sl_hit,-4.3394240027445715e+34,-12.85,4
NIFTY50,23850,BEARISH,136850814518229481648389550505984,04 Nov 24,11:24 AM,97.33,04 Nov 24,11:27 AM,84.48,hard_sl_hit,-4.39633241639812e+34,-13.2,3
NIFTY50,23900,BEARISH,187222499646495882643064364204032,04 Nov 24,01:53 PM,70.1,04 Nov 24,01:57 PM,76.25,tsl_hit,2.878545932064877e+34,8.77,4
NIFTY50,23950,BULLISH,101123484166179292353684297482240,05 Nov 24,09:40 AM,131.05,05 Nov 24,09:45 AM,116.92,hard_sl_hit,-3.572187078170286e+34,-10.78,5
NIFTY50,24000,BEARISH,112874730429628420337428953300992,05 Nov 24,09:59 AM,116.0,05 Nov 24,10:03 AM,119.73,tsl_hit,1.052556861256286e+34,3.22,4
NIFTY50,24000,BEARISH,116739952334591518315771393474560,05 Nov 24,10:30 AM,112.56,05 Nov 24,10:36 AM,135.77,tsl_hit,6.773835734214674e+34,20.62,6
NIFTY50,23850,BULLISH,149248372204604904652662552657920,05 Nov 24,11:45 AM,90.06,05 Nov 24,11:48 AM,88.04,tsl_hit,-7.537042796332532e+33,-2.24,3
NIFTY50,24100,BEARISH,133450885167343643840980283555840,05 Nov 24,01:32 PM,100.47,05 Nov 24,01:38 PM,107.45,tsl_hit,2.3287179461701476e+34,6.95,6
NIFTY50,24250,BEARISH,166374941610003196159537291722752,06 Nov 24,09:17 AM,81.21,06 Nov 24,09:19 AM,70.6,hard_sl_hit,-4.413095326205334e+34,-13.06,2
NIFTY50,24300,BULLISH,134728032359554659525794262417408,06 Nov 24,10:32 AM,98.83,06 Nov 24,10:40 AM,104.2,tsl_hit,1.8087238344270226e+34,5.43,8
NIFTY50,24350,BEARISH,168476407547092404665225068937216,06 Nov 24,10:55 AM,79.51,06 Nov 24,10:57 AM,68.76,hard_sl_hit,-4.527803452828108e+34,-13.52,2
NIFTY50,24400,BULLISH,208770940744536965163098855964672,06 Nov 24,12:15 PM,63.2,06 Nov 24,12:17 PM,57.1,hard_sl_hit,-3.1837568463541894e+34,-9.65,2
NIFTY50,24400,BULLISH,218603636757198602936598329819136,06 Nov 24,12:19 PM,59.71,06 Nov 24,12:23 PM,52.81,hard_sl_hit,-3.7709127340616748e+34,-11.56,4
NIFTY50,24500,BEARISH,301761757125491196697855314100224,06 Nov 24,01:56 PM,42.7,06 Nov 24,01:58 PM,37.03,hard_sl_hit,-4.277472907253839e+34,-13.28,2
NIFTY50,24450,BULLISH,251488057097254646979127624597504,06 Nov 24,02:43 PM,50.48,06 Nov 24,02:45 PM,44.06,hard_sl_hit,-4.0363833164109336e+34,-12.72,2
NIFTY50,24250,BEARISH,676525530173335443319516651585536,07 Nov 24,12:44 PM,18.5,07 Nov 24,12:49 PM,19.9,tsl_hit,2.367839355609135e+34,7.57,5
NIFTY50,24200,BULLISH,632629554531327514893486892515328,07 Nov 24,12:57 PM,19.95,07 Nov 24,12:59 PM,16.65,hard_sl_hit,-5.219193824882301e+34,-16.54,2
NIFTY50,24200,BULLISH,2753110098423483618426752157614080,07 Nov 24,01:22 PM,4.5,07 Nov 24,01:26 PM,6.45,tsl_hit,1.342141172981949e+35,43.33,4
NIFTY50,24200,BULLISH,259710052617953119077200008946122752,07 Nov 24,01:46 PM,0.05,07 Nov 24,01:51 PM,1.4,tsl_hit,8.765214275865366e+36,2700.0,5
NIFTY50,24200,BULLISH,1038840210472652319672987884250464256,07 Nov 24,02:24 PM,0.05,07 Nov 24,02:30 PM,0.05,tsl_hit,0.0,0.0,6
NIFTY50,24250,BEARISH,243824862806330642534691040657408,08 Nov 24,09:48 AM,213.03,08 Nov 24,10:09 AM,253.15,tsl_hit,2.4455633739474967e+35,18.83,21
NIFTY50,24150,BEARISH,823814316897940077035032210833408,08 Nov 24,12:20 PM,64.37,08 Nov 24,12:28 PM,58.27,hard_sl_hit,-1.256316833269359e+35,-9.48,8
NIFTY50,24150,BULLISH,650192869166193183995747951968256,08 Nov 24,01:39 PM,80.7,08 Nov 24,01:44 PM,80.45,time_stop,-4.0637054322887074e+33,-0.31,5
NIFTY50,24150,BEARISH,906228466286789947875136727154688,08 Nov 24,02:44 PM,57.88,08 Nov 24,02:49 PM,64.28,tsl_hit,1.4499655460588635e+35,11.06,5
NIFTY50,24050,BULLISH,442216480055477029280381837246464,11 Nov 24,09:17 AM,120.07,11 Nov 24,09:22 AM,155.63,tsl_hit,3.931304507693191e+35,29.62,5
NIFTY50,24300,BULLISH,743549067355270554555677434445824,11 Nov 24,12:04 PM,73.76,11 Nov 24,12:07 PM,60.22,hard_sl_hit,-2.516913592997592e+35,-18.36,3
NIFTY50,24200,BULLISH,580252197262882366404541240311808,11 Nov 24,01:21 PM,92.59,11 Nov 24,01:40 PM,82.07,hard_sl_hit,-1.5260632788013822e+35,-11.36,19
NIFTY50,24150,BULLISH,572247039896831990281650462261248,11 Nov 24,01:46 PM,92.7,11 Nov 24,01:51 PM,83.7,hard_sl_hit,-1.287555839767872e+35,-9.71,5
NIFTY50,24250,BEARISH,382276196973406394798206313562112,12 Nov 24,09:17 AM,137.27,12 Nov 24,09:21 AM,148.48,tsl_hit,1.0713290420179695e+35,8.17,4
NIFTY50,24150,BULLISH,782260301365583836322551438508032,12 Nov 24,11:46 AM,67.69,12 Nov 24,11:49 AM,70.9,tsl_hit,6.277638918458826e+34,4.74,3
NIFTY50,24100,BULLISH,684632874258393402646940195225600,12 Nov 24,12:15 PM,77.75,12 Nov 24,12:25 PM,73.31,tsl_hit,-7.599424904268163e+34,-5.71,10
NIFTY50,24050,BULLISH,755930452417073286678723885531136,12 Nov 24,12:45 PM,69.97,12 Nov 24,12:46 PM,63.35,hard_sl_hit,-1.2510648987502558e+35,-9.46,1
NIFTY50,23950,BEARISH,543021632203087868079309307510784,12 Nov 24,01:49 PM,96.38,12 Nov 24,01:54 PM,87.59,hard_sl_hit,-1.1932900367662846e+35,-9.12,5
NIFTY50,23950,BULLISH,514510614602065038928733794205696,12 Nov 24,02:30 PM,100.69,12 Nov 24,02:37 PM,115.4,tsl_hit,1.8921127851990952e+35,14.61,7
NIFTY50,23850,BULLISH,976572301983416260171618815311872,13 Nov 24,09:17 AM,53.91,13 Nov 24,09:19 AM,53.99,tsl_hit,1.9531446039669645e+33,0.15,2
NIFTY50,23600,BULLISH,1053113868852205386614472809008594944,14 Nov 24,10:41 AM,0.05,14 Nov 24,10:46 AM,0.05,time_stop,0.0,0.0,5
NIFTY50,23550,BULLISH,4519802012240660044740578225684480,14 Nov 24,10:55 AM,11.65,14 Nov 24,10:56 AM,2.0,hard_sl_hit,-1.0904022354532236e+36,-82.83,1
NIFTY50,23550,BEARISH,10743699165175857457759226997768192,14 Nov 24,12:56 PM,4.45,14 Nov 24,12:59 PM,13.65,tsl_hit,2.471050807990643e+36,206.74,3
NIFTY50,23500,BULLISH,4040681052959263770390578249859072,14 Nov 24,03:02 PM,14.55,14 Nov 24,03:04 PM,12.1,hard_sl_hit,-2.474917144938284e+35,-16.84,2
NIFTY50,23500,BULLISH,498461604847297661140607046778880,18 Nov 24,09:22 AM,115.74,18 Nov 24,09:25 AM,104.51,hard_sl_hit,-1.3994309556087868e+35,-9.7,3
NIFTY50,23400,BEARISH,572187455699040654845388737478656,18 Nov 24,11:21 AM,99.74,18 Nov 24,11:27 AM,84.8,hard_sl_hit,-2.1371201470359164e+35,-14.98,6
NIFTY50,23450,BEARISH,626760617098077999273401009569792,18 Nov 24,11:47 AM,89.54,18 Nov 24,11:54 AM,80.57,hard_sl_hit,-1.4055106838424418e+35,-10.02,7
NIFTY50,23500,BEARISH,500952105433479061815305906946048,18 Nov 24,01:40 PM,110.78,18 Nov 24,01:47 PM,112.72,tsl_hit,2.4296177113523707e+34,1.75,7
NIFTY50,23400,BULLISH,529910009047119465978799081914368,18 Nov 24,02:35 PM,104.93,18 Nov 24,02:50 PM,120.22,tsl_hit,2.0255810095826134e+35,14.57,15
NIFTY50,23600,BEARISH,558171643542382801782420466040832,19 Nov 24,09:19 AM,101.23,19 Nov 24,09:24 AM,82.6,hard_sl_hit,-2.5996844297986495e+35,-18.4,5
NIFTY50,23750,BEARISH,1022884867375026330799768420220928,19 Nov 24,11:28 AM,54.11,19 Nov 24,11:30 AM,48.75,hard_sl_hit,-1.3706657222825352e+35,-9.91,2
NIFTY50,23750,BULLISH,1397475501868873663283780474896384,19 Nov 24,01:27 PM,39.17,19 Nov 24,01:37 PM,42.92,tsl_hit,1.310133283002069e+35,9.57,10
NIFTY50,23700,BULLISH,1048150755348916435319445379874816,19 Nov 24,02:10 PM,52.78,19 Nov 24,02:11 PM,45.39,hard_sl_hit,-1.9364585205071233e+35,-14.0,1
NIFTY50,23350,BEARISH,1089214972719586122686105628365029376,21 Nov 24,12:02 PM,0.05,21 Nov 24,12:07 PM,0.05,time_stop,0.0,0.0,5
NIFTY50,23350,BULLISH,1089214972719586122686105628365029376,21 Nov 24,12:32 PM,0.05,21 Nov 24,12:37 PM,0.05,tsl_hit,0.0,0.0,5
NIFTY50,23350,BULLISH,1089214972719586122686105628365029376,21 Nov 24,12:50 PM,0.05,21 Nov 24,12:55 PM,0.05,time_stop,0.0,0.0,5
NIFTY50,23300,BULLISH,3536412249089231023592627243057152,21 Nov 24,01:01 PM,15.4,21 Nov 24,01:09 PM,34.7,tsl_hit,1.7063189101854898e+36,125.32,8
NIFTY50,23350,BULLISH,1240887764736074304889917704213889024,21 Nov 24,02:34 PM,0.05,21 Nov 24,02:39 PM,0.05,time_stop,0.0,0.0,5
NIFTY50,23400,BULLISH,509144823870045180521137592860672,22 Nov 24,09:15 AM,121.86,22 Nov 24,09:26 AM,216.84,tsl_hit,1.2089643842794225e+36,77.94,11
NIFTY50,23550,BEARISH,385287251560438864349426928844800,22 Nov 24,11:41 AM,174.98,22 Nov 24,11:45 AM,156.72,hard_sl_hit,-1.7588363033734026e+35,-10.44,4
NIFTY50,23650,BEARISH,547496986725199853076106866327552,22 Nov 24,12:34 PM,121.71,22 Nov 24,12:43 PM,110.71,hard_sl_hit,-1.5056167134942997e+35,-9.04,9
NIFTY50,23700,BEARISH,552207393860278091348571028717568,22 Nov 24,01:20 PM,119.46,22 Nov 24,01:33 PM,136.18,tsl_hit,2.3082269063359644e+35,14.0,13
NIFTY50,23800,BEARISH,560935894629381399600717642072064,22 Nov 24,02:03 PM,119.43,22 Nov 24,02:07 PM,108.51,hard_sl_hit,-1.5313549923382114e+35,-9.14,4
NIFTY50,24250,BEARISH,141686192207106605865172107001856,25 Nov 24,09:17 AM,468.02,25 Nov 24,10:55 AM,80.42,hard_sl_hit,-1.3729392024868628e+36,-82.82,98
NIFTY50,24350,BEARISH,594666860895973530573882399916032,25 Nov 24,11:04 AM,101.25,25 Nov 24,11:07 AM,85.96,hard_sl_hit,-2.2731140757748597e+35,-15.1,3
NIFTY50,24150,BULLISH,664046514224909767757422670118912,25 Nov 24,12:59 PM,89.15,25 Nov 24,01:02 PM,88.7,tsl_hit,-7.470523285030282e+33,-0.5,3
NIFTY50,24250,BEARISH,687263845016139705180053200437248,25 Nov 24,02:42 PM,86.09,25 Nov 24,02:45 PM,78.33,hard_sl_hit,-1.333291859331312e+35,-9.01,3
NIFTY50,24200,BULLISH,926656703966724527942952382627840,26 Nov 24,11:59 AM,63.21,26 Nov 24,12:04 PM,55.81,hard_sl_hit,-1.71431490233844e+35,-11.71,5
NIFTY50,24200,BEARISH,1542477388563607893691004060958720,26 Nov 24,02:42 PM,37.48,26 Nov 24,02:50 PM,35.81,tsl_hit,-6.439843097253042e+34,-4.46,8
NIFTY50,24200,BULLISH,1053779763227646239889338635649024,26 Nov 24,03:04 PM,54.59,26 Nov 24,03:05 PM,49.29,hard_sl_hit,-1.3962581862766324e+35,-9.71,1
NIFTY50,24300,BULLISH,1067841585301116227628033598554112,27 Nov 24,01:59 PM,53.29,27 Nov 24,02:01 PM,46.43,hard_sl_hit,-1.8313483187914144e+35,-12.87,2
NIFTY50,24300,BEARISH,1772238404251721130215091285786624,27 Nov 24,02:30 PM,31.65,27 Nov 24,02:34 PM,33.57,tsl_hit,8.506744340408268e+34,6.07,4
NIFTY50,24300,BEARISH,21309216234255216040136743592132608,28 Nov 24,09:53 AM,2.65,28 Nov 24,09:55 AM,0.05,hard_sl_hit,-1.3850990552273645e+36,-98.11,2
NIFTY50,24000,BULLISH,3174348720492203894160018854903808,28 Nov 24,12:39 PM,15.85,28 Nov 24,12:40 PM,12.9,hard_sl_hit,-2.341082181360691e+35,-18.61,1
NIFTY50,24100,BEARISH,257528595883045886046765609648128,29 Nov 24,10:35 AM,191.33,29 Nov 24,10:47 AM,195.44,tsl_hit,2.646106322698287e+34,2.15,12
NIFTY50,24100,BEARISH,352563002182571466176127798607872,29 Nov 24,12:11 PM,140.09,29 Nov 24,12:13 PM,119.41,hard_sl_hit,-1.822750721283895e+35,-14.76,2
NIFTY50,24150,BEARISH,999803242314770571656031629213696,02 Dec 24,12:31 PM,48.59,02 Dec 24,12:34 PM,43.14,hard_sl_hit,-1.3622319176538757e+35,-11.22,3
NIFTY50,24250,BEARISH,657732425777742501741112697290752,02 Dec 24,02:03 PM,72.94,02 Dec 24,02:05 PM,64.45,hard_sl_hit,-1.3960370737132578e+35,-11.64,2
NIFTY50,24300,BEARISH,659442169817270565366677276459008,03 Dec 24,09:17 AM,71.81,03 Dec 24,09:23 AM,77.11,tsl_hit,8.73760875007883e+34,7.38,6
NIFTY50,24400,BEARISH,995888201527917635118414295990272,03 Dec 24,11:03 AM,47.94,03 Dec 24,11:07 AM,43.06,hard_sl_hit,-1.2149836058640584e+35,-10.18,4
NIFTY50,24450,BEARISH,897222727001159637271671736369152,03 Dec 24,11:20 AM,52.61,03 Dec 24,11:29 AM,54.22,tsl_hit,3.6113214761796663e+34,3.06,9
NIFTY50,24400,BEARISH,1414254728105407951708862524948480,03 Dec 24,01:29 PM,33.49,03 Dec 24,01:30 PM,30.4,hard_sl_hit,-1.0925117774614287e+35,-9.23,1
NIFTY50,24450,BEARISH,1086140640738351463536668270657536,03 Dec 24,01:36 PM,43.16,03 Dec 24,01:41 PM,35.18,hard_sl_hit,-2.16685057827301e+35,-18.49,5
NIFTY50,24500,BEARISH,1076548308389509731450409164210176,04 Dec 24,09:17 AM,42.65,04 Dec 24,09:22 AM,33.32,hard_sl_hit,-2.511048929318531e+35,-21.88,5
NIFTY50,24400,BULLISH,558379204866618356170108207890432,04 Dec 24,11:59 AM,80.23,04 Dec 24,12:00 PM,67.76,hard_sl_hit,-1.7407471711716825e+35,-15.54,1
NIFTY50,24500,BEARISH,525484581010254852442753396113408,04 Dec 24,01:34 PM,83.78,04 Dec 24,01:35 PM,70.01,hard_sl_hit,-1.808980670127802e+35,-16.44,1
NIFTY50,24500,BULLISH,730826966318793711206483626033152,04 Dec 24,02:22 PM,59.14,04 Dec 24,02:24 PM,47.12,hard_sl_hit,-2.1961350337879758e+35,-20.32,2
NIFTY50,24500,BEARISH,844900935461531882576215274497769472,05 Dec 24,09:17 AM,0.05,05 Dec 24,09:20 AM,0.05,tsl_hit,0.0,0.0,3
NIFTY50,24450,BULLISH,1738479291073162594396505601212416,05 Dec 24,09:40 AM,24.3,05 Dec 24,09:43 AM,27.1,tsl_hit,1.2169355037508975e+35,11.52,3
NIFTY50,24400,BEARISH,855718139939317598783459472684613632,05 Dec 24,10:54 AM,0.05,05 Dec 24,10:59 AM,66.45,tsl_hit,1.420492112299283e+39,132800.0,5
NIFTY50,24350,BULLISH,127121683677653347217244332006729318400,05 Dec 24,11:00 AM,0.05,05 Dec 24,11:05 AM,19.95,tsl_hit,6.324303762963485e+40,39800.0,5
NIFTY50,24650,BEARISH,21941698582193604578657830267045019648,05 Dec 24,01:43 PM,13.1,05 Dec 24,01:44 PM,0.05,hard_sl_hit,-7.158479162439865e+39,-99.62,1
NIFTY50,24750,BEARISH,22521655372912760384382518950946144256,05 Dec 24,02:15 PM,11.35,05 Dec 24,02:16 PM,5.45,hard_sl_hit,-3.321944167503403e+39,-51.98,1
NIFTY50,24800,BEARISH,4817131843650239927235003404668136062976,05 Dec 24,02:32 PM,0.05,05 Dec 24,02:37 PM,0.05,time_stop,0.0,0.0,5
NIFTY50,24650,BULLISH,723488607078525602980898674172755968,06 Dec 24,10:10 AM,332.91,06 Dec 24,10:16 AM,291.29,hard_sl_hit,-7.52789895665206e+38,-12.5,6
NIFTY50,24750,BEARISH,1285510171643693692679030154849157120,06 Dec 24,11:09 AM,184.76,06 Dec 24,11:37 AM,203.14,tsl_hit,5.906919238702771e+38,9.95,28
NIFTY50,24650,BULLISH,1427257989612554361835886310764576768,06 Dec 24,11:51 AM,168.25,06 Dec 24,12:02 PM,157.39,tsl_hit,-3.87500544179809e+38,-6.45,11
NIFTY50,24700,BULLISH,3273118233271734733912645732457775104,06 Dec 24,01:24 PM,72.84,06 Dec 24,01:35 PM,76.53,tsl_hit,3.0194515701931733e+38,5.07,11
NIFTY50,24650,BULLISH,2611151280626819105276096637940269056,06 Dec 24,01:40 PM,91.82,06 Dec 24,01:51 PM,102.34,tsl_hit,6.867327868048541e+38,11.46,11
NIFTY50,24700,BEARISH,3767386443852401115545901743397142528,09 Dec 24,09:26 AM,64.45,09 Dec 24,09:30 AM,78.16,tsl_hit,1.29127170363041e+39,21.27,4
NIFTY50,24600,BEARISH,2756427211442339120148844083589152768,09 Dec 24,10:28 AM,90.17,09 Dec 24,10:40 AM,90.38,tsl_hit,1.447124286007185e+37,0.23,12
NIFTY50,24650,BEARISH,3116992957506135394793110002917703680,09 Dec 24,11:22 AM,79.76,09 Dec 24,11:27 AM,73.82,time_stop,-4.62873454189662e+38,-7.45,5
NIFTY50,24700,BEARISH,3138018874108887804940737696749322240,09 Dec 24,11:47 AM,78.57,09 Dec 24,12:06 PM,71.12,hard_sl_hit,-5.8445601530277944e+38,-9.48,19
NIFTY50,24650,BULLISH,3301171321359955333184390450751995904,09 Dec 24,12:13 PM,73.9,09 Dec 24,12:19 PM,76.02,tsl_hit,1.7496208003207682e+38,2.87,6
NIFTY50,24600,BULLISH,3731841565920825302250107787783700480,10 Dec 24,09:30 AM,65.58,10 Dec 24,09:34 AM,78.92,tsl_hit,1.2445691622345956e+39,20.34,4
NIFTY50,24650,BEARISH,4610640906262125544232535897791266816,10 Dec 24,09:56 AM,54.28,10 Dec 24,09:58 AM,49.14,hard_sl_hit,-5.9246735645468316e+38,-9.47,2
NIFTY50,24650,BEARISH,5148282747214106243926138477694943232,10 Dec 24,10:02 AM,48.1,10 Dec 24,10:08 AM,49.94,tsl_hit,2.368210063718484e+38,3.83,6
NIFTY50,24650,BEARISH,6900248000751819154153041387551981568,10 Dec 24,11:33 AM,36.04,10 Dec 24,11:34 AM,32.35,hard_sl_hit,-6.365478780693549e+38,-10.24,1
NIFTY50,24650,BULLISH,7199292423624812666962534184014315520,10 Dec 24,11:51 AM,34.15,10 Dec 24,11:55 AM,30.85,hard_sl_hit,-5.939416249490466e+38,-9.66,4
NIFTY50,24650,BEARISH,6480578089833686002294963734214344704,10 Dec 24,12:08 PM,37.53,10 Dec 24,12:16 PM,85.73,tsl_hit,7.809096598249592e+39,128.43,8
NIFTY50,24600,BULLISH,4548661075346622787546035541885583360,10 Dec 24,12:17 PM,61.1,10 Dec 24,12:20 PM,51.89,hard_sl_hit,-1.04732921259856e+39,-15.07,3
NIFTY50,24550,BULLISH,4121073672194851551430044099155066880,10 Dec 24,12:37 PM,66.31,10 Dec 24,12:40 PM,66.73,tsl_hit,4.327127355804611e+37,0.63,3
NIFTY50,24550,BEARISH,4458113987196115644661926752843464704,10 Dec 24,01:34 PM,61.34,10 Dec 24,01:45 PM,70.93,tsl_hit,1.0688328284302691e+39,15.63,11
NIFTY50,24500,BULLISH,3288158374908006630762793241357058048,10 Dec 24,01:50 PM,84.61,10 Dec 24,01:55 PM,76.76,hard_sl_hit,-6.453010810756959e+38,-9.28,5
NIFTY50,24550,BEARISH,6315208148995082037137709255566032896,10 Dec 24,02:54 PM,43.6,10 Dec 24,03:00 PM,38.23,hard_sl_hit,-8.478166940025905e+38,-12.32,6
NIFTY50,24650,BEARISH,7243931744481688622190656855935549440,11 Dec 24,10:28 AM,37.49,11 Dec 24,10:33 AM,39.57,tsl_hit,3.766844507130475e+38,5.55,5
NIFTY50,24700,BEARISH,6280146040333227713921117683839926272,11 Dec 24,11:40 AM,43.51,11 Dec 24,11:44 AM,45.09,tsl_hit,2.4806576859316334e+38,3.63,4
NIFTY50,24650,BULLISH,6968546323138924261009246793125330944,11 Dec 24,12:14 PM,39.37,11 Dec 24,12:15 PM,31.03,hard_sl_hit,-1.452941908374465e+39,-21.18,1
NIFTY50,24650,BULLISH,8429645977004532233173955576458117120,11 Dec 24,12:17 PM,31.78,11 Dec 24,12:21 PM,43.23,tsl_hit,2.4129861609175465e+39,36.03,4
NIFTY50,24650,BEARISH,8769862514529912363577130043670790144,11 Dec 24,01:07 PM,31.77,11 Dec 24,01:11 PM,27.35,hard_sl_hit,-9.690698078555549e+38,-13.91,4
NIFTY50,24650,BULLISH,18827148604173841807205283763526303744,11 Dec 24,02:47 PM,14.57,11 Dec 24,02:49 PM,14.83,tsl_hit,1.2237646592712986e+38,1.78,2
NIFTY50,24600,BULLISH,5497109011338669510480145780578099134464,12 Dec 24,11:02 AM,0.05,12 Dec 24,11:06 AM,0.05,tsl_hit,0.0,0.0,4
NIFTY50,24550,BULLISH,11452310440288894183851439326918344704,12 Dec 24,12:04 PM,24.0,12 Dec 24,12:06 PM,10.4,hard_sl_hit,-3.8937855496978075e+39,-56.67,2
NIFTY50,24550,BEARISH,5150994740254420222704932337745081139200,12 Dec 24,12:32 PM,0.05,12 Dec 24,12:37 PM,0.05,time_stop,0.0,0.0,5
NIFTY50,24550,BEARISH,5150994740254420222704932337745081139200,12 Dec 24,02:17 PM,0.05,12 Dec 24,02:22 PM,0.05,time_stop,0.0,0.0,5
NIFTY50,24550,BULLISH,858499123377818725905077534110768955392,12 Dec 24,02:49 PM,0.3,12 Dec 24,02:50 PM,0.05,hard_sl_hit,-5.365619521095751e+39,-83.33,1
NIFTY50,24550,BULLISH,867653755861088991017278054416252928,13 Dec 24,12:35 PM,269.35,13 Dec 24,12:53 PM,271.35,tsl_hit,4.338268779305445e+37,0.74,18
NIFTY50,24700,BULLISH,1345463363362466950760675727277817856,13 Dec 24,02:49 PM,173.84,13 Dec 24,03:02 PM,168.85,tsl_hit,-1.6784655457946804e+38,-2.87,13
NIFTY50,24750,BULLISH,2485335959918040499425989295041675264,16 Dec 24,09:18 AM,93.81,16 Dec 24,09:24 AM,85.34,hard_sl_hit,-5.26269889512645e+38,-9.03,6
NIFTY50,24650,BULLISH,2349454286575616495232147072594477056,16 Dec 24,11:16 AM,98.24,16 Dec 24,11:21 AM,93.94,time_stop,-2.525663358068786e+38,-4.38,5
NIFTY50,24650,BULLISH,2799364680867251569235088463015968768,16 Dec 24,11:58 AM,82.05,16 Dec 24,12:03 PM,77.47,time_stop,-3.205272559593002e+38,-5.58,5
NIFTY50,24650,BEARISH,2776925869624290198698666062893809664,16 Dec 24,12:27 PM,82.2,16 Dec 24,12:33 PM,89.15,tsl_hit,4.824908698472206e+38,8.45,6
NIFTY50,24650,BULLISH,3467906537463941991934898495054413824,16 Dec 24,01:28 PM,66.44,16 Dec 24,01:34 PM,65.76,tsl_hit,-5.895441113688638e+37,-1.02,6
NIFTY50,24600,BULLISH,3194693097502102196369447641952550912,17 Dec 24,09:17 AM,72.04,17 Dec 24,09:26 AM,84.59,tsl_hit,1.0023349593412844e+39,17.42,9
NIFTY50,24550,BULLISH,2462738954288980743611554237520019456,17 Dec 24,09:38 AM,95.26,17 Dec 24,09:47 AM,85.8,hard_sl_hit,-5.824377626893445e+38,-9.93,9
NIFTY50,24350,BULLISH,2351869239806882747941978029019889664,17 Dec 24,12:22 PM,98.65,17 Dec 24,12:35 PM,147.94,tsl_hit,2.898090870752031e+39,49.96,13
NIFTY50,24350,BULLISH,5425172892710633478911669652867252224,18 Dec 24,09:19 AM,45.14,18 Dec 24,09:21 AM,50.02,tsl_hit,6.618710929106977e+38,10.81,2
NIFTY50,24350,BEARISH,4398898716343332586927910753650343936,18 Dec 24,09:42 AM,56.34,18 Dec 24,09:44 AM,47.57,hard_sl_hit,-9.64458543558276e+38,-15.57,2
NIFTY50,24150,BULLISH,4420099296968580314344296829922836480,18 Dec 24,12:39 PM,55.1,18 Dec 24,12:50 PM,49.82,hard_sl_hit,-5.834531071998527e+38,-9.58,11
NIFTY50,24300,BEARISH,3770213524363644880031272185746161664,18 Dec 24,09:17 AM,63.91,18 Dec 24,09:19 AM,59.91,tsl_hit,-3.770213524363645e+38,-6.26,2
NIFTY50,24350,BEARISH,3111151942358702613919824047864020992,18 Dec 24,09:42 AM,76.91,18 Dec 24,09:44 AM,67.62,hard_sl_hit,-7.22565038612808e+38,-12.08,2
NIFTY50,24150,BULLISH,4284342934940024403749409084525248512,18 Dec 24,12:39 PM,55.1,18 Dec 24,12:50 PM,49.82,hard_sl_hit,-5.6553326741208335e+38,-9.58,11
NIFTY50,23900,BULLISH,27000440985740799882170206510555070464,19 Dec 24,09:17 AM,8.65,19 Dec 24,09:18 AM,7.65,hard_sl_hit,-6.7501102464352e+38,-11.56,1
NIFTY50,23900,BULLISH,11793031484823024357240382704159031296,19 Dec 24,09:19 AM,19.55,19 Dec 24,09:20 AM,9.3,hard_sl_hit,-3.0219643179858997e+39,-52.43,1
NIFTY50,23950,BULLISH,361871355007377307747759482654932598784,19 Dec 24,10:52 AM,0.6,19 Dec 24,10:53 AM,0.05,hard_sl_hit,-4.9757311313382723e+39,-91.67,1
NIFTY50,23950,BULLISH,3900169048403483469890596171066837565440,19 Dec 24,11:12 AM,0.05,19 Dec 24,11:17 AM,0.05,tsl_hit,0.0,0.0,5
NIFTY50,24000,BEARISH,11304837821459372239614293746001117184,19 Dec 24,11:40 AM,17.25,19 Dec 24,11:42 AM,24.0,tsl_hit,1.907691382371269e+39,39.13,2
NIFTY50,23950,BEARISH,4069741615725374081819009474474725605376,19 Dec 24,01:03 PM,0.05,19 Dec 24,01:08 PM,0.05,time_stop,0.0,0.0,5
NIFTY50,23950,BULLISH,4069741615725374081819009474474725605376,19 Dec 24,01:21 PM,0.05,19 Dec 24,01:24 PM,0.05,tsl_hit,0.0,0.0,3
NIFTY50,23900,BULLISH,1746970130376619994101591859219398656,20 Dec 24,09:19 AM,116.48,20 Dec 24,09:22 AM,118.07,tsl_hit,6.944206268247017e+37,1.37,3
NIFTY50,24050,BEARISH,1432960991252767389758620262733971456,20 Dec 24,09:42 AM,142.22,20 Dec 24,09:50 AM,299.87,tsl_hit,5.647657506774969e+39,110.85,8
NIFTY50,23850,BULLISH,1324019043302172321940791763685867520,20 Dec 24,12:17 PM,172.88,20 Dec 24,12:22 PM,156.58,hard_sl_hit,-5.395377601456346e+38,-9.43,5
NIFTY50,23600,BULLISH,1745922042745951690286312126570037248,20 Dec 24,03:02 PM,129.73,20 Dec 24,03:04 PM,117.03,hard_sl_hit,-5.5433024857183915e+38,-9.79,2
NIFTY50,23750,BEARISH,1343778650502517151253665520428253184,23 Dec 24,09:18 AM,166.72,23 Dec 24,09:22 AM,148.63,hard_sl_hit,-6.077238946897635e+38,-10.85,4
NIFTY50,23850,BEARISH,1632014315914095081945719434423304192,23 Dec 24,11:02 AM,135.62,23 Dec 24,11:09 AM,121.11,hard_sl_hit,-5.9201319309783816e+38,-10.7,7
NIFTY50,23850,BEARISH,2117364815346771758485068562776981504,23 Dec 24,11:19 AM,103.29,23 Dec 24,11:22 AM,93.55,hard_sl_hit,-5.155783325369394e+38,-9.43,3
NIFTY50,23800,BULLISH,2232654003109959109993025854999887872,23 Dec 24,11:58 AM,96.93,23 Dec 24,12:03 PM,90.51,time_stop,-3.583409674991486e+38,-6.62,5
NIFTY50,23800,BULLISH,4291221054718935308153780998072434688,24 Dec 24,12:06 PM,50.06,24 Dec 24,12:10 PM,43.91,hard_sl_hit,-6.5977523716303686e+38,-12.29,4
NIFTY50,23750,BEARISH,6549804995729168925414514878140383232,24 Dec 24,02:15 PM,32.35,24 Dec 24,02:23 PM,51.13,tsl_hit,3.075133445494845e+39,58.05,8
NIFTY50,23750,BEARISH,4959398666877604629277824953931005952,24 Dec 24,02:56 PM,45.48,24 Dec 24,03:02 PM,48.12,tsl_hit,3.2732031201392198e+38,5.8,6
NIFTY50,23700,BULLISH,19913000729109529151195689632214810624,26 Dec 24,10:51 AM,11.4,26 Dec 24,10:54 AM,15.85,tsl_hit,2.2153213311119863e+39,39.04,3
NIFTY50,23750,BEARISH,4737081617891951107748066269576051032064,26 Dec 24,02:44 PM,0.05,26 Dec 24,02:49 PM,0.05,time_stop,0.0,0.0,5
NIFTY50,23750,BULLISH,4737081617891951107748066269576051032064,26 Dec 24,03:06 PM,0.05,26 Dec 24,03:10 PM,7.5,tsl_hit,8.822814513323759e+41,14900.0,4
NIFTY50,23800,BEARISH,51138912504060474533857942204961521664,27 Dec 24,09:17 AM,81.31,27 Dec 24,09:28 AM,79.19,tsl_hit,-2.710362362715211e+39,-2.61,11
NIFTY50,23850,BULLISH,67077478090272715894480636658365497344,27 Dec 24,01:03 PM,61.81,27 Dec 24,01:14 PM,79.3,tsl_hit,2.9329627294971735e+40,28.3,11
NIFTY50,23850,BEARISH,88118953633804235259077583253022965760,27 Dec 24,01:57 PM,48.53,27 Dec 24,02:02 PM,45.62,time_stop,-6.410653876859267e+39,-6.0,5
NIFTY50,23800,BULLISH,59939622193315327736139127708291432448,30 Dec 24,09:17 AM,70.87,30 Dec 24,09:20 AM,84.36,tsl_hit,2.0214637584695585e+40,19.03,3
NIFTY50,23800,BEARISH,65200118120397019048526290827712921600,30 Dec 24,11:26 AM,66.53,30 Dec 24,11:28 AM,58.33,hard_sl_hit,-1.3366024214681394e+40,-12.33,2
NIFTY50,23550,BULLISH,32333428857956192438616271086545797120,31 Dec 24,09:17 AM,132.32,31 Dec 24,09:19 AM,133.59,tsl_hit,1.0265863662401174e+39,0.96,2
NIFTY50,23550,BEARISH,37385840717152070861859793911263789056,31 Dec 24,09:38 AM,114.56,31 Dec 24,09:46 AM,138.24,tsl_hit,2.2132417704554033e+40,20.67,8
NIFTY50,23500,BULLISH,33111307538286506895484714227490357248,31 Dec 24,10:08 AM,132.32,31 Dec 24,10:13 AM,121.31,time_stop,-9.113887399913353e+39,-8.32,5
NIFTY50,23550,BEARISH,29603642141746120019221260311646437376,31 Dec 24,10:25 AM,146.63,31 Dec 24,10:31 AM,149.79,tsl_hit,2.3386877291979408e+39,2.16,6
NIFTY50,23600,BULLISH,77574901318052352326771568586373726208,31 Dec 24,12:44 PM,56.09,31 Dec 24,12:53 PM,50.52,hard_sl_hit,-1.0802305008538791e+40,-9.93,9
NIFTY50,23650,BEARISH,96591828741799373241771999961850839040,31 Dec 24,01:42 PM,44.55,31 Dec 24,01:45 PM,46.07,tsl_hit,3.6704894921883834e+39,3.41,3
NIFTY50,23700,BEARISH,86320528718607348668222797293073465344,31 Dec 24,02:09 PM,50.04,31 Dec 24,02:12 PM,51.42,tsl_hit,2.9780582407919594e+39,2.76,3
NIFTY50,23650,BEARISH,66128129906633568225049227100608790528,01 Jan 25,10:14 AM,65.52,01 Jan 25,10:16 AM,65.65,tsl_hit,2.149164221965751e+38,0.2,2
NIFTY50,23750,BEARISH,67147044555024511699686586718112186368,01 Jan 25,10:53 AM,64.54,01 Jan 25,10:58 AM,58.0,hard_sl_hit,-1.0978541784746517e+40,-10.13,5
NIFTY50,23750,BEARISH,103875799673647609509100085975162290176,01 Jan 25,11:19 AM,41.25,01 Jan 25,11:22 AM,41.17,tsl_hit,-2.077515993472908e+38,-0.19,3
NIFTY50,23800,BEARISH,156120750586604258960691322434938208256,01 Jan 25,02:04 PM,27.44,01 Jan 25,02:08 PM,24.22,hard_sl_hit,-1.2567720422221652e+40,-11.73,4
NIFTY50,23800,BEARISH,84561937217730945170963722641597846781952,02 Jan 25,09:39 AM,0.05,02 Jan 25,09:44 AM,0.05,time_stop,0.0,0.0,5
NIFTY50,23850,BEARISH,939577080197010374290760403362452078592,02 Jan 25,09:57 AM,4.5,02 Jan 25,10:01 AM,18.6,tsl_hit,3.31200920769412e+41,313.33,4
NIFTY50,23950,BEARISH,1520026920852011635663512427558309199872,02 Jan 25,11:11 AM,3.75,02 Jan 25,11:13 AM,4.3,tsl_hit,2.090037016168751e+40,14.67,2
NIFTY50,23950,BEARISH,115859829744939780751484389336062030249984,02 Jan 25,11:31 AM,0.05,02 Jan 25,11:36 AM,0.05,time_stop,0.0,0.0,5
NIFTY50,24000,BEARISH,1504673113571215298939075883447539990528,02 Jan 25,12:27 PM,3.85,02 Jan 25,12:28 PM,0.05,hard_sl_hit,-1.4294394578921071e+41,-98.7,1
NIFTY50,24200,BEARISH,239892328442658742927437149430238674944,02 Jan 25,02:22 PM,21.5,02 Jan 25,02:28 PM,40.9,tsl_hit,1.1634777929469822e+41,90.23,6
NIFTY50,24150,BULLISH,53958222904126015797065127577673269248,03 Jan 25,09:17 AM,105.17,03 Jan 25,09:20 AM,116.4,tsl_hit,1.5148771080333385e+40,10.68,3
NIFTY50,24150,BULLISH,54953719727199563631977101705732947968,03 Jan 25,09:27 AM,104.49,03 Jan 25,09:32 AM,96.52,time_stop,-1.094952865564451e+40,-7.63,5
NIFTY50,24100,BEARISH,51071489078688712459924337392602841088,03 Jan 25,10:05 AM,111.48,03 Jan 25,10:15 AM,148.69,tsl_hit,4.750925271545017e+40,33.38,10
NIFTY50,24050,BEARISH,45489998742550898549111268872757968896,03 Jan 25,11:09 AM,129.8,03 Jan 25,11:15 AM,117.55,hard_sl_hit,-1.393131211490623e+40,-9.44,6
NIFTY50,24100,BEARISH,65230377292064202240616584733127606272,03 Jan 25,01:06 PM,89.57,03 Jan 25,01:55 PM,91.3,tsl_hit,2.821213817881783e+39,1.93,49
NIFTY50,24050,BULLISH,59601217651971356129809193696411779072,03 Jan 25,02:01 PM,98.24,03 Jan 25,02:15 PM,89.37,hard_sl_hit,-1.3216570014324633e+40,-9.03,14
NIFTY50,24050,BEARISH,71148684312690435942414155119608201216,03 Jan 25,02:40 PM,81.47,03 Jan 25,02:44 PM,81.47,tsl_hit,0.0,0.0,4
NIFTY50,24000,BULLISH,53057055477847962391026644993724907520,03 Jan 25,03:03 PM,109.25,03 Jan 25,03:06 PM,98.07,hard_sl_hit,-1.4829447006058514e+40,-10.23,3
NIFTY50,24000,BULLISH,51682671875853441882720076094683217920,03 Jan 25,03:29 PM,110.88,06 Jan 25,09:18 AM,109.84,tsl_hit,-1.3437494687721792e+39,-0.94,4
NIFTY50,24100,BEARISH,53197680863613230523764672551706427392,06 Jan 25,09:26 AM,107.61,06 Jan 25,09:30 AM,129.44,tsl_hit,2.903263433131692e+40,20.29,4
NIFTY50,23700,BULLISH,38399608817205641066632156806211698688,07 Jan 25,09:51 AM,152.44,07 Jan 25,10:09 AM,133.43,hard_sl_hit,-1.8249414090376972e+40,-12.47,18
NIFTY50,23750,BEARISH,59035875036065520319286260708249960448,07 Jan 25,11:29 AM,97.78,07 Jan 25,11:35 AM,87.5,hard_sl_hit,-1.517221988426884e+40,-10.51,6
NIFTY50,23750,BEARISH,65104368054912226606466297146351026176,07 Jan 25,11:36 AM,87.63,07 Jan 25,11:43 AM,87.81,tsl_hit,2.929696562471161e+38,0.21,7
NIFTY50,23750,BULLISH,105889735758267863803434093147110506496,07 Jan 25,12:04 PM,53.89,07 Jan 25,12:07 PM,54.66,tsl_hit,2.0383774133466457e+39,1.43,3
NIFTY50,23550,BULLISH,91947511505525837175795589584791797760,08 Jan 25,11:24 AM,62.16,08 Jan 25,11:33 AM,87.18,tsl_hit,5.751316844670644e+40,40.25,9
NIFTY50,23550,BULLISH,122408187723838615166747425579007475712,08 Jan 25,12:04 PM,48.78,08 Jan 25,12:06 PM,44.17,hard_sl_hit,-1.41075436351724e+40,-9.45,2
NIFTY50,23650,BEARISH,91291273226742097748011934888797143040,08 Jan 25,01:47 PM,64.72,08 Jan 25,01:48 PM,57.43,hard_sl_hit,-1.6637834545573746e+40,-11.26,1
NIFTY50,23700,BULLISH,93320941649409598345151501989576704000,08 Jan 25,03:03 PM,62.52,08 Jan 25,03:05 PM,52.54,hard_sl_hit,-2.3283574941527704e+40,-15.96,2
NIFTY50,23650,BULLISH,114618854332508182012453057320008724512768,09 Jan 25,09:17 AM,0.05,09 Jan 25,09:22 AM,0.05,time_stop,0.0,0.0,5
NIFTY50,23550,BULLISH,1302486981050798496373844355907177152512,09 Jan 25,10:49 AM,4.4,09 Jan 25,10:51 AM,6.05,tsl_hit,5.372758796827437e+40,37.5,2
NIFTY50,23600,BEARISH,119394639929688124614283785797734341017600,09 Jan 25,12:19 PM,0.05,09 Jan 25,12:23 PM,16.3,tsl_hit,4.850407247143362e+43,32500.0,4
NIFTY50,23550,BULLISH,4430867748501566503572094145887066445053952,09 Jan 25,01:59 PM,0.05,09 Jan 25,02:04 PM,0.05,time_stop,0.0,0.0,5
NIFTY50,23500,BULLISH,11077169371253915195075514103843992371200,09 Jan 25,02:39 PM,20.0,09 Jan 25,02:40 PM,15.5,hard_sl_hit,-1.2461815542660655e+42,-22.5,1
NIFTY50,23550,BEARISH,21929421597917083388348400429368290050048,09 Jan 25,03:23 PM,9.85,09 Jan 25,03:24 PM,8.25,hard_sl_hit,-8.771768639158856e+41,-16.24,1
NIFTY50,23500,BULLISH,1388675127012080794945845287693156614144,10 Jan 25,01:31 PM,152.74,10 Jan 25,01:56 PM,136.87,hard_sl_hit,-5.509568566420433e+41,-10.39,25
NIFTY50,23500,BULLISH,1678065805660267843916154203991802118144,10 Jan 25,02:08 PM,124.94,10 Jan 25,02:12 PM,113.36,hard_sl_hit,-4.858000507386475e+41,-9.27,4
NIFTY50,23200,BULLISH,741251135721707846213437260575451119616,13 Jan 25,09:18 AM,279.93,13 Jan 25,09:37 AM,285.27,tsl_hit,9.895702661884752e+40,1.91,19
NIFTY50,23250,BEARISH,776439413874659505760245831138189246464,13 Jan 25,10:05 AM,267.81,13 Jan 25,10:29 AM,240.19,hard_sl_hit,-5.361314152804525e+41,-10.31,24
NIFTY50,23300,BEARISH,765398544606930170077619298810852278272,13 Jan 25,10:31 AM,268.56,13 Jan 25,10:36 AM,255.91,time_stop,-2.420572897319418e+41,-4.71,5
NIFTY50,23250,BULLISH,1759267168227228793507660518999344545792,13 Jan 25,11:33 AM,116.23,13 Jan 25,11:38 AM,104.35,hard_sl_hit,-5.225023489634874e+41,-10.22,5
NIFTY50,23200,BULLISH,2646385525605325498080141230635166466048,13 Jan 25,01:00 PM,76.39,13 Jan 25,01:09 PM,76.86,tsl_hit,3.10950299258625e+40,0.62,9
NIFTY50,23200,BULLISH,2717930813301016165329056616109836337152,13 Jan 25,01:14 PM,74.43,13 Jan 25,01:19 PM,67.69,hard_sl_hit,-4.579713420412219e+41,-9.06,5
NIFTY50,23150,BULLISH,2507326433543818471791793453471182618624,13 Jan 25,01:41 PM,79.87,13 Jan 25,01:47 PM,71.69,hard_sl_hit,-5.127482556597113e+41,-10.24,6
NIFTY50,23100,BULLISH,2257483250979240234718898396521564209152,13 Jan 25,01:52 PM,87.7,13 Jan 25,01:57 PM,91.31,tsl_hit,2.037378634008764e+41,4.12,5
NIFTY50,23200,BEARISH,1569126490934866864528442343680414580736,14 Jan 25,09:17 AM,126.75,14 Jan 25,09:21 AM,114.08,hard_sl_hit,-4.970208160036192e+41,-10.0,4
NIFTY50,23250,BEARISH,3460809454892377958669902742590861606912,14 Jan 25,11:09 AM,56.83,14 Jan 25,11:23 AM,60.91,tsl_hit,3.530025643990224e+41,7.18,14
NIFTY50,23200,BULLISH,6179760025179293832399225887632362831872,14 Jan 25,02:34 PM,32.08,14 Jan 25,02:35 PM,27.45,hard_sl_hit,-7.153072229145031e+41,-14.43,1
NIFTY50,23250,BEARISH,3818116233994878807344474814196710637568,15 Jan 25,10:41 AM,51.09,15 Jan 25,10:45 AM,45.31,hard_sl_hit,-5.517177958122602e+41,-11.31,4
NIFTY50,23300,BEARISH,3201187955830138542900109381265508007936,15 Jan 25,10:49 AM,60.17,15 Jan 25,10:54 AM,61.53,tsl_hit,1.0884039049822466e+41,2.26,5
NIFTY50,23200,BULLISH,4279681169574034786008162146145489911808,15 Jan 25,03:19 PM,45.12,15 Jan 25,03:21 PM,53.79,tsl_hit,9.276208935051722e+41,19.22,2
NIFTY50,23350,BEARISH,20022535421106521039972149105207998939136,16 Jan 25,09:17 AM,9.85,16 Jan 25,09:21 AM,12.8,tsl_hit,1.4766619873069703e+42,29.95,4
NIFTY50,23300,BULLISH,4075698321273577221982531099090688034209792,16 Jan 25,10:55 AM,0.05,16 Jan 25,11:00 AM,0.05,time_stop,0.0,0.0,5
NIFTY50,23300,BEARISH,4075698321273577221982531099090688034209792,16 Jan 25,12:47 PM,0.05,16 Jan 25,12:52 PM,0.05,time_stop,0.0,0.0,5
NIFTY50,23300,BEARISH,4075698321273577221982531099090688034209792,16 Jan 25,12:57 PM,0.05,16 Jan 25,01:02 PM,0.05,time_stop,0.0,0.0,5
NIFTY50,23300,BEARISH,4075698321273577221982531099090688034209792,16 Jan 25,01:32 PM,0.05,16 Jan 25,01:37 PM,0.05,time_stop,0.0,0.0,5
NIFTY50,23350,BEARISH,14151730282198489810141324731928520163328,16 Jan 25,01:58 PM,14.4,16 Jan 25,02:00 PM,14.6,tsl_hit,7.075865140996277e+40,1.39,2
NIFTY50,23350,BULLISH,4081987979176684976536753821323206544326656,16 Jan 25,02:17 PM,0.05,16 Jan 25,02:22 PM,0.05,time_stop,0.0,0.0,5
NIFTY50,23200,BULLISH,813371852543873732115243562776865538048,17 Jan 25,09:19 AM,250.93,17 Jan 25,09:38 AM,274.16,tsl_hit,4.72365703364855e+41,9.26,19
NIFTY50,23150,BULLISH,716664820258933239830415801598731091968,17 Jan 25,10:53 AM,287.72,17 Jan 25,10:55 AM,161.55,hard_sl_hit,-2.2605400093017402e+42,-43.85,2
NIFTY50,23200,BEARISH,1944023365699848545496763309381929402368,17 Jan 25,02:03 PM,100.9,17 Jan 25,02:08 PM,101.28,tsl_hit,1.846822197414834e+40,0.38,5
NIFTY50,23200,BEARISH,2457533357365892953807545871447850221568,17 Jan 25,02:29 PM,79.85,17 Jan 25,02:34 PM,75.85,time_stop,-2.457533357365893e+41,-5.01,5
NIFTY50,23200,BEARISH,2447839959081138085199745965914496958464,17 Jan 25,03:00 PM,79.72,17 Jan 25,03:11 PM,86.42,tsl_hit,4.1001319314609084e+41,8.4,11
NIFTY50,23250,BEARISH,2876227838732117679210740388735121096704,20 Jan 25,09:17 AM,68.48,20 Jan 25,09:21 AM,86.17,tsl_hit,1.272011761679279e+42,25.83,4
NIFTY50,23250,BEARISH,2124986554838372924104185146713908969472,20 Jan 25,10:21 AM,95.35,20 Jan 25,10:25 AM,83.32,hard_sl_hit,-6.390897063676407e+41,-12.62,4
NIFTY50,23300,BEARISH,3166039133262623833813794815938326953984,20 Jan 25,11:21 AM,63.1,20 Jan 25,11:24 AM,65.13,tsl_hit,1.6067648601307767e+41,3.22,3
NIFTY50,23350,BULLISH,2939753475432335170334617085206578855936,20 Jan 25,01:28 PM,68.2,20 Jan 25,01:33 PM,64.76,time_stop,-2.5281879888718067e+41,-5.04,5
NIFTY50,23400,BEARISH,3492162338733928862366124461669660753920,21 Jan 25,09:17 AM,57.09,21 Jan 25,09:19 AM,61.73,tsl_hit,4.0509083129313514e+41,8.13,2
NIFTY50,23350,BEARISH,1319047614011908248132772987587377758208,21 Jan 25,11:50 AM,152.51,21 Jan 25,11:52 AM,129.91,hard_sl_hit,-7.45261901916728e+41,-14.82,2
NIFTY50,23200,BULLISH,1129119879548743078327945104618738941952,21 Jan 25,01:53 PM,175.23,21 Jan 25,01:56 PM,140.48,hard_sl_hit,-9.809228953579706e+41,-19.83,3
NIFTY50,23100,BULLISH,1422137433342820409203240686890763943936,21 Jan 25,02:37 PM,136.06,21 Jan 25,02:38 PM,121.51,hard_sl_hit,-5.173024913784508e+41,-10.69,1
NIFTY50,23100,BULLISH,3174973380882097310801281515982262632448,22 Jan 25,10:21 AM,60.22,22 Jan 25,10:26 AM,70.12,tsl_hit,7.858059117683196e+41,16.44,5
NIFTY50,23100,BULLISH,3386491002186296715436030695877472419840,22 Jan 25,10:41 AM,57.49,22 Jan 25,10:49 AM,79.41,tsl_hit,1.85579706919809e+42,38.13,8
NIFTY50,23050,BULLISH,3067836049733997830366120647866191970304,22 Jan 25,11:12 AM,66.15,22 Jan 25,11:17 AM,62.17,time_stop,-3.052496869485331e+41,-6.02,5
NIFTY50,23050,BULLISH,4091347461225434435626565512920555323392,22 Jan 25,11:36 AM,49.27,22 Jan 25,11:39 AM,44.66,hard_sl_hit,-4.71527794906232e+41,-9.36,3
NIFTY50,23000,BULLISH,3778125195570170360473514636263278247936,22 Jan 25,12:55 PM,52.8,22 Jan 25,01:03 PM,47.92,hard_sl_hit,-4.609312738595604e+41,-9.24,8
NIFTY50,23050,BEARISH,3987003773964643616648018871237352620032,22 Jan 25,01:16 PM,49.52,22 Jan 25,01:26 PM,54.53,tsl_hit,4.993722226890714e+41,10.12,10
NIFTY50,23100,BULLISH,53961042969602756928355584759585157677056,23 Jan 25,09:18 AM,3.7,23 Jan 25,09:20 AM,8.4,tsl_hit,6.340422548929305e+42,127.03,2
NIFTY50,23250,BEARISH,15551912270345799784444816797579803099136,23 Jan 25,11:37 AM,14.65,23 Jan 25,11:44 AM,28.1,tsl_hit,5.229330500902644e+42,91.81,7
NIFTY50,23200,BULLISH,27897442628165470310233926365900817039360,23 Jan 25,11:51 AM,9.0,23 Jan 25,11:53 AM,5.0,hard_sl_hit,-2.789744262816547e+42,-44.44,2
NIFTY50,23250,BEARISH,4773562405263869847765910801794698575872000,23 Jan 25,12:22 PM,0.05,23 Jan 25,12:24 PM,0.05,tsl_hit,0.0,0.0,2
NIFTY50,23200,BULLISH,54245027332526027170662358718596155179008,23 Jan 25,03:12 PM,4.4,23 Jan 25,03:13 PM,1.15,hard_sl_hit,-4.4074084707677394e+42,-73.86,1
NIFTY50,23250,BEARISH,1428969724568826022919484061771108450304,24 Jan 25,11:05 AM,153.32,24 Jan 25,11:10 AM,145.95,time_stop,-2.6328767175180638e+41,-4.81,5
NIFTY50,23300,BEARISH,1822221513010154816780611001532993765376,24 Jan 25,11:44 AM,119.59,24 Jan 25,11:49 AM,111.0,time_stop,-3.913220699189309e+41,-7.18,5
NIFTY50,23200,BEARISH,1863141097485518266596194396101421301760,24 Jan 25,01:55 PM,116.03,24 Jan 25,02:04 PM,115.27,tsl_hit,-3.5399680852225087e+40,-0.66,9
NIFTY50,23150,BULLISH,1647646477204987246124258072409168412672,24 Jan 25,02:17 PM,131.11,24 Jan 25,02:35 PM,135.36,tsl_hit,1.750624382030299e+41,3.24,18
NIFTY50,23100,BULLISH,1539342409168192395479842229815481466880,24 Jan 25,02:41 PM,140.84,24 Jan 25,02:46 PM,128.06,hard_sl_hit,-4.9181989972923754e+41,-9.07,5
NIFTY50,22950,BULLISH,1196627369312681253053253884935917273088,27 Jan 25,09:19 AM,179.35,27 Jan 25,09:29 AM,203.3,tsl_hit,7.164806373759683e+41,13.35,10
NIFTY50,22900,BULLISH,1048978842530304064629315063596906971136,27 Jan 25,10:22 AM,207.63,27 Jan 25,10:27 AM,193.37,time_stop,-3.739609573620531e+41,-6.87,5
NIFTY50,22900,BEARISH,3017414887270418834200705979273413918720,27 Jan 25,12:07 PM,71.63,27 Jan 25,12:14 PM,102.13,tsl_hit,2.3007788515436947e+42,42.58,7
NIFTY50,22800,BULLISH,2637035323390246465969778678202659504128,27 Jan 25,02:32 PM,85.84,27 Jan 25,02:37 PM,79.05,time_stop,-4.4763674614549475e+41,-7.91,5
NIFTY50,22800,BULLISH,3118032455673752857332632658982245236736,27 Jan 25,02:50 PM,71.96,27 Jan 25,03:00 PM,85.13,tsl_hit,1.0266121860305833e+42,18.3,10
NIFTY50,22900,BEARISH,2152264137793417440696723175804814491648,28 Jan 25,09:17 AM,106.37,28 Jan 25,09:23 AM,109.14,tsl_hit,1.4904429154219395e+41,2.6,6
NIFTY50,22900,BEARISH,1835175089206351753121458871597359169536,28 Jan 25,09:50 AM,125.11,28 Jan 25,09:59 AM,124.72,tsl_hit,-1.7892957119761958e+40,-0.31,9
NIFTY50,22950,BEARISH,3078315868518522690801945882195847544832,28 Jan 25,11:04 AM,74.56,28 Jan 25,11:14 AM,79.84,tsl_hit,4.063376946444451e+41,7.08,10
NIFTY50,23000,BEARISH,3274705216113701524284959591395873521664,28 Jan 25,11:43 AM,70.64,28 Jan 25,11:48 AM,76.1,tsl_hit,4.469972619995198e+41,7.73,5
NIFTY50,23050,BEARISH,3642082906088785188737977804515306373120,28 Jan 25,12:57 PM,64.06,28 Jan 25,01:13 PM,56.02,hard_sl_hit,-7.320586641238457e+41,-12.55,16
NIFTY50,23050,BEARISH,4599325008022289072746678864733731291136,28 Jan 25,01:19 PM,50.02,28 Jan 25,01:28 PM,60.42,tsl_hit,1.195824502085795e+42,20.79,9
NIFTY50,23050,BEARISH,4795701150491048433042572158527938232320,28 Jan 25,01:56 PM,49.08,28 Jan 25,02:00 PM,42.82,hard_sl_hit,-7.505272300518487e+41,-12.75,4
NIFTY50,23050,BEARISH,5931424741515657002034339143175613972480,28 Jan 25,02:03 PM,39.12,28 Jan 25,02:09 PM,41.29,tsl_hit,3.2177979222722466e+41,5.55,6
NIFTY50,23100,BEARISH,5024047090552856090233275823303497351168,28 Jan 25,02:29 PM,46.47,28 Jan 25,02:31 PM,48.21,tsl_hit,2.1854604843904952e+41,3.74,2
NIFTY50,23050,BULLISH,3097764060106123164960370208684283789312,28 Jan 25,02:49 PM,75.68,28 Jan 25,02:50 PM,68.23,hard_sl_hit,-5.769585561947657e+41,-9.84,1
NIFTY50,23000,BULLISH,2670442517782758287754513672220604104704,28 Jan 25,02:53 PM,86.83,28 Jan 25,02:57 PM,90.82,tsl_hit,2.663766411488298e+41,4.6,4
NIFTY50,23100,BEARISH,4594094618607541220915632844754653282304,29 Jan 25,11:01 AM,50.73,29 Jan 25,11:06 AM,48.66,time_stop,-2.377443965129403e+41,-4.08,5
NIFTY50,23150,BEARISH,3104533363303638011926075894199696228352,29 Jan 25,12:19 PM,74.73,29 Jan 25,12:22 PM,78.93,tsl_hit,3.259760031468822e+41,5.62,3
NIFTY50,23100,BULLISH,3146233968677751774603607915498418733056,29 Jan 25,01:04 PM,74.2,29 Jan 25,01:08 PM,66.25,hard_sl_hit,-6.2531400127470344e+41,-10.71,4
NIFTY50,23150,BEARISH,6393331129071244420084076633219338862592,29 Jan 25,02:15 PM,36.08,29 Jan 25,02:20 PM,47.37,tsl_hit,1.8045177111803588e+42,31.29,5
NIFTY50,23200,BEARISH,86796896673908234742782658745888055230464,30 Jan 25,09:33 AM,2.75,30 Jan 25,09:35 AM,3.35,tsl_hit,1.3019534501054659e+42,21.82,2
NIFTY50,23300,BEARISH,12102867605519077699131675086942965334016,30 Jan 25,10:12 AM,20.2,30 Jan 25,10:15 AM,21.25,tsl_hit,3.1770027464465566e+41,5.2,3
NIFTY50,23250,BULLISH,4917798537042742580109260154314912922861568,30 Jan 25,10:58 AM,0.05,30 Jan 25,11:01 AM,0.05,tsl_hit,0.0,0.0,3
NIFTY50,23250,BULLISH,25883150194961800711708202821744087531520,30 Jan 25,12:48 PM,9.5,30 Jan 25,12:50 PM,7.85,hard_sl_hit,-1.0676799455431159e+42,-17.37,2
NIFTY50,23200,BULLISH,10217995027531276286824723873397014003712,30 Jan 25,01:29 PM,23.6,30 Jan 25,01:33 PM,26.25,tsl_hit,6.7694217057431885e+41,11.23,4
NIFTY50,23200,BULLISH,4883066290378849473310467155375044759126016,30 Jan 25,01:55 PM,0.05,30 Jan 25,02:00 PM,0.05,time_stop,0.0,0.0,5
NIFTY50,23200,BULLISH,4883066290378849473310467155375044759126016,30 Jan 25,02:10 PM,0.05,30 Jan 25,02:15 PM,0.05,time_stop,0.0,0.0,5
NIFTY50,23150,BULLISH,17377460108110683862644607275424911720448,30 Jan 25,02:28 PM,14.05,30 Jan 25,02:30 PM,9.4,hard_sl_hit,-2.0201297375669188e+42,-33.1,2
NIFTY50,23450,BEARISH,2601492921789337910966915884015224356864,31 Jan 25,12:14 PM,90.4,31 Jan 25,12:23 PM,91.47,tsl_hit,6.958993565786435e+40,1.18,9
NIFTY50,23500,BEARISH,2750662875045905701013043797835363909632,31 Jan 25,01:02 PM,85.61,31 Jan 25,01:08 PM,84.2,tsl_hit,-9.696086634536794e+40,-1.65,6
NIFTY50,23500,BULLISH,2185525909334475477272832725261691650048,01 Feb 25,09:22 AM,107.55,01 Feb 25,09:32 AM,174.48,tsl_hit,3.656931227793911e+42,62.23,10
NIFTY50,23600,BEARISH,1903691684175493361573603731701919383552,01 Feb 25,10:43 AM,132.01,01 Feb 25,11:03 AM,156.13,tsl_hit,1.1479260855578227e+42,18.27,20
NIFTY50,23550,BULLISH,1594776918407744581995080370210731982848,01 Feb 25,11:04 AM,160.78,01 Feb 25,11:09 AM,157.18,time_stop,-1.4352992265669677e+41,-2.24,5
NIFTY50,23450,BULLISH,1157646067594071053873324177046380740608,01 Feb 25,11:53 AM,220.94,01 Feb 25,12:05 PM,249.95,tsl_hit,8.395828105225997e+41,13.13,12
NIFTY50,23350,BULLISH,738311714271401847515936200733612834816,01 Feb 25,01:12 PM,351.48,01 Feb 25,01:31 PM,383.82,tsl_hit,5.969250209884279e+41,9.2,19
NIFTY50,23250,BEARISH,1066927684772268892630255284906868342784,03 Feb 25,09:15 AM,245.71,03 Feb 25,09:23 AM,245.1,tsl_hit,-1.6270647192777463e+40,-0.25,8
NIFTY50,23300,BEARISH,1015469361222328601023909139945126625280,03 Feb 25,10:46 AM,258.09,03 Feb 25,10:55 AM,99.72,hard_sl_hit,-4.020497068419504e+42,-61.36,9
NIFTY50,23350,BEARISH,2632746998471631004463815614824647229440,03 Feb 25,11:19 AM,92.76,03 Feb 25,11:32 AM,95.47,tsl_hit,1.783686091464526e+41,2.92,13
NIFTY50,23300,BEARISH,4649077057916750017301288359888085319680,03 Feb 25,01:05 PM,52.7,03 Feb 25,01:07 PM,51.11,tsl_hit,-1.8480081305219122e+41,-3.02,2
NIFTY50,23350,BEARISH,5420311298675117938347512750322384633856,03 Feb 25,03:11 PM,45.05,03 Feb 25,03:21 PM,50.81,tsl_hit,7.805248270092177e+41,12.79,10
NIFTY50,23500,BEARISH,2014266150764263287726401788230972211200,04 Feb 25,09:17 AM,122.95,04 Feb 25,09:33 AM,124.13,tsl_hit,5.94208514475454e+40,0.96,16
NIFTY50,23600,BEARISH,2976207874064422800412751842481973231616,04 Feb 25,12:20 PM,83.3,04 Feb 25,12:29 PM,84.44,tsl_hit,8.48219244108361e+40,1.37,9
NIFTY50,23650,BEARISH,3060837059175064294186060802173173760000,04 Feb 25,01:13 PM,81.12,04 Feb 25,01:21 PM,72.93,hard_sl_hit,-6.2670638786609426e+41,-10.1,8
NIFTY50,23700,BEARISH,3216425265510702412373469518673205002240,04 Feb 25,01:37 PM,76.33,04 Feb 25,01:43 PM,80.95,tsl_hit,3.714971181664865e+41,6.05,6
NIFTY50,23650,BULLISH,3178508729673278062361442434726062194688,04 Feb 25,02:15 PM,77.76,04 Feb 25,02:19 PM,77.16,tsl_hit,-4.767763094509985e+40,-0.77,4
NIFTY50,23750,BEARISH,4652391451345438175079971296414179262464,05 Feb 25,09:17 AM,53.08,05 Feb 25,09:21 AM,57.09,tsl_hit,4.664022429973808e+41,7.55,4
NIFTY50,23800,BEARISH,3688119625224852077425490758253607387136,05 Feb 25,10:53 AM,67.52,05 Feb 25,10:55 AM,53.8,hard_sl_hit,-1.2650250314521242e+42,-20.32,2
NIFTY50,23750,BULLISH,4966323273251610359955944226045833510912,05 Feb 25,10:59 AM,49.01,05 Feb 25,11:04 AM,50.54,tsl_hit,1.899618652018742e+41,3.12,5
NIFTY50,23750,BULLISH,7437386680222723035869271894994018369536,05 Feb 25,11:10 AM,32.84,05 Feb 25,11:13 AM,32.7,tsl_hit,-2.603085338077964e+40,-0.43,3
NIFTY50,23750,BULLISH,11224279811348129897686782253303414652928,05 Feb 25,12:47 PM,21.75,05 Feb 25,12:48 PM,19.1,hard_sl_hit,-7.436085375018132e+41,-12.18,1
NIFTY50,23700,BULLISH,10182797423402351477320682429179624423424,06 Feb 25,09:15 AM,23.65,06 Feb 25,09:19 AM,27.4,tsl_hit,9.546372584439705e+41,15.86,4
NIFTY50,23600,BULLISH,12408404623961083413240306615666815795200,06 Feb 25,11:08 AM,19.75,06 Feb 25,11:09 AM,17.5,hard_sl_hit,-6.97972760097811e+41,-11.39,1
NIFTY50,23600,BULLISH,36385547393562136978634705412755290062848,06 Feb 25,12:33 PM,6.65,06 Feb 25,12:34 PM,5.05,hard_sl_hit,-1.4554218957444712e+42,-24.06,1
NIFTY50,23600,BEARISH,44433084605360226375002428049084882354176,06 Feb 25,01:29 PM,5.3,06 Feb 25,01:31 PM,8.05,tsl_hit,3.0547745666185155e+42,51.89,2
NIFTY50,23500,BULLISH,2052003000988751476605012376080470769664,07 Feb 25,01:55 PM,121.38,07 Feb 25,02:06 PM,127.56,tsl_hit,3.1703446365276246e+41,5.09,11
NIFTY50,23350,BULLISH,2851236952995943233467872332297220915200,10 Feb 25,12:03 PM,87.85,10 Feb 25,12:19 PM,77.37,hard_sl_hit,-7.470240816849364e+41,-11.93,16
NIFTY50,23350,BEARISH,5058556268747089406501476789135907749888,10 Feb 25,01:53 PM,48.86,10 Feb 25,01:56 PM,51.9,tsl_hit,3.844502764247787e+41,6.22,3
NIFTY50,23300,BEARISH,4780440399273992728843305138570043326464,11 Feb 25,11:11 AM,52.06,11 Feb 25,11:18 AM,45.26,hard_sl_hit,-8.126748678765793e+41,-13.06,7
NIFTY50,23250,BULLISH,6376958889353364404859078241972928905216,11 Feb 25,12:25 PM,38.46,11 Feb 25,12:37 PM,34.17,hard_sl_hit,-6.839288408831481e+41,-11.15,12
NIFTY50,23200,BULLISH,4757771658756078414938768708109703577600,11 Feb 25,12:52 PM,50.91,11 Feb 25,12:55 PM,44.1,hard_sl_hit,-8.100106249032218e+41,-13.38,3
NIFTY50,23100,BEARISH,2318030968772875715152300467944473755648,11 Feb 25,02:56 PM,102.94,11 Feb 25,02:59 PM,117.59,tsl_hit,8.48978842313066e+41,14.23,3
NIFTY50,23050,BULLISH,3590451003179513871357415986740422770688,12 Feb 25,09:17 AM,67.51,12 Feb 25,09:19 AM,60.8,hard_sl_hit,-6.022981557833642e+41,-9.94,2
NIFTY50,22900,BULLISH,3024025060328983450754997730575919349760,12 Feb 25,11:37 AM,79.27,12 Feb 25,11:46 AM,145.37,tsl_hit,4.997201412193646e+42,83.39,9
NIFTY50,23100,BEARISH,2891315273059636384731460759149642514432,12 Feb 25,12:53 PM,90.59,12 Feb 25,12:59 PM,98.29,tsl_hit,5.565781900639802e+41,8.5,6
NIFTY50,23000,BEARISH,4402963054641153846757577904611584376832,12 Feb 25,03:03 PM,60.05,12 Feb 25,03:05 PM,48.75,hard_sl_hit,-1.2438370629361256e+42,-18.82,2
NIFTY50,23050,BEARISH,5177395334140814384162603337477689431818240,13 Feb 25,09:17 AM,0.05,13 Feb 25,09:22 AM,0.05,time_stop,0.0,0.0,5
NIFTY50,23000,BULLISH,12689694446422658399380194327100074754048,13 Feb 25,09:26 AM,20.4,13 Feb 25,09:28 AM,17.8,hard_sl_hit,-8.248301390181653e+41,-12.75,2
NIFTY50,23150,BULLISH,12358540192641796653302671867361156399104,13 Feb 25,10:23 AM,20.65,13 Feb 25,10:24 AM,8.4,hard_sl_hit,-3.7848029339965504e+42,-59.32,1
NIFTY50,23200,BEARISH,4767650172095060901555556481069816572018688,13 Feb 25,10:40 AM,0.05,13 Feb 25,10:45 AM,3.5,tsl_hit,4.11209827343199e+44,6900.0,5
NIFTY50,23200,BEARISH,41319634824823866923868339501046359820075008,13 Feb 25,11:47 AM,0.05,13 Feb 25,11:52 AM,0.05,time_stop,0.0,0.0,5
NIFTY50,23200,BULLISH,41319634824823866923868339501046359820075008,13 Feb 25,12:15 PM,0.05,13 Feb 25,12:20 PM,0.05,tsl_hit,0.0,0.0,5
NIFTY50,23150,BULLISH,201559194267433486999241576619351931355136,13 Feb 25,01:16 PM,10.25,13 Feb 25,01:21 PM,20.1,tsl_hit,4.963395158834816e+43,96.1,5
NIFTY50,23050,BULLISH,802307747942111945467427854654190479474688,13 Feb 25,02:11 PM,2.85,13 Feb 25,02:12 PM,0.05,hard_sl_hit,-5.616154235591865e+43,-98.25,1
NIFTY50,23050,BULLISH,40739404534373152018110757497261770290495488,13 Feb 25,02:32 PM,0.05,13 Feb 25,02:37 PM,0.05,time_stop,0.0,0.0,5
NIFTY50,23100,BEARISH,10870218403963164202779762586292657848320,14 Feb 25,09:18 AM,187.39,14 Feb 25,09:37 AM,226.87,tsl_hit,1.0728905564711648e+43,21.07,19
NIFTY50,22850,BEARISH,15206464741780650150004955480861689511936,14 Feb 25,12:29 PM,137.09,14 Feb 25,12:51 PM,136.18,tsl_hit,-3.4594707287550845e+41,-0.66,22
NIFTY50,22750,BULLISH,9644505342398241117392898163183766732800,17 Feb 25,09:18 AM,215.99,17 Feb 25,09:24 AM,267.69,tsl_hit,1.2465523155049723e+43,23.94,6
NIFTY50,22750,BULLISH,9142877443514965684155408212943431532544,17 Feb 25,09:57 AM,233.9,17 Feb 25,10:25 AM,237.38,tsl_hit,7.954303375857997e+41,1.49,28
NIFTY50,22850,BEARISH,10303787002659945844510108973986956181504,17 Feb 25,10:39 AM,207.89,17 Feb 25,10:55 AM,128.51,hard_sl_hit,-2.044786530677866e+43,-38.18,16
NIFTY50,22850,BEARISH,21705554271105981615602814590144617644032,17 Feb 25,12:43 PM,94.5,17 Feb 25,12:46 PM,80.26,hard_sl_hit,-7.727177320513726e+42,-15.07,3
NIFTY50,22850,BEARISH,21810661493523526379302176072914094260224,17 Feb 25,12:48 PM,92.47,17 Feb 25,12:52 PM,82.82,hard_sl_hit,-5.261822085312554e+42,-10.44,4
NIFTY50,22950,BEARISH,19666988875013795500721018959030325870592,17 Feb 25,03:02 PM,101.36,17 Feb 25,03:10 PM,90.85,hard_sl_hit,-5.1675013269098777e+42,-10.37,8
NIFTY50,22850,BULLISH,26534868297971378809533599876742255738880,19 Feb 25,09:17 AM,74.26,19 Feb 25,09:20 AM,74.37,tsl_hit,7.297088781942092e+40,0.15,3
NIFTY50,22900,BEARISH,23696087950755436198552145910205041868800,19 Feb 25,09:36 AM,83.17,19 Feb 25,09:38 AM,75.16,hard_sl_hit,-4.7451416121387796e+42,-9.63,2
NIFTY50,22950,BEARISH,58814905477772481417692858163557736382464,19 Feb 25,01:39 PM,33.15,19 Feb 25,01:40 PM,29.63,hard_sl_hit,-5.1757116820439775e+42,-10.62,1
NIFTY50,22900,BULLISH,53863879048276513775901765800104097218560,19 Feb 25,02:21 PM,35.77,19 Feb 25,02:23 PM,31.48,hard_sl_hit,-5.77690102792766e+42,-11.99,2
NIFTY50,22850,BULLISH,38020716757543453901251905398637381183078400,20 Feb 25,09:48 AM,0.05,20 Feb 25,09:54 AM,7.85,tsl_hit,7.41403976771959e+45,15600.0,6
NIFTY50,22900,BEARISH,3747561687571118982519589725226892861112320,20 Feb 25,10:20 AM,9.3,20 Feb 25,10:21 AM,8.3,hard_sl_hit,-9.368904218927798e+43,-10.75,1
NIFTY50,22900,BULLISH,688718559026904677002468070820377590579068928,20 Feb 25,11:49 AM,0.05,20 Feb 25,11:54 AM,0.05,time_stop,0.0,0.0,5
NIFTY50,22900,BULLISH,688718559026904677002468070820377590579068928,20 Feb 25,12:17 PM,0.05,20 Feb 25,12:22 PM,0.05,time_stop,0.0,0.0,5
NIFTY50,22900,BEARISH,688718559026904677002468070820377590579068928,20 Feb 25,12:42 PM,0.05,20 Feb 25,12:46 PM,0.05,tsl_hit,0.0,0.0,4
NIFTY50,22900,BULLISH,688718559026904677002468070820377590579068928,20 Feb 25,01:03 PM,0.05,20 Feb 25,01:08 PM,0.05,time_stop,0.0,0.0,5
NIFTY50,22900,BEARISH,688718559026904677002468070820377590579068928,20 Feb 25,02:40 PM,0.05,20 Feb 25,02:45 PM,0.05,time_stop,0.0,0.0,5
NIFTY50,22900,BULLISH,688718559026904677002468070820377590579068928,20 Feb 25,02:55 PM,0.05,20 Feb 25,02:58 PM,8.4,tsl_hit,1.4376999919689138e+47,16700.0,3
NIFTY50,22900,BULLISH,10245149888327268292585777386582829185368064,21 Feb 25,09:17 AM,65.73,21 Feb 25,09:24 AM,79.89,tsl_hit,3.626783060467852e+45,21.54,7
NIFTY50,22750,BULLISH,4702535210966738836328208176594051510829056,21 Feb 25,10:17 AM,146.63,21 Feb 25,10:29 AM,148.73,tsl_hit,2.468830985757531e+44,1.43,12
NIFTY50,22750,BULLISH,4403404719458972230456263283068506034143232,21 Feb 25,10:53 AM,156.84,21 Feb 25,11:05 AM,156.67,tsl_hit,-1.8714470057702383e+43,-0.11,12
NIFTY50,22800,BEARISH,7634569605057672559026354929566008643420160,21 Feb 25,12:21 PM,90.45,21 Feb 25,12:26 PM,87.9,time_stop,-4.867038123224261e+44,-2.82,5
NIFTY50,22650,BULLISH,5370445410537527237868340428293773478330368,24 Feb 25,09:17 AM,128.18,24 Feb 25,09:20 AM,128.23,tsl_hit,6.71305676316962e+42,0.04,3
NIFTY50,22550,BULLISH,12244993392574465920012134621736959423283200,24 Feb 25,01:40 PM,56.22,24 Feb 25,01:45 PM,50.96,hard_sl_hit,-1.6102166311235415e+45,-9.36,5
NIFTY50,22550,BULLISH,11118932759425287425623918111273507358769152,24 Feb 25,02:10 PM,61.27,24 Feb 25,02:21 PM,66.65,tsl_hit,1.495496456142702e+45,8.78,11
NIFTY50,22550,BULLISH,14160223571144032378252719919075340069109760,25 Feb 25,11:27 AM,48.58,25 Feb 25,11:28 AM,43.72,hard_sl_hit,-1.7204671638939997e+45,-10.0,1
NIFTY50,22550,BEARISH,38259681684913360242626364068398646580740096,25 Feb 25,12:14 PM,17.78,25 Feb 25,12:16 PM,15.25,hard_sl_hit,-2.4199248665707712e+45,-14.23,2
NIFTY50,22550,BEARISH,44455638693795213848952016640697763046096896,25 Feb 25,12:58 PM,15.06,25 Feb 25,01:06 PM,13.56,hard_sl_hit,-1.6670864510173206e+45,-9.96,8
NIFTY50,22550,BULLISH,20063413503421921296456777815935700510441472,25 Feb 25,03:04 PM,33.0,25 Feb 25,03:06 PM,32.88,tsl_hit,-6.019024051026448e+43,-0.36,2
NIFTY50,22550,BULLISH,24475781561866782835306973070725953833926656,25 Feb 25,03:19 PM,27.04,25 Feb 25,03:20 PM,24.0,hard_sl_hit,-1.8601593987018752e+45,-11.24,1
NIFTY50,22600,BEARISH,39252718217866609281203321995326662364889088,27 Feb 25,09:17 AM,16.65,27 Feb 25,09:18 AM,11.3,hard_sl_hit,-5.250051061641801e+45,-32.13,1
NIFTY50,22500,BULLISH,29109662727645743371750069406878962565513216,27 Feb 25,12:34 PM,21.65,27 Feb 25,12:35 PM,16.85,hard_sl_hit,-3.493159527319607e+45,-22.17,1
NIFTY50,22550,BEARISH,87814149228402695356459285251390527185616896,27 Feb 25,02:02 PM,7.0,27 Feb 25,02:04 PM,6.6,tsl_hit,-8.781414922872217e+44,-5.71,2
NIFTY50,22200,BULLISH,6991714669436661396262420282983165015883776,28 Feb 25,12:40 PM,87.36,28 Feb 25,12:45 PM,84.5,time_stop,-4.999075988647212e+44,-3.27,5
NIFTY50,22150,BULLISH,6216920849642220073773659039914291116376064,28 Feb 25,02:41 PM,97.89,28 Feb 25,02:46 PM,146.78,tsl_hit,7.598631508475204e+45,49.94,5
NIFTY50,22150,BEARISH,6620759405944136790101295268981437353689088,28 Feb 25,02:47 PM,97.02,28 Feb 25,02:49 PM,96.68,tsl_hit,-5.627645495052337e+43,-0.35,2
NIFTY50,22100,BULLISH,4562933200590834367239371166302046175363072,28 Feb 25,03:24 PM,140.72,03 Mar 25,09:21 AM,221.58,tsl_hit,9.223969464994373e+45,57.46,12
NIFTY50,22150,BEARISH,8504623752882989308128230848466828562268160,03 Mar 25,12:48 PM,80.32,03 Mar 25,12:53 PM,91.06,tsl_hit,2.2834914776490846e+45,13.37,5
NIFTY50,22100,BULLISH,6741614614833563338739722535582392653971456,03 Mar 25,01:31 PM,102.83,03 Mar 25,01:54 PM,113.04,tsl_hit,1.7207971304362684e+45,9.93,23
NIFTY50,22000,BEARISH,4365816731591620384851565177619443624181760,04 Mar 25,09:15 AM,160.54,04 Mar 25,09:20 AM,155.01,tsl_hit,-6.0357416314254165e+44,-3.44,5
NIFTY50,22050,BULLISH,13040823052923604660879301961485507513810944,04 Mar 25,11:49 AM,53.54,04 Mar 25,11:51 AM,54.27,tsl_hit,2.3799502071585707e+44,1.36,2
NIFTY50,22050,BULLISH,15109408424830503931266600737507794535579648,04 Mar 25,12:50 PM,46.28,04 Mar 25,12:55 PM,44.04,time_stop,-8.46126871790509e+44,-4.84,5
NIFTY50,22050,BULLISH,12399765698458393295648599849754025175023616,04 Mar 25,03:27 PM,56.09,05 Mar 25,09:16 AM,95.73,tsl_hit,1.2288167807172267e+46,70.67,4
NIFTY50,22150,BEARISH,14444770598296150807235545677428668057518080,05 Mar 25,09:19 AM,51.93,05 Mar 25,09:21 AM,48.83,tsl_hit,-1.1194697213679523e+45,-5.97,2
NIFTY50,22450,BEARISH,292212359288578130462696279840524844025249792,06 Mar 25,09:17 AM,2.55,06 Mar 25,09:25 AM,79.55,tsl_hit,5.6250879163051284e+47,3019.61,8
NIFTY50,22250,BULLISH,463597227157007454111518611715110890941448192,06 Mar 25,09:51 AM,7.0,06 Mar 25,09:56 AM,46.85,tsl_hit,4.618587375551518e+47,569.29,5
NIFTY50,22400,BEARISH,105957721806883433532743025400847097993476702208,06 Mar 25,11:08 AM,0.05,06 Mar 25,11:13 AM,0.05,time_stop,0.0,0.0,5
NIFTY50,22500,BEARISH,3210840054751211739427169734614738394545127424,06 Mar 25,01:48 PM,1.65,06 Mar 25,01:49 PM,0.05,hard_sl_hit,-1.2843360219016528e+47,-96.97,1
NIFTY50,22600,BEARISH,25145327307889268595475082481798135435755520,07 Mar 25,10:10 AM,187.99,07 Mar 25,10:55 AM,187.36,tsl_hit,-3.960389050992531e+44,-0.34,45
NIFTY50,22550,BULLISH,35966737004860335954647150821655426008875008,07 Mar 25,11:51 AM,131.38,07 Mar 25,12:02 PM,115.5,hard_sl_hit,-1.427879459092955e+46,-12.09,11
NIFTY50,22600,BEARISH,56928179245396638969163256120067761801003008,07 Mar 25,02:37 PM,81.89,07 Mar 25,02:42 PM,75.35,time_stop,-9.30775730662236e+45,-7.99,5
NIFTY50,22350,BULLISH,37370436656048813527046331806610257155719168,11 Mar 25,09:18 AM,123.64,11 Mar 25,09:19 AM,112.0,hard_sl_hit,-1.0874797066910206e+46,-9.41,1
NIFTY50,22500,BULLISH,113256090085345220246862761369497880944967680,11 Mar 25,02:55 PM,40.37,11 Mar 25,03:00 PM,44.31,tsl_hit,1.1155724873406518e+46,9.76,5
NIFTY50,22550,BEARISH,166368947306794375354773904477824254386110464,12 Mar 25,09:17 AM,27.78,12 Mar 25,09:23 AM,64.85,tsl_hit,1.5418242191657168e+47,133.44,6
NIFTY50,22450,BULLISH,93879083047954092414015705728304415063932928,12 Mar 25,10:06 AM,56.53,12 Mar 25,10:10 AM,50.75,hard_sl_hit,-1.356552750042937e+46,-10.22,4
NIFTY50,22400,BEARISH,197988427598701995082113449609969724674801664,12 Mar 25,01:20 PM,26.5,12 Mar 25,01:22 PM,23.17,hard_sl_hit,-1.6482536597591933e+46,-12.57,2
NIFTY50,22500,BEARISH,123353305034670542110061591407057984984973312,12 Mar 25,03:12 PM,41.94,12 Mar 25,03:18 PM,55.12,tsl_hit,4.064491400892394e+46,31.43,6
NIFTY50,22500,BEARISH,581965399501689513779331884914493701157289984,13 Mar 25,09:18 AM,9.2,13 Mar 25,09:23 AM,24.8,tsl_hit,2.2696650580563777e+47,169.57,5
NIFTY50,22550,BEARISH,2313753345897745998384482579905253688918147072,13 Mar 25,10:17 AM,2.75,13 Mar 25,10:18 AM,1.1,hard_sl_hit,-9.54423255183662e+46,-60.0,1
NIFTY50,22500,BULLISH,257083705099749608194828629499031027797983232,13 Mar 25,10:41 AM,23.1,13 Mar 25,10:43 AM,24.65,tsl_hit,9.961993572634003e+45,6.71,2
NIFTY50,22500,BULLISH,1272959386126042331704190214687742056246280192,13 Mar 25,10:54 AM,4.7,13 Mar 25,10:55 AM,0.05,hard_sl_hit,-1.4798152863717556e+47,-98.94,1
NIFTY50,22450,BULLISH,236151371705614418791467379419642164605353984,13 Mar 25,11:33 AM,22.55,13 Mar 25,11:35 AM,23.35,tsl_hit,4.723027434107993e+45,3.55,2
NIFTY50,22400,BULLISH,106924093300038288876473638502483018587337392128,13 Mar 25,02:51 PM,0.05,13 Mar 25,02:53 PM,0.05,tsl_hit,0.0,0.0,2
NIFTY50,22400,BULLISH,106924093300038288876473638502483018587337392128,13 Mar 25,02:56 PM,0.05,13 Mar 25,03:01 PM,0.05,time_stop,0.0,0.0,5
NIFTY50,22400,BEARISH,4648873621734912250125268592978754901402189824,13 Mar 25,03:18 PM,1.15,13 Mar 25,03:19 PM,0.05,hard_sl_hit,-1.278440245978792e+47,-95.65,1
NIFTY50,22500,BULLISH,39481151876734842397834605528263852944261120,17 Mar 25,09:15 AM,121.02,17 Mar 25,09:35 AM,165.21,tsl_hit,4.361680253582283e+46,36.51,20
NIFTY50,22500,BULLISH,87394295233559832978724325231277340541059072,17 Mar 25,12:20 PM,56.89,17 Mar 25,12:24 PM,49.17,hard_sl_hit,-1.6867098980077044e+46,-13.57,4
NIFTY50,22450,BEARISH,110166402058072467110575133091874910727307264,17 Mar 25,01:13 PM,44.45,17 Mar 25,01:19 PM,39.75,hard_sl_hit,-1.2944552241823523e+46,-10.57,6
NIFTY50,22500,BULLISH,78971364689692038280313981389948743017562112,17 Mar 25,02:27 PM,61.28,17 Mar 25,02:30 PM,55.68,hard_sl_hit,-1.1055991056556889e+46,-9.14,3
NIFTY50,22500,BULLISH,90758383670996331436430805941146509255901184,17 Mar 25,02:43 PM,52.78,17 Mar 25,02:58 PM,64.66,tsl_hit,2.69552399502859e+46,22.51,15
NIFTY50,22650,BEARISH,46940999585094661265241718888064880570531840,18 Mar 25,09:17 AM,104.6,18 Mar 25,09:23 AM,101.25,tsl_hit,-3.9313087152516715e+45,-3.2,6
NIFTY50,22750,BEARISH,47303065584666006104870366648439124650885120,18 Mar 25,10:32 AM,103.43,18 Mar 25,10:55 AM,59.61,hard_sl_hit,-5.182050834800162e+46,-42.37,23
NIFTY50,22750,BULLISH,64951834814522741224370807154888635328757760,18 Mar 25,10:59 AM,71.78,18 Mar 25,11:04 AM,69.46,time_stop,-3.767206419242331e+45,-3.23,5
NIFTY50,22750,BEARISH,109254458216024578268834537693827263056838656,18 Mar 25,11:35 AM,42.52,18 Mar 25,11:40 AM,38.77,time_stop,-1.0242605457752305e+46,-8.82,5
NIFTY50,22750,BULLISH,117586320869683595307424205074100453103370240,18 Mar 25,12:31 PM,39.12,18 Mar 25,12:33 PM,37.34,tsl_hit,-5.2325912787009024e+45,-4.55,2
NIFTY50,22800,BEARISH,179902551540226069430983003081681858683994112,18 Mar 25,02:51 PM,25.44,18 Mar 25,02:53 PM,25.78,tsl_hit,1.529171688091921e+45,1.34,2
NIFTY50,22800,BEARISH,250602363575565502179015783341730615718313984,18 Mar 25,03:01 PM,18.29,18 Mar 25,03:02 PM,16.59,hard_sl_hit,-1.0650600451961529e+46,-9.29,1
NIFTY50,22800,BEARISH,265584381018054757970346247788835610940145664,18 Mar 25,03:04 PM,17.08,18 Mar 25,03:07 PM,15.24,hard_sl_hit,-1.2216881526830506e+46,-10.77,3
NIFTY50,22650,BULLISH,21360613747774365839757007379005636008214528,18 Mar 25,09:17 AM,209.82,18 Mar 25,09:22 AM,204.05,time_stop,-3.0812685331164425e+45,-2.75,5
NIFTY50,22750,BULLISH,62248390216552879600195001179059419227357184,18 Mar 25,10:59 AM,71.78,18 Mar 25,11:04 AM,69.46,time_stop,-3.6104066325600785e+45,-3.23,5
NIFTY50,22750,BEARISH,104707036642612861094065897056352541696065536,18 Mar 25,11:35 AM,42.52,18 Mar 25,11:40 AM,38.77,time_stop,-9.816284685244956e+45,-8.82,5
NIFTY50,22750,BULLISH,112692108029383374783634926545696404291977216,18 Mar 25,12:31 PM,39.12,18 Mar 25,12:33 PM,37.34,tsl_hit,-5.0147988073075434e+45,-4.55,2
NIFTY50,22800,BEARISH,172414594001978470526806688734920229095735296,18 Mar 25,02:51 PM,25.44,18 Mar 25,02:53 PM,25.78,tsl_hit,1.4655240490168164e+45,1.34,2
NIFTY50,22800,BEARISH,240171717420895832864188282503997623130652672,18 Mar 25,03:01 PM,18.29,18 Mar 25,03:02 PM,16.59,hard_sl_hit,-1.0207297990388069e+46,-9.29,1
NIFTY50,22800,BEARISH,254530148874825310319388696400388820041728000,18 Mar 25,03:04 PM,17.08,18 Mar 25,03:07 PM,15.24,hard_sl_hit,-1.1708386848241952e+46,-10.77,3
NIFTY50,22850,BULLISH,82602647459633460037112467668413274161938432,19 Mar 25,10:12 AM,52.0,19 Mar 25,10:20 AM,78.34,tsl_hit,5.439384335216864e+46,50.65,8
NIFTY50,22950,BEARISH,123491782329871218055561978086744770509537280,19 Mar 25,12:51 PM,36.74,19 Mar 25,12:55 PM,35.91,tsl_hit,-2.5624544833448446e+45,-2.26,4
NIFTY50,22900,BEARISH,266374302307641266975574900591521883429535744,19 Mar 25,02:07 PM,16.99,19 Mar 25,02:16 PM,20.3,tsl_hit,2.204247351595733e+46,19.48,9
NIFTY50,22950,BEARISH,144444421904612139016076907420400688161619968,19 Mar 25,02:42 PM,32.01,19 Mar 25,02:47 PM,31.63,tsl_hit,-1.3722220080938117e+45,-1.19,5
NIFTY50,22900,BULLISH,160054321687563869893998520342711139527819264,19 Mar 25,03:08 PM,28.85,19 Mar 25,03:10 PM,31.98,tsl_hit,1.252425067205187e+46,10.85,2
NIFTY50,23000,BEARISH,93464610340128970805853767476726440706472673280,20 Mar 25,09:17 AM,0.05,20 Mar 25,09:22 AM,0.05,time_stop,0.0,0.0,5
NIFTY50,23350,BULLISH,46629719786534108087325096241532143822438400,21 Mar 25,11:13 AM,100.22,21 Mar 25,11:21 AM,98.61,tsl_hit,-1.8768462214079972e+45,-1.61,8
NIFTY50,23400,BEARISH,55468358837629424267856081952296019702054912,21 Mar 25,12:24 PM,84.1,21 Mar 25,12:29 PM,83.49,time_stop,-8.458924722738479e+44,-0.73,5
NIFTY50,23400,BEARISH,65993621069597049288113557349326383627632640,21 Mar 25,12:54 PM,70.63,21 Mar 25,12:59 PM,67.93,time_stop,-4.454569422197782e+45,-3.82,5
NIFTY50,23350,BULLISH,46390118638928139684329028312754564005625856,21 Mar 25,01:18 PM,100.05,21 Mar 25,01:30 PM,107.26,tsl_hit,8.361818884666807e+45,7.21,12
NIFTY50,23300,BULLISH,43810235127934903169162345387311403649466368,21 Mar 25,01:52 PM,106.79,21 Mar 25,02:01 PM,126.89,tsl_hit,2.2014643151787285e+46,18.82,9
NIFTY50,23500,BEARISH,30842941158236836659639466098501435076378624,24 Mar 25,09:17 AM,154.86,24 Mar 25,09:32 AM,166.4,tsl_hit,8.898188524151321e+45,7.45,15
NIFTY50,23600,BULLISH,64694859918274324557386092278326751687344128,24 Mar 25,12:59 PM,74.44,24 Mar 25,01:19 PM,90.43,tsl_hit,2.586177025233018e+46,21.48,20
NIFTY50,23650,BULLISH,93670717580505459125674817803083184808656896,24 Mar 25,03:04 PM,52.64,24 Mar 25,03:10 PM,62.23,tsl_hit,2.2457554539926175e+46,18.22,6
NIFTY50,23750,BEARISH,54326543487565769807079366357766885802508288,25 Mar 25,09:17 AM,92.6,25 Mar 25,09:22 AM,109.98,tsl_hit,2.360488314534734e+46,18.77,5
NIFTY50,23850,BEARISH,44965839407282110891580728014078920213135360,25 Mar 25,09:53 AM,114.21,25 Mar 25,09:58 AM,101.68,hard_sl_hit,-1.4085549194331106e+46,-10.97,5
NIFTY50,23800,BULLISH,40296656428961759889506785272434961709793280,25 Mar 25,10:12 AM,125.89,25 Mar 25,10:14 AM,110.8,hard_sl_hit,-1.5201913637825826e+46,-11.99,2
NIFTY50,23700,BULLISH,33763116473723010161805398315314494218174464,25 Mar 25,10:41 AM,148.25,25 Mar 25,10:45 AM,166.04,tsl_hit,1.5016146051688302e+46,12.0,4
NIFTY50,23650,BULLISH,45169832078776637815034024190625843760857088,25 Mar 25,12:21 PM,112.29,25 Mar 25,12:25 PM,115.42,tsl_hit,3.534539360164267e+45,2.79,4
NIFTY50,23700,BEARISH,90002290959645885618855666994391470175158272,25 Mar 25,01:41 PM,56.53,25 Mar 25,01:48 PM,51.26,hard_sl_hit,-1.1857801833933355e+46,-9.32,7
NIFTY50,23750,BEARISH,75591174995715852154573341695997083817869312,25 Mar 25,01:56 PM,66.61,25 Mar 25,02:01 PM,71.12,tsl_hit,8.522904980766972e+45,6.77,5
NIFTY50,23700,BULLISH,74537286866837062956705169580289525534425088,26 Mar 25,09:15 AM,68.06,26 Mar 25,09:17 AM,70.54,tsl_hit,4.621311785743906e+45,3.64,2
NIFTY50,23700,BEARISH,63140534370263108128887247264544786896388096,26 Mar 25,10:37 AM,80.67,26 Mar 25,10:43 AM,90.26,tsl_hit,1.5137943115270586e+46,11.89,6
NIFTY50,23650,BULLISH,87161402716232154654649528375788054043951104,26 Mar 25,11:05 AM,59.21,26 Mar 25,11:10 AM,59.2,tsl_hit,-2.1790350679053703e+43,-0.02,5
NIFTY50,23650,BULLISH,113522433102179661483357569954240101135417344,26 Mar 25,11:43 AM,45.46,26 Mar 25,11:48 AM,39.23,hard_sl_hit,-1.7681118955664492e+46,-13.7,5
NIFTY50,23600,BULLISH,120372976265064527526402056283273156655841280,26 Mar 25,12:04 PM,42.22,26 Mar 25,12:14 PM,49.08,tsl_hit,2.0643965429458563e+46,16.25,10
NIFTY50,23450,BULLISH,103477960307505685266675728233295671027893796864,27 Mar 25,09:17 AM,0.05,27 Mar 25,09:21 AM,56.9,tsl_hit,1.4706805108704624e+50,113700.0,4
NIFTY50,23500,BEARISH,13176193612489396149311306942916872370857797746688,27 Mar 25,09:24 AM,0.05,27 Mar 25,09:29 AM,0.05,time_stop,0.0,0.0,5
NIFTY50,23600,BEARISH,13176193612489396149311306942916872370857797746688,27 Mar 25,01:34 PM,0.05,27 Mar 25,01:37 PM,0.05,tsl_hit,0.0,0.0,3
NIFTY50,23600,BULLISH,13176193612489396149311306942916872370857797746688,27 Mar 25,02:34 PM,0.05,27 Mar 25,02:38 PM,1.35,tsl_hit,4.2822629240542605e+50,2600.0,4
NIFTY50,23550,BULLISH,20081812563652668716504832266707004856029151232,28 Mar 25,09:27 AM,127.58,28 Mar 25,09:30 AM,127.17,tsl_hit,-2.058385787774381e+47,-0.32,3
NIFTY50,23250,BEARISH,26537382745237883386517831954556323934886690816,01 Apr 25,12:17 PM,96.51,01 Apr 25,12:26 PM,104.15,tsl_hit,5.068640104340436e+48,7.92,9
NIFTY50,23200,BULLISH,26010773161134930452032776116236465124199628800,01 Apr 25,12:48 PM,99.33,01 Apr 25,12:53 PM,91.97,time_stop,-4.785982261648827e+48,-7.41,5
NIFTY50,23150,BULLISH,28348037015394815590904561824723987773840687104,01 Apr 25,01:20 PM,90.39,01 Apr 25,01:25 PM,80.8,hard_sl_hit,-6.79644187444091e+48,-10.61,5
NIFTY50,23150,BEARISH,59904723385159421649822689838309007785172402176,01 Apr 25,03:10 PM,42.27,01 Apr 25,03:15 PM,40.34,time_stop,-2.890402903333942e+48,-4.57,5
NIFTY50,23200,BEARISH,87506996261367127542108160818737285463978016768,02 Apr 25,09:17 AM,28.79,02 Apr 25,09:25 AM,47.59,tsl_hit,4.1128288242842556e+49,65.3,8
NIFTY50,23200,BULLISH,39240761175648724190279668025004760576492044288,02 Apr 25,09:47 AM,68.86,02 Apr 25,09:50 AM,61.59,hard_sl_hit,-7.132008343674151e+48,-10.56,3
NIFTY50,23300,BEARISH,36471196390253994194660016737263281167939928064,02 Apr 25,10:54 AM,73.22,02 Apr 25,10:59 AM,71.0,tsl_hit,-2.0241513996590955e+48,-3.03,5
NIFTY50,23300,BEARISH,49839415191975062913983370641072627415877943296,02 Apr 25,11:39 AM,53.4,02 Apr 25,11:44 AM,66.15,tsl_hit,1.588631359244206e+49,23.88,5
NIFTY50,23350,BEARISH,72410034705542001095620576016700120962636447744,02 Apr 25,03:04 PM,37.73,02 Apr 25,03:09 PM,39.45,tsl_hit,3.1136314923383165e+48,4.56,5
NIFTY50,23200,BULLISH,183057931441884645148047541407624595822912471040,03 Apr 25,09:17 AM,15.0,03 Apr 25,09:22 AM,47.85,tsl_hit,1.503363261966411e+50,219.0,5
NIFTY50,23300,BEARISH,842970474417711697273374435773622027346272845824,03 Apr 25,10:26 AM,4.05,03 Apr 25,10:27 AM,0.05,hard_sl_hit,-8.429704744175584e+49,-98.77,1
NIFTY50,23300,BULLISH,60787537544110756109586707243649296653624650235904,03 Apr 25,12:16 PM,0.05,03 Apr 25,12:21 PM,0.05,time_stop,0.0,0.0,5
NIFTY50,23250,BEARISH,60787537544110756109586707243649296653624650235904,03 Apr 25,01:30 PM,0.05,03 Apr 25,01:35 PM,0.05,time_stop,0.0,0.0,5
NIFTY50,23250,BULLISH,60787537544110756109586707243649296653624650235904,03 Apr 25,03:21 PM,0.05,03 Apr 25,03:24 PM,4.1,tsl_hit,6.154738176339003e+51,8100.0,3
NIFTY50,23000,BEARISH,240190997092188638869119953277991299244930105344,04 Apr 25,12:27 PM,126.54,04 Apr 25,12:39 PM,126.51,tsl_hit,-1.8014324781914831e+47,-0.02,12
NIFTY50,22950,BULLISH,306072186660509314300276107535696706449935695872,04 Apr 25,01:16 PM,99.3,04 Apr 25,01:22 PM,99.05,tsl_hit,-1.9129511666281833e+48,-0.25,6
NIFTY50,22900,BULLISH,279963753157685087036701983442364404640105103360,04 Apr 25,01:48 PM,108.53,04 Apr 25,01:58 PM,110.27,tsl_hit,1.2178423262359266e+49,1.6,10
NIFTY50,22900,BULLISH,273016346361234656930792783877545999825176100864,04 Apr 25,02:29 PM,111.49,04 Apr 25,02:41 PM,99.76,hard_sl_hit,-8.006204357043199e+49,-10.52,12
NIFTY50,22900,BEARISH,403795451692034481293630634635367037461713649664,04 Apr 25,03:10 PM,74.5,04 Apr 25,03:18 PM,76.84,tsl_hit,2.362203392398405e+49,3.14,8
NIFTY50,21950,BULLISH,30599308670109475822570197902582844842066313216,07 Apr 25,09:17 AM,986.55,07 Apr 25,09:36 AM,1079.61,tsl_hit,7.118929162100965e+49,9.43,19
NIFTY50,22050,BEARISH,29942424928487014587381456468663512349284499456,07 Apr 25,10:53 AM,1018.76,07 Apr 25,10:55 AM,352.72,hard_sl_hit,-4.985713174842373e+50,-65.38,2
NIFTY50,21950,BULLISH,151411830530392678001685520370596566978789376000,07 Apr 25,11:25 AM,186.83,07 Apr 25,11:38 AM,221.59,tsl_hit,1.3157688073091121e+50,18.61,13
NIFTY50,21950,BULLISH,208244200754238007554428635991016903689113698304,07 Apr 25,12:08 PM,138.65,07 Apr 25,12:12 PM,121.1,hard_sl_hit,-9.136714308092197e+49,-12.66,4
NIFTY50,22050,BEARISH,192643853577210063565551039119274118200095145984,07 Apr 25,02:59 PM,147.77,07 Apr 25,03:03 PM,123.3,hard_sl_hit,-1.1784987742585832e+50,-16.56,4
NIFTY50,22250,BEARISH,157906899921454141476804812141847972025081004032,07 Apr 25,03:26 PM,176.96,08 Apr 25,09:20 AM,187.33,tsl_hit,4.0937363804637006e+49,5.86,9
NIFTY50,22350,BEARISH,222932378323020280212896070108234863143548878848,08 Apr 25,10:56 AM,126.16,08 Apr 25,11:01 AM,111.03,hard_sl_hit,-8.432417210068239e+49,-11.99,5
NIFTY50,22600,BULLISH,182304393318926429619546430459281337912844615680,08 Apr 25,01:41 PM,152.22,08 Apr 25,01:43 PM,137.02,hard_sl_hit,-6.9275669461192e+49,-9.99,2
NIFTY50,22450,BULLISH,215725830412192644718091236798052768582643744768,09 Apr 25,09:17 AM,127.21,09 Apr 25,09:19 AM,109.51,hard_sl_hit,-9.54586799573952e+49,-13.91,2
NIFTY50,22400,BEARISH,221315711721202326519800618822845768147308380160,09 Apr 25,10:53 AM,122.08,09 Apr 25,10:55 AM,88.73,hard_sl_hit,-1.8452197464755241e+50,-27.32,2
NIFTY50,22400,BEARISH,383574296073559990040639165942207259535032188928,09 Apr 25,11:23 AM,68.3,09 Apr 25,11:29 AM,57.76,hard_sl_hit,-1.0107182701538305e+50,-15.43,6
NIFTY50,22400,BULLISH,730672993806917728383485232966977634730216783872,09 Apr 25,01:02 PM,35.24,09 Apr 25,01:05 PM,35.89,tsl_hit,1.1873436149362388e+49,1.84,3
NIFTY50,22750,BEARISH,56578924915216719551127104296342257491530219520,11 Apr 25,09:17 AM,456.03,11 Apr 25,09:22 AM,449.06,time_stop,-9.858877666476473e+48,-1.53,5
NIFTY50,22900,BULLISH,223962002391209864187518378616720685922699444224,11 Apr 25,12:40 PM,115.01,11 Apr 25,12:50 PM,119.84,tsl_hit,2.704341178873858e+49,4.2,10
NIFTY50,22900,BULLISH,272544105700856603034128936204241175696180772864,11 Apr 25,01:21 PM,94.95,11 Apr 25,01:30 PM,82.98,hard_sl_hit,-8.155882363098132e+49,-12.61,9
NIFTY50,22800,BULLISH,245412899641379190896691009499639602461605363712,11 Apr 25,02:05 PM,103.97,11 Apr 25,02:10 PM,112.01,tsl_hit,4.932799282791726e+49,7.73,5
NIFTY50,23250,BEARISH,69904967402058532672782169429156130499608969216,15 Apr 25,09:17 AM,368.14,15 Apr 25,09:22 AM,356.34,time_stop,-2.0621965383607284e+49,-3.21,5
NIFTY50,23350,BULLISH,1141725802311270212010356720705915930500338286592,15 Apr 25,12:56 PM,22.46,15 Apr 25,12:57 PM,20.43,hard_sl_hit,-5.7942584467297e+49,-9.04,1
NIFTY50,23300,BULLISH,590089235757291879803897475823741054482718392320,15 Apr 25,02:32 PM,43.02,15 Apr 25,02:37 PM,42.28,time_stop,-1.0916650861509929e+49,-1.72,5
NIFTY50,23300,BULLISH,669939726969997869808645501751842427233963606016,16 Apr 25,09:17 AM,37.82,16 Apr 25,09:18 AM,34.0,hard_sl_hit,-6.397924392563481e+49,-10.1,1
NIFTY50,23400,BULLISH,501055365575605567345109772929262091171947647860736,17 Apr 25,09:17 AM,0.05,17 Apr 25,09:22 AM,0.05,time_stop,0.0,0.0,5
NIFTY50,23700,BEARISH,501055365575605567345109772929262091171947647860736,17 Apr 25,12:34 PM,0.05,17 Apr 25,12:39 PM,14.95,tsl_hit,1.8664312367692217e+53,29800.0,5
NIFTY50,23750,BEARISH,17091555247968691961673693647378660464666445296435200,17 Apr 25,01:10 PM,0.05,17 Apr 25,01:15 PM,0.05,time_stop,0.0,0.0,5
NIFTY50,23850,BULLISH,17091555247968691961673693647378660464666445296435200,17 Apr 25,02:17 PM,0.05,17 Apr 25,02:22 PM,0.05,time_stop,0.0,0.0,5
NIFTY50,24000,BULLISH,4667783277247293118962335450787797038942826528768,21 Apr 25,09:15 AM,183.08,21 Apr 25,09:21 AM,162.85,hard_sl_hit,-2.3607313924678208e+51,-11.05,6
NIFTY50,24100,BEARISH,4218529775982583857450705179556254094007623221248,21 Apr 25,10:53 AM,200.09,21 Apr 25,10:55 AM,117.14,hard_sl_hit,-8.748176122943883e+51,-41.46,2
NIFTY50,24100,BEARISH,13480744016536344787693522722483627798600496447488,21 Apr 25,11:21 AM,59.73,21 Apr 25,11:27 AM,54.28,hard_sl_hit,-1.8367513722530757e+51,-9.12,6
NIFTY50,24200,BEARISH,14681184392622579753529542674306381709563087814656,21 Apr 25,01:11 PM,54.29,21 Apr 25,01:22 PM,63.17,tsl_hit,3.259222935162214e+51,16.36,11
NIFTY50,24100,BULLISH,10588817013868313327798308881786684171669909536768,21 Apr 25,01:46 PM,76.64,21 Apr 25,01:53 PM,108.59,tsl_hit,8.457817589827317e+51,41.69,7
NIFTY50,24150,BEARISH,13728653780793855314751840540947456059130123386880,21 Apr 25,02:51 PM,61.85,21 Apr 25,03:06 PM,74.18,tsl_hit,4.231857527929708e+51,19.94,15
NIFTY50,24100,BEARISH,20586468027082246503626297555901935292536902909952,22 Apr 25,09:16 AM,42.16,22 Apr 25,09:20 AM,53.72,tsl_hit,5.94948925982677e+51,27.42,4
NIFTY50,24100,BULLISH,12614494591112928573969129497252260810379300438016,22 Apr 25,09:21 AM,70.9,22 Apr 25,09:23 AM,76.34,tsl_hit,1.7155712643913576e+51,7.67,2
NIFTY50,24200,BEARISH,12266998880524674070939779411607338356803299704832,22 Apr 25,10:28 AM,73.53,22 Apr 25,10:31 AM,73.86,tsl_hit,1.0120274076432805e+50,0.45,3
NIFTY50,24200,BEARISH,29549515967384802225692226332954877579345988157440,22 Apr 25,01:23 PM,30.54,22 Apr 25,01:38 PM,33.43,tsl_hit,2.1349525286435525e+51,9.46,15
NIFTY50,24200,BULLISH,44746363864034071853008990226111572033168302145536,22 Apr 25,01:55 PM,20.38,22 Apr 25,02:01 PM,19.98,tsl_hit,-4.474636386403391e+50,-1.96,6
NIFTY50,24150,BULLISH,27081612150778823353017052833399714988275311575040,22 Apr 25,02:50 PM,33.6,22 Apr 25,02:56 PM,37.83,tsl_hit,2.8638804849448584e+51,12.59,6
NIFTY50,24300,BULLISH,8859054498099225240645174781730427750149083103232,23 Apr 25,09:15 AM,104.15,23 Apr 25,09:26 AM,129.08,tsl_hit,5.5214057159403435e+51,23.94,11
NIFTY50,24250,BEARISH,14325621702008004430126716884642668521183623774208,23 Apr 25,11:46 AM,66.12,23 Apr 25,11:48 AM,59.53,hard_sl_hit,-2.3601461754058197e+51,-9.97,2
NIFTY50,24250,BEARISH,47694529958218432479766973953211604069602723627008,23 Apr 25,01:46 PM,19.64,23 Apr 25,01:47 PM,17.55,hard_sl_hit,-2.4920391903169126e+51,-10.64,1
NIFTY50,24300,BULLISH,18512896772893361309933181080691020416411095609114624,24 Apr 25,09:17 AM,0.05,24 Apr 25,09:22 AM,0.05,time_stop,0.0,0.0,5
NIFTY50,24250,BULLISH,41415876449428561225508701149976438219485025927168,24 Apr 25,11:24 AM,22.35,24 Apr 25,11:25 AM,15.05,hard_sl_hit,-7.558397452019958e+51,-32.66,1
NIFTY50,24250,BULLISH,17841039221602696405045104361952852730916767700877312,24 Apr 25,01:40 PM,0.05,24 Apr 25,01:45 PM,0.05,tsl_hit,0.0,0.0,5
NIFTY50,24200,BULLISH,37014604194198700391217390622869320353992188887040,24 Apr 25,02:56 PM,24.1,24 Apr 25,02:59 PM,21.25,hard_sl_hit,-2.6372905488353108e+51,-11.83,3
NIFTY50,24350,BULLISH,5041985508316025066481527982573956890819957882880,25 Apr 25,09:15 AM,174.6,25 Apr 25,09:19 AM,171.56,tsl_hit,-3.831908986320169e+50,-1.74,4
NIFTY50,23900,BEARISH,4468885606486909562252727620724233412885373517824,25 Apr 25,11:42 AM,196.61,25 Apr 25,12:03 PM,174.96,hard_sl_hit,-2.41878433451104e+51,-11.01,21
NIFTY50,23900,BEARISH,5599209332216544994847503964914488711764145864704,25 Apr 25,12:08 PM,155.0,25 Apr 25,12:11 PM,139.98,hard_sl_hit,-2.1025031042473143e+51,-9.69,3
NIFTY50,23950,BEARISH,5667632613232541313147066041063518035256365023232,25 Apr 25,12:15 PM,151.48,25 Apr 25,12:28 PM,131.75,hard_sl_hit,-2.7955597864769492e+51,-13.02,13
NIFTY50,24050,BEARISH,6588602072031970575244514731176094555071196430336,25 Apr 25,01:19 PM,128.42,25 Apr 25,01:24 PM,125.2,time_stop,-5.303824667985711e+50,-2.51,5
NIFTY50,24100,BEARISH,6548828179776093627882955387058886155248395616256,25 Apr 25,01:52 PM,128.84,25 Apr 25,01:57 PM,115.33,hard_sl_hit,-2.2118667177193763e+51,-10.49,5
NIFTY50,24050,BULLISH,4732537903279793648560510606924184075480420319232,25 Apr 25,02:11 PM,176.21,25 Apr 25,02:21 PM,205.58,tsl_hit,3.474865955483189e+51,16.67,10
NIFTY50,24150,BEARISH,4739756432075719429567994926341562443158136029184,28 Apr 25,09:19 AM,179.2,28 Apr 25,09:22 AM,187.72,tsl_hit,1.0095681200321293e+51,4.75,3
NIFTY50,24200,BEARISH,4973215225408200392858151589820367810266484703232,28 Apr 25,09:39 AM,171.69,28 Apr 25,09:42 AM,187.34,tsl_hit,1.945770456940959e+51,9.12,3
NIFTY50,24250,BULLISH,4133712872024199479248157188524630159412615446528,28 Apr 25,10:26 AM,208.65,28 Apr 25,10:55 AM,162.12,hard_sl_hit,-4.8085414983821503e+51,-22.3,29
NIFTY50,24250,BULLISH,6755504740177368496802246137343197862559400067072,28 Apr 25,11:15 AM,124.51,28 Apr 25,11:16 AM,109.96,hard_sl_hit,-2.4573148492395197e+51,-11.69,1
NIFTY50,24350,BEARISH,16741409475086322776731029367354854791729928732672,28 Apr 25,01:00 PM,49.59,28 Apr 25,01:09 PM,58.88,tsl_hit,3.888192350588798e+51,18.73,9
NIFTY50,24350,BULLISH,17239368404414902990765338918120058755143438434304,29 Apr 25,11:56 AM,49.16,29 Apr 25,11:59 AM,42.69,hard_sl_hit,-2.78846783941411e+51,-13.16,3
NIFTY50,24350,BEARISH,16364768966561638718240682411986245593776040968192,29 Apr 25,12:33 PM,51.03,29 Apr 25,12:36 PM,44.58,hard_sl_hit,-2.638818995858065e+51,-12.64,3
NIFTY50,24350,BEARISH,19192682422787986025300212435259391258218748444672,29 Apr 25,12:39 PM,42.9,29 Apr 25,12:44 PM,41.0,time_stop,-9.116524150824286e+50,-4.43,5
NIFTY50,24350,BEARISH,28428670625472833646901128010280633969547017191424,29 Apr 25,01:28 PM,28.82,29 Apr 25,01:39 PM,28.38,tsl_hit,-3.127153768802021e+50,-1.53,11
NIFTY50,24350,BULLISH,16888797053616757757754364071918585286942393368576,29 Apr 25,01:46 PM,48.43,29 Apr 25,01:53 PM,46.84,tsl_hit,-6.713296828812646e+50,-3.28,7
NIFTY50,24350,BULLISH,22121084522996397196166185791683792457589988524032,29 Apr 25,02:30 PM,36.84,29 Apr 25,02:33 PM,32.02,hard_sl_hit,-2.6655906850210663e+51,-13.08,3
NIFTY50,24350,BULLISH,27750300073116189567187852633871769037117054779392,29 Apr 25,03:03 PM,28.94,29 Apr 25,03:08 PM,26.29,hard_sl_hit,-1.8384573798439488e+51,-9.16,5
NIFTY50,24350,BULLISH,19454791053054016169626998964666952060585801416704,29 Apr 25,03:19 PM,40.86,29 Apr 25,03:21 PM,36.53,hard_sl_hit,-2.1059811314930962e+51,-10.6,2
NIFTY50,24300,BULLISH,10311930247936699297607727583121058150040377229312,30 Apr 25,10:33 AM,76.18,30 Apr 25,10:36 AM,63.66,hard_sl_hit,-3.2276341676041895e+51,-16.43,3
NIFTY50,24300,BULLISH,13635392601536604549615332530669800465816451284992,30 Apr 25,11:48 AM,56.56,30 Apr 25,11:57 AM,65.85,tsl_hit,3.166819931706874e+51,16.43,9
NIFTY50,24350,BEARISH,35533600035970169264849003770161280421411868901376,30 Apr 25,01:41 PM,22.1,30 Apr 25,01:46 PM,19.46,hard_sl_hit,-2.3452176023740314e+51,-11.95,5
NIFTY50,24350,BEARISH,53847767300281870426287715239334426020681590243328,30 Apr 25,02:49 PM,14.39,30 Apr 25,02:50 PM,12.68,hard_sl_hit,-2.301992052087051e+51,-11.88,1
NIFTY50,24550,BEARISH,2352081871678620852765051566303526783534105624576,02 May 25,09:59 AM,325.09,02 May 25,10:39 AM,353.73,tsl_hit,1.684090620121895e+51,8.81,40
NIFTY50,24250,BULLISH,4349989537265039320014120797777956473500214493184,02 May 25,12:31 PM,177.5,02 May 25,12:41 PM,161.51,hard_sl_hit,-1.7389083175217006e+51,-9.01,10
NIFTY50,24350,BEARISH,5811561327859324171564603231529053637463339171840,02 May 25,01:21 PM,131.53,02 May 25,01:25 PM,119.56,hard_sl_hit,-1.7391097273619026e+51,-9.1,4
NIFTY50,24450,BEARISH,4170333360269422086366536781551616882168096096256,05 May 25,09:17 AM,181.44,05 May 25,09:22 AM,187.16,tsl_hit,5.963576705185273e+50,3.15,5
NIFTY50,24500,BEARISH,3945317278514610756827147284086804490894905966592,05 May 25,09:56 AM,192.46,05 May 25,10:01 AM,189.47,time_stop,-2.949124665689681e+50,-1.55,5
NIFTY50,24500,BEARISH,4067641756636877584391824628405268862588321529856,05 May 25,10:33 AM,186.35,05 May 25,10:55 AM,115.18,hard_sl_hit,-7.237351595496163e+51,-38.19,22
NIFTY50,24400,BEARISH,20492349922591419761737557786621878169663378030592,06 May 25,01:29 PM,35.42,06 May 25,01:34 PM,34.16,time_stop,-6.455090225616323e+50,-3.56,5
NIFTY50,24400,BEARISH,29850128210942407019559484205601427718119287160832,06 May 25,01:56 PM,24.22,06 May 25,01:59 PM,20.52,hard_sl_hit,-2.7611368595121724e+51,-15.28,3
NIFTY50,24350,BULLISH,15740828037506434360256637003300449503952634904576,06 May 25,02:26 PM,45.15,06 May 25,02:41 PM,52.2,tsl_hit,2.774320941610511e+51,15.61,15
NIFTY50,24450,BEARISH,13032240468447407474843296050930897689472978124800,07 May 25,09:31 AM,55.48,07 May 25,09:34 AM,45.48,hard_sl_hit,-3.2580601171118516e+51,-18.02,3
NIFTY50,24400,BEARISH,11519239700899014054618220364043513984398869397504,07 May 25,11:22 AM,61.51,07 May 25,11:24 AM,61.16,tsl_hit,-1.0079334738286678e+50,-0.57,2
NIFTY50,24400,BEARISH,81390857881543276798069620482131822073148212248576,08 May 25,10:03 AM,8.7,08 May 25,10:04 AM,0.05,hard_sl_hit,-1.7600773016885213e+52,-99.43,1
NIFTY50,24400,BEARISH,12597496114333250039440062042315466626776052636057600,08 May 25,10:23 AM,0.05,08 May 25,10:28 AM,0.05,time_stop,0.0,0.0,5
NIFTY50,24400,BULLISH,229045383896968193863921546663541491826102038953984,08 May 25,11:49 AM,2.75,08 May 25,11:50 AM,2.45,hard_sl_hit,-1.7178403792230952e+51,-10.91,1
NIFTY50,24400,BULLISH,2488959838347128203628771685498166478677046603022336,08 May 25,12:10 PM,0.25,08 May 25,12:12 PM,1.25,tsl_hit,6.22239959586782e+52,400.0,2
NIFTY50,24400,BULLISH,17975821054729261906886009298429614820281679360294912,08 May 25,12:46 PM,0.05,08 May 25,12:51 PM,0.05,time_stop,0.0,0.0,5
NIFTY50,24400,BULLISH,17975821054729261906886009298429614820281679360294912,08 May 25,01:10 PM,0.05,08 May 25,01:15 PM,0.05,time_stop,0.0,0.0,5
NIFTY50,24400,BULLISH,17975821054729261906886009298429614820281679360294912,08 May 25,01:19 PM,0.05,08 May 25,01:24 PM,0.05,time_stop,0.0,0.0,5
NIFTY50,24350,BULLISH,17975821054729261906886009298429614820281679360294912,08 May 25,01:41 PM,0.05,08 May 25,01:46 PM,0.05,time_stop,0.0,0.0,5
NIFTY50,24300,BULLISH,41901680780253264964335250765783646177747793870848,08 May 25,02:15 PM,21.45,08 May 25,02:19 PM,26.6,tsl_hit,5.394841400455321e+51,24.01,4
NIFTY50,24000,BEARISH,8299020825860019751044884674063813277544255324160,09 May 25,02:54 PM,111.19,09 May 25,02:59 PM,105.75,time_stop,-1.1286668323169623e+51,-4.89,5
NIFTY50,24750,BEARISH,10591480999363595657394927685484833733345732984832,12 May 25,11:27 AM,86.65,12 May 25,11:36 AM,77.07,hard_sl_hit,-2.5366596993475847e+51,-11.06,9
NIFTY50,24700,BULLISH,14487418658888351069246513284413530833872299753472,12 May 25,12:29 PM,62.57,12 May 25,12:36 PM,131.08,tsl_hit,2.481332630801103e+52,109.49,7
NIFTY50,24900,BEARISH,17884946978794563204426480359380126619378500239360,12 May 25,02:18 PM,56.85,12 May 25,02:21 PM,49.56,hard_sl_hit,-3.259531586885309e+51,-12.82,3
NIFTY50,24900,BULLISH,18380202249984362205017930994186746008908897189888,12 May 25,02:38 PM,54.53,12 May 25,02:40 PM,46.94,hard_sl_hit,-3.487643376934534e+51,-13.92,2
NIFTY50,24700,BEARISH,5361433259770861799347950604062059532930489778176,13 May 25,10:53 AM,184.05,13 May 25,10:58 AM,158.82,hard_sl_hit,-3.3817240286004736e+51,-13.71,5
NIFTY50,24800,BEARISH,5381226641318360103892506790290507097266779586560,13 May 25,11:05 AM,180.58,13 May 25,11:14 AM,200.75,tsl_hit,2.713483533884781e+51,11.17,9
NIFTY50,24600,BULLISH,15033646603094976352425626851234779682649327796224,13 May 25,03:07 PM,65.44,13 May 25,03:10 PM,57.36,hard_sl_hit,-3.0367966138251846e+51,-12.35,3
NIFTY50,24650,BEARISH,17593924929597683990983424978294303185857142587392,14 May 25,09:17 AM,55.15,14 May 25,09:18 AM,48.19,hard_sl_hit,-3.061342937749998e+51,-12.62,1
NIFTY50,24700,BEARISH,16612241556782251509345377205187482611780327309312,14 May 25,09:22 AM,57.59,14 May 25,09:25 AM,50.35,hard_sl_hit,-3.006815721777588e+51,-12.57,3
NIFTY50,24650,BEARISH,15195479475273310119320693042920998790802121424896,14 May 25,02:23 PM,62.08,14 May 25,02:30 PM,62.43,tsl_hit,1.32960445408642e+50,0.56,7
NIFTY50,24600,BULLISH,19434348386615078520178011962212617270009268273152,14 May 25,02:35 PM,48.57,14 May 25,02:43 PM,78.38,tsl_hit,1.4483448135124885e+52,61.38,8
NIFTY50,24650,BEARISH,20431553834619038366014500993096087599835340865536,14 May 25,03:04 PM,49.35,14 May 25,03:07 PM,43.33,hard_sl_hit,-3.074948852110166e+51,-12.2,3
NIFTY50,24550,BULLISH,19892614847914752895006505875063798030193121772437504,15 May 25,09:47 AM,0.05,15 May 25,09:54 AM,5.4,tsl_hit,2.6606372359093218e+54,10700.0,7
NIFTY50,24600,BEARISH,256393702484298934593184709837511041026733237461843968,15 May 25,10:34 AM,0.05,15 May 25,10:39 AM,0.05,time_stop,0.0,0.0,5
NIFTY50,24750,BEARISH,256393702484298934593184709837511041026733237461843968,15 May 25,10:42 AM,0.05,15 May 25,10:48 AM,24.35,tsl_hit,1.5575917425920227e+56,48600.0,6
NIFTY50,24650,BULLISH,14101653636635616983520701337400751365640172743967113216,15 May 25,11:15 AM,0.05,15 May 25,11:18 AM,17.2,tsl_hit,6.046083996707777e+57,34300.0,3
NIFTY50,24700,BEARISH,1443799325217079989249037141749097683758852164810702848,15 May 25,12:10 PM,19.1,15 May 25,12:12 PM,33.9,tsl_hit,5.342057503304247e+56,77.49,2
NIFTY50,24850,BEARISH,2330802715244657401981307709851073528348951596398280704,15 May 25,01:10 PM,12.85,15 May 25,01:11 PM,8.3,hard_sl_hit,-2.6512880885903736e+56,-35.41,1
NIFTY50,25000,BULLISH,152002031957814623213820093835249045894020784178855936,16 May 25,09:18 AM,189.29,16 May 25,09:24 AM,188.77,tsl_hit,-1.976026415451521e+54,-0.27,6
NIFTY50,24950,BULLISH,179615850441304549825300644711442559929212482250342400,16 May 25,11:11 AM,160.14,16 May 25,11:21 AM,144.75,hard_sl_hit,-6.910719845729186e+55,-9.61,10
NIFTY50,25000,BULLISH,297258322212638363599792613535063901247029214789500928,16 May 25,11:57 AM,95.73,16 May 25,12:07 PM,86.11,hard_sl_hit,-7.149062649213956e+55,-10.05,10
NIFTY50,25000,BEARISH,438162613946948410336890371298893044082667750328107008,16 May 25,12:36 PM,64.22,16 May 25,12:45 PM,55.58,hard_sl_hit,-9.464312461254086e+55,-13.45,9
NIFTY50,25000,BEARISH,652960352374180411027791931067419243311073151682609152,16 May 25,01:30 PM,42.45,16 May 25,01:47 PM,53.85,tsl_hit,1.860937004266414e+56,26.86,17
NIFTY50,25000,BEARISH,695208233592090982045309051973227046963780297989029888,16 May 25,03:04 PM,41.06,16 May 25,03:09 PM,37.44,time_stop,-6.291634514008431e+55,-8.82,5
NIFTY50,25050,BEARISH,283848381910711541401864510396169346739528302019477504,19 May 25,10:05 AM,99.58,19 May 25,10:16 AM,88.67,hard_sl_hit,-7.741964616614656e+55,-10.96,11
NIFTY50,25000,BULLISH,232079914839786159054525138123565575265303720538144768,19 May 25,10:29 AM,120.31,19 May 25,10:34 AM,120.56,tsl_hit,1.4504994677486635e+54,0.21,5
NIFTY50,25000,BULLISH,242936510252920860393335189175174027894911772223602688,19 May 25,10:46 AM,114.96,19 May 25,10:56 AM,117.42,tsl_hit,1.4940595380554682e+55,2.14,10
NIFTY50,25000,BULLISH,366706626471202240966426418364954283142746468304027648,19 May 25,11:50 AM,76.34,19 May 25,11:59 AM,65.45,hard_sl_hit,-9.983587905678482e+55,-14.27,9
NIFTY50,25000,BULLISH,465618875220236928771240187624203481364609167056175104,19 May 25,12:05 PM,59.17,19 May 25,12:10 PM,56.77,time_stop,-2.79371325132142e+55,-4.06,5
NIFTY50,25000,BEARISH,659608076320090367671014934078531847792968444831334400,19 May 25,12:53 PM,41.58,19 May 25,01:17 PM,55.27,tsl_hit,2.2575086412055103e+56,32.92,24
NIFTY50,24950,BEARISH,539772944508419841057699967029178526352608323587538944,19 May 25,03:03 PM,52.67,19 May 25,03:09 PM,58.23,tsl_hit,7.50284392866703e+55,10.56,6
NIFTY50,25000,BULLISH,423425595722382606163325495615039575111851198277222400,20 May 25,09:15 AM,67.93,20 May 25,09:20 AM,55.84,hard_sl_hit,-1.2798038630709017e+56,-17.8,5
NIFTY50,24900,BULLISH,321378080479893475529178291293635128189506797342556160,20 May 25,09:48 AM,87.73,20 May 25,09:52 AM,86.05,tsl_hit,-1.3497879380155582e+55,-1.91,4
NIFTY50,24900,BEARISH,375326953381512114312091972613079419127064018374623232,20 May 25,10:38 AM,74.96,20 May 25,10:43 AM,73.52,time_stop,-1.3511770321734415e+55,-1.92,5
NIFTY50,24800,BULLISH,443654489774606534862628209480161537348980303045066752,20 May 25,12:54 PM,63.28,20 May 25,12:58 PM,51.75,hard_sl_hit,-1.2788340667753035e+56,-18.22,4
NIFTY50,24700,BULLISH,398234912647929959078566557941443385983046983595589632,20 May 25,02:24 PM,69.07,20 May 25,02:28 PM,61.56,hard_sl_hit,-7.476860484964876e+55,-10.87,4
NIFTY50,24700,BULLISH,584256729867762605224835156664900837223829666527182848,20 May 25,02:44 PM,46.51,20 May 25,02:52 PM,50.31,tsl_hit,5.550438933743751e+55,8.17,8
NIFTY50,24950,BEARISH,330406876502984597845686543334005282009829610811817984,21 May 25,10:38 AM,82.99,21 May 25,10:49 AM,87.18,tsl_hit,3.4610120313687734e+55,5.05,11
NIFTY50,24850,BULLISH,386844689084349273683782264439563830332473911648714752,21 May 25,11:07 AM,71.28,21 May 25,11:11 AM,92.76,tsl_hit,2.077355980382956e+56,30.13,4
NIFTY50,24800,BULLISH,578513170169449259347158883206041989114693512742305792,21 May 25,12:06 PM,49.26,21 May 25,12:09 PM,42.3,hard_sl_hit,-1.0066129160948419e+56,-14.13,3
NIFTY50,24800,BULLISH,491849469477164586497482686194444115671160303652962304,21 May 25,01:45 PM,57.03,21 May 25,01:50 PM,57.52,tsl_hit,6.0251560010952906e+54,0.86,5
NIFTY50,24750,BULLISH,383879596874469199214823566649139125991185962116317184,21 May 25,02:05 PM,73.14,21 May 25,02:10 PM,71.09,time_stop,-1.9673829339816517e+55,-2.8,5
NIFTY50,24800,BULLISH,645812516702546749821166551258533418483155461426118656,21 May 25,02:44 PM,43.34,21 May 25,02:46 PM,48.79,tsl_hit,8.799195540072193e+55,12.57,2
NIFTY50,24600,BULLISH,567611796624498446172866650718164326482262508800596508672,22 May 25,11:25 AM,0.05,22 May 25,11:30 AM,0.05,time_stop,0.0,0.0,5
NIFTY50,24550,BULLISH,6677785842641157501697641650785277773903882712193695744,22 May 25,11:40 AM,4.25,22 May 25,11:41 AM,0.05,hard_sl_hit,-7.011675134773216e+56,-98.82,1
NIFTY50,24550,BULLISH,5741884038935762883571535451714011084591166114739781632,22 May 25,11:43 AM,4.4,22 May 25,11:46 AM,11.9,tsl_hit,1.0766032573004556e+57,170.45,3
NIFTY50,24550,BEARISH,1957602158769274390192853276533769606454589261822820352,22 May 25,02:42 PM,15.35,22 May 25,02:43 PM,0.05,hard_sl_hit,-7.487828257291762e+56,-99.67,1
NIFTY50,24800,BEARISH,151747796395014304120301782671064889536465626516684800,23 May 25,10:06 AM,176.09,23 May 25,10:10 AM,153.95,hard_sl_hit,-8.399240530464049e+55,-12.57,4
NIFTY50,24850,BEARISH,242168840882962591289929388170906876770239302365872128,23 May 25,12:27 PM,108.8,23 May 25,12:32 PM,98.83,hard_sl_hit,-6.036058359007842e+55,-9.16,5
NIFTY50,24850,BULLISH,243212726174260780996424526127362054778876051197001728,23 May 25,01:45 PM,107.23,23 May 25,02:04 PM,125.85,tsl_hit,1.1321552403411833e+56,17.36,19
NIFTY50,24850,BULLISH,253992745408793107628008392369471296366506153158377472,23 May 25,02:40 PM,104.66,23 May 25,02:53 PM,94.41,hard_sl_hit,-6.508564101100324e+55,-9.79,13
NIFTY50,25000,BULLISH,145405138632305630314763097834906216908110403330899968,26 May 25,09:15 AM,180.83,26 May 25,09:51 AM,222.72,tsl_hit,1.5227553143268202e+56,23.17,36
NIFTY50,25000,BEARISH,376734060044428489681062728374038094019736676226564096,26 May 25,12:31 PM,71.59,26 May 25,12:57 PM,83.73,tsl_hit,1.1433878722348405e+56,16.96,26
NIFTY50,25000,BULLISH,423137723225139649579459863039941931860844068504338432,26 May 25,03:19 PM,64.94,26 May 25,03:24 PM,61.0,time_stop,-4.1679065737676235e+55,-6.07,5
NIFTY50,24800,BULLISH,230771315245397036809402590965885928170305991011729408,27 May 25,09:23 AM,118.27,27 May 25,09:28 AM,114.25,time_stop,-2.3192517182162378e+55,-3.4,5
NIFTY50,25000,BEARISH,186566801152258622094449414673775148126896305872044032,27 May 25,11:32 AM,145.74,27 May 25,11:44 AM,166.97,tsl_hit,9.902032971156123e+55,14.57,12
NIFTY50,24750,BULLISH,241608394143089999263501559257157601020329626485915648,27 May 25,02:01 PM,114.36,27 May 25,02:09 PM,101.11,hard_sl_hit,-8.003278055989857e+55,-11.59,8
NIFTY50,24750,BULLISH,333308501860819903234816413089247492443504719238791168,27 May 25,02:21 PM,81.83,27 May 25,02:47 PM,90.89,tsl_hit,7.549437567147573e+55,11.07,26
NIFTY50,24850,BEARISH,381989004784321900981014639164437313113241380785750016,28 May 25,09:22 AM,72.28,28 May 25,09:26 AM,80.98,tsl_hit,8.308260854059004e+55,12.04,4
NIFTY50,24750,BULLISH,388927179646496589853599218578056992174040518060146688,28 May 25,10:17 AM,71.94,28 May 25,10:26 AM,76.64,tsl_hit,4.5698943608463377e+55,6.53,9
NIFTY50,24800,BEARISH,361639005771930943912667360228400783266178746084753408,28 May 25,10:49 AM,77.93,28 May 25,11:00 AM,68.29,hard_sl_hit,-8.715500039103536e+55,-12.37,11
NIFTY50,24750,BEARISH,930849704035937319966576737518386306890849062238552064,28 May 25,11:52 AM,29.86,28 May 25,11:53 AM,26.47,hard_sl_hit,-7.88895124170457e+55,-11.35,1
NIFTY50,24750,BEARISH,1043122467021141042563909702512781506312412027827519488,28 May 25,11:55 AM,26.31,28 May 25,11:59 AM,26.83,tsl_hit,1.3560592071274822e+55,1.98,4
NIFTY50,24800,BEARISH,656909992964432129278645067833552315323452132272635904,28 May 25,12:31 PM,41.87,28 May 25,12:32 PM,36.54,hard_sl_hit,-8.753325656251055e+55,-12.73,1
NIFTY50,24800,BEARISH,835617402452615998130428782047670557790558738354012160,28 May 25,12:34 PM,32.45,28 May 25,12:43 PM,29.17,hard_sl_hit,-6.852062700111454e+55,-10.11,9
NIFTY50,24800,BEARISH,1099272184894728940639795633301767506032329930078945280,28 May 25,12:50 PM,24.39,28 May 25,12:52 PM,18.91,hard_sl_hit,-1.5060028933057788e+56,-22.47,2
NIFTY50,24750,BULLISH,705394332712774716457244280334797604555348574975557632,28 May 25,03:02 PM,37.06,28 May 25,03:10 PM,32.56,hard_sl_hit,-7.935686243018715e+55,-12.14,8
NIFTY50,24850,BEARISH,515784336079580817411680629820397541998834631102970200064,29 May 25,09:17 AM,0.05,29 May 25,09:20 AM,0.05,tsl_hit,0.0,0.0,3
NIFTY50,24800,BEARISH,515784336079580817411680629820397541998834631102970200064,29 May 25,10:04 AM,0.05,29 May 25,10:09 AM,0.05,time_stop,0.0,0.0,5
NIFTY50,24750,BULLISH,4193368586011859772370597435907812090946389610355228672,29 May 25,10:33 AM,6.15,29 May 25,10:36 AM,8.5,tsl_hit,2.463604044280442e+56,38.21,3
NIFTY50,24750,BULLISH,537683038695406983822675161214632652988542871304820228096,29 May 25,11:05 AM,0.05,29 May 25,11:10 AM,0.05,time_stop,0.0,0.0,5
NIFTY50,24700,BULLISH,537683038695406983822675161214632652988542871304820228096,29 May 25,12:41 PM,0.05,29 May 25,12:49 PM,15.15,tsl_hit,2.029753471075357e+59,30200.0,8
NIFTY50,24750,BEARISH,18579936114920803939417865898242199025506509374301317103616,29 May 25,01:01 PM,0.05,29 May 25,01:06 PM,0.05,time_stop,0.0,0.0,5
NIFTY50,24800,BULLISH,4834496283024772087715641127767125917143822473097117696,30 May 25,10:17 AM,192.16,30 May 25,10:22 AM,180.89,time_stop,-1.3621193277422307e+57,-5.86,5
NIFTY50,24750,BEARISH,15446743800287630420537498455955171584723251447239540736,30 May 25,12:54 PM,59.75,30 May 25,12:59 PM,56.87,time_stop,-1.1121655536207103e+57,-4.82,5
NIFTY50,24750,BULLISH,11032327653540363496154376146751789398973049584222208000,30 May 25,01:48 PM,83.21,30 May 25,01:59 PM,100.26,tsl_hit,4.702529662321583e+57,20.49,11
NIFTY50,24800,BEARISH,15087580200604757713694041735437298255834598066167480320,30 May 25,02:34 PM,62.23,30 May 25,02:49 PM,68.4,tsl_hit,2.327259245943287e+57,9.91,15
NIFTY50,24750,BULLISH,10755081467369689749845106095145035750391139284530757632,30 May 25,03:05 PM,88.26,30 May 25,03:12 PM,91.73,tsl_hit,9.330033172943202e+56,3.93,7
NIFTY50,24650,BEARISH,14276582385747916055668822901957178538829424827845050368,02 Jun 25,11:23 AM,66.78,02 Jun 25,11:34 AM,71.27,tsl_hit,1.6025463728002018e+57,6.72,11
NIFTY50,24650,BEARISH,19590303896467512437319243543475866612061761690528645120,02 Jun 25,12:05 PM,49.03,02 Jun 25,12:07 PM,44.56,hard_sl_hit,-2.189216460430244e+57,-9.12,2
NIFTY50,24700,BEARISH,14805087964941711810056889466944256019939098257300389888,02 Jun 25,12:22 PM,64.22,02 Jun 25,12:32 PM,56.44,hard_sl_hit,-2.8795896091811636e+57,-12.11,10
NIFTY50,24700,BULLISH,12450020879582581198088533552515347721764323766061498368,02 Jun 25,01:01 PM,75.34,02 Jun 25,01:04 PM,78.09,tsl_hit,8.559389354713025e+56,3.65,3
NIFTY50,24700,BULLISH,11988145953593313433326380178893737209678326551095017472,02 Jun 25,01:58 PM,78.56,02 Jun 25,02:06 PM,75.81,tsl_hit,-8.241850343095402e+56,-3.5,8
NIFTY50,24700,BEARISH,17896331581788621699312155244628338924164690482575704064,02 Jun 25,02:29 PM,52.42,02 Jun 25,02:36 PM,72.71,tsl_hit,9.077914194862274e+57,38.71,7
NIFTY50,24650,BULLISH,6048911886918017188754429808344490452868617770046062592,03 Jun 25,10:41 AM,161.76,03 Jun 25,10:55 AM,131.84,hard_sl_hit,-4.524586091414675e+57,-18.5,14
NIFTY50,24600,BULLISH,11134689384343671251284276524442244246480994543285043200,03 Jun 25,12:18 PM,86.07,03 Jun 25,12:21 PM,78.24,hard_sl_hit,-2.179615446985273e+57,-9.1,3
NIFTY50,24600,BULLISH,12226775815776269944600682472295570716893506954663559168,03 Jun 25,12:50 PM,77.59,03 Jun 25,12:51 PM,67.56,hard_sl_hit,-3.0658640358059e+57,-12.93,1
NIFTY50,24550,BULLISH,10742755895734388536856955177369351901091616778042212352,03 Jun 25,12:54 PM,87.04,03 Jun 25,01:05 PM,86.82,tsl_hit,-5.908515742654265e+55,-0.25,11
NIFTY50,24550,BULLISH,12874078948699181841138903143363953063462996080418881536,03 Jun 25,02:53 PM,72.61,03 Jun 25,02:57 PM,65.3,hard_sl_hit,-2.3527379278747763e+57,-10.07,4
NIFTY50,24550,BULLISH,17813263816771456951126421295359632798581420079037022208,03 Jun 25,03:05 PM,51.89,03 Jun 25,03:08 PM,46.45,hard_sl_hit,-2.4226038790809172e+57,-10.48,3
NIFTY50,24550,BEARISH,23927792852299635505938745100480487778667876184980717568,04 Jun 25,09:19 AM,38.18,04 Jun 25,09:20 AM,34.42,hard_sl_hit,-2.2492125281161645e+57,-9.85,1
NIFTY50,24600,BEARISH,51810013244027486241632214459757779605873527759170437120,04 Jun 25,12:12 PM,17.44,04 Jun 25,12:14 PM,15.2,hard_sl_hit,-2.901360741665542e+57,-12.84,2
NIFTY50,24600,BULLISH,50235290149250695463645764595672116264603527445754150912,04 Jun 25,12:32 PM,17.73,04 Jun 25,12:34 PM,19.95,tsl_hit,2.7880586032834124e+57,12.52,2
NIFTY50,24600,BEARISH,59372982637499225127147314532782537194543237731700441088,04 Jun 25,01:02 PM,15.21,04 Jun 25,01:10 PM,16.35,tsl_hit,1.692130005168729e+57,7.5,8
NIFTY50,24650,BEARISH,26601917724718471481340498275166590172383202034474549248,04 Jun 25,02:10 PM,34.23,04 Jun 25,02:13 PM,40.33,tsl_hit,4.056792453019568e+57,17.82,3
NIFTY50,24750,BEARISH,197577411148309815147934873297540075327432281397187837952,05 Jun 25,11:27 AM,4.7,05 Jun 25,11:28 AM,4.0,hard_sl_hit,-3.457604695099016e+57,-14.89,1
NIFTY50,24700,BULLISH,79759537154491201218018256288096622407464425914449788928,05 Jun 25,02:04 PM,11.45,05 Jun 25,02:06 PM,18.8,tsl_hit,1.4655814952134856e+58,64.19,2
NIFTY50,24800,BEARISH,5456989546331662814828068575624456576981979178947575808,06 Jun 25,10:09 AM,179.29,06 Jun 25,10:19 AM,209.78,tsl_hit,4.159590281691311e+57,17.01,10
NIFTY50,24950,BEARISH,5409543757762273671652973403094536648496101392723738624,06 Jun 25,11:06 AM,184.28,06 Jun 25,11:43 AM,166.81,hard_sl_hit,-2.3626182362026728e+57,-9.48,37
NIFTY50,25000,BEARISH,20857902266572165084217472352689080063956847275011997696,06 Jun 25,02:20 PM,47.29,06 Jun 25,02:23 PM,42.04,hard_sl_hit,-2.737599672487597e+57,-11.1,3
NIFTY50,25000,BEARISH,18752706227732381638693655945302085252961571847704412160,06 Jun 25,03:10 PM,51.95,06 Jun 25,03:16 PM,45.86,hard_sl_hit,-2.8550995231722563e+57,-11.72,6
NIFTY50,25150,BEARISH,6829417979377784426493038871832802416480621823218679808,09 Jun 25,09:17 AM,140.79,09 Jun 25,09:25 AM,153.21,tsl_hit,2.120534282596805e+57,8.82,8
NIFTY50,25100,BEARISH,7247972186683633666793209849473365400661003059964411904,09 Jun 25,10:23 AM,133.96,09 Jun 25,10:28 AM,132.43,time_stop,-2.772349361406492e+56,-1.14,5
NIFTY50,25100,BULLISH,20557689184999012024576141918913611711875538770058018816,09 Jun 25,12:51 PM,47.17,09 Jun 25,01:03 PM,42.71,hard_sl_hit,-2.2921823441273903e+57,-9.46,12
NIFTY50,25100,BEARISH,41882091740348868843402373481691944048335444637906894848,09 Jun 25,01:19 PM,22.91,09 Jun 25,01:25 PM,20.56,hard_sl_hit,-2.460572889745497e+57,-10.26,6
NIFTY50,25100,BULLISH,35276416595813041642745380861135087853167198933941747712,09 Jun 25,02:17 PM,26.89,09 Jun 25,02:23 PM,31.26,tsl_hit,3.853948513092576e+57,16.25,6
NIFTY50,25150,BEARISH,15831336103600034221819305569629068664117418316500303872,10 Jun 25,09:17 AM,61.0,10 Jun 25,09:21 AM,60.56,tsl_hit,-1.7414469713959949e+56,-0.72,4
NIFTY50,25150,BEARISH,12895062486808373687735040013465597226417116764830695424,10 Jun 25,10:09 AM,74.83,10 Jun 25,10:35 AM,79.58,tsl_hit,1.5312886703084943e+57,6.35,26
NIFTY50,25100,BULLISH,11681010377587018675212705355458439134123404218429603840,10 Jun 25,10:55 AM,83.19,10 Jun 25,10:56 AM,73.54,hard_sl_hit,-2.8180437535928655e+57,-11.6,1
NIFTY50,25100,BULLISH,23344332304857796010541787196343139842375696261887033344,10 Jun 25,02:19 PM,41.09,10 Jun 25,02:42 PM,34.88,hard_sl_hit,-3.624207590329173e+57,-15.11,23
NIFTY50,25100,BULLISH,29027732382771775871987136064380547699811414044598861824,10 Jun 25,02:45 PM,32.49,10 Jun 25,02:51 PM,33.48,tsl_hit,7.184363764735978e+56,3.05,6
NIFTY50,25100,BULLISH,27114729962130655472903250697614800163010664680440987648,11 Jun 25,09:15 AM,34.9,11 Jun 25,09:21 AM,46.04,tsl_hit,7.551452294453388e+57,31.92,6
NIFTY50,25200,BEARISH,22958436876193307568188193188841173277033838096968318976,11 Jun 25,10:47 AM,42.68,11 Jun 25,10:52 AM,44.72,tsl_hit,1.1708802806858581e+57,4.78,5
NIFTY50,25200,BEARISH,31133691473910690956575399893064711195963801574339248128,11 Jun 25,11:18 AM,31.64,11 Jun 25,11:27 AM,31.8,tsl_hit,1.2453476589564287e+56,0.51,9
NIFTY50,25200,BEARISH,36859517056206406755524511023688113994892451329616117760,11 Jun 25,11:53 AM,26.74,11 Jun 25,11:54 AM,20.89,hard_sl_hit,-5.390704369470185e+57,-21.88,1
NIFTY50,25200,BEARISH,40474107743957289463758987143857384624556046754412232704,11 Jun 25,11:56 AM,23.76,11 Jun 25,12:13 PM,23.98,tsl_hit,2.226075925917639e+56,0.93,17
NIFTY50,25150,BEARISH,19253083341492217307901113844481913613332975666781529047040,12 Jun 25,09:21 AM,0.05,12 Jun 25,09:26 AM,0.05,time_stop,0.0,0.0,5
NIFTY50,25050,BULLISH,124213440912852999434279036910162134394682189336344002560,12 Jun 25,10:47 AM,7.75,12 Jun 25,10:48 AM,5.8,hard_sl_hit,-6.055405244503843e+57,-25.16,1
NIFTY50,25050,BULLISH,18714825097536323740285174190712761966676895861954859499520,12 Jun 25,11:40 AM,0.05,12 Jun 25,11:45 AM,0.05,time_stop,0.0,0.0,5
NIFTY50,24950,BULLISH,38908160285939476135148301266487414353043473919106875392,12 Jun 25,01:32 PM,24.05,12 Jun 25,01:33 PM,1.0,hard_sl_hit,-2.2420827364771917e+58,-95.84,1
NIFTY50,24600,BULLISH,1595658485544500967063299016587155959143488486757105664,13 Jun 25,09:17 AM,523.98,13 Jun 25,09:34 AM,527.76,tsl_hit,1.5078972688395424e+56,0.72,17
NIFTY50,24650,BULLISH,6462989957670008787095028091029227910695614655030624256,13 Jun 25,11:14 AM,129.47,13 Jun 25,11:17 AM,117.41,hard_sl_hit,-1.948591472237508e+57,-9.31,3
NIFTY50,24700,BEARISH,8719626232244480524358847469592801954338063015703740416,13 Jun 25,11:34 AM,94.97,13 Jun 25,11:39 AM,85.02,hard_sl_hit,-2.169007025270815e+57,-10.48,5
NIFTY50,24700,BULLISH,8969456132085835945797812959250088353945262603248861184,13 Jun 25,12:37 PM,91.25,13 Jun 25,12:49 PM,81.34,hard_sl_hit,-2.222182756724265e+57,-10.86,12
NIFTY50,24700,BEARISH,13716480139867161869119970403858819736238101563160133632,13 Jun 25,01:16 PM,58.95,13 Jun 25,01:21 PM,55.15,time_stop,-1.303065613287382e+57,-6.45,5
NIFTY50,24900,BEARISH,15459177768523924285535501629256888176093070036087865344,16 Jun 25,12:36 PM,51.93,16 Jun 25,12:39 PM,44.12,hard_sl_hit,-3.018404459304297e+57,-15.04,3
NIFTY50,24950,BULLISH,13101742250443255822398728760851740903577444832738541568,16 Jun 25,01:52 PM,60.25,16 Jun 25,02:11 PM,67.76,tsl_hit,2.459852107520723e+57,12.46,19
NIFTY50,24950,BULLISH,15506929793114348992127309442708595818718806824569536512,16 Jun 25,02:25 PM,51.61,16 Jun 25,02:28 PM,46.05,hard_sl_hit,-2.1554632412428952e+57,-10.77,3
NIFTY50,24800,BULLISH,3848597342523534615067457167947247147124989101340622848,16 Jun 25,09:17 AM,205.46,16 Jun 25,09:35 AM,186.17,hard_sl_hit,-1.8559860684319764e+57,-9.39,18
NIFTY50,24750,BEARISH,4064007390797116030591650457025713547995022138294665216,16 Jun 25,10:11 AM,192.54,16 Jun 25,10:28 AM,167.64,hard_sl_hit,-2.5298446007712054e+57,-12.93,17
NIFTY50,24900,BEARISH,14851535321449474624030003194155523570453761630245224448,16 Jun 25,12:36 PM,51.93,16 Jun 25,12:39 PM,44.12,hard_sl_hit,-2.8997622715130107e+57,-15.04,3
NIFTY50,24950,BULLISH,12586761774689391426589594929170471785051764534116614144,16 Jun 25,01:52 PM,60.25,16 Jun 25,02:11 PM,67.76,tsl_hit,2.363164523197935e+57,12.46,19
NIFTY50,24950,BULLISH,14897410392588083075934127741478943957788850837698641920,16 Jun 25,02:25 PM,51.61,16 Jun 25,02:28 PM,46.05,hard_sl_hit,-2.0707400445697442e+57,-10.77,3
NIFTY50,24850,BEARISH,22744073690853123303987876543681873519640065443010445312,17 Jun 25,01:12 PM,33.4,17 Jun 25,01:16 PM,30.17,hard_sl_hit,-1.836583950536388e+57,-9.67,4
NIFTY50,24850,BULLISH,24478484232533451650854857529548932986405291507220217856,17 Jun 25,02:41 PM,30.7,17 Jun 25,02:49 PM,35.89,tsl_hit,3.176083329171216e+57,16.91,8
NIFTY50,24850,BEARISH,38764829966896438906481283875393618152676207696854122496,19 Jun 25,09:48 AM,19.75,19 Jun 25,09:49 AM,13.85,hard_sl_hit,-5.7178124201186346e+57,-29.87,1
NIFTY50,24800,BULLISH,3700964460992700740322106921840004139177402273669398396928,19 Jun 25,10:36 AM,0.2,19 Jun 25,10:40 AM,11.7,tsl_hit,1.0640272825354016e+60,5750.0,4
NIFTY50,24800,BULLISH,109384060736060362966307752062067122481976098408281774489600,19 Jun 25,12:42 PM,0.05,19 Jun 25,12:47 PM,0.05,time_stop,0.0,0.0,5
NIFTY50,24800,BEARISH,109384060736060362966307752062067122481976098408281774489600,19 Jun 25,02:02 PM,0.05,19 Jun 25,02:07 PM,0.05,time_stop,0.0,0.0,5
NIFTY50,24800,BULLISH,109384060736060362966307752062067122481976098408281774489600,19 Jun 25,02:43 PM,0.05,19 Jun 25,02:46 PM,5.95,tsl_hit,1.6134148958570894e+61,11800.0,3
NIFTY50,24800,BULLISH,9707739841705092907639668574558246557036304754219914625024,19 Jun 25,03:04 PM,7.95,19 Jun 25,03:05 PM,5.95,hard_sl_hit,-4.853869920852547e+59,-25.16,1
NIFTY50,24850,BULLISH,323847425949422136443241713012820603101283633879580672000,20 Jun 25,09:15 AM,231.65,20 Jun 25,09:53 AM,248.39,tsl_hit,1.35530147759833e+59,7.23,38
NIFTY50,25050,BEARISH,1203974087461384596159432338626896620713415290697096888320,20 Jun 25,12:16 PM,62.81,20 Jun 25,12:32 PM,96.13,tsl_hit,1.0029104148553331e+60,53.05,16
NIFTY50,24950,BULLISH,544421728567739597159273037684490519716668304995257417728,23 Jun 25,09:17 AM,147.09,23 Jun 25,09:26 AM,130.57,hard_sl_hit,-2.248461738984766e+59,-11.23,9
NIFTY50,24900,BEARISH,1393965727597234971363531456655007940166821331264688095232,23 Jun 25,11:16 AM,56.73,23 Jun 25,11:22 AM,49.66,hard_sl_hit,-2.463834423528113e+59,-12.46,6
NIFTY50,25000,BEARISH,1692742309638009508233295860234662511255277437456129982464,23 Jun 25,01:19 PM,46.07,23 Jun 25,01:21 PM,38.27,hard_sl_hit,-3.3008475037941174e+59,-16.93,2
NIFTY50,25000,BEARISH,2024274996560939059583300163511892904429772516695803428864,23 Jun 25,01:24 PM,37.8,23 Jun 25,01:28 PM,31.88,hard_sl_hit,-2.995926994910189e+59,-15.66,4
NIFTY50,25250,BEARISH,305684142792139021338462908795749027332310709036321341440,24 Jun 25,09:18 AM,245.96,24 Jun 25,09:42 AM,274.65,tsl_hit,2.192519514176615e+59,11.66,24
NIFTY50,25200,BULLISH,294090145107797552120216516398780683593191477888669450240,24 Jun 25,10:43 AM,258.97,24 Jun 25,10:55 AM,107.1,hard_sl_hit,-1.1165867584380306e+60,-58.64,12
NIFTY50,25050,BULLISH,505487519086164051763701811781241058003709378382975205376,24 Jun 25,02:08 PM,140.85,24 Jun 25,02:16 PM,146.31,tsl_hit,6.899904635526149e+58,3.88,8
NIFTY50,25050,BEARISH,543885141032416568194674322155040394808902221123551232000,24 Jun 25,02:33 PM,131.47,24 Jun 25,02:38 PM,126.49,time_stop,-6.771370005853592e+58,-3.79,5
NIFTY50,25050,BEARISH,703940975911951260642198070086196338983184777986837577728,24 Jun 25,03:18 PM,101.15,24 Jun 25,03:21 PM,91.53,hard_sl_hit,-1.6929780470682435e+59,-9.51,3
NIFTY50,25150,BEARISH,964952678070236777439097443082390943564006940906901995520,25 Jun 25,09:17 AM,73.01,25 Jun 25,09:21 AM,60.95,hard_sl_hit,-2.9093323243817648e+59,-16.52,4
NIFTY50,25200,BULLISH,1070725475109055271387679148515368765942936670531034808320,25 Jun 25,10:47 AM,64.59,25 Jun 25,10:55 AM,52.34,hard_sl_hit,-3.279096767521482e+59,-18.97,8
NIFTY50,25200,BULLISH,2194514816731708633860481537124276554823001616423344668672,25 Jun 25,11:14 AM,30.85,25 Jun 25,11:20 AM,34.43,tsl_hit,1.9640907609748782e+59,11.6,6
NIFTY50,25200,BULLISH,2866793951641854281345183020651851624613430493086255939584,25 Jun 25,12:03 PM,23.92,25 Jun 25,12:05 PM,21.28,hard_sl_hit,-1.8920840080836243e+59,-11.04,2
NIFTY50,25200,BULLISH,3121326502187014444229244332491322921372013130068738965504,25 Jun 25,12:07 PM,21.7,25 Jun 25,12:12 PM,20.51,time_stop,-9.285946344006349e+58,-5.48,5
NIFTY50,25300,BULLISH,1346401527421158687272937492729104034590128777621899332026368,26 Jun 25,09:15 AM,0.05,26 Jun 25,09:24 AM,31.75,tsl_hit,1.0670232104812683e+63,63400.0,9
NIFTY50,25350,BEARISH,96192909125756133715521859909650548161974274238374767046426624,26 Jun 25,11:35 AM,0.05,26 Jun 25,11:40 AM,9.7,tsl_hit,2.3206539326590413e+64,19300.0,5
NIFTY50,25400,BEARISH,13245376716701203442980259141382231609166680525246592301662208,26 Jun 25,12:07 PM,8.15,26 Jun 25,12:08 PM,5.65,hard_sl_hit,-8.278360447938253e+62,-30.67,1
NIFTY50,25400,BEARISH,2085410978618786184763032331591170310645132675509714326699114496,26 Jun 25,01:18 PM,0.05,26 Jun 25,01:23 PM,0.05,time_stop,0.0,0.0,5
NIFTY50,25450,BEARISH,2085410978618786184763032331591170310645132675509714326699114496,26 Jun 25,01:49 PM,0.05,26 Jun 25,01:54 PM,0.05,time_stop,0.0,0.0,5
NIFTY50,25500,BULLISH,2085410978618786184763032331591170310645132675509714326699114496,26 Jun 25,02:43 PM,0.05,26 Jun 25,02:45 PM,2.95,tsl_hit,1.5119229594989994e+65,5800.0,2
NIFTY50,25600,BULLISH,3818932936673583187097199182086737297184326262198594984476672,27 Jun 25,09:15 AM,203.26,27 Jun 25,09:20 AM,192.4,time_stop,-1.0368402923068765e+63,-5.34,5
NIFTY50,25600,BEARISH,4283015817225538861026537542768873168567377194289260593676288,27 Jun 25,10:17 AM,180.16,27 Jun 25,10:51 AM,163.14,hard_sl_hit,-1.822423230229468e+63,-9.45,34
NIFTY50,25650,BEARISH,14274228282488935190601396977482395463089987588727284476936192,27 Jun 25,12:20 PM,53.49,27 Jun 25,12:27 PM,55.64,tsl_hit,7.672397701837798e+62,4.02,7
NIFTY50,25650,BEARISH,16384072321394641604889421974108436009976794271889044719796224,27 Jun 25,12:43 PM,46.81,27 Jun 25,01:00 PM,42.56,hard_sl_hit,-1.740807684148181e+63,-9.08,17
NIFTY50,25650,BEARISH,17227172732557851581797934486422486759764410694336744951644160,27 Jun 25,02:46 PM,44.07,27 Jun 25,02:58 PM,43.21,tsl_hit,-3.703842137499936e+62,-1.95,12
NIFTY50,25650,BEARISH,16183622094909496221495141115280383814378020946281570680963072,27 Jun 25,03:02 PM,46.81,27 Jun 25,03:05 PM,42.49,hard_sl_hit,-1.747831186250226e+63,-9.23,3
NIFTY50,25550,BULLISH,8401918552859221164122054539923781416594571318238466216558592,30 Jun 25,10:03 AM,89.24,30 Jun 25,10:07 AM,95.6,tsl_hit,1.3359050499046159e+63,7.13,4
NIFTY50,25500,BEARISH,16551129378767210747980343571362390608772162734086156894339072,30 Jun 25,02:53 PM,45.66,30 Jun 25,02:56 PM,40.93,hard_sl_hit,-1.957171049039221e+63,-10.36,3
NIFTY50,25500,BULLISH,12017793266389655867234570334096991489528907144579388773761024,01 Jul 25,09:15 AM,62.16,01 Jul 25,09:23 AM,89.75,tsl_hit,8.289272905492266e+63,44.39,8
NIFTY50,25550,BULLISH,12022503717056441130485728855198490931594119441762909476093952,01 Jul 25,09:57 AM,65.2,01 Jul 25,10:01 AM,66.41,tsl_hit,3.6368073744095545e+62,1.86,4
NIFTY50,25550,BEARISH,16262600438615959090872024381588102635305169743911461773639680,01 Jul 25,11:19 AM,48.3,01 Jul 25,11:27 AM,48.93,tsl_hit,2.561359569082024e+62,1.3,8
NIFTY50,25500,BEARISH,41886154590833547044797815653206863751933575795283871800492032,01 Jul 25,12:14 PM,18.78,01 Jul 25,12:18 PM,15.58,hard_sl_hit,-3.350892367266685e+63,-17.04,4
NIFTY50,25550,BEARISH,22208032467632348694906279496704894022962727172819189084717056,01 Jul 25,01:42 PM,34.75,01 Jul 25,01:57 PM,42.07,tsl_hit,4.0640699415767194e+63,21.06,15
NIFTY50,25550,BULLISH,28657172036425928258329068665577434651017065605626400895664128,01 Jul 25,02:38 PM,27.56,01 Jul 25,02:43 PM,25.78,time_stop,-1.2752441556209521e+63,-6.46,5
NIFTY50,25550,BEARISH,22894128745142736529576311291200176253255372563616602748092416,01 Jul 25,03:07 PM,34.25,01 Jul 25,03:13 PM,33.5,tsl_hit,-4.292649139714263e+62,-2.19,6
NIFTY50,25550,BEARISH,17282723496664685116095766472222616728588277203559034149404672,01 Jul 25,03:23 PM,45.26,01 Jul 25,03:25 PM,41.11,hard_sl_hit,-1.7930825627789604e+63,-9.17,2
NIFTY50,25600,BEARISH,15028082484947020013032216870159157893933809579996648602337280,02 Jul 25,09:17 AM,51.52,02 Jul 25,09:21 AM,51.16,tsl_hit,-1.3525274236452563e+62,-0.7,4
NIFTY50,25500,BULLISH,10716798536155597248842931716455363922063832520758100053983232,02 Jul 25,10:20 AM,72.19,02 Jul 25,10:36 AM,64.47,hard_sl_hit,-2.06834211747803e+63,-10.69,16
NIFTY50,25450,BULLISH,18089281937809674517595941958524893863431478143563978900504576,02 Jul 25,12:53 PM,42.26,02 Jul 25,01:03 PM,47.64,tsl_hit,2.4330084206354024e+63,12.73,10
NIFTY50,25450,BEARISH,28377248369334418469609920682413369930668290566769179759738880,02 Jul 25,03:06 PM,27.32,02 Jul 25,03:07 PM,24.23,hard_sl_hit,-2.192142436531084e+63,-11.31,1
NIFTY50,25500,BEARISH,15310471403534898469882481271816922552508236547521752205637976064,03 Jul 25,09:17 AM,0.05,03 Jul 25,09:26 AM,32.85,tsl_hit,1.255458655089806e+67,65600.0,9
NIFTY50,25550,BEARISH,1131273720372251543379765627196258461267213435923600587490630565888,03 Jul 25,10:27 AM,0.05,03 Jul 25,10:32 AM,0.05,time_stop,0.0,0.0,5
NIFTY50,25500,BULLISH,4384781861907456048546502076976793490855294296291076254795300864,03 Jul 25,11:44 AM,12.9,03 Jul 25,11:46 AM,11.0,hard_sl_hit,-2.082771384407637e+65,-14.73,2
NIFTY50,25500,BULLISH,7891916290463896823736368233528963811866461403034971828073267200,03 Jul 25,11:49 AM,7.05,03 Jul 25,11:50 AM,3.4,hard_sl_hit,-7.201373615043999e+65,-51.77,1
NIFTY50,25500,BULLISH,1048747987043792568518278055543503264273524158818056914925682425856,03 Jul 25,12:22 PM,0.05,03 Jul 25,12:25 PM,0.05,tsl_hit,0.0,0.0,3
NIFTY50,25500,BEARISH,1048747987043792568518278055543503264273524158818056914925682425856,03 Jul 25,12:43 PM,0.05,03 Jul 25,12:48 PM,0.05,time_stop,0.0,0.0,5
NIFTY50,25500,BULLISH,524373993529526866151735362438256490054724425166501182001941315584,03 Jul 25,01:02 PM,0.1,03 Jul 25,01:03 PM,0.05,hard_sl_hit,-6.554674918928319e+65,-50.0,1
NIFTY50,25500,BULLISH,990484209986652049243901387526881891070782214219355815464878997504,03 Jul 25,01:18 PM,0.05,03 Jul 25,01:20 PM,0.1,tsl_hit,1.2381052624472813e+66,100.0,2
NIFTY50,25400,BULLISH,657194560547639384136160818822689637477785017311871309405224960,04 Jul 25,11:25 AM,83.73,04 Jul 25,11:35 AM,75.67,hard_sl_hit,-1.3242470395034937e+65,-9.63,10
NIFTY50,25350,BULLISH,606825842323871502748992583610791076120439881802966624779632640,04 Jul 25,11:44 AM,89.71,04 Jul 25,11:49 AM,88.06,time_stop,-2.5031565995859573e+64,-1.84,5
NIFTY50,25400,BEARISH,1308771257780016224679690861900586036029999628193071455465897984,04 Jul 25,02:01 PM,41.51,04 Jul 25,02:04 PM,51.04,tsl_hit,3.118147521660889e+65,22.96,3
NIFTY50,25450,BEARISH,689772666254907384915130894303246014983979566285108313489145856,04 Jul 25,02:38 PM,80.77,04 Jul 25,02:53 PM,81.81,tsl_hit,1.79340893226277e+64,1.29,15
NIFTY50,25450,BULLISH,679652153941588485256264061765762877037259822436613871521234944,07 Jul 25,09:17 AM,82.09,07 Jul 25,09:22 AM,105.21,tsl_hit,3.9283894497823794e+65,28.16,5
NIFTY50,25450,BULLISH,1118340061878230190370101464296791544931256608693679663578349568,07 Jul 25,11:50 AM,51.45,07 Jul 25,11:53 AM,51.41,tsl_hit,-1.118340061878405e+63,-0.08,3
NIFTY50,25450,BULLISH,1397804319323613307887538184091890772269342408159359399282868224,07 Jul 25,01:54 PM,41.16,07 Jul 25,01:59 PM,41.83,tsl_hit,2.341322234867058e+64,1.63,5
NIFTY50,25450,BEARISH,2329736643062005102987765078754522812268975221230851119256698880,07 Jul 25,02:06 PM,24.74,07 Jul 25,02:16 PM,27.37,tsl_hit,1.5318018428132698e+65,10.63,10
NIFTY50,25450,BULLISH,1035116886197765957846329396306819821358511856143723826264408064,07 Jul 25,02:34 PM,56.34,07 Jul 25,02:42 PM,50.1,hard_sl_hit,-1.6147823424685154e+65,-11.08,8
NIFTY50,25450,BEARISH,1855696015698614966622799763655057513196057640033495404257476608,08 Jul 25,11:32 AM,31.04,08 Jul 25,11:38 AM,32.79,tsl_hit,8.11867006868144e+64,5.64,6
NIFTY50,25450,BEARISH,4000112774887184368666055061172808990732696817104389068373884928,08 Jul 25,12:28 PM,14.49,08 Jul 25,12:31 PM,13.05,hard_sl_hit,-1.440040598959386e+65,-9.94,3
NIFTY50,25450,BULLISH,1062101464964486938256169497249306295854318689952208401492606976,08 Jul 25,01:28 PM,53.97,08 Jul 25,01:31 PM,48.47,hard_sl_hit,-1.4603895143261695e+65,-10.19,3
NIFTY50,25550,BEARISH,2037115530473262469984720750454713174833549218126075527486767104,09 Jul 25,11:17 AM,27.82,09 Jul 25,11:24 AM,29.41,tsl_hit,8.097534233631218e+64,5.72,7
NIFTY50,25550,BULLISH,3082834836116204219568100966219994776459656280811580649593896960,09 Jul 25,12:48 PM,18.5,09 Jul 25,12:53 PM,19.31,tsl_hit,6.242740543135303e+64,4.38,5
NIFTY50,25550,BULLISH,2410004188536595254960347531433542870738468529585350802229166080,09 Jul 25,01:45 PM,23.78,09 Jul 25,01:49 PM,21.29,hard_sl_hit,-1.500227607364032e+65,-10.47,4
NIFTY50,25500,BULLISH,1230837283309541615862125128600286306744003354832725251108896768,09 Jul 25,01:52 PM,46.02,09 Jul 25,02:01 PM,49.56,tsl_hit,1.089290995728944e+65,7.69,9
NIFTY50,25500,BULLISH,1256372577729056461245897796624573934499797566738113620298694656,09 Jul 25,02:19 PM,45.47,09 Jul 25,02:24 PM,38.85,hard_sl_hit,-2.0792966161415876e+65,-14.56,5
NIFTY50,25500,BULLISH,2003676623170906503029804697104488468854957922687323464708128768,09 Jul 25,02:32 PM,28.05,09 Jul 25,02:33 PM,24.97,hard_sl_hit,-1.5428309998415988e+65,-10.98,1
NIFTY50,25400,BULLISH,2854366406855814351611252303694829890009668824337561845783068672,10 Jul 25,10:45 AM,19.45,10 Jul 25,10:46 AM,16.5,hard_sl_hit,-2.1050952250566823e+65,-15.17,1
NIFTY50,25400,BEARISH,8733092597687152359794176159001531213528380736133359913291218944,10 Jul 25,11:16 AM,6.25,10 Jul 25,11:22 AM,18.25,tsl_hit,2.6199277793061455e+66,192.0,6
NIFTY50,25350,BULLISH,2891962978127657212806813253950729233395536767032445353490120704,10 Jul 25,11:26 AM,22.9,10 Jul 25,11:31 AM,29.6,tsl_hit,4.844037988361722e+65,29.26,5
NIFTY50,25350,BULLISH,3987105421091951562759144552694249974054172580886392980933443584,10 Jul 25,12:02 PM,17.15,10 Jul 25,12:06 PM,13.5,hard_sl_hit,-3.6382336967478562e+65,-21.28,4
NIFTY50,25400,BEARISH,1335237304352452496267162064130880698725101776008706030672365486080,10 Jul 25,02:08 PM,0.05,10 Jul 25,02:14 PM,6.05,tsl_hit,2.0028559565284358e+68,12000.0,6
NIFTY50,25350,BULLISH,445079101450466021252624554313559483273824097955316275236239835136,10 Jul 25,03:03 PM,2.15,10 Jul 25,03:06 PM,12.5,tsl_hit,1.1516421750029187e+68,481.4,3
NIFTY50,25300,BULLISH,7665367333579217107564287969858095403267519404989136172105072640,11 Jul 25,09:17 AM,191.61,11 Jul 25,09:31 AM,188.16,tsl_hit,-6.611379325212108e+65,-1.8,14
NIFTY50,25150,BEARISH,18428748352727031413685114201330898079937476834659077061087330304,11 Jul 25,12:32 PM,79.54,11 Jul 25,12:37 PM,72.23,hard_sl_hit,-3.367853761460866e+66,-9.19,5
NIFTY50,25150,BEARISH,24515958179048361250036209329475399515934553619558762963676430336,11 Jul 25,01:50 PM,59.18,11 Jul 25,01:55 PM,54.8,time_stop,-2.684497420605797e+66,-7.4,5
NIFTY50,25100,BULLISH,20040714559734617430857656802114410329611746816529673868722307072,14 Jul 25,09:19 AM,71.8,14 Jul 25,09:22 AM,64.22,hard_sl_hit,-3.7977154090697094e+66,-10.56,3
NIFTY50,25050,BEARISH,25411804328762050651219837886746534232717258051051083755239243776,14 Jul 25,12:11 PM,55.96,14 Jul 25,12:16 PM,51.91,time_stop,-2.5729451882871604e+66,-7.24,5
NIFTY50,25050,BEARISH,27534828387460112867716413799002903544832060527919624130538766336,14 Jul 25,02:28 PM,51.23,14 Jul 25,02:40 PM,56.35,tsl_hit,3.5244580335948974e+66,9.99,12
NIFTY50,25150,BEARISH,17603968356167241597658479842860384207573461803062974455838932992,15 Jul 25,09:17 AM,81.02,15 Jul 25,09:22 AM,77.7,time_stop,-1.461129373561878e+66,-4.1,5
NIFTY50,25150,BULLISH,20820935736760938569111359813569988262022326336102618384557932544,15 Jul 25,09:38 AM,68.19,15 Jul 25,09:41 AM,59.88,hard_sl_hit,-4.325549399312083e+66,-12.19,3
NIFTY50,25200,BULLISH,30275722954880798143583275917175952218063609799469351233392738304,15 Jul 25,12:57 PM,46.26,15 Jul 25,01:05 PM,47.22,tsl_hit,7.266173509171398e+65,2.08,8
NIFTY50,25200,BEARISH,29386316816857995903941452530378313985545988647282630306132131840,15 Jul 25,03:08 PM,47.77,15 Jul 25,03:12 PM,41.67,hard_sl_hit,-4.481413314570846e+66,-12.77,4
NIFTY50,25150,BULLISH,26314260540637050243470756050645393984925508287333934088784445440,16 Jul 25,09:19 AM,52.59,16 Jul 25,09:22 AM,46.62,hard_sl_hit,-3.9274033856900836e+66,-11.35,3
NIFTY50,25200,BEARISH,47676616736688070089853262166000143843225293824658299194565459968,16 Jul 25,12:35 PM,28.66,16 Jul 25,12:41 PM,28.27,tsl_hit,-4.648470131827094e+65,-1.36,6
NIFTY50,25200,BEARISH,59761097194403140907264748106775155518793364481888925507337060352,16 Jul 25,12:49 PM,22.83,16 Jul 25,12:56 PM,26.71,tsl_hit,5.796826427857108e+66,17.0,7
NIFTY50,25150,BULLISH,66038457100283604099036182979186581357977704831143358471501512704,17 Jul 25,10:11 AM,21.05,17 Jul 25,10:12 AM,13.1,hard_sl_hit,-1.3125143348682569e+67,-37.77,1
NIFTY50,25150,BULLISH,299275404836430302792023423490604366955376265178851433667025174528,17 Jul 25,10:32 AM,4.45,17 Jul 25,10:34 AM,3.95,hard_sl_hit,-3.7409425604553786e+66,-11.24,2
NIFTY50,25200,BEARISH,26302982802850624103409300024252489957560991042083015100285568679936,17 Jul 25,11:40 AM,0.05,17 Jul 25,11:44 AM,3.1,tsl_hit,2.005602438716403e+69,6100.0,4
NIFTY50,25200,BULLISH,204578755133197589055217754925664216676210776711435274777739359420416,17 Jul 25,12:11 PM,0.05,17 Jul 25,12:16 PM,0.05,time_stop,0.0,0.0,5
NIFTY50,25200,BULLISH,204578755133197589055217754925664216676210776711435274777739359420416,17 Jul 25,12:19 PM,0.05,17 Jul 25,12:24 PM,0.05,time_stop,0.0,0.0,5
NIFTY50,25150,BULLISH,442811158296992307692722199453510371084766647344059012192665600000,17 Jul 25,12:40 PM,23.1,17 Jul 25,12:44 PM,43.55,tsl_hit,2.2638720467934536e+68,88.53,4
NIFTY50,25150,BULLISH,586689457482477773505009411891500547027070143804192044659534462976,17 Jul 25,01:07 PM,19.15,17 Jul 25,01:08 PM,17.1,hard_sl_hit,-3.0067834696019675e+67,-10.7,1
NIFTY50,25150,BULLISH,606637611471013530943125251935329563089515268033587437752704565248,17 Jul 25,01:09 PM,18.3,17 Jul 25,01:12 PM,16.6,hard_sl_hit,-2.578209848752911e+67,-9.29,3
NIFTY50,25150,BULLISH,1026811325750405641339832147433037017378039295889777203442767364096,17 Jul 25,01:26 PM,10.7,17 Jul 25,01:28 PM,11.75,tsl_hit,2.695379730092947e+67,9.81,2
NIFTY50,25150,BULLISH,222133516804017724735965954438595702082379045662765981353580611764224,17 Jul 25,02:32 PM,0.05,17 Jul 25,02:37 PM,0.05,time_stop,0.0,0.0,5
NIFTY50,25150,BULLISH,222133516804017724735965954438595702082379045662765981353580611764224,17 Jul 25,02:50 PM,0.05,17 Jul 25,02:55 PM,0.05,time_stop,0.0,0.0,5
NIFTY50,25100,BULLISH,137119454817294877320002254540105693863201168461972563951037186048,18 Jul 25,09:20 AM,81.0,18 Jul 25,09:25 AM,73.19,hard_sl_hit,-2.6772573553076832e+67,-9.64,5
NIFTY50,24950,BULLISH,139137477832207569378187073546096823195061448224532215374070939648,18 Jul 25,12:20 PM,78.97,18 Jul 25,12:35 PM,82.02,tsl_hit,1.0609232684705816e+67,3.86,15
NIFTY50,24950,BULLISH,207616910059732680258016913092061476133825163166989560341858353152,21 Jul 25,09:24 AM,53.15,21 Jul 25,09:25 AM,48.28,hard_sl_hit,-2.527735879977244e+67,-9.16,1
NIFTY50,24900,BULLISH,143509327983010287979824529902985166985102160951033528145617616896,21 Jul 25,09:27 AM,76.11,21 Jul 25,09:32 AM,74.54,tsl_hit,-5.6327411233331294e+66,-2.06,5
NIFTY50,25050,BULLISH,193836011166743532282412482956194000189316034066549198126393065472,21 Jul 25,11:41 AM,56.22,21 Jul 25,11:42 AM,50.05,hard_sl_hit,-2.9899204722470194e+67,-10.97,1
NIFTY50,25050,BULLISH,217774128939353278676649327254870964267974362664341384219250917376,21 Jul 25,01:49 PM,49.43,21 Jul 25,01:52 PM,43.44,hard_sl_hit,-3.261167580866816e+67,-12.12,3
NIFTY50,25050,BEARISH,209708420460117932219543608632670269372418390744021241590154526720,21 Jul 25,02:23 PM,50.64,21 Jul 25,02:37 PM,67.87,tsl_hit,9.033190211319582e+67,34.02,14
NIFTY50,25150,BEARISH,177502166735439956870158194604945831609018104515969321251264004096,22 Jul 25,09:17 AM,62.09,22 Jul 25,09:21 AM,79.25,tsl_hit,7.614842952950373e+67,27.64,4
NIFTY50,25100,BULLISH,140085670208151907849804457796830736661815422252304926527442649088,22 Jul 25,09:40 AM,81.09,22 Jul 25,09:54 AM,88.9,tsl_hit,2.735172710814167e+67,9.63,14
NIFTY50,25050,BULLISH,194397396355753138455252714810166222909089483994491582838808248320,22 Jul 25,11:08 AM,59.06,22 Jul 25,11:17 AM,58.63,tsl_hit,-2.089772010824345e+66,-0.73,9
NIFTY50,25050,BEARISH,290573007932297820477689027176762886657548146488838288239623143424,22 Jul 25,11:50 AM,39.48,22 Jul 25,11:52 AM,39.22,tsl_hit,-1.8887245515599216e+66,-0.66,2
NIFTY50,25100,BULLISH,265357130134880766563704085643615044828353950435157521327368175616,22 Jul 25,01:28 PM,43.2,22 Jul 25,01:30 PM,35.88,hard_sl_hit,-4.856035481468318e+67,-16.94,2
NIFTY50,25100,BEARISH,284173931850694276316125284820783862770838113787912613019772780544,23 Jul 25,09:17 AM,39.58,23 Jul 25,09:20 AM,33.39,hard_sl_hit,-4.397591595389492e+67,-15.64,3
NIFTY50,25100,BEARISH,240107662552679485171615358241729315975808229927620779532923961344,23 Jul 25,10:47 AM,46.03,23 Jul 25,10:55 AM,20.05,hard_sl_hit,-1.559499268279653e+68,-56.44,8
NIFTY50,25200,BEARISH,312773095452831239817346486687593497491519756163230092411883487232,23 Jul 25,01:55 PM,33.12,23 Jul 25,01:56 PM,29.59,hard_sl_hit,-2.760222567371234e+67,-10.66,1
NIFTY50,25200,BULLISH,524941967325535226831148147686769782462446505628840551430242697216,24 Jul 25,09:15 AM,19.5,24 Jul 25,09:17 AM,11.7,hard_sl_hit,-1.0236368362846981e+68,-40.0,2
NIFTY50,25200,BULLISH,785656117094935164210607777036615310462950749763838671675826634752,24 Jul 25,09:20 AM,12.45,24 Jul 25,09:21 AM,6.8,hard_sl_hit,-1.1097392653968818e+68,-45.38,1
NIFTY50,25200,BULLISH,185764024130900239911348367116317884159901334423144181477437809360896,24 Jul 25,09:29 AM,0.05,24 Jul 25,09:34 AM,0.05,time_stop,0.0,0.0,5
NIFTY50,25150,BEARISH,185764024130900239911348367116317884159901334423144181477437809360896,24 Jul 25,10:29 AM,0.05,24 Jul 25,10:34 AM,0.05,time_stop,0.0,0.0,5
NIFTY50,25100,BEARISH,410075108456707029183157437529340759481758995183376732389334056960,24 Jul 25,01:45 PM,22.65,24 Jul 25,01:46 PM,11.25,hard_sl_hit,-1.1687140591017643e+68,-50.33,1
NIFTY50,25050,BULLISH,868195320379641525370712067354562622333669603502430990619520270336,24 Jul 25,03:21 PM,10.1,24 Jul 25,03:22 PM,8.4,hard_sl_hit,-3.6898301116071594e+67,-16.83,1
NIFTY50,24850,BULLISH,84676050840664763109699991533552516638677631771150970064000253952,25 Jul 25,01:36 PM,101.62,25 Jul 25,01:52 PM,123.32,tsl_hit,4.593675758106061e+67,21.35,16
NIFTY50,24750,BULLISH,79209995984671241689435481874516220657904118970627207664339255296,28 Jul 25,09:18 AM,111.21,28 Jul 25,09:21 AM,130.46,tsl_hit,3.8119810567623066e+67,17.31,3
NIFTY50,24800,BULLISH,70044976078606939711327755795396447699299455799128771587557294080,28 Jul 25,10:48 AM,128.18,28 Jul 25,10:55 AM,115.12,hard_sl_hit,-2.2869684689665168e+67,-10.19,7
NIFTY50,24750,BULLISH,125928812465465454969672945611403663253774797886242014005924200448,28 Jul 25,12:47 PM,70.49,28 Jul 25,12:49 PM,61.34,hard_sl_hit,-2.8806215851475196e+67,-12.98,2
NIFTY50,24650,BULLISH,111861582466233241356371665621362094703253423469816532909034569728,29 Jul 25,09:17 AM,78.21,29 Jul 25,09:20 AM,91.15,tsl_hit,3.6187221927826486e+67,16.55,3
NIFTY50,24700,BEARISH,115288903495614748688217993150066794712697076241711690521606356992,29 Jul 25,09:56 AM,77.28,29 Jul 25,10:01 AM,79.29,tsl_hit,5.793267400654656e+66,2.6,5
NIFTY50,24650,BULLISH,108516812208587904425495793825177156980166558364344158457656508416,29 Jul 25,10:50 AM,82.34,29 Jul 25,10:56 AM,73.85,hard_sl_hit,-2.3032693391272808e+67,-10.31,6
NIFTY50,24750,BEARISH,160744436598211001073989576537737545673213354356474756666587348992,29 Jul 25,01:11 PM,54.95,29 Jul 25,01:13 PM,49.59,hard_sl_hit,-2.1539754504160274e+67,-9.75,2
NIFTY50,24750,BEARISH,185581447511278316389848488508572199450522835483617261275981021184,29 Jul 25,01:36 PM,47.08,29 Jul 25,01:37 PM,42.54,hard_sl_hit,-2.1063494292530083e+67,-9.64,1
NIFTY50,24850,BEARISH,235198884861005708145071227826688791910523057671365734166228369408,30 Jul 25,11:18 AM,36.75,30 Jul 25,11:19 AM,32.38,hard_sl_hit,-2.569547817106486e+67,-11.89,1
NIFTY50,24850,BEARISH,358225825007863398345742632549473027278903763269278253016766480384,30 Jul 25,02:31 PM,23.81,30 Jul 25,02:32 PM,21.4,hard_sl_hit,-2.158310595672377e+67,-10.12,1
NIFTY50,24650,BULLISH,749638398051023205675268453573899005374825297062333092813420363776,31 Jul 25,09:17 AM,11.25,31 Jul 25,09:22 AM,55.05,tsl_hit,8.208540458658567e+68,389.33,5
NIFTY50,24650,BULLISH,1015266569909309503933971453820493837958873237131070433300836253696,31 Jul 25,10:04 AM,11.9,31 Jul 25,10:08 AM,29.45,tsl_hit,4.454482075476911e+68,147.48,4
NIFTY50,24700,BEARISH,281228839864906688847781691743540700553338888803801281507871466455040,31 Jul 25,10:47 AM,0.05,31 Jul 25,10:52 AM,0.05,time_stop,0.0,0.0,5
NIFTY50,24800,BULLISH,281228839864906688847781691743540700553338888803801281507871466455040,31 Jul 25,12:05 PM,0.05,31 Jul 25,12:10 PM,0.05,time_stop,0.0,0.0,5
NIFTY50,24700,BULLISH,75782495247886455888022770964635832264897615653319313113839828992,01 Aug 25,09:17 AM,185.55,01 Aug 25,09:27 AM,166.47,hard_sl_hit,-3.6148250233241863e+67,-10.28,10
NIFTY50,24750,BULLISH,85364671477031537020555937351136324078652263784166910855502364672,01 Aug 25,10:52 AM,162.84,01 Aug 25,10:55 AM,142.53,hard_sl_hit,-4.3343911942462763e+67,-12.47,3
NIFTY50,24700,BULLISH,84922212208441639920395001274832367258291113145835219223272488960,01 Aug 25,11:11 AM,161.42,01 Aug 25,11:13 AM,143.28,hard_sl_hit,-3.8512223236528254e+67,-11.24,2
NIFTY50,24650,BEARISH,137361522659359244781248415003289271736005088146724140364289015808,01 Aug 25,12:33 PM,98.55,01 Aug 25,12:44 PM,131.63,tsl_hit,1.135979792392901e+68,33.57,11
NIFTY50,24650,BEARISH,142383471565707069418492484964599557034910607351066530788287709184,01 Aug 25,01:09 PM,98.62,01 Aug 25,01:25 PM,86.13,hard_sl_hit,-4.4459238996392063e+67,-12.66,16
NIFTY50,24700,BEARISH,131586934208233885307853984486360875534892109646470960713838886912,01 Aug 25,01:29 PM,105.21,01 Aug 25,01:39 PM,150.68,tsl_hit,1.495814474612099e+68,43.22,10
NIFTY50,24600,BULLISH,113966442394228433675003843379036956280299125480229073354817011712,04 Aug 25,10:52 AM,127.31,04 Aug 25,11:07 AM,131.16,tsl_hit,1.0969270080444472e+67,3.02,15
NIFTY50,24650,BULLISH,155865311484773718408144242386380377271085795186175205725003841536,04 Aug 25,12:04 PM,93.4,04 Aug 25,12:41 PM,104.81,tsl_hit,4.446058010103169e+67,12.22,37
NIFTY50,24750,BEARISH,204595433595461346951959425944718577246366582627282331889397923840,04 Aug 25,02:34 PM,72.12,04 Aug 25,02:46 PM,88.21,tsl_hit,8.229851316377427e+67,22.31,12
NIFTY50,24700,BULLISH,250309449437534312017321038984315970160076170761487587829891465216,05 Aug 25,09:17 AM,60.41,05 Aug 25,09:19 AM,52.93,hard_sl_hit,-4.68078670448189e+67,-12.38,2
NIFTY50,24700,BULLISH,289800988649005222610612323268179822348609392431233323022073987072,05 Aug 25,09:21 AM,51.46,05 Aug 25,09:24 AM,50.8,tsl_hit,-4.7817163127086135e+66,-1.28,3
NIFTY50,24600,BULLISH,218966428516054635665956826107996110493516808509677560583296122880,05 Aug 25,11:11 AM,68.01,05 Aug 25,11:15 AM,76.02,tsl_hit,4.384802731033989e+67,11.78,4
NIFTY50,24650,BEARISH,263019297851397622983117051569237572725782498568674469439359418368,05 Aug 25,11:17 AM,57.36,05 Aug 25,11:22 AM,55.64,time_stop,-1.130982980761009e+67,-3.0,5
NIFTY50,24600,BULLISH,239244566658713176660914267670659317061031316693456423717988990976,05 Aug 25,11:59 AM,62.85,05 Aug 25,12:16 PM,81.09,tsl_hit,1.090955223963732e+68,29.02,17
NIFTY50,24650,BEARISH,320358926789028850484858679395516524797645951781602502360443125760,05 Aug 25,03:08 PM,48.45,05 Aug 25,03:09 PM,43.11,hard_sl_hit,-4.276791672633538e+67,-11.02,1
NIFTY50,24650,BEARISH,301441415120598162925998365538293931542804137502572133177788203008,06 Aug 25,10:23 AM,50.86,06 Aug 25,10:31 AM,67.39,tsl_hit,1.245706647985872e+68,32.5,8
NIFTY50,24600,BEARISH,598754533439067271623026534361416820856524979057129545675743166464,06 Aug 25,12:23 PM,26.53,06 Aug 25,12:33 PM,22.88,hard_sl_hit,-5.463635117631492e+67,-13.76,10
NIFTY50,24600,BULLISH,438523396262634282586671805383555542288861414720228195865309741056,06 Aug 25,12:42 PM,35.67,06 Aug 25,12:49 PM,37.77,tsl_hit,2.3022478303788315e+67,5.89,7
NIFTY50,24600,BULLISH,534434883587331254679587417590883970575995928481548625864332148736,06 Aug 25,02:16 PM,29.46,06 Aug 25,02:24 PM,31.79,tsl_hit,3.113083196896202e+67,7.91,8
NIFTY50,24500,BULLISH,912805225498668879250015288082898309803636441381007313300300496896,07 Aug 25,09:17 AM,17.4,07 Aug 25,09:18 AM,13.2,hard_sl_hit,-9.584454867737685e+67,-24.14,1
NIFTY50,24500,BULLISH,309136703035574335279920724135260943724030213773429013624641810333696,07 Aug 25,10:00 AM,0.05,07 Aug 25,10:05 AM,0.05,time_stop,0.0,0.0,5
NIFTY50,24450,BULLISH,309136703035574335279920724135260943724030213773429013624641810333696,07 Aug 25,10:33 AM,0.05,07 Aug 25,10:38 AM,0.05,time_stop,0.0,0.0,5
NIFTY50,24450,BEARISH,2007381188542500695570754557535406528104496584349858182684259385344,07 Aug 25,12:14 PM,7.7,07 Aug 25,12:15 PM,2.75,hard_sl_hit,-2.4841342208217095e+68,-64.29,1
NIFTY50,24400,BEARISH,642182348907432290739289148715054901490657136644419005477988335616,07 Aug 25,01:46 PM,22.35,07 Aug 25,01:49 PM,22.95,tsl_hit,9.632735233646528e+66,2.68,3
NIFTY50,24600,BEARISH,631385423450641213727059389138490300059142458436706094714464501760,07 Aug 25,03:08 PM,22.8,07 Aug 25,03:09 PM,15.6,hard_sl_hit,-1.1364937622112688e+68,-31.58,1
NIFTY50,24550,BULLISH,73514047715869792133864696047389378837424699949827512259108143104,08 Aug 25,09:17 AM,188.95,08 Aug 25,09:23 AM,189.3,tsl_hit,6.432479175139024e+65,0.19,6
NIFTY50,24400,BULLISH,140223437581217122762801108433941294169025125724344732129140146176,08 Aug 25,12:06 PM,99.08,08 Aug 25,12:21 PM,89.83,hard_sl_hit,-3.2426669940656456e+67,-9.34,15
NIFTY50,24450,BEARISH,230343770522322111639317123338466346885087873754363602287145779200,08 Aug 25,12:52 PM,59.69,08 Aug 25,12:54 PM,54.17,hard_sl_hit,-3.178744033208043e+67,-9.25,2
NIFTY50,24450,BEARISH,245232332850790865769202044286697683038818960767964726143777505280,08 Aug 25,12:57 PM,55.49,08 Aug 25,01:04 PM,64.76,tsl_hit,5.683259313817081e+67,16.71,7
NIFTY50,24350,BULLISH,107696437084123552497816239103607572608145757891364802912403324928,08 Aug 25,03:15 PM,128.7,08 Aug 25,03:20 PM,118.71,time_stop,-2.6897185161759843e+67,-7.76,5
NIFTY50,24400,BEARISH,169641832192139777492266131168132794999372158644578999806873042944,11 Aug 25,09:17 AM,81.0,11 Aug 25,09:20 AM,70.42,hard_sl_hit,-4.487026461482096e+67,-13.06,3
NIFTY50,24450,BULLISH,197168972179313159298284346421284602992917081569462407991541104640,11 Aug 25,11:14 AM,68.68,11 Aug 25,11:26 AM,75.92,tsl_hit,3.568758396445566e+67,10.54,12
NIFTY50,24450,BULLISH,228602978367457025687742344959130709786497572830717854978660106240,11 Aug 25,11:37 AM,59.93,11 Aug 25,11:41 AM,53.39,hard_sl_hit,-3.7376586963079216e+67,-10.91,4
NIFTY50,24500,BEARISH,341855476869950624431618480624407661462914746198453595142698827776,11 Aug 25,01:35 PM,39.59,11 Aug 25,01:39 PM,36.02,hard_sl_hit,-3.05106013106431e+67,-9.02,4
NIFTY50,24550,BEARISH,355774181008752092697968136019416796419951742096103142841416417280,11 Aug 25,02:35 PM,37.66,11 Aug 25,02:37 PM,33.87,hard_sl_hit,-3.3709603650579254e+67,-10.06,2
NIFTY50,24600,BEARISH,306539453866736700883479204595290779202428712241255772652270780416,12 Aug 25,09:27 AM,43.22,12 Aug 25,09:31 AM,37.99,hard_sl_hit,-4.00800335930758e+67,-12.1,4
NIFTY50,24550,BULLISH,186641463850984813079054338258001362381595322194406747413751529472,12 Aug 25,11:52 AM,70.03,12 Aug 25,12:01 PM,73.79,tsl_hit,1.7544297601992596e+67,5.37,9
NIFTY50,24600,BEARISH,212209108610286020693070060647417903970183320253404361302747381760,12 Aug 25,02:01 PM,61.96,12 Aug 25,02:14 PM,80.29,tsl_hit,9.724482402066358e+67,29.58,13
NIFTY50,24450,BULLISH,163347072255989140595991400739264173008469870413728958255898558464,12 Aug 25,03:05 PM,83.14,12 Aug 25,03:16 PM,94.28,tsl_hit,4.549215962329298e+67,13.4,11
NIFTY50,24550,BEARISH,209084693013750961314324416961828325948841334869939567887684468736,13 Aug 25,09:18 AM,65.92,13 Aug 25,09:24 AM,71.19,tsl_hit,2.754690830456167e+67,7.99,6
NIFTY50,24550,BULLISH,322628623365250432240782225652060303810438831756955738416762322944,13 Aug 25,11:45 AM,43.1,13 Aug 25,11:55 AM,45.9,tsl_hit,2.2584003635567504e+67,6.5,10
NIFTY50,24550,BULLISH,412295172697489074955846347268625865231804922610826190457959088128,13 Aug 25,12:03 PM,33.97,13 Aug 25,12:09 PM,40.25,tsl_hit,6.47303421135058e+67,18.49,6
NIFTY50,24600,BEARISH,677410304546306273727362894269471869379541703621055614512065937408,13 Aug 25,12:34 PM,21.1,13 Aug 25,12:38 PM,24.51,tsl_hit,5.77492284625726e+67,16.16,4
NIFTY50,24650,BEARISH,452004369789950165523125888217252345141649466002524041914496319488,13 Aug 25,01:03 PM,32.19,13 Aug 25,01:05 PM,32.12,tsl_hit,-7.91007647132416e+65,-0.22,2
NIFTY50,24650,BEARISH,465637166261065412147525947900608607055807196010390486481788469248,13 Aug 25,01:08 PM,31.24,13 Aug 25,01:15 PM,37.59,tsl_hit,7.39199001439442e+67,20.33,7
NIFTY50,24600,BULLISH,391654501409276655025395815116542624725421663600569711182479360000,13 Aug 25,01:23 PM,37.98,13 Aug 25,01:32 PM,36.41,tsl_hit,-1.5372439180314113e+67,-4.13,9
NIFTY50,24650,BEARISH,296134320232236365093955624372085790165201345027708127539016065089536,14 Aug 25,09:17 AM,0.05,14 Aug 25,09:22 AM,13.75,tsl_hit,1.0142600467954095e+71,27400.0,5
NIFTY50,24650,BEARISH,9311779180635877308378289704309974802299780922047496109500235585159168,14 Aug 25,10:28 AM,0.05,14 Aug 25,10:33 AM,0.05,time_stop,0.0,0.0,5
NIFTY50,24600,BULLISH,25031664464076892694666462201844877802292529049908701073944977866752,14 Aug 25,11:44 AM,18.6,14 Aug 25,11:46 AM,15.2,hard_sl_hit,-2.1276914794451702e+69,-18.28,2
NIFTY50,24650,BEARISH,58106057637779161814586251443978330743616341769163491486925525614592,14 Aug 25,12:29 PM,7.85,14 Aug 25,12:30 PM,0.1,hard_sl_hit,-1.1258048667319713e+70,-98.73,1
NIFTY50,24650,BULLISH,8121935612034554599584129022349268013930772579218986040121937117577216,14 Aug 25,02:19 PM,0.05,14 Aug 25,02:24 PM,0.05,time_stop,0.0,0.0,5
NIFTY50,24950,BEARISH,1168119604779886875365056073062505604161984869879028808294672105472,18 Aug 25,09:17 AM,347.65,18 Aug 25,09:22 AM,342.75,time_stop,-1.430946515855355e+68,-1.41,5
NIFTY50,24900,BULLISH,8000410504586792821033649926005049612046634336777756607311517843456,18 Aug 25,12:17 PM,50.68,18 Aug 25,12:30 PM,53.99,tsl_hit,6.620339692545576e+68,6.53,13
NIFTY50,24900,BULLISH,6258093435016021680468404762182817174975110368833442232819588792320,18 Aug 25,02:38 PM,65.26,18 Aug 25,02:44 PM,64.64,tsl_hit,-9.700044824274905e+67,-0.95,6
NIFTY50,24900,BEARISH,11298035570917876385168397995210240851514618971924772864767129812992,19 Aug 25,09:17 AM,36.11,19 Aug 25,09:21 AM,35.62,tsl_hit,-1.3840093574374454e+68,-1.36,4
NIFTY50,24950,BEARISH,12430788806709560077186466530197054698400214703110019973187662512128,19 Aug 25,11:32 AM,32.77,19 Aug 25,11:38 AM,27.17,hard_sl_hit,-1.7403104329393386e+69,-17.09,6
NIFTY50,25000,BEARISH,12578603593345494117275230844379451333634453834357641378670124728320,19 Aug 25,12:23 PM,31.77,19 Aug 25,12:26 PM,28.11,hard_sl_hit,-1.1509422287911127e+69,-11.52,3
NIFTY50,24950,BULLISH,10461600036222729843285227195465433397721857731540050993423358885888,20 Aug 25,09:17 AM,37.71,20 Aug 25,09:19 AM,33.2,hard_sl_hit,-1.1795454040841122e+69,-11.96,2
NIFTY50,25050,BULLISH,20348380206367361060734993903459718049842445623338067428435497582592,20 Aug 25,01:11 PM,19.13,20 Aug 25,01:15 PM,20.91,tsl_hit,9.055029191833482e+68,9.3,4
NIFTY50,25050,BULLISH,24642166088120313282347749879646939698803717910895342662473580806144,20 Aug 25,01:26 PM,15.96,20 Aug 25,01:33 PM,20.5,tsl_hit,2.7968858510016554e+69,28.45,7
NIFTY50,25050,BEARISH,31065817346755726543857266645818389255328953948265320077171970015232,20 Aug 25,01:53 PM,13.06,20 Aug 25,01:57 PM,14.73,tsl_hit,1.2969978742270517e+69,12.79,4
NIFTY50,25050,BULLISH,14412749896504183943161179596413050391435574729796022088173269024768,20 Aug 25,03:05 PM,28.55,20 Aug 25,03:09 PM,30.03,tsl_hit,5.33271746170655e+68,5.18,4
NIFTY50,25100,BEARISH,35372145828616760717389671030530783119162929579635097319283688996864,21 Aug 25,09:17 AM,11.7,21 Aug 25,09:20 AM,22.3,tsl_hit,9.373618644582155e+69,90.6,3
NIFTY50,25150,BEARISH,48459003564258016133064953753198785934122737052832962204187033075712,21 Aug 25,10:32 AM,9.4,21 Aug 25,10:33 AM,6.25,hard_sl_hit,-3.816146530687082e+69,-33.51,1
NIFTY50,25100,BULLISH,105675658375046729943836310514854295562714002654806027437210683310080,21 Aug 25,12:32 PM,4.15,21 Aug 25,12:34 PM,13.6,tsl_hit,2.49658742910971e+70,227.71,2
NIFTY50,25100,BULLISH,39533339823762955247510272715534345538050626136895328963081522905088,21 Aug 25,12:54 PM,13.9,21 Aug 25,12:55 PM,11.5,hard_sl_hit,-2.3720003894272156e+69,-17.27,1
NIFTY50,25100,BULLISH,51824153807430517388879098287707770157177374989045971889439012552704,21 Aug 25,01:25 PM,10.4,21 Aug 25,01:26 PM,6.8,hard_sl_hit,-4.664173842671574e+69,-34.62,1
NIFTY50,24900,BULLISH,5361489117260169170131980758635329628014870551547608874536904163328,22 Aug 25,11:18 AM,96.66,22 Aug 25,11:25 AM,103.63,tsl_hit,9.342394786825844e+68,7.21,7
NIFTY50,24950,BEARISH,7952408487367628615963600943422753985668622218762383476513084276736,22 Aug 25,11:43 AM,65.69,22 Aug 25,11:48 AM,61.51,time_stop,-8.310266869299172e+68,-6.36,5
NIFTY50,24950,BEARISH,12447810453402178477660931834344791918702002544606074402825417261056,22 Aug 25,01:39 PM,41.67,22 Aug 25,01:43 PM,39.35,tsl_hit,-7.219730062973265e+68,-5.57,4
NIFTY50,24950,BEARISH,6096883414268383502481221517601247368147594614081797943940624678912,25 Aug 25,09:17 AM,84.55,25 Aug 25,09:21 AM,89.62,tsl_hit,7.727799727585188e+68,6.0,4
NIFTY50,24950,BULLISH,5383608987790189242210805755020286001006364264687216661719473455104,25 Aug 25,09:54 AM,96.39,25 Aug 25,09:58 AM,84.29,hard_sl_hit,-1.6285417188065314e+69,-12.55,4
NIFTY50,25000,BEARISH,12856485103979917502256451649406045255396307658971341437767511965696,25 Aug 25,12:18 PM,39.8,25 Aug 25,12:32 PM,39.38,tsl_hit,-1.349930935917874e+68,-1.06,14
NIFTY50,25000,BEARISH,17093248756974860269765302670141341302372714686462952144976295755776,25 Aug 25,01:07 PM,29.9,25 Aug 25,01:11 PM,26.89,hard_sl_hit,-1.2862669689623574e+69,-10.07,4
NIFTY50,24800,BULLISH,13774090917123772106336019115196892928136279642426520587683531587584,26 Aug 25,12:35 PM,36.69,26 Aug 25,12:39 PM,32.25,hard_sl_hit,-1.5289240918007379e+69,-12.1,4
NIFTY50,24800,BEARISH,17927945974954696792919875733408595221463395021915482101073225711616,26 Aug 25,01:04 PM,27.81,26 Aug 25,01:08 PM,24.57,hard_sl_hit,-1.4521636239713298e+69,-11.65,4
NIFTY50,24750,BULLISH,8996748025822785950580615225335451508730963896282461357377775992832,26 Aug 25,02:14 PM,54.7,26 Aug 25,02:17 PM,48.95,hard_sl_hit,-1.2932825287120255e+69,-10.51,3
NIFTY50,24750,BULLISH,9942236195066950397558180025658474858477105670050135170501377523712,26 Aug 25,03:06 PM,48.92,26 Aug 25,03:08 PM,44.49,hard_sl_hit,-1.1011026586036647e+69,-9.06,2
NIFTY50,24650,BEARISH,9629608101377624212575504015523857996603615061472537337008723245137920,28 Aug 25,11:37 AM,0.05,28 Aug 25,11:42 AM,0.05,time_stop,0.0,0.0,5
NIFTY50,24600,BULLISH,19814008439049198120147215206009443124825254908631014745526331506688,28 Aug 25,12:00 PM,24.3,28 Aug 25,12:01 PM,19.25,hard_sl_hit,-2.5015185654296006e+69,-20.78,1
NIFTY50,24600,BULLISH,9407250895561658280529135157402432811524770557834459497046194924814336,28 Aug 25,12:26 PM,0.05,28 Aug 25,12:31 PM,0.05,time_stop,0.0,0.0,5
NIFTY50,24500,BULLISH,5654755287065194071101907678902675859247032168341112430137215811584,29 Aug 25,02:00 PM,83.18,29 Aug 25,02:05 PM,83.56,tsl_hit,5.3720175227118704e+67,0.46,5
NIFTY50,24500,BEARISH,4447607041984931773132023698394144384769149718173688190640884547584,01 Sep 25,09:20 AM,105.81,01 Sep 25,09:36 AM,95.76,hard_sl_hit,-1.1174612692987137e+69,-9.5,16
NIFTY50,24600,BEARISH,13634987015584458821285606485946384605599784221633101683371160895488,01 Sep 25,01:34 PM,34.15,01 Sep 25,01:46 PM,34.25,tsl_hit,3.4087467538961633e+67,0.29,12
NIFTY50,24600,BEARISH,15505536166376091172793694781033441543652320025033988294604161548288,01 Sep 25,02:07 PM,30.04,01 Sep 25,02:10 PM,26.75,hard_sl_hit,-1.2753303496844332e+69,-10.95,3
NIFTY50,24650,BEARISH,10314238322135205135001674744532485824488383172761914787299323805696,02 Sep 25,09:17 AM,44.61,02 Sep 25,09:23 AM,57.96,tsl_hit,3.442377040012625e+69,29.93,6
NIFTY50,24700,BEARISH,9163793852382782360472311656374909966288200213754874513342722998272,02 Sep 25,09:54 AM,51.88,02 Sep 25,10:01 AM,45.61,hard_sl_hit,-1.4364246863610017e+69,-12.09,7
NIFTY50,24700,BULLISH,9095084648913297270409771421728545548162607934493432941936973447168,02 Sep 25,12:19 PM,51.57,02 Sep 25,12:36 PM,67.02,tsl_hit,3.5129764456427596e+69,29.96,17
NIFTY50,24600,BULLISH,7773003111335362908057116594308328345179242881478132901963236376576,02 Sep 25,01:58 PM,62.35,02 Sep 25,01:59 PM,55.83,hard_sl_hit,-1.2669995071476647e+69,-10.46,1
NIFTY50,24600,BULLISH,8467661924537804316328173379588985497797067930350537164476118990848,02 Sep 25,02:01 PM,56.57,02 Sep 25,02:02 PM,51.21,hard_sl_hit,-1.1346666978880658e+69,-9.47,1
NIFTY50,24550,BULLISH,6440721184527502066869719160949789812717005569674192854161473667072,03 Sep 25,09:20 AM,73.59,03 Sep 25,09:30 AM,90.35,tsl_hit,2.698662176317022e+69,22.77,10
NIFTY50,24850,BEARISH,9719334521726868886155478067029949410232312342898412295282617288228864,04 Sep 25,09:17 AM,0.05,04 Sep 25,09:22 AM,0.05,tsl_hit,0.0,0.0,5
NIFTY50,24800,BEARISH,9719334521726868886155478067029949410232312342898412295282617288228864,04 Sep 25,12:07 PM,0.05,04 Sep 25,12:13 PM,3.6,tsl_hit,8.625909388029061e+71,7100.0,6
NIFTY50,24800,BEARISH,27195317501114563178659936468207157180540926220326487760266413998080,05 Sep 25,09:17 AM,158.84,05 Sep 25,09:22 AM,156.48,time_stop,-1.6045237325657683e+69,-1.49,5
NIFTY50,24650,BULLISH,46501757766744187667766800747811727342573942997749614924426500898816,05 Sep 25,12:19 PM,92.74,05 Sep 25,12:27 PM,95.72,tsl_hit,3.4643809536224466e+69,3.21,8
NIFTY50,24650,BULLISH,52536662587650186554081014663138155363903222834604598818509854605312,05 Sep 25,12:37 PM,82.38,05 Sep 25,12:44 PM,79.22,tsl_hit,-4.15039634442436e+69,-3.84,7
NIFTY50,24650,BEARISH,72734583257306361284540454154209946799958759936604480871499797889024,05 Sep 25,01:02 PM,59.25,05 Sep 25,01:11 PM,52.26,hard_sl_hit,-1.2710368424214291e+70,-11.8,9
NIFTY50,24800,BEARISH,51639552351451692919332900007031093185667204361278845110451032817664,08 Sep 25,09:17 AM,82.36,08 Sep 25,09:21 AM,83.71,tsl_hit,1.742834891861487e+69,1.64,4
NIFTY50,24800,BULLISH,38801379332649842477635186267092343866636419706406637625567040503808,08 Sep 25,09:57 AM,109.81,08 Sep 25,10:09 AM,109.09,tsl_hit,-6.98424827987696e+68,-0.66,12
NIFTY50,24800,BULLISH,38001386595605742492979042360427617480462381531124583750483671252992,08 Sep 25,10:17 AM,112.04,08 Sep 25,10:22 AM,104.47,time_stop,-7.191762413218394e+69,-6.76,5
NIFTY50,24850,BEARISH,85247366666703139741913186812452557188264920457541482923416900075520,08 Sep 25,12:08 PM,49.57,08 Sep 25,12:13 PM,45.06,hard_sl_hit,-9.611640591670775e+69,-9.1,5
NIFTY50,24850,BULLISH,81002973722672849305292301639185127651670759270673527653834308976640,08 Sep 25,01:21 PM,51.64,08 Sep 25,01:26 PM,48.82,time_stop,-5.710709647448436e+69,-5.46,5
NIFTY50,24900,BEARISH,82804473835339340450743882973811723443752847010487538329233509056512,08 Sep 25,02:35 PM,50.21,08 Sep 25,02:40 PM,51.44,tsl_hit,2.5462375704366783e+69,2.45,5
NIFTY50,24850,BEARISH,45162271072435838632912329584982133123600787990900988263935212781568,09 Sep 25,09:17 AM,92.31,09 Sep 25,09:22 AM,81.37,hard_sl_hit,-1.23518811383112e+70,-11.85,5
NIFTY50,24850,BULLISH,80509432352112456941220681326834740532121348767460967412674569699328,09 Sep 25,02:02 PM,51.1,09 Sep 25,02:07 PM,48.97,tsl_hit,-4.287127272749994e+69,-4.17,5
NIFTY50,24950,BEARISH,63448684446900313773093411921212627183463782168861460330543652536320,10 Sep 25,09:17 AM,64.54,10 Sep 25,09:22 AM,65.78,tsl_hit,1.9669092178539016e+69,1.92,5
NIFTY50,24950,BULLISH,178035571060692602264289867155068950783518287423811281728891634319360,10 Sep 25,01:19 PM,23.05,10 Sep 25,01:22 PM,24.0,tsl_hit,4.2283448126914465e+69,4.12,3
NIFTY50,24950,BULLISH,169441535411464263219673931444230353145461925098426016899663191343104,10 Sep 25,02:01 PM,24.33,10 Sep 25,02:03 PM,24.56,tsl_hit,9.742888286159213e+68,0.95,2
NIFTY50,24950,BEARISH,366179479071211330953118062161266506399277385748378652496724918009856,10 Sep 25,02:09 PM,11.27,10 Sep 25,02:21 PM,19.77,tsl_hit,7.781313930263241e+70,75.42,12
NIFTY50,24950,BULLISH,328873448809661484900601899866687559482532225478447435836075167186944,11 Sep 25,09:17 AM,13.6,11 Sep 25,09:21 AM,51.2,tsl_hit,3.0914104188109975e+71,276.47,4
NIFTY50,24950,BULLISH,383386169832730409086748967935667236075859935497330576357358573715456,11 Sep 25,10:05 AM,15.25,11 Sep 25,10:08 AM,11.2,hard_sl_hit,-3.881784969555698e+70,-26.56,3
NIFTY50,25000,BEARISH,347040691958712301004530863203090449156747658930453967280357597249536,11 Sep 25,10:34 AM,16.35,11 Sep 25,10:36 AM,14.3,hard_sl_hit,-1.7785835462877694e+70,-12.54,2
NIFTY50,25000,BEARISH,384540698000820023503109444388913487691854342446568814026349795606528,11 Sep 25,11:04 AM,14.55,11 Sep 25,11:05 AM,12.55,hard_sl_hit,-1.9227034900041e+70,-13.75,1
NIFTY50,25000,BEARISH,266809378569812915909983372480045802131500013094017851292896750206976,11 Sep 25,12:02 PM,20.65,11 Sep 25,12:03 PM,18.2,hard_sl_hit,-1.6342074437405895e+70,-11.86,1
NIFTY50,25050,BEARISH,47642676354039601439393017432976530889470919758300731956484909301760,12 Sep 25,09:17 AM,114.12,12 Sep 25,09:29 AM,117.32,tsl_hit,3.811414108323154e+69,2.8,12
NIFTY50,25050,BEARISH,51186502522592338225782470598490485456938910405338855237610909990912,12 Sep 25,10:04 AM,106.55,12 Sep 25,10:09 AM,103.19,time_stop,-4.2996662118977555e+69,-3.15,5
NIFTY50,25100,BEARISH,425592186074689038157975610804773716504060868514333107781362507579392,12 Sep 25,01:38 PM,12.77,12 Sep 25,01:52 PM,19.58,tsl_hit,7.24570696792158e+70,53.33,14
NIFTY50,25100,BULLISH,97359100912739618888371313881748971451095321900605668284666392608768,12 Sep 25,02:37 PM,59.13,12 Sep 25,02:45 PM,59.21,tsl_hit,1.947182018254751e+68,0.14,8
NIFTY50,25100,BULLISH,86764753634729190762333015940455132042359113056906635941672715812864,12 Sep 25,03:00 PM,66.36,12 Sep 25,03:20 PM,66.21,tsl_hit,-3.253678261302468e+68,-0.23,20
NIFTY50,25100,BULLISH,114211566904233798714193983305008089615759220340710742485831816052736,15 Sep 25,09:15 AM,50.4,15 Sep 25,09:17 AM,49.28,tsl_hit,-3.197923873318539e+69,-2.22,2
NIFTY50,25100,BULLISH,129617380970222481652867327306677872454671346907604549999321843499008,15 Sep 25,09:21 AM,44.3,15 Sep 25,09:29 AM,57.67,tsl_hit,4.332460958929688e+70,30.18,8
NIFTY50,25100,BEARISH,153190598796534112335424336471620814276521885736510389109664946061312,15 Sep 25,09:53 AM,38.74,15 Sep 25,10:11 AM,52.71,tsl_hit,5.3501816629689534e+70,36.06,18
NIFTY50,25100,BULLISH,197390139081075772130218622954098961159003050049797478347517286416384,15 Sep 25,12:47 PM,31.27,15 Sep 25,12:52 PM,31.96,tsl_hit,3.4049798991485632e+69,2.21,5
NIFTY50,25100,BEARISH,124622817584319337562998378818509424990153501401800026812608713588736,16 Sep 25,09:17 AM,49.65,16 Sep 25,09:18 AM,42.81,hard_sl_hit,-2.1310501806918595e+70,-13.78,1
NIFTY50,25150,BULLISH,109899162187903553894118355994845597687921462511022576082371154542592,16 Sep 25,10:47 AM,55.44,16 Sep 25,10:52 AM,55.21,time_stop,-6.319201825804369e+68,-0.41,5
NIFTY50,25200,BEARISH,208347622906348628153020005963619272817996860314781256467209783345152,16 Sep 25,02:41 PM,29.23,16 Sep 25,02:48 PM,31.36,tsl_hit,1.1094510919763059e+70,7.29,7
NIFTY50,25300,BEARISH,99923664631734034371677636296216884159305735356425478777107539558400,17 Sep 25,09:17 AM,61.44,17 Sep 25,09:18 AM,54.1,hard_sl_hit,-1.8335992459923186e+70,-11.95,1
NIFTY50,25300,BULLISH,174025184003213423046167796727303047637319970161949118560489510535168,17 Sep 25,11:41 AM,34.81,17 Sep 25,11:48 AM,33.3,tsl_hit,-6.569450696121329e+69,-4.34,7
NIFTY50,25350,BEARISH,229050877526688090081588254795864271374649462706994663803962653671424,17 Sep 25,11:53 AM,26.32,17 Sep 25,12:12 PM,30.03,tsl_hit,2.1244468890600325e+70,14.1,19
NIFTY50,25350,BEARISH,287196949260714414211686283277235355008344719160611782603709511368704,17 Sep 25,01:20 PM,21.32,17 Sep 25,01:21 PM,19.15,hard_sl_hit,-1.5580434497393768e+70,-10.18,1
NIFTY50,25350,BEARISH,295306955253388295616421610183648791212413271986187344029451194204160,17 Sep 25,01:23 PM,20.5,17 Sep 25,01:32 PM,23.31,tsl_hit,2.0745313606550518e+70,13.71,9
NIFTY50,25300,BULLISH,292527081223291346409992618291591029685965876930753063561277613277184,17 Sep 25,02:08 PM,21.01,17 Sep 25,02:11 PM,20.43,tsl_hit,-4.2416426777377384e+69,-2.76,3
NIFTY50,25300,BULLISH,213043888430701014849092031851493274228473068040317153947375456223232,17 Sep 25,02:29 PM,28.76,17 Sep 25,02:30 PM,23.26,hard_sl_hit,-2.929353465922139e+70,-19.12,1
NIFTY50,25400,BEARISH,119938974877852876114075444819308866009241704419805224161395300594876416,18 Sep 25,09:17 AM,0.05,18 Sep 25,09:22 AM,0.05,time_stop,0.0,0.0,5
NIFTY50,25450,BEARISH,346644436063173131403749292970256388920995002916422212240131860987904,18 Sep 25,11:02 AM,17.3,18 Sep 25,11:07 AM,19.9,tsl_hit,2.253188834412517e+70,15.03,5
NIFTY50,25400,BULLISH,532496984267785672936225058866587321062175300552725013138606223523840,18 Sep 25,12:36 PM,11.45,18 Sep 25,12:37 PM,0.05,hard_sl_hit,-1.5176164051632858e+71,-99.56,1
NIFTY50,25400,BULLISH,108451885795879233425634853226818441381216945910947626869345478978306048,18 Sep 25,12:39 PM,0.05,18 Sep 25,12:44 PM,0.05,time_stop,0.0,0.0,5
NIFTY50,25350,BULLISH,344291700939299114051486025521944255225234938781709041203188932280320,18 Sep 25,01:53 PM,15.75,18 Sep 25,01:55 PM,8.25,hard_sl_hit,-6.455469392611858e+70,-47.62,2
NIFTY50,25350,BULLISH,267483569740157167615337513895050256159881265761860142543518100881408,18 Sep 25,02:10 PM,19.2,18 Sep 25,02:12 PM,18.4,tsl_hit,-5.349671394798278e+69,-4.17,2
NIFTY50,25400,BEARISH,234491202830328853017812494905212865558855312788744362511902928011264,18 Sep 25,02:51 PM,21.8,18 Sep 25,02:52 PM,15.5,hard_sl_hit,-3.693236444577253e+70,-28.9,1
NIFTY50,25300,BEARISH,92309036935070662727794140269516059047778535913194367242827485675520,19 Sep 25,12:53 PM,53.6,19 Sep 25,12:56 PM,47.86,hard_sl_hit,-1.3246346800182645e+70,-10.71,3
NIFTY50,25300,BEARISH,100429164487973110169011884290115450053050960428378806499090397921280,19 Sep 25,12:58 PM,48.68,19 Sep 25,01:03 PM,43.42,hard_sl_hit,-1.3206435130168459e+70,-10.81,5
NIFTY50,25350,BEARISH,94137526018891790127914667008599020260944896655133674249089229783040,19 Sep 25,02:04 PM,51.31,19 Sep 25,02:10 PM,52.29,tsl_hit,2.3063693874628415e+69,1.91,6
NIFTY50,25350,BULLISH,65340807109075111242857835198111026765936806301438169066587759312896,19 Sep 25,02:22 PM,74.08,19 Sep 25,03:00 PM,74.58,tsl_hit,8.167600888634389e+68,0.67,38
NIFTY50,25250,BULLISH,32549906165029411948985693521004949026559799704030199591638136782848,22 Sep 25,09:19 AM,148.82,22 Sep 25,09:47 AM,182.28,tsl_hit,2.722799650704711e+70,22.48,28
NIFTY50,25300,BULLISH,32777200642254922921407960562006521004282430351197784942265707266048,22 Sep 25,10:23 AM,151.48,22 Sep 25,10:55 AM,77.11,hard_sl_hit,-6.094101029411247e+70,-49.1,32
NIFTY50,25300,BULLISH,83186982432186331285473731569418201584074524372031280899771577925632,22 Sep 25,11:07 AM,56.43,22 Sep 25,11:12 AM,51.76,time_stop,-9.712080198957757e+69,-8.28,5
NIFTY50,25200,BULLISH,62742164005989722024282589258584671952133347020285579949466160463872,23 Sep 25,02:50 PM,74.13,23 Sep 25,02:57 PM,66.78,hard_sl_hit,-1.1528872636100603e+70,-9.92,7
NIFTY50,25100,BEARISH,71105846094076271522975584697011876566263356414588687144214580953088,24 Sep 25,09:15 AM,64.69,24 Sep 25,09:23 AM,79.57,tsl_hit,2.6451374746996365e+70,23.0,8
NIFTY50,25100,BEARISH,242539786599897191720865938148100225666245933166184626638919770832896,24 Sep 25,12:37 PM,19.45,24 Sep 25,12:41 PM,19.31,tsl_hit,-8.488892530996436e+68,-0.72,4
NIFTY50,25050,BULLISH,104191556327212910612705786995099992560372534580443164588944945840128,24 Sep 25,02:44 PM,45.24,24 Sep 25,02:47 PM,45.3,tsl_hit,1.5628733449080678e+68,0.13,3
NIFTY50,25050,BULLISH,94286412372372543380766218480618230687711274912389180849383140849876992,25 Sep 25,09:17 AM,0.05,25 Sep 25,09:26 AM,33.15,tsl_hit,7.802200623814172e+73,66200.0,9
NIFTY50,25000,BULLISH,25939394301708950216519355942706495102406016382773829269172470140633088,25 Sep 25,10:39 AM,13.55,25 Sep 25,10:41 AM,6.2,hard_sl_hit,-4.766363702938076e+72,-54.24,2
NIFTY50,25050,BEARISH,14298482861836943947723537527194177877209041018867365071047910116818944,25 Sep 25,11:16 AM,23.1,25 Sep 25,11:20 AM,23.0,tsl_hit,-3.5746207154072183e+70,-0.43,4
NIFTY50,24950,BULLISH,15609271020169928270458450728850999854397888411606786000186004652163072,25 Sep 25,01:23 PM,21.15,25 Sep 25,01:25 PM,21.4,tsl_hit,9.755794387606205e+70,1.18,2
NIFTY50,25000,BEARISH,6611393458765761777854278220608973725204417853566152351742423803642249216,25 Sep 25,01:49 PM,0.05,25 Sep 25,01:53 PM,5.65,tsl_hit,9.255950842274471e+74,11200.0,4
NIFTY50,24800,BEARISH,31578269168950219303804281747524745088184177946229328290583580290056192,26 Sep 25,09:15 AM,140.74,26 Sep 25,09:23 AM,149.93,tsl_hit,7.255107341566311e+72,6.53,8
NIFTY50,24800,BEARISH,28549556915536515637826604511151231985164390663668716127117316047503360,26 Sep 25,09:51 AM,156.8,26 Sep 25,10:23 AM,160.79,tsl_hit,2.8478183023247536e+72,2.54,32
NIFTY50,24750,BULLISH,54276719799161905382882513225598958958291816364574899112079657655074816,26 Sep 25,11:41 AM,82.71,26 Sep 25,11:58 AM,95.62,tsl_hit,1.751781131517952e+73,15.61,17
NIFTY50,24700,BULLISH,48663659390167889087012259544465970705590581402191134590998952162623488,26 Sep 25,01:55 PM,93.85,26 Sep 25,01:58 PM,82.22,hard_sl_hit,-1.4148958967691308e+73,-12.39,3
NIFTY50,24650,BEARISH,50745833389912446629721107007678329031431284945290386802973406071357440,26 Sep 25,02:40 PM,88.76,26 Sep 25,02:45 PM,87.9,time_stop,-1.091035417883117e+72,-0.97,5
NIFTY50,24750,BEARISH,56774146692579508419804012906605092147316498054969469725611868523855872,29 Sep 25,09:57 AM,79.25,29 Sep 25,10:11 AM,80.75,tsl_hit,2.1290305009717316e+72,1.89,14
NIFTY50,24750,BEARISH,55377222834303894678152527018376534971569752273780397722436566004006912,29 Sep 25,02:23 PM,81.42,29 Sep 25,02:27 PM,88.12,tsl_hit,9.275684824745907e+72,8.23,4
NIFTY50,24700,BEARISH,65468183439665932314009350316018588811674260452358721636118852389568512,30 Sep 25,09:17 AM,69.5,30 Sep 25,09:19 AM,62.06,hard_sl_hit,-1.2177082119777859e+73,-10.71,2
NIFTY50,24600,BEARISH,73295050278447872248610836797112061976218238425811061808892899219210240,30 Sep 25,03:27 PM,61.34,01 Oct 25,09:15 AM,34.74,hard_sl_hit,-4.8741208435167835e+73,-43.36,3
NIFTY50,24700,BEARISH,74151633876880984299715804212636752632204340996514187886428156460007424,01 Oct 25,09:50 AM,57.71,01 Oct 25,09:54 AM,62.6,tsl_hit,9.065037241448701e+72,8.47,4
NIFTY50,24650,BULLISH,84864044114759135961032944937975846158139824343303885115236041063661568,01 Oct 25,10:07 AM,50.9,01 Oct 25,10:12 AM,51.87,tsl_hit,2.0579530697829065e+72,1.91,5
NIFTY50,24700,BEARISH,102285593183581373334419572901855543803055599169316144665258613429764096,01 Oct 25,11:14 AM,42.32,01 Oct 25,11:15 AM,35.73,hard_sl_hit,-1.685155147699504e+73,-15.57,1
NIFTY50,24800,BEARISH,31629344331823657711466118245962718728928773140058876984796376436047872,03 Oct 25,09:15 AM,134.49,03 Oct 25,09:20 AM,139.9,tsl_hit,4.277868820879147e+72,4.02,5
NIFTY50,24800,BEARISH,33951873416781743199781361824970082014409251959773130695188740596301824,03 Oct 25,10:33 AM,125.85,03 Oct 25,10:48 AM,139.01,tsl_hit,1.1170166354121191e+73,10.46,15
NIFTY50,24850,BEARISH,70456209507711099229465494720659852002722101753752357565098120011841536,03 Oct 25,12:09 PM,61.35,03 Oct 25,12:12 PM,59.98,tsl_hit,-2.413125175639113e+72,-2.23,3
NIFTY50,24850,BEARISH,63821247076930983528380814217945825637496638672986808685420694210609152,03 Oct 25,01:10 PM,67.56,03 Oct 25,01:26 PM,69.38,tsl_hit,2.903866742000349e+72,2.69,16
NIFTY50,24800,BULLISH,41297455375538080301012465705679040153958118568612352247426451538706432,03 Oct 25,01:40 PM,104.72,03 Oct 25,01:47 PM,105.98,tsl_hit,1.3008698443294548e+72,1.2,7
NIFTY50,24850,BEARISH,65543380818509519931218438927755039780009964128387069383439999823773696,03 Oct 25,02:33 PM,66.07,03 Oct 25,02:36 PM,58.84,hard_sl_hit,-1.1846966082945578e+73,-10.94,3
NIFTY50,25000,BEARISH,119558356290890291245375241680718170970467962097464986961901877242888192,06 Oct 25,12:48 PM,35.78,06 Oct 25,12:51 PM,31.72,hard_sl_hit,-1.2135173163525371e+73,-11.35,3
NIFTY50,25050,BULLISH,55344128474044208964151817025701123349152648914011111446279803008712704,06 Oct 25,02:31 PM,76.32,06 Oct 25,02:42 PM,80.66,tsl_hit,6.004837939433802e+72,5.69,11
NIFTY50,25100,BULLISH,48077729371776479902564718849944156855921969730903353684988341304426496,07 Oct 25,09:15 AM,88.41,07 Oct 25,09:18 AM,73.74,hard_sl_hit,-1.7632507247099025e+73,-16.59,3
NIFTY50,25200,BULLISH,59348298077990945146592595607387154315925120168993916944916250735149056,07 Oct 25,10:25 AM,70.3,07 Oct 25,10:31 AM,70.32,tsl_hit,2.967414903898957e+70,0.03,6
NIFTY50,25200,BEARISH,106463823424077646353249396134403305771718690236094668779379644310749184,07 Oct 25,02:16 PM,39.19,07 Oct 25,02:23 PM,43.66,tsl_hit,1.1897332267640673e+73,11.41,7
NIFTY50,25150,BEARISH,75355703090605099612822724682799262917166773179777036396970444710739968,08 Oct 25,09:17 AM,56.07,08 Oct 25,09:18 AM,48.09,hard_sl_hit,-1.5033462766575712e+73,-14.23,1
NIFTY50,25100,BULLISH,107285316878652188068204648848564508596873989486768611755597943080484864,08 Oct 25,11:00 AM,38.76,08 Oct 25,11:01 AM,33.46,hard_sl_hit,-1.421530448642141e+73,-13.67,1
NIFTY50,25050,BEARISH,134224836157515445018858476889252684735924154156031212907790733351583744,08 Oct 25,12:50 PM,30.51,08 Oct 25,12:53 PM,29.87,tsl_hit,-2.147597378520249e+72,-2.1,3
NIFTY50,25050,BULLISH,62500456997520707527986915297641560306470154532679156847579123524042752,08 Oct 25,02:13 PM,65.37,08 Oct 25,02:20 PM,59.98,tsl_hit,-8.421936580415928e+72,-8.25,7
NIFTY50,25050,BULLISH,59175910607829782031788539729052231021368703621221284689423694190084096,08 Oct 25,02:52 PM,68.41,08 Oct 25,02:55 PM,65.44,tsl_hit,-4.39381136263136e+72,-4.34,3
NIFTY50,25050,BULLISH,85227332222996634377467016564424042026618858500039342019179292190048256,08 Oct 25,03:14 PM,47.27,08 Oct 25,03:22 PM,47.74,tsl_hit,1.001421153620208e+72,0.99,8
NIFTY50,25100,BULLISH,80662935097276173775345330113152126537986922791623588762013328873762062336,09 Oct 25,09:15 AM,0.05,09 Oct 25,09:20 AM,0.05,time_stop,0.0,0.0,5
NIFTY50,25100,BEARISH,1390740260297167129842957557452435258818454042273524942837007084020563968,09 Oct 25,09:23 AM,2.9,09 Oct 25,09:24 AM,0.05,hard_sl_hit,-9.909024354622376e+73,-98.28,1
NIFTY50,25150,BEARISH,71854913448722942576037927689722547194716808303855854981096661149189931008,09 Oct 25,02:03 PM,0.05,09 Oct 25,02:08 PM,0.05,time_stop,0.0,0.0,5
NIFTY50,25300,BEARISH,30918637456421231871892027339059039586712322511495360686701623325491200,10 Oct 25,09:48 AM,116.2,10 Oct 25,10:14 AM,114.17,tsl_hit,-1.5691208509133782e+72,-1.75,26
NIFTY50,25250,BULLISH,27957054436204917616585837130996908923292714209201443471809111174152192,10 Oct 25,10:46 AM,128.26,10 Oct 25,10:57 AM,135.12,tsl_hit,4.794634835809153e+72,5.35,11
NIFTY50,25300,BULLISH,43390849153696560054359740372001217692944348681076990607147777881276416,10 Oct 25,12:00 PM,83.13,10 Oct 25,12:31 PM,75.42,hard_sl_hit,-8.363586174375005e+72,-9.27,31
NIFTY50,25300,BULLISH,34831786477104711456443216320961735465964995508668784482250774592618496,10 Oct 25,02:01 PM,102.49,10 Oct 25,02:06 PM,99.92,time_stop,-2.2379422811539717e+72,-2.51,5
NIFTY50,25200,BULLISH,33737333073351019386305767177567761857336604070777381256591258083655680,13 Oct 25,09:17 AM,105.52,13 Oct 25,09:21 AM,106.13,tsl_hit,5.1449432936860255e+71,0.58,4
NIFTY50,25150,BULLISH,29682943316089163732493400576133069488526473000871977825668831857606656,13 Oct 25,09:36 AM,120.01,13 Oct 25,09:50 AM,155.08,tsl_hit,2.6024520552381182e+73,29.22,14
NIFTY50,25200,BULLISH,70661182769495122765786538341262742408426017562412186239726729547481088,13 Oct 25,11:20 AM,52.05,13 Oct 25,11:23 AM,46.5,hard_sl_hit,-9.804239109267443e+72,-10.66,3
NIFTY50,25300,BEARISH,47451888851168980272407726151777885127817290374833986957889786800504832,14 Oct 25,09:17 AM,76.59,14 Oct 25,09:22 AM,69.39,hard_sl_hit,-8.54133999321042e+72,-9.4,5
NIFTY50,25100,BULLISH,52989224341094697281971719707014320096769418982536633223914547985776640,14 Oct 25,12:12 PM,67.87,14 Oct 25,12:21 PM,71.85,tsl_hit,5.272427821938909e+72,5.86,9
NIFTY50,25100,BULLISH,63040955565518070971656989941723219254689042648941127746928471548362752,14 Oct 25,01:10 PM,57.42,14 Oct 25,01:13 PM,51.76,hard_sl_hit,-8.920295212520814e+72,-9.86,3
NIFTY50,25250,BEARISH,39854902728174946034478164455131736431937105838484680679581886453907456,15 Oct 25,09:19 AM,89.83,15 Oct 25,09:30 AM,79.63,hard_sl_hit,-1.0163000195684614e+73,-11.35,11
NIFTY50,25300,BEARISH,143465788243236885531107373522087691331929428969353295023900254309187584,15 Oct 25,11:31 AM,24.64,15 Oct 25,11:39 AM,28.19,tsl_hit,1.2732588706587276e+73,14.41,8
NIFTY50,25300,BEARISH,121091918592506581547526723560858589395389261846393210034311678058823680,15 Oct 25,12:32 PM,29.66,15 Oct 25,12:39 PM,27.38,tsl_hit,-6.9022393597728784e+72,-7.69,7
NIFTY50,25350,BEARISH,85722428648940204693878543216364376964686405260581921944514600972058624,15 Oct 25,12:57 PM,41.54,15 Oct 25,01:06 PM,36.82,hard_sl_hit,-1.0115246580574942e+73,-11.36,9
NIFTY50,25350,BULLISH,189029733043427641685035594342339456210757779775381042421049656734646272,15 Oct 25,02:00 PM,18.6,15 Oct 25,02:03 PM,15.6,hard_sl_hit,-1.417722997825708e+73,-16.13,3
NIFTY50,25400,BEARISH,69058862471865564834053764825289649509172282910953106826891997741056000000,16 Oct 25,09:19 AM,0.05,16 Oct 25,09:24 AM,0.05,time_stop,0.0,0.0,5
NIFTY50,25450,BULLISH,775942274964654697871955907007521019346392287656400734501992614535888896,16 Oct 25,11:26 AM,4.45,16 Oct 25,11:28 AM,6.85,tsl_hit,4.6556536497836935e+73,53.93,2
NIFTY50,25500,BEARISH,178529807979690975541938552134969848094815799895341400379107130438844416,16 Oct 25,12:17 PM,20.5,16 Oct 25,12:21 PM,14.35,hard_sl_hit,-2.7448957976883983e+73,-30.0,4
NIFTY50,25550,BEARISH,368527676541463535084084953324902959505695816816175739907620383861243904,16 Oct 25,01:46 PM,9.6,16 Oct 25,01:48 PM,7.1,hard_sl_hit,-2.3032979783841473e+73,-26.04,2
NIFTY50,25600,BEARISH,156872004372510947247397355559580765560417183946433254539344715790155776,16 Oct 25,02:26 PM,21.9,16 Oct 25,02:27 PM,15.6,hard_sl_hit,-2.470734068868189e+73,-28.77,1
NIFTY50,25550,BULLISH,27651837471500868447691334302080179251346082623849623455004500441432064,17 Oct 25,09:19 AM,120.27,17 Oct 25,09:43 AM,157.84,tsl_hit,2.5971988345107196e+73,31.24,24
NIFTY50,25750,BULLISH,28750251082036900324379451366659466162507888276448663221271341280788480,17 Oct 25,12:43 PM,119.69,17 Oct 25,12:52 PM,107.8,hard_sl_hit,-8.54601213413547e+72,-9.93,9
NIFTY50,25900,BEARISH,14879045452331600480675262060390354336135153256458699714329229343588352,20 Oct 25,09:19 AM,228.72,20 Oct 25,09:29 AM,247.16,tsl_hit,6.859239953524867e+72,8.06,10
NIFTY50,25900,BEARISH,40620144170848681069964763162243224049861474585427475919966397018406912,21 Oct 25,01:47 PM,84.53,21 Oct 25,01:53 PM,97.03,tsl_hit,1.2693795053390212e+73,14.79,6
NIFTY50,25900,BULLISH,39069043475493074161654957466909559327580120121711894018980058713030656,21 Oct 25,02:26 PM,89.33,21 Oct 25,02:30 PM,77.64,hard_sl_hit,-1.1417927955712848e+73,-13.09,4
NIFTY50,25850,BULLISH,32525924978210336458054807046259026768715094812305090380841829554716672,21 Oct 25,02:33 PM,105.74,21 Oct 25,02:38 PM,98.58,time_stop,-5.822140571099647e+72,-6.77,5
NIFTY50,26000,BEARISH,68268302537599255866159805461976996240353596388482913888851979969310490624,23 Oct 25,09:17 AM,0.05,23 Oct 25,09:22 AM,0.05,time_stop,0.0,0.0,5
NIFTY50,26050,BULLISH,385696624506273843506943119936887777502231614887087185046614295174971392,23 Oct 25,10:48 AM,8.85,23 Oct 25,10:49 AM,3.9,hard_sl_hit,-4.7729957282623324e+73,-55.93,1
NIFTY50,26100,BEARISH,209234116562208450094697213062068037737750285742684773200655272732786688,23 Oct 25,12:24 PM,15.3,23 Oct 25,12:28 PM,12.05,hard_sl_hit,-1.7000271970679437e+73,-21.24,4
NIFTY50,26100,BEARISH,144042636824304218974141064864883651994265268527515623919175551221235712,23 Oct 25,12:47 PM,21.7,23 Oct 25,12:49 PM,21.85,tsl_hit,5.401598880832805e+71,0.69,2
NIFTY50,26000,BEARISH,249253062127600879670638332279722212718296010259171913091171690410409984,23 Oct 25,02:45 PM,12.55,23 Oct 25,02:47 PM,16.0,tsl_hit,2.149807660851011e+73,27.49,2
NIFTY50,25800,BULLISH,28736610241131602029768686409606491543535287832025427399509748817592320,24 Oct 25,12:54 PM,112.18,24 Oct 25,12:59 PM,108.96,time_stop,-2.3132971244111036e+72,-2.87,5
NIFTY50,25800,BULLISH,34360474939020586090910069932969501256395117645554871404583721459777536,24 Oct 25,01:26 PM,93.52,24 Oct 25,01:32 PM,83.82,hard_sl_hit,-8.332415172712494e+72,-10.37,6
NIFTY50,25800,BEARISH,30556600865551116142708289113634515892605845340285532629788279311433728,24 Oct 25,03:06 PM,103.95,24 Oct 25,03:19 PM,79.87,hard_sl_hit,-1.8395073721061773e+73,-23.16,13
NIFTY50,25850,BEARISH,31613063405550302397117306161285924600235858662230909045482363503509504,27 Oct 25,09:18 AM,97.89,27 Oct 25,09:20 AM,88.29,hard_sl_hit,-7.58713521733207e+72,-9.81,2
NIFTY50,25950,BULLISH,26466771948148720623816603584053210774068533952130970137804240203022336,27 Oct 25,10:39 AM,115.65,27 Oct 25,10:55 AM,75.46,hard_sl_hit,-2.6592489114902432e+73,-34.75,16
NIFTY50,25950,BULLISH,41645815670715000158464660165501863573731766481842438514261795857760256,27 Oct 25,11:43 AM,70.66,27 Oct 25,11:45 AM,63.7,hard_sl_hit,-7.246371926704403e+72,-9.85,2
NIFTY50,25950,BULLISH,47255840848201047456618711329356604256187031904287563935173899345461248,27 Oct 25,11:47 AM,61.59,27 Oct 25,12:09 PM,83.39,tsl_hit,2.575443326226957e+73,35.4,22
NIFTY50,25950,BEARISH,63993048142014209540369359075424527520482868469124212524256191315968000,27 Oct 25,01:53 PM,47.27,27 Oct 25,02:01 PM,48.7,tsl_hit,2.2877514710770073e+72,3.03,8
NIFTY50,25950,BULLISH,43683350172551950508676933910767242215372139631133278836620488171585536,27 Oct 25,02:16 PM,69.48,27 Oct 25,02:20 PM,79.21,tsl_hit,1.0625974929473252e+73,14.0,4
NIFTY50,25950,BULLISH,33668440472212043437269202019603234945759789879033786544659258681589760,28 Oct 25,09:55 AM,91.55,28 Oct 25,09:58 AM,91.41,tsl_hit,-1.1783954165274262e+71,-0.15,3
NIFTY50,25850,BULLISH,47544307218987635192041001820072754263370131293529319270480027479703552,28 Oct 25,12:01 PM,64.82,28 Oct 25,12:06 PM,55.39,hard_sl_hit,-1.1208570426876327e+73,-14.55,5
NIFTY50,25850,BULLISH,37669351787437989647903568077033359126558614560736511921741680273784832,28 Oct 25,02:29 PM,80.49,28 Oct 25,02:42 PM,80.3,tsl_hit,-1.789294209903283e+71,-0.24,13
NIFTY50,25900,BEARISH,38297042116232659178152120954711942061883152573693361902300187552907264,28 Oct 25,03:04 PM,79.15,28 Oct 25,03:07 PM,75.99,tsl_hit,-3.025466327182391e+72,-3.99,3
NIFTY50,26050,BEARISH,98975544981637113668081256109402895278026991767773827607039094355394560,29 Oct 25,12:07 PM,30.49,29 Oct 25,12:08 PM,27.22,hard_sl_hit,-8.091250802248832e+72,-10.72,1
NIFTY50,26050,BEARISH,111219815435041174827669423962008065225459117036552128620001863080607744,29 Oct 25,12:10 PM,26.81,29 Oct 25,12:17 PM,24.31,hard_sl_hit,-6.951238464690074e+72,-9.32,7
NIFTY50,26100,BEARISH,75567448364585248921082708110449100791631385258670722550144312323080192,29 Oct 25,12:49 PM,39.05,29 Oct 25,12:56 PM,41.93,tsl_hit,5.4408562822501425e+72,7.38,7
NIFTY50,26100,BEARISH,85910783774580438331012923343789104260868280585000508092374868859813888,29 Oct 25,01:12 PM,34.63,29 Oct 25,01:14 PM,36.2,tsl_hit,3.371998263152283e+72,4.53,2
NIFTY50,26050,BULLISH,95621269621396352386917332671798915669474917948923738054000855922769920,29 Oct 25,02:05 PM,31.27,29 Oct 25,02:07 PM,27.22,hard_sl_hit,-9.681653549166383e+72,-12.95,2
NIFTY50,26050,BEARISH,85100997104575094019682628991011764415667046157169107159091433634267136,29 Oct 25,03:17 PM,34.63,29 Oct 25,03:20 PM,29.81,hard_sl_hit,-1.0254670151101307e+73,-13.92,3
NIFTY50,26050,BEARISH,106515096106782804633301903720508611808746046777225129918064730579140608,29 Oct 25,03:24 PM,27.24,29 Oct 25,03:29 PM,25.5,time_stop,-4.633406680645048e+72,-6.39,5
NIFTY50,26000,BULLISH,57617565987362371453351810065628627491272926628561461071208165658412974080,30 Oct 25,09:18 AM,0.05,30 Oct 25,09:23 AM,0.05,time_stop,0.0,0.0,5
NIFTY50,25950,BEARISH,296997762821433228526271646452312220425216067377119541469630527315116032,30 Oct 25,11:09 AM,9.7,30 Oct 25,11:10 AM,4.2,hard_sl_hit,-4.083719238794707e+73,-56.7,1
NIFTY50,25900,BULLISH,227795752450053140807444160570155362859725699800450238714360603879669760,30 Oct 25,12:58 PM,11.85,30 Oct 25,12:59 PM,6.5,hard_sl_hit,-3.046768189018632e+73,-45.15,1
NIFTY50,25900,BULLISH,51279354940417183923275583370583964942297543697829281086527863191473487872,30 Oct 25,02:53 PM,0.05,30 Oct 25,02:58 PM,0.05,time_stop,0.0,0.0,5
NIFTY50,25850,BULLISH,15933182618822145815215633893838465672881474722085749513294086099959808,31 Oct 25,09:17 AM,160.92,31 Oct 25,09:41 AM,222.43,tsl_hit,2.450125157209376e+73,38.22,24
NIFTY50,25800,BULLISH,23431771705552620192814890907375220562515609800312306084564731263188992,31 Oct 25,11:04 AM,114.07,31 Oct 25,11:09 AM,106.8,time_stop,-4.258724507484186e+72,-6.37,5
NIFTY50,25750,BULLISH,27006558807109793770341317027396196603535646084830036761011788965740544,31 Oct 25,02:19 PM,98.27,31 Oct 25,02:24 PM,94.7,time_stop,-2.4103353735345444e+72,-3.63,5
NIFTY50,25750,BULLISH,27007478617702322486222220328208892220186234789505350850158287187345408,31 Oct 25,02:55 PM,97.87,31 Oct 25,03:00 PM,91.23,time_stop,-4.483241450538586e+72,-6.78,5
NIFTY50,25750,BULLISH,30118213717067474409206860419279009824067484364094308351200079520989184,31 Oct 25,03:03 PM,87.1,31 Oct 25,03:08 PM,85.88,time_stop,-9.186055183705571e+71,-1.4,5
NIFTY50,25700,BEARISH,48675222515588539889521710156273238627483431011103440479829101146800128,03 Nov 25,09:15 AM,53.81,03 Nov 25,09:18 AM,83.33,tsl_hit,3.5922314216504334e+73,54.86,3
NIFTY50,25700,BULLISH,34477276096959672211877988244167110267972473524729634302981927881146368,03 Nov 25,09:19 AM,80.6,03 Nov 25,09:21 AM,80.78,tsl_hit,1.551477424363244e+71,0.22,2
NIFTY50,25750,BEARISH,53442760987058036134899405303472982183037850538209639946753206757883904,03 Nov 25,12:45 PM,52.01,03 Nov 25,12:50 PM,48.23,time_stop,-5.050340913276986e+72,-7.27,5
NIFTY50,25750,BULLISH,55868531698527332613999991511091072270927920911811768212169349146869760,04 Nov 25,09:28 AM,49.35,04 Nov 25,09:30 AM,43.73,hard_sl_hit,-7.849528703643097e+72,-11.39,2
NIFTY50,25650,BULLISH,42862938829852149532122298559726154570558568421489174692979873381613568,04 Nov 25,11:35 AM,63.51,04 Nov 25,11:40 AM,57.59,hard_sl_hit,-6.343714946818112e+72,-9.32,5
NIFTY50,25700,BEARISH,51452080909690321008187787512378025216161871271571868074060267948867584,04 Nov 25,12:05 PM,52.36,04 Nov 25,12:09 PM,57.12,tsl_hit,6.1227976282531465e+72,9.09,4
NIFTY50,25700,BEARISH,52849939606423247540370839130894427869007695698872216270765870368686080,04 Nov 25,12:21 PM,51.49,04 Nov 25,12:32 PM,55.65,tsl_hit,5.496393719068013e+72,8.08,11
NIFTY50,25700,BEARISH,55988413679933202682998200496967253242116603062455303786344060481961984,04 Nov 25,01:40 PM,49.04,04 Nov 25,01:43 PM,48.75,tsl_hit,-4.059159991795145e+71,-0.59,3
NIFTY50,25600,BULLISH,43574205744901687946294424374894071090205369255660483265855186530205696,04 Nov 25,02:14 PM,62.97,04 Nov 25,02:22 PM,56.22,hard_sl_hit,-7.353147219452159e+72,-10.72,8
NIFTY50,25650,BULLISH,54223741628955664160810072635636864298057781905926440754794069954326953984,06 Nov 25,09:15 AM,0.05,06 Nov 25,09:21 AM,9.15,tsl_hit,1.2335901220589387e+76,18200.0,6
NIFTY50,25600,BEARISH,12786092161891496465489461165607801746100730685529674578403771898258259968,06 Nov 25,12:52 PM,4.5,06 Nov 25,12:53 PM,3.35,hard_sl_hit,-3.676001496548457e+74,-25.56,1
NIFTY50,25500,BULLISH,4316883110857000643134565223505233843583908547153479861922971363013820416,06 Nov 25,03:08 PM,12.95,06 Nov 25,03:09 PM,11.35,hard_sl_hit,-1.726753244345156e+74,-12.36,1
NIFTY50,25350,BEARISH,237114309548125712964102767740115625532059168513368396232812981850734592,07 Nov 25,09:15 AM,232.53,07 Nov 25,09:40 AM,251.73,tsl_hit,1.1381486858310028e+74,8.26,25
NIFTY50,25350,BULLISH,403203146808659453876910121826235041825849972072679845497908276920057856,07 Nov 25,11:00 AM,138.0,07 Nov 25,11:05 AM,124.26,hard_sl_hit,-1.3850028092877446e+74,-9.96,5
NIFTY50,25550,BEARISH,620926173047473817888862200657261871833663438586558731426468024069128192,07 Nov 25,01:29 PM,88.62,07 Nov 25,01:42 PM,77.73,hard_sl_hit,-1.6904715061217474e+74,-12.29,13
NIFTY50,25650,BULLISH,1682950598017974689952087317260447410192929922836101650788791534017839104,10 Nov 25,01:08 PM,32.25,10 Nov 25,01:21 PM,29.3,hard_sl_hit,-1.241176066038256e+74,-9.15,13
NIFTY50,25600,BULLISH,934809865650801654974625976345231739239335631062011380286204622088962048,10 Nov 25,03:04 PM,57.47,10 Nov 25,03:09 PM,51.53,hard_sl_hit,-1.38819265049144e+74,-10.34,5
NIFTY50,25450,BULLISH,615514006347033309722308103915502112548570576640513451526338303506776064,11 Nov 25,10:38 AM,86.28,11 Nov 25,10:43 AM,83.26,time_stop,-4.647130747920096e+73,-3.5,5
NIFTY50,25650,BEARISH,1641328244594168238891828296569913116944594092291837688443808056147443712,11 Nov 25,01:52 PM,32.23,11 Nov 25,02:00 PM,45.55,tsl_hit,5.46562305449858e+74,41.33,8
NIFTY50,25800,BEARISH,747691555746883760416042424272307691590056945877763725938452525112885248,12 Nov 25,09:17 AM,74.0,12 Nov 25,09:22 AM,65.78,hard_sl_hit,-1.536506147059846e+74,-11.11,5
NIFTY50,25900,BEARISH,4299471558171038696648895055737181704804286004142372068472658477759594496,12 Nov 25,12:33 PM,12.71,12 Nov 25,12:35 PM,10.49,hard_sl_hit,-2.386206714784927e+74,-17.47,2
NIFTY50,25900,BEARISH,6402120332935689976075569933849709300169374642923971494498761816586321920,12 Nov 25,12:39 PM,8.37,12 Nov 25,12:41 PM,6.86,hard_sl_hit,-2.4168004256832213e+74,-18.04,2
NIFTY50,25900,BULLISH,2527026644087865541160174835858942587934294846816267752482067660694093824,12 Nov 25,12:54 PM,20.78,12 Nov 25,01:02 PM,28.96,tsl_hit,5.167769487159685e+74,39.36,8
NIFTY50,25950,BEARISH,7886100734227013158735765212341075777637770879768093390454575365856690176,13 Nov 25,10:52 AM,6.95,13 Nov 25,10:53 AM,4.2,hard_sl_hit,-5.421694254781072e+74,-39.57,1
NIFTY50,25800,BULLISH,291120385642922839988024450130186016670481562232395457842842312892219392,14 Nov 25,09:17 AM,179.99,14 Nov 25,09:20 AM,185.23,tsl_hit,3.813677051922275e+73,2.91,3
NIFTY50,25750,BULLISH,271502194864853247831104823600740190628368914321676901441104981677572096,14 Nov 25,10:43 AM,193.62,14 Nov 25,10:55 AM,207.86,tsl_hit,9.665478137188782e+73,7.35,12
NIFTY50,25750,BULLISH,472983773099778447751608122310640007476270971842727981922906924765937664,14 Nov 25,01:41 PM,112.05,14 Nov 25,01:52 PM,97.55,hard_sl_hit,-1.7145661774866968e+74,-12.94,11
NIFTY50,25950,BULLISH,955824379938039484802511788683178708322854522011207974978982946833170432,17 Nov 25,11:23 AM,54.65,17 Nov 25,11:27 AM,49.0,hard_sl_hit,-1.3501019366624804e+74,-10.34,4
NIFTY50,26000,BEARISH,1245135207582120559487870293591468480851105851663301023619010751795036160,17 Nov 25,12:38 PM,41.47,17 Nov 25,12:42 PM,40.38,tsl_hit,-3.392993440661267e+73,-2.63,4
NIFTY50,26000,BULLISH,1744070370933492688213928688911517635003879075495689914278834044963651584,17 Nov 25,01:33 PM,29.52,17 Nov 25,01:38 PM,37.11,tsl_hit,3.3093735288463027e+74,25.71,5
NIFTY50,26000,BULLISH,1222715078029183726272457010293492565931479172037608252680301888575373312,17 Nov 25,02:21 PM,43.31,17 Nov 25,02:24 PM,45.17,tsl_hit,5.685625112835703e+73,4.29,3
NIFTY50,26000,BEARISH,1336896594947319867376484772749730247636693929878635314798751672958976000,17 Nov 25,03:04 PM,39.8,17 Nov 25,03:17 PM,35.89,hard_sl_hit,-1.3068164215610038e+74,-9.82,13
NIFTY50,25950,BULLISH,663569249532615709159206018768724671830691792564547858518474137232474112,18 Nov 25,09:17 AM,79.31,18 Nov 25,09:27 AM,84.02,tsl_hit,7.81352791324654e+73,5.94,10
NIFTY50,25950,BEARISH,1706667045350746049148160039219982771835357609838068150066680924647456768,18 Nov 25,01:40 PM,31.04,18 Nov 25,01:43 PM,27.36,hard_sl_hit,-1.5701336817226864e+74,-11.86,3
NIFTY50,26000,BEARISH,997654730836076771537964862845633021432707888309126562692220085770125312,18 Nov 25,02:07 PM,52.4,18 Nov 25,02:12 PM,47.13,hard_sl_hit,-1.31441010787653e+74,-10.06,5
NIFTY50,25950,BULLISH,875409409409704896424633963644021114631633991373137199496502019669098496,18 Nov 25,02:34 PM,59.05,18 Nov 25,02:41 PM,60.31,tsl_hit,2.7575396396405817e+73,2.13,7
NIFTY50,25950,BULLISH,1289263073972640706706262268059632172275091124283047688784920349364977664,18 Nov 25,03:03 PM,40.19,18 Nov 25,03:08 PM,36.49,hard_sl_hit,-1.1925683434246912e+74,-9.21,5
NIFTY50,25950,BULLISH,1825105073598042973921657722149368445403728721019543077348578596933861376,19 Nov 25,11:12 AM,28.1,19 Nov 25,11:15 AM,22.88,hard_sl_hit,-2.381762121045447e+74,-18.58,3
NIFTY50,26050,BEARISH,1502449644792645299186370417708969261268720572282072826528086336206798848,19 Nov 25,01:07 PM,33.43,19 Nov 25,01:13 PM,35.65,tsl_hit,8.338595528599177e+73,6.64,6
NIFTY50,26100,BEARISH,7551865055392262786775560245137293940044945610632532232330376345318064128,20 Nov 25,09:17 AM,6.7,20 Nov 25,09:19 AM,0.3,hard_sl_hit,-1.2082984088630368e+75,-95.52,2
NIFTY50,26100,BEARISH,82231419492165622605402585288033919325868063737217147277013949340442427392,20 Nov 25,10:09 AM,0.55,20 Nov 25,10:12 AM,3.3,tsl_hit,5.653410090086387e+75,500.0,3
NIFTY50,26100,BEARISH,1407070955753637749761462231240579467218800413969317913592634264046394146816,20 Nov 25,10:32 AM,0.05,20 Nov 25,10:37 AM,0.05,time_stop,0.0,0.0,5
NIFTY50,26150,BEARISH,11256567646029100943538606304962267413337780212866585403545359442413355008,20 Nov 25,11:36 AM,6.25,20 Nov 25,11:42 AM,9.9,tsl_hit,1.027161797700565e+75,58.4,6
NIFTY50,26150,BEARISH,14135605911892077148201018693163176115978245763405873114444146832324952064,20 Nov 25,12:02 PM,5.3,20 Nov 25,12:04 PM,4.3,hard_sl_hit,-3.5339014779730194e+74,-18.87,2
NIFTY50,26150,BEARISH,1466961769078372260576530517097071379693289822301361567910875584173042565120,20 Nov 25,12:26 PM,0.05,20 Nov 25,12:31 PM,0.05,time_stop,0.0,0.0,5
NIFTY50,26200,BEARISH,3685833590648906350619853286102779167800705657708510850401398167833673728,20 Nov 25,01:05 PM,19.9,20 Nov 25,01:10 PM,21.35,tsl_hit,1.3361146766075468e+74,7.29,5
NIFTY50,26200,BEARISH,1478838343981550235855804923274561907886104255284401103496300897019795341312,20 Nov 25,01:55 PM,0.05,20 Nov 25,02:00 PM,0.05,time_stop,0.0,0.0,5
NIFTY50,26200,BULLISH,134439849453046036975655807901916421632617727237786325194326535534477836288,20 Nov 25,02:32 PM,0.55,20 Nov 25,02:39 PM,18.7,tsl_hit,6.100208168932452e+76,3300.0,7
NIFTY50,26100,BULLISH,1770548926382790878479050803032725546643277890967408298748095571270041600,21 Nov 25,09:17 AM,194.89,21 Nov 25,09:34 AM,222.28,tsl_hit,1.2123833773406167e+75,14.05,17
NIFTY50,26050,BULLISH,1766740526460477831370463089100729838019072304728662652889434738439225344,21 Nov 25,10:23 AM,198.36,21 Nov 25,10:28 AM,188.32,time_stop,-4.4345187214158083e+74,-5.06,5
NIFTY50,26100,BEARISH,4124508860447180225377453620397685125554924000149273120071165913386188800,21 Nov 25,11:01 AM,84.49,21 Nov 25,11:08 AM,86.91,tsl_hit,2.4953278605705457e+74,2.86,7
NIFTY50,26100,BEARISH,6212702829640665888554828888546201129519422418788410456445565221866569728,21 Nov 25,12:07 PM,56.27,21 Nov 25,12:12 PM,50.24,hard_sl_hit,-9.365649515683305e+74,-10.72,5
NIFTY50,26150,BEARISH,4251400336344873541254063595204848250604259241425180034372866339376201728,24 Nov 25,10:39 AM,81.25,24 Nov 25,10:55 AM,83.88,tsl_hit,2.7952957211467495e+74,3.24,16
NIFTY50,26050,BULLISH,6232805303521466593694166171000895994331715089271900593510385247768805376,24 Nov 25,02:07 PM,55.62,24 Nov 25,02:09 PM,50.04,hard_sl_hit,-8.694763398412443e+74,-10.03,2
NIFTY50,26050,BULLISH,6067332596348330201346502725988823289423980649598019761782579542712385536,24 Nov 25,02:25 PM,56.5,24 Nov 25,02:29 PM,51.28,hard_sl_hit,-7.91786903823457e+74,-9.24,4
NIFTY50,26000,BULLISH,4576895167783604773638563752318741192065213612881021643196210273876705280,25 Nov 25,10:38 AM,74.13,25 Nov 25,10:42 AM,67.4,hard_sl_hit,-7.700626119795902e+74,-9.08,4
NIFTY50,26000,BULLISH,8817609301394368871463864023104782497749236024670098579111513599160352768,25 Nov 25,01:03 PM,38.09,25 Nov 25,01:11 PM,50.23,tsl_hit,2.6761444229731895e+75,31.87,8
NIFTY50,26000,BULLISH,6018634709299510640819659636207003850474747987450302836478203653794037760,25 Nov 25,02:23 PM,57.78,25 Nov 25,02:25 PM,52.56,hard_sl_hit,-7.85431829563586e+74,-9.03,2
NIFTY50,25950,BULLISH,4937127568792944684992072705917515684114480976104254817175466293248131072,25 Nov 25,02:32 PM,69.73,25 Nov 25,02:38 PM,62.27,hard_sl_hit,-9.207742915798844e+74,-10.7,6
NIFTY50,25950,BEARISH,4890361920459064887022622245259882646512849105502937504484001580383731712,26 Nov 25,09:17 AM,69.56,26 Nov 25,09:19 AM,60.23,hard_sl_hit,-1.1406769179470776e+75,-13.41,2
NIFTY50,26100,BEARISH,6007599497960856991017341102762130167042770111795679439994212594898436096,26 Nov 25,10:50 AM,55.78,26 Nov 25,10:55 AM,34.13,hard_sl_hit,-3.2516132282713136e+75,-38.81,5
NIFTY50,26150,BEARISH,11114463973947457284336936454250084320653858186140509490366007513083543552,26 Nov 25,12:01 PM,28.85,26 Nov 25,12:02 PM,25.37,hard_sl_hit,-9.66958365733429e+74,-12.06,1
NIFTY50,26200,BULLISH,23503320424352974881218298385134122309755825620084195726507298832775118848,26 Nov 25,01:26 PM,13.46,26 Nov 25,01:27 PM,10.48,hard_sl_hit,-1.7509973716142969e+75,-22.14,1
NIFTY50,26250,BEARISH,19165992693870247531611501779367452979161459854804245446554060049667325952,27 Nov 25,09:17 AM,16.1,27 Nov 25,09:18 AM,3.5,hard_sl_hit,-6.037287698568431e+75,-78.26,1
NIFTY50,26250,BULLISH,5634801851997357247328586627781172450984822337710228209143396774789676793856,27 Nov 25,11:53 AM,0.05,27 Nov 25,11:58 AM,0.05,time_stop,0.0,0.0,5
NIFTY50,26250,BULLISH,5634801851997357247328586627781172450984822337710228209143396774789676793856,27 Nov 25,12:25 PM,0.05,27 Nov 25,12:30 PM,0.05,time_stop,0.0,0.0,5
NIFTY50,26250,BULLISH,5634801851997357247328586627781172450984822337710228209143396774789676793856,27 Nov 25,01:03 PM,0.05,27 Nov 25,01:08 PM,0.05,time_stop,0.0,0.0,5
NIFTY50,26200,BULLISH,5634801851997357247328586627781172450984822337710228209143396774789676793856,27 Nov 25,02:52 PM,0.05,27 Nov 25,02:57 PM,0.05,time_stop,0.0,0.0,5
NIFTY50,26200,BULLISH,2050211705718729897679010545133112673226061170307977273322548489755820032,28 Nov 25,09:17 AM,137.42,28 Nov 25,09:21 AM,149.27,tsl_hit,6.073752178191749e+74,8.62,4
NIFTY50,26250,BEARISH,2917328594998948594718540903934631571918736083724774868611171573330608128,28 Nov 25,10:07 AM,97.5,28 Nov 25,10:12 AM,97.21,time_stop,-2.1150632313742832e+73,-0.3,5
NIFTY50,26250,BULLISH,4036132508191826515965346780856036051002139091775896989237951811861610496,28 Nov 25,12:11 PM,70.45,28 Nov 25,12:18 PM,63.89,hard_sl_hit,-6.619257313434598e+74,-9.31,7
NIFTY50,26200,BULLISH,3499174870216487274422918851573107416901080892454793520464643286536028160,28 Nov 25,12:50 PM,80.42,28 Nov 25,01:02 PM,85.64,tsl_hit,4.566423205632515e+74,6.49,12
NIFTY50,26200,BULLISH,3590488529104832432153369609166814817347327777482400009703560346068844544,28 Nov 25,01:22 PM,78.94,28 Nov 25,01:26 PM,84.85,tsl_hit,5.304946801752386e+74,7.49,4
NIFTY50,26200,BULLISH,3948479118840116595073615504979741161517575977092166609224353773195886592,28 Nov 25,03:16 PM,72.38,28 Nov 25,03:29 PM,74.54,tsl_hit,2.1321787241736734e+74,2.98,13
NIFTY50,26300,BEARISH,3254324748725107707762330383101254025914422227839668316780754095514320896,01 Dec 25,09:17 AM,88.11,01 Dec 25,09:48 AM,90.61,tsl_hit,2.0339529679531922e+74,2.84,31
NIFTY50,26200,BEARISH,4051873964037715095290047449098821535630137028559932539877944555229675520,01 Dec 25,01:00 PM,70.99,01 Dec 25,01:17 PM,64.52,hard_sl_hit,-6.553906136831003e+74,-9.11,17
NIFTY50,26150,BULLISH,4112213829218840603786301605064595743011757268234709735006854542532804608,02 Dec 25,09:17 AM,69.24,02 Dec 25,09:24 AM,79.54,tsl_hit,1.0588950610238525e+75,14.88,7
NIFTY50,26100,BEARISH,6546842022310100956125353728278790638256306528597626601553773129499672576,02 Dec 25,12:37 PM,44.21,02 Dec 25,01:04 PM,62.98,tsl_hit,3.0721056189690143e+75,42.46,27
NIFTY50,26000,BULLISH,4897232001249037928418597107649713168763906553684890924764020221887381504,02 Dec 25,02:39 PM,61.89,02 Dec 25,02:44 PM,60.13,time_stop,-2.1547820805495744e+74,-2.84,5
NIFTY50,25950,BULLISH,4891241826657183141368894807593903010791542045214328694855222272223870976,03 Dec 25,09:30 AM,61.77,03 Dec 25,09:33 AM,50.97,hard_sl_hit,-1.32063529319744e+75,-17.48,3
NIFTY50,25950,BEARISH,10111348718110088588889500586248853608336857156492922485863552451143008256,03 Dec 25,12:06 PM,29.3,03 Dec 25,12:08 PM,29.31,tsl_hit,2.527837179527019e+72,0.03,2
NIFTY50,25950,BULLISH,32557555194789227499854346531926826115029118425810568576590235955177193472,04 Dec 25,09:17 AM,9.1,04 Dec 25,09:19 AM,0.05,hard_sl_hit,-7.366146862819878e+75,-99.45,2
NIFTY50,26100,BEARISH,12006165000961464367913800821704695892892011558325805290819173200320004096,04 Dec 25,10:33 AM,21.95,04 Dec 25,10:34 AM,15.35,hard_sl_hit,-1.9810172251592965e+75,-30.07,1
NIFTY50,26050,BEARISH,2293219308339979783428688504437110143310567472089978378653379312448700416,05 Dec 25,10:07 AM,111.08,05 Dec 25,10:17 AM,100.17,hard_sl_hit,-6.254755663497293e+74,-9.82,10
NIFTY50,26150,BULLISH,2762316734616885270610737547837379091226582219156829632396165304129945600,05 Dec 25,02:35 PM,91.21,05 Dec 25,02:46 PM,79.54,hard_sl_hit,-8.059059073244754e+74,-12.79,11
NIFTY50,26150,BULLISH,3101125050965824846654609449509729246639863865745510903534600428449693696,05 Dec 25,02:48 PM,80.09,05 Dec 25,03:28 PM,119.2,tsl_hit,3.032125018581835e+75,48.83,40
NIFTY50,26150,BULLISH,2795102652920046142329119837634731765181181026574974908025792298508877824,08 Dec 25,09:17 AM,93.68,08 Dec 25,09:25 AM,93.38,tsl_hit,-2.096326989690114e+73,-0.32,8
NIFTY50,26050,BULLISH,3151740474859955238013077924687634972061156578855958932272861892080304128,08 Dec 25,11:03 AM,83.05,08 Dec 25,11:08 AM,74.88,hard_sl_hit,-6.43742991990146e+74,-9.84,5
NIFTY50,26050,BULLISH,3523764345620234047318201032042391351385815926562744446767013526161588224,08 Dec 25,11:44 AM,73.47,08 Dec 25,11:54 AM,66.85,hard_sl_hit,-5.831829992001491e+74,-9.01,10
NIFTY50,26050,BULLISH,4526652102292990126000159587404051250872786269475462444699381753819693056,08 Dec 25,12:16 PM,56.62,08 Dec 25,12:21 PM,52.09,time_stop,-5.126433505846804e+74,-8.0,5
NIFTY50,26000,BULLISH,3486899480306679775152383258509894176365878286894456904335406672402972672,08 Dec 25,12:32 PM,72.85,08 Dec 25,12:37 PM,70.55,time_stop,-2.0049672011763384e+74,-3.16,5
NIFTY50,25800,BULLISH,2781337551988632489549545904269724473469268685464339336786881322950852608,09 Dec 25,11:47 AM,91.01,09 Dec 25,12:00 PM,105.64,tsl_hit,1.017274209639842e+75,16.08,13
NIFTY50,25850,BEARISH,4142295005080319621591345818348406928585334767207091901215855315095912448,09 Dec 25,03:03 PM,62.2,09 Dec 25,03:08 PM,60.84,time_stop,-1.408380301727308e+74,-2.19,5
NIFTY50,25750,BEARISH,7409190040796430488031527976839519021833568832024110790836764919052894208,10 Dec 25,03:04 PM,34.69,10 Dec 25,03:06 PM,37.31,tsl_hit,4.85301947672167e+74,7.55,2
NIFTY50,25750,BULLISH,28797966673381975222588865030388032158323080094845559460398353829326749696,11 Dec 25,09:15 AM,9.0,11 Dec 25,09:16 AM,0.05,hard_sl_hit,-6.443545043169216e+75,-99.44,1
NIFTY50,25800,BEARISH,10823648924450926142575387523526791961384701434350657557415787089918689280,11 Dec 25,09:23 AM,21.3,11 Dec 25,09:25 AM,20.25,tsl_hit,-2.841207842666399e+74,-4.93,2
NIFTY50,25750,BEARISH,4585619260992234745766709702624274258275855555590438778587860996055170547712,11 Dec 25,10:08 AM,0.05,11 Dec 25,10:13 AM,0.05,time_stop,0.0,0.0,5
NIFTY50,25900,BEARISH,61141590146563123917538463397110123494653561128512757589576919928595808256,11 Dec 25,01:58 PM,3.75,11 Dec 25,02:07 PM,31.75,tsl_hit,4.279911310259419e+76,746.67,9
NIFTY50,26000,BEARISH,2869351870763242524002954890673229353508213711440522977829805831734951936,12 Dec 25,09:17 AM,146.2,12 Dec 25,09:22 AM,136.42,time_stop,-7.015565324016129e+74,-6.69,5
NIFTY50,26000,BEARISH,4040182558438674647518456892555352077375457817746431876534568962343567360,12 Dec 25,11:05 AM,103.06,12 Dec 25,11:10 AM,91.13,hard_sl_hit,-1.2049844480543353e+75,-11.58,5
NIFTY50,26000,BEARISH,5221363415102805563410046190185020870333084823527206334689710618269712384,12 Dec 25,11:26 AM,78.72,12 Dec 25,11:48 AM,70.14,hard_sl_hit,-1.1199824525395515e+75,-10.9,22
NIFTY50,26050,BEARISH,4857614885127745368067120165070287566748863905100645471398703825506271232,12 Dec 25,11:55 AM,83.59,12 Dec 25,12:02 PM,73.52,hard_sl_hit,-1.2229045473309107e+75,-12.05,7
NIFTY50,26050,BEARISH,10096091152377958899683601651747223683309578530477256752623258586528612352,12 Dec 25,02:07 PM,39.68,12 Dec 25,02:17 PM,40.25,tsl_hit,1.4386929892138598e+74,1.44,10
NIFTY50,26050,BEARISH,9264657493250397289303859728335782634981997457605955424635279953050468352,12 Dec 25,03:02 PM,43.31,12 Dec 25,03:09 PM,39.38,hard_sl_hit,-9.102525987118515e+74,-9.07,7
NIFTY50,25950,BULLISH,3472997717297269482041750707062035450737940534808468909179884219255488512,15 Dec 25,09:17 AM,114.37,15 Dec 25,09:22 AM,105.84,time_stop,-7.406167632136427e+74,-7.46,5
NIFTY50,25950,BULLISH,4904321699060775454327978675072724244498875944448084779365072592047177728,16 Dec 25,09:18 AM,80.32,16 Dec 25,09:22 AM,81.7,tsl_hit,1.6919909861759794e+74,1.72,4
NIFTY50,25900,BULLISH,9790799177931467982295521643050961371860211434370547246877632945975197696,16 Dec 25,11:37 AM,40.31,16 Dec 25,11:40 AM,36.07,hard_sl_hit,-1.037824712860736e+75,-10.52,3
NIFTY50,25900,BEARISH,14785995473200771422055032904083748405258281664720421274581103426895085568,16 Dec 25,12:30 PM,26.38,16 Dec 25,12:31 PM,23.95,hard_sl_hit,-8.982492249969468e+74,-9.21,1
NIFTY50,25900,BEARISH,9950060355805985163462866515039827615534683049758382452184920823607328768,16 Dec 25,01:42 PM,38.8,16 Dec 25,01:45 PM,35.14,hard_sl_hit,-9.10430522556247e+74,-9.43,3
NIFTY50,25900,BEARISH,7839441492453198529667187137097814534727500824759205537371318084043800576,17 Dec 25,09:17 AM,48.73,17 Dec 25,09:20 AM,49.45,tsl_hit,1.4110994686415874e+74,1.48,3
NIFTY50,25800,BEARISH,16680171719557132491467356635030907606932815867803989713372461789765173248,17 Dec 25,03:02 PM,22.94,17 Dec 25,03:19 PM,24.84,tsl_hit,7.923081566789633e+74,8.28,17
NIFTY50,25800,BULLISH,7723290176637609548410772590445534001312688030951820317743114081836646531072,18 Dec 25,09:17 AM,0.05,18 Dec 25,09:22 AM,0.05,time_stop,0.0,0.0,5
NIFTY50,25750,BULLISH,7723290176637609548410772590445534001312688030951820317743114081836646531072,18 Dec 25,09:48 AM,0.05,18 Dec 25,09:53 AM,0.05,time_stop,0.0,0.0,5
NIFTY50,25850,BEARISH,7723290176637609548410772590445534001312688030951820317743114081836646531072,18 Dec 25,11:57 AM,0.05,18 Dec 25,12:02 PM,0.05,time_stop,0.0,0.0,5
NIFTY50,25850,BULLISH,82162661453578862847995754761119402601121988903215378131765717648961175552,18 Dec 25,01:37 PM,4.7,18 Dec 25,01:39 PM,7.1,tsl_hit,4.929759687210248e+75,51.06,2
NIFTY50,25950,BULLISH,5620087479495223622561822460141999376204132219544337260412652479190138880,19 Dec 25,11:32 AM,72.61,19 Dec 25,11:44 AM,64.85,hard_sl_hit,-1.0902969710220741e+75,-10.69,12
NIFTY50,26100,BULLISH,2896966646817261173798235050825547908151847468364750658621384738987835392,22 Dec 25,09:15 AM,139.19,22 Dec 25,09:38 AM,159.59,tsl_hit,1.4774529898768036e+75,14.66,23
NIFTY50,26200,BEARISH,9766330917618693019491358882539975712923000133194380476265164236077924352,22 Dec 25,03:04 PM,41.96,22 Dec 25,03:14 PM,43.27,tsl_hit,3.1984733755201275e+74,3.12,10
NIFTY50,26150,BULLISH,8906579792630144567928023310374921260209245582250349913121101205408317440,23 Dec 25,09:15 AM,46.17,23 Dec 25,09:16 AM,40.08,hard_sl_hit,-1.3560267734279403e+75,-13.19,1
NIFTY50,26150,BULLISH,9429602126275403093738042758126500303416576374306883166262171663637413888,23 Dec 25,09:18 AM,42.97,23 Dec 25,09:22 AM,43.61,tsl_hit,1.5087363402040658e+74,1.49,4
NIFTY50,26150,BULLISH,9603893820411481202444512295399617677339295501991109506071509579081973760,23 Dec 25,09:47 AM,42.26,23 Dec 25,10:00 AM,60.61,tsl_hit,4.4057862901137674e+75,43.42,13
NIFTY50,26200,BULLISH,18267145781498274738538953389399569344874486665999220851060950739053445120,23 Dec 25,01:46 PM,23.29,23 Dec 25,01:50 PM,24.02,tsl_hit,3.333754105123437e+74,3.13,4
NIFTY50,26200,BULLISH,8693208994955421736448832890885160886778639904207287045251349340835807232,23 Dec 25,02:36 PM,49.11,23 Dec 25,02:40 PM,45.58,tsl_hit,-7.671756938048162e+74,-7.19,4
NIFTY50,26200,BULLISH,24622896743721929713098032234321114320577522587671373290542079562898997248,24 Dec 25,11:48 AM,17.2,24 Dec 25,11:53 AM,15.56,hard_sl_hit,-1.0095387664925984e+75,-9.53,5
NIFTY50,26150,BULLISH,15735147766797887437708368028771558982187081297975015719649579749727010816,24 Dec 25,01:34 PM,26.63,24 Dec 25,01:42 PM,22.98,hard_sl_hit,-1.4358322337203066e+75,-13.71,8
NIFTY50,26150,BEARISH,41513632639387856906375710197923524797890536179221050025619686999531192320,24 Dec 25,01:54 PM,9.94,24 Dec 25,01:58 PM,16.05,tsl_hit,6.341207385666496e+75,61.47,4
NIFTY50,26150,BULLISH,24654846329519621460094145222569101194587690577088940995785357285144920064,24 Dec 25,02:28 PM,17.88,24 Dec 25,02:31 PM,23.47,tsl_hit,3.4455147745503672e+75,31.26,3
NIFTY50,26100,BULLISH,3510945592440059559599887153067663927611243808549243454445968597278785536,26 Dec 25,09:17 AM,129.92,26 Dec 25,09:31 AM,133.36,tsl_hit,3.0194132094984743e+74,2.65,14
NIFTY50,26100,BEARISH,5717835430524387006036738501409264429111852416665381784651530251492392960,26 Dec 25,10:32 AM,80.01,26 Dec 25,10:37 AM,75.36,time_stop,-6.646983687984608e+74,-5.81,5
NIFTY50,26050,BULLISH,5476262624383356463977596627550043575335722875103664218186979454652252160,26 Dec 25,11:14 AM,83.0,26 Dec 25,11:19 AM,76.97,time_stop,-8.255465906257911e+74,-7.27,5
NIFTY50,26050,BULLISH,6321658747412812112574735907713286423400247831553357487453176033116684288,26 Dec 25,11:37 AM,71.32,26 Dec 25,11:42 AM,69.11,time_stop,-3.492716457945569e+74,-3.1,5
NIFTY50,26000,BULLISH,6694105831938738931860288797135827505846054800897690419454354657512521728,26 Dec 25,02:52 PM,67.12,26 Dec 25,03:15 PM,86.96,tsl_hit,3.3202764926416123e+75,29.56,23
NIFTY50,25950,BULLISH,10717440366084725929909539622813564934159499949033416202880633057572814848,29 Dec 25,12:43 PM,43.3,29 Dec 25,12:48 PM,43.25,tsl_hit,-1.3396800457605146e+73,-0.12,5
NIFTY50,25950,BULLISH,11215992905876275396188938597287345920737363650487162149319435150101053440,29 Dec 25,01:19 PM,41.37,29 Dec 25,01:24 PM,38.99,time_stop,-6.673515778996372e+74,-5.75,5
NIFTY50,25950,BULLISH,13664481905845116212601797006789753412428509081094925939448113470799609856,29 Dec 25,01:41 PM,33.74,29 Dec 25,01:47 PM,40.42,tsl_hit,2.2819684782761344e+75,19.8,6
NIFTY50,25950,BULLISH,15591717459592519090812218901625659471642615011481678449855355169131200512,29 Dec 25,02:20 PM,30.22,29 Dec 25,02:28 PM,55.15,tsl_hit,9.717537906691037e+75,82.5,8
NIFTY50,25900,BULLISH,7136109308989417794424644071189846478766504293357325867743015097583271936,30 Dec 25,09:17 AM,72.08,30 Dec 25,09:20 AM,61.51,hard_sl_hit,-1.885716884900454e+75,-14.66,3
NIFTY50,25900,BEARISH,20247690878714139198549618437301960180113317165184648276694400603697184768,30 Dec 25,12:51 PM,24.99,30 Dec 25,01:00 PM,28.55,tsl_hit,1.8020444882055595e+75,14.25,9
NIFTY50,25900,BEARISH,19323266228320049130187155907986759274827956726151676943181349194276274176,30 Dec 25,01:21 PM,26.6,30 Dec 25,01:27 PM,23.22,hard_sl_hit,-1.6328159962930455e+75,-12.71,6
NIFTY50,25950,BULLISH,12662216933777824909744004730514589480040264718809788151207785228637569024,30 Dec 25,03:03 PM,40.02,30 Dec 25,03:07 PM,47.37,tsl_hit,2.3266823615816735e+75,18.37,4
NIFTY50,26000,BEARISH,13844249857716387326875775615971301852147651942123700648364930910407098368,31 Dec 25,09:17 AM,37.35,31 Dec 25,09:22 AM,36.24,time_stop,-3.8417793355162954e+74,-2.97,5
NIFTY50,26150,BULLISH,16293875267254356876354513920233224914019434193493905689341269107732905984,31 Dec 25,02:25 PM,31.63,31 Dec 25,02:30 PM,32.51,tsl_hit,3.5846525587959545e+74,2.78,5
NIFTY50,26150,BULLISH,22733880985852055900445989324453619563350850353390657353813106793792929792,31 Dec 25,03:06 PM,22.74,31 Dec 25,03:07 PM,20.56,hard_sl_hit,-1.238996513728937e+75,-9.59,1
NIFTY50,26200,BEARISH,24949356216885229642389978938638633714389796953948455670816172688373972992,01 Jan 26,09:18 AM,20.5,01 Jan 26,09:21 AM,28.1,tsl_hit,4.740377681207286e+75,37.07,3
NIFTY50,26150,BULLISH,10650602953919147447747532500572686349286182498143583357903075788242798247936,01 Jan 26,12:42 PM,0.05,01 Jan 26,12:49 PM,6.4,tsl_hit,1.6907832189350524e+78,12700.0,7
NIFTY50,26150,BULLISH,160942444637034920213859653744946708059624426137213318121776226450514722684928,01 Jan 26,01:26 PM,0.05,01 Jan 26,01:31 PM,4.35,tsl_hit,1.7301312798475398e+79,8600.0,5
NIFTY50,26150,BULLISH,7757246190011474685505055688043976375877481772560289086073424575638645243904,01 Jan 26,02:24 PM,10.95,01 Jan 26,02:25 PM,9.1,hard_sl_hit,-3.58772636288454e+77,-16.89,1
NIFTY50,26150,BULLISH,10102703118843683820426091151193596697899564425070434571599828480006385827840,01 Jan 26,02:51 PM,8.25,01 Jan 26,02:54 PM,5.4,hard_sl_hit,-7.19817597217245e+77,-34.55,3
NIFTY50,26150,BULLISH,1602962228189897591718397902795791670206085834453036892594158085808134857687040,01 Jan 26,03:12 PM,0.05,01 Jan 26,03:17 PM,0.05,time_stop,0.0,0.0,5
NIFTY50,26150,BEARISH,1132835496953991023641134152318068115758306701194955429181704396076637749248,02 Jan 26,09:18 AM,70.75,02 Jan 26,09:23 AM,61.82,hard_sl_hit,-2.529055246949785e+77,-12.62,5
NIFTY50,26300,BULLISH,1392249592235640804352724588590086843281665435970330837123716763454002954240,02 Jan 26,12:51 PM,56.76,02 Jan 26,01:26 PM,62.2,tsl_hit,1.8934594454404733e+77,9.58,35
NIFTY50,26300,BULLISH,1376756152156556341169787275901777601194888047641145458697453535842439004160,02 Jan 26,02:00 PM,58.01,02 Jan 26,02:05 PM,54.76,time_stop,-1.1186143736272022e+77,-5.6,5
NIFTY50,26300,BEARISH,3701887240800724375564157124893958596992936258169629310640543504590780235776,02 Jan 26,02:25 PM,21.44,02 Jan 26,02:45 PM,37.76,tsl_hit,1.5103699942466954e+78,76.12,20
NIFTY50,26300,BULLISH,1181136360767739357088925527846821046820129928357773068256034680661755297792,05 Jan 26,12:04 PM,72.88,05 Jan 26,12:08 PM,72.39,tsl_hit,-1.4468920419404657e+76,-0.67,4
NIFTY50,26150,BULLISH,1881796360966478014516344524257851588113560666524288269274861957130127147008,07 Jan 26,09:17 AM,45.71,07 Jan 26,09:19 AM,44.54,tsl_hit,-5.5042543558269566e+76,-2.56,2
NIFTY50,26150,BEARISH,1375878699596600671788167365465617308500433160842696102513541882434809757696,07 Jan 26,10:02 AM,62.34,07 Jan 26,10:08 AM,54.96,hard_sl_hit,-2.538496200755729e+77,-11.84,6
NIFTY50,26150,BULLISH,1538982865439688228486700445405280305759934818313124357086734853340110258176,07 Jan 26,10:30 AM,55.0,07 Jan 26,10:33 AM,56.1,tsl_hit,4.2322028799591484e+76,2.0,3
NIFTY50,26100,BULLISH,3542052421918949264793030875901284335775996657400472220616129549237294727168,07 Jan 26,12:45 PM,23.95,07 Jan 26,12:46 PM,21.29,hard_sl_hit,-2.3554648605761016e+77,-11.11,1
NIFTY50,26100,BULLISH,4158078522758591190659646324573134495723431758352143842783063096683187404800,08 Jan 26,09:17 AM,20.15,08 Jan 26,09:20 AM,8.75,hard_sl_hit,-1.1850523789863497e+78,-56.58,3
NIFTY50,26000,BULLISH,3643544444150011833131707232862456347532489591314387929411080547965597646848,08 Jan 26,10:54 AM,21.55,08 Jan 26,10:55 AM,19.1,hard_sl_hit,-2.231670972042545e+77,-11.37,1
NIFTY50,25950,BULLISH,3370718652438168132322432797613769731431041572735543978134642793955064807424,08 Jan 26,11:23 AM,23.0,08 Jan 26,11:24 AM,19.0,hard_sl_hit,-3.370718652438168e+77,-17.39,1
NIFTY50,26000,BEARISH,4512073105473176659083109312855038050434942035376850702849261911578123436032,08 Jan 26,11:41 AM,16.85,08 Jan 26,11:51 AM,39.1,tsl_hit,2.5098406649194546e+78,132.05,10
NIFTY50,25900,BEARISH,1743665584537169742487731532281123443801814269032157610311664019651461637996544,08 Jan 26,01:07 PM,0.05,08 Jan 26,01:12 PM,0.05,time_stop,0.0,0.0,5
NIFTY50,25900,BULLISH,4505595825677779148247247414393164512469066847766913672227975463227210334208,08 Jan 26,02:31 PM,19.35,08 Jan 26,02:34 PM,32.5,tsl_hit,1.4812146276917338e+78,67.96,3
NIFTY50,25900,BULLISH,6844266813863348224552374375091160496244650514085587599938976176861844865024,08 Jan 26,02:58 PM,13.7,08 Jan 26,02:59 PM,11.15,hard_sl_hit,-4.3632200938366394e+77,-18.61,1
NIFTY50,25900,BEARISH,950887919844038533830331895998700552005182257719510135255136958085830017024,09 Jan 26,09:20 AM,96.57,09 Jan 26,09:30 AM,137.64,tsl_hit,9.763241716998663e+77,42.53,10
NIFTY50,25800,BULLISH,601265880706684327016600170263168257223348700665413561887976080210898452480,09 Jan 26,11:19 AM,159.94,09 Jan 26,11:24 AM,143.72,hard_sl_hit,-2.438133146265605e+77,-10.14,5
NIFTY50,25800,BEARISH,959560502861575239301435919941016553094568442308892554539629528973850968064,09 Jan 26,11:33 AM,99.09,09 Jan 26,11:55 AM,121.14,tsl_hit,5.289577272024433e+77,22.25,22
NIFTY50,25700,BULLISH,966125666440895898556764913970984780798120227025596370385794831875903062016,09 Jan 26,12:39 PM,100.85,09 Jan 26,12:44 PM,99.31,time_stop,-3.71958381579743e+76,-1.53,5
NIFTY50,25650,BULLISH,947020335160224738731583924004829484661055957897775145804004512123565637632,09 Jan 26,02:43 PM,102.71,09 Jan 26,02:51 PM,112.42,tsl_hit,2.2988918636014475e+77,9.45,8
NIFTY50,25650,BEARISH,1330223147130367894515070061713997812044169529935540120921424631181170704384,12 Jan 26,09:15 AM,73.89,12 Jan 26,09:18 AM,103.44,tsl_hit,9.827023499425592e+77,39.99,3
NIFTY50,25500,BULLISH,990618106158521757865649363199168621935318492353030156566657866207259000832,12 Jan 26,11:20 AM,103.63,12 Jan 26,11:25 AM,99.98,time_stop,-9.03939021869649e+76,-3.52,5
NIFTY50,25750,BEARISH,1389536671624148459961799326782652025362211844010066100018031302845633921024,12 Jan 26,02:26 PM,73.59,12 Jan 26,02:31 PM,69.96,time_stop,-1.261004529498918e+77,-4.93,5
NIFTY50,25850,BEARISH,1681752227671010507093449536799935298251633211961806859478229462935144497152,13 Jan 26,09:17 AM,60.47,13 Jan 26,09:22 AM,85.21,tsl_hit,1.04016375281452e+78,40.91,5
NIFTY50,25700,BULLISH,1380939176773282518787449385840286375589632115226219897143510177845503590400,14 Jan 26,09:49 AM,76.99,14 Jan 26,09:56 AM,104.36,tsl_hit,9.449076317071188e+77,35.55,7
NIFTY50,25700,BULLISH,1529027347731445361756996806026719895261333316476907011297812276242825609216,14 Jan 26,10:20 AM,72.28,14 Jan 26,10:25 AM,67.93,time_stop,-1.6628172406579446e+77,-6.02,5
NIFTY50,25700,BEARISH,1378441321060924166775699989562335528987031840567719104041096151204030840832,14 Jan 26,10:43 AM,79.64,14 Jan 26,10:47 AM,85.84,tsl_hit,2.1365840476444335e+77,7.79,4
NIFTY50,25750,BEARISH,1946022139180249303592731111963557926153213796994511034790014838182971965440,14 Jan 26,11:19 AM,56.9,14 Jan 26,11:21 AM,50.33,hard_sl_hit,-3.1963413636035593e+77,-11.55,2
NIFTY50,25750,BULLISH,2616277251262676281790120942793440039146139650667187305927581996368370073600,14 Jan 26,12:53 PM,41.78,14 Jan 26,12:58 PM,39.83,time_stop,-1.2754351599905565e+77,-4.67,5
NIFTY50,25750,BEARISH,3459790120478768258902146104162133838472507998210196900818094933927268450304,14 Jan 26,01:12 PM,31.43,14 Jan 26,01:15 PM,33.28,tsl_hit,1.6001529307214317e+77,5.89,3
NIFTY50,25750,BEARISH,827679843972839907298285757853942095603047992429041719404573477648438657024,16 Jan 26,10:07 AM,132.24,16 Jan 26,10:12 AM,121.11,time_stop,-2.303019165854429e+77,-8.42,5
NIFTY50,25800,BULLISH,1160908120912796949079343632014750361991547590356061779827545091162954006528,16 Jan 26,12:01 PM,93.4,16 Jan 26,12:16 PM,116.65,tsl_hit,6.747778452805632e+77,24.89,15
NIFTY50,25750,BULLISH,1026511571984768658394199780332306154246686471094781229583522024363409801216,16 Jan 26,01:04 PM,108.55,16 Jan 26,01:12 PM,95.44,hard_sl_hit,-3.364391677180079e+77,-12.08,8
NIFTY50,25700,BEARISH,976744077735129660594647458530567107463305712928809787609502560087340744704,16 Jan 26,02:28 PM,112.55,16 Jan 26,02:42 PM,100.44,hard_sl_hit,-2.957092695343105e+77,-10.76,14
NIFTY50,25600,BULLISH,573758821662544702736481753133399061512701436622597132117487433169365893120,19 Jan 26,09:17 AM,189.31,19 Jan 26,09:30 AM,168.03,hard_sl_hit,-3.052396931244738e+77,-11.24,13
NIFTY50,25500,BULLISH,518522970466041548980028620597417257758405047648031758261537264604444360704,19 Jan 26,10:30 AM,206.86,19 Jan 26,10:55 AM,117.88,hard_sl_hit,-1.1534543478017096e+78,-43.01,25
NIFTY50,25600,BEARISH,1603630050284153798787272769353709835739144151866523530672901634466672279552,19 Jan 26,01:54 PM,63.69,19 Jan 26,01:57 PM,57.84,hard_sl_hit,-2.345308948540573e+77,-9.19,3
NIFTY50,25400,BULLISH,2796482389209212989267432157869257373459893430655249407798414990763523833856,20 Jan 26,01:38 PM,36.15,20 Jan 26,01:40 PM,30.93,hard_sl_hit,-3.649409517918022e+77,-14.44,2
NIFTY50,25300,BULLISH,1781036322008445929318913656835448247154862470948497816665872687732076052480,20 Jan 26,03:04 PM,55.85,20 Jan 26,03:08 PM,57.32,tsl_hit,6.545308483381034e+76,2.63,4
NIFTY50,25150,BULLISH,875410505295130661948767614582038711241219409772726955054078745943604199424,21 Jan 26,10:03 AM,113.96,21 Jan 26,10:21 AM,100.08,hard_sl_hit,-3.0376744533741026e+77,-12.18,18
NIFTY50,25000,BULLISH,828520825463884067202109447555176045683043089649117852648255362015271321600,21 Jan 26,10:47 AM,118.78,21 Jan 26,10:52 AM,111.91,time_stop,-1.4229845177342218e+77,-5.78,5
NIFTY50,25050,BEARISH,1214347566879815272417316191538436037331196513323248754608946249850758889472,21 Jan 26,11:15 AM,80.52,21 Jan 26,11:17 AM,70.85,hard_sl_hit,-2.935685242931954e+77,-12.01,2
NIFTY50,25150,BEARISH,1229914802247629781537931799135837943111091932818387122757615987985842438144,21 Jan 26,12:21 PM,78.44,21 Jan 26,12:22 PM,71.36,hard_sl_hit,-2.1769491999783043e+77,-9.03,1
NIFTY50,25250,BULLISH,1401011942357869079714413106044150701464061800629620776581877575653745754112,21 Jan 26,01:12 PM,68.17,21 Jan 26,01:16 PM,58.88,hard_sl_hit,-3.253850236126151e+77,-13.63,4
NIFTY50,25200,BEARISH,1066933172073904599670749987940761594666714935710158838692110483327343919104,21 Jan 26,02:20 PM,88.16,21 Jan 26,02:24 PM,101.32,tsl_hit,3.510210136123145e+77,14.93,4
NIFTY50,25150,BEARISH,1690012757933332047408702281360101111135309224736186141786906168763497840640,21 Jan 26,03:06 PM,56.58,21 Jan 26,03:08 PM,55.84,tsl_hit,-3.1265236021766424e+76,-1.31,2
NIFTY50,25300,BEARISH,1909639304786535009665977329988735673878923417093407126467701242157798904561664,22 Jan 26,09:17 AM,0.05,22 Jan 26,09:22 AM,0.05,time_stop,0.0,0.0,5
NIFTY50,25250,BULLISH,1909639304786535009665977329988735673878923417093407126467701242157798904561664,22 Jan 26,11:01 AM,0.05,22 Jan 26,11:06 AM,0.05,time_stop,0.0,0.0,5
NIFTY50,25250,BEARISH,1909639304786535009665977329988735673878923417093407126467701242157798904561664,22 Jan 26,11:27 AM,0.05,22 Jan 26,11:31 AM,0.05,tsl_hit,0.0,0.0,4
NIFTY50,25200,BULLISH,190963930478653490682194249741335803919334950725900056504670964005905744527360,22 Jan 26,11:46 AM,0.5,22 Jan 26,11:47 AM,0.05,hard_sl_hit,-2.148344217884852e+78,-90.0,1
NIFTY50,25200,BULLISH,1718675374307881467561765663959711052616801511450303789252534477102522430390272,22 Jan 26,02:16 PM,0.05,22 Jan 26,02:23 PM,2.2,tsl_hit,9.23788013690799e+79,4300.0,7
NIFTY50,25300,BULLISH,3031173499662015224368411131020143641190705784123096492475945964497002299392,23 Jan 26,10:50 AM,163.8,23 Jan 26,10:55 AM,153.88,time_stop,-7.51731027916181e+77,-6.06,5
NIFTY50,25300,BEARISH,4267980895317174334770368836699183780094333730944071240846942077438866227200,23 Jan 26,11:14 AM,115.55,23 Jan 26,11:23 AM,119.65,tsl_hit,4.3746804177001134e+77,3.55,9
NIFTY50,25200,BULLISH,3821468777877170853813591396568437838868557554163634531178467454550590619648,23 Jan 26,11:43 AM,129.56,23 Jan 26,11:47 AM,116.18,hard_sl_hit,-1.2782813061999133e+78,-10.33,4
NIFTY50,24950,BULLISH,3681018686913273551316448516406925939863256178938287611404122659693701103616,27 Jan 26,09:23 AM,132.96,27 Jan 26,09:30 AM,129.59,tsl_hit,-3.101258243724437e+77,-2.53,7
NIFTY50,25050,BEARISH,3822745418773227042505374395390623848866435698536064086404145793337233768448,27 Jan 26,09:41 AM,127.67,27 Jan 26,09:43 AM,106.58,hard_sl_hit,-2.0155425220481844e+78,-16.52,2
NIFTY50,25100,BEARISH,8146436674887252348078492237516098806901287660320161297243493259477247852544,27 Jan 26,01:32 PM,58.81,27 Jan 26,01:40 PM,104.31,tsl_hit,9.266571717684249e+78,77.37,8
NIFTY50,25050,BULLISH,5835315209060420678627555988011197461234331537812028811778186003906557902848,27 Jan 26,01:41 PM,89.16,27 Jan 26,01:43 PM,78.92,hard_sl_hit,-1.4938406935194669e+78,-11.48,2
NIFTY50,25050,BULLISH,7328255272772571363883081001023102376826086796999863868326326522208235552768,27 Jan 26,02:07 PM,70.09,27 Jan 26,02:13 PM,81.3,tsl_hit,2.053743540194512e+78,15.99,6
NIFTY50,25050,BEARISH,6466664536568043598176083524122459665253140502495688427268935317551988080640,27 Jan 26,02:33 PM,80.84,27 Jan 26,02:38 PM,65.7,hard_sl_hit,-2.4476325270910047e+78,-18.73,5
NIFTY50,25300,BEARISH,8460938749571728355111418632998225269413177623122865299746738170462361092096,28 Jan 26,09:18 AM,60.5,28 Jan 26,09:19 AM,54.74,hard_sl_hit,-1.2183751799383285e+78,-9.52,1
NIFTY50,25300,BEARISH,10805884223370251001986385332994511278129547409610484721328510711563603148800,28 Jan 26,11:07 AM,46.87,28 Jan 26,11:13 AM,45.1,tsl_hit,-4.781603768841325e+77,-3.78,6
NIFTY50,25250,BULLISH,15585495559912468417816282745655387156236142488099899258267807173845322825728,28 Jan 26,01:24 PM,32.36,28 Jan 26,01:25 PM,28.15,hard_sl_hit,-1.6403734076807876e+78,-13.01,1
NIFTY50,25200,BULLISH,12660623735104081259552372277233991479632967369343618236753782018272116342784,28 Jan 26,01:47 PM,39.26,28 Jan 26,01:48 PM,33.96,hard_sl_hit,-1.6775326449012897e+78,-13.5,1
NIFTY50,25300,BULLISH,9792007743923609688903183379515937795692138124419864860206138509388584560099328,29 Jan 26,09:17 AM,0.05,29 Jan 26,09:22 AM,0.05,time_stop,0.0,0.0,5
NIFTY50,25250,BEARISH,9792007743923609688903183379515937795692138124419864860206138509388584560099328,29 Jan 26,11:19 AM,0.05,29 Jan 26,11:24 AM,0.05,time_stop,0.0,0.0,5
NIFTY50,25300,BEARISH,21379929571884252173248800551426135703724192936658229439704300790971830894592,29 Jan 26,12:11 PM,22.9,29 Jan 26,12:13 PM,25.75,tsl_hit,1.5233199819959751e+78,12.45,2
NIFTY50,25250,BULLISH,1663998317892302218728005202363864505761434765671789131452645318221952450560,30 Jan 26,09:17 AM,298.3,30 Jan 26,09:29 AM,298.16,tsl_hit,-5.82399411262249e+75,-0.05,12
NIFTY50,25300,BULLISH,4018010311738001979651492985533645634805662604059813367848306973401239519232,01 Feb 26,09:17 AM,123.53,01 Feb 26,09:21 AM,125.34,tsl_hit,1.8181496660614482e+77,1.47,4
NIFTY50,25350,BEARISH,3874019171879099585379211480136099721634508465600800115254882474697317941248,01 Feb 26,09:47 AM,128.33,01 Feb 26,09:52 AM,141.08,tsl_hit,1.234843611036463e+78,9.94,5
NIFTY50,25450,BEARISH,5669310558922554486115166174895673953642592002723082384024226964098244411392,01 Feb 26,11:11 AM,88.66,01 Feb 26,11:16 AM,110.4,tsl_hit,3.0812702887744097e+78,24.52,5
NIFTY50,25300,BULLISH,3964797733017345332753315068827461877886036061712942044937853685606033391616,01 Feb 26,11:44 AM,130.23,01 Feb 26,11:54 AM,135.9,tsl_hit,5.620100786552102e+77,4.35,10
NIFTY50,25250,BULLISH,3454053866870712835069165554752248255367013722280972269575859062833865031680,01 Feb 26,12:03 PM,150.21,01 Feb 26,12:11 PM,233.16,tsl_hit,7.1628442064231406e+78,55.22,8
NIFTY50,25050,BULLISH,1958488794972109967339100969114856887064713208177174529492699147057586241536,01 Feb 26,12:22 PM,281.17,01 Feb 26,12:26 PM,287.05,tsl_hit,2.8789785286089994e+77,2.09,4
NIFTY50,25000,BULLISH,1161995453673733163700501104654146180382740143072368882349317099159245815808,01 Feb 26,01:55 PM,475.0,01 Feb 26,02:08 PM,431.39,hard_sl_hit,-1.266865543367788e+78,-9.18,13
NIFTY50,25800,BEARISH,831014628571126339867182356690777527196043036243410086572999405879211065344,03 Feb 26,09:17 AM,657.41,03 Feb 26,09:22 AM,619.99,time_stop,-7.774141850282879e+77,-5.69,5
NIFTY50,25800,BULLISH,7975057335291067695657154584526387097928807926877617705802956869279298879488,03 Feb 26,12:27 PM,68.07,03 Feb 26,12:28 PM,60.41,hard_sl_hit,-1.5272234797082389e+78,-11.25,1
NIFTY50,25800,BEARISH,9897978081673717584459172230891211154605705822246019370992094027134351179776,03 Feb 26,01:03 PM,54.16,03 Feb 26,01:12 PM,53.65,tsl_hit,-1.261992205413394e+77,-0.94,9
NIFTY50,25750,BULLISH,7535016286461524174676744424593543718136431094975153120862646969115957264384,03 Feb 26,01:28 PM,71.07,03 Feb 26,01:33 PM,69.59,time_stop,-2.7879560259907444e+77,-2.08,5
NIFTY50,25750,BULLISH,6439369843458036566229779783497455825198703540351630669717690608734166843392,03 Feb 26,02:02 PM,82.97,03 Feb 26,02:10 PM,85.62,tsl_hit,4.266082521290959e+77,3.19,8
NIFTY50,25750,BEARISH,6803331462858046673216852377557030960197470929069263607455325107160522686464,03 Feb 26,03:00 PM,78.81,03 Feb 26,03:06 PM,89.02,tsl_hit,1.7365503558945154e+78,12.96,6
NIFTY50,25700,BULLISH,6508958283504023374746706162311645563333649939286309744335897860197436096512,04 Feb 26,09:17 AM,83.56,04 Feb 26,09:19 AM,81.96,tsl_hit,-2.603583313401623e+77,-1.91,2
NIFTY50,25750,BULLISH,13384251690019889798642775801684269206457857946625807374746863020916770603008,04 Feb 26,03:24 PM,40.55,04 Feb 26,03:28 PM,33.1,hard_sl_hit,-2.492816877266203e+78,-18.37,4
NIFTY50,25650,BULLISH,10633044398182468610194048508603295128667284047944902139387354398377188125573120,05 Feb 26,11:51 AM,0.05,05 Feb 26,11:56 AM,0.05,time_stop,0.0,0.0,5
NIFTY50,25650,BEARISH,56861199990289422709077840518831284347458444889991930079395536310727121829888,05 Feb 26,01:01 PM,9.35,05 Feb 26,01:03 PM,10.05,tsl_hit,9.950709998310993e+77,7.49,2
NIFTY50,25650,BEARISH,10721495153723012671335621953125107044757455850276277065094056358909310289313792,05 Feb 26,01:19 PM,0.05,05 Feb 26,01:22 PM,0.05,tsl_hit,0.0,0.0,3
NIFTY50,25600,BEARISH,10721495153723012671335621953125107044757455850276277065094056358909310289313792,05 Feb 26,02:30 PM,0.05,05 Feb 26,02:35 PM,0.05,time_stop,0.0,0.0,5
NIFTY50,25850,BULLISH,2844350600552610706394041364829164216454735216500234775479398262827821039616,09 Feb 26,09:15 AM,188.47,09 Feb 26,09:20 AM,178.73,time_stop,-6.925993712345614e+77,-5.17,5
NIFTY50,25850,BULLISH,9850240958389232745139589748150577899164361636421040983766409376266402660352,09 Feb 26,11:34 AM,54.11,09 Feb 26,11:42 AM,58.1,tsl_hit,9.825615355993266e+77,7.37,8
NIFTY50,25850,BULLISH,13387231649642766333079272528899637448822939718032979221534924824546576957440,09 Feb 26,12:33 PM,40.14,09 Feb 26,12:36 PM,42.0,tsl_hit,6.225062717083885e+77,4.63,3
NIFTY50,25850,BULLISH,14349898325121859420265861010800240035297278523825586797649226145144697257984,09 Feb 26,02:43 PM,37.64,09 Feb 26,02:49 PM,42.07,tsl_hit,1.589251239507246e+78,11.77,6
NIFTY50,25950,BEARISH,8732740373441450744291453820047741712681493155006668819493636153080174084096,10 Feb 26,09:18 AM,62.66,10 Feb 26,09:24 AM,70.68,tsl_hit,1.7509144448750131e+78,12.8,6
NIFTY50,25950,BEARISH,9240348880736988457538605561024770701554920293467977511376728578189676249088,10 Feb 26,09:37 AM,60.06,10 Feb 26,09:42 AM,54.89,time_stop,-1.1943150928352562e+78,-8.61,5
NIFTY50,25950,BEARISH,25053203586955137968834792479359935769565094718527759869184362969462355263488,10 Feb 26,12:01 PM,21.94,10 Feb 26,12:12 PM,23.65,tsl_hit,1.0710244533423304e+78,7.79,11
NIFTY50,25950,BULLISH,16282742889260419694668606269807540588591332915906560910778405126191496298496,10 Feb 26,01:25 PM,34.05,10 Feb 26,01:28 PM,38.95,tsl_hit,1.9946360039344036e+78,14.39,3
NIFTY50,26000,BEARISH,10228662507457640314342979686042244618662927556676346483387875459460560322560,11 Feb 26,09:17 AM,55.07,11 Feb 26,09:21 AM,58.12,tsl_hit,7.799355161936444e+77,5.54,4
NIFTY50,25950,BULLISH,16078264520784793799351224977455614013525198971153239429573081983433312305152,11 Feb 26,12:01 PM,35.25,11 Feb 26,12:03 PM,34.02,tsl_hit,-4.944066340141311e+77,-3.49,2
NIFTY50,25900,BULLISH,12146330928137338694340966528573043208896371693412967681103505911811298820096,11 Feb 26,12:41 PM,46.48,11 Feb 26,12:42 PM,36.86,hard_sl_hit,-2.921192588217029e+78,-20.7,1
NIFTY50,25900,BULLISH,13255909237442202038406188826960306349911040136594888635130433943064434180096,11 Feb 26,12:44 PM,41.61,11 Feb 26,12:45 PM,37.5,hard_sl_hit,-1.362044674147186e+78,-9.88,1
NIFTY50,25950,BEARISH,17198135292713476077545251936708637845632504244585278468364299188809169371136,11 Feb 26,02:12 PM,31.72,11 Feb 26,02:14 PM,27.6,hard_sl_hit,-1.771407935149487e+78,-12.99,2
NIFTY50,25950,BEARISH,22869073897433066941699673144433780113309102785837958883507394155364998971392,11 Feb 26,03:02 PM,23.51,11 Feb 26,03:08 PM,25.5,tsl_hit,1.1377364263972942e+78,8.46,6
NIFTY50,25950,BULLISH,17355565515452350814399698382537396171672567587407152308396931670447799402496,11 Feb 26,03:27 PM,31.27,11 Feb 26,03:29 PM,28.43,hard_sl_hit,-1.2322451515971169e+78,-9.08,2
NIFTY50,25850,BULLISH,102329883533330575399494469063719050871841295644721285893514096973745953439744,12 Feb 26,09:19 AM,5.25,12 Feb 26,09:20 AM,3.8,hard_sl_hit,-3.709458278085095e+78,-27.62,1
NIFTY50,25800,BULLISH,29587807233755390500879594024345712012830934573835961095752342860123886059520,12 Feb 26,11:39 AM,17.6,12 Feb 26,11:44 AM,28.4,tsl_hit,7.988707953116108e+78,61.36,5
NIFTY50,25850,BEARISH,67018165782483921468992385461984927052637808780488705627893350734396154445824,12 Feb 26,12:35 PM,8.3,12 Feb 26,12:42 PM,7.95,tsl_hit,-5.864089505942961e+77,-4.22,7
NIFTY50,25850,BULLISH,11072890279838530006134988173092688821508417963709290728986281276914751814762496,12 Feb 26,01:10 PM,0.05,12 Feb 26,01:15 PM,0.05,time_stop,0.0,0.0,5
NIFTY50,25850,BEARISH,23609574157437494429136671126373542058408891336672648700413033121669722406912,12 Feb 26,02:26 PM,23.45,12 Feb 26,02:30 PM,24.5,tsl_hit,6.197513216323048e+77,4.48,4
NIFTY50,25800,BULLISH,35552649476692687658999996285671138003212805877295606223949154847821033111552,12 Feb 26,02:40 PM,15.65,12 Feb 26,02:42 PM,11.9,hard_sl_hit,-3.333060888439939e+78,-23.96,2
NIFTY50,25600,BULLISH,1534453493020740835871637063900341783150382345578381987322713044824551849984,13 Feb 26,09:17 AM,352.95,13 Feb 26,10:16 AM,319.86,hard_sl_hit,-1.2693766521014068e+78,-9.38,59
NIFTY50,25550,BEARISH,8145040826023264740624262520180920190267268050248150443661607281793932722176,13 Feb 26,12:04 PM,65.8,13 Feb 26,12:09 PM,63.36,time_stop,-4.968474903874187e+77,-3.71,5
NIFTY50,25550,BULLISH,5054791886390210429447411159316715004078264832724790362506135351029747679232,13 Feb 26,12:52 PM,105.59,13 Feb 26,12:57 PM,101.09,time_stop,-5.686640872188986e+77,-4.26,5
NIFTY50,25500,BULLISH,4605584180169474357646376733351356365890121897303076243026809650298090422272,13 Feb 26,02:39 PM,115.34,13 Feb 26,02:44 PM,113.76,time_stop,-1.8192057511669404e+77,-1.37,5
NIFTY50,25500,BULLISH,4854471384324909029918879945049262938957464425797663154166433895441997234176,13 Feb 26,03:02 PM,109.26,13 Feb 26,03:06 PM,96.79,hard_sl_hit,-1.51338145406329e+78,-11.41,4
NIFTY50,25450,BULLISH,4708023048237909700212167133496822596285370824828105045089753842812559818752,13 Feb 26,03:28 PM,111.23,16 Feb 26,09:15 AM,69.25,hard_sl_hit,-4.941070189125687e+78,-37.74,2
NIFTY50,25550,BEARISH,4784599386838002441242903036166873904414624447351580591913467203735512940544,16 Feb 26,10:04 AM,104.86,16 Feb 26,10:51 AM,108.23,tsl_hit,4.0310249834110226e+77,3.21,47
NIFTY50,25550,BEARISH,8994366887515660447864383768841654938137507785707193711056953566984333688832,16 Feb 26,12:04 PM,55.98,16 Feb 26,12:10 PM,50.03,hard_sl_hit,-1.3379120745179535e+78,-10.63,6
NIFTY50,25600,BEARISH,8971481833328168899887440064377431675734758395103370481355226047181632831488,16 Feb 26,12:32 PM,55.46,16 Feb 26,12:42 PM,53.76,tsl_hit,-3.8128797791644783e+77,-3.07,10
NIFTY50,25600,BEARISH,9699995485938891312792267786981576580255159845669507965549070588330595319808,16 Feb 26,01:42 PM,51.12,16 Feb 26,01:50 PM,51.07,tsl_hit,-1.2124994357422925e+76,-0.1,8
NIFTY50,25550,BULLISH,7113484653907967849809697793092702264032120104245628968622884799248393568256,16 Feb 26,01:58 PM,69.7,16 Feb 26,02:03 PM,76.59,tsl_hit,1.2252977316356476e+78,9.89,5
NIFTY50,25600,BULLISH,5281378654236053158514035507751400773357268208160876619882311797068141690880,17 Feb 26,09:18 AM,94.91,17 Feb 26,09:20 AM,85.32,hard_sl_hit,-1.2662105323530943e+78,-10.1,2
NIFTY50,25750,BEARISH,13316175327983075758955908324893908370332072523169989798026982244968067760128,17 Feb 26,12:55 PM,37.22,17 Feb 26,01:02 PM,45.27,tsl_hit,2.6798802847565954e+78,21.63,7
NIFTY50,25750,BULLISH,11472392060372800642910033481381977141655179779696087060273217478396771041280,17 Feb 26,01:06 PM,44.24,17 Feb 26,01:11 PM,55.1,tsl_hit,3.1147544443912153e+78,24.55,5
NIFTY50,25700,BEARISH,18198323833754831443689521241004942902307938048431688222759505472812887310336,18 Feb 26,11:36 AM,28.65,18 Feb 26,11:44 AM,37.64,tsl_hit,4.090073281636399e+78,31.38,8
NIFTY50,25700,BEARISH,22594643270980546288206817928119928530705111304733668440358884370904344690688,18 Feb 26,12:03 PM,23.88,18 Feb 26,12:07 PM,20.54,hard_sl_hit,-1.8866527131268755e+78,-13.99,4
NIFTY50,25700,BULLISH,13836284400665866858144274527887888236944650010794630551109068723201714946048,18 Feb 26,12:28 PM,38.39,18 Feb 26,12:40 PM,42.76,tsl_hit,1.511614070772745e+78,11.38,12
NIFTY50,25700,BULLISH,13834702749499808187031236565082816623082516847902097814121531282329813647360,18 Feb 26,12:52 PM,38.88,18 Feb 26,12:55 PM,42.8,tsl_hit,1.3558008694509795e+78,10.08,3
NIFTY50,25850,BULLISH,10878380490851138557014628564287915241560636676760260974695057268811094516826112,19 Feb 26,09:15 AM,0.05,19 Feb 26,09:18 AM,16.1,tsl_hit,4.364950171953623e+81,32100.0,3
NIFTY50,25850,BEARISH,398873951331173254809828284254789514349022702758753104615823062366659917004144640,19 Feb 26,09:19 AM,0.05,19 Feb 26,09:24 AM,0.05,time_stop,0.0,0.0,5
NIFTY50,25550,BULLISH,135726810715657149191841805012467190661745101834295632443734954600953781682176,20 Feb 26,03:09 PM,146.94,20 Feb 26,03:14 PM,143.99,time_stop,-1.0009852290279677e+79,-2.01,5
NIFTY50,25700,BEARISH,264969498457488969740996427508480106626457636199321719121234566190201000951808,23 Feb 26,02:32 PM,75.1,23 Feb 26,02:34 PM,72.71,tsl_hit,-1.583192753283497e+79,-3.18,2
NIFTY50,25600,BULLISH,163227240795104243676965782316331366844079459383028862418876511929351706509312,24 Feb 26,09:17 AM,121.48,24 Feb 26,09:21 AM,107.72,hard_sl_hit,-5.615017083351589e+79,-11.33,4
NIFTY50,25500,BULLISH,177589921968014810551602411335539990661881551842145000604936017891522999484416,24 Feb 26,10:51 AM,110.25,24 Feb 26,10:55 AM,58.41,hard_sl_hit,-2.301565388705472e+80,-47.02,4
NIFTY50,25400,BULLISH,398034554835647144426334218379718198160580590930982991000558133393422660141056,24 Feb 26,12:49 PM,46.62,24 Feb 26,12:57 PM,51.1,tsl_hit,4.457987014159252e+79,9.61,8
NIFTY50,25350,BULLISH,369692562637940545665078566754011614243865625386108630443227707231853831258112,24 Feb 26,01:35 PM,50.73,24 Feb 26,01:40 PM,75.08,tsl_hit,2.2505034750584632e+80,48.0,5
NIFTY50,25550,BEARISH,273421833485333919346889549907291331106328075420319202095043067002315035639808,25 Feb 26,09:17 AM,72.25,25 Feb 26,09:21 AM,63.68,hard_sl_hit,-5.8580627824232794e+79,-11.86,4
NIFTY50,25600,BULLISH,732320402833579924397711277076963675502693381645992364713265075549254304399360,25 Feb 26,11:43 AM,26.62,25 Feb 26,11:51 AM,43.7,tsl_hit,3.127008120099387e+80,64.16,8
NIFTY50,25600,BULLISH,616051637467278433811650081319851712552302899613808546735655946104766101192704,25 Feb 26,12:23 PM,33.9,25 Feb 26,12:27 PM,30.39,hard_sl_hit,-5.405853118775365e+79,-10.35,4
NIFTY50,25450,BULLISH,398146390964869774526067595615769474750625851007651309563374166572669268393984,25 Feb 26,02:05 PM,51.85,25 Feb 26,02:06 PM,46.01,hard_sl_hit,-5.812937308087102e+79,-11.26,1
NIFTY50,25550,BEARISH,5096384400570044925028830833742154799963959544842261577045088430356132867866624,26 Feb 26,09:17 AM,4.0,26 Feb 26,09:19 AM,14.9,tsl_hit,1.3887647491555226e+81,272.5,2
NIFTY50,25500,BULLISH,1910634919158413080654062380275691406207035253212242053862956858158391440179200,26 Feb 26,09:56 AM,13.9,26 Feb 26,09:58 AM,7.95,hard_sl_hit,-2.842069442248487e+80,-42.81,2
NIFTY50,25550,BULLISH,505893668039441345133490830754698654341847903407158952952396285657397260529434624,26 Feb 26,10:31 AM,0.05,26 Feb 26,10:36 AM,0.05,time_stop,0.0,0.0,5
NIFTY50,25450,BULLISH,2228606467134388264549264645735706983153861267861750641787390638976769516896256,26 Feb 26,11:44 AM,11.35,26 Feb 26,11:49 AM,33.35,tsl_hit,1.2257335569239136e+81,193.83,5
NIFTY50,25400,BULLISH,145712333393741966298143804249898603863292727999781399248802120012838624821248,27 Feb 26,09:17 AM,210.98,27 Feb 26,09:28 AM,210.04,tsl_hit,-3.4242398347529275e+78,-0.45,11
NIFTY50,25300,BULLISH,325292920344078644185051399197054582086615189058338545815795617394422846586880,27 Feb 26,02:31 PM,94.46,27 Feb 26,02:40 PM,93.85,tsl_hit,-4.960717035247195e+78,-0.65,9
NIFTY50,24850,BULLISH,77736453136620930400233327149819338943017747458594807088077417810796973391872,02 Mar 26,09:17 AM,394.99,02 Mar 26,09:23 AM,405.8,tsl_hit,2.100827646017181e+79,2.74,6
NIFTY50,24900,BULLISH,76723859653317390453107300628134301585078817070104923007628206192545356578816,02 Mar 26,09:56 AM,401.42,02 Mar 26,10:04 AM,402.27,tsl_hit,1.6303820176329293e+78,0.21,8
NIFTY50,24850,BULLISH,79944303431606514770004365472113269969853330201264673667590755876059347943424,02 Mar 26,10:46 AM,385.34,02 Mar 26,10:55 AM,157.11,hard_sl_hit,-4.561422093048888e+80,-59.23,9
NIFTY50,24800,BULLISH,256378077294552613846050848317062979314559454738355074487698661690084750786560,02 Mar 26,11:31 AM,112.25,02 Mar 26,11:36 AM,106.44,time_stop,-3.7238915727033785e+79,-5.18,5
NIFTY50,24700,BULLISH,316584785175850674299707519043409542070144891957966718046046045477302775578624,02 Mar 26,12:41 PM,90.38,02 Mar 26,12:45 PM,81.53,hard_sl_hit,-7.004438372015692e+79,-9.79,4
NIFTY50,24650,BULLISH,354612511115196000314047875472953587416256903668610106744917286577122641444864,02 Mar 26,01:54 PM,79.81,02 Mar 26,01:55 PM,70.12,hard_sl_hit,-8.590488081765621e+79,-12.14,1
NIFTY50,24400,BULLISH,90475469204456082840918678007382488467061453773252130766366372665315026796544,04 Mar 26,09:18 AM,308.59,04 Mar 26,09:23 AM,286.47,time_stop,-5.00329344700641e+79,-7.17,5
NIFTY50,24400,BEARISH,481778682277933048866202083706348385829810527848754896490917620287270629146624,04 Mar 26,11:05 AM,57.49,04 Mar 26,11:07 AM,50.35,hard_sl_hit,-8.599749478661105e+79,-12.42,2
NIFTY50,24600,BEARISH,546304907124357651120989091461433632474007902214135239988898210831030473570910208,05 Mar 26,12:13 PM,0.05,05 Mar 26,12:18 PM,0.05,tsl_hit,0.0,0.0,5
NIFTY50,24600,BEARISH,6744505026227848109438673064225301162441745671439804090403902741402570828283904,05 Mar 26,02:26 PM,4.05,05 Mar 26,02:27 PM,2.45,hard_sl_hit,-2.6978020104886855e+80,-39.51,1
NIFTY50,24750,BEARISH,1442885206654542958135275557305454693672406826620161753308274519527402506289152,05 Mar 26,02:43 PM,18.1,05 Mar 26,02:45 PM,0.05,hard_sl_hit,-6.5110194950281e+80,-99.72,2
NIFTY50,24600,BULLISH,202427090291234428845577907069065120571466044344083788979555698808362960420864,06 Mar 26,12:30 PM,114.72,06 Mar 26,12:46 PM,103.4,hard_sl_hit,-5.728686655241931e+79,-9.87,16
NIFTY50,24600,BEARISH,281123959637966756268701081682617293169061709074254527690617169362562326724608,06 Mar 26,12:53 PM,81.7,06 Mar 26,01:01 PM,73.76,hard_sl_hit,-5.580310598813639e+79,-9.72,8
NIFTY50,24500,BULLISH,122491986726494356545812898140965323807810644004241217288345860288220397305856,06 Mar 26,02:50 PM,185.48,06 Mar 26,03:01 PM,166.67,hard_sl_hit,-5.7601856758133975e+79,-10.14,11
NIFTY50,23750,BULLISH,34816269812575434880651096780829353840885566049369652973732756688281020661760,09 Mar 26,09:20 AM,645.21,09 Mar 26,09:25 AM,621.13,time_stop,-2.0959394427170448e+79,-3.73,5
NIFTY50,23800,BULLISH,142569961007271931913455143942574901303908219091035951402982533752408189698048,09 Mar 26,11:13 AM,156.91,09 Mar 26,11:25 AM,174.55,tsl_hit,6.287335280420697e+79,11.24,12
NIFTY50,23900,BEARISH,167952615343506539507372392490046421757002378012866095597676849252418642247680,09 Mar 26,11:42 AM,134.86,09 Mar 26,11:47 AM,135.33,tsl_hit,1.973443230286197e+78,0.35,5
NIFTY50,23900,BEARISH,260566473827352434748619473548370444427557145343026272177943335717094085885952,09 Mar 26,12:59 PM,86.96,09 Mar 26,01:15 PM,102.09,tsl_hit,9.855926872519612e+79,17.4,16
NIFTY50,24000,BEARISH,197072540600347887585010430660327266002923814172855614620003530136626086805504,09 Mar 26,02:48 PM,117.2,09 Mar 26,02:51 PM,127.29,tsl_hit,4.971154836643777e+79,8.61,3
NIFTY50,24050,BEARISH,173871016130957561257825931372076172212130106745308177383854002928119019732992,09 Mar 26,03:07 PM,134.11,09 Mar 26,03:12 PM,121.32,hard_sl_hit,-5.5595257407873777e+79,-9.54,5
NIFTY50,24200,BEARISH,111744415094443648691328108517649544532476711018932478445992005135224537088000,10 Mar 26,09:17 AM,206.46,10 Mar 26,09:28 AM,220.37,tsl_hit,3.885912034909277e+79,6.74,11
NIFTY50,24200,BEARISH,116848276402324344765072470286595072155826543568130459845301662443192390254592,10 Mar 26,10:19 AM,198.92,10 Mar 26,10:28 AM,212.18,tsl_hit,3.8735203627370576e+79,6.67,9
NIFTY50,24200,BULLISH,265724189769819004349544491974370849180719819960160096924701664876140425117696,10 Mar 26,11:53 AM,88.12,10 Mar 26,11:56 AM,77.45,hard_sl_hit,-7.088192762109922e+79,-12.11,3
NIFTY50,24200,BULLISH,350593182775676735345974125415222017826545655115986616273188171436733235200000,10 Mar 26,12:16 PM,65.89,10 Mar 26,12:21 PM,57.85,hard_sl_hit,-7.046922973791102e+79,-12.2,5
NIFTY50,24250,BEARISH,264170974223004915865915366070251648503940680642847798809564561475932356870144,10 Mar 26,02:51 PM,86.26,10 Mar 26,02:52 PM,77.29,hard_sl_hit,-5.924034096950884e+79,-10.4,1
NIFTY50,24150,BULLISH,242899793294160215724266586886511008536892260528347535035459148778901950431232,11 Mar 26,09:56 AM,92.73,11 Mar 26,10:00 AM,81.63,hard_sl_hit,-6.740469263912951e+79,-11.97,4
NIFTY50,23900,BULLISH,356963080957886410002544647985068900627223945315846625111270163698273665155072,11 Mar 26,01:16 PM,62.26,11 Mar 26,01:27 PM,87.44,tsl_hit,2.2470825946298948e+80,40.44,11
NIFTY50,23900,BULLISH,364000388649358567839715198383413037179237143755050734515152337767000249991168,11 Mar 26,02:20 PM,63.8,11 Mar 26,02:22 PM,56.57,hard_sl_hit,-6.579307024837152e+79,-11.33,2
NIFTY50,23900,BULLISH,383138030915300910964770331741248888678272806734414072527367331742078939955200,11 Mar 26,03:09 PM,59.85,11 Mar 26,03:13 PM,50.95,hard_sl_hit,-8.524821187865445e+79,-14.87,4
NIFTY50,23550,BULLISH,1714975681262003939336863637376828868727359015064053672794064332643950105985024,12 Mar 26,09:19 AM,13.15,12 Mar 26,09:21 AM,20.65,tsl_hit,3.215579402366257e+80,57.03,2
NIFTY50,23750,BEARISH,1386189399401764575512894022169992835872587415979683682385092095551500674138112,12 Mar 26,11:58 AM,17.3,12 Mar 26,11:59 AM,10.15,hard_sl_hit,-2.4778135514298977e+80,-41.33,1
NIFTY50,23450,BULLISH,67593802305377833590426610796098331902799269832098513171467681374878346248192,13 Mar 26,09:17 AM,338.49,13 Mar 26,09:22 AM,326.0,time_stop,-2.1106164769854245e+79,-3.69,5
NIFTY50,23350,BEARISH,75146827272582408747319595189796358422836322232683596079460846777093549195264,13 Mar 26,10:32 AM,303.22,13 Mar 26,10:55 AM,145.99,hard_sl_hit,-2.953833913017033e+80,-51.85,23
NIFTY50,23400,BEARISH,151604108254309699231649540604552829923456318529473235350488123803758774714368,13 Mar 26,11:31 AM,141.64,13 Mar 26,11:36 AM,137.09,time_stop,-1.7244967313927665e+79,-3.21,5
NIFTY50,23450,BEARISH,45277020534455015968710205708966816965150780539358652656300557396861905797120,13 Mar 26,09:17 AM,472.57,13 Mar 26,10:51 AM,526.08,tsl_hit,6.056933421996725e+79,11.32,94
NIFTY50,23400,BEARISH,152963559975607480552192117863668037590375332285880231148745711391505582653440,13 Mar 26,11:31 AM,141.64,13 Mar 26,11:36 AM,137.09,time_stop,-1.7399604947225287e+79,-3.21,5
NIFTY50,23150,BULLISH,172459075390652038311813878963933290988250042411332594892098874904565050769408,16 Mar 26,09:27 AM,125.18,16 Mar 26,09:39 AM,192.54,tsl_hit,2.90421082957858e+80,53.81,12
NIFTY50,23100,BULLISH,159259274858021775698468594438213525194699490568395175973244375976593569349632,16 Mar 26,01:35 PM,143.66,16 Mar 26,01:44 PM,132.79,tsl_hit,-4.3278707942667435e+79,-7.57,9
NIFTY50,23550,BEARISH,301486214126576576438418890729280592057886442263912715624658814026140258140160,17 Mar 26,01:33 PM,75.25,17 Mar 26,01:42 PM,100.4,tsl_hit,1.8955945713208505e+80,33.42,9
NIFTY50,23600,BEARISH,255475831587051947751963823866717472802447592252300878154984100524395102994432,17 Mar 26,02:52 PM,92.1,17 Mar 26,02:56 PM,82.1,hard_sl_hit,-6.386895789676298e+79,-10.86,4
NIFTY50,23750,BEARISH,246374796545530085335432604491545664126476910304972722636221540495084713148416,18 Mar 26,10:52 AM,94.35,18 Mar 26,10:55 AM,56.56,hard_sl_hit,-2.327625890363895e+80,-40.05,3
NIFTY50,23800,BEARISH,588525746114294620956769717451100492810487922414073705175546078816857948684288,18 Mar 26,11:44 AM,37.74,18 Mar 26,11:47 AM,38.78,tsl_hit,1.5301669398971648e+79,2.76,3
NIFTY50,23800,BULLISH,513695390313683697973225803882678054655657391665824059999134690683146312089600,18 Mar 26,12:05 PM,43.37,18 Mar 26,12:07 PM,36.13,hard_sl_hit,-9.297886564677667e+79,-16.69,2
NIFTY50,23750,BULLISH,444787015358622856596044071643107555382160712693847458616029085945462974840832,18 Mar 26,03:23 PM,49.16,19 Mar 26,09:15 AM,0.05,hard_sl_hit,-5.460872581065492e+80,-99.9,7
NIFTY50,23300,BULLISH,4921183593557663168673335409861546248739990026079091190941022008233738278797312,19 Mar 26,09:17 AM,3.95,19 Mar 26,09:18 AM,0.05,hard_sl_hit,-4.798154003719616e+80,-98.73,1
NIFTY50,23050,BULLISH,1485507493906621052430039216311459248449693206699387637635921763066595107667968,19 Mar 26,02:51 PM,11.65,19 Mar 26,02:52 PM,8.1,hard_sl_hit,-1.318387900843207e+80,-30.47,1
NIFTY50,23350,BEARISH,114765681418503399438419567923279686481241312257063721762228116222624525189120,20 Mar 26,11:23 AM,145.69,20 Mar 26,11:30 AM,145.3,tsl_hit,-1.118965393830369e+78,-0.27,7
NIFTY50,23150,BULLISH,104054027305363727020630938565477253473401819884461575777407485164946496421888,20 Mar 26,02:39 PM,160.64,20 Mar 26,02:43 PM,139.83,hard_sl_hit,-5.413410770561541e+79,-12.95,4
NIFTY50,23100,BULLISH,99203004227653699135467908957443516448143612594195058060722320190250145546240,20 Mar 26,02:46 PM,166.07,20 Mar 26,02:50 PM,150.2,hard_sl_hit,-3.935879192732162e+79,-9.56,4
NIFTY50,22700,BULLISH,29830557544636846108605846927368422089822322408620215861721670181653372207104,23 Mar 26,09:17 AM,546.41,23 Mar 26,09:59 AM,495.86,hard_sl_hit,-3.769836709703478e+79,-9.25,42
NIFTY50,22550,BEARISH,142133626870096659400263842386784724188831566854831392943856770479853026672640,23 Mar 26,11:09 AM,113.5,23 Mar 26,11:20 AM,112.74,tsl_hit,-2.7005389105318547e+78,-0.67,11
NIFTY50,22550,BEARISH,140898210423896967486429296847535478319207600200954493680046573170631093780480,23 Mar 26,11:54 AM,114.41,23 Mar 26,12:28 PM,129.65,tsl_hit,5.368221817150478e+79,13.32,34
NIFTY50,22550,BULLISH,127038532972865202375216568008331214481225347307856680840832832992179604422656,23 Mar 26,02:35 PM,128.77,23 Mar 26,02:38 PM,155.7,tsl_hit,8.552869232398143e+79,20.91,3
NIFTY50,22800,BEARISH,48888341985326006732750873316178476163737842232174683771814098396068817403904,24 Mar 26,09:17 AM,342.39,24 Mar 26,09:24 AM,346.71,tsl_hit,5.2799409344152e+78,1.26,7
NIFTY50,22700,BEARISH,136947269742718356875574304412345828530909559213440535405858607250377770270720,24 Mar 26,11:13 AM,122.4,24 Mar 26,11:17 AM,105.82,hard_sl_hit,-5.6764643308356807e+79,-13.55,4
NIFTY50,22900,BULLISH,124247881644461379504284142713476379576706295241417886670901201487747096772608,24 Mar 26,02:39 PM,132.88,24 Mar 26,02:45 PM,139.18,tsl_hit,1.9569041359002703e+79,4.74,6
NIFTY50,23150,BEARISH,123554172783943655538620671665908135745168426230312814882063301275147948785664,25 Mar 26,09:19 AM,134.33,25 Mar 26,09:21 AM,120.63,hard_sl_hit,-4.2317304178500755e+79,-10.2,2
NIFTY50,23400,BEARISH,257153347791994161785277409477287902867797361745095774726711949967839970983936,25 Mar 26,11:04 AM,63.81,25 Mar 26,11:06 AM,56.65,hard_sl_hit,-4.603044925476698e+79,-11.22,2
NIFTY50,23400,BEARISH,387201322536236915637368694982560246393605985856797506869698734669610920968192,25 Mar 26,01:29 PM,41.85,25 Mar 26,01:32 PM,49.32,tsl_hit,7.230984698364224e+79,17.85,3
NIFTY50,22950,BULLISH,111262051072824285370752119957447615910606856990324989387569659391697240457216,27 Mar 26,11:21 AM,148.53,27 Mar 26,11:26 AM,140.56,time_stop,-2.2168963676260234e+79,-5.37,5
NIFTY50,22950,BULLISH,140415622860044013808164178802292679152561444389841066047436123071626984030208,27 Mar 26,12:21 PM,116.99,27 Mar 26,12:30 PM,126.96,tsl_hit,3.499859399786597e+79,8.52,9
NIFTY50,22950,BEARISH,163152036846258652767594930553411978867817359075433608067681357483893065777152,27 Mar 26,01:19 PM,101.64,27 Mar 26,01:23 PM,106.0,tsl_hit,1.778357201624219e+79,4.29,4
NIFTY50,22500,BEARISH,42188208646639222123941306224705975856723287955223262613940118375636601405440,30 Mar 26,09:15 AM,394.94,30 Mar 26,09:29 AM,357.98,hard_sl_hit,-3.8981904789494623e+79,-9.36,14
NIFTY50,22700,BEARISH,39284661709540080782107584890815753271861648364446403733516171947609216253952,30 Mar 26,09:38 AM,419.72,30 Mar 26,10:03 AM,436.43,tsl_hit,1.6411167429160347e+79,3.98,25
NIFTY50,22550,BEARISH,155390286494985415317678491041041341893877242248650583278493332319307099537408,30 Mar 26,12:07 PM,106.58,30 Mar 26,12:11 PM,104.58,tsl_hit,-7.76951432474927e+78,-1.88,4
NIFTY50,22300,BULLISH,151276572630287218559603653117340444592484858119615000405594345841638558924800,30 Mar 26,03:06 PM,109.25,30 Mar 26,03:13 PM,132.83,tsl_hit,8.917753956555436e+79,21.58,7
NIFTY50,22850,BEARISH,56736322181005217329787625331383211209275744652101973006675662988035168927744,01 Apr 26,09:17 AM,298.28,01 Apr 26,09:22 AM,286.6,time_stop,-1.6567006076853452e+79,-3.92,5
NIFTY50,22750,BULLISH,274067648699266138267292306305485967837808252662426785743910840582667809849344,01 Apr 26,11:50 AM,61.48,01 Apr 26,11:53 AM,60.54,tsl_hit,-6.440589744432739e+78,-1.53,3
NIFTY50,22250,BULLISH,1057927937026462377793329382598026566822354596422597679757293237920475927019520,02 Apr 26,09:17 AM,15.9,02 Apr 26,09:18 AM,0.05,hard_sl_hit,-4.192039450467741e+80,-99.69,1
NIFTY50,22200,BULLISH,2355578827413132450076265897113024971785594677965594944395931243057690370375680,02 Apr 26,10:49 AM,6.35,02 Apr 26,10:50 AM,3.0,hard_sl_hit,-1.9727972679576416e+80,-52.76,1
NIFTY50,22250,BEARISH,961169062683249914912090011960098668596643807733838861367101789113377630453760,02 Apr 26,11:38 AM,14.65,02 Apr 26,11:43 AM,21.15,tsl_hit,1.561899726860281e+80,44.37,5
NIFTY50,22400,BEARISH,622118081039720335825276496829707876463405001478585409446934412500202057367552,02 Apr 26,01:03 PM,23.75,02 Apr 26,01:08 PM,25.75,tsl_hit,3.1105904051986015e+79,8.42,5
NIFTY50,22700,BEARISH,89340159870284725031823091202382828055986915692475281842875260978127670607872,06 Apr 26,09:38 AM,166.93,06 Apr 26,09:44 AM,227.87,tsl_hit,1.3610973356237876e+80,36.51,6
NIFTY50,22550,BULLISH,92157996533717901322448806970818374525048456070937674726014005210701379928064,06 Apr 26,11:13 AM,168.39,06 Apr 26,11:22 AM,185.53,tsl_hit,3.948970151469816e+79,10.18,9
NIFTY50,22600,BEARISH,112663279402889614863876055302283351277892038262468166060666633973277766189056,06 Apr 26,11:39 AM,139.3,06 Apr 26,11:44 AM,128.24,time_stop,-3.1151396754898983e+79,-7.94,5
NIFTY50,22700,BEARISH,120707256681760928756979437723153908836019872306693697833034045914705731518464,06 Apr 26,12:22 PM,128.87,06 Apr 26,12:27 PM,130.73,tsl_hit,5.6128874357018386e+78,1.44,5
NIFTY50,22950,BEARISH,142639296301010985430290053091145572470077768844394309906696816659648594575360,06 Apr 26,03:07 PM,109.23,06 Apr 26,03:11 PM,98.1,hard_sl_hit,-3.968938419575634e+79,-10.19,4
NIFTY50,22750,BULLISH,70473479146615314963383479624107446161809186207969420460376718357615836397568,07 Apr 26,09:17 AM,218.58,07 Apr 26,09:33 AM,283.27,tsl_hit,1.1397323414986356e+80,29.6,16
NIFTY50,22800,BULLISH,69841713617487837561284794211192275021821591058339639522388289416172652199936,07 Apr 26,09:45 AM,227.81,07 Apr 26,09:48 AM,234.71,tsl_hit,1.204769559901666e+79,3.03,3
NIFTY50,22900,BULLISH,129400876169030659538562997251985630642365846646916870004953235935015890583552,07 Apr 26,10:55 AM,123.37,07 Apr 26,10:57 AM,109.17,hard_sl_hit,-4.5937311040005896e+79,-11.51,2
NIFTY50,22900,BULLISH,167838341492319914175115921037458630189961339698590858452396587897250371338240,07 Apr 26,01:01 PM,93.9,07 Apr 26,01:05 PM,99.75,tsl_hit,2.4546357443251767e+79,6.23,4
NIFTY50,23000,BEARISH,210465718675051022492430278436017110586857624807993306469071443495718592970752,07 Apr 26,01:35 PM,75.4,07 Apr 26,01:36 PM,66.73,hard_sl_hit,-4.561844452281732e+79,-11.5,1
NIFTY50,23000,BULLISH,146046113039761512527488017790678288457505044550323937846684631763363425157120,07 Apr 26,02:21 PM,107.27,07 Apr 26,02:34 PM,129.56,tsl_hit,8.138419649140712e+79,20.78,13
NIFTY50,23900,BEARISH,34152423953755568344775430024005302808958904076211251648499092584420104732672,08 Apr 26,09:17 AM,469.31,08 Apr 26,10:55 AM,45.37,hard_sl_hit,-3.619644652738784e+80,-90.33,98
NIFTY50,23950,BULLISH,266531296283996916903387277220906614530911344678174141232518196792913335156736,08 Apr 26,02:15 PM,54.1,08 Apr 26,02:23 PM,62.94,tsl_hit,5.89034164787633e+79,16.34,8
NIFTY50,24000,BEARISH,303517388693241075222382735557050436457124990952713885674865369214739887947776,08 Apr 26,02:46 PM,48.37,08 Apr 26,02:47 PM,40.22,hard_sl_hit,-6.184166794624786e+79,-16.85,1
NIFTY50,23900,BULLISH,1960038671232114269576907903215802565847708581273176509881888644782512307961856,09 Apr 26,09:17 AM,7.35,09 Apr 26,09:22 AM,52.25,tsl_hit,2.2001434084581197e+81,610.88,5
NIFTY50,23900,BEARISH,1443862649686922009619076218546964185203476845766334654259028427664341784854528,09 Apr 26,11:52 AM,16.75,09 Apr 26,11:53 AM,11.35,hard_sl_hit,-1.94921457707787e+80,-32.24,1
NIFTY50,23950,BEARISH,92983418902797506326924178634764545812974369485553723177504420799298075099136,10 Apr 26,09:49 AM,250.78,10 Apr 26,09:54 AM,243.74,time_stop,-1.6365081726892343e+79,-2.81,5
NIFTY50,23950,BULLISH,80792604253717482694256120138507812905710834049648395283075547875116157239296,10 Apr 26,10:07 AM,287.72,10 Apr 26,10:28 AM,315.45,tsl_hit,5.6009472898889563e+79,9.64,21
NIFTY50,24000,BEARISH,341391733312137890155900148599908376003247918504236926195223404559927718445056,10 Apr 26,01:44 PM,68.82,10 Apr 26,01:53 PM,72.22,tsl_hit,2.9018297331531767e+79,4.94,9
NIFTY50,24050,BEARISH,264186415756024231745042176205195366843759108918746006649322425962000415719424,10 Apr 26,02:02 PM,89.42,10 Apr 26,02:06 PM,78.76,hard_sl_hit,-7.040567979898044e+79,-11.92,4
NIFTY50,24000,BULLISH,182828511093833540631053914604162765615972287024761850361692106049951037915136,10 Apr 26,02:17 PM,127.5,10 Apr 26,02:23 PM,123.57,tsl_hit,-1.7962901214969176e+79,-3.08,6
NIFTY50,23550,BULLISH,47053533547938683582532299944538629029074488196528437176599451711051839569920,13 Apr 26,09:18 AM,493.71,13 Apr 26,10:55 AM,254.32,hard_sl_hit,-2.81603634901026e+80,-48.49,97
NIFTY50,23800,BEARISH,212236658336052290189796440350930613426353012747711240797155921583379908132864,13 Apr 26,11:52 AM,103.56,13 Apr 26,11:55 AM,90.79,hard_sl_hit,-6.775655317378468e+79,-12.33,3
NIFTY50,23800,BULLISH,214613286812727898083591487288655733371764265681225092495116302714597885870080,13 Apr 26,12:58 PM,101.01,13 Apr 26,01:02 PM,86.48,hard_sl_hit,-7.795827643472342e+79,-14.38,4
NIFTY50,23850,BEARISH,266945399478849626320550857617174858704506277582231376270107120214274566258688,13 Apr 26,01:35 PM,79.91,13 Apr 26,01:43 PM,82.5,tsl_hit,1.7284714616255537e+79,3.24,8
NIFTY50,24250,BEARISH,75009382383956048964405941451787269536564810899670070340476068482279106674688,15 Apr 26,09:17 AM,285.41,15 Apr 26,09:40 AM,314.04,tsl_hit,5.368796544131653e+79,10.03,23
NIFTY50,24250,BULLISH,602478179959478950768554517978176619288527510538266469188827203809371890909184,15 Apr 26,03:09 PM,35.93,15 Apr 26,03:11 PM,32.03,hard_sl_hit,-5.8741622546049174e+79,-10.85,2
NIFTY50,24350,BULLISH,4152614976302057291284910867702661225777932933687621921769755139451389732716544,16 Apr 26,09:15 AM,5.15,16 Apr 26,09:18 AM,26.2,tsl_hit,2.1853136312788823e+81,408.74,3
NIFTY50,24250,BULLISH,621969443117355738074701409588915279289805001973213386748653007250865380751572992,16 Apr 26,11:49 AM,0.05,16 Apr 26,11:54 AM,0.05,time_stop,0.0,0.0,5
NIFTY50,24150,BULLISH,621969443117355738074701409588915279289805001973213386748653007250865380751572992,16 Apr 26,12:38 PM,0.05,16 Apr 26,12:40 PM,8.35,tsl_hit,1.2905865944682867e+83,16600.0,2
NIFTY50,24150,BEARISH,12093850282835460272204366282726075470599645557854634087068021603577645997255294976,16 Apr 26,01:52 PM,0.05,16 Apr 26,01:57 PM,0.05,time_stop,0.0,0.0,5
NIFTY50,24250,BULLISH,4995807288018613691639326198618922145775066300904295331156868560924997748523008,17 Apr 26,12:36 PM,121.04,17 Apr 26,12:41 PM,120.87,time_stop,-2.123218097407932e+79,-0.14,5
NIFTY50,24300,BEARISH,16327252198028606975122804799097425771591046786014544876961086698466314742136832,17 Apr 26,02:19 PM,37.03,17 Apr 26,02:31 PM,39.86,tsl_hit,1.1551530930105233e+81,7.64,12
NIFTY50,24350,BULLISH,6689327072295256604641412443760594850266369904816331986377138629162238040080384,17 Apr 26,03:03 PM,91.15,20 Apr 26,09:15 AM,78.08,hard_sl_hit,-2.1857376208724766e+81,-14.34,27
NIFTY50,24450,BEARISH,3842819093208741529147369328522529306871744437534344358193240601341102001225728,20 Apr 26,10:34 AM,156.14,20 Apr 26,10:55 AM,142.75,tsl_hit,-1.286383691451625e+81,-8.58,21
NIFTY50,24450,BULLISH,8164590086038145150318841306757890007872780583016605826429639056439200366723072,20 Apr 26,12:12 PM,72.79,20 Apr 26,12:17 PM,66.79,time_stop,-1.2246885129057217e+81,-8.24,5
NIFTY50,24450,BULLISH,9193715102347508635526093187744891237289488890894871902298898070455792678469632,20 Apr 26,01:02 PM,64.05,20 Apr 26,01:08 PM,57.17,hard_sl_hit,-1.5813189976037703e+81,-10.74,6
NIFTY50,24400,BEARISH,8007560801975824849148389379190636759270005118769224234346363691326441458237440,20 Apr 26,02:30 PM,72.66,20 Apr 26,02:40 PM,76.59,tsl_hit,7.867428487941262e+80,5.41,10
NIFTY50,24400,BULLISH,6875672533244364782708920257288887430439670039065515518305492585452838930350080,20 Apr 26,02:48 PM,85.13,20 Apr 26,02:52 PM,89.29,tsl_hit,7.150699434574157e+80,4.89,4
NIFTY50,24400,BEARISH,8903238901553425714530001681781385197409396781186039755489711491117785819381760,20 Apr 26,03:02 PM,66.1,20 Apr 26,03:10 PM,69.91,tsl_hit,8.480335053729643e+80,5.76,8
NIFTY50,24550,BEARISH,4871468409231278115304584864367061368536738505606806195076720943618305992687616,21 Apr 26,10:37 AM,121.58,21 Apr 26,10:54 AM,109.69,hard_sl_hit,-1.4480439846439975e+81,-9.78,17
NIFTY50,24550,BULLISH,11759080251936506238694767419606715645432913488487747091627972516770805354332160,21 Apr 26,02:45 PM,49.82,21 Apr 26,03:01 PM,81.81,tsl_hit,9.404324431486222e+81,64.21,16
NIFTY50,24500,BULLISH,7361416556705945309759467660741515796174178387682751639172902391852684151881728,22 Apr 26,09:17 AM,85.26,22 Apr 26,09:19 AM,72.58,hard_sl_hit,-2.333569048475786e+81,-14.87,2
NIFTY50,24400,BULLISH,20589158026401707775927339207288876033560506192537928855794219163423356802301952,22 Apr 26,01:24 PM,29.98,22 Apr 26,01:31 PM,41.23,tsl_hit,5.790700694925478e+81,37.53,7
NIFTY50,24450,BEARISH,13981287348652431512343488024069059762538714404078927639847189516556306724421632,22 Apr 26,02:57 PM,45.99,22 Apr 26,03:02 PM,66.14,tsl_hit,7.043073501883662e+81,43.81,5
NIFTY50,24350,BULLISH,14967856915910900313726548111802697785972611056151584842270271607330711470604288,22 Apr 26,03:27 PM,45.05,23 Apr 26,09:15 AM,0.05,hard_sl_hit,-1.6838839030399765e+82,-99.89,3
NIFTY50,24200,BULLISH,11989253389644631121675883005772252167774616169945110368969241976067462347679072256,23 Apr 26,09:17 AM,0.05,23 Apr 26,09:22 AM,12.55,tsl_hit,3.7466416842637287e+84,25000.0,5
NIFTY50,24150,BULLISH,1468187530930394615697963621605131794477045311080724085644662726487396215414587392,23 Apr 26,03:15 PM,11.75,23 Apr 26,03:16 PM,5.35,hard_sl_hit,-2.3491000494891656e+83,-54.47,1
NIFTY50,24100,BULLISH,133634226764450078902029422690514574937269180785206719489373821702182936948768768,24 Apr 26,09:17 AM,121.28,24 Apr 26,09:20 AM,126.19,tsl_hit,1.6403601335336235e+82,4.05,3
NIFTY50,24100,BULLISH,118022791915443117143423762255360487344187645584932562424365698109103792426319872,24 Apr 26,09:22 AM,137.94,24 Apr 26,09:25 AM,124.58,hard_sl_hit,-3.9419612499758e+82,-9.69,3
NIFTY50,23950,BEARISH,197291016036255321679865478314522237324933004981872801201016400674367638029205504,24 Apr 26,12:12 PM,81.63,24 Apr 26,12:31 PM,102.93,tsl_hit,1.0505746603930601e+83,26.09,19
NIFTY50,23850,BULLISH,173345059731436457750781937410755572396248692071087302318373122600342606252605440,24 Apr 26,02:08 PM,95.6,24 Apr 26,02:24 PM,107.81,tsl_hit,5.2913579483021016e+82,12.77,16
NIFTY50,24000,BEARISH,106514729543661253390939292964845729046311019950109246302774357618463008557629440,27 Apr 26,09:17 AM,157.79,27 Apr 26,09:20 AM,140.65,hard_sl_hit,-4.564156160945881e+82,-10.86,3
NIFTY50,24050,BEARISH,193633910084704097664177679104784361915659738491827244098069029515898284008275968,28 Apr 26,09:15 AM,85.75,28 Apr 26,09:16 AM,75.78,hard_sl_hit,-4.826325208861249e+82,-11.63,1
NIFTY50,24150,BULLISH,310174194684847097089499157261038719023212281975075044225525515857206974309466112,28 Apr 26,11:09 AM,52.84,28 Apr 26,11:16 AM,45.81,hard_sl_hit,-5.451311471586189e+82,-13.3,7
NIFTY50,24050,BEARISH,273915588418983027223493369976428341883066045767918449925145035720434257456267264,28 Apr 26,01:26 PM,58.95,28 Apr 26,01:27 PM,53.59,hard_sl_hit,-3.670468884814372e+82,-9.09,1
NIFTY50,24000,BULLISH,234819920476904024082646568276144604164712700565899064998703809415171026265833472,28 Apr 26,01:32 PM,68.07,28 Apr 26,01:35 PM,56.45,hard_sl_hit,-6.821518689854056e+82,-17.07,3
NIFTY50,24000,BULLISH,249618169029367914622246969544700505820483442711232113567913057768949979918893056,28 Apr 26,01:37 PM,62.82,28 Apr 26,01:44 PM,71.37,tsl_hit,5.335588363002742e+82,13.61,7
NIFTY50,24000,BULLISH,237300993425801892630372637482676479406794385192496868543156276474832638066032640,28 Apr 26,02:17 PM,67.08,28 Apr 26,02:26 PM,75.12,tsl_hit,4.7697499678586224e+82,11.99,9
NIFTY50,24100,BEARISH,230595275574884621966851706979917297693944890613355557806624786607296568704892928,29 Apr 26,09:17 AM,69.95,29 Apr 26,09:20 AM,69.9,tsl_hit,-2.8824409446858936e+80,-0.07,3
NIFTY50,24300,BEARISH,466151978080892340674039782214851676798066689299423788898709960411782996348108800,29 Apr 26,12:13 PM,34.6,29 Apr 26,12:15 PM,30.93,hard_sl_hit,-4.2769443988921894e+82,-10.61,2
NIFTY50,24300,BULLISH,406083363665486161924827852868029684045061761457097246418384208912081204839186432,29 Apr 26,01:04 PM,39.25,29 Apr 26,01:09 PM,41.39,tsl_hit,2.1725459956103516e+82,5.45,5
NIFTY50,24200,BULLISH,316278690802272913158596623795737696162071438503050135212763755818290898653937664,29 Apr 26,02:06 PM,50.7,29 Apr 26,02:09 PM,43.93,hard_sl_hit,-5.3530168418284716e+82,-13.35,3
NIFTY50,23950,BULLISH,972148785479287059779194277122640449966385252010868522929120258885631076707860480,30 Apr 26,09:17 AM,16.25,30 Apr 26,09:18 AM,12.45,hard_sl_hit,-9.235413462051459e+82,-23.38,1
NIFTY50,23800,BEARISH,307739098870055891126706638910904121320841878398915884980128357370782025364566704128,30 Apr 26,11:32 AM,0.05,30 Apr 26,11:37 AM,0.05,time_stop,0.0,0.0,5
NIFTY50,23850,BEARISH,307739098870055891126706638910904121320841878398915884980128357370782025364566704128,30 Apr 26,12:08 PM,0.05,30 Apr 26,12:13 PM,0.05,time_stop,0.0,0.0,5
NIFTY50,23900,BEARISH,2876066344580744012556945250313869202362477267069426684803805744746466003596083200,30 Apr 26,12:16 PM,5.35,30 Apr 26,12:18 PM,7.25,tsl_hit,1.3661315136768996e+83,35.51,2
NIFTY50,24150,BEARISH,87142445816372302530180668372320047286032844704943474553274775323903068305620992,04 May 26,09:17 AM,183.54,04 May 26,09:22 AM,173.03,time_stop,-2.2896677638251805e+82,-5.73,5
NIFTY50,24050,BULLISH,125353853079440017142365892476071376685453466051601075519925595386486398472159232,05 May 26,09:17 AM,126.78,05 May 26,09:20 AM,132.28,tsl_hit,1.7236154798423002e+82,4.34,3
NIFTY50,24200,BEARISH,145928599340663846003706121956819323216464299637037533975659637492256131478716416,06 May 26,09:17 AM,109.43,06 May 26,09:22 AM,117.84,tsl_hit,3.068148801137456e+82,7.69,5
NIFTY50,24100,BEARISH,502036433752752121136989009944300067806338388567966368540856051147081071904948224,06 May 26,11:32 AM,32.08,06 May 26,11:39 AM,49.03,tsl_hit,2.1273793880272877e+83,52.84,7
NIFTY50,24050,BULLISH,445075195641415796546480646562634930176560140028063154117970789502983498325032960,06 May 26,12:25 PM,38.31,06 May 26,12:27 PM,38.69,tsl_hit,4.228214358593399e+81,0.99,2
NIFTY50,24000,BULLISH,375486643397241722132944854784536570690271374299213139903096335309695017874882560,06 May 26,12:48 PM,45.46,06 May 26,12:52 PM,44.78,tsl_hit,-6.383272937753107e+81,-1.5,4
NIFTY50,24400,BULLISH,340825054137860784306220900820914309781415140007611039213555395013301094366582931456,07 May 26,12:58 PM,0.05,07 May 26,01:01 PM,0.05,tsl_hit,0.0,0.0,3
NIFTY50,24350,BULLISH,340825054137860784306220900820914309781415140007611039213555395013301094366582931456,07 May 26,02:49 PM,0.05,07 May 26,02:54 PM,0.05,time_stop,0.0,0.0,5
NIFTY50,24200,BULLISH,64401393397426551345309134192160131003536961735639773645185080717700454978420736,08 May 26,09:17 AM,264.61,08 May 26,09:32 AM,270.57,tsl_hit,9.595807616216523e+81,2.25,15
NIFTY50,24200,BULLISH,63119414544974840563099343777147307529616214320009509155178201194326889521479680,08 May 26,10:53 AM,270.66,08 May 26,10:55 AM,143.66,hard_sl_hit,-2.0040414118029517e+83,-46.92,2
NIFTY50,24200,BULLISH,186945459118338328943813598118766524186183624694163560998621208316267557833146368,08 May 26,12:11 PM,86.62,08 May 26,12:21 PM,93.38,tsl_hit,3.159378259099914e+82,7.8,10
NIFTY50,24150,BULLISH,186393158511309105680602548827318597466346148351025921872807670129357189980094464,08 May 26,02:01 PM,87.63,08 May 26,02:11 PM,111.46,tsl_hit,1.110437241831124e+83,27.19,10
NIFTY50,23950,BULLISH,62122642387056793529788681317421558370422841151779438134579744118850047445041152,11 May 26,09:17 AM,270.87,11 May 26,09:22 AM,261.47,time_stop,-1.459882096095831e+82,-3.47,5
NIFTY50,23900,BEARISH,178569047562231858030383248916851916214177065611438287794250056986665395180011520,11 May 26,10:56 AM,93.87,11 May 26,11:00 AM,85.12,hard_sl_hit,-3.906197915423822e+82,-9.32,4
NIFTY50,23950,BEARISH,257988611173027134921290866617596081111048083460878447486115933314487073269350400,11 May 26,12:11 PM,64.3,11 May 26,12:33 PM,70.21,tsl_hit,3.811781730081474e+82,9.19,22
NIFTY50,23950,BULLISH,226766985382443814952545120384167769374510539740015486367438123293190855847837696,11 May 26,02:18 PM,73.9,11 May 26,02:25 PM,66.84,hard_sl_hit,-4.002437292000134e+82,-9.55,7
NIFTY50,23700,BULLISH,145453058319992344857133906519654541387940120701064953546131895593104789211185152,12 May 26,09:18 AM,113.99,12 May 26,09:20 AM,126.0,tsl_hit,4.3672280760577716e+82,10.54,2
NIFTY50,23600,BULLISH,270030475587548207510469080225966375218443398593544348055251223137685608914223104,12 May 26,11:05 AM,62.12,12 May 26,11:10 AM,60.57,time_stop,-1.0463680929017474e+82,-2.5,5
NIFTY50,23550,BULLISH,341453110735355809326852879232540951006491394955493797594545632636991833968214016,12 May 26,12:33 PM,48.99,12 May 26,12:38 PM,48.45,time_stop,-4.609616994927296e+81,-1.1,5
NIFTY50,23400,BULLISH,230477316985528533368744029179784284420808030225015900110072380499016712483504128,12 May 26,03:04 PM,72.49,12 May 26,03:06 PM,62.78,hard_sl_hit,-5.594836869823701e+82,-13.39,2
NIFTY50,23550,BEARISH,329172825836887054637816761142858341850559868898516180412498076777146284203602608128,14 May 26,09:17 AM,0.05,14 May 26,09:22 AM,0.05,time_stop,0.0,0.0,5
NIFTY50,23750,BEARISH,1531036399241334933103622528771880474980578126159420795880689299291245487914483712,14 May 26,01:39 PM,10.75,14 May 26,01:40 PM,0.05,hard_sl_hit,-4.095522367970571e+83,-99.53,1
NIFTY50,23700,BULLISH,292768182566037557724391459197891928376313842882200534833259943867430329638614728704,14 May 26,03:10 PM,0.05,14 May 26,03:15 PM,0.05,time_stop,0.0,0.0,5
NIFTY50,23700,BEARISH,122353804148293845157495629272333206430359915306220191939868418000932111875309568,15 May 26,09:17 AM,119.64,15 May 26,09:27 AM,104.63,hard_sl_hit,-4.5913265006647275e+82,-12.55,10
NIFTY50,23850,BEARISH,84554801550681119140279897238777731438968661825073547378513441583346614934700032,15 May 26,10:28 AM,170.71,15 May 26,10:42 AM,170.81,tsl_hit,2.113870038766908e+80,0.06,14
NIFTY50,23650,BULLISH,134469396092331451348680074607084034922600630495680989019086541661273777462312960,15 May 26,02:52 PM,107.35,15 May 26,02:57 PM,103.06,time_stop,-1.4421842730902522e+82,-4.0,5
NIFTY50,23400,BEARISH,50675949757423651748934213304123453977320698385180805045759719379175501136396288,18 May 26,09:15 AM,283.59,18 May 26,10:02 AM,310.42,tsl_hit,3.399089329979197e+82,9.46,47
NIFTY50,23500,BEARISH,155334936662699093795454334776868019319338568794914842547539779212121937887100928,18 May 26,11:26 AM,93.49,18 May 26,11:31 AM,84.64,hard_sl_hit,-3.4367854736622155e+82,-9.47,5
NIFTY50,23650,BEARISH,133969021140631018217977258815613943561011212594621887135862228811193506737422336,18 May 26,03:04 PM,107.26,18 May 26,03:11 PM,115.76,tsl_hit,2.8468416992384092e+82,7.92,7
NIFTY50,23700,BULLISH,116913005123703613800469730454119462159696339754545530105923993913790732626296832,19 May 26,09:37 AM,123.99,19 May 26,09:45 AM,150.91,tsl_hit,7.868245244825253e+82,21.71,8
NIFTY50,23750,BEARISH,119781695126245847037854674097021183479330779549540709076185615528867221806776320,19 May 26,10:14 AM,123.94,19 May 26,10:21 AM,132.86,tsl_hit,2.671131801315287e+82,7.2,7
NIFTY50,23700,BULLISH,166124114818985987407689582212671748939081865034384253511326830340297492174733312,19 May 26,11:18 AM,90.08,19 May 26,11:23 AM,88.29,time_stop,-7.434054138149589e+81,-1.99,5
NIFTY50,23750,BEARISH,232323323825739213821846403134679092493191293873876600672518967740566156410355712,19 May 26,11:45 AM,64.27,19 May 26,11:50 AM,58.6,time_stop,-3.29318311522985e+82,-8.82,5
NIFTY50,23750,BULLISH,308793991818505499145279058911239585768081105864116634369603463567447712937803776,19 May 26,12:51 PM,47.88,19 May 26,12:55 PM,42.29,hard_sl_hit,-4.315396035663617e+82,-11.68,4
NIFTY50,23750,BULLISH,328159679534679859894815554062909500046991995109212057255822249706306166333636608,19 May 26,01:08 PM,44.47,19 May 26,01:10 PM,38.44,hard_sl_hit,-4.9470071689853e+82,-13.56,2
NIFTY50,23700,BULLISH,248588619225509846381108080434627886549744235511452065578455240724998901892907008,19 May 26,01:59 PM,57.82,19 May 26,02:02 PM,63.68,tsl_hit,3.641823271653719e+82,10.13,3
NIFTY50,23650,BULLISH,197114900673887703947887274428823310015465557850797804079890975698270641687887872,19 May 26,02:47 PM,73.74,19 May 26,02:54 PM,70.88,tsl_hit,-1.4093715398182967e+82,-3.88,7
NIFTY50,23450,BULLISH,109516564817173230669667517344065497208717961063764744405800581333755510967500800,20 May 26,09:17 AM,132.15,20 May 26,09:26 AM,136.35,tsl_hit,1.1499239305803157e+82,3.18,9
NIFTY50,23550,BEARISH,117382379138749342928830740134474941905050493168706746159781950480946388017348608,20 May 26,10:34 AM,123.73,20 May 26,10:39 AM,123.42,time_stop,-9.09713438325314e+80,-0.25,5
NIFTY50,23600,BULLISH,344068213270152905692526490170842811511090333833818970324660716795726480151674880,20 May 26,12:04 PM,42.2,20 May 26,12:06 PM,35.93,hard_sl_hit,-5.393269243009649e+82,-14.86,2
NIFTY50,23600,BEARISH,484559814888210990228901911542966120919678625810140205178398100543307606717890560,20 May 26,01:39 PM,29.47,20 May 26,01:43 PM,32.59,tsl_hit,3.779566556128051e+82,10.59,4
NIFTY50,23650,BULLISH,344655498105522302735112310070812179227463683898319313217931563332438712333107200,20 May 26,03:04 PM,41.92,20 May 26,03:10 PM,54.99,tsl_hit,1.1261618400597941e+83,31.18,6
NIFTY50,23800,BEARISH,3019893909887112325558549284600048800975465473875815157766047344967653663998738432,21 May 26,09:17 AM,4.95,21 May 26,09:21 AM,31.15,tsl_hit,1.9780305109761137e+84,529.29,4
NIFTY50,23750,BULLISH,1745567762455539597696441996252927836045496132883489596521637458729151721073803264,21 May 26,10:09 AM,13.6,21 May 26,10:11 AM,10.2,hard_sl_hit,-1.483732598086256e+83,-25.0,2
NIFTY50,23750,BULLISH,461605697182644855687258717011594615300404341248557770480627940576224948736445382656,21 May 26,10:40 AM,0.05,21 May 26,10:47 AM,8.45,tsl_hit,9.69371964083638e+85,16800.0,7
NIFTY50,23700,BULLISH,25358227312640664294445920038278898434269736429283510022263274804660052327128891392,21 May 26,11:02 AM,17.9,21 May 26,11:03 AM,16.1,hard_sl_hit,-1.141120229070675e+84,-10.06,1
NIFTY50,23700,BULLISH,8976812468675369130758412663884298557815935572148496614276669064002638099389930799104,21 May 26,11:19 AM,0.05,21 May 26,11:29 AM,42.55,tsl_hit,9.537863247967417e+87,85000.0,10
NIFTY50,23650,BEARISH,856786878954668129511273864148402996373237464879681361933240839480866916287330467708928,21 May 26,01:39 PM,0.05,21 May 26,01:44 PM,0.05,time_stop,0.0,0.0,5
NIFTY50,23700,BEARISH,313244691048065284914571187783979135923707886387246166314369136484985853247349587968,22 May 26,09:17 AM,136.76,22 May 26,09:21 AM,122.46,hard_sl_hit,-1.1198497704968333e+86,-10.46,4
NIFTY50,23750,BEARISH,562231216818798232024063159395256638848684654213671979947941277018947304191202164736,22 May 26,11:25 AM,75.31,22 May 26,11:31 AM,75.69,tsl_hit,5.341196559778519e+84,0.5,6
NIFTY50,23700,BULLISH,410517166569772219451847289620222112572611378765583416103860676978963057984655065088,22 May 26,03:03 PM,103.2,25 May 26,09:18 AM,414.56,tsl_hit,3.1954656245791074e+87,301.71,30
NIFTY50,23950,BEARISH,240958600411374629312860752716513556582837173584819820721083782338695664817976377344,25 May 26,09:19 AM,234.76,25 May 26,10:06 AM,243.82,tsl_hit,5.457712299317637e+85,3.86,47
NIFTY50,24000,BEARISH,1055163559131781015732436794792780535023821756028650846797496300809520980604221390848,25 May 26,11:15 AM,53.84,25 May 26,11:24 AM,50.78,tsl_hit,-8.07200122735813e+85,-5.68,9
NIFTY50,24000,BEARISH,1258387213855333685798096994693292892685497095325621983679903789470340533077191688192,25 May 26,11:42 AM,44.86,25 May 26,11:57 AM,38.62,hard_sl_hit,-1.963084053614321e+86,-13.91,15
NIFTY50,23950,BULLISH,1291628366533672181694998375626921021845205293490166353888802248267183527849665495040,25 May 26,12:51 PM,43.03,25 May 26,12:55 PM,45.6,tsl_hit,8.298712254978845e+85,5.97,4
NIFTY50,23950,BEARISH,1833145487146813392665614082081958744758961231856088594903692006618825199439509979136,25 May 26,01:05 PM,30.52,25 May 26,01:10 PM,27.02,hard_sl_hit,-1.6040023012534617e+86,-11.47,5
NIFTY50,24000,BULLISH,689055767914827146820498116056717204892434629525078633142662897283992000528795041792,26 May 26,09:17 AM,80.16,26 May 26,09:34 AM,103.35,tsl_hit,3.99480081448621e+86,28.93,17
NIFTY50,24050,BEARISH,752311657227673279385243822776114535830248286405374365037892505556350351445325774848,26 May 26,09:41 AM,75.78,26 May 26,09:59 AM,95.28,tsl_hit,3.667519328984907e+86,25.73,18
NIFTY50,24050,BULLISH,1090980204192986813695368620097952864248295749381375288616299387306681011711294570496,26 May 26,11:26 AM,53.75,26 May 26,11:29 AM,47.28,hard_sl_hit,-1.764660480282156e+86,-12.04,3
NIFTY50,23900,BEARISH,1316702149034614855287747016118890951729424537583142836562059366233494028896459292672,26 May 26,03:00 PM,43.94,26 May 26,03:04 PM,43.75,tsl_hit,-6.254335207914346e+84,-0.43,4
NIFTY50,23900,BEARISH,1250878117741995987718367289671413523181763935342943504834723933787903149994472898560,27 May 26,09:15 AM,46.23,27 May 26,09:16 AM,36.32,hard_sl_hit,-3.0990505367057936e+86,-21.44,1
NIFTY50,23900,BULLISH,1259779950661035844718291988812668533055374017059638453963344507841341181631569854464,27 May 26,09:34 AM,44.81,27 May 26,09:36 AM,43.61,tsl_hit,-3.779339851983116e+85,-2.68,2
NIFTY50,23950,BEARISH,846612047668966248482634838675488376810294657062447947780499646195556329464340152320,27 May 26,10:10 AM,66.48,27 May 26,10:15 AM,63.19,time_stop,-6.96338409207726e+85,-4.95,5
NIFTY50,23900,BULLISH,1290004268071150339929927309186504529008790572926824674296457548248512643964086517760,27 May 26,12:32 PM,43.39,27 May 26,12:39 PM,54.29,tsl_hit,3.5152616304938843e+86,25.12,7
NIFTY50,23900,BEARISH,2223169385396017695154177211429768527669271546267809127727010443200072558413413875712,27 May 26,01:38 PM,25.88,27 May 26,01:43 PM,32.73,tsl_hit,3.8071775724906794e+86,26.47,5
NIFTY50,23900,BEARISH,1462051409902639192430350758574862162569576344955739750875678593011272892825674448896,27 May 26,03:00 PM,40.51,27 May 26,03:09 PM,33.98,hard_sl_hit,-2.386798926666059e+86,-16.12,9
NIFTY50,23900,BEARISH,2084835236279326796882000066110419291771091569434852278751916893875146849119931203584,27 May 26,03:18 PM,27.9,27 May 26,03:21 PM,25.1,hard_sl_hit,-1.4593846653955275e+86,-10.04,3
NIFTY50,23900,BEARISH,825818918669788362818424342235777271077482200639600137354075439704088522848001327104,29 May 26,11:51 AM,69.65,29 May 26,11:53 AM,61.56,hard_sl_hit,-1.6702187630096477e+86,-11.62,2
NIFTY50,23850,BULLISH,568669553637061878433304002699305791302299187218794267141860652322413028017086398464,29 May 26,12:06 PM,99.84,29 May 26,12:12 PM,89.12,hard_sl_hit,-1.5240344037473257e+86,-10.74,6
NIFTY50,23600,BEARISH,686977952623518933785977422452695861419706727863640197191533160488529897505259782144,01 Jun 26,11:11 AM,81.66,01 Jun 26,11:16 AM,76.99,time_stop,-8.020467596879586e+85,-5.72,5
NIFTY50,23550,BEARISH,750230880009536716864632899327978060421804252047018261967274276928364543695560638464,01 Jun 26,12:50 PM,74.3,01 Jun 26,12:59 PM,83.68,tsl_hit,1.7592914136223655e+86,12.62,9
NIFTY50,23400,BEARISH,817057844458685199888182545232579518621221098028621256446172112168701648407736877056,01 Jun 26,03:11 PM,69.18,01 Jun 26,03:16 PM,72.92,tsl_hit,7.639490845688696e+85,5.41,5
NIFTY50,23250,BULLISH,434936473964562569907850929973713781196502669142307686389226949968635181006638284800,02 Jun 26,09:17 AM,130.74,02 Jun 26,09:22 AM,146.83,tsl_hit,1.7495319665224534e+86,12.31,5
NIFTY50,23350,BEARISH,814025764285069591263840261673343358851435882811884119297810976506694399738481999872,02 Jun 26,12:36 PM,70.81,02 Jun 26,12:43 PM,60.9,hard_sl_hit,-2.0167488310162606e+86,-14.0,7
NIFTY50,23450,BULLISH,667979182521963203557936605885353423453219677872970002874219913522823328653855686656,02 Jun 26,02:44 PM,84.95,02 Jun 26,02:45 PM,77.23,hard_sl_hit,-1.2891998222673887e+86,-9.09,1
NIFTY50,23200,BULLISH,810443714564352282947821069093641543066263674873893338797140714235768136319132237824,03 Jun 26,11:07 AM,69.31,03 Jun 26,11:09 AM,63.05,hard_sl_hit,-1.2683444132932124e+86,-9.03,2
NIFTY50,23400,BEARISH,909670296553655283943732198742316762750243268014800870342162253680931260282708164608,03 Jun 26,02:21 PM,61.13,03 Jun 26,02:22 PM,52.72,hard_sl_hit,-1.912581798504061e+86,-13.76,1
NIFTY50,23400,BEARISH,1020654405842204142248268168776292637871632959050412276522578509536052188810389225472,03 Jun 26,02:25 PM,53.65,03 Jun 26,02:28 PM,56.54,tsl_hit,7.374228082209927e+85,5.39,3
NIFTY50,23400,BULLISH,704783167141180809970189524767299556444819270062481498479900994492425927393917534208,03 Jun 26,03:02 PM,78.16,03 Jun 26,03:06 PM,86.06,tsl_hit,1.391946755103833e+86,10.11,4
NIFTY50,23400,BULLISH,845416532797436075507387876185451812368016337513905862816284520842395528140884541440,03 Jun 26,03:11 PM,65.89,03 Jun 26,03:17 PM,73.16,tsl_hit,1.5365445483593392e+86,11.03,6
NIFTY50,23350,BULLISH,1127748080683655463156216533792664519362682229311623418407844924137661710875563118297088,04 Jun 26,09:17 AM,0.05,04 Jun 26,09:22 AM,0.05,time_stop,0.0,0.0,5
NIFTY50,23400,BULLISH,1127748080683655463156216533792664519362682229311623418407844924137661710875563118297088,04 Jun 26,11:05 AM,0.05,04 Jun 26,11:10 AM,0.05,time_stop,0.0,0.0,5
NIFTY50,23350,BULLISH,1127748080683655463156216533792664519362682229311623418407844924137661710875563118297088,04 Jun 26,01:17 PM,0.05,04 Jun 26,01:20 PM,0.05,tsl_hit,0.0,0.0,3
NIFTY50,23400,BEARISH,1127748080683655463156216533792664519362682229311623418407844924137661710875563118297088,04 Jun 26,02:03 PM,0.05,04 Jun 26,02:08 PM,0.05,time_stop,0.0,0.0,5
NIFTY50,23450,BULLISH,304912150728290598466713624357954286511656896982619962361883227343013720248702468096,05 Jun 26,10:03 AM,184.93,05 Jun 26,10:12 AM,194.74,tsl_hit,7.477970496611329e+85,5.3,9
NIFTY50,23400,BULLISH,381001936444391779325320507181645772286589208129548011732512706956914536907496488960,05 Jun 26,12:33 PM,148.87,05 Jun 26,12:38 PM,145.12,time_stop,-3.571893154166173e+85,-2.52,5
NIFTY50,23350,BULLISH,462175253077502593669146085349651035693729371463570605669709274441981843155831488512,05 Jun 26,01:26 PM,122.38,05 Jun 26,01:30 PM,111.35,hard_sl_hit,-1.2744482603612135e+86,-9.01,4
NIFTY50,23400,BEARISH,439932322616085361866196027987005142225405364741843867229813963743987487370786111488,05 Jun 26,02:48 PM,127.28,05 Jun 26,02:55 PM,134.74,tsl_hit,8.20473781679e+85,5.86,7
NIFTY50,23100,BULLISH,170331361933797445889033484365139727517419092006995779004650190877524354153932914688,08 Jun 26,09:17 AM,330.88,08 Jun 26,09:36 AM,349.3,tsl_hit,7.843759217051379e+85,5.57,19
NIFTY50,23200,BEARISH,185623085294313399508189371846832489981039317583867686658843487638359891352901124096,08 Jun 26,10:36 AM,305.5,08 Jun 26,10:55 AM,92.33,hard_sl_hit,-9.892318273047198e+86,-69.78,19
NIFTY50,23200,BULLISH,566752618182889007083531709379511856005401307681748009066103479628035931189496774656,08 Jun 26,11:20 AM,92.3,08 Jun 26,11:25 AM,83.48,hard_sl_hit,-1.2496895230932693e+86,-9.56,5
NIFTY50,23200,BEARISH,1022236798192009188715724747914498817484773884276843555568261715296945539537109516288,08 Jun 26,12:13 PM,50.63,08 Jun 26,12:18 PM,49.93,time_stop,-1.788914396836023e+85,-1.38,5
NIFTY50,23250,BEARISH,923451425767251178865625879656478131545517559239360940589538685270770547539667058688,08 Jun 26,12:45 PM,55.96,08 Jun 26,12:48 PM,50.47,hard_sl_hit,-1.2674370818655527e+86,-9.81,3
NIFTY50,23250,BEARISH,370089323120826564103416434082379404664516149976861803348859394433307308594617647104,09 Jun 26,09:17 AM,138.11,09 Jun 26,09:47 AM,144.49,tsl_hit,5.90292470377718e+85,4.62,30
NIFTY50,23100,BULLISH,763151940363549067131635838594304807174922223299726639134029262889121394396363751424,09 Jun 26,11:26 AM,67.32,09 Jun 26,11:29 AM,75.45,tsl_hit,1.5511063187889153e+86,12.08,3
NIFTY50,23150,BEARISH,1193324987655341098622318295084329473925016671555838522685108294973666070004691369984,09 Jun 26,11:49 AM,43.63,09 Jun 26,11:51 AM,39.27,hard_sl_hit,-1.3007242365443218e+86,-9.99,2
NIFTY50,23350,BULLISH,851864155372537264303472645291988744015468627451908297709797799943016688660422590464,10 Jun 26,10:07 AM,60.44,10 Jun 26,10:11 AM,54.84,hard_sl_hit,-1.192609817521551e+86,-9.27,4
NIFTY50,23400,BULLISH,2011710254359605261966196873051667660312789789589978265059050821931430191209138618368,10 Jun 26,12:05 PM,25.33,10 Jun 26,12:13 PM,30.44,tsl_hit,2.569959849944397e+86,20.17,8
NIFTY50,23100,BULLISH,1041976502413637447897284046657381399599384255209611532048361195234001170108905934553088,11 Jun 26,09:18 AM,0.05,11 Jun 26,09:23 AM,33.6,tsl_hit,8.739577913994005e+89,67100.0,5
NIFTY50,23200,BULLISH,78727113515693692253686740446041280260083175635654777987604697463056602083193279576276992,11 Jun 26,10:56 AM,0.05,11 Jun 26,11:01 AM,0.05,time_stop,0.0,0.0,5
NIFTY50,23200,BEARISH,78727113515693692253686740446041280260083175635654777987604697463056602083193279576276992,11 Jun 26,11:23 AM,0.05,11 Jun 26,11:28 AM,0.05,time_stop,0.0,0.0,5
NIFTY50,23200,BULLISH,312409180617868177357666973641804029938550831808076905104502930704463531191634736709632,11 Jun 26,02:10 PM,12.6,11 Jun 26,02:11 PM,11.3,hard_sl_hit,-1.0153298370075034e+88,-10.32,1
NIFTY50,23250,BEARISH,576478504481632105242971761464363862418687469754842620658036869014420273331214296809472,11 Jun 26,02:30 PM,6.75,11 Jun 26,02:32 PM,9.0,tsl_hit,3.2426915877091806e+88,33.33,2
NIFTY50,23100,BULLISH,80706990627428508427080798637489495009171876523296464555125362448065763708818061571129344,11 Jun 26,09:18 AM,0.05,11 Jun 26,09:23 AM,33.6,tsl_hit,6.769298838875274e+91,67100.0,5
NIFTY50,23200,BULLISH,6097861514072116288279832745707264884482494720338535314249359693915954032784440640430669824,11 Jun 26,10:56 AM,0.05,11 Jun 26,11:01 AM,0.05,time_stop,0.0,0.0,5
NIFTY50,23200,BEARISH,6097861514072116288279832745707264884482494720338535314249359693915954032784440640430669824,11 Jun 26,11:23 AM,0.05,11 Jun 26,11:28 AM,0.05,time_stop,0.0,0.0,5
NIFTY50,23200,BULLISH,24197863151082621356307168437123754207139090712482700010199986768422875535563393251409920,11 Jun 26,02:10 PM,12.6,11 Jun 26,02:11 PM,11.3,hard_sl_hit,-7.86430552409745e+89,-10.32,1
NIFTY50,23250,BEARISH,44651530193186211734378127687035432101961006415199453788608966552643440107916050644860928,11 Jun 26,02:30 PM,6.75,11 Jun 26,02:32 PM,9.0,tsl_hit,2.5116485733667244e+90,33.33,2
NIFTY50,23450,BEARISH,798571056086621009517003983474416651950658388249196857248255814370605630995466563878912,12 Jun 26,09:19 AM,391.4,12 Jun 26,10:55 AM,133.73,hard_sl_hit,-5.1441951005459895e+90,-65.83,96
NIFTY50,23350,BEARISH,5528580572834800503038190721902129595995003886688302854076501810950485041438958072889344,12 Jun 26,11:43 AM,52.4,12 Jun 26,11:46 AM,46.92,hard_sl_hit,-7.574155384783673e+89,-10.46,3
NIFTY50,23400,BEARISH,4420740014426701126580162113635707959199767147771622403301456714127848820014606069006336,12 Jun 26,11:50 AM,64.77,12 Jun 26,12:17 PM,74.75,tsl_hit,1.1029746335994622e+90,15.41,27
NIFTY50,23950,BEARISH,799498833878940760120337914361994960136597839714579804152588656030685289508668253929472,15 Jun 26,09:17 AM,364.27,15 Jun 26,10:55 AM,31.9,hard_sl_hit,-6.643235685408589e+90,-91.24,98
NIFTY50,23900,BULLISH,4586539577320933303435991742289619622233255175051974539000332457336233371594425072877568,15 Jun 26,01:45 PM,57.06,15 Jun 26,01:49 PM,57.83,tsl_hit,8.829088686342751e+88,1.35,4
NIFTY50,23900,BULLISH,4522870616454662189469137059025529652168867527977388591265666908053345872698113429340160,15 Jun 26,01:54 PM,57.95,15 Jun 26,02:02 PM,64.58,tsl_hit,7.496658046773598e+89,11.44,8
NIFTY50,23900,BEARISH,5955400499087635706289797261493805176746655589991742274833278541013597958239634644271104,15 Jun 26,02:26 PM,44.57,15 Jun 26,02:32 PM,38.72,hard_sl_hit,-8.70977322991567e+89,-13.13,6
NIFTY50,23950,BEARISH,4252336041618093790358319151382328706687634877474844872408420513461669845662908964405248,15 Jun 26,02:37 PM,61.51,15 Jun 26,02:43 PM,66.96,tsl_hit,5.793807856704649e+89,8.86,6
NIFTY50,23850,BULLISH,2954874321893052055621431717748230838340441991454223990379633475639142277560192708116480,15 Jun 26,03:02 PM,89.39,15 Jun 26,03:09 PM,80.72,hard_sl_hit,-6.404690092703191e+89,-9.7,7
NIFTY50,23900,BEARISH,3882461912391227599181388011827857498003842324107801159875902405568169481153334862675968,16 Jun 26,09:17 AM,67.3,16 Jun 26,09:22 AM,65.07,tsl_hit,-2.1644725161581132e+89,-3.31,5
NIFTY50,23950,BEARISH,3099508261923687197461768657346333714900616256794371197976170928698589754045448773959680,16 Jun 26,10:23 AM,83.99,16 Jun 26,10:30 AM,75.74,hard_sl_hit,-6.392735790217604e+89,-9.82,7
NIFTY50,23950,BEARISH,3784896119538542636530500605352838184626882436158389376383913433442689839069473714208768,16 Jun 26,10:39 AM,68.03,16 Jun 26,10:49 AM,61.63,hard_sl_hit,-6.055833791261667e+89,-9.41,10
NIFTY50,23950,BEARISH,6291234600671651424077050355328377047130252892979973908771879615869151220676478107648000,16 Jun 26,01:15 PM,40.5,16 Jun 26,01:21 PM,39.08,tsl_hit,-2.233388283238439e+89,-3.51,6
NIFTY50,24000,BEARISH,6618054349737399187924774397723158948158488773930155504097720483505123506579731296288768,16 Jun 26,02:13 PM,38.35,16 Jun 26,02:18 PM,38.13,time_stop,-3.639929892355551e+88,-0.57,5
NIFTY50,23950,BULLISH,3991825773537091357609087495346964962719454878396018197585640247262555756409409457094656,16 Jun 26,02:46 PM,63.54,16 Jun 26,02:50 PM,64.66,tsl_hit,1.1177112165903831e+89,1.76,4
NIFTY50,24000,BEARISH,9056926949082452287800354089033080295710102308299587306471470088385416582238527645810688,17 Jun 26,09:17 AM,28.06,17 Jun 26,09:20 AM,39.1,tsl_hit,2.4997118379467572e+90,39.34,3
NIFTY50,24050,BULLISH,11915867052207012115402841206575806199049594840638988467005578862038295578866904148738048,17 Jun 26,12:27 PM,22.26,17 Jun 26,12:30 PM,23.41,tsl_hit,3.4258117775095115e+89,5.17,3
NIFTY50,24000,BULLISH,6332062273780075955826412548410177694768460121815350338532373096221490918975207265796096,17 Jun 26,02:29 PM,42.13,17 Jun 26,02:30 PM,37.21,hard_sl_hit,-7.788436596749496e+89,-11.68,1
NIFTY50,24100,BEARISH,5266165124360429915220327485399233782605841451036306985869123702655916917359190000241999872,18 Jun 26,09:44 AM,0.05,18 Jun 26,09:49 AM,0.05,time_stop,0.0,0.0,5
NIFTY50,24050,BULLISH,13858329274632708201593300540972412660408871355887204820648427144410915385245228989415424,18 Jun 26,10:42 AM,19.0,18 Jun 26,10:44 AM,26.35,tsl_hit,2.546468004213256e+90,38.68,2
NIFTY50,24050,BULLISH,85820591185075038044579693496271002972501603835234376217296945729863674742175433660301312,18 Jun 26,11:18 AM,3.2,18 Jun 26,11:19 AM,0.05,hard_sl_hit,-6.7583715558262215e+90,-98.44,1
NIFTY50,24050,BEARISH,4891773697550388798040318497572247796888158833221777464154484171025921250061604983295442944,18 Jun 26,11:35 AM,0.05,18 Jun 26,11:39 AM,0.05,tsl_hit,0.0,0.0,4
NIFTY50,24100,BEARISH,20640395348316407938774034532390702857477662744312693009038477531332576430558144540704768,18 Jun 26,12:04 PM,11.85,18 Jun 26,12:07 PM,3.75,hard_sl_hit,-4.179680058033322e+90,-68.35,3
NIFTY50,24100,BULLISH,15695300629445494673686551867236642355496619798263696161198903388859216068861326163705856,18 Jun 26,01:27 PM,14.4,18 Jun 26,01:30 PM,16.25,tsl_hit,7.259076541112831e+89,12.85,3
NIFTY50,24100,BULLISH,509419078453693139543613314951572703778990434188445544543604982126196633765310998918463488,18 Jun 26,02:10 PM,0.45,18 Jun 26,02:13 PM,2.95,tsl_hit,3.1838692403355824e+91,555.56,3
NIFTY50,24000,BULLISH,1027617619809864446328483386624407985834854809531199215097352700622214148743529351872512,19 Jun 26,09:17 AM,360.78,19 Jun 26,10:55 AM,76.52,hard_sl_hit,-7.302764615178801e+90,-78.79,98
NIFTY50,23900,BULLISH,2725045539326453939362233925827130419113812797199822338197503530170822559610480061579264,19 Jun 26,02:57 PM,124.14,19 Jun 26,03:14 PM,223.72,tsl_hit,6.784000870153207e+90,80.22,17
NIFTY50,24100,BEARISH,3711102621176920373853549881403558700263292796981253341002001904802094533431713314373632,22 Jun 26,09:19 AM,99.28,22 Jun 26,09:24 AM,92.73,time_stop,-6.076930542177205e+89,-6.6,5
NIFTY50,24150,BULLISH,8215126015536821094303116460979469318691060644788299474503116623181482102511303382794240,22 Jun 26,11:45 AM,44.52,22 Jun 26,11:50 AM,40.24,hard_sl_hit,-8.790184836624401e+89,-9.61,5
NIFTY50,24100,BULLISH,7204911616794539686048029544606632225524240694700403722314542432711897655355435191894016,22 Jun 26,01:42 PM,50.22,22 Jun 26,01:47 PM,54.51,tsl_hit,7.727267709012142e+89,8.54,5
NIFTY50,23900,BEARISH,7860232463942912775840941350986574662656913958822059039214914778267234393817314005876736,23 Jun 26,02:14 PM,46.47,23 Jun 26,02:21 PM,45.47,tsl_hit,-1.965058115985728e+89,-2.15,7
NIFTY50,23850,BULLISH,4451944330320915394376301839191956346795478529982367105714239132697254415621170640453632,23 Jun 26,03:03 PM,81.85,23 Jun 26,03:10 PM,84.42,tsl_hit,2.860374232231196e+89,3.14,7
NIFTY50,24000,BULLISH,12353477056530881154932395336458337581572240884933898902642405512942012065395161018925056,24 Jun 26,12:13 PM,29.6,24 Jun 26,12:25 PM,34.18,tsl_hit,1.4144731229727854e+90,15.47,12
NIFTY50,24000,BULLISH,15312864062845880137235509394496069228241647001743650889450127803956490005741652439728128,24 Jun 26,12:34 PM,24.29,24 Jun 26,12:37 PM,21.47,hard_sl_hit,-1.0795569164306347e+90,-11.61,3
NIFTY50,24100,BEARISH,7343028746936694380937120461919575257694075122399686388990386659587961286101127274415783936,25 Jun 26,09:17 AM,0.05,25 Jun 26,09:22 AM,0.05,time_stop,0.0,0.0,5
NIFTY50,24200,BULLISH,7343028746936694380937120461919575257694075122399686388990386659587961286101127274415783936,25 Jun 26,11:32 AM,0.05,25 Jun 26,11:37 AM,0.05,time_stop,0.0,0.0,5
NIFTY50,24250,BEARISH,37274257598668926488812530347940139944368177549243645345733550961323171084600205207666688,25 Jun 26,12:02 PM,9.85,25 Jun 26,12:03 PM,7.75,hard_sl_hit,-1.9568985239287625e+90,-21.32,1
NIFTY50,24150,BULLISH,7169082211476359592795506323338564815515927502735684819428102330544078750152745989621940224,25 Jun 26,02:17 PM,0.05,25 Jun 26,02:22 PM,0.05,time_stop,0.0,0.0,5
NIFTY50,24100,BEARISH,3207930110737586862985819509784153249817502373601675674179075820712788940087798230155264,29 Jun 26,09:19 AM,111.74,29 Jun 26,09:36 AM,153.9,tsl_hit,3.3811583367174174e+90,37.73,17
NIFTY50,23950,BULLISH,5519158873344593926118626892532021701779301969951686264117505329870933492839059950665728,29 Jun 26,12:35 PM,67.67,29 Jun 26,12:38 PM,60.34,hard_sl_hit,-1.0113858635403966e+90,-10.83,3
NIFTY50,23950,BEARISH,5793475155861625426495968826785959938023280048232349588117579930408172496793532238921728,29 Jun 26,02:22 PM,63.69,29 Jun 26,02:25 PM,67.23,tsl_hit,5.127225512937548e+89,5.56,3
NIFTY50,24000,BULLISH,4193665419309451917026245078657928031029057427565224725529169647724074845463765441314816,29 Jun 26,03:00 PM,88.53,29 Jun 26,03:03 PM,77.7,hard_sl_hit,-1.135434912278034e+90,-12.23,3
NIFTY50,23950,BEARISH,5683979856954266456789204823073793667089186682901825224148355581539711770643771110195200,30 Jun 26,11:14 AM,64.43,30 Jun 26,11:19 AM,65.88,tsl_hit,2.0604426981459055e+89,2.25,5
NIFTY50,24000,BEARISH,5075827104850689691930128229629310480833693342007706173651971587746245580453625223708672,30 Jun 26,11:26 AM,72.33,30 Jun 26,11:36 AM,109.15,tsl_hit,4.6722988500150605e+90,50.91,10
NIFTY50,23900,BULLISH,7942267550380507995077393229751146066766582584569164845324832217824529006475316274659328,30 Jun 26,02:06 PM,48.84,30 Jun 26,02:08 PM,54.09,tsl_hit,1.0424226159874417e+90,10.75,2
NIFTY50,23950,BEARISH,6441308443796728222193777476671213858086753414318718002863251474936000630451397648711680,30 Jun 26,02:27 PM,60.94,30 Jun 26,02:34 PM,71.64,tsl_hit,1.7230500087156253e+90,17.56,7
NIFTY50,23850,BULLISH,4389506818072927785596766583338148233081923556132174162023803183236277416755627886116864,30 Jun 26,03:03 PM,91.17,01 Jul 26,09:15 AM,103.02,tsl_hit,1.3003913948541041e+90,13.0,27
NIFTY50,23950,BULLISH,8471845866322443924252350436284290106376428476967420072536300457578892506954754603089920,01 Jul 26,10:45 AM,47.92,01 Jul 26,10:50 AM,56.75,tsl_hit,1.870159974990679e+90,18.43,5
NIFTY50,24000,BULLISH,8833319318235420541197932671887070865968895764923403692341547617398940148612299065655296,01 Jul 26,01:05 PM,46.9,01 Jul 26,01:20 PM,51.43,tsl_hit,1.0003734127901617e+90,9.66,15
NIFTY50,24050,BEARISH,9847807621874088639843263930133218179969294214985699175534551862817737734200455608664064,01 Jul 26,01:40 PM,42.52,01 Jul 26,01:47 PM,49.62,tsl_hit,1.747985852882649e+90,16.7,7
NIFTY50,24050,BULLISH,25770248102410760937078186835844838642453890832067185797343730019565749494554062311391232,01 Jul 26,02:32 PM,16.55,01 Jul 26,02:34 PM,13.17,hard_sl_hit,-2.1775859646537098e+90,-20.42,2
NIFTY50,24100,BEARISH,24233688735579946731403993189884678206077834316360532404220076651145201055146186865901568,02 Jul 26,09:17 AM,17.2,02 Jul 26,09:18 AM,11.8,hard_sl_hit,-3.2715479793041742e+90,-31.4,1
NIFTY50,24150,BEARISH,63853846509632904570280253046106929576774818291942596825006699760668168081666287572353024,02 Jul 26,01:08 PM,6.3,02 Jul 26,01:11 PM,6.8,tsl_hit,7.981730813704113e+89,7.94,3
NIFTY50,24150,BULLISH,8116533378556854340266680570868828945768426617743634823442696355525641334613747177082585088,02 Jul 26,01:39 PM,0.05,02 Jul 26,01:44 PM,0.05,time_stop,0.0,0.0,5
NIFTY50,24300,BEARISH,1769695922413407602672818251030387081673309654228318592565365829801395102482552896618496,03 Jul 26,09:17 AM,229.32,03 Jul 26,09:32 AM,208.05,hard_sl_hit,-9.410358067433287e+89,-9.28,15
NIFTY50,24350,BULLISH,4902285946106908138301770679568448736962424273446244348417792101392485498054640228368384,03 Jul 26,11:15 AM,81.93,03 Jul 26,11:20 AM,79.26,time_stop,-3.272275869026363e+89,-3.26,5
NIFTY50,24350,BEARISH,6803637244710313148064092186744786139645329551790190462165027050360139657495265568358400,03 Jul 26,11:43 AM,58.82,03 Jul 26,11:47 AM,51.11,hard_sl_hit,-1.311401078917913e+90,-13.11,4
NIFTY50,24250,BULLISH,3938101592712457064481371319584530483143211811522480873449445212813052285379897114755072,03 Jul 26,02:22 PM,100.14,03 Jul 26,02:41 PM,101.32,tsl_hit,1.1617399698501676e+89,1.18,19
NIFTY50,24250,BULLISH,4185688174366275374728416713529397531082327366834654166154062022538754429353331802505216,03 Jul 26,02:54 PM,94.34,03 Jul 26,02:59 PM,89.56,time_stop,-5.001897368367701e+89,-5.07,5
NIFTY50,24450,BEARISH,10592251331876506989459896457260621318886996513425542258834753231878181911452455748501504,06 Jul 26,12:17 PM,37.07,06 Jul 26,12:31 PM,32.22,hard_sl_hit,-1.2843104739900268e+90,-13.08,14
NIFTY50,24500,BULLISH,5715608719669060205139772414844999851876881155720910522598240383591481261201711735767040,07 Jul 26,10:46 AM,67.7,07 Jul 26,10:50 AM,67.46,tsl_hit,-3.429365231801566e+88,-0.35,4
NIFTY50,24500,BULLISH,6324301734615284645153827323179170538877717397893411959329356028872533251171971047096320,07 Jul 26,11:50 AM,61.16,07 Jul 26,12:02 PM,60.35,tsl_hit,-1.2806711012595875e+89,-1.32,12
NIFTY50,24500,BULLISH,7156292513117573674014067744218586717361170493215301579910933250280595631120087492067328,07 Jul 26,12:15 PM,53.97,07 Jul 26,12:16 PM,47.88,hard_sl_hit,-1.08954553512215e+90,-11.28,1
NIFTY50,24450,BULLISH,8705379646939341215688460399457495306516640698131012379440077657319739734503434437525504,07 Jul 26,01:14 PM,43.81,07 Jul 26,01:18 PM,38.97,hard_sl_hit,-1.053350937279661e+90,-11.05,4
NIFTY50,24450,BEARISH,8608343752540437338586189562137494600233105816307267407960558330390453262718469765332992,07 Jul 26,02:00 PM,43.76,07 Jul 26,02:05 PM,38.62,hard_sl_hit,-1.1061721722014464e+90,-11.75,5
NIFTY50,24450,BULLISH,10458081627168210319654632336719604035815151143923763988645357695225652421451045272551424,07 Jul 26,03:04 PM,35.55,07 Jul 26,03:05 PM,30.61,hard_sl_hit,-1.2915730809552733e+90,-13.9,1
NIFTY50,24050,BEARISH,17514089810600895208525055380161857107934107356991025196472085129437214454051538168971264,09 Jul 26,11:23 AM,20.9,09 Jul 26,11:24 AM,10.3,hard_sl_hit,-4.6412337998101925e+90,-50.72,1
NIFTY50,24100,BEARISH,14243990567614433833304390370657500094348001656993886058280840915598045473432852775305216,09 Jul 26,11:30 AM,24.25,09 Jul 26,11:37 AM,48.35,tsl_hit,8.58200431698718e+90,99.38,7
NIFTY50,24050,BULLISH,7671180253469639227321667321659249263536003342714319515210103827437629544006437121952841728,09 Jul 26,12:37 PM,0.05,09 Jul 26,12:42 PM,0.05,time_stop,0.0,0.0,5
NIFTY50,24050,BULLISH,187101957401764886376066932981748858089846524598752959996335277577867238956844465378033664,09 Jul 26,01:57 PM,2.05,09 Jul 26,01:59 PM,0.05,hard_sl_hit,-9.355097870084841e+90,-97.56,2
NIFTY50,24150,BEARISH,1164467447281222034464287182440912549457404843711986867870523098251140115188437651292160,10 Jul 26,09:19 AM,293.68,10 Jul 26,09:59 AM,264.75,hard_sl_hit,-8.42201081246144e+89,-9.85,40
NIFTY50,24150,BEARISH,8255740395433238133590881544734413809473881056772782394159921321437917737882103456989184,10 Jul 26,11:50 AM,40.97,10 Jul 26,11:57 AM,46.9,tsl_hit,1.2239135136229775e+90,14.47,7
NIFTY50,24200,BEARISH,5793615974662876190448386817365738497376140424468125912676272572247920524139157509898240,10 Jul 26,12:30 PM,59.32,10 Jul 26,12:41 PM,58.59,tsl_hit,-1.0573349153759705e+89,-1.23,11
NIFTY50,24200,BEARISH,6343944047836338199005668796495445173501608582730102012547889009238876388640042187227136,10 Jul 26,12:46 PM,54.1,10 Jul 26,12:51 PM,52.46,tsl_hit,-2.6010170596129e+89,-3.03,5
NIFTY50,24200,BULLISH,5060680062226596630785600501413685397859371360618069419175925791695744785559910682198016,10 Jul 26,01:01 PM,67.59,10 Jul 26,01:06 PM,71.96,tsl_hit,5.528792967982545e+89,6.47,5
NIFTY50,24050,BULLISH,1553800318983398062028453239081888796835644310112570246915519490934451143118784068321280,13 Jul 26,09:17 AM,221.72,13 Jul 26,09:22 AM,216.31,time_stop,-2.1015149314250444e+89,-2.44,5
NIFTY50,24150,BEARISH,6846843365659825993141412281975461700636028428411210972759918242444179950598230911221760,13 Jul 26,12:15 PM,50.18,13 Jul 26,12:18 PM,45.46,hard_sl_hit,-8.079275171478592e+89,-9.41,3
NIFTY50,24200,BEARISH,5471255409135958504587162739303698638027796721976130520109411490944206270117015111860224,13 Jul 26,12:37 PM,62.14,13 Jul 26,12:39 PM,55.1,hard_sl_hit,-9.629409520079286e+89,-11.33,2
NIFTY50,24250,BEARISH,4778025527458422064476768490073471325802729052118219325225335853856438276733048927027200,13 Jul 26,12:54 PM,70.26,13 Jul 26,01:09 PM,80.9,tsl_hit,1.2709547903039403e+90,15.14,15
NIFTY50,24200,BULLISH,4314912925245040151142928277796382158960047811814555511904495880520028261834363796193280,13 Jul 26,01:25 PM,79.11,13 Jul 26,01:27 PM,71.95,hard_sl_hit,-7.723694136188618e+89,-9.05,2
NIFTY50,24100,BULLISH,2166987357744760480912053166073926563890808282723839170098465243738301660196150542598144,14 Jul 26,09:17 AM,155.94,14 Jul 26,09:30 AM,164.86,tsl_hit,4.832381807770825e+89,5.72,13
NIFTY50,24100,BULLISH,2330348343826603105640020099289592754686737618626067280488324556500362443770199516643328,14 Jul 26,09:43 AM,145.93,14 Jul 26,10:18 AM,132.67,hard_sl_hit,-7.725104759785201e+89,-9.09,35
NIFTY50,24150,BEARISH,4672881092745394594329931089705848453765305800980223206064322318570615822120792920948736,14 Jul 26,11:15 AM,72.04,14 Jul 26,11:21 AM,72.78,tsl_hit,8.64483002157892e+88,1.03,6
NIFTY50,24050,BULLISH,5814675096428641371155176153385934577112722288100554003265606992194315114204928497680384,14 Jul 26,01:40 PM,57.96,14 Jul 26,01:48 PM,65.71,tsl_hit,1.1265932999330482e+90,13.37,8
NIFTY50,24050,BULLISH,5610656986910100888081622537818354292102416372268474140950551635734117190523001157713920,14 Jul 26,02:24 PM,60.96,14 Jul 26,02:29 PM,55.84,time_stop,-7.181640943244926e+89,-8.4,5
NIFTY50,24050,BULLISH,6831326804492334025292590657558395292367211679568912943935014264135612807201389017038848,14 Jul 26,02:49 PM,49.6,14 Jul 26,02:59 PM,55.22,tsl_hit,9.598014160311725e+89,11.33,10
NIFTY50,24150,BULLISH,8046425740480052856186410145198670529792305364999667825954838780705919784362344471068672,15 Jul 26,12:31 PM,42.64,15 Jul 26,12:33 PM,37.99,hard_sl_hit,-9.353969923308058e+89,-10.91,2
NIFTY50,24100,BEARISH,8903133007831750134028637398817240258640340717492289576751761287016953537161599878430720,15 Jul 26,02:41 PM,38.07,15 Jul 26,02:54 PM,44.99,tsl_hit,1.540242010354893e+90,18.18,13
NIFTY50,24150,BEARISH,80415765966101144086182386206933566081240307512873991605440885993051998320386944696057856,16 Jul 26,09:17 AM,4.3,16 Jul 26,09:18 AM,0.05,hard_sl_hit,-8.544175133896783e+90,-98.84,1
NIFTY50,24150,BEARISH,6156273638959371431570282614358802752907855817165859982473676738928350933175520337403576320,16 Jul 26,12:30 PM,0.05,16 Jul 26,12:34 PM,3.5,tsl_hit,5.309786013602458e+92,6900.0,4
NIFTY50,24150,BULLISH,53354371537647891168029965656972951005091339364349800470135729605947147437095426628425613312,16 Jul 26,12:45 PM,0.05,16 Jul 26,12:50 PM,0.05,time_stop,0.0,0.0,5
NIFTY50,24100,BULLISH,53354371537647891168029965656972951005091339364349800470135729605947147437095426628425613312,16 Jul 26,01:33 PM,0.05,16 Jul 26,01:38 PM,0.05,time_stop,0.0,0.0,5
NIFTY50,24100,BEARISH,226077845498521927314544356038711628157471525743388948244271768458806528007347898970800128,16 Jul 26,01:58 PM,11.8,16 Jul 26,01:59 PM,3.6,hard_sl_hit,-4.634595832720111e+91,-69.49,1
NIFTY50,24300,BULLISH,32666355359243783486809796678529904494766382650619506427015716234124226562262177125761024,17 Jul 26,12:42 PM,75.36,17 Jul 26,01:07 PM,68.13,hard_sl_hit,-5.9044437311833175e+90,-9.59,25
NIFTY50,24300,BULLISH,35831904777608048663773807769138976111232131189057537889422947692066602849992788523614208,17 Jul 26,01:17 PM,67.97,17 Jul 26,01:27 PM,60.61,hard_sl_hit,-6.59307047907988e+90,-10.83,10
NIFTY50,24250,BULLISH,26403950754652056074112943711443296736045836009473058377380738242456102851930397278732288,17 Jul 26,01:29 PM,91.13,17 Jul 26,01:42 PM,82.71,hard_sl_hit,-5.558031633854259e+90,-9.24,13
NIFTY50,24250,BULLISH,30701168872686761967423581884850120756519355392093556236733686748319836088490927442624512,17 Jul 26,01:53 PM,77.57,17 Jul 26,02:02 PM,85.88,tsl_hit,6.378167833300677e+90,10.71,9
NIFTY50,24350,BEARISH,18332727896894331519447647304730275751007275509943900248996331768591254975055153544036352,17 Jul 26,02:18 PM,131.45,17 Jul 26,02:25 PM,149.29,tsl_hit,8.176396642014873e+90,13.57,7
NIFTY50,24250,BULLISH,16793743118755571791360868780331689280492068513752938174589275946179188636056253896851456,20 Jul 26,09:17 AM,145.66,20 Jul 26,09:21 AM,129.25,hard_sl_hit,-6.889633114469472e+90,-11.27,4
NIFTY50,24200,BEARISH,46089601813739214772890282766894548730051797147298119373311887852318484982070675813433344,20 Jul 26,01:00 PM,52.41,20 Jul 26,01:11 PM,53.15,tsl_hit,8.526576335541778e+89,1.41,11
NIFTY50,24250,BULLISH,71094493697929348683807527806179702659960433834878128604104413914952159127989931131011072,21 Jul 26,09:17 AM,34.03,21 Jul 26,09:20 AM,41.28,tsl_hit,1.2885876982749694e+91,21.3,3
NIFTY50,24250,BEARISH,69005744912463402697858615152413189962022653855150196692598094249005051635535725440532480,21 Jul 26,09:22 AM,35.89,21 Jul 26,09:26 AM,39.15,tsl_hit,5.6239682103657645e+90,9.08,4
NIFTY50,24200,BULLISH,80723188098631968553744280946799598818547962484572237858462993705526115154184518118670336,21 Jul 26,11:24 AM,30.99,21 Jul 26,11:27 AM,27.81,hard_sl_hit,-6.4174934538412415e+90,-10.26,3
NIFTY50,24150,BULLISH,68582623573167525283170148667764290454243051086765826365529569913605595812108667300347904,21 Jul 26,01:02 PM,36.06,21 Jul 26,01:13 PM,38.94,tsl_hit,4.937948897268054e+90,7.99,11
NIFTY50,24100,BEARISH,33571526447683463710477195679403629416704859917657181143851394296497873448251773734092800,22 Jul 26,09:15 AM,74.32,22 Jul 26,09:19 AM,74.16,tsl_hit,-1.3428610579073097e+89,-0.22,4
NIFTY50,24000,BULLISH,73647446662385217645489747890338939650093540471626003196456772361542213454166174466048000,22 Jul 26,12:04 PM,33.87,22 Jul 26,12:08 PM,28.63,hard_sl_hit,-9.64781551277246e+90,-15.47,4
NIFTY50,24000,BEARISH,79108094172256237300563897425945573123381833932278329877683799308813761143146272874561536,22 Jul 26,03:07 PM,30.99,22 Jul 26,03:08 PM,26.5,hard_sl_hit,-8.87988357083576e+90,-14.49,1
NIFTY50,24000,BEARISH,142138697065085783424740466080968192864653828269268982480066714814345293816449776192847872,22 Jul 26,03:17 PM,16.97,22 Jul 26,03:24 PM,24.81,tsl_hit,2.7859184624756812e+91,46.2,7
NIFTY50,23900,BULLISH,50718245750535159833947656728717014097906297400026577557857444450948788087471503330091466752,23 Jul 26,09:17 AM,0.05,23 Jul 26,09:21 AM,42.35,tsl_hit,5.363454488118909e+94,84600.0,4
NIFTY50,23900,BULLISH,4818233346300676475921862556124574051847855657429803066726262131890188832684302628677090279424,23 Jul 26,12:33 PM,0.05,23 Jul 26,12:38 PM,0.05,time_stop,0.0,0.0,5
NIFTY50,23900,BEARISH,11417614564694331503773167030977874298404052633533321914479851469175534402104337150563581952,23 Jul 26,02:36 PM,21.1,23 Jul 26,02:43 PM,60.75,tsl_hit,1.1317710437253671e+94,187.91,7
NIFTY50,23700,BULLISH,896149072475741224655231608658956169619452765359409758246439123612408362296301969957978112,24 Jul 26,09:17 AM,324.96,24 Jul 26,09:25 AM,323.82,tsl_hit,-2.554024856555832e+91,-0.35,8
NIFTY50,23600,BULLISH,888309705144552549985872995075826065303407692907104145731676197036097357074629377688338432,24 Jul 26,10:05 AM,327.7,24 Jul 26,10:55 AM,136.62,hard_sl_hit,-4.243455461475527e+93,-58.31,50
NIFTY50,23800,BEARISH,3332182231638525459935727425713668327969757856086479833940546396787175341245095218677547008,24 Jul 26,12:30 PM,81.7,24 Jul 26,12:36 PM,90.09,tsl_hit,6.989252230861808e+92,10.27,6
NIFTY50,23900,BEARISH,1643658205884044112239664160964908805706712468949656213158675296003527719870391820021137408,27 Jul 26,09:17 AM,167.52,27 Jul 26,10:41 AM,172.14,tsl_hit,1.8984252277960613e+92,2.76,84
NIFTY50,23950,BEARISH,4431793440233988403350171689858854496026789301353858844318096124484084623644482132892450816,27 Jul 26,11:02 AM,62.32,27 Jul 26,11:08 AM,54.09,hard_sl_hit,-9.118415003281427e+92,-13.21,6
NIFTY50,23950,BEARISH,5671878664131613279035780461993467275381630683846308498261705323552064606652328815443836928,27 Jul 26,11:22 AM,47.98,27 Jul 26,11:25 AM,41.7,hard_sl_hit,-8.904849502686623e+92,-13.09,3
NIFTY50,23950,BEARISH,11685360671675465418687535294849886512287077369447189300621902398383790402629594866803277824,27 Jul 26,01:18 PM,22.95,27 Jul 26,01:30 PM,28.62,tsl_hit,1.6563998752099977e+93,24.71,12
NIFTY50,24050,BEARISH,5939659509336223972670975481227499274133032361900439125051180326671857775905256847800532992,28 Jul 26,09:20 AM,46.39,28 Jul 26,09:28 AM,64.22,tsl_hit,2.6476032262866213e+93,38.44,8
NIFTY50,23950,BULLISH,4264627135049283634589482536198268697301013645735191381521665637949827059195190547782303744,28 Jul 26,10:05 AM,67.37,28 Jul 26,10:07 AM,66.08,tsl_hit,-1.3753422510534006e+92,-1.91,2
NIFTY50,24000,BULLISH,10309121426306357942990620870538289984945012757193752278911720479367272079355308182826123264,28 Jul 26,01:17 PM,27.81,28 Jul 26,01:26 PM,30.36,tsl_hit,6.572064909270306e+92,9.17,9
NIFTY50,24000,BEARISH,9342502729130106001570083671190485554962169768601300198861864339492751231160127896565055488,28 Jul 26,01:53 PM,31.0,28 Jul 26,01:59 PM,31.79,tsl_hit,1.845144289003194e+92,2.55,6
NIFTY50,23950,BULLISH,5358628205377844071798382187102650468207879319323290618188934202188777999776597356121686016,28 Jul 26,02:34 PM,54.2,28 Jul 26,02:43 PM,64.77,tsl_hit,1.4160175032710944e+93,19.5,9
NIFTY50,23950,BULLISH,5698695215231965515430635456946060969482564864096735516146410180321523086852043443827376128,28 Jul 26,03:02 PM,52.07,28 Jul 26,03:11 PM,53.33,tsl_hit,1.7950889927980662e+92,2.42,9
NIFTY50,24000,BEARISH,7619177392759565292885678487322095491541255389443934754051184310970920140850596520780627968,28 Jul 26,03:23 PM,39.05,29 Jul 26,09:16 AM,50.11,tsl_hit,2.10670254909802e+93,28.32,8
NIFTY50,24200,BEARISH,2532948164639291459002515336629341774906178336552383714271344845074666885152854049938210816,29 Jul 26,09:17 AM,121.16,29 Jul 26,09:26 AM,128.65,tsl_hit,4.742945438287079e+92,6.18,9
NIFTY50,24250,BEARISH,9983844115607314398067087491258877990983368160129148177556987586712538507132179018839752704,29 Jul 26,11:09 AM,30.95,29 Jul 26,11:13 AM,31.2,tsl_hit,6.239902572254571e+91,0.81,4
NIFTY50,24250,BEARISH,13630555503801577946001030011923346946951627590924614798507208448548684184112225967386132480,29 Jul 26,12:11 PM,22.69,29 Jul 26,12:18 PM,28.96,tsl_hit,2.136589575220897e+93,27.63,7
NIFTY50,24200,BULLISH,9607391743487226145952221869019076679187092441866832988405988857240940054541791229309353984,29 Jul 26,12:46 PM,33.18,29 Jul 26,12:48 PM,31.89,tsl_hit,-3.0983838372746286e+92,-3.89,2
NIFTY50,24250,BEARISH,19189612972531622322128261530994245631264425635113649085226892466624165174039658740116881408,29 Jul 26,01:09 PM,16.54,29 Jul 26,01:14 PM,14.18,hard_sl_hit,-1.1321871653793655e+93,-14.27,5
NIFTY50,24250,BULLISH,6247285112168628058684236825401045756538799220297854297706726210366893156837580116522157735936,30 Jul 26,09:17 AM,0.05,30 Jul 26,09:21 AM,19.35,tsl_hit,3.0143150666211358e+96,38600.0,4
NIFTY50,24250,BEARISH,274186402145158482489040405758087020059414579551556532756593867215719783392956670002344969109504,30 Jul 26,09:22 AM,0.05,30 Jul 26,09:27 AM,0.05,time_stop,0.0,0.0,5
NIFTY50,24250,BULLISH,274186402145158482489040405758087020059414579551556532756593867215719783392956670002344969109504,30 Jul 26,10:15 AM,0.05,30 Jul 26,10:18 AM,0.05,tsl_hit,0.0,0.0,3
NIFTY50,24250,BEARISH,274186402145158482489040405758087020059414579551556532756593867215719783392956670002344969109504,30 Jul 26,10:47 AM,0.05,30 Jul 26,10:52 AM,0.05,time_stop,0.0,0.0,5
NIFTY50,24250,BEARISH,274186402145158482489040405758087020059414579551556532756593867215719783392956670002344969109504,30 Jul 26,11:19 AM,0.05,30 Jul 26,11:24 AM,0.05,time_stop,0.0,0.0,5
NIFTY50,24250,BULLISH,1703021131336541961138909146638714977499212722327267754389646846905799808603880912948937359360,30 Jul 26,11:47 AM,8.05,30 Jul 26,11:49 AM,6.3,hard_sl_hit,-7.450717449597371e+94,-21.74,2
NIFTY50,24300,BEARISH,267563542189960805077272348357635113094749927897080926409900458344590136621709587257330059182080,30 Jul 26,12:35 PM,0.05,30 Jul 26,12:39 PM,0.05,tsl_hit,0.0,0.0,4
NIFTY50,24350,BEARISH,102711532510541571150377321560887513044170685740660521845780548190520368504415461198274756608,31 Jul 26,09:18 AM,130.25,31 Jul 26,09:41 AM,144.62,tsl_hit,3.689911805441207e+94,11.03,23
NIFTY50,24350,BULLISH,174400169861427842556753029346877965006975397577831372668281317253368149845411646441519054848,31 Jul 26,11:11 AM,77.65,31 Jul 26,11:17 AM,82.99,tsl_hit,2.328242267650057e+94,6.88,6
NIFTY50,24350,BEARISH,476953884091494352392293405001757436263522134827155817552177619879131535376665728525810008064,31 Jul 26,12:10 PM,28.61,31 Jul 26,12:12 PM,27.82,tsl_hit,-9.419839210807004e+93,-2.76,2
NIFTY50,24400,BULLISH,194145635390461353518030383208786881470024746158099728330916125088059971522835746124784992256,31 Jul 26,01:36 PM,70.07,31 Jul 26,01:45 PM,63.3,hard_sl_hit,-3.2859148789835565e+94,-9.66,9
NIFTY50,24400,BULLISH,211766231479488078101602114372048941762987094929820346519812182529048493860790365589182873600,31 Jul 26,02:07 PM,63.55,31 Jul 26,02:17 PM,65.74,tsl_hit,1.159420117350196e+94,3.45,10
NIFTY50,24550,BEARISH,63876655130336231983754073885988117692080227680842853444661859803245868615233099714151841792,03 Aug 26,09:17 AM,211.49,03 Aug 26,09:28 AM,213.7,tsl_hit,3.529185195951044e+93,1.04,11
NIFTY50,24600,BEARISH,576511468928063503999795845860769130155436027807261324222146533630393475679980740597619097600,03 Aug 26,12:18 PM,23.46,03 Aug 26,12:22 PM,24.2,tsl_hit,1.0665462175169152e+94,3.15,4
NIFTY50,24600,BEARISH,372457769351378455755646470879897299541489848473756191863506045498960712390952781816092688384,03 Aug 26,01:37 PM,36.44,03 Aug 26,01:41 PM,40.89,tsl_hit,4.143592684034088e+94,12.21,4
NIFTY50,24650,BEARISH,54791575218107257947583879650445083549120484866498235706741294773008870015359026940098904064,04 Aug 26,09:46 AM,251.07,04 Aug 26,09:51 AM,241.02,time_stop,-1.3766383273549426e+94,-4.0,5
NIFTY50,24650,BEARISH,128970118319521348838388823059640846778233487067486252069934790040349277123422408652508626944,05 Aug 26,09:17 AM,106.19,05 Aug 26,09:32 AM,117.76,tsl_hit,3.730460672392158e+94,10.9,15
NIFTY50,24500,BULLISH,338985940730161165759750488432426608364209661812616661811831154246288262494243702786251292672,05 Aug 26,01:45 PM,40.89,05 Aug 26,01:50 PM,51.88,tsl_hit,9.313638721561179e+94,26.88,5
NIFTY50,24500,BULLISH,337631849933593727364961182297590659078726618247738982411623485204394497778288704043054268416,05 Aug 26,02:19 PM,42.28,05 Aug 26,02:22 PM,42.56,tsl_hit,2.363422949535166e+93,0.66,3
NIFTY50,24500,BEARISH,644074784363853768978454181469163403960387422990660503448467539777451153124041804837933809664,05 Aug 26,03:00 PM,22.18,05 Aug 26,03:02 PM,19.12,hard_sl_hit,-4.927172100383479e+94,-13.8,2
NIFTY50,24550,BEARISH,416048307912054696275739887114092147127580515844431369301731387236048029433078240177310138368,05 Aug 26,03:09 PM,33.81,05 Aug 26,03:11 PM,35.17,tsl_hit,1.4145642469009856e+94,4.02,2
NIFTY50,24550,BEARISH,619170149543867454909339478090432877148249184756012784718559016162752575380449089987048112128,05 Aug 26,03:16 PM,22.82,05 Aug 26,03:21 PM,22.63,time_stop,-2.9410582103333902e+93,-0.83,5
NIFTY50,24600,BEARISH,282327828855346982510071527013323679557255981552676377501019995671169740279158065029321431449600,06 Aug 26,09:18 AM,0.05,06 Aug 26,09:23 AM,0.05,time_stop,0.0,0.0,5
NIFTY50,24650,BEARISH,282327828855346982510071527013323679557255981552676377501019995671169740279158065029321431449600,06 Aug 26,09:50 AM,0.05,06 Aug 26,09:55 AM,0.05,time_stop,0.0,0.0,5
NIFTY50,24600,BULLISH,611099196656633685318091115562258354392090986143513122973388255651643132186358545684424032256,06 Aug 26,03:05 PM,23.1,06 Aug 26,03:09 PM,28.2,tsl_hit,7.791514757375414e+94,22.08,4
NIFTY50,24600,BEARISH,135596109014997093960752560922933118804663732761785471352859597123521061537493072460927467520,07 Aug 26,09:15 AM,106.66,07 Aug 26,09:23 AM,96.74,hard_sl_hit,-3.362783503571928e+94,-9.3,8
NIFTY50,24600,BEARISH,150080989230747582044441574286055599894937510635439537852437108827003598289785791044370038784,07 Aug 26,09:46 AM,95.37,07 Aug 26,09:58 AM,85.47,hard_sl_hit,-3.714504483461004e+94,-10.38,12
NIFTY50,24600,BULLISH,122909693812723235461620300049512894360648828202273939755882817761661275813843875786964074496,07 Aug 26,10:20 AM,115.11,07 Aug 26,10:55 AM,82.4,hard_sl_hit,-1.0050940211535441e+95,-28.42,35
NIFTY50,24550,BULLISH,173238417005140372993035556759323142678198518706933510971201937333070760422541265707626135552,07 Aug 26,11:54 AM,79.09,07 Aug 26,12:02 PM,70.48,hard_sl_hit,-3.728956926035646e+94,-10.89,8
NIFTY50,24550,BULLISH,149268802183520445878549431638273545502380882719112614249787570244629077153679167588543758336,07 Aug 26,02:08 PM,90.68,07 Aug 26,02:13 PM,84.7,time_stop,-2.231568592643632e+94,-6.59,5
NIFTY50,24600,BEARISH,259292052405671928116378455679614917389379204645302216913856894812015742690680751198679597056,10 Aug 26,09:22 AM,51.82,10 Aug 26,09:36 AM,95.4,tsl_hit,2.824986910959796e+95,84.1,14
NIFTY50,24600,BULLISH,277890370604620250843375549981296425644207223825916295209829967860762359686162263056547053568,10 Aug 26,12:47 PM,52.87,10 Aug 26,12:52 PM,48.24,time_stop,-3.2165810397484762e+94,-8.76,5
NIFTY50,24600,BULLISH,375557685507075897395024716564175838533676590751759572421538769318027775378734096632533483520,10 Aug 26,02:20 PM,38.74,10 Aug 26,02:25 PM,37.27,time_stop,-1.380174494238503e+94,-3.79,5
NIFTY50,24550,BEARISH,243205701660421277941912130637261901530796185415752925956695551631640853846379962862923677696,11 Aug 26,09:15 AM,59.57,11 Aug 26,09:21 AM,81.66,tsl_hit,1.3431034874196765e+95,37.08,6
NIFTY50,24450,BULLISH,548135847791022128237577749647124896222362243797702914114623141620531145159021351922523176960,11 Aug 26,11:58 AM,27.52,11 Aug 26,12:02 PM,24.02,hard_sl_hit,-4.796188668171444e+94,-12.72,4
NIFTY50,24450,BEARISH,367107741061498671376848421925718026981401944006594890247942715024313019524332167794960367616,11 Aug 26,03:05 PM,40.51,11 Aug 26,03:08 PM,33.98,hard_sl_hit,-5.993033872828967e+94,-16.12,3
NIFTY50,24450,BEARISH,378568624400899123961740524335971893986099325604927945848838422026867977426081125865579610112,12 Aug 26,09:15 AM,38.58,12 Aug 26,09:19 AM,67.6,tsl_hit,2.746515370028523e+95,75.22,4
NIFTY50,24400,BEARISH,315885250043455970492527251557026029426883778039698688739666115477063003219085823035266039808,12 Aug 26,10:35 AM,50.1,12 Aug 26,10:50 AM,71.19,tsl_hit,1.6655049808541213e+95,42.1,15
NIFTY50,24300,BULLISH,358262877662463420589100838306776272566581790757721255067129487338371755114279031086642102272,12 Aug 26,11:00 AM,46.24,12 Aug 26,11:02 AM,40.45,hard_sl_hit,-5.1858551541641575e+94,-12.52,2
NIFTY50,24300,BEARISH,498188258975788980129412581134130171350410498200037744228274654423792202945754161074912886784,12 Aug 26,12:36 PM,32.79,12 Aug 26,12:39 PM,28.75,hard_sl_hit,-5.031701415655467e+94,-12.32,3
NIFTY50,24300,BEARISH,791742596451449200214889196611067353660986384000814538183134394247518171899969304322686058496,12 Aug 26,01:20 PM,20.35,12 Aug 26,01:22 PM,20.58,tsl_hit,4.552519929595771e+93,1.13,2
NIFTY50,24350,BEARISH,549461691406549822300331090686621014864650754239994699700453618667396317521290949080339447808,12 Aug 26,02:56 PM,29.36,12 Aug 26,02:57 PM,25.71,hard_sl_hit,-5.013837934084765e+94,-12.43,1
NIFTY50,24350,BEARISH,318187160363628555977936217488024114797665838884732879753413491433319705347083105172179489128448,13 Aug 26,09:15 AM,0.05,13 Aug 26,09:20 AM,3.05,tsl_hit,2.3864037027266353e+97,6000.0,5
NIFTY50,24300,BULLISH,5964388499072251324597549586462510583198173617663972204300985179791107608185932057876950417408,13 Aug 26,10:32 AM,20.45,13 Aug 26,10:45 AM,29.7,tsl_hit,1.3792648404104581e+96,45.23,13
NIFTY50,24400,BEARISH,7237390438610532581395484754006036338532065451852586403422655443188950152053253870575830433792,13 Aug 26,01:46 PM,17.7,13 Aug 26,01:47 PM,9.5,hard_sl_hit,-1.483665039915291e+96,-46.33,1
NIFTY50,24350,BEARISH,858894068843880279201137039414801641192342546330388021976435460721974151286593348734300454912,14 Aug 26,09:15 AM,141.47,14 Aug 26,09:33 AM,140.25,tsl_hit,-2.6196269099738322e+94,-0.86,18
NIFTY50,24300,BULLISH,736776620882970643692732517391737241113235767924919491734402355902455368659384491771923791872,14 Aug 26,10:34 AM,164.76,14 Aug 26,10:54 AM,162.05,tsl_hit,-4.9916616064820884e+94,-1.64,20
NIFTY50,24300,BULLISH,1255121860676646842733394655677454465822102750902859678044454191248290804361608843323473133568,14 Aug 26,11:02 AM,96.54,14 Aug 26,11:13 AM,86.25,hard_sl_hit,-3.228800986590676e+95,-10.66,11
NIFTY50,24350,BULLISH,2262983212417624866314065855620242840045046562811460167397478079856154237156103484344520146944,14 Aug 26,01:09 PM,52.91,14 Aug 26,01:26 PM,47.31,hard_sl_hit,-3.1681764973846717e+95,-10.58,17
NIFTY50,24300,BULLISH,1422533822141553758276366303077706240405808439583818153877730693060958800847356171155354419200,17 Aug 26,10:01 AM,83.18,17 Aug 26,10:17 AM,71.34,hard_sl_hit,-4.210700113539e+95,-14.23,16
NIFTY50,24250,BULLISH,1232979788809427850002975115860293333417596102655130332596067823732205413577206248008235089920,17 Aug 26,10:20 AM,94.45,17 Aug 26,10:25 AM,89.17,time_stop,-1.627533321228445e+95,-5.59,5
NIFTY50,24250,BULLISH,1454097159320043671671095594341295482519803874389731679686781198994936899978913385666993717248,17 Aug 26,10:48 AM,79.59,17 Aug 26,10:55 AM,51.06,hard_sl_hit,-1.0371347988850212e+96,-35.85,7
NIFTY50,24250,BULLISH,3157775075738497222500947209562784550741215634286939293811016906855283469084460272721034477568,17 Aug 26,11:25 AM,35.19,17 Aug 26,11:30 AM,39.64,tsl_hit,3.5130247717590805e+95,12.65,5
NIFTY50,24300,BEARISH,4679545234976817112771616881150448448556239486255595684629016839364507276105763604352311754752,17 Aug 26,12:49 PM,24.08,17 Aug 26,12:51 PM,20.97,hard_sl_hit,-3.6383464201944744e+95,-12.92,2
NIFTY50,24350,BEARISH,3185156478486435364576141821913742497296361032685617052408828079751491060104179641584229285888,17 Aug 26,02:44 PM,34.87,17 Aug 26,02:50 PM,30.47,hard_sl_hit,-3.5036721263350776e+95,-12.62,6
NIFTY50,24350,BEARISH,3224653085780845189549740616116707395469590595812803384165092052940148855170992189768197996544,17 Aug 26,03:05 PM,33.96,17 Aug 26,03:08 PM,30.81,hard_sl_hit,-2.539414305052417e+95,-9.28,3
NIFTY50,24250,BULLISH,1675643015044746833703136509338307374889649349173787454034191549418898421870486774805157642240,18 Aug 26,09:17 AM,64.68,18 Aug 26,09:27 AM,81.37,tsl_hit,6.991620480274205e+95,25.8,10
NIFTY50,24200,BULLISH,3483999284163002883025701568235207278425478363506032357594215438756497920775951633936684154880,18 Aug 26,01:02 PM,32.0,18 Aug 26,01:05 PM,28.1,hard_sl_hit,-3.396899302058927e+95,-12.19,3
NIFTY50,24150,BULLISH,2023891131212344240806667563259134128405146413367095022989712755707823826431208561381990203392,18 Aug 26,03:16 PM,54.34,18 Aug 26,03:21 PM,54.21,time_stop,-6.577646176440248e+93,-0.24,5
NIFTY50,24100,BULLISH,2335365549852854773919353580193317222541819195054110601410712997844579554057959176907251515392,19 Aug 26,09:18 AM,47.08,19 Aug 26,09:20 AM,47.48,tsl_hit,2.3353655498528464e+94,0.85,2
NIFTY50,24050,BEARISH,10541456332520144531344032846298839514968518258998901282526107017950734347493131167189151252480,19 Aug 26,11:52 AM,10.44,19 Aug 26,11:53 AM,9.34,hard_sl_hit,-2.898900491443039e+95,-10.54,1
NIFTY50,24050,BULLISH,5363136286641577319528380375138734868165310706066560862686276963343593676548204040814944321536,19 Aug 26,01:35 PM,20.28,19 Aug 26,01:37 PM,20.57,tsl_hit,3.8882738078151325e+94,1.43,2
NIFTY50,24050,BEARISH,5001708726461312969711684168942740276822459051938750312678399767626781157509479288952944852992,19 Aug 26,01:43 PM,21.78,19 Aug 26,01:48 PM,21.74,tsl_hit,-5.00170872646165e+93,-0.18,5
NIFTY50,24050,BEARISH,4229708203719042256836333343783950135973623248923775301088807874970716887194169350744860262400,19 Aug 26,02:37 PM,25.75,19 Aug 26,02:40 PM,30.75,tsl_hit,5.2871352546488024e+95,19.42,3
NIFTY50,24200,BEARISH,2225296482734407188664995028814790759336129370503578769610501854306574866733618920139122532155392,20 Aug 26,09:17 AM,0.05,20 Aug 26,09:20 AM,6.25,tsl_hit,3.4492095482383317e+98,12400.0,3
NIFTY50,24200,BEARISH,32884936911519580856598707083942752854296127801156914663807686931422305935992132770749147395391488,20 Aug 26,09:37 AM,0.05,20 Aug 26,09:42 AM,0.05,time_stop,0.0,0.0,5
NIFTY50,24200,BEARISH,32884936911519580856598707083942752854296127801156914663807686931422305935992132770749147395391488,20 Aug 26,11:34 AM,0.05,20 Aug 26,11:39 AM,0.05,time_stop,0.0,0.0,5
NIFTY50,24250,BEARISH,25857003390092451131091788690939317233611903638941345166550878004497247905406949718264308039680,21 Aug 26,09:17 AM,63.59,21 Aug 26,09:29 AM,82.32,tsl_hit,1.2107541837410782e+97,29.45,12
NIFTY50,24250,BEARISH,22336992141951303444064788040089766322129003390792191598812492889481925723813134752995891740672,21 Aug 26,09:44 AM,76.02,21 Aug 26,10:12 AM,81.63,tsl_hit,3.13276314790867e+96,7.38,28
NIFTY50,24250,BULLISH,34335770846362236498180957160879345998577202404978756362303587897356988701098299621261109624832,21 Aug 26,11:58 AM,49.86,21 Aug 26,12:03 PM,45.69,time_stop,-3.579504110733264e+96,-8.36,5
NIFTY50,24250,BULLISH,43623267161543383386963003781424604666817867771566286387595382232584494750601053086783075516416,21 Aug 26,12:44 PM,38.88,21 Aug 26,12:47 PM,38.61,tsl_hit,-2.9445705334042125e+95,-0.69,3
NIFTY50,24300,BEARISH,33374634289601424432493849113154285820537106154575739991295144128807927005298182890395313111040,24 Aug 26,09:19 AM,50.78,24 Aug 26,09:37 AM,62.62,tsl_hit,9.87889174972202e+96,23.32,18
NIFTY50,24250,BULLISH,36229841941660355904206080990059624528865630303734015813455509871849697669261623852954984382464,24 Aug 26,11:01 AM,47.99,24 Aug 26,11:03 AM,41.36,hard_sl_hit,-6.005096301830206e+96,-13.82,2
NIFTY50,24150,BULLISH,34662498438616260346948483213289338912862880522585316832335407831623215713777163517828846845952,24 Aug 26,01:08 PM,49.39,24 Aug 26,01:31 PM,54.58,tsl_hit,4.497459172410458e+96,10.51,23
NIFTY50,24150,BULLISH,41494238268236527744688555986090753774530217333626381718120321555742178904631543574149625544704,24 Aug 26,02:17 PM,41.74,24 Aug 26,02:23 PM,42.34,tsl_hit,6.224135740235494e+95,1.44,6
NIFTY50,24200,BEARISH,43597280418884349482566894410490425251506586126896015462943481062062190090532977567562083598336,24 Aug 26,03:16 PM,39.79,24 Aug 26,03:21 PM,39.44,time_stop,-3.814762036652396e+95,-0.88,5
NIFTY50,24150,BEARISH,21733638551208188947714298931745909781571986810438871506973768118989881491150367098745005277184,25 Aug 26,09:15 AM,79.74,25 Aug 26,09:18 AM,69.68,hard_sl_hit,-5.466010095628853e+96,-12.62,3
NIFTY50,24100,BULLISH,16672328616162998010120279721194425173680800117186500850246773640416013861085938942933215477760,25 Aug 26,10:27 AM,102.49,25 Aug 26,10:54 AM,117.25,tsl_hit,6.152089259364149e+96,14.4,27
NIFTY50,24200,BEARISH,40572320140244288507092424309362995811369776727931328549695861801004325099149176022763015503872,25 Aug 26,11:57 AM,42.79,25 Aug 26,12:02 PM,49.52,tsl_hit,6.826292863596105e+96,15.73,5
NIFTY50,24150,BULLISH,40984423624009595243958837295741701046119064138336283248682492070770100148323263076869653659648,25 Aug 26,01:03 PM,43.1,25 Aug 26,01:12 PM,42.86,tsl_hit,-2.4590654174405963e+95,-0.56,9
NIFTY50,24200,BEARISH,37055746016614327642549012240208052870176375623031784496444932036071038099114794734937891143680,25 Aug 26,02:34 PM,47.64,25 Aug 26,02:38 PM,49.67,tsl_hit,1.8805791103431782e+96,4.26,4
NIFTY50,24250,BEARISH,32532902964248161106764207470333486492335505117379593928216085806535582841893728414824216395776,25 Aug 26,02:54 PM,54.52,25 Aug 26,02:59 PM,47.47,hard_sl_hit,-5.733924147448742e+96,-12.93,5
NIFTY50,24250,BEARISH,36742533885851521937022385246182021500501583548925816153907113128352540747355166552671270207488,25 Aug 26,03:13 PM,47.58,25 Aug 26,03:18 PM,46.45,time_stop,-1.0379765822753012e+96,-2.37,5
NIFTY50,24300,BEARISH,35540084244481421200947202460347413092695448438399504031713701908277199119908999872662651011072,26 Aug 26,09:17 AM,49.06,26 Aug 26,09:20 AM,42.94,hard_sl_hit,-5.437632889405661e+96,-12.47,3
NIFTY50,24350,BULLISH,30437763776739448875023441722724682015650679374273982420596961312480405113849463187345948803072,26 Aug 26,10:09 AM,56.49,26 Aug 26,10:11 AM,51.12,hard_sl_hit,-4.0862697870272744e+96,-9.51,2
NIFTY50,24300,BEARISH,51915412776764008433427420300697647825299166896286466163620125785641369769349147313928673427456,26 Aug 26,12:20 PM,32.77,26 Aug 26,12:24 PM,27.96,hard_sl_hit,-6.242828386405875e+96,-14.68,4
NIFTY50,24250,BEARISH,167687592460418330052861798244445493813816662490060242946986884795454548007507289861491225788416,26 Aug 26,02:14 PM,9.98,26 Aug 26,02:16 PM,8.97,hard_sl_hit,-4.234111709625562e+96,-10.12,2
NIFTY50,24300,BULLISH,118531797886101188625107421796247213892685458722546851715676065188974822386369303738589934256128,26 Aug 26,03:08 PM,13.96,26 Aug 26,03:14 PM,13.35,tsl_hit,-1.8076099177630468e+96,-4.37,6
NIFTY50,24300,BULLISH,32933401532664965451400821004101609970154763250479719608289203594140371626545762669140966346063872,27 Aug 26,09:15 AM,0.05,27 Aug 26,09:20 AM,0.05,time_stop,0.0,0.0,5
NIFTY50,24200,BULLISH,32933401532664965451400821004101609970154763250479719608289203594140371626545762669140966346063872,27 Aug 26,10:27 AM,0.05,27 Aug 26,10:32 AM,0.05,time_stop,0.0,0.0,5
NIFTY50,24200,BEARISH,95183241423891171195495721732602299120134099121004948626390516983820704775663131937129988358144,27 Aug 26,12:55 PM,17.3,27 Aug 26,12:56 PM,15.55,hard_sl_hit,-4.1642668122952384e+96,-10.12,1
NIFTY50,24200,BEARISH,275959699005721420591897447491288910271249717393897135126481886762034920500686490604419298623488,27 Aug 26,01:14 PM,5.9,27 Aug 26,01:15 PM,4.65,hard_sl_hit,-8.623740593928794e+96,-21.19,1
NIFTY50,24150,BULLISH,31796689763222823272326274246009819618398611580639091510713741087671189436339053788245277452271616,27 Aug 26,01:50 PM,0.05,27 Aug 26,01:55 PM,0.05,time_stop,0.0,0.0,5
NIFTY50,24100,BULLISH,12480057211407026512333793177939532730211410757630085463884965054517654953313942292259315646464,28 Aug 26,09:15 AM,127.39,28 Aug 26,09:31 AM,150.01,tsl_hit,7.057472353050671e+96,17.76,16
NIFTY50,24150,BULLISH,21630434048732189636996182751830987051910672111648008636748684528251533027988925047392564150272,28 Aug 26,11:11 AM,74.95,28 Aug 26,11:17 AM,80.09,tsl_hit,2.7795107752620865e+96,6.86,6
NIFTY50,24050,BEARISH,10458094834672630720913992394058917330992771209857157433988419485498297944567396868580219813888,31 Aug 26,09:15 AM,156.2,31 Aug 26,09:20 AM,139.76,hard_sl_hit,-4.298276977050451e+96,-10.52,5
NIFTY50,24050,BEARISH,9406029829553304617776185481324167568829496508678400070844468862410984964843478883027635929088,31 Aug 26,10:30 AM,171.64,31 Aug 26,10:55 AM,80.96,hard_sl_hit,-2.132346962359734e+97,-52.83,25
NIFTY50,24050,BEARISH,37301914183594802555209802026596928840997015183123152374329761987765101378804552707362737094656,31 Aug 26,11:58 AM,40.74,31 Aug 26,12:02 PM,41.73,tsl_hit,9.232223760439666e+95,2.43,4
NIFTY50,24050,BULLISH,31851655401334606111990803105469064912002294310786161840073623034301876458873067011487121276928,31 Aug 26,01:45 PM,47.84,31 Aug 26,01:53 PM,48.14,tsl_hit,2.388874155100073e+95,0.63,8
NIFTY50,24050,BULLISH,39854807011148950841891793945919142945034199771003362468636564159650023792527837484526637940736,31 Aug 26,02:02 PM,38.26,31 Aug 26,02:04 PM,33.09,hard_sl_hit,-5.151233806190997e+96,-13.51,2
NIFTY50,24050,BEARISH,50707310728379428559440484896196108920002908266591357678995107850951146104174632281392650649600,31 Aug 26,02:44 PM,29.62,31 Aug 26,02:51 PM,45.93,tsl_hit,2.067590594949671e+97,55.06,7
NIFTY50,24000,BEARISH,25703006919943478701608450546243348459644658321015337241158389638373974973951008134564700749824,01 Sep 26,10:06 AM,62.01,01 Sep 26,10:10 AM,56.37,hard_sl_hit,-3.6241239757120305e+96,-9.1,4
NIFTY50,24100,BEARISH,42931598406418068952484513529418969366022109852728638219449064441575099565814496650238944608256,01 Sep 26,11:14 AM,36.75,01 Sep 26,11:16 AM,31.58,hard_sl_hit,-5.548909094029538e+96,-14.07,2
NIFTY50,24100,BULLISH,40381550266255258332273643865256240354804824412888076183982464890353267605452200796077644840960,01 Sep 26,12:53 PM,38.46,01 Sep 26,12:55 PM,34.72,hard_sl_hit,-3.775674949894869e+96,-9.72,2
NIFTY50,24050,BULLISH,56253886696634530281514412743013427690450865843462391145613421734932611790017981199415615946752,01 Sep 26,01:43 PM,27.31,01 Sep 26,01:45 PM,27.4,tsl_hit,1.265712450674275e+95,0.33,2
NIFTY50,23950,BEARISH,42797443178837527854559227028728478333375129395674217708915659128349572368935538918329751175168,01 Sep 26,02:33 PM,35.91,01 Sep 26,02:42 PM,39.66,tsl_hit,4.0122602980160184e+96,10.44,9
NIFTY50,23850,BEARISH,9141999603335515406945505120672128778707824262375653405561576342188224156739253373827656187904,02 Sep 26,09:15 AM,170.06,02 Sep 26,09:25 AM,176.83,tsl_hit,1.5472834328645384e+96,3.98,10
NIFTY50,23850,BEARISH,9813758596030754664417939324552950533751805563285069745293520435357261813541332906367504089088,02 Sep 26,10:00 AM,159.12,02 Sep 26,10:05 AM,154.94,time_stop,-1.0255377732852156e+96,-2.63,5
NIFTY50,23850,BEARISH,10623685331204750440245649643754107980458749472230654363403421732803206420513537437057612251136,02 Sep 26,10:25 AM,146.56,02 Sep 26,10:30 AM,141.17,time_stop,-1.431541598379844e+96,-3.68,5
NIFTY50,23800,BEARISH,94493900977297850217897243942456725768680002335852181227981133571925350130802967416573100294144,02 Sep 26,11:56 AM,16.41,02 Sep 26,12:00 PM,16.63,tsl_hit,5.197164553751355e+95,1.34,4
NIFTY50,23850,BEARISH,65004385347435590571030880669013148171105978959380519446510053100091217062288925203235478700032,02 Sep 26,12:34 PM,23.89,02 Sep 26,12:36 PM,21.15,hard_sl_hit,-4.452800396299342e+96,-11.47,2
NIFTY50,23850,BEARISH,109511752997620261420747253901709857107482559340866630810758628207124087255877131599305315975168,02 Sep 26,01:03 PM,14.0,02 Sep 26,01:10 PM,18.41,tsl_hit,1.2073670767987635e+97,31.5,7
NIFTY50,23950,BEARISH,31736506018710352563051752473520353960314511293256379131803696070772537566894127550776808759623680,03 Sep 26,09:17 AM,0.05,03 Sep 26,09:22 AM,0.05,time_stop,0.0,0.0,5
NIFTY50,23950,BULLISH,31736506018710352563051752473520353960314511293256379131803696070772537566894127550776808759623680,03 Sep 26,11:11 AM,0.05,03 Sep 26,11:16 AM,0.05,time_stop,0.0,0.0,5
NIFTY50,23900,BULLISH,31736506018710352563051752473520353960314511293256379131803696070772537566894127550776808759623680,03 Sep 26,03:08 PM,0.05,03 Sep 26,03:28 PM,0.05,tsl_hit,0.0,0.0,20
NIFTY50,23900,BULLISH,13840604456480747937067910044666705654948333727683834342250192209770058538171055326062698299392,04 Sep 26,09:15 AM,114.65,04 Sep 26,09:21 AM,126.53,tsl_hit,4.1106595235747806e+96,10.36,6
NIFTY50,23900,BEARISH,19845386978462810915015992820622004125310939782820968196835204562441882829759515135009965998080,04 Sep 26,09:48 AM,80.88,04 Sep 26,09:53 AM,72.36,hard_sl_hit,-4.2270674264125765e+96,-10.53,5
NIFTY50,24000,BEARISH,37599145116815850617055869405600292708402106574730621491975860816768758834603835928104998535168,04 Sep 26,11:41 AM,42.19,04 Sep 26,11:49 AM,45.55,tsl_hit,3.158328189812531e+96,7.96,8
NIFTY50,23950,BULLISH,28359825388187225222029065262575195748411553867032272593938191936733136153777077780298990616576,04 Sep 26,12:59 PM,56.43,04 Sep 26,01:18 PM,63.76,tsl_hit,5.196938002385308e+96,12.99,19
NIFTY50,23950,BEARISH,50152686094786203064057567933755652078260462323479517456788442308143370276623650000102896959488,04 Sep 26,02:33 PM,32.37,04 Sep 26,02:41 PM,37.5,tsl_hit,6.432081991656334e+96,15.85,8
NIFTY50,23850,BULLISH,21366133988130594039747340935002355556007016827499005895103401386582274268876987117890862841856,07 Sep 26,09:17 AM,77.32,07 Sep 26,09:20 AM,80.43,tsl_hit,1.6612169175771609e+96,4.02,3
NIFTY50,23750,BULLISH,28995503516732486763335706138935376822159278054623777204571902671152001419920472760871202848768,07 Sep 26,11:06 AM,57.23,07 Sep 26,11:11 AM,55.21,time_stop,-1.4642729275949876e+96,-3.53,5
NIFTY50,23700,BULLISH,25495986219102265904383022650526160641138406615462891118059855392997298239116702227583958253568,08 Sep 26,09:17 AM,64.83,08 Sep 26,09:27 AM,58.72,hard_sl_hit,-3.894511894967871e+96,-9.42,10
NIFTY50,23650,BULLISH,47353672403850236819416771594467979468577878004406151096972083996922545900683153049198616641536,08 Sep 26,12:07 PM,34.54,08 Sep 26,12:15 PM,35.08,tsl_hit,6.392745774519772e+95,1.56,8
NIFTY50,23650,BEARISH,71735423168704826978900974740213805676327917505366195230085662103888420725425834130009418104832,08 Sep 26,12:26 PM,22.84,08 Sep 26,12:30 PM,19.97,hard_sl_hit,-5.1470166123545735e+96,-12.57,4
NIFTY50,23650,BULLISH,68455993041736273914320620601844970156077049653427599272879612059864123390921627354575124037632,08 Sep 26,01:53 PM,23.6,08 Sep 26,01:59 PM,24.32,tsl_hit,1.232207874751251e+96,3.05,6
